INT	INT	INT	STRING	INT	INT	INT	INT	INT	INT	INT	INT	INT
Index	有效期(小时)	传输颜色	附加属性描述$1$	是否显示	元宝交易类型:0可元宝交易，1不可元宝交易，2即可元宝交易也可金币交易	卖店是否获得交子，1获得交子，0获得金币	自动消失日期(格式20XX0102)	特殊活动道具	是否自装备后计时	元宝交易市场子类(SubType)	预留	是否可共享
10102112	-1	2005	-1	0	1	1	-1	0	0	0	0	-1
10102113	-1	2005	-1	0	1	1	-1	0	0	0	0	-1
10102114	-1	2005	-1	0	1	1	-1	0	0	0	0	-1
10102115	-1	2005	-1	0	1	1	-1	0	0	0	0	-1
10112101	-1	2005	-1	0	1	1	-1	0	0	0	0	-1
10112102	-1	2005	-1	0	1	1	-1	0	0	0	0	-1
10112103	-1	2005	-1	0	1	1	-1	0	0	0	0	-1
10112104	-1	2005	-1	0	1	1	-1	0	0	0	0	-1
10112105	-1	2005	-1	0	1	1	-1	0	0	0	0	-1
10112106	-1	2005	-1	0	1	1	-1	0	0	0	0	-1
10112107	-1	2005	-1	0	1	1	-1	0	0	0	0	-1
10112108	-1	2005	-1	0	1	1	-1	0	0	0	0	-1
10112109	-1	2005	-1	0	1	1	-1	0	0	0	0	-1
10112110	-1	2005	-1	0	1	1	-1	0	0	0	0	-1
10112111	-1	2005	-1	0	1	1	-1	0	0	0	0	-1
10112112	-1	2005	-1	0	1	1	-1	0	0	0	0	-1
10112113	-1	2005	-1	0	1	1	-1	0	0	0	0	-1
10112114	-1	2005	-1	0	1	1	-1	0	0	0	0	-1
10112115	-1	2005	-1	0	1	1	-1	0	0	0	0	-1
10112116	-1	2005	-1	0	1	1	-1	0	0	0	0	-1
10112117	-1	2005	-1	0	1	1	-1	0	0	0	0	-1
10112118	-1	2005	-1	0	1	1	-1	0	0	0	0	-1
10112119	-1	2005	-1	0	1	1	-1	0	0	0	0	-1
10112120	-1	2005	-1	0	1	1	-1	0	0	0	0	-1
10112121	-1	2005	-1	0	1	1	-1	0	0	0	0	-1
10112122	-1	2005	-1	0	1	1	-1	0	0	0	0	-1
10112123	-1	2005	-1	0	1	1	-1	0	0	0	0	-1
10112124	-1	2005	-1	0	1	1	-1	0	0	0	0	-1
10112125	-1	2005	-1	0	1	1	-1	0	0	0	0	-1
10112126	-1	2005	-1	0	1	1	-1	0	0	0	0	-1
10112127	-1	2005	-1	0	1	1	-1	0	0	0	0	-1
10112128	-1	2005	-1	0	1	1	-1	0	0	0	0	-1
10112129	-1	2005	-1	0	1	1	-1	0	0	0	0	-1
10112130	-1	2005	-1	0	1	1	-1	0	0	0	0	-1
10112131	-1	2005	-1	0	1	1	-1	0	0	0	0	-1
10112132	-1	2005	-1	0	1	1	-1	0	0	0	0	-1
10112133	-1	2005	-1	0	1	1	-1	0	0	0	0	-1
10112134	-1	2005	-1	0	1	1	-1	0	0	0	0	-1
10112135	-1	2005	-1	0	1	1	-1	0	0	0	0	-1
10112136	-1	2005	-1	0	1	1	-1	0	0	0	0	-1
10112137	-1	2005	-1	0	1	1	-1	0	0	0	0	-1
10112138	-1	2005	-1	0	1	1	-1	0	0	0	0	-1
10112139	-1	2005	-1	0	1	1	-1	0	0	0	0	-1
10112140	-1	2005	-1	0	1	1	-1	0	0	0	0	-1
10112141	-1	2005	-1	0	1	1	-1	0	0	0	0	-1
10112142	-1	2005	-1	0	1	1	-1	0	0	0	0	-1
10112143	-1	2005	-1	0	1	1	-1	0	0	0	0	-1
10112144	-1	2005	-1	0	1	1	-1	0	0	0	0	-1
10112145	-1	2005	-1	0	1	1	-1	0	0	0	0	-1
10112146	-1	2005	-1	0	1	1	-1	0	0	0	0	-1
10112147	-1	2005	-1	0	1	1	-1	0	0	0	0	-1
10112148	-1	2005	-1	0	1	1	-1	0	0	0	0	-1
10112149	-1	2005	-1	0	1	1	-1	0	0	0	0	-1
10112150	-1	2005	-1	0	1	1	-1	0	0	0	0	-1
10112151	-1	2005	-1	0	1	1	-1	0	0	0	0	-1
10112152	-1	2005	-1	0	1	1	-1	0	0	0	0	-1
10114015	-1	2005	-1	0	1	1	-1	0	0	0	0	-1
10114016	-1	2005	-1	0	1	1	-1	0	0	0	0	-1
10114017	-1	2005	-1	0	1	1	-1	0	0	0	0	-1
10114018	-1	2005	-1	0	1	1	-1	0	0	0	0	-1
10114019	-1	2005	-1	0	1	1	-1	0	0	0	0	-1
10114020	-1	2005	-1	0	1	1	-1	0	0	0	0	-1
10114021	-1	2005	-1	0	1	1	-1	0	0	0	0	-1
10114022	-1	2005	-1	0	1	1	-1	0	0	0	0	-1
10114023	-1	2005	-1	0	1	1	-1	0	0	0	0	-1
10114024	-1	2005	-1	0	1	1	-1	0	0	0	0	-1
10114025	-1	2005	-1	0	1	1	-1	0	0	0	0	-1
10114026	-1	2005	-1	0	1	1	-1	0	0	0	0	-1
10114027	-1	2005	-1	0	1	1	-1	0	0	0	0	-1
10114028	-1	2005	-1	0	1	1	-1	0	0	0	0	-1
10114029	-1	2005	-1	0	1	1	-1	0	0	0	0	-1
10114030	-1	2005	-1	0	1	1	-1	0	0	0	0	-1
10114031	-1	2005	-1	0	1	1	-1	0	0	0	0	-1
10114032	-1	2005	-1	0	1	1	-1	0	0	0	0	-1
10114033	-1	2005	-1	0	1	1	-1	0	0	0	0	-1
10114034	-1	2005	-1	0	1	1	-1	0	0	0	0	-1
10114035	-1	2005	-1	0	1	1	-1	0	0	0	0	-1
10114036	-1	2005	-1	0	1	1	-1	0	0	0	0	-1
10114037	-1	2005	-1	0	1	1	-1	0	0	0	0	-1
10114038	-1	2005	-1	0	1	1	-1	0	0	0	0	-1
10114039	-1	2005	-1	0	1	1	-1	0	0	0	0	-1
10114040	-1	2005	-1	0	1	1	-1	0	0	0	0	-1
10114041	-1	2005	-1	0	1	1	-1	0	0	0	0	-1
10114042	-1	2005	-1	0	1	1	-1	0	0	0	0	-1
10114043	-1	2005	-1	0	1	1	-1	0	0	0	0	-1
10114044	-1	2005	-1	0	1	1	-1	0	0	0	0	-1
10114045	-1	2005	-1	0	1	1	-1	0	0	0	0	-1
10114046	-1	2005	-1	0	1	1	-1	0	0	0	0	-1
10114047	-1	2005	-1	0	1	1	-1	0	0	0	0	-1
10114048	-1	2005	-1	0	1	1	-1	0	0	0	0	-1
10114049	-1	2005	-1	0	1	1	-1	0	0	0	0	-1
10114050	-1	2005	-1	0	1	1	-1	0	0	0	0	-1
10114051	-1	2005	-1	0	1	1	-1	0	0	0	0	-1
10114052	-1	2005	-1	0	1	1	-1	0	0	0	0	-1
10114053	-1	2005	-1	0	1	1	-1	0	0	0	0	-1
10114054	-1	2005	-1	0	1	1	-1	0	0	0	0	-1
10114055	-1	2005	-1	0	1	1	-1	0	0	0	0	-1
10114056	-1	2005	-1	0	1	1	-1	0	0	0	0	-1
10114057	-1	2005	-1	0	1	1	-1	0	0	0	0	-1
10114058	-1	2005	-1	0	1	1	-1	0	0	0	0	-1
10114059	-1	2005	-1	0	1	1	-1	0	0	0	0	-1
10114060	-1	2005	-1	0	1	1	-1	0	0	0	0	-1
10114061	-1	2005	-1	0	1	1	-1	0	0	0	0	-1
10114062	-1	2005	-1	0	1	1	-1	0	0	0	0	-1
10114063	-1	2005	-1	0	1	1	-1	0	0	0	0	-1
10114064	-1	2005	-1	0	1	1	-1	0	0	0	0	-1
10114065	-1	2005	-1	0	1	1	-1	0	0	0	0	-1
10114066	-1	2005	-1	0	1	1	-1	0	0	0	0	-1
10115015	-1	2005	-1	0	1	1	-1	0	0	0	0	-1
10115016	-1	2005	-1	0	1	1	-1	0	0	0	0	-1
10115017	-1	2005	-1	0	1	1	-1	0	0	0	0	-1
10115018	-1	2005	-1	0	1	1	-1	0	0	0	0	-1
10115019	-1	2005	-1	0	1	1	-1	0	0	0	0	-1
10115020	-1	2005	-1	0	1	1	-1	0	0	0	0	-1
10115021	-1	2005	-1	0	1	1	-1	0	0	0	0	-1
10115022	-1	2005	-1	0	1	1	-1	0	0	0	0	-1
10115023	-1	2005	-1	0	1	1	-1	0	0	0	0	-1
10115024	-1	2005	-1	0	1	1	-1	0	0	0	0	-1
10115025	-1	2005	-1	0	1	1	-1	0	0	0	0	-1
10115026	-1	2005	-1	0	1	1	-1	0	0	0	0	-1
10115027	-1	2005	-1	0	1	1	-1	0	0	0	0	-1
10115028	-1	2005	-1	0	1	1	-1	0	0	0	0	-1
10115029	-1	2005	-1	0	1	1	-1	0	0	0	0	-1
10115030	-1	2005	-1	0	1	1	-1	0	0	0	0	-1
10115031	-1	2005	-1	0	1	1	-1	0	0	0	0	-1
10115032	-1	2005	-1	0	1	1	-1	0	0	0	0	-1
10115033	-1	2005	-1	0	1	1	-1	0	0	0	0	-1
10115034	-1	2005	-1	0	1	1	-1	0	0	0	0	-1
10115035	-1	2005	-1	0	1	1	-1	0	0	0	0	-1
10115036	-1	2005	-1	0	1	1	-1	0	0	0	0	-1
10115037	-1	2005	-1	0	1	1	-1	0	0	0	0	-1
10115038	-1	2005	-1	0	1	1	-1	0	0	0	0	-1
10115039	-1	2005	-1	0	1	1	-1	0	0	0	0	-1
10115040	-1	2005	-1	0	1	1	-1	0	0	0	0	-1
10115041	-1	2005	-1	0	1	1	-1	0	0	0	0	-1
10115042	-1	2005	-1	0	1	1	-1	0	0	0	0	-1
10115043	-1	2005	-1	0	1	1	-1	0	0	0	0	-1
10115044	-1	2005	-1	0	1	1	-1	0	0	0	0	-1
10115045	-1	2005	-1	0	1	1	-1	0	0	0	0	-1
10115046	-1	2005	-1	0	1	1	-1	0	0	0	0	-1
10115047	-1	2005	-1	0	1	1	-1	0	0	0	0	-1
10115048	-1	2005	-1	0	1	1	-1	0	0	0	0	-1
10115049	-1	2005	-1	0	1	1	-1	0	0	0	0	-1
10115050	-1	2005	-1	0	1	1	-1	0	0	0	0	-1
10115051	-1	2005	-1	0	1	1	-1	0	0	0	0	-1
10115052	-1	2005	-1	0	1	1	-1	0	0	0	0	-1
10115053	-1	2005	-1	0	1	1	-1	0	0	0	0	-1
10115054	-1	2005	-1	0	1	1	-1	0	0	0	0	-1
10115055	-1	2005	-1	0	1	1	-1	0	0	0	0	-1
10115056	-1	2005	-1	0	1	1	-1	0	0	0	0	-1
10115057	-1	2005	-1	0	1	1	-1	0	0	0	0	-1
10115058	-1	2005	-1	0	1	1	-1	0	0	0	0	-1
10115059	-1	2005	-1	0	1	1	-1	0	0	0	0	-1
10115060	-1	2005	-1	0	1	1	-1	0	0	0	0	-1
10115061	-1	2005	-1	0	1	1	-1	0	0	0	0	-1
10115062	-1	2005	-1	0	1	1	-1	0	0	0	0	-1
10115063	-1	2005	-1	0	1	1	-1	0	0	0	0	-1
10115064	-1	2005	-1	0	1	1	-1	0	0	0	0	-1
10115065	-1	2005	-1	0	1	1	-1	0	0	0	0	-1
10115066	-1	2005	-1	0	1	1	-1	0	0	0	0	-1
10121017	-1	2005	-1	0	1	1	-1	0	0	0	0	-1
10121018	-1	2005	-1	0	1	1	-1	0	0	0	0	-1
10121019	-1	2005	-1	0	1	1	-1	0	0	0	0	-1
10121020	-1	2005	-1	0	1	1	-1	0	0	0	0	-1
10121021	-1	2005	-1	0	1	1	-1	0	0	0	0	-1
10121022	-1	2005	-1	0	1	1	-1	0	0	0	0	-1
10121023	-1	2005	-1	0	1	1	-1	0	0	0	0	-1
10121024	-1	2005	-1	0	1	1	-1	0	0	0	0	-1
10121025	-1	2005	-1	0	1	1	-1	0	0	0	0	-1
10121026	-1	2005	-1	0	1	1	-1	0	0	0	0	-1
10121027	-1	2005	-1	0	1	1	-1	0	0	0	0	-1
10121028	-1	2005	-1	0	1	1	-1	0	0	0	0	-1
10121029	-1	2005	-1	0	1	1	-1	0	0	0	0	-1
10121030	-1	2005	-1	0	1	1	-1	0	0	0	0	-1
10121031	-1	2005	-1	0	1	1	-1	0	0	0	0	-1
10121032	-1	2005	-1	0	1	1	-1	0	0	0	0	-1
10121033	-1	2005	-1	0	1	1	-1	0	0	0	0	-1
10121034	-1	2005	-1	0	1	1	-1	0	0	0	0	-1
10121035	-1	2005	-1	0	1	1	-1	0	0	0	0	-1
10121036	-1	2005	-1	0	1	1	-1	0	0	0	0	-1
10121037	-1	2005	-1	0	1	1	-1	0	0	0	0	-1
10121038	-1	2005	-1	0	1	1	-1	0	0	0	0	-1
10121039	-1	2005	-1	0	1	1	-1	0	0	0	0	-1
10121040	-1	2005	-1	0	1	1	-1	0	0	0	0	-1
10121041	-1	2005	-1	0	1	1	-1	0	0	0	0	-1
10121042	-1	2005	-1	0	1	1	-1	0	0	0	0	-1
10121043	-1	2005	-1	0	1	1	-1	0	0	0	0	-1
10121044	-1	2005	-1	0	1	1	-1	0	0	0	0	-1
10121045	-1	2005	-1	0	1	1	-1	0	0	0	0	-1
10121046	-1	2005	-1	0	1	1	-1	0	0	0	0	-1
10121047	-1	2005	-1	0	1	1	-1	0	0	0	0	-1
10121048	-1	2005	-1	0	1	1	-1	0	0	0	0	-1
10121049	-1	2005	-1	0	1	1	-1	0	0	0	0	-1
10121050	-1	2005	-1	0	1	1	-1	0	0	0	0	-1
10121051	-1	2005	-1	0	1	1	-1	0	0	0	0	-1
10121052	-1	2005	-1	0	1	1	-1	0	0	0	0	-1
10121053	-1	2005	-1	0	1	1	-1	0	0	0	0	-1
10121054	-1	2005	-1	0	1	1	-1	0	0	0	0	-1
10121055	-1	2005	-1	0	1	1	-1	0	0	0	0	-1
10121056	-1	2005	-1	0	1	1	-1	0	0	0	0	-1
10121057	-1	2005	-1	0	1	1	-1	0	0	0	0	-1
10121058	-1	2005	-1	0	1	1	-1	0	0	0	0	-1
10121059	-1	2005	-1	0	1	1	-1	0	0	0	0	-1
10121060	-1	2005	-1	0	1	1	-1	0	0	0	0	-1
10121061	-1	2005	-1	0	1	1	-1	0	0	0	0	-1
10121062	-1	2005	-1	0	1	1	-1	0	0	0	0	-1
10121063	-1	2005	-1	0	1	1	-1	0	0	0	0	-1
10121064	-1	2005	-1	0	1	1	-1	0	0	0	0	-1
10121065	-1	2005	-1	0	1	1	-1	0	0	0	0	-1
10121066	-1	2005	-1	0	1	1	-1	0	0	0	0	-1
10121067	-1	2005	-1	0	1	1	-1	0	0	0	0	-1
10121068	-1	2005	-1	0	1	1	-1	0	0	0	0	-1
10122016	-1	2005	-1	0	1	1	-1	0	0	0	0	-1
10122017	-1	2005	-1	0	1	1	-1	0	0	0	0	-1
10122018	-1	2005	-1	0	1	1	-1	0	0	0	0	-1
10122019	-1	2005	-1	0	1	1	-1	0	0	0	0	-1
10122020	-1	2005	-1	0	1	1	-1	0	0	0	0	-1
10122021	-1	2005	-1	0	1	1	-1	0	0	0	0	-1
10122022	-1	2005	-1	0	1	1	-1	0	0	0	0	-1
10122023	-1	2005	-1	0	1	1	-1	0	0	0	0	-1
10122024	-1	2005	-1	0	1	1	-1	0	0	0	0	-1
10122025	-1	2005	-1	0	1	1	-1	0	0	0	0	-1
10122026	-1	2005	-1	0	1	1	-1	0	0	0	0	-1
10122027	-1	2005	-1	0	1	1	-1	0	0	0	0	-1
10122028	-1	2005	-1	0	1	1	-1	0	0	0	0	-1
10122029	-1	2005	-1	0	1	1	-1	0	0	0	0	-1
10122030	-1	2005	-1	0	1	1	-1	0	0	0	0	-1
10122031	-1	2005	-1	0	1	1	-1	0	0	0	0	-1
10122032	-1	2005	-1	0	1	1	-1	0	0	0	0	-1
10122033	-1	2005	-1	0	1	1	-1	0	0	0	0	-1
10122034	-1	2005	-1	0	1	1	-1	0	0	0	0	-1
10122035	-1	2005	-1	0	1	1	-1	0	0	0	0	-1
10122036	-1	2005	-1	0	1	1	-1	0	0	0	0	-1
10122037	-1	2005	-1	0	1	1	-1	0	0	0	0	-1
10122038	-1	2005	-1	0	1	1	-1	0	0	0	0	-1
10122039	-1	2005	-1	0	1	1	-1	0	0	0	0	-1
10122040	-1	2005	-1	0	1	1	-1	0	0	0	0	-1
10122041	-1	2005	-1	0	1	1	-1	0	0	0	0	-1
10122042	-1	2005	-1	0	1	1	-1	0	0	0	0	-1
10122043	-1	2005	-1	0	1	1	-1	0	0	0	0	-1
10122044	-1	2005	-1	0	1	1	-1	0	0	0	0	-1
10122045	-1	2005	-1	0	1	1	-1	0	0	0	0	-1
10122046	-1	2005	-1	0	1	1	-1	0	0	0	0	-1
10122047	-1	2005	-1	0	1	1	-1	0	0	0	0	-1
10122048	-1	2005	-1	0	1	1	-1	0	0	0	0	-1
10122049	-1	2005	-1	0	1	1	-1	0	0	0	0	-1
10122050	-1	2005	-1	0	1	1	-1	0	0	0	0	-1
10122051	-1	2005	-1	0	1	1	-1	0	0	0	0	-1
10122052	-1	2005	-1	0	1	1	-1	0	0	0	0	-1
10122053	-1	2005	-1	0	1	1	-1	0	0	0	0	-1
10122054	-1	2005	-1	0	1	1	-1	0	0	0	0	-1
10122055	-1	2005	-1	0	1	1	-1	0	0	0	0	-1
10122056	-1	2005	-1	0	1	1	-1	0	0	0	0	-1
10122057	-1	2005	-1	0	1	1	-1	0	0	0	0	-1
10122058	-1	2005	-1	0	1	1	-1	0	0	0	0	-1
10122059	-1	2005	-1	0	1	1	-1	0	0	0	0	-1
10122060	-1	2005	-1	0	1	1	-1	0	0	0	0	-1
10122061	-1	2005	-1	0	1	1	-1	0	0	0	0	-1
10122062	-1	2005	-1	0	1	1	-1	0	0	0	0	-1
10122063	-1	2005	-1	0	1	1	-1	0	0	0	0	-1
10122064	-1	2005	-1	0	1	1	-1	0	0	0	0	-1
10122065	-1	2005	-1	0	1	1	-1	0	0	0	0	-1
10122066	-1	2005	-1	0	1	1	-1	0	0	0	0	-1
10122067	-1	2005	-1	0	1	1	-1	0	0	0	0	-1
10122068	-1	2005	-1	0	1	1	-1	0	0	0	0	-1
10122069	-1	2005	-1	0	1	1	-1	0	0	0	0	-1
10122070	-1	2005	-1	0	1	1	-1	0	0	0	0	-1
10122071	-1	2005	-1	0	1	1	-1	0	0	0	0	-1
10122072	-1	2005	-1	0	1	1	-1	0	0	0	0	-1
10122073	-1	2005	-1	0	1	1	-1	0	0	0	0	-1
10122074	-1	2005	-1	0	1	1	-1	0	0	0	0	-1
10122075	-1	2005	-1	0	1	1	-1	0	0	0	0	-1
10122076	-1	2005	-1	0	1	1	-1	0	0	0	0	-1
10122077	-1	2005	-1	0	1	1	-1	0	0	0	0	-1
10122078	-1	2005	-1	0	1	1	-1	0	0	0	0	-1
10122079	-1	2005	-1	0	1	1	-1	0	0	0	0	-1
10122080	-1	2005	-1	0	1	1	-1	0	0	0	0	-1
10122081	-1	2005	-1	0	1	1	-1	0	0	0	0	-1
10122082	-1	2005	-1	0	1	1	-1	0	0	0	0	-1
10122083	-1	2005	-1	0	1	1	-1	0	0	0	0	-1
10122084	-1	2005	-1	0	1	1	-1	0	0	0	0	-1
10122085	-1	2005	-1	0	1	1	-1	0	0	0	0	-1
10122086	-1	2005	-1	0	1	1	-1	0	0	0	0	-1
10122087	-1	2005	-1	0	1	1	-1	0	0	0	0	-1
10122088	-1	2005	-1	0	1	1	-1	0	0	0	0	-1
10122089	-1	2005	-1	0	1	1	-1	0	0	0	0	-1
10122090	-1	2005	-1	0	1	1	-1	0	0	0	0	-1
10122091	-1	2005	-1	0	1	1	-1	0	0	0	0	-1
10122092	-1	2005	-1	0	1	1	-1	0	0	0	0	-1
10122093	-1	2005	-1	0	1	1	-1	0	0	0	0	-1
10122094	-1	2005	-1	0	1	1	-1	0	0	0	0	-1
10122095	-1	2005	-1	0	1	1	-1	0	0	0	0	-1
10122096	-1	2005	-1	0	1	1	-1	0	0	0	0	-1
10122097	-1	2005	-1	0	1	1	-1	0	0	0	0	-1
10122098	-1	2005	-1	0	1	1	-1	0	0	0	0	-1
10122099	-1	2005	-1	0	1	1	-1	0	0	0	0	-1
10122100	-1	2005	-1	0	1	1	-1	0	0	0	0	-1
10122101	-1	2005	-1	0	1	1	-1	0	0	0	0	-1
10122102	-1	2005	-1	0	1	1	-1	0	0	0	0	-1
10122103	-1	2005	-1	0	1	1	-1	0	0	0	0	-1
10122104	-1	2005	-1	0	1	1	-1	0	0	0	0	-1
10122105	-1	2005	-1	0	1	1	-1	0	0	0	0	-1
10122106	-1	2005	-1	0	1	1	-1	0	0	0	0	-1
10122107	-1	2005	-1	0	1	1	-1	0	0	0	0	-1
10122108	-1	2005	-1	0	1	1	-1	0	0	0	0	-1
10122109	-1	2005	-1	0	1	1	-1	0	0	0	0	-1
10122110	-1	2005	-1	0	1	1	-1	0	0	0	0	-1
10122111	-1	2005	-1	0	1	1	-1	0	0	0	0	-1
10122112	-1	2005	-1	0	1	1	-1	0	0	0	0	-1
10122113	-1	2005	-1	0	1	1	-1	0	0	0	0	-1
10122114	-1	2005	-1	0	1	1	-1	0	0	0	0	-1
10122115	-1	2005	-1	0	1	1	-1	0	0	0	0	-1
10122116	-1	2005	-1	0	1	1	-1	0	0	0	0	-1
10122117	-1	2005	-1	0	1	1	-1	0	0	0	0	-1
10122118	-1	2005	-1	0	1	1	-1	0	0	0	0	-1
10122119	-1	2005	-1	0	1	1	-1	0	0	0	0	-1
10122120	-1	2005	-1	0	1	1	-1	0	0	0	0	-1
10122121	-1	2005	-1	0	1	1	-1	0	0	0	0	-1
10122122	-1	2005	-1	0	1	1	-1	0	0	0	0	-1
10122123	-1	2005	-1	0	1	1	-1	0	0	0	0	-1
10122124	-1	2005	-1	0	1	1	-1	0	0	0	0	-1
10122125	-1	2005	-1	0	1	1	-1	0	0	0	0	-1
10122126	-1	2005	-1	0	1	1	-1	0	0	0	0	-1
10122127	-1	2005	-1	0	1	1	-1	0	0	0	0	-1
10122128	-1	2005	-1	0	1	1	-1	0	0	0	0	-1
10122129	-1	2005	-1	0	1	1	-1	0	0	0	0	-1
10122130	-1	2005	-1	0	1	1	-1	0	0	0	0	-1
10122131	-1	2005	-1	0	1	1	-1	0	0	0	0	-1
10122132	-1	2005	-1	0	1	1	-1	0	0	0	0	-1
10122133	-1	2005	-1	0	1	1	-1	0	0	0	0	-1
10122134	-1	2005	-1	0	1	1	-1	0	0	0	0	-1
10122135	-1	2005	-1	0	1	1	-1	0	0	0	0	-1
10122136	-1	2005	-1	0	1	1	-1	0	0	0	0	-1
10122137	-1	2005	-1	0	1	1	-1	0	0	0	0	-1
10122138	-1	2005	-1	0	1	1	-1	0	0	0	0	-1
10122139	-1	2005	-1	0	1	1	-1	0	0	0	0	-1
10122140	-1	2005	-1	0	1	1	-1	0	0	0	0	-1
10122141	-1	2005	-1	0	1	1	-1	0	0	0	0	-1
10122142	-1	2005	-1	0	1	1	-1	0	0	0	0	-1
10122143	-1	2005	-1	0	1	1	-1	0	0	0	0	-1
10122144	-1	2005	-1	0	1	1	-1	0	0	0	0	-1
10122145	-1	2005	-1	0	1	1	-1	0	0	0	0	-1
10122146	-1	2005	-1	0	1	1	-1	0	0	0	0	-1
10122147	-1	2005	-1	0	1	1	-1	0	0	0	0	-1
10122148	-1	2005	-1	0	1	1	-1	0	0	0	0	-1
10122149	-1	2005	-1	0	1	1	-1	0	0	0	0	-1
10122150	-1	2005	-1	0	1	1	-1	0	0	0	0	-1
10122151	-1	2005	-1	0	1	1	-1	0	0	0	0	-1
10122152	-1	2005	-1	0	1	1	-1	0	0	0	0	-1
10122153	-1	2005	-1	0	1	1	-1	0	0	0	0	-1
10122154	-1	2005	-1	0	1	1	-1	0	0	0	0	-1
10122155	-1	2005	-1	0	1	1	-1	0	0	0	0	-1
10122156	-1	2005	-1	0	1	1	-1	0	0	0	0	-1
10122157	-1	2005	-1	0	1	1	-1	0	0	0	0	-1
10122158	-1	2005	-1	0	1	1	-1	0	0	0	0	-1
10122159	-1	2005	-1	0	1	1	-1	0	0	0	0	-1
10122160	-1	2005	-1	0	1	1	-1	0	0	0	0	-1
10122161	-1	2005	-1	0	1	1	-1	0	0	0	0	-1
10122162	-1	2005	-1	0	1	1	-1	0	0	0	0	-1
10122163	-1	2005	-1	0	1	1	-1	0	0	0	0	-1
10122164	-1	2005	-1	0	1	1	-1	0	0	0	0	-1
10122165	-1	2005	-1	0	1	1	-1	0	0	0	0	-1
10122166	-1	2005	-1	0	1	1	-1	0	0	0	0	-1
10122167	-1	2005	-1	0	1	1	-1	0	0	0	0	-1
10122168	-1	2005	-1	0	1	1	-1	0	0	0	0	-1
10122169	-1	2005	-1	0	1	1	-1	0	0	0	0	-1
10122170	-1	2005	-1	0	1	1	-1	0	0	0	0	-1
10122171	-1	2005	-1	0	1	1	-1	0	0	0	0	-1
10122172	-1	2005	-1	0	1	1	-1	0	0	0	0	-1
10122173	-1	2005	-1	0	1	1	-1	0	0	0	0	-1
10122174	-1	2005	-1	0	1	1	-1	0	0	0	0	-1
10122175	-1	2005	-1	0	1	1	-1	0	0	0	0	-1
10122176	-1	2005	-1	0	1	1	-1	0	0	0	0	-1
10122177	-1	2005	-1	0	1	1	-1	0	0	0	0	-1
10122178	-1	2005	-1	0	1	1	-1	0	0	0	0	-1
10122179	-1	2005	-1	0	1	1	-1	0	0	0	0	-1
10122180	-1	2005	-1	0	1	1	-1	0	0	0	0	-1
10122181	-1	2005	-1	0	1	1	-1	0	0	0	0	-1
10122182	-1	2005	-1	0	1	1	-1	0	0	0	0	-1
10122183	-1	2005	-1	0	1	1	-1	0	0	0	0	-1
10122184	-1	2005	-1	0	1	1	-1	0	0	0	0	-1
10122185	-1	2005	-1	0	1	1	-1	0	0	0	0	-1
10122186	-1	2005	-1	0	1	1	-1	0	0	0	0	-1
10122187	-1	2005	-1	0	1	1	-1	0	0	0	0	-1
10122188	-1	2005	-1	0	1	1	-1	0	0	0	0	-1
10122189	-1	2005	-1	0	1	1	-1	0	0	0	0	-1
10122190	-1	2005	-1	0	1	1	-1	0	0	0	0	-1
10122191	-1	2005	-1	0	1	1	-1	0	0	0	0	-1
10122192	-1	2005	-1	0	1	1	-1	0	0	0	0	-1
10122193	-1	2005	-1	0	1	1	-1	0	0	0	0	-1
10122194	-1	2005	-1	0	1	1	-1	0	0	0	0	-1
10122195	-1	2005	-1	0	1	1	-1	0	0	0	0	-1
10122196	-1	2005	-1	0	1	1	-1	0	0	0	0	-1
10122197	-1	2005	-1	0	1	1	-1	0	0	0	0	-1
10122198	-1	2005	-1	0	1	1	-1	0	0	0	0	-1
10122199	-1	2005	-1	0	1	1	-1	0	0	0	0	-1
10122200	-1	2005	-1	0	1	1	-1	0	0	0	0	-1
10122201	-1	2005	-1	0	1	1	-1	0	0	0	0	-1
10122202	-1	2005	-1	0	1	1	-1	0	0	0	0	-1
10122203	-1	2005	-1	0	1	1	-1	0	0	0	0	-1
10122204	-1	2005	-1	0	1	1	-1	0	0	0	0	-1
10122205	-1	2005	-1	0	1	1	-1	0	0	0	0	-1
10122206	-1	2005	-1	0	1	1	-1	0	0	0	0	-1
10122207	-1	2005	-1	0	1	1	-1	0	0	0	0	-1
10122208	-1	2005	-1	0	1	1	-1	0	0	0	0	-1
10122209	-1	2005	-1	0	1	1	-1	0	0	0	0	-1
10122210	-1	2005	-1	0	1	1	-1	0	0	0	0	-1
10122211	-1	2005	-1	0	1	1	-1	0	0	0	0	-1
10122212	-1	2005	-1	0	1	1	-1	0	0	0	0	-1
10122213	-1	2005	-1	0	1	1	-1	0	0	0	0	-1
10122214	-1	2005	-1	0	1	1	-1	0	0	0	0	-1
10122215	-1	2005	-1	0	1	1	-1	0	0	0	0	-1
10122216	-1	2005	-1	0	1	1	-1	0	0	0	0	-1
10122217	-1	2005	-1	0	1	1	-1	0	0	0	0	-1
10122218	-1	2005	-1	0	1	1	-1	0	0	0	0	-1
10122219	-1	2005	-1	0	1	1	-1	0	0	0	0	-1
10122220	-1	2005	-1	0	1	1	-1	0	0	0	0	-1
10122221	-1	2005	-1	0	1	1	-1	0	0	0	0	-1
10122222	-1	2005	-1	0	1	1	-1	0	0	0	0	-1
10122223	-1	2005	-1	0	1	1	-1	0	0	0	0	-1
10123016	-1	2005	-1	0	1	1	-1	0	0	0	0	-1
10123017	-1	2005	-1	0	1	1	-1	0	0	0	0	-1
10123018	-1	2005	-1	0	1	1	-1	0	0	0	0	-1
10123019	-1	2005	-1	0	1	1	-1	0	0	0	0	-1
10123020	-1	2005	-1	0	1	1	-1	0	0	0	0	-1
10123021	-1	2005	-1	0	1	1	-1	0	0	0	0	-1
10123022	-1	2005	-1	0	1	1	-1	0	0	0	0	-1
10123023	-1	2005	-1	0	1	1	-1	0	0	0	0	-1
10123024	-1	2005	-1	0	1	1	-1	0	0	0	0	-1
10123025	-1	2005	-1	0	1	1	-1	0	0	0	0	-1
10123026	-1	2005	-1	0	1	1	-1	0	0	0	0	-1
10123027	-1	2005	-1	0	1	1	-1	0	0	0	0	-1
10123028	-1	2005	-1	0	1	1	-1	0	0	0	0	-1
10123029	-1	2005	-1	0	1	1	-1	0	0	0	0	-1
10123030	-1	2005	-1	0	1	1	-1	0	0	0	0	-1
10123031	-1	2005	-1	0	1	1	-1	0	0	0	0	-1
10123032	-1	2005	-1	0	1	1	-1	0	0	0	0	-1
10123033	-1	2005	-1	0	1	1	-1	0	0	0	0	-1
10123034	-1	2005	-1	0	1	1	-1	0	0	0	0	-1
10123035	-1	2005	-1	0	1	1	-1	0	0	0	0	-1
10123036	-1	2005	-1	0	1	1	-1	0	0	0	0	-1
10123037	-1	2005	-1	0	1	1	-1	0	0	0	0	-1
10123038	-1	2005	-1	0	1	1	-1	0	0	0	0	-1
10123039	-1	2005	-1	0	1	1	-1	0	0	0	0	-1
10123040	-1	2005	-1	0	1	1	-1	0	0	0	0	-1
10123041	-1	2005	-1	0	1	1	-1	0	0	0	0	-1
10123042	-1	2005	-1	0	1	1	-1	0	0	0	0	-1
10123043	-1	2005	-1	0	1	1	-1	0	0	0	0	-1
10123044	-1	2005	-1	0	1	1	-1	0	0	0	0	-1
10123045	-1	2005	-1	0	1	1	-1	0	0	0	0	-1
10123046	-1	2005	-1	0	1	1	-1	0	0	0	0	-1
10123047	-1	2005	-1	0	1	1	-1	0	0	0	0	-1
10123048	-1	2005	-1	0	1	1	-1	0	0	0	0	-1
10123049	-1	2005	-1	0	1	1	-1	0	0	0	0	-1
10123050	-1	2005	-1	0	1	1	-1	0	0	0	0	-1
10123051	-1	2005	-1	0	1	1	-1	0	0	0	0	-1
10123052	-1	2005	-1	0	1	1	-1	0	0	0	0	-1
10123053	-1	2005	-1	0	1	1	-1	0	0	0	0	-1
10123054	-1	2005	-1	0	1	1	-1	0	0	0	0	-1
10123055	-1	2005	-1	0	1	1	-1	0	0	0	0	-1
10123056	-1	2005	-1	0	1	1	-1	0	0	0	0	-1
10123057	-1	2005	-1	0	1	1	-1	0	0	0	0	-1
10123058	-1	2005	-1	0	1	1	-1	0	0	0	0	-1
10123059	-1	2005	-1	0	1	1	-1	0	0	0	0	-1
10123060	-1	2005	-1	0	1	1	-1	0	0	0	0	-1
10123061	-1	2005	-1	0	1	1	-1	0	0	0	0	-1
10123062	-1	2005	-1	0	1	1	-1	0	0	0	0	-1
10123063	-1	2005	-1	0	1	1	-1	0	0	0	0	-1
10123064	-1	2005	-1	0	1	1	-1	0	0	0	0	-1
10123065	-1	2005	-1	0	1	1	-1	0	0	0	0	-1
10123066	-1	2005	-1	0	1	1	-1	0	0	0	0	-1
10123067	-1	2005	-1	0	1	1	-1	0	0	0	0	-1
10123068	-1	2005	-1	0	1	1	-1	0	0	0	0	-1
10123069	-1	2005	-1	0	1	1	-1	0	0	0	0	-1
10123070	-1	2005	-1	0	1	1	-1	0	0	0	0	-1
10123071	-1	2005	-1	0	1	1	-1	0	0	0	0	-1
10123072	-1	2005	-1	0	1	1	-1	0	0	0	0	-1
10123073	-1	2005	-1	0	1	1	-1	0	0	0	0	-1
10123074	-1	2005	-1	0	1	1	-1	0	0	0	0	-1
10123075	-1	2005	-1	0	1	1	-1	0	0	0	0	-1
10123076	-1	2005	-1	0	1	1	-1	0	0	0	0	-1
10123077	-1	2005	-1	0	1	1	-1	0	0	0	0	-1
10123078	-1	2005	-1	0	1	1	-1	0	0	0	0	-1
10123079	-1	2005	-1	0	1	1	-1	0	0	0	0	-1
10123080	-1	2005	-1	0	1	1	-1	0	0	0	0	-1
10123081	-1	2005	-1	0	1	1	-1	0	0	0	0	-1
10123082	-1	2005	-1	0	1	1	-1	0	0	0	0	-1
10123083	-1	2005	-1	0	1	1	-1	0	0	0	0	-1
10123084	-1	2005	-1	0	1	1	-1	0	0	0	0	-1
10123085	-1	2005	-1	0	1	1	-1	0	0	0	0	-1
10123086	-1	2005	-1	0	1	1	-1	0	0	0	0	-1
10123087	-1	2005	-1	0	1	1	-1	0	0	0	0	-1
10123088	-1	2005	-1	0	1	1	-1	0	0	0	0	-1
10123089	-1	2005	-1	0	1	1	-1	0	0	0	0	-1
10123090	-1	2005	-1	0	1	1	-1	0	0	0	0	-1
10123091	-1	2005	-1	0	1	1	-1	0	0	0	0	-1
10123092	-1	2005	-1	0	1	1	-1	0	0	0	0	-1
10123093	-1	2005	-1	0	1	1	-1	0	0	0	0	-1
10123094	-1	2005	-1	0	1	1	-1	0	0	0	0	-1
10123095	-1	2005	-1	0	1	1	-1	0	0	0	0	-1
10123096	-1	2005	-1	0	1	1	-1	0	0	0	0	-1
10123097	-1	2005	-1	0	1	1	-1	0	0	0	0	-1
10123098	-1	2005	-1	0	1	1	-1	0	0	0	0	-1
10123099	-1	2005	-1	0	1	1	-1	0	0	0	0	-1
10123100	-1	2005	-1	0	1	1	-1	0	0	0	0	-1
10123101	-1	2005	-1	0	1	1	-1	0	0	0	0	-1
10123102	-1	2005	-1	0	1	1	-1	0	0	0	0	-1
10123103	-1	2005	-1	0	1	1	-1	0	0	0	0	-1
10123104	-1	2005	-1	0	1	1	-1	0	0	0	0	-1
10123105	-1	2005	-1	0	1	1	-1	0	0	0	0	-1
10123106	-1	2005	-1	0	1	1	-1	0	0	0	0	-1
10123107	-1	2005	-1	0	1	1	-1	0	0	0	0	-1
10123108	-1	2005	-1	0	1	1	-1	0	0	0	0	-1
10123109	-1	2005	-1	0	1	1	-1	0	0	0	0	-1
10123110	-1	2005	-1	0	1	1	-1	0	0	0	0	-1
10123111	-1	2005	-1	0	1	1	-1	0	0	0	0	-1
10123112	-1	2005	-1	0	1	1	-1	0	0	0	0	-1
10123113	-1	2005	-1	0	1	1	-1	0	0	0	0	-1
10123114	-1	2005	-1	0	1	1	-1	0	0	0	0	-1
10123115	-1	2005	-1	0	1	1	-1	0	0	0	0	-1
10123116	-1	2005	-1	0	1	1	-1	0	0	0	0	-1
10123117	-1	2005	-1	0	1	1	-1	0	0	0	0	-1
10123118	-1	2005	-1	0	1	1	-1	0	0	0	0	-1
10123119	-1	2005	-1	0	1	1	-1	0	0	0	0	-1
10123120	-1	2005	-1	0	1	1	-1	0	0	0	0	-1
10123121	-1	2005	-1	0	1	1	-1	0	0	0	0	-1
10123122	-1	2005	-1	0	1	1	-1	0	0	0	0	-1
10123123	-1	2005	-1	0	1	1	-1	0	0	0	0	-1
10123124	-1	2005	-1	0	1	1	-1	0	0	0	0	-1
10123125	-1	2005	-1	0	1	1	-1	0	0	0	0	-1
10123126	-1	2005	-1	0	1	1	-1	0	0	0	0	-1
10123127	-1	2005	-1	0	1	1	-1	0	0	0	0	-1
10123128	-1	2005	-1	0	1	1	-1	0	0	0	0	-1
10123129	-1	2005	-1	0	1	1	-1	0	0	0	0	-1
10123130	-1	2005	-1	0	1	1	-1	0	0	0	0	-1
10123131	-1	2005	-1	0	1	1	-1	0	0	0	0	-1
10123132	-1	2005	-1	0	1	1	-1	0	0	0	0	-1
10123133	-1	2005	-1	0	1	1	-1	0	0	0	0	-1
10123134	-1	2005	-1	0	1	1	-1	0	0	0	0	-1
10123135	-1	2005	-1	0	1	1	-1	0	0	0	0	-1
10123136	-1	2005	-1	0	1	1	-1	0	0	0	0	-1
10123137	-1	2005	-1	0	1	1	-1	0	0	0	0	-1
10123138	-1	2005	-1	0	1	1	-1	0	0	0	0	-1
10123139	-1	2005	-1	0	1	1	-1	0	0	0	0	-1
10123140	-1	2005	-1	0	1	1	-1	0	0	0	0	-1
10123141	-1	2005	-1	0	1	1	-1	0	0	0	0	-1
10123142	-1	2005	-1	0	1	1	-1	0	0	0	0	-1
10123143	-1	2005	-1	0	1	1	-1	0	0	0	0	-1
10123144	-1	2005	-1	0	1	1	-1	0	0	0	0	-1
10123145	-1	2005	-1	0	1	1	-1	0	0	0	0	-1
10123146	-1	2005	-1	0	1	1	-1	0	0	0	0	-1
10123147	-1	2005	-1	0	1	1	-1	0	0	0	0	-1
10123148	-1	2005	-1	0	1	1	-1	0	0	0	0	-1
10123149	-1	2005	-1	0	1	1	-1	0	0	0	0	-1
10123150	-1	2005	-1	0	1	1	-1	0	0	0	0	-1
10123151	-1	2005	-1	0	1	1	-1	0	0	0	0	-1
10123152	-1	2005	-1	0	1	1	-1	0	0	0	0	-1
10123153	-1	2005	-1	0	1	1	-1	0	0	0	0	-1
10123154	-1	2005	-1	0	1	1	-1	0	0	0	0	-1
10123155	-1	2005	-1	0	1	1	-1	0	0	0	0	-1
10123156	-1	2005	-1	0	1	1	-1	0	0	0	0	-1
10123157	-1	2005	-1	0	1	1	-1	0	0	0	0	-1
10123158	-1	2005	-1	0	1	1	-1	0	0	0	0	-1
10123159	-1	2005	-1	0	1	1	-1	0	0	0	0	-1
10123160	-1	2005	-1	0	1	1	-1	0	0	0	0	-1
10123161	-1	2005	-1	0	1	1	-1	0	0	0	0	-1
10123162	-1	2005	-1	0	1	1	-1	0	0	0	0	-1
10123163	-1	2005	-1	0	1	1	-1	0	0	0	0	-1
10123164	-1	2005	-1	0	1	1	-1	0	0	0	0	-1
10123165	-1	2005	-1	0	1	1	-1	0	0	0	0	-1
10123166	-1	2005	-1	0	1	1	-1	0	0	0	0	-1
10123167	-1	2005	-1	0	1	1	-1	0	0	0	0	-1
10123168	-1	2005	-1	0	1	1	-1	0	0	0	0	-1
10123169	-1	2005	-1	0	1	1	-1	0	0	0	0	-1
10123170	-1	2005	-1	0	1	1	-1	0	0	0	0	-1
10123171	-1	2005	-1	0	1	1	-1	0	0	0	0	-1
10123172	-1	2005	-1	0	1	1	-1	0	0	0	0	-1
10123173	-1	2005	-1	0	1	1	-1	0	0	0	0	-1
10123174	-1	2005	-1	0	1	1	-1	0	0	0	0	-1
10123175	-1	2005	-1	0	1	1	-1	0	0	0	0	-1
10123176	-1	2005	-1	0	1	1	-1	0	0	0	0	-1
10123177	-1	2005	-1	0	1	1	-1	0	0	0	0	-1
10123178	-1	2005	-1	0	1	1	-1	0	0	0	0	-1
10123179	-1	2005	-1	0	1	1	-1	0	0	0	0	-1
10123180	-1	2005	-1	0	1	1	-1	0	0	0	0	-1
10123181	-1	2005	-1	0	1	1	-1	0	0	0	0	-1
10123182	-1	2005	-1	0	1	1	-1	0	0	0	0	-1
10123183	-1	2005	-1	0	1	1	-1	0	0	0	0	-1
10123184	-1	2005	-1	0	1	1	-1	0	0	0	0	-1
10123185	-1	2005	-1	0	1	1	-1	0	0	0	0	-1
10123186	-1	2005	-1	0	1	1	-1	0	0	0	0	-1
10123187	-1	2005	-1	0	1	1	-1	0	0	0	0	-1
10123188	-1	2005	-1	0	1	1	-1	0	0	0	0	-1
10123189	-1	2005	-1	0	1	1	-1	0	0	0	0	-1
10123190	-1	2005	-1	0	1	1	-1	0	0	0	0	-1
10123191	-1	2005	-1	0	1	1	-1	0	0	0	0	-1
10123192	-1	2005	-1	0	1	1	-1	0	0	0	0	-1
10123193	-1	2005	-1	0	1	1	-1	0	0	0	0	-1
10123194	-1	2005	-1	0	1	1	-1	0	0	0	0	-1
10123195	-1	2005	-1	0	1	1	-1	0	0	0	0	-1
10123196	-1	2005	-1	0	1	1	-1	0	0	0	0	-1
10123197	-1	2005	-1	0	1	1	-1	0	0	0	0	-1
10123198	-1	2005	-1	0	1	1	-1	0	0	0	0	-1
10123199	-1	2005	-1	0	1	1	-1	0	0	0	0	-1
10123200	-1	2005	-1	0	1	1	-1	0	0	0	0	-1
10123201	-1	2005	-1	0	1	1	-1	0	0	0	0	-1
10123202	-1	2005	-1	0	1	1	-1	0	0	0	0	-1
10123203	-1	2005	-1	0	1	1	-1	0	0	0	0	-1
10123204	-1	2005	-1	0	1	1	-1	0	0	0	0	-1
10123205	-1	2005	-1	0	1	1	-1	0	0	0	0	-1
10123206	-1	2005	-1	0	1	1	-1	0	0	0	0	-1
10123207	-1	2005	-1	0	1	1	-1	0	0	0	0	-1
10123208	-1	2005	-1	0	1	1	-1	0	0	0	0	-1
10123209	-1	2005	-1	0	1	1	-1	0	0	0	0	-1
10123210	-1	2005	-1	0	1	1	-1	0	0	0	0	-1
10123211	-1	2005	-1	0	1	1	-1	0	0	0	0	-1
10123212	-1	2005	-1	0	1	1	-1	0	0	0	0	-1
10123213	-1	2005	-1	0	1	1	-1	0	0	0	0	-1
10123214	-1	2005	-1	0	1	1	-1	0	0	0	0	-1
10123215	-1	2005	-1	0	1	1	-1	0	0	0	0	-1
10123216	-1	2005	-1	0	1	1	-1	0	0	0	0	-1
10123217	-1	2005	-1	0	1	1	-1	0	0	0	0	-1
10123218	-1	2005	-1	0	1	1	-1	0	0	0	0	-1
10123219	-1	2005	-1	0	1	1	-1	0	0	0	0	-1
10123220	-1	2005	-1	0	1	1	-1	0	0	0	0	-1
10123221	-1	2005	-1	0	1	1	-1	0	0	0	0	-1
10123222	-1	2005	-1	0	1	1	-1	0	0	0	0	-1
10123223	-1	2005	-1	0	1	1	-1	0	0	0	0	-1
10124009	-1	2005	-1	0	1	0	-1	0	0	0	0	0
10124010	-1	2005	-1	0	1	0	-1	0	0	0	0	0
10124011	-1	2005	-1	0	1	0	-1	0	0	0	0	0
10124012	-1	2005	-1	0	1	0	-1	0	0	0	0	0
10124013	-1	2005	-1	0	1	0	-1	0	0	0	0	0
10124014	-1	2005	-1	0	1	0	-1	0	0	0	0	0
10124015	-1	2005	-1	0	1	0	-1	0	0	0	0	0
10124016	-1	2005	-1	0	1	0	-1	0	0	0	0	0
10124017	-1	2005	-1	0	1	0	-1	0	0	0	0	0
10124018	720	2005	-1	0	1	0	-1	0	0	0	0	0
10124019	720	2005	-1	0	1	0	-1	0	0	0	0	0
10124020	2160	2005	-1	0	1	0	-1	0	0	0	0	0
10124021	2160	2005	-1	0	1	0	-1	0	0	0	0	0
10124022	720	2005	-1	0	1	0	-1	0	0	0	0	0
10124023	720	2005	-1	0	1	0	-1	0	0	0	0	0
10124024	720	2005	-1	0	1	0	-1	0	0	0	0	0
10124025	720	2005	-1	0	1	0	-1	0	0	0	0	0
10124026	2160	2005	-1	0	1	0	-1	0	0	0	0	0
10124027	2160	2005	-1	0	1	0	-1	0	0	0	0	0
10124030	2160	2005	-1	0	1	0	-1	0	0	0	0	0
10124031	2160	2005	-1	0	1	0	-1	0	0	0	0	0
10124032	2160	2005	-1	0	1	0	-1	0	0	0	0	0
10124033	2160	2005	-1	0	1	0	-1	0	0	0	0	0
10124034	2160	2005	-1	0	1	0	-1	0	0	0	0	0
10124035	-1	2005	-1	0	1	0	-1	0	0	0	0	0
10124036	-1	2005	-1	0	1	0	-1	0	0	0	0	0
10124039	-1	2005	-1	0	1	0	-1	0	0	0	0	0
10124040	-1	2005	-1	0	1	0	-1	0	0	0	0	0
10124041	-1	2005	-1	0	1	0	-1	0	0	0	0	0
10124042	-1	2005	-1	0	1	0	-1	0	0	0	0	0
10124043	720	2005	-1	0	1	0	-1	0	0	0	0	0
10124044	720	2005	-1	0	1	0	-1	0	0	0	0	0
10124045	720	2005	-1	0	1	0	-1	0	0	0	0	0
10124046	720	2005	-1	0	1	0	-1	0	0	0	0	0
10124047	720	2005	-1	0	1	0	-1	0	0	0	0	0
10124048	720	2005	-1	0	1	0	-1	0	0	0	0	0
10124049	720	2005	-1	0	1	0	-1	0	0	0	0	0
10124050	720	2005	-1	0	1	0	-1	0	0	0	0	0
10124051	2160	2005	-1	0	1	0	-1	0	0	0	0	0
10124052	2160	2005	-1	0	1	0	-1	0	0	0	0	0
10124053	2160	2005	-1	0	1	0	-1	0	0	0	0	0
10124054	2160	2005	-1	0	1	0	-1	0	0	0	0	0
10124055	2160	2005	-1	0	1	0	-1	0	0	0	0	0
10124056	2160	2005	-1	0	1	0	-1	0	0	0	0	0
10124057	2160	2005	-1	0	1	0	-1	0	0	0	0	0
10124058	2160	2005	-1	0	1	0	-1	0	0	0	0	0
10124059	-1	2005	-1	0	1	0	-1	0	0	0	0	1
10124060	-1	2005	-1	0	1	0	-1	0	0	0	0	1
10124061	-1	2005	-1	0	1	0	-1	0	0	0	0	1
10124062	-1	2005	-1	0	1	0	-1	0	0	0	0	1
10124063	-1	2005	-1	0	1	0	-1	0	0	0	0	1
10124064	-1	2005	-1	0	1	0	-1	0	0	0	0	1
10124065	-1	2005	-1	0	1	0	-1	0	0	0	0	1
10124066	-1	2005	-1	0	1	0	-1	0	0	0	0	1
10124067	720	2005	-1	0	1	0	-1	0	0	0	0	0
10124068	2160	2005	-1	0	1	0	-1	0	0	0	0	0
10124069	-1	2005	-1	0	1	0	-1	0	0	0	0	1
10124070	720	2005	-1	0	1	0	-1	0	0	0	0	0
10124071	720	2005	-1	0	1	0	-1	0	0	0	0	0
10124072	-1	2005	-1	0	1	0	-1	0	0	0	0	1
10124073	720	2005	-1	0	1	0	-1	0	0	0	0	0
10124074	2160	2005	-1	0	1	0	-1	0	0	0	0	0
10124075	-1	2005	-1	0	1	0	-1	0	0	0	0	0
10124076	720	2005	-1	0	1	0	-1	0	0	0	0	0
10124077	720	2005	-1	0	1	0	-1	0	0	0	0	0
10124078	720	2005	-1	0	1	0	-1	0	0	0	0	0
10124079	720	2005	-1	0	1	0	-1	0	0	0	0	0
10124080	720	2005	-1	0	1	0	-1	0	0	0	0	0
10124081	720	2005	-1	0	1	0	-1	0	0	0	0	0
10124082	1440	2005	-1	0	1	0	-1	0	0	0	0	0
10124083	720	2005	-1	0	1	0	-1	0	0	0	0	0
10124084	2160	2005	-1	0	1	0	-1	0	0	0	0	0
10124085	-1	2005	-1	0	1	0	-1	0	0	0	0	0
10124086	4320	2005	-1	0	1	0	-1	0	0	0	0	0
10124087	2160	2005	-1	0	1	0	-1	0	0	0	0	0
10124088	2160	2005	-1	0	1	0	-1	0	0	0	0	0
10124089	720	2005	-1	0	1	0	-1	0	0	0	0	0
10124090	2160	2005	-1	0	1	0	-1	0	0	0	0	0
10124091	-1	2005	-1	0	1	0	-1	0	0	0	0	0
10124092	720	2005	-1	0	1	0	-1	0	0	0	0	0
10124093	2160	2005	-1	0	1	0	-1	0	0	0	0	0
10124094	-1	2005	-1	0	1	0	-1	0	0	0	0	1
10124095	720	2005	-1	0	1	0	-1	0	0	0	0	0
10124096	2160	2005	-1	0	1	0	-1	0	0	0	0	0
10124097	-1	2005	-1	0	1	0	-1	0	0	0	0	1
10124098	720	2005	-1	0	1	0	-1	0	0	0	0	0
10124099	2160	2005	-1	0	1	0	-1	0	0	0	0	0
10124100	-1	2005	-1	0	1	0	-1	0	0	0	0	1
10124101	720	2005	-1	0	1	0	-1	0	0	0	0	0
10124102	2160	2005	-1	0	1	0	-1	0	0	0	0	0
10124103	-1	2005	-1	0	1	0	-1	0	0	0	0	1
10124104	720	2005	-1	0	1	0	-1	0	0	0	0	0
10124105	2160	2005	-1	0	1	0	-1	0	0	0	0	0
10124106	-1	2005	-1	0	1	0	-1	0	0	0	0	1
10124107	720	2005	-1	0	1	0	-1	0	0	0	0	0
10124108	2160	2005	-1	0	1	0	-1	0	0	0	0	0
10124109	-1	2005	-1	0	1	0	-1	0	0	0	0	0
10124110	2160	2005	-1	0	1	0	-1	0	0	0	0	0
10124111	168	2005	-1	0	1	0	-1	0	0	0	0	0
10124112	720	2005	-1	0	1	0	-1	0	0	0	0	0
10124113	-1	2005	-1	0	1	0	-1	0	0	0	0	0
10124114	-1	2005	-1	0	1	0	-1	0	0	0	0	0
10124115	-1	2005	-1	0	1	0	-1	0	0	0	0	0
10124116	-1	2005	-1	0	1	0	-1	0	0	0	0	0
10124117	-1	2005	-1	0	1	0	-1	0	0	0	0	0
10124118	-1	2005	-1	0	1	0	-1	0	0	0	0	0
10124119	-1	2005	-1	0	1	0	-1	0	0	0	0	0
10124120	-1	2005	-1	0	1	0	-1	0	0	0	0	0
10124121	-1	2005	-1	0	1	0	-1	0	0	0	0	0
10124122	24	2005	-1	0	1	0	-1	0	0	0	0	0
10124123	24	2005	-1	0	1	0	-1	0	0	0	0	0
10124124	720	2005	-1	0	1	0	-1	0	0	0	0	0
10124125	2160	2005	-1	0	1	0	-1	0	0	0	0	0
10124126	-1	2005	-1	0	1	0	-1	0	0	0	0	0
10124127	720	2005	-1	0	1	0	-1	0	0	0	0	0
10124128	2160	2005	-1	0	1	0	-1	0	0	0	0	0
10124129	-1	2005	-1	0	1	0	-1	0	0	0	0	1
10124130	720	2005	-1	0	1	0	-1	0	0	0	0	0
10124131	720	2005	-1	0	1	0	-1	0	0	0	0	0
10124132	2160	2005	-1	0	1	0	-1	0	0	0	0	0
10124133	-1	2005	-1	0	1	0	-1	0	0	0	0	1
10124134	720	2005	-1	0	1	0	-1	0	0	0	0	0
10124135	720	2005	-1	0	1	0	-1	0	0	0	0	0
10124136	2160	2005	-1	0	1	0	-1	0	0	0	0	0
10124137	-1	2005	-1	0	1	0	-1	0	0	0	0	0
10124138	720	2005	-1	0	1	0	-1	0	0	0	0	0
10124139	2160	2005	-1	0	1	0	-1	0	0	0	0	0
10124140	-1	2005	-1	0	1	0	-1	0	0	0	0	1
10124141	168	2005	-1	0	1	0	-1	0	0	0	0	0
10124142	720	2005	-1	0	1	0	-1	0	0	0	0	0
10124143	720	2005	-1	0	1	0	-1	0	0	0	0	0
10124144	720	2005	-1	0	1	0	-1	0	0	0	0	0
10124145	720	2005	-1	0	1	0	-1	0	0	0	0	0
10124146	720	2005	-1	0	1	0	-1	0	0	0	0	0
10124147	720	2005	-1	0	1	0	-1	0	0	0	0	0
10124148	720	2005	-1	0	1	0	-1	0	0	0	0	0
10124149	720	2005	-1	0	1	0	-1	0	0	0	0	0
10124150	720	2005	-1	0	1	0	-1	0	0	0	0	0
10124151	720	2005	-1	0	1	0	-1	0	0	0	0	0
10124152	72	2005	-1	0	1	0	-1	0	0	0	0	0
10124153	168	2005	-1	0	1	0	-1	0	0	0	0	0
10124154	720	2005	-1	0	1	0	-1	0	0	0	0	0
10124155	2160	2005	-1	0	1	0	-1	0	0	0	0	0
10124156	-1	2005	-1	0	1	0	-1	0	0	0	0	1
10124157	168	2005	-1	0	1	0	-1	0	0	0	0	0
10124158	240	2005	-1	0	1	0	-1	0	0	0	0	0
10124159	240	2005	-1	0	1	0	-1	0	0	0	0	0
10124160	240	2005	-1	0	1	0	-1	0	0	0	0	0
10124161	168	2005	-1	0	1	0	-1	0	0	0	0	0
10124162	720	2005	-1	0	1	0	-1	0	0	0	0	0
10124163	2160	2005	-1	0	1	0	-1	0	0	0	0	0
10124164	-1	2005	-1	0	1	0	-1	0	0	0	0	1
10124165	24	2005	-1	0	1	0	-1	0	0	0	0	0
10124166	24	2005	-1	0	1	0	-1	0	0	0	0	0
10124167	24	2005	-1	0	1	0	-1	0	0	0	0	0
10124168	24	2005	-1	0	1	0	-1	0	0	0	0	0
10124169	24	2005	-1	0	1	0	-1	0	0	0	0	0
10124170	24	2005	-1	0	1	0	-1	0	0	0	0	0
10124171	24	2005	-1	0	1	0	-1	0	0	0	0	0
10124172	72	2005	-1	0	1	1	-1	0	0	0	0	0
10124173	720	2005	-1	0	1	0	-1	0	0	0	0	0
10124174	2160	2005	-1	0	1	0	-1	0	0	0	0	0
10124175	-1	2005	-1	0	1	0	-1	0	0	0	0	1
10124176	720	2005	-1	0	1	0	-1	0	0	0	0	0
10124177	2160	2005	-1	0	1	0	-1	0	0	0	0	0
10124178	-1	2005	-1	0	1	0	-1	0	0	0	0	1
10124179	72	2005	-1	0	1	0	-1	0	0	0	0	0
10124180	720	2005	-1	0	1	0	-1	0	0	0	0	0
10124181	336	2005	-1	0	1	0	-1	0	0	0	0	0
10124182	336	2005	-1	0	1	0	-1	0	0	0	0	0
10124187	168	2005	-1	0	1	0	-1	0	0	0	0	0
10124188	720	2005	-1	0	1	0	-1	0	0	0	0	0
10124189	2160	2005	-1	0	1	0	-1	0	0	0	0	0
10124190	-1	2005	-1	0	1	0	-1	0	0	0	0	1
10124193	168	2005	-1	0	1	0	-1	0	0	0	0	0
10124194	720	2005	-1	0	1	0	-1	0	0	0	0	0
10124195	2160	2005	-1	0	1	0	-1	0	0	0	0	0
10124196	-1	2005	-1	0	1	0	-1	0	0	0	0	0
10124197	72	2005	-1	0	1	0	-1	0	0	0	0	0
10124199	-1	2005	-1	0	1	0	-1	0	0	0	0	0
10124200	-1	2005	-1	0	1	0	-1	0	0	0	0	0
10124207	720	2005	-1	0	1	0	-1	0	0	0	0	0
10124208	2160	2005	-1	0	1	0	-1	0	0	0	0	0
10124209	-1	2005	-1	0	1	0	-1	0	0	0	0	0
10124210	168	2005	-1	0	1	0	-1	0	0	0	0	0
10124211	168	2005	-1	0	1	0	-1	0	0	0	0	0
10124212	168	2005	-1	0	1	0	-1	0	0	0	0	0
10124213	168	2005	-1	0	1	0	-1	0	0	0	0	0
10124214	168	2005	-1	0	1	0	-1	0	0	0	0	0
10124215	720	2005	-1	0	1	0	-1	0	0	0	0	0
10124216	720	2005	-1	0	1	0	-1	0	0	0	0	0
10124217	72	2005	-1	0	1	0	-1	0	1	0	0	0
10124218	72	2005	-1	0	1	0	-1	0	1	0	0	0
10124219	72	2005	-1	0	1	0	-1	0	1	0	0	0
10124220	72	2005	-1	0	1	0	-1	0	1	0	0	0
10124221	72	2005	-1	0	1	0	-1	0	1	0	0	0
10124222	72	2005	-1	0	1	0	-1	0	1	0	0	0
10124223	72	2005	-1	0	1	0	-1	0	1	0	0	0
10124224	72	2005	-1	0	1	0	-1	0	1	0	0	0
10124225	72	2005	-1	0	1	0	-1	0	1	0	0	0
10124226	72	2005	-1	0	1	0	-1	0	1	0	0	0
10124227	72	2005	-1	0	1	0	-1	0	1	0	0	0
10124228	72	2005	-1	0	1	0	-1	0	1	0	0	0
10124229	360	2005	-1	0	1	0	-1	0	0	0	0	0
10124230	168	2005	-1	0	1	0	-1	0	0	0	0	0
10124231	-1	2005	-1	0	1	0	-1	0	0	0	0	0
10124232	168	2005	-1	0	1	0	-1	0	0	0	0	0
10124233	-1	2005	-1	0	1	0	-1	0	0	0	0	0
10124249	360	2005	-1	0	1	0	-1	0	0	0	0	0
10124250	360	2005	-1	0	1	0	-1	0	0	0	0	0
10124251	360	2005	-1	0	1	0	-1	0	0	0	0	0
10124252	168	2005	-1	0	1	0	-1	0	0	0	0	0
10124253	168	2005	-1	0	1	0	-1	0	0	0	0	0
10124254	168	2005	-1	0	1	0	-1	0	0	0	0	0
10124255	168	2005	-1	0	1	0	-1	0	0	0	0	0
10124256	168	2005	-1	0	1	0	-1	0	0	0	0	0
10124257	168	2005	-1	0	1	0	-1	0	0	0	0	0
10124258	-1	2005	-1	0	1	0	-1	0	0	0	0	0
10124259	24	2005	-1	0	1	1	-1	0	1	0	0	0
10124260	72	2005	-1	0	1	1	-1	0	1	0	0	0
10124261	168	2005	-1	0	1	1	-1	0	1	0	0	0
10124262	360	2005	-1	0	1	1	-1	0	1	0	0	0
10124263	720	2005	-1	0	1	1	-1	0	1	0	0	0
10124264	2160	2005	-1	0	1	1	-1	0	1	0	0	0
10124265	4320	2005	-1	0	1	1	-1	0	1	0	0	0
10124266	-1	2005	-1	0	1	1	-1	0	0	0	0	1
10124267	24	2005	-1	0	1	1	-1	0	0	0	0	0
10124268	72	2005	-1	0	1	1	-1	0	0	0	0	0
10124269	168	2005	-1	0	1	1	-1	0	0	0	0	0
10124270	360	2005	-1	0	1	1	-1	0	0	0	0	0
10124271	720	2005	-1	0	1	1	-1	0	0	0	0	0
10124272	2160	2005	-1	0	1	1	-1	0	0	0	0	0
10124273	4320	2005	-1	0	1	1	-1	0	0	0	0	0
10124274	-1	2005	-1	0	1	1	-1	0	0	0	0	1
10124275	24	2005	-1	0	1	1	-1	0	1	0	0	0
10124276	72	2005	-1	0	1	1	-1	0	1	0	0	0
10124277	168	2005	-1	0	1	1	-1	0	1	0	0	0
10124278	360	2005	-1	0	1	1	-1	0	1	0	0	0
10124279	720	2005	-1	0	1	1	-1	0	1	0	0	0
10124280	2160	2005	-1	0	1	1	-1	0	1	0	0	0
10124281	4320	2005	-1	0	1	1	-1	0	1	0	0	0
10124282	-1	2005	-1	0	1	1	-1	0	0	0	0	0
10124283	24	2005	-1	0	1	1	-1	0	0	0	0	0
10124284	72	2005	-1	0	1	1	-1	0	0	0	0	0
10124285	168	2005	-1	0	1	1	-1	0	0	0	0	0
10124286	360	2005	-1	0	1	1	-1	0	0	0	0	0
10124287	720	2005	-1	0	1	1	-1	0	0	0	0	0
10124288	2160	2005	-1	0	1	1	-1	0	0	0	0	0
10124289	4320	2005	-1	0	1	1	-1	0	0	0	0	0
10124290	-1	2005	-1	0	1	1	-1	0	0	0	0	0
10124291	720	2005	-1	0	1	1	-1	0	0	0	0	0
10124292	168	2005	-1	0	1	1	-1	0	0	0	0	0
10124293	24	2005	-1	0	1	1	-1	0	1	0	0	0
10124294	72	2005	-1	0	1	1	-1	0	1	0	0	0
10124295	168	2005	-1	0	1	1	-1	0	1	0	0	0
10124296	360	2005	-1	0	1	1	-1	0	1	0	0	0
10124297	720	2005	-1	0	1	1	-1	0	1	0	0	0
10124298	2160	2005	-1	0	1	1	-1	0	1	0	0	0
10124299	4320	2005	-1	0	1	1	-1	0	1	0	0	0
10124300	-1	2005	-1	0	1	1	-1	0	0	0	0	1
10124301	24	2005	-1	0	1	1	-1	0	0	0	0	0
10124302	72	2005	-1	0	1	1	-1	0	0	0	0	0
10124303	168	2005	-1	0	1	1	-1	0	0	0	0	0
10124304	360	2005	-1	0	1	1	-1	0	0	0	0	0
10124305	720	2005	-1	0	1	1	-1	0	0	0	0	0
10124306	2160	2005	-1	0	1	1	-1	0	0	0	0	0
10124307	4320	2005	-1	0	1	1	-1	0	0	0	0	0
10124308	-1	2005	-1	0	1	1	-1	0	0	0	0	1
10124309	168	2005	-1	0	1	1	-1	0	0	0	0	0
10124310	360	2005	-1	0	1	1	-1	0	0	0	0	0
10124311	360	2005	-1	0	1	1	-1	0	0	0	0	0
10124312	360	2005	-1	0	1	1	-1	0	0	0	0	0
10124313	24	2005	-1	0	1	1	-1	0	0	0	0	0
10124314	72	2005	-1	0	1	1	-1	0	0	0	0	0
10124315	168	2005	-1	0	1	1	-1	0	0	0	0	0
10124316	360	2005	-1	0	1	1	-1	0	0	0	0	0
10124317	720	2005	-1	0	1	1	-1	0	0	0	0	0
10124318	2160	2005	-1	0	1	1	-1	0	0	0	0	0
10124319	4320	2005	-1	0	1	1	-1	0	0	0	0	0
10124320	-1	2005	-1	0	1	1	-1	0	0	0	0	1
10124321	168	2005	-1	0	1	1	-1	0	0	0	0	0
10124322	168	2005	-1	0	1	1	-1	0	0	0	0	0
10124323	168	2005	-1	0	1	1	-1	0	0	0	0	0
10124324	24	2005	-1	0	1	1	-1	0	1	0	0	0
10124325	72	2005	-1	0	1	1	-1	0	1	0	0	0
10124326	168	2005	-1	0	1	1	-1	0	1	0	0	0
10124327	360	2005	-1	0	1	1	-1	0	1	0	0	0
10124328	720	2005	-1	0	1	1	-1	0	1	0	0	0
10124329	2160	2005	-1	0	1	1	-1	0	1	0	0	0
10124330	4320	2005	-1	0	1	1	-1	0	1	0	0	0
10124331	-1	2005	-1	0	1	1	-1	0	0	0	0	0
10124332	24	2005	-1	0	1	1	-1	0	0	0	0	0
10124333	72	2005	-1	0	1	1	-1	0	0	0	0	0
10124334	168	2005	-1	0	1	1	-1	0	0	0	0	0
10124335	360	2005	-1	0	1	1	-1	0	0	0	0	0
10124336	720	2005	-1	0	1	1	-1	0	0	0	0	0
10124337	2160	2005	-1	0	1	1	-1	0	0	0	0	0
10124338	4320	2005	-1	0	1	1	-1	0	0	0	0	0
10124339	-1	2005	-1	0	1	1	-1	0	0	0	0	0
10124340	2160	2005	-1	0	1	1	-1	0	0	0	0	0
10124341	4320	2005	-1	0	1	1	-1	0	0	0	0	0
10124342	168	2005	-1	0	1	1	-1	0	0	0	0	0
10124343	168	2005	-1	0	1	1	-1	0	0	0	0	0
10124344	168	2005	-1	0	1	1	-1	0	0	0	0	0
10124345	360	2005	-1	0	1	1	-1	0	0	0	0	0
10124346	360	2005	-1	0	1	1	-1	0	0	0	0	0
10124347	360	2005	-1	0	1	1	-1	0	0	0	0	0
10124348	24	2005	-1	0	1	1	-1	0	1	0	0	0
10124349	72	2005	-1	0	1	1	-1	0	1	0	0	0
10124350	168	2005	-1	0	1	1	-1	0	1	0	0	0
10124351	360	2005	-1	0	1	1	-1	0	1	0	0	0
10124352	720	2005	-1	0	1	1	-1	0	1	0	0	0
10124353	2160	2005	-1	0	1	1	-1	0	1	0	0	0
10124354	4320	2005	-1	0	1	1	-1	0	1	0	0	0
10124355	-1	2005	-1	0	1	1	-1	0	0	0	0	1
10124356	24	2005	-1	0	1	1	-1	0	0	0	0	0
10124357	72	2005	-1	0	1	1	-1	0	0	0	0	0
10124358	168	2005	-1	0	1	1	-1	0	0	0	0	0
10124359	360	2005	-1	0	1	1	-1	0	0	0	0	0
10124360	720	2005	-1	0	1	1	-1	0	0	0	0	0
10124361	2160	2005	-1	0	1	1	-1	0	0	0	0	0
10124362	4320	2005	-1	0	1	1	-1	0	0	0	0	0
10124363	-1	2005	-1	0	1	1	-1	0	0	0	0	1
10124364	-1	2005	-1	0	1	1	-1	0	0	0	0	1
10124365	360	2005	-1	0	1	1	-1	0	0	0	0	0
10124366	360	2005	-1	0	1	1	-1	0	0	0	0	0
10124367	360	2005	-1	0	1	1	-1	0	0	0	0	0
10124368	24	2005	-1	0	1	1	-1	0	1	0	0	0
10124369	72	2005	-1	0	1	1	-1	0	1	0	0	0
10124370	168	2005	-1	0	1	1	-1	0	1	0	0	0
10124371	360	2005	-1	0	1	1	-1	0	1	0	0	0
10124372	720	2005	-1	0	1	1	-1	0	1	0	0	0
10124373	2160	2005	-1	0	1	1	-1	0	1	0	0	0
10124374	4320	2005	-1	0	1	1	-1	0	1	0	0	0
10124375	-1	2005	-1	0	1	1	-1	0	0	0	0	1
10124376	24	2005	-1	0	1	1	-1	0	0	0	0	0
10124377	72	2005	-1	0	1	1	-1	0	0	0	0	0
10124378	168	2005	-1	0	1	1	-1	0	0	0	0	0
10124379	360	2005	-1	0	1	1	-1	0	0	0	0	0
10124380	720	2005	-1	0	1	1	-1	0	0	0	0	0
10124381	2160	2005	-1	0	1	1	-1	0	0	0	0	0
10124382	4320	2005	-1	0	1	1	-1	0	0	0	0	0
10124383	-1	2005	-1	0	1	1	-1	0	0	0	0	1
10124384	24	2005	-1	0	1	1	-1	0	1	0	0	0
10124385	72	2005	-1	0	1	1	-1	0	1	0	0	0
10124386	168	2005	-1	0	1	1	-1	0	1	0	0	0
10124387	360	2005	-1	0	1	1	-1	0	1	0	0	0
10124388	720	2005	-1	0	1	1	-1	0	1	0	0	0
10124389	2160	2005	-1	0	1	1	-1	0	1	0	0	0
10124390	4320	2005	-1	0	1	1	-1	0	1	0	0	0
10124391	-1	2005	-1	0	1	1	-1	0	0	0	0	0
10124392	24	2005	-1	0	1	1	-1	0	0	0	0	0
10124393	72	2005	-1	0	1	1	-1	0	0	0	0	0
10124394	168	2005	-1	0	1	1	-1	0	0	0	0	0
10124395	360	2005	-1	0	1	1	-1	0	0	0	0	0
10124396	720	2005	-1	0	1	1	-1	0	0	0	0	0
10124397	2160	2005	-1	0	1	1	-1	0	0	0	0	0
10124398	4320	2005	-1	0	1	1	-1	0	0	0	0	0
10124399	-1	2005	-1	0	1	1	-1	0	0	0	0	0
10124400	24	2005	-1	0	1	1	-1	0	1	0	0	0
10124401	72	2005	-1	0	1	1	-1	0	1	0	0	0
10124402	168	2005	-1	0	1	1	-1	0	1	0	0	0
10124403	360	2005	-1	0	1	1	-1	0	1	0	0	0
10124404	720	2005	-1	0	1	1	-1	0	1	0	0	0
10124405	2160	2005	-1	0	1	1	-1	0	1	0	0	0
10124406	4320	2005	-1	0	1	1	-1	0	1	0	0	0
10124407	-1	2005	-1	0	1	1	-1	0	0	0	0	0
10124408	24	2005	-1	0	1	1	-1	0	0	0	0	0
10124409	72	2005	-1	0	1	1	-1	0	0	0	0	0
10124410	168	2005	-1	0	1	1	-1	0	0	0	0	0
10124411	360	2005	-1	0	1	1	-1	0	0	0	0	0
10124412	720	2005	-1	0	1	1	-1	0	0	0	0	0
10124413	2160	2005	-1	0	1	1	-1	0	0	0	0	0
10124414	4320	2005	-1	0	1	1	-1	0	0	0	0	0
10124415	-1	2005	-1	0	1	1	-1	0	0	0	0	0
10124432	24	2005	-1	0	1	1	-1	0	1	0	0	0
10124433	72	2005	-1	0	1	1	-1	0	1	0	0	0
10124434	168	2005	-1	0	1	1	-1	0	1	0	0	0
10124435	360	2005	-1	0	1	1	-1	0	1	0	0	0
10124436	720	2005	-1	0	1	1	-1	0	1	0	0	0
10124437	2160	2005	-1	0	1	1	-1	0	1	0	0	0
10124438	4320	2005	-1	0	1	1	-1	0	1	0	0	0
10124439	-1	2005	-1	0	1	1	-1	0	0	0	0	0
10124440	24	2005	-1	0	1	1	-1	0	0	0	0	0
10124441	72	2005	-1	0	1	1	-1	0	0	0	0	0
10124442	168	2005	-1	0	1	1	-1	0	0	0	0	0
10124443	360	2005	-1	0	1	1	-1	0	0	0	0	0
10124444	720	2005	-1	0	1	1	-1	0	0	0	0	0
10124445	2160	2005	-1	0	1	1	-1	0	0	0	0	0
10124446	4320	2005	-1	0	1	1	-1	0	0	0	0	0
10124447	-1	2005	-1	0	1	1	-1	0	0	0	0	0
10124448	24	2005	-1	0	1	1	-1	0	1	0	0	0
10124449	72	2005	-1	0	1	1	-1	0	1	0	0	0
10124450	168	2005	-1	0	1	1	-1	0	1	0	0	0
10124451	360	2005	-1	0	1	1	-1	0	1	0	0	0
10124452	720	2005	-1	0	1	1	-1	0	1	0	0	0
10124453	2160	2005	-1	0	1	1	-1	0	1	0	0	0
10124454	4320	2005	-1	0	1	1	-1	0	1	0	0	0
10124455	-1	2005	-1	0	1	1	-1	0	0	0	0	0
10124456	24	2005	-1	0	1	1	-1	0	0	0	0	0
10124457	72	2005	-1	0	1	1	-1	0	0	0	0	0
10124458	168	2005	-1	0	1	1	-1	0	0	0	0	0
10124459	360	2005	-1	0	1	1	-1	0	0	0	0	0
10124460	720	2005	-1	0	1	1	-1	0	0	0	0	0
10124461	2160	2005	-1	0	1	1	-1	0	0	0	0	0
10124462	4320	2005	-1	0	1	1	-1	0	0	0	0	0
10124463	-1	2005	-1	0	1	1	-1	0	0	0	0	0
10124464	24	2005	-1	0	1	1	-1	0	1	0	0	0
10124465	72	2005	-1	0	1	1	-1	0	1	0	0	0
10124466	168	2005	-1	0	1	1	-1	0	1	0	0	0
10124467	360	2005	-1	0	1	1	-1	0	1	0	0	0
10124468	720	2005	-1	0	1	1	-1	0	1	0	0	0
10124469	2160	2005	-1	0	1	1	-1	0	1	0	0	0
10124470	4320	2005	-1	0	1	1	-1	0	1	0	0	0
10124471	-1	2005	-1	0	1	1	-1	0	0	0	0	0
10124472	24	2005	-1	0	1	1	-1	0	0	0	0	0
10124473	72	2005	-1	0	1	1	-1	0	0	0	0	0
10124474	168	2005	-1	0	1	1	-1	0	0	0	0	0
10124475	360	2005	-1	0	1	1	-1	0	0	0	0	0
10124476	720	2005	-1	0	1	1	-1	0	0	0	0	0
10124477	2160	2005	-1	0	1	1	-1	0	0	0	0	0
10124478	4320	2005	-1	0	1	1	-1	0	0	0	0	0
10124479	-1	2005	-1	0	1	1	-1	0	0	0	0	0
10124480	24	2005	-1	0	1	1	-1	0	1	0	0	0
10124481	72	2005	-1	0	1	1	-1	0	1	0	0	0
10124482	168	2005	-1	0	1	1	-1	0	1	0	0	0
10124483	360	2005	-1	0	1	1	-1	0	1	0	0	0
10124484	720	2005	-1	0	1	1	-1	0	1	0	0	0
10124485	2160	2005	-1	0	1	1	-1	0	1	0	0	0
10124486	4320	2005	-1	0	1	1	-1	0	1	0	0	0
10124487	-1	2005	-1	0	1	1	-1	0	0	0	0	0
10124488	24	2005	-1	0	1	1	-1	0	0	0	0	0
10124489	72	2005	-1	0	1	1	-1	0	0	0	0	0
10124490	168	2005	-1	0	1	1	-1	0	0	0	0	0
10124491	360	2005	-1	0	1	1	-1	0	0	0	0	0
10124492	720	2005	-1	0	1	1	-1	0	0	0	0	0
10124493	2160	2005	-1	0	1	1	-1	0	0	0	0	0
10124494	4320	2005	-1	0	1	1	-1	0	0	0	0	0
10124495	-1	2005	-1	0	1	1	-1	0	0	0	0	0
10124496	24	2005	-1	0	1	1	-1	0	1	0	0	0
10124497	72	2005	-1	0	1	1	-1	0	1	0	0	0
10124498	168	2005	-1	0	1	1	-1	0	1	0	0	0
10124499	360	2005	-1	0	1	1	-1	0	1	0	0	0
10124500	720	2005	-1	0	1	1	-1	0	1	0	0	0
10124501	2160	2005	-1	0	1	1	-1	0	1	0	0	0
10124502	4320	2005	-1	0	1	1	-1	0	1	0	0	0
10124503	-1	2005	-1	0	1	1	-1	0	0	0	0	0
10124504	24	2005	-1	0	1	1	-1	0	0	0	0	0
10124505	72	2005	-1	0	1	1	-1	0	0	0	0	0
10124506	168	2005	-1	0	1	1	-1	0	0	0	0	0
10124507	360	2005	-1	0	1	1	-1	0	0	0	0	0
10124508	720	2005	-1	0	1	1	-1	0	0	0	0	0
10124509	2160	2005	-1	0	1	1	-1	0	0	0	0	0
10124510	4320	2005	-1	0	1	1	-1	0	0	0	0	0
10124511	-1	2005	-1	0	1	1	-1	0	0	0	0	0
10124512	24	2005	-1	0	1	1	-1	0	0	0	0	0
10124513	72	2005	-1	0	1	1	-1	0	0	0	0	0
10124514	168	2005	-1	0	1	1	-1	0	0	0	0	0
10124515	360	2005	-1	0	1	1	-1	0	0	0	0	0
10124516	720	2005	-1	0	1	1	-1	0	0	0	0	0
10124517	2160	2005	-1	0	1	1	-1	0	0	0	0	0
10124518	4320	2005	-1	0	1	1	-1	0	0	0	0	0
10124519	-1	2005	-1	0	1	1	-1	0	0	0	0	0
10124520	24	2005	-1	0	1	1	-1	0	1	0	0	0
10124521	72	2005	-1	0	1	1	-1	0	1	0	0	0
10124522	168	2005	-1	0	1	1	-1	0	1	0	0	0
10124523	360	2005	-1	0	1	1	-1	0	1	0	0	0
10124524	720	2005	-1	0	1	1	-1	0	1	0	0	0
10124525	2160	2005	-1	0	1	1	-1	0	1	0	0	0
10124526	4320	2005	-1	0	1	1	-1	0	1	0	0	0
10124527	-1	2005	-1	0	1	1	-1	0	0	0	0	0
10124528	24	2005	-1	0	1	1	-1	0	0	0	0	0
10124529	72	2005	-1	0	1	1	-1	0	0	0	0	0
10124530	168	2005	-1	0	1	1	-1	0	0	0	0	0
10124531	360	2005	-1	0	1	1	-1	0	0	0	0	0
10124532	720	2005	-1	0	1	1	-1	0	0	0	0	0
10124533	2160	2005	-1	0	1	1	-1	0	0	0	0	0
10124534	4320	2005	-1	0	1	1	-1	0	0	0	0	0
10124535	-1	2005	-1	0	1	1	-1	0	0	0	0	0
10124536	-1	2005	-1	0	1	1	-1	0	0	0	0	0
10124537	-1	2005	-1	0	1	1	-1	0	0	0	0	0
10124538	1440	2005	-1	0	1	1	-1	0	0	0	0	0
10124539	360	2005	-1	0	1	1	-1	0	0	0	0	0
10124540	720	2005	-1	0	1	1	-1	0	0	0	0	0
10124541	2160	2005	-1	0	1	1	-1	0	0	0	0	0
10124542	4320	2005	-1	0	1	1	-1	0	0	0	0	0
10124543	1440	2005	-1	0	1	1	-1	0	0	0	0	0
10124544	360	2005	-1	0	1	1	-1	0	0	0	0	0
10124545	360	2005	-1	0	1	1	-1	0	0	0	0	0
10124546	360	2005	-1	0	1	1	-1	0	0	0	0	0
10124547	24	2005	-1	0	1	1	-1	0	1	0	0	0
10124548	72	2005	-1	0	1	1	-1	0	1	0	0	0
10124549	168	2005	-1	0	1	1	-1	0	1	0	0	0
10124550	360	2005	-1	0	1	1	-1	0	1	0	0	0
10124551	720	2005	-1	0	1	1	-1	0	1	0	0	0
10124552	2160	2005	-1	0	1	1	-1	0	1	0	0	0
10124553	4320	2005	-1	0	1	1	-1	0	1	0	0	0
10124554	-1	2005	-1	0	1	1	-1	0	0	0	0	0
10124555	24	2005	-1	0	1	1	-1	0	0	0	0	0
10124556	72	2005	-1	0	1	1	-1	0	0	0	0	0
10124557	168	2005	-1	0	1	1	-1	0	0	0	0	0
10124558	360	2005	-1	0	1	1	-1	0	0	0	0	0
10124559	720	2005	-1	0	1	1	-1	0	0	0	0	0
10124560	2160	2005	-1	0	1	1	-1	0	0	0	0	0
10124561	4320	2005	-1	0	1	1	-1	0	0	0	0	0
10124562	-1	2005	-1	0	1	1	-1	0	0	0	0	0
10124563	24	2005	-1	0	1	1	-1	0	1	0	0	0
10124564	72	2005	-1	0	1	1	-1	0	1	0	0	0
10124565	168	2005	-1	0	1	1	-1	0	1	0	0	0
10124566	360	2005	-1	0	1	1	-1	0	1	0	0	0
10124567	720	2005	-1	0	1	1	-1	0	1	0	0	0
10124568	2160	2005	-1	0	1	1	-1	0	1	0	0	0
10124569	4320	2005	-1	0	1	1	-1	0	1	0	0	0
10124570	-1	2005	-1	0	1	1	-1	0	0	0	0	0
10124571	24	2005	-1	0	1	1	-1	0	0	0	0	0
10124572	72	2005	-1	0	1	1	-1	0	0	0	0	0
10124573	168	2005	-1	0	1	1	-1	0	0	0	0	0
10124574	360	2005	-1	0	1	1	-1	0	0	0	0	0
10124575	720	2005	-1	0	1	1	-1	0	0	0	0	0
10124576	2160	2005	-1	0	1	1	-1	0	0	0	0	0
10124577	4320	2005	-1	0	1	1	-1	0	0	0	0	0
10124578	-1	2005	-1	0	1	1	-1	0	0	0	0	0
10124579	24	2005	-1	0	1	1	-1	0	1	0	0	0
10124580	72	2005	-1	0	1	1	-1	0	1	0	0	0
10124581	168	2005	-1	0	1	1	-1	0	1	0	0	0
10124582	360	2005	-1	0	1	1	-1	0	1	0	0	0
10124583	720	2005	-1	0	1	1	-1	0	1	0	0	0
10124584	2160	2005	-1	0	1	1	-1	0	1	0	0	0
10124585	4320	2005	-1	0	1	1	-1	0	1	0	0	0
10124586	-1	2005	-1	0	1	1	-1	0	0	0	0	0
10124587	24	2005	-1	0	1	1	-1	0	0	0	0	0
10124588	72	2005	-1	0	1	1	-1	0	0	0	0	0
10124589	168	2005	-1	0	1	1	-1	0	0	0	0	0
10124590	360	2005	-1	0	1	1	-1	0	0	0	0	0
10124591	720	2005	-1	0	1	1	-1	0	0	0	0	0
10124592	2160	2005	-1	0	1	1	-1	0	0	0	0	0
10124593	4320	2005	-1	0	1	1	-1	0	0	0	0	0
10124594	-1	2005	-1	0	1	1	-1	0	0	0	0	0
10124595	720	2005	-1	0	1	1	-1	0	0	0	0	0
10124596	-1	2005	-1	0	1	1	-1	0	0	0	0	0
10124597	24	2005	-1	0	1	1	-1	0	0	0	0	0
10124598	72	2005	-1	0	1	1	-1	0	0	0	0	0
10124599	168	2005	-1	0	1	1	-1	0	0	0	0	0
10124600	360	2005	-1	0	1	1	-1	0	0	0	0	0
10124601	720	2005	-1	0	1	1	-1	0	0	0	0	0
10124602	2160	2005	-1	0	1	1	-1	0	0	0	0	0
10124603	4320	2005	-1	0	1	1	-1	0	0	0	0	0
10124604	-1	2005	-1	0	1	1	-1	0	0	0	0	0
10124605	24	2005	-1	0	1	1	-1	0	0	0	0	0
10124606	72	2005	-1	0	1	1	-1	0	0	0	0	0
10124607	168	2005	-1	0	1	1	-1	0	0	0	0	0
10124608	360	2005	-1	0	1	1	-1	0	0	0	0	0
10124609	720	2005	-1	0	1	1	-1	0	0	0	0	0
10124610	2160	2005	-1	0	1	1	-1	0	0	0	0	0
10124611	4320	2005	-1	0	1	1	-1	0	0	0	0	0
10124612	-1	2005	-1	0	1	1	-1	0	0	0	0	0
10124613	-1	2005	-1	0	1	1	-1	0	0	0	0	0
10124614	360	2005	-1	0	1	1	-1	0	0	0	0	0
10124615	24	2005	-1	0	1	1	-1	0	0	0	0	0
10124616	72	2005	-1	0	1	1	-1	0	0	0	0	0
10124617	168	2005	-1	0	1	1	-1	0	0	0	0	0
10124618	360	2005	-1	0	1	1	-1	0	0	0	0	0
10124619	720	2005	-1	0	1	1	-1	0	0	0	0	0
10124620	2160	2005	-1	0	1	1	-1	0	0	0	0	0
10124621	4320	2005	-1	0	1	1	-1	0	0	0	0	0
10124622	-1	2005	-1	0	1	1	-1	0	0	0	0	1
10124623	24	2005	-1	0	1	1	-1	0	0	0	0	0
10124624	72	2005	-1	0	1	1	-1	0	0	0	0	0
10124625	168	2005	-1	0	1	1	-1	0	0	0	0	0
10124626	360	2005	-1	0	1	1	-1	0	0	0	0	0
10124627	720	2005	-1	0	1	1	-1	0	0	0	0	0
10124628	2160	2005	-1	0	1	1	-1	0	0	0	0	0
10124629	4320	2005	-1	0	1	1	-1	0	0	0	0	0
10124630	-1	2005	-1	0	1	1	-1	0	0	0	0	1
10124631	360	2005	-1	0	1	1	-1	0	0	0	0	0
10124632	360	2005	-1	0	1	1	-1	0	0	0	0	0
10124633	360	2005	-1	0	1	1	-1	0	0	0	0	0
10124634	24	2005	-1	0	1	1	-1	0	0	0	0	0
10124635	72	2005	-1	0	1	1	-1	0	0	0	0	0
10124636	168	2005	-1	0	1	1	-1	0	0	0	0	0
10124637	360	2005	-1	0	1	1	-1	0	0	0	0	0
10124638	720	2005	-1	0	1	1	-1	0	0	0	0	0
10124639	2160	2005	-1	0	1	1	-1	0	0	0	0	0
10124640	4320	2005	-1	0	1	1	-1	0	0	0	0	0
10124641	-1	2005	-1	0	1	1	-1	0	0	0	0	0
10124642	24	2005	-1	0	1	1	-1	0	0	0	0	0
10124643	72	2005	-1	0	1	1	-1	0	0	0	0	0
10124644	168	2005	-1	0	1	1	-1	0	0	0	0	0
10124645	360	2005	-1	0	1	1	-1	0	0	0	0	0
10124646	720	2005	-1	0	1	1	-1	0	0	0	0	0
10124647	2160	2005	-1	0	1	1	-1	0	0	0	0	0
10124648	4320	2005	-1	0	1	1	-1	0	0	0	0	0
10124649	-1	2005	-1	0	1	1	-1	0	0	0	0	0
10124650	24	2005	-1	0	1	1	-1	0	0	0	0	0
10124651	72	2005	-1	0	1	1	-1	0	0	0	0	0
10124652	168	2005	-1	0	1	1	-1	0	0	0	0	0
10124653	360	2005	-1	0	1	1	-1	0	0	0	0	0
10124654	720	2005	-1	0	1	1	-1	0	0	0	0	0
10124655	2160	2005	-1	0	1	1	-1	0	0	0	0	0
10124656	4320	2005	-1	0	1	1	-1	0	0	0	0	0
10124657	-1	2005	-1	0	1	1	-1	0	0	0	0	0
10124658	24	2005	-1	0	1	1	-1	0	0	0	0	0
10124659	72	2005	-1	0	1	1	-1	0	0	0	0	0
10124660	168	2005	-1	0	1	1	-1	0	0	0	0	0
10124661	360	2005	-1	0	1	1	-1	0	0	0	0	0
10124662	720	2005	-1	0	1	1	-1	0	0	0	0	0
10124663	2160	2005	-1	0	1	1	-1	0	0	0	0	0
10124664	4320	2005	-1	0	1	1	-1	0	0	0	0	0
10124665	-1	2005	-1	0	1	1	-1	0	0	0	0	0
10124666	24	2005	-1	0	1	1	-1	0	0	0	0	0
10124667	72	2005	-1	0	1	1	-1	0	0	0	0	0
10124668	168	2005	-1	0	1	1	-1	0	0	0	0	0
10124669	360	2005	-1	0	1	1	-1	0	0	0	0	0
10124670	720	2005	-1	0	1	1	-1	0	0	0	0	0
10124671	2160	2005	-1	0	1	1	-1	0	0	0	0	0
10124672	4320	2005	-1	0	1	1	-1	0	0	0	0	0
10124673	-1	2005	-1	0	1	1	-1	0	0	0	0	0
10124674	24	2005	-1	0	1	1	-1	0	0	0	0	0
10124675	72	2005	-1	0	1	1	-1	0	0	0	0	0
10124676	168	2005	-1	0	1	1	-1	0	0	0	0	0
10124677	360	2005	-1	0	1	1	-1	0	0	0	0	0
10124678	720	2005	-1	0	1	1	-1	0	0	0	0	0
10124679	2160	2005	-1	0	1	1	-1	0	0	0	0	0
10124680	4320	2005	-1	0	1	1	-1	0	0	0	0	0
10124681	-1	2005	-1	0	1	1	-1	0	0	0	0	0
10124682	24	2005	-1	0	1	1	-1	0	0	0	0	0
10124683	72	2005	-1	0	1	1	-1	0	0	0	0	0
10124684	168	2005	-1	0	1	1	-1	0	0	0	0	0
10124685	360	2005	-1	0	1	1	-1	0	0	0	0	0
10124686	720	2005	-1	0	1	1	-1	0	0	0	0	0
10124687	2160	2005	-1	0	1	1	-1	0	0	0	0	0
10124688	4320	2005	-1	0	1	1	-1	0	0	0	0	0
10124689	-1	2005	-1	0	1	1	-1	0	0	0	0	0
10124690	24	2005	-1	0	1	1	-1	0	0	0	0	0
10124691	72	2005	-1	0	1	1	-1	0	0	0	0	0
10124692	168	2005	-1	0	1	1	-1	0	0	0	0	0
10124693	360	2005	-1	0	1	1	-1	0	0	0	0	0
10124694	720	2005	-1	0	1	1	-1	0	0	0	0	0
10124695	2160	2005	-1	0	1	1	-1	0	0	0	0	0
10124696	4320	2005	-1	0	1	1	-1	0	0	0	0	0
10124697	-1	2005	-1	0	1	1	-1	0	0	0	0	0
10124698	168	2005	-1	0	1	1	-1	0	0	0	0	0
10124699	1440	2005	-1	0	1	1	-1	0	0	0	0	0
10124700	1440	2005	-1	0	1	1	-1	0	0	0	0	0
10124701	360	2005	-1	0	1	1	-1	0	0	0	0	0
10124702	24	2005	-1	0	1	1	-1	0	0	0	0	0
10124703	72	2005	-1	0	1	1	-1	0	0	0	0	0
10124704	168	2005	-1	0	1	1	-1	0	0	0	0	0
10124705	360	2005	-1	0	1	1	-1	0	0	0	0	0
10124706	720	2005	-1	0	1	1	-1	0	0	0	0	0
10124707	2160	2005	-1	0	1	1	-1	0	0	0	0	0
10124708	4320	2005	-1	0	1	1	-1	0	0	0	0	0
10124709	-1	2005	-1	0	1	1	-1	0	0	0	0	1
10124710	24	2005	-1	0	1	1	-1	0	0	0	0	0
10124711	72	2005	-1	0	1	1	-1	0	0	0	0	0
10124712	168	2005	-1	0	1	1	-1	0	0	0	0	0
10124713	360	2005	-1	0	1	1	-1	0	0	0	0	0
10124714	720	2005	-1	0	1	1	-1	0	0	0	0	0
10124715	2160	2005	-1	0	1	1	-1	0	0	0	0	0
10124716	4320	2005	-1	0	1	1	-1	0	0	0	0	0
10124717	-1	2005	-1	0	1	1	-1	0	0	0	0	1
10124718	24	2005	-1	0	1	1	-1	0	0	0	0	0
10124719	72	2005	-1	0	1	1	-1	0	0	0	0	0
10124720	168	2005	-1	0	1	1	-1	0	0	0	0	0
10124721	360	2005	-1	0	1	1	-1	0	0	0	0	0
10124722	720	2005	-1	0	1	1	-1	0	0	0	0	0
10124723	2160	2005	-1	0	1	1	-1	0	0	0	0	0
10124724	4320	2005	-1	0	1	1	-1	0	0	0	0	0
10124725	-1	2005	-1	0	1	1	-1	0	0	0	0	0
10124726	24	2005	-1	0	1	1	-1	0	0	0	0	0
10124727	72	2005	-1	0	1	1	-1	0	0	0	0	0
10124728	168	2005	-1	0	1	1	-1	0	0	0	0	0
10124729	360	2005	-1	0	1	1	-1	0	0	0	0	0
10124730	720	2005	-1	0	1	1	-1	0	0	0	0	0
10124731	2160	2005	-1	0	1	1	-1	0	0	0	0	0
10124732	4320	2005	-1	0	1	1	-1	0	0	0	0	0
10124733	-1	2005	-1	0	1	1	-1	0	0	0	0	0
10124734	1440	2005	-1	0	1	1	-1	0	0	0	0	0
10124735	360	2005	-1	0	1	1	-1	0	0	0	0	0
10124736	360	2005	-1	0	1	1	-1	0	0	0	0	0
10124737	360	2005	-1	0	1	1	-1	0	0	0	0	0
10124738	24	2005	-1	0	1	1	-1	0	0	0	0	0
10124739	72	2005	-1	0	1	1	-1	0	0	0	0	0
10124740	168	2005	-1	0	1	1	-1	0	0	0	0	0
10124741	360	2005	-1	0	1	1	-1	0	0	0	0	0
10124742	720	2005	-1	0	1	1	-1	0	0	0	0	0
10124743	2160	2005	-1	0	1	1	-1	0	0	0	0	0
10124744	4320	2005	-1	0	1	1	-1	0	0	0	0	0
10124745	-1	2005	-1	0	1	1	-1	0	0	0	0	0
10124746	24	2005	-1	0	1	1	-1	0	0	0	0	0
10124747	72	2005	-1	0	1	1	-1	0	0	0	0	0
10124748	168	2005	-1	0	1	1	-1	0	0	0	0	0
10124749	360	2005	-1	0	1	1	-1	0	0	0	0	0
10124750	720	2005	-1	0	1	1	-1	0	0	0	0	0
10124751	2160	2005	-1	0	1	1	-1	0	0	0	0	0
10124752	4320	2005	-1	0	1	1	-1	0	0	0	0	0
10124753	-1	2005	-1	0	1	1	-1	0	0	0	0	0
10124754	24	2005	-1	0	1	1	-1	0	0	0	0	0
10124755	72	2005	-1	0	1	1	-1	0	0	0	0	0
10124756	168	2005	-1	0	1	1	-1	0	0	0	0	0
10124757	360	2005	-1	0	1	1	-1	0	0	0	0	0
10124758	720	2005	-1	0	1	1	-1	0	0	0	0	0
10124759	1440	2005	-1	0	1	1	-1	0	0	0	0	0
10124760	2160	2005	-1	0	1	1	-1	0	0	0	0	0
10124761	4320	2005	-1	0	1	1	-1	0	0	0	0	0
10124762	-1	2005	-1	0	1	1	-1	0	0	0	0	0
10124763	24	2005	-1	0	1	1	-1	0	0	0	0	0
10124764	72	2005	-1	0	1	1	-1	0	0	0	0	0
10124765	168	2005	-1	0	1	1	-1	0	0	0	0	0
10124766	360	2005	-1	0	1	1	-1	0	0	0	0	0
10124767	720	2005	-1	0	1	1	-1	0	0	0	0	0
10124768	1440	2005	-1	0	1	1	-1	0	0	0	0	0
10124769	2160	2005	-1	0	1	1	-1	0	0	0	0	0
10124770	4320	2005	-1	0	1	1	-1	0	0	0	0	0
10124771	-1	2005	-1	0	1	1	-1	0	0	0	0	0
10124772	24	2005	-1	0	1	1	-1	0	0	0	0	0
10124773	72	2005	-1	0	1	1	-1	0	0	0	0	0
10124774	168	2005	-1	0	1	1	-1	0	0	0	0	0
10124775	360	2005	-1	0	1	1	-1	0	0	0	0	0
10124776	720	2005	-1	0	1	1	-1	0	0	0	0	0
10124777	1440	2005	-1	0	1	1	-1	0	0	0	0	0
10124778	2160	2005	-1	0	1	1	-1	0	0	0	0	0
10124779	4320	2005	-1	0	1	1	-1	0	0	0	0	0
10124780	-1	2005	-1	0	1	1	-1	0	0	0	0	0
10124781	24	2005	-1	0	1	1	-1	0	0	0	0	0
10124782	72	2005	-1	0	1	1	-1	0	0	0	0	0
10124783	168	2005	-1	0	1	1	-1	0	0	0	0	0
10124784	360	2005	-1	0	1	1	-1	0	0	0	0	0
10124785	720	2005	-1	0	1	1	-1	0	0	0	0	0
10124786	1440	2005	-1	0	1	1	-1	0	0	0	0	0
10124787	2160	2005	-1	0	1	1	-1	0	0	0	0	0
10124788	4320	2005	-1	0	1	1	-1	0	0	0	0	0
10124789	-1	2005	-1	0	1	1	-1	0	0	0	0	0
10124790	168	2005	-1	0	1	0	-1	0	0	0	0	0
10124792	-1	2005	-1	0	1	0	-1	0	0	0	0	0
10124793	-1	2005	-1	0	1	0	-1	0	0	0	0	0
10124794	720	2005	-1	0	1	0	-1	0	0	0	0	0
10124795	24	2005	-1	0	1	1	-1	0	1	0	0	0
10124796	72	2005	-1	0	1	1	-1	0	1	0	0	0
10124797	168	2005	-1	0	1	1	-1	0	1	0	0	0
10124798	360	2005	-1	0	1	1	-1	0	1	0	0	0
10124799	720	2005	-1	0	1	1	-1	0	1	0	0	0
10124800	2160	2005	-1	0	1	1	-1	0	1	0	0	0
10124801	4320	2005	-1	0	1	1	-1	0	1	0	0	0
10124802	-1	2005	-1	0	1	1	-1	0	0	0	0	0
10124803	24	2005	-1	0	1	1	-1	0	0	0	0	0
10124804	72	2005	-1	0	1	1	-1	0	0	0	0	0
10124805	168	2005	-1	0	1	1	-1	0	0	0	0	0
10124806	360	2005	-1	0	1	1	-1	0	0	0	0	0
10124807	720	2005	-1	0	1	1	-1	0	0	0	0	0
10124808	2160	2005	-1	0	1	1	-1	0	0	0	0	0
10124809	4320	2005	-1	0	1	1	-1	0	0	0	0	0
10124810	-1	2005	-1	0	1	1	-1	0	0	0	0	0
10124811	720	2005	-1	0	1	1	-1	0	0	0	0	0
10124812	168	2005	-1	0	1	1	-1	0	0	0	0	0
10124813	24	2005	-1	0	1	1	-1	0	0	0	0	0
10124814	72	2005	-1	0	1	1	-1	0	0	0	0	0
10124815	168	2005	-1	0	1	1	-1	0	0	0	0	0
10124816	360	2005	-1	0	1	1	-1	0	0	0	0	0
10124817	720	2005	-1	0	1	1	-1	0	0	0	0	0
10124818	2160	2005	-1	0	1	1	-1	0	0	0	0	0
10124819	4320	2005	-1	0	1	1	-1	0	0	0	0	0
10124820	-1	2005	-1	0	1	1	-1	0	0	0	0	0
10124821	24	2005	-1	0	1	1	-1	0	0	0	0	0
10124822	72	2005	-1	0	1	1	-1	0	0	0	0	0
10124823	168	2005	-1	0	1	1	-1	0	0	0	0	0
10124824	360	2005	-1	0	1	1	-1	0	0	0	0	0
10124825	720	2005	-1	0	1	1	-1	0	0	0	0	0
10124826	2160	2005	-1	0	1	1	-1	0	0	0	0	0
10124827	4320	2005	-1	0	1	1	-1	0	0	0	0	0
10124828	-1	2005	-1	0	1	1	-1	0	0	0	0	0
10124829	24	2005	-1	0	1	1	-1	0	0	0	0	0
10124830	72	2005	-1	0	1	1	-1	0	0	0	0	0
10124831	168	2005	-1	0	1	1	-1	0	0	0	0	0
10124832	360	2005	-1	0	1	1	-1	0	0	0	0	0
10124833	720	2005	-1	0	1	1	-1	0	0	0	0	0
10124834	2160	2005	-1	0	1	1	-1	0	0	0	0	0
10124835	4320	2005	-1	0	1	1	-1	0	0	0	0	0
10124836	-1	2005	-1	0	1	1	-1	0	0	0	0	0
10124837	24	2005	-1	0	1	1	-1	0	0	0	0	0
10124838	72	2005	-1	0	1	1	-1	0	0	0	0	0
10124839	168	2005	-1	0	1	1	-1	0	0	0	0	0
10124840	360	2005	-1	0	1	1	-1	0	0	0	0	0
10124841	720	2005	-1	0	1	1	-1	0	0	0	0	0
10124842	2160	2005	-1	0	1	1	-1	0	0	0	0	0
10124843	4320	2005	-1	0	1	1	-1	0	0	0	0	0
10124844	-1	2005	-1	0	1	1	-1	0	0	0	0	0
10124845	24	2005	-1	0	1	1	-1	0	0	0	0	0
10124846	72	2005	-1	0	1	1	-1	0	0	0	0	0
10124847	168	2005	-1	0	1	1	-1	0	0	0	0	0
10124848	360	2005	-1	0	1	1	-1	0	0	0	0	0
10124849	720	2005	-1	0	1	1	-1	0	0	0	0	0
10124850	2160	2005	-1	0	1	1	-1	0	0	0	0	0
10124851	4320	2005	-1	0	1	1	-1	0	0	0	0	0
10124852	-1	2005	-1	0	1	1	-1	0	0	0	0	0
10124853	24	2005	-1	0	1	1	-1	0	0	0	0	0
10124854	72	2005	-1	0	1	1	-1	0	0	0	0	0
10124855	168	2005	-1	0	1	1	-1	0	0	0	0	0
10124856	360	2005	-1	0	1	1	-1	0	0	0	0	0
10124857	720	2005	-1	0	1	1	-1	0	0	0	0	0
10124858	2160	2005	-1	0	1	1	-1	0	0	0	0	0
10124859	4320	2005	-1	0	1	1	-1	0	0	0	0	0
10124860	-1	2005	-1	0	1	1	-1	0	0	0	0	0
10124861	24	2005	-1	0	1	1	-1	0	0	0	0	0
10124862	72	2005	-1	0	1	1	-1	0	0	0	0	0
10124863	168	2005	-1	0	1	1	-1	0	0	0	0	0
10124864	360	2005	-1	0	1	1	-1	0	0	0	0	0
10124865	720	2005	-1	0	1	1	-1	0	0	0	0	0
10124866	2160	2005	-1	0	1	1	-1	0	0	0	0	0
10124867	4320	2005	-1	0	1	1	-1	0	0	0	0	0
10124868	-1	2005	-1	0	1	1	-1	0	0	0	0	0
10124869	24	2005	-1	0	1	1	-1	0	0	0	0	0
10124870	72	2005	-1	0	1	1	-1	0	0	0	0	0
10124871	168	2005	-1	0	1	1	-1	0	0	0	0	0
10124872	360	2005	-1	0	1	1	-1	0	0	0	0	0
10124873	720	2005	-1	0	1	1	-1	0	0	0	0	0
10124874	2160	2005	-1	0	1	1	-1	0	0	0	0	0
10124875	4320	2005	-1	0	1	1	-1	0	0	0	0	0
10124876	-1	2005	-1	0	1	1	-1	0	0	0	0	0
10124877	24	2005	-1	0	1	1	-1	0	0	0	0	0
10124878	72	2005	-1	0	1	1	-1	0	0	0	0	0
10124879	168	2005	-1	0	1	1	-1	0	0	0	0	0
10124880	360	2005	-1	0	1	1	-1	0	0	0	0	0
10124881	720	2005	-1	0	1	1	-1	0	0	0	0	0
10124882	2160	2005	-1	0	1	1	-1	0	0	0	0	0
10124883	4320	2005	-1	0	1	1	-1	0	0	0	0	0
10124884	-1	2005	-1	0	1	1	-1	0	0	0	0	0
10124885	24	2005	-1	0	1	1	-1	0	0	0	0	0
10124886	72	2005	-1	0	1	1	-1	0	0	0	0	0
10124887	168	2005	-1	0	1	1	-1	0	0	0	0	0
10124888	360	2005	-1	0	1	1	-1	0	0	0	0	0
10124889	720	2005	-1	0	1	1	-1	0	0	0	0	0
10124890	2160	2005	-1	0	1	1	-1	0	0	0	0	0
10124891	4320	2005	-1	0	1	1	-1	0	0	0	0	0
10124892	-1	2005	-1	0	1	1	-1	0	0	0	0	0
10124893	24	2005	-1	0	1	1	-1	0	0	0	0	0
10124894	72	2005	-1	0	1	1	-1	0	0	0	0	0
10124895	168	2005	-1	0	1	1	-1	0	0	0	0	0
10124896	360	2005	-1	0	1	1	-1	0	0	0	0	0
10124897	720	2005	-1	0	1	1	-1	0	0	0	0	0
10124898	2160	2005	-1	0	1	1	-1	0	0	0	0	0
10124899	4320	2005	-1	0	1	1	-1	0	0	0	0	0
10124900	-1	2005	-1	0	1	1	-1	0	0	0	0	0
10124901	24	2005	-1	0	1	1	-1	0	0	0	0	0
10124902	72	2005	-1	0	1	1	-1	0	0	0	0	0
10124903	168	2005	-1	0	1	1	-1	0	0	0	0	0
10124904	360	2005	-1	0	1	1	-1	0	0	0	0	0
10124905	720	2005	-1	0	1	1	-1	0	0	0	0	0
10124906	2160	2005	-1	0	1	1	-1	0	0	0	0	0
10124907	4320	2005	-1	0	1	1	-1	0	0	0	0	0
10124908	-1	2005	-1	0	1	1	-1	0	0	0	0	0
10124909	24	2005	-1	0	1	1	-1	0	0	0	0	0
10124910	72	2005	-1	0	1	1	-1	0	0	0	0	0
10124911	168	2005	-1	0	1	1	-1	0	0	0	0	0
10124912	360	2005	-1	0	1	1	-1	0	0	0	0	0
10124913	720	2005	-1	0	1	1	-1	0	0	0	0	0
10124914	2160	2005	-1	0	1	1	-1	0	0	0	0	0
10124915	4320	2005	-1	0	1	1	-1	0	0	0	0	0
10124916	-1	2005	-1	0	1	1	-1	0	0	0	0	0
10124917	24	2005	-1	0	1	1	-1	0	0	0	0	0
10124918	72	2005	-1	0	1	1	-1	0	0	0	0	0
10124919	168	2005	-1	0	1	1	-1	0	0	0	0	0
10124920	360	2005	-1	0	1	1	-1	0	0	0	0	0
10124921	720	2005	-1	0	1	1	-1	0	0	0	0	0
10124922	2160	2005	-1	0	1	1	-1	0	0	0	0	0
10124923	4320	2005	-1	0	1	1	-1	0	0	0	0	0
10124924	-1	2005	-1	0	1	1	-1	0	0	0	0	0
10124925	1440	2005	-1	0	1	1	-1	0	0	0	0	0
10124926	1440	2005	-1	0	1	1	-1	0	0	0	0	0
10124927	1440	2005	-1	0	1	1	-1	0	0	0	0	0
10124928	8640	2005	-1	0	1	1	-1	0	0	0	0	0
10124929	8640	2005	-1	0	1	1	-1	0	0	0	0	0
10124930	8640	2005	-1	0	1	1	-1	0	0	0	0	0
10124931	24	2005	-1	0	1	1	-1	0	0	0	0	0
10124932	72	2005	-1	0	1	1	-1	0	0	0	0	0
10124933	168	2005	-1	0	1	1	-1	0	0	0	0	0
10124934	360	2005	-1	0	1	1	-1	0	0	0	0	0
10124935	720	2005	-1	0	1	1	-1	0	0	0	0	0
10124936	2160	2005	-1	0	1	1	-1	0	0	0	0	0
10124937	4320	2005	-1	0	1	1	-1	0	0	0	0	0
10124938	-1	2005	-1	0	1	1	-1	0	0	0	0	0
10124939	24	2005	-1	0	1	1	-1	0	0	0	0	0
10124940	72	2005	-1	0	1	1	-1	0	0	0	0	0
10124941	168	2005	-1	0	1	1	-1	0	0	0	0	0
10124942	360	2005	-1	0	1	1	-1	0	0	0	0	0
10124943	720	2005	-1	0	1	1	-1	0	0	0	0	0
10124944	2160	2005	-1	0	1	1	-1	0	0	0	0	0
10124945	4320	2005	-1	0	1	1	-1	0	0	0	0	0
10124946	-1	2005	-1	0	1	1	-1	0	0	0	0	0
10124947	24	2005	-1	0	1	1	-1	0	0	0	0	0
10124948	72	2005	-1	0	1	1	-1	0	0	0	0	0
10124949	168	2005	-1	0	1	1	-1	0	0	0	0	0
10124950	360	2005	-1	0	1	1	-1	0	0	0	0	0
10124951	720	2005	-1	0	1	1	-1	0	0	0	0	0
10124952	2160	2005	-1	0	1	1	-1	0	0	0	0	0
10124953	4320	2005	-1	0	1	1	-1	0	0	0	0	0
10124954	-1	2005	-1	0	1	1	-1	0	0	0	0	0
10124955	24	2005	-1	0	1	1	-1	0	0	0	0	0
10124956	72	2005	-1	0	1	1	-1	0	0	0	0	0
10124957	168	2005	-1	0	1	1	-1	0	0	0	0	0
10124958	360	2005	-1	0	1	1	-1	0	0	0	0	0
10124959	720	2005	-1	0	1	1	-1	0	0	0	0	0
10124960	2160	2005	-1	0	1	1	-1	0	0	0	0	0
10124961	4320	2005	-1	0	1	1	-1	0	0	0	0	0
10124962	-1	2005	-1	0	1	1	-1	0	0	0	0	0
10124963	72	2005	-1	0	1	1	-1	0	0	0	0	0
10124964	168	2005	-1	0	1	1	-1	0	0	0	0	0
10124965	360	2005	-1	0	1	1	-1	0	0	0	0	0
10124966	24	2005	-1	0	1	1	-1	0	0	0	0	0
10124967	72	2005	-1	0	1	1	-1	0	0	0	0	0
10124968	168	2005	-1	0	1	1	-1	0	0	0	0	0
10124969	360	2005	-1	0	1	1	-1	0	0	0	0	0
10124970	720	2005	-1	0	1	1	-1	0	0	0	0	0
10124971	2160	2005	-1	0	1	1	-1	0	0	0	0	0
10124972	4320	2005	-1	0	1	1	-1	0	0	0	0	0
10124973	-1	2005	-1	0	1	1	-1	0	0	0	0	0
10124974	24	2005	-1	0	1	1	-1	0	0	0	0	0
10124975	72	2005	-1	0	1	1	-1	0	0	0	0	0
10124976	168	2005	-1	0	1	1	-1	0	0	0	0	0
10124977	360	2005	-1	0	1	1	-1	0	0	0	0	0
10124978	720	2005	-1	0	1	1	-1	0	0	0	0	0
10124979	2160	2005	-1	0	1	1	-1	0	0	0	0	0
10124980	4320	2005	-1	0	1	1	-1	0	0	0	0	0
10124981	-1	2005	-1	0	1	1	-1	0	0	0	0	0
10124982	24	2005	-1	0	1	1	-1	0	0	0	0	0
10124983	72	2005	-1	0	1	1	-1	0	0	0	0	0
10124984	168	2005	-1	0	1	1	-1	0	0	0	0	0
10124985	360	2005	-1	0	1	1	-1	0	0	0	0	0
10124986	720	2005	-1	0	1	1	-1	0	0	0	0	0
10124987	2160	2005	-1	0	1	1	-1	0	0	0	0	0
10124988	4320	2005	-1	0	1	1	-1	0	0	0	0	0
10124989	-1	2005	-1	0	1	1	-1	0	0	0	0	0
10124990	24	2005	-1	0	1	1	-1	0	0	0	0	0
10124991	72	2005	-1	0	1	1	-1	0	0	0	0	0
10124992	168	2005	-1	0	1	1	-1	0	0	0	0	0
10124993	360	2005	-1	0	1	1	-1	0	0	0	0	0
10124994	720	2005	-1	0	1	1	-1	0	0	0	0	0
10124995	2160	2005	-1	0	1	1	-1	0	0	0	0	0
10124996	4320	2005	-1	0	1	1	-1	0	0	0	0	0
10124997	-1	2005	-1	0	1	1	-1	0	0	0	0	0
10124998	24	2005	-1	0	1	1	-1	0	0	0	0	0
10124999	72	2005	-1	0	1	1	-1	0	0	0	0	0
10125000	168	2005	-1	0	1	1	-1	0	0	0	0	0
10125001	360	2005	-1	0	1	1	-1	0	0	0	0	0
10125002	720	2005	-1	0	1	1	-1	0	0	0	0	0
10125003	2160	2005	-1	0	1	1	-1	0	0	0	0	0
10125004	4320	2005	-1	0	1	1	-1	0	0	0	0	0
10125005	-1	2005	-1	0	1	1	-1	0	0	0	0	0
10125006	24	2005	-1	0	1	1	-1	0	0	0	0	0
10125007	72	2005	-1	0	1	1	-1	0	0	0	0	0
10125008	168	2005	-1	0	1	1	-1	0	0	0	0	0
10125009	360	2005	-1	0	1	1	-1	0	0	0	0	0
10125010	720	2005	-1	0	1	1	-1	0	0	0	0	0
10125011	2160	2005	-1	0	1	1	-1	0	0	0	0	0
10125012	4320	2005	-1	0	1	1	-1	0	0	0	0	0
10125013	-1	2005	-1	0	1	1	-1	0	0	0	0	0
10125014	1440	2005	-1	0	1	1	-1	0	0	0	0	0
10125015	24	2005	-1	0	1	1	-1	0	0	0	0	0
10125016	72	2005	-1	0	1	1	-1	0	0	0	0	0
10125017	168	2005	-1	0	1	1	-1	0	0	0	0	0
10125018	360	2005	-1	0	1	1	-1	0	0	0	0	0
10125019	720	2005	-1	0	1	1	-1	0	0	0	0	0
10125020	2160	2005	-1	0	1	1	-1	0	0	0	0	0
10125021	4320	2005	-1	0	1	1	-1	0	0	0	0	0
10125022	-1	2005	-1	0	1	1	-1	0	0	0	0	0
10125023	24	2005	-1	0	1	1	-1	0	0	0	0	0
10125024	72	2005	-1	0	1	1	-1	0	0	0	0	0
10125025	168	2005	-1	0	1	1	-1	0	0	0	0	0
10125026	360	2005	-1	0	1	1	-1	0	0	0	0	0
10125027	720	2005	-1	0	1	1	-1	0	0	0	0	0
10125028	2160	2005	-1	0	1	1	-1	0	0	0	0	0
10125029	4320	2005	-1	0	1	1	-1	0	0	0	0	0
10125030	-1	2005	-1	0	1	1	-1	0	0	0	0	0
10125031	24	2005	-1	0	1	1	-1	0	0	0	0	0
10125032	72	2005	-1	0	1	1	-1	0	0	0	0	0
10125033	168	2005	-1	0	1	1	-1	0	0	0	0	0
10125034	360	2005	-1	0	1	1	-1	0	0	0	0	0
10125035	720	2005	-1	0	1	1	-1	0	0	0	0	0
10125036	2160	2005	-1	0	1	1	-1	0	0	0	0	0
10125037	4320	2005	-1	0	1	1	-1	0	0	0	0	0
10125038	-1	2005	-1	0	1	1	-1	0	0	0	0	0
10125039	24	2005	-1	0	1	1	-1	0	0	0	0	0
10125040	72	2005	-1	0	1	1	-1	0	0	0	0	0
10125041	168	2005	-1	0	1	1	-1	0	0	0	0	0
10125042	360	2005	-1	0	1	1	-1	0	0	0	0	0
10125043	720	2005	-1	0	1	1	-1	0	0	0	0	0
10125044	2160	2005	-1	0	1	1	-1	0	0	0	0	0
10125045	4320	2005	-1	0	1	1	-1	0	0	0	0	0
10125046	-1	2005	-1	0	1	1	-1	0	0	0	0	0
10125047	360	2005	-1	0	1	1	-1	0	0	0	0	0
10125048	24	2005	-1	0	1	1	-1	0	0	0	0	0
10125049	72	2005	-1	0	1	1	-1	0	0	0	0	0
10125050	168	2005	-1	0	1	1	-1	0	0	0	0	0
10125051	360	2005	-1	0	1	1	-1	0	0	0	0	0
10125052	720	2005	-1	0	1	1	-1	0	0	0	0	0
10125053	2160	2005	-1	0	1	1	-1	0	0	0	0	0
10125054	4320	2005	-1	0	1	1	-1	0	0	0	0	0
10125055	-1	2005	-1	0	1	1	-1	0	0	0	0	1
10125056	24	2005	-1	0	1	1	-1	0	0	0	0	0
10125057	72	2005	-1	0	1	1	-1	0	0	0	0	0
10125058	168	2005	-1	0	1	1	-1	0	0	0	0	0
10125059	360	2005	-1	0	1	1	-1	0	0	0	0	0
10125060	720	2005	-1	0	1	1	-1	0	0	0	0	0
10125061	2160	2005	-1	0	1	1	-1	0	0	0	0	0
10125062	4320	2005	-1	0	1	1	-1	0	0	0	0	0
10125063	-1	2005	-1	0	1	1	-1	0	0	0	0	1
10125064	720	2005	-1	0	1	1	-1	0	0	0	0	0
10125065	360	2005	-1	0	1	1	-1	0	0	0	0	0
10125066	360	2005	-1	0	1	1	-1	0	0	0	0	0
10125067	360	2005	-1	0	1	1	-1	0	0	0	0	0
10125068	-1	2005	-1	0	1	1	-1	0	0	0	0	0
10125069	24	2005	-1	0	1	1	-1	0	0	0	0	0
10125070	72	2005	-1	0	1	1	-1	0	0	0	0	0
10125071	168	2005	-1	0	1	1	-1	0	0	0	0	0
10125072	360	2005	-1	0	1	1	-1	0	0	0	0	0
10125073	720	2005	-1	0	1	1	-1	0	0	0	0	0
10125074	2160	2005	-1	0	1	1	-1	0	0	0	0	0
10125075	4320	2005	-1	0	1	1	-1	0	0	0	0	0
10125076	-1	2005	-1	0	1	1	-1	0	0	0	0	1
10125077	24	2005	-1	0	1	1	-1	0	0	0	0	0
10125078	72	2005	-1	0	1	1	-1	0	0	0	0	0
10125079	168	2005	-1	0	1	1	-1	0	0	0	0	0
10125080	360	2005	-1	0	1	1	-1	0	0	0	0	0
10125081	720	2005	-1	0	1	1	-1	0	0	0	0	0
10125082	2160	2005	-1	0	1	1	-1	0	0	0	0	0
10125083	4320	2005	-1	0	1	1	-1	0	0	0	0	0
10125084	-1	2005	-1	0	1	1	-1	0	0	0	0	1
10125085	24	2005	-1	0	1	1	-1	0	0	0	0	0
10125086	72	2005	-1	0	1	1	-1	0	0	0	0	0
10125087	168	2005	-1	0	1	1	-1	0	0	0	0	0
10125088	360	2005	-1	0	1	1	-1	0	0	0	0	0
10125089	720	2005	-1	0	1	1	-1	0	0	0	0	0
10125090	2160	2005	-1	0	1	1	-1	0	0	0	0	0
10125091	4320	2005	-1	0	1	1	-1	0	0	0	0	0
10125092	-1	2005	-1	0	1	1	-1	0	0	0	0	0
10125093	24	2005	-1	0	1	1	-1	0	0	0	0	0
10125094	72	2005	-1	0	1	1	-1	0	0	0	0	0
10125095	168	2005	-1	0	1	1	-1	0	0	0	0	0
10125096	360	2005	-1	0	1	1	-1	0	0	0	0	0
10125097	720	2005	-1	0	1	1	-1	0	0	0	0	0
10125098	2160	2005	-1	0	1	1	-1	0	0	0	0	0
10125099	4320	2005	-1	0	1	1	-1	0	0	0	0	0
10125100	-1	2005	-1	0	1	1	-1	0	0	0	0	0
10125101	24	2005	-1	0	1	1	-1	0	0	0	0	0
10125102	72	2005	-1	0	1	1	-1	0	0	0	0	0
10125103	168	2005	-1	0	1	1	-1	0	0	0	0	0
10125104	360	2005	-1	0	1	1	-1	0	0	0	0	0
10125105	720	2005	-1	0	1	1	-1	0	0	0	0	0
10125106	2160	2005	-1	0	1	1	-1	0	0	0	0	0
10125107	4320	2005	-1	0	1	1	-1	0	0	0	0	0
10125108	-1	2005	-1	0	1	1	-1	0	0	0	0	1
10125109	24	2005	-1	0	1	1	-1	0	0	0	0	0
10125110	72	2005	-1	0	1	1	-1	0	0	0	0	0
10125111	168	2005	-1	0	1	1	-1	0	0	0	0	0
10125112	360	2005	-1	0	1	1	-1	0	0	0	0	0
10125113	720	2005	-1	0	1	1	-1	0	0	0	0	0
10125114	2160	2005	-1	0	1	1	-1	0	0	0	0	0
10125115	4320	2005	-1	0	1	1	-1	0	0	0	0	0
10125116	-1	2005	-1	0	1	1	-1	0	0	0	0	1
10125117	72	2005	-1	0	1	1	-1	0	0	0	0	0
10125118	24	2005	-1	0	1	1	-1	0	0	0	0	0
10125119	72	2005	-1	0	1	1	-1	0	0	0	0	0
10125120	168	2005	-1	0	1	1	-1	0	0	0	0	0
10125121	360	2005	-1	0	1	1	-1	0	0	0	0	0
10125122	720	2005	-1	0	1	1	-1	0	0	0	0	0
10125123	2160	2005	-1	0	1	1	-1	0	0	0	0	0
10125124	4320	2005	-1	0	1	1	-1	0	0	0	0	0
10125125	-1	2005	-1	0	1	1	-1	0	0	0	0	0
10125126	24	2005	-1	0	1	1	-1	0	0	0	0	0
10125127	72	2005	-1	0	1	1	-1	0	0	0	0	0
10125128	168	2005	-1	0	1	1	-1	0	0	0	0	0
10125129	360	2005	-1	0	1	1	-1	0	0	0	0	0
10125130	720	2005	-1	0	1	1	-1	0	0	0	0	0
10125131	2160	2005	-1	0	1	1	-1	0	0	0	0	0
10125132	4320	2005	-1	0	1	1	-1	0	0	0	0	0
10125133	-1	2005	-1	0	1	1	-1	0	0	0	0	0
10125135	24	2005	-1	0	1	1	-1	0	0	0	0	0
10125136	72	2005	-1	0	1	1	-1	0	0	0	0	0
10125137	168	2005	-1	0	1	1	-1	0	0	0	0	0
10125138	360	2005	-1	0	1	1	-1	0	0	0	0	0
10125139	720	2005	-1	0	1	1	-1	0	0	0	0	0
10125140	2160	2005	-1	0	1	1	-1	0	0	0	0	0
10125141	4320	2005	-1	0	1	1	-1	0	0	0	0	0
10125142	-1	2005	-1	0	1	1	-1	0	0	0	0	0
10125143	24	2005	-1	0	1	1	-1	0	0	0	0	0
10125144	72	2005	-1	0	1	1	-1	0	0	0	0	0
10125145	168	2005	-1	0	1	1	-1	0	0	0	0	0
10125146	360	2005	-1	0	1	1	-1	0	0	0	0	0
10125147	720	2005	-1	0	1	1	-1	0	0	0	0	0
10125148	2160	2005	-1	0	1	1	-1	0	0	0	0	0
10125149	4320	2005	-1	0	1	1	-1	0	0	0	0	0
10125150	-1	2005	-1	0	1	1	-1	0	0	0	0	0
10125151	720	2005	-1	0	1	1	-1	0	0	0	0	0
10125152	-1	2005	-1	0	1	1	-1	0	0	0	0	0
10125153	-1	2005	-1	0	1	1	-1	0	0	0	0	0
10125154	24	2005	-1	0	1	1	-1	0	0	0	0	0
10125155	72	2005	-1	0	1	1	-1	0	0	0	0	0
10125156	168	2005	-1	0	1	1	-1	0	0	0	0	0
10125157	360	2005	-1	0	1	1	-1	0	0	0	0	0
10125158	720	2005	-1	0	1	1	-1	0	0	0	0	0
10125159	2160	2005	-1	0	1	1	-1	0	0	0	0	0
10125160	4320	2005	-1	0	1	1	-1	0	0	0	0	0
10125161	-1	2005	-1	0	1	1	-1	0	0	0	0	0
10125162	24	2005	-1	0	1	1	-1	0	0	0	0	0
10125163	72	2005	-1	0	1	1	-1	0	0	0	0	0
10125164	168	2005	-1	0	1	1	-1	0	0	0	0	0
10125165	360	2005	-1	0	1	1	-1	0	0	0	0	0
10125166	720	2005	-1	0	1	1	-1	0	0	0	0	0
10125167	2160	2005	-1	0	1	1	-1	0	0	0	0	0
10125168	4320	2005	-1	0	1	1	-1	0	0	0	0	0
10125169	-1	2005	-1	0	1	1	-1	0	0	0	0	0
10125170	24	2005	-1	0	1	1	-1	0	0	0	0	0
10125171	72	2005	-1	0	1	1	-1	0	0	0	0	0
10125172	168	2005	-1	0	1	1	-1	0	0	0	0	0
10125173	360	2005	-1	0	1	1	-1	0	0	0	0	0
10125174	720	2005	-1	0	1	1	-1	0	0	0	0	0
10125175	2160	2005	-1	0	1	1	-1	0	0	0	0	0
10125176	4320	2005	-1	0	1	1	-1	0	0	0	0	0
10125177	-1	2005	-1	0	1	1	-1	0	0	0	0	0
10125178	24	2005	-1	0	1	1	-1	0	0	0	0	0
10125179	72	2005	-1	0	1	1	-1	0	0	0	0	0
10125180	168	2005	-1	0	1	1	-1	0	0	0	0	0
10125181	360	2005	-1	0	1	1	-1	0	0	0	0	0
10125182	720	2005	-1	0	1	1	-1	0	0	0	0	0
10125183	2160	2005	-1	0	1	1	-1	0	0	0	0	0
10125184	4320	2005	-1	0	1	1	-1	0	0	0	0	0
10125185	-1	2005	-1	0	1	1	-1	0	0	0	0	0
10125186	24	2005	-1	0	1	1	-1	0	0	0	0	0
10125187	72	2005	-1	0	1	1	-1	0	0	0	0	0
10125188	168	2005	-1	0	1	1	-1	0	0	0	0	0
10125189	360	2005	-1	0	1	1	-1	0	0	0	0	0
10125190	720	2005	-1	0	1	1	-1	0	0	0	0	0
10125191	2160	2005	-1	0	1	1	-1	0	0	0	0	0
10125192	4320	2005	-1	0	1	1	-1	0	0	0	0	0
10125193	-1	2005	-1	0	1	1	-1	0	0	0	0	0
10125194	24	2005	-1	0	1	1	-1	0	0	0	0	0
10125195	72	2005	-1	0	1	1	-1	0	0	0	0	0
10125196	168	2005	-1	0	1	1	-1	0	0	0	0	0
10125197	360	2005	-1	0	1	1	-1	0	0	0	0	0
10125198	720	2005	-1	0	1	1	-1	0	0	0	0	0
10125199	2160	2005	-1	0	1	1	-1	0	0	0	0	0
10125200	4320	2005	-1	0	1	1	-1	0	0	0	0	0
10125201	-1	2005	-1	0	1	1	-1	0	0	0	0	0
10125202	24	2005	-1	0	1	1	-1	0	0	0	0	0
10125203	72	2005	-1	0	1	1	-1	0	0	0	0	0
10125204	168	2005	-1	0	1	1	-1	0	0	0	0	0
10125205	360	2005	-1	0	1	1	-1	0	0	0	0	0
10125206	720	2005	-1	0	1	1	-1	0	0	0	0	0
10125207	2160	2005	-1	0	1	1	-1	0	0	0	0	0
10125208	4320	2005	-1	0	1	1	-1	0	0	0	0	0
10125209	-1	2005	-1	0	1	1	-1	0	0	0	0	0
10125210	24	2005	-1	0	1	1	-1	0	0	0	0	0
10125211	72	2005	-1	0	1	1	-1	0	0	0	0	0
10125212	168	2005	-1	0	1	1	-1	0	0	0	0	0
10125213	360	2005	-1	0	1	1	-1	0	0	0	0	0
10125214	720	2005	-1	0	1	1	-1	0	0	0	0	0
10125215	2160	2005	-1	0	1	1	-1	0	0	0	0	0
10125216	4320	2005	-1	0	1	1	-1	0	0	0	0	0
10125217	-1	2005	-1	0	1	1	-1	0	0	0	0	0
10125218	24	2005	-1	0	1	1	-1	0	0	0	0	0
10125219	72	2005	-1	0	1	1	-1	0	0	0	0	0
10125220	168	2005	-1	0	1	1	-1	0	0	0	0	0
10125221	360	2005	-1	0	1	1	-1	0	0	0	0	0
10125222	720	2005	-1	0	1	1	-1	0	0	0	0	0
10125223	2160	2005	-1	0	1	1	-1	0	0	0	0	0
10125224	4320	2005	-1	0	1	1	-1	0	0	0	0	0
10125225	-1	2005	-1	0	1	1	-1	0	0	0	0	0
10125226	24	2005	-1	0	1	1	-1	0	0	0	0	0
10125227	72	2005	-1	0	1	1	-1	0	0	0	0	0
10125228	168	2005	-1	0	1	1	-1	0	0	0	0	0
10125229	360	2005	-1	0	1	1	-1	0	0	0	0	0
10125230	720	2005	-1	0	1	1	-1	0	0	0	0	0
10125231	2160	2005	-1	0	1	1	-1	0	0	0	0	0
10125232	4320	2005	-1	0	1	1	-1	0	0	0	0	0
10125233	-1	2005	-1	0	1	1	-1	0	0	0	0	0
10125234	1440	2005	-1	0	1	1	-1	0	0	0	0	0
10125235	24	2005	-1	0	1	1	-1	0	0	0	0	0
10125236	72	2005	-1	0	1	1	-1	0	0	0	0	0
10125237	168	2005	-1	0	1	1	-1	0	0	0	0	0
10125238	360	2005	-1	0	1	1	-1	0	0	0	0	0
10125239	720	2005	-1	0	1	1	-1	0	0	0	0	0
10125240	2160	2005	-1	0	1	1	-1	0	0	0	0	0
10125241	4320	2005	-1	0	1	1	-1	0	0	0	0	0
10125242	-1	2005	-1	0	1	1	-1	0	0	0	0	0
10125243	24	2005	-1	0	1	1	-1	0	0	0	0	0
10125244	72	2005	-1	0	1	1	-1	0	0	0	0	0
10125245	168	2005	-1	0	1	1	-1	0	0	0	0	0
10125246	360	2005	-1	0	1	1	-1	0	0	0	0	0
10125247	720	2005	-1	0	1	1	-1	0	0	0	0	0
10125248	2160	2005	-1	0	1	1	-1	0	0	0	0	0
10125249	4320	2005	-1	0	1	1	-1	0	0	0	0	0
10125250	-1	2005	-1	0	1	1	-1	0	0	0	0	0
10125251	24	2005	-1	0	1	1	-1	0	0	0	0	0
10125252	72	2005	-1	0	1	1	-1	0	0	0	0	0
10125253	168	2005	-1	0	1	1	-1	0	0	0	0	0
10125254	360	2005	-1	0	1	1	-1	0	0	0	0	0
10125255	720	2005	-1	0	1	1	-1	0	0	0	0	0
10125256	2160	2005	-1	0	1	1	-1	0	0	0	0	0
10125257	4320	2005	-1	0	1	1	-1	0	0	0	0	0
10125258	-1	2005	-1	0	1	1	-1	0	0	0	0	0
10125259	24	2005	-1	0	1	1	-1	0	0	0	0	0
10125260	72	2005	-1	0	1	1	-1	0	0	0	0	0
10125261	168	2005	-1	0	1	1	-1	0	0	0	0	0
10125262	360	2005	-1	0	1	1	-1	0	0	0	0	0
10125263	720	2005	-1	0	1	1	-1	0	0	0	0	0
10125264	2160	2005	-1	0	1	1	-1	0	0	0	0	0
10125265	4320	2005	-1	0	1	1	-1	0	0	0	0	0
10125266	-1	2005	-1	0	1	1	-1	0	0	0	0	0
10125267	24	2005	-1	0	1	1	-1	0	0	0	0	0
10125268	72	2005	-1	0	1	1	-1	0	0	0	0	0
10125269	168	2005	-1	0	1	1	-1	0	0	0	0	0
10125270	360	2005	-1	0	1	1	-1	0	0	0	0	0
10125271	720	2005	-1	0	1	1	-1	0	0	0	0	0
10125272	2160	2005	-1	0	1	1	-1	0	0	0	0	0
10125273	4320	2005	-1	0	1	1	-1	0	0	0	0	0
10125274	-1	2005	-1	0	1	1	-1	0	0	0	0	0
10125275	24	2005	-1	0	1	1	-1	0	0	0	0	0
10125276	72	2005	-1	0	1	1	-1	0	0	0	0	0
10125277	168	2005	-1	0	1	1	-1	0	0	0	0	0
10125278	360	2005	-1	0	1	1	-1	0	0	0	0	0
10125279	720	2005	-1	0	1	1	-1	0	0	0	0	0
10125280	2160	2005	-1	0	1	1	-1	0	0	0	0	0
10125281	4320	2005	-1	0	1	1	-1	0	0	0	0	0
10125282	-1	2005	-1	0	1	1	-1	0	0	0	0	0
10125283	360	2005	-1	0	1	1	-1	0	0	0	0	0
10125284	360	2005	-1	0	1	1	-1	0	0	0	0	0
10125285	360	2005	-1	0	1	1	-1	0	0	0	0	0
10125286	24	2005	-1	0	1	1	-1	0	0	0	0	0
10125287	72	2005	-1	0	1	1	-1	0	0	0	0	0
10125288	168	2005	-1	0	1	1	-1	0	0	0	0	0
10125289	360	2005	-1	0	1	1	-1	0	0	0	0	0
10125290	720	2005	-1	0	1	1	-1	0	0	0	0	0
10125291	2160	2005	-1	0	1	1	-1	0	0	0	0	0
10125292	4320	2005	-1	0	1	1	-1	0	0	0	0	0
10125293	-1	2005	-1	0	1	1	-1	0	0	0	0	0
10125294	24	2005	-1	0	1	1	-1	0	0	0	0	0
10125295	72	2005	-1	0	1	1	-1	0	0	0	0	0
10125296	168	2005	-1	0	1	1	-1	0	0	0	0	0
10125297	360	2005	-1	0	1	1	-1	0	0	0	0	0
10125298	720	2005	-1	0	1	1	-1	0	0	0	0	0
10125299	2160	2005	-1	0	1	1	-1	0	0	0	0	0
10125300	4320	2005	-1	0	1	1	-1	0	0	0	0	0
10125301	-1	2005	-1	0	1	1	-1	0	0	0	0	0
10125302	24	2005	-1	0	1	1	-1	0	0	0	0	0
10125303	72	2005	-1	0	1	1	-1	0	0	0	0	0
10125304	168	2005	-1	0	1	1	-1	0	0	0	0	0
10125305	360	2005	-1	0	1	1	-1	0	0	0	0	0
10125306	720	2005	-1	0	1	1	-1	0	0	0	0	0
10125307	2160	2005	-1	0	1	1	-1	0	0	0	0	0
10125308	4320	2005	-1	0	1	1	-1	0	0	0	0	0
10125309	-1	2005	-1	0	1	1	-1	0	0	0	0	0
10125310	24	2005	-1	0	1	1	-1	0	0	0	0	0
10125311	72	2005	-1	0	1	1	-1	0	0	0	0	0
10125312	168	2005	-1	0	1	1	-1	0	0	0	0	0
10125313	360	2005	-1	0	1	1	-1	0	0	0	0	0
10125314	720	2005	-1	0	1	1	-1	0	0	0	0	0
10125315	2160	2005	-1	0	1	1	-1	0	0	0	0	0
10125316	4320	2005	-1	0	1	1	-1	0	0	0	0	0
10125317	-1	2005	-1	0	1	1	-1	0	0	0	0	0
10125318	24	2005	-1	0	1	1	-1	0	0	0	0	0
10125319	72	2005	-1	0	1	1	-1	0	0	0	0	0
10125320	168	2005	-1	0	1	1	-1	0	0	0	0	0
10125321	360	2005	-1	0	1	1	-1	0	0	0	0	0
10125322	720	2005	-1	0	1	1	-1	0	0	0	0	0
10125323	2160	2005	-1	0	1	1	-1	0	0	0	0	0
10125324	4320	2005	-1	0	1	1	-1	0	0	0	0	0
10125325	-1	2005	-1	0	1	1	-1	0	0	0	0	0
10125326	24	2005	-1	0	1	1	-1	0	0	0	0	0
10125327	72	2005	-1	0	1	1	-1	0	0	0	0	0
10125328	168	2005	-1	0	1	1	-1	0	0	0	0	0
10125329	360	2005	-1	0	1	1	-1	0	0	0	0	0
10125330	720	2005	-1	0	1	1	-1	0	0	0	0	0
10125331	2160	2005	-1	0	1	1	-1	0	0	0	0	0
10125332	4320	2005	-1	0	1	1	-1	0	0	0	0	0
10125333	-1	2005	-1	0	1	1	-1	0	0	0	0	0
10125334	24	2005	-1	0	1	1	-1	0	0	0	0	0
10125335	72	2005	-1	0	1	1	-1	0	0	0	0	0
10125336	168	2005	-1	0	1	1	-1	0	0	0	0	0
10125337	360	2005	-1	0	1	1	-1	0	0	0	0	0
10125338	720	2005	-1	0	1	1	-1	0	0	0	0	0
10125339	2160	2005	-1	0	1	1	-1	0	0	0	0	0
10125340	4320	2005	-1	0	1	1	-1	0	0	0	0	0
10125341	-1	2005	-1	0	1	1	-1	0	0	0	0	0
10125342	24	2005	-1	0	1	1	-1	0	0	0	0	0
10125343	72	2005	-1	0	1	1	-1	0	0	0	0	0
10125344	168	2005	-1	0	1	1	-1	0	0	0	0	0
10125345	360	2005	-1	0	1	1	-1	0	0	0	0	0
10125346	720	2005	-1	0	1	1	-1	0	0	0	0	0
10125347	2160	2005	-1	0	1	1	-1	0	0	0	0	0
10125348	4320	2005	-1	0	1	1	-1	0	0	0	0	0
10125349	-1	2005	-1	0	1	1	-1	0	0	0	0	0
10125350	24	2005	-1	0	1	1	-1	0	0	0	0	0
10125351	72	2005	-1	0	1	1	-1	0	0	0	0	0
10125352	168	2005	-1	0	1	1	-1	0	0	0	0	0
10125353	360	2005	-1	0	1	1	-1	0	0	0	0	0
10125354	720	2005	-1	0	1	1	-1	0	0	0	0	0
10125355	2160	2005	-1	0	1	1	-1	0	0	0	0	0
10125356	4320	2005	-1	0	1	1	-1	0	0	0	0	0
10125357	-1	2005	-1	0	1	1	-1	0	0	0	0	0
10125358	24	2005	-1	0	1	1	-1	0	0	0	0	0
10125359	72	2005	-1	0	1	1	-1	0	0	0	0	0
10125360	168	2005	-1	0	1	1	-1	0	0	0	0	0
10125361	360	2005	-1	0	1	1	-1	0	0	0	0	0
10125362	720	2005	-1	0	1	1	-1	0	0	0	0	0
10125363	2160	2005	-1	0	1	1	-1	0	0	0	0	0
10125364	4320	2005	-1	0	1	1	-1	0	0	0	0	0
10125365	-1	2005	-1	0	1	1	-1	0	0	0	0	0
10125366	24	2005	-1	0	1	1	-1	0	0	0	0	0
10125367	72	2005	-1	0	1	1	-1	0	0	0	0	0
10125368	168	2005	-1	0	1	1	-1	0	0	0	0	0
10125369	360	2005	-1	0	1	1	-1	0	0	0	0	0
10125370	720	2005	-1	0	1	1	-1	0	0	0	0	0
10125371	2160	2005	-1	0	1	1	-1	0	0	0	0	0
10125372	4320	2005	-1	0	1	1	-1	0	0	0	0	0
10125373	-1	2005	-1	0	1	1	-1	0	0	0	0	0
10125374	24	2005	-1	0	1	1	-1	0	0	0	0	0
10125375	72	2005	-1	0	1	1	-1	0	0	0	0	0
10125376	168	2005	-1	0	1	1	-1	0	0	0	0	0
10125377	360	2005	-1	0	1	1	-1	0	0	0	0	0
10125378	720	2005	-1	0	1	1	-1	0	0	0	0	0
10125379	2160	2005	-1	0	1	1	-1	0	0	0	0	0
10125380	4320	2005	-1	0	1	1	-1	0	0	0	0	0
10125381	-1	2005	-1	0	1	1	-1	0	0	0	0	0
10125382	-1	2005	-1	0	1	1	-1	0	0	0	0	0
10125383	-1	2005	-1	0	1	1	-1	0	0	0	0	0
10125384	-1	2005	-1	0	1	1	-1	0	0	0	0	0
10125385	-1	2005	-1	0	1	1	-1	0	0	0	0	0
10125386	-1	2005	-1	0	1	1	-1	0	0	0	0	0
10125387	-1	2005	-1	0	1	1	-1	0	0	0	0	0
10125388	-1	2005	-1	0	1	1	-1	0	0	0	0	0
10125389	-1	2005	-1	0	1	1	-1	0	0	0	0	0
10125390	-1	2005	-1	0	1	1	-1	0	0	0	0	0
10125391	-1	2005	-1	0	1	1	-1	0	0	0	0	0
10125392	-1	2005	-1	0	1	1	-1	0	0	0	0	0
10125393	-1	2005	-1	0	1	1	-1	0	0	0	0	0
10125394	-1	2005	-1	0	1	1	-1	0	0	0	0	0
10125395	-1	2005	-1	0	1	1	-1	0	0	0	0	0
10125396	-1	2005	-1	0	1	1	-1	0	0	0	0	0
10125397	-1	2005	-1	0	1	1	-1	0	0	0	0	0
10125398	-1	2005	-1	0	1	1	-1	0	0	0	0	0
10125399	-1	2005	-1	0	1	1	-1	0	0	0	0	0
10125400	-1	2005	-1	0	1	1	-1	0	0	0	0	0
10125401	-1	2005	-1	0	1	1	-1	0	0	0	0	0
10125402	-1	2005	-1	0	1	1	-1	0	0	0	0	0
10125403	-1	2005	-1	0	1	1	-1	0	0	0	0	0
10125404	-1	2005	-1	0	1	1	-1	0	0	0	0	0
10125405	-1	2005	-1	0	1	1	-1	0	0	0	0	0
10125406	-1	2005	-1	0	1	1	-1	0	0	0	0	0
10125407	-1	2005	-1	0	1	1	-1	0	0	0	0	0
10125408	-1	2005	-1	0	1	1	-1	0	0	0	0	0
10125409	-1	2005	-1	0	1	1	-1	0	0	0	0	0
10125410	-1	2005	-1	0	1	1	-1	0	0	0	0	0
10125411	-1	2005	-1	0	1	1	-1	0	0	0	0	0
10125412	-1	2005	-1	0	1	1	-1	0	0	0	0	0
10125413	-1	2005	-1	0	1	1	-1	0	0	0	0	0
10125414	-1	2005	-1	0	1	1	-1	0	0	0	0	0
10125415	-1	2005	-1	0	1	1	-1	0	0	0	0	0
10125416	-1	2005	-1	0	1	1	-1	0	0	0	0	0
10125417	-1	2005	-1	0	1	1	-1	0	0	0	0	0
10125418	-1	2005	-1	0	1	1	-1	0	0	0	0	0
10125419	-1	2005	-1	0	1	1	-1	0	0	0	0	0
10125420	-1	2005	-1	0	1	1	-1	0	0	0	0	0
10125421	-1	2005	-1	0	1	1	-1	0	0	0	0	0
10125422	-1	2005	-1	0	1	1	-1	0	0	0	0	0
10125423	-1	2005	-1	0	1	1	-1	0	0	0	0	0
10125424	-1	2005	-1	0	1	1	-1	0	0	0	0	0
10125425	-1	2005	-1	0	1	1	-1	0	0	0	0	0
10125426	-1	2005	-1	0	1	1	-1	0	0	0	0	0
10125427	-1	2005	-1	0	1	1	-1	0	0	0	0	0
10125428	-1	2005	-1	0	1	1	-1	0	0	0	0	0
10125429	-1	2005	-1	0	1	1	-1	0	0	0	0	0
10125430	-1	2005	-1	0	1	1	-1	0	0	0	0	0
10125431	-1	2005	-1	0	1	1	-1	0	0	0	0	0
10125432	-1	2005	-1	0	1	1	-1	0	0	0	0	0
10125433	-1	2005	-1	0	1	1	-1	0	0	0	0	0
10125434	-1	2005	-1	0	1	1	-1	0	0	0	0	0
10125435	-1	2005	-1	0	1	1	-1	0	0	0	0	0
10125436	-1	2005	-1	0	1	1	-1	0	0	0	0	0
10125437	-1	2005	-1	0	1	1	-1	0	0	0	0	0
10125438	-1	2005	-1	0	1	1	-1	0	0	0	0	0
10125439	-1	2005	-1	0	1	1	-1	0	0	0	0	0
10125440	-1	2005	-1	0	1	1	-1	0	0	0	0	0
10125441	-1	2005	-1	0	1	1	-1	0	0	0	0	0
10125442	-1	2005	-1	0	1	1	-1	0	0	0	0	0
10125443	-1	2005	-1	0	1	1	-1	0	0	0	0	0
10125444	-1	2005	-1	0	1	1	-1	0	0	0	0	0
10125445	-1	2005	-1	0	1	1	-1	0	0	0	0	0
10125446	-1	2005	-1	0	1	1	-1	0	0	0	0	0
10125447	-1	2005	-1	0	1	1	-1	0	0	0	0	0
10125448	-1	2005	-1	0	1	1	-1	0	0	0	0	0
10125449	-1	2005	-1	0	1	1	-1	0	0	0	0	0
10125450	-1	2005	-1	0	1	1	-1	0	0	0	0	0
10125451	-1	2005	-1	0	1	1	-1	0	0	0	0	0
10125452	-1	2005	-1	0	1	1	-1	0	0	0	0	0
10125453	-1	2005	-1	0	1	1	-1	0	0	0	0	0
10125454	-1	2005	-1	0	1	1	-1	0	0	0	0	0
10125455	-1	2005	-1	0	1	1	-1	0	0	0	0	0
10125456	-1	2005	-1	0	1	1	-1	0	0	0	0	0
10125457	-1	2005	-1	0	1	1	-1	0	0	0	0	0
10125458	-1	2005	-1	0	1	1	-1	0	0	0	0	0
10125459	-1	2005	-1	0	1	1	-1	0	0	0	0	0
10125460	-1	2005	-1	0	1	1	-1	0	0	0	0	0
10125461	-1	2005	-1	0	1	1	-1	0	0	0	0	0
10125462	-1	2005	-1	0	1	1	-1	0	0	0	0	0
10125463	-1	2005	-1	0	1	1	-1	0	0	0	0	0
10125464	-1	2005	-1	0	1	1	-1	0	0	0	0	0
10125465	-1	2005	-1	0	1	1	-1	0	0	0	0	0
10125466	-1	2005	-1	0	1	1	-1	0	0	0	0	0
10125467	-1	2005	-1	0	1	1	-1	0	0	0	0	0
10125468	-1	2005	-1	0	1	1	-1	0	0	0	0	0
10125469	-1	2005	-1	0	1	1	-1	0	0	0	0	0
10125470	-1	2005	-1	0	1	1	-1	0	0	0	0	0
10125471	-1	2005	-1	0	1	1	-1	0	0	0	0	0
10125472	-1	2005	-1	0	1	1	-1	0	0	0	0	0
10125473	-1	2005	-1	0	1	1	-1	0	0	0	0	0
10125474	-1	2005	-1	0	1	1	-1	0	0	0	0	0
10125475	-1	2005	-1	0	1	1	-1	0	0	0	0	0
10125476	-1	2005	-1	0	1	1	-1	0	0	0	0	0
10125477	-1	2005	-1	0	1	1	-1	0	0	0	0	0
10125478	-1	2005	-1	0	1	1	-1	0	0	0	0	0
10125479	-1	2005	-1	0	1	1	-1	0	0	0	0	0
10125480	-1	2005	-1	0	1	1	-1	0	0	0	0	0
10125481	-1	2005	-1	0	1	1	-1	0	0	0	0	0
10125482	24	2005	-1	0	1	1	-1	0	0	0	0	0
10125483	72	2005	-1	0	1	1	-1	0	0	0	0	0
10125484	168	2005	-1	0	1	1	-1	0	0	0	0	0
10125485	360	2005	-1	0	1	1	-1	0	0	0	0	0
10125486	720	2005	-1	0	1	1	-1	0	0	0	0	0
10125487	2160	2005	-1	0	1	1	-1	0	0	0	0	0
10125488	4320	2005	-1	0	1	1	-1	0	0	0	0	0
10125489	-1	2005	-1	0	1	1	-1	0	0	0	0	0
10125490	24	2005	-1	0	1	1	-1	0	0	0	0	0
10125491	72	2005	-1	0	1	1	-1	0	0	0	0	0
10125492	168	2005	-1	0	1	1	-1	0	0	0	0	0
10125493	360	2005	-1	0	1	1	-1	0	0	0	0	0
10125494	720	2005	-1	0	1	1	-1	0	0	0	0	0
10125495	2160	2005	-1	0	1	1	-1	0	0	0	0	0
10125496	4320	2005	-1	0	1	1	-1	0	0	0	0	0
10125497	-1	2005	-1	0	1	1	-1	0	0	0	0	0
10125498	720	2005	-1	0	1	0	-1	0	0	0	0	0
10125499	720	2005	-1	0	1	0	-1	0	0	0	0	0
10125500	720	2005	-1	0	1	0	-1	0	0	0	0	0
10125501	720	2005	-1	0	1	0	-1	0	0	0	0	0
10125502	720	2005	-1	0	1	0	-1	0	0	0	0	0
10125503	720	2005	-1	0	1	0	-1	0	0	0	0	0
10125504	720	2005	-1	0	1	0	-1	0	0	0	0	0
10125505	720	2005	-1	0	1	0	-1	0	0	0	0	0
10125506	720	2005	-1	0	1	0	-1	0	0	0	0	0
10125507	720	2005	-1	0	1	0	-1	0	0	0	0	0
10125508	720	2005	-1	0	1	0	-1	0	0	0	0	0
10125509	720	2005	-1	0	1	0	-1	0	0	0	0	0
10125510	720	2005	-1	0	1	0	-1	0	0	0	0	0
10125511	720	2005	-1	0	1	0	-1	0	0	0	0	0
10125512	720	2005	-1	0	1	0	-1	0	0	0	0	0
10125513	24	2005	-1	0	1	1	-1	0	0	0	0	0
10125514	72	2005	-1	0	1	1	-1	0	0	0	0	0
10125515	168	2005	-1	0	1	1	-1	0	0	0	0	0
10125516	360	2005	-1	0	1	1	-1	0	0	0	0	0
10125517	720	2005	-1	0	1	1	-1	0	0	0	0	0
10125518	2160	2005	-1	0	1	1	-1	0	0	0	0	0
10125519	4320	2005	-1	0	1	1	-1	0	0	0	0	0
10125520	-1	2005	-1	0	1	1	-1	0	0	0	0	0
10125521	24	2005	-1	0	1	1	-1	0	0	0	0	0
10125522	72	2005	-1	0	1	1	-1	0	0	0	0	0
10125523	168	2005	-1	0	1	1	-1	0	0	0	0	0
10125524	360	2005	-1	0	1	1	-1	0	0	0	0	0
10125525	720	2005	-1	0	1	1	-1	0	0	0	0	0
10125526	2160	2005	-1	0	1	1	-1	0	0	0	0	0
10125527	4320	2005	-1	0	1	1	-1	0	0	0	0	0
10125528	-1	2005	-1	0	1	1	-1	0	0	0	0	0
10125529	24	2005	-1	0	1	1	-1	0	0	0	0	0
10125530	72	2005	-1	0	1	1	-1	0	0	0	0	0
10125531	168	2005	-1	0	1	1	-1	0	0	0	0	0
10125532	360	2005	-1	0	1	1	-1	0	0	0	0	0
10125533	720	2005	-1	0	1	1	-1	0	0	0	0	0
10125534	2160	2005	-1	0	1	1	-1	0	0	0	0	0
10125535	4320	2005	-1	0	1	1	-1	0	0	0	0	0
10125536	-1	2005	-1	0	1	1	-1	0	0	0	0	0
10125537	24	2005	-1	0	1	1	-1	0	0	0	0	0
10125538	72	2005	-1	0	1	1	-1	0	0	0	0	0
10125539	168	2005	-1	0	1	1	-1	0	0	0	0	0
10125540	360	2005	-1	0	1	1	-1	0	0	0	0	0
10125541	720	2005	-1	0	1	1	-1	0	0	0	0	0
10125542	2160	2005	-1	0	1	1	-1	0	0	0	0	0
10125543	4320	2005	-1	0	1	1	-1	0	0	0	0	0
10125544	-1	2005	-1	0	1	1	-1	0	0	0	0	0
10125545	24	2005	-1	0	1	1	-1	0	0	0	0	0
10125546	72	2005	-1	0	1	1	-1	0	0	0	0	0
10125547	168	2005	-1	0	1	1	-1	0	0	0	0	0
10125548	360	2005	-1	0	1	1	-1	0	0	0	0	0
10125549	720	2005	-1	0	1	1	-1	0	0	0	0	0
10125550	2160	2005	-1	0	1	1	-1	0	0	0	0	0
10125551	4320	2005	-1	0	1	1	-1	0	0	0	0	0
10125552	-1	2005	-1	0	1	1	-1	0	0	0	0	0
10125553	24	2005	-1	0	1	1	-1	0	0	0	0	0
10125554	72	2005	-1	0	1	1	-1	0	0	0	0	0
10125555	168	2005	-1	0	1	1	-1	0	0	0	0	0
10125556	360	2005	-1	0	1	1	-1	0	0	0	0	0
10125557	720	2005	-1	0	1	1	-1	0	0	0	0	0
10125558	2160	2005	-1	0	1	1	-1	0	0	0	0	0
10125559	4320	2005	-1	0	1	1	-1	0	0	0	0	0
10125560	-1	2005	-1	0	1	1	-1	0	0	0	0	0
10125561	24	2005	-1	0	1	1	-1	0	0	0	0	0
10125562	72	2005	-1	0	1	1	-1	0	0	0	0	0
10125563	168	2005	-1	0	1	1	-1	0	0	0	0	0
10125564	360	2005	-1	0	1	1	-1	0	0	0	0	0
10125565	720	2005	-1	0	1	1	-1	0	0	0	0	0
10125566	2160	2005	-1	0	1	1	-1	0	0	0	0	0
10125567	4320	2005	-1	0	1	1	-1	0	0	0	0	0
10125568	-1	2005	-1	0	1	1	-1	0	0	0	0	0
10125569	24	2005	-1	0	1	1	-1	0	0	0	0	0
10125570	72	2005	-1	0	1	1	-1	0	0	0	0	0
10125571	168	2005	-1	0	1	1	-1	0	0	0	0	0
10125572	360	2005	-1	0	1	1	-1	0	0	0	0	0
10125573	720	2005	-1	0	1	1	-1	0	0	0	0	0
10125574	2160	2005	-1	0	1	1	-1	0	0	0	0	0
10125575	4320	2005	-1	0	1	1	-1	0	0	0	0	0
10125576	-1	2005	-1	0	1	1	-1	0	0	0	0	0
10125577	24	2005	-1	0	1	1	-1	0	0	0	0	0
10125578	72	2005	-1	0	1	1	-1	0	0	0	0	0
10125579	168	2005	-1	0	1	1	-1	0	0	0	0	0
10125580	360	2005	-1	0	1	1	-1	0	0	0	0	0
10125581	720	2005	-1	0	1	1	-1	0	0	0	0	0
10125582	2160	2005	-1	0	1	1	-1	0	0	0	0	0
10125583	4320	2005	-1	0	1	1	-1	0	0	0	0	0
10125584	-1	2005	-1	0	1	1	-1	0	0	0	0	0
10125585	24	2005	-1	0	1	1	-1	0	0	0	0	0
10125586	72	2005	-1	0	1	1	-1	0	0	0	0	0
10125587	168	2005	-1	0	1	1	-1	0	0	0	0	0
10125588	360	2005	-1	0	1	1	-1	0	0	0	0	0
10125589	720	2005	-1	0	1	1	-1	0	0	0	0	0
10125590	2160	2005	-1	0	1	1	-1	0	0	0	0	0
10125591	4320	2005	-1	0	1	1	-1	0	0	0	0	0
10125592	-1	2005	-1	0	1	1	-1	0	0	0	0	0
10125593	1440	2005	-1	0	1	1	-1	0	0	0	0	0
10125594	24	2005	-1	0	1	1	-1	0	0	0	0	0
10125595	72	2005	-1	0	1	1	-1	0	0	0	0	0
10125596	168	2005	-1	0	1	1	-1	0	0	0	0	0
10125597	360	2005	-1	0	1	1	-1	0	0	0	0	0
10125598	720	2005	-1	0	1	1	-1	0	0	0	0	0
10125599	2160	2005	-1	0	1	1	-1	0	0	0	0	0
10125600	4320	2005	-1	0	1	1	-1	0	0	0	0	0
10125601	-1	2005	-1	0	1	1	-1	0	0	0	0	0
10125602	24	2005	-1	0	1	1	-1	0	0	0	0	0
10125603	72	2005	-1	0	1	1	-1	0	0	0	0	0
10125604	168	2005	-1	0	1	1	-1	0	0	0	0	0
10125605	360	2005	-1	0	1	1	-1	0	0	0	0	0
10125606	720	2005	-1	0	1	1	-1	0	0	0	0	0
10125607	2160	2005	-1	0	1	1	-1	0	0	0	0	0
10125608	4320	2005	-1	0	1	1	-1	0	0	0	0	0
10125609	-1	2005	-1	0	1	1	-1	0	0	0	0	0
10125610	24	2005	-1	0	1	1	-1	0	0	0	0	0
10125611	72	2005	-1	0	1	1	-1	0	0	0	0	0
10125612	168	2005	-1	0	1	1	-1	0	0	0	0	0
10125613	360	2005	-1	0	1	1	-1	0	0	0	0	0
10125614	720	2005	-1	0	1	1	-1	0	0	0	0	0
10125615	2160	2005	-1	0	1	1	-1	0	0	0	0	0
10125616	4320	2005	-1	0	1	1	-1	0	0	0	0	0
10125617	-1	2005	-1	0	1	1	-1	0	0	0	0	0
10125618	24	2005	-1	0	1	1	-1	0	0	0	0	0
10125619	72	2005	-1	0	1	1	-1	0	0	0	0	0
10125620	168	2005	-1	0	1	1	-1	0	0	0	0	0
10125621	360	2005	-1	0	1	1	-1	0	0	0	0	0
10125622	720	2005	-1	0	1	1	-1	0	0	0	0	0
10125623	2160	2005	-1	0	1	1	-1	0	0	0	0	0
10125624	4320	2005	-1	0	1	1	-1	0	0	0	0	0
10125625	-1	2005	-1	0	1	1	-1	0	0	0	0	0
10125626	-1	2005	-1	0	1	1	-1	0	0	0	0	0
10125627	24	2005	-1	0	1	1	-1	0	0	0	0	0
10125628	72	2005	-1	0	1	1	-1	0	0	0	0	0
10125629	168	2005	-1	0	1	1	-1	0	0	0	0	0
10125630	360	2005	-1	0	1	1	-1	0	0	0	0	0
10125631	720	2005	-1	0	1	1	-1	0	0	0	0	0
10125632	2160	2005	-1	0	1	1	-1	0	0	0	0	0
10125633	4320	2005	-1	0	1	1	-1	0	0	0	0	0
10125634	-1	2005	-1	0	1	1	-1	0	0	0	0	0
10125635	24	2005	-1	0	1	1	-1	0	0	0	0	0
10125636	72	2005	-1	0	1	1	-1	0	0	0	0	0
10125637	168	2005	-1	0	1	1	-1	0	0	0	0	0
10125638	360	2005	-1	0	1	1	-1	0	0	0	0	0
10125639	720	2005	-1	0	1	1	-1	0	0	0	0	0
10125640	2160	2005	-1	0	1	1	-1	0	0	0	0	0
10125641	4320	2005	-1	0	1	1	-1	0	0	0	0	0
10125642	-1	2005	-1	0	1	1	-1	0	0	0	0	0
10125643	-1	2005	-1	0	1	1	-1	0	0	0	0	0
10125644	24	2005	-1	0	1	1	-1	0	0	0	0	0
10125645	72	2005	-1	0	1	1	-1	0	0	0	0	0
10125646	168	2005	-1	0	1	1	-1	0	0	0	0	0
10125647	360	2005	-1	0	1	1	-1	0	0	0	0	0
10125648	720	2005	-1	0	1	1	-1	0	0	0	0	0
10125649	2160	2005	-1	0	1	1	-1	0	0	0	0	0
10125650	4320	2005	-1	0	1	1	-1	0	0	0	0	0
10125651	-1	2005	-1	0	1	1	-1	0	0	0	0	1
10125652	24	2005	-1	0	1	1	-1	0	0	0	0	0
10125653	72	2005	-1	0	1	1	-1	0	0	0	0	0
10125654	168	2005	-1	0	1	1	-1	0	0	0	0	0
10125655	360	2005	-1	0	1	1	-1	0	0	0	0	0
10125656	720	2005	-1	0	1	1	-1	0	0	0	0	0
10125657	2160	2005	-1	0	1	1	-1	0	0	0	0	0
10125658	4320	2005	-1	0	1	1	-1	0	0	0	0	0
10125659	-1	2005	-1	0	1	1	-1	0	0	0	0	1
10125660	24	2005	-1	0	1	1	-1	0	0	0	0	0
10125661	72	2005	-1	0	1	1	-1	0	0	0	0	0
10125662	168	2005	-1	0	1	1	-1	0	0	0	0	0
10125663	360	2005	-1	0	1	1	-1	0	0	0	0	0
10125664	720	2005	-1	0	1	1	-1	0	0	0	0	0
10125665	2160	2005	-1	0	1	1	-1	0	0	0	0	0
10125666	4320	2005	-1	0	1	1	-1	0	0	0	0	0
10125667	-1	2005	-1	0	1	1	-1	0	0	0	0	0
10125668	24	2005	-1	0	1	1	-1	0	0	0	0	0
10125669	72	2005	-1	0	1	1	-1	0	0	0	0	0
10125670	168	2005	-1	0	1	1	-1	0	0	0	0	0
10125671	360	2005	-1	0	1	1	-1	0	0	0	0	0
10125672	720	2005	-1	0	1	1	-1	0	0	0	0	0
10125673	2160	2005	-1	0	1	1	-1	0	0	0	0	0
10125674	4320	2005	-1	0	1	1	-1	0	0	0	0	0
10125675	-1	2005	-1	0	1	1	-1	0	0	0	0	0
10125676	24	2005	-1	0	1	1	-1	0	0	0	0	0
10125677	72	2005	-1	0	1	1	-1	0	0	0	0	0
10125678	168	2005	-1	0	1	1	-1	0	0	0	0	0
10125679	360	2005	-1	0	1	1	-1	0	0	0	0	0
10125680	720	2005	-1	0	1	1	-1	0	0	0	0	0
10125681	2160	2005	-1	0	1	1	-1	0	0	0	0	0
10125682	4320	2005	-1	0	1	1	-1	0	0	0	0	0
10125683	-1	2005	-1	0	1	1	-1	0	0	0	0	0
10125684	24	2005	-1	0	1	1	-1	0	0	0	0	0
10125685	72	2005	-1	0	1	1	-1	0	0	0	0	0
10125686	168	2005	-1	0	1	1	-1	0	0	0	0	0
10125687	360	2005	-1	0	1	1	-1	0	0	0	0	0
10125688	720	2005	-1	0	1	1	-1	0	0	0	0	0
10125689	2160	2005	-1	0	1	1	-1	0	0	0	0	0
10125690	4320	2005	-1	0	1	1	-1	0	0	0	0	0
10125691	-1	2005	-1	0	1	1	-1	0	0	0	0	0
10125692	24	2005	-1	0	1	1	-1	0	0	0	0	0
10125693	72	2005	-1	0	1	1	-1	0	0	0	0	0
10125694	168	2005	-1	0	1	1	-1	0	0	0	0	0
10125695	360	2005	-1	0	1	1	-1	0	0	0	0	0
10125696	720	2005	-1	0	1	1	-1	0	0	0	0	0
10125697	2160	2005	-1	0	1	1	-1	0	0	0	0	0
10125698	4320	2005	-1	0	1	1	-1	0	0	0	0	0
10125699	-1	2005	-1	0	1	1	-1	0	0	0	0	1
10125700	24	2005	-1	0	1	1	-1	0	0	0	0	0
10125701	72	2005	-1	0	1	1	-1	0	0	0	0	0
10125702	168	2005	-1	0	1	1	-1	0	0	0	0	0
10125703	360	2005	-1	0	1	1	-1	0	0	0	0	0
10125704	720	2005	-1	0	1	1	-1	0	0	0	0	0
10125705	2160	2005	-1	0	1	1	-1	0	0	0	0	0
10125706	4320	2005	-1	0	1	1	-1	0	0	0	0	0
10125707	-1	2005	-1	0	1	1	-1	0	0	0	0	1
10125708	720	2005	-1	0	1	0	-1	0	0	0	0	0
10125709	720	2005	-1	0	1	0	-1	0	0	0	0	0
10125710	720	2005	-1	0	1	0	-1	0	0	0	0	0
10125711	720	2005	-1	0	1	0	-1	0	0	0	0	0
10125712	720	2005	-1	0	1	0	-1	0	0	0	0	0
10125713	720	2005	-1	0	1	0	-1	0	0	0	0	0
10125714	720	2005	-1	0	1	0	-1	0	0	0	0	0
10125715	720	2005	-1	0	1	0	-1	0	0	0	0	0
10125716	720	2005	-1	0	1	0	-1	0	0	0	0	0
10125717	720	2005	-1	0	1	0	-1	0	0	0	0	0
10125718	720	2005	-1	0	1	0	-1	0	0	0	0	0
10125719	720	2005	-1	0	1	0	-1	0	0	0	0	0
10125720	24	2005	-1	0	1	1	-1	0	0	0	0	0
10125721	72	2005	-1	0	1	1	-1	0	0	0	0	0
10125722	168	2005	-1	0	1	1	-1	0	0	0	0	0
10125723	360	2005	-1	0	1	1	-1	0	0	0	0	0
10125724	720	2005	-1	0	1	1	-1	0	0	0	0	0
10125725	2160	2005	-1	0	1	1	-1	0	0	0	0	0
10125726	4320	2005	-1	0	1	1	-1	0	0	0	0	0
10125727	-1	2005	-1	0	1	1	-1	0	0	0	0	0
10125728	24	2005	-1	0	1	1	-1	0	0	0	0	0
10125729	72	2005	-1	0	1	1	-1	0	0	0	0	0
10125730	168	2005	-1	0	1	1	-1	0	0	0	0	0
10125731	360	2005	-1	0	1	1	-1	0	0	0	0	0
10125732	720	2005	-1	0	1	1	-1	0	0	0	0	0
10125733	2160	2005	-1	0	1	1	-1	0	0	0	0	0
10125734	4320	2005	-1	0	1	1	-1	0	0	0	0	0
10125735	-1	2005	-1	0	1	1	-1	0	0	0	0	0
10125736	2160	2005	-1	0	1	1	-1	0	0	0	0	0
10125737	-1	2005	-1	0	1	1	-1	0	0	0	0	0
10125738	24	2005	-1	0	1	1	-1	0	0	0	0	0
10125739	72	2005	-1	0	1	1	-1	0	0	0	0	0
10125740	168	2005	-1	0	1	1	-1	0	0	0	0	0
10125741	360	2005	-1	0	1	1	-1	0	0	0	0	0
10125742	720	2005	-1	0	1	1	-1	0	0	0	0	0
10125743	2160	2005	-1	0	1	1	-1	0	0	0	0	0
10125744	4320	2005	-1	0	1	1	-1	0	0	0	0	0
10125745	-1	2005	-1	0	1	1	-1	0	0	0	0	0
10125746	24	2005	-1	0	1	1	-1	0	0	0	0	0
10125747	72	2005	-1	0	1	1	-1	0	0	0	0	0
10125748	168	2005	-1	0	1	1	-1	0	0	0	0	0
10125749	360	2005	-1	0	1	1	-1	0	0	0	0	0
10125750	720	2005	-1	0	1	1	-1	0	0	0	0	0
10125751	2160	2005	-1	0	1	1	-1	0	0	0	0	0
10125752	4320	2005	-1	0	1	1	-1	0	0	0	0	0
10125753	-1	2005	-1	0	1	1	-1	0	0	0	0	0
10125754	24	2005	-1	0	1	1	-1	0	0	0	0	0
10125755	72	2005	-1	0	1	1	-1	0	0	0	0	0
10125756	168	2005	-1	0	1	1	-1	0	0	0	0	0
10125757	360	2005	-1	0	1	1	-1	0	0	0	0	0
10125758	720	2005	-1	0	1	1	-1	0	0	0	0	0
10125759	2160	2005	-1	0	1	1	-1	0	0	0	0	0
10125760	4320	2005	-1	0	1	1	-1	0	0	0	0	0
10125761	-1	2005	-1	0	1	1	-1	0	0	0	0	0
10125762	24	2005	-1	0	1	1	-1	0	0	0	0	0
10125763	72	2005	-1	0	1	1	-1	0	0	0	0	0
10125764	168	2005	-1	0	1	1	-1	0	0	0	0	0
10125765	360	2005	-1	0	1	1	-1	0	0	0	0	0
10125766	720	2005	-1	0	1	1	-1	0	0	0	0	0
10125767	2160	2005	-1	0	1	1	-1	0	0	0	0	0
10125768	4320	2005	-1	0	1	1	-1	0	0	0	0	0
10125769	-1	2005	-1	0	1	1	-1	0	0	0	0	0
10125770	24	2005	-1	0	1	1	-1	0	0	0	0	0
10125771	72	2005	-1	0	1	1	-1	0	0	0	0	0
10125772	168	2005	-1	0	1	1	-1	0	0	0	0	0
10125773	360	2005	-1	0	1	1	-1	0	0	0	0	0
10125774	720	2005	-1	0	1	1	-1	0	0	0	0	0
10125775	2160	2005	-1	0	1	1	-1	0	0	0	0	0
10125776	4320	2005	-1	0	1	1	-1	0	0	0	0	0
10125777	-1	2005	-1	0	1	1	-1	0	0	0	0	0
10125778	24	2005	-1	0	1	1	-1	0	0	0	0	0
10125779	72	2005	-1	0	1	1	-1	0	0	0	0	0
10125780	168	2005	-1	0	1	1	-1	0	0	0	0	0
10125781	360	2005	-1	0	1	1	-1	0	0	0	0	0
10125782	720	2005	-1	0	1	1	-1	0	0	0	0	0
10125783	2160	2005	-1	0	1	1	-1	0	0	0	0	0
10125784	4320	2005	-1	0	1	1	-1	0	0	0	0	0
10125785	-1	2005	-1	0	1	1	-1	0	0	0	0	0
10125786	1440	2005	-1	0	1	1	-1	0	0	0	0	0
10125787	24	2005	-1	0	1	1	-1	0	0	0	0	0
10125788	72	2005	-1	0	1	1	-1	0	0	0	0	0
10125789	168	2005	-1	0	1	1	-1	0	0	0	0	0
10125790	360	2005	-1	0	1	1	-1	0	0	0	0	0
10125791	720	2005	-1	0	1	1	-1	0	0	0	0	0
10125792	2160	2005	-1	0	1	1	-1	0	0	0	0	0
10125793	4320	2005	-1	0	1	1	-1	0	0	0	0	0
10125794	-1	2005	-1	0	1	1	-1	0	0	0	0	0
10125795	24	2005	-1	0	1	1	-1	0	0	0	0	0
10125796	72	2005	-1	0	1	1	-1	0	0	0	0	0
10125797	168	2005	-1	0	1	1	-1	0	0	0	0	0
10125798	360	2005	-1	0	1	1	-1	0	0	0	0	0
10125799	720	2005	-1	0	1	1	-1	0	0	0	0	0
10125800	2160	2005	-1	0	1	1	-1	0	0	0	0	0
10125801	4320	2005	-1	0	1	1	-1	0	0	0	0	0
10125802	-1	2005	-1	0	1	1	-1	0	0	0	0	0
10125803	24	2005	-1	0	1	1	-1	0	0	0	0	0
10125804	72	2005	-1	0	1	1	-1	0	0	0	0	0
10125805	168	2005	-1	0	1	1	-1	0	0	0	0	0
10125806	360	2005	-1	0	1	1	-1	0	0	0	0	0
10125807	720	2005	-1	0	1	1	-1	0	0	0	0	0
10125808	2160	2005	-1	0	1	1	-1	0	0	0	0	0
10125809	4320	2005	-1	0	1	1	-1	0	0	0	0	0
10125810	-1	2005	-1	0	1	1	-1	0	0	0	0	0
10125811	24	2005	-1	0	1	1	-1	0	0	0	0	0
10125812	72	2005	-1	0	1	1	-1	0	0	0	0	0
10125813	168	2005	-1	0	1	1	-1	0	0	0	0	0
10125814	360	2005	-1	0	1	1	-1	0	0	0	0	0
10125815	720	2005	-1	0	1	1	-1	0	0	0	0	0
10125816	2160	2005	-1	0	1	1	-1	0	0	0	0	0
10125817	4320	2005	-1	0	1	1	-1	0	0	0	0	0
10125818	-1	2005	-1	0	1	1	-1	0	0	0	0	0
10125823	24	2005	-1	0	1	1	-1	0	0	0	0	0
10125824	72	2005	-1	0	1	1	-1	0	0	0	0	0
10125825	168	2005	-1	0	1	1	-1	0	0	0	0	0
10125826	360	2005	-1	0	1	1	-1	0	0	0	0	0
10125827	720	2005	-1	0	1	1	-1	0	0	0	0	0
10125828	2160	2005	-1	0	1	1	-1	0	0	0	0	0
10125829	4320	2005	-1	0	1	1	-1	0	0	0	0	0
10125830	-1	2005	-1	0	1	1	-1	0	0	0	0	0
10125831	24	2005	-1	0	1	1	-1	0	0	0	0	0
10125832	72	2005	-1	0	1	1	-1	0	0	0	0	0
10125833	168	2005	-1	0	1	1	-1	0	0	0	0	0
10125834	360	2005	-1	0	1	1	-1	0	0	0	0	0
10125835	720	2005	-1	0	1	1	-1	0	0	0	0	0
10125836	2160	2005	-1	0	1	1	-1	0	0	0	0	0
10125837	4320	2005	-1	0	1	1	-1	0	0	0	0	0
10125838	-1	2005	-1	0	1	1	-1	0	0	0	0	0
10125839	24	2005	-1	0	1	1	-1	0	0	0	0	0
10125840	72	2005	-1	0	1	1	-1	0	0	0	0	0
10125841	168	2005	-1	0	1	1	-1	0	0	0	0	0
10125842	360	2005	-1	0	1	1	-1	0	0	0	0	0
10125843	720	2005	-1	0	1	1	-1	0	0	0	0	0
10125844	2160	2005	-1	0	1	1	-1	0	0	0	0	0
10125845	4320	2005	-1	0	1	1	-1	0	0	0	0	0
10125846	-1	2005	-1	0	1	1	-1	0	0	0	1	0
10125847	24	2005	-1	0	1	1	-1	0	0	0	0	0
10125848	72	2005	-1	0	1	1	-1	0	0	0	0	0
10125849	168	2005	-1	0	1	1	-1	0	0	0	0	0
10125850	360	2005	-1	0	1	1	-1	0	0	0	0	0
10125851	720	2005	-1	0	1	1	-1	0	0	0	0	0
10125852	2160	2005	-1	0	1	1	-1	0	0	0	0	0
10125853	4320	2005	-1	0	1	1	-1	0	0	0	0	0
10125854	-1	2005	-1	0	1	1	-1	0	0	0	1	0
10125855	24	2005	-1	0	1	1	-1	0	0	0	0	0
10125856	72	2005	-1	0	1	1	-1	0	0	0	0	0
10125857	168	2005	-1	0	1	1	-1	0	0	0	0	0
10125858	360	2005	-1	0	1	1	-1	0	0	0	0	0
10125859	720	2005	-1	0	1	1	-1	0	0	0	0	0
10125860	2160	2005	-1	0	1	1	-1	0	0	0	0	0
10125861	4320	2005	-1	0	1	1	-1	0	0	0	0	0
10125862	-1	2005	-1	0	1	1	-1	0	0	0	0	0
10125863	24	2005	-1	0	1	1	-1	0	0	0	0	0
10125864	72	2005	-1	0	1	1	-1	0	0	0	0	0
10125865	168	2005	-1	0	1	1	-1	0	0	0	0	0
10125866	360	2005	-1	0	1	1	-1	0	0	0	0	0
10125867	720	2005	-1	0	1	1	-1	0	0	0	0	0
10125868	2160	2005	-1	0	1	1	-1	0	0	0	0	0
10125869	4320	2005	-1	0	1	1	-1	0	0	0	0	0
10125870	-1	2005	-1	0	1	1	-1	0	0	0	0	0
10125871	24	2005	-1	0	1	1	-1	0	0	0	0	0
10125872	72	2005	-1	0	1	1	-1	0	0	0	0	0
10125873	168	2005	-1	0	1	1	-1	0	0	0	0	0
10125874	360	2005	-1	0	1	1	-1	0	0	0	0	0
10125875	720	2005	-1	0	1	1	-1	0	0	0	0	0
10125876	2160	2005	-1	0	1	1	-1	0	0	0	0	0
10125877	4320	2005	-1	0	1	1	-1	0	0	0	0	0
10125878	-1	2005	-1	0	1	1	-1	0	0	0	0	0
10125879	24	2005	-1	0	1	1	-1	0	0	0	0	0
10125880	72	2005	-1	0	1	1	-1	0	0	0	0	0
10125881	168	2005	-1	0	1	1	-1	0	0	0	0	0
10125882	360	2005	-1	0	1	1	-1	0	0	0	0	0
10125883	720	2005	-1	0	1	1	-1	0	0	0	0	0
10125884	2160	2005	-1	0	1	1	-1	0	0	0	0	0
10125885	4320	2005	-1	0	1	1	-1	0	0	0	0	0
10125886	-1	2005	-1	0	1	1	-1	0	0	0	0	0
10125887	24	2005	-1	0	1	1	-1	0	0	0	0	0
10125888	72	2005	-1	0	1	1	-1	0	0	0	0	0
10125889	168	2005	-1	0	1	1	-1	0	0	0	0	0
10125890	360	2005	-1	0	1	1	-1	0	0	0	0	0
10125891	720	2005	-1	0	1	1	-1	0	0	0	0	0
10125892	2160	2005	-1	0	1	1	-1	0	0	0	0	0
10125893	4320	2005	-1	0	1	1	-1	0	0	0	0	0
10125894	-1	2005	-1	0	1	1	-1	0	0	0	0	0
10125895	24	2005	-1	0	1	1	-1	0	0	0	0	0
10125896	72	2005	-1	0	1	1	-1	0	0	0	0	0
10125897	168	2005	-1	0	1	1	-1	0	0	0	0	0
10125898	360	2005	-1	0	1	1	-1	0	0	0	0	0
10125899	720	2005	-1	0	1	1	-1	0	0	0	0	0
10125900	2160	2005	-1	0	1	1	-1	0	0	0	0	0
10125901	4320	2005	-1	0	1	1	-1	0	0	0	0	0
10125902	-1	2005	-1	0	1	1	-1	0	0	0	0	0
10125903	1440	2005	-1	0	1	1	-1	0	0	0	0	0
10125904	1440	2005	-1	0	1	1	-1	0	0	0	0	0
10125905	1440	2005	-1	0	1	1	-1	0	0	0	0	0
10125906	8640	2005	-1	0	1	1	-1	0	0	0	0	0
10125907	8640	2005	-1	0	1	1	-1	0	0	0	0	0
10125908	8640	2005	-1	0	1	1	-1	0	0	0	0	0
10125909	24	2005	-1	0	1	1	-1	0	0	0	0	0
10125910	72	2005	-1	0	1	1	-1	0	0	0	0	0
10125911	168	2005	-1	0	1	1	-1	0	0	0	0	0
10125912	360	2005	-1	0	1	1	-1	0	0	0	0	0
10125913	720	2005	-1	0	1	1	-1	0	0	0	0	0
10125914	2160	2005	-1	0	1	1	-1	0	0	0	0	0
10125915	4320	2005	-1	0	1	1	-1	0	0	0	0	0
10125916	-1	2005	-1	0	1	1	-1	0	0	0	0	0
10125917	24	2005	-1	0	1	1	-1	0	0	0	0	0
10125918	72	2005	-1	0	1	1	-1	0	0	0	0	0
10125919	168	2005	-1	0	1	1	-1	0	0	0	0	0
10125920	360	2005	-1	0	1	1	-1	0	0	0	0	0
10125921	720	2005	-1	0	1	1	-1	0	0	0	0	0
10125922	2160	2005	-1	0	1	1	-1	0	0	0	0	0
10125923	4320	2005	-1	0	1	1	-1	0	0	0	0	0
10125924	-1	2005	-1	0	1	1	-1	0	0	0	0	0
10125925	24	2005	-1	0	1	1	-1	0	0	0	0	0
10125926	72	2005	-1	0	1	1	-1	0	0	0	0	0
10125927	168	2005	-1	0	1	1	-1	0	0	0	0	0
10125928	360	2005	-1	0	1	1	-1	0	0	0	0	0
10125929	720	2005	-1	0	1	1	-1	0	0	0	0	0
10125930	2160	2005	-1	0	1	1	-1	0	0	0	0	0
10125931	4320	2005	-1	0	1	1	-1	0	0	0	0	0
10125932	-1	2005	-1	0	1	1	-1	0	0	0	0	0
10125933	24	2005	-1	0	1	1	-1	0	0	0	0	0
10125934	72	2005	-1	0	1	1	-1	0	0	0	0	0
10125935	168	2005	-1	0	1	1	-1	0	0	0	0	0
10125936	360	2005	-1	0	1	1	-1	0	0	0	0	0
10125937	720	2005	-1	0	1	1	-1	0	0	0	0	0
10125938	2160	2005	-1	0	1	1	-1	0	0	0	0	0
10125939	4320	2005	-1	0	1	1	-1	0	0	0	0	0
10125940	-1	2005	-1	0	1	1	-1	0	0	0	0	0
10125942	-1	2005	-1	0	1	0	-1	0	0	0	0	0
10125943	-1	2005	-1	0	1	0	-1	0	0	0	0	0
10125944	720	2005	-1	0	1	0	-1	0	0	0	0	0
10125945	1440	2005	-1	0	1	1	-1	0	0	0	0	0
10125946	1440	2005	-1	0	1	1	-1	0	0	0	0	0
10125947	24	2005	-1	0	1	1	-1	0	0	0	0	0
10125948	72	2005	-1	0	1	1	-1	0	0	0	0	0
10125949	168	2005	-1	0	1	1	-1	0	0	0	0	0
10125950	360	2005	-1	0	1	1	-1	0	0	0	0	0
10125951	720	2005	-1	0	1	1	-1	0	0	0	0	0
10125952	2160	2005	-1	0	1	1	-1	0	0	0	0	0
10125953	4320	2005	-1	0	1	1	-1	0	0	0	0	0
10125954	-1	2005	-1	0	1	1	-1	0	0	0	0	0
10125955	24	2005	-1	0	1	1	-1	0	0	0	0	0
10125956	72	2005	-1	0	1	1	-1	0	0	0	0	0
10125957	168	2005	-1	0	1	1	-1	0	0	0	0	0
10125958	360	2005	-1	0	1	1	-1	0	0	0	0	0
10125959	720	2005	-1	0	1	1	-1	0	0	0	0	0
10125960	2160	2005	-1	0	1	1	-1	0	0	0	0	0
10125961	4320	2005	-1	0	1	1	-1	0	0	0	0	0
10125962	-1	2005	-1	0	1	1	-1	0	0	0	0	0
10125963	720	2005	-1	0	1	0	-1	0	0	0	0	0
10125964	720	2005	-1	0	1	0	-1	0	0	0	0	0
10125965	720	2005	-1	0	1	0	-1	0	0	0	0	0
10125966	720	2005	-1	0	1	0	-1	0	0	0	0	0
10125967	720	2005	-1	0	1	0	-1	0	0	0	0	0
10125968	720	2005	-1	0	1	0	-1	0	0	0	0	0
10125969	24	2005	-1	0	1	1	-1	0	0	0	0	0
10125970	72	2005	-1	0	1	1	-1	0	0	0	0	0
10125971	168	2005	-1	0	1	1	-1	0	0	0	0	0
10125972	360	2005	-1	0	1	1	-1	0	0	0	0	0
10125973	720	2005	-1	0	1	1	-1	0	0	0	0	0
10125974	2160	2005	-1	0	1	1	-1	0	0	0	0	0
10125975	4320	2005	-1	0	1	1	-1	0	0	0	0	0
10125976	-1	2005	-1	0	1	1	-1	0	0	0	0	0
10125977	24	2005	-1	0	1	1	-1	0	0	0	0	0
10125978	72	2005	-1	0	1	1	-1	0	0	0	0	0
10125979	168	2005	-1	0	1	1	-1	0	0	0	0	0
10125980	360	2005	-1	0	1	1	-1	0	0	0	0	0
10125981	720	2005	-1	0	1	1	-1	0	0	0	0	0
10125982	2160	2005	-1	0	1	1	-1	0	0	0	0	0
10125983	4320	2005	-1	0	1	1	-1	0	0	0	0	0
10125984	-1	2005	-1	0	1	1	-1	0	0	0	0	0
10125985	24	2005	-1	0	1	1	-1	0	0	0	0	0
10125986	72	2005	-1	0	1	1	-1	0	0	0	0	0
10125987	168	2005	-1	0	1	1	-1	0	0	0	0	0
10125988	360	2005	-1	0	1	1	-1	0	0	0	0	0
10125989	720	2005	-1	0	1	1	-1	0	0	0	0	0
10125990	2160	2005	-1	0	1	1	-1	0	0	0	0	0
10125991	4320	2005	-1	0	1	1	-1	0	0	0	0	0
10125992	-1	2005	-1	0	1	1	-1	0	0	0	0	0
10125993	24	2005	-1	0	1	1	-1	0	0	0	0	0
10125994	72	2005	-1	0	1	1	-1	0	0	0	0	0
10125995	168	2005	-1	0	1	1	-1	0	0	0	0	0
10125996	360	2005	-1	0	1	1	-1	0	0	0	0	0
10125997	720	2005	-1	0	1	1	-1	0	0	0	0	0
10125998	2160	2005	-1	0	1	1	-1	0	0	0	0	0
10125999	4320	2005	-1	0	1	1	-1	0	0	0	0	0
10126001	-1	2005	-1	0	1	1	-1	0	0	0	0	0
10126002	24	2005	-1	0	1	1	-1	0	0	0	0	0
10126003	72	2005	-1	0	1	1	-1	0	0	0	0	0
10126004	168	2005	-1	0	1	1	-1	0	0	0	0	0
10126005	360	2005	-1	0	1	1	-1	0	0	0	0	0
10126006	720	2005	-1	0	1	1	-1	0	0	0	0	0
10126007	2160	2005	-1	0	1	1	-1	0	0	0	0	0
10126008	4320	2005	-1	0	1	1	-1	0	0	0	0	0
10126009	-1	2005	-1	0	1	1	-1	0	0	0	0	0
10126010	24	2005	-1	0	1	1	-1	0	0	0	0	0
10126011	72	2005	-1	0	1	1	-1	0	0	0	0	0
10126012	168	2005	-1	0	1	1	-1	0	0	0	0	0
10126013	360	2005	-1	0	1	1	-1	0	0	0	0	0
10126014	720	2005	-1	0	1	1	-1	0	0	0	0	0
10126015	2160	2005	-1	0	1	1	-1	0	0	0	0	0
10126016	4320	2005	-1	0	1	1	-1	0	0	0	0	0
10126017	-1	2005	-1	0	1	1	-1	0	0	0	0	0
10126018	24	2005	-1	0	1	1	-1	0	0	0	0	0
10126019	72	2005	-1	0	1	1	-1	0	0	0	0	0
10126020	168	2005	-1	0	1	1	-1	0	0	0	0	0
10126021	360	2005	-1	0	1	1	-1	0	0	0	0	0
10126022	720	2005	-1	0	1	1	-1	0	0	0	0	0
10126023	2160	2005	-1	0	1	1	-1	0	0	0	0	0
10126024	4320	2005	-1	0	1	1	-1	0	0	0	0	0
10126025	-1	2005	-1	0	1	1	-1	0	0	0	0	0
10126026	24	2005	-1	0	1	1	-1	0	0	0	0	0
10126027	72	2005	-1	0	1	1	-1	0	0	0	0	0
10126028	168	2005	-1	0	1	1	-1	0	0	0	0	0
10126029	360	2005	-1	0	1	1	-1	0	0	0	0	0
10126030	720	2005	-1	0	1	1	-1	0	0	0	0	0
10126031	2160	2005	-1	0	1	1	-1	0	0	0	0	0
10126032	4320	2005	-1	0	1	1	-1	0	0	0	0	0
10126033	-1	2005	-1	0	1	1	-1	0	0	0	0	0
10126034	-1	2005	-1	0	1	1	-1	0	0	0	0	0
10126035	-1	2005	-1	0	1	1	-1	0	0	0	0	0
10126036	-1	2005	-1	0	1	1	-1	0	0	0	0	0
10126037	-1	2005	-1	0	1	1	-1	0	0	0	0	0
10126038	-1	2005	-1	0	1	1	-1	0	0	0	0	0
10126039	-1	2005	-1	0	1	1	-1	0	0	0	0	0
10126040	-1	2005	-1	0	1	1	-1	0	0	0	0	0
10126041	-1	2005	-1	0	1	1	-1	0	0	0	0	0
10126042	-1	2005	-1	0	1	1	-1	0	0	0	0	0
10126043	-1	2005	-1	0	1	1	-1	0	0	0	0	0
10126044	-1	2005	-1	0	1	1	-1	0	0	0	0	0
10126045	-1	2005	-1	0	1	1	-1	0	0	0	0	0
10126046	-1	2005	-1	0	1	1	-1	0	0	0	0	0
10126047	-1	2005	-1	0	1	1	-1	0	0	0	0	0
10126048	-1	2005	-1	0	1	1	-1	0	0	0	0	0
10126049	-1	2005	-1	0	1	1	-1	0	0	0	0	0
10126050	-1	2005	-1	0	1	1	-1	0	0	0	0	0
10126051	-1	2005	-1	0	1	1	-1	0	0	0	0	0
10126052	-1	2005	-1	0	1	1	-1	0	0	0	0	0
10126053	-1	2005	-1	0	1	1	-1	0	0	0	0	0
10126054	-1	2005	-1	0	1	1	-1	0	0	0	0	0
10126055	-1	2005	-1	0	1	1	-1	0	0	0	0	0
10126056	-1	2005	-1	0	1	1	-1	0	0	0	0	0
10126057	-1	2005	-1	0	1	1	-1	0	0	0	0	0
10126058	-1	2005	-1	0	1	1	-1	0	0	0	0	0
10126059	-1	2005	-1	0	1	1	-1	0	0	0	0	0
10126060	-1	2005	-1	0	1	1	-1	0	0	0	0	0
10126061	-1	2005	-1	0	1	1	-1	0	0	0	0	0
10126062	-1	2005	-1	0	1	1	-1	0	0	0	0	0
10126063	-1	2005	-1	0	1	1	-1	0	0	0	0	0
10126064	-1	2005	-1	0	1	1	-1	0	0	0	0	0
10126065	-1	2005	-1	0	1	1	-1	0	0	0	0	0
10126066	-1	2005	-1	0	1	1	-1	0	0	0	0	0
10126067	-1	2005	-1	0	1	1	-1	0	0	0	0	0
10126068	-1	2005	-1	0	1	1	-1	0	0	0	0	0
10126069	-1	2005	-1	0	1	1	-1	0	0	0	0	0
10126070	-1	2005	-1	0	1	1	-1	0	0	0	0	0
10126071	-1	2005	-1	0	1	1	-1	0	0	0	0	0
10126072	-1	2005	-1	0	1	1	-1	0	0	0	0	0
10126073	-1	2005	-1	0	1	1	-1	0	0	0	0	0
10126074	-1	2005	-1	0	1	1	-1	0	0	0	0	0
10126075	-1	2005	-1	0	1	1	-1	0	0	0	0	0
10126076	-1	2005	-1	0	1	1	-1	0	0	0	0	0
10126077	-1	2005	-1	0	1	1	-1	0	0	0	0	0
10126078	-1	2005	-1	0	1	1	-1	0	0	0	0	0
10126079	-1	2005	-1	0	1	1	-1	0	0	0	0	0
10126080	-1	2005	-1	0	1	1	-1	0	0	0	0	0
10126081	-1	2005	-1	0	1	1	-1	0	0	0	0	0
10126082	-1	2005	-1	0	1	1	-1	0	0	0	0	0
10126083	-1	2005	-1	0	1	1	-1	0	0	0	0	0
10126084	-1	2005	-1	0	1	1	-1	0	0	0	0	0
10126085	-1	2005	-1	0	1	1	-1	0	0	0	0	0
10126086	-1	2005	-1	0	1	1	-1	0	0	0	0	0
10126087	-1	2005	-1	0	1	1	-1	0	0	0	0	0
10126088	-1	2005	-1	0	1	1	-1	0	0	0	0	0
10126089	-1	2005	-1	0	1	1	-1	0	0	0	0	0
10126090	-1	2005	-1	0	1	1	-1	0	0	0	0	0
10126091	-1	2005	-1	0	1	1	-1	0	0	0	0	0
10126092	-1	2005	-1	0	1	1	-1	0	0	0	0	0
10126093	-1	2005	-1	0	1	1	-1	0	0	0	0	0
10126094	-1	2005	-1	0	1	1	-1	0	0	0	0	0
10126095	-1	2005	-1	0	1	1	-1	0	0	0	0	0
10126096	-1	2005	-1	0	1	1	-1	0	0	0	0	0
10126097	-1	2005	-1	0	1	1	-1	0	0	0	0	0
10126098	-1	2005	-1	0	1	1	-1	0	0	0	0	0
10126099	-1	2005	-1	0	1	1	-1	0	0	0	0	0
10126100	-1	2005	-1	0	1	1	-1	0	0	0	0	0
10126101	-1	2005	-1	0	1	1	-1	0	0	0	0	0
10126102	-1	2005	-1	0	1	1	-1	0	0	0	0	0
10126103	-1	2005	-1	0	1	1	-1	0	0	0	0	0
10126104	-1	2005	-1	0	1	1	-1	0	0	0	0	0
10126105	-1	2005	-1	0	1	1	-1	0	0	0	0	0
10126106	-1	2005	-1	0	1	1	-1	0	0	0	0	0
10126107	-1	2005	-1	0	1	1	-1	0	0	0	0	0
10126108	-1	2005	-1	0	1	1	-1	0	0	0	0	0
10126109	-1	2005	-1	0	1	1	-1	0	0	0	0	0
10126110	-1	2005	-1	0	1	1	-1	0	0	0	0	0
10126111	-1	2005	-1	0	1	1	-1	0	0	0	0	0
10126112	-1	2005	-1	0	1	1	-1	0	0	0	0	0
10126113	-1	2005	-1	0	1	1	-1	0	0	0	0	0
10126114	-1	2005	-1	0	1	1	-1	0	0	0	0	0
10126115	-1	2005	-1	0	1	1	-1	0	0	0	0	0
10126116	-1	2005	-1	0	1	1	-1	0	0	0	0	0
10126117	-1	2005	-1	0	1	1	-1	0	0	0	0	0
10126118	-1	2005	-1	0	1	1	-1	0	0	0	0	0
10126119	-1	2005	-1	0	1	1	-1	0	0	0	0	0
10126120	-1	2005	-1	0	1	1	-1	0	0	0	0	0
10126121	-1	2005	-1	0	1	1	-1	0	0	0	0	0
10126122	-1	2005	-1	0	1	1	-1	0	0	0	0	0
10126123	-1	2005	-1	0	1	1	-1	0	0	0	0	0
10126124	-1	2005	-1	0	1	1	-1	0	0	0	0	0
10126125	-1	2005	-1	0	1	1	-1	0	0	0	0	0
10126126	-1	2005	-1	0	1	1	-1	0	0	0	0	0
10126127	-1	2005	-1	0	1	1	-1	0	0	0	0	0
10126128	-1	2005	-1	0	1	1	-1	0	0	0	0	0
10126129	-1	2005	-1	0	1	1	-1	0	0	0	0	0
10126130	-1	2005	-1	0	1	1	-1	0	0	0	0	0
10126131	-1	2005	-1	0	1	1	-1	0	0	0	0	0
10126132	-1	2005	-1	0	1	1	-1	0	0	0	0	0
10126133	-1	2005	-1	0	1	1	-1	0	0	0	0	0
10126134	720	2005	-1	0	1	0	-1	0	0	0	0	0
10126135	720	2005	-1	0	1	0	-1	0	0	0	0	0
10126136	720	2005	-1	0	1	0	-1	0	0	0	0	0
10126137	720	2005	-1	0	1	0	-1	0	0	0	0	0
10126138	720	2005	-1	0	1	0	-1	0	0	0	0	0
10126139	720	2005	-1	0	1	0	-1	0	0	0	0	0
10126140	24	2005	-1	0	1	1	-1	0	0	0	0	0
10126141	72	2005	-1	0	1	1	-1	0	0	0	0	0
10126142	168	2005	-1	0	1	1	-1	0	0	0	0	0
10126143	360	2005	-1	0	1	1	-1	0	0	0	0	0
10126144	720	2005	-1	0	1	1	-1	0	0	0	0	0
10126145	2160	2005	-1	0	1	1	-1	0	0	0	0	0
10126146	4320	2005	-1	0	1	1	-1	0	0	0	0	0
10126147	-1	2005	-1	0	1	1	-1	0	0	0	0	0
10126148	24	2005	-1	0	1	1	-1	0	0	0	0	0
10126149	72	2005	-1	0	1	1	-1	0	0	0	0	0
10126150	168	2005	-1	0	1	1	-1	0	0	0	0	0
10126151	360	2005	-1	0	1	1	-1	0	0	0	0	0
10126152	720	2005	-1	0	1	1	-1	0	0	0	0	0
10126153	2160	2005	-1	0	1	1	-1	0	0	0	0	0
10126154	4320	2005	-1	0	1	1	-1	0	0	0	0	0
10126155	-1	2005	-1	0	1	1	-1	0	0	0	0	0
10126156	24	2005	-1	0	1	1	-1	0	0	0	0	0
10126157	72	2005	-1	0	1	1	-1	0	0	0	0	0
10126158	168	2005	-1	0	1	1	-1	0	0	0	0	0
10126159	360	2005	-1	0	1	1	-1	0	0	0	0	0
10126160	720	2005	-1	0	1	1	-1	0	0	0	0	0
10126161	2160	2005	-1	0	1	1	-1	0	0	0	0	0
10126162	4320	2005	-1	0	1	1	-1	0	0	0	0	0
10126163	-1	2005	-1	0	1	1	-1	0	0	0	0	0
10126164	24	2005	-1	0	1	1	-1	0	0	0	0	0
10126165	72	2005	-1	0	1	1	-1	0	0	0	0	0
10126166	168	2005	-1	0	1	1	-1	0	0	0	0	0
10126167	360	2005	-1	0	1	1	-1	0	0	0	0	0
10126168	720	2005	-1	0	1	1	-1	0	0	0	0	0
10126169	2160	2005	-1	0	1	1	-1	0	0	0	0	0
10126170	4320	2005	-1	0	1	1	-1	0	0	0	0	0
10126171	-1	2005	-1	0	1	1	-1	0	0	0	0	0
10126172	24	2005	-1	0	1	1	-1	0	0	0	0	0
10126173	72	2005	-1	0	1	1	-1	0	0	0	0	0
10126174	168	2005	-1	0	1	1	-1	0	0	0	0	0
10126175	360	2005	-1	0	1	1	-1	0	0	0	0	0
10126176	720	2005	-1	0	1	1	-1	0	0	0	0	0
10126177	2160	2005	-1	0	1	1	-1	0	0	0	0	0
10126178	4320	2005	-1	0	1	1	-1	0	0	0	0	0
10126179	-1	2005	-1	0	1	1	-1	0	0	0	0	0
10126180	24	2005	-1	0	1	1	-1	0	0	0	0	0
10126181	72	2005	-1	0	1	1	-1	0	0	0	0	0
10126182	168	2005	-1	0	1	1	-1	0	0	0	0	0
10126183	360	2005	-1	0	1	1	-1	0	0	0	0	0
10126184	720	2005	-1	0	1	1	-1	0	0	0	0	0
10126185	2160	2005	-1	0	1	1	-1	0	0	0	0	0
10126186	4320	2005	-1	0	1	1	-1	0	0	0	0	0
10126187	-1	2005	-1	0	1	1	-1	0	0	0	0	0
10126188	24	2005	-1	0	1	1	-1	0	0	0	0	0
10126189	72	2005	-1	0	1	1	-1	0	0	0	0	0
10126190	168	2005	-1	0	1	1	-1	0	0	0	0	0
10126191	360	2005	-1	0	1	1	-1	0	0	0	0	0
10126192	720	2005	-1	0	1	1	-1	0	0	0	0	0
10126193	2160	2005	-1	0	1	1	-1	0	0	0	0	0
10126194	4320	2005	-1	0	1	1	-1	0	0	0	0	0
10126195	-1	2005	-1	0	1	1	-1	0	0	0	0	0
10126196	24	2005	-1	0	1	1	-1	0	0	0	0	0
10126197	72	2005	-1	0	1	1	-1	0	0	0	0	0
10126198	168	2005	-1	0	1	1	-1	0	0	0	0	0
10126199	360	2005	-1	0	1	1	-1	0	0	0	0	0
10126200	720	2005	-1	0	1	1	-1	0	0	0	0	0
10126201	2160	2005	-1	0	1	1	-1	0	0	0	0	0
10126202	4320	2005	-1	0	1	1	-1	0	0	0	0	0
10126203	-1	2005	-1	0	1	1	-1	0	0	0	0	0
10126204	1440	2005	-1	0	1	1	-1	0	0	0	0	0
10126205	24	2005	-1	0	1	1	-1	0	0	0	0	0
10126206	72	2005	-1	0	1	1	-1	0	0	0	0	0
10126207	168	2005	-1	0	1	1	-1	0	0	0	0	0
10126208	360	2005	-1	0	1	1	-1	0	0	0	0	0
10126209	720	2005	-1	0	1	1	-1	0	0	0	0	0
10126210	2160	2005	-1	0	1	1	-1	0	0	0	0	0
10126211	4320	2005	-1	0	1	1	-1	0	0	0	0	0
10126212	-1	2005	-1	0	1	1	-1	0	0	0	0	0
10126213	24	2005	-1	0	1	1	-1	0	0	0	0	0
10126214	72	2005	-1	0	1	1	-1	0	0	0	0	0
10126215	168	2005	-1	0	1	1	-1	0	0	0	0	0
10126216	360	2005	-1	0	1	1	-1	0	0	0	0	0
10126217	720	2005	-1	0	1	1	-1	0	0	0	0	0
10126218	2160	2005	-1	0	1	1	-1	0	0	0	0	0
10126219	4320	2005	-1	0	1	1	-1	0	0	0	0	0
10126220	-1	2005	-1	0	1	1	-1	0	0	0	0	0
10126237	24	2005	-1	0	1	1	-1	0	0	0	0	0
10126238	72	2005	-1	0	1	1	-1	0	0	0	0	0
10126239	168	2005	-1	0	1	1	-1	0	0	0	0	0
10126240	360	2005	-1	0	1	1	-1	0	0	0	0	0
10126241	720	2005	-1	0	1	1	-1	0	0	0	0	0
10126242	2160	2005	-1	0	1	1	-1	0	0	0	0	0
10126243	4320	2005	-1	0	1	1	-1	0	0	0	0	0
10126244	-1	2005	-1	0	1	1	-1	0	0	0	0	0
10126245	24	2005	-1	0	1	1	-1	0	0	0	0	0
10126246	72	2005	-1	0	1	1	-1	0	0	0	0	0
10126247	168	2005	-1	0	1	1	-1	0	0	0	0	0
10126248	360	2005	-1	0	1	1	-1	0	0	0	0	0
10126249	720	2005	-1	0	1	1	-1	0	0	0	0	0
10126250	2160	2005	-1	0	1	1	-1	0	0	0	0	0
10126251	4320	2005	-1	0	1	1	-1	0	0	0	0	0
10126252	-1	2005	-1	0	1	1	-1	0	0	0	0	0
10126253	24	2005	-1	0	1	1	-1	0	0	0	0	0
10126254	72	2005	-1	0	1	1	-1	0	0	0	0	0
10126255	168	2005	-1	0	1	1	-1	0	0	0	0	0
10126256	360	2005	-1	0	1	1	-1	0	0	0	0	0
10126257	720	2005	-1	0	1	1	-1	0	0	0	0	0
10126258	2160	2005	-1	0	1	1	-1	0	0	0	0	0
10126259	4320	2005	-1	0	1	1	-1	0	0	0	0	0
10126260	-1	2005	-1	0	1	1	-1	0	0	0	0	0
10126261	24	2005	-1	0	1	1	-1	0	0	0	0	0
10126262	72	2005	-1	0	1	1	-1	0	0	0	0	0
10126263	168	2005	-1	0	1	1	-1	0	0	0	0	0
10126264	360	2005	-1	0	1	1	-1	0	0	0	0	0
10126265	720	2005	-1	0	1	1	-1	0	0	0	0	0
10126266	2160	2005	-1	0	1	1	-1	0	0	0	0	0
10126267	4320	2005	-1	0	1	1	-1	0	0	0	0	0
10126268	-1	2005	-1	0	1	1	-1	0	0	0	0	0
10126269	360	2005	-1	0	1	1	-1	0	0	0	0	0
10126270	360	2005	-1	0	1	1	-1	0	0	0	0	0
10126271	360	2005	-1	0	1	1	-1	0	0	0	0	0
10126272	24	2005	-1	0	1	1	-1	0	0	0	0	0
10126273	72	2005	-1	0	1	1	-1	0	0	0	0	0
10126274	168	2005	-1	0	1	1	-1	0	0	0	0	0
10126275	360	2005	-1	0	1	1	-1	0	0	0	0	0
10126276	720	2005	-1	0	1	1	-1	0	0	0	0	0
10126277	2160	2005	-1	0	1	1	-1	0	0	0	0	0
10126278	4320	2005	-1	0	1	1	-1	0	0	0	0	0
10126279	-1	2005	-1	0	1	1	-1	0	0	0	0	0
10126280	24	2005	-1	0	1	1	-1	0	0	0	0	0
10126281	72	2005	-1	0	1	1	-1	0	0	0	0	0
10126282	168	2005	-1	0	1	1	-1	0	0	0	0	0
10126283	360	2005	-1	0	1	1	-1	0	0	0	0	0
10126284	720	2005	-1	0	1	1	-1	0	0	0	0	0
10126285	2160	2005	-1	0	1	1	-1	0	0	0	0	0
10126286	4320	2005	-1	0	1	1	-1	0	0	0	0	0
10126287	-1	2005	-1	0	1	1	-1	0	0	0	0	0
10126288	24	2005	-1	0	1	1	-1	0	0	0	0	0
10126289	72	2005	-1	0	1	1	-1	0	0	0	0	0
10126290	168	2005	-1	0	1	1	-1	0	0	0	0	0
10126291	360	2005	-1	0	1	1	-1	0	0	0	0	0
10126292	720	2005	-1	0	1	1	-1	0	0	0	0	0
10126293	2160	2005	-1	0	1	1	-1	0	0	0	0	0
10126294	4320	2005	-1	0	1	1	-1	0	0	0	0	0
10126295	-1	2005	-1	0	1	1	-1	0	0	0	1	0
10126296	24	2005	-1	0	1	1	-1	0	0	0	0	0
10126297	72	2005	-1	0	1	1	-1	0	0	0	0	0
10126298	168	2005	-1	0	1	1	-1	0	0	0	0	0
10126299	360	2005	-1	0	1	1	-1	0	0	0	0	0
10126300	720	2005	-1	0	1	1	-1	0	0	0	0	0
10126301	2160	2005	-1	0	1	1	-1	0	0	0	0	0
10126302	4320	2005	-1	0	1	1	-1	0	0	0	0	0
10126303	-1	2005	-1	0	1	1	-1	0	0	0	1	0
10126304	24	2005	-1	0	1	1	-1	0	0	0	0	0
10126305	72	2005	-1	0	1	1	-1	0	0	0	0	0
10126306	168	2005	-1	0	1	1	-1	0	0	0	0	0
10126307	360	2005	-1	0	1	1	-1	0	0	0	0	0
10126308	720	2005	-1	0	1	1	-1	0	0	0	0	0
10126309	2160	2005	-1	0	1	1	-1	0	0	0	0	0
10126310	4320	2005	-1	0	1	1	-1	0	0	0	0	0
10126311	-1	2005	-1	0	1	1	-1	0	0	0	1	0
10126312	24	2005	-1	0	1	1	-1	0	0	0	0	0
10126313	72	2005	-1	0	1	1	-1	0	0	0	0	0
10126314	168	2005	-1	0	1	1	-1	0	0	0	0	0
10126315	360	2005	-1	0	1	1	-1	0	0	0	0	0
10126316	720	2005	-1	0	1	1	-1	0	0	0	0	0
10126317	2160	2005	-1	0	1	1	-1	0	0	0	0	0
10126318	4320	2005	-1	0	1	1	-1	0	0	0	0	0
10126319	-1	2005	-1	0	1	1	-1	0	0	0	1	0
10126420	24	2005	-1	0	1	1	-1	0	0	0	0	0
10126421	72	2005	-1	0	1	1	-1	0	0	0	0	0
10126422	168	2005	-1	0	1	1	-1	0	0	0	0	0
10126423	360	2005	-1	0	1	1	-1	0	0	0	0	0
10126424	720	2005	-1	0	1	1	-1	0	0	0	0	0
10126425	2160	2005	-1	0	1	1	-1	0	0	0	0	0
10126426	4320	2005	-1	0	1	1	-1	0	0	0	0	0
10126427	-1	2005	-1	0	1	1	-1	0	0	0	1	0
10126428	24	2005	-1	0	1	1	-1	0	0	0	0	0
10126429	72	2005	-1	0	1	1	-1	0	0	0	0	0
10126430	168	2005	-1	0	1	1	-1	0	0	0	0	0
10126431	360	2005	-1	0	1	1	-1	0	0	0	0	0
10126432	720	2005	-1	0	1	1	-1	0	0	0	0	0
10126433	2160	2005	-1	0	1	1	-1	0	0	0	0	0
10126434	4320	2005	-1	0	1	1	-1	0	0	0	0	0
10126435	-1	2005	-1	0	1	1	-1	0	0	0	1	0
10126436	24	2005	-1	0	1	1	-1	0	0	0	0	0
10126437	72	2005	-1	0	1	1	-1	0	0	0	0	0
10126438	168	2005	-1	0	1	1	-1	0	0	0	0	0
10126439	360	2005	-1	0	1	1	-1	0	0	0	0	0
10126440	720	2005	-1	0	1	1	-1	0	0	0	0	0
10126441	2160	2005	-1	0	1	1	-1	0	0	0	0	0
10126442	4320	2005	-1	0	1	1	-1	0	0	0	0	0
10126443	-1	2005	-1	0	1	1	-1	0	0	0	1	0
10126444	24	2005	-1	0	1	1	-1	0	0	0	0	0
10126445	72	2005	-1	0	1	1	-1	0	0	0	0	0
10126446	168	2005	-1	0	1	1	-1	0	0	0	0	0
10126447	360	2005	-1	0	1	1	-1	0	0	0	0	0
10126448	720	2005	-1	0	1	1	-1	0	0	0	0	0
10126449	2160	2005	-1	0	1	1	-1	0	0	0	0	0
10126450	4320	2005	-1	0	1	1	-1	0	0	0	0	0
10126451	-1	2005	-1	0	1	1	-1	0	0	0	1	0
10126452	24	2005	-1	0	1	1	-1	0	0	0	0	0
10126453	72	2005	-1	0	1	1	-1	0	0	0	0	0
10126454	168	2005	-1	0	1	1	-1	0	0	0	0	0
10126455	360	2005	-1	0	1	1	-1	0	0	0	0	0
10126456	720	2005	-1	0	1	1	-1	0	0	0	0	0
10126457	2160	2005	-1	0	1	1	-1	0	0	0	0	0
10126458	4320	2005	-1	0	1	1	-1	0	0	0	0	0
10126459	-1	2005	-1	0	1	1	-1	0	0	0	1	0
10126460	24	2005	-1	0	1	1	-1	0	0	0	0	0
10126461	72	2005	-1	0	1	1	-1	0	0	0	0	0
10126462	168	2005	-1	0	1	1	-1	0	0	0	0	0
10126463	360	2005	-1	0	1	1	-1	0	0	0	0	0
10126464	720	2005	-1	0	1	1	-1	0	0	0	0	0
10126465	2160	2005	-1	0	1	1	-1	0	0	0	0	0
10126466	4320	2005	-1	0	1	1	-1	0	0	0	0	0
10126467	-1	2005	-1	0	1	1	-1	0	0	0	1	0
10126468	24	2005	-1	0	1	1	-1	0	0	0	0	0
10126469	72	2005	-1	0	1	1	-1	0	0	0	0	0
10126470	168	2005	-1	0	1	1	-1	0	0	0	0	0
10126471	360	2005	-1	0	1	1	-1	0	0	0	0	0
10126472	720	2005	-1	0	1	1	-1	0	0	0	0	0
10126473	2160	2005	-1	0	1	1	-1	0	0	0	0	0
10126474	4320	2005	-1	0	1	1	-1	0	0	0	0	0
10126475	-1	2005	-1	0	1	1	-1	0	0	0	1	0
10126476	24	2005	-1	0	1	1	-1	0	0	0	0	0
10126477	72	2005	-1	0	1	1	-1	0	0	0	0	0
10126478	168	2005	-1	0	1	1	-1	0	0	0	0	0
10126479	360	2005	-1	0	1	1	-1	0	0	0	0	0
10126480	720	2005	-1	0	1	1	-1	0	0	0	0	0
10126481	2160	2005	-1	0	1	1	-1	0	0	0	0	0
10126482	4320	2005	-1	0	1	1	-1	0	0	0	0	0
10126483	-1	2005	-1	0	1	1	-1	0	0	0	1	0
10126484	24	2005	-1	0	1	1	-1	0	0	0	0	0
10126485	72	2005	-1	0	1	1	-1	0	0	0	0	0
10126486	168	2005	-1	0	1	1	-1	0	0	0	0	0
10126487	360	2005	-1	0	1	1	-1	0	0	0	0	0
10126488	720	2005	-1	0	1	1	-1	0	0	0	0	0
10126489	2160	2005	-1	0	1	1	-1	0	0	0	0	0
10126490	4320	2005	-1	0	1	1	-1	0	0	0	0	0
10126491	-1	2005	-1	0	1	1	-1	0	0	0	1	0
10126492	24	2005	-1	0	1	1	-1	0	0	0	0	0
10126493	72	2005	-1	0	1	1	-1	0	0	0	0	0
10126494	168	2005	-1	0	1	1	-1	0	0	0	0	0
10126495	360	2005	-1	0	1	1	-1	0	0	0	0	0
10126496	720	2005	-1	0	1	1	-1	0	0	0	0	0
10126497	2160	2005	-1	0	1	1	-1	0	0	0	0	0
10126498	4320	2005	-1	0	1	1	-1	0	0	0	0	0
10126499	-1	2005	-1	0	1	1	-1	0	0	0	1	0
10126500	24	2005	-1	0	1	1	-1	0	0	0	0	0
10126501	72	2005	-1	0	1	1	-1	0	0	0	0	0
10126502	168	2005	-1	0	1	1	-1	0	0	0	0	0
10126503	360	2005	-1	0	1	1	-1	0	0	0	0	0
10126504	720	2005	-1	0	1	1	-1	0	0	0	0	0
10126505	2160	2005	-1	0	1	1	-1	0	0	0	0	0
10126506	4320	2005	-1	0	1	1	-1	0	0	0	0	0
10126507	-1	2005	-1	0	1	1	-1	0	0	0	1	0
10126508	24	2005	-1	0	1	1	-1	0	0	0	0	0
10126509	72	2005	-1	0	1	1	-1	0	0	0	0	0
10126510	168	2005	-1	0	1	1	-1	0	0	0	0	0
10126511	360	2005	-1	0	1	1	-1	0	0	0	0	0
10126512	720	2005	-1	0	1	1	-1	0	0	0	0	0
10126513	2160	2005	-1	0	1	1	-1	0	0	0	0	0
10126514	4320	2005	-1	0	1	1	-1	0	0	0	0	0
10126515	-1	2005	-1	0	1	1	-1	0	0	0	1	0
10126516	24	2005	-1	0	1	1	-1	0	0	0	0	0
10126517	72	2005	-1	0	1	1	-1	0	0	0	0	0
10126518	168	2005	-1	0	1	1	-1	0	0	0	0	0
10126519	360	2005	-1	0	1	1	-1	0	0	0	0	0
10126520	720	2005	-1	0	1	1	-1	0	0	0	0	0
10126521	2160	2005	-1	0	1	1	-1	0	0	0	0	0
10126522	4320	2005	-1	0	1	1	-1	0	0	0	0	0
10126523	-1	2005	-1	0	1	1	-1	0	0	0	1	0
10126524	24	2005	-1	0	1	1	-1	0	0	0	0	0
10126525	72	2005	-1	0	1	1	-1	0	0	0	0	0
10126526	168	2005	-1	0	1	1	-1	0	0	0	0	0
10126527	360	2005	-1	0	1	1	-1	0	0	0	0	0
10126528	720	2005	-1	0	1	1	-1	0	0	0	0	0
10126529	2160	2005	-1	0	1	1	-1	0	0	0	0	0
10126530	4320	2005	-1	0	1	1	-1	0	0	0	0	0
10126531	-1	2005	-1	0	1	1	-1	0	0	0	1	0
10126532	24	2005	-1	0	1	1	-1	0	0	0	0	0
10126533	72	2005	-1	0	1	1	-1	0	0	0	0	0
10126534	168	2005	-1	0	1	1	-1	0	0	0	0	0
10126535	360	2005	-1	0	1	1	-1	0	0	0	0	0
10126536	720	2005	-1	0	1	1	-1	0	0	0	0	0
10126537	2160	2005	-1	0	1	1	-1	0	0	0	0	0
10126538	4320	2005	-1	0	1	1	-1	0	0	0	0	0
10126539	-1	2005	-1	0	1	1	-1	0	0	0	1	0
10126540	24	2005	-1	0	1	1	-1	0	0	0	0	0
10126541	72	2005	-1	0	1	1	-1	0	0	0	0	0
10126542	168	2005	-1	0	1	1	-1	0	0	0	0	0
10126543	360	2005	-1	0	1	1	-1	0	0	0	0	0
10126544	720	2005	-1	0	1	1	-1	0	0	0	0	0
10126545	2160	2005	-1	0	1	1	-1	0	0	0	0	0
10126546	4320	2005	-1	0	1	1	-1	0	0	0	0	0
10126547	-1	2005	-1	0	1	1	-1	0	0	0	1	0
10126548	24	2005	-1	0	1	1	-1	0	0	0	0	0
10126549	72	2005	-1	0	1	1	-1	0	0	0	0	0
10126550	168	2005	-1	0	1	1	-1	0	0	0	0	0
10126551	360	2005	-1	0	1	1	-1	0	0	0	0	0
10126552	720	2005	-1	0	1	1	-1	0	0	0	0	0
10126553	2160	2005	-1	0	1	1	-1	0	0	0	0	0
10126554	4320	2005	-1	0	1	1	-1	0	0	0	0	0
10126555	-1	2005	-1	0	1	1	-1	0	0	0	1	0
10126556	24	2005	-1	0	1	1	-1	0	0	0	0	0
10126557	72	2005	-1	0	1	1	-1	0	0	0	0	0
10126558	168	2005	-1	0	1	1	-1	0	0	0	0	0
10126559	360	2005	-1	0	1	1	-1	0	0	0	0	0
10126560	720	2005	-1	0	1	1	-1	0	0	0	0	0
10126561	2160	2005	-1	0	1	1	-1	0	0	0	0	0
10126562	4320	2005	-1	0	1	1	-1	0	0	0	0	0
10126563	-1	2005	-1	0	1	1	-1	0	0	0	1	0
10126564	1440	2005	-1	0	1	1	-1	0	0	0	0	0
10126565	1440	2005	-1	0	1	1	-1	0	0	0	0	0
10126566	1440	2005	-1	0	1	1	-1	0	0	0	0	0
10126567	1440	2005	-1	0	1	1	-1	0	0	0	0	0
10126568	8640	2005	-1	0	1	1	-1	0	0	0	0	0
10126569	8640	2005	-1	0	1	1	-1	0	0	0	0	0
10126570	8640	2005	-1	0	1	1	-1	0	0	0	0	0
10126571	8640	2005	-1	0	1	1	-1	0	0	0	0	0
10126572	8640	2005	-1	0	1	1	-1	0	0	0	0	0
10126573	8640	2005	-1	0	1	1	-1	0	0	0	0	0
10126574	24	2005	-1	0	1	1	-1	0	0	0	0	0
10126575	72	2005	-1	0	1	1	-1	0	0	0	0	0
10126576	168	2005	-1	0	1	1	-1	0	0	0	0	0
10126577	360	2005	-1	0	1	1	-1	0	0	0	0	0
10126578	720	2005	-1	0	1	1	-1	0	0	0	0	0
10126579	2160	2005	-1	0	1	1	-1	0	0	0	0	0
10126580	4320	2005	-1	0	1	1	-1	0	0	0	0	0
10126581	-1	2005	-1	0	1	1	-1	0	0	0	1	0
10126582	24	2005	-1	0	1	1	-1	0	0	0	0	0
10126583	72	2005	-1	0	1	1	-1	0	0	0	0	0
10126584	168	2005	-1	0	1	1	-1	0	0	0	0	0
10126585	360	2005	-1	0	1	1	-1	0	0	0	0	0
10126586	720	2005	-1	0	1	1	-1	0	0	0	0	0
10126587	2160	2005	-1	0	1	1	-1	0	0	0	0	0
10126588	4320	2005	-1	0	1	1	-1	0	0	0	0	0
10126589	-1	2005	-1	0	1	1	-1	0	0	0	1	0
10126590	24	2005	-1	0	1	1	-1	0	0	0	0	0
10126591	72	2005	-1	0	1	1	-1	0	0	0	0	0
10126592	168	2005	-1	0	1	1	-1	0	0	0	0	0
10126593	360	2005	-1	0	1	1	-1	0	0	0	0	0
10126594	720	2005	-1	0	1	1	-1	0	0	0	0	0
10126595	2160	2005	-1	0	1	1	-1	0	0	0	0	0
10126596	4320	2005	-1	0	1	1	-1	0	0	0	0	0
10126597	-1	2005	-1	0	1	1	-1	0	0	0	1	0
10126598	24	2005	-1	0	1	1	-1	0	0	0	0	0
10126599	72	2005	-1	0	1	1	-1	0	0	0	0	0
10126600	168	2005	-1	0	1	1	-1	0	0	0	0	0
10126601	360	2005	-1	0	1	1	-1	0	0	0	0	0
10126602	720	2005	-1	0	1	1	-1	0	0	0	0	0
10126603	2160	2005	-1	0	1	1	-1	0	0	0	0	0
10126604	4320	2005	-1	0	1	1	-1	0	0	0	0	0
10126605	-1	2005	-1	0	1	1	-1	0	0	0	1	0
10126606	24	2005	-1	0	1	1	-1	0	0	0	0	0
10126607	72	2005	-1	0	1	1	-1	0	0	0	0	0
10126608	168	2005	-1	0	1	1	-1	0	0	0	0	0
10126609	360	2005	-1	0	1	1	-1	0	0	0	0	0
10126610	720	2005	-1	0	1	1	-1	0	0	0	0	0
10126611	2160	2005	-1	0	1	1	-1	0	0	0	0	0
10126612	4320	2005	-1	0	1	1	-1	0	0	0	0	0
10126613	-1	2005	-1	0	1	1	-1	0	0	0	1	0
10126614	24	2005	-1	0	1	1	-1	0	0	0	0	0
10126615	72	2005	-1	0	1	1	-1	0	0	0	0	0
10126616	168	2005	-1	0	1	1	-1	0	0	0	0	0
10126617	360	2005	-1	0	1	1	-1	0	0	0	0	0
10126618	720	2005	-1	0	1	1	-1	0	0	0	0	0
10126619	2160	2005	-1	0	1	1	-1	0	0	0	0	0
10126620	4320	2005	-1	0	1	1	-1	0	0	0	0	0
10126621	-1	2005	-1	0	1	1	-1	0	0	0	1	0
10141041	2160	2005	-1	0	1	0	-1	0	0	0	0	-1
10141042	840	2005	-1	0	1	0	-1	0	0	0	0	-1
10141043	2160	2005	-1	0	1	0	-1	0	0	0	0	-1
10141044	2160	2005	-1	0	1	0	-1	0	0	0	0	-1
10141045	2160	2005	-1	0	1	0	-1	0	0	0	0	-1
10141046	2160	2005	-1	0	1	0	-1	0	0	0	0	-1
10141047	2160	2005	-1	0	1	0	-1	0	0	0	0	-1
10141048	2160	2005	-1	0	1	0	-1	0	0	0	0	-1
10141049	2160	2005	-1	0	1	0	-1	0	0	0	0	-1
10141052	-1	2005	-1	0	1	0	-1	0	0	0	0	-1
10141053	-1	2005	-1	0	1	0	-1	0	0	0	0	-1
10141054	-1	2005	-1	0	1	0	-1	0	0	0	0	-1
10141055	-1	2005	-1	0	1	0	-1	0	0	0	0	-1
10141056	-1	2005	-1	0	1	0	-1	0	0	0	0	-1
10141057	-1	2005	-1	0	1	0	-1	0	0	0	0	-1
10141058	-1	2005	-1	0	1	0	-1	0	0	0	0	-1
10141059	-1	2005	-1	0	1	0	-1	0	0	0	0	-1
10141060	2160	2005	-1	0	1	0	-1	0	0	0	0	-1
10141061	2160	2005	-1	0	1	0	-1	0	0	0	0	-1
10141062	2160	2005	-1	0	1	0	-1	0	0	0	0	-1
10141063	2160	2005	-1	0	1	0	-1	0	0	0	0	-1
10141064	2160	2005	-1	0	1	0	-1	0	0	0	0	-1
10141065	2160	2005	-1	0	1	0	-1	0	0	0	0	-1
10141066	-1	2005	-1	0	1	0	-1	0	0	0	0	-1
10141067	-1	2005	-1	0	1	0	-1	0	0	0	0	-1
10141068	-1	2005	-1	0	1	0	-1	0	0	0	0	-1
10141069	-1	2005	-1	0	1	0	-1	0	0	0	0	-1
10141070	-1	2005	-1	0	1	0	-1	0	0	0	0	-1
10141071	-1	2005	-1	0	1	0	-1	0	0	0	0	-1
10141072	4320	2005	-1	0	1	0	-1	0	0	0	0	-1
10141073	4320	2005	-1	0	1	0	-1	0	0	0	0	-1
10141074	4320	2005	-1	0	1	0	-1	0	0	0	0	-1
10141075	4320	2005	-1	0	1	0	-1	0	0	0	0	-1
10141076	4320	2005	-1	0	1	0	-1	0	0	0	0	-1
10141077	4320	2005	-1	0	1	0	-1	0	0	0	0	-1
10141078	4320	2005	-1	0	1	0	-1	0	0	0	0	-1
10141079	4320	2005	-1	0	1	0	-1	0	0	0	0	-1
10141080	4320	2005	-1	0	1	0	-1	0	0	0	0	-1
10141081	2160	2005	-1	0	1	0	-1	0	0	0	0	-1
10141082	4320	2005	-1	0	1	0	-1	0	0	0	0	-1
10141083	-1	2005	-1	0	1	0	-1	0	0	0	0	-1
10141084	2160	2005	-1	0	1	0	-1	0	0	0	0	-1
10141085	4320	2005	-1	0	1	0	-1	0	0	0	0	-1
10141086	-1	2005	-1	0	1	0	-1	0	0	0	0	-1
10141087	2160	2005	-1	0	1	0	-1	0	0	0	0	-1
10141088	4320	2005	-1	0	1	0	-1	0	0	0	0	-1
10141089	-1	2005	-1	0	1	0	-1	0	0	0	0	-1
10141090	720	2005	-1	0	1	0	-1	0	0	0	0	-1
10141091	2160	2005	-1	0	1	0	-1	0	0	0	0	-1
10141092	-1	2005	-1	0	1	0	-1	0	0	0	0	-1
10141093	2160	2005	-1	0	1	0	-1	0	0	0	0	-1
10141094	4320	2005	-1	0	1	0	-1	0	0	0	0	-1
10141095	-1	2005	-1	0	1	0	-1	0	0	0	0	-1
10141102	2160	2005	-1	0	1	0	-1	0	0	0	0	-1
10141103	4320	2005	-1	0	1	0	-1	0	0	0	0	-1
10141104	-1	2005	-1	0	1	0	-1	0	0	0	0	-1
10141105	168	2005	-1	0	1	0	-1	0	0	0	0	-1
10141106	168	2005	-1	0	1	0	-1	0	0	0	0	-1
10141107	168	2005	-1	0	1	0	-1	0	0	0	0	-1
10141108	168	2005	-1	0	1	0	-1	0	0	0	0	-1
10141109	168	2005	-1	0	1	0	-1	0	0	0	0	-1
10141110	168	2005	-1	0	1	0	-1	0	0	0	0	-1
10141111	2160	2005	-1	0	1	0	-1	0	0	0	0	-1
10141112	4320	2005	-1	0	1	0	-1	0	0	0	0	-1
10141113	-1	2005	-1	0	1	0	-1	0	0	0	0	-1
10141114	720	2005	-1	0	1	0	-1	0	0	0	0	-1
10141115	720	2005	-1	0	1	0	-1	0	0	0	0	-1
10141116	2160	2005	-1	0	1	0	-1	0	0	0	0	-1
10141117	4320	2005	-1	0	1	0	-1	0	0	0	0	-1
10141118	-1	2005	-1	0	1	0	-1	0	0	0	0	-1
10141119	720	2005	-1	0	1	0	-1	0	0	0	0	-1
10141120	720	2005	-1	0	1	0	-1	0	0	0	0	-1
10141121	168	2005	-1	0	1	0	-1	0	0	0	0	-1
10141122	2160	2005	-1	0	1	0	-1	0	0	0	0	-1
10141123	4320	2005	-1	0	1	0	-1	0	0	0	0	-1
10141124	-1	2005	-1	0	1	0	-1	0	0	0	0	-1
10141125	2160	2005	-1	0	1	0	-1	0	0	0	0	-1
10141126	4320	2005	-1	0	1	0	-1	0	0	0	0	-1
10141127	-1	2005	-1	0	1	0	-1	0	0	0	0	-1
10141128	2160	2005	-1	0	1	0	-1	0	0	0	0	-1
10141129	4320	2005	-1	0	1	0	-1	0	0	0	0	-1
10141130	-1	2005	-1	0	1	0	-1	0	0	0	0	-1
10141131	720	2005	-1	0	1	0	-1	0	0	0	0	-1
10141132	720	2005	-1	0	1	0	-1	0	0	0	0	-1
10141133	720	2005	-1	0	1	0	-1	0	0	0	0	-1
10141134	72	2005	-1	0	1	0	-1	0	0	0	0	-1
10141135	72	2005	-1	0	1	0	-1	0	0	0	0	-1
10141136	720	2005	-1	0	1	0	-1	0	0	0	0	-1
10141137	2160	2005	-1	0	1	0	-1	0	0	0	0	-1
10141138	4320	2005	-1	0	1	0	-1	0	0	0	0	-1
10141139	-1	2005	-1	0	1	0	-1	0	0	0	0	-1
10141140	720	2005	-1	0	1	0	-1	0	0	0	0	-1
10141141	2160	2005	-1	0	1	0	-1	0	0	0	0	-1
10141142	4320	2005	-1	0	1	0	-1	0	0	0	0	-1
10141143	-1	2005	-1	0	1	0	-1	0	0	0	0	-1
10141144	336	2005	-1	0	1	0	-1	0	0	0	0	-1
10141145	720	2005	-1	0	1	0	-1	0	0	0	0	-1
10141146	720	2005	-1	0	1	0	-1	0	0	0	0	-1
10141147	2160	2005	-1	0	1	0	-1	0	0	0	0	-1
10141148	4320	2005	-1	0	1	0	-1	0	0	0	0	-1
10141149	-1	2005	-1	0	1	0	-1	0	0	0	0	-1
10141151	720	2005	-1	0	1	0	-1	0	0	0	0	-1
10141152	720	2005	-1	0	1	0	-1	0	0	0	0	-1
10141153	2160	2005	-1	0	1	0	-1	0	1	0	0	-1
10141154	4320	2005	-1	0	1	0	-1	0	0	0	0	-1
10141155	-1	2005	-1	0	1	0	-1	0	0	0	0	-1
10141156	720	2005	-1	0	1	0	-1	0	0	0	0	-1
10141157	2160	2005	-1	0	1	0	-1	0	1	0	0	-1
10141158	4320	2005	-1	0	1	0	-1	0	0	0	0	-1
10141159	-1	2005	-1	0	1	0	-1	0	0	0	0	-1
10141160	720	2005	-1	0	1	0	-1	0	0	0	0	-1
10141161	2160	2005	-1	0	1	0	-1	0	1	0	0	-1
10141162	4320	2005	-1	0	1	0	-1	0	0	0	0	-1
10141163	-1	2005	-1	0	1	0	-1	0	0	0	0	-1
10141164	720	2005	-1	0	1	0	-1	0	0	0	0	-1
10141165	2160	2005	-1	0	1	0	-1	0	1	0	0	-1
10141166	4320	2005	-1	0	1	0	-1	0	0	0	0	-1
10141167	-1	2005	-1	0	1	0	-1	0	0	0	0	-1
10141168	720	2005	-1	0	1	0	-1	0	0	0	0	-1
10141169	2160	2005	-1	0	1	0	-1	0	1	0	0	-1
10141170	4320	2005	-1	0	1	0	-1	0	0	0	0	-1
10141171	-1	2005	-1	0	1	0	-1	0	0	0	0	-1
10141172	720	2005	-1	0	1	0	-1	0	0	0	0	-1
10141173	2160	2005	-1	0	1	0	-1	0	1	0	0	-1
10141174	4320	2005	-1	0	1	0	-1	0	0	0	0	-1
10141175	-1	2005	-1	0	1	0	-1	0	0	0	0	-1
10141176	720	2005	-1	0	1	0	-1	0	0	0	0	-1
10141177	2160	2005	-1	0	1	0	-1	0	1	0	0	-1
10141178	4320	2005	-1	0	1	0	-1	0	0	0	0	-1
10141179	-1	2005	-1	0	1	0	-1	0	0	0	0	-1
10141180	720	2005	-1	0	1	0	-1	0	0	0	0	-1
10141181	2160	2005	-1	0	1	0	-1	0	1	0	0	-1
10141182	4320	2005	-1	0	1	0	-1	0	0	0	0	-1
10141183	-1	2005	-1	0	1	0	-1	0	0	0	0	-1
10141184	720	2005	-1	0	1	0	-1	0	0	0	0	-1
10141185	2160	2005	-1	0	1	0	-1	0	1	0	0	-1
10141186	4320	2005	-1	0	1	0	-1	0	0	0	0	-1
10141187	-1	2005	-1	0	1	0	-1	0	0	0	0	-1
10141188	72	2005	-1	0	1	0	-1	0	0	0	0	-1
10141189	720	2005	-1	0	1	0	-1	0	0	0	0	-1
10141190	2160	2005	-1	0	1	0	-1	0	0	0	0	-1
10141191	4320	2005	-1	0	1	0	-1	0	0	0	0	-1
10141192	-1	2005	-1	0	1	0	-1	0	0	0	0	-1
10141193	336	2005	-1	0	1	0	-1	0	0	0	0	-1
10141194	720	2005	-1	0	1	0	-1	0	1	0	0	-1
10141195	2160	2005	-1	0	1	0	-1	0	0	0	0	-1
10141196	4320	2005	-1	0	1	0	-1	0	0	0	0	-1
10141197	-1	2005	-1	0	1	0	-1	0	0	0	0	-1
10141198	720	2005	-1	0	1	0	-1	0	0	0	0	-1
10141199	2160	2005	-1	0	1	0	-1	0	0	0	0	-1
10141200	4320	2005	-1	0	1	0	-1	0	0	0	0	-1
10141201	-1	2005	-1	0	1	0	-1	0	0	0	0	-1
10141202	720	2005	-1	0	1	0	-1	0	0	0	0	-1
10141203	720	2005	-1	0	1	0	-1	0	0	0	0	-1
10141204	168	2005	-1	0	1	0	-1	0	0	0	0	-1
10141205	2160	2005	-1	0	1	0	-1	0	1	0	0	-1
10141206	72	2005	-1	0	1	0	-1	0	0	0	0	-1
10141207	720	2005	-1	0	1	0	-1	0	0	0	0	-1
10141208	720	2005	-1	0	1	0	-1	0	0	0	0	-1
10141209	168	2005	-1	0	1	0	-1	0	0	0	0	-1
10141210	168	2005	-1	0	1	0	-1	0	0	0	0	-1
10141211	168	2005	-1	0	1	0	-1	0	0	0	0	-1
10141212	168	2005	-1	0	1	0	-1	0	0	0	0	-1
10141213	720	2005	-1	0	1	0	-1	0	0	0	0	-1
10141214	2160	2005	-1	0	1	0	-1	0	0	0	0	-1
10141215	4320	2005	-1	0	1	0	-1	0	0	0	0	-1
10141216	-1	2005	-1	0	1	0	-1	0	0	0	0	-1
10141217	2160	2005	-1	0	1	0	-1	0	0	0	0	-1
10141218	360	2005	-1	0	1	0	-1	0	0	0	0	-1
10141221	720	2005	-1	0	1	0	-1	0	0	0	0	-1
10141222	2160	2005	-1	0	1	0	-1	0	1	0	0	-1
10141223	4320	2005	-1	0	1	0	-1	0	0	0	0	-1
10141224	-1	2005	-1	0	1	0	-1	0	0	0	0	-1
10141225	168	2005	-1	0	1	0	-1	0	0	0	0	-1
10141226	720	2005	-1	0	1	0	-1	0	0	0	0	-1
10141227	360	2005	-1	0	1	0	-1	0	1	0	0	-1
10141228	720	2005	-1	0	1	0	-1	0	0	0	0	-1
10141229	2160	2005	-1	0	1	0	-1	0	0	0	0	-1
10141230	-1	2005	-1	0	1	0	-1	0	0	0	0	-1
10141231	720	2005	-1	0	1	0	-1	0	0	0	0	-1
10141232	2160	2005	-1	0	1	0	-1	0	0	0	0	-1
10141233	-1	2005	-1	0	1	0	-1	0	0	0	0	-1
10141234	720	2005	-1	0	1	0	-1	0	0	0	0	-1
10141235	2160	2005	-1	0	1	0	-1	0	0	0	0	-1
10141236	4320	2005	-1	0	1	0	-1	0	0	0	0	-1
10141237	-1	2005	-1	0	1	0	-1	0	0	0	0	-1
10141238	720	2005	-1	0	1	0	-1	0	0	0	0	-1
10141239	2160	2005	-1	0	1	0	-1	0	0	0	0	-1
10141240	4320	2005	-1	0	1	0	-1	0	0	0	0	-1
10141241	-1	2005	-1	0	1	0	-1	0	0	0	0	-1
10141242	720	2005	-1	0	1	0	-1	0	0	0	0	-1
10141243	2160	2005	-1	0	1	0	-1	0	0	0	0	-1
10141244	4320	2005	-1	0	1	0	-1	0	0	0	0	-1
10141245	-1	2005	-1	0	1	0	-1	0	0	0	0	-1
10141246	360	2005	-1	0	1	0	-1	0	0	0	0	-1
10141247	720	2005	-1	0	1	0	-1	0	0	0	0	-1
10141248	168	2005	-1	0	1	0	-1	0	0	0	0	-1
10141249	4320	2005	-1	0	1	0	-1	0	0	0	0	-1
10141250	360	2005	-1	0	1	0	-1	0	0	0	0	-1
10141251	360	2005	-1	0	1	0	-1	0	0	0	0	-1
10141252	360	2005	-1	0	1	0	-1	0	0	0	0	-1
10141253	360	2005	-1	0	1	0	-1	0	0	0	0	-1
10141254	168	2005	-1	0	1	0	-1	0	0	0	0	-1
10141255	168	2005	-1	0	1	0	-1	0	0	0	0	-1
10141256	168	2005	-1	0	1	0	-1	0	0	0	0	-1
10141257	168	2005	-1	0	1	0	-1	0	0	0	0	-1
10141258	168	2005	-1	0	1	0	-1	0	0	0	0	-1
10141259	168	2005	-1	0	1	0	-1	0	0	0	0	-1
10141260	24	2005	-1	0	1	1	-1	0	0	0	0	-1
10141261	72	2005	-1	0	1	1	-1	0	0	0	0	-1
10141262	168	2005	-1	0	1	1	-1	0	0	0	0	-1
10141263	360	2005	-1	0	1	1	-1	0	0	0	0	-1
10141264	720	2005	-1	0	1	1	-1	0	0	0	0	-1
10141265	2160	2005	-1	0	1	1	-1	0	0	0	0	-1
10141266	4320	2005	-1	0	1	1	-1	0	0	0	0	-1
10141267	-1	2005	-1	0	1	1	-1	0	0	0	0	-1
10141268	24	2005	-1	0	1	1	-1	0	0	0	0	-1
10141269	72	2005	-1	0	1	1	-1	0	0	0	0	-1
10141270	168	2005	-1	0	1	1	-1	0	0	0	0	-1
10141271	360	2005	-1	0	1	1	-1	0	0	0	0	-1
10141272	720	2005	-1	0	1	1	-1	0	0	0	0	-1
10141273	2160	2005	-1	0	1	1	-1	0	0	0	0	-1
10141274	4320	2005	-1	0	1	1	-1	0	0	0	0	-1
10141275	-1	2005	-1	0	1	1	-1	0	0	0	0	-1
10141276	24	2005	-1	0	1	1	-1	0	0	0	0	-1
10141277	72	2005	-1	0	1	1	-1	0	0	0	0	-1
10141278	168	2005	-1	0	1	1	-1	0	0	0	0	-1
10141279	360	2005	-1	0	1	1	-1	0	0	0	0	-1
10141280	720	2005	-1	0	1	1	-1	0	0	0	0	-1
10141281	2160	2005	-1	0	1	1	-1	0	0	0	0	-1
10141282	4320	2005	-1	0	1	1	-1	0	0	0	0	-1
10141283	-1	2005	-1	0	1	1	-1	0	0	0	0	-1
10141284	24	2005	-1	0	1	1	-1	0	0	0	0	-1
10141285	72	2005	-1	0	1	1	-1	0	0	0	0	-1
10141286	168	2005	-1	0	1	1	-1	0	0	0	0	-1
10141287	360	2005	-1	0	1	1	-1	0	0	0	0	-1
10141288	720	2005	-1	0	1	1	-1	0	0	0	0	-1
10141289	2160	2005	-1	0	1	1	-1	0	0	0	0	-1
10141290	4320	2005	-1	0	1	1	-1	0	0	0	0	-1
10141291	-1	2005	-1	0	1	1	-1	0	0	0	0	-1
10141292	24	2005	-1	0	1	1	-1	0	0	0	0	-1
10141293	72	2005	-1	0	1	1	-1	0	0	0	0	-1
10141294	168	2005	-1	0	1	1	-1	0	0	0	0	-1
10141295	360	2005	-1	0	1	1	-1	0	0	0	0	-1
10141296	720	2005	-1	0	1	1	-1	0	0	0	0	-1
10141297	2160	2005	-1	0	1	1	-1	0	0	0	0	-1
10141298	4320	2005	-1	0	1	1	-1	0	0	0	0	-1
10141299	-1	2005	-1	0	1	1	-1	0	0	0	0	-1
10141300	24	2005	-1	0	1	1	-1	0	0	0	0	-1
10141301	72	2005	-1	0	1	1	-1	0	0	0	0	-1
10141302	168	2005	-1	0	1	1	-1	0	0	0	0	-1
10141303	360	2005	-1	0	1	1	-1	0	0	0	0	-1
10141304	720	2005	-1	0	1	1	-1	0	0	0	0	-1
10141305	2160	2005	-1	0	1	1	-1	0	0	0	0	-1
10141306	4320	2005	-1	0	1	1	-1	0	0	0	0	-1
10141307	8640	2005	-1	0	1	1	-1	0	0	0	0	-1
10141308	-1	2005	-1	0	1	1	-1	0	0	0	0	-1
10141309	24	2005	-1	0	1	1	-1	0	0	0	0	-1
10141310	72	2005	-1	0	1	1	-1	0	0	0	0	-1
10141311	168	2005	-1	0	1	1	-1	0	0	0	0	-1
10141312	360	2005	-1	0	1	1	-1	0	0	0	0	-1
10141313	720	2005	-1	0	1	1	-1	0	0	0	0	-1
10141314	2160	2005	-1	0	1	1	-1	0	0	0	0	-1
10141315	4320	2005	-1	0	1	1	-1	0	0	0	0	-1
10141316	-1	2005	-1	0	1	1	-1	0	0	0	0	-1
10141317	24	2005	-1	0	1	1	-1	0	0	0	0	-1
10141318	72	2005	-1	0	1	1	-1	0	0	0	0	-1
10141319	168	2005	-1	0	1	1	-1	0	0	0	0	-1
10141320	360	2005	-1	0	1	1	-1	0	0	0	0	-1
10141321	720	2005	-1	0	1	1	-1	0	0	0	0	-1
10141322	2160	2005	-1	0	1	1	-1	0	0	0	0	-1
10141323	4320	2005	-1	0	1	1	-1	0	0	0	0	-1
10141324	-1	2005	-1	0	1	1	-1	0	0	0	0	-1
10141325	24	2005	-1	0	1	1	-1	0	0	0	0	-1
10141326	72	2005	-1	0	1	1	-1	0	0	0	0	-1
10141327	168	2005	-1	0	1	1	-1	0	0	0	0	-1
10141328	360	2005	-1	0	1	1	-1	0	0	0	0	-1
10141329	720	2005	-1	0	1	1	-1	0	0	0	0	-1
10141330	2160	2005	-1	0	1	1	-1	0	0	0	0	-1
10141331	4320	2005	-1	0	1	1	-1	0	0	0	0	-1
10141332	-1	2005	-1	0	1	1	-1	0	0	0	0	-1
10141333	24	2005	-1	0	1	1	-1	0	0	0	0	-1
10141334	72	2005	-1	0	1	1	-1	0	0	0	0	-1
10141335	168	2005	-1	0	1	1	-1	0	0	0	0	-1
10141336	360	2005	-1	0	1	1	-1	0	0	0	0	-1
10141337	720	2005	-1	0	1	1	-1	0	0	0	0	-1
10141338	2160	2005	-1	0	1	1	-1	0	0	0	0	-1
10141339	4320	2005	-1	0	1	1	-1	0	0	0	0	-1
10141340	-1	2005	-1	0	1	1	-1	0	0	0	0	-1
10141789	168	2005	-1	0	1	0	-1	0	0	0	0	-1
10141790	720	2005	-1	0	1	0	-1	0	0	0	0	-1
10141791	2160	2005	-1	0	1	0	-1	0	0	0	0	-1
10141792	4320	2005	-1	0	1	0	-1	0	0	0	0	-1
10141793	-1	2005	-1	0	1	0	-1	0	0	0	0	-1
10141794	360	2005	-1	0	1	0	-1	0	0	0	0	-1
10141795	168	2005	-1	0	1	0	-1	0	0	0	0	-1
10141796	360	2005	-1	0	1	0	-1	0	0	0	0	-1
10141797	720	2005	-1	0	1	0	-1	0	0	0	0	-1
10141798	2160	2005	-1	0	1	0	-1	0	0	0	0	-1
10141799	-1	2005	-1	0	1	0	-1	0	0	0	0	-1
10141806	168	2005	-1	0	1	0	-1	0	0	0	0	-1
10141807	24	2005	-1	0	1	1	-1	0	0	0	0	-1
10141808	72	2005	-1	0	1	1	-1	0	0	0	0	-1
10141809	168	2005	-1	0	1	1	-1	0	0	0	0	-1
10141810	360	2005	-1	0	1	1	-1	0	0	0	0	-1
10141811	720	2005	-1	0	1	1	-1	0	0	0	0	-1
10141812	2160	2005	-1	0	1	1	-1	0	0	0	0	-1
10141813	4320	2005	-1	0	1	1	-1	0	0	0	0	-1
10141814	-1	2005	-1	0	1	1	-1	0	0	0	0	-1
10141815	24	2005	-1	0	1	1	-1	0	0	0	0	-1
10141816	72	2005	-1	0	1	1	-1	0	0	0	0	-1
10141817	168	2005	-1	0	1	1	-1	0	0	0	0	-1
10141818	360	2005	-1	0	1	1	-1	0	0	0	0	-1
10141819	720	2005	-1	0	1	1	-1	0	0	0	0	-1
10141820	2160	2005	-1	0	1	1	-1	0	0	0	0	-1
10141821	4320	2005	-1	0	1	1	-1	0	0	0	0	-1
10141822	-1	2005	-1	0	1	1	-1	0	0	0	0	-1
10141823	24	2005	-1	0	1	1	-1	0	0	0	0	-1
10141824	72	2005	-1	0	1	1	-1	0	0	0	0	-1
10141825	168	2005	-1	0	1	1	-1	0	0	0	0	-1
10141826	360	2005	-1	0	1	1	-1	0	0	0	0	-1
10141827	720	2005	-1	0	1	1	-1	0	0	0	0	-1
10141828	2160	2005	-1	0	1	1	-1	0	0	0	0	-1
10141829	4320	2005	-1	0	1	1	-1	0	0	0	0	-1
10141830	-1	2005	-1	0	1	1	-1	0	0	0	0	-1
10141831	24	2005	-1	0	1	1	-1	0	0	0	0	-1
10141832	72	2005	-1	0	1	1	-1	0	0	0	0	-1
10141833	168	2005	-1	0	1	1	-1	0	0	0	0	-1
10141834	360	2005	-1	0	1	1	-1	0	0	0	0	-1
10141835	720	2005	-1	0	1	1	-1	0	0	0	0	-1
10141836	2160	2005	-1	0	1	1	-1	0	0	0	0	-1
10141837	4320	2005	-1	0	1	1	-1	0	0	0	0	-1
10141838	-1	2005	-1	0	1	1	-1	0	0	0	0	-1
10141839	24	2005	-1	0	1	1	-1	0	0	0	0	-1
10141840	72	2005	-1	0	1	1	-1	0	0	0	0	-1
10141841	168	2005	-1	0	1	1	-1	0	0	0	0	-1
10141842	360	2005	-1	0	1	1	-1	0	0	0	0	-1
10141843	720	2005	-1	0	1	1	-1	0	0	0	0	-1
10141844	2160	2005	-1	0	1	1	-1	0	0	0	0	-1
10141845	4320	2005	-1	0	1	1	-1	0	0	0	0	-1
10141846	-1	2005	-1	0	1	1	-1	0	0	0	0	-1
10141847	24	2005	-1	0	1	1	-1	0	0	0	0	-1
10141848	72	2005	-1	0	1	1	-1	0	0	0	0	-1
10141849	168	2005	-1	0	1	1	-1	0	0	0	0	-1
10141850	360	2005	-1	0	1	1	-1	0	0	0	0	-1
10141851	720	2005	-1	0	1	1	-1	0	0	0	0	-1
10141852	2160	2005	-1	0	1	1	-1	0	0	0	0	-1
10141853	4320	2005	-1	0	1	1	-1	0	0	0	0	-1
10141854	-1	2005	-1	0	1	1	-1	0	0	0	0	-1
10141855	168	2005	-1	0	1	1	-1	0	0	0	0	-1
10141856	24	2005	-1	0	1	1	-1	0	0	0	0	-1
10141857	72	2005	-1	0	1	1	-1	0	0	0	0	-1
10141858	168	2005	-1	0	1	1	-1	0	0	0	0	-1
10141859	360	2005	-1	0	1	1	-1	0	0	0	0	-1
10141860	720	2005	-1	0	1	1	-1	0	0	0	0	-1
10141861	2160	2005	-1	0	1	1	-1	0	0	0	0	-1
10141862	4320	2005	-1	0	1	1	-1	0	0	0	0	-1
10141863	-1	2005	-1	0	1	1	-1	0	0	0	0	-1
10141864	24	2005	-1	0	1	1	-1	0	0	0	0	-1
10141865	72	2005	-1	0	1	1	-1	0	0	0	0	-1
10141866	168	2005	-1	0	1	1	-1	0	0	0	0	-1
10141867	360	2005	-1	0	1	1	-1	0	0	0	0	-1
10141868	720	2005	-1	0	1	1	-1	0	0	0	0	-1
10141869	2160	2005	-1	0	1	1	-1	0	0	0	0	-1
10141870	4320	2005	-1	0	1	1	-1	0	0	0	0	-1
10141871	-1	2005	-1	0	1	1	-1	0	0	0	0	-1
10141872	168	2005	-1	0	1	1	-1	0	0	0	0	-1
10141873	24	2005	-1	0	1	1	-1	0	0	0	0	-1
10141874	72	2005	-1	0	1	1	-1	0	0	0	0	-1
10141875	168	2005	-1	0	1	1	-1	0	0	0	0	-1
10141876	360	2005	-1	0	1	1	-1	0	0	0	0	-1
10141877	720	2005	-1	0	1	1	-1	0	0	0	0	-1
10141878	2160	2005	-1	0	1	1	-1	0	0	0	0	-1
10141879	4320	2005	-1	0	1	1	-1	0	0	0	0	-1
10141880	-1	2005	-1	0	1	1	-1	0	0	0	0	-1
10141881	24	2005	-1	0	1	1	-1	0	0	0	0	-1
10141882	72	2005	-1	0	1	1	-1	0	0	0	0	-1
10141883	168	2005	-1	0	1	1	-1	0	0	0	0	-1
10141884	360	2005	-1	0	1	1	-1	0	0	0	0	-1
10141885	720	2005	-1	0	1	1	-1	0	0	0	0	-1
10141886	2160	2005	-1	0	1	1	-1	0	0	0	0	-1
10141887	4320	2005	-1	0	1	1	-1	0	0	0	0	-1
10141888	-1	2005	-1	0	1	1	-1	0	0	0	0	-1
10141889	24	2005	-1	0	1	1	-1	0	0	0	0	-1
10141890	72	2005	-1	0	1	1	-1	0	0	0	0	-1
10141891	168	2005	-1	0	1	1	-1	0	0	0	0	-1
10141892	360	2005	-1	0	1	1	-1	0	0	0	0	-1
10141893	720	2005	-1	0	1	1	-1	0	0	0	0	-1
10141894	2160	2005	-1	0	1	1	-1	0	0	0	0	-1
10141895	4320	2005	-1	0	1	1	-1	0	0	0	0	-1
10141896	-1	2005	-1	0	1	1	-1	0	0	0	0	-1
10141897	360	2005	-1	0	1	1	-1	0	0	0	0	-1
10141898	360	2005	-1	0	1	1	-1	0	0	0	0	-1
10141899	24	2005	-1	0	1	1	-1	0	0	0	0	-1
10141900	72	2005	-1	0	1	1	-1	0	0	0	0	-1
10141901	168	2005	-1	0	1	1	-1	0	0	0	0	-1
10141902	360	2005	-1	0	1	1	-1	0	0	0	0	-1
10141903	720	2005	-1	0	1	1	-1	0	0	0	0	-1
10141904	2160	2005	-1	0	1	1	-1	0	0	0	0	-1
10141905	4320	2005	-1	0	1	1	-1	0	0	0	0	-1
10141906	-1	2005	-1	0	1	1	-1	0	0	0	0	-1
10141907	24	2005	-1	0	1	1	-1	0	0	0	0	-1
10141908	72	2005	-1	0	1	1	-1	0	0	0	0	-1
10141909	168	2005	-1	0	1	1	-1	0	0	0	0	-1
10141910	360	2005	-1	0	1	1	-1	0	0	0	0	-1
10141911	720	2005	-1	0	1	1	-1	0	0	0	0	-1
10141912	2160	2005	-1	0	1	1	-1	0	0	0	0	-1
10141913	4320	2005	-1	0	1	1	-1	0	0	0	0	-1
10141914	-1	2005	-1	0	1	1	-1	0	0	0	0	-1
10141915	168	2005	-1	0	1	1	-1	0	0	0	0	-1
10141916	168	2005	-1	0	1	1	-1	0	0	0	0	-1
10141918	360	2005	-1	0	1	1	-1	0	0	0	0	-1
10141919	360	2005	-1	0	1	1	-1	0	0	0	0	-1
10141920	360	2005	-1	0	1	1	-1	0	0	0	0	-1
10141921	24	2005	-1	0	1	1	-1	0	0	0	0	-1
10141922	72	2005	-1	0	1	1	-1	0	0	0	0	-1
10141923	168	2005	-1	0	1	1	-1	0	0	0	0	-1
10141924	360	2005	-1	0	1	1	-1	0	0	0	0	-1
10141925	720	2005	-1	0	1	1	-1	0	0	0	0	-1
10141926	2160	2005	-1	0	1	1	-1	0	0	0	0	-1
10141927	4320	2005	-1	0	1	1	-1	0	0	0	0	-1
10141928	-1	2005	-1	0	1	1	-1	0	0	0	0	-1
10141929	24	2005	-1	0	1	1	-1	0	0	0	0	-1
10141930	72	2005	-1	0	1	1	-1	0	0	0	0	-1
10141931	168	2005	-1	0	1	1	-1	0	0	0	0	-1
10141932	360	2005	-1	0	1	1	-1	0	0	0	0	-1
10141933	720	2005	-1	0	1	1	-1	0	0	0	0	-1
10141934	2160	2005	-1	0	1	1	-1	0	0	0	0	-1
10141935	4320	2005	-1	0	1	1	-1	0	0	0	0	-1
10141936	-1	2005	-1	0	1	1	-1	0	0	0	0	-1
10141937	72	2005	-1	0	1	0	-1	0	0	0	0	-1
10141938	24	2005	-1	0	1	1	-1	0	0	0	0	-1
10141939	72	2005	-1	0	1	1	-1	0	0	0	0	-1
10141940	168	2005	-1	0	1	1	-1	0	0	0	0	-1
10141941	360	2005	-1	0	1	1	-1	0	0	0	0	-1
10141942	720	2005	-1	0	1	1	-1	0	0	0	0	-1
10141943	2160	2005	-1	0	1	1	-1	0	0	0	0	-1
10141944	4320	2005	-1	0	1	1	-1	0	0	0	0	-1
10141945	-1	2005	-1	0	1	1	-1	0	0	0	0	-1
10141946	24	2005	-1	0	1	1	-1	0	0	0	0	-1
10141947	72	2005	-1	0	1	1	-1	0	0	0	0	-1
10141948	168	2005	-1	0	1	1	-1	0	0	0	0	-1
10141949	360	2005	-1	0	1	1	-1	0	0	0	0	-1
10141950	720	2005	-1	0	1	1	-1	0	0	0	0	-1
10141951	2160	2005	-1	0	1	1	-1	0	0	0	0	-1
10141952	4320	2005	-1	0	1	1	-1	0	0	0	0	-1
10141953	-1	2005	-1	0	1	1	-1	0	0	0	0	-1
10141954	24	2005	-1	0	1	1	-1	0	0	0	0	-1
10141955	72	2005	-1	0	1	1	-1	0	0	0	0	-1
10141956	168	2005	-1	0	1	1	-1	0	0	0	0	-1
10141957	360	2005	-1	0	1	1	-1	0	0	0	0	-1
10141958	720	2005	-1	0	1	1	-1	0	0	0	0	-1
10141959	2160	2005	-1	0	1	1	-1	0	0	0	0	-1
10141960	4320	2005	-1	0	1	1	-1	0	0	0	0	-1
10141961	-1	2005	-1	0	1	1	-1	0	0	0	0	-1
10141962	24	2005	-1	0	1	1	-1	0	0	0	0	-1
10141963	72	2005	-1	0	1	1	-1	0	0	0	0	-1
10141964	168	2005	-1	0	1	1	-1	0	0	0	0	-1
10141965	360	2005	-1	0	1	1	-1	0	0	0	0	-1
10141966	720	2005	-1	0	1	1	-1	0	0	0	0	-1
10141967	2160	2005	-1	0	1	1	-1	0	0	0	0	-1
10141968	4320	2005	-1	0	1	1	-1	0	0	0	0	-1
10141969	-1	2005	-1	0	1	1	-1	0	0	0	0	-1
10141970	24	2005	-1	0	1	1	-1	0	0	0	0	-1
10141971	72	2005	-1	0	1	1	-1	0	0	0	0	-1
10141972	168	2005	-1	0	1	1	-1	0	0	0	0	-1
10141973	360	2005	-1	0	1	1	-1	0	0	0	0	-1
10141974	720	2005	-1	0	1	1	-1	0	0	0	0	-1
10141975	2160	2005	-1	0	1	1	-1	0	0	0	0	-1
10141976	4320	2005	-1	0	1	1	-1	0	0	0	0	-1
10141977	-1	2005	-1	0	1	1	-1	0	0	0	0	-1
10141978	24	2005	-1	0	1	1	-1	0	0	0	0	-1
10141979	1440	2005	-1	0	1	1	-1	0	0	0	0	-1
10141980	168	2005	-1	0	1	1	-1	0	0	0	0	-1
10141981	360	2005	-1	0	1	1	-1	0	0	0	0	-1
10141982	720	2005	-1	0	1	1	-1	0	0	0	0	-1
10141983	2160	2005	-1	0	1	1	-1	0	0	0	0	-1
10141984	4320	2005	-1	0	1	1	-1	0	0	0	0	-1
10141985	-1	2005	-1	0	1	1	-1	0	0	0	0	-1
10141986	8640	2005	-1	0	1	1	-1	0	0	0	0	-1
10141987	360	2005	-1	0	1	1	-1	0	0	0	0	-1
10141988	2160	2005	-1	0	1	1	-1	0	0	0	0	-1
10141989	168	2005	-1	0	1	1	-1	0	0	0	0	-1
10141990	360	2005	-1	0	1	1	-1	0	0	0	0	-1
10141991	24	2005	-1	0	1	1	-1	0	0	0	0	-1
10141992	72	2005	-1	0	1	1	-1	0	0	0	0	-1
10141993	168	2005	-1	0	1	1	-1	0	0	0	0	-1
10141994	360	2005	-1	0	1	1	-1	0	0	0	0	-1
10141995	720	2005	-1	0	1	1	-1	0	0	0	0	-1
10141996	2160	2005	-1	0	1	1	-1	0	0	0	0	-1
10141997	4320	2005	-1	0	1	1	-1	0	0	0	0	-1
10141998	-1	2005	-1	0	1	1	-1	0	0	0	0	-1
10141999	24	2005	-1	0	1	1	-1	0	0	0	0	-1
10142000	1440	2005	-1	0	1	1	-1	0	0	0	0	-1
10142001	168	2005	-1	0	1	1	-1	0	0	0	0	-1
10142002	360	2005	-1	0	1	1	-1	0	0	0	0	-1
10142003	720	2005	-1	0	1	1	-1	0	0	0	0	-1
10142004	2160	2005	-1	0	1	1	-1	0	0	0	0	-1
10142005	4320	2005	-1	0	1	1	-1	0	0	0	0	-1
10142006	-1	2005	-1	0	1	1	-1	0	0	0	0	-1
10142007	360	2005	-1	0	1	1	-1	0	0	0	0	-1
10142008	24	2005	-1	0	1	1	-1	0	0	0	0	-1
10142009	72	2005	-1	0	1	1	-1	0	0	0	0	-1
10142010	168	2005	-1	0	1	1	-1	0	0	0	0	-1
10142011	360	2005	-1	0	1	1	-1	0	0	0	0	-1
10142012	720	2005	-1	0	1	1	-1	0	0	0	0	-1
10142013	2160	2005	-1	0	1	1	-1	0	0	0	0	-1
10142014	4320	2005	-1	0	1	1	-1	0	0	0	0	-1
10142015	-1	2005	-1	0	1	1	-1	0	0	0	0	-1
10142016	24	2005	-1	0	1	1	-1	0	0	0	0	-1
10142017	72	2005	-1	0	1	1	-1	0	0	0	0	-1
10142018	168	2005	-1	0	1	1	-1	0	0	0	0	-1
10142019	360	2005	-1	0	1	1	-1	0	0	0	0	-1
10142020	720	2005	-1	0	1	1	-1	0	0	0	0	-1
10142021	2160	2005	-1	0	1	1	-1	0	0	0	0	-1
10142022	4320	2005	-1	0	1	1	-1	0	0	0	0	-1
10142023	-1	2005	-1	0	1	1	-1	0	0	0	0	-1
10142024	1440	2005	-1	0	1	1	-1	0	0	0	0	-1
10142025	1440	2005	-1	0	1	1	-1	0	0	0	0	-1
10142026	24	2005	-1	0	1	1	-1	0	0	0	0	-1
10142027	72	2005	-1	0	1	1	-1	0	0	0	0	-1
10142028	168	2005	-1	0	1	1	-1	0	0	0	0	-1
10142029	360	2005	-1	0	1	1	-1	0	0	0	0	-1
10142030	720	2005	-1	0	1	1	-1	0	0	0	0	-1
10142031	2160	2005	-1	0	1	1	-1	0	0	0	0	-1
10142032	4320	2005	-1	0	1	1	-1	0	0	0	0	-1
10142033	-1	2005	-1	0	1	1	-1	0	0	0	0	-1
10142034	24	2005	-1	0	1	1	-1	0	0	0	0	-1
10142035	72	2005	-1	0	1	1	-1	0	0	0	0	-1
10142036	168	2005	-1	0	1	1	-1	0	0	0	0	-1
10142037	360	2005	-1	0	1	1	-1	0	0	0	0	-1
10142038	720	2005	-1	0	1	1	-1	0	0	0	0	-1
10142039	2160	2005	-1	0	1	1	-1	0	0	0	0	-1
10142040	4320	2005	-1	0	1	1	-1	0	0	0	0	-1
10142041	-1	2005	-1	0	1	1	-1	0	0	0	0	-1
10142042	360	2005	-1	0	1	1	-1	0	0	0	0	-1
10142043	24	2005	-1	0	1	1	-1	0	0	0	0	-1
10142044	72	2005	-1	0	1	1	-1	0	0	0	0	-1
10142045	168	2005	-1	0	1	1	-1	0	0	0	0	-1
10142046	360	2005	-1	0	1	1	-1	0	0	0	0	-1
10142047	720	2005	-1	0	1	1	-1	0	0	0	0	-1
10142048	2160	2005	-1	0	1	1	-1	0	0	0	0	-1
10142049	4320	2005	-1	0	1	1	-1	0	0	0	0	-1
10142050	-1	2005	-1	0	1	1	-1	0	0	0	0	-1
10142051	24	2005	-1	0	1	1	-1	0	0	0	0	-1
10142052	72	2005	-1	0	1	1	-1	0	0	0	0	-1
10142053	168	2005	-1	0	1	1	-1	0	0	0	0	-1
10142054	360	2005	-1	0	1	1	-1	0	0	0	0	-1
10142055	720	2005	-1	0	1	1	-1	0	0	0	0	-1
10142056	2160	2005	-1	0	1	1	-1	0	0	0	0	-1
10142057	4320	2005	-1	0	1	1	-1	0	0	0	0	-1
10142058	-1	2005	-1	0	1	1	-1	0	0	0	0	-1
10142059	360	2005	-1	0	1	1	-1	0	0	0	0	-1
10142060	24	2005	-1	0	1	1	-1	0	0	0	0	-1
10142061	72	2005	-1	0	1	1	-1	0	0	0	0	-1
10142062	168	2005	-1	0	1	1	-1	0	0	0	0	-1
10142063	360	2005	-1	0	1	1	-1	0	0	0	0	-1
10142064	720	2005	-1	0	1	1	-1	0	0	0	0	-1
10142065	2160	2005	-1	0	1	1	-1	0	0	0	0	-1
10142066	4320	2005	-1	0	1	1	-1	0	0	0	0	-1
10142067	-1	2005	-1	0	1	1	-1	0	0	0	0	-1
10142068	24	2005	-1	0	1	1	-1	0	0	0	0	-1
10142069	72	2005	-1	0	1	1	-1	0	0	0	0	-1
10142070	168	2005	-1	0	1	1	-1	0	0	0	0	-1
10142071	360	2005	-1	0	1	1	-1	0	0	0	0	-1
10142072	720	2005	-1	0	1	1	-1	0	0	0	0	-1
10142073	2160	2005	-1	0	1	1	-1	0	0	0	0	-1
10142074	4320	2005	-1	0	1	1	-1	0	0	0	0	-1
10142075	-1	2005	-1	0	1	1	-1	0	0	0	0	-1
10142076	168	2005	-1	0	1	1	-1	0	0	0	0	-1
10142077	1440	2005	-1	0	1	1	-1	0	0	0	0	-1
10142078	1440	2005	-1	0	1	1	-1	0	0	0	0	-1
10142079	168	2005	-1	0	1	1	-1	0	0	0	0	-1
10142082	720	2005	-1	0	1	0	-1	0	0	0	0	-1
10142083	2160	2005	-1	0	1	0	-1	0	1	0	0	-1
10142084	4320	2005	-1	0	1	0	-1	0	0	0	0	-1
10142085	-1	2005	-1	0	1	0	-1	0	0	0	0	-1
10142086	24	2005	-1	0	1	1	-1	0	0	0	0	-1
10142087	72	2005	-1	0	1	1	-1	0	0	0	0	-1
10142088	168	2005	-1	0	1	1	-1	0	0	0	0	-1
10142089	360	2005	-1	0	1	1	-1	0	0	0	0	-1
10142090	720	2005	-1	0	1	1	-1	0	0	0	0	-1
10142091	2160	2005	-1	0	1	1	-1	0	0	0	0	-1
10142092	4320	2005	-1	0	1	1	-1	0	0	0	0	-1
10142093	-1	2005	-1	0	1	1	-1	0	0	0	0	-1
10142094	24	2005	-1	0	1	1	-1	0	0	0	0	-1
10142095	72	2005	-1	0	1	1	-1	0	0	0	0	-1
10142096	168	2005	-1	0	1	1	-1	0	0	0	0	-1
10142097	360	2005	-1	0	1	1	-1	0	0	0	0	-1
10142098	720	2005	-1	0	1	1	-1	0	0	0	0	-1
10142099	2160	2005	-1	0	1	1	-1	0	0	0	0	-1
10142100	4320	2005	-1	0	1	1	-1	0	0	0	0	-1
10142101	-1	2005	-1	0	1	1	-1	0	0	0	0	-1
10142102	24	2005	-1	0	1	1	-1	0	0	0	0	-1
10142103	72	2005	-1	0	1	1	-1	0	0	0	0	-1
10142104	168	2005	-1	0	1	1	-1	0	0	0	0	-1
10142105	360	2005	-1	0	1	1	-1	0	0	0	0	-1
10142106	720	2005	-1	0	1	1	-1	0	0	0	0	-1
10142107	2160	2005	-1	0	1	1	-1	0	0	0	0	-1
10142108	4320	2005	-1	0	1	1	-1	0	0	0	0	-1
10142109	-1	2005	-1	0	1	1	-1	0	0	0	0	-1
10142110	24	2005	-1	0	1	1	-1	0	0	0	0	-1
10142111	72	2005	-1	0	1	1	-1	0	0	0	0	-1
10142112	168	2005	-1	0	1	1	-1	0	0	0	0	-1
10142113	360	2005	-1	0	1	1	-1	0	0	0	0	-1
10142114	720	2005	-1	0	1	1	-1	0	0	0	0	-1
10142115	2160	2005	-1	0	1	1	-1	0	0	0	0	-1
10142116	4320	2005	-1	0	1	1	-1	0	0	0	0	-1
10142117	-1	2005	-1	0	1	1	-1	0	0	0	0	-1
10142118	24	2005	-1	0	1	1	-1	0	0	0	0	-1
10142119	72	2005	-1	0	1	1	-1	0	0	0	0	-1
10142120	168	2005	-1	0	1	1	-1	0	0	0	0	-1
10142121	360	2005	-1	0	1	1	-1	0	0	0	0	-1
10142122	720	2005	-1	0	1	1	-1	0	0	0	0	-1
10142123	2160	2005	-1	0	1	1	-1	0	0	0	0	-1
10142124	4320	2005	-1	0	1	1	-1	0	0	0	0	-1
10142125	-1	2005	-1	0	1	1	-1	0	0	0	0	-1
10142126	24	2005	-1	0	1	1	-1	0	0	0	0	-1
10142127	72	2005	-1	0	1	1	-1	0	0	0	0	-1
10142128	168	2005	-1	0	1	1	-1	0	0	0	0	-1
10142129	360	2005	-1	0	1	1	-1	0	0	0	0	-1
10142130	720	2005	-1	0	1	1	-1	0	0	0	0	-1
10142131	2160	2005	-1	0	1	1	-1	0	0	0	0	-1
10142132	4320	2005	-1	0	1	1	-1	0	0	0	0	-1
10142133	-1	2005	-1	0	1	1	-1	0	0	0	0	-1
10142134	24	2005	-1	0	1	1	-1	0	0	0	0	-1
10142135	72	2005	-1	0	1	1	-1	0	0	0	0	-1
10142136	168	2005	-1	0	1	1	-1	0	0	0	0	-1
10142137	360	2005	-1	0	1	1	-1	0	0	0	0	-1
10142138	720	2005	-1	0	1	1	-1	0	0	0	0	-1
10142139	2160	2005	-1	0	1	1	-1	0	0	0	0	-1
10142140	4320	2005	-1	0	1	1	-1	0	0	0	0	-1
10142141	-1	2005	-1	0	1	1	-1	0	0	0	1	-1
10142142	24	2005	-1	0	1	1	-1	0	0	0	0	-1
10142143	72	2005	-1	0	1	1	-1	0	0	0	0	-1
10142144	168	2005	-1	0	1	1	-1	0	0	0	0	-1
10142145	360	2005	-1	0	1	1	-1	0	0	0	0	-1
10142146	720	2005	-1	0	1	1	-1	0	0	0	0	-1
10142147	2160	2005	-1	0	1	1	-1	0	0	0	0	-1
10142148	4320	2005	-1	0	1	1	-1	0	0	0	0	-1
10142149	-1	2005	-1	0	1	1	-1	0	0	0	1	-1
10142150	24	2005	-1	0	1	1	-1	0	0	0	0	-1
10142151	72	2005	-1	0	1	1	-1	0	0	0	0	-1
10142152	168	2005	-1	0	1	1	-1	0	0	0	0	-1
10142153	360	2005	-1	0	1	1	-1	0	0	0	0	-1
10142154	720	2005	-1	0	1	1	-1	0	0	0	0	-1
10142155	2160	2005	-1	0	1	1	-1	0	0	0	0	-1
10142156	4320	2005	-1	0	1	1	-1	0	0	0	0	-1
10142157	-1	2005	-1	0	1	1	-1	0	0	0	1	-1
10142158	24	2005	-1	0	1	1	-1	0	0	0	0	-1
10142159	72	2005	-1	0	1	1	-1	0	0	0	0	-1
10142160	168	2005	-1	0	1	1	-1	0	0	0	0	-1
10142161	360	2005	-1	0	1	1	-1	0	0	0	0	-1
10142162	720	2005	-1	0	1	1	-1	0	0	0	0	-1
10142163	2160	2005	-1	0	1	1	-1	0	0	0	0	-1
10142164	4320	2005	-1	0	1	1	-1	0	0	0	0	-1
10142165	-1	2005	-1	0	1	1	-1	0	0	0	1	-1
10142166	24	2005	-1	0	1	1	-1	0	0	0	0	-1
10142167	72	2005	-1	0	1	1	-1	0	0	0	0	-1
10142168	168	2005	-1	0	1	1	-1	0	0	0	0	-1
10142169	360	2005	-1	0	1	1	-1	0	0	0	0	-1
10142170	720	2005	-1	0	1	1	-1	0	0	0	0	-1
10142171	2160	2005	-1	0	1	1	-1	0	0	0	0	-1
10142172	4320	2005	-1	0	1	1	-1	0	0	0	0	-1
10142173	-1	2005	-1	0	1	1	-1	0	0	0	1	-1
10142174	24	2005	-1	0	1	1	-1	0	0	0	0	-1
10142175	72	2005	-1	0	1	1	-1	0	0	0	0	-1
10142176	168	2005	-1	0	1	1	-1	0	0	0	0	-1
10142177	360	2005	-1	0	1	1	-1	0	0	0	0	-1
10142178	720	2005	-1	0	1	1	-1	0	0	0	0	-1
10142179	2160	2005	-1	0	1	1	-1	0	0	0	0	-1
10142180	4320	2005	-1	0	1	1	-1	0	0	0	0	-1
10142181	-1	2005	-1	0	1	1	-1	0	0	0	1	-1
10142182	24	2005	-1	0	1	1	-1	0	0	0	0	-1
10142183	72	2005	-1	0	1	1	-1	0	0	0	0	-1
10142184	168	2005	-1	0	1	1	-1	0	0	0	0	-1
10142185	360	2005	-1	0	1	1	-1	0	0	0	0	-1
10142186	720	2005	-1	0	1	1	-1	0	0	0	0	-1
10142187	2160	2005	-1	0	1	1	-1	0	0	0	0	-1
10142188	4320	2005	-1	0	1	1	-1	0	0	0	0	-1
10142189	-1	2005	-1	0	1	1	-1	0	0	0	0	-1
10142190	24	2005	-1	0	1	1	-1	0	0	0	0	-1
10142191	72	2005	-1	0	1	1	-1	0	0	0	0	-1
10142192	168	2005	-1	0	1	1	-1	0	0	0	0	-1
10142193	360	2005	-1	0	1	1	-1	0	0	0	0	-1
10142194	720	2005	-1	0	1	1	-1	0	0	0	0	-1
10142195	2160	2005	-1	0	1	1	-1	0	0	0	0	-1
10142196	4320	2005	-1	0	1	1	-1	0	0	0	0	-1
10142197	-1	2005	-1	0	1	1	-1	0	0	0	0	-1
10142198	1440	2005	-1	0	1	1	-1	0	0	0	0	-1
10142199	8640	2005	-1	0	1	1	-1	0	0	0	0	-1
10142200	1440	2005	-1	0	1	1	-1	0	0	0	0	-1
10142201	8640	2005	-1	0	1	1	-1	0	0	0	0	-1
10142202	1440	2005	-1	0	1	1	-1	0	0	0	0	-1
10142203	8640	2005	-1	0	1	1	-1	0	0	0	0	-1
10142204	24	2005	-1	0	1	1	-1	0	0	0	0	-1
10142205	72	2005	-1	0	1	1	-1	0	0	0	0	-1
10142206	168	2005	-1	0	1	1	-1	0	0	0	0	-1
10142207	360	2005	-1	0	1	1	-1	0	0	0	0	-1
10142208	720	2005	-1	0	1	1	-1	0	0	0	0	-1
10142209	2160	2005	-1	0	1	1	-1	0	0	0	0	-1
10142210	4320	2005	-1	0	1	1	-1	0	0	0	0	-1
10142211	-1	2005	-1	0	1	1	-1	0	0	0	0	-1
10142212	24	2005	-1	0	1	1	-1	0	0	0	0	-1
10142213	72	2005	-1	0	1	1	-1	0	0	0	0	-1
10142214	168	2005	-1	0	1	1	-1	0	0	0	0	-1
10142215	360	2005	-1	0	1	1	-1	0	0	0	0	-1
10142216	720	2005	-1	0	1	1	-1	0	0	0	0	-1
10142217	2160	2005	-1	0	1	1	-1	0	0	0	0	-1
10142218	4320	2005	-1	0	1	1	-1	0	0	0	0	-1
10142219	-1	2005	-1	0	1	1	-1	0	0	0	0	-1
10142220	24	2005	-1	0	1	1	-1	0	0	0	0	-1
10142221	72	2005	-1	0	1	1	-1	0	0	0	0	-1
10142222	168	2005	-1	0	1	1	-1	0	0	0	0	-1
10142223	360	2005	-1	0	1	1	-1	0	0	0	0	-1
10142224	720	2005	-1	0	1	1	-1	0	0	0	0	-1
10142225	2160	2005	-1	0	1	1	-1	0	0	0	0	-1
10142226	4320	2005	-1	0	1	1	-1	0	0	0	0	-1
10142227	-1	2005	-1	0	1	1	-1	0	0	0	0	-1
10142228	24	2005	-1	0	1	1	-1	0	0	0	0	-1
10142229	72	2005	-1	0	1	1	-1	0	0	0	0	-1
10142230	168	2005	-1	0	1	1	-1	0	0	0	0	-1
10142231	360	2005	-1	0	1	1	-1	0	0	0	0	-1
10142232	720	2005	-1	0	1	1	-1	0	0	0	0	-1
10142233	2160	2005	-1	0	1	1	-1	0	0	0	0	-1
10142234	4320	2005	-1	0	1	1	-1	0	0	0	0	-1
10142235	-1	2005	-1	0	1	1	-1	0	0	0	0	-1
10142236	1440	2005	-1	0	1	1	-1	0	0	0	0	-1
10142237	1440	2005	-1	0	1	1	-1	0	0	0	0	-1
10142238	24	2005	-1	0	1	1	-1	0	0	0	0	-1
10142239	72	2005	-1	0	1	1	-1	0	0	0	0	-1
10142240	168	2005	-1	0	1	1	-1	0	0	0	0	-1
10142241	360	2005	-1	0	1	1	-1	0	0	0	0	-1
10142242	720	2005	-1	0	1	1	-1	0	0	0	0	-1
10142243	2160	2005	-1	0	1	1	-1	0	0	0	0	-1
10142244	4320	2005	-1	0	1	1	-1	0	0	0	0	-1
10142245	-1	2005	-1	0	1	1	-1	0	0	0	0	-1
10142246	24	2005	-1	0	1	1	-1	0	0	0	0	-1
10142247	72	2005	-1	0	1	1	-1	0	0	0	0	-1
10142248	168	2005	-1	0	1	1	-1	0	0	0	0	-1
10142249	360	2005	-1	0	1	1	-1	0	0	0	0	-1
10142250	720	2005	-1	0	1	1	-1	0	0	0	0	-1
10142251	2160	2005	-1	0	1	1	-1	0	0	0	0	-1
10142252	4320	2005	-1	0	1	1	-1	0	0	0	0	-1
10142253	-1	2005	-1	0	1	1	-1	0	0	0	0	-1
10142254	24	2005	-1	0	1	1	-1	0	0	0	0	-1
10142255	72	2005	-1	0	1	1	-1	0	0	0	0	-1
10142256	168	2005	-1	0	1	1	-1	0	0	0	0	-1
10142257	360	2005	-1	0	1	1	-1	0	0	0	0	-1
10142258	720	2005	-1	0	1	1	-1	0	0	0	0	-1
10142259	2160	2005	-1	0	1	1	-1	0	0	0	0	-1
10142260	4320	2005	-1	0	1	1	-1	0	0	0	0	-1
10142261	-1	2005	-1	0	1	1	-1	0	0	0	0	-1
10142262	24	2005	-1	0	1	1	-1	0	0	0	0	-1
10142263	72	2005	-1	0	1	1	-1	0	0	0	0	-1
10142264	168	2005	-1	0	1	1	-1	0	0	0	0	-1
10142265	360	2005	-1	0	1	1	-1	0	0	0	0	-1
10142266	720	2005	-1	0	1	1	-1	0	0	0	0	-1
10142267	2160	2005	-1	0	1	1	-1	0	0	0	0	-1
10142268	4320	2005	-1	0	1	1	-1	0	0	0	0	-1
10142269	-1	2005	-1	0	1	1	-1	0	0	0	0	-1
10142270	168	2005	-1	0	1	1	-1	0	0	0	0	-1
10142271	360	2005	-1	0	1	1	-1	0	0	0	0	-1
10142272	24	2005	-1	0	1	1	-1	0	0	0	0	-1
10142273	72	2005	-1	0	1	1	-1	0	0	0	0	-1
10142274	168	2005	-1	0	1	1	-1	0	0	0	0	-1
10142275	360	2005	-1	0	1	1	-1	0	0	0	0	-1
10142276	720	2005	-1	0	1	1	-1	0	0	0	0	-1
10142277	2160	2005	-1	0	1	1	-1	0	0	0	0	-1
10142278	4320	2005	-1	0	1	1	-1	0	0	0	0	-1
10142279	-1	2005	-1	0	1	1	-1	0	0	0	0	-1
10142280	24	2005	-1	0	1	1	-1	0	0	0	0	-1
10142281	72	2005	-1	0	1	1	-1	0	0	0	0	-1
10142282	168	2005	-1	0	1	1	-1	0	0	0	0	-1
10142283	360	2005	-1	0	1	1	-1	0	0	0	0	-1
10142284	720	2005	-1	0	1	1	-1	0	0	0	0	-1
10142285	2160	2005	-1	0	1	1	-1	0	0	0	0	-1
10142286	4320	2005	-1	0	1	1	-1	0	0	0	0	-1
10142287	-1	2005	-1	0	1	1	-1	0	0	0	0	-1
10142288	24	2005	-1	0	1	1	-1	0	0	0	0	-1
10142289	72	2005	-1	0	1	1	-1	0	0	0	0	-1
10142290	168	2005	-1	0	1	1	-1	0	0	0	0	-1
10142291	360	2005	-1	0	1	1	-1	0	0	0	0	-1
10142292	720	2005	-1	0	1	1	-1	0	0	0	0	-1
10142293	2160	2005	-1	0	1	1	-1	0	0	0	0	-1
10142294	4320	2005	-1	0	1	1	-1	0	0	0	0	-1
10142295	-1	2005	-1	0	1	1	-1	0	0	0	0	-1
10142296	24	2005	-1	0	1	1	-1	0	0	0	0	-1
10142297	72	2005	-1	0	1	1	-1	0	0	0	0	-1
10142298	168	2005	-1	0	1	1	-1	0	0	0	0	-1
10142299	360	2005	-1	0	1	1	-1	0	0	0	0	-1
10142300	720	2005	-1	0	1	1	-1	0	0	0	0	-1
10142301	2160	2005	-1	0	1	1	-1	0	0	0	0	-1
10142302	4320	2005	-1	0	1	1	-1	0	0	0	0	-1
10142303	-1	2005	-1	0	1	1	-1	0	0	0	0	-1
10142304	72	2005	-1	0	1	1	-1	0	0	0	0	-1
10142305	24	2005	-1	0	1	1	-1	0	0	0	0	-1
10142306	72	2005	-1	0	1	1	-1	0	0	0	0	-1
10142307	168	2005	-1	0	1	1	-1	0	0	0	0	-1
10142308	360	2005	-1	0	1	1	-1	0	0	0	0	-1
10142309	720	2005	-1	0	1	1	-1	0	0	0	0	-1
10142310	2160	2005	-1	0	1	1	-1	0	0	0	0	-1
10142311	4320	2005	-1	0	1	1	-1	0	0	0	0	-1
10142312	-1	2005	-1	0	1	1	-1	0	0	0	0	-1
10142313	24	2005	-1	0	1	1	-1	0	0	0	0	-1
10142314	72	2005	-1	0	1	1	-1	0	0	0	0	-1
10142315	168	2005	-1	0	1	1	-1	0	0	0	0	-1
10142316	360	2005	-1	0	1	1	-1	0	0	0	0	-1
10142317	720	2005	-1	0	1	1	-1	0	0	0	0	-1
10142318	2160	2005	-1	0	1	1	-1	0	0	0	0	-1
10142319	4320	2005	-1	0	1	1	-1	0	0	0	0	-1
10142320	-1	2005	-1	0	1	1	-1	0	0	0	0	-1
10142321	720	2005	-1	0	1	0	-1	0	0	0	0	-1
10142322	1440	2005	-1	0	1	0	-1	0	0	0	0	-1
10142323	8640	2005	-1	0	1	0	-1	0	0	0	0	-1
10142324	24	2005	-1	0	1	1	-1	0	0	0	0	-1
10142325	72	2005	-1	0	1	1	-1	0	0	0	0	-1
10142326	168	2005	-1	0	1	1	-1	0	0	0	0	-1
10142327	360	2005	-1	0	1	1	-1	0	0	0	0	-1
10142328	720	2005	-1	0	1	1	-1	0	0	0	0	-1
10142329	2160	2005	-1	0	1	1	-1	0	0	0	0	-1
10142330	4320	2005	-1	0	1	1	-1	0	0	0	0	-1
10142331	-1	2005	-1	0	1	1	-1	0	0	0	0	-1
10142332	24	2005	-1	0	1	1	-1	0	0	0	0	-1
10142333	72	2005	-1	0	1	1	-1	0	0	0	0	-1
10142334	168	2005	-1	0	1	1	-1	0	0	0	0	-1
10142335	360	2005	-1	0	1	1	-1	0	0	0	0	-1
10142336	720	2005	-1	0	1	1	-1	0	0	0	0	-1
10142337	2160	2005	-1	0	1	1	-1	0	0	0	0	-1
10142338	4320	2005	-1	0	1	1	-1	0	0	0	0	-1
10142339	-1	2005	-1	0	1	1	-1	0	0	0	0	-1
10142340	1440	2005	-1	0	1	1	-1	0	0	0	0	-1
10142341	1440	2005	-1	0	1	1	-1	0	0	0	0	-1
10142342	24	2005	-1	0	1	1	-1	0	0	0	0	-1
10142343	72	2005	-1	0	1	1	-1	0	0	0	0	-1
10142344	168	2005	-1	0	1	1	-1	0	0	0	0	-1
10142345	360	2005	-1	0	1	1	-1	0	0	0	0	-1
10142346	720	2005	-1	0	1	1	-1	0	0	0	0	-1
10142347	2160	2005	-1	0	1	1	-1	0	0	0	0	-1
10142348	4320	2005	-1	0	1	1	-1	0	0	0	0	-1
10142349	-1	2005	-1	0	1	1	-1	0	0	0	0	-1
10142350	24	2005	-1	0	1	1	-1	0	0	0	0	-1
10142351	72	2005	-1	0	1	1	-1	0	0	0	0	-1
10142352	168	2005	-1	0	1	1	-1	0	0	0	0	-1
10142353	360	2005	-1	0	1	1	-1	0	0	0	0	-1
10142354	720	2005	-1	0	1	1	-1	0	0	0	0	-1
10142355	2160	2005	-1	0	1	1	-1	0	0	0	0	-1
10142356	4320	2005	-1	0	1	1	-1	0	0	0	0	-1
10142357	-1	2005	-1	0	1	1	-1	0	0	0	0	-1
10142358	1440	2005	-1	0	1	1	-1	0	0	0	0	-1
10142359	1440	2005	-1	0	1	1	-1	0	0	0	0	-1
10142360	24	2005	-1	0	1	1	-1	0	0	0	0	-1
10142361	72	2005	-1	0	1	1	-1	0	0	0	0	-1
10142362	168	2005	-1	0	1	1	-1	0	0	0	0	-1
10142363	360	2005	-1	0	1	1	-1	0	0	0	0	-1
10142364	720	2005	-1	0	1	1	-1	0	0	0	0	-1
10142365	2160	2005	-1	0	1	1	-1	0	0	0	0	-1
10142366	4320	2005	-1	0	1	1	-1	0	0	0	0	-1
10142367	-1	2005	-1	0	1	1	-1	0	0	0	0	-1
10142368	24	2005	-1	0	1	1	-1	0	0	0	0	-1
10142369	72	2005	-1	0	1	1	-1	0	0	0	0	-1
10142370	168	2005	-1	0	1	1	-1	0	0	0	0	-1
10142371	360	2005	-1	0	1	1	-1	0	0	0	0	-1
10142372	720	2005	-1	0	1	1	-1	0	0	0	0	-1
10142373	2160	2005	-1	0	1	1	-1	0	0	0	0	-1
10142374	4320	2005	-1	0	1	1	-1	0	0	0	0	-1
10142375	-1	2005	-1	0	1	1	-1	0	0	0	0	-1
10142376	24	2005	-1	0	1	1	-1	0	0	0	0	-1
10142377	72	2005	-1	0	1	1	-1	0	0	0	0	-1
10142378	168	2005	-1	0	1	1	-1	0	0	0	0	-1
10142379	360	2005	-1	0	1	1	-1	0	0	0	0	-1
10142380	720	2005	-1	0	1	1	-1	0	0	0	0	-1
10142381	2160	2005	-1	0	1	1	-1	0	0	0	0	-1
10142382	4320	2005	-1	0	1	1	-1	0	0	0	0	-1
10142383	-1	2005	-1	0	1	1	-1	0	0	0	0	-1
10142384	24	2005	-1	0	1	1	-1	0	0	0	0	-1
10142385	72	2005	-1	0	1	1	-1	0	0	0	0	-1
10142386	168	2005	-1	0	1	1	-1	0	0	0	0	-1
10142387	360	2005	-1	0	1	1	-1	0	0	0	0	-1
10142388	720	2005	-1	0	1	1	-1	0	0	0	0	-1
10142389	2160	2005	-1	0	1	1	-1	0	0	0	0	-1
10142390	4320	2005	-1	0	1	1	-1	0	0	0	0	-1
10142391	-1	2005	-1	0	1	1	-1	0	0	0	0	-1
10142392	24	2005	-1	0	1	1	-1	0	0	0	0	-1
10142393	72	2005	-1	0	1	1	-1	0	0	0	0	-1
10142394	168	2005	-1	0	1	1	-1	0	0	0	0	-1
10142395	360	2005	-1	0	1	1	-1	0	0	0	0	-1
10142396	720	2005	-1	0	1	1	-1	0	0	0	0	-1
10142397	2160	2005	-1	0	1	1	-1	0	0	0	0	-1
10142398	4320	2005	-1	0	1	1	-1	0	0	0	0	-1
10142399	-1	2005	-1	0	1	1	-1	0	0	0	0	-1
10142400	24	2005	-1	0	1	1	-1	0	0	0	0	-1
10142401	72	2005	-1	0	1	1	-1	0	0	0	0	-1
10142402	168	2005	-1	0	1	1	-1	0	0	0	0	-1
10142403	360	2005	-1	0	1	1	-1	0	0	0	0	-1
10142404	720	2005	-1	0	1	1	-1	0	0	0	0	-1
10142405	2160	2005	-1	0	1	1	-1	0	0	0	0	-1
10142406	4320	2005	-1	0	1	1	-1	0	0	0	0	-1
10142407	-1	2005	-1	0	1	1	-1	0	0	0	0	-1
10142408	24	2005	-1	0	1	1	-1	0	0	0	0	-1
10142409	72	2005	-1	0	1	1	-1	0	0	0	0	-1
10142410	168	2005	-1	0	1	1	-1	0	0	0	0	-1
10142411	360	2005	-1	0	1	1	-1	0	0	0	0	-1
10142412	720	2005	-1	0	1	1	-1	0	0	0	0	-1
10142413	2160	2005	-1	0	1	1	-1	0	0	0	0	-1
10142414	4320	2005	-1	0	1	1	-1	0	0	0	0	-1
10142415	-1	2005	-1	0	1	1	-1	0	0	0	0	-1
10142416	24	2005	-1	0	1	1	-1	0	0	0	0	-1
10142417	72	2005	-1	0	1	1	-1	0	0	0	0	-1
10142418	168	2005	-1	0	1	1	-1	0	0	0	0	-1
10142419	360	2005	-1	0	1	1	-1	0	0	0	0	-1
10142420	720	2005	-1	0	1	1	-1	0	0	0	0	-1
10142421	2160	2005	-1	0	1	1	-1	0	0	0	0	-1
10142422	4320	2005	-1	0	1	1	-1	0	0	0	0	-1
10142423	-1	2005	-1	0	1	1	-1	0	0	0	0	-1
10142424	8640	2005	-1	0	1	1	-1	0	0	0	0	-1
10142425	24	2005	-1	0	1	1	-1	0	0	0	0	-1
10142426	72	2005	-1	0	1	1	-1	0	0	0	0	-1
10142427	168	2005	-1	0	1	1	-1	0	0	0	0	-1
10142428	360	2005	-1	0	1	1	-1	0	0	0	0	-1
10142429	720	2005	-1	0	1	1	-1	0	0	0	0	-1
10142430	2160	2005	-1	0	1	1	-1	0	0	0	0	-1
10142431	4320	2005	-1	0	1	1	-1	0	0	0	0	-1
10142432	-1	2005	-1	0	1	1	-1	0	0	0	0	-1
10142433	24	2005	-1	0	1	1	-1	0	0	0	0	-1
10142434	72	2005	-1	0	1	1	-1	0	0	0	0	-1
10142435	168	2005	-1	0	1	1	-1	0	0	0	0	-1
10142436	360	2005	-1	0	1	1	-1	0	0	0	0	-1
10142437	720	2005	-1	0	1	1	-1	0	0	0	0	-1
10142438	2160	2005	-1	0	1	1	-1	0	0	0	0	-1
10142439	4320	2005	-1	0	1	1	-1	0	0	0	0	-1
10142440	-1	2005	-1	0	1	1	-1	0	0	0	0	-1
10142441	24	2005	-1	0	1	1	-1	0	0	0	0	-1
10142442	72	2005	-1	0	1	1	-1	0	0	0	0	-1
10142443	168	2005	-1	0	1	1	-1	0	0	0	0	-1
10142444	360	2005	-1	0	1	1	-1	0	0	0	0	-1
10142445	720	2005	-1	0	1	1	-1	0	0	0	0	-1
10142446	2160	2005	-1	0	1	1	-1	0	0	0	0	-1
10142447	4320	2005	-1	0	1	1	-1	0	0	0	0	-1
10142448	1440	2005	-1	0	1	1	-1	0	0	0	0	-1
10142449	-1	2005	-1	0	1	1	-1	0	0	0	0	-1
10142450	24	2005	-1	0	1	1	-1	0	0	0	0	-1
10142451	72	2005	-1	0	1	1	-1	0	0	0	0	-1
10142452	168	2005	-1	0	1	1	-1	0	0	0	0	-1
10142453	360	2005	-1	0	1	1	-1	0	0	0	0	-1
10142454	720	2005	-1	0	1	1	-1	0	0	0	0	-1
10142455	2160	2005	-1	0	1	1	-1	0	0	0	0	-1
10142456	4320	2005	-1	0	1	1	-1	0	0	0	0	-1
10142457	1440	2005	-1	0	1	1	-1	0	0	0	0	-1
10142458	-1	2005	-1	0	1	1	-1	0	0	0	0	-1
10142459	24	2005	-1	0	1	1	-1	0	0	0	0	-1
10142460	72	2005	-1	0	1	1	-1	0	0	0	0	-1
10142461	168	2005	-1	0	1	1	-1	0	0	0	0	-1
10142462	360	2005	-1	0	1	1	-1	0	0	0	0	-1
10142463	720	2005	-1	0	1	1	-1	0	0	0	0	-1
10142464	2160	2005	-1	0	1	1	-1	0	0	0	0	-1
10142465	4320	2005	-1	0	1	1	-1	0	0	0	0	-1
10142466	1440	2005	-1	0	1	1	-1	0	0	0	0	-1
10142467	-1	2005	-1	0	1	1	-1	0	0	0	0	-1
10142468	24	2005	-1	0	1	1	-1	0	0	0	0	-1
10142469	72	2005	-1	0	1	1	-1	0	0	0	0	-1
10142470	168	2005	-1	0	1	1	-1	0	0	0	0	-1
10142471	360	2005	-1	0	1	1	-1	0	0	0	0	-1
10142472	720	2005	-1	0	1	1	-1	0	0	0	0	-1
10142473	2160	2005	-1	0	1	1	-1	0	0	0	0	-1
10142474	4320	2005	-1	0	1	1	-1	0	0	0	0	-1
10142475	1440	2005	-1	0	1	1	-1	0	0	0	0	-1
10142476	-1	2005	-1	0	1	1	-1	0	0	0	0	-1
10142477	24	2005	-1	0	1	1	-1	0	0	0	0	-1
10142478	72	2005	-1	0	1	1	-1	0	0	0	0	-1
10142479	168	2005	-1	0	1	1	-1	0	0	0	0	-1
10142480	360	2005	-1	0	1	1	-1	0	0	0	0	-1
10142481	720	2005	-1	0	1	1	-1	0	0	0	0	-1
10142482	2160	2005	-1	0	1	1	-1	0	0	0	0	-1
10142483	4320	2005	-1	0	1	1	-1	0	0	0	0	-1
10142484	-1	2005	-1	0	1	1	-1	0	0	0	0	-1
10142485	24	2005	-1	0	1	1	-1	0	0	0	0	-1
10142486	72	2005	-1	0	1	1	-1	0	0	0	0	-1
10142487	168	2005	-1	0	1	1	-1	0	0	0	0	-1
10142488	360	2005	-1	0	1	1	-1	0	0	0	0	-1
10142489	720	2005	-1	0	1	1	-1	0	0	0	0	-1
10142490	2160	2005	-1	0	1	1	-1	0	0	0	0	-1
10142491	4320	2005	-1	0	1	1	-1	0	0	0	0	-1
10142492	-1	2005	-1	0	1	1	-1	0	0	0	0	-1
10142493	1440	2005	-1	0	1	1	-1	0	0	0	0	-1
10142494	24	2005	-1	0	1	1	-1	0	0	0	0	-1
10142495	72	2005	-1	0	1	1	-1	0	0	0	0	-1
10142496	168	2005	-1	0	1	1	-1	0	0	0	0	-1
10142497	360	2005	-1	0	1	1	-1	0	0	0	0	-1
10142498	720	2005	-1	0	1	1	-1	0	0	0	0	-1
10142499	2160	2005	-1	0	1	1	-1	0	0	0	0	-1
10142500	4320	2005	-1	0	1	1	-1	0	0	0	0	-1
10142501	-1	2005	-1	0	1	1	-1	0	0	0	0	-1
10142502	24	2005	-1	0	1	1	-1	0	0	0	0	-1
10142503	72	2005	-1	0	1	1	-1	0	0	0	0	-1
10142504	168	2005	-1	0	1	1	-1	0	0	0	0	-1
10142505	360	2005	-1	0	1	1	-1	0	0	0	0	-1
10142506	720	2005	-1	0	1	1	-1	0	0	0	0	-1
10142507	2160	2005	-1	0	1	1	-1	0	0	0	0	-1
10142508	4320	2005	-1	0	1	1	-1	0	0	0	0	-1
10142509	-1	2005	-1	0	1	1	-1	0	0	0	0	-1
10142510	24	2005	-1	0	1	1	-1	0	0	0	0	-1
10142511	72	2005	-1	0	1	1	-1	0	0	0	0	-1
10142512	168	2005	-1	0	1	1	-1	0	0	0	0	-1
10142513	360	2005	-1	0	1	1	-1	0	0	0	0	-1
10142514	720	2005	-1	0	1	1	-1	0	0	0	0	-1
10142515	2160	2005	-1	0	1	1	-1	0	0	0	0	-1
10142516	4320	2005	-1	0	1	1	-1	0	0	0	0	-1
10142517	8640	2005	-1	0	1	1	-1	0	0	0	0	-1
10142518	-1	2005	-1	0	1	1	-1	0	0	0	0	-1
10142519	24	2005	-1	0	1	1	-1	0	0	0	0	-1
10142520	72	2005	-1	0	1	1	-1	0	0	0	0	-1
10142521	168	2005	-1	0	1	1	-1	0	0	0	0	-1
10142522	360	2005	-1	0	1	1	-1	0	0	0	0	-1
10142523	720	2005	-1	0	1	1	-1	0	0	0	0	-1
10142524	2160	2005	-1	0	1	1	-1	0	0	0	0	-1
10142525	4320	2005	-1	0	1	1	-1	0	0	0	0	-1
10142526	8640	2005	-1	0	1	1	-1	0	0	0	0	-1
10142527	-1	2005	-1	0	1	1	-1	0	0	0	0	-1
10142528	24	2005	-1	0	1	1	-1	0	0	0	0	-1
10142529	72	2005	-1	0	1	1	-1	0	0	0	0	-1
10142530	168	2005	-1	0	1	1	-1	0	0	0	0	-1
10142531	360	2005	-1	0	1	1	-1	0	0	0	0	-1
10142532	720	2005	-1	0	1	1	-1	0	0	0	0	-1
10142533	2160	2005	-1	0	1	1	-1	0	0	0	0	-1
10142534	4320	2005	-1	0	1	1	-1	0	0	0	0	-1
10142535	8640	2005	-1	0	1	1	-1	0	0	0	0	-1
10142536	-1	2005	-1	0	1	1	-1	0	0	0	1	-1
10142537	24	2005	-1	0	1	1	-1	0	0	0	0	-1
10142538	72	2005	-1	0	1	1	-1	0	0	0	0	-1
10142539	168	2005	-1	0	1	1	-1	0	0	0	0	-1
10142540	360	2005	-1	0	1	1	-1	0	0	0	0	-1
10142541	720	2005	-1	0	1	1	-1	0	0	0	0	-1
10142542	2160	2005	-1	0	1	1	-1	0	0	0	0	-1
10142543	4320	2005	-1	0	1	1	-1	0	0	0	0	-1
10142544	8640	2005	-1	0	1	1	-1	0	0	0	0	-1
10142545	-1	2005	-1	0	1	1	-1	0	0	0	0	-1
10142546	24	2005	-1	0	1	1	-1	0	0	0	0	-1
10142547	72	2005	-1	0	1	1	-1	0	0	0	0	-1
10142548	168	2005	-1	0	1	1	-1	0	0	0	0	-1
10142549	360	2005	-1	0	1	1	-1	0	0	0	0	-1
10142550	720	2005	-1	0	1	1	-1	0	0	0	0	-1
10142551	2160	2005	-1	0	1	1	-1	0	0	0	0	-1
10142552	4320	2005	-1	0	1	1	-1	0	0	0	0	-1
10142553	8640	2005	-1	0	1	1	-1	0	0	0	0	-1
10142554	-1	2005	-1	0	1	1	-1	0	0	0	1	-1
10142555	24	2005	-1	0	1	1	-1	0	0	0	0	-1
10142556	72	2005	-1	0	1	1	-1	0	0	0	0	-1
10142557	168	2005	-1	0	1	1	-1	0	0	0	0	-1
10142558	360	2005	-1	0	1	1	-1	0	0	0	0	-1
10142559	720	2005	-1	0	1	1	-1	0	0	0	0	-1
10142560	2160	2005	-1	0	1	1	-1	0	0	0	0	-1
10142561	4320	2005	-1	0	1	1	-1	0	0	0	0	-1
10142562	8640	2005	-1	0	1	1	-1	0	0	0	0	-1
10142563	-1	2005	-1	0	1	1	-1	0	0	0	0	-1
10142564	24	2005	-1	0	1	1	-1	0	0	0	0	-1
10142565	72	2005	-1	0	1	1	-1	0	0	0	0	-1
10142566	168	2005	-1	0	1	1	-1	0	0	0	0	-1
10142567	360	2005	-1	0	1	1	-1	0	0	0	0	-1
10142568	720	2005	-1	0	1	1	-1	0	0	0	0	-1
10142569	2160	2005	-1	0	1	1	-1	0	0	0	0	-1
10142570	4320	2005	-1	0	1	1	-1	0	0	0	0	-1
10142571	8640	2005	-1	0	1	1	-1	0	0	0	0	-1
10142572	-1	2005	-1	0	1	1	-1	0	0	0	1	-1
10142573	24	2005	-1	0	1	1	-1	0	0	0	0	-1
10142574	72	2005	-1	0	1	1	-1	0	0	0	0	-1
10142575	168	2005	-1	0	1	1	-1	0	0	0	0	-1
10142576	360	2005	-1	0	1	1	-1	0	0	0	0	-1
10142577	720	2005	-1	0	1	1	-1	0	0	0	0	-1
10142578	2160	2005	-1	0	1	1	-1	0	0	0	0	-1
10142579	4320	2005	-1	0	1	1	-1	0	0	0	0	-1
10142580	8640	2005	-1	0	1	1	-1	0	0	0	0	-1
10142581	-1	2005	-1	0	1	1	-1	0	0	0	0	-1
10142582	24	2005	-1	0	1	1	-1	0	0	0	0	-1
10142583	72	2005	-1	0	1	1	-1	0	0	0	0	-1
10142584	168	2005	-1	0	1	1	-1	0	0	0	0	-1
10142585	360	2005	-1	0	1	1	-1	0	0	0	0	-1
10142586	720	2005	-1	0	1	1	-1	0	0	0	0	-1
10142587	2160	2005	-1	0	1	1	-1	0	0	0	0	-1
10142588	4320	2005	-1	0	1	1	-1	0	0	0	0	-1
10142589	8640	2005	-1	0	1	1	-1	0	0	0	0	-1
10142590	-1	2005	-1	0	1	1	-1	0	0	0	1	-1
10142591	24	2005	-1	0	1	1	-1	0	0	0	0	-1
10142592	72	2005	-1	0	1	1	-1	0	0	0	0	-1
10142593	168	2005	-1	0	1	1	-1	0	0	0	0	-1
10142594	360	2005	-1	0	1	1	-1	0	0	0	0	-1
10142595	720	2005	-1	0	1	1	-1	0	0	0	0	-1
10142596	2160	2005	-1	0	1	1	-1	0	0	0	0	-1
10142597	4320	2005	-1	0	1	1	-1	0	0	0	0	-1
10142598	8640	2005	-1	0	1	1	-1	0	0	0	0	-1
10142599	-1	2005	-1	0	1	1	-1	0	0	0	0	-1
10142672	24	2005	-1	0	1	1	-1	0	0	0	0	-1
10142673	72	2005	-1	0	1	1	-1	0	0	0	0	-1
10142674	168	2005	-1	0	1	1	-1	0	0	0	0	-1
10142675	360	2005	-1	0	1	1	-1	0	0	0	0	-1
10142676	720	2005	-1	0	1	1	-1	0	0	0	0	-1
10142677	2160	2005	-1	0	1	1	-1	0	0	0	0	-1
10142678	4320	2005	-1	0	1	1	-1	0	0	0	0	-1
10142679	8640	2005	-1	0	1	1	-1	0	0	0	0	-1
10142680	-1	2005	-1	0	1	1	-1	0	0	0	1	-1
10142681	24	2005	-1	0	1	1	-1	0	0	0	0	-1
10142682	72	2005	-1	0	1	1	-1	0	0	0	0	-1
10142683	168	2005	-1	0	1	1	-1	0	0	0	0	-1
10142684	360	2005	-1	0	1	1	-1	0	0	0	0	-1
10142685	720	2005	-1	0	1	1	-1	0	0	0	0	-1
10142686	2160	2005	-1	0	1	1	-1	0	0	0	0	-1
10142687	4320	2005	-1	0	1	1	-1	0	0	0	0	-1
10142688	8640	2005	-1	0	1	1	-1	0	0	0	0	-1
10142689	-1	2005	-1	0	1	1	-1	0	0	0	0	-1
10142690	24	2005	-1	0	1	1	-1	0	0	0	0	-1
10142691	72	2005	-1	0	1	1	-1	0	0	0	0	-1
10142692	168	2005	-1	0	1	1	-1	0	0	0	0	-1
10142693	360	2005	-1	0	1	1	-1	0	0	0	0	-1
10142694	720	2005	-1	0	1	1	-1	0	0	0	0	-1
10142695	2160	2005	-1	0	1	1	-1	0	0	0	0	-1
10142696	4320	2005	-1	0	1	1	-1	0	0	0	0	-1
10142697	8640	2005	-1	0	1	1	-1	0	0	0	0	-1
10142698	-1	2005	-1	0	1	1	-1	0	0	0	0	-1
10142699	24	2005	-1	0	1	1	-1	0	0	0	0	-1
10142700	72	2005	-1	0	1	1	-1	0	0	0	0	-1
10142701	168	2005	-1	0	1	1	-1	0	0	0	0	-1
10142702	360	2005	-1	0	1	1	-1	0	0	0	0	-1
10142703	720	2005	-1	0	1	1	-1	0	0	0	0	-1
10142704	2160	2005	-1	0	1	1	-1	0	0	0	0	-1
10142705	4320	2005	-1	0	1	1	-1	0	0	0	0	-1
10142706	8640	2005	-1	0	1	1	-1	0	0	0	0	-1
10142707	-1	2005	-1	0	1	1	-1	0	0	0	0	-1
10142708	24	2005	-1	0	1	1	-1	0	0	0	0	-1
10142709	72	2005	-1	0	1	1	-1	0	0	0	0	-1
10142710	168	2005	-1	0	1	1	-1	0	0	0	0	-1
10142711	360	2005	-1	0	1	1	-1	0	0	0	0	-1
10142712	720	2005	-1	0	1	1	-1	0	0	0	0	-1
10142713	2160	2005	-1	0	1	1	-1	0	0	0	0	-1
10142714	4320	2005	-1	0	1	1	-1	0	0	0	0	-1
10142715	8640	2005	-1	0	1	1	-1	0	0	0	0	-1
10142716	-1	2005	-1	0	1	1	-1	0	0	0	0	-1
10142717	24	2005	-1	0	1	1	-1	0	0	0	0	-1
10142718	72	2005	-1	0	1	1	-1	0	0	0	0	-1
10142719	168	2005	-1	0	1	1	-1	0	0	0	0	-1
10142720	360	2005	-1	0	1	1	-1	0	0	0	0	-1
10142721	720	2005	-1	0	1	1	-1	0	0	0	0	-1
10142722	2160	2005	-1	0	1	1	-1	0	0	0	0	-1
10142723	4320	2005	-1	0	1	1	-1	0	0	0	0	-1
10142724	8640	2005	-1	0	1	1	-1	0	0	0	0	-1
10142725	-1	2005	-1	0	1	1	-1	0	0	0	0	-1
10142726	24	2005	-1	0	1	1	-1	0	0	0	0	-1
10142727	72	2005	-1	0	1	1	-1	0	0	0	0	-1
10142728	168	2005	-1	0	1	1	-1	0	0	0	0	-1
10142729	360	2005	-1	0	1	1	-1	0	0	0	0	-1
10142730	720	2005	-1	0	1	1	-1	0	0	0	0	-1
10142731	2160	2005	-1	0	1	1	-1	0	0	0	0	-1
10142732	4320	2005	-1	0	1	1	-1	0	0	0	0	-1
10142733	-1	2005	-1	0	1	1	-1	0	0	0	0	-1
10142734	24	2005	-1	0	1	1	-1	0	0	0	0	-1
10142735	72	2005	-1	0	1	1	-1	0	0	0	0	-1
10142736	168	2005	-1	0	1	1	-1	0	0	0	0	-1
10142737	360	2005	-1	0	1	1	-1	0	0	0	0	-1
10142738	720	2005	-1	0	1	1	-1	0	0	0	0	-1
10142739	2160	2005	-1	0	1	1	-1	0	0	0	0	-1
10142740	4320	2005	-1	0	1	1	-1	0	0	0	0	-1
10142741	-1	2005	-1	0	1	1	-1	0	0	0	0	-1
10142742	1440	2005	-1	0	1	1	-1	0	0	0	0	-1
10142743	1440	2005	-1	0	1	1	-1	0	0	0	0	-1
10142750	24	2005	-1	0	1	1	-1	0	0	0	0	-1
10142751	72	2005	-1	0	1	1	-1	0	0	0	0	-1
10142752	168	2005	-1	0	1	1	-1	0	0	0	0	-1
10142753	360	2005	-1	0	1	1	-1	0	0	0	0	-1
10142754	720	2005	-1	0	1	1	-1	0	0	0	0	-1
10142755	2160	2005	-1	0	1	1	-1	0	0	0	0	-1
10142756	4320	2005	-1	0	1	1	-1	0	0	0	0	-1
10142757	-1	2005	-1	0	1	1	-1	0	0	0	0	-1
10142758	24	2005	-1	0	1	1	-1	0	0	0	0	-1
10142759	72	2005	-1	0	1	1	-1	0	0	0	0	-1
10142760	168	2005	-1	0	1	1	-1	0	0	0	0	-1
10142761	360	2005	-1	0	1	1	-1	0	0	0	0	-1
10142762	720	2005	-1	0	1	1	-1	0	0	0	0	-1
10142763	2160	2005	-1	0	1	1	-1	0	0	0	0	-1
10142764	4320	2005	-1	0	1	1	-1	0	0	0	0	-1
10142765	-1	2005	-1	0	1	1	-1	0	0	0	0	-1
10142766	1440	2005	-1	0	1	1	-1	0	0	0	0	-1
10142767	1440	2005	-1	0	1	1	-1	0	0	0	0	-1
10142768	24	2005	-1	0	1	1	-1	0	0	0	0	-1
10142769	72	2005	-1	0	1	1	-1	0	0	0	0	-1
10142770	168	2005	-1	0	1	1	-1	0	0	0	0	-1
10142771	360	2005	-1	0	1	1	-1	0	0	0	0	-1
10142772	720	2005	-1	0	1	1	-1	0	0	0	0	-1
10142773	2160	2005	-1	0	1	1	-1	0	0	0	0	-1
10142774	4320	2005	-1	0	1	1	-1	0	0	0	0	-1
10142775	8640	2005	-1	0	1	1	-1	0	0	0	0	-1
10142776	-1	2005	-1	0	1	1	-1	0	0	0	0	-1
10142777	24	2005	-1	0	1	1	-1	0	0	0	0	-1
10142778	72	2005	-1	0	1	1	-1	0	0	0	0	-1
10142779	168	2005	-1	0	1	1	-1	0	0	0	0	-1
10142780	360	2005	-1	0	1	1	-1	0	0	0	0	-1
10142781	720	2005	-1	0	1	1	-1	0	0	0	0	-1
10142782	2160	2005	-1	0	1	1	-1	0	0	0	0	-1
10142783	4320	2005	-1	0	1	1	-1	0	0	0	0	-1
10142784	8640	2005	-1	0	1	1	-1	0	0	0	0	-1
10142785	-1	2005	-1	0	1	1	-1	0	0	0	0	-1
10142786	24	2005	-1	0	1	1	-1	0	0	0	0	-1
10142787	72	2005	-1	0	1	1	-1	0	0	0	0	-1
10142788	168	2005	-1	0	1	1	-1	0	0	0	0	-1
10142789	360	2005	-1	0	1	1	-1	0	0	0	0	-1
10142790	720	2005	-1	0	1	1	-1	0	0	0	0	-1
10142791	2160	2005	-1	0	1	1	-1	0	0	0	0	-1
10142792	4320	2005	-1	0	1	1	-1	0	0	0	0	-1
10142793	-1	2005	-1	0	1	1	-1	0	0	0	1	-1
10142794	24	2005	-1	0	1	1	-1	0	0	0	0	-1
10142795	72	2005	-1	0	1	1	-1	0	0	0	0	-1
10142796	168	2005	-1	0	1	1	-1	0	0	0	0	-1
10142797	360	2005	-1	0	1	1	-1	0	0	0	0	-1
10142798	720	2005	-1	0	1	1	-1	0	0	0	0	-1
10142799	2160	2005	-1	0	1	1	-1	0	0	0	0	-1
10142800	4320	2005	-1	0	1	1	-1	0	0	0	0	-1
10142801	-1	2005	-1	0	1	1	-1	0	0	0	1	-1
10142802	24	2005	-1	0	1	1	-1	0	0	0	0	-1
10142803	72	2005	-1	0	1	1	-1	0	0	0	0	-1
10142804	168	2005	-1	0	1	1	-1	0	0	0	0	-1
10142805	360	2005	-1	0	1	1	-1	0	0	0	0	-1
10142806	720	2005	-1	0	1	1	-1	0	0	0	0	-1
10142807	2160	2005	-1	0	1	1	-1	0	0	0	0	-1
10142808	4320	2005	-1	0	1	1	-1	0	0	0	0	-1
10142809	-1	2005	-1	0	1	1	-1	0	0	0	1	-1
10142810	24	2005	-1	0	1	1	-1	0	0	0	0	-1
10142811	72	2005	-1	0	1	1	-1	0	0	0	0	-1
10142812	168	2005	-1	0	1	1	-1	0	0	0	0	-1
10142813	360	2005	-1	0	1	1	-1	0	0	0	0	-1
10142814	720	2005	-1	0	1	1	-1	0	0	0	0	-1
10142815	2160	2005	-1	0	1	1	-1	0	0	0	0	-1
10142816	4320	2005	-1	0	1	1	-1	0	0	0	0	-1
10142817	-1	2005	-1	0	1	1	-1	0	0	0	1	-1
10142818	24	2005	-1	0	1	1	-1	0	0	0	0	-1
10142819	72	2005	-1	0	1	1	-1	0	0	0	0	-1
10142820	168	2005	-1	0	1	1	-1	0	0	0	0	-1
10142821	360	2005	-1	0	1	1	-1	0	0	0	0	-1
10142822	720	2005	-1	0	1	1	-1	0	0	0	0	-1
10142823	2160	2005	-1	0	1	1	-1	0	0	0	0	-1
10142824	4320	2005	-1	0	1	1	-1	0	0	0	0	-1
10142825	-1	2005	-1	0	1	1	-1	0	0	0	1	-1
10142826	24	2005	-1	0	1	1	-1	0	0	0	0	-1
10142827	72	2005	-1	0	1	1	-1	0	0	0	0	-1
10142828	168	2005	-1	0	1	1	-1	0	0	0	0	-1
10142829	360	2005	-1	0	1	1	-1	0	0	0	0	-1
10142830	720	2005	-1	0	1	1	-1	0	0	0	0	-1
10142831	2160	2005	-1	0	1	1	-1	0	0	0	0	-1
10142832	4320	2005	-1	0	1	1	-1	0	0	0	0	-1
10142833	-1	2005	-1	0	1	1	-1	0	0	0	1	-1
10142834	1440	2005	-1	0	1	1	-1	0	0	0	0	-1
10142835	8640	2005	-1	0	1	1	-1	0	0	0	0	-1
10142836	1440	2005	-1	0	1	1	-1	0	0	0	0	-1
10142837	8640	2005	-1	0	1	1	-1	0	0	0	0	-1
10142838	1440	2005	-1	0	1	1	-1	0	0	0	0	-1
10142839	8640	2005	-1	0	1	1	-1	0	0	0	0	-1
10142840	24	2005	-1	0	1	1	-1	0	0	0	0	-1
10142841	72	2005	-1	0	1	1	-1	0	0	0	0	-1
10142842	168	2005	-1	0	1	1	-1	0	0	0	0	-1
10142843	360	2005	-1	0	1	1	-1	0	0	0	0	-1
10142844	720	2005	-1	0	1	1	-1	0	0	0	0	-1
10142845	2160	2005	-1	0	1	1	-1	0	0	0	0	-1
10142846	4320	2005	-1	0	1	1	-1	0	0	0	0	-1
10142847	-1	2005	-1	0	1	1	-1	0	0	0	0	-1
10142848	24	2005	-1	0	1	1	-1	0	0	0	0	-1
10142849	72	2005	-1	0	1	1	-1	0	0	0	0	-1
10142850	168	2005	-1	0	1	1	-1	0	0	0	0	-1
10142851	360	2005	-1	0	1	1	-1	0	0	0	0	-1
10142852	720	2005	-1	0	1	1	-1	0	0	0	0	-1
10142853	2160	2005	-1	0	1	1	-1	0	0	0	0	-1
10142854	4320	2005	-1	0	1	1	-1	0	0	0	0	-1
10142855	-1	2005	-1	0	1	1	-1	0	0	0	0	-1
10142856	24	2005	-1	0	1	1	-1	0	0	0	0	-1
10142857	72	2005	-1	0	1	1	-1	0	0	0	0	-1
10142858	168	2005	-1	0	1	1	-1	0	0	0	0	-1
10142859	360	2005	-1	0	1	1	-1	0	0	0	0	-1
10142860	720	2005	-1	0	1	1	-1	0	0	0	0	-1
10142861	2160	2005	-1	0	1	1	-1	0	0	0	0	-1
10142862	4320	2005	-1	0	1	1	-1	0	0	0	0	-1
10142863	8640	2005	-1	0	1	1	-1	0	0	0	0	-1
10142864	-1	2005	-1	0	1	1	-1	0	0	0	0	-1
10142865	24	2005	-1	0	1	1	-1	0	0	0	0	-1
10142866	72	2005	-1	0	1	1	-1	0	0	0	0	-1
10142867	168	2005	-1	0	1	1	-1	0	0	0	0	-1
10142868	360	2005	-1	0	1	1	-1	0	0	0	0	-1
10142869	720	2005	-1	0	1	1	-1	0	0	0	0	-1
10142870	2160	2005	-1	0	1	1	-1	0	0	0	0	-1
10142871	4320	2005	-1	0	1	1	-1	0	0	0	0	-1
10142872	8640	2005	-1	0	1	1	-1	0	0	0	0	-1
10142873	-1	2005	-1	0	1	1	-1	0	0	0	0	-1
10142874	24	2005	-1	0	1	1	-1	0	0	0	0	-1
10142875	72	2005	-1	0	1	1	-1	0	0	0	0	-1
10142876	168	2005	-1	0	1	1	-1	0	0	0	0	-1
10142877	360	2005	-1	0	1	1	-1	0	0	0	0	-1
10142878	720	2005	-1	0	1	1	-1	0	0	0	0	-1
10142879	2160	2005	-1	0	1	1	-1	0	0	0	0	-1
10142880	4320	2005	-1	0	1	1	-1	0	0	0	0	-1
10142881	1440	2005	-1	0	1	1	-1	0	0	0	0	-1
10142882	-1	2005	-1	0	1	1	-1	0	0	0	0	-1
10142883	24	2005	-1	0	1	1	-1	0	0	0	0	-1
10142884	72	2005	-1	0	1	1	-1	0	0	0	0	-1
10142885	168	2005	-1	0	1	1	-1	0	0	0	0	-1
10142886	360	2005	-1	0	1	1	-1	0	0	0	0	-1
10142887	720	2005	-1	0	1	1	-1	0	0	0	0	-1
10142888	2160	2005	-1	0	1	1	-1	0	0	0	0	-1
10142889	4320	2005	-1	0	1	1	-1	0	0	0	0	-1
10142890	1440	2005	-1	0	1	1	-1	0	0	0	0	-1
10142891	-1	2005	-1	0	1	1	-1	0	0	0	0	-1
10142892	24	2005	-1	0	1	1	-1	0	0	0	0	-1
10142893	72	2005	-1	0	1	1	-1	0	0	0	0	-1
10142894	168	2005	-1	0	1	1	-1	0	0	0	0	-1
10142895	360	2005	-1	0	1	1	-1	0	0	0	0	-1
10142896	720	2005	-1	0	1	1	-1	0	0	0	0	-1
10142897	2160	2005	-1	0	1	1	-1	0	0	0	0	-1
10142898	4320	2005	-1	0	1	1	-1	0	0	0	0	-1
10142899	1440	2005	-1	0	1	1	-1	0	0	0	0	-1
10142900	-1	2005	-1	0	1	1	-1	0	0	0	0	-1
10142901	24	2005	-1	0	1	1	-1	0	0	0	0	-1
10142902	72	2005	-1	0	1	1	-1	0	0	0	0	-1
10142903	168	2005	-1	0	1	1	-1	0	0	0	0	-1
10142904	360	2005	-1	0	1	1	-1	0	0	0	0	-1
10142905	720	2005	-1	0	1	1	-1	0	0	0	0	-1
10142906	2160	2005	-1	0	1	1	-1	0	0	0	0	-1
10142907	4320	2005	-1	0	1	1	-1	0	0	0	0	-1
10142908	1440	2005	-1	0	1	1	-1	0	0	0	0	-1
10142909	-1	2005	-1	0	1	1	-1	0	0	0	0	-1
10142910	24	2005	-1	0	1	1	-1	0	0	0	0	-1
10142911	72	2005	-1	0	1	1	-1	0	0	0	0	-1
10142912	168	2005	-1	0	1	1	-1	0	0	0	0	-1
10142913	360	2005	-1	0	1	1	-1	0	0	0	0	-1
10142914	720	2005	-1	0	1	1	-1	0	0	0	0	-1
10142915	2160	2005	-1	0	1	1	-1	0	0	0	0	-1
10142916	4320	2005	-1	0	1	1	-1	0	0	0	0	-1
10142917	8640	2005	-1	0	1	1	-1	0	0	0	0	-1
10142918	-1	2005	-1	0	1	1	-1	0	0	0	0	-1
10142919	24	2005	-1	0	1	1	-1	0	0	0	0	-1
10142920	72	2005	-1	0	1	1	-1	0	0	0	0	-1
10142921	168	2005	-1	0	1	1	-1	0	0	0	0	-1
10142922	360	2005	-1	0	1	1	-1	0	0	0	0	-1
10142923	720	2005	-1	0	1	1	-1	0	0	0	0	-1
10142924	2160	2005	-1	0	1	1	-1	0	0	0	0	-1
10142925	4320	2005	-1	0	1	1	-1	0	0	0	0	-1
10142926	8640	2005	-1	0	1	1	-1	0	0	0	0	-1
10142927	-1	2005	-1	0	1	1	-1	0	0	0	0	-1
10142928	-1	2005	-1	0	1	1	-1	0	0	0	1	-1
10142929	-1	2005	-1	0	1	1	-1	0	0	0	1	-1
10142930	-1	2005	-1	0	1	1	-1	0	0	0	1	-1
10142931	-1	2005	-1	0	1	1	-1	0	0	0	1	-1
10142932	24	2005	-1	0	1	1	-1	0	0	0	0	-1
10142933	72	2005	-1	0	1	1	-1	0	0	0	0	-1
10142934	168	2005	-1	0	1	1	-1	0	0	0	0	-1
10142935	360	2005	-1	0	1	1	-1	0	0	0	0	-1
10142936	720	2005	-1	0	1	1	-1	0	0	0	0	-1
10142937	2160	2005	-1	0	1	1	-1	0	0	0	0	-1
10142938	4320	2005	-1	0	1	1	-1	0	0	0	0	-1
10142939	8640	2005	-1	0	1	1	-1	0	0	0	0	-1
10142940	-1	2005	-1	0	1	1	-1	0	0	0	1	-1
10142941	24	2005	-1	0	1	1	-1	0	0	0	0	-1
10142942	72	2005	-1	0	1	1	-1	0	0	0	0	-1
10142943	168	2005	-1	0	1	1	-1	0	0	0	0	-1
10142944	360	2005	-1	0	1	1	-1	0	0	0	0	-1
10142945	720	2005	-1	0	1	1	-1	0	0	0	0	-1
10142946	2160	2005	-1	0	1	1	-1	0	0	0	0	-1
10142947	4320	2005	-1	0	1	1	-1	0	0	0	0	-1
10142948	8640	2005	-1	0	1	1	-1	0	0	0	0	-1
10142949	-1	2005	-1	0	1	1	-1	0	0	0	0	-1
10142950	24	2005	-1	0	1	1	-1	0	0	0	0	-1
10142951	72	2005	-1	0	1	1	-1	0	0	0	0	-1
10142952	168	2005	-1	0	1	1	-1	0	0	0	0	-1
10142953	360	2005	-1	0	1	1	-1	0	0	0	0	-1
10142954	720	2005	-1	0	1	1	-1	0	0	0	0	-1
10142955	2160	2005	-1	0	1	1	-1	0	0	0	0	-1
10142956	4320	2005	-1	0	1	1	-1	0	0	0	0	-1
10142957	8640	2005	-1	0	1	1	-1	0	0	0	0	-1
10142958	-1	2005	-1	0	1	1	-1	0	0	0	1	-1
10142959	24	2005	-1	0	1	1	-1	0	0	0	0	-1
10142960	72	2005	-1	0	1	1	-1	0	0	0	0	-1
10142961	168	2005	-1	0	1	1	-1	0	0	0	0	-1
10142962	360	2005	-1	0	1	1	-1	0	0	0	0	-1
10142963	720	2005	-1	0	1	1	-1	0	0	0	0	-1
10142964	2160	2005	-1	0	1	1	-1	0	0	0	0	-1
10142965	4320	2005	-1	0	1	1	-1	0	0	0	0	-1
10142966	8640	2005	-1	0	1	1	-1	0	0	0	0	-1
10142967	-1	2005	-1	0	1	1	-1	0	0	0	0	-1
10142968	24	2005	-1	0	1	1	-1	0	0	0	0	-1
10142969	72	2005	-1	0	1	1	-1	0	0	0	0	-1
10142970	168	2005	-1	0	1	1	-1	0	0	0	0	-1
10142971	360	2005	-1	0	1	1	-1	0	0	0	0	-1
10142972	720	2005	-1	0	1	1	-1	0	0	0	0	-1
10142973	2160	2005	-1	0	1	1	-1	0	0	0	0	-1
10142974	4320	2005	-1	0	1	1	-1	0	0	0	0	-1
10142975	-1	2005	-1	0	1	1	-1	0	0	0	0	-1
10142976	24	2005	-1	0	1	1	-1	0	0	0	0	-1
10142977	72	2005	-1	0	1	1	-1	0	0	0	0	-1
10142978	168	2005	-1	0	1	1	-1	0	0	0	0	-1
10142979	360	2005	-1	0	1	1	-1	0	0	0	0	-1
10142980	720	2005	-1	0	1	1	-1	0	0	0	0	-1
10142981	2160	2005	-1	0	1	1	-1	0	0	0	0	-1
10142982	4320	2005	-1	0	1	1	-1	0	0	0	0	-1
10142983	-1	2005	-1	0	1	1	-1	0	0	0	0	-1
10142984	-1	2005	-1	0	1	1	-1	0	0	0	0	-1
10142985	24	2005	-1	0	1	1	-1	0	0	0	0	-1
10142986	72	2005	-1	0	1	1	-1	0	0	0	0	-1
10142987	168	2005	-1	0	1	1	-1	0	0	0	0	-1
10142988	360	2005	-1	0	1	1	-1	0	0	0	0	-1
10142989	720	2005	-1	0	1	1	-1	0	0	0	0	-1
10142990	1440	2005	-1	0	1	1	-1	0	0	0	0	-1
10142991	2160	2005	-1	0	1	1	-1	0	0	0	0	-1
10142992	4320	2005	-1	0	1	1	-1	0	0	0	0	-1
10142993	8640	2005	-1	0	1	1	-1	0	0	0	0	-1
10142994	-1	2005	-1	0	1	1	-1	0	0	0	0	-1
10142995	24	2005	-1	0	1	1	-1	0	0	0	0	-1
10142996	72	2005	-1	0	1	1	-1	0	0	0	0	-1
10142997	168	2005	-1	0	1	1	-1	0	0	0	0	-1
10142998	360	2005	-1	0	1	1	-1	0	0	0	0	-1
10142999	720	2005	-1	0	1	1	-1	0	0	0	0	-1
10143000	1440	2005	-1	0	1	1	-1	0	0	0	0	-1
10143001	2160	2005	-1	0	1	1	-1	0	0	0	0	-1
10143002	4320	2005	-1	0	1	1	-1	0	0	0	0	-1
10143003	8640	2005	-1	0	1	1	-1	0	0	0	0	-1
10143004	-1	2005	-1	0	1	1	-1	0	0	0	0	-1
10143005	24	2005	-1	0	1	1	-1	0	0	0	0	-1
10143006	72	2005	-1	0	1	1	-1	0	0	0	0	-1
10143007	168	2005	-1	0	1	1	-1	0	0	0	0	-1
10143008	360	2005	-1	0	1	1	-1	0	0	0	0	-1
10143009	720	2005	-1	0	1	1	-1	0	0	0	0	-1
10143010	1440	2005	-1	0	1	1	-1	0	0	0	0	-1
10143011	2160	2005	-1	0	1	1	-1	0	0	0	0	-1
10143012	4320	2005	-1	0	1	1	-1	0	0	0	0	-1
10143013	8640	2005	-1	0	1	1	-1	0	0	0	0	-1
10143014	-1	2005	-1	0	1	1	-1	0	0	0	0	-1
10143015	24	2005	-1	0	1	1	-1	0	0	0	0	-1
10143016	72	2005	-1	0	1	1	-1	0	0	0	0	-1
10143017	168	2005	-1	0	1	1	-1	0	0	0	0	-1
10143018	360	2005	-1	0	1	1	-1	0	0	0	0	-1
10143019	720	2005	-1	0	1	1	-1	0	0	0	0	-1
10143020	1440	2005	-1	0	1	1	-1	0	0	0	0	-1
10143021	2160	2005	-1	0	1	1	-1	0	0	0	0	-1
10143022	4320	2005	-1	0	1	1	-1	0	0	0	0	-1
10143023	8640	2005	-1	0	1	1	-1	0	0	0	0	-1
10143024	-1	2005	-1	0	1	1	-1	0	0	0	0	-1
10143025	24	2005	-1	0	1	1	-1	0	0	0	0	-1
10143026	72	2005	-1	0	1	1	-1	0	0	0	0	-1
10143027	168	2005	-1	0	1	1	-1	0	0	0	0	-1
10143028	360	2005	-1	0	1	1	-1	0	0	0	0	-1
10143029	720	2005	-1	0	1	1	-1	0	0	0	0	-1
10143030	1440	2005	-1	0	1	1	-1	0	0	0	0	-1
10143031	2160	2005	-1	0	1	1	-1	0	0	0	0	-1
10143032	4320	2005	-1	0	1	1	-1	0	0	0	0	-1
10143033	8640	2005	-1	0	1	1	-1	0	0	0	0	-1
10143034	-1	2005	-1	0	1	1	-1	0	0	0	1	-1
10143035	24	2005	-1	0	1	1	-1	0	0	0	0	-1
10143036	72	2005	-1	0	1	1	-1	0	0	0	0	-1
10143037	168	2005	-1	0	1	1	-1	0	0	0	0	-1
10143038	360	2005	-1	0	1	1	-1	0	0	0	0	-1
10143039	720	2005	-1	0	1	1	-1	0	0	0	0	-1
10143040	1440	2005	-1	0	1	1	-1	0	0	0	0	-1
10143041	2160	2005	-1	0	1	1	-1	0	0	0	0	-1
10143042	4320	2005	-1	0	1	1	-1	0	0	0	0	-1
10143043	8640	2005	-1	0	1	1	-1	0	0	0	0	-1
10143044	-1	2005	-1	0	1	1	-1	0	0	0	1	-1
10143045	24	2005	-1	0	1	1	-1	0	0	0	0	-1
10143046	72	2005	-1	0	1	1	-1	0	0	0	0	-1
10143047	168	2005	-1	0	1	1	-1	0	0	0	0	-1
10143048	360	2005	-1	0	1	1	-1	0	0	0	0	-1
10143049	720	2005	-1	0	1	1	-1	0	0	0	0	-1
10143050	1440	2005	-1	0	1	1	-1	0	0	0	0	-1
10143051	2160	2005	-1	0	1	1	-1	0	0	0	0	-1
10143052	4320	2005	-1	0	1	1	-1	0	0	0	0	-1
10143053	8640	2005	-1	0	1	1	-1	0	0	0	0	-1
10143054	-1	2005	-1	0	1	1	-1	0	0	0	1	-1
10143055	24	2005	-1	0	1	1	-1	0	0	0	0	-1
10143056	72	2005	-1	0	1	1	-1	0	0	0	0	-1
10143057	168	2005	-1	0	1	1	-1	0	0	0	0	-1
10143058	360	2005	-1	0	1	1	-1	0	0	0	0	-1
10143059	720	2005	-1	0	1	1	-1	0	0	0	0	-1
10143060	1440	2005	-1	0	1	1	-1	0	0	0	0	-1
10143061	2160	2005	-1	0	1	1	-1	0	0	0	0	-1
10143062	4320	2005	-1	0	1	1	-1	0	0	0	0	-1
10143063	8640	2005	-1	0	1	1	-1	0	0	0	0	-1
10143064	-1	2005	-1	0	1	1	-1	0	0	0	1	-1
10143065	24	2005	-1	0	1	1	-1	0	0	0	0	-1
10143066	72	2005	-1	0	1	1	-1	0	0	0	0	-1
10143067	168	2005	-1	0	1	1	-1	0	0	0	0	-1
10143068	360	2005	-1	0	1	1	-1	0	0	0	0	-1
10143069	720	2005	-1	0	1	1	-1	0	0	0	0	-1
10143070	1440	2005	-1	0	1	1	-1	0	0	0	0	-1
10143071	2160	2005	-1	0	1	1	-1	0	0	0	0	-1
10143072	4320	2005	-1	0	1	1	-1	0	0	0	0	-1
10143073	8640	2005	-1	0	1	1	-1	0	0	0	0	-1
10143074	-1	2005	-1	0	1	1	-1	0	0	0	1	-1
10143075	24	2005	-1	0	1	1	-1	0	0	0	0	-1
10143076	72	2005	-1	0	1	1	-1	0	0	0	0	-1
10143077	168	2005	-1	0	1	1	-1	0	0	0	0	-1
10143078	360	2005	-1	0	1	1	-1	0	0	0	0	-1
10143079	720	2005	-1	0	1	1	-1	0	0	0	0	-1
10143080	1440	2005	-1	0	1	1	-1	0	0	0	0	-1
10143081	2160	2005	-1	0	1	1	-1	0	0	0	0	-1
10143082	4320	2005	-1	0	1	1	-1	0	0	0	0	-1
10143083	8640	2005	-1	0	1	1	-1	0	0	0	0	-1
10143084	-1	2005	-1	0	1	1	-1	0	0	0	1	-1
10143085	1440	2005	-1	0	1	0	-1	0	0	0	0	-1
10157000	-1	-1	-1	0	2	1	-1	0	0	5	1	-1
10157001	-1	-1	-1	0	2	1	-1	0	0	5	1	-1
10157002	-1	-1	-1	0	2	1	-1	0	0	5	1	-1
10157003	-1	-1	-1	0	2	1	-1	0	0	5	1	-1
10157004	-1	-1	-1	0	2	1	-1	0	0	5	1	-1
10157005	-1	-1	-1	0	2	1	-1	0	0	5	1	-1
10157006	-1	-1	-1	0	2	1	-1	0	0	5	1	-1
10157007	-1	-1	-1	0	2	1	-1	0	0	5	1	-1
10157008	-1	-1	-1	0	2	1	-1	0	0	5	1	-1
10157009	-1	-1	-1	0	2	1	-1	0	0	5	1	-1
10157010	-1	-1	-1	0	2	1	-1	0	0	5	1	-1
10157011	-1	-1	-1	0	2	1	-1	0	0	5	1	-1
10157012	-1	-1	-1	0	2	1	-1	0	0	5	1	-1
10157013	-1	-1	-1	0	2	1	-1	0	0	5	1	-1
10157014	-1	-1	-1	0	2	1	-1	0	0	5	1	-1
10157015	-1	-1	-1	0	2	1	-1	0	0	5	1	-1
10157016	-1	-1	-1	0	2	1	-1	0	0	5	1	-1
10157017	-1	-1	-1	0	2	1	-1	0	0	5	1	-1
10157018	-1	-1	-1	0	2	1	-1	0	0	5	1	-1
10157019	-1	-1	-1	0	2	1	-1	0	0	5	1	-1
10157020	-1	-1	-1	0	2	1	-1	0	0	5	1	-1
10157021	-1	-1	-1	0	2	1	-1	0	0	5	1	-1
10157022	-1	-1	-1	0	2	1	-1	0	0	5	1	-1
10157023	-1	-1	-1	0	2	1	-1	0	0	5	1	-1
10157024	-1	-1	-1	0	2	1	-1	0	0	5	1	-1
10157025	-1	-1	-1	0	2	1	-1	0	0	5	1	-1
10157026	-1	-1	-1	0	2	1	-1	0	0	5	1	-1
10157027	-1	-1	-1	0	2	1	-1	0	0	5	1	-1
10157028	-1	-1	-1	0	2	1	-1	0	0	5	1	-1
10157029	-1	-1	-1	0	2	1	-1	0	0	5	1	-1
10157030	-1	-1	-1	0	2	1	-1	0	0	5	1	-1
10157031	-1	-1	-1	0	2	1	-1	0	0	5	1	-1
10157032	-1	-1	-1	0	2	1	-1	0	0	5	1	-1
10157033	-1	-1	-1	0	2	1	-1	0	0	5	1	-1
10157034	-1	-1	-1	0	2	1	-1	0	0	5	1	-1
10157035	-1	-1	-1	0	2	1	-1	0	0	5	1	-1
10157036	-1	-1	-1	0	2	1	-1	0	0	5	1	-1
10157037	-1	-1	-1	0	2	1	-1	0	0	5	1	-1
10157038	-1	-1	-1	0	2	1	-1	0	0	5	1	-1
10157039	-1	-1	-1	0	2	1	-1	0	0	5	1	-1
10157040	-1	-1	-1	0	2	1	-1	0	0	5	1	-1
10157041	-1	-1	-1	0	2	1	-1	0	0	5	1	-1
10157042	-1	-1	-1	0	2	1	-1	0	0	5	1	-1
10157043	-1	-1	-1	0	2	1	-1	0	0	5	1	-1
10157044	-1	-1	-1	0	2	1	-1	0	0	5	1	-1
10157045	-1	-1	-1	0	2	1	-1	0	0	5	1	-1
10157046	-1	-1	-1	0	2	1	-1	0	0	5	1	-1
10157047	-1	-1	-1	0	2	1	-1	0	0	5	1	-1
10157048	-1	-1	-1	0	2	1	-1	0	0	5	1	-1
10157049	-1	-1	-1	0	2	1	-1	0	0	5	1	-1
10157050	-1	-1	-1	0	2	1	-1	0	0	5	1	-1
10157051	-1	-1	-1	0	2	1	-1	0	0	5	1	-1
10157052	-1	-1	-1	0	2	1	-1	0	0	5	1	-1
10157053	-1	-1	-1	0	2	1	-1	0	0	5	1	-1
10157054	-1	-1	-1	0	2	1	-1	0	0	5	1	-1
10157055	-1	-1	-1	0	2	1	-1	0	0	5	1	-1
10157056	-1	-1	-1	0	2	1	-1	0	0	5	1	-1
10157057	-1	-1	-1	0	2	1	-1	0	0	5	1	-1
10157058	-1	-1	-1	0	2	1	-1	0	0	5	1	-1
10157059	-1	-1	-1	0	2	1	-1	0	0	5	1	-1
10157060	-1	-1	-1	0	2	1	-1	0	0	5	1	-1
10157061	-1	-1	-1	0	2	1	-1	0	0	5	1	-1
10157062	-1	-1	-1	0	2	1	-1	0	0	5	1	-1
10157063	-1	-1	-1	0	2	1	-1	0	0	5	1	-1
10157064	-1	-1	-1	0	2	1	-1	0	0	5	1	-1
10157065	-1	-1	-1	0	2	1	-1	0	0	5	1	-1
10157066	-1	-1	-1	0	2	1	-1	0	0	5	1	-1
10157067	-1	-1	-1	0	2	1	-1	0	0	5	1	-1
10157068	-1	-1	-1	0	2	1	-1	0	0	5	1	-1
10157069	-1	-1	-1	0	2	1	-1	0	0	5	1	-1
10157070	-1	-1	-1	0	2	1	-1	0	0	5	1	-1
10157071	-1	-1	-1	0	2	1	-1	0	0	5	1	-1
10157072	-1	-1	-1	0	2	1	-1	0	0	5	1	-1
10157073	-1	-1	-1	0	2	1	-1	0	0	5	1	-1
10157074	-1	-1	-1	0	2	1	-1	0	0	5	1	-1
10157075	-1	-1	-1	0	2	1	-1	0	0	5	1	-1
10157076	-1	-1	-1	0	2	1	-1	0	0	5	1	-1
10157077	-1	-1	-1	0	2	1	-1	0	0	5	1	-1
10157078	-1	-1	-1	0	2	1	-1	0	0	5	1	-1
10157079	-1	-1	-1	0	2	1	-1	0	0	5	1	-1
10157080	-1	-1	-1	0	2	1	-1	0	0	5	1	-1
10157081	-1	-1	-1	0	2	1	-1	0	0	5	1	-1
10157082	-1	-1	-1	0	2	1	-1	0	0	5	1	-1
10157083	-1	-1	-1	0	2	1	-1	0	0	5	1	-1
10157084	-1	-1	-1	0	2	1	-1	0	0	5	1	-1
10157085	-1	-1	-1	0	2	1	-1	0	0	5	1	-1
10157086	-1	-1	-1	0	2	1	-1	0	0	5	1	-1
10157087	-1	-1	-1	0	2	1	-1	0	0	5	1	-1
10157088	-1	-1	-1	0	2	1	-1	0	0	5	1	-1
10157089	-1	-1	-1	0	2	1	-1	0	0	5	1	-1
10157090	-1	-1	-1	0	2	1	-1	0	0	5	1	-1
10157091	-1	-1	-1	0	2	1	-1	0	0	5	1	-1
10157092	-1	-1	-1	0	2	1	-1	0	0	5	1	-1
10157093	-1	-1	-1	0	2	1	-1	0	0	5	1	-1
10157094	-1	-1	-1	0	2	1	-1	0	0	5	1	-1
10157095	-1	-1	-1	0	2	1	-1	0	0	5	1	-1
10157096	-1	-1	-1	0	2	1	-1	0	0	5	1	-1
10157097	-1	-1	-1	0	2	1	-1	0	0	5	1	-1
10157098	-1	-1	-1	0	2	1	-1	0	0	5	1	-1
10157099	-1	-1	-1	0	2	1	-1	0	0	5	1	-1
10157100	-1	-1	-1	0	2	1	-1	0	0	5	1	-1
10157101	-1	-1	-1	0	2	1	-1	0	0	5	1	-1
10157102	-1	-1	-1	0	2	1	-1	0	0	5	1	-1
10157103	-1	-1	-1	0	2	1	-1	0	0	5	1	-1
10157104	-1	-1	-1	0	2	1	-1	0	0	5	1	-1
10157105	-1	-1	-1	0	2	1	-1	0	0	5	1	-1
10157106	-1	-1	-1	0	2	1	-1	0	0	5	1	-1
10157107	-1	-1	-1	0	2	1	-1	0	0	5	1	-1
10157108	-1	-1	-1	0	2	1	-1	0	0	5	1	-1
10157109	-1	-1	-1	0	2	1	-1	0	0	5	1	-1
10157110	-1	-1	-1	0	2	1	-1	0	0	5	1	-1
10157111	-1	-1	-1	0	2	1	-1	0	0	5	1	-1
10157112	-1	-1	-1	0	2	1	-1	0	0	5	1	-1
10157113	-1	-1	-1	0	2	1	-1	0	0	5	1	-1
10157114	-1	-1	-1	0	2	1	-1	0	0	5	1	-1
10157115	-1	-1	-1	0	2	1	-1	0	0	5	1	-1
10157116	-1	-1	-1	0	2	1	-1	0	0	5	1	-1
10157117	-1	-1	-1	0	2	1	-1	0	0	5	1	-1
10157118	-1	-1	-1	0	2	1	-1	0	0	5	1	-1
10157119	-1	-1	-1	0	2	1	-1	0	0	5	1	-1
10157120	-1	-1	-1	0	2	1	-1	0	0	5	1	-1
10157121	-1	-1	-1	0	2	1	-1	0	0	5	1	-1
10157122	-1	-1	-1	0	2	1	-1	0	0	5	1	-1
10157123	-1	-1	-1	0	2	1	-1	0	0	5	1	-1
10157124	-1	-1	-1	0	2	1	-1	0	0	5	1	-1
10157125	-1	-1	-1	0	2	1	-1	0	0	5	1	-1
10157126	-1	-1	-1	0	2	1	-1	0	0	5	1	-1
10157127	-1	-1	-1	0	2	1	-1	0	0	5	1	-1
10157128	-1	-1	-1	0	2	1	-1	0	0	5	1	-1
10157129	-1	-1	-1	0	2	1	-1	0	0	5	1	-1
10157130	-1	-1	-1	0	2	1	-1	0	0	5	1	-1
10157131	-1	-1	-1	0	2	1	-1	0	0	5	1	-1
10157132	-1	-1	-1	0	2	1	-1	0	0	5	1	-1
10157133	-1	-1	-1	0	2	1	-1	0	0	5	1	-1
10157134	-1	-1	-1	0	2	1	-1	0	0	5	1	-1
10157135	-1	-1	-1	0	2	1	-1	0	0	5	1	-1
10157136	-1	-1	-1	0	2	1	-1	0	0	5	1	-1
10157137	-1	-1	-1	0	2	1	-1	0	0	5	1	-1
10157138	-1	-1	-1	0	2	1	-1	0	0	5	1	-1
10157139	-1	-1	-1	0	2	1	-1	0	0	5	1	-1
10157140	-1	-1	-1	0	2	1	-1	0	0	5	1	-1
10157141	-1	-1	-1	0	2	1	-1	0	0	5	1	-1
10157142	-1	-1	-1	0	2	1	-1	0	0	5	1	-1
10157143	-1	-1	-1	0	2	1	-1	0	0	5	1	-1
10158000	-1	-1	-1	0	1	1	-1	0	0	0	1	-1
10158001	-1	-1	-1	0	1	1	-1	0	0	0	1	-1
10158002	-1	-1	-1	0	1	1	-1	0	0	0	1	-1
10158003	-1	-1	-1	0	1	1	-1	0	0	0	1	-1
10158004	-1	-1	-1	0	1	1	-1	0	0	0	1	-1
10158005	-1	-1	-1	0	1	1	-1	0	0	0	1	-1
10158006	-1	-1	-1	0	1	1	-1	0	0	0	1	-1
10158007	-1	-1	-1	0	2	1	-1	0	0	6	1	-1
10158008	-1	-1	-1	0	2	1	-1	0	0	6	1	-1
10158009	-1	-1	-1	0	2	1	-1	0	0	6	1	-1
10158010	-1	-1	-1	0	2	1	-1	0	0	6	1	-1
10158011	-1	-1	-1	0	2	1	-1	0	0	6	1	-1
10158012	-1	-1	-1	0	2	1	-1	0	0	6	1	-1
10158013	-1	-1	-1	0	2	1	-1	0	0	6	1	-1
10158014	-1	-1	-1	0	2	1	-1	0	0	6	1	-1
10158015	-1	-1	-1	0	2	1	-1	0	0	6	1	-1
10158016	-1	-1	-1	0	2	1	-1	0	0	6	1	-1
10158017	-1	-1	-1	0	2	1	-1	0	0	6	1	-1
10158018	-1	-1	-1	0	2	1	-1	0	0	6	1	-1
10158019	-1	-1	-1	0	2	1	-1	0	0	6	1	-1
10158020	-1	-1	-1	0	2	1	-1	0	0	6	1	-1
10158021	-1	-1	-1	0	2	1	-1	0	0	6	1	-1
10158022	-1	-1	-1	0	2	1	-1	0	0	6	1	-1
10158023	-1	-1	-1	0	2	1	-1	0	0	6	1	-1
10158024	-1	-1	-1	0	2	1	-1	0	0	6	1	-1
10158025	-1	-1	-1	0	2	1	-1	0	0	6	1	-1
10158026	-1	-1	-1	0	2	1	-1	0	0	6	1	-1
10158027	-1	-1	-1	0	2	1	-1	0	0	6	1	-1
10158028	-1	-1	-1	0	1	1	-1	0	0	0	1	-1
10158029	-1	-1	-1	0	1	1	-1	0	0	0	1	-1
10158030	-1	-1	-1	0	1	1	-1	0	0	0	1	-1
10158031	-1	-1	-1	0	1	1	-1	0	0	0	1	-1
10158032	-1	-1	-1	0	1	1	-1	0	0	0	1	-1
10158033	-1	-1	-1	0	1	1	-1	0	0	0	1	-1
10158034	-1	-1	-1	0	1	1	-1	0	0	0	1	-1
10200011	-1	-1	-1	0	2	1	-1	0	0	6	0	-1
10200012	-1	-1	-1	0	2	1	-1	0	0	6	0	-1
10200013	-1	-1	-1	0	2	1	-1	0	0	6	0	-1
10200014	-1	-1	-1	0	2	0	-1	0	0	6	0	-1
10200015	-1	-1	-1	0	2	0	-1	0	0	6	0	-1
10200016	-1	-1	-1	0	2	0	-1	0	0	6	0	-1
10200017	-1	-1	-1	0	2	0	-1	0	0	6	0	-1
10200018	-1	-1	-1	0	2	0	-1	0	0	6	0	-1
10200019	-1	-1	-1	0	2	0	-1	0	0	6	0	-1
10200020	-1	-1	-1	0	2	0	-1	0	0	6	0	-1
10201011	-1	-1	-1	0	2	0	-1	0	0	6	0	-1
10201012	-1	-1	-1	0	2	0	-1	0	0	6	0	-1
10201013	-1	-1	-1	0	2	0	-1	0	0	6	0	-1
10201014	-1	-1	-1	0	2	0	-1	0	0	6	0	-1
10201015	-1	-1	-1	0	2	0	-1	0	0	6	0	-1
10201016	-1	-1	-1	0	2	0	-1	0	0	6	0	-1
10201017	-1	-1	-1	0	2	0	-1	0	0	6	0	-1
10201018	-1	-1	-1	0	2	0	-1	0	0	6	0	-1
10201019	-1	-1	-1	0	2	0	-1	0	0	6	0	-1
10201020	-1	-1	-1	0	2	0	-1	0	0	6	0	-1
10202011	-1	-1	-1	0	2	1	-1	0	0	6	0	-1
10202012	-1	-1	-1	0	2	1	-1	0	0	6	0	-1
10202013	-1	-1	-1	0	2	1	-1	0	0	6	0	-1
10202014	-1	-1	-1	0	2	0	-1	0	0	6	0	-1
10202015	-1	-1	-1	0	2	0	-1	0	0	6	0	-1
10202016	-1	-1	-1	0	2	0	-1	0	0	6	0	-1
10202017	-1	-1	-1	0	2	0	-1	0	0	6	0	-1
10202018	-1	-1	-1	0	2	0	-1	0	0	6	0	-1
10202019	-1	-1	-1	0	2	0	-1	0	0	6	0	-1
10202020	-1	-1	-1	0	2	0	-1	0	0	6	0	-1
10203011	-1	-1	-1	0	2	1	-1	0	0	6	0	-1
10203012	-1	-1	-1	0	2	1	-1	0	0	6	0	-1
10203013	-1	-1	-1	0	2	1	-1	0	0	6	0	-1
10203014	-1	-1	-1	0	2	0	-1	0	0	6	0	-1
10203015	-1	-1	-1	0	2	0	-1	0	0	6	0	-1
10203016	-1	-1	-1	0	2	0	-1	0	0	6	0	-1
10203017	-1	-1	-1	0	2	0	-1	0	0	6	0	-1
10203018	-1	-1	-1	0	2	0	-1	0	0	6	0	-1
10203019	-1	-1	-1	0	2	0	-1	0	0	6	0	-1
10203020	-1	-1	-1	0	2	0	-1	0	0	6	0	-1
10204011	-1	-1	-1	0	2	1	-1	0	0	6	0	-1
10204012	-1	-1	-1	0	2	1	-1	0	0	6	0	-1
10204013	-1	-1	-1	0	2	1	-1	0	0	6	0	-1
10204014	-1	-1	-1	0	2	0	-1	0	0	6	0	-1
10204015	-1	-1	-1	0	2	0	-1	0	0	6	0	-1
10204016	-1	-1	-1	0	2	0	-1	0	0	6	0	-1
10204017	-1	-1	-1	0	2	0	-1	0	0	6	0	-1
10204018	-1	-1	-1	0	2	0	-1	0	0	6	0	-1
10204019	-1	-1	-1	0	2	0	-1	0	0	6	0	-1
10204020	-1	-1	-1	0	2	0	-1	0	0	6	0	-1
10205011	-1	-1	-1	0	2	1	-1	0	0	6	0	-1
10205012	-1	-1	-1	0	2	1	-1	0	0	6	0	-1
10205013	-1	-1	-1	0	2	1	-1	0	0	6	0	-1
10205014	-1	-1	-1	0	2	0	-1	0	0	6	0	-1
10205015	-1	-1	-1	0	2	0	-1	0	0	6	0	-1
10205016	-1	-1	-1	0	2	0	-1	0	0	6	0	-1
10205017	-1	-1	-1	0	2	0	-1	0	0	6	0	-1
10205018	-1	-1	-1	0	2	0	-1	0	0	6	0	-1
10205019	-1	-1	-1	0	2	0	-1	0	0	6	0	-1
10205020	-1	-1	-1	0	2	0	-1	0	0	6	0	-1
10206015	-1	-1	-1	0	2	1	-1	0	0	6	0	-1
10206016	-1	-1	-1	0	2	1	-1	0	0	6	0	-1
10206017	-1	-1	-1	0	2	1	-1	0	0	6	0	-1
10206018	-1	-1	-1	0	2	0	-1	0	0	6	0	-1
10206019	-1	-1	-1	0	2	0	-1	0	0	6	0	-1
10206020	-1	-1	-1	0	2	0	-1	0	0	6	0	-1
10206021	-1	-1	-1	0	2	0	-1	0	0	6	0	-1
10206022	-1	-1	-1	0	2	0	-1	0	0	6	0	-1
10206023	-1	-1	-1	0	2	0	-1	0	0	6	0	-1
10206024	-1	-1	-1	0	2	0	-1	0	0	6	0	-1
10210002	-1	-1	-1	0	2	1	-1	0	0	6	0	-1
10210004	-1	-1	-1	0	2	1	-1	0	0	6	0	-1
10210006	-1	-1	-1	0	2	1	-1	0	0	6	0	-1
10210008	-1	-1	-1	0	2	0	-1	0	0	6	0	-1
10210010	-1	-1	-1	0	2	0	-1	0	0	6	0	-1
10210012	-1	-1	-1	0	2	0	-1	0	0	6	0	-1
10210014	-1	-1	-1	0	2	0	-1	0	0	6	0	-1
10210016	-1	-1	-1	0	2	0	-1	0	0	6	0	-1
10210018	-1	-1	-1	0	2	0	-1	0	0	6	0	-1
10210020	-1	-1	-1	0	2	0	-1	0	0	6	0	-1
10210022	-1	-1	-1	0	2	1	-1	0	0	6	0	-1
10210024	-1	-1	-1	0	2	1	-1	0	0	6	0	-1
10210026	-1	-1	-1	0	2	1	-1	0	0	6	0	-1
10210028	-1	-1	-1	0	2	0	-1	0	0	6	0	-1
10210030	-1	-1	-1	0	2	0	-1	0	0	6	0	-1
10210032	-1	-1	-1	0	2	0	-1	0	0	6	0	-1
10210034	-1	-1	-1	0	2	0	-1	0	0	6	0	-1
10210036	-1	-1	-1	0	2	0	-1	0	0	6	0	-1
10210038	-1	-1	-1	0	2	0	-1	0	0	6	0	-1
10210040	-1	-1	-1	0	2	0	-1	0	0	6	0	-1
10210042	-1	-1	-1	0	2	1	-1	0	0	6	0	-1
10210044	-1	-1	-1	0	2	1	-1	0	0	6	0	-1
10210046	-1	-1	-1	0	2	1	-1	0	0	6	0	-1
10210048	-1	-1	-1	0	2	0	-1	0	0	6	0	-1
10210050	-1	-1	-1	0	2	0	-1	0	0	6	0	-1
10210052	-1	-1	-1	0	2	0	-1	0	0	6	0	-1
10210054	-1	-1	-1	0	2	0	-1	0	0	6	0	-1
10210056	-1	-1	-1	0	2	0	-1	0	0	6	0	-1
10210058	-1	-1	-1	0	2	0	-1	0	0	6	0	-1
10210060	-1	-1	-1	0	2	0	-1	0	0	6	0	-1
10211002	-1	-1	-1	0	2	1	-1	0	0	6	0	-1
10211004	-1	-1	-1	0	2	1	-1	0	0	6	0	-1
10211006	-1	-1	-1	0	2	1	-1	0	0	6	0	-1
10211008	-1	-1	-1	0	2	0	-1	0	0	6	0	-1
10211010	-1	-1	-1	0	2	0	-1	0	0	6	0	-1
10211012	-1	-1	-1	0	2	0	-1	0	0	6	0	-1
10211014	-1	-1	-1	0	2	0	-1	0	0	6	0	-1
10211016	-1	-1	-1	0	2	0	-1	0	0	6	0	-1
10211018	-1	-1	-1	0	2	0	-1	0	0	6	0	-1
10211020	-1	-1	-1	0	2	0	-1	0	0	6	0	-1
10211022	-1	-1	-1	0	2	1	-1	0	0	6	0	-1
10211024	-1	-1	-1	0	2	1	-1	0	0	6	0	-1
10211026	-1	-1	-1	0	2	1	-1	0	0	6	0	-1
10211028	-1	-1	-1	0	2	0	-1	0	0	6	0	-1
10211030	-1	-1	-1	0	2	0	-1	0	0	6	0	-1
10211032	-1	-1	-1	0	2	0	-1	0	0	6	0	-1
10211034	-1	-1	-1	0	2	0	-1	0	0	6	0	-1
10211036	-1	-1	-1	0	2	0	-1	0	0	6	0	-1
10211038	-1	-1	-1	0	2	0	-1	0	0	6	0	-1
10211040	-1	-1	-1	0	2	0	-1	0	0	6	0	-1
10211042	-1	-1	-1	0	2	1	-1	0	0	6	0	-1
10211044	-1	-1	-1	0	2	1	-1	0	0	6	0	-1
10211046	-1	-1	-1	0	2	1	-1	0	0	6	0	-1
10211048	-1	-1	-1	0	2	0	-1	0	0	6	0	-1
10211050	-1	-1	-1	0	2	0	-1	0	0	6	0	-1
10211052	-1	-1	-1	0	2	0	-1	0	0	6	0	-1
10211054	-1	-1	-1	0	2	0	-1	0	0	6	0	-1
10211056	-1	-1	-1	0	2	0	-1	0	0	6	0	-1
10211058	-1	-1	-1	0	2	0	-1	0	0	6	0	-1
10211060	-1	-1	-1	0	2	0	-1	0	0	6	0	-1
10212002	-1	-1	-1	0	2	1	-1	0	0	6	0	-1
10212004	-1	-1	-1	0	2	1	-1	0	0	6	0	-1
10212006	-1	-1	-1	0	2	1	-1	0	0	6	0	-1
10212008	-1	-1	-1	0	2	0	-1	0	0	6	0	-1
10212010	-1	-1	-1	0	2	0	-1	0	0	6	0	-1
10212012	-1	-1	-1	0	2	0	-1	0	0	6	0	-1
10212014	-1	-1	-1	0	2	0	-1	0	0	6	0	-1
10212016	-1	-1	-1	0	2	0	-1	0	0	6	0	-1
10212018	-1	-1	-1	0	2	0	-1	0	0	6	0	-1
10212020	-1	-1	-1	0	2	0	-1	0	0	6	0	-1
10212022	-1	-1	-1	0	2	1	-1	0	0	6	0	-1
10212024	-1	-1	-1	0	2	1	-1	0	0	6	0	-1
10212026	-1	-1	-1	0	2	1	-1	0	0	6	0	-1
10212028	-1	-1	-1	0	2	0	-1	0	0	6	0	-1
10212030	-1	-1	-1	0	2	0	-1	0	0	6	0	-1
10212032	-1	-1	-1	0	2	0	-1	0	0	6	0	-1
10212034	-1	-1	-1	0	2	0	-1	0	0	6	0	-1
10212036	-1	-1	-1	0	2	0	-1	0	0	6	0	-1
10212038	-1	-1	-1	0	2	0	-1	0	0	6	0	-1
10212040	-1	-1	-1	0	2	0	-1	0	0	6	0	-1
10212042	-1	-1	-1	0	2	1	-1	0	0	6	0	-1
10212044	-1	-1	-1	0	2	1	-1	0	0	6	0	-1
10212046	-1	-1	-1	0	2	1	-1	0	0	6	0	-1
10212048	-1	-1	-1	0	2	0	-1	0	0	6	0	-1
10212050	-1	-1	-1	0	2	0	-1	0	0	6	0	-1
10212052	-1	-1	-1	0	2	0	-1	0	0	6	0	-1
10212054	-1	-1	-1	0	2	0	-1	0	0	6	0	-1
10212056	-1	-1	-1	0	2	0	-1	0	0	6	0	-1
10212058	-1	-1	-1	0	2	0	-1	0	0	6	0	-1
10212060	-1	-1	-1	0	2	0	-1	0	0	6	0	-1
10213002	-1	-1	-1	0	2	1	-1	0	0	6	0	-1
10213004	-1	-1	-1	0	2	1	-1	0	0	6	0	-1
10213006	-1	-1	-1	0	2	1	-1	0	0	6	0	-1
10213008	-1	-1	-1	0	2	0	-1	0	0	6	0	-1
10213010	-1	-1	-1	0	2	0	-1	0	0	6	0	-1
10213012	-1	-1	-1	0	2	0	-1	0	0	6	0	-1
10213014	-1	-1	-1	0	2	0	-1	0	0	6	0	-1
10213016	-1	-1	-1	0	2	0	-1	0	0	6	0	-1
10213018	-1	-1	-1	0	2	0	-1	0	0	6	0	-1
10213020	-1	-1	-1	0	2	1	-1	0	0	6	0	-1
10213022	-1	-1	-1	0	2	1	-1	0	0	6	0	-1
10213024	-1	-1	-1	0	2	1	-1	0	0	6	0	-1
10213026	-1	-1	-1	0	2	0	-1	0	0	6	0	-1
10213028	-1	-1	-1	0	2	0	-1	0	0	6	0	-1
10213030	-1	-1	-1	0	2	0	-1	0	0	6	0	-1
10213032	-1	-1	-1	0	2	0	-1	0	0	6	0	-1
10213034	-1	-1	-1	0	2	0	-1	0	0	6	0	-1
10213036	-1	-1	-1	0	2	0	-1	0	0	6	0	-1
10213038	-1	-1	-1	0	2	0	-1	0	0	6	0	-1
10213040	-1	-1	-1	0	2	0	-1	0	0	6	0	-1
10213042	-1	-1	-1	0	2	1	-1	0	0	6	0	-1
10213044	-1	-1	-1	0	2	1	-1	0	0	6	0	-1
10213046	-1	-1	-1	0	2	1	-1	0	0	6	0	-1
10213048	-1	-1	-1	0	2	0	-1	0	0	6	0	-1
10213050	-1	-1	-1	0	2	0	-1	0	0	6	0	-1
10213052	-1	-1	-1	0	2	0	-1	0	0	6	0	-1
10213054	-1	-1	-1	0	2	0	-1	0	0	6	0	-1
10213056	-1	-1	-1	0	2	0	-1	0	0	6	0	-1
10213058	-1	-1	-1	0	2	0	-1	0	0	6	0	-1
10213060	-1	-1	-1	0	2	0	-1	0	0	6	0	-1
10214002	-1	-1	-1	0	2	1	-1	0	0	6	0	-1
10214004	-1	-1	-1	0	2	1	-1	0	0	6	0	-1
10214006	-1	-1	-1	0	2	1	-1	0	0	6	0	-1
10214008	-1	-1	-1	0	2	0	-1	0	0	6	0	-1
10214010	-1	-1	-1	0	2	0	-1	0	0	6	0	-1
10214012	-1	-1	-1	0	2	0	-1	0	0	6	0	-1
10214014	-1	-1	-1	0	2	0	-1	0	0	6	0	-1
10214016	-1	-1	-1	0	2	0	-1	0	0	6	0	-1
10214018	-1	-1	-1	0	2	0	-1	0	0	6	0	-1
10214020	-1	-1	-1	0	2	0	-1	0	0	6	0	-1
10215002	-1	-1	-1	0	2	1	-1	0	0	6	0	-1
10215004	-1	-1	-1	0	2	1	-1	0	0	6	0	-1
10215006	-1	-1	-1	0	2	1	-1	0	0	6	0	-1
10215008	-1	-1	-1	0	2	0	-1	0	0	6	0	-1
10215010	-1	-1	-1	0	2	0	-1	0	0	6	0	-1
10215012	-1	-1	-1	0	2	0	-1	0	0	6	0	-1
10215014	-1	-1	-1	0	2	0	-1	0	0	6	0	-1
10215016	-1	-1	-1	0	2	0	-1	0	0	6	0	-1
10215018	-1	-1	-1	0	2	0	-1	0	0	6	0	-1
10215020	-1	-1	-1	0	2	0	-1	0	0	6	0	-1
10220011	-1	-1	-1	0	2	1	-1	0	0	6	0	-1
10220012	-1	-1	-1	0	2	1	-1	0	0	6	0	-1
10220013	-1	-1	-1	0	2	1	-1	0	0	6	0	-1
10220014	-1	-1	-1	0	2	0	-1	0	0	6	0	-1
10220015	-1	-1	-1	0	2	0	-1	0	0	6	0	-1
10220016	-1	-1	-1	0	2	0	-1	0	0	6	0	-1
10220017	-1	-1	-1	0	2	0	-1	0	0	6	0	-1
10220018	-1	-1	-1	0	2	0	-1	0	0	6	0	-1
10220019	-1	-1	-1	0	2	0	-1	0	0	6	0	-1
10220020	-1	-1	-1	0	2	0	-1	0	0	6	0	-1
10221011	-1	-1	-1	0	2	1	-1	0	0	6	0	-1
10221012	-1	-1	-1	0	2	1	-1	0	0	6	0	-1
10221013	-1	-1	-1	0	2	1	-1	0	0	6	0	-1
10221014	-1	-1	-1	0	2	0	-1	0	0	6	0	-1
10221015	-1	-1	-1	0	2	0	-1	0	0	6	0	-1
10221016	-1	-1	-1	0	2	0	-1	0	0	6	0	-1
10221017	-1	-1	-1	0	2	0	-1	0	0	6	0	-1
10221018	-1	-1	-1	0	2	0	-1	0	0	6	0	-1
10221019	-1	-1	-1	0	2	0	-1	0	0	6	0	-1
10221020	-1	-1	-1	0	2	0	-1	0	0	6	0	-1
10222011	-1	-1	-1	0	2	1	-1	0	0	6	0	-1
10222012	-1	-1	-1	0	2	1	-1	0	0	6	0	-1
10222013	-1	-1	-1	0	2	1	-1	0	0	6	0	-1
10222014	-1	-1	-1	0	2	0	-1	0	0	6	0	-1
10222015	-1	-1	-1	0	2	0	-1	0	0	6	0	-1
10222016	-1	-1	-1	0	2	0	-1	0	0	6	0	-1
10222017	-1	-1	-1	0	2	0	-1	0	0	6	0	-1
10222018	-1	-1	-1	0	2	0	-1	0	0	6	0	-1
10222019	-1	-1	-1	0	2	0	-1	0	0	6	0	-1
10222020	-1	-1	-1	0	2	0	-1	0	0	6	0	-1
10222031	-1	-1	-1	0	2	0	-1	0	0	6	0	-1
10222032	-1	-1	-1	0	2	0	-1	0	0	6	0	-1
10222033	-1	-1	-1	0	2	0	-1	0	0	6	0	-1
10222034	-1	-1	-1	0	2	0	-1	0	0	6	0	-1
10222035	-1	-1	-1	0	2	0	-1	0	0	6	0	-1
10222036	-1	-1	-1	0	2	0	-1	0	0	6	0	-1
10223011	-1	-1	-1	0	2	1	-1	0	0	6	0	-1
10223012	-1	-1	-1	0	2	1	-1	0	0	6	0	-1
10223013	-1	-1	-1	0	2	1	-1	0	0	6	0	-1
10223014	-1	-1	-1	0	2	0	-1	0	0	6	0	-1
10223015	-1	-1	-1	0	2	0	-1	0	0	6	0	-1
10223016	-1	-1	-1	0	2	0	-1	0	0	6	0	-1
10223017	-1	-1	-1	0	2	0	-1	0	0	6	0	-1
10223018	-1	-1	-1	0	2	0	-1	0	0	6	0	-1
10223019	-1	-1	-1	0	2	0	-1	0	0	6	0	-1
10223020	-1	-1	-1	0	2	0	-1	0	0	6	0	-1
10223031	-1	-1	-1	0	2	0	-1	0	0	6	0	-1
10223032	-1	-1	-1	0	2	0	-1	0	0	6	0	-1
10223033	-1	-1	-1	0	2	0	-1	0	0	6	0	-1
10223034	-1	-1	-1	0	2	0	-1	0	0	6	0	-1
10223035	-1	-1	-1	0	2	0	-1	0	0	6	0	-1
10223036	-1	-1	-1	0	2	0	-1	0	0	6	0	-1
10300000	-1	-1	#c00ff00装备：击中敌人后有一定机率触发“奋力”	0	1	0	-1	0	0	0	0	-1
10300001	-1	-1	#c00ff00装备：击中敌人后有一定机率触发“奋力”	0	1	0	-1	0	0	0	0	-1
10300002	-1	-1	#c00ff00装备：击中敌人后有一定机率触发“奋力”	0	1	0	-1	0	0	0	0	-1
10300003	-1	-1	#c00ff00装备：击中敌人后有一定机率触发“奋力”	0	1	0	-1	0	0	0	0	-1
10300004	-1	-1	#c00ff00装备：击中敌人后有一定机率触发“奋力”	0	1	0	-1	0	0	0	0	-1
10300005	-1	-1	#c00ff00装备：击中敌人后有一定机率触发“奋力”	0	1	0	-1	0	0	0	0	-1
10300006	-1	-1	#c00ff00装备：击中敌人后有一定机率触发“奋力”	0	1	0	-1	0	0	0	0	-1
10300007	-1	-1	#c00ff00装备：击中敌人后有一定机率触发“奋力”	0	1	0	-1	0	0	0	0	-1
10300100	-1	-1	#c00ff00装备：击中敌人后有一定机率触发“吸血”	0	1	0	-1	0	0	0	0	-1
10300101	-1	-1	#c00ff00装备：击中敌人后有一定机率触发“减速”	0	1	0	-1	0	0	0	0	-1
10300102	-1	-1	#c00ff00装备：击中敌人后有一定机率触发“破绽”	0	1	0	-1	0	0	0	0	-1
10300103	-1	-1	#c00ff00装备：击中敌人后有一定机率触发“吸血”	0	1	0	-1	0	0	0	0	-1
10300104	-1	-1	#c00ff00装备：击中敌人后有一定机率触发“减速”	0	1	0	-1	0	0	0	0	-1
10300105	-1	-1	#c00ff00装备：击中敌人后有一定机率触发“破绽”	0	1	0	-1	0	0	0	0	-1
10300106	-1	-1	#c00ff00装备：击中敌人后有一定机率触发“吸血”	0	1	0	-1	0	0	0	0	-1
10300107	-1	-1	#c00ff00装备：击中敌人后有一定机率触发“减速”	0	1	0	-1	0	0	0	0	-1
10300108	-1	-1	#c00ff00装备：击中敌人后有一定机率触发“破绽”	0	1	0	-1	0	0	0	0	-1
10300109	-1	-1	#c00ff00装备：击中敌人后有一定机率触发“吸血”	0	1	0	-1	0	0	0	0	-1
10300110	-1	-1	#c00ff00装备：击中敌人后有一定机率触发“减速”	0	1	0	-1	0	0	0	0	-1
10300111	-1	-1	#c00ff00装备：击中敌人后有一定机率触发“破绽”	0	1	0	-1	0	0	0	0	-1
10301000	-1	-1	#c00ff00装备：击中敌人后有一定机率触发“奋力”	0	1	0	-1	0	0	0	0	-1
10301001	-1	-1	#c00ff00装备：击中敌人后有一定机率触发“奋力”	0	1	0	-1	0	0	0	0	-1
10301100	-1	-1	#c00ff00装备：击中敌人后有一定机率触发“吸血”	0	1	0	-1	0	0	0	0	-1
10301101	-1	-1	#c00ff00装备：击中敌人后有一定机率触发“减速”	0	1	0	-1	0	0	0	0	-1
10301102	-1	-1	#c00ff00装备：击中敌人后有一定机率触发“虚弱”	0	1	0	-1	0	0	0	0	-1
10301103	-1	-1	#c00ff00装备：击中敌人后有一定机率触发“吸血”	0	1	0	-1	0	0	0	0	-1
10301104	-1	-1	#c00ff00装备：击中敌人后有一定机率触发“减速”	0	1	0	-1	0	0	0	0	-1
10301105	-1	-1	#c00ff00装备：击中敌人后有一定机率触发“虚弱”	0	1	0	-1	0	0	0	0	-1
10301106	-1	-1	#c00ff00装备：击中敌人后有一定机率触发“吸血”	0	1	0	-1	0	0	0	0	-1
10301107	-1	-1	#c00ff00装备：击中敌人后有一定机率触发“减速”	0	1	0	-1	0	0	0	0	-1
10301108	-1	-1	#c00ff00装备：击中敌人后有一定机率触发“虚弱”	0	1	0	-1	0	0	0	0	-1
10301109	-1	-1	#c00ff00装备：击中敌人后有一定机率触发“吸血”	0	1	0	-1	0	0	0	0	-1
10301110	-1	-1	#c00ff00装备：击中敌人后有一定机率触发“减速”	0	1	0	-1	0	0	0	0	-1
10301111	-1	-1	#c00ff00装备：击中敌人后有一定机率触发“虚弱”	0	1	0	-1	0	0	0	0	-1
10301198	-1	-1	#c00ff00装备：击中敌人后有一定机率触发“奋力”	0	1	0	-1	0	0	0	0	-1
10301199	-1	-1	#c00ff00装备：击中敌人后有一定机率触发“奋力”	0	1	0	-1	0	0	0	0	-1
10301200	-1	-1	#c00ff00装备：击中敌人后有一定机率触发“吸血”	0	1	0	-1	0	0	0	0	-1
10301201	-1	-1	#c00ff00装备：击中敌人后有一定机率触发“减速”	0	1	0	-1	0	0	0	0	-1
10301202	-1	-1	#c00ff00装备：击中敌人后有一定机率触发“虚弱”	0	1	0	-1	0	0	0	0	-1
10301203	-1	-1	#c00ff00装备：击中敌人后有一定机率触发“吸血”	0	1	0	-1	0	0	0	0	-1
10301204	-1	-1	#c00ff00装备：击中敌人后有一定机率触发“减速”	0	1	0	-1	0	0	0	0	-1
10301205	-1	-1	#c00ff00装备：击中敌人后有一定机率触发“虚弱”	0	1	0	-1	0	0	0	0	-1
10301206	-1	-1	#c00ff00装备：击中敌人后有一定机率触发“吸血”	0	1	0	-1	0	0	0	0	-1
10301207	-1	-1	#c00ff00装备：击中敌人后有一定机率触发“减速”	0	1	0	-1	0	0	0	0	-1
10301208	-1	-1	#c00ff00装备：击中敌人后有一定机率触发“虚弱”	0	1	0	-1	0	0	0	0	-1
10301209	-1	-1	#c00ff00装备：击中敌人后有一定机率触发“吸血”	0	1	0	-1	0	0	0	0	-1
10301210	-1	-1	#c00ff00装备：击中敌人后有一定机率触发“减速”	0	1	0	-1	0	0	0	0	-1
10301211	-1	-1	#c00ff00装备：击中敌人后有一定机率触发“虚弱”	0	1	0	-1	0	0	0	0	-1
10302000	-1	-1	#c00ff00装备：击中敌人后有一定机率触发“蓄力”	0	1	0	-1	0	0	0	0	-1
10302001	-1	-1	#c00ff00装备：击中敌人后有一定机率触发“蓄力”	0	1	0	-1	0	0	0	0	-1
10302002	-1	-1	#c00ff00装备：击中敌人后有一定机率触发“蓄力”	0	1	0	-1	0	0	0	0	-1
10302003	-1	-1	#c00ff00装备：击中敌人后有一定机率触发“蓄力”	0	1	0	-1	0	0	0	0	-1
10302004	-1	-1	#c00ff00装备：击中敌人后有一定机率触发“蓄力”	0	1	0	-1	0	0	0	0	-1
10302005	-1	-1	#c00ff00装备：击中敌人后有一定机率触发“蓄力”	0	1	0	-1	0	0	0	0	-1
10302006	-1	-1	#c00ff00装备：击中敌人后有一定机率触发“蓄力”	0	1	0	-1	0	0	0	0	-1
10302007	-1	-1	#c00ff00装备：击中敌人后有一定机率触发“蓄力”	0	1	0	-1	0	0	0	0	-1
10302008	-1	-1	#c00ff00装备：击中敌人后有一定机率触发“蓄力”	0	1	0	-1	0	0	0	0	-1
10302009	-1	-1	#c00ff00装备：击中敌人后有一定机率触发“蓄力”	0	1	0	-1	0	0	0	0	-1
10302010	-1	-1	#c00ff00装备：击中敌人后有一定机率触发“蓄力”	0	1	0	-1	0	0	0	0	-1
10302011	-1	-1	#c00ff00装备：击中敌人后有一定机率触发“蓄力”	0	1	0	-1	0	0	0	0	-1
10302100	-1	-1	#c00ff00装备：击中敌人后有一定机率触发“吸血”	0	1	0	-1	0	0	0	0	-1
10302101	-1	-1	#c00ff00装备：击中敌人后有一定机率触发“吸气”	0	1	0	-1	0	0	0	0	-1
10302102	-1	-1	#c00ff00装备：击中敌人后有一定机率触发“破绽”	0	1	0	-1	0	0	0	0	-1
10302103	-1	-1	#c00ff00装备：击中敌人后有一定机率触发“吸血”	0	1	0	-1	0	0	0	0	-1
10302104	-1	-1	#c00ff00装备：击中敌人后有一定机率触发“吸气”	0	1	0	-1	0	0	0	0	-1
10302105	-1	-1	#c00ff00装备：击中敌人后有一定机率触发“破绽”	0	1	0	-1	0	0	0	0	-1
10302106	-1	-1	#c00ff00装备：击中敌人后有一定机率触发“吸血”	0	1	0	-1	0	0	0	0	-1
10302107	-1	-1	#c00ff00装备：击中敌人后有一定机率触发“吸气”	0	1	0	-1	0	0	0	0	-1
10302108	-1	-1	#c00ff00装备：击中敌人后有一定机率触发“破绽”	0	1	0	-1	0	0	0	0	-1
10302109	-1	-1	#c00ff00装备：击中敌人后有一定机率触发“吸血”	0	1	0	-1	0	0	0	0	-1
10302110	-1	-1	#c00ff00装备：击中敌人后有一定机率触发“吸气”	0	1	0	-1	0	0	0	0	-1
10302111	-1	-1	#c00ff00装备：击中敌人后有一定机率触发“破绽”	0	1	0	-1	0	0	0	0	-1
10302200	-1	-1	#c00ff00装备：击中敌人后有一定机率触发“吸血”	0	1	0	-1	0	0	0	0	-1
10302201	-1	-1	#c00ff00装备：击中敌人后有一定机率触发“虚弱”	0	1	0	-1	0	0	0	0	-1
10302202	-1	-1	#c00ff00装备：击中敌人后有一定机率触发“破绽”	0	1	0	-1	0	0	0	0	-1
10302203	-1	-1	#c00ff00装备：击中敌人后有一定机率触发“吸血”	0	1	0	-1	0	0	0	0	-1
10302204	-1	-1	#c00ff00装备：击中敌人后有一定机率触发“虚弱”	0	1	0	-1	0	0	0	0	-1
10302205	-1	-1	#c00ff00装备：击中敌人后有一定机率触发“破绽”	0	1	0	-1	0	0	0	0	-1
10302206	-1	-1	#c00ff00装备：击中敌人后有一定机率触发“吸血”	0	1	0	-1	0	0	0	0	-1
10302207	-1	-1	#c00ff00装备：击中敌人后有一定机率触发“虚弱”	0	1	0	-1	0	0	0	0	-1
10302208	-1	-1	#c00ff00装备：击中敌人后有一定机率触发“破绽”	0	1	0	-1	0	0	0	0	-1
10302209	-1	-1	#c00ff00装备：击中敌人后有一定机率触发“吸血”	0	1	0	-1	0	0	0	0	-1
10302210	-1	-1	#c00ff00装备：击中敌人后有一定机率触发“虚弱”	0	1	0	-1	0	0	0	0	-1
10302211	-1	-1	#c00ff00装备：击中敌人后有一定机率触发“破绽”	0	1	0	-1	0	0	0	0	-1
10303000	-1	-1	#c00ff00装备：击中敌人后有一定机率触发“蓄力”	0	1	0	-1	0	0	0	0	-1
10303001	-1	-1	#c00ff00装备：击中敌人后有一定机率触发“蓄力”	0	1	0	-1	0	0	0	0	-1
10303100	-1	-1	#c00ff00装备：击中敌人后有一定机率触发“吸血”	0	1	0	-1	0	0	0	0	-1
10303101	-1	-1	#c00ff00装备：击中敌人后有一定机率触发“虚弱”	0	1	0	-1	0	0	0	0	-1
10303102	-1	-1	#c00ff00装备：击中敌人后有一定机率触发“破绽”	0	1	0	-1	0	0	0	0	-1
10303103	-1	-1	#c00ff00装备：击中敌人后有一定机率触发“吸血”	0	1	0	-1	0	0	0	0	-1
10303104	-1	-1	#c00ff00装备：击中敌人后有一定机率触发“虚弱”	0	1	0	-1	0	0	0	0	-1
10303105	-1	-1	#c00ff00装备：击中敌人后有一定机率触发“破绽”	0	1	0	-1	0	0	0	0	-1
10303106	-1	-1	#c00ff00装备：击中敌人后有一定机率触发“吸血”	0	1	0	-1	0	0	0	0	-1
10303107	-1	-1	#c00ff00装备：击中敌人后有一定机率触发“虚弱”	0	1	0	-1	0	0	0	0	-1
10303108	-1	-1	#c00ff00装备：击中敌人后有一定机率触发“破绽”	0	1	0	-1	0	0	0	0	-1
10303109	-1	-1	#c00ff00装备：击中敌人后有一定机率触发“吸血”	0	1	0	-1	0	0	0	0	-1
10303110	-1	-1	#c00ff00装备：击中敌人后有一定机率触发“虚弱”	0	1	0	-1	0	0	0	0	-1
10303111	-1	-1	#c00ff00装备：击中敌人后有一定机率触发“破绽”	0	1	0	-1	0	0	0	0	-1
10303200	-1	-1	#c00ff00装备：击中敌人后有一定机率触发“吸血”	0	1	0	-1	0	0	0	0	-1
10303201	-1	-1	#c00ff00装备：击中敌人后有一定机率触发“打怒”	0	1	0	-1	0	0	0	0	-1
10303202	-1	-1	#c00ff00装备：击中敌人后有一定机率触发“虚弱”	0	1	0	-1	0	0	0	0	-1
10303203	-1	-1	#c00ff00装备：击中敌人后有一定机率触发“吸血”	0	1	0	-1	0	0	0	0	-1
10303204	-1	-1	#c00ff00装备：击中敌人后有一定机率触发“打怒”	0	1	0	-1	0	0	0	0	-1
10303205	-1	-1	#c00ff00装备：击中敌人后有一定机率触发“虚弱”	0	1	0	-1	0	0	0	0	-1
10303206	-1	-1	#c00ff00装备：击中敌人后有一定机率触发“吸血”	0	1	0	-1	0	0	0	0	-1
10303207	-1	-1	#c00ff00装备：击中敌人后有一定机率触发“打怒”	0	1	0	-1	0	0	0	0	-1
10303208	-1	-1	#c00ff00装备：击中敌人后有一定机率触发“虚弱”	0	1	0	-1	0	0	0	0	-1
10303209	-1	-1	#c00ff00装备：击中敌人后有一定机率触发“吸血”	0	1	0	-1	0	0	0	0	-1
10303210	-1	-1	#c00ff00装备：击中敌人后有一定机率触发“打怒”	0	1	0	-1	0	0	0	0	-1
10303211	-1	-1	#c00ff00装备：击中敌人后有一定机率触发“虚弱”	0	1	0	-1	0	0	0	0	-1
10304000	-1	-1	#c00ff00装备：击中敌人后有一定机率触发“精妙”	0	1	0	-1	0	0	0	0	-1
10304001	-1	-1	#c00ff00装备：击中敌人后有一定机率触发“精妙”	0	1	0	-1	0	0	0	0	-1
10304002	-1	-1	#c00ff00装备：击中敌人后有一定机率触发“精妙”	0	1	0	-1	0	0	0	0	-1
10304003	-1	-1	#c00ff00装备：击中敌人后有一定机率触发“精妙”	0	1	0	-1	0	0	0	0	-1
10304004	-1	-1	#c00ff00装备：击中敌人后有一定机率触发“精妙”	0	1	0	-1	0	0	0	0	-1
10304005	-1	-1	#c00ff00装备：击中敌人后有一定机率触发“精妙”	0	1	0	-1	0	0	0	0	-1
10304006	-1	-1	#c00ff00装备：击中敌人后有一定机率触发“精妙”	0	1	0	-1	0	0	0	0	-1
10304007	-1	-1	#c00ff00装备：击中敌人后有一定机率触发“精妙”	0	1	0	-1	0	0	0	0	-1
10304008	-1	-1	#c00ff00装备：击中敌人后有一定机率触发“精妙”	0	1	0	-1	0	0	0	0	-1
10304009	-1	-1	#c00ff00装备：击中敌人后有一定机率触发“精妙”	0	1	0	-1	0	0	0	0	-1
10304100	-1	-1	#c00ff00装备：击中敌人后有一定机率触发“吸血”	0	1	0	-1	0	0	0	0	-1
10304101	-1	-1	#c00ff00装备：击中敌人后有一定机率触发“吸气”	0	1	0	-1	0	0	0	0	-1
10304102	-1	-1	#c00ff00装备：击中敌人后有一定机率触发“虚弱”	0	1	0	-1	0	0	0	0	-1
10304103	-1	-1	#c00ff00装备：击中敌人后有一定机率触发“吸血”	0	1	0	-1	0	0	0	0	-1
10304104	-1	-1	#c00ff00装备：击中敌人后有一定机率触发“吸气”	0	1	0	-1	0	0	0	0	-1
10304105	-1	-1	#c00ff00装备：击中敌人后有一定机率触发“虚弱”	0	1	0	-1	0	0	0	0	-1
10304106	-1	-1	#c00ff00装备：击中敌人后有一定机率触发“吸血”	0	1	0	-1	0	0	0	0	-1
10304107	-1	-1	#c00ff00装备：击中敌人后有一定机率触发“吸气”	0	1	0	-1	0	0	0	0	-1
10304108	-1	-1	#c00ff00装备：击中敌人后有一定机率触发“虚弱”	0	1	0	-1	0	0	0	0	-1
10304109	-1	-1	#c00ff00装备：击中敌人后有一定机率触发“吸血”	0	1	0	-1	0	0	0	0	-1
10304110	-1	-1	#c00ff00装备：击中敌人后有一定机率触发“吸气”	0	1	0	-1	0	0	0	0	-1
10304111	-1	-1	#c00ff00装备：击中敌人后有一定机率触发“虚弱”	0	1	0	-1	0	0	0	0	-1
10305000	-1	-1	#c00ff00装备：击中敌人后有一定机率触发“绝妙”	0	1	0	-1	0	0	0	0	-1
10305001	-1	-1	#c00ff00装备：击中敌人后有一定机率触发“绝妙”	0	1	0	-1	0	0	0	0	-1
10305002	-1	-1	#c00ff00装备：击中敌人后有一定机率触发“绝妙”	0	1	0	-1	0	0	0	0	-1
10305003	-1	-1	#c00ff00装备：击中敌人后有一定机率触发“绝妙”	0	1	0	-1	0	0	0	0	-1
10305004	-1	-1	#c00ff00装备：击中敌人后有一定机率触发“绝妙”	0	1	0	-1	0	0	0	0	-1
10305005	-1	-1	#c00ff00装备：击中敌人后有一定机率触发“绝妙”	0	1	0	-1	0	0	0	0	-1
10305006	-1	-1	#c00ff00装备：击中敌人后有一定机率触发“绝妙”	0	1	0	-1	0	0	0	0	-1
10305007	-1	-1	#c00ff00装备：击中敌人后有一定机率触发“绝妙”	0	1	0	-1	0	0	0	0	-1
10305008	-1	-1	#c00ff00装备：击中敌人后有一定机率触发“蓄力”	0	1	0	-1	0	0	0	0	-1
10305009	-1	-1	#c00ff00装备：击中敌人后有一定机率触发“蓄力”	0	1	0	-1	0	0	0	0	-1
10305100	-1	-1	#c00ff00装备：击中敌人后有一定机率触发“吸血”	0	1	0	-1	0	0	0	0	-1
10305101	-1	-1	#c00ff00装备：击中敌人后有一定机率触发“吸气”	0	1	0	-1	0	0	0	0	-1
10305102	-1	-1	#c00ff00装备：击中敌人后有一定机率触发“虚弱”	0	1	0	-1	0	0	0	0	-1
10305103	-1	-1	#c00ff00装备：击中敌人后有一定机率触发“吸血”	0	1	0	-1	0	0	0	0	-1
10305104	-1	-1	#c00ff00装备：击中敌人后有一定机率触发“吸气”	0	1	0	-1	0	0	0	0	-1
10305105	-1	-1	#c00ff00装备：击中敌人后有一定机率触发“虚弱”	0	1	0	-1	0	0	0	0	-1
10305106	-1	-1	#c00ff00装备：击中敌人后有一定机率触发“吸血”	0	1	0	-1	0	0	0	0	-1
10305107	-1	-1	#c00ff00装备：击中敌人后有一定机率触发“吸气”	0	1	0	-1	0	0	0	0	-1
10305108	-1	-1	#c00ff00装备：击中敌人后有一定机率触发“虚弱”	0	1	0	-1	0	0	0	0	-1
10305109	-1	-1	#c00ff00装备：击中敌人后有一定机率触发“吸血”	0	1	0	-1	0	0	0	0	-1
10305110	-1	-1	#c00ff00装备：击中敌人后有一定机率触发“吸气”	0	1	0	-1	0	0	0	0	-1
10305111	-1	-1	#c00ff00装备：击中敌人后有一定机率触发“虚弱”	0	1	0	-1	0	0	0	0	-1
10305200	-1	-1	#c00ff00装备：击中敌人后有一定机率触发“减速”	0	1	0	-1	0	0	0	0	-1
10305201	-1	-1	#c00ff00装备：击中敌人后有一定机率触发“吸血”	0	1	0	-1	0	0	0	0	-1
10305202	-1	-1	#c00ff00装备：击中敌人后有一定机率触发“虚弱”	0	1	0	-1	0	0	0	0	-1
10305203	-1	-1	#c00ff00装备：击中敌人后有一定机率触发“减速”	0	1	0	-1	0	0	0	0	-1
10305204	-1	-1	#c00ff00装备：击中敌人后有一定机率触发“吸血”	0	1	0	-1	0	0	0	0	-1
10305205	-1	-1	#c00ff00装备：击中敌人后有一定机率触发“虚弱”	0	1	0	-1	0	0	0	0	-1
10305206	-1	-1	#c00ff00装备：击中敌人后有一定机率触发“减速”	0	1	0	-1	0	0	0	0	-1
10305207	-1	-1	#c00ff00装备：击中敌人后有一定机率触发“吸血”	0	1	0	-1	0	0	0	0	-1
10305208	-1	-1	#c00ff00装备：击中敌人后有一定机率触发“虚弱”	0	1	0	-1	0	0	0	0	-1
10305209	-1	-1	#c00ff00装备：击中敌人后有一定机率触发“减速”	0	1	0	-1	0	0	0	0	-1
10305210	-1	-1	#c00ff00装备：击中敌人后有一定机率触发“吸血”	0	1	0	-1	0	0	0	0	-1
10305211	-1	-1	#c00ff00装备：击中敌人后有一定机率触发“虚弱”	0	1	0	-1	0	0	0	0	-1
10306000	-1	-1	#c00ff00装备：击中敌人后有一定机率触发“绝妙”	0	1	0	-1	0	0	0	0	-1
10306001	-1	-1	#c00ff00装备：击中敌人后有一定机率触发“绝妙”	0	1	0	-1	0	0	0	0	-1
10306002	-1	-1	#c00ff00装备：击中敌人后有一定机率触发“绝妙”	0	1	0	-1	0	0	0	0	-1
10306003	-1	-1	#c00ff00装备：击中敌人后有一定机率触发“绝妙”	0	1	0	-1	0	0	0	0	-1
10306004	-1	-1	#c00ff00装备：击中敌人后有一定机率触发“绝妙”	0	1	0	-1	0	0	0	0	-1
10306005	-1	-1	#c00ff00装备：击中敌人后有一定机率触发“绝妙”	0	1	0	-1	0	0	0	0	-1
10306006	-1	-1	#c00ff00装备：击中敌人后有一定机率触发“绝妙”	0	1	0	-1	0	0	0	0	-1
10306007	-1	-1	#c00ff00装备：击中敌人后有一定机率触发“绝妙”	0	1	0	-1	0	0	0	0	-1
10306008	-1	-1	#c00ff00装备：击中敌人后有一定机率触发“蓄力”	0	1	0	-1	0	0	0	0	-1
10306009	-1	-1	#c00ff00装备：击中敌人后有一定机率触发“蓄力”	0	1	0	-1	0	0	0	0	-1
10306100	-1	-1	#c00ff00装备：击中敌人后有一定机率触发“减速”	0	1	0	-1	0	0	0	0	-1
10306101	-1	-1	#c00ff00装备：击中敌人后有一定机率触发“吸血”	0	1	0	-1	0	0	0	0	-1
10306102	-1	-1	#c00ff00装备：击中敌人后有一定机率触发“虚弱”	0	1	0	-1	0	0	0	0	-1
10306103	-1	-1	#c00ff00装备：击中敌人后有一定机率触发“减速”	0	1	0	-1	0	0	0	0	-1
10306104	-1	-1	#c00ff00装备：击中敌人后有一定机率触发“吸血”	0	1	0	-1	0	0	0	0	-1
10306105	-1	-1	#c00ff00装备：击中敌人后有一定机率触发“虚弱”	0	1	0	-1	0	0	0	0	-1
10306106	-1	-1	#c00ff00装备：击中敌人后有一定机率触发“减速”	0	1	0	-1	0	0	0	0	-1
10306107	-1	-1	#c00ff00装备：击中敌人后有一定机率触发“吸血”	0	1	0	-1	0	0	0	0	-1
10306108	-1	-1	#c00ff00装备：击中敌人后有一定机率触发“虚弱”	0	1	0	-1	0	0	0	0	-1
10306109	-1	-1	#c00ff00装备：击中敌人后有一定机率触发“减速”	0	1	0	-1	0	0	0	0	-1
10306110	-1	-1	#c00ff00装备：击中敌人后有一定机率触发“吸血”	0	1	0	-1	0	0	0	0	-1
10306111	-1	-1	#c00ff00装备：击中敌人后有一定机率触发“虚弱”	0	1	0	-1	0	0	0	0	-1
10307000	-1	-1	#c00ff00装备：击中敌人后有一定机率触发“蓄力”	0	1	0	-1	0	0	0	0	-1
10307001	-1	-1	#c00ff01装备：击中敌人后有一定机率触发“蓄力”	0	1	0	-1	0	0	0	0	-1
10307002	-1	-1	#c00ff02装备：击中敌人后有一定机率触发“蓄力”	0	1	0	-1	0	0	0	0	-1
10307003	-1	-1	#c00ff03装备：击中敌人后有一定机率触发“蓄力”	0	1	0	-1	0	0	0	0	-1
10307004	-1	-1	#c00ff04装备：击中敌人后有一定机率触发“蓄力”	0	1	0	-1	0	0	0	0	-1
10307005	-1	-1	#c00ff05装备：击中敌人后有一定机率触发“蓄力”	0	1	0	-1	0	0	0	0	-1
10307006	-1	-1	#c00ff06装备：击中敌人后有一定机率触发“蓄力”	0	1	0	-1	0	0	0	0	-1
10307007	-1	-1	#c00ff07装备：击中敌人后有一定机率触发“蓄力”	0	1	0	-1	0	0	0	0	-1
10307008	-1	-1	#c00ff00装备：击中敌人后有一定机率触发“蓄力”	0	1	0	-1	0	0	0	0	-1
10307009	-1	-1	#c00ff00装备：击中敌人后有一定机率触发“蓄力”	0	1	0	-1	0	0	0	0	-1
10307100	-1	-1	#c00ff00装备：击中敌人后有一定机率触发“减速”	0	1	0	-1	0	0	0	0	-1
10307101	-1	-1	#c00ff00装备：击中敌人后有一定机率触发“吸气”	0	1	0	-1	0	0	0	0	-1
10307102	-1	-1	#c00ff00装备：击中敌人后有一定机率触发“虚弱”	0	1	0	-1	0	0	0	0	-1
10307103	-1	-1	#c00ff00装备：击中敌人后有一定机率触发“减速”	0	1	0	-1	0	0	0	0	-1
10307104	-1	-1	#c00ff00装备：击中敌人后有一定机率触发“吸气”	0	1	0	-1	0	0	0	0	-1
10307105	-1	-1	#c00ff00装备：击中敌人后有一定机率触发“虚弱”	0	1	0	-1	0	0	0	0	-1
10307106	-1	-1	#c00ff00装备：击中敌人后有一定机率触发“减速”	0	1	0	-1	0	0	0	0	-1
10307107	-1	-1	#c00ff00装备：击中敌人后有一定机率触发“吸气”	0	1	0	-1	0	0	0	0	-1
10307108	-1	-1	#c00ff00装备：击中敌人后有一定机率触发“虚弱”	0	1	0	-1	0	0	0	0	-1
10307109	-1	-1	#c00ff00装备：击中敌人后有一定机率触发“减速”	0	1	0	-1	0	0	0	0	-1
10307110	-1	-1	#c00ff00装备：击中敌人后有一定机率触发“吸气”	0	1	0	-1	0	0	0	0	-1
10307111	-1	-1	#c00ff00装备：击中敌人后有一定机率触发“虚弱”	0	1	0	-1	0	0	0	0	-1
10410082	24	-1	-1	0	1	0	-1	0	0	0	0	-1
10410083	24	-1	-1	0	1	0	-1	0	0	0	0	-1
10410084	24	-1	-1	0	1	0	-1	0	0	0	0	-1
10410085	24	-1	-1	0	1	0	-1	0	0	0	0	-1
10410086	24	-1	-1	0	1	0	-1	0	0	0	0	-1
10410087	24	-1	-1	0	1	0	-1	0	0	0	0	-1
10410088	24	-1	-1	0	1	0	-1	0	0	0	0	-1
10410089	24	-1	-1	0	1	0	-1	0	0	0	0	-1
10410090	24	-1	-1	0	1	0	-1	0	0	0	0	-1
10410091	24	-1	-1	0	1	0	-1	0	0	0	0	-1
10410092	24	-1	-1	0	1	0	-1	0	0	0	0	-1
10410093	24	-1	-1	0	1	0	-1	0	0	0	0	-1
10410094	24	-1	-1	0	1	0	-1	0	0	0	0	-1
10410095	24	-1	-1	0	1	0	-1	0	0	0	0	-1
10410096	24	-1	-1	0	1	0	-1	0	0	0	0	-1
10410097	24	-1	-1	0	1	0	-1	0	0	0	0	-1
10410098	168	-1	-1	1	1	0	-1	0	0	0	0	-1
10410099	168	-1	-1	1	1	0	-1	0	0	0	0	-1
10410100	168	-1	-1	1	1	0	-1	0	0	0	0	-1
10410101	168	-1	-1	1	1	0	-1	0	0	0	0	-1
10410102	168	-1	-1	1	1	0	-1	0	0	0	0	-1
10410103	168	-1	-1	1	1	0	-1	0	0	0	0	-1
10410104	168	-1	-1	1	1	0	-1	0	0	0	0	-1
10410105	168	-1	-1	1	1	0	-1	0	0	0	0	-1
10410106	168	-1	-1	1	1	0	-1	0	0	0	0	-1
10410107	168	-1	-1	1	1	0	-1	0	0	0	0	-1
10410108	-1	-1	-1	1	1	0	-1	0	0	0	0	-1
10410109	-1	-1	-1	1	1	0	-1	0	0	0	0	-1
10410110	-1	-1	-1	1	1	0	-1	0	0	0	0	-1
10410111	-1	-1	-1	1	1	0	-1	0	0	0	0	-1
10410112	-1	-1	-1	1	1	0	-1	0	0	0	0	-1
10410113	-1	-1	-1	1	1	0	-1	0	0	0	0	-1
10410114	-1	-1	-1	1	1	0	-1	0	0	0	0	-1
10410115	-1	-1	-1	1	1	0	-1	0	0	0	0	-1
10410116	-1	-1	-1	1	1	0	-1	0	0	0	0	-1
10410117	-1	-1	-1	1	1	0	-1	0	0	0	0	-1
10410118	168	-1	-1	1	1	0	-1	0	0	0	0	-1
10410119	168	-1	-1	1	1	0	-1	0	0	0	0	-1
10410120	168	-1	-1	1	1	0	-1	0	0	0	0	-1
10410121	168	-1	-1	1	1	0	-1	0	0	0	0	-1
10410122	168	-1	-1	1	1	0	-1	0	0	0	0	-1
10410123	168	-1	-1	1	1	0	-1	0	0	0	0	-1
10410124	168	-1	-1	1	1	0	-1	0	0	0	0	-1
10410125	168	-1	-1	1	1	0	-1	0	0	0	0	-1
10410126	168	-1	-1	1	1	0	-1	0	0	0	0	-1
10410127	168	-1	-1	1	1	0	-1	0	0	0	0	-1
10410136	24	-1	-1	1	1	0	-1	0	0	0	0	-1
10410137	168	-1	-1	1	1	0	-1	0	0	0	0	-1
10410138	168	-1	-1	1	1	0	-1	0	0	0	0	-1
10410139	168	-1	-1	1	1	0	-1	0	0	0	0	-1
10410140	168	-1	-1	1	1	0	-1	0	0	0	0	-1
10410141	168	-1	-1	1	1	0	-1	0	0	0	0	-1
10410142	168	-1	-1	1	1	0	-1	0	0	0	0	-1
10410143	168	-1	-1	1	1	0	-1	0	0	0	0	-1
10410144	168	-1	-1	1	1	0	-1	0	0	0	0	-1
10410145	168	-1	-1	1	1	0	-1	0	0	0	0	-1
10410146	168	-1	-1	1	1	0	-1	0	0	0	0	-1
10413102	-1	-1	#c00ff00装备：血上限提升5%	0	1	0	-1	0	0	0	0	-1
10413103	-1	-1	#c00ff00装备：血上限提升5%	0	1	0	-1	0	0	0	0	-1
10413104	-1	-1	#c00ff00装备：血上限提升10%	0	1	0	-1	0	0	0	0	-1
10413105	-1	-1	#c00ff00装备：血上限提升10%	0	1	0	-1	0	0	0	0	-1
10415055	-1	-1	#c00ff00装备：伤害减免5%#r装备：免疫控制几率 +5%	0	1	0	-1	0	0	0	0	-1
10415056	-1	-1	#c00ff00装备：伤害减免10%#r装备：免疫控制几率 +5%	0	1	0	-1	0	0	0	0	-1
10420088	-1	-1	#c00ff00装备：击中敌人后有一定机率触发“失明”	0	1	0	-1	0	0	0	0	-1
10420089	-1	-1	#c00ff00装备：击中敌人后有更大机率触发“失明”	0	1	0	-1	0	0	0	0	-1
10422016	-1	-1	#c00ff00装备：击中敌人后有一定机率触发“封穴”	0	1	0	-1	0	0	0	0	-1
10422149	-1	-1	#c00ff00装备：击中敌人后有更大机率触发“封穴”	0	1	0	-1	0	0	0	0	-1
10422150	-1	-1	#c00ff00装备：击中敌人后有一定机率触发“封穴”	0	1	0	-1	0	0	0	0	-1
10423024	-1	-1	#c00ff00装备：击中敌人后有一定机率触发“麻痹”	0	1	0	-1	0	0	0	0	-1
10423025	-1	-1	#c00ff00装备：击中敌人后有更大机率触发“麻痹”	0	1	0	-1	0	0	0	0	-1
10423026	-1	-1	#c00ff00装备：击中敌人后有一定机率触发“麻痹”	0	1	0	-1	0	0	0	0	-1
20101001	-1	-1	-1	0	1	0	-1	0	0	0	0	-1
20101002	-1	-1	-1	0	1	0	-1	0	0	0	0	-1
20101003	-1	-1	-1	0	1	0	-1	0	0	0	0	-1
20101004	-1	-1	-1	0	1	0	-1	0	0	0	0	-1
20101005	-1	-1	-1	0	1	0	-1	0	0	0	0	-1
20101006	-1	-1	-1	0	1	0	-1	0	0	0	0	-1
20101007	-1	-1	-1	0	1	0	-1	0	0	0	0	-1
20101008	-1	-1	-1	0	1	0	-1	0	0	0	0	-1
20101009	-1	-1	-1	0	1	0	-1	0	0	0	0	-1
20101010	-1	-1	-1	0	1	0	-1	0	0	0	0	-1
20101011	-1	-1	-1	0	1	0	-1	0	0	0	0	-1
20101012	-1	-1	-1	0	1	0	-1	0	0	0	0	-1
20101013	-1	-1	-1	0	1	0	-1	0	0	0	0	-1
20101014	-1	-1	-1	0	1	0	-1	0	0	0	0	-1
20101015	-1	-1	-1	0	1	0	-1	0	0	0	0	-1
20101016	-1	-1	-1	0	1	0	-1	0	0	0	0	-1
20101017	-1	-1	-1	0	1	0	-1	0	0	0	0	-1
20101018	-1	-1	-1	0	1	0	-1	0	0	0	0	-1
20101019	-1	-1	-1	0	1	0	-1	0	0	0	0	-1
20101020	-1	-1	-1	0	1	0	-1	0	0	0	0	-1
20101021	-1	-1	-1	0	1	0	-1	0	0	0	0	-1
20101022	-1	-1	-1	0	1	0	-1	0	0	0	0	-1
20101023	-1	-1	-1	0	1	0	-1	0	0	0	0	-1
20101024	-1	-1	-1	0	1	0	-1	0	0	0	0	-1
20101025	-1	-1	-1	0	1	0	-1	0	0	0	0	-1
20101026	-1	-1	-1	0	1	0	-1	0	0	0	0	-1
20101027	-1	-1	-1	0	1	0	-1	0	0	0	0	-1
20101028	-1	-1	-1	0	1	0	-1	0	0	0	0	-1
20101029	-1	-1	-1	0	1	0	-1	0	0	0	0	-1
20101030	-1	-1	-1	0	1	0	-1	0	0	0	0	-1
20103001	-1	-1	-1	0	1	0	-1	0	0	0	0	-1
20103002	-1	-1	-1	0	1	0	-1	0	0	0	0	-1
20103003	-1	-1	-1	0	1	0	-1	0	0	0	0	-1
20103004	-1	-1	-1	0	1	0	-1	0	0	0	0	-1
20103005	-1	-1	-1	0	1	0	-1	0	0	0	0	-1
20103006	-1	-1	-1	0	1	0	-1	0	0	0	0	-1
20103007	-1	-1	-1	0	1	0	-1	0	0	0	0	-1
20103008	-1	-1	-1	0	1	0	-1	0	0	0	0	-1
20103009	-1	-1	-1	0	1	0	-1	0	0	0	0	-1
20103010	-1	-1	-1	0	1	0	-1	0	0	0	0	-1
20103011	-1	-1	-1	0	1	0	-1	0	0	0	0	-1
20103012	-1	-1	-1	0	1	0	-1	0	0	0	0	-1
20103013	-1	-1	-1	0	1	0	-1	0	0	0	0	-1
20103014	-1	-1	-1	0	1	0	-1	0	0	0	0	-1
20103015	-1	-1	-1	0	1	0	-1	0	0	0	0	-1
20103016	-1	-1	-1	0	1	0	-1	0	0	0	0	-1
20103017	-1	-1	-1	0	1	0	-1	0	0	0	0	-1
20103018	-1	-1	-1	0	1	0	-1	0	0	0	0	-1
20103019	-1	-1	-1	0	1	0	-1	0	0	0	0	-1
20103020	-1	-1	-1	0	1	0	-1	0	0	0	0	-1
20103021	-1	-1	-1	0	1	0	-1	0	0	0	0	-1
20103022	-1	-1	-1	0	1	0	-1	0	0	0	0	-1
20103023	-1	-1	-1	0	1	0	-1	0	0	0	0	-1
20103024	-1	-1	-1	0	1	0	-1	0	0	0	0	-1
20103025	-1	-1	-1	0	1	0	-1	0	0	0	0	-1
20103026	-1	-1	-1	0	1	0	-1	0	0	0	0	-1
20103027	-1	-1	-1	0	1	0	-1	0	0	0	0	-1
20103028	-1	-1	-1	0	1	0	-1	0	0	0	0	-1
20103029	-1	-1	-1	0	1	0	-1	0	0	0	0	-1
20103030	-1	-1	-1	0	1	0	-1	0	0	0	0	-1
20103031	-1	-1	-1	0	1	0	-1	0	0	0	0	-1
20103032	-1	-1	-1	0	1	0	-1	0	0	0	0	-1
20103033	-1	-1	-1	0	1	0	-1	0	0	0	0	-1
20103034	-1	-1	-1	0	1	0	-1	0	0	0	0	-1
20103035	-1	-1	-1	0	1	0	-1	0	0	0	0	-1
20103036	-1	-1	-1	0	1	0	-1	0	0	0	0	-1
20103037	-1	-1	-1	0	1	0	-1	0	0	0	0	-1
20103038	-1	-1	-1	0	1	0	-1	0	0	0	0	-1
20103039	-1	-1	-1	0	1	0	-1	0	0	0	0	-1
20103040	-1	-1	-1	0	1	0	-1	0	0	0	0	-1
20103041	-1	-1	-1	0	1	0	-1	0	0	0	0	-1
20103042	-1	-1	-1	0	1	0	-1	0	0	0	0	-1
20103043	-1	-1	-1	0	1	0	-1	0	0	0	0	-1
20103044	-1	-1	-1	0	1	0	-1	0	0	0	0	-1
20103045	-1	-1	-1	0	1	0	-1	0	0	0	0	-1
20103046	-1	-1	-1	0	1	0	-1	0	0	0	0	-1
20103047	-1	-1	-1	0	1	0	-1	0	0	0	0	-1
20103048	-1	-1	-1	0	1	0	-1	0	0	0	0	-1
20103049	-1	-1	-1	0	1	0	-1	0	0	0	0	-1
20103050	-1	-1	-1	0	1	0	-1	0	0	0	0	-1
20103051	-1	-1	-1	0	1	0	-1	0	0	0	0	-1
20103052	-1	-1	-1	0	1	0	-1	0	0	0	0	-1
20103053	-1	-1	-1	0	1	0	-1	0	0	0	0	-1
20103054	-1	-1	-1	0	1	0	-1	0	0	0	0	-1
20103055	-1	-1	-1	0	1	0	-1	0	0	0	0	-1
20103056	-1	-1	-1	0	1	0	-1	0	0	0	0	-1
20103057	-1	-1	-1	0	1	0	-1	0	0	0	0	-1
20103058	-1	-1	-1	0	1	0	-1	0	0	0	0	-1
20103059	-1	-1	-1	0	1	0	-1	0	0	0	0	-1
20103060	-1	-1	-1	0	1	0	-1	0	0	0	0	-1
20103118	-1	-1	-1	0	1	0	-1	0	0	0	0	-1
20103119	-1	-1	-1	0	1	0	-1	0	0	0	0	-1
20103120	-1	-1	-1	0	1	0	-1	0	0	0	0	-1
20103121	-1	-1	-1	0	1	0	-1	0	0	0	0	-1
20103122	-1	-1	-1	0	1	0	-1	0	0	0	0	-1
20103123	-1	-1	-1	0	1	0	-1	0	0	0	0	-1
20103124	-1	-1	-1	0	1	0	-1	0	0	0	0	-1
20103125	-1	-1	-1	0	1	0	-1	0	0	0	0	-1
20103126	-1	-1	-1	0	1	0	-1	0	0	0	0	-1
20103127	-1	-1	-1	0	1	0	-1	0	0	0	0	-1
20103128	-1	-1	-1	0	1	0	-1	0	0	0	0	-1
20103129	-1	-1	-1	0	1	0	-1	0	0	0	0	-1
20103130	-1	-1	-1	0	1	0	-1	0	0	0	0	-1
20103131	-1	-1	-1	0	1	0	-1	0	0	0	0	-1
20103132	-1	-1	-1	0	1	0	-1	0	0	0	0	-1
20103133	-1	-1	-1	0	1	0	-1	0	0	0	0	-1
20103134	-1	-1	-1	0	1	0	-1	0	0	0	0	-1
20103135	-1	-1	-1	0	1	0	-1	0	0	0	0	-1
20103136	-1	-1	-1	0	1	0	-1	0	0	0	0	-1
20103137	-1	-1	-1	0	1	0	-1	0	0	0	0	-1
20301009	-1	-1	-1	0	0	0	-1	0	0	3	0	-1
20304005	-1	-1	-1	0	1	0	-1	0	0	0	0	-1
20304006	-1	-1	-1	0	1	0	-1	0	0	0	0	-1
20304007	-1	-1	-1	0	1	0	-1	0	0	0	0	-1
20304008	-1	-1	-1	0	1	0	-1	0	0	0	0	-1
20304009	-1	-1	-1	0	1	0	-1	0	0	0	0	-1
20304010	-1	-1	-1	0	1	0	-1	0	0	0	0	-1
20304011	-1	-1	-1	0	1	0	-1	0	0	0	0	-1
20304012	-1	-1	-1	0	1	0	-1	0	0	0	0	-1
20304013	-1	-1	-1	0	1	0	-1	0	0	0	0	-1
20304014	-1	-1	-1	0	1	0	-1	0	0	0	0	-1
20304015	-1	-1	-1	0	1	0	-1	0	0	0	0	-1
20304016	-1	-1	-1	0	1	0	-1	0	0	0	0	-1
20307254	-1	-1	-1	0	1	1	-1	0	0	0	1	-1
20309010	-1	-1	-1	0	1	1	-1	0	0	0	0	-1
20309011	-1	-1	-1	0	1	1	-1	0	0	0	0	-1
20309012	-1	-1	-1	0	1	1	-1	0	0	0	0	-1
20309013	-1	-1	-1	0	1	1	-1	0	0	0	0	-1
20309014	-1	-1	-1	0	1	1	-1	0	0	0	0	-1
20309015	-1	-1	-1	0	1	1	-1	0	0	0	0	-1
20309016	-1	-1	-1	0	1	1	-1	0	0	0	0	-1
20309017	-1	-1	-1	0	1	1	-1	0	0	0	0	-1
20309018	-1	-1	-1	0	1	1	-1	0	0	0	0	-1
20309019	-1	-1	-1	0	1	1	-1	0	0	0	0	-1
20309020	-1	-1	-1	0	1	1	-1	0	0	0	0	-1
20309021	-1	-1	-1	0	1	1	-1	0	0	0	0	-1
20309022	-1	-1	-1	0	1	1	-1	0	0	0	0	-1
20309023	-1	-1	-1	0	1	1	-1	0	0	0	0	-1
20309024	-1	-1	-1	0	1	1	-1	0	0	0	0	-1
20309025	-1	-1	-1	0	1	1	-1	0	0	0	0	-1
20310113	-1	-1	-1	0	0	0	-1	0	0	2	0	-1
20310115	-1	-1	-1	0	0	0	-1	0	0	3	0	-1
20310117	-1	-1	-1	0	0	0	-1	0	0	4	0	-1
20310118	-1	-1	-1	0	0	0	-1	0	0	4	0	-1
20310119	-1	-1	-1	0	0	0	-1	0	0	4	0	-1
20310120	-1	-1	-1	0	0	0	-1	0	0	4	0	-1
20310121	-1	-1	-1	0	0	0	-1	0	0	4	0	-1
20310122	-1	-1	-1	0	0	0	-1	0	0	4	0	-1
20310123	-1	-1	-1	0	0	0	-1	0	0	4	0	-1
20310124	-1	-1	-1	0	0	0	-1	0	0	4	0	-1
20310125	-1	-1	-1	0	0	0	-1	0	0	4	0	-1
20310126	-1	-1	-1	0	0	0	-1	0	0	4	0	-1
20310127	-1	-1	-1	0	0	0	-1	0	0	4	0	-1
20310128	-1	-1	-1	0	0	0	-1	0	0	4	0	-1
20310129	-1	-1	-1	0	0	0	-1	0	0	4	0	-1
20310130	-1	-1	-1	0	0	0	-1	0	0	4	0	-1
20310131	-1	-1	-1	0	0	0	-1	0	0	4	0	-1
20310132	-1	-1	-1	0	0	0	-1	0	0	4	0	-1
20310133	-1	-1	-1	0	0	0	-1	0	0	4	0	-1
20310134	-1	-1	-1	0	0	0	-1	0	0	4	0	-1
20310135	-1	-1	-1	0	0	0	-1	0	0	4	0	-1
20310136	-1	-1	-1	0	0	0	-1	0	0	4	0	-1
20310137	-1	-1	-1	0	0	0	-1	0	0	4	0	-1
20310138	-1	-1	-1	0	0	0	-1	0	0	4	0	-1
20310139	-1	-1	-1	0	0	0	-1	0	0	4	0	-1
20310140	-1	-1	-1	0	0	0	-1	0	0	4	0	-1
20310141	-1	-1	-1	0	0	0	-1	0	0	4	0	-1
20310142	-1	-1	-1	0	0	0	-1	0	0	4	0	-1
20310143	-1	-1	-1	0	0	0	-1	0	0	4	0	-1
20310144	-1	-1	-1	0	0	0	-1	0	0	4	0	-1
20310145	-1	-1	-1	0	0	0	-1	0	0	4	0	-1
20310146	-1	-1	-1	0	0	0	-1	0	0	4	0	-1
20310147	-1	-1	-1	0	0	0	-1	0	0	4	0	-1
20310148	-1	-1	-1	0	0	0	-1	0	0	4	0	-1
20310149	-1	-1	-1	0	0	0	-1	0	0	4	0	-1
20310150	-1	-1	-1	0	0	0	-1	0	0	4	0	-1
20310151	-1	-1	-1	0	0	0	-1	0	0	4	0	-1
20310152	-1	-1	-1	0	0	0	-1	0	0	4	0	-1
20310153	-1	-1	-1	0	0	0	-1	0	0	4	0	-1
20310154	-1	-1	-1	0	0	0	-1	0	0	4	0	-1
20310155	-1	-1	-1	0	0	0	-1	0	0	4	0	-1
20310156	-1	-1	-1	0	0	0	-1	0	0	4	0	-1
20310157	-1	-1	-1	0	0	0	-1	0	0	4	0	-1
20310160	-1	-1	-1	0	0	0	-1	0	0	3	0	-1
20310166	-1	-1	-1	0	0	0	-1	0	0	2	0	-1
20310172	-1	-1	-1	0	0	0	-1	0	0	2	0	-1
20310192	-1	2005	-1	0	1	1	-1	0	0	0	0	-1
20700008	24	-1	-1	0	1	1	-1	0	0	0	0	-1
20700009	24	-1	-1	0	1	1	-1	0	0	0	0	-1
20700011	-1	-1	-1	0	1	1	-1	0	0	0	0	-1
20700012	-1	-1	-1	0	1	1	-1	0	0	0	0	-1
20800000	-1	-1	-1	0	1	1	-1	0	0	0	0	-1
20800001	-1	-1	-1	0	1	1	-1	0	0	0	0	-1
20800002	-1	-1	-1	0	1	1	-1	0	0	0	0	-1
20800003	-1	-1	-1	0	1	1	-1	0	0	0	0	-1
20800004	-1	-1	-1	0	1	1	-1	0	0	0	0	-1
20800005	-1	-1	-1	0	1	1	-1	0	0	0	0	-1
20800006	-1	-1	-1	0	1	1	-1	0	0	0	0	-1
20800007	-1	-1	-1	0	1	1	-1	0	0	0	0	-1
20800008	-1	-1	-1	0	1	1	-1	0	0	0	0	-1
20800009	-1	-1	-1	0	1	1	-1	0	0	0	0	-1
20800010	-1	-1	-1	0	1	1	-1	0	0	0	0	-1
20800011	-1	-1	-1	0	1	1	-1	0	0	0	0	-1
20800012	-1	-1	-1	0	1	1	-1	0	0	0	0	-1
20800013	-1	-1	-1	0	1	1	-1	0	0	0	0	-1
20800014	-1	-1	-1	0	1	1	-1	0	0	0	0	-1
20800015	-1	-1	-1	0	1	1	-1	0	0	0	0	-1
20800016	-1	-1	-1	0	1	1	-1	0	0	0	0	-1
20800017	-1	-1	-1	0	1	1	-1	0	0	0	0	-1
20800022	-1	-1	-1	0	1	1	-1	0	0	0	0	-1
20900001	-1	-1	-1	0	1	1	-1	0	0	0	0	-1
20900002	-1	-1	-1	0	1	1	-1	0	0	0	0	-1
20900003	-1	-1	-1	0	1	1	-1	0	0	0	0	-1
20900004	-1	-1	-1	0	1	1	-1	0	0	0	0	-1
20900005	-1	-1	-1	0	1	1	-1	0	0	0	0	-1
20900006	-1	-1	-1	0	1	1	-1	0	0	0	0	-1
20900007	-1	-1	-1	0	1	1	-1	0	0	0	0	-1
20900008	-1	-1	-1	0	1	1	-1	0	0	0	0	-1
30001001	-1	-1	-1	0	1	1	-1	0	0	0	0	-1
30001002	-1	-1	-1	0	1	1	-1	0	0	0	0	-1
30001003	-1	-1	-1	0	1	1	-1	0	0	0	0	-1
30001004	-1	-1	-1	0	1	1	-1	0	0	0	0	-1
30001005	-1	-1	-1	0	1	1	-1	0	0	0	0	-1
30001006	-1	-1	-1	0	1	1	-1	0	0	0	0	-1
30001007	-1	-1	-1	0	1	1	-1	0	0	0	0	-1
30001008	-1	-1	-1	0	1	1	-1	0	0	0	0	-1
30001009	-1	-1	-1	0	1	1	-1	0	0	0	0	-1
30001010	-1	-1	-1	0	1	1	-1	0	0	0	0	-1
30001011	-1	-1	-1	0	1	1	-1	0	0	0	0	-1
30001012	-1	-1	-1	0	1	1	-1	0	0	0	0	-1
30001013	-1	-1	-1	0	1	1	-1	0	0	0	0	-1
30001014	-1	-1	-1	0	1	1	-1	0	0	0	0	-1
30001015	-1	-1	-1	0	1	1	-1	0	0	0	0	-1
30001016	-1	-1	-1	0	1	1	-1	0	0	0	0	-1
30001017	-1	-1	-1	0	1	1	-1	0	0	0	0	-1
30001018	-1	-1	-1	0	1	1	-1	0	0	0	0	-1
30001019	-1	-1	-1	0	1	1	-1	0	0	0	0	-1
30001020	-1	-1	-1	0	1	1	-1	0	0	0	0	-1
30001021	-1	-1	-1	0	1	1	-1	0	0	0	0	-1
30001022	-1	-1	-1	0	1	1	-1	0	0	0	0	-1
30001023	-1	-1	-1	0	1	1	-1	0	0	0	0	-1
30001024	-1	-1	-1	0	1	1	-1	0	0	0	0	-1
30001025	-1	-1	-1	0	1	1	-1	0	0	0	0	-1
30001026	-1	-1	-1	0	1	1	-1	0	0	0	0	-1
30001027	-1	-1	-1	0	1	1	-1	0	0	0	0	-1
30001028	-1	-1	-1	0	1	1	-1	0	0	0	0	-1
30001029	-1	-1	-1	0	1	1	-1	0	0	0	0	-1
30001030	-1	-1	-1	0	1	1	-1	0	0	0	0	-1
30002001	-1	-1	-1	0	1	1	-1	0	0	0	0	-1
30002002	-1	-1	-1	0	1	1	-1	0	0	0	0	-1
30002003	-1	-1	-1	0	1	1	-1	0	0	0	0	-1
30002004	-1	-1	-1	0	1	1	-1	0	0	0	0	-1
30002005	-1	-1	-1	0	1	1	-1	0	0	0	0	-1
30002006	-1	-1	-1	0	1	1	-1	0	0	0	0	-1
30002007	-1	-1	-1	0	1	1	-1	0	0	0	0	-1
30002008	-1	-1	-1	0	1	1	-1	0	0	0	0	-1
30002009	-1	-1	-1	0	1	1	-1	0	0	0	0	-1
30002010	-1	-1	-1	0	1	1	-1	0	0	0	0	-1
30002011	-1	-1	-1	0	1	1	-1	0	0	0	0	-1
30002012	-1	-1	-1	0	1	1	-1	0	0	0	0	-1
30002013	-1	-1	-1	0	1	1	-1	0	0	0	0	-1
30002014	-1	-1	-1	0	1	1	-1	0	0	0	0	-1
30002015	-1	-1	-1	0	1	1	-1	0	0	0	0	-1
30002016	-1	-1	-1	0	1	1	-1	0	0	0	0	-1
30002017	-1	-1	-1	0	1	1	-1	0	0	0	0	-1
30002018	-1	-1	-1	0	1	1	-1	0	0	0	0	-1
30002019	-1	-1	-1	0	1	1	-1	0	0	0	0	-1
30002020	-1	-1	-1	0	1	1	-1	0	0	0	0	-1
30002021	-1	-1	-1	0	1	1	-1	0	0	0	0	-1
30002022	-1	-1	-1	0	1	1	-1	0	0	0	0	-1
30002023	-1	-1	-1	0	1	1	-1	0	0	0	0	-1
30002024	-1	-1	-1	0	1	1	-1	0	0	0	0	-1
30002025	-1	-1	-1	0	1	1	-1	0	0	0	0	-1
30002026	-1	-1	-1	0	1	1	-1	0	0	0	0	-1
30002027	-1	-1	-1	0	1	1	-1	0	0	0	0	-1
30002028	-1	-1	-1	0	1	1	-1	0	0	0	0	-1
30002029	-1	-1	-1	0	1	1	-1	0	0	0	0	-1
30002030	-1	-1	-1	0	1	1	-1	0	0	0	0	-1
30003001	-1	-1	-1	0	1	1	-1	0	0	0	0	-1
30003002	-1	-1	-1	0	1	1	-1	0	0	0	0	-1
30003003	-1	-1	-1	0	1	1	-1	0	0	0	0	-1
30003004	-1	-1	-1	0	1	1	-1	0	0	0	0	-1
30003005	-1	-1	-1	0	1	1	-1	0	0	0	0	-1
30003006	-1	-1	-1	0	1	1	-1	0	0	0	0	-1
30003007	-1	-1	-1	0	1	1	-1	0	0	0	0	-1
30003008	-1	-1	-1	0	1	1	-1	0	0	0	0	-1
30003009	-1	-1	-1	0	1	1	-1	0	0	0	0	-1
30003010	-1	-1	-1	0	1	1	-1	0	0	0	0	-1
30003011	-1	-1	-1	0	1	1	-1	0	0	0	0	-1
30003012	-1	-1	-1	0	1	1	-1	0	0	0	0	-1
30003013	-1	-1	-1	0	1	1	-1	0	0	0	0	-1
30003014	-1	-1	-1	0	1	1	-1	0	0	0	0	-1
30003015	-1	-1	-1	0	1	1	-1	0	0	0	0	-1
30003016	-1	-1	-1	0	1	1	-1	0	0	0	0	-1
30003017	-1	-1	-1	0	1	1	-1	0	0	0	0	-1
30003018	-1	-1	-1	0	1	1	-1	0	0	0	0	-1
30003019	-1	-1	-1	0	1	1	-1	0	0	0	0	-1
30003020	-1	-1	-1	0	1	1	-1	0	0	0	0	-1
30003021	-1	-1	-1	0	1	1	-1	0	0	0	0	-1
30003022	-1	-1	-1	0	1	1	-1	0	0	0	0	-1
30003023	-1	-1	-1	0	1	1	-1	0	0	0	0	-1
30003024	-1	-1	-1	0	1	1	-1	0	0	0	0	-1
30003025	-1	-1	-1	0	1	1	-1	0	0	0	0	-1
30003026	-1	-1	-1	0	1	1	-1	0	0	0	0	-1
30003027	-1	-1	-1	0	1	1	-1	0	0	0	0	-1
30003028	-1	-1	-1	0	1	1	-1	0	0	0	0	-1
30003029	-1	-1	-1	0	1	1	-1	0	0	0	0	-1
30003030	-1	-1	-1	0	1	1	-1	0	0	0	0	-1
30003031	-1	-1	-1	0	1	1	-1	0	0	0	0	-1
30003032	-1	-1	-1	0	1	1	-1	0	0	0	0	-1
30003033	-1	-1	-1	0	1	1	-1	0	0	0	0	-1
30003034	-1	-1	-1	0	1	1	-1	0	0	0	0	-1
30003035	-1	-1	-1	0	1	1	-1	0	0	0	0	-1
30003036	-1	-1	-1	0	1	1	-1	0	0	0	0	-1
30003037	-1	-1	-1	0	1	1	-1	0	0	0	0	-1
30003038	-1	-1	-1	0	1	1	-1	0	0	0	0	-1
30003039	-1	-1	-1	0	1	1	-1	0	0	0	0	-1
30003040	-1	-1	-1	0	1	1	-1	0	0	0	0	-1
30003100	-1	-1	-1	0	1	1	-1	0	0	0	0	-1
30003101	-1	-1	-1	0	1	1	-1	0	0	0	0	-1
30007010	-1	-1	-1	0	1	1	-1	0	0	0	0	-1
30007011	-1	-1	-1	0	1	1	-1	0	0	0	0	-1
30007012	-1	-1	-1	0	1	1	-1	0	0	0	0	-1
30007013	-1	-1	-1	0	1	1	-1	0	0	0	0	-1
30007014	-1	-1	-1	0	1	1	-1	0	0	0	0	-1
30007015	-1	-1	-1	0	1	1	-1	0	0	0	0	-1
30007016	-1	-1	-1	0	1	1	-1	0	0	0	0	-1
30007017	-1	-1	-1	0	1	1	-1	0	0	0	0	-1
30007018	-1	-1	-1	0	1	1	-1	0	0	0	0	-1
30007019	-1	-1	-1	0	1	1	-1	0	0	0	0	-1
30007020	-1	-1	-1	0	1	1	-1	0	0	0	0	-1
30007021	-1	-1	-1	0	1	1	-1	0	0	0	0	-1
30007022	-1	-1	-1	0	1	1	-1	0	0	0	0	-1
30007023	-1	-1	-1	0	1	1	-1	0	0	0	0	-1
30007024	-1	-1	-1	0	1	1	-1	0	0	0	0	-1
30007025	-1	-1	-1	0	1	1	-1	0	0	0	0	-1
30007026	-1	-1	-1	0	1	1	-1	0	0	0	0	-1
30007027	-1	-1	-1	0	1	1	-1	0	0	0	0	-1
30007028	-1	-1	-1	0	1	1	-1	0	0	0	0	-1
30007029	-1	-1	-1	0	1	1	-1	0	0	0	0	-1
30007030	-1	-1	-1	0	1	1	-1	0	0	0	0	-1
30007031	-1	-1	-1	0	1	1	-1	0	0	0	0	-1
30007032	-1	-1	-1	0	1	1	-1	0	0	0	0	-1
30007033	-1	-1	-1	0	1	1	-1	0	0	0	0	-1
30007034	-1	-1	-1	0	1	1	-1	0	0	0	0	-1
30007035	-1	-1	-1	0	1	1	-1	0	0	0	0	-1
30007036	-1	-1	-1	0	1	1	-1	0	0	0	0	-1
30007037	-1	-1	-1	0	1	1	-1	0	0	0	0	-1
30007038	-1	-1	-1	0	1	1	-1	0	0	0	0	-1
30007039	-1	-1	-1	0	1	1	-1	0	0	0	0	-1
30007040	-1	-1	-1	0	1	1	-1	0	0	0	0	-1
30007041	-1	-1	-1	0	1	1	-1	0	0	0	0	-1
30007042	-1	-1	-1	0	1	1	-1	0	0	0	0	-1
30007043	-1	-1	-1	0	1	1	-1	0	0	0	0	-1
30007044	-1	-1	-1	0	1	1	-1	0	0	0	1	-1
30007045	-1	-1	-1	0	1	1	-1	0	0	0	0	-1
30007046	-1	-1	-1	0	1	1	-1	0	0	0	0	-1
30007047	-1	-1	-1	0	1	1	-1	0	0	0	0	-1
30008031	-1	-1	-1	0	1	1	-1	0	0	0	0	-1
30008045	168	-1	-1	0	1	0	-1	0	0	0	0	-1
30008052	168	-1	-1	0	1	0	-1	0	0	0	0	-1
30008059	-1	-1	-1	0	1	1	-1	0	0	0	0	-1
30008060	-1	-1	-1	0	1	1	-1	0	0	0	0	-1
30008061	-1	-1	-1	0	1	1	-1	0	0	0	0	-1
30008062	-1	-1	-1	0	1	1	-1	0	0	0	0	-1
30008063	-1	-1	-1	0	1	1	-1	0	0	0	0	-1
30008064	-1	-1	-1	0	1	1	-1	0	0	0	0	-1
30008065	-1	-1	-1	0	1	1	-1	0	0	0	0	-1
30008066	-1	-1	-1	0	1	1	-1	0	0	0	0	-1
30008069	-1	-1	-1	0	0	1	-1	0	0	2	0	-1
30008080	-1	-1	-1	0	1	1	-1	0	0	0	0	-1
30008100	-1	-1	-1	0	1	1	-1	0	0	0	0	-1
30008102	-1	-1	-1	0	1	1	-1	0	0	0	0	-1
30008103	-1	-1	-1	0	1	1	-1	0	0	0	0	-1
30008115	-1	-1	-1	0	1	1	-1	0	0	0	1	-1
30008238	-1	-1	-1	0	1	1	-1	0	0	0	1	-1
30101023	-1	-1	-1	0	1	1	-1	0	0	0	0	-1
30101024	-1	-1	-1	0	1	1	-1	0	0	0	0	-1
30101031	-1	-1	-1	0	1	1	-1	0	0	0	0	-1
30101032	-1	-1	-1	0	1	1	-1	0	0	0	0	-1
30101033	-1	-1	-1	0	1	1	-1	0	0	0	0	-1
30101034	-1	-1	-1	0	1	1	-1	0	0	0	0	-1
30101035	-1	-1	-1	0	1	1	-1	0	0	0	0	-1
30101036	-1	-1	-1	0	1	1	-1	0	0	0	0	-1
30101037	-1	-1	-1	0	1	1	-1	0	0	0	0	-1
30101038	-1	-1	-1	0	1	1	-1	0	0	0	0	-1
30101039	-1	-1	-1	0	1	1	-1	0	0	0	0	-1
30101040	-1	-1	-1	0	1	1	-1	0	0	0	0	-1
30101041	-1	-1	-1	0	1	1	-1	0	0	0	0	-1
30101042	-1	-1	-1	0	1	1	-1	0	0	0	0	-1
30101043	-1	-1	-1	0	1	1	-1	0	0	0	0	-1
30101044	-1	-1	-1	0	1	1	-1	0	0	0	0	-1
30101045	-1	-1	-1	0	1	1	-1	0	0	0	0	-1
30101046	-1	-1	-1	0	1	1	-1	0	0	0	0	-1
30101047	-1	-1	-1	0	1	1	-1	0	0	0	0	-1
30101048	-1	-1	-1	0	1	1	-1	0	0	0	0	-1
30101049	-1	-1	-1	0	1	1	-1	0	0	0	0	-1
30101050	-1	-1	-1	0	1	1	-1	0	0	0	0	-1
30101115	-1	-1	-1	0	1	1	-1	0	0	0	0	-1
30101116	-1	-1	-1	0	1	1	-1	0	0	0	0	-1
30101117	-1	-1	-1	0	1	1	-1	0	0	0	0	-1
30101118	-1	-1	-1	0	1	1	-1	0	0	0	0	-1
30101119	-1	-1	-1	0	1	1	-1	0	0	0	0	-1
30101120	-1	-1	-1	0	1	1	-1	0	0	0	0	-1
30101121	-1	-1	-1	0	1	1	-1	0	0	0	0	-1
30101122	-1	-1	-1	0	1	1	-1	0	0	0	0	-1
30101123	-1	-1	-1	0	1	1	-1	0	0	0	0	-1
30101124	-1	-1	-1	0	1	1	-1	0	0	0	0	-1
30101125	-1	-1	-1	0	1	1	-1	0	0	0	0	-1
30101126	-1	-1	-1	0	1	1	-1	0	0	0	0	-1
30101127	-1	-1	-1	0	1	1	-1	0	0	0	0	-1
30101128	-1	-1	-1	0	1	1	-1	0	0	0	0	-1
30101129	-1	-1	-1	0	1	1	-1	0	0	0	0	-1
30101130	-1	-1	-1	0	1	1	-1	0	0	0	0	-1
30101131	-1	-1	-1	0	1	1	-1	0	0	0	0	-1
30101132	-1	-1	-1	0	1	1	-1	0	0	0	0	-1
30101133	-1	-1	-1	0	1	1	-1	0	0	0	0	-1
30101134	-1	-1	-1	0	1	1	-1	0	0	0	0	-1
30103058	-1	-1	-1	0	1	1	-1	0	0	0	0	-1
30103059	-1	-1	-1	0	1	1	-1	0	0	0	0	-1
30103060	-1	-1	-1	0	1	1	-1	0	0	0	0	-1
30103065	168	-1	-1	0	1	1	-1	0	0	0	0	-1
30103066	72	-1	-1	0	1	1	-1	0	0	0	0	-1
30103067	72	-1	-1	0	1	1	-1	0	0	0	0	-1
30103068	72	-1	-1	0	1	1	-1	0	0	0	0	-1
30103069	72	-1	-1	0	1	1	-1	0	0	0	0	-1
30103070	168	-1	-1	0	1	1	-1	0	0	0	0	-1
30103071	360	-1	-1	0	1	1	-1	0	0	0	0	-1
30103072	168	-1	-1	0	1	1	-1	0	0	0	0	-1
30103073	360	-1	-1	0	1	1	-1	0	0	0	0	-1
30103074	168	-1	-1	0	1	1	-1	0	0	0	0	-1
30103075	360	-1	-1	0	1	1	-1	0	0	0	0	-1
30103076	720	-1	-1	0	1	1	-1	0	0	0	0	-1
30103077	72	-1	-1	0	1	1	-1	0	0	0	0	-1
30103078	72	-1	-1	0	1	1	-1	0	0	0	0	-1
30103079	168	-1	-1	0	1	1	-1	0	0	0	0	-1
30103080	8640	-1	-1	0	1	1	-1	0	0	0	0	-1
30103081	168	-1	-1	0	1	1	-1	0	0	0	0	-1
30103082	720	-1	-1	0	1	1	-1	0	0	0	0	-1
30103083	168	-1	-1	0	1	1	-1	0	0	0	0	-1
30103084	-1	-1	-1	0	1	1	-1	0	0	0	0	-1
30103085	-1	-1	-1	0	1	1	-1	0	0	0	0	-1
30103087	672	-1	-1	0	1	1	-1	0	0	0	0	-1
30103088	672	-1	-1	0	1	1	-1	0	0	0	0	-1
30103089	-1	-1	-1	0	1	1	-1	0	0	0	0	-1
30103090	-1	-1	-1	0	1	1	-1	0	0	0	0	-1
30103091	-1	-1	-1	0	1	1	-1	0	0	0	0	-1
30103092	-1	-1	-1	0	1	1	-1	0	0	0	0	-1
30103093	-1	-1	-1	0	1	1	-1	0	0	0	0	-1
30103094	-1	-1	-1	0	1	1	-1	0	0	0	0	-1
30103095	-1	-1	-1	0	1	1	-1	0	0	0	0	-1
30103096	-1	-1	-1	0	1	1	-1	0	0	0	0	-1
30103097	-1	-1	-1	0	1	1	-1	0	0	0	0	-1
30103098	-1	-1	-1	0	1	1	-1	0	0	0	0	-1
30103099	-1	-1	-1	0	1	1	-1	0	0	0	0	-1
30103100	-1	-1	-1	0	1	1	-1	0	0	0	0	-1
30103101	-1	-1	-1	0	1	1	-1	0	0	0	0	-1
30103102	-1	-1	-1	0	1	1	-1	0	0	0	0	-1
30103103	-1	-1	-1	0	1	1	-1	0	0	0	0	-1
30103104	-1	-1	-1	0	1	1	-1	0	0	0	0	-1
30103105	-1	-1	-1	0	1	1	-1	0	0	0	0	-1
30103106	-1	-1	-1	0	1	1	-1	0	0	0	0	-1
30103107	-1	-1	-1	0	1	1	-1	0	0	0	0	-1
30103108	-1	-1	-1	0	1	1	-1	0	0	0	0	-1
30103109	-1	-1	-1	0	1	1	-1	0	0	0	0	-1
30103110	-1	-1	-1	0	1	1	-1	0	0	0	0	-1
30103111	-1	-1	-1	0	1	1	-1	0	0	0	0	-1
30103113	-1	-1	-1	0	1	1	-1	0	0	0	0	-1
30103114	-1	-1	-1	0	1	1	-1	0	0	0	0	-1
30103115	-1	-1	-1	0	1	1	-1	0	0	0	0	-1
30103116	-1	-1	-1	0	1	1	-1	0	0	0	0	-1
30103118	-1	-1	-1	0	1	1	-1	0	0	0	0	-1
30103119	-1	-1	-1	0	1	1	-1	0	0	0	0	-1
30103120	-1	-1	-1	0	1	1	-1	0	0	0	0	-1
30103121	-1	-1	-1	0	1	1	-1	0	0	0	0	-1
30103122	-1	-1	-1	0	1	1	-1	0	0	0	0	-1
30103123	-1	-1	-1	0	1	1	-1	0	0	0	1	-1
30103124	-1	-1	-1	0	1	1	-1	0	0	0	0	-1
30103125	24	-1	-1	0	1	1	-1	0	0	0	0	-1
30120001	720	-1	-1	0	1	1	-1	0	0	0	0	-1
30120002	720	-1	-1	0	1	1	-1	0	0	0	0	-1
30120003	720	-1	-1	0	1	1	-1	0	0	0	0	-1
30120004	720	-1	-1	0	1	1	-1	0	0	0	0	-1
30120005	720	-1	-1	0	1	1	-1	0	0	0	0	-1
30120006	720	-1	-1	0	1	1	-1	0	0	0	0	-1
30120007	720	-1	-1	0	1	1	-1	0	0	0	0	-1
30120008	720	-1	-1	0	1	1	-1	0	0	0	0	-1
30120009	720	-1	-1	0	1	1	-1	0	0	0	0	-1
30120010	720	-1	-1	0	1	1	-1	0	0	0	0	-1
30120011	720	-1	-1	0	1	1	-1	0	0	0	0	-1
30120012	720	-1	-1	0	1	1	-1	0	0	0	0	-1
30120013	720	-1	-1	0	1	1	-1	0	0	0	0	-1
30120014	720	-1	-1	0	1	1	-1	0	0	0	0	-1
30120015	720	-1	-1	0	1	1	-1	0	0	0	0	-1
30120016	720	-1	-1	0	1	1	-1	0	0	0	0	-1
30120017	720	-1	-1	0	1	1	-1	0	0	0	0	-1
30120018	720	-1	-1	0	1	1	-1	0	0	0	0	-1
30120019	720	-1	-1	0	1	1	-1	0	0	0	0	-1
30120020	720	-1	-1	0	1	1	-1	0	0	0	0	-1
30120021	720	-1	-1	0	1	1	-1	0	0	0	0	-1
30120022	720	-1	-1	0	1	1	-1	0	0	0	0	-1
30120023	720	-1	-1	0	1	1	-1	0	0	0	0	-1
30120024	720	-1	-1	0	1	1	-1	0	0	0	0	-1
30120025	720	-1	-1	0	1	1	-1	0	0	0	0	-1
30120026	720	-1	-1	0	1	1	-1	0	0	0	0	-1
30120027	720	-1	-1	0	1	1	-1	0	0	0	0	-1
30120028	720	-1	-1	0	1	1	-1	0	0	0	0	-1
30120029	720	-1	-1	0	1	1	-1	0	0	0	0	-1
30120030	720	-1	-1	0	1	1	-1	0	0	0	0	-1
30120031	720	-1	-1	0	1	1	-1	0	0	0	0	-1
30120032	720	-1	-1	0	1	1	-1	0	0	0	0	-1
30120033	720	-1	-1	0	1	1	-1	0	0	0	0	-1
30120034	720	-1	-1	0	1	1	-1	0	0	0	0	-1
30120035	720	-1	-1	0	1	1	-1	0	0	0	0	-1
30120036	720	-1	-1	0	1	1	-1	0	0	0	0	-1
30120037	720	-1	-1	0	1	1	-1	0	0	0	0	-1
30120038	720	-1	-1	0	1	1	-1	0	0	0	0	-1
30120039	720	-1	-1	0	1	1	-1	0	0	0	0	-1
30120040	720	-1	-1	0	1	1	-1	0	0	0	0	-1
30120041	720	-1	-1	0	1	1	-1	0	0	0	0	-1
30120042	720	-1	-1	0	1	1	-1	0	0	0	0	-1
30120043	720	-1	-1	0	1	1	-1	0	0	0	0	-1
30120044	720	-1	-1	0	1	1	-1	0	0	0	0	-1
30120045	720	-1	-1	0	1	1	-1	0	0	0	0	-1
30120046	720	-1	-1	0	1	1	-1	0	0	0	0	-1
30120047	720	-1	-1	0	1	1	-1	0	0	0	0	-1
30120048	720	-1	-1	0	1	1	-1	0	0	0	0	-1
30120049	720	-1	-1	0	1	1	-1	0	0	0	0	-1
30120050	720	-1	-1	0	1	1	-1	0	0	0	0	-1
30120051	720	-1	-1	0	1	1	-1	0	0	0	0	-1
30120052	720	-1	-1	0	1	1	-1	0	0	0	0	-1
30120053	720	-1	-1	0	1	1	-1	0	0	0	0	-1
30120054	720	-1	-1	0	1	1	-1	0	0	0	0	-1
30120055	720	-1	-1	0	1	1	-1	0	0	0	0	-1
30120056	720	-1	-1	0	1	1	-1	0	0	0	0	-1
30120066	720	-1	-1	0	1	1	-1	0	0	0	0	-1
30120067	720	-1	-1	0	1	1	-1	0	0	0	0	-1
30120068	720	-1	-1	0	1	1	-1	0	0	0	0	-1
30120069	720	-1	-1	0	1	1	-1	0	0	0	0	-1
30120070	720	-1	-1	0	1	1	-1	0	0	0	0	-1
30120071	720	-1	-1	0	1	1	-1	0	0	0	0	-1
30120072	720	-1	-1	0	1	1	-1	0	0	0	0	-1
30120073	720	-1	-1	0	1	1	-1	0	0	0	0	-1
30120074	720	-1	-1	0	1	1	-1	0	0	0	0	-1
30120075	720	-1	-1	0	1	1	-1	0	0	0	0	-1
30120076	720	-1	-1	0	1	1	-1	0	0	0	0	-1
30120077	720	-1	-1	0	1	1	-1	0	0	0	0	-1
30120082	720	-1	-1	0	1	1	-1	0	0	0	0	-1
30120083	720	-1	-1	0	1	1	-1	0	0	0	0	-1
30120084	720	-1	-1	0	1	1	-1	0	0	0	0	-1
30120085	720	-1	-1	0	1	1	-1	0	0	0	0	-1
30120086	720	-1	-1	0	1	1	-1	0	0	0	0	-1
30120087	720	-1	-1	0	1	1	-1	0	0	0	0	-1
30120088	720	-1	-1	0	1	1	-1	0	0	0	0	-1
30120089	720	-1	-1	0	1	1	-1	0	0	0	0	-1
30120113	720	-1	-1	0	1	1	-1	0	0	0	0	-1
30120114	720	-1	-1	0	1	1	-1	0	0	0	0	-1
30120115	720	-1	-1	0	1	1	-1	0	0	0	0	-1
30120116	720	-1	-1	0	1	1	-1	0	0	0	0	-1
30120117	720	-1	-1	0	1	1	-1	0	0	0	0	-1
30120118	720	-1	-1	0	1	1	-1	0	0	0	0	-1
30120119	720	-1	-1	0	1	1	-1	0	0	0	0	-1
30120120	720	-1	-1	0	1	1	-1	0	0	0	0	-1
30120121	720	-1	-1	0	1	1	-1	0	0	0	0	-1
30120122	720	-1	-1	0	1	1	-1	0	0	0	0	-1
30120123	720	-1	-1	0	1	1	-1	0	0	0	0	-1
30120124	720	-1	-1	0	1	1	-1	0	0	0	0	-1
30120125	720	-1	-1	0	1	1	-1	0	0	0	0	-1
30120126	720	-1	-1	0	1	1	-1	0	0	0	0	-1
30120127	720	-1	-1	0	1	1	-1	0	0	0	0	-1
30120128	720	-1	-1	0	1	1	-1	0	0	0	0	-1
30120129	720	-1	-1	0	1	1	-1	0	0	0	0	-1
30120130	720	-1	-1	0	1	1	-1	0	0	0	0	-1
30120131	720	-1	-1	0	1	1	-1	0	0	0	0	-1
30120132	720	-1	-1	0	1	1	-1	0	0	0	0	-1
30120133	720	-1	-1	0	1	1	-1	0	0	0	0	-1
30120134	720	-1	-1	0	1	1	-1	0	0	0	0	-1
30120135	720	-1	-1	0	1	1	-1	0	0	0	0	-1
30120136	720	-1	-1	0	1	1	-1	0	0	0	0	-1
30120137	720	-1	-1	0	1	1	-1	0	0	0	0	-1
30120138	720	-1	-1	0	1	1	-1	0	0	0	0	-1
30120139	720	-1	-1	0	1	1	-1	0	0	0	0	-1
30120140	720	-1	-1	0	1	1	-1	0	0	0	0	-1
30120141	720	-1	-1	0	1	1	-1	0	0	0	0	-1
30120142	720	-1	-1	0	1	1	-1	0	0	0	0	-1
30120143	720	-1	-1	0	1	1	-1	0	0	0	0	-1
30120144	720	-1	-1	0	1	1	-1	0	0	0	0	-1
30120145	720	-1	-1	0	1	1	-1	0	0	0	0	-1
30120146	720	-1	-1	0	1	1	-1	0	0	0	0	-1
30120147	720	-1	-1	0	1	1	-1	0	0	0	0	-1
30120148	720	-1	-1	0	1	1	-1	0	0	0	0	-1
30120149	720	-1	-1	0	1	1	-1	0	0	0	0	-1
30301160	-1	-1	-1	0	1	1	-1	0	0	0	0	-1
30301161	-1	-1	-1	0	1	1	-1	0	0	0	0	-1
30301162	-1	-1	-1	0	1	1	-1	0	0	0	0	-1
30301163	-1	-1	-1	0	1	1	-1	0	0	0	0	-1
30301164	-1	-1	-1	0	1	1	-1	0	0	0	0	-1
30301165	-1	-1	-1	0	1	1	-1	0	0	0	0	-1
30301166	-1	-1	-1	0	1	1	-1	0	0	0	0	-1
30301167	-1	-1	-1	0	1	1	-1	0	0	0	0	-1
30301168	-1	-1	-1	0	1	1	-1	0	0	0	0	-1
30301169	-1	-1	-1	0	1	1	-1	0	0	0	0	-1
30301170	-1	-1	-1	0	1	1	-1	0	0	0	0	-1
30301171	-1	-1	-1	0	1	1	-1	0	0	0	0	-1
30301172	-1	-1	-1	0	1	1	-1	0	0	0	0	-1
30301173	-1	-1	-1	0	1	1	-1	0	0	0	0	-1
30301174	-1	-1	-1	0	1	1	-1	0	0	0	0	-1
30301175	-1	-1	-1	0	1	1	-1	0	0	0	0	-1
30301176	-1	-1	-1	0	1	1	-1	0	0	0	0	-1
30301177	-1	-1	-1	0	1	1	-1	0	0	0	0	-1
30301178	-1	-1	-1	0	1	1	-1	0	0	0	0	-1
30301179	-1	-1	-1	0	1	1	-1	0	0	0	0	-1
30301180	-1	-1	-1	0	1	1	-1	0	0	0	0	-1
30301181	-1	-1	-1	0	1	1	-1	0	0	0	0	-1
30301182	-1	-1	-1	0	1	1	-1	0	0	0	0	-1
30301183	-1	-1	-1	0	1	1	-1	0	0	0	0	-1
30301184	-1	-1	-1	0	1	1	-1	0	0	0	0	-1
30301185	-1	-1	-1	0	1	1	-1	0	0	0	0	-1
30301186	-1	-1	-1	0	1	1	-1	0	0	0	0	-1
30301187	-1	-1	-1	0	1	1	-1	0	0	0	0	-1
30301188	-1	-1	-1	0	1	1	-1	0	0	0	0	-1
30301189	-1	-1	-1	0	1	1	-1	0	0	0	0	-1
30301190	-1	-1	-1	0	1	1	-1	0	0	0	0	-1
30301191	-1	-1	-1	0	1	1	-1	0	0	0	0	-1
30301192	-1	-1	-1	0	1	1	-1	0	0	0	0	-1
30301193	-1	-1	-1	0	1	1	-1	0	0	0	0	-1
30301194	-1	-1	-1	0	1	1	-1	0	0	0	0	-1
30301195	-1	-1	-1	0	1	1	-1	0	0	0	0	-1
30301196	-1	-1	-1	0	1	1	-1	0	0	0	0	-1
30301197	-1	-1	-1	0	1	1	-1	0	0	0	0	-1
30301198	-1	-1	-1	0	1	1	-1	0	0	0	0	-1
30301199	-1	-1	-1	0	1	1	-1	0	0	0	0	-1
30301200	-1	-1	-1	0	1	1	-1	0	0	0	0	-1
30301201	-1	-1	-1	0	1	1	-1	0	0	0	0	-1
30301202	-1	-1	-1	0	1	1	-1	0	0	0	0	-1
30301203	-1	-1	-1	0	1	1	-1	0	0	0	0	-1
30301204	-1	-1	-1	0	1	1	-1	0	0	0	0	-1
30301205	-1	-1	-1	0	1	1	-1	0	0	0	0	-1
30301206	-1	-1	-1	0	1	1	-1	0	0	0	0	-1
30301207	-1	-1	-1	0	1	1	-1	0	0	0	0	-1
30301208	-1	-1	-1	0	1	1	-1	0	0	0	0	-1
30301209	-1	-1	-1	0	1	1	-1	0	0	0	0	-1
30301210	-1	-1	-1	0	1	1	-1	0	0	0	0	-1
30301211	-1	-1	-1	0	1	1	-1	0	0	0	0	-1
30301212	-1	-1	-1	0	1	1	-1	0	0	0	0	-1
30301213	-1	-1	-1	0	1	1	-1	0	0	0	0	-1
30301214	-1	-1	-1	0	1	1	-1	0	0	0	0	-1
30301215	-1	-1	-1	0	1	1	-1	0	0	0	0	-1
30301216	-1	-1	-1	0	1	1	-1	0	0	0	0	-1
30301217	-1	-1	-1	0	1	1	-1	0	0	0	0	-1
30301218	-1	-1	-1	0	1	1	-1	0	0	0	0	-1
30301219	-1	-1	-1	0	1	1	-1	0	0	0	0	-1
30301220	-1	-1	-1	0	1	1	-1	0	0	0	0	-1
30301221	-1	-1	-1	0	1	1	-1	0	0	0	0	-1
30301222	-1	-1	-1	0	1	1	-1	0	0	0	0	-1
30301223	-1	-1	-1	0	1	1	-1	0	0	0	0	-1
30301224	-1	-1	-1	0	1	1	-1	0	0	0	0	-1
30301225	-1	-1	-1	0	1	1	-1	0	0	0	0	-1
30301226	-1	-1	-1	0	1	1	-1	0	0	0	0	-1
30301227	-1	-1	-1	0	1	1	-1	0	0	0	0	-1
30301228	-1	-1	-1	0	1	1	-1	0	0	0	0	-1
30301229	-1	-1	-1	0	1	1	-1	0	0	0	0	-1
30301230	-1	-1	-1	0	1	1	-1	0	0	0	0	-1
30301231	-1	-1	-1	0	1	1	-1	0	0	0	0	-1
30301232	-1	-1	-1	0	1	1	-1	0	0	0	0	-1
30301233	-1	-1	-1	0	1	1	-1	0	0	0	0	-1
30301234	-1	-1	-1	0	1	1	-1	0	0	0	0	-1
30301235	-1	-1	-1	0	1	1	-1	0	0	0	0	-1
30301236	-1	-1	-1	0	1	1	-1	0	0	0	0	-1
30301237	-1	-1	-1	0	1	1	-1	0	0	0	0	-1
30301238	-1	-1	-1	0	1	1	-1	0	0	0	0	-1
30301239	-1	-1	-1	0	1	1	-1	0	0	0	0	-1
30301240	-1	-1	-1	0	1	1	-1	0	0	0	0	-1
30301241	-1	-1	-1	0	1	1	-1	0	0	0	0	-1
30301242	-1	-1	-1	0	1	1	-1	0	0	0	0	-1
30301243	-1	-1	-1	0	1	1	-1	0	0	0	0	-1
30301244	-1	-1	-1	0	1	1	-1	0	0	0	0	-1
30301245	-1	-1	-1	0	1	1	-1	0	0	0	0	-1
30301246	-1	-1	-1	0	1	1	-1	0	0	0	0	-1
30301247	-1	-1	-1	0	1	1	-1	0	0	0	0	-1
30301248	-1	-1	-1	0	1	1	-1	0	0	0	0	-1
30301249	-1	-1	-1	0	1	1	-1	0	0	0	0	-1
30301250	-1	-1	-1	0	1	1	-1	0	0	0	0	-1
30301251	-1	-1	-1	0	1	1	-1	0	0	0	0	-1
30301252	-1	-1	-1	0	1	1	-1	0	0	0	0	-1
30301253	-1	-1	-1	0	1	1	-1	0	0	0	0	-1
30301254	-1	-1	-1	0	1	1	-1	0	0	0	0	-1
30301255	-1	-1	-1	0	1	1	-1	0	0	0	0	-1
30303001	-1	-1	-1	0	1	1	-1	0	0	0	0	-1
30303002	-1	-1	-1	0	1	1	-1	0	0	0	0	-1
30303003	-1	-1	-1	0	1	1	-1	0	0	0	0	-1
30303051	-1	-1	-1	0	1	1	-1	0	0	0	0	-1
30303052	-1	-1	-1	0	1	1	-1	0	0	0	0	-1
30303053	-1	-1	-1	0	1	1	-1	0	0	0	0	-1
30303100	-1	-1	-1	0	1	1	-1	0	0	0	0	-1
30303101	-1	-1	-1	0	1	1	-1	0	0	0	0	-1
30303102	-1	-1	-1	0	1	1	-1	0	0	0	0	-1
30304030	-1	-1	-1	0	1	1	-1	0	0	0	0	-1
30304031	-1	-1	-1	0	1	1	-1	0	0	0	0	-1
30304032	-1	-1	-1	0	1	1	-1	0	0	0	0	-1
30304033	-1	-1	-1	0	1	1	-1	0	0	0	0	-1
30304034	-1	-1	-1	0	1	1	-1	0	0	0	0	-1
30304035	-1	-1	-1	0	1	1	-1	0	0	0	0	-1
30304036	-1	-1	-1	0	1	1	-1	0	0	0	0	-1
30304037	-1	-1	-1	0	1	1	-1	0	0	0	0	-1
30304038	-1	-1	-1	0	1	1	-1	0	0	0	0	-1
30304089	-1	-1	-1	0	1	1	-1	0	0	0	0	-1
30304090	-1	-1	-1	0	1	1	-1	0	0	0	0	-1
30304091	-1	-1	-1	0	1	1	-1	0	0	0	0	-1
30304092	-1	-1	-1	0	1	1	-1	0	0	0	0	-1
30304093	-1	-1	-1	0	1	1	-1	0	0	0	0	-1
30304094	-1	-1	-1	0	1	1	-1	0	0	0	0	-1
30304095	-1	-1	-1	0	1	1	-1	0	0	0	0	-1
30304096	-1	-1	-1	0	1	1	-1	0	0	0	0	-1
30304097	-1	-1	-1	0	1	1	-1	0	0	0	0	-1
30304098	-1	-1	-1	0	1	1	-1	0	0	0	0	-1
30304099	-1	-1	-1	0	1	1	-1	0	0	0	0	-1
30304100	-1	-1	-1	0	1	1	-1	0	0	0	0	-1
30304101	-1	-1	-1	0	1	1	-1	0	0	0	0	-1
30304102	-1	-1	-1	0	1	1	-1	0	0	0	0	-1
30304103	-1	-1	-1	0	1	1	-1	0	0	0	0	-1
30304104	-1	-1	-1	0	1	1	-1	0	0	0	0	-1
30304105	-1	-1	-1	0	1	1	-1	0	0	0	0	-1
30304106	-1	-1	-1	0	1	1	-1	0	0	0	0	-1
30304107	-1	-1	-1	0	1	1	-1	0	0	0	0	-1
30304108	-1	-1	-1	0	1	1	-1	0	0	0	0	-1
30304109	-1	-1	-1	0	1	1	-1	0	0	0	0	-1
30304110	-1	-1	-1	0	1	1	-1	0	0	0	0	-1
30304111	-1	-1	-1	0	1	1	-1	0	0	0	0	-1
30304112	-1	-1	-1	0	1	1	-1	0	0	0	0	-1
30304113	-1	-1	-1	0	1	1	-1	0	0	0	0	-1
30304114	-1	-1	-1	0	1	1	-1	0	0	0	0	-1
30304115	-1	-1	-1	0	1	1	-1	0	0	0	0	-1
30304116	-1	-1	-1	0	1	1	-1	0	0	0	0	-1
30304117	-1	-1	-1	0	1	1	-1	0	0	0	0	-1
30304118	-1	-1	-1	0	1	1	-1	0	0	0	0	-1
30304119	-1	-1	-1	0	1	1	-1	0	0	0	0	-1
30304120	-1	-1	-1	0	1	1	-1	0	0	0	0	-1
30304121	-1	-1	-1	0	1	1	-1	0	0	0	0	-1
30304122	-1	-1	-1	0	1	1	-1	0	0	0	0	-1
30304123	-1	-1	-1	0	1	1	-1	0	0	0	0	-1
30304124	-1	-1	-1	0	1	1	-1	0	0	0	0	-1
30304125	-1	-1	-1	0	1	1	-1	0	0	0	0	-1
30304126	-1	-1	-1	0	1	1	-1	0	0	0	0	-1
30304127	-1	-1	-1	0	1	1	-1	0	0	0	0	-1
30304128	-1	-1	-1	0	1	1	-1	0	0	0	0	-1
30307223	-1	-1	-1	0	1	1	-1	0	0	0	0	-1
30307224	-1	-1	-1	0	1	1	-1	0	0	0	0	-1
30307225	-1	-1	-1	0	1	1	-1	0	0	0	0	-1
30307226	-1	-1	-1	0	1	1	-1	0	0	0	0	-1
30307227	-1	-1	-1	0	1	1	-1	0	0	0	0	-1
30307228	-1	-1	-1	0	1	1	-1	0	0	0	0	-1
30307229	-1	-1	-1	0	1	1	-1	0	0	0	0	-1
30307230	-1	-1	-1	0	1	1	-1	0	0	0	0	-1
30307231	-1	-1	-1	0	1	1	-1	0	0	0	0	-1
30307232	-1	-1	-1	0	1	1	-1	0	0	0	0	-1
30307233	-1	-1	-1	0	1	1	-1	0	0	0	0	-1
30307234	-1	-1	-1	0	1	1	-1	0	0	0	0	-1
30307235	-1	-1	-1	0	1	1	-1	0	0	0	0	-1
30307236	-1	-1	-1	0	1	1	-1	0	0	0	0	-1
30307237	-1	-1	-1	0	1	1	-1	0	0	0	0	-1
30307238	-1	-1	-1	0	1	1	-1	0	0	0	0	-1
30307239	-1	-1	-1	0	1	1	-1	0	0	0	0	-1
30307240	-1	-1	-1	0	1	1	-1	0	0	0	0	-1
30307241	-1	-1	-1	0	1	1	-1	0	0	0	0	-1
30307242	-1	-1	-1	0	1	1	-1	0	0	0	0	-1
30307243	-1	-1	-1	0	1	1	-1	0	0	0	0	-1
30307244	-1	-1	-1	0	1	1	-1	0	0	0	0	-1
30307245	-1	-1	-1	0	1	1	-1	0	0	0	0	-1
30307246	-1	-1	-1	0	1	1	-1	0	0	0	0	-1
30307247	-1	-1	-1	0	1	1	-1	0	0	0	0	-1
30307248	-1	-1	-1	0	1	1	-1	0	0	0	0	-1
30307249	-1	-1	-1	0	1	1	-1	0	0	0	0	-1
30307250	-1	-1	-1	0	1	1	-1	0	0	0	0	-1
30307251	-1	-1	-1	0	1	1	-1	0	0	0	0	-1
30307252	-1	-1	-1	0	1	1	-1	0	0	0	0	-1
30307253	-1	-1	-1	0	1	1	-1	0	0	0	0	-1
30307254	-1	-1	-1	0	1	1	-1	0	0	0	0	-1
30307255	-1	-1	-1	0	1	1	-1	0	0	0	0	-1
30307256	-1	-1	-1	0	1	1	-1	0	0	0	0	-1
30307257	-1	-1	-1	0	1	1	-1	0	0	0	0	-1
30307258	-1	-1	-1	0	1	1	-1	0	0	0	0	-1
30307259	-1	-1	-1	0	1	1	-1	0	0	0	0	-1
30307260	-1	-1	-1	0	1	1	-1	0	0	0	0	-1
30307261	-1	-1	-1	0	1	1	-1	0	0	0	0	-1
30307262	-1	-1	-1	0	1	1	-1	0	0	0	0	-1
30307263	-1	-1	-1	0	1	1	-1	0	0	0	0	-1
30307264	-1	-1	-1	0	1	1	-1	0	0	0	0	-1
30307265	-1	-1	-1	0	1	1	-1	0	0	0	0	-1
30307266	-1	-1	-1	0	1	1	-1	0	0	0	0	-1
30307267	-1	-1	-1	0	1	1	-1	0	0	0	0	-1
30307268	-1	-1	-1	0	1	1	-1	0	0	0	0	-1
30307269	-1	-1	-1	0	1	1	-1	0	0	0	0	-1
30307270	-1	-1	-1	0	1	1	-1	0	0	0	0	-1
30307271	-1	-1	-1	0	1	1	-1	0	0	0	0	-1
30307272	-1	-1	-1	0	1	1	-1	0	0	0	0	-1
30307273	-1	-1	-1	0	1	1	-1	0	0	0	0	-1
30307274	-1	-1	-1	0	1	1	-1	0	0	0	0	-1
30307275	-1	-1	-1	0	1	1	-1	0	0	0	0	-1
30307276	-1	-1	-1	0	1	1	-1	0	0	0	0	-1
30307277	-1	-1	-1	0	1	1	-1	0	0	0	0	-1
30307278	-1	-1	-1	0	1	1	-1	0	0	0	0	-1
30307279	-1	-1	-1	0	1	1	-1	0	0	0	0	-1
30307280	-1	-1	-1	0	1	1	-1	0	0	0	0	-1
30307281	-1	-1	-1	0	1	1	-1	0	0	0	0	-1
30307282	-1	-1	-1	0	1	1	-1	0	0	0	0	-1
30307283	-1	-1	-1	0	1	1	-1	0	0	0	0	-1
30307284	-1	-1	-1	0	1	1	-1	0	0	0	0	-1
30307285	-1	-1	-1	0	1	1	-1	0	0	0	0	-1
30307286	-1	-1	-1	0	1	1	-1	0	0	0	0	-1
30307287	-1	-1	-1	0	1	1	-1	0	0	0	0	-1
30308072	-1	-1	-1	0	1	1	-1	0	0	0	0	-1
30309056	-1	-1	-1	0	1	1	-1	0	0	0	0	-1
30310148	-1	-1	-1	0	1	1	-1	0	0	0	1	-1
30501001	-1	-1	-1	0	1	1	-1	0	0	0	0	-1
30501002	-1	-1	-1	0	1	1	-1	0	0	0	0	-1
30501004	-1	-1	-1	0	1	1	-1	0	0	0	0	-1
30501005	-1	-1	-1	0	1	1	-1	0	0	0	0	-1
30501006	-1	-1	-1	0	1	1	-1	0	0	0	0	-1
30501036	-1	2000	-1	0	1	1	-1	0	0	0	1	-1
30501104	-1	-1	-1	0	1	1	-1	0	0	0	0	-1
30501106	-1	-1	-1	0	1	1	-1	0	0	0	0	-1
30501107	168	-1	-1	0	1	0	-1	0	0	0	0	-1
30501108	168	-1	-1	0	1	0	-1	0	0	0	0	-1
30501109	168	-1	-1	0	1	0	-1	0	0	0	0	-1
30501110	168	-1	-1	0	1	0	-1	0	0	0	0	-1
30501111	168	-1	-1	0	1	0	-1	0	0	0	0	-1
30501112	168	-1	-1	0	1	0	-1	0	0	0	0	-1
30501113	168	-1	-1	0	1	0	-1	0	0	0	0	-1
30501114	168	-1	-1	0	1	0	-1	0	0	0	0	-1
30501115	168	-1	-1	0	1	0	-1	0	0	0	0	-1
30501116	168	-1	-1	0	1	0	-1	0	0	0	0	-1
30501131	168	-1	-1	0	1	0	-1	0	0	0	0	-1
30501132	168	-1	-1	0	1	0	-1	0	0	0	0	-1
30501133	168	-1	-1	0	1	0	-1	0	0	0	0	-1
30501134	168	-1	-1	0	1	0	-1	0	0	0	0	-1
30501135	168	-1	-1	0	1	0	-1	0	0	0	0	-1
30501136	168	-1	-1	0	1	0	-1	0	0	0	0	-1
30501137	168	-1	-1	0	1	0	-1	0	0	0	0	-1
30501138	168	-1	-1	0	1	0	-1	0	0	0	0	-1
30501139	168	-1	-1	0	1	0	-1	0	0	0	0	-1
30501140	168	-1	-1	0	1	0	-1	0	0	0	0	-1
30501141	168	-1	-1	0	1	0	-1	0	0	0	0	-1
30501142	168	-1	-1	0	1	0	-1	0	0	0	0	-1
30501143	168	-1	-1	0	1	0	-1	0	0	0	0	-1
30501144	168	-1	-1	0	1	0	-1	0	0	0	0	-1
30501145	168	-1	-1	0	1	0	-1	0	0	0	0	-1
30501146	168	-1	-1	0	1	0	-1	0	0	0	0	-1
30501147	168	-1	-1	0	1	0	-1	0	0	0	0	-1
30501151	168	-1	-1	0	1	0	-1	0	0	0	0	-1
30501152	168	-1	-1	0	1	0	-1	0	0	0	0	-1
30501153	168	-1	-1	0	1	0	-1	0	0	0	0	-1
30501159	168	-1	-1	0	1	0	-1	0	0	0	0	-1
30501160	168	-1	-1	0	1	0	-1	0	0	0	0	-1
30501161	168	-1	-1	0	1	0	-1	0	0	0	0	-1
30501162	48	-1	-1	0	1	0	-1	0	0	0	0	-1
30501166	168	-1	-1	0	1	0	-1	0	0	0	0	-1
30501168	-1	-1	-1	0	0	0	-1	0	0	2	0	-1
30501172	-1	-1	-1	0	0	0	-1	0	0	2	0	-1
30501318	-1	-1	-1	0	0	0	-1	0	0	5	0	-1
30501355	-1	-1	-1	0	0	0	-1	0	0	2	0	-1
30501357	-1	-1	-1	0	0	0	-1	0	0	2	0	-1
30501359	-1	-1	-1	0	0	1	-1	0	0	5	0	-1
30501360	168	-1	-1	0	1	0	-1	0	0	0	0	-1
30501364	168	-1	-1	0	1	0	-1	0	0	0	0	-1
30501365	168	-1	-1	0	1	0	-1	0	0	0	0	-1
30501366	168	-1	-1	0	1	0	-1	0	0	0	0	-1
30501367	168	-1	-1	0	1	0	-1	0	0	0	0	-1
30501368	168	-1	-1	0	1	0	-1	0	0	0	0	-1
30501369	720	-1	-1	0	1	0	-1	0	0	0	0	-1
30501370	720	-1	-1	0	1	0	-1	0	0	0	0	-1
30501371	1440	-1	-1	0	1	0	-1	0	0	0	0	-1
30501372	-1	-1	-1	0	1	0	-1	1	0	0	0	-1
30501373	720	-1	-1	0	1	0	-1	0	0	0	0	-1
30502004	-1	-1	-1	0	1	0	-1	0	0	0	0	-1
30502005	-1	-1	-1	0	1	0	-1	0	0	0	0	-1
30502006	-1	-1	-1	0	0	0	-1	0	0	3	0	-1
30503022	168	-1	-1	0	1	0	-1	0	0	0	0	-1
30503023	168	-1	-1	0	1	0	-1	0	0	0	0	-1
30503024	168	-1	-1	0	1	0	-1	0	0	0	0	-1
30503025	-1	-1	-1	0	0	0	-1	0	0	3	0	-1
30503026	-1	-1	-1	0	0	0	-1	0	0	3	0	-1
30503027	-1	-1	-1	0	0	0	-1	0	0	3	0	-1
30503028	-1	-1	-1	0	0	0	-1	0	0	3	0	-1
30503029	-1	-1	-1	0	0	0	-1	0	0	3	0	-1
30503030	-1	-1	-1	0	0	0	-1	0	0	3	0	-1
30503031	-1	-1	-1	0	0	0	-1	0	0	3	0	-1
30503032	-1	-1	-1	0	0	0	-1	0	0	3	0	-1
30503033	-1	-1	-1	0	0	0	-1	0	0	3	0	-1
30503034	-1	-1	-1	0	0	0	-1	0	0	3	0	-1
30503035	-1	-1	-1	0	0	0	-1	0	0	3	0	-1
30503036	-1	-1	-1	0	0	0	-1	0	0	3	0	-1
30503037	-1	-1	-1	0	0	0	-1	0	0	3	0	-1
30503038	-1	-1	-1	0	0	0	-1	0	0	3	0	-1
30503039	-1	-1	-1	0	0	0	-1	0	0	3	0	-1
30503040	-1	-1	-1	0	0	0	-1	0	0	3	0	-1
30503041	-1	-1	-1	0	0	0	-1	0	0	3	0	-1
30503042	-1	-1	-1	0	0	0	-1	0	0	3	0	-1
30503043	-1	-1	-1	0	0	0	-1	0	0	3	0	-1
30503044	-1	-1	-1	0	0	0	-1	0	0	3	0	-1
30503045	-1	-1	-1	0	0	0	-1	0	0	3	0	-1
30503046	-1	-1	-1	0	0	0	-1	0	0	3	0	-1
30503047	-1	-1	-1	0	0	0	-1	0	0	3	0	-1
30503048	-1	-1	-1	0	0	0	-1	0	0	3	0	-1
30503049	-1	-1	-1	0	0	0	-1	0	0	3	0	-1
30503050	-1	-1	-1	0	0	0	-1	0	0	3	0	-1
30503051	-1	-1	-1	0	0	0	-1	0	0	3	0	-1
30503052	-1	-1	-1	0	0	0	-1	0	0	3	0	-1
30503053	-1	-1	-1	0	0	0	-1	0	0	3	0	-1
30503054	-1	-1	-1	0	0	0	-1	0	0	3	0	-1
30503055	-1	-1	-1	0	0	0	-1	0	0	3	0	-1
30503056	-1	-1	-1	0	0	0	-1	0	0	3	0	-1
30503057	-1	-1	-1	0	0	0	-1	0	0	3	0	-1
30503058	-1	-1	-1	0	0	0	-1	0	0	3	0	-1
30503059	-1	-1	-1	0	0	0	-1	0	0	3	0	-1
30503060	-1	-1	-1	0	0	0	-1	0	0	3	0	-1
30503061	-1	-1	-1	0	0	0	-1	0	0	3	0	-1
30503062	-1	-1	-1	0	0	0	-1	0	0	3	0	-1
30503063	-1	-1	-1	0	0	0	-1	0	0	3	0	-1
30503064	-1	-1	-1	0	0	0	-1	0	0	3	0	-1
30503065	-1	-1	-1	0	0	0	-1	0	0	3	0	-1
30503066	-1	-1	-1	0	0	0	-1	0	0	3	0	-1
30503067	-1	-1	-1	0	0	0	-1	0	0	3	0	-1
30503068	-1	-1	-1	0	0	0	-1	0	0	3	0	-1
30503069	-1	-1	-1	0	0	0	-1	0	0	3	0	-1
30503070	-1	-1	-1	0	0	0	-1	0	0	3	0	-1
30503071	-1	-1	-1	0	0	0	-1	0	0	3	0	-1
30503072	-1	-1	-1	0	0	0	-1	0	0	3	0	-1
30503073	-1	-1	-1	0	0	0	-1	0	0	3	0	-1
30503074	-1	-1	-1	0	0	0	-1	0	0	3	0	-1
30503075	-1	-1	-1	0	0	0	-1	0	0	3	0	-1
30503076	-1	-1	-1	0	0	0	-1	0	0	3	0	-1
30503077	-1	-1	-1	0	0	0	-1	0	0	3	0	-1
30503078	-1	-1	-1	0	0	0	-1	0	0	3	0	-1
30503079	-1	-1	-1	0	0	0	-1	0	0	3	0	-1
30503080	-1	-1	-1	0	0	0	-1	0	0	3	0	-1
30503081	-1	-1	-1	0	0	0	-1	0	0	3	0	-1
30503082	-1	-1	-1	0	0	0	-1	0	0	3	0	-1
30503083	-1	-1	-1	0	0	0	-1	0	0	3	0	-1
30503084	-1	-1	-1	0	0	0	-1	0	0	3	0	-1
30503085	-1	-1	-1	0	0	0	-1	0	0	3	0	-1
30503086	-1	-1	-1	0	0	0	-1	0	0	3	0	-1
30503087	-1	-1	-1	0	0	0	-1	0	0	3	0	-1
30503088	-1	-1	-1	0	0	0	-1	0	0	3	0	-1
30503089	-1	-1	-1	0	0	0	-1	0	0	3	0	-1
30503090	-1	-1	-1	0	0	0	-1	0	0	3	0	-1
30503091	-1	-1	-1	0	0	0	-1	0	0	3	0	-1
30503092	-1	-1	-1	0	0	0	-1	0	0	3	0	-1
30503093	-1	-1	-1	0	0	0	-1	0	0	3	0	-1
30503094	-1	-1	-1	0	0	0	-1	0	0	3	0	-1
30503095	-1	-1	-1	0	0	0	-1	0	0	3	0	-1
30503096	-1	-1	-1	0	0	0	-1	0	0	3	0	-1
30503097	-1	-1	-1	0	0	0	-1	0	0	3	0	-1
30503098	-1	-1	-1	0	0	0	-1	0	0	3	0	-1
30503099	-1	-1	-1	0	0	0	-1	0	0	3	0	-1
30503100	-1	-1	-1	0	0	0	-1	0	0	3	0	-1
30503101	-1	-1	-1	0	0	0	-1	0	0	3	0	-1
30503102	-1	-1	-1	0	0	0	-1	0	0	3	0	-1
30503103	-1	-1	-1	0	0	0	-1	0	0	3	0	-1
30503104	-1	-1	-1	0	0	0	-1	0	0	3	0	-1
30503105	-1	-1	-1	0	0	0	-1	0	0	3	0	-1
30503106	-1	-1	-1	0	0	0	-1	0	0	3	0	-1
30503107	-1	-1	-1	0	0	0	-1	0	0	3	0	-1
30503108	-1	-1	-1	0	0	0	-1	0	0	3	0	-1
30503109	-1	-1	-1	0	0	0	-1	0	0	3	0	-1
30503110	-1	-1	-1	0	0	0	-1	0	0	3	0	-1
30503111	-1	-1	-1	0	0	0	-1	0	0	3	0	-1
30503112	-1	-1	-1	0	0	0	-1	0	0	3	0	-1
30503113	-1	-1	-1	0	0	0	-1	0	0	3	0	-1
30503114	-1	-1	-1	0	0	0	-1	0	0	3	0	-1
30503122	-1	-1	-1	0	0	0	-1	0	0	2	0	-1
30503123	-1	-1	-1	0	0	0	-1	0	0	2	0	-1
30503124	-1	-1	-1	0	0	0	-1	0	0	2	0	-1
30503125	-1	-1	-1	0	0	0	-1	0	0	2	0	-1
30503126	-1	-1	-1	0	0	0	-1	0	0	2	0	-1
30503141	-1	-1	-1	0	1	1	-1	0	0	0	0	-1
30503142	-1	-1	-1	0	1	1	-1	0	0	0	0	-1
30503143	-1	-1	-1	0	1	1	-1	0	0	0	0	-1
30503144	-1	-1	-1	0	1	1	-1	0	0	0	0	-1
30503145	-1	-1	-1	0	1	1	-1	0	0	0	0	-1
30503146	-1	-1	-1	0	1	1	-1	0	0	0	0	-1
30503147	-1	-1	-1	0	1	1	-1	0	0	0	0	-1
30503148	-1	-1	-1	0	1	1	-1	0	0	0	0	-1
30503153	-1	-1	-1	0	1	1	-1	0	0	0	0	-1
30505013	-1	-1	-1	0	1	1	-1	0	0	0	0	-1
30505014	-1	-1	-1	0	1	1	-1	0	0	0	0	-1
30505015	-1	-1	-1	0	1	1	-1	0	0	0	0	-1
30505016	-1	-1	-1	0	1	1	-1	0	0	0	0	-1
30505017	-1	-1	-1	0	1	1	-1	0	0	0	0	-1
30505018	-1	-1	-1	0	1	1	-1	0	0	0	0	-1
30505019	-1	-1	-1	0	1	1	-1	0	0	0	0	-1
30505020	-1	-1	-1	0	1	1	-1	0	0	0	0	-1
30505021	-1	-1	-1	0	1	1	-1	0	0	0	0	-1
30505022	-1	-1	-1	0	1	1	-1	0	0	0	0	-1
30505085	720	-1	-1	0	1	0	-1	0	0	0	0	-1
30505086	720	-1	-1	0	1	0	-1	0	0	0	0	-1
30505087	720	-1	-1	0	1	0	-1	0	0	0	0	-1
30505088	720	-1	-1	0	1	0	-1	0	0	0	0	-1
30505089	720	-1	-1	0	1	0	-1	0	0	0	0	-1
30505090	720	-1	-1	0	1	0	-1	0	0	0	0	-1
30505091	720	-1	-1	0	1	0	-1	0	0	0	0	-1
30505114	2160	-1	-1	0	1	0	-1	0	0	0	0	-1
30505115	2160	-1	-1	0	1	0	-1	0	0	0	0	-1
30505116	2160	-1	-1	0	1	0	-1	0	0	0	0	-1
30505117	2160	-1	-1	0	1	0	-1	0	0	0	0	-1
30505118	2160	-1	-1	0	1	0	-1	0	0	0	0	-1
30505119	2160	-1	-1	0	1	0	-1	0	0	0	0	-1
30505120	2160	-1	-1	0	1	0	-1	0	0	0	0	-1
30505123	720	-1	-1	0	1	0	-1	0	0	0	0	-1
30505124	720	-1	-1	0	1	0	-1	0	0	0	0	-1
30505130	720	-1	-1	0	1	0	-1	0	0	0	0	-1
30505131	720	-1	-1	0	1	0	-1	0	0	0	0	-1
30505155	-1	-1	-1	0	1	1	-1	0	0	0	0	-1
30505156	-1	-1	-1	0	1	1	-1	0	0	0	0	-1
30505157	-1	-1	-1	0	1	0	-1	0	0	0	0	-1
30505158	-1	-1	-1	0	1	0	-1	0	0	0	0	-1
30505159	-1	-1	-1	0	1	0	-1	0	0	0	0	-1
30505160	-1	-1	-1	0	1	0	-1	0	0	0	0	-1
30505161	-1	-1	-1	0	1	0	-1	0	0	0	0	-1
30505163	168	-1	-1	0	1	0	-1	0	0	0	0	-1
30505191	192	-1	-1	0	1	0	-1	0	0	0	0	-1
30505195	-1	-1	-1	0	1	1	-1	0	0	0	0	-1
30505200	720	-1	-1	0	1	0	-1	0	0	0	0	-1
30505201	168	-1	-1	0	1	0	-1	0	0	0	0	-1
30505202	168	-1	-1	0	1	0	-1	0	0	0	0	-1
30505203	168	-1	-1	0	1	0	-1	0	0	0	0	-1
30505204	168	-1	-1	0	1	0	-1	0	0	0	0	-1
30505207	1	-1	-1	0	1	0	-1	0	0	0	0	-1
30505208	1	-1	-1	0	1	0	-1	0	0	0	0	-1
30505209	1	-1	-1	0	1	0	-1	0	0	0	0	-1
30505210	1	-1	-1	0	1	0	-1	0	0	0	0	-1
30505211	1	-1	-1	0	1	0	-1	0	0	0	0	-1
30505212	1	-1	-1	0	1	0	-1	0	0	0	0	-1
30505213	1	-1	-1	0	1	0	-1	0	0	0	0	-1
30505220	-1	-1	-1	0	1	1	-1	0	0	0	0	-1
30505221	-1	-1	-1	0	1	1	-1	0	0	0	0	-1
30505222	-1	-1	-1	0	1	1	-1	0	0	0	0	-1
30505223	-1	-1	-1	0	1	1	-1	0	0	0	0	-1
30505224	-1	-1	-1	0	1	1	-1	0	0	0	0	-1
30505225	-1	-1	-1	0	1	1	-1	0	0	0	0	-1
30505226	-1	-1	-1	0	1	1	-1	0	0	0	0	-1
30505227	-1	-1	-1	0	1	1	-1	0	0	0	0	-1
30505228	-1	-1	-1	0	1	1	-1	0	0	0	0	-1
30505229	-1	-1	-1	0	1	1	-1	0	0	0	0	-1
30505254	-1	-1	-1	0	0	1	-1	0	0	5	0	-1
30505256	-1	2005	-1	0	1	0	-1	0	0	0	1	-1
30505257	24	-1	-1	0	1	0	-1	0	0	0	0	-1
30505259	-1	2005	-1	0	1	1	-1	0	0	0	0	-1
30505260	-1	-1	-1	0	1	1	-1	0	0	0	0	-1
30505261	-1	-1	-1	0	1	1	-1	0	0	0	0	-1
30505262	-1	-1	-1	0	1	1	-1	0	0	0	0	-1
30505263	-1	-1	-1	0	1	1	-1	0	0	0	0	-1
30505264	-1	-1	-1	0	1	1	-1	0	0	0	0	-1
30505265	-1	-1	-1	0	1	1	-1	0	0	0	0	-1
30505268	-1	-1	-1	0	1	1	-1	0	0	0	0	-1
30505269	720	-1	-1	0	1	0	-1	0	0	0	0	-1
30505270	720	-1	-1	0	1	0	-1	0	0	0	0	-1
30505271	720	-1	-1	0	1	0	-1	0	0	0	0	-1
30505272	720	-1	-1	0	1	0	-1	0	0	0	0	-1
30505274	-1	-1	-1	0	1	1	-1	0	0	0	0	-1
30505275	-1	-1	-1	0	1	1	-1	0	0	0	0	-1
30505276	-1	-1	-1	0	1	1	-1	0	0	0	0	-1
30505277	-1	-1	-1	0	1	1	-1	0	0	0	0	-1
30505278	24	-1	-1	0	1	0	-1	0	0	0	0	-1
30505279	24	-1	-1	0	1	0	-1	0	0	0	0	-1
30505280	24	-1	-1	0	1	0	-1	0	0	0	0	-1
30505281	24	-1	-1	0	1	1	-1	0	0	0	0	-1
30505282	-1	-1	-1	0	1	1	-1	0	0	0	0	-1
30505283	24	-1	-1	0	1	0	-1	0	0	0	0	-1
30505284	-1	-1	-1	0	1	1	-1	0	0	0	0	-1
30505285	-1	-1	-1	0	1	1	-1	0	0	0	0	-1
30505286	-1	-1	-1	0	1	1	-1	0	0	0	0	-1
30505287	-1	-1	-1	0	1	1	-1	0	0	0	0	-1
30505288	24	-1	-1	0	1	1	-1	0	0	0	0	-1
30505816	-1	-1	-1	0	0	0	-1	0	0	2	0	-1
30505817	-1	-1	-1	0	0	0	-1	0	0	2	0	-1
30505908	-1	-1	-1	0	0	0	-1	0	0	2	0	-1
30509014	-1	-1	-1	0	1	0	-1	0	0	0	1	-1
30509126	-1	-1	-1	0	1	0	-1	0	0	0	0	-1
30509134	-1	-1	-1	0	1	0	-1	0	0	0	0	-1
30509135	-1	-1	-1	0	1	0	-1	0	0	0	0	-1
30509136	-1	-1	-1	0	1	0	-1	0	0	0	0	-1
30601001	-1	-1	-1	0	1	1	-1	0	0	0	0	-1
30601004	-1	-1	-1	0	1	1	-1	0	0	0	0	-1
30602001	-1	-1	-1	0	1	1	-1	0	0	0	0	-1
30602002	-1	-1	-1	0	1	1	-1	0	0	0	0	-1
30602003	-1	-1	-1	0	1	1	-1	0	0	0	0	-1
30602004	-1	-1	-1	0	1	1	-1	0	0	0	0	-1
30603001	-1	-1	-1	0	1	1	-1	0	0	0	0	-1
30603002	-1	-1	-1	0	1	1	-1	0	0	0	0	-1
30603003	-1	-1	-1	0	1	1	-1	0	0	0	0	-1
30603004	-1	-1	-1	0	1	1	-1	0	0	0	0	-1
30604001	-1	-1	-1	0	1	1	-1	0	0	0	0	-1
30604002	-1	-1	-1	0	1	1	-1	0	0	0	0	-1
30604003	-1	-1	-1	0	1	1	-1	0	0	0	0	-1
30604004	-1	-1	-1	0	1	1	-1	0	0	0	0	-1
30605001	-1	-1	-1	0	1	1	-1	0	0	0	0	-1
30605002	-1	-1	-1	0	1	1	-1	0	0	0	0	-1
30605003	-1	-1	-1	0	1	1	-1	0	0	0	0	-1
30605004	-1	-1	-1	0	1	1	-1	0	0	0	0	-1
30606002	-1	-1	-1	0	1	1	-1	0	0	0	0	-1
30607002	-1	-1	-1	0	1	1	-1	0	0	0	0	-1
30607004	-1	-1	-1	0	1	1	-1	0	0	0	0	-1
30607005	-1	-1	-1	0	1	1	-1	0	0	0	0	-1
30700201	240	-1	-1	0	1	0	-1	0	0	0	0	-1
30700202	240	-1	-1	0	1	0	-1	0	0	0	0	-1
30700206	23	-1	-1	0	1	1	-1	0	0	0	0	-1
30700207	23	-1	-1	0	1	1	-1	0	0	0	0	-1
30700208	23	-1	-1	0	1	1	-1	0	0	0	0	-1
30700209	23	-1	-1	0	1	1	-1	0	0	0	0	-1
30700210	23	-1	-1	0	1	1	-1	0	0	0	0	-1
30700211	23	-1	-1	0	1	1	-1	0	0	0	0	-1
30700212	23	-1	-1	0	1	1	-1	0	0	0	0	-1
30700213	-1	-1	-1	0	0	0	-1	0	0	4	0	-1
30700214	-1	-1	-1	0	0	0	-1	0	0	4	0	-1
30700215	-1	-1	-1	0	0	0	-1	0	0	4	0	-1
30700216	-1	-1	-1	0	0	0	-1	0	0	4	0	-1
30700217	-1	-1	-1	0	0	0	-1	0	0	4	0	-1
30700218	-1	-1	-1	0	0	0	-1	0	0	4	0	-1
30700219	-1	-1	-1	0	0	0	-1	0	0	4	0	-1
30700220	-1	-1	-1	0	0	0	-1	0	0	4	0	-1
30700221	-1	-1	-1	0	0	0	-1	0	0	4	0	-1
30700222	-1	-1	-1	0	0	0	-1	0	0	4	0	-1
30700223	-1	-1	-1	0	0	0	-1	0	0	4	0	-1
30700224	-1	-1	-1	0	0	0	-1	0	0	4	0	-1
30700225	-1	-1	-1	0	0	0	-1	0	0	4	0	-1
30700226	-1	-1	-1	0	0	0	-1	0	0	4	0	-1
30700227	-1	-1	-1	0	0	0	-1	0	0	4	0	-1
30700228	-1	-1	-1	0	0	0	-1	0	0	4	0	-1
30700229	-1	-1	-1	0	0	0	-1	0	0	4	0	-1
30700239	-1	-1	-1	0	0	0	-1	0	0	4	0	-1
30700242	-1	-1	-1	0	0	0	-1	0	0	4	0	-1
30700245	-1	-1	-1	0	0	0	-1	0	0	4	0	-1
30900051	1	2005	-1	0	1	0	-1	0	0	0	0	-1
30900052	1	2005	-1	0	1	0	-1	0	0	0	0	-1
30900053	1	2005	-1	0	1	0	-1	0	0	0	0	-1
30900054	1	2005	-1	0	1	0	-1	0	0	0	0	-1
30900055	1	2005	-1	0	1	0	-1	0	0	0	0	-1
30900056	-1	-1	-1	0	0	0	-1	0	0	5	0	-1
30900057	-1	-1	-1	0	0	0	-1	0	0	5	0	-1
30900058	-1	-1	-1	0	0	0	-1	0	0	3	0	-1
30900200	-1	-1	-1	0	1	1	-1	0	0	0	0	-1
30900201	-1	-1	-1	0	1	1	-1	0	0	0	0	-1
30900202	-1	-1	-1	0	1	1	-1	0	0	0	0	-1
30900203	-1	-1	-1	0	1	1	-1	0	0	0	0	-1
30900204	-1	-1	-1	0	1	1	-1	0	0	0	0	-1
30900205	-1	-1	-1	0	1	1	-1	0	0	0	0	-1
30900206	-1	-1	-1	0	1	1	-1	0	0	0	0	-1
30900207	-1	-1	-1	0	1	1	-1	0	0	0	0	-1
30900208	-1	-1	-1	0	1	1	-1	0	0	0	0	-1
30900209	-1	-1	-1	0	1	1	-1	0	0	0	0	-1
30900210	-1	-1	-1	0	1	1	-1	0	0	0	0	-1
30900211	-1	-1	-1	0	1	1	-1	0	0	0	0	-1
30900212	-1	-1	-1	0	1	1	-1	0	0	0	0	-1
30900213	-1	-1	-1	0	1	1	-1	0	0	0	0	-1
30900217	-1	-1	-1	0	1	1	-1	0	0	0	0	-1
30900218	-1	-1	-1	0	1	1	-1	0	0	0	0	-1
30900219	-1	-1	-1	0	1	1	-1	0	0	0	0	-1
30900220	-1	-1	-1	0	1	1	-1	0	0	0	0	-1
30900221	-1	-1	-1	0	1	1	-1	0	0	0	0	-1
30900222	-1	-1	-1	0	1	1	-1	0	0	0	0	-1
30900223	-1	-1	-1	0	1	1	-1	0	0	0	0	-1
30900224	-1	-1	-1	0	1	1	-1	0	0	0	0	-1
30900225	-1	-1	-1	0	1	1	-1	0	0	0	0	-1
30900226	-1	-1	-1	0	1	1	-1	0	0	0	0	-1
30900227	-1	-1	-1	0	1	1	-1	0	0	0	0	-1
30900228	-1	-1	-1	0	1	1	-1	0	0	0	0	-1
30900229	-1	-1	-1	0	1	1	-1	0	0	0	0	-1
30900230	-1	-1	-1	0	1	1	-1	0	0	0	0	-1
30900231	-1	-1	-1	0	1	1	-1	0	0	0	0	-1
30900232	-1	-1	-1	0	1	1	-1	0	0	0	0	-1
30900233	-1	-1	-1	0	1	1	-1	0	0	0	0	-1
30900234	-1	-1	-1	0	1	1	-1	0	0	0	0	-1
30900235	-1	-1	-1	0	1	1	-1	0	0	0	0	-1
30900236	-1	-1	-1	0	1	1	-1	0	0	0	0	-1
30900237	-1	-1	-1	0	1	1	-1	0	0	0	0	-1
30900238	-1	-1	-1	0	1	1	-1	0	0	0	0	-1
30900239	-1	-1	-1	0	1	1	-1	0	0	0	0	-1
30900240	-1	-1	-1	0	1	1	-1	0	0	0	0	-1
30900241	-1	-1	-1	0	1	1	-1	0	0	0	0	-1
30900242	-1	-1	-1	0	1	1	-1	0	0	0	0	-1
30900243	-1	-1	-1	0	1	1	-1	0	0	0	0	-1
30900244	-1	-1	-1	0	1	1	-1	0	0	0	0	-1
30900245	-1	-1	-1	0	1	1	-1	0	0	0	0	-1
30900246	-1	-1	-1	0	1	1	-1	0	0	0	0	-1
30900247	-1	-1	-1	0	1	1	-1	0	0	0	0	-1
30900248	-1	-1	-1	0	1	1	-1	0	0	0	0	-1
30900249	-1	-1	-1	0	1	1	-1	0	0	0	0	-1
30900250	-1	-1	-1	0	1	1	-1	0	0	0	0	-1
30900251	-1	-1	-1	0	1	1	-1	0	0	0	0	-1
30900252	-1	-1	-1	0	1	1	-1	0	0	0	0	-1
31000100	720	-1	-1	0	1	0	-1	0	0	0	0	-1
31000102	24	-1	-1	0	1	1	-1	0	0	0	0	-1
38000000	720	-1	-1	0	1	0	-1	0	0	0	0	-1
38000009	168	2005	-1	0	1	1	-1	0	0	0	0	-1
38000013	144	-1	-1	0	1	0	-1	0	0	0	0	-1
38000047	-1	2005	-1	0	1	1	-1	0	0	0	0	-1
38000048	-1	2005	-1	0	1	1	-1	0	0	0	0	-1
38000049	-1	2005	-1	0	1	1	-1	0	0	0	0	-1
38000050	-1	2005	-1	0	1	1	-1	0	0	0	0	-1
38000055	-1	-1	-1	0	1	1	-1	0	0	0	0	-1
38000056	-1	-1	-1	0	1	1	-1	0	0	0	0	-1
38000057	720	-1	-1	0	1	0	-1	0	0	0	0	-1
38000058	720	-1	-1	0	1	0	-1	0	0	0	0	-1
38000061	168	-1	-1	0	1	1	-1	0	0	0	0	-1
38000062	168	-1	-1	0	1	1	-1	0	0	0	0	-1
38000063	168	-1	-1	0	1	1	-1	0	0	0	0	-1
38000064	168	-1	-1	0	1	1	-1	0	0	0	0	-1
38000065	168	-1	-1	0	1	1	-1	0	0	0	0	-1
38000066	168	-1	-1	0	1	1	-1	0	0	0	0	-1
38000067	168	-1	-1	0	1	1	-1	0	0	0	0	-1
38000068	168	-1	-1	0	1	1	-1	0	0	0	0	-1
38000069	168	-1	-1	0	1	1	-1	0	0	0	0	-1
38000070	168	-1	-1	0	1	1	-1	0	0	0	0	-1
38000071	168	-1	-1	0	1	1	-1	0	0	0	0	-1
38000072	168	-1	-1	0	1	1	-1	0	0	0	0	-1
38000073	168	-1	-1	0	1	1	-1	0	0	0	0	-1
38000074	168	-1	-1	0	1	1	-1	0	0	0	0	-1
38000075	168	-1	-1	0	1	1	-1	0	0	0	0	-1
38000076	168	-1	-1	0	1	1	-1	0	0	0	0	-1
38000077	-1	-1	-1	0	1	1	-1	0	0	0	0	-1
38000078	-1	-1	-1	0	1	1	-1	0	0	0	0	-1
38000079	-1	-1	-1	0	1	1	-1	0	0	0	0	-1
38000082	168	-1	-1	0	1	1	-1	0	0	0	0	-1
38000083	168	-1	-1	0	1	1	-1	0	0	0	0	-1
38000084	168	-1	-1	0	1	1	-1	0	0	0	0	-1
38000085	168	-1	-1	0	1	1	-1	0	0	0	0	-1
38000087	168	-1	-1	0	1	1	-1	0	0	0	0	-1
38000088	168	-1	-1	0	1	1	-1	0	0	0	0	-1
38000089	168	-1	-1	0	1	1	-1	0	0	0	0	-1
38000090	168	-1	-1	0	1	1	-1	0	0	0	0	-1
38000091	168	-1	-1	0	1	1	-1	0	0	0	0	-1
38000092	168	-1	-1	0	1	1	-1	0	0	0	0	-1
38000093	-1	2005	-1	0	1	1	-1	0	0	0	0	-1
38000094	-1	2005	-1	0	1	1	-1	0	0	0	0	-1
38000095	-1	2005	-1	0	1	1	-1	0	0	0	0	-1
38000096	-1	2005	-1	0	1	1	-1	0	0	0	0	-1
38000097	-1	2005	-1	0	1	1	-1	0	0	0	0	-1
38000098	-1	2005	-1	0	1	1	-1	0	0	0	0	-1
38000099	168	-1	-1	0	1	1	-1	0	0	0	0	-1
38000100	168	-1	-1	0	1	1	-1	0	0	0	0	-1
38000101	168	-1	-1	0	1	1	-1	0	0	0	0	-1
38000102	168	-1	-1	0	1	1	-1	0	0	0	0	-1
38000103	168	-1	-1	0	1	1	-1	0	0	0	0	-1
38000104	168	-1	-1	0	1	1	-1	0	0	0	0	-1
38000105	168	-1	-1	0	1	1	-1	0	0	0	0	-1
38000108	168	-1	-1	0	1	1	-1	0	0	0	0	-1
38000109	168	-1	-1	0	1	1	-1	0	0	0	0	-1
38000110	168	-1	-1	0	1	1	-1	0	0	0	0	-1
38000111	168	-1	-1	0	1	1	-1	0	0	0	0	-1
38000112	168	-1	-1	0	1	1	-1	0	0	0	0	-1
38000113	-1	-1	-1	0	1	1	-1	1	0	0	0	-1
38000114	168	-1	-1	0	1	1	-1	0	0	0	0	-1
38000115	168	-1	-1	0	1	1	-1	0	0	0	0	-1
38000117	168	-1	-1	0	1	1	-1	0	0	0	0	-1
38000118	168	-1	-1	0	1	1	-1	0	0	0	0	-1
38000119	-1	-1	-1	0	1	1	-1	0	0	0	0	-1
38000120	-1	-1	-1	0	1	1	-1	0	0	0	0	-1
38000121	-1	-1	-1	0	1	1	-1	0	0	0	0	-1
38000122	-1	-1	-1	0	1	1	-1	1	0	0	0	-1
38000123	-1	-1	-1	0	1	1	-1	1	0	0	0	-1
38000124	-1	-1	-1	0	1	1	-1	0	0	0	0	-1
38000125	-1	-1	-1	0	1	1	-1	0	0	0	0	-1
38000126	-1	-1	-1	0	1	1	-1	1	0	0	0	-1
38000127	-1	-1	-1	0	1	1	-1	0	0	0	0	-1
38000128	-1	-1	-1	0	1	1	-1	0	0	0	0	-1
38000191	-1	2005	-1	0	1	1	-1	0	0	0	0	-1
38000192	-1	2005	-1	0	1	1	-1	0	0	0	0	-1
38000193	-1	2005	-1	0	1	1	-1	0	0	0	0	-1
38000194	-1	2005	-1	0	1	1	-1	0	0	0	0	-1
38000195	-1	-1	-1	0	1	1	-1	0	0	0	0	-1
38000196	-1	-1	-1	0	1	1	-1	0	0	0	0	-1
38000197	168	-1	-1	0	1	1	-1	0	0	0	0	-1
38000198	168	-1	-1	0	1	1	-1	0	0	0	0	-1
38000199	168	-1	-1	0	1	1	-1	0	0	0	0	-1
38000200	168	-1	-1	0	1	1	-1	0	0	0	0	-1
38000201	168	-1	-1	0	1	1	-1	0	0	0	0	-1
38000205	-1	-1	-1	0	1	0	-1	0	0	0	0	-1
38000208	-1	-1	-1	0	1	1	-1	1	0	0	1	-1
38000209	168	-1	-1	0	1	1	-1	0	0	0	1	-1
38000210	168	-1	-1	0	1	1	-1	0	0	0	1	-1
38000211	-1	-1	-1	0	1	1	-1	0	0	0	1	-1
38000212	-1	-1	-1	0	1	1	-1	1	0	0	0	-1
38000214	-1	-1	-1	0	1	0	-1	0	0	0	0	-1
38000215	-1	-1	-1	0	1	0	-1	0	0	0	0	-1
38000216	-1	-1	-1	0	1	0	-1	1	0	0	0	-1
38000789	-1	-1	-1	0	1	1	-1	0	0	0	0	-1
38000790	-1	-1	-1	0	1	1	-1	0	0	0	0	-1
38000791	-1	-1	-1	0	1	1	-1	0	0	0	0	-1
38000792	-1	-1	-1	0	1	1	-1	0	0	0	0	-1
38000793	-1	-1	-1	0	1	1	-1	0	0	0	0	-1
38000794	-1	-1	-1	0	1	1	-1	0	0	0	0	-1
38000795	-1	-1	-1	0	1	1	-1	0	0	0	0	-1
38000796	-1	-1	-1	0	1	1	-1	0	0	0	0	-1
38000797	-1	-1	-1	0	1	1	-1	0	0	0	0	-1
38000798	-1	-1	-1	0	1	1	-1	0	0	0	0	-1
38000799	-1	-1	-1	0	1	1	-1	0	0	0	0	-1
38000800	-1	-1	-1	0	1	1	-1	0	0	0	0	-1
38000801	-1	-1	-1	0	1	1	-1	0	0	0	0	-1
38000802	-1	-1	-1	0	1	1	-1	0	0	0	0	-1
38000803	-1	-1	-1	0	1	1	-1	0	0	0	0	-1
38000804	-1	-1	-1	0	1	1	-1	0	0	0	0	-1
38000805	-1	-1	-1	0	1	1	-1	0	0	0	0	-1
38000806	-1	-1	-1	0	1	1	-1	0	0	0	0	-1
38000809	-1	-1	-1	0	1	1	-1	0	0	0	0	-1
38000810	-1	-1	-1	0	1	1	-1	0	0	0	0	-1
38000811	-1	-1	-1	0	1	1	-1	0	0	0	0	-1
38000812	-1	-1	-1	0	1	1	-1	0	0	0	0	-1
38000813	-1	-1	-1	0	1	1	-1	0	0	0	0	-1
38000814	-1	-1	-1	0	1	1	-1	0	0	0	0	-1
38000815	-1	-1	-1	0	1	1	-1	0	0	0	0	-1
38000831	-1	-1	-1	0	1	1	-1	0	0	0	0	-1
38000959	-1	-1	-1	0	1	1	-1	0	0	0	1	-1
38000960	-1	-1	-1	0	1	1	-1	0	0	0	1	-1
38001025	168	-1	-1	0	1	1	-1	0	0	0	0	-1
38001071	24	-1	-1	0	1	1	-1	0	0	0	0	-1
38001072	24	-1	-1	0	1	1	-1	0	0	0	0	-1
38001073	24	-1	-1	0	1	1	-1	0	0	0	0	-1
38001074	24	-1	-1	0	1	1	-1	0	0	0	0	-1
38001075	24	-1	-1	0	1	1	-1	0	0	0	0	-1
38001076	24	-1	-1	0	1	1	-1	0	0	0	0	-1
38001077	24	-1	-1	0	1	1	-1	0	0	0	0	-1
38001078	-1	-1	-1	0	1	1	-1	0	0	0	0	-1
38001160	-1	-1	-1	0	1	1	-1	0	0	0	0	-1
38001167	-1	-1	-1	0	1	1	-1	0	0	0	0	-1
38001168	-1	-1	-1	0	1	1	-1	0	0	0	0	-1
38001169	-1	-1	-1	0	1	1	-1	0	0	0	0	-1
38001170	-1	-1	-1	0	1	1	-1	0	0	0	0	-1
38001746	168	-1	-1	0	1	1	-1	0	0	0	0	-1
38001747	168	-1	-1	0	1	1	-1	0	0	0	0	-1
38001748	168	-1	-1	0	1	1	-1	0	0	0	0	-1
38001749	168	-1	-1	0	1	1	-1	0	0	0	0	-1
38001870	168	2005	-1	0	1	1	-1	0	0	0	0	-1
38001871	168	2005	-1	0	1	1	-1	0	0	0	0	-1
38001872	168	2005	-1	0	1	1	-1	0	0	0	0	-1
38001889	-1	-1	-1	0	1	1	-1	0	0	0	0	-1
38001890	-1	-1	-1	0	1	1	-1	0	0	0	0	-1
38001891	-1	-1	-1	0	1	1	-1	0	0	0	0	-1
38002138	-1	-1	-1	0	1	1	-1	0	0	0	0	-1
38002139	-1	-1	-1	0	1	1	-1	0	0	0	0	-1
38002140	168	2005	-1	0	1	1	-1	0	0	0	0	-1
38002141	168	2005	-1	0	1	1	-1	0	0	0	0	-1
38002142	168	2005	-1	0	1	1	-1	0	0	0	0	-1
38002143	168	2005	-1	0	1	1	-1	0	0	0	0	-1
38002144	168	2005	-1	0	1	1	-1	0	0	0	0	-1
38002155	-1	2005	-1	0	1	1	-1	0	0	0	1	-1
38002156	168	2005	-1	0	1	1	-1	0	0	0	0	-1
38002157	168	2005	-1	0	1	1	-1	0	0	0	0	-1
38002158	168	2005	-1	0	1	1	-1	0	0	0	0	-1
38002159	168	2005	-1	0	1	1	-1	0	0	0	0	-1
38002160	168	2005	-1	0	1	1	-1	0	0	0	0	-1
38002161	168	2005	-1	0	1	1	-1	0	0	0	0	-1
38002170	168	2005	-1	0	1	1	-1	0	0	0	0	-1
38002171	-1	-1	-1	0	1	1	-1	0	0	0	0	-1
38002177	-1	-1	-1	0	1	1	-1	0	0	0	0	-1
38002178	-1	2000	-1	0	1	1	-1	0	0	0	0	-1
38002179	-1	2000	-1	0	1	1	-1	0	0	0	0	-1
38002180	-1	2000	-1	0	1	1	-1	0	0	0	0	-1
38002181	-1	2000	-1	0	1	1	-1	0	0	0	0	-1
38002182	-1	2000	-1	0	1	1	-1	0	0	0	0	-1
38002183	-1	2000	-1	0	1	1	-1	0	0	0	0	-1
38002184	-1	2000	-1	0	1	1	-1	0	0	0	0	-1
38002185	-1	2000	-1	0	1	1	-1	0	0	0	0	-1
38002186	-1	2000	-1	0	1	1	-1	0	0	0	0	-1
38002187	-1	2000	-1	0	1	1	-1	0	0	0	0	-1
38002188	-1	2000	-1	0	1	1	-1	0	0	0	0	-1
38002189	-1	2000	-1	0	1	1	-1	0	0	0	0	-1
38002190	-1	2000	-1	0	1	1	-1	0	0	0	0	-1
38002191	-1	2000	-1	0	1	1	-1	0	0	0	0	-1
38002192	-1	2000	-1	0	1	1	-1	0	0	0	0	-1
38002193	-1	2000	-1	0	1	1	-1	0	0	0	0	-1
38002194	-1	2000	-1	0	1	1	-1	0	0	0	0	-1
38002195	-1	2000	-1	0	1	1	-1	0	0	0	0	-1
38002196	-1	2000	-1	0	1	1	-1	0	0	0	0	-1
38002197	-1	2000	-1	0	1	1	-1	0	0	0	0	-1
38002198	-1	2000	-1	0	1	1	-1	0	0	0	0	-1
38002199	-1	2000	-1	0	1	1	-1	0	0	0	0	-1
38002200	-1	2000	-1	0	1	1	-1	0	0	0	0	-1
38002201	-1	2000	-1	0	1	1	-1	0	0	0	0	-1
38002202	-1	2000	-1	0	1	1	-1	0	0	0	0	-1
38002203	-1	2000	-1	0	1	1	-1	0	0	0	0	-1
38002204	-1	2000	-1	0	1	1	-1	0	0	0	0	-1
38002205	-1	2000	-1	0	1	1	-1	0	0	0	0	-1
38002206	-1	2000	-1	0	1	1	-1	0	0	0	0	-1
38002207	-1	2000	-1	0	1	1	-1	0	0	0	0	-1
38002208	-1	2000	-1	0	1	1	-1	0	0	0	0	-1
38002209	-1	2000	-1	0	1	1	-1	0	0	0	0	-1
38002210	-1	2000	-1	0	1	1	-1	0	0	0	0	-1
38002211	-1	2000	-1	0	1	1	-1	0	0	0	0	-1
38002212	-1	2000	-1	0	1	1	-1	0	0	0	0	-1
38002213	-1	2000	-1	0	1	1	-1	0	0	0	0	-1
38002214	-1	2000	-1	0	1	1	-1	0	0	0	0	-1
38002215	-1	2000	-1	0	1	1	-1	0	0	0	0	-1
38002216	-1	2000	-1	0	1	1	-1	0	0	0	0	-1
38002217	-1	2000	-1	0	1	1	-1	0	0	0	0	-1
38002218	168	2005	-1	0	1	1	-1	0	0	0	0	-1
38002219	168	2005	-1	0	1	1	-1	0	0	0	0	-1
38002220	168	2005	-1	0	1	1	-1	0	0	0	0	-1
38002221	-1	-1	-1	0	1	1	-1	0	0	0	0	-1
38002223	-1	2005	-1	0	1	1	-1	0	0	0	0	-1
38002228	-1	-1	-1	0	1	1	-1	0	0	0	0	-1
38002229	-1	-1	-1	0	1	1	-1	0	0	0	0	-1
38002230	-1	-1	-1	0	1	1	-1	0	0	0	0	-1
38002231	-1	-1	-1	0	1	1	-1	0	0	0	0	-1
38002232	-1	-1	-1	0	1	1	-1	0	0	0	0	-1
38002233	168	2005	-1	0	1	1	-1	0	0	0	0	-1
38002234	-1	-1	-1	0	1	1	-1	0	0	0	0	-1
38002235	-1	-1	-1	0	1	1	-1	0	0	0	0	-1
38002236	-1	-1	-1	0	1	1	-1	0	0	0	0	-1
38002237	-1	-1	-1	0	1	1	-1	0	0	0	0	-1
38002238	-1	-1	-1	0	1	1	-1	0	0	0	0	-1
38002239	-1	-1	-1	0	1	1	-1	0	0	0	0	-1
38002240	-1	-1	-1	0	1	1	-1	0	0	0	0	-1
38002241	-1	-1	-1	0	1	1	-1	0	0	0	0	-1
38002242	168	2005	-1	0	1	1	-1	0	0	0	0	-1
38002243	168	2005	-1	0	1	1	-1	0	0	0	0	-1
38002244	-1	-1	-1	0	1	1	-1	0	0	0	0	-1
38002245	-1	-1	-1	0	1	1	-1	0	0	0	0	-1
38002246	-1	-1	-1	0	1	1	-1	0	0	0	0	-1
38002247	-1	-1	-1	0	1	1	-1	0	0	0	0	-1
38002248	-1	-1	-1	0	1	1	-1	1	0	0	0	-1
38002249	-1	-1	-1	0	1	1	-1	0	0	0	0	-1
38002250	-1	-1	-1	0	1	1	-1	0	0	0	0	-1
38002251	-1	-1	-1	0	1	1	-1	0	0	0	0	-1
38002252	-1	-1	-1	0	1	1	-1	0	0	0	0	-1
38002253	-1	-1	-1	0	1	1	-1	0	0	0	0	-1
38002254	-1	-1	-1	0	1	1	-1	1	0	0	0	-1
38002255	168	-1	-1	0	1	1	-1	0	0	0	0	-1
38002256	-1	-1	-1	0	1	1	-1	0	0	0	0	-1
38002257	-1	-1	-1	0	1	1	-1	0	0	0	0	-1
38002258	-1	-1	-1	0	1	1	-1	0	0	0	0	-1
38002259	-1	-1	-1	0	1	1	-1	0	0	0	0	-1
38002260	-1	-1	-1	0	1	1	-1	0	0	0	0	-1
38002261	-1	-1	-1	0	1	1	-1	0	0	0	0	-1
38002262	-1	-1	-1	0	1	1	-1	0	0	0	0	-1
38002265	168	2005	-1	0	1	1	-1	0	0	0	0	-1
38002266	168	-1	-1	0	1	1	-1	0	0	0	0	-1
38002267	168	2005	-1	0	1	1	-1	0	0	0	0	-1
38002268	-1	-1	-1	0	1	1	-1	1	0	0	0	-1
38002269	-1	-1	-1	0	1	1	-1	1	0	0	0	-1
38002270	-1	-1	-1	0	1	1	-1	1	0	0	0	-1
38002271	-1	-1	-1	0	1	1	-1	1	0	0	0	-1
38002272	-1	-1	-1	0	1	1	-1	1	0	0	0	-1
38002273	-1	-1	-1	0	1	1	-1	1	0	0	0	-1
38002274	-1	-1	-1	0	1	1	-1	0	0	0	0	-1
38002275	-1	-1	-1	0	1	1	-1	0	0	0	0	-1
38002276	-1	-1	-1	0	1	1	-1	0	0	0	0	-1
38002277	168	-1	-1	0	1	1	-1	0	0	0	0	-1
38002278	168	-1	-1	0	1	1	-1	0	0	0	0	-1
38002279	168	-1	-1	0	1	1	-1	0	0	0	0	-1
38002280	-1	-1	-1	0	1	1	-1	0	0	0	0	-1
38002281	-1	-1	-1	0	1	1	-1	0	0	0	0	-1
38002282	-1	-1	-1	0	1	0	-1	0	0	0	1	-1
38002283	-1	-1	-1	0	1	1	-1	0	0	0	0	-1
38002284	-1	-1	-1	0	1	1	-1	0	0	0	0	-1
38002285	-1	-1	-1	0	1	1	-1	1	0	0	0	-1
38002286	168	-1	-1	0	1	1	-1	0	0	0	0	-1
38002288	168	-1	-1	0	1	1	-1	0	0	0	0	-1
38002289	168	-1	-1	0	1	1	-1	0	0	0	0	-1
38002290	168	-1	-1	0	1	1	-1	0	0	0	0	-1
38002291	168	-1	-1	0	1	1	-1	0	0	0	0	-1
38002292	-1	-1	-1	0	1	1	-1	1	0	0	0	-1
38002293	168	-1	-1	0	1	1	-1	0	0	0	0	-1
38002294	168	-1	-1	0	1	1	-1	0	0	0	0	-1
38002295	168	-1	-1	0	1	1	-1	0	0	0	0	-1
38002296	168	-1	-1	0	1	1	-1	0	0	0	0	-1
38002297	-1	-1	-1	0	1	1	-1	1	0	0	0	-1
38002298	168	-1	-1	0	1	1	-1	0	0	0	0	-1
38002299	-1	-1	-1	0	1	1	-1	1	0	0	0	-1
38002300	-1	-1	-1	0	1	1	-1	0	0	0	0	-1
38002301	-1	-1	-1	0	1	1	-1	0	0	0	0	-1
38002302	-1	-1	-1	0	1	1	-1	0	0	0	0	-1
38002303	-1	-1	-1	0	1	1	-1	0	0	0	0	-1
38002304	-1	-1	-1	0	1	1	-1	0	0	0	0	-1
38002305	-1	-1	-1	0	1	1	-1	0	0	0	0	-1
38002306	-1	-1	-1	0	1	1	-1	0	0	0	0	-1
38002307	-1	-1	-1	0	1	1	-1	0	0	0	0	-1
38002308	-1	-1	-1	0	1	1	-1	0	0	0	0	-1
38002309	-1	-1	-1	0	1	1	-1	0	0	0	0	-1
38002310	-1	-1	-1	0	1	1	-1	0	0	0	0	-1
38002311	168	-1	-1	0	1	1	-1	0	0	0	0	-1
38002312	168	-1	-1	0	1	1	-1	0	0	0	0	-1
38002313	168	-1	-1	0	1	1	-1	0	0	0	0	-1
38002314	168	-1	-1	0	1	1	-1	0	0	0	0	-1
38002315	168	-1	-1	0	1	1	-1	0	0	0	0	-1
38002316	168	-1	-1	0	1	1	-1	0	0	0	0	-1
38002317	-1	-1	-1	0	1	1	-1	1	0	0	0	-1
38002318	-1	-1	-1	0	1	1	-1	1	0	0	0	-1
38002319	-1	-1	-1	0	1	1	-1	1	0	0	0	-1
38002320	-1	-1	-1	0	1	1	-1	1	0	0	0	-1
38002321	-1	-1	-1	0	1	1	-1	1	0	0	0	-1
38002322	-1	-1	-1	0	1	1	-1	1	0	0	0	-1
38002323	-1	-1	-1	0	1	1	-1	1	0	0	0	-1
38002324	-1	-1	-1	0	1	1	-1	1	0	0	0	-1
38002325	-1	-1	-1	0	1	1	-1	1	0	0	0	-1
38002326	-1	-1	-1	0	1	1	-1	1	0	0	0	-1
38002327	-1	-1	-1	0	1	1	-1	1	0	0	0	-1
38002328	-1	-1	-1	0	1	1	-1	1	0	0	0	-1
38002329	-1	-1	-1	0	1	1	-1	1	0	0	0	-1
38002330	-1	-1	-1	0	1	1	-1	1	0	0	0	-1
38002331	-1	-1	-1	0	1	1	-1	1	0	0	0	-1
38002332	-1	-1	-1	0	1	1	-1	1	0	0	0	-1
38002333	-1	-1	-1	0	1	1	-1	1	0	0	0	-1
38002334	-1	-1	-1	0	1	1	-1	0	0	0	0	-1
38002335	-1	-1	-1	0	1	1	-1	0	0	0	0	-1
38002336	-1	-1	-1	0	1	1	-1	0	0	0	0	-1
38002337	720	2005	-1	0	1	1	-1	0	0	0	0	-1
38002338	2160	2005	-1	0	1	1	-1	0	0	0	0	-1
38002339	1440	2005	-1	0	1	1	-1	0	0	0	0	-1
38002340	2160	2005	-1	0	1	1	-1	0	0	0	0	-1
38002341	-1	2005	-1	0	1	1	-1	0	0	0	0	-1
38002342	-1	2005	-1	0	1	1	-1	0	0	0	0	-1
38002343	1440	2005	-1	0	1	1	-1	0	0	0	0	-1
38002344	2160	2005	-1	0	1	1	-1	0	0	0	0	-1
38002345	720	2005	-1	0	1	1	-1	0	0	0	0	-1
38002346	2160	2005	-1	0	1	1	-1	0	0	0	0	-1
38002347	4320	2005	-1	0	1	1	-1	0	0	0	0	-1
38002348	8640	2005	-1	0	1	1	-1	0	0	0	0	-1
38002367	-1	2005	-1	0	1	1	-1	1	0	0	0	-1
38002368	-1	2005	-1	0	1	1	-1	1	0	0	0	-1
38002369	-1	2005	-1	0	1	1	-1	1	0	0	0	-1
38002370	-1	2005	-1	0	1	1	-1	1	0	0	0	-1
38002371	-1	2005	-1	0	1	1	-1	1	0	0	0	-1
38002372	-1	2005	-1	0	1	1	-1	1	0	0	0	-1
38002373	-1	2005	-1	0	1	1	-1	1	0	0	0	-1
38002374	-1	2005	-1	0	1	1	-1	1	0	0	0	-1
38002375	-1	2005	-1	0	1	1	-1	1	0	0	0	-1
38002376	-1	2005	-1	0	1	1	-1	0	0	0	0	-1
38002377	-1	2005	-1	0	1	1	-1	0	0	0	0	-1
38002378	-1	2005	-1	0	1	1	-1	0	0	0	0	-1
38002379	-1	2005	-1	0	1	1	-1	0	0	0	0	-1
38002380	-1	2005	-1	0	1	1	-1	0	0	0	0	-1
38002381	-1	2005	-1	0	1	1	-1	0	0	0	0	-1
38002382	-1	2005	-1	0	1	1	-1	0	0	0	0	-1
38002383	-1	2005	-1	0	1	1	-1	0	0	0	0	-1
38002384	-1	2005	-1	0	1	1	-1	0	0	0	0	-1
38002385	-1	2005	-1	0	1	1	-1	0	0	0	0	-1
38002386	-1	2005	-1	0	1	1	-1	0	0	0	0	-1
38002387	-1	2005	-1	0	1	1	-1	0	0	0	0	-1
38002388	-1	2005	-1	0	1	1	-1	0	0	0	0	-1
38002389	-1	2005	-1	0	1	1	-1	0	0	0	0	-1
38002390	-1	2005	-1	0	1	1	-1	0	0	0	0	-1
38002391	-1	2005	-1	0	1	1	-1	0	0	0	0	-1
38002392	-1	2005	-1	0	1	1	-1	0	0	0	0	-1
38002393	-1	2005	-1	0	1	1	-1	0	0	0	0	-1
38002394	-1	2005	-1	0	1	1	-1	0	0	0	0	-1
38002395	-1	2005	-1	0	1	1	-1	0	0	0	0	-1
38002396	-1	2005	-1	0	1	1	-1	1	0	0	0	-1
38002397	-1	2005	-1	0	1	1	-1	0	0	0	1	-1
38002399	-1	2005	-1	0	1	1	-1	1	0	0	1	-1
38002400	-1	2005	-1	0	1	1	-1	0	0	0	1	-1
38002401	-1	2005	-1	0	1	1	-1	0	0	0	1	-1
38002402	-1	2005	-1	0	1	1	-1	0	0	0	1	-1
38002403	-1	2005	-1	0	1	1	-1	0	0	0	1	-1
38002404	-1	2005	-1	0	1	1	-1	0	0	0	1	-1
38002406	168	2005	-1	0	1	1	-1	0	0	0	0	-1
38002407	168	2005	-1	0	1	1	-1	0	0	0	0	-1
38002408	720	2005	-1	0	1	1	-1	0	0	0	0	-1
38002409	-1	2005	-1	0	1	1	-1	0	0	0	0	-1
38002410	-1	2005	-1	0	1	1	-1	0	0	0	0	-1
38002411	-1	2005	-1	0	1	1	-1	0	0	0	0	-1
38002412	168	2005	-1	0	1	1	-1	0	0	0	0	-1
38002413	-1	2005	-1	0	1	1	-1	0	0	0	0	-1
38002414	-1	2005	-1	0	1	1	-1	0	0	0	0	-1
38002415	-1	2005	-1	0	1	1	-1	0	0	0	0	-1
38002418	168	2005	-1	0	1	1	-1	0	0	0	0	-1
38002419	168	2005	-1	0	1	1	-1	0	0	0	0	-1
38002420	168	2005	-1	0	1	1	-1	0	0	0	0	-1
38002421	168	2005	-1	0	1	1	-1	0	0	0	0	-1
38002422	168	2005	-1	0	1	1	-1	0	0	0	0	-1
38002423	168	2005	-1	0	1	1	-1	0	0	0	0	-1
38002424	168	2005	-1	0	1	1	-1	0	0	0	0	-1
38002425	168	2005	-1	0	1	1	-1	0	0	0	0	-1
38002426	-1	2005	-1	0	1	1	-1	0	0	0	0	-1
38002427	720	2005	-1	0	1	1	-1	0	0	0	0	-1
38002428	-1	2005	-1	0	1	1	-1	0	0	0	0	-1
38002429	168	2005	-1	0	1	1	-1	0	0	0	0	-1
38002430	168	2005	-1	0	1	1	-1	0	0	0	0	-1
38002431	168	2005	-1	0	1	1	-1	0	0	0	0	-1
38002432	168	2005	-1	0	1	1	-1	0	0	0	0	-1
38002433	168	2005	-1	0	1	1	-1	0	0	0	0	-1
38002434	168	2005	-1	0	1	1	-1	0	0	0	0	-1
38002435	168	2005	-1	0	1	1	-1	0	0	0	0	-1
38002436	168	2005	-1	0	1	1	-1	0	0	0	0	-1
38002437	168	2005	-1	0	1	1	-1	0	0	0	0	-1
38002438	168	2005	-1	0	1	1	-1	0	0	0	0	-1
38002439	168	2005	-1	0	1	1	-1	0	0	0	0	-1
38002440	168	2005	-1	0	1	1	-1	0	0	0	0	-1
38002441	-1	2005	-1	0	1	1	-1	0	0	0	0	-1
38002442	-1	2005	-1	0	1	1	-1	0	0	0	0	-1
38002443	-1	2005	-1	0	1	1	-1	0	0	0	0	-1
38002444	-1	2005	-1	0	1	1	-1	0	0	0	0	-1
38002445	-1	2005	-1	0	1	1	-1	0	0	0	0	-1
38002446	-1	2005	-1	0	1	1	-1	0	0	0	0	-1
38002447	-1	2005	-1	0	1	1	-1	0	0	0	0	-1
38002448	-1	2005	-1	0	1	1	-1	0	0	0	0	-1
38002449	-1	2005	-1	0	1	1	-1	0	0	0	0	-1
38002450	168	2005	-1	0	1	1	-1	0	0	0	0	-1
38002451	-1	2005	-1	0	1	1	-1	0	0	0	0	-1
38002453	168	2005	-1	0	1	1	-1	0	0	0	0	-1
38002454	168	2005	-1	0	1	1	-1	0	0	0	0	-1
38002455	168	2005	-1	0	1	1	-1	0	0	0	0	-1
38002456	168	2005	-1	0	1	1	-1	0	0	0	0	-1
38002457	168	2005	-1	0	1	1	-1	0	0	0	0	-1
38002458	168	2005	-1	0	1	1	-1	0	0	0	0	-1
38002459	168	2005	-1	0	1	1	-1	0	0	0	0	-1
38002460	168	2005	-1	0	1	1	-1	0	0	0	0	-1
38002461	168	2005	-1	0	1	1	-1	0	0	0	0	-1
38002467	-1	-1	-1	0	1	1	-1	0	0	0	0	-1
38002468	-1	-1	-1	0	1	1	-1	0	0	0	0	-1
38002469	-1	-1	-1	0	1	0	-1	0	0	0	1	-1
38002470	-1	-1	-1	0	1	1	-1	0	0	0	0	-1
38002471	-1	-1	-1	0	1	1	-1	0	0	0	0	-1
38002472	168	-1	-1	0	1	1	-1	0	0	0	0	-1
38002473	168	-1	-1	0	1	1	-1	0	0	0	0	-1
38002474	-1	-1	-1	0	1	1	-1	1	0	0	0	-1
38002475	-1	-1	-1	0	1	1	-1	0	0	0	0	-1
38002476	-1	-1	-1	0	1	1	-1	0	0	0	0	-1
38002477	-1	-1	-1	0	1	1	-1	1	0	0	0	-1
38002478	-1	-1	-1	0	1	1	-1	0	0	0	0	-1
38002479	-1	-1	-1	0	1	1	-1	0	0	0	0	-1
38002480	-1	-1	-1	0	1	1	-1	0	0	0	0	-1
38002481	-1	-1	-1	0	1	1	-1	0	0	0	0	-1
38002482	-1	-1	-1	0	1	1	-1	1	0	0	0	-1
38002483	-1	-1	-1	0	1	1	-1	0	0	0	0	-1
38002484	168	-1	-1	0	1	1	-1	0	0	0	0	-1
38002485	168	2005	-1	0	1	1	-1	0	0	0	0	-1
38002486	168	2005	-1	0	1	1	-1	0	0	0	0	-1
38002487	168	2005	-1	0	1	1	-1	0	0	0	0	-1
38002488	-1	-1	-1	0	1	1	-1	1	0	0	0	-1
38002489	-1	-1	-1	0	1	1	-1	0	0	0	0	-1
38002490	-1	-1	-1	0	1	1	-1	0	0	0	0	-1
38002491	-1	-1	-1	0	1	1	-1	0	0	0	0	-1
38002492	168	-1	-1	0	1	1	-1	0	0	0	0	-1
38002493	168	-1	-1	0	1	1	-1	0	0	0	0	-1
38002494	-1	-1	-1	0	1	1	-1	0	0	0	0	-1
38002496	-1	-1	-1	0	1	1	-1	0	0	0	0	-1
38002497	-1	-1	-1	0	1	1	-1	0	0	0	0	-1
38002498	-1	-1	-1	0	1	1	-1	0	0	0	0	-1
38002499	-1	-1	-1	0	1	1	-1	0	0	0	0	-1
38002500	-1	-1	-1	0	1	1	-1	0	0	0	0	-1
38002501	-1	-1	-1	0	1	1	-1	0	0	0	0	-1
38002502	-1	-1	-1	0	1	1	-1	0	0	0	0	-1
38002503	-1	-1	-1	0	1	1	-1	0	0	0	0	-1
38002504	-1	-1	-1	0	1	1	-1	0	0	0	0	-1
38002505	-1	-1	-1	0	1	1	-1	1	0	0	0	-1
38002506	168	-1	-1	0	1	1	-1	0	0	0	0	-1
38002507	168	-1	-1	0	1	1	-1	0	0	0	0	-1
38002508	168	-1	-1	0	1	1	-1	0	0	0	0	-1
38002509	168	-1	-1	0	1	1	-1	0	0	0	0	-1
38002510	168	-1	-1	0	1	1	-1	0	0	0	0	-1
38002512	-1	-1	-1	0	1	1	-1	1	0	0	0	-1
38002513	-1	-1	-1	0	1	1	-1	1	0	0	0	-1
38002514	-1	-1	-1	0	1	1	-1	1	0	0	0	-1
38002535	168	-1	-1	0	1	1	-1	0	0	0	0	-1
38002536	168	-1	-1	0	1	1	-1	0	0	0	0	-1
38002539	-1	-1	-1	0	1	1	-1	1	0	0	0	-1
38002540	-1	-1	-1	0	1	1	-1	0	0	0	0	-1
38002541	-1	-1	-1	0	1	1	-1	0	0	0	0	-1
38002542	-1	-1	-1	0	1	1	-1	1	0	0	0	-1
38002543	-1	-1	-1	0	1	1	-1	1	0	0	0	-1
38002544	-1	-1	-1	0	1	1	-1	1	0	0	0	-1
38002545	168	-1	-1	0	1	1	-1	0	0	0	0	-1
38002546	168	-1	-1	0	1	1	-1	0	0	0	0	-1
38002547	-1	-1	-1	0	1	1	-1	0	0	0	0	-1
38002548	168	2005	-1	0	1	1	-1	0	0	0	0	-1
38002549	720	2005	-1	0	1	1	-1	0	0	0	1	-1
38002550	-1	2005	-1	0	1	1	-1	1	0	0	0	-1
38002551	-1	2005	-1	0	1	1	-1	0	0	0	0	-1
38002552	-1	2005	-1	0	1	1	-1	0	0	0	1	-1
38002553	168	2005	-1	0	1	1	-1	0	0	0	0	-1
38002554	168	2005	-1	0	1	1	-1	0	0	0	0	-1
38002555	-1	2005	-1	0	1	1	-1	1	0	0	0	-1
38002556	-1	2005	-1	0	1	1	-1	0	0	0	0	-1
38002557	-1	2005	-1	0	1	1	-1	1	0	0	0	-1
38002558	-1	2005	-1	0	1	1	-1	1	0	0	0	-1
38002559	-1	2005	-1	0	1	1	-1	1	0	0	0	-1
38002560	-1	2005	-1	0	1	1	-1	1	0	0	0	-1
38002561	-1	2005	-1	0	1	1	-1	1	0	0	0	-1
38002562	-1	2005	-1	0	1	1	-1	1	0	0	0	-1
38002563	-1	2005	-1	0	1	1	-1	1	0	0	0	-1
38002564	-1	2005	-1	0	1	1	-1	1	0	0	0	-1
38002565	168	2005	-1	0	1	1	-1	0	0	0	0	-1
38002566	168	2005	-1	0	1	1	-1	0	0	0	0	-1
38002567	168	2005	-1	0	1	1	-1	0	0	0	0	-1
38002568	168	2005	-1	0	1	1	-1	0	0	0	0	-1
38002570	168	2005	-1	0	1	1	-1	0	0	0	0	-1
38002571	168	2005	-1	0	1	1	-1	0	0	0	0	-1
38002572	168	2005	-1	0	1	1	-1	0	0	0	0	-1
38002573	-1	2005	-1	0	1	1	-1	1	0	0	0	-1
38002576	168	2005	-1	0	1	1	-1	0	0	0	0	-1
38002577	168	2005	-1	0	1	1	-1	0	0	0	0	-1
38002578	168	2005	-1	0	1	1	-1	0	0	0	0	-1
38002579	-1	2005	-1	0	1	1	-1	0	0	0	1	-1
38002580	24	2005	-1	0	1	1	-1	0	0	0	0	-1
38002581	24	2005	-1	0	1	1	-1	0	0	0	0	-1
38002584	-1	-1	-1	0	1	1	-1	0	0	0	0	-1
38002585	48	-1	-1	0	1	1	-1	0	0	0	0	-1
38002586	-1	2005	-1	0	1	1	-1	0	0	0	0	-1
38002587	168	2005	-1	0	1	1	-1	0	0	0	0	-1
38002588	168	2005	-1	0	1	1	-1	0	0	0	0	-1
38002590	-1	2005	-1	0	1	1	-1	0	0	0	0	-1
38002591	168	2005	-1	0	1	1	-1	0	0	0	0	-1
38002592	168	2005	-1	0	1	1	-1	0	0	0	0	-1
38002593	168	2005	-1	0	1	1	-1	0	0	0	0	-1
38002594	-1	2005	-1	0	1	1	-1	1	0	0	0	-1
38002595	-1	2005	-1	0	1	1	-1	1	0	0	0	-1
38002596	-1	2005	-1	0	1	1	-1	0	0	0	1	-1
38002597	-1	2005	-1	0	1	1	-1	1	0	0	0	-1
38002598	168	2005	-1	0	1	1	-1	0	0	0	0	-1
38002599	168	2005	-1	0	1	1	-1	0	0	0	0	-1
38002600	168	2005	-1	0	1	1	-1	0	0	0	0	-1
38002601	24	2005	-1	0	1	1	-1	0	0	0	1	-1
38002602	24	2005	-1	0	1	1	-1	0	0	0	1	-1
38002603	-1	2005	-1	0	1	1	-1	0	0	0	0	-1
38002604	-1	2005	-1	0	1	1	-1	0	0	0	0	-1
38002605	-1	2005	-1	0	1	1	-1	0	0	0	0	-1
38002606	168	-1	-1	0	1	1	-1	0	0	0	0	-1
38002607	168	-1	-1	0	1	1	-1	0	0	0	0	-1
38002608	-1	-1	-1	0	1	1	-1	0	0	0	0	-1
38002609	-1	-1	-1	0	1	1	-1	0	0	0	0	-1
38002610	-1	-1	-1	0	1	1	-1	0	0	0	0	-1
38002611	-1	-1	-1	0	1	1	-1	0	0	0	0	-1
38002612	-1	-1	-1	0	1	1	-1	0	0	0	0	-1
38002613	-1	-1	-1	0	1	1	-1	0	0	0	0	-1
38002614	-1	-1	-1	0	1	1	-1	0	0	0	0	-1
38002615	-1	-1	-1	0	1	1	-1	0	0	0	0	-1
38002616	-1	-1	-1	0	1	1	-1	0	0	0	0	-1
38002617	-1	-1	-1	0	1	1	-1	0	0	0	0	-1
38002618	-1	-1	-1	0	1	1	-1	0	0	0	0	-1
38002619	-1	-1	-1	0	1	1	-1	0	0	0	0	-1
38002620	-1	-1	-1	0	1	1	-1	0	0	0	0	-1
38002621	-1	-1	-1	0	1	1	-1	0	0	0	0	-1
38002622	-1	-1	-1	0	1	1	-1	0	0	0	0	-1
38002623	-1	-1	-1	0	1	1	-1	0	0	0	0	-1
38002624	-1	-1	-1	0	1	1	-1	0	0	0	0	-1
38002625	-1	-1	-1	0	1	1	-1	0	0	0	0	-1
38002626	-1	-1	-1	0	1	1	-1	0	0	0	0	-1
38002627	-1	-1	-1	0	1	1	-1	0	0	0	0	-1
38002628	-1	-1	-1	0	1	1	-1	0	0	0	0	-1
38002629	-1	-1	-1	0	1	1	-1	0	0	0	0	-1
38002630	-1	-1	-1	0	1	1	-1	0	0	0	0	-1
38002631	168	-1	-1	0	1	1	-1	0	0	0	0	-1
38002632	168	-1	-1	0	1	1	-1	0	0	0	0	-1
38002633	-1	-1	-1	0	1	1	-1	0	0	0	0	-1
38002634	-1	-1	-1	0	1	1	-1	0	0	0	0	-1
38002635	-1	-1	-1	0	1	1	-1	0	0	0	0	-1
38002636	-1	-1	-1	0	1	1	-1	0	0	0	0	-1
38002637	-1	-1	-1	0	1	1	-1	0	0	0	0	-1
38002638	-1	-1	-1	0	1	1	-1	0	0	0	0	-1
38002639	48	-1	-1	0	1	1	-1	0	0	0	0	-1
38002640	168	-1	-1	0	1	1	-1	0	0	0	0	-1
38002641	168	-1	-1	0	1	1	-1	0	0	0	0	-1
38002642	168	-1	-1	0	1	1	-1	0	0	0	0	-1
38002643	168	-1	-1	0	1	1	-1	0	0	0	0	-1
38002644	168	-1	-1	0	1	1	-1	0	0	0	0	-1
38002645	168	-1	-1	0	1	1	-1	0	0	0	0	-1
38002646	-1	-1	-1	0	1	1	-1	1	0	0	0	-1
38002647	-1	-1	-1	0	1	1	-1	1	0	0	0	-1
38002648	-1	-1	-1	0	1	1	-1	1	0	0	0	-1
38002649	-1	-1	-1	0	1	1	-1	1	0	0	0	-1
38002650	168	-1	-1	0	1	1	-1	0	0	0	0	-1
38002651	168	-1	-1	0	1	1	-1	0	0	0	0	-1
38002652	-1	2005	-1	0	1	1	-1	0	0	0	0	-1
38002653	-1	2005	-1	0	1	1	-1	0	0	0	0	-1
38002654	-1	2005	-1	0	1	1	-1	0	0	0	0	-1
38002655	-1	-1	-1	0	1	1	-1	0	0	0	0	-1
38002656	-1	-1	-1	0	1	1	-1	0	0	0	0	-1
38002657	-1	-1	-1	0	1	1	-1	0	0	0	0	-1
38002658	168	-1	-1	0	1	1	-1	0	0	0	0	-1
38002659	-1	2005	-1	0	1	1	-1	0	0	0	0	-1
38002660	-1	2005	-1	0	1	1	-1	0	0	0	0	-1
38002661	-1	2005	-1	0	1	1	-1	0	0	0	0	-1
38002662	-1	2005	-1	0	1	1	-1	0	0	0	0	-1
38002663	-1	2005	-1	0	1	1	-1	0	0	0	0	-1
38002664	168	-1	-1	0	1	1	-1	0	0	0	0	-1
38002665	336	-1	-1	0	1	1	-1	0	0	0	0	-1
38002666	336	-1	-1	0	1	1	-1	0	0	0	0	-1
38002667	336	-1	-1	0	1	1	-1	0	0	0	0	-1
38002668	-1	-1	-1	0	1	1	-1	1	0	0	0	-1
38002669	-1	2005	-1	0	1	1	-1	0	0	0	0	-1
38002670	168	-1	-1	0	1	1	-1	0	0	0	0	-1
38002671	-1	-1	-1	0	1	1	-1	0	0	0	0	-1
38002672	-1	-1	-1	0	1	1	-1	0	0	0	0	-1
38002673	-1	-1	-1	0	1	1	-1	0	0	0	1	-1
38002674	-1	-1	-1	0	1	1	-1	0	0	0	1	-1
38002678	-1	-1	-1	0	1	1	-1	1	0	0	0	-1
38002679	-1	-1	-1	0	1	1	-1	1	0	0	0	-1
38002680	-1	-1	-1	0	1	1	-1	0	0	0	1	-1
38002681	48	-1	-1	0	1	1	-1	0	0	0	0	-1
38002684	-1	-1	-1	0	1	1	-1	0	0	0	1	-1
38002685	-1	-1	-1	0	1	1	-1	0	0	0	1	-1
38002686	-1	-1	-1	0	1	1	-1	0	0	0	1	-1
38002687	-1	-1	-1	0	1	1	-1	1	0	0	0	-1
38002688	168	2005	-1	0	1	1	-1	0	0	0	0	-1
38002689	168	2005	-1	0	1	1	-1	0	0	0	0	-1
38002690	168	2005	-1	0	1	1	-1	0	0	0	0	-1
38002691	-1	-1	-1	0	1	1	-1	1	0	0	0	-1
38002692	-1	-1	-1	0	1	1	-1	1	0	0	0	-1
38002693	-1	-1	-1	0	1	1	-1	1	0	0	0	-1
38002694	-1	-1	-1	0	1	1	-1	1	0	0	0	-1
38002695	-1	-1	-1	0	1	1	-1	1	0	0	0	-1
38002696	168	2005	-1	0	1	1	-1	0	0	0	0	-1
38002697	168	2005	-1	0	1	1	-1	0	0	0	0	-1
38002698	168	2005	-1	0	1	1	-1	0	0	0	0	-1
38002699	168	2005	-1	0	1	1	-1	0	0	0	0	-1
38002700	168	2005	-1	0	1	1	-1	0	0	0	0	-1
38002701	-1	2005	-1	0	1	0	-1	0	0	0	0	-1
38002702	-1	2005	-1	0	1	0	-1	0	0	0	0	-1
38002703	-1	2005	-1	0	1	0	-1	0	0	0	0	-1
38002704	360	2005	-1	0	1	1	-1	0	0	0	0	-1
38002705	360	2005	-1	0	1	1	-1	0	0	0	0	-1
38002706	360	2005	-1	0	1	1	-1	0	0	0	0	-1
38002707	360	2005	-1	0	1	1	-1	0	0	0	0	-1
38002708	-1	-1	-1	0	1	1	-1	0	0	0	0	-1
38002710	168	2005	-1	0	1	1	-1	0	0	0	0	-1
38002711	168	2005	-1	0	1	1	-1	0	0	0	0	-1
38002712	168	2005	-1	0	1	1	-1	0	0	0	0	-1
38002713	168	2005	-1	0	1	1	-1	0	0	0	0	-1
38002714	168	2005	-1	0	1	1	-1	0	0	0	0	-1
38002715	168	-1	-1	0	1	1	-1	0	0	0	1	-1
38002716	168	-1	-1	0	1	1	-1	0	0	0	0	-1
38002717	168	-1	-1	0	1	1	-1	0	0	0	0	-1
38002718	168	-1	-1	0	1	1	-1	0	0	0	1	-1
38002719	168	-1	-1	0	1	1	-1	0	0	0	1	-1
38002720	168	-1	-1	0	1	1	-1	0	0	0	1	-1
38002721	168	-1	-1	0	1	1	-1	0	0	0	1	-1
38002722	168	-1	-1	0	1	1	-1	0	0	0	1	-1
38002723	168	-1	-1	0	1	1	-1	0	0	0	1	-1
38002724	168	-1	-1	0	1	1	-1	0	0	0	1	-1
38002725	168	-1	-1	0	1	1	-1	0	0	0	0	-1
38002726	-1	-1	-1	0	1	1	-1	1	0	0	1	-1
38002727	-1	-1	-1	0	1	1	-1	1	0	0	1	-1
38002730	-1	-1	-1	0	1	1	-1	1	0	0	0	-1
38002731	-1	-1	-1	0	1	1	-1	1	0	0	0	-1
38002733	-1	-1	-1	0	1	1	-1	1	0	0	0	-1
38002734	-1	-1	-1	0	1	1	-1	1	0	0	0	-1
38002735	-1	-1	-1	0	1	1	-1	1	0	0	0	-1
38002736	168	-1	-1	0	1	1	-1	0	0	0	0	-1
38002737	168	-1	-1	0	1	1	-1	0	0	0	0	-1
38002738	168	-1	-1	0	1	1	-1	0	0	0	0	-1
38002739	168	-1	-1	0	1	1	-1	0	0	0	0	-1
38002740	168	-1	-1	0	1	1	-1	0	0	0	0	-1
38002743	168	-1	-1	0	1	1	-1	0	0	0	0	-1
38002744	-1	-1	-1	0	1	1	-1	1	0	0	0	-1
38002745	-1	-1	-1	0	1	1	-1	0	0	0	1	-1
38002748	168	-1	-1	0	1	1	-1	0	0	0	0	-1
38002749	-1	-1	-1	0	1	1	-1	1	0	0	0	-1
38002750	-1	-1	-1	0	1	1	-1	0	0	0	0	-1
38002751	-1	-1	-1	0	1	1	-1	0	0	0	0	-1
38002752	168	-1	-1	0	1	1	-1	0	0	0	0	-1
38002753	-1	-1	-1	0	1	1	-1	1	0	0	0	-1
38002754	-1	-1	-1	0	1	1	-1	1	0	0	0	-1
38002755	168	-1	-1	0	1	1	-1	0	0	0	0	-1
38002756	-1	-1	-1	0	1	1	-1	1	0	0	1	-1
38002757	-1	-1	-1	0	1	1	-1	1	0	0	1	-1
38002758	-1	-1	-1	0	1	1	-1	1	0	0	1	-1
38002759	-1	-1	-1	0	1	1	-1	1	0	0	1	-1
38002760	168	-1	-1	0	1	1	-1	0	0	0	0	-1
38002761	-1	-1	-1	0	1	1	-1	0	0	0	0	-1
38002763	-1	-1	-1	0	1	1	-1	0	0	0	0	-1
38002764	-1	-1	-1	0	1	1	-1	0	0	0	0	-1
38002765	24	-1	-1	0	1	1	-1	0	0	0	0	-1
38002766	-1	-1	-1	0	1	1	-1	1	0	0	0	-1
38002767	-1	-1	-1	0	1	1	-1	1	0	0	0	-1
38002771	-1	-1	-1	0	1	1	-1	0	0	0	0	-1
38002772	168	-1	-1	0	1	1	-1	0	0	0	0	-1
38002773	168	-1	-1	0	1	1	-1	0	0	0	0	-1
38002775	-1	-1	-1	0	1	1	-1	0	0	0	1	-1
38002776	168	2005	-1	0	1	1	-1	0	0	0	0	-1
38002777	168	-1	-1	0	1	1	-1	0	0	0	0	-1
38002778	168	-1	-1	0	1	1	-1	0	0	0	0	-1
38002779	168	-1	-1	0	1	1	-1	0	0	0	0	-1
38002780	168	-1	-1	0	1	1	-1	0	0	0	0	-1
38002782	168	-1	-1	0	1	1	-1	0	0	0	0	-1
38002783	168	-1	-1	0	1	1	-1	0	0	0	0	-1
38002784	72	-1	-1	0	1	1	-1	0	0	0	0	-1
38002785	-1	-1	-1	0	1	1	-1	0	0	0	0	-1
38002786	72	-1	-1	0	1	1	-1	0	0	0	0	-1
38002787	-1	-1	-1	0	1	1	-1	0	0	0	0	-1
38002788	72	-1	-1	0	1	1	-1	0	0	0	0	-1
38002789	72	-1	-1	0	1	1	-1	0	0	0	0	-1
38002790	168	-1	-1	0	1	1	-1	0	0	0	0	-1
38002791	168	-1	-1	0	1	1	-1	0	0	0	0	-1
38002792	-1	-1	-1	0	1	1	-1	1	0	0	0	-1
38002793	168	-1	-1	0	1	1	-1	0	0	0	0	-1
38002794	168	-1	-1	0	1	1	-1	0	0	0	0	-1
38002795	-1	-1	-1	0	1	1	-1	0	0	0	0	-1
38002797	-1	-1	-1	0	1	1	-1	0	0	0	0	-1
38002798	2	-1	-1	0	1	1	-1	0	0	0	0	-1
38002799	-1	-1	-1	0	1	1	-1	0	0	0	0	-1
38002800	-1	-1	-1	0	1	1	-1	0	0	0	0	-1
38002801	-1	-1	-1	0	1	1	-1	0	0	0	0	-1
38002802	-1	-1	-1	0	1	1	-1	0	0	0	0	-1
38002803	-1	-1	-1	0	1	1	-1	0	0	0	0	-1
38002804	-1	-1	-1	0	1	1	-1	0	0	0	0	-1
38002806	-1	-1	-1	0	1	1	-1	0	0	0	0	-1
38002807	2	-1	-1	0	1	1	-1	0	0	0	0	-1
38002810	168	-1	-1	0	1	1	-1	0	0	0	0	-1
38002811	168	-1	-1	0	1	1	-1	0	0	0	0	-1
38002813	360	-1	-1	0	1	1	-1	0	0	0	0	-1
38002814	168	-1	-1	0	1	1	-1	0	0	0	0	-1
38002815	168	-1	-1	0	1	1	-1	0	0	0	0	-1
38002816	-1	-1	-1	0	1	1	-1	0	0	0	1	-1
38002817	-1	-1	-1	0	1	1	-1	0	0	0	0	-1
38002818	-1	-1	-1	0	1	1	-1	0	0	0	0	-1
38002819	-1	-1	-1	0	1	1	-1	0	0	0	0	-1
38002820	168	-1	-1	0	1	1	-1	0	0	0	0	-1
38002821	24	-1	-1	0	1	1	-1	0	0	0	0	-1
38002822	-1	2005	-1	0	1	1	-1	1	0	0	0	-1
38002826	168	-1	-1	0	1	1	-1	0	0	0	0	-1
38002827	168	-1	-1	0	1	1	-1	0	0	0	0	-1
38002828	-1	-1	-1	0	1	1	-1	0	0	0	0	-1
38002833	168	-1	-1	0	1	1	-1	0	0	0	0	-1
38002835	168	-1	-1	0	1	1	-1	0	0	0	0	-1
38002836	168	-1	-1	0	1	1	-1	0	0	0	0	-1
38002837	168	-1	-1	0	1	1	-1	0	0	0	0	-1
38002838	168	-1	-1	0	1	1	-1	0	0	0	0	-1
38002839	168	-1	-1	0	1	1	-1	0	0	0	0	-1
38002840	168	-1	-1	0	1	1	-1	0	0	0	0	-1
38002841	-1	-1	-1	0	1	1	-1	0	0	0	0	-1
38002843	168	-1	-1	0	1	1	-1	0	0	0	0	-1
38002844	168	-1	-1	0	1	1	-1	0	0	0	0	-1
38002845	168	-1	-1	0	1	1	-1	0	0	0	0	-1
38002846	-1	-1	-1	0	1	1	-1	0	0	0	0	-1
38002847	72	-1	-1	0	1	1	-1	0	0	0	1	-1
38002848	-1	-1	-1	0	1	1	-1	1	0	0	1	-1
38002849	168	-1	-1	0	1	1	-1	0	0	0	0	-1
38002850	168	-1	-1	0	1	1	-1	0	0	0	0	-1
38002851	168	-1	-1	0	1	1	-1	0	0	0	0	-1
38002852	168	-1	-1	0	1	1	-1	0	0	0	0	-1
38002853	168	-1	-1	0	1	1	-1	0	0	0	0	-1
38002854	168	-1	-1	0	1	1	-1	0	0	0	0	-1
38002855	168	-1	-1	0	1	1	-1	0	0	0	0	-1
38002856	-1	-1	-1	0	1	1	-1	0	0	0	0	-1
38002857	168	-1	-1	0	1	1	-1	0	0	0	0	-1
38002858	168	-1	-1	0	1	1	-1	0	0	0	0	-1
38002859	168	-1	-1	0	1	1	-1	0	0	0	0	-1
38002860	168	-1	-1	0	1	1	-1	0	0	0	0	-1
38002861	168	-1	-1	0	1	1	-1	0	0	0	0	-1
38002862	168	-1	-1	0	1	1	-1	0	0	0	0	-1
38002863	168	-1	-1	0	1	1	-1	0	0	0	0	-1
38002864	168	-1	-1	0	1	1	-1	0	0	0	0	-1
38002865	168	-1	-1	0	1	1	-1	0	0	0	0	-1
38002866	168	-1	-1	0	1	1	-1	0	0	0	0	-1
38002867	-1	-1	-1	0	1	1	-1	0	0	0	0	-1
38002868	-1	-1	-1	0	1	1	-1	0	0	0	0	-1
38002875	-1	-1	-1	0	1	1	-1	0	0	0	1	-1
38002876	-1	-1	-1	0	1	1	-1	0	0	0	0	-1
38002877	168	2005	-1	0	1	1	-1	0	0	0	0	-1
38002878	-1	-1	-1	0	1	1	-1	0	0	0	0	-1
38002879	-1	2005	-1	0	1	1	-1	1	0	0	0	-1
38002880	-1	2005	-1	0	1	1	-1	1	0	0	0	-1
38002881	168	-1	-1	0	1	1	-1	0	0	0	0	-1
38002882	168	-1	-1	0	1	1	-1	0	0	0	0	-1
38002883	168	-1	-1	0	1	1	-1	0	0	0	0	-1
38002884	-1	2005	-1	0	1	1	-1	1	0	0	0	-1
38002885	-1	2005	-1	0	1	1	-1	1	0	0	0	-1
38002886	-1	2005	-1	0	1	1	-1	1	0	0	0	-1
38002887	-1	2005	-1	0	1	1	-1	1	0	0	0	-1
38002888	168	2005	-1	0	1	1	-1	0	0	0	0	-1
38002889	-1	-1	-1	0	1	1	-1	0	0	0	0	-1
38002890	-1	-1	-1	0	1	1	-1	0	0	0	0	-1
38002891	-1	-1	-1	0	1	1	-1	1	0	0	0	-1
38002892	-1	-1	-1	0	1	1	-1	1	0	0	0	-1
38002893	-1	-1	-1	0	1	1	-1	1	0	0	0	-1
38002894	-1	-1	-1	0	1	1	-1	1	0	0	0	-1
38002895	-1	-1	-1	0	1	1	-1	0	0	0	0	-1
38002896	-1	-1	-1	0	1	1	-1	0	0	0	0	-1
38002897	-1	-1	-1	0	1	1	-1	0	0	0	0	-1
38002898	-1	-1	-1	0	1	1	-1	0	0	0	0	-1
38002899	-1	-1	-1	0	1	1	-1	0	0	0	0	-1
38002900	-1	-1	-1	0	1	1	-1	0	0	0	0	-1
38002901	-1	-1	-1	0	1	1	-1	0	0	0	0	-1
38002902	-1	-1	-1	0	1	1	-1	0	0	0	0	-1
38002903	-1	-1	-1	0	1	1	-1	0	0	0	0	-1
38002904	-1	-1	-1	0	1	1	-1	0	0	0	0	-1
38002905	-1	-1	-1	0	1	1	-1	0	0	0	0	-1
38002906	-1	-1	-1	0	1	1	-1	0	0	0	0	-1
38002907	-1	-1	-1	0	1	1	-1	0	0	0	0	-1
38002908	-1	-1	-1	0	1	1	-1	0	0	0	0	-1
38002909	-1	-1	-1	0	1	1	-1	0	0	0	0	-1
38002910	-1	-1	-1	0	1	1	-1	0	0	0	0	-1
38002911	-1	-1	-1	0	1	1	-1	0	0	0	0	-1
38002912	-1	-1	-1	0	1	1	-1	0	0	0	0	-1
38002913	-1	-1	-1	0	1	1	-1	0	0	0	0	-1
38002914	-1	-1	-1	0	1	1	-1	0	0	0	0	-1
38002915	-1	-1	-1	0	1	1	-1	0	0	0	0	-1
38002916	-1	-1	-1	0	1	1	-1	0	0	0	0	-1
38002917	-1	-1	-1	0	1	1	-1	0	0	0	0	-1
38002918	-1	-1	-1	0	1	1	-1	0	0	0	0	-1
38002919	-1	-1	-1	0	1	1	-1	0	0	0	0	-1
38002920	-1	-1	-1	0	1	1	-1	0	0	0	0	-1
38002921	-1	-1	-1	0	1	1	-1	0	0	0	0	-1
38002922	-1	-1	-1	0	1	1	-1	0	0	0	0	-1
38002923	-1	-1	-1	0	1	1	-1	0	0	0	0	-1
38002924	720	-1	-1	0	1	1	-1	0	0	0	0	-1
38002925	2160	-1	-1	0	1	1	-1	0	0	0	0	-1
38002926	168	-1	-1	0	1	1	-1	0	0	0	0	-1
38002927	168	-1	-1	0	1	1	-1	0	0	0	0	-1
38002928	168	-1	-1	0	1	1	-1	0	0	0	0	-1
38002929	168	-1	-1	0	1	1	-1	0	0	0	0	-1
38002930	168	-1	-1	0	1	1	-1	0	0	0	0	-1
38002931	168	-1	-1	0	1	1	-1	0	0	0	0	-1
38002932	168	-1	-1	0	1	1	-1	0	0	0	0	-1
38002933	168	-1	-1	0	1	1	-1	0	0	0	0	-1
38002934	168	-1	-1	0	1	1	-1	0	0	0	0	-1
38002935	168	-1	-1	0	1	1	-1	0	0	0	0	-1
38002936	168	-1	-1	0	1	1	-1	0	0	0	0	-1
38002937	168	-1	-1	0	1	1	-1	0	0	0	0	-1
38002938	168	-1	-1	0	1	1	-1	0	0	0	0	-1
38002939	168	-1	-1	0	1	1	-1	0	0	0	0	-1
38002940	168	-1	-1	0	1	1	-1	0	0	0	0	-1
38002941	168	-1	-1	0	1	1	-1	0	0	0	0	-1
38002942	-1	-1	-1	0	1	1	-1	0	0	0	0	-1
38002943	168	-1	-1	0	1	1	-1	0	0	0	0	-1
38002944	-1	-1	-1	0	1	1	-1	0	0	0	0	-1
38002945	-1	-1	-1	0	1	1	-1	0	0	0	0	-1
38002946	-1	-1	-1	0	1	1	-1	0	0	0	0	-1
38002947	168	-1	-1	0	1	1	-1	0	0	0	0	-1
38002948	-1	-1	-1	0	1	1	-1	0	0	0	0	-1
38002949	168	-1	-1	0	1	1	-1	0	0	0	0	-1
38002950	-1	-1	-1	0	1	1	-1	0	0	0	0	-1
38002951	-1	-1	-1	0	1	1	-1	0	0	0	0	-1
38002952	-1	-1	-1	0	1	1	-1	1	0	0	0	-1
38002953	-1	-1	-1	0	1	1	-1	0	0	0	0	-1
38002954	-1	-1	-1	0	1	1	-1	1	0	0	0	-1
38002955	-1	-1	-1	0	1	1	-1	1	0	0	0	-1
38002956	-1	-1	-1	0	1	1	-1	1	0	0	0	-1
38002957	-1	-1	-1	0	1	1	-1	1	0	0	0	-1
38002958	-1	-1	-1	0	1	1	-1	1	0	0	0	-1
38002959	-1	-1	-1	0	1	1	-1	1	0	0	0	-1
38002960	-1	-1	-1	0	1	1	-1	1	0	0	0	-1
38002961	-1	-1	-1	0	1	1	-1	1	0	0	0	-1
38002962	168	-1	-1	0	1	1	-1	0	0	0	0	-1
38002964	168	-1	-1	0	1	1	-1	0	0	0	0	-1
38002967	168	-1	-1	0	1	1	-1	0	0	0	0	-1
38002968	-1	-1	-1	0	1	1	-1	0	0	0	1	-1
38002978	168	-1	-1	0	1	1	-1	0	0	0	0	-1
38002979	168	-1	-1	0	1	1	-1	0	0	0	0	-1
38002980	168	-1	-1	0	1	1	-1	0	0	0	0	-1
38002981	168	-1	-1	0	1	1	-1	0	0	0	0	-1
38002982	-1	-1	-1	0	1	1	-1	0	0	0	0	-1
38002983	-1	-1	-1	0	1	1	-1	0	0	0	0	-1
38002984	-1	-1	-1	0	1	1	-1	0	0	0	0	-1
38002985	-1	-1	-1	0	1	1	-1	0	0	0	0	-1
38002986	-1	-1	-1	0	1	1	-1	0	0	0	0	-1
38002987	-1	-1	-1	0	1	1	-1	0	0	0	0	-1
38002988	-1	-1	-1	0	1	1	-1	0	0	0	0	-1
38002989	168	-1	-1	0	1	1	-1	0	0	0	0	-1
38002990	-1	-1	-1	0	1	1	-1	0	0	0	0	-1
38002991	-1	-1	-1	0	1	1	-1	0	0	0	0	-1
38002992	-1	-1	-1	0	1	1	-1	0	0	0	0	-1
38002993	-1	-1	-1	0	1	1	-1	0	0	0	0	-1
38002994	-1	-1	-1	0	1	1	-1	0	0	0	0	-1
38002995	-1	-1	-1	0	1	1	-1	0	0	0	0	-1
38002996	-1	-1	-1	0	1	1	-1	0	0	0	0	-1
38002997	168	-1	-1	0	1	1	-1	0	0	0	0	-1
38002998	-1	-1	-1	0	1	1	-1	1	0	0	0	-1
38002999	168	-1	-1	0	1	1	-1	0	0	0	0	-1
38003000	-1	-1	-1	0	1	1	-1	1	0	0	0	-1
38003001	-1	-1	-1	0	1	1	-1	0	0	0	0	-1
38003002	168	-1	-1	0	1	1	-1	0	0	0	0	-1
38003003	168	-1	-1	0	1	1	-1	0	0	0	0	-1
38003005	168	-1	-1	0	1	1	-1	0	0	0	0	-1
38003006	168	-1	-1	0	1	1	-1	0	0	0	0	-1
38003007	168	-1	-1	0	1	1	-1	0	0	0	0	-1
38003008	168	-1	-1	0	1	1	-1	0	0	0	0	-1
38003009	168	-1	-1	0	1	1	-1	0	0	0	0	-1
38003010	-1	-1	-1	0	1	1	-1	0	0	0	0	-1
38003011	168	-1	-1	0	1	1	-1	0	0	0	0	-1
38003012	-1	-1	-1	0	1	1	-1	0	0	0	0	-1
38003013	-1	-1	-1	0	1	1	-1	0	0	0	0	-1
38003014	-1	-1	-1	0	1	1	-1	0	0	0	0	-1
38003015	-1	-1	-1	0	1	1	-1	0	0	0	0	-1
38003016	-1	-1	-1	0	1	1	-1	0	0	0	0	-1
38003017	-1	-1	-1	0	1	1	-1	0	0	0	0	-1
38003018	-1	-1	-1	0	1	1	-1	0	0	0	0	-1
38003019	-1	-1	-1	0	1	1	-1	0	0	0	0	-1
38003020	-1	-1	-1	0	1	1	-1	0	0	0	0	-1
38003021	-1	-1	-1	0	1	1	-1	0	0	0	0	-1
38003022	-1	-1	-1	0	1	1	-1	0	0	0	0	-1
38003023	-1	-1	-1	0	1	1	-1	0	0	0	1	-1
38003024	-1	-1	-1	0	1	1	-1	0	0	0	1	-1
38003034	-1	-1	-1	0	1	1	-1	0	0	0	0	-1
38003035	-1	-1	-1	0	1	1	-1	0	0	0	0	-1
38003036	-1	-1	-1	0	1	1	-1	0	0	0	0	-1
38003037	-1	-1	-1	0	1	1	-1	0	0	0	0	-1
38003038	-1	-1	-1	0	1	1	-1	0	0	0	0	-1
38003039	-1	-1	-1	0	1	1	-1	0	0	0	0	-1
38003040	-1	-1	-1	0	1	1	-1	0	0	0	0	-1
38003041	-1	-1	-1	0	1	1	-1	0	0	0	0	-1
38003042	168	-1	-1	0	1	1	-1	0	0	0	0	-1
38003043	168	-1	-1	0	1	1	-1	0	0	0	0	-1
38003044	168	-1	-1	0	1	1	-1	0	0	0	0	-1
38003045	168	-1	-1	0	1	1	-1	0	0	0	0	-1
38003047	-1	-1	-1	0	1	1	-1	0	0	0	1	-1
38003048	-1	-1	-1	0	1	1	-1	1	0	0	0	-1
38003049	-1	-1	-1	0	1	1	-1	0	0	0	0	-1
38003050	-1	-1	-1	0	1	1	-1	0	0	0	0	-1
38003051	-1	-1	-1	0	1	1	-1	0	0	0	0	-1
38003052	-1	-1	-1	0	1	1	-1	0	0	0	0	-1
38003053	168	-1	-1	0	1	1	-1	0	0	0	0	-1
38003054	168	-1	-1	0	1	1	-1	0	0	0	0	-1
38003056	-1	-1	-1	0	1	1	-1	0	0	0	0	-1
38003057	-1	-1	-1	0	1	1	-1	0	0	0	0	-1
38003058	-1	-1	-1	0	1	1	-1	0	0	0	0	-1
38003059	-1	-1	-1	0	1	1	-1	0	0	0	0	-1
38003060	-1	-1	-1	0	1	1	-1	0	0	0	0	-1
38003061	-1	-1	-1	0	1	1	-1	0	0	0	0	-1
38003062	-1	-1	-1	0	1	1	-1	0	0	0	0	-1
38003063	-1	-1	-1	0	1	1	-1	0	0	0	0	-1
38003064	-1	-1	-1	0	1	1	-1	0	0	0	0	-1
38003065	-1	-1	-1	0	1	1	-1	0	0	0	0	-1
38003067	-1	-1	-1	0	1	1	-1	0	0	0	0	-1
38003070	-1	-1	-1	0	1	1	-1	0	0	0	0	-1
38003071	-1	-1	-1	0	1	1	-1	0	0	0	0	-1
38003072	-1	-1	-1	0	1	1	-1	0	0	0	0	-1
38003073	-1	-1	-1	0	1	1	-1	0	0	0	0	-1
38003074	-1	-1	-1	0	1	1	-1	0	0	0	0	-1
38003075	-1	2005	-1	0	1	1	-1	0	0	0	0	-1
38003076	-1	-1	-1	0	1	1	-1	0	0	0	0	-1
38003077	-1	-1	-1	0	1	1	-1	0	0	0	0	-1
38003078	168	-1	-1	0	1	1	-1	0	0	0	0	-1
38003079	-1	-1	-1	0	1	1	-1	0	0	0	0	-1
38003080	-1	-1	-1	0	1	1	-1	0	0	0	0	-1
38003081	-1	-1	-1	0	1	1	-1	0	0	0	0	-1
38003082	-1	-1	-1	0	1	1	-1	0	0	0	0	-1
38003083	-1	-1	-1	0	1	1	-1	0	0	0	0	-1
38003084	-1	-1	-1	0	1	1	-1	0	0	0	0	-1
38003085	-1	-1	-1	0	1	1	-1	0	0	0	0	-1
38003086	-1	-1	-1	0	1	1	-1	0	0	0	0	-1
38003087	-1	-1	-1	0	1	1	-1	0	0	0	0	-1
38003088	-1	-1	-1	0	1	1	-1	0	0	0	0	-1
38003089	-1	-1	-1	0	1	1	-1	0	0	0	1	-1
38003090	-1	-1	-1	0	1	1	-1	0	0	0	1	-1
38003097	168	-1	-1	0	1	1	-1	0	0	0	0	-1
38003098	168	-1	-1	0	1	1	-1	0	0	0	0	-1
38003107	168	-1	-1	0	1	1	-1	0	0	0	0	-1
38003108	168	-1	-1	0	1	1	-1	0	0	0	0	-1
38003109	168	-1	-1	0	1	1	-1	0	0	0	0	-1
38003110	168	-1	-1	0	1	1	-1	0	0	0	0	-1
38003111	168	-1	-1	0	1	1	-1	0	0	0	0	-1
38003112	168	-1	-1	0	1	1	-1	0	0	0	0	-1
38003113	168	-1	-1	0	1	1	-1	0	0	0	0	-1
38003114	168	2005	-1	0	1	1	-1	0	0	0	0	-1
38003115	168	2005	-1	0	1	1	-1	0	0	0	0	-1
38003116	-1	2005	-1	0	1	0	-1	0	0	0	0	-1
38003117	-1	2005	-1	0	1	0	-1	0	0	0	0	-1
38003118	-1	2005	-1	0	1	0	-1	0	0	0	0	-1
38003119	-1	-1	-1	0	1	1	-1	1	0	0	1	-1
38003120	-1	-1	-1	0	1	1	-1	1	0	0	1	-1
38003121	-1	-1	-1	0	1	1	-1	1	0	0	1	-1
38003122	-1	-1	-1	0	1	1	-1	1	0	0	1	-1
38003123	-1	-1	-1	0	1	1	-1	1	0	0	1	-1
38003124	-1	-1	-1	0	1	1	-1	1	0	0	1	-1
38003125	-1	-1	-1	0	1	1	-1	1	0	0	1	-1
38003126	-1	-1	-1	0	1	1	-1	0	0	0	0	-1
38003127	-1	-1	-1	0	1	1	-1	1	0	0	1	-1
38003128	-1	-1	-1	0	1	1	-1	1	0	0	1	-1
38003129	-1	-1	-1	0	1	1	-1	1	0	0	1	-1
38003131	168	-1	-1	0	1	1	-1	0	0	0	0	-1
38003132	-1	-1	-1	0	1	1	-1	1	0	0	0	-1
38003133	-1	-1	-1	0	1	1	-1	1	0	0	0	-1
38003134	-1	-1	-1	0	1	1	-1	1	0	0	0	-1
38003135	24	-1	-1	0	1	1	-1	0	0	0	0	-1
38003136	168	-1	-1	0	1	1	-1	0	0	0	0	-1
38003137	720	-1	-1	0	1	1	-1	0	0	0	0	-1
38003138	-1	-1	-1	0	1	1	-1	1	0	0	1	-1
38003139	-1	-1	-1	0	1	1	-1	1	0	0	1	-1
38003140	-1	-1	-1	0	1	1	-1	1	0	0	1	-1
38003141	-1	-1	-1	0	1	1	-1	1	0	0	1	-1
38003142	-1	-1	-1	0	1	1	-1	1	0	0	1	-1
38003143	24	-1	-1	0	1	1	-1	0	0	0	0	-1
38003144	-1	-1	-1	0	1	1	-1	1	0	0	1	-1
38003145	-1	-1	-1	0	1	1	-1	1	0	0	1	-1
38003146	-1	-1	-1	0	1	1	-1	1	0	0	1	-1
38003147	-1	-1	-1	0	1	1	-1	1	0	0	1	-1
38003148	-1	-1	-1	0	1	1	-1	1	0	0	1	-1
38003149	-1	-1	-1	0	1	1	-1	1	0	0	1	-1
38003150	-1	-1	-1	0	1	1	-1	1	0	0	1	-1
38003151	-1	-1	-1	0	1	1	-1	1	0	0	1	-1
38003152	-1	-1	-1	0	1	1	-1	1	0	0	1	-1
38003153	-1	-1	-1	0	1	1	-1	1	0	0	1	-1
38003154	-1	-1	-1	0	1	1	-1	1	0	0	1	-1
38003156	-1	-1	-1	0	1	1	-1	0	0	0	0	-1
38003157	-1	-1	-1	0	1	1	-1	0	0	0	0	-1
38003158	-1	-1	-1	0	1	1	-1	0	0	0	0	-1
38003160	-1	-1	-1	0	1	1	-1	0	0	0	0	-1
38003161	-1	-1	-1	0	1	1	-1	0	0	0	0	-1
38003163	-1	-1	-1	0	1	1	-1	0	0	0	0	-1
38003164	-1	-1	-1	0	1	1	-1	0	0	0	0	-1
38003165	-1	-1	-1	0	1	1	-1	0	0	0	0	-1
38003166	-1	-1	-1	0	1	1	-1	0	0	0	0	-1
38003167	168	2005	-1	0	1	1	-1	0	0	0	0	-1
38003168	168	2005	-1	0	1	1	-1	0	0	0	0	-1
38003169	168	2005	-1	0	1	1	-1	0	0	0	0	-1
38003170	168	2005	-1	0	1	1	-1	0	0	0	0	-1
38003171	-1	-1	-1	0	1	1	-1	0	0	0	0	-1
38003172	168	-1	-1	0	1	1	-1	0	0	0	0	-1
38003173	-1	-1	-1	0	1	1	-1	0	0	0	0	-1
38003177	-1	-1	-1	0	1	1	-1	0	0	0	0	-1
38003178	-1	-1	-1	0	1	1	-1	0	0	0	1	-1
38003179	-1	-1	-1	0	1	1	-1	0	0	0	1	-1
38003180	-1	-1	-1	0	1	1	-1	0	0	0	1	-1
38003181	-1	-1	-1	0	1	1	-1	1	0	0	1	-1
38003182	-1	-1	-1	0	1	1	-1	1	0	0	1	-1
38003183	-1	-1	-1	0	1	1	-1	1	0	0	1	-1
38003184	-1	-1	-1	0	1	1	-1	1	0	0	1	-1
38003185	-1	-1	-1	0	1	1	-1	1	0	0	1	-1
38003186	-1	-1	-1	0	1	1	-1	1	0	0	1	-1
38003187	-1	-1	-1	0	1	1	-1	1	0	0	1	-1
38003188	-1	-1	-1	0	1	1	-1	0	0	0	1	-1
38003189	-1	-1	-1	0	1	1	-1	0	0	0	1	-1
38003190	-1	-1	-1	0	1	1	-1	0	0	0	1	-1
38003191	-1	-1	-1	0	1	1	-1	0	0	0	1	-1
38003192	-1	-1	-1	0	1	1	-1	0	0	0	1	-1
38003193	-1	-1	-1	0	1	1	-1	0	0	0	1	-1
38003194	-1	-1	-1	0	1	1	-1	0	0	0	1	-1
38003195	-1	-1	-1	0	1	1	-1	0	0	0	1	-1
38003196	-1	-1	-1	0	1	1	-1	0	0	0	1	-1
38003197	-1	-1	-1	0	1	1	-1	0	0	0	1	-1
38003198	-1	-1	-1	0	1	1	-1	0	0	0	1	-1
38003199	-1	-1	-1	0	1	1	-1	0	0	0	1	-1
38003200	-1	-1	-1	0	1	1	-1	0	0	0	1	-1
38003201	-1	-1	-1	0	1	1	-1	0	0	0	1	-1
38003208	-1	-1	-1	0	1	1	-1	0	0	0	1	-1
38003209	-1	-1	-1	0	1	1	-1	0	0	0	1	-1
38003210	-1	-1	-1	0	1	1	-1	0	0	0	1	-1
38003211	-1	2005	-1	0	1	1	-1	0	0	0	1	-1
38003212	168	-1	-1	0	1	1	-1	0	0	0	1	-1
38003217	-1	-1	-1	0	1	1	-1	0	0	0	0	-1
38003220	-1	-1	-1	0	1	1	-1	0	0	0	1	-1
38003221	-1	-1	-1	0	1	1	-1	0	0	0	1	-1
38003222	-1	-1	-1	0	1	1	-1	0	0	0	1	-1
38003223	-1	-1	-1	0	1	1	-1	0	0	0	1	-1
38003224	-1	-1	-1	0	1	1	-1	0	0	0	1	-1
38003225	-1	-1	-1	0	1	1	-1	1	0	0	1	-1
38003226	168	-1	-1	0	1	0	-1	0	0	0	1	-1
38003227	168	-1	-1	0	1	0	-1	0	0	0	1	-1
38003228	168	-1	-1	0	1	1	-1	0	0	0	1	-1
38003229	-1	-1	-1	0	1	1	-1	0	0	0	1	-1
38003230	-1	-1	-1	0	1	1	-1	1	0	0	1	-1
38003231	-1	-1	-1	0	1	1	-1	1	0	0	1	-1
38003232	-1	-1	-1	0	1	1	-1	1	0	0	1	-1
38003233	-1	-1	-1	0	1	1	-1	1	0	0	1	-1
38003234	-1	-1	-1	0	1	1	-1	1	0	0	1	-1
38003235	-1	-1	-1	0	1	1	-1	1	0	0	1	-1
38003236	-1	-1	-1	0	1	1	-1	1	0	0	1	-1
38003237	-1	-1	-1	0	1	1	-1	1	0	0	1	-1
38003238	-1	-1	-1	0	1	1	-1	1	0	0	1	-1
38003239	-1	-1	-1	0	1	1	-1	1	0	0	1	-1
38003240	-1	-1	-1	0	1	1	-1	1	0	0	1	-1
38003241	-1	-1	-1	0	1	1	-1	1	0	0	1	-1
38003242	-1	-1	-1	0	1	1	-1	1	0	0	1	-1
38003243	-1	-1	-1	0	1	1	-1	1	0	0	1	-1
38003244	-1	-1	-1	0	1	1	-1	1	0	0	1	-1
38003245	-1	-1	-1	0	1	1	-1	1	0	0	1	-1
38003246	-1	-1	-1	0	1	1	-1	1	0	0	1	-1
38003247	-1	-1	-1	0	1	1	-1	1	0	0	1	-1
38003248	-1	-1	-1	0	1	1	-1	1	0	0	1	-1
38003249	-1	-1	-1	0	1	1	-1	1	0	0	1	-1
38003250	-1	-1	-1	0	1	1	-1	1	0	0	1	-1
38003251	-1	-1	-1	0	1	1	-1	1	0	0	1	-1
38003252	-1	-1	-1	0	1	1	-1	1	0	0	1	-1
38003253	-1	-1	-1	0	1	1	-1	1	0	0	1	-1
38003254	-1	-1	-1	0	1	1	-1	1	0	0	1	-1
38003255	-1	-1	-1	0	1	1	-1	1	0	0	1	-1
38003256	-1	-1	-1	0	1	1	-1	1	0	0	1	-1
38003257	-1	-1	-1	0	1	1	-1	1	0	0	1	-1
38003258	-1	-1	-1	0	1	1	-1	1	0	0	1	-1
38003259	-1	-1	-1	0	1	1	-1	0	0	0	1	-1
38003260	24	-1	-1	0	1	1	-1	0	0	0	0	-1
38003261	168	-1	-1	0	1	1	-1	0	0	0	1	-1
38003262	168	-1	-1	0	1	1	-1	0	0	0	1	-1
38003263	168	-1	-1	0	1	1	-1	0	0	0	1	-1
38003264	168	-1	-1	0	1	1	-1	0	0	0	1	-1
38003265	168	-1	-1	0	1	1	-1	0	0	0	1	-1
38003266	168	-1	-1	0	1	1	-1	0	0	0	1	-1
38003267	168	-1	-1	0	1	1	-1	0	0	0	1	-1
38003269	-1	-1	-1	0	1	1	-1	0	0	0	1	-1
38003270	-1	-1	-1	0	1	1	-1	0	0	0	1	-1
38003271	-1	2005	-1	0	1	1	-1	0	0	0	1	-1
38003272	-1	-1	-1	0	1	1	-1	1	0	0	1	-1
38003275	-1	-1	-1	0	1	1	-1	0	0	0	1	-1
38003276	-1	-1	-1	0	1	1	-1	0	0	0	1	-1
38003277	-1	-1	-1	0	1	1	-1	0	0	0	1	-1
38003278	-1	-1	-1	0	1	1	-1	0	0	0	1	-1
38003279	-1	-1	-1	0	1	1	-1	0	0	0	1	-1
38003280	-1	-1	-1	0	1	1	-1	0	0	0	1	-1
38003281	-1	-1	-1	0	1	1	-1	0	0	0	1	-1
38003282	-1	-1	-1	0	1	1	-1	0	0	0	1	-1
38003283	-1	-1	-1	0	1	1	-1	0	0	0	1	-1
38003284	-1	-1	-1	0	1	1	-1	0	0	0	1	-1
38003285	-1	2005	-1	0	1	1	-1	0	0	0	1	-1
38003286	-1	2005	-1	0	1	1	-1	0	0	0	1	-1
38003287	168	-1	-1	0	1	1	-1	0	0	0	1	-1
38003288	168	-1	-1	0	1	1	-1	0	0	0	1	-1
38003289	168	-1	-1	0	1	1	-1	0	0	0	1	-1
38003290	168	-1	-1	0	1	1	-1	0	0	0	1	-1
38003291	168	-1	-1	0	1	1	-1	0	0	0	1	-1
38003292	168	-1	-1	0	1	1	-1	0	0	0	1	-1
38003293	168	-1	-1	0	1	1	-1	0	0	0	1	-1
38003294	168	-1	-1	0	1	1	-1	0	0	0	0	-1
38003295	168	-1	-1	0	1	1	-1	0	0	0	0	-1
38003296	168	-1	-1	0	1	1	-1	0	0	0	0	-1
38003297	168	-1	-1	0	1	1	-1	0	0	0	0	-1
38003298	168	-1	-1	0	1	1	-1	0	0	0	0	-1
38003299	168	-1	-1	0	1	1	-1	0	0	0	0	-1
38003300	168	-1	-1	0	1	1	-1	0	0	0	0	-1
38003301	168	-1	-1	0	1	1	-1	0	0	0	0	-1
38003302	168	-1	-1	0	1	1	-1	0	0	0	0	-1
38003310	168	-1	-1	0	1	1	-1	0	0	0	0	-1
38003311	168	-1	-1	0	1	1	-1	0	0	0	0	-1
38003312	168	-1	-1	0	1	1	-1	0	0	0	0	-1
38003313	168	-1	-1	0	1	1	-1	0	0	0	0	-1
38003319	-1	-1	-1	0	1	1	-1	0	0	0	0	-1
38003320	168	-1	-1	0	1	1	-1	0	0	0	0	-1
38003323	720	-1	-1	0	1	1	-1	0	0	0	0	-1
38003324	360	-1	-1	0	1	1	-1	0	0	0	0	-1
38003327	-1	-1	-1	0	1	1	-1	0	0	0	0	-1
40004414	4	-1	-1	0	1	0	-1	0	0	0	0	-1
40004431	48	-1	-1	0	1	0	-1	0	0	0	0	-1
40004432	48	-1	-1	0	1	0	-1	0	0	0	0	-1
40004433	48	-1	-1	0	1	0	-1	0	0	0	0	-1
40004846	-1	-1	-1	0	1	1	-1	1	0	0	0	-1
40004847	-1	-1	-1	0	1	1	-1	1	0	0	0	-1
40004848	-1	-1	-1	0	1	1	-1	1	0	0	0	-1
40004849	-1	-1	-1	0	1	1	-1	1	0	0	0	-1
40004850	-1	-1	-1	0	1	1	-1	1	0	0	0	-1
40004851	-1	-1	-1	0	1	1	-1	1	0	0	0	-1
40005021	-1	-1	-1	0	1	1	-1	0	0	0	0	-1
40005022	-1	-1	-1	0	1	1	-1	0	0	0	0	-1
40005023	-1	-1	-1	0	1	1	-1	1	0	0	0	-1
40005024	-1	-1	-1	0	1	1	-1	1	0	0	0	-1
40005025	-1	-1	-1	0	1	1	-1	1	0	0	0	-1
40005026	-1	-1	-1	0	1	1	-1	1	0	0	0	-1
40005027	-1	-1	-1	0	1	1	-1	1	0	0	0	-1
40005028	-1	-1	-1	0	1	1	-1	1	0	0	0	-1
40005038	-1	2005	-1	0	1	1	-1	0	0	0	0	-1
40005039	-1	2005	-1	0	1	1	-1	0	0	0	0	-1
40005040	-1	2005	-1	0	1	1	-1	0	0	0	0	-1
40005041	-1	2005	-1	0	1	1	-1	0	0	0	0	-1
40005112	-1	2005	-1	0	1	1	-1	1	0	0	0	-1
40005113	-1	2005	-1	0	1	1	-1	1	0	0	0	-1
40005114	-1	2005	-1	0	1	1	-1	1	0	0	0	-1
40005115	-1	2005	-1	0	1	1	-1	1	0	0	0	-1
40005116	-1	2005	-1	0	1	1	-1	1	0	0	0	-1
40005117	-1	2005	-1	0	1	1	-1	1	0	0	0	-1
40005128	-1	2005	-1	0	1	1	-1	0	0	0	0	-1
40005129	-1	2005	-1	0	1	1	-1	0	0	0	0	-1
40005130	-1	2005	-1	0	1	1	-1	0	0	0	0	-1
40005131	-1	2005	-1	0	1	1	-1	0	0	0	0	-1
40005132	-1	2005	-1	0	1	1	-1	0	0	0	0	-1
40005133	-1	2005	-1	0	1	1	-1	0	0	0	0	-1
40005134	-1	2005	-1	0	1	1	-1	0	0	0	0	-1
40005135	-1	2005	-1	0	1	1	-1	0	0	0	0	-1
40005149	-1	2005	-1	0	1	1	-1	0	0	0	0	-1
40005150	-1	2005	-1	0	1	1	-1	0	0	0	0	-1
40005151	-1	2005	-1	0	1	1	-1	0	0	0	0	-1
40005152	-1	2005	-1	0	1	1	-1	0	0	0	0	-1
40005153	-1	2005	-1	0	1	1	-1	0	0	0	0	-1
40005154	-1	2005	-1	0	1	1	-1	0	0	0	0	-1
50131012	-1	-1	-1	0	1	1	-1	0	0	0	1	-1
50132012	-1	-1	-1	0	1	1	-1	0	0	0	1	-1
50133012	-1	-1	-1	0	1	1	-1	0	0	0	1	-1
50231012	-1	-1	-1	0	1	1	-1	0	0	0	1	-1
50232012	-1	-1	-1	0	1	1	-1	0	0	0	1	-1
50233012	-1	-1	-1	0	1	1	-1	0	0	0	1	-1
50331012	-1	-1	-1	0	1	1	-1	0	0	0	1	-1
50332012	-1	-1	-1	0	1	1	-1	0	0	0	1	-1
50333012	-1	-1	-1	0	1	1	-1	0	0	0	1	-1
70600000	-1	-1	-1	0	1	1	-1	0	0	0	1	-1
70600001	-1	-1	-1	0	1	1	-1	0	0	0	1	-1
70600002	-1	-1	-1	0	1	1	-1	0	0	0	1	-1
70600003	-1	-1	-1	0	1	1	-1	0	0	0	1	-1
70600004	-1	-1	-1	0	1	1	-1	0	0	0	1	-1
70600005	-1	-1	-1	0	1	1	-1	0	0	0	1	-1
70600006	-1	-1	-1	0	1	1	-1	0	0	0	1	-1
70600007	-1	-1	-1	0	1	1	-1	0	0	0	1	-1
70600008	-1	-1	-1	0	1	1	-1	0	0	0	1	-1
70600009	-1	-1	-1	0	1	1	-1	0	0	0	1	-1
70600010	-1	-1	-1	0	1	1	-1	0	0	0	1	-1
70600011	-1	-1	-1	0	1	1	-1	0	0	0	1	-1
70600012	-1	-1	-1	0	1	1	-1	0	0	0	1	-1
70600013	-1	-1	-1	0	1	1	-1	0	0	0	1	-1
70600014	-1	-1	-1	0	1	1	-1	0	0	0	1	-1
