INT	INT	INT	INT	INT	STRING	INT	STRING	STRING	INT	INT	INT	INT	INT	INT	INT	INT	INT	INT	INT	INT	INT	INT	INT	INT	INT	INT	INT	INT	INT	INT	INT	INT	INT	INT	INT	INT	INT	INT	INT	INT	INT	INT	INT	INT	INT	INT	INT	INT	INT	INT	INT	INT	INT	INT	INT	INT	INT	INT	INT	INT	INT	INT	INT	INT	INT	INT	INT	INT	INT	INT	INT	INT	INT	INT	STRING	STRING	INT	INT	INT	INT
index	class	quality	Type	GemIndex	资源编号	适应规则	名称$1$	说明信息$1$	基本价格	出售价格	增加HP的上限	百分比增加HP的上限	加快HP的回复速度	增加MP的上限	百分比增加MP的上限	加快MP的回复速度	冰攻击	冰抵抗	减少冰冻迟缓时间	火攻击	火抵抗	减少火烧持续时间	玄攻击	玄抵抗	减少电击眩晕时间	毒攻击	毒抵抗	减少中毒时间	按百分比抵消所有属性攻击	物理攻击	按百分比增加物理攻击	对装备基础物理攻击百分比加成	物理防御	按百分比增加物理防御	对装备基础物理防御百分比加成	按百分比抵消物理伤害	魔法攻击	按百分比增加魔法攻击	对装备基础魔法攻击百分比加成	魔法防御	按百分比增加魔法防御	对装备基础魔法防御百分比加成	按百分比抵消魔法伤害	攻击速度(两次攻击间隔时间)	魔法冷却速度	命中	闪避	会心一击（双倍攻击）的百分比	无视对方防御比率	移动速度百分比	伤害反射	伤害由内力抵消	力量	灵气	体质	定力	身法	悟性	增加所有的人物一级属性	生命偷取	内力偷取	增加某个魔法等级	增加所有魔法等级	特殊魔法发动概率	降低目标冰抵抗	降低目标火抵抗	降低目标玄抵抗	降低目标毒抵抗	基础物理攻击	基础魔法攻击	基础命中	基础物理防御	基础魔法防御	基础闪避	颜色值(R,G,B,A) 	类型描述$1$	特效索引	颜色	是否广播	可叠加数量
50101001	5	1	1	1	Gem1_2_4	6	猫眼石(1级)	象猫眼一样的宝石，可以镶嵌在攻击性装备(武器、护腕、戒指、护符、项链、暗器、武魂、七情刃)上，使用后不可再镶嵌同类宝石。#r#G希望宝石	100000	1000	-1	-1	-1	-1	-1	-1	-1	-1	-1	-1	-1	-1	-1	-1	-1	-1	-1	-1	-1	-1	-1	-1	-1	-1	-1	-1	127	-1	-1	-1	-1	-1	-1	-1	-1	-1	-1	-1	-1	-1	-1	-1	-1	-1	-1	-1	-1	-1	-1	-1	-1	-1	-1	-1	-1	-1	-1	-1	-1	-1	-1	-1	-1	-1	FFFFFF09	希望宝石	1	2004	1	250	
50101002	5	1	1	2	Gem1_1_1	6	虎眼石(1级)	象虎眼一样的宝石，可以镶嵌在攻击性装备(武器、护腕、戒指、护符、项链、暗器、武魂、七情刃)上，使用后不可再镶嵌同类宝石。#r#G希望宝石	100000	1000	-1	-1	-1	-1	-1	-1	-1	-1	-1	-1	-1	-1	-1	-1	-1	-1	-1	-1	-1	127	-1	-1	-1	-1	-1	-1	-1	-1	-1	-1	-1	-1	-1	-1	-1	-1	-1	-1	-1	-1	-1	-1	-1	-1	-1	-1	-1	-1	-1	-1	-1	-1	-1	-1	-1	-1	-1	-1	-1	-1	-1	-1	-1	-1	FFFFFF0B	希望宝石	2	2004	1	250	
50102001	5	1	2	1	Gem1_1_3	6	黄晶石(1级)	黄色的晶石，可以镶嵌在攻击性装备(武器、护腕、戒指、护符、项链、暗器、武魂、七情刃)上，使用后不可再镶嵌同类宝石。#r#G智慧宝石#W#r可在#G洛阳（179，182）#R宝石工匠彭怀玉#W或#G楼兰（279，198）#R宝石工匠克里木#W处使用#G1级宝石雕琢符#W提升宝石属性。#r#cff9900本宝石只能雕琢一次。#r#W使用三颗雕琢后的宝石，和一个#G宝石熔炼符#W，能够熔炼成一颗对应的同等级胜利宝石。	100000	1000	-1	-1	-1	-1	-1	-1	-1	-1	-1	-1	-1	-1	10	-1	-1	-1	-1	-1	-1	-1	-1	-1	-1	-1	-1	-1	-1	-1	-1	-1	-1	-1	-1	-1	-1	-1	-1	-1	-1	-1	-1	-1	-1	-1	-1	-1	-1	-1	-1	-1	-1	-1	-1	-1	-1	-1	-1	-1	-1	-1	-1	-1	-1	-1	FFFFFF0B	智慧宝石	3	2004	1	250	
50102002	5	1	2	2	Gem1_1_4	6	蓝晶石(1级)	蓝色的晶石，可以镶嵌在攻击性装备(武器、护腕、戒指、护符、项链、暗器、武魂、七情刃)上，使用后不可再镶嵌同类宝石。#r#G智慧宝石#W#r可在#G洛阳（179，182）#R宝石工匠彭怀玉#W或#G楼兰（279，198）#R宝石工匠克里木#W处使用#G1级宝石雕琢符#W提升宝石属性。#r#cff9900本宝石只能雕琢一次。#r#W使用三颗雕琢后的宝石，和一个#G宝石熔炼符#W，能够熔炼成一颗对应的同等级胜利宝石。	100000	1000	-1	-1	-1	-1	-1	-1	10	-1	-1	-1	-1	-1	-1	-1	-1	-1	-1	-1	-1	-1	-1	-1	-1	-1	-1	-1	-1	-1	-1	-1	-1	-1	-1	-1	-1	-1	-1	-1	-1	-1	-1	-1	-1	-1	-1	-1	-1	-1	-1	-1	-1	-1	-1	-1	-1	-1	-1	-1	-1	-1	-1	-1	-1	-1	FFFFFF0B	智慧宝石	4	2004	1	250	
50102003	5	1	2	3	Gem1_1_5	6	红晶石(1级)	红色的晶石，可以镶嵌在攻击性装备(武器、护腕、戒指、护符、项链、暗器、武魂、七情刃)上，使用后不可再镶嵌同类宝石。#r#G智慧宝石#W#r可在#G洛阳（179，182）#R宝石工匠彭怀玉#W或#G楼兰（279，198）#R宝石工匠克里木#W处使用#G1级宝石雕琢符#W提升宝石属性。#r#cff9900本宝石只能雕琢一次。#r#W使用三颗雕琢后的宝石，和一个#G宝石熔炼符#W，能够熔炼成一颗对应的同等级胜利宝石。	100000	1000	-1	-1	-1	-1	-1	-1	-1	-1	-1	10	-1	-1	-1	-1	-1	-1	-1	-1	-1	-1	-1	-1	-1	-1	-1	-1	-1	-1	-1	-1	-1	-1	-1	-1	-1	-1	-1	-1	-1	-1	-1	-1	-1	-1	-1	-1	-1	-1	-1	-1	-1	-1	-1	-1	-1	-1	-1	-1	-1	-1	-1	-1	-1	-1	FFFFFF0B	智慧宝石	5	2004	1	250	
50102004	5	1	2	4	Gem1_1_6	6	绿晶石(1级)	绿色的晶石，可以镶嵌在攻击性装备(武器、护腕、戒指、护符、项链、暗器、武魂、七情刃)上，使用后不可再镶嵌同类宝石。#r#G智慧宝石#W#r可在#G洛阳（179，182）#R宝石工匠彭怀玉#W或#G楼兰（279，198）#R宝石工匠克里木#W处使用#G1级宝石雕琢符#W提升宝石属性。#r#cff9900本宝石只能雕琢一次。#r#W使用三颗雕琢后的宝石，和一个#G宝石熔炼符#W，能够熔炼成一颗对应的同等级胜利宝石。	100000	1000	-1	-1	-1	-1	-1	-1	-1	-1	-1	-1	-1	-1	-1	-1	-1	10	-1	-1	-1	-1	-1	-1	-1	-1	-1	-1	-1	-1	-1	-1	-1	-1	-1	-1	-1	-1	-1	-1	-1	-1	-1	-1	-1	-1	-1	-1	-1	-1	-1	-1	-1	-1	-1	-1	-1	-1	-1	-1	-1	-1	-1	-1	-1	-1	FFFFFF0B	智慧宝石	6	2004	1	250	
50102005	5	1	2	5	Gem1_2_5	6	纯净黄晶石(1级)	纯净的黄晶石，可以镶嵌在攻击性装备(武器、护腕、戒指、护符、项链、暗器、武魂、七情刃)上，使用后不可再镶嵌同类宝石。#r#G智慧宝石#r#cff9900雕琢过的宝石不能再雕琢。#r#W使用三颗此种宝石，和一个#G宝石熔炼符#W，能够熔炼成一颗对应的同等级胜利宝石。#r在#G帮会城市#W做#G发展任务#W，#G市集任务#W，#G工程任务#W时，会有一定几率获得#G宝石熔炼符#W。	300000	2000	-1	-1	-1	-1	-1	-1	-1	-1	-1	-1	-1	-1	12	-1	-1	-1	-1	-1	-1	-1	-1	-1	-1	-1	-1	-1	-1	-1	-1	-1	-1	-1	-1	-1	-1	-1	-1	-1	-1	-1	-1	-1	-1	-1	-1	-1	-1	-1	-1	-1	-1	-1	-1	-1	-1	-1	-1	-1	-1	-1	-1	-1	-1	-1	FFFFFF0B	智慧宝石	14	2004	1	250	
50102006	5	1	2	6	Gem1_2_9	6	纯净蓝晶石(1级)	纯净的蓝晶石，可以镶嵌在攻击性装备(武器、护腕、戒指、护符、项链、暗器、武魂、七情刃)上，使用后不可再镶嵌同类宝石。#r#G智慧宝石#r#cff9900雕琢过的宝石不能再雕琢。#r#W使用三颗此种宝石，和一个#G宝石熔炼符#W，能够熔炼成一颗对应的同等级胜利宝石。#r在#G帮会城市#W做#G发展任务#W，#G市集任务#W，#G工程任务#W时，会有一定几率获得#G宝石熔炼符#W。	300000	2000	-1	-1	-1	-1	-1	-1	12	-1	-1	-1	-1	-1	-1	-1	-1	-1	-1	-1	-1	-1	-1	-1	-1	-1	-1	-1	-1	-1	-1	-1	-1	-1	-1	-1	-1	-1	-1	-1	-1	-1	-1	-1	-1	-1	-1	-1	-1	-1	-1	-1	-1	-1	-1	-1	-1	-1	-1	-1	-1	-1	-1	-1	-1	-1	FFFFFF0B	智慧宝石	15	2004	1	250	
50102007	5	1	2	7	Gem1_2_13	6	纯净红晶石(1级)	纯净的红晶石，可以镶嵌在攻击性装备(武器、护腕、戒指、护符、项链、暗器、武魂、七情刃)上，使用后不可再镶嵌同类宝石。#r#G智慧宝石#r#cff9900雕琢过的宝石不能再雕琢。#r#W使用三颗此种宝石，和一个#G宝石熔炼符#W，能够熔炼成一颗对应的同等级胜利宝石。#r在#G帮会城市#W做#G发展任务#W，#G市集任务#W，#G工程任务#W时，会有一定几率获得#G宝石熔炼符#W。	300000	2000	-1	-1	-1	-1	-1	-1	-1	-1	-1	12	-1	-1	-1	-1	-1	-1	-1	-1	-1	-1	-1	-1	-1	-1	-1	-1	-1	-1	-1	-1	-1	-1	-1	-1	-1	-1	-1	-1	-1	-1	-1	-1	-1	-1	-1	-1	-1	-1	-1	-1	-1	-1	-1	-1	-1	-1	-1	-1	-1	-1	-1	-1	-1	-1	FFFFFF0B	智慧宝石	16	2004	1	250	
50102008	5	1	2	8	Gem1_2_6	6	纯净绿晶石(1级)	纯净的绿晶石，可以镶嵌在攻击性装备(武器、护腕、戒指、护符、项链、暗器、武魂、七情刃)上，使用后不可再镶嵌同类宝石。#r#G智慧宝石#r#cff9900雕琢过的宝石不能再雕琢。#r#W使用三颗此种宝石，和一个#G宝石熔炼符#W，能够熔炼成一颗对应的同等级胜利宝石。#r在#G帮会城市#W做#G发展任务#W，#G市集任务#W，#G工程任务#W时，会有一定几率获得#G宝石熔炼符#W。	300000	2000	-1	-1	-1	-1	-1	-1	-1	-1	-1	-1	-1	-1	-1	-1	-1	12	-1	-1	-1	-1	-1	-1	-1	-1	-1	-1	-1	-1	-1	-1	-1	-1	-1	-1	-1	-1	-1	-1	-1	-1	-1	-1	-1	-1	-1	-1	-1	-1	-1	-1	-1	-1	-1	-1	-1	-1	-1	-1	-1	-1	-1	-1	-1	-1	FFFFFF0B	智慧宝石	17	2004	1	250	
50103001	5	1	3	1	Gem1_1_2	6	紫玉(1级)	紫色玉石，可以镶嵌在攻击性装备(武器、护腕、戒指、护符、项链、暗器、武魂、七情刃)上，使用后不可再镶嵌同类宝石。#r#G玄微宝石	100000	1000	-1	-1	-1	-1	-1	-1	-1	-1	-1	-1	-1	-1	-1	-1	-1	-1	-1	-1	-1	-1	-1	-1	-1	-1	-1	-1	-1	-1	-1	-1	-1	-1	-1	-1	-1	142	-1	-1	-1	-1	-1	-1	-1	-1	-1	-1	-1	-1	-1	-1	-1	-1	-1	-1	-1	-1	-1	-1	-1	-1	-1	-1	-1	-1	FFFFFF0B	玄微宝石	7	2004	1	250	
50104002	5	1	4	2	Gem1_1_8	6	变石(1级)	在阳光下呈绿色，在烛光下呈红色，可变色的宝石，可以镶嵌在攻击性装备(武器、护腕、戒指、护符、项链、暗器、武魂、七情刃)上，使用后不可再镶嵌同类宝石。#r#G幻冥宝石	100000	1000	-1	-1	-1	-1	-1	-1	-1	-1	-1	-1	-1	-1	-1	-1	-1	-1	-1	-1	-1	-1	-1	-1	-1	-1	-1	-1	-1	-1	-1	-1	-1	-1	-1	-1	-1	-1	-1	1	-1	-1	-1	-1	-1	-1	-1	-1	-1	-1	-1	-1	-1	-1	-1	-1	-1	-1	-1	-1	-1	-1	-1	-1	-1	-1	FFFFFF0B	幻冥宝石	8	2004	1	250	
50111001	5	1	11	1	Gem1_1_9	6	石榴石(1级)	因其外形酷似成熟的石榴籽而得名的宝石，可以镶嵌在防御性装备(衣服、手套、帽子、护肩、鞋、腰带、项链、暗器、武魂、七情刃)上，使用后不可再镶嵌同类宝石。#r#G生命宝石	100000	1000	-1	-1	-1	-1	-1	-1	-1	-1	-1	-1	-1	-1	-1	-1	-1	-1	-1	-1	-1	-1	-1	-1	-1	-1	-1	-1	-1	-1	-1	127	-1	-1	-1	-1	-1	-1	-1	-1	-1	-1	-1	-1	-1	-1	-1	-1	-1	-1	-1	-1	-1	-1	-1	-1	-1	-1	-1	-1	-1	-1	-1	-1	-1	-1	FFFFFF0B	生命宝石	7	2004	1	250	
50111002	5	1	11	2	Gem1_1_12	6	尖晶石(1级)	颜色繁多且艳丽的宝石，可以镶嵌在防御性装备(衣服、手套、帽子、护肩、鞋、腰带、项链、暗器、武魂、七情刃)上，使用后不可再镶嵌同类宝石。#r#G生命宝石	100000	1000	-1	-1	-1	-1	-1	-1	-1	-1	-1	-1	-1	-1	-1	-1	-1	-1	-1	-1	-1	-1	-1	-1	127	-1	-1	-1	-1	-1	-1	-1	-1	-1	-1	-1	-1	-1	-1	-1	-1	-1	-1	-1	-1	-1	-1	-1	-1	-1	-1	-1	-1	-1	-1	-1	-1	-1	-1	-1	-1	-1	-1	-1	-1	-1	FFFFFF0B	生命宝石	11	2004	1	250	
50112001	5	1	12	1	Gem1_1_11	6	黄玉(1级)	黄色的玉石，可以镶嵌在防御性装备(衣服、手套、帽子、护肩、鞋、腰带、项链、暗器、武魂、七情刃)上，使用后不可再镶嵌同类宝石。#r#G魅力宝石#W#r可在#G洛阳（179，182）#R宝石工匠彭怀玉#W或#G楼兰（279，198）#R宝石工匠克里木#W处使用#G1级宝石雕琢符#W提升宝石属性。#r#cff9900本宝石只能雕琢一次。	100000	1000	-1	-1	-1	-1	-1	-1	-1	-1	-1	-1	-1	-1	-1	4	-1	-1	-1	-1	-1	-1	-1	-1	-1	-1	-1	-1	-1	-1	-1	-1	-1	-1	-1	-1	-1	-1	-1	-1	-1	-1	-1	-1	-1	-1	-1	-1	-1	-1	-1	-1	-1	-1	-1	-1	-1	-1	-1	-1	-1	-1	-1	-1	-1	-1	FFFFFF0B	魅力宝石	12	2004	1	250	
50112002	5	1	12	2	Gem1_1_10	6	皓石(1级)	闪闪发亮的宝石，可以镶嵌在防御性装备(衣服、手套、帽子、护肩、鞋、腰带、项链、暗器、武魂、七情刃)上，使用后不可再镶嵌同类宝石。#r#G魅力宝石#W#r可在#G洛阳（179，182）#R宝石工匠彭怀玉#W或#G楼兰（279，198）#R宝石工匠克里木#W处使用#G1级宝石雕琢符#W提升宝石属性。#r#cff9900本宝石只能雕琢一次。	100000	1000	-1	-1	-1	-1	-1	-1	-1	4	-1	-1	-1	-1	-1	-1	-1	-1	-1	-1	-1	-1	-1	-1	-1	-1	-1	-1	-1	-1	-1	-1	-1	-1	-1	-1	-1	-1	-1	-1	-1	-1	-1	-1	-1	-1	-1	-1	-1	-1	-1	-1	-1	-1	-1	-1	-1	-1	-1	-1	-1	-1	-1	-1	-1	-1	FFFFFF0B	魅力宝石	2	2004	1	250	
50112003	5	1	12	3	Gem1_1_13	6	月光石(1级)	具淡蓝色的晕彩，如同朦胧的月光的宝石，可以镶嵌在防御性装备(衣服、手套、帽子、护肩、鞋、腰带、项链、暗器、武魂、七情刃)上，使用后不可再镶嵌同类宝石。#r#G魅力宝石#W#r可在#G洛阳（179，182）#R宝石工匠彭怀玉#W或#G楼兰（279，198）#R宝石工匠克里木#W处使用#G1级宝石雕琢符#W提升宝石属性。#r#cff9900本宝石只能雕琢一次。	100000	1000	-1	-1	-1	-1	-1	-1	-1	-1	-1	-1	4	-1	-1	-1	-1	-1	-1	-1	-1	-1	-1	-1	-1	-1	-1	-1	-1	-1	-1	-1	-1	-1	-1	-1	-1	-1	-1	-1	-1	-1	-1	-1	-1	-1	-1	-1	-1	-1	-1	-1	-1	-1	-1	-1	-1	-1	-1	-1	-1	-1	-1	-1	-1	-1	FFFFFF0B	魅力宝石	4	2004	1	250	
50112004	5	1	12	4	Gem1_2_1	6	碧玺(1级)	颜色繁多且艳丽的宝石，可以镶嵌在防御性装备(衣服、手套、帽子、护肩、鞋、腰带、项链、暗器、武魂、七情刃)上，使用后不可再镶嵌同类宝石。#r#G魅力宝石#W#r可在#G洛阳（179，182）#R宝石工匠彭怀玉#W或#G楼兰（279，198）#R宝石工匠克里木#W处使用#G1级宝石雕琢符#W提升宝石属性。#r#cff9900本宝石只能雕琢一次。	100000	1000	-1	-1	-1	-1	-1	-1	-1	-1	-1	-1	-1	-1	-1	-1	-1	-1	4	-1	-1	-1	-1	-1	-1	-1	-1	-1	-1	-1	-1	-1	-1	-1	-1	-1	-1	-1	-1	-1	-1	-1	-1	-1	-1	-1	-1	-1	-1	-1	-1	-1	-1	-1	-1	-1	-1	-1	-1	-1	-1	-1	-1	-1	-1	-1	FFFFFF0B	魅力宝石	3	2004	1	250	
50112005	5	1	12	5	Gem1_2_10	6	纯净黄玉(1级)	纯净的黄玉，可以镶嵌在防御性装备(衣服、手套、帽子、护肩、鞋、腰带、项链、暗器、武魂、七情刃)上，使用后不可再镶嵌同类宝石。#r#G魅力宝石#r#cff9900雕琢过的宝石不能再雕琢。	300000	2000	-1	-1	-1	-1	-1	-1	-1	-1	-1	-1	-1	-1	-1	5	-1	-1	-1	-1	-1	-1	-1	-1	-1	-1	-1	-1	-1	-1	-1	-1	-1	-1	-1	-1	-1	-1	-1	-1	-1	-1	-1	-1	-1	-1	-1	-1	-1	-1	-1	-1	-1	-1	-1	-1	-1	-1	-1	-1	-1	-1	-1	-1	-1	-1	FFFFFF0B	魅力宝石	16	2004	1	250	
50112006	5	1	12	6	Gem1_2_14	6	纯净皓石(1级)	纯净的皓石，可以镶嵌在防御性装备(衣服、手套、帽子、护肩、鞋、腰带、项链、暗器、武魂、七情刃)上，使用后不可再镶嵌同类宝石。#r#G魅力宝石#r#cff9900雕琢过的宝石不能再雕琢。	300000	2000	-1	-1	-1	-1	-1	-1	-1	5	-1	-1	-1	-1	-1	-1	-1	-1	-1	-1	-1	-1	-1	-1	-1	-1	-1	-1	-1	-1	-1	-1	-1	-1	-1	-1	-1	-1	-1	-1	-1	-1	-1	-1	-1	-1	-1	-1	-1	-1	-1	-1	-1	-1	-1	-1	-1	-1	-1	-1	-1	-1	-1	-1	-1	-1	FFFFFF0B	魅力宝石	17	2004	1	250	
50112007	5	1	12	7	Gem1_2_11	6	纯净月光石(1级)	纯净的月光石，可以镶嵌在防御性装备(衣服、手套、帽子、护肩、鞋、腰带、项链、暗器、武魂、七情刃)上，使用后不可再镶嵌同类宝石。#r#G魅力宝石#r#cff9900雕琢过的宝石不能再雕琢。	300000	2000	-1	-1	-1	-1	-1	-1	-1	-1	-1	-1	5	-1	-1	-1	-1	-1	-1	-1	-1	-1	-1	-1	-1	-1	-1	-1	-1	-1	-1	-1	-1	-1	-1	-1	-1	-1	-1	-1	-1	-1	-1	-1	-1	-1	-1	-1	-1	-1	-1	-1	-1	-1	-1	-1	-1	-1	-1	-1	-1	-1	-1	-1	-1	-1	FFFFFF0B	魅力宝石	15	2004	1	250	
50112008	5	1	12	8	Gem1_2_15	6	纯净碧玺(1级)	纯净的碧玺，可以镶嵌在防御性装备(衣服、手套、帽子、护肩、鞋、腰带、项链、暗器、武魂、七情刃)上，使用后不可再镶嵌同类宝石。#r#G魅力宝石#r#cff9900雕琢过的宝石不能再雕琢。	300000	2000	-1	-1	-1	-1	-1	-1	-1	-1	-1	-1	-1	-1	-1	-1	-1	-1	5	-1	-1	-1	-1	-1	-1	-1	-1	-1	-1	-1	-1	-1	-1	-1	-1	-1	-1	-1	-1	-1	-1	-1	-1	-1	-1	-1	-1	-1	-1	-1	-1	-1	-1	-1	-1	-1	-1	-1	-1	-1	-1	-1	-1	-1	-1	-1	FFFFFF0B	魅力宝石	14	2004	1	250	
50113001	5	1	13	1	Gem1_1_15	6	黄宝石(1级)	黄色的宝石，可以镶嵌在防御性装备(衣服、手套、帽子、护肩、鞋、腰带、项链、暗器、武魂、七情刃)上，使用后不可再镶嵌同类宝石。#r#G命运宝石	100000	1000	-1	-1	-1	-1	-1	-1	-1	-1	-1	-1	-1	-1	-1	-1	-1	-1	-1	-1	-1	-1	-1	-1	-1	-1	-1	-1	-1	-1	-1	-1	-1	-1	-1	-1	-1	-1	-1	-1	-1	-1	-1	-1	13	-1	-1	-1	-1	-1	-1	-1	-1	-1	-1	-1	-1	-1	-1	-1	-1	-1	-1	-1	-1	-1	FFFFFF0B	命运宝石	5	2004	1	250	
50113002	5	1	13	2	Gem1_1_16	6	蓝宝石(1级)	蓝色的宝石，可以镶嵌在防御性装备(衣服、手套、帽子、护肩、鞋、腰带、项链、暗器、武魂、七情刃)上，使用后不可再镶嵌同类宝石。#r#G命运宝石	100000	1000	-1	-1	-1	-1	-1	-1	-1	-1	-1	-1	-1	-1	-1	-1	-1	-1	-1	-1	-1	-1	-1	-1	-1	-1	-1	-1	-1	-1	-1	-1	-1	-1	-1	-1	-1	-1	-1	-1	-1	-1	-1	-1	-1	13	-1	-1	-1	-1	-1	-1	-1	-1	-1	-1	-1	-1	-1	-1	-1	-1	-1	-1	-1	-1	FFFFFF0B	命运宝石	6	2004	1	250	
50113003	5	1	13	3	Gem1_1_7	6	绿宝石(1级)	绿色的宝石，可以镶嵌在防御性装备(衣服、手套、帽子、护肩、鞋、腰带、项链、暗器、武魂、七情刃)上，使用后不可再镶嵌同类宝石。#r#G命运宝石	100000	1000	-1	-1	-1	-1	-1	-1	-1	-1	-1	-1	-1	-1	-1	-1	-1	-1	-1	-1	-1	-1	-1	-1	-1	-1	-1	-1	-1	-1	-1	-1	-1	-1	-1	-1	-1	-1	-1	-1	-1	-1	-1	-1	-1	-1	-1	-1	7	-1	-1	-1	-1	-1	-1	-1	-1	-1	-1	-1	-1	-1	-1	-1	-1	-1	FFFFFF0B	命运宝石	9	2004	1	250	
50113004	5	1	13	4	Gem1_2_2	6	红宝石(1级)	红色的宝石，可以镶嵌在防御性装备(衣服、手套、帽子、护肩、鞋、腰带、项链、暗器、武魂、七情刃)上，使用后不可再镶嵌同类宝石。#r#G命运宝石	100000	1000	-1	-1	-1	-1	-1	-1	-1	-1	-1	-1	-1	-1	-1	-1	-1	-1	-1	-1	-1	-1	-1	-1	-1	-1	-1	-1	-1	-1	-1	-1	-1	-1	-1	-1	-1	-1	-1	-1	-1	-1	-1	-1	-1	-1	13	-1	-1	-1	-1	-1	-1	-1	-1	-1	-1	-1	-1	-1	-1	-1	-1	-1	-1	-1	FFFFFF0B	命运宝石	10	2004	1	250	
50113005	5	1	13	5	Gem1_2_3	6	黑宝石(1级)	黑色的宝石，可以镶嵌在防御性装备(衣服、手套、帽子、护肩、鞋、腰带、项链、暗器、武魂、七情刃)上，使用后不可再镶嵌同类宝石。#r#G命运宝石	100000	1000	-1	-1	-1	-1	-1	-1	-1	-1	-1	-1	-1	-1	-1	-1	-1	-1	-1	-1	-1	-1	-1	-1	-1	-1	-1	-1	-1	-1	-1	-1	-1	-1	-1	-1	-1	-1	-1	-1	-1	-1	-1	-1	-1	-1	-1	13	-1	-1	-1	-1	-1	-1	-1	-1	-1	-1	-1	-1	-1	-1	-1	-1	-1	-1	FFFFFF0B	命运宝石	1	2004	1	250	
50113006	5	1	13	6	Gem1_2_7	6	血精石(1级)	布满血丝红精的宝石，可以镶嵌在防御性装备(衣服、手套、帽子、护肩、鞋、腰带、项链、暗器、武魂、七情刃)上，使用后不可再镶嵌同类宝石。#r#G命运宝石	100000	1000	723	-1	-1	-1	-1	-1	-1	-1	-1	-1	-1	-1	-1	-1	-1	-1	-1	-1	-1	-1	-1	-1	-1	-1	-1	-1	-1	-1	-1	-1	-1	-1	-1	-1	-1	-1	-1	-1	-1	-1	-1	-1	-1	-1	-1	-1	-1	-1	-1	-1	-1	-1	-1	-1	-1	-1	-1	-1	-1	-1	-1	-1	-1	-1	FFFFFF0B	命运宝石	13	2004	1	250	
50114001	5	1	14	1	Gem1_1_14	6	祖母绿(1级)	翠绿如滴，顶级翡翠，可以镶嵌在防御性装备(衣服、手套、帽子、护肩、鞋、腰带、项链、暗器、武魂、七情刃)上，使用后不可再镶嵌同类宝石。#r#G天机宝石	100000	1000	-1	-1	-1	-1	-1	-1	-1	-1	-1	-1	-1	-1	-1	-1	-1	-1	-1	-1	-1	-1	-1	-1	-1	-1	-1	-1	-1	-1	-1	-1	-1	-1	-1	-1	-1	-1	47	-1	-1	-1	-1	-1	-1	-1	-1	-1	-1	-1	-1	-1	-1	-1	-1	-1	-1	-1	-1	-1	-1	-1	-1	-1	-1	-1	FFFFFF0B	天机宝石	8	2004	1	250	
50121001	5	1	21	1	Gemjiankang_1	6	黄冥石(1级)	黄色的冥石，可以镶嵌在攻击性装备(武器、护腕、戒指、护符、项链、暗器、武魂、七情刃)上，使用后不可再镶嵌同类宝石。#r#G无法将目标的抗性降低至负值#r#G胜利宝石	300000	2000	-1	-1	-1	-1	-1	-1	-1	-1	-1	-1	-1	-1	-1	-1	-1	-1	-1	-1	-1	-1	-1	-1	-1	-1	-1	-1	-1	-1	-1	-1	-1	-1	-1	-1	-1	-1	-1	-1	-1	-1	-1	-1	-1	-1	-1	-1	-1	-1	-1	-1	-1	-1	-1	-1	-1	-1	5	-1	-1	-1	-1	-1	-1	-1	FFFFFF0B	胜利宝石	31	2004	1	250	
50121002	5	1	21	2	Gemjiankang_13	6	蓝冥石(1级)	蓝色的冥石，可以镶嵌在攻击性装备(武器、护腕、戒指、护符、项链、暗器、武魂、七情刃)上，使用后不可再镶嵌同类宝石。#r#G无法将目标的抗性降低至负值#r#G胜利宝石	300000	2000	-1	-1	-1	-1	-1	-1	-1	-1	-1	-1	-1	-1	-1	-1	-1	-1	-1	-1	-1	-1	-1	-1	-1	-1	-1	-1	-1	-1	-1	-1	-1	-1	-1	-1	-1	-1	-1	-1	-1	-1	-1	-1	-1	-1	-1	-1	-1	-1	-1	-1	-1	-1	-1	-1	5	-1	-1	-1	-1	-1	-1	-1	-1	-1	FFFFFF0B	胜利宝石	32	2004	1	250	
50121003	5	1	21	3	Gemjiankang_9	6	红冥石(1级)	红色的冥石，可以镶嵌在攻击性装备(武器、护腕、戒指、护符、项链、暗器、武魂、七情刃)上，使用后不可再镶嵌同类宝石。#r#G无法将目标的抗性降低至负值#r#G胜利宝石	300000	2000	-1	-1	-1	-1	-1	-1	-1	-1	-1	-1	-1	-1	-1	-1	-1	-1	-1	-1	-1	-1	-1	-1	-1	-1	-1	-1	-1	-1	-1	-1	-1	-1	-1	-1	-1	-1	-1	-1	-1	-1	-1	-1	-1	-1	-1	-1	-1	-1	-1	-1	-1	-1	-1	-1	-1	5	-1	-1	-1	-1	-1	-1	-1	-1	FFFFFF0B	胜利宝石	33	2004	1	250	
50121004	5	1	21	4	Gemjiankang_5	6	绿冥石(1级)	绿色的冥石，可以镶嵌在攻击性装备(武器、护腕、戒指、护符、项链、暗器、武魂、七情刃)上，使用后不可再镶嵌同类宝石。#r#G无法将目标的抗性降低至负值#r#G胜利宝石	300000	2000	-1	-1	-1	-1	-1	-1	-1	-1	-1	-1	-1	-1	-1	-1	-1	-1	-1	-1	-1	-1	-1	-1	-1	-1	-1	-1	-1	-1	-1	-1	-1	-1	-1	-1	-1	-1	-1	-1	-1	-1	-1	-1	-1	-1	-1	-1	-1	-1	-1	-1	-1	-1	-1	-1	-1	-1	-1	5	-1	-1	-1	-1	-1	-1	FFFFFF0B	胜利宝石	34	2004	1	250	
50131001	5	1	31	1	Charm8_5	1	冰蓝流云·肩(1级)	#cffff00【奢侈品】#r#W用于点缀时装肩膀的配饰，让你的时装更加的炫丽。#r在#G洛阳（246，129）#R伊天彩#W处可以点缀到已经裁剪的时装上。使用后不可再点缀同类配饰。	300000	2000	-1	-1	-1	-1	-1	-1	-1	-1	-1	-1	-1	-1	-1	-1	-1	-1	-1	-1	-1	-1	-1	-1	-1	-1	-1	-1	-1	-1	-1	-1	-1	-1	-1	-1	-1	-1	-1	-1	-1	-1	-1	-1	-1	-1	-1	-1	-1	-1	-1	-1	-1	-1	-1	-1	-1	-1	-1	-1	-1	-1	-1	-1	-1	-1	FFFFFF33	肩部配饰	22	2004	1	1	
50131002	5	1	31	2	Charm7_9	1	紫微星光·肩(1级)	#cffff00【奢侈品】#r#W用于点缀时装肩膀的配饰，让你的时装更加的炫丽。#r在#G洛阳（246，129）#R伊天彩#W处可以点缀到已经裁剪的时装上。使用后不可再点缀同类配饰。	300000	2000	-1	-1	-1	-1	-1	-1	-1	-1	-1	-1	-1	-1	-1	-1	-1	-1	-1	-1	-1	-1	-1	-1	-1	-1	-1	-1	-1	-1	-1	-1	-1	-1	-1	-1	-1	-1	-1	-1	-1	-1	-1	-1	-1	-1	-1	-1	-1	-1	-1	-1	-1	-1	-1	-1	-1	-1	-1	-1	-1	-1	-1	-1	-1	-1	FFFFFF2D	肩部配饰	23	2004	1	1	
50131003	5	1	31	3	Charm8_9	1	翠玉星尘·肩(1级)	#cffff00【奢侈品】#r#W用于点缀时装肩膀的配饰，让你的时装更加的炫丽。#r在#G洛阳（246，129）#R伊天彩#W处可以点缀到已经裁剪的时装上。使用后不可再点缀同类配饰。	300000	2000	-1	-1	-1	-1	-1	-1	-1	-1	-1	-1	-1	-1	-1	-1	-1	-1	-1	-1	-1	-1	-1	-1	-1	-1	-1	-1	-1	-1	-1	-1	-1	-1	-1	-1	-1	-1	-1	-1	-1	-1	-1	-1	-1	-1	-1	-1	-1	-1	-1	-1	-1	-1	-1	-1	-1	-1	-1	-1	-1	-1	-1	-1	-1	-1	FFFFFF33	肩部配饰	24	2004	1	1	
50131004	5	1	31	4	Charm8_1	1	橙影如梦·肩(1级)	#cffff00【奢侈品】#r#W用于点缀时装肩膀的配饰，让你的时装更加的炫丽。#r在#G洛阳（246，129）#R伊天彩#W处可以点缀到已经裁剪的时装上。使用后不可再点缀同类配饰。	300000	2000	-1	-1	-1	-1	-1	-1	-1	-1	-1	-1	-1	-1	-1	-1	-1	-1	-1	-1	-1	-1	-1	-1	-1	-1	-1	-1	-1	-1	-1	-1	-1	-1	-1	-1	-1	-1	-1	-1	-1	-1	-1	-1	-1	-1	-1	-1	-1	-1	-1	-1	-1	-1	-1	-1	-1	-1	-1	-1	-1	-1	-1	-1	-1	-1	FFFFFF33	肩部配饰	25	2004	1	1	
50131005	5	1	31	5	Charm7_13	1	花落红尘·肩(1级)	#cffff00【奢侈品】#r#W用于点缀时装肩膀的配饰，让你的时装更加的炫丽。#r在#G洛阳（246，129）#R伊天彩#W处可以点缀到已经裁剪的时装上。使用后不可再点缀同类配饰。	300000	2000	-1	-1	-1	-1	-1	-1	-1	-1	-1	-1	-1	-1	-1	-1	-1	-1	-1	-1	-1	-1	-1	-1	-1	-1	-1	-1	-1	-1	-1	-1	-1	-1	-1	-1	-1	-1	-1	-1	-1	-1	-1	-1	-1	-1	-1	-1	-1	-1	-1	-1	-1	-1	-1	-1	-1	-1	-1	-1	-1	-1	-1	-1	-1	-1	FFFFFF22	肩部配饰	26	2004	1	1	
50131009	5	1	31	9	Charm10_5	1	碎钻星辰·肩(1级)	#cffff00【奢侈品】#r#W用于点缀时装肩膀的配饰，让你的时装更加的炫丽。#r在#G洛阳（246，129）#R伊天彩#W处可以点缀到已经裁剪的时装上。使用后不可再点缀同类配饰。	300000	2000	-1	-1	-1	-1	-1	-1	-1	-1	-1	-1	-1	-1	-1	-1	-1	-1	-1	-1	-1	-1	-1	-1	-1	-1	-1	-1	-1	-1	-1	-1	-1	-1	-1	-1	-1	-1	-1	-1	-1	-1	-1	-1	-1	-1	-1	-1	-1	-1	-1	-1	-1	-1	-1	-1	-1	-1	-1	-1	-1	-1	-1	-1	-1	-1	FFFFFF33	肩部配饰	37	2004	1	1	
50131010	5	1	31	10	Charm11_1	1	千山暮雪·肩(1级)	#cffff00【奢侈品】#r#W用于点缀时装肩膀的配饰，让你的时装更加的炫丽。#r在#G洛阳（246，129）#R伊天彩#W处可以点缀到已经裁剪的时装上。使用后不可再点缀同类配饰。	300000	2000	-1	-1	-1	-1	-1	-1	-1	-1	-1	-1	-1	-1	-1	-1	-1	-1	-1	-1	-1	-1	-1	-1	-1	-1	-1	-1	-1	-1	-1	-1	-1	-1	-1	-1	-1	-1	-1	-1	-1	-1	-1	-1	-1	-1	-1	-1	-1	-1	-1	-1	-1	-1	-1	-1	-1	-1	-1	-1	-1	-1	-1	-1	-1	-1	FFFFFF33	肩部配饰	47	2004	1	1	
50131011	5	1	31	11	Charm10_11	1	寒梦星莲·肩(1级)	#cffff00【奢侈品】#r#W用于点缀时装肩膀的配饰，让你的时装更加的炫丽。#r在#G洛阳（246，129）#R伊天彩#W处可以点缀到已经裁剪的时装上。使用后不可再点缀同类配饰。	300000	2000	-1	-1	-1	-1	-1	-1	-1	-1	-1	-1	-1	-1	-1	-1	-1	-1	-1	-1	-1	-1	-1	-1	-1	-1	-1	-1	-1	-1	-1	-1	-1	-1	-1	-1	-1	-1	-1	-1	-1	-1	-1	-1	-1	-1	-1	-1	-1	-1	-1	-1	-1	-1	-1	-1	-1	-1	-1	-1	-1	-1	-1	-1	-1	-1	FFFFFF99	肩部配饰	59	2004	1	1	
50131012	5	1	31	12	Charm11_7	1	沾衣诉情·肩(1级)	#cffff00【奢侈品】#r#W用于点缀时装肩膀的配饰，让你的时装更加的炫丽。#r在#G洛阳（246，130）#R伊天彩#W处可以点缀到已经裁剪的时装上。使用后不可再点缀同类配饰。	300000	2000	-1	-1	-1	-1	-1	-1	-1	-1	-1	-1	-1	-1	-1	-1	-1	-1	-1	-1	-1	-1	-1	-1	-1	-1	-1	-1	-1	-1	-1	-1	-1	-1	-1	-1	-1	-1	-1	-1	-1	-1	-1	-1	-1	-1	-1	-1	-1	-1	-1	-1	-1	-1	-1	-1	-1	-1	-1	-1	-1	-1	-1	-1	-1	-1	FFFFFF165	肩部配饰	71	2004	1	1	
50132001	5	1	32	1	Charm8_5	1	冰蓝流云·腰(1级)	#cffff00【奢侈品】#r#W用于点缀时装腰部的配饰，让你的时装更加的炫丽。#r在#G洛阳（246，129）#R伊天彩#W处可以点缀到已经裁剪的时装上。使用后不可再点缀同类配饰。	300000	2000	-1	-1	-1	-1	-1	-1	-1	-1	-1	-1	-1	-1	-1	-1	-1	-1	-1	-1	-1	-1	-1	-1	-1	-1	-1	-1	-1	-1	-1	-1	-1	-1	-1	-1	-1	-1	-1	-1	-1	-1	-1	-1	-1	-1	-1	-1	-1	-1	-1	-1	-1	-1	-1	-1	-1	-1	-1	-1	-1	-1	-1	-1	-1	-1	FFFFFF33	腰部配饰	27	2004	1	1	
50132002	5	1	32	2	Charm7_9	1	紫微星光·腰(1级)	#cffff00【奢侈品】#r#W用于点缀时装腰部的配饰，让你的时装更加的炫丽。#r在#G洛阳（246，129）#R伊天彩#W处可以点缀到已经裁剪的时装上。使用后不可再点缀同类配饰。	300000	2000	-1	-1	-1	-1	-1	-1	-1	-1	-1	-1	-1	-1	-1	-1	-1	-1	-1	-1	-1	-1	-1	-1	-1	-1	-1	-1	-1	-1	-1	-1	-1	-1	-1	-1	-1	-1	-1	-1	-1	-1	-1	-1	-1	-1	-1	-1	-1	-1	-1	-1	-1	-1	-1	-1	-1	-1	-1	-1	-1	-1	-1	-1	-1	-1	FFFFFF1D	腰部配饰	28	2004	1	1	
50132003	5	1	32	3	Charm8_9	1	翠玉星尘·腰(1级)	#cffff00【奢侈品】#r#W用于点缀时装腰部的配饰，让你的时装更加的炫丽。#r在#G洛阳（246，129）#R伊天彩#W处可以点缀到已经裁剪的时装上。使用后不可再点缀同类配饰。	300000	2000	-1	-1	-1	-1	-1	-1	-1	-1	-1	-1	-1	-1	-1	-1	-1	-1	-1	-1	-1	-1	-1	-1	-1	-1	-1	-1	-1	-1	-1	-1	-1	-1	-1	-1	-1	-1	-1	-1	-1	-1	-1	-1	-1	-1	-1	-1	-1	-1	-1	-1	-1	-1	-1	-1	-1	-1	-1	-1	-1	-1	-1	-1	-1	-1	FFFFFF33	腰部配饰	29	2004	1	1	
50132004	5	1	32	4	Charm8_1	1	橙影如梦·腰(1级)	#cffff00【奢侈品】#r#W用于点缀时装腰部的配饰，让你的时装更加的炫丽。#r在#G洛阳（246，129）#R伊天彩#W处可以点缀到已经裁剪的时装上。使用后不可再点缀同类配饰。	300000	2000	-1	-1	-1	-1	-1	-1	-1	-1	-1	-1	-1	-1	-1	-1	-1	-1	-1	-1	-1	-1	-1	-1	-1	-1	-1	-1	-1	-1	-1	-1	-1	-1	-1	-1	-1	-1	-1	-1	-1	-1	-1	-1	-1	-1	-1	-1	-1	-1	-1	-1	-1	-1	-1	-1	-1	-1	-1	-1	-1	-1	-1	-1	-1	-1	FFFFFF33	腰部配饰	30	2004	1	1	
50132005	5	1	32	5	Charm7_13	1	花落红尘·腰(1级)	#cffff00【奢侈品】#r#W用于点缀时装腰部的配饰，让你的时装更加的炫丽。#r在#G洛阳（246，129）#R伊天彩#W处可以点缀到已经裁剪的时装上。使用后不可再点缀同类配饰。	300000	2000	-1	-1	-1	-1	-1	-1	-1	-1	-1	-1	-1	-1	-1	-1	-1	-1	-1	-1	-1	-1	-1	-1	-1	-1	-1	-1	-1	-1	-1	-1	-1	-1	-1	-1	-1	-1	-1	-1	-1	-1	-1	-1	-1	-1	-1	-1	-1	-1	-1	-1	-1	-1	-1	-1	-1	-1	-1	-1	-1	-1	-1	-1	-1	-1	FFFFFF22	腰部配饰	31	2004	1	1	
50132009	5	1	32	9	Charm10_5	1	碎钻星辰·腰(1级)	#cffff00【奢侈品】#r#W用于点缀时装腰部的配饰，让你的时装更加的炫丽。#r在#G洛阳（246，129）#R伊天彩#W处可以点缀到已经裁剪的时装上。使用后不可再点缀同类配饰。	300000	2000	-1	-1	-1	-1	-1	-1	-1	-1	-1	-1	-1	-1	-1	-1	-1	-1	-1	-1	-1	-1	-1	-1	-1	-1	-1	-1	-1	-1	-1	-1	-1	-1	-1	-1	-1	-1	-1	-1	-1	-1	-1	-1	-1	-1	-1	-1	-1	-1	-1	-1	-1	-1	-1	-1	-1	-1	-1	-1	-1	-1	-1	-1	-1	-1	FFFFFF33	腰部配饰	41	2004	1	1	
50132010	5	1	32	10	Charm11_1	1	千山暮雪·腰(1级)	#cffff00【奢侈品】#r#W用于点缀时装腰部的配饰，让你的时装更加的炫丽。#r在#G洛阳（246，129）#R伊天彩#W处可以点缀到已经裁剪的时装上。使用后不可再点缀同类配饰。	300000	2000	-1	-1	-1	-1	-1	-1	-1	-1	-1	-1	-1	-1	-1	-1	-1	-1	-1	-1	-1	-1	-1	-1	-1	-1	-1	-1	-1	-1	-1	-1	-1	-1	-1	-1	-1	-1	-1	-1	-1	-1	-1	-1	-1	-1	-1	-1	-1	-1	-1	-1	-1	-1	-1	-1	-1	-1	-1	-1	-1	-1	-1	-1	-1	-1	FFFFFF33	腰部配饰	51	2004	1	1	
50132011	5	1	32	11	Charm10_11	1	寒梦星莲·腰(1级)	#cffff00【奢侈品】#r#W用于点缀时装腰部的配饰，让你的时装更加的炫丽。#r在#G洛阳（246，129）#R伊天彩#W处可以点缀到已经裁剪的时装上。使用后不可再点缀同类配饰。	300000	2000	-1	-1	-1	-1	-1	-1	-1	-1	-1	-1	-1	-1	-1	-1	-1	-1	-1	-1	-1	-1	-1	-1	-1	-1	-1	-1	-1	-1	-1	-1	-1	-1	-1	-1	-1	-1	-1	-1	-1	-1	-1	-1	-1	-1	-1	-1	-1	-1	-1	-1	-1	-1	-1	-1	-1	-1	-1	-1	-1	-1	-1	-1	-1	-1	FFFFFF99	腰部配饰	63	2004	1	1	
50132012	5	1	32	12	Charm11_7	1	沾衣诉情·腰(1级)	#cffff00【奢侈品】#r#W用于点缀时装腰部的配饰，让你的时装更加的炫丽。#r在#G洛阳（246，129）#R伊天彩#W处可以点缀到已经裁剪的时装上。使用后不可再点缀同类配饰。	300000	2000	-1	-1	-1	-1	-1	-1	-1	-1	-1	-1	-1	-1	-1	-1	-1	-1	-1	-1	-1	-1	-1	-1	-1	-1	-1	-1	-1	-1	-1	-1	-1	-1	-1	-1	-1	-1	-1	-1	-1	-1	-1	-1	-1	-1	-1	-1	-1	-1	-1	-1	-1	-1	-1	-1	-1	-1	-1	-1	-1	-1	-1	-1	-1	-1	FFFFFF99	腰部配饰	75	2004	1	1	
50133001	5	1	33	1	Charm8_5	1	冰蓝流云·脚(1级)	#cffff00【奢侈品】#r#W用于点缀时装脚部的配饰，让你的时装更加的炫丽。#r在#G洛阳（246，129）#R伊天彩#W处可以点缀到已经裁剪的时装上。使用后不可再点缀同类配饰。	300000	2000	-1	-1	-1	-1	-1	-1	-1	-1	-1	-1	-1	-1	-1	-1	-1	-1	-1	-1	-1	-1	-1	-1	-1	-1	-1	-1	-1	-1	-1	-1	-1	-1	-1	-1	-1	-1	-1	-1	-1	-1	-1	-1	-1	-1	-1	-1	-1	-1	-1	-1	-1	-1	-1	-1	-1	-1	-1	-1	-1	-1	-1	-1	-1	-1	FFFFFF33	脚部配饰	32	2004	1	1	
50133002	5	1	33	2	Charm7_9	1	紫微星光·脚(1级)	#cffff00【奢侈品】#r#W用于点缀时装脚部的配饰，让你的时装更加的炫丽。#r在#G洛阳（246，129）#R伊天彩#W处可以点缀到已经裁剪的时装上。使用后不可再点缀同类配饰。	300000	2000	-1	-1	-1	-1	-1	-1	-1	-1	-1	-1	-1	-1	-1	-1	-1	-1	-1	-1	-1	-1	-1	-1	-1	-1	-1	-1	-1	-1	-1	-1	-1	-1	-1	-1	-1	-1	-1	-1	-1	-1	-1	-1	-1	-1	-1	-1	-1	-1	-1	-1	-1	-1	-1	-1	-1	-1	-1	-1	-1	-1	-1	-1	-1	-1	FFFFFF2D	脚部配饰	33	2004	1	1	
50133003	5	1	33	3	Charm8_9	1	翠玉星尘·脚(1级)	#cffff00【奢侈品】#r#W用于点缀时装脚部的配饰，让你的时装更加的炫丽。#r在#G洛阳（246，129）#R伊天彩#W处可以点缀到已经裁剪的时装上。使用后不可再点缀同类配饰。	300000	2000	-1	-1	-1	-1	-1	-1	-1	-1	-1	-1	-1	-1	-1	-1	-1	-1	-1	-1	-1	-1	-1	-1	-1	-1	-1	-1	-1	-1	-1	-1	-1	-1	-1	-1	-1	-1	-1	-1	-1	-1	-1	-1	-1	-1	-1	-1	-1	-1	-1	-1	-1	-1	-1	-1	-1	-1	-1	-1	-1	-1	-1	-1	-1	-1	FFFFFF33	脚部配饰	34	2004	1	1	
50133004	5	1	33	4	Charm8_1	1	橙影如梦·脚(1级)	#cffff00【奢侈品】#r#W用于点缀时装脚部的配饰，让你的时装更加的炫丽。#r在#G洛阳（246，129）#R伊天彩#W处可以点缀到已经裁剪的时装上。使用后不可再点缀同类配饰。	300000	2000	-1	-1	-1	-1	-1	-1	-1	-1	-1	-1	-1	-1	-1	-1	-1	-1	-1	-1	-1	-1	-1	-1	-1	-1	-1	-1	-1	-1	-1	-1	-1	-1	-1	-1	-1	-1	-1	-1	-1	-1	-1	-1	-1	-1	-1	-1	-1	-1	-1	-1	-1	-1	-1	-1	-1	-1	-1	-1	-1	-1	-1	-1	-1	-1	FFFFFF33	脚部配饰	35	2004	1	1	
50133005	5	1	33	5	Charm7_13	1	花落红尘·脚(1级)	#cffff00【奢侈品】#r#W用于点缀时装脚部的配饰，让你的时装更加的炫丽。#r在#G洛阳（246，129）#R伊天彩#W处可以点缀到已经裁剪的时装上。使用后不可再点缀同类配饰。	300000	2000	-1	-1	-1	-1	-1	-1	-1	-1	-1	-1	-1	-1	-1	-1	-1	-1	-1	-1	-1	-1	-1	-1	-1	-1	-1	-1	-1	-1	-1	-1	-1	-1	-1	-1	-1	-1	-1	-1	-1	-1	-1	-1	-1	-1	-1	-1	-1	-1	-1	-1	-1	-1	-1	-1	-1	-1	-1	-1	-1	-1	-1	-1	-1	-1	FFFFFF22	脚部配饰	36	2004	1	1	
50133009	5	1	33	9	Charm10_5	1	碎钻星辰·脚(1级)	#cffff00【奢侈品】#r#W用于点缀时装脚部的配饰，让你的时装更加的炫丽。#r在#G洛阳（246，129）#R伊天彩#W处可以点缀到已经裁剪的时装上。使用后不可再点缀同类配饰。	300000	2000	-1	-1	-1	-1	-1	-1	-1	-1	-1	-1	-1	-1	-1	-1	-1	-1	-1	-1	-1	-1	-1	-1	-1	-1	-1	-1	-1	-1	-1	-1	-1	-1	-1	-1	-1	-1	-1	-1	-1	-1	-1	-1	-1	-1	-1	-1	-1	-1	-1	-1	-1	-1	-1	-1	-1	-1	-1	-1	-1	-1	-1	-1	-1	-1	FFFFFF33	脚部配饰	45	2004	1	1	
50133010	5	1	33	10	Charm11_1	1	千山暮雪·脚(1级)	#cffff00【奢侈品】#r#W用于点缀时装脚部的配饰，让你的时装更加的炫丽。#r在#G洛阳（246，129）#R伊天彩#W处可以点缀到已经裁剪的时装上。使用后不可再点缀同类配饰。	300000	2000	-1	-1	-1	-1	-1	-1	-1	-1	-1	-1	-1	-1	-1	-1	-1	-1	-1	-1	-1	-1	-1	-1	-1	-1	-1	-1	-1	-1	-1	-1	-1	-1	-1	-1	-1	-1	-1	-1	-1	-1	-1	-1	-1	-1	-1	-1	-1	-1	-1	-1	-1	-1	-1	-1	-1	-1	-1	-1	-1	-1	-1	-1	-1	-1	FFFFFF33	脚部配饰	55	2004	1	1	
50133011	5	1	33	11	Charm10_11	1	寒梦星莲·脚(1级)	#cffff00【奢侈品】#r#W用于点缀时装脚部的配饰，让你的时装更加的炫丽。#r在#G洛阳（246，129）#R伊天彩#W处可以点缀到已经裁剪的时装上。使用后不可再点缀同类配饰。	300000	2000	-1	-1	-1	-1	-1	-1	-1	-1	-1	-1	-1	-1	-1	-1	-1	-1	-1	-1	-1	-1	-1	-1	-1	-1	-1	-1	-1	-1	-1	-1	-1	-1	-1	-1	-1	-1	-1	-1	-1	-1	-1	-1	-1	-1	-1	-1	-1	-1	-1	-1	-1	-1	-1	-1	-1	-1	-1	-1	-1	-1	-1	-1	-1	-1	FFFFFF99	脚部配饰	67	2004	1	1	
50133012	5	1	33	12	Charm11_7	1	沾衣诉情·脚(1级)	#cffff00【奢侈品】#r#W用于点缀时装脚部的配饰，让你的时装更加的炫丽。#r在#G洛阳（246，129）#R伊天彩#W处可以点缀到已经裁剪的时装上。使用后不可再点缀同类配饰。	300000	2000	-1	-1	-1	-1	-1	-1	-1	-1	-1	-1	-1	-1	-1	-1	-1	-1	-1	-1	-1	-1	-1	-1	-1	-1	-1	-1	-1	-1	-1	-1	-1	-1	-1	-1	-1	-1	-1	-1	-1	-1	-1	-1	-1	-1	-1	-1	-1	-1	-1	-1	-1	-1	-1	-1	-1	-1	-1	-1	-1	-1	-1	-1	-1	-1	FFFFFF99	脚部配饰	79	2004	1	1	
50201001	5	2	1	1	Gem1_2_4	6	猫眼石(2级)	象猫眼一样的宝石，可以镶嵌在攻击性装备(武器、护腕、戒指、护符、项链、暗器、武魂、七情刃)上，使用后不可再镶嵌同类宝石。#r#G希望宝石	50000	1000	-1	-1	-1	-1	-1	-1	-1	-1	-1	-1	-1	-1	-1	-1	-1	-1	-1	-1	-1	-1	-1	-1	-1	-1	-1	-1	249	-1	-1	-1	-1	-1	-1	-1	-1	-1	-1	-1	-1	-1	-1	-1	-1	-1	-1	-1	-1	-1	-1	-1	-1	-1	-1	-1	-1	-1	-1	-1	-1	-1	-1	-1	-1	-1	FFFFFF4C	希望宝石	1	2004	1	250	
50201002	5	2	1	2	Gem1_1_1	6	虎眼石(2级)	象虎眼一样的宝石，可以镶嵌在攻击性装备(武器、护腕、戒指、护符、项链、暗器、武魂、七情刃)上，使用后不可再镶嵌同类宝石。#r#G希望宝石	50000	1000	-1	-1	-1	-1	-1	-1	-1	-1	-1	-1	-1	-1	-1	-1	-1	-1	-1	-1	-1	249	-1	-1	-1	-1	-1	-1	-1	-1	-1	-1	-1	-1	-1	-1	-1	-1	-1	-1	-1	-1	-1	-1	-1	-1	-1	-1	-1	-1	-1	-1	-1	-1	-1	-1	-1	-1	-1	-1	-1	-1	-1	-1	-1	-1	FFFFFF4C	希望宝石	2	2004	1	250	
50202001	5	2	2	1	Gem1_1_3	6	黄晶石(2级)	黄色的晶石，可以镶嵌在攻击性装备(武器、护腕、戒指、护符、项链、暗器、武魂、七情刃)上，使用后不可再镶嵌同类宝石。#r#G智慧宝石#W#r可在#G洛阳（179，182）#R宝石工匠彭怀玉#W或#G楼兰（279，198）#R宝石工匠克里木#W处使用#G2级宝石雕琢符#W提升宝石属性。#r#cff9900本宝石只能雕琢一次。#r#W使用三颗雕琢后的宝石，和一个#G宝石熔炼符#W，能够熔炼成一颗对应的同等级胜利宝石。	150000	1000	-1	-1	-1	-1	-1	-1	-1	-1	-1	-1	-1	-1	15	-1	-1	-1	-1	-1	-1	-1	-1	-1	-1	-1	-1	-1	-1	-1	-1	-1	-1	-1	-1	-1	-1	-1	-1	-1	-1	-1	-1	-1	-1	-1	-1	-1	-1	-1	-1	-1	-1	-1	-1	-1	-1	-1	-1	-1	-1	-1	-1	-1	-1	-1	FFFFFF4C	智慧宝石	3	2004	1	250	
50202002	5	2	2	2	Gem1_1_4	6	蓝晶石(2级)	蓝色的晶石，可以镶嵌在攻击性装备(武器、护腕、戒指、护符、项链、暗器、武魂、七情刃)上，使用后不可再镶嵌同类宝石。#r#G智慧宝石#W#r可在#G洛阳（179，182）#R宝石工匠彭怀玉#W或#G楼兰（279，198）#R宝石工匠克里木#W处使用#G2级宝石雕琢符#W提升宝石属性。#r#cff9900本宝石只能雕琢一次。#r#W使用三颗雕琢后的宝石，和一个#G宝石熔炼符#W，能够熔炼成一颗对应的同等级胜利宝石。	150000	1000	-1	-1	-1	-1	-1	-1	15	-1	-1	-1	-1	-1	-1	-1	-1	-1	-1	-1	-1	-1	-1	-1	-1	-1	-1	-1	-1	-1	-1	-1	-1	-1	-1	-1	-1	-1	-1	-1	-1	-1	-1	-1	-1	-1	-1	-1	-1	-1	-1	-1	-1	-1	-1	-1	-1	-1	-1	-1	-1	-1	-1	-1	-1	-1	FFFFFF4C	智慧宝石	4	2004	1	250	
50202003	5	2	2	3	Gem1_1_5	6	红晶石(2级)	红色的晶石，可以镶嵌在攻击性装备(武器、护腕、戒指、护符、项链、暗器、武魂、七情刃)上，使用后不可再镶嵌同类宝石。#r#G智慧宝石#W#r可在#G洛阳（179，182）#R宝石工匠彭怀玉#W或#G楼兰（279，198）#R宝石工匠克里木#W处使用#G2级宝石雕琢符#W提升宝石属性。#r#cff9900本宝石只能雕琢一次。#r#W使用三颗雕琢后的宝石，和一个#G宝石熔炼符#W，能够熔炼成一颗对应的同等级胜利宝石。	150000	1000	-1	-1	-1	-1	-1	-1	-1	-1	-1	15	-1	-1	-1	-1	-1	-1	-1	-1	-1	-1	-1	-1	-1	-1	-1	-1	-1	-1	-1	-1	-1	-1	-1	-1	-1	-1	-1	-1	-1	-1	-1	-1	-1	-1	-1	-1	-1	-1	-1	-1	-1	-1	-1	-1	-1	-1	-1	-1	-1	-1	-1	-1	-1	-1	FFFFFF4C	智慧宝石	5	2004	1	250	
50202004	5	2	2	4	Gem1_1_6	6	绿晶石(2级)	绿色的晶石，可以镶嵌在攻击性装备(武器、护腕、戒指、护符、项链、暗器、武魂、七情刃)上，使用后不可再镶嵌同类宝石。#r#G智慧宝石#W#r可在#G洛阳（179，182）#R宝石工匠彭怀玉#W或#G楼兰（279，198）#R宝石工匠克里木#W处使用#G2级宝石雕琢符#W提升宝石属性。#r#cff9900本宝石只能雕琢一次。#r#W使用三颗雕琢后的宝石，和一个#G宝石熔炼符#W，能够熔炼成一颗对应的同等级胜利宝石。	150000	1000	-1	-1	-1	-1	-1	-1	-1	-1	-1	-1	-1	-1	-1	-1	-1	15	-1	-1	-1	-1	-1	-1	-1	-1	-1	-1	-1	-1	-1	-1	-1	-1	-1	-1	-1	-1	-1	-1	-1	-1	-1	-1	-1	-1	-1	-1	-1	-1	-1	-1	-1	-1	-1	-1	-1	-1	-1	-1	-1	-1	-1	-1	-1	-1	FFFFFF4C	智慧宝石	6	2004	1	250	
50202005	5	2	2	5	Gem1_2_5	6	纯净黄晶石(2级)	纯净的黄晶石，可以镶嵌在攻击性装备(武器、护腕、戒指、护符、项链、暗器、武魂、七情刃)上，使用后不可再镶嵌同类宝石。#r#G智慧宝石#r#cff9900雕琢过的宝石不能再雕琢。#r#W使用三颗此种宝石，和一个#G宝石熔炼符#W，能够熔炼成一颗对应的同等级胜利宝石。#r在#G帮会城市#W做#G发展任务#W，#G市集任务#W，#G工程任务#W时，会有一定几率获得#G宝石熔炼符#W。	300000	2000	-1	-1	-1	-1	-1	-1	-1	-1	-1	-1	-1	-1	23	-1	-1	-1	-1	-1	-1	-1	-1	-1	-1	-1	-1	-1	-1	-1	-1	-1	-1	-1	-1	-1	-1	-1	-1	-1	-1	-1	-1	-1	-1	-1	-1	-1	-1	-1	-1	-1	-1	-1	-1	-1	-1	-1	-1	-1	-1	-1	-1	-1	-1	-1	FFFFFF4C	智慧宝石	14	2004	1	250	
50202006	5	2	2	6	Gem1_2_9	6	纯净蓝晶石(2级)	纯净的蓝晶石，可以镶嵌在攻击性装备(武器、护腕、戒指、护符、项链、暗器、武魂、七情刃)上，使用后不可再镶嵌同类宝石。#r#G智慧宝石#r#cff9900雕琢过的宝石不能再雕琢。#r#W使用三颗此种宝石，和一个#G宝石熔炼符#W，能够熔炼成一颗对应的同等级胜利宝石。#r在#G帮会城市#W做#G发展任务#W，#G市集任务#W，#G工程任务#W时，会有一定几率获得#G宝石熔炼符#W。	300000	2000	-1	-1	-1	-1	-1	-1	23	-1	-1	-1	-1	-1	-1	-1	-1	-1	-1	-1	-1	-1	-1	-1	-1	-1	-1	-1	-1	-1	-1	-1	-1	-1	-1	-1	-1	-1	-1	-1	-1	-1	-1	-1	-1	-1	-1	-1	-1	-1	-1	-1	-1	-1	-1	-1	-1	-1	-1	-1	-1	-1	-1	-1	-1	-1	FFFFFF4C	智慧宝石	15	2004	1	250	
50202007	5	2	2	7	Gem1_2_13	6	纯净红晶石(2级)	纯净的红晶石，可以镶嵌在攻击性装备(武器、护腕、戒指、护符、项链、暗器、武魂、七情刃)上，使用后不可再镶嵌同类宝石。#r#G智慧宝石#r#cff9900雕琢过的宝石不能再雕琢。#r#W使用三颗此种宝石，和一个#G宝石熔炼符#W，能够熔炼成一颗对应的同等级胜利宝石。#r在#G帮会城市#W做#G发展任务#W，#G市集任务#W，#G工程任务#W时，会有一定几率获得#G宝石熔炼符#W。	300000	2000	-1	-1	-1	-1	-1	-1	-1	-1	-1	23	-1	-1	-1	-1	-1	-1	-1	-1	-1	-1	-1	-1	-1	-1	-1	-1	-1	-1	-1	-1	-1	-1	-1	-1	-1	-1	-1	-1	-1	-1	-1	-1	-1	-1	-1	-1	-1	-1	-1	-1	-1	-1	-1	-1	-1	-1	-1	-1	-1	-1	-1	-1	-1	-1	FFFFFF4C	智慧宝石	16	2004	1	250	
50202008	5	2	2	8	Gem1_2_6	6	纯净绿晶石(2级)	纯净的绿晶石，可以镶嵌在攻击性装备(武器、护腕、戒指、护符、项链、暗器、武魂、七情刃)上，使用后不可再镶嵌同类宝石。#r#G智慧宝石#r#cff9900雕琢过的宝石不能再雕琢。#r#W使用三颗此种宝石，和一个#G宝石熔炼符#W，能够熔炼成一颗对应的同等级胜利宝石。#r在#G帮会城市#W做#G发展任务#W，#G市集任务#W，#G工程任务#W时，会有一定几率获得#G宝石熔炼符#W。	300000	2000	-1	-1	-1	-1	-1	-1	-1	-1	-1	-1	-1	-1	-1	-1	-1	23	-1	-1	-1	-1	-1	-1	-1	-1	-1	-1	-1	-1	-1	-1	-1	-1	-1	-1	-1	-1	-1	-1	-1	-1	-1	-1	-1	-1	-1	-1	-1	-1	-1	-1	-1	-1	-1	-1	-1	-1	-1	-1	-1	-1	-1	-1	-1	-1	FFFFFF4C	智慧宝石	17	2004	1	250	
50203001	5	2	3	1	Gem1_1_2	6	紫玉(2级)	紫色玉石，可以镶嵌在攻击性装备(武器、护腕、戒指、护符、项链、暗器、武魂、七情刃)上，使用后不可再镶嵌同类宝石。#r#G玄微宝石	100000	1000	-1	-1	-1	-1	-1	-1	-1	-1	-1	-1	-1	-1	-1	-1	-1	-1	-1	-1	-1	-1	-1	-1	-1	-1	-1	-1	-1	-1	-1	-1	-1	-1	-1	-1	-1	277	-1	-1	-1	-1	-1	-1	-1	-1	-1	-1	-1	-1	-1	-1	-1	-1	-1	-1	-1	-1	-1	-1	-1	-1	-1	-1	-1	-1	FFFFFF4C	玄微宝石	7	2004	1	250	
50204002	5	2	4	2	Gem1_1_8	6	变石(2级)	在阳光下呈绿色，在烛光下呈红色，可变色的宝石，可以镶嵌在攻击性装备(武器、护腕、戒指、护符、项链、暗器、武魂、七情刃)上，使用后不可再镶嵌同类宝石。#r#G幻冥宝石	250000	1000	-1	-1	-1	-1	-1	-1	-1	-1	-1	-1	-1	-1	-1	-1	-1	-1	-1	-1	-1	-1	-1	-1	-1	-1	-1	-1	-1	-1	-1	-1	-1	-1	-1	-1	-1	-1	-1	2	-1	-1	-1	-1	-1	-1	-1	-1	-1	-1	-1	-1	-1	-1	-1	-1	-1	-1	-1	-1	-1	-1	-1	-1	-1	-1	FFFFFF4C	幻冥宝石	8	2004	1	250	
50211001	5	2	11	1	Gem1_1_9	6	石榴石(2级)	因其外形酷似成熟的石榴籽而得名的宝石，可以镶嵌在防御性装备(衣服、手套、帽子、护肩、鞋、腰带、项链、暗器、武魂、七情刃)上，使用后不可再镶嵌同类宝石。#r#G生命宝石	50000	1000	-1	-1	-1	-1	-1	-1	-1	-1	-1	-1	-1	-1	-1	-1	-1	-1	-1	-1	-1	-1	-1	-1	-1	-1	-1	-1	-1	-1	-1	247	-1	-1	-1	-1	-1	-1	-1	-1	-1	-1	-1	-1	-1	-1	-1	-1	-1	-1	-1	-1	-1	-1	-1	-1	-1	-1	-1	-1	-1	-1	-1	-1	-1	-1	FFFFFF4C	生命宝石	7	2004	1	250	
50211002	5	2	11	2	Gem1_1_12	6	尖晶石(2级)	颜色繁多且艳丽的宝石，可以镶嵌在防御性装备(衣服、手套、帽子、护肩、鞋、腰带、项链、暗器、武魂、七情刃)上，使用后不可再镶嵌同类宝石。#r#G生命宝石	50000	1000	-1	-1	-1	-1	-1	-1	-1	-1	-1	-1	-1	-1	-1	-1	-1	-1	-1	-1	-1	-1	-1	-1	247	-1	-1	-1	-1	-1	-1	-1	-1	-1	-1	-1	-1	-1	-1	-1	-1	-1	-1	-1	-1	-1	-1	-1	-1	-1	-1	-1	-1	-1	-1	-1	-1	-1	-1	-1	-1	-1	-1	-1	-1	-1	FFFFFF4C	生命宝石	11	2004	1	250	
50212001	5	2	12	1	Gem1_1_11	6	黄玉(2级)	黄色的玉石，可以镶嵌在防御性装备(衣服、手套、帽子、护肩、鞋、腰带、项链、暗器、武魂、七情刃)上，使用后不可再镶嵌同类宝石。#r#G魅力宝石#W#r可在#G洛阳（179，182）#R宝石工匠彭怀玉#W或#G楼兰（279，198）#R宝石工匠克里木#W处使用#G2级宝石雕琢符#W提升宝石属性。#r#cff9900本宝石只能雕琢一次。	150000	1000	-1	-1	-1	-1	-1	-1	-1	-1	-1	-1	-1	-1	-1	6	-1	-1	-1	-1	-1	-1	-1	-1	-1	-1	-1	-1	-1	-1	-1	-1	-1	-1	-1	-1	-1	-1	-1	-1	-1	-1	-1	-1	-1	-1	-1	-1	-1	-1	-1	-1	-1	-1	-1	-1	-1	-1	-1	-1	-1	-1	-1	-1	-1	-1	FFFFFF4C	魅力宝石	12	2004	1	250	
50212002	5	2	12	2	Gem1_1_10	6	皓石(2级)	闪闪发亮的宝石，可以镶嵌在防御性装备(衣服、手套、帽子、护肩、鞋、腰带、项链、暗器、武魂、七情刃)上，使用后不可再镶嵌同类宝石。#r#G魅力宝石#W#r可在#G洛阳（179，182）#R宝石工匠彭怀玉#W或#G楼兰（279，198）#R宝石工匠克里木#W处使用#G2级宝石雕琢符#W提升宝石属性。#r#cff9900本宝石只能雕琢一次。	150000	1000	-1	-1	-1	-1	-1	-1	-1	6	-1	-1	-1	-1	-1	-1	-1	-1	-1	-1	-1	-1	-1	-1	-1	-1	-1	-1	-1	-1	-1	-1	-1	-1	-1	-1	-1	-1	-1	-1	-1	-1	-1	-1	-1	-1	-1	-1	-1	-1	-1	-1	-1	-1	-1	-1	-1	-1	-1	-1	-1	-1	-1	-1	-1	-1	FFFFFF4C	魅力宝石	2	2004	1	250	
50212003	5	2	12	3	Gem1_1_13	6	月光石(2级)	具淡蓝色的晕彩，如同朦胧的月光的宝石，可以镶嵌在防御性装备(衣服、手套、帽子、护肩、鞋、腰带、项链、暗器、武魂、七情刃)上，使用后不可再镶嵌同类宝石。#r#G魅力宝石#W#r可在#G洛阳（179，182）#R宝石工匠彭怀玉#W或#G楼兰（279，198）#R宝石工匠克里木#W处使用#G2级宝石雕琢符#W提升宝石属性。#r#cff9900本宝石只能雕琢一次。	150000	1000	-1	-1	-1	-1	-1	-1	-1	-1	-1	-1	6	-1	-1	-1	-1	-1	-1	-1	-1	-1	-1	-1	-1	-1	-1	-1	-1	-1	-1	-1	-1	-1	-1	-1	-1	-1	-1	-1	-1	-1	-1	-1	-1	-1	-1	-1	-1	-1	-1	-1	-1	-1	-1	-1	-1	-1	-1	-1	-1	-1	-1	-1	-1	-1	FFFFFF4C	魅力宝石	4	2004	1	250	
50212004	5	2	12	4	Gem1_2_1	6	碧玺(2级)	颜色繁多且艳丽的宝石，可以镶嵌在防御性装备(衣服、手套、帽子、护肩、鞋、腰带、项链、暗器、武魂、七情刃)上，使用后不可再镶嵌同类宝石。#r#G魅力宝石#W#r可在#G洛阳（179，182）#R宝石工匠彭怀玉#W或#G楼兰（279，198）#R宝石工匠克里木#W处使用#G2级宝石雕琢符#W提升宝石属性。#r#cff9900本宝石只能雕琢一次。	150000	1000	-1	-1	-1	-1	-1	-1	-1	-1	-1	-1	-1	-1	-1	-1	-1	-1	6	-1	-1	-1	-1	-1	-1	-1	-1	-1	-1	-1	-1	-1	-1	-1	-1	-1	-1	-1	-1	-1	-1	-1	-1	-1	-1	-1	-1	-1	-1	-1	-1	-1	-1	-1	-1	-1	-1	-1	-1	-1	-1	-1	-1	-1	-1	-1	FFFFFF4C	魅力宝石	3	2004	1	250	
50212005	5	2	12	5	Gem1_2_10	6	纯净黄玉(2级)	纯净的黄玉，可以镶嵌在防御性装备(衣服、手套、帽子、护肩、鞋、腰带、项链、暗器、武魂、七情刃)上，使用后不可再镶嵌同类宝石。#r#G魅力宝石#r#cff9900雕琢过的宝石不能再雕琢。	300000	2000	-1	-1	-1	-1	-1	-1	-1	-1	-1	-1	-1	-1	-1	10	-1	-1	-1	-1	-1	-1	-1	-1	-1	-1	-1	-1	-1	-1	-1	-1	-1	-1	-1	-1	-1	-1	-1	-1	-1	-1	-1	-1	-1	-1	-1	-1	-1	-1	-1	-1	-1	-1	-1	-1	-1	-1	-1	-1	-1	-1	-1	-1	-1	-1	FFFFFF4C	魅力宝石	16	2004	1	250	
50212006	5	2	12	6	Gem1_2_14	6	纯净皓石(2级)	纯净的皓石，可以镶嵌在防御性装备(衣服、手套、帽子、护肩、鞋、腰带、项链、暗器、武魂、七情刃)上，使用后不可再镶嵌同类宝石。#r#G魅力宝石#r#cff9900雕琢过的宝石不能再雕琢。	300000	2000	-1	-1	-1	-1	-1	-1	-1	10	-1	-1	-1	-1	-1	-1	-1	-1	-1	-1	-1	-1	-1	-1	-1	-1	-1	-1	-1	-1	-1	-1	-1	-1	-1	-1	-1	-1	-1	-1	-1	-1	-1	-1	-1	-1	-1	-1	-1	-1	-1	-1	-1	-1	-1	-1	-1	-1	-1	-1	-1	-1	-1	-1	-1	-1	FFFFFF4C	魅力宝石	17	2004	1	250	
50212007	5	2	12	7	Gem1_2_11	6	纯净月光石(2级)	纯净的月光石，可以镶嵌在防御性装备(衣服、手套、帽子、护肩、鞋、腰带、项链、暗器、武魂、七情刃)上，使用后不可再镶嵌同类宝石。#r#G魅力宝石#r#cff9900雕琢过的宝石不能再雕琢。	300000	2000	-1	-1	-1	-1	-1	-1	-1	-1	-1	-1	10	-1	-1	-1	-1	-1	-1	-1	-1	-1	-1	-1	-1	-1	-1	-1	-1	-1	-1	-1	-1	-1	-1	-1	-1	-1	-1	-1	-1	-1	-1	-1	-1	-1	-1	-1	-1	-1	-1	-1	-1	-1	-1	-1	-1	-1	-1	-1	-1	-1	-1	-1	-1	-1	FFFFFF4C	魅力宝石	15	2004	1	250	
50212008	5	2	12	8	Gem1_2_15	6	纯净碧玺(2级)	纯净的碧玺，可以镶嵌在防御性装备(衣服、手套、帽子、护肩、鞋、腰带、项链、暗器、武魂、七情刃)上，使用后不可再镶嵌同类宝石。#r#G魅力宝石#r#cff9900雕琢过的宝石不能再雕琢。	300000	2000	-1	-1	-1	-1	-1	-1	-1	-1	-1	-1	-1	-1	-1	-1	-1	-1	10	-1	-1	-1	-1	-1	-1	-1	-1	-1	-1	-1	-1	-1	-1	-1	-1	-1	-1	-1	-1	-1	-1	-1	-1	-1	-1	-1	-1	-1	-1	-1	-1	-1	-1	-1	-1	-1	-1	-1	-1	-1	-1	-1	-1	-1	-1	-1	FFFFFF4C	魅力宝石	14	2004	1	250	
50213001	5	2	13	1	Gem1_1_15	6	黄宝石(2级)	黄色的宝石，可以镶嵌在防御性装备(衣服、手套、帽子、护肩、鞋、腰带、项链、暗器、武魂、七情刃)上，使用后不可再镶嵌同类宝石。#r#G命运宝石	75000	1000	-1	-1	-1	-1	-1	-1	-1	-1	-1	-1	-1	-1	-1	-1	-1	-1	-1	-1	-1	-1	-1	-1	-1	-1	-1	-1	-1	-1	-1	-1	-1	-1	-1	-1	-1	-1	-1	-1	-1	-1	-1	-1	25	-1	-1	-1	-1	-1	-1	-1	-1	-1	-1	-1	-1	-1	-1	-1	-1	-1	-1	-1	-1	-1	FFFFFF4C	命运宝石	5	2004	1	250	
50213002	5	2	13	2	Gem1_1_16	6	蓝宝石(2级)	蓝色的宝石，可以镶嵌在防御性装备(衣服、手套、帽子、护肩、鞋、腰带、项链、暗器、武魂、七情刃)上，使用后不可再镶嵌同类宝石。#r#G命运宝石	75000	1000	-1	-1	-1	-1	-1	-1	-1	-1	-1	-1	-1	-1	-1	-1	-1	-1	-1	-1	-1	-1	-1	-1	-1	-1	-1	-1	-1	-1	-1	-1	-1	-1	-1	-1	-1	-1	-1	-1	-1	-1	-1	-1	-1	25	-1	-1	-1	-1	-1	-1	-1	-1	-1	-1	-1	-1	-1	-1	-1	-1	-1	-1	-1	-1	FFFFFF4C	命运宝石	6	2004	1	250	
50213003	5	2	13	3	Gem1_1_7	6	绿宝石(2级)	绿色的宝石，可以镶嵌在防御性装备(衣服、手套、帽子、护肩、鞋、腰带、项链、暗器、武魂、七情刃)上，使用后不可再镶嵌同类宝石。#r#G命运宝石	75000	1000	-1	-1	-1	-1	-1	-1	-1	-1	-1	-1	-1	-1	-1	-1	-1	-1	-1	-1	-1	-1	-1	-1	-1	-1	-1	-1	-1	-1	-1	-1	-1	-1	-1	-1	-1	-1	-1	-1	-1	-1	-1	-1	-1	-1	-1	-1	13	-1	-1	-1	-1	-1	-1	-1	-1	-1	-1	-1	-1	-1	-1	-1	-1	-1	FFFFFF4C	命运宝石	9	2004	1	250	
50213004	5	2	13	4	Gem1_2_2	6	红宝石(2级)	红色的宝石，可以镶嵌在防御性装备(衣服、手套、帽子、护肩、鞋、腰带、项链、暗器、武魂、七情刃)上，使用后不可再镶嵌同类宝石。#r#G命运宝石	75000	1000	-1	-1	-1	-1	-1	-1	-1	-1	-1	-1	-1	-1	-1	-1	-1	-1	-1	-1	-1	-1	-1	-1	-1	-1	-1	-1	-1	-1	-1	-1	-1	-1	-1	-1	-1	-1	-1	-1	-1	-1	-1	-1	-1	-1	25	-1	-1	-1	-1	-1	-1	-1	-1	-1	-1	-1	-1	-1	-1	-1	-1	-1	-1	-1	FFFFFF4C	命运宝石	10	2004	1	250	
50213005	5	2	13	5	Gem1_2_3	6	黑宝石(2级)	黑色的宝石，可以镶嵌在防御性装备(衣服、手套、帽子、护肩、鞋、腰带、项链、暗器、武魂、七情刃)上，使用后不可再镶嵌同类宝石。#r#G命运宝石	75000	1000	-1	-1	-1	-1	-1	-1	-1	-1	-1	-1	-1	-1	-1	-1	-1	-1	-1	-1	-1	-1	-1	-1	-1	-1	-1	-1	-1	-1	-1	-1	-1	-1	-1	-1	-1	-1	-1	-1	-1	-1	-1	-1	-1	-1	-1	25	-1	-1	-1	-1	-1	-1	-1	-1	-1	-1	-1	-1	-1	-1	-1	-1	-1	-1	FFFFFF4C	命运宝石	1	2004	1	250	
50213006	5	2	13	6	Gem1_2_7	6	血精石(2级)	布满血丝红精的宝石，可以镶嵌在防御性装备(衣服、手套、帽子、护肩、鞋、腰带、项链、暗器、武魂、七情刃)上，使用后不可再镶嵌同类宝石。#r#G命运宝石	75000	1000	1410	-1	-1	-1	-1	-1	-1	-1	-1	-1	-1	-1	-1	-1	-1	-1	-1	-1	-1	-1	-1	-1	-1	-1	-1	-1	-1	-1	-1	-1	-1	-1	-1	-1	-1	-1	-1	-1	-1	-1	-1	-1	-1	-1	-1	-1	-1	-1	-1	-1	-1	-1	-1	-1	-1	-1	-1	-1	-1	-1	-1	-1	-1	-1	FFFFFF4C	命运宝石	13	2004	1	250	
50214001	5	2	14	1	Gem1_1_14	6	祖母绿(2级)	翠绿如滴，顶级翡翠，可以镶嵌在防御性装备(衣服、手套、帽子、护肩、鞋、腰带、项链、暗器、武魂、七情刃)上，使用后不可再镶嵌同类宝石。#r#G天机宝石	100000	1000	-1	-1	-1	-1	-1	-1	-1	-1	-1	-1	-1	-1	-1	-1	-1	-1	-1	-1	-1	-1	-1	-1	-1	-1	-1	-1	-1	-1	-1	-1	-1	-1	-1	-1	-1	-1	92	-1	-1	-1	-1	-1	-1	-1	-1	-1	-1	-1	-1	-1	-1	-1	-1	-1	-1	-1	-1	-1	-1	-1	-1	-1	-1	-1	FFFFFF4C	天机宝石	8	2004	1	250	
50221001	5	2	21	1	Gemjiankang_1	6	黄冥石(2级)	黄色的冥石，可以镶嵌在攻击性装备(武器、护腕、戒指、护符、项链、暗器、武魂、七情刃)上，使用后不可再镶嵌同类宝石。#r#G无法将目标的抗性降低至负值#r#G胜利宝石	300000	2000	-1	-1	-1	-1	-1	-1	-1	-1	-1	-1	-1	-1	-1	-1	-1	-1	-1	-1	-1	-1	-1	-1	-1	-1	-1	-1	-1	-1	-1	-1	-1	-1	-1	-1	-1	-1	-1	-1	-1	-1	-1	-1	-1	-1	-1	-1	-1	-1	-1	-1	-1	-1	-1	-1	-1	-1	10	-1	-1	-1	-1	-1	-1	-1	FFFFFF4C	胜利宝石	31	2004	1	250	
50221002	5	2	21	2	Gemjiankang_13	6	蓝冥石(2级)	蓝色的冥石，可以镶嵌在攻击性装备(武器、护腕、戒指、护符、项链、暗器、武魂、七情刃)上，使用后不可再镶嵌同类宝石。#r#G无法将目标的抗性降低至负值#r#G胜利宝石	300000	2000	-1	-1	-1	-1	-1	-1	-1	-1	-1	-1	-1	-1	-1	-1	-1	-1	-1	-1	-1	-1	-1	-1	-1	-1	-1	-1	-1	-1	-1	-1	-1	-1	-1	-1	-1	-1	-1	-1	-1	-1	-1	-1	-1	-1	-1	-1	-1	-1	-1	-1	-1	-1	-1	-1	10	-1	-1	-1	-1	-1	-1	-1	-1	-1	FFFFFF4C	胜利宝石	32	2004	1	250	
50221003	5	2	21	3	Gemjiankang_9	6	红冥石(2级)	红色的冥石，可以镶嵌在攻击性装备(武器、护腕、戒指、护符、项链、暗器、武魂、七情刃)上，使用后不可再镶嵌同类宝石。#r#G无法将目标的抗性降低至负值#r#G胜利宝石	300000	2000	-1	-1	-1	-1	-1	-1	-1	-1	-1	-1	-1	-1	-1	-1	-1	-1	-1	-1	-1	-1	-1	-1	-1	-1	-1	-1	-1	-1	-1	-1	-1	-1	-1	-1	-1	-1	-1	-1	-1	-1	-1	-1	-1	-1	-1	-1	-1	-1	-1	-1	-1	-1	-1	-1	-1	10	-1	-1	-1	-1	-1	-1	-1	-1	FFFFFF4C	胜利宝石	33	2004	1	250	
50221004	5	2	21	4	Gemjiankang_5	6	绿冥石(2级)	绿色的冥石，可以镶嵌在攻击性装备(武器、护腕、戒指、护符、项链、暗器、武魂、七情刃)上，使用后不可再镶嵌同类宝石。#r#G无法将目标的抗性降低至负值#r#G胜利宝石	300000	2000	-1	-1	-1	-1	-1	-1	-1	-1	-1	-1	-1	-1	-1	-1	-1	-1	-1	-1	-1	-1	-1	-1	-1	-1	-1	-1	-1	-1	-1	-1	-1	-1	-1	-1	-1	-1	-1	-1	-1	-1	-1	-1	-1	-1	-1	-1	-1	-1	-1	-1	-1	-1	-1	-1	-1	-1	-1	10	-1	-1	-1	-1	-1	-1	FFFFFF4C	胜利宝石	34	2004	1	250	
50231001	5	2	31	1	Charm8_6	1	冰蓝流云·肩(2级)	#cffff00【奢侈品】#r#W用于点缀时装肩膀的配饰，让你的时装更加的炫丽。#r在#G洛阳（246，129）#R伊天彩#W处可以点缀到已经裁剪的时装上。使用后不可再点缀同类配饰。	300000	2000	-1	-1	-1	-1	-1	-1	-1	-1	-1	-1	-1	-1	-1	-1	-1	-1	-1	-1	-1	-1	-1	-1	-1	-1	-1	-1	-1	-1	-1	-1	-1	-1	-1	-1	-1	-1	-1	-1	-1	-1	-1	-1	-1	-1	-1	-1	-1	-1	-1	-1	-1	-1	-1	-1	-1	-1	-1	-1	-1	-1	-1	-1	-1	-1	FFFFFF44	肩部配饰	22	2004	1	1	
50231002	5	2	31	2	Charm7_10	1	紫微星光·肩(2级)	#cffff00【奢侈品】#r#W用于点缀时装肩膀的配饰，让你的时装更加的炫丽。#r在#G洛阳（246，129）#R伊天彩#W处可以点缀到已经裁剪的时装上。使用后不可再点缀同类配饰。	300000	2000	-1	-1	-1	-1	-1	-1	-1	-1	-1	-1	-1	-1	-1	-1	-1	-1	-1	-1	-1	-1	-1	-1	-1	-1	-1	-1	-1	-1	-1	-1	-1	-1	-1	-1	-1	-1	-1	-1	-1	-1	-1	-1	-1	-1	-1	-1	-1	-1	-1	-1	-1	-1	-1	-1	-1	-1	-1	-1	-1	-1	-1	-1	-1	-1	FFFFFF44	肩部配饰	23	2004	1	1	
50231003	5	2	31	3	Charm8_10	1	翠玉星尘·肩(2级)	#cffff00【奢侈品】#r#W用于点缀时装肩膀的配饰，让你的时装更加的炫丽。#r在#G洛阳（246，129）#R伊天彩#W处可以点缀到已经裁剪的时装上。使用后不可再点缀同类配饰。	300000	2000	-1	-1	-1	-1	-1	-1	-1	-1	-1	-1	-1	-1	-1	-1	-1	-1	-1	-1	-1	-1	-1	-1	-1	-1	-1	-1	-1	-1	-1	-1	-1	-1	-1	-1	-1	-1	-1	-1	-1	-1	-1	-1	-1	-1	-1	-1	-1	-1	-1	-1	-1	-1	-1	-1	-1	-1	-1	-1	-1	-1	-1	-1	-1	-1	FFFFFF44	肩部配饰	24	2004	1	1	
50231004	5	2	31	4	Charm8_2	1	橙影如梦·肩(2级)	#cffff00【奢侈品】#r#W用于点缀时装肩膀的配饰，让你的时装更加的炫丽。#r在#G洛阳（246，129）#R伊天彩#W处可以点缀到已经裁剪的时装上。使用后不可再点缀同类配饰。	300000	2000	-1	-1	-1	-1	-1	-1	-1	-1	-1	-1	-1	-1	-1	-1	-1	-1	-1	-1	-1	-1	-1	-1	-1	-1	-1	-1	-1	-1	-1	-1	-1	-1	-1	-1	-1	-1	-1	-1	-1	-1	-1	-1	-1	-1	-1	-1	-1	-1	-1	-1	-1	-1	-1	-1	-1	-1	-1	-1	-1	-1	-1	-1	-1	-1	FFFFFF44	肩部配饰	25	2004	1	1	
50231005	5	2	31	5	Charm7_14	1	花落红尘·肩(2级)	#cffff00【奢侈品】#r#W用于点缀时装肩膀的配饰，让你的时装更加的炫丽。#r在#G洛阳（246，129）#R伊天彩#W处可以点缀到已经裁剪的时装上。使用后不可再点缀同类配饰。	300000	2000	-1	-1	-1	-1	-1	-1	-1	-1	-1	-1	-1	-1	-1	-1	-1	-1	-1	-1	-1	-1	-1	-1	-1	-1	-1	-1	-1	-1	-1	-1	-1	-1	-1	-1	-1	-1	-1	-1	-1	-1	-1	-1	-1	-1	-1	-1	-1	-1	-1	-1	-1	-1	-1	-1	-1	-1	-1	-1	-1	-1	-1	-1	-1	-1	FFFFFF33	肩部配饰	26	2004	1	1	
50231009	5	2	31	9	Charm10_6	1	碎钻星辰·肩(2级)	#cffff00【奢侈品】#r#W用于点缀时装肩膀的配饰，让你的时装更加的炫丽。#r在#G洛阳（246，129）#R伊天彩#W处可以点缀到已经裁剪的时装上。使用后不可再点缀同类配饰。	300000	2000	-1	-1	-1	-1	-1	-1	-1	-1	-1	-1	-1	-1	-1	-1	-1	-1	-1	-1	-1	-1	-1	-1	-1	-1	-1	-1	-1	-1	-1	-1	-1	-1	-1	-1	-1	-1	-1	-1	-1	-1	-1	-1	-1	-1	-1	-1	-1	-1	-1	-1	-1	-1	-1	-1	-1	-1	-1	-1	-1	-1	-1	-1	-1	-1	FFFFFF44	肩部配饰	37	2004	1	1	
50231010	5	2	31	10	Charm11_2	1	千山暮雪·肩(2级)	#cffff00【奢侈品】#r#W用于点缀时装肩膀的配饰，让你的时装更加的炫丽。#r在#G洛阳（246，129）#R伊天彩#W处可以点缀到已经裁剪的时装上。使用后不可再点缀同类配饰。	300000	2000	-1	-1	-1	-1	-1	-1	-1	-1	-1	-1	-1	-1	-1	-1	-1	-1	-1	-1	-1	-1	-1	-1	-1	-1	-1	-1	-1	-1	-1	-1	-1	-1	-1	-1	-1	-1	-1	-1	-1	-1	-1	-1	-1	-1	-1	-1	-1	-1	-1	-1	-1	-1	-1	-1	-1	-1	-1	-1	-1	-1	-1	-1	-1	-1	FFFFFF44	肩部配饰	48	2004	1	1	
50231011	5	2	31	11	Charm10_12	1	寒梦星莲·肩(2级)	#cffff00【奢侈品】#r#W用于点缀时装肩膀的配饰，让你的时装更加的炫丽。#r在#G洛阳（246，129）#R伊天彩#W处可以点缀到已经裁剪的时装上。使用后不可再点缀同类配饰。	300000	2000	-1	-1	-1	-1	-1	-1	-1	-1	-1	-1	-1	-1	-1	-1	-1	-1	-1	-1	-1	-1	-1	-1	-1	-1	-1	-1	-1	-1	-1	-1	-1	-1	-1	-1	-1	-1	-1	-1	-1	-1	-1	-1	-1	-1	-1	-1	-1	-1	-1	-1	-1	-1	-1	-1	-1	-1	-1	-1	-1	-1	-1	-1	-1	-1	FFFFFF99	肩部配饰	60	2004	1	1	
50231012	5	2	31	12	Charm11_8	1	沾衣诉情·肩(2级)	#cffff00【奢侈品】#r#W用于点缀时装肩膀的配饰，让你的时装更加的炫丽。#r在#G洛阳（246，129）#R伊天彩#W处可以点缀到已经裁剪的时装上。使用后不可再点缀同类配饰。	300000	2000	-1	-1	-1	-1	-1	-1	-1	-1	-1	-1	-1	-1	-1	-1	-1	-1	-1	-1	-1	-1	-1	-1	-1	-1	-1	-1	-1	-1	-1	-1	-1	-1	-1	-1	-1	-1	-1	-1	-1	-1	-1	-1	-1	-1	-1	-1	-1	-1	-1	-1	-1	-1	-1	-1	-1	-1	-1	-1	-1	-1	-1	-1	-1	-1	FFFFFF99	肩部配饰	72	2004	1	1	
50232001	5	2	32	1	Charm8_6	1	冰蓝流云·腰(2级)	#cffff00【奢侈品】#r#W用于点缀时装腰部的配饰，让你的时装更加的炫丽。#r在#G洛阳（246，129）#R伊天彩#W处可以点缀到已经裁剪的时装上。使用后不可再点缀同类配饰。	300000	2000	-1	-1	-1	-1	-1	-1	-1	-1	-1	-1	-1	-1	-1	-1	-1	-1	-1	-1	-1	-1	-1	-1	-1	-1	-1	-1	-1	-1	-1	-1	-1	-1	-1	-1	-1	-1	-1	-1	-1	-1	-1	-1	-1	-1	-1	-1	-1	-1	-1	-1	-1	-1	-1	-1	-1	-1	-1	-1	-1	-1	-1	-1	-1	-1	FFFFFF44	腰部配饰	27	2004	1	1	
50232002	5	2	32	2	Charm7_10	1	紫微星光·腰(2级)	#cffff00【奢侈品】#r#W用于点缀时装腰部的配饰，让你的时装更加的炫丽。#r在#G洛阳（246，129）#R伊天彩#W处可以点缀到已经裁剪的时装上。使用后不可再点缀同类配饰。	300000	2000	-1	-1	-1	-1	-1	-1	-1	-1	-1	-1	-1	-1	-1	-1	-1	-1	-1	-1	-1	-1	-1	-1	-1	-1	-1	-1	-1	-1	-1	-1	-1	-1	-1	-1	-1	-1	-1	-1	-1	-1	-1	-1	-1	-1	-1	-1	-1	-1	-1	-1	-1	-1	-1	-1	-1	-1	-1	-1	-1	-1	-1	-1	-1	-1	FFFFFF33	腰部配饰	28	2004	1	1	
50232003	5	2	32	3	Charm8_10	1	翠玉星尘·腰(2级)	#cffff00【奢侈品】#r#W用于点缀时装腰部的配饰，让你的时装更加的炫丽。#r在#G洛阳（246，129）#R伊天彩#W处可以点缀到已经裁剪的时装上。使用后不可再点缀同类配饰。	300000	2000	-1	-1	-1	-1	-1	-1	-1	-1	-1	-1	-1	-1	-1	-1	-1	-1	-1	-1	-1	-1	-1	-1	-1	-1	-1	-1	-1	-1	-1	-1	-1	-1	-1	-1	-1	-1	-1	-1	-1	-1	-1	-1	-1	-1	-1	-1	-1	-1	-1	-1	-1	-1	-1	-1	-1	-1	-1	-1	-1	-1	-1	-1	-1	-1	FFFFFF44	腰部配饰	29	2004	1	1	
50232004	5	2	32	4	Charm8_2	1	橙影如梦·腰(2级)	#cffff00【奢侈品】#r#W用于点缀时装腰部的配饰，让你的时装更加的炫丽。#r在#G洛阳（246，129）#R伊天彩#W处可以点缀到已经裁剪的时装上。使用后不可再点缀同类配饰。	300000	2000	-1	-1	-1	-1	-1	-1	-1	-1	-1	-1	-1	-1	-1	-1	-1	-1	-1	-1	-1	-1	-1	-1	-1	-1	-1	-1	-1	-1	-1	-1	-1	-1	-1	-1	-1	-1	-1	-1	-1	-1	-1	-1	-1	-1	-1	-1	-1	-1	-1	-1	-1	-1	-1	-1	-1	-1	-1	-1	-1	-1	-1	-1	-1	-1	FFFFFF44	腰部配饰	30	2004	1	1	
50232005	5	2	32	5	Charm7_14	1	花落红尘·腰(2级)	#cffff00【奢侈品】#r#W用于点缀时装腰部的配饰，让你的时装更加的炫丽。#r在#G洛阳（246，129）#R伊天彩#W处可以点缀到已经裁剪的时装上。使用后不可再点缀同类配饰。	300000	2000	-1	-1	-1	-1	-1	-1	-1	-1	-1	-1	-1	-1	-1	-1	-1	-1	-1	-1	-1	-1	-1	-1	-1	-1	-1	-1	-1	-1	-1	-1	-1	-1	-1	-1	-1	-1	-1	-1	-1	-1	-1	-1	-1	-1	-1	-1	-1	-1	-1	-1	-1	-1	-1	-1	-1	-1	-1	-1	-1	-1	-1	-1	-1	-1	FFFFFF44	腰部配饰	31	2004	1	1	
50232009	5	2	32	9	Charm10_6	1	碎钻星辰·腰(2级)	#cffff00【奢侈品】#r#W用于点缀时装腰部的配饰，让你的时装更加的炫丽。#r在#G洛阳（246，129）#R伊天彩#W处可以点缀到已经裁剪的时装上。使用后不可再点缀同类配饰。	300000	2000	-1	-1	-1	-1	-1	-1	-1	-1	-1	-1	-1	-1	-1	-1	-1	-1	-1	-1	-1	-1	-1	-1	-1	-1	-1	-1	-1	-1	-1	-1	-1	-1	-1	-1	-1	-1	-1	-1	-1	-1	-1	-1	-1	-1	-1	-1	-1	-1	-1	-1	-1	-1	-1	-1	-1	-1	-1	-1	-1	-1	-1	-1	-1	-1	FFFFFF44	腰部配饰	42	2004	1	1	
50232010	5	2	32	10	Charm11_2	1	千山暮雪·腰(2级)	#cffff00【奢侈品】#r#W用于点缀时装腰部的配饰，让你的时装更加的炫丽。#r在#G洛阳（246，129）#R伊天彩#W处可以点缀到已经裁剪的时装上。使用后不可再点缀同类配饰。	300000	2000	-1	-1	-1	-1	-1	-1	-1	-1	-1	-1	-1	-1	-1	-1	-1	-1	-1	-1	-1	-1	-1	-1	-1	-1	-1	-1	-1	-1	-1	-1	-1	-1	-1	-1	-1	-1	-1	-1	-1	-1	-1	-1	-1	-1	-1	-1	-1	-1	-1	-1	-1	-1	-1	-1	-1	-1	-1	-1	-1	-1	-1	-1	-1	-1	FFFFFF44	腰部配饰	52	2004	1	1	
50232011	5	2	32	11	Charm10_12	1	寒梦星莲·腰(2级)	#cffff00【奢侈品】#r#W用于点缀时装腰部的配饰，让你的时装更加的炫丽。#r在#G洛阳（246，129）#R伊天彩#W处可以点缀到已经裁剪的时装上。使用后不可再点缀同类配饰。	300000	2000	-1	-1	-1	-1	-1	-1	-1	-1	-1	-1	-1	-1	-1	-1	-1	-1	-1	-1	-1	-1	-1	-1	-1	-1	-1	-1	-1	-1	-1	-1	-1	-1	-1	-1	-1	-1	-1	-1	-1	-1	-1	-1	-1	-1	-1	-1	-1	-1	-1	-1	-1	-1	-1	-1	-1	-1	-1	-1	-1	-1	-1	-1	-1	-1	FFFFFF99	腰部配饰	64	2004	1	1	
50232012	5	2	32	12	Charm11_8	1	沾衣诉情·腰(2级)	#cffff00【奢侈品】#r#W用于点缀时装腰部的配饰，让你的时装更加的炫丽。#r在#G洛阳（246，129）#R伊天彩#W处可以点缀到已经裁剪的时装上。使用后不可再点缀同类配饰。	300000	2000	-1	-1	-1	-1	-1	-1	-1	-1	-1	-1	-1	-1	-1	-1	-1	-1	-1	-1	-1	-1	-1	-1	-1	-1	-1	-1	-1	-1	-1	-1	-1	-1	-1	-1	-1	-1	-1	-1	-1	-1	-1	-1	-1	-1	-1	-1	-1	-1	-1	-1	-1	-1	-1	-1	-1	-1	-1	-1	-1	-1	-1	-1	-1	-1	FFFFFF99	腰部配饰	76	2004	1	1	
50233001	5	2	33	1	Charm8_6	1	冰蓝流云·脚(2级)	#cffff00【奢侈品】#r#W用于点缀时装脚部的配饰，让你的时装更加的炫丽。#r在#G洛阳（246，129）#R伊天彩#W处可以点缀到已经裁剪的时装上。使用后不可再点缀同类配饰。	300000	2000	-1	-1	-1	-1	-1	-1	-1	-1	-1	-1	-1	-1	-1	-1	-1	-1	-1	-1	-1	-1	-1	-1	-1	-1	-1	-1	-1	-1	-1	-1	-1	-1	-1	-1	-1	-1	-1	-1	-1	-1	-1	-1	-1	-1	-1	-1	-1	-1	-1	-1	-1	-1	-1	-1	-1	-1	-1	-1	-1	-1	-1	-1	-1	-1	FFFFFF44	脚部配饰	32	2004	1	1	
50233002	5	2	33	2	Charm7_10	1	紫微星光·脚(2级)	#cffff00【奢侈品】#r#W用于点缀时装脚部的配饰，让你的时装更加的炫丽。#r在#G洛阳（246，129）#R伊天彩#W处可以点缀到已经裁剪的时装上。使用后不可再点缀同类配饰。	300000	2000	-1	-1	-1	-1	-1	-1	-1	-1	-1	-1	-1	-1	-1	-1	-1	-1	-1	-1	-1	-1	-1	-1	-1	-1	-1	-1	-1	-1	-1	-1	-1	-1	-1	-1	-1	-1	-1	-1	-1	-1	-1	-1	-1	-1	-1	-1	-1	-1	-1	-1	-1	-1	-1	-1	-1	-1	-1	-1	-1	-1	-1	-1	-1	-1	FFFFFF44	脚部配饰	33	2004	1	1	
50233003	5	2	33	3	Charm8_10	1	翠玉星尘·脚(2级)	#cffff00【奢侈品】#r#W用于点缀时装脚部的配饰，让你的时装更加的炫丽。#r在#G洛阳（246，129）#R伊天彩#W处可以点缀到已经裁剪的时装上。使用后不可再点缀同类配饰。	300000	2000	-1	-1	-1	-1	-1	-1	-1	-1	-1	-1	-1	-1	-1	-1	-1	-1	-1	-1	-1	-1	-1	-1	-1	-1	-1	-1	-1	-1	-1	-1	-1	-1	-1	-1	-1	-1	-1	-1	-1	-1	-1	-1	-1	-1	-1	-1	-1	-1	-1	-1	-1	-1	-1	-1	-1	-1	-1	-1	-1	-1	-1	-1	-1	-1	FFFFFF44	脚部配饰	34	2004	1	1	
50233004	5	2	33	4	Charm8_2	1	橙影如梦·脚(2级)	#cffff00【奢侈品】#r#W用于点缀时装脚部的配饰，让你的时装更加的炫丽。#r在#G洛阳（246，129）#R伊天彩#W处可以点缀到已经裁剪的时装上。使用后不可再点缀同类配饰。	300000	2000	-1	-1	-1	-1	-1	-1	-1	-1	-1	-1	-1	-1	-1	-1	-1	-1	-1	-1	-1	-1	-1	-1	-1	-1	-1	-1	-1	-1	-1	-1	-1	-1	-1	-1	-1	-1	-1	-1	-1	-1	-1	-1	-1	-1	-1	-1	-1	-1	-1	-1	-1	-1	-1	-1	-1	-1	-1	-1	-1	-1	-1	-1	-1	-1	FFFFFF44	脚部配饰	35	2004	1	1	
50233005	5	2	33	5	Charm7_14	1	花落红尘·脚(2级)	#cffff00【奢侈品】#r#W用于点缀时装脚部的配饰，让你的时装更加的炫丽。#r在#G洛阳（246，129）#R伊天彩#W处可以点缀到已经裁剪的时装上。使用后不可再点缀同类配饰。	300000	2000	-1	-1	-1	-1	-1	-1	-1	-1	-1	-1	-1	-1	-1	-1	-1	-1	-1	-1	-1	-1	-1	-1	-1	-1	-1	-1	-1	-1	-1	-1	-1	-1	-1	-1	-1	-1	-1	-1	-1	-1	-1	-1	-1	-1	-1	-1	-1	-1	-1	-1	-1	-1	-1	-1	-1	-1	-1	-1	-1	-1	-1	-1	-1	-1	FFFFFF44	脚部配饰	36	2004	1	1	
50233009	5	2	33	9	Charm10_6	1	碎钻星辰·脚(2级)	#cffff00【奢侈品】#r#W用于点缀时装脚部的配饰，让你的时装更加的炫丽。#r在#G洛阳（246，129）#R伊天彩#W处可以点缀到已经裁剪的时装上。使用后不可再点缀同类配饰。	300000	2000	-1	-1	-1	-1	-1	-1	-1	-1	-1	-1	-1	-1	-1	-1	-1	-1	-1	-1	-1	-1	-1	-1	-1	-1	-1	-1	-1	-1	-1	-1	-1	-1	-1	-1	-1	-1	-1	-1	-1	-1	-1	-1	-1	-1	-1	-1	-1	-1	-1	-1	-1	-1	-1	-1	-1	-1	-1	-1	-1	-1	-1	-1	-1	-1	FFFFFF44	脚部配饰	45	2004	1	1	
50233010	5	2	33	10	Charm11_2	1	千山暮雪·脚(2级)	#cffff00【奢侈品】#r#W用于点缀时装脚部的配饰，让你的时装更加的炫丽。#r在#G洛阳（246，129）#R伊天彩#W处可以点缀到已经裁剪的时装上。使用后不可再点缀同类配饰。	300000	2000	-1	-1	-1	-1	-1	-1	-1	-1	-1	-1	-1	-1	-1	-1	-1	-1	-1	-1	-1	-1	-1	-1	-1	-1	-1	-1	-1	-1	-1	-1	-1	-1	-1	-1	-1	-1	-1	-1	-1	-1	-1	-1	-1	-1	-1	-1	-1	-1	-1	-1	-1	-1	-1	-1	-1	-1	-1	-1	-1	-1	-1	-1	-1	-1	FFFFFF44	脚部配饰	56	2004	1	1	
50233011	5	2	33	11	Charm10_12	1	寒梦星莲·脚(2级)	#cffff00【奢侈品】#r#W用于点缀时装脚部的配饰，让你的时装更加的炫丽。#r在#G洛阳（246，129）#R伊天彩#W处可以点缀到已经裁剪的时装上。使用后不可再点缀同类配饰。	300000	2000	-1	-1	-1	-1	-1	-1	-1	-1	-1	-1	-1	-1	-1	-1	-1	-1	-1	-1	-1	-1	-1	-1	-1	-1	-1	-1	-1	-1	-1	-1	-1	-1	-1	-1	-1	-1	-1	-1	-1	-1	-1	-1	-1	-1	-1	-1	-1	-1	-1	-1	-1	-1	-1	-1	-1	-1	-1	-1	-1	-1	-1	-1	-1	-1	FFFFFF99	脚部配饰	68	2004	1	1	
50233012	5	2	33	12	Charm11_8	1	沾衣诉情·脚(2级)	#cffff00【奢侈品】#r#W用于点缀时装脚部的配饰，让你的时装更加的炫丽。#r在#G洛阳（246，129）#R伊天彩#W处可以点缀到已经裁剪的时装上。使用后不可再点缀同类配饰。	300000	2000	-1	-1	-1	-1	-1	-1	-1	-1	-1	-1	-1	-1	-1	-1	-1	-1	-1	-1	-1	-1	-1	-1	-1	-1	-1	-1	-1	-1	-1	-1	-1	-1	-1	-1	-1	-1	-1	-1	-1	-1	-1	-1	-1	-1	-1	-1	-1	-1	-1	-1	-1	-1	-1	-1	-1	-1	-1	-1	-1	-1	-1	-1	-1	-1	FFFFFF99	脚部配饰	80	2004	1	1	
50301001	5	3	1	1	Gem3_2_4	6	猫眼石(3级)	象猫眼一样的宝石，可以镶嵌在攻击性装备(武器、护腕、戒指、护符、项链、暗器、武魂、七情刃)上，使用后不可再镶嵌同类宝石。#r#G希望宝石	50000	1000	-1	-1	-1	-1	-1	-1	-1	-1	-1	-1	-1	-1	-1	-1	-1	-1	-1	-1	-1	-1	-1	-1	-1	-1	-1	-1	364	-1	-1	-1	-1	-1	-1	-1	-1	-1	-1	-1	-1	-1	-1	-1	-1	-1	-1	-1	-1	-1	-1	-1	-1	-1	-1	-1	-1	-1	-1	-1	-1	-1	-1	-1	-1	-1	FFFFFF66	希望宝石	1	2004	1	250	
50301002	5	3	1	2	Gem3_1_1	6	虎眼石(3级)	象虎眼一样的宝石，可以镶嵌在攻击性装备(武器、护腕、戒指、护符、项链、暗器、武魂、七情刃)上，使用后不可再镶嵌同类宝石。#r#G希望宝石	50000	1000	-1	-1	-1	-1	-1	-1	-1	-1	-1	-1	-1	-1	-1	-1	-1	-1	-1	-1	-1	364	-1	-1	-1	-1	-1	-1	-1	-1	-1	-1	-1	-1	-1	-1	-1	-1	-1	-1	-1	-1	-1	-1	-1	-1	-1	-1	-1	-1	-1	-1	-1	-1	-1	-1	-1	-1	-1	-1	-1	-1	-1	-1	-1	-1	FFFFFF66	希望宝石	2	2004	1	250	
50302001	5	3	2	1	Gem3_1_3	6	黄晶石(3级)	黄色的晶石，可以镶嵌在攻击性装备(武器、护腕、戒指、护符、项链、暗器、武魂、七情刃)上，使用后不可再镶嵌同类宝石。#r#G智慧宝石#W#r可在#G洛阳（179，182）#R宝石工匠彭怀玉#W或#G楼兰（279，198）#R宝石工匠克里木#W处使用#G3级宝石雕琢符#W提升宝石属性。#r#cff9900本宝石只能雕琢一次。#r#W使用三颗雕琢后的宝石，和一个#G宝石熔炼符#W，能够熔炼成一颗对应的同等级胜利宝石。	150000	1000	-1	-1	-1	-1	-1	-1	-1	-1	-1	-1	-1	-1	20	-1	-1	-1	-1	-1	-1	-1	-1	-1	-1	-1	-1	-1	-1	-1	-1	-1	-1	-1	-1	-1	-1	-1	-1	-1	-1	-1	-1	-1	-1	-1	-1	-1	-1	-1	-1	-1	-1	-1	-1	-1	-1	-1	-1	-1	-1	-1	-1	-1	-1	-1	FFFFFF66	智慧宝石	3	2004	1	250	
50302002	5	3	2	2	Gem3_1_4	6	蓝晶石(3级)	蓝色的晶石，可以镶嵌在攻击性装备(武器、护腕、戒指、护符、项链、暗器、武魂、七情刃)上，使用后不可再镶嵌同类宝石。#r#G智慧宝石#W#r可在#G洛阳（179，182）#R宝石工匠彭怀玉#W或#G楼兰（279，198）#R宝石工匠克里木#W处使用#G3级宝石雕琢符#W提升宝石属性。#r#cff9900本宝石只能雕琢一次。#r#W使用三颗雕琢后的宝石，和一个#G宝石熔炼符#W，能够熔炼成一颗对应的同等级胜利宝石。	150000	1000	-1	-1	-1	-1	-1	-1	20	-1	-1	-1	-1	-1	-1	-1	-1	-1	-1	-1	-1	-1	-1	-1	-1	-1	-1	-1	-1	-1	-1	-1	-1	-1	-1	-1	-1	-1	-1	-1	-1	-1	-1	-1	-1	-1	-1	-1	-1	-1	-1	-1	-1	-1	-1	-1	-1	-1	-1	-1	-1	-1	-1	-1	-1	-1	FFFFFF66	智慧宝石	4	2004	1	250	
50302003	5	3	2	3	Gem3_1_5	6	红晶石(3级)	红色的晶石，可以镶嵌在攻击性装备(武器、护腕、戒指、护符、项链、暗器、武魂、七情刃)上，使用后不可再镶嵌同类宝石。#r#G智慧宝石#W#r可在#G洛阳（179，182）#R宝石工匠彭怀玉#W或#G楼兰（279，198）#R宝石工匠克里木#W处使用#G3级宝石雕琢符#W提升宝石属性。#r#cff9900本宝石只能雕琢一次。#r#W使用三颗雕琢后的宝石，和一个#G宝石熔炼符#W，能够熔炼成一颗对应的同等级胜利宝石。	150000	1000	-1	-1	-1	-1	-1	-1	-1	-1	-1	20	-1	-1	-1	-1	-1	-1	-1	-1	-1	-1	-1	-1	-1	-1	-1	-1	-1	-1	-1	-1	-1	-1	-1	-1	-1	-1	-1	-1	-1	-1	-1	-1	-1	-1	-1	-1	-1	-1	-1	-1	-1	-1	-1	-1	-1	-1	-1	-1	-1	-1	-1	-1	-1	-1	FFFFFF66	智慧宝石	5	2004	1	250	
50302004	5	3	2	4	Gem3_1_6	6	绿晶石(3级)	绿色的晶石，可以镶嵌在攻击性装备(武器、护腕、戒指、护符、项链、暗器、武魂、七情刃)上，使用后不可再镶嵌同类宝石。#r#G智慧宝石#W#r可在#G洛阳（179，182）#R宝石工匠彭怀玉#W或#G楼兰（279，198）#R宝石工匠克里木#W处使用#G3级宝石雕琢符#W提升宝石属性。#r#cff9900本宝石只能雕琢一次。#r#W使用三颗雕琢后的宝石，和一个#G宝石熔炼符#W，能够熔炼成一颗对应的同等级胜利宝石。	150000	1000	-1	-1	-1	-1	-1	-1	-1	-1	-1	-1	-1	-1	-1	-1	-1	20	-1	-1	-1	-1	-1	-1	-1	-1	-1	-1	-1	-1	-1	-1	-1	-1	-1	-1	-1	-1	-1	-1	-1	-1	-1	-1	-1	-1	-1	-1	-1	-1	-1	-1	-1	-1	-1	-1	-1	-1	-1	-1	-1	-1	-1	-1	-1	-1	FFFFFF66	智慧宝石	6	2004	1	250	
50302005	5	3	2	5	Gem3_2_5	6	纯净黄晶石(3级)	纯净的黄晶石，可以镶嵌在攻击性装备(武器、护腕、戒指、护符、项链、暗器、武魂、七情刃)上，使用后不可再镶嵌同类宝石。#r#G智慧宝石#r#cff9900雕琢过的宝石不能再雕琢。#r#W使用三颗此种宝石，和一个#G宝石熔炼符#W，能够熔炼成一颗对应的同等级胜利宝石。#r在#G帮会城市#W做#G发展任务#W，#G市集任务#W，#G工程任务#W时，会有一定几率获得#G宝石熔炼符#W。	300000	2000	-1	-1	-1	-1	-1	-1	-1	-1	-1	-1	-1	-1	33	-1	-1	-1	-1	-1	-1	-1	-1	-1	-1	-1	-1	-1	-1	-1	-1	-1	-1	-1	-1	-1	-1	-1	-1	-1	-1	-1	-1	-1	-1	-1	-1	-1	-1	-1	-1	-1	-1	-1	-1	-1	-1	-1	-1	-1	-1	-1	-1	-1	-1	-1	FFFFFF66	智慧宝石	14	2004	1	250	
50302006	5	3	2	6	Gem3_2_9	6	纯净蓝晶石(3级)	纯净的蓝晶石，可以镶嵌在攻击性装备(武器、护腕、戒指、护符、项链、暗器、武魂、七情刃)上，使用后不可再镶嵌同类宝石。#r#G智慧宝石#r#cff9900雕琢过的宝石不能再雕琢。#r#W使用三颗此种宝石，和一个#G宝石熔炼符#W，能够熔炼成一颗对应的同等级胜利宝石。#r在#G帮会城市#W做#G发展任务#W，#G市集任务#W，#G工程任务#W时，会有一定几率获得#G宝石熔炼符#W。	300000	2000	-1	-1	-1	-1	-1	-1	33	-1	-1	-1	-1	-1	-1	-1	-1	-1	-1	-1	-1	-1	-1	-1	-1	-1	-1	-1	-1	-1	-1	-1	-1	-1	-1	-1	-1	-1	-1	-1	-1	-1	-1	-1	-1	-1	-1	-1	-1	-1	-1	-1	-1	-1	-1	-1	-1	-1	-1	-1	-1	-1	-1	-1	-1	-1	FFFFFF66	智慧宝石	15	2004	1	250	
50302007	5	3	2	7	Gem3_2_13	6	纯净红晶石(3级)	纯净的红晶石，可以镶嵌在攻击性装备(武器、护腕、戒指、护符、项链、暗器、武魂、七情刃)上，使用后不可再镶嵌同类宝石。#r#G智慧宝石#r#cff9900雕琢过的宝石不能再雕琢。#r#W使用三颗此种宝石，和一个#G宝石熔炼符#W，能够熔炼成一颗对应的同等级胜利宝石。#r在#G帮会城市#W做#G发展任务#W，#G市集任务#W，#G工程任务#W时，会有一定几率获得#G宝石熔炼符#W。	300000	2000	-1	-1	-1	-1	-1	-1	-1	-1	-1	33	-1	-1	-1	-1	-1	-1	-1	-1	-1	-1	-1	-1	-1	-1	-1	-1	-1	-1	-1	-1	-1	-1	-1	-1	-1	-1	-1	-1	-1	-1	-1	-1	-1	-1	-1	-1	-1	-1	-1	-1	-1	-1	-1	-1	-1	-1	-1	-1	-1	-1	-1	-1	-1	-1	FFFFFF66	智慧宝石	16	2004	1	250	
50302008	5	3	2	8	Gem3_2_6	6	纯净绿晶石(3级)	纯净的绿晶石，可以镶嵌在攻击性装备(武器、护腕、戒指、护符、项链、暗器、武魂、七情刃)上，使用后不可再镶嵌同类宝石。#r#G智慧宝石#r#cff9900雕琢过的宝石不能再雕琢。#r#W使用三颗此种宝石，和一个#G宝石熔炼符#W，能够熔炼成一颗对应的同等级胜利宝石。#r在#G帮会城市#W做#G发展任务#W，#G市集任务#W，#G工程任务#W时，会有一定几率获得#G宝石熔炼符#W。	300000	2000	-1	-1	-1	-1	-1	-1	-1	-1	-1	-1	-1	-1	-1	-1	-1	33	-1	-1	-1	-1	-1	-1	-1	-1	-1	-1	-1	-1	-1	-1	-1	-1	-1	-1	-1	-1	-1	-1	-1	-1	-1	-1	-1	-1	-1	-1	-1	-1	-1	-1	-1	-1	-1	-1	-1	-1	-1	-1	-1	-1	-1	-1	-1	-1	FFFFFF66	智慧宝石	17	2004	1	250	
50303001	5	3	3	1	Gem3_1_2	6	紫玉(3级)	紫色玉石，可以镶嵌在攻击性装备(武器、护腕、戒指、护符、项链、暗器、武魂、七情刃)上，使用后不可再镶嵌同类宝石。#r#G玄微宝石	100000	1000	-1	-1	-1	-1	-1	-1	-1	-1	-1	-1	-1	-1	-1	-1	-1	-1	-1	-1	-1	-1	-1	-1	-1	-1	-1	-1	-1	-1	-1	-1	-1	-1	-1	-1	-1	406	-1	-1	-1	-1	-1	-1	-1	-1	-1	-1	-1	-1	-1	-1	-1	-1	-1	-1	-1	-1	-1	-1	-1	-1	-1	-1	-1	-1	FFFFFF66	玄微宝石	7	2004	1	250	
50304002	5	3	4	2	Gem3_1_8	6	变石(3级)	在阳光下呈绿色，在烛光下呈红色，可变色的宝石，可以镶嵌在攻击性装备(武器、护腕、戒指、护符、项链、暗器、武魂、七情刃)上，使用后不可再镶嵌同类宝石。#r#G幻冥宝石	250000	1000	-1	-1	-1	-1	-1	-1	-1	-1	-1	-1	-1	-1	-1	-1	-1	-1	-1	-1	-1	-1	-1	-1	-1	-1	-1	-1	-1	-1	-1	-1	-1	-1	-1	-1	-1	-1	-1	3	-1	-1	-1	-1	-1	-1	-1	-1	-1	-1	-1	-1	-1	-1	-1	-1	-1	-1	-1	-1	-1	-1	-1	-1	-1	-1	FFFFFF66	幻冥宝石	8	2004	1	250	
50311001	5	3	11	1	Gem3_1_9	6	石榴石(3级)	因其外形酷似成熟的石榴籽而得名的宝石，可以镶嵌在防御性装备(衣服、手套、帽子、护肩、鞋、腰带、项链、暗器、武魂、七情刃)上，使用后不可再镶嵌同类宝石。#r#G生命宝石	50000	1000	-1	-1	-1	-1	-1	-1	-1	-1	-1	-1	-1	-1	-1	-1	-1	-1	-1	-1	-1	-1	-1	-1	-1	-1	-1	-1	-1	-1	-1	363	-1	-1	-1	-1	-1	-1	-1	-1	-1	-1	-1	-1	-1	-1	-1	-1	-1	-1	-1	-1	-1	-1	-1	-1	-1	-1	-1	-1	-1	-1	-1	-1	-1	-1	FFFFFF4C	生命宝石	7	2004	1	250	
50311002	5	3	11	2	Gem3_1_12	6	尖晶石(3级)	颜色繁多且艳丽的宝石，可以镶嵌在防御性装备(衣服、手套、帽子、护肩、鞋、腰带、项链、暗器、武魂、七情刃)上，使用后不可再镶嵌同类宝石。#r#G生命宝石	50000	1000	-1	-1	-1	-1	-1	-1	-1	-1	-1	-1	-1	-1	-1	-1	-1	-1	-1	-1	-1	-1	-1	-1	363	-1	-1	-1	-1	-1	-1	-1	-1	-1	-1	-1	-1	-1	-1	-1	-1	-1	-1	-1	-1	-1	-1	-1	-1	-1	-1	-1	-1	-1	-1	-1	-1	-1	-1	-1	-1	-1	-1	-1	-1	-1	FFFFFF4C	生命宝石	11	2004	1	250	
50312001	5	3	12	1	Gem3_1_11	6	黄玉(3级)	黄色的玉石，可以镶嵌在防御性装备(衣服、手套、帽子、护肩、鞋、腰带、项链、暗器、武魂、七情刃)上，使用后不可再镶嵌同类宝石。#r#G魅力宝石#W#r可在#G洛阳（179，182）#R宝石工匠彭怀玉#W或#G楼兰（279，198）#R宝石工匠克里木#W处使用#G3级宝石雕琢符#W提升宝石属性。#r#cff9900本宝石只能雕琢一次。	150000	1000	-1	-1	-1	-1	-1	-1	-1	-1	-1	-1	-1	-1	-1	8	-1	-1	-1	-1	-1	-1	-1	-1	-1	-1	-1	-1	-1	-1	-1	-1	-1	-1	-1	-1	-1	-1	-1	-1	-1	-1	-1	-1	-1	-1	-1	-1	-1	-1	-1	-1	-1	-1	-1	-1	-1	-1	-1	-1	-1	-1	-1	-1	-1	-1	FFFFFF4C	魅力宝石	12	2004	1	250	
50312002	5	3	12	2	Gem3_1_10	6	皓石(3级)	闪闪发亮的宝石，可以镶嵌在防御性装备(衣服、手套、帽子、护肩、鞋、腰带、项链、暗器、武魂、七情刃)上，使用后不可再镶嵌同类宝石。#r#G魅力宝石#W#r可在#G洛阳（179，182）#R宝石工匠彭怀玉#W或#G楼兰（279，198）#R宝石工匠克里木#W处使用#G3级宝石雕琢符#W提升宝石属性。#r#cff9900本宝石只能雕琢一次。	150000	1000	-1	-1	-1	-1	-1	-1	-1	8	-1	-1	-1	-1	-1	-1	-1	-1	-1	-1	-1	-1	-1	-1	-1	-1	-1	-1	-1	-1	-1	-1	-1	-1	-1	-1	-1	-1	-1	-1	-1	-1	-1	-1	-1	-1	-1	-1	-1	-1	-1	-1	-1	-1	-1	-1	-1	-1	-1	-1	-1	-1	-1	-1	-1	-1	FFFFFF4C	魅力宝石	2	2004	1	250	
50312003	5	3	12	3	Gem3_1_13	6	月光石(3级)	具淡蓝色的晕彩，如同朦胧的月光的宝石，可以镶嵌在防御性装备(衣服、手套、帽子、护肩、鞋、腰带、项链、暗器、武魂、七情刃)上，使用后不可再镶嵌同类宝石。#r#G魅力宝石#W#r可在#G洛阳（179，182）#R宝石工匠彭怀玉#W或#G楼兰（279，198）#R宝石工匠克里木#W处使用#G3级宝石雕琢符#W提升宝石属性。#r#cff9900本宝石只能雕琢一次。	150000	1000	-1	-1	-1	-1	-1	-1	-1	-1	-1	-1	8	-1	-1	-1	-1	-1	-1	-1	-1	-1	-1	-1	-1	-1	-1	-1	-1	-1	-1	-1	-1	-1	-1	-1	-1	-1	-1	-1	-1	-1	-1	-1	-1	-1	-1	-1	-1	-1	-1	-1	-1	-1	-1	-1	-1	-1	-1	-1	-1	-1	-1	-1	-1	-1	FFFFFF4C	魅力宝石	4	2004	1	250	
50312004	5	3	12	4	Gem3_2_1	6	碧玺(3级)	颜色繁多且艳丽的宝石，可以镶嵌在防御性装备(衣服、手套、帽子、护肩、鞋、腰带、项链、暗器、武魂、七情刃)上，使用后不可再镶嵌同类宝石。#r#G魅力宝石#W#r可在#G洛阳（179，182）#R宝石工匠彭怀玉#W或#G楼兰（279，198）#R宝石工匠克里木#W处使用#G3级宝石雕琢符#W提升宝石属性。#r#cff9900本宝石只能雕琢一次。	150000	1000	-1	-1	-1	-1	-1	-1	-1	-1	-1	-1	-1	-1	-1	-1	-1	-1	8	-1	-1	-1	-1	-1	-1	-1	-1	-1	-1	-1	-1	-1	-1	-1	-1	-1	-1	-1	-1	-1	-1	-1	-1	-1	-1	-1	-1	-1	-1	-1	-1	-1	-1	-1	-1	-1	-1	-1	-1	-1	-1	-1	-1	-1	-1	-1	FFFFFF4C	魅力宝石	3	2004	1	250	
50312005	5	3	12	5	Gem3_2_10	6	纯净黄玉(3级)	纯净的黄玉，可以镶嵌在防御性装备(衣服、手套、帽子、护肩、鞋、腰带、项链、暗器、武魂、七情刃)上，使用后不可再镶嵌同类宝石。#r#G魅力宝石#r#cff9900雕琢过的宝石不能再雕琢。	300000	2000	-1	-1	-1	-1	-1	-1	-1	-1	-1	-1	-1	-1	-1	20	-1	-1	-1	-1	-1	-1	-1	-1	-1	-1	-1	-1	-1	-1	-1	-1	-1	-1	-1	-1	-1	-1	-1	-1	-1	-1	-1	-1	-1	-1	-1	-1	-1	-1	-1	-1	-1	-1	-1	-1	-1	-1	-1	-1	-1	-1	-1	-1	-1	-1	FFFFFF66	魅力宝石	16	2004	1	250	
50312006	5	3	12	6	Gem3_2_14	6	纯净皓石(3级)	纯净的皓石，可以镶嵌在防御性装备(衣服、手套、帽子、护肩、鞋、腰带、项链、暗器、武魂、七情刃)上，使用后不可再镶嵌同类宝石。#r#G魅力宝石#r#cff9900雕琢过的宝石不能再雕琢。	300000	2000	-1	-1	-1	-1	-1	-1	-1	20	-1	-1	-1	-1	-1	-1	-1	-1	-1	-1	-1	-1	-1	-1	-1	-1	-1	-1	-1	-1	-1	-1	-1	-1	-1	-1	-1	-1	-1	-1	-1	-1	-1	-1	-1	-1	-1	-1	-1	-1	-1	-1	-1	-1	-1	-1	-1	-1	-1	-1	-1	-1	-1	-1	-1	-1	FFFFFF66	魅力宝石	17	2004	1	250	
50312007	5	3	12	7	Gem3_2_11	6	纯净月光石(3级)	纯净的月光石，可以镶嵌在防御性装备(衣服、手套、帽子、护肩、鞋、腰带、项链、暗器、武魂、七情刃)上，使用后不可再镶嵌同类宝石。#r#G魅力宝石#r#cff9900雕琢过的宝石不能再雕琢。	300000	2000	-1	-1	-1	-1	-1	-1	-1	-1	-1	-1	20	-1	-1	-1	-1	-1	-1	-1	-1	-1	-1	-1	-1	-1	-1	-1	-1	-1	-1	-1	-1	-1	-1	-1	-1	-1	-1	-1	-1	-1	-1	-1	-1	-1	-1	-1	-1	-1	-1	-1	-1	-1	-1	-1	-1	-1	-1	-1	-1	-1	-1	-1	-1	-1	FFFFFF66	魅力宝石	15	2004	1	250	
50312008	5	3	12	8	Gem3_2_15	6	纯净碧玺(3级)	纯净的碧玺，可以镶嵌在防御性装备(衣服、手套、帽子、护肩、鞋、腰带、项链、暗器、武魂、七情刃)上，使用后不可再镶嵌同类宝石。#r#G魅力宝石#r#cff9900雕琢过的宝石不能再雕琢。	300000	2000	-1	-1	-1	-1	-1	-1	-1	-1	-1	-1	-1	-1	-1	-1	-1	-1	20	-1	-1	-1	-1	-1	-1	-1	-1	-1	-1	-1	-1	-1	-1	-1	-1	-1	-1	-1	-1	-1	-1	-1	-1	-1	-1	-1	-1	-1	-1	-1	-1	-1	-1	-1	-1	-1	-1	-1	-1	-1	-1	-1	-1	-1	-1	-1	FFFFFF66	魅力宝石	14	2004	1	250	
50313001	5	3	13	1	Gem3_1_15	6	黄宝石(3级)	黄色的宝石，可以镶嵌在防御性装备(衣服、手套、帽子、护肩、鞋、腰带、项链、暗器、武魂、七情刃)上，使用后不可再镶嵌同类宝石。#r#G命运宝石	75000	1000	-1	-1	-1	-1	-1	-1	-1	-1	-1	-1	-1	-1	-1	-1	-1	-1	-1	-1	-1	-1	-1	-1	-1	-1	-1	-1	-1	-1	-1	-1	-1	-1	-1	-1	-1	-1	-1	-1	-1	-1	-1	-1	37	-1	-1	-1	-1	-1	-1	-1	-1	-1	-1	-1	-1	-1	-1	-1	-1	-1	-1	-1	-1	-1	FFFFFF4C	命运宝石	5	2004	1	250	
50313002	5	3	13	2	Gem3_1_16	6	蓝宝石(3级)	蓝色的宝石，可以镶嵌在防御性装备(衣服、手套、帽子、护肩、鞋、腰带、项链、暗器、武魂、七情刃)上，使用后不可再镶嵌同类宝石。#r#G命运宝石	75000	1000	-1	-1	-1	-1	-1	-1	-1	-1	-1	-1	-1	-1	-1	-1	-1	-1	-1	-1	-1	-1	-1	-1	-1	-1	-1	-1	-1	-1	-1	-1	-1	-1	-1	-1	-1	-1	-1	-1	-1	-1	-1	-1	-1	37	-1	-1	-1	-1	-1	-1	-1	-1	-1	-1	-1	-1	-1	-1	-1	-1	-1	-1	-1	-1	FFFFFF4C	命运宝石	6	2004	1	250	
50313003	5	3	13	3	Gem3_1_7	6	绿宝石(3级)	绿色的宝石，可以镶嵌在防御性装备(衣服、手套、帽子、护肩、鞋、腰带、项链、暗器、武魂、七情刃)上，使用后不可再镶嵌同类宝石。#r#G命运宝石	75000	1000	-1	-1	-1	-1	-1	-1	-1	-1	-1	-1	-1	-1	-1	-1	-1	-1	-1	-1	-1	-1	-1	-1	-1	-1	-1	-1	-1	-1	-1	-1	-1	-1	-1	-1	-1	-1	-1	-1	-1	-1	-1	-1	-1	-1	-1	-1	20	-1	-1	-1	-1	-1	-1	-1	-1	-1	-1	-1	-1	-1	-1	-1	-1	-1	FFFFFF4C	命运宝石	9	2004	1	250	
50313004	5	3	13	4	Gem3_2_2	6	红宝石(3级)	红色的宝石，可以镶嵌在防御性装备(衣服、手套、帽子、护肩、鞋、腰带、项链、暗器、武魂、七情刃)上，使用后不可再镶嵌同类宝石。#r#G命运宝石	75000	1000	-1	-1	-1	-1	-1	-1	-1	-1	-1	-1	-1	-1	-1	-1	-1	-1	-1	-1	-1	-1	-1	-1	-1	-1	-1	-1	-1	-1	-1	-1	-1	-1	-1	-1	-1	-1	-1	-1	-1	-1	-1	-1	-1	-1	37	-1	-1	-1	-1	-1	-1	-1	-1	-1	-1	-1	-1	-1	-1	-1	-1	-1	-1	-1	FFFFFF4C	命运宝石	10	2004	1	250	
50313005	5	3	13	5	Gem3_2_3	6	黑宝石(3级)	黑色的宝石，可以镶嵌在防御性装备(衣服、手套、帽子、护肩、鞋、腰带、项链、暗器、武魂、七情刃)上，使用后不可再镶嵌同类宝石。#r#G命运宝石	75000	1000	-1	-1	-1	-1	-1	-1	-1	-1	-1	-1	-1	-1	-1	-1	-1	-1	-1	-1	-1	-1	-1	-1	-1	-1	-1	-1	-1	-1	-1	-1	-1	-1	-1	-1	-1	-1	-1	-1	-1	-1	-1	-1	-1	-1	-1	37	-1	-1	-1	-1	-1	-1	-1	-1	-1	-1	-1	-1	-1	-1	-1	-1	-1	-1	FFFFFF4C	命运宝石	1	2004	1	250	
50313006	5	3	13	6	Gem3_2_7	6	血精石(3级)	布满血丝红精的宝石，可以镶嵌在防御性装备(衣服、手套、帽子、护肩、鞋、腰带、项链、暗器、武魂、七情刃)上，使用后不可再镶嵌同类宝石。#r#G命运宝石	75000	1000	2066	-1	-1	-1	-1	-1	-1	-1	-1	-1	-1	-1	-1	-1	-1	-1	-1	-1	-1	-1	-1	-1	-1	-1	-1	-1	-1	-1	-1	-1	-1	-1	-1	-1	-1	-1	-1	-1	-1	-1	-1	-1	-1	-1	-1	-1	-1	-1	-1	-1	-1	-1	-1	-1	-1	-1	-1	-1	-1	-1	-1	-1	-1	-1	FFFFFF4C	命运宝石	13	2004	1	250	
50314001	5	3	14	1	Gem3_1_14	6	祖母绿(3级)	翠绿如滴，顶级翡翠，可以镶嵌在防御性装备(衣服、手套、帽子、护肩、鞋、腰带、项链、暗器、武魂、七情刃)上，使用后不可再镶嵌同类宝石。#r#G天机宝石	100000	1000	-1	-1	-1	-1	-1	-1	-1	-1	-1	-1	-1	-1	-1	-1	-1	-1	-1	-1	-1	-1	-1	-1	-1	-1	-1	-1	-1	-1	-1	-1	-1	-1	-1	-1	-1	-1	135	-1	-1	-1	-1	-1	-1	-1	-1	-1	-1	-1	-1	-1	-1	-1	-1	-1	-1	-1	-1	-1	-1	-1	-1	-1	-1	-1	FFFFFF4C	天机宝石	8	2004	1	250	
50321001	5	3	21	1	Gemjiankang_2	6	黄冥石(3级)	黄色的冥石，可以镶嵌在攻击性装备(武器、护腕、戒指、护符、项链、暗器、武魂、七情刃)上，使用后不可再镶嵌同类宝石。#r#G无法将目标的抗性降低至负值#r#G胜利宝石	300000	2000	-1	-1	-1	-1	-1	-1	-1	-1	-1	-1	-1	-1	-1	-1	-1	-1	-1	-1	-1	-1	-1	-1	-1	-1	-1	-1	-1	-1	-1	-1	-1	-1	-1	-1	-1	-1	-1	-1	-1	-1	-1	-1	-1	-1	-1	-1	-1	-1	-1	-1	-1	-1	-1	-1	-1	-1	20	-1	-1	-1	-1	-1	-1	-1	FFFFFF66	胜利宝石	31	2004	1	250	
50321002	5	3	21	2	Gemjiankang_14	6	蓝冥石(3级)	蓝色的冥石，可以镶嵌在攻击性装备(武器、护腕、戒指、护符、项链、暗器、武魂、七情刃)上，使用后不可再镶嵌同类宝石。#r#G无法将目标的抗性降低至负值#r#G胜利宝石	300000	2000	-1	-1	-1	-1	-1	-1	-1	-1	-1	-1	-1	-1	-1	-1	-1	-1	-1	-1	-1	-1	-1	-1	-1	-1	-1	-1	-1	-1	-1	-1	-1	-1	-1	-1	-1	-1	-1	-1	-1	-1	-1	-1	-1	-1	-1	-1	-1	-1	-1	-1	-1	-1	-1	-1	20	-1	-1	-1	-1	-1	-1	-1	-1	-1	FFFFFF66	胜利宝石	32	2004	1	250	
50321003	5	3	21	3	Gemjiankang_10	6	红冥石(3级)	红色的冥石，可以镶嵌在攻击性装备(武器、护腕、戒指、护符、项链、暗器、武魂、七情刃)上，使用后不可再镶嵌同类宝石。#r#G无法将目标的抗性降低至负值#r#G胜利宝石	300000	2000	-1	-1	-1	-1	-1	-1	-1	-1	-1	-1	-1	-1	-1	-1	-1	-1	-1	-1	-1	-1	-1	-1	-1	-1	-1	-1	-1	-1	-1	-1	-1	-1	-1	-1	-1	-1	-1	-1	-1	-1	-1	-1	-1	-1	-1	-1	-1	-1	-1	-1	-1	-1	-1	-1	-1	20	-1	-1	-1	-1	-1	-1	-1	-1	FFFFFF66	胜利宝石	33	2004	1	250	
50321004	5	3	21	4	Gemjiankang_6	6	绿冥石(3级)	绿色的冥石，可以镶嵌在攻击性装备(武器、护腕、戒指、护符、项链、暗器、武魂、七情刃)上，使用后不可再镶嵌同类宝石。#r#G无法将目标的抗性降低至负值#r#G胜利宝石	300000	2000	-1	-1	-1	-1	-1	-1	-1	-1	-1	-1	-1	-1	-1	-1	-1	-1	-1	-1	-1	-1	-1	-1	-1	-1	-1	-1	-1	-1	-1	-1	-1	-1	-1	-1	-1	-1	-1	-1	-1	-1	-1	-1	-1	-1	-1	-1	-1	-1	-1	-1	-1	-1	-1	-1	-1	-1	-1	20	-1	-1	-1	-1	-1	-1	FFFFFF66	胜利宝石	34	2004	1	250	
50331001	5	3	31	1	Charm8_7	1	冰蓝流云·肩(3级)	#cffff00【奢侈品】#r#W用于点缀时装肩膀的配饰，让你的时装更加的炫丽。#r在#G洛阳（246，129）#R伊天彩#W处可以点缀到已经裁剪的时装上。使用后不可再点缀同类配饰。	300000	2000	-1	-1	-1	-1	-1	-1	-1	-1	-1	-1	-1	-1	-1	-1	-1	-1	-1	-1	-1	-1	-1	-1	-1	-1	-1	-1	-1	-1	-1	-1	-1	-1	-1	-1	-1	-1	-1	-1	-1	-1	-1	-1	-1	-1	-1	-1	-1	-1	-1	-1	-1	-1	-1	-1	-1	-1	-1	-1	-1	-1	-1	-1	-1	-1	FFFFFF55	肩部配饰	22	2004	1	1	
50331002	5	3	31	2	Charm7_11	1	紫微星光·肩(3级)	#cffff00【奢侈品】#r#W用于点缀时装肩膀的配饰，让你的时装更加的炫丽。#r在#G洛阳（246，129）#R伊天彩#W处可以点缀到已经裁剪的时装上。使用后不可再点缀同类配饰。	300000	2000	-1	-1	-1	-1	-1	-1	-1	-1	-1	-1	-1	-1	-1	-1	-1	-1	-1	-1	-1	-1	-1	-1	-1	-1	-1	-1	-1	-1	-1	-1	-1	-1	-1	-1	-1	-1	-1	-1	-1	-1	-1	-1	-1	-1	-1	-1	-1	-1	-1	-1	-1	-1	-1	-1	-1	-1	-1	-1	-1	-1	-1	-1	-1	-1	FFFFFF55	肩部配饰	23	2004	1	1	
50331003	5	3	31	3	Charm8_11	1	翠玉星尘·肩(3级)	#cffff00【奢侈品】#r#W用于点缀时装肩膀的配饰，让你的时装更加的炫丽。#r在#G洛阳（246，129）#R伊天彩#W处可以点缀到已经裁剪的时装上。使用后不可再点缀同类配饰。	300000	2000	-1	-1	-1	-1	-1	-1	-1	-1	-1	-1	-1	-1	-1	-1	-1	-1	-1	-1	-1	-1	-1	-1	-1	-1	-1	-1	-1	-1	-1	-1	-1	-1	-1	-1	-1	-1	-1	-1	-1	-1	-1	-1	-1	-1	-1	-1	-1	-1	-1	-1	-1	-1	-1	-1	-1	-1	-1	-1	-1	-1	-1	-1	-1	-1	FFFFFF55	肩部配饰	24	2004	1	1	
50331004	5	3	31	4	Charm8_3	1	橙影如梦·肩(3级)	#cffff00【奢侈品】#r#W用于点缀时装肩膀的配饰，让你的时装更加的炫丽。#r在#G洛阳（246，129）#R伊天彩#W处可以点缀到已经裁剪的时装上。使用后不可再点缀同类配饰。	300000	2000	-1	-1	-1	-1	-1	-1	-1	-1	-1	-1	-1	-1	-1	-1	-1	-1	-1	-1	-1	-1	-1	-1	-1	-1	-1	-1	-1	-1	-1	-1	-1	-1	-1	-1	-1	-1	-1	-1	-1	-1	-1	-1	-1	-1	-1	-1	-1	-1	-1	-1	-1	-1	-1	-1	-1	-1	-1	-1	-1	-1	-1	-1	-1	-1	FFFFFF55	肩部配饰	25	2004	1	1	
50331005	5	3	31	5	Charm7_15	1	花落红尘·肩(3级)	#cffff00【奢侈品】#r#W用于点缀时装肩膀的配饰，让你的时装更加的炫丽。#r在#G洛阳（246，129）#R伊天彩#W处可以点缀到已经裁剪的时装上。使用后不可再点缀同类配饰。	300000	2000	-1	-1	-1	-1	-1	-1	-1	-1	-1	-1	-1	-1	-1	-1	-1	-1	-1	-1	-1	-1	-1	-1	-1	-1	-1	-1	-1	-1	-1	-1	-1	-1	-1	-1	-1	-1	-1	-1	-1	-1	-1	-1	-1	-1	-1	-1	-1	-1	-1	-1	-1	-1	-1	-1	-1	-1	-1	-1	-1	-1	-1	-1	-1	-1	FFFFFF44	肩部配饰	26	2004	1	1	
50331009	5	3	31	9	Charm10_7	1	碎钻星辰·肩(3级)	#cffff00【奢侈品】#r#W用于点缀时装肩膀的配饰，让你的时装更加的炫丽。#r在#G洛阳（246，129）#R伊天彩#W处可以点缀到已经裁剪的时装上。使用后不可再点缀同类配饰。	300000	2000	-1	-1	-1	-1	-1	-1	-1	-1	-1	-1	-1	-1	-1	-1	-1	-1	-1	-1	-1	-1	-1	-1	-1	-1	-1	-1	-1	-1	-1	-1	-1	-1	-1	-1	-1	-1	-1	-1	-1	-1	-1	-1	-1	-1	-1	-1	-1	-1	-1	-1	-1	-1	-1	-1	-1	-1	-1	-1	-1	-1	-1	-1	-1	-1	FFFFFF55	肩部配饰	37	2004	1	1	
50331010	5	3	31	10	Charm11_3	1	千山暮雪·肩(3级)	#cffff00【奢侈品】#r#W用于点缀时装肩膀的配饰，让你的时装更加的炫丽。#r在#G洛阳（246，129）#R伊天彩#W处可以点缀到已经裁剪的时装上。使用后不可再点缀同类配饰。	300000	2000	-1	-1	-1	-1	-1	-1	-1	-1	-1	-1	-1	-1	-1	-1	-1	-1	-1	-1	-1	-1	-1	-1	-1	-1	-1	-1	-1	-1	-1	-1	-1	-1	-1	-1	-1	-1	-1	-1	-1	-1	-1	-1	-1	-1	-1	-1	-1	-1	-1	-1	-1	-1	-1	-1	-1	-1	-1	-1	-1	-1	-1	-1	-1	-1	FFFFFF55	肩部配饰	49	2004	1	1	
50331011	5	3	31	11	Charm10_13	1	寒梦星莲·肩(3级)	#cffff00【奢侈品】#r#W用于点缀时装肩膀的配饰，让你的时装更加的炫丽。#r在#G洛阳（246，129）#R伊天彩#W处可以点缀到已经裁剪的时装上。使用后不可再点缀同类配饰。	300000	2000	-1	-1	-1	-1	-1	-1	-1	-1	-1	-1	-1	-1	-1	-1	-1	-1	-1	-1	-1	-1	-1	-1	-1	-1	-1	-1	-1	-1	-1	-1	-1	-1	-1	-1	-1	-1	-1	-1	-1	-1	-1	-1	-1	-1	-1	-1	-1	-1	-1	-1	-1	-1	-1	-1	-1	-1	-1	-1	-1	-1	-1	-1	-1	-1	FFFFFF99	肩部配饰	61	2004	1	1	
50331012	5	3	31	12	Charm11_9	1	沾衣诉情·肩(3级)	#cffff00【奢侈品】#r#W用于点缀时装肩膀的配饰，让你的时装更加的炫丽。#r在#G洛阳（246，129）#R伊天彩#W处可以点缀到已经裁剪的时装上。使用后不可再点缀同类配饰。	300000	2000	-1	-1	-1	-1	-1	-1	-1	-1	-1	-1	-1	-1	-1	-1	-1	-1	-1	-1	-1	-1	-1	-1	-1	-1	-1	-1	-1	-1	-1	-1	-1	-1	-1	-1	-1	-1	-1	-1	-1	-1	-1	-1	-1	-1	-1	-1	-1	-1	-1	-1	-1	-1	-1	-1	-1	-1	-1	-1	-1	-1	-1	-1	-1	-1	FFFFFF99	肩部配饰	73	2004	1	1	
50332001	5	3	32	1	Charm8_7	1	冰蓝流云·腰(3级)	#cffff00【奢侈品】#r#W用于点缀时装腰部的配饰，让你的时装更加的炫丽。#r在#G洛阳（246，129）#R伊天彩#W处可以点缀到已经裁剪的时装上。使用后不可再点缀同类配饰。	300000	2000	-1	-1	-1	-1	-1	-1	-1	-1	-1	-1	-1	-1	-1	-1	-1	-1	-1	-1	-1	-1	-1	-1	-1	-1	-1	-1	-1	-1	-1	-1	-1	-1	-1	-1	-1	-1	-1	-1	-1	-1	-1	-1	-1	-1	-1	-1	-1	-1	-1	-1	-1	-1	-1	-1	-1	-1	-1	-1	-1	-1	-1	-1	-1	-1	FFFFFF55	腰部配饰	27	2004	1	1	
50332002	5	3	32	2	Charm7_11	1	紫微星光·腰(3级)	#cffff00【奢侈品】#r#W用于点缀时装腰部的配饰，让你的时装更加的炫丽。#r在#G洛阳（246，129）#R伊天彩#W处可以点缀到已经裁剪的时装上。使用后不可再点缀同类配饰。	300000	2000	-1	-1	-1	-1	-1	-1	-1	-1	-1	-1	-1	-1	-1	-1	-1	-1	-1	-1	-1	-1	-1	-1	-1	-1	-1	-1	-1	-1	-1	-1	-1	-1	-1	-1	-1	-1	-1	-1	-1	-1	-1	-1	-1	-1	-1	-1	-1	-1	-1	-1	-1	-1	-1	-1	-1	-1	-1	-1	-1	-1	-1	-1	-1	-1	FFFFFF55	腰部配饰	28	2004	1	1	
50332003	5	3	32	3	Charm8_11	1	翠玉星尘·腰(3级)	#cffff00【奢侈品】#r#W用于点缀时装腰部的配饰，让你的时装更加的炫丽。#r在#G洛阳（246，129）#R伊天彩#W处可以点缀到已经裁剪的时装上。使用后不可再点缀同类配饰。	300000	2000	-1	-1	-1	-1	-1	-1	-1	-1	-1	-1	-1	-1	-1	-1	-1	-1	-1	-1	-1	-1	-1	-1	-1	-1	-1	-1	-1	-1	-1	-1	-1	-1	-1	-1	-1	-1	-1	-1	-1	-1	-1	-1	-1	-1	-1	-1	-1	-1	-1	-1	-1	-1	-1	-1	-1	-1	-1	-1	-1	-1	-1	-1	-1	-1	FFFFFF55	腰部配饰	29	2004	1	1	
50332004	5	3	32	4	Charm8_3	1	橙影如梦·腰(3级)	#cffff00【奢侈品】#r#W用于点缀时装腰部的配饰，让你的时装更加的炫丽。#r在#G洛阳（246，129）#R伊天彩#W处可以点缀到已经裁剪的时装上。使用后不可再点缀同类配饰。	300000	2000	-1	-1	-1	-1	-1	-1	-1	-1	-1	-1	-1	-1	-1	-1	-1	-1	-1	-1	-1	-1	-1	-1	-1	-1	-1	-1	-1	-1	-1	-1	-1	-1	-1	-1	-1	-1	-1	-1	-1	-1	-1	-1	-1	-1	-1	-1	-1	-1	-1	-1	-1	-1	-1	-1	-1	-1	-1	-1	-1	-1	-1	-1	-1	-1	FFFFFF55	腰部配饰	30	2004	1	1	
50332005	5	3	32	5	Charm7_15	1	花落红尘·腰(3级)	#cffff00【奢侈品】#r#W用于点缀时装腰部的配饰，让你的时装更加的炫丽。#r在#G洛阳（246，129）#R伊天彩#W处可以点缀到已经裁剪的时装上。使用后不可再点缀同类配饰。	300000	2000	-1	-1	-1	-1	-1	-1	-1	-1	-1	-1	-1	-1	-1	-1	-1	-1	-1	-1	-1	-1	-1	-1	-1	-1	-1	-1	-1	-1	-1	-1	-1	-1	-1	-1	-1	-1	-1	-1	-1	-1	-1	-1	-1	-1	-1	-1	-1	-1	-1	-1	-1	-1	-1	-1	-1	-1	-1	-1	-1	-1	-1	-1	-1	-1	FFFFFF5B	腰部配饰	31	2004	1	1	
50332009	5	3	32	9	Charm10_7	1	碎钻星辰·腰(3级)	#cffff00【奢侈品】#r#W用于点缀时装腰部的配饰，让你的时装更加的炫丽。#r在#G洛阳（246，129）#R伊天彩#W处可以点缀到已经裁剪的时装上。使用后不可再点缀同类配饰。	300000	2000	-1	-1	-1	-1	-1	-1	-1	-1	-1	-1	-1	-1	-1	-1	-1	-1	-1	-1	-1	-1	-1	-1	-1	-1	-1	-1	-1	-1	-1	-1	-1	-1	-1	-1	-1	-1	-1	-1	-1	-1	-1	-1	-1	-1	-1	-1	-1	-1	-1	-1	-1	-1	-1	-1	-1	-1	-1	-1	-1	-1	-1	-1	-1	-1	FFFFFF55	腰部配饰	43	2004	1	1	
50332010	5	3	32	10	Charm11_3	1	千山暮雪·腰(3级)	#cffff00【奢侈品】#r#W用于点缀时装腰部的配饰，让你的时装更加的炫丽。#r在#G洛阳（246，129）#R伊天彩#W处可以点缀到已经裁剪的时装上。使用后不可再点缀同类配饰。	300000	2000	-1	-1	-1	-1	-1	-1	-1	-1	-1	-1	-1	-1	-1	-1	-1	-1	-1	-1	-1	-1	-1	-1	-1	-1	-1	-1	-1	-1	-1	-1	-1	-1	-1	-1	-1	-1	-1	-1	-1	-1	-1	-1	-1	-1	-1	-1	-1	-1	-1	-1	-1	-1	-1	-1	-1	-1	-1	-1	-1	-1	-1	-1	-1	-1	FFFFFF55	腰部配饰	53	2004	1	1	
50332011	5	3	32	11	Charm10_13	1	寒梦星莲·腰(3级)	#cffff00【奢侈品】#r#W用于点缀时装腰部的配饰，让你的时装更加的炫丽。#r在#G洛阳（246，129）#R伊天彩#W处可以点缀到已经裁剪的时装上。使用后不可再点缀同类配饰。	300000	2000	-1	-1	-1	-1	-1	-1	-1	-1	-1	-1	-1	-1	-1	-1	-1	-1	-1	-1	-1	-1	-1	-1	-1	-1	-1	-1	-1	-1	-1	-1	-1	-1	-1	-1	-1	-1	-1	-1	-1	-1	-1	-1	-1	-1	-1	-1	-1	-1	-1	-1	-1	-1	-1	-1	-1	-1	-1	-1	-1	-1	-1	-1	-1	-1	FFFFFF99	腰部配饰	65	2004	1	1	
50332012	5	3	32	12	Charm11_9	1	沾衣诉情·腰(3级)	#cffff00【奢侈品】#r#W用于点缀时装腰部的配饰，让你的时装更加的炫丽。#r在#G洛阳（246，129）#R伊天彩#W处可以点缀到已经裁剪的时装上。使用后不可再点缀同类配饰。	300000	2000	-1	-1	-1	-1	-1	-1	-1	-1	-1	-1	-1	-1	-1	-1	-1	-1	-1	-1	-1	-1	-1	-1	-1	-1	-1	-1	-1	-1	-1	-1	-1	-1	-1	-1	-1	-1	-1	-1	-1	-1	-1	-1	-1	-1	-1	-1	-1	-1	-1	-1	-1	-1	-1	-1	-1	-1	-1	-1	-1	-1	-1	-1	-1	-1	FFFFFF99	腰部配饰	77	2004	1	1	
50333001	5	3	33	1	Charm8_7	1	冰蓝流云·脚(3级)	#cffff00【奢侈品】#r#W用于点缀时装脚部的配饰，让你的时装更加的炫丽。#r在#G洛阳（246，129）#R伊天彩#W处可以点缀到已经裁剪的时装上。使用后不可再点缀同类配饰。	300000	2000	-1	-1	-1	-1	-1	-1	-1	-1	-1	-1	-1	-1	-1	-1	-1	-1	-1	-1	-1	-1	-1	-1	-1	-1	-1	-1	-1	-1	-1	-1	-1	-1	-1	-1	-1	-1	-1	-1	-1	-1	-1	-1	-1	-1	-1	-1	-1	-1	-1	-1	-1	-1	-1	-1	-1	-1	-1	-1	-1	-1	-1	-1	-1	-1	FFFFFF55	脚部配饰	32	2004	1	1	
50333002	5	3	33	2	Charm7_11	1	紫微星光·脚(3级)	#cffff00【奢侈品】#r#W用于点缀时装脚部的配饰，让你的时装更加的炫丽。#r在#G洛阳（246，129）#R伊天彩#W处可以点缀到已经裁剪的时装上。使用后不可再点缀同类配饰。	300000	2000	-1	-1	-1	-1	-1	-1	-1	-1	-1	-1	-1	-1	-1	-1	-1	-1	-1	-1	-1	-1	-1	-1	-1	-1	-1	-1	-1	-1	-1	-1	-1	-1	-1	-1	-1	-1	-1	-1	-1	-1	-1	-1	-1	-1	-1	-1	-1	-1	-1	-1	-1	-1	-1	-1	-1	-1	-1	-1	-1	-1	-1	-1	-1	-1	FFFFFF55	脚部配饰	33	2004	1	1	
50333003	5	3	33	3	Charm8_11	1	翠玉星尘·脚(3级)	#cffff00【奢侈品】#r#W用于点缀时装脚部的配饰，让你的时装更加的炫丽。#r在#G洛阳（246，129）#R伊天彩#W处可以点缀到已经裁剪的时装上。使用后不可再点缀同类配饰。	300000	2000	-1	-1	-1	-1	-1	-1	-1	-1	-1	-1	-1	-1	-1	-1	-1	-1	-1	-1	-1	-1	-1	-1	-1	-1	-1	-1	-1	-1	-1	-1	-1	-1	-1	-1	-1	-1	-1	-1	-1	-1	-1	-1	-1	-1	-1	-1	-1	-1	-1	-1	-1	-1	-1	-1	-1	-1	-1	-1	-1	-1	-1	-1	-1	-1	FFFFFF55	脚部配饰	34	2004	1	1	
50333004	5	3	33	4	Charm8_3	1	橙影如梦·脚(3级)	#cffff00【奢侈品】#r#W用于点缀时装脚部的配饰，让你的时装更加的炫丽。#r在#G洛阳（246，129）#R伊天彩#W处可以点缀到已经裁剪的时装上。使用后不可再点缀同类配饰。	300000	2000	-1	-1	-1	-1	-1	-1	-1	-1	-1	-1	-1	-1	-1	-1	-1	-1	-1	-1	-1	-1	-1	-1	-1	-1	-1	-1	-1	-1	-1	-1	-1	-1	-1	-1	-1	-1	-1	-1	-1	-1	-1	-1	-1	-1	-1	-1	-1	-1	-1	-1	-1	-1	-1	-1	-1	-1	-1	-1	-1	-1	-1	-1	-1	-1	FFFFFF55	脚部配饰	35	2004	1	1	
50333005	5	3	33	5	Charm7_15	1	花落红尘·脚(3级)	#cffff00【奢侈品】#r#W用于点缀时装脚部的配饰，让你的时装更加的炫丽。#r在#G洛阳（246，129）#R伊天彩#W处可以点缀到已经裁剪的时装上。使用后不可再点缀同类配饰。	300000	2000	-1	-1	-1	-1	-1	-1	-1	-1	-1	-1	-1	-1	-1	-1	-1	-1	-1	-1	-1	-1	-1	-1	-1	-1	-1	-1	-1	-1	-1	-1	-1	-1	-1	-1	-1	-1	-1	-1	-1	-1	-1	-1	-1	-1	-1	-1	-1	-1	-1	-1	-1	-1	-1	-1	-1	-1	-1	-1	-1	-1	-1	-1	-1	-1	FFFFFF5B	脚部配饰	36	2004	1	1	
50333009	5	3	33	9	Charm10_7	1	碎钻星辰·脚(3级)	#cffff00【奢侈品】#r#W用于点缀时装脚部的配饰，让你的时装更加的炫丽。#r在#G洛阳（246，129）#R伊天彩#W处可以点缀到已经裁剪的时装上。使用后不可再点缀同类配饰。	300000	2000	-1	-1	-1	-1	-1	-1	-1	-1	-1	-1	-1	-1	-1	-1	-1	-1	-1	-1	-1	-1	-1	-1	-1	-1	-1	-1	-1	-1	-1	-1	-1	-1	-1	-1	-1	-1	-1	-1	-1	-1	-1	-1	-1	-1	-1	-1	-1	-1	-1	-1	-1	-1	-1	-1	-1	-1	-1	-1	-1	-1	-1	-1	-1	-1	FFFFFF55	脚部配饰	45	2004	1	1	
50333010	5	3	33	10	Charm11_3	1	千山暮雪·脚(3级)	#cffff00【奢侈品】#r#W用于点缀时装脚部的配饰，让你的时装更加的炫丽。#r在#G洛阳（246，129）#R伊天彩#W处可以点缀到已经裁剪的时装上。使用后不可再点缀同类配饰。	300000	2000	-1	-1	-1	-1	-1	-1	-1	-1	-1	-1	-1	-1	-1	-1	-1	-1	-1	-1	-1	-1	-1	-1	-1	-1	-1	-1	-1	-1	-1	-1	-1	-1	-1	-1	-1	-1	-1	-1	-1	-1	-1	-1	-1	-1	-1	-1	-1	-1	-1	-1	-1	-1	-1	-1	-1	-1	-1	-1	-1	-1	-1	-1	-1	-1	FFFFFF55	脚部配饰	57	2004	1	1	
50333011	5	3	33	11	Charm10_13	1	寒梦星莲·脚(3级)	#cffff00【奢侈品】#r#W用于点缀时装脚部的配饰，让你的时装更加的炫丽。#r在#G洛阳（246，129）#R伊天彩#W处可以点缀到已经裁剪的时装上。使用后不可再点缀同类配饰。	300000	2000	-1	-1	-1	-1	-1	-1	-1	-1	-1	-1	-1	-1	-1	-1	-1	-1	-1	-1	-1	-1	-1	-1	-1	-1	-1	-1	-1	-1	-1	-1	-1	-1	-1	-1	-1	-1	-1	-1	-1	-1	-1	-1	-1	-1	-1	-1	-1	-1	-1	-1	-1	-1	-1	-1	-1	-1	-1	-1	-1	-1	-1	-1	-1	-1	FFFFFF99	脚部配饰	69	2004	1	1	
50333012	5	3	33	12	Charm11_9	1	沾衣诉情·脚(3级)	#cffff00【奢侈品】#r#W用于点缀时装脚部的配饰，让你的时装更加的炫丽。#r在#G洛阳（246，129）#R伊天彩#W处可以点缀到已经裁剪的时装上。使用后不可再点缀同类配饰。	300000	2000	-1	-1	-1	-1	-1	-1	-1	-1	-1	-1	-1	-1	-1	-1	-1	-1	-1	-1	-1	-1	-1	-1	-1	-1	-1	-1	-1	-1	-1	-1	-1	-1	-1	-1	-1	-1	-1	-1	-1	-1	-1	-1	-1	-1	-1	-1	-1	-1	-1	-1	-1	-1	-1	-1	-1	-1	-1	-1	-1	-1	-1	-1	-1	-1	FFFFFF99	脚部配饰	81	2004	1	1	
50401001	5	4	1	1	Gem3_2_4	6	猫眼石(4级)	象猫眼一样的宝石，可以镶嵌在攻击性装备(武器、护腕、戒指、护符、项链、暗器、武魂、七情刃)上，使用后不可再镶嵌同类宝石。#r#G希望宝石	50000	1000	-1	-1	-1	-1	-1	-1	-1	-1	-1	-1	-1	-1	-1	-1	-1	-1	-1	-1	-1	-1	-1	-1	-1	-1	-1	-1	738	-1	-1	-1	-1	-1	-1	-1	-1	-1	-1	-1	-1	-1	-1	-1	-1	-1	-1	-1	-1	-1	-1	-1	-1	-1	-1	-1	-1	-1	-1	-1	-1	-1	-1	-1	-1	-1	FFFFFF7F	希望宝石	1	2004	1	250	
50401002	5	4	1	2	Gem3_1_1	6	虎眼石(4级)	象虎眼一样的宝石，可以镶嵌在攻击性装备(武器、护腕、戒指、护符、项链、暗器、武魂、七情刃)上，使用后不可再镶嵌同类宝石。#r#G希望宝石	50000	1000	-1	-1	-1	-1	-1	-1	-1	-1	-1	-1	-1	-1	-1	-1	-1	-1	-1	-1	-1	738	-1	-1	-1	-1	-1	-1	-1	-1	-1	-1	-1	-1	-1	-1	-1	-1	-1	-1	-1	-1	-1	-1	-1	-1	-1	-1	-1	-1	-1	-1	-1	-1	-1	-1	-1	-1	-1	-1	-1	-1	-1	-1	-1	-1	FFFFFF7F	希望宝石	2	2004	1	250	
50402001	5	4	2	1	Gem3_1_3	6	黄晶石(4级)	黄色的晶石，可以镶嵌在攻击性装备(武器、护腕、戒指、护符、项链、暗器、武魂、七情刃)上，使用后不可再镶嵌同类宝石。#r#G智慧宝石#W#r可在#G洛阳（179，182）#R宝石工匠彭怀玉#W或#G楼兰（279，198）#R宝石工匠克里木#W处使用#G4级宝石雕琢符#W提升宝石属性。#r#cff9900本宝石只能雕琢一次。#r#W使用三颗雕琢后的宝石，和一个#G宝石熔炼符#W，能够熔炼成一颗对应的同等级胜利宝石。	150000	1000	-1	-1	-1	-1	-1	-1	-1	-1	-1	-1	-1	-1	25	-1	-1	-1	-1	-1	-1	-1	-1	-1	-1	-1	-1	-1	-1	-1	-1	-1	-1	-1	-1	-1	-1	-1	-1	-1	-1	-1	-1	-1	-1	-1	-1	-1	-1	-1	-1	-1	-1	-1	-1	-1	-1	-1	-1	-1	-1	-1	-1	-1	-1	-1	FFFFFF7F	智慧宝石	3	2004	1	250	
50402002	5	4	2	2	Gem3_1_4	6	蓝晶石(4级)	蓝色的晶石，可以镶嵌在攻击性装备(武器、护腕、戒指、护符、项链、暗器、武魂、七情刃)上，使用后不可再镶嵌同类宝石。#r#G智慧宝石#W#r可在#G洛阳（179，182）#R宝石工匠彭怀玉#W或#G楼兰（279，198）#R宝石工匠克里木#W处使用#G4级宝石雕琢符#W提升宝石属性。#r#cff9900本宝石只能雕琢一次。#r#W使用三颗雕琢后的宝石，和一个#G宝石熔炼符#W，能够熔炼成一颗对应的同等级胜利宝石。	150000	1000	-1	-1	-1	-1	-1	-1	25	-1	-1	-1	-1	-1	-1	-1	-1	-1	-1	-1	-1	-1	-1	-1	-1	-1	-1	-1	-1	-1	-1	-1	-1	-1	-1	-1	-1	-1	-1	-1	-1	-1	-1	-1	-1	-1	-1	-1	-1	-1	-1	-1	-1	-1	-1	-1	-1	-1	-1	-1	-1	-1	-1	-1	-1	-1	FFFFFF7F	智慧宝石	4	2004	1	250	
50402003	5	4	2	3	Gem3_1_5	6	红晶石(4级)	红色的晶石，可以镶嵌在攻击性装备(武器、护腕、戒指、护符、项链、暗器、武魂、七情刃)上，使用后不可再镶嵌同类宝石。#r#G智慧宝石#W#r可在#G洛阳（179，182）#R宝石工匠彭怀玉#W或#G楼兰（279，198）#R宝石工匠克里木#W处使用#G4级宝石雕琢符#W提升宝石属性。#r#cff9900本宝石只能雕琢一次。#r#W使用三颗雕琢后的宝石，和一个#G宝石熔炼符#W，能够熔炼成一颗对应的同等级胜利宝石。	150000	1000	-1	-1	-1	-1	-1	-1	-1	-1	-1	25	-1	-1	-1	-1	-1	-1	-1	-1	-1	-1	-1	-1	-1	-1	-1	-1	-1	-1	-1	-1	-1	-1	-1	-1	-1	-1	-1	-1	-1	-1	-1	-1	-1	-1	-1	-1	-1	-1	-1	-1	-1	-1	-1	-1	-1	-1	-1	-1	-1	-1	-1	-1	-1	-1	FFFFFF7F	智慧宝石	5	2004	1	250	
50402004	5	4	2	4	Gem3_1_6	6	绿晶石(4级)	绿色的晶石，可以镶嵌在攻击性装备(武器、护腕、戒指、护符、项链、暗器、武魂、七情刃)上，使用后不可再镶嵌同类宝石。#r#G智慧宝石#W#r可在#G洛阳（179，182）#R宝石工匠彭怀玉#W或#G楼兰（279，198）#R宝石工匠克里木#W处使用#G4级宝石雕琢符#W提升宝石属性。#r#cff9900本宝石只能雕琢一次。#r#W使用三颗雕琢后的宝石，和一个#G宝石熔炼符#W，能够熔炼成一颗对应的同等级胜利宝石。	150000	1000	-1	-1	-1	-1	-1	-1	-1	-1	-1	-1	-1	-1	-1	-1	-1	25	-1	-1	-1	-1	-1	-1	-1	-1	-1	-1	-1	-1	-1	-1	-1	-1	-1	-1	-1	-1	-1	-1	-1	-1	-1	-1	-1	-1	-1	-1	-1	-1	-1	-1	-1	-1	-1	-1	-1	-1	-1	-1	-1	-1	-1	-1	-1	-1	FFFFFF7F	智慧宝石	6	2004	1	250	
50402005	5	4	2	5	Gem3_2_5	6	纯净黄晶石(4级)	纯净的黄晶石，可以镶嵌在攻击性装备(武器、护腕、戒指、护符、项链、暗器、武魂、七情刃)上，使用后不可再镶嵌同类宝石。#r#G智慧宝石#r#cff9900雕琢过的宝石不能再雕琢。#r#W使用三颗此种宝石，和一个#G宝石熔炼符#W，能够熔炼成一颗对应的同等级胜利宝石。#r在#G帮会城市#W做#G发展任务#W，#G市集任务#W，#G工程任务#W时，会有一定几率获得#G宝石熔炼符#W。	300000	2000	-1	-1	-1	-1	-1	-1	-1	-1	-1	-1	-1	-1	60	-1	-1	-1	-1	-1	-1	-1	-1	-1	-1	-1	-1	-1	-1	-1	-1	-1	-1	-1	-1	-1	-1	-1	-1	-1	-1	-1	-1	-1	-1	-1	-1	-1	-1	-1	-1	-1	-1	-1	-1	-1	-1	-1	-1	-1	-1	-1	-1	-1	-1	-1	FFFFFF7F	智慧宝石	14	2004	1	250	
50402006	5	4	2	6	Gem3_2_9	6	纯净蓝晶石(4级)	纯净的蓝晶石，可以镶嵌在攻击性装备(武器、护腕、戒指、护符、项链、暗器、武魂、七情刃)上，使用后不可再镶嵌同类宝石。#r#G智慧宝石#r#cff9900雕琢过的宝石不能再雕琢。#r#W使用三颗此种宝石，和一个#G宝石熔炼符#W，能够熔炼成一颗对应的同等级胜利宝石。#r在#G帮会城市#W做#G发展任务#W，#G市集任务#W，#G工程任务#W时，会有一定几率获得#G宝石熔炼符#W。	300000	2000	-1	-1	-1	-1	-1	-1	60	-1	-1	-1	-1	-1	-1	-1	-1	-1	-1	-1	-1	-1	-1	-1	-1	-1	-1	-1	-1	-1	-1	-1	-1	-1	-1	-1	-1	-1	-1	-1	-1	-1	-1	-1	-1	-1	-1	-1	-1	-1	-1	-1	-1	-1	-1	-1	-1	-1	-1	-1	-1	-1	-1	-1	-1	-1	FFFFFF7F	智慧宝石	15	2004	1	250	
50402007	5	4	2	7	Gem3_2_13	6	纯净红晶石(4级)	纯净的红晶石，可以镶嵌在攻击性装备(武器、护腕、戒指、护符、项链、暗器、武魂、七情刃)上，使用后不可再镶嵌同类宝石。#r#G智慧宝石#r#cff9900雕琢过的宝石不能再雕琢。#r#W使用三颗此种宝石，和一个#G宝石熔炼符#W，能够熔炼成一颗对应的同等级胜利宝石。#r在#G帮会城市#W做#G发展任务#W，#G市集任务#W，#G工程任务#W时，会有一定几率获得#G宝石熔炼符#W。	300000	2000	-1	-1	-1	-1	-1	-1	-1	-1	-1	60	-1	-1	-1	-1	-1	-1	-1	-1	-1	-1	-1	-1	-1	-1	-1	-1	-1	-1	-1	-1	-1	-1	-1	-1	-1	-1	-1	-1	-1	-1	-1	-1	-1	-1	-1	-1	-1	-1	-1	-1	-1	-1	-1	-1	-1	-1	-1	-1	-1	-1	-1	-1	-1	-1	FFFFFF7F	智慧宝石	16	2004	1	250	
50402008	5	4	2	8	Gem3_2_6	6	纯净绿晶石(4级)	纯净的绿晶石，可以镶嵌在攻击性装备(武器、护腕、戒指、护符、项链、暗器、武魂、七情刃)上，使用后不可再镶嵌同类宝石。#r#G智慧宝石#r#cff9900雕琢过的宝石不能再雕琢。#r#W使用三颗此种宝石，和一个#G宝石熔炼符#W，能够熔炼成一颗对应的同等级胜利宝石。#r在#G帮会城市#W做#G发展任务#W，#G市集任务#W，#G工程任务#W时，会有一定几率获得#G宝石熔炼符#W。	300000	2000	-1	-1	-1	-1	-1	-1	-1	-1	-1	-1	-1	-1	-1	-1	-1	60	-1	-1	-1	-1	-1	-1	-1	-1	-1	-1	-1	-1	-1	-1	-1	-1	-1	-1	-1	-1	-1	-1	-1	-1	-1	-1	-1	-1	-1	-1	-1	-1	-1	-1	-1	-1	-1	-1	-1	-1	-1	-1	-1	-1	-1	-1	-1	-1	FFFFFF7F	智慧宝石	17	2004	1	250	
50403001	5	4	3	1	Gem3_1_2	6	紫玉(4级)	紫色玉石，可以镶嵌在攻击性装备(武器、护腕、戒指、护符、项链、暗器、武魂、七情刃)上，使用后不可再镶嵌同类宝石。#r#G玄微宝石	100000	1000	-1	-1	-1	-1	-1	-1	-1	-1	-1	-1	-1	-1	-1	-1	-1	-1	-1	-1	-1	-1	-1	-1	-1	-1	-1	-1	-1	-1	-1	-1	-1	-1	-1	-1	-1	821	-1	-1	-1	-1	-1	-1	-1	-1	-1	-1	-1	-1	-1	-1	-1	-1	-1	-1	-1	-1	-1	-1	-1	-1	-1	-1	-1	-1	FFFFFF7F	玄微宝石	7	2004	1	250	
50404002	5	4	4	2	Gem3_1_8	6	变石(4级)	在阳光下呈绿色，在烛光下呈红色，可变色的宝石，可以镶嵌在攻击性装备(武器、护腕、戒指、护符、项链、暗器、武魂、七情刃)上，使用后不可再镶嵌同类宝石。#r#G幻冥宝石	250000	1000	-1	-1	-1	-1	-1	-1	-1	-1	-1	-1	-1	-1	-1	-1	-1	-1	-1	-1	-1	-1	-1	-1	-1	-1	-1	-1	-1	-1	-1	-1	-1	-1	-1	-1	-1	-1	-1	5	-1	-1	-1	-1	-1	-1	-1	-1	-1	-1	-1	-1	-1	-1	-1	-1	-1	-1	-1	-1	-1	-1	-1	-1	-1	-1	FFFFFF7F	幻冥宝石	8	2004	1	250	
50411001	5	4	11	1	Gem3_1_9	6	石榴石(4级)	因其外形酷似成熟的石榴籽而得名的宝石，可以镶嵌在防御性装备(衣服、手套、帽子、护肩、鞋、腰带、项链、暗器、武魂、七情刃)上，使用后不可再镶嵌同类宝石。#r#G生命宝石	50000	1000	-1	-1	-1	-1	-1	-1	-1	-1	-1	-1	-1	-1	-1	-1	-1	-1	-1	-1	-1	-1	-1	-1	-1	-1	-1	-1	-1	-1	-1	734	-1	-1	-1	-1	-1	-1	-1	-1	-1	-1	-1	-1	-1	-1	-1	-1	-1	-1	-1	-1	-1	-1	-1	-1	-1	-1	-1	-1	-1	-1	-1	-1	-1	-1	FFFFFF4C	生命宝石	7	2004	1	250	
50411002	5	4	11	2	Gem3_1_12	6	尖晶石(4级)	颜色繁多且艳丽的宝石，可以镶嵌在防御性装备(衣服、手套、帽子、护肩、鞋、腰带、项链、暗器、武魂、七情刃)上，使用后不可再镶嵌同类宝石。#r#G生命宝石	50000	1000	-1	-1	-1	-1	-1	-1	-1	-1	-1	-1	-1	-1	-1	-1	-1	-1	-1	-1	-1	-1	-1	-1	734	-1	-1	-1	-1	-1	-1	-1	-1	-1	-1	-1	-1	-1	-1	-1	-1	-1	-1	-1	-1	-1	-1	-1	-1	-1	-1	-1	-1	-1	-1	-1	-1	-1	-1	-1	-1	-1	-1	-1	-1	-1	FFFFFF4C	生命宝石	11	2004	1	250	
50412001	5	4	12	1	Gem3_1_11	6	黄玉(4级)	黄色的玉石，可以镶嵌在防御性装备(衣服、手套、帽子、护肩、鞋、腰带、项链、暗器、武魂、七情刃)上，使用后不可再镶嵌同类宝石。#r#G魅力宝石#W#r可在#G洛阳（179，182）#R宝石工匠彭怀玉#W或#G楼兰（279，198）#R宝石工匠克里木#W处使用#G4级宝石雕琢符#W提升宝石属性。#r#cff9900本宝石只能雕琢一次。	150000	1000	-1	-1	-1	-1	-1	-1	-1	-1	-1	-1	-1	-1	-1	10	-1	-1	-1	-1	-1	-1	-1	-1	-1	-1	-1	-1	-1	-1	-1	-1	-1	-1	-1	-1	-1	-1	-1	-1	-1	-1	-1	-1	-1	-1	-1	-1	-1	-1	-1	-1	-1	-1	-1	-1	-1	-1	-1	-1	-1	-1	-1	-1	-1	-1	FFFFFF4C	魅力宝石	12	2004	1	250	
50412002	5	4	12	2	Gem3_1_10	6	皓石(4级)	闪闪发亮的宝石，可以镶嵌在防御性装备(衣服、手套、帽子、护肩、鞋、腰带、项链、暗器、武魂、七情刃)上，使用后不可再镶嵌同类宝石。#r#G魅力宝石#W#r可在#G洛阳（179，182）#R宝石工匠彭怀玉#W或#G楼兰（279，198）#R宝石工匠克里木#W处使用#G4级宝石雕琢符#W提升宝石属性。#r#cff9900本宝石只能雕琢一次。	150000	1000	-1	-1	-1	-1	-1	-1	-1	10	-1	-1	-1	-1	-1	-1	-1	-1	-1	-1	-1	-1	-1	-1	-1	-1	-1	-1	-1	-1	-1	-1	-1	-1	-1	-1	-1	-1	-1	-1	-1	-1	-1	-1	-1	-1	-1	-1	-1	-1	-1	-1	-1	-1	-1	-1	-1	-1	-1	-1	-1	-1	-1	-1	-1	-1	FFFFFF4C	魅力宝石	2	2004	1	250	
50412003	5	4	12	3	Gem3_1_13	6	月光石(4级)	具淡蓝色的晕彩，如同朦胧的月光的宝石，可以镶嵌在防御性装备(衣服、手套、帽子、护肩、鞋、腰带、项链、暗器、武魂、七情刃)上，使用后不可再镶嵌同类宝石。#r#G魅力宝石#W#r可在#G洛阳（179，182）#R宝石工匠彭怀玉#W或#G楼兰（279，198）#R宝石工匠克里木#W处使用#G4级宝石雕琢符#W提升宝石属性。#r#cff9900本宝石只能雕琢一次。	150000	1000	-1	-1	-1	-1	-1	-1	-1	-1	-1	-1	10	-1	-1	-1	-1	-1	-1	-1	-1	-1	-1	-1	-1	-1	-1	-1	-1	-1	-1	-1	-1	-1	-1	-1	-1	-1	-1	-1	-1	-1	-1	-1	-1	-1	-1	-1	-1	-1	-1	-1	-1	-1	-1	-1	-1	-1	-1	-1	-1	-1	-1	-1	-1	-1	FFFFFF4C	魅力宝石	4	2004	1	250	
50412004	5	4	12	4	Gem3_2_1	6	碧玺(4级)	颜色繁多且艳丽的宝石，可以镶嵌在防御性装备(衣服、手套、帽子、护肩、鞋、腰带、项链、暗器、武魂、七情刃)上，使用后不可再镶嵌同类宝石。#r#G魅力宝石#W#r可在#G洛阳（179，182）#R宝石工匠彭怀玉#W或#G楼兰（279，198）#R宝石工匠克里木#W处使用#G4级宝石雕琢符#W提升宝石属性。#r#cff9900本宝石只能雕琢一次。	150000	1000	-1	-1	-1	-1	-1	-1	-1	-1	-1	-1	-1	-1	-1	-1	-1	-1	10	-1	-1	-1	-1	-1	-1	-1	-1	-1	-1	-1	-1	-1	-1	-1	-1	-1	-1	-1	-1	-1	-1	-1	-1	-1	-1	-1	-1	-1	-1	-1	-1	-1	-1	-1	-1	-1	-1	-1	-1	-1	-1	-1	-1	-1	-1	-1	FFFFFF4C	魅力宝石	3	2004	1	250	
50412005	5	4	12	5	Gem3_2_10	6	纯净黄玉(4级)	纯净的黄玉，可以镶嵌在防御性装备(衣服、手套、帽子、护肩、鞋、腰带、项链、暗器、武魂、七情刃)上，使用后不可再镶嵌同类宝石。#r#G魅力宝石#r#cff9900雕琢过的宝石不能再雕琢。	300000	2000	-1	-1	-1	-1	-1	-1	-1	-1	-1	-1	-1	-1	-1	35	-1	-1	-1	-1	-1	-1	-1	-1	-1	-1	-1	-1	-1	-1	-1	-1	-1	-1	-1	-1	-1	-1	-1	-1	-1	-1	-1	-1	-1	-1	-1	-1	-1	-1	-1	-1	-1	-1	-1	-1	-1	-1	-1	-1	-1	-1	-1	-1	-1	-1	FFFFFF7F	魅力宝石	16	2004	1	250	
50412006	5	4	12	6	Gem3_2_14	6	纯净皓石(4级)	纯净的皓石，可以镶嵌在防御性装备(衣服、手套、帽子、护肩、鞋、腰带、项链、暗器、武魂、七情刃)上，使用后不可再镶嵌同类宝石。#r#G魅力宝石#r#cff9900雕琢过的宝石不能再雕琢。	300000	2000	-1	-1	-1	-1	-1	-1	-1	35	-1	-1	-1	-1	-1	-1	-1	-1	-1	-1	-1	-1	-1	-1	-1	-1	-1	-1	-1	-1	-1	-1	-1	-1	-1	-1	-1	-1	-1	-1	-1	-1	-1	-1	-1	-1	-1	-1	-1	-1	-1	-1	-1	-1	-1	-1	-1	-1	-1	-1	-1	-1	-1	-1	-1	-1	FFFFFF7F	魅力宝石	17	2004	1	250	
50412007	5	4	12	7	Gem3_2_11	6	纯净月光石(4级)	纯净的月光石，可以镶嵌在防御性装备(衣服、手套、帽子、护肩、鞋、腰带、项链、暗器、武魂、七情刃)上，使用后不可再镶嵌同类宝石。#r#G魅力宝石#r#cff9900雕琢过的宝石不能再雕琢。	300000	2000	-1	-1	-1	-1	-1	-1	-1	-1	-1	-1	35	-1	-1	-1	-1	-1	-1	-1	-1	-1	-1	-1	-1	-1	-1	-1	-1	-1	-1	-1	-1	-1	-1	-1	-1	-1	-1	-1	-1	-1	-1	-1	-1	-1	-1	-1	-1	-1	-1	-1	-1	-1	-1	-1	-1	-1	-1	-1	-1	-1	-1	-1	-1	-1	FFFFFF7F	魅力宝石	15	2004	1	250	
50412008	5	4	12	8	Gem3_2_15	6	纯净碧玺(4级)	纯净的碧玺，可以镶嵌在防御性装备(衣服、手套、帽子、护肩、鞋、腰带、项链、暗器、武魂、七情刃)上，使用后不可再镶嵌同类宝石。#r#G魅力宝石#r#cff9900雕琢过的宝石不能再雕琢。	300000	2000	-1	-1	-1	-1	-1	-1	-1	-1	-1	-1	-1	-1	-1	-1	-1	-1	35	-1	-1	-1	-1	-1	-1	-1	-1	-1	-1	-1	-1	-1	-1	-1	-1	-1	-1	-1	-1	-1	-1	-1	-1	-1	-1	-1	-1	-1	-1	-1	-1	-1	-1	-1	-1	-1	-1	-1	-1	-1	-1	-1	-1	-1	-1	-1	FFFFFF7F	魅力宝石	14	2004	1	250	
50413001	5	4	13	1	Gem3_1_15	6	黄宝石(4级)	黄色的宝石，可以镶嵌在防御性装备(衣服、手套、帽子、护肩、鞋、腰带、项链、暗器、武魂、七情刃)上，使用后不可再镶嵌同类宝石。#r#G命运宝石	75000	1000	-1	-1	-1	-1	-1	-1	-1	-1	-1	-1	-1	-1	-1	-1	-1	-1	-1	-1	-1	-1	-1	-1	-1	-1	-1	-1	-1	-1	-1	-1	-1	-1	-1	-1	-1	-1	-1	-1	-1	-1	-1	-1	76	-1	-1	-1	-1	-1	-1	-1	-1	-1	-1	-1	-1	-1	-1	-1	-1	-1	-1	-1	-1	-1	FFFFFF4C	命运宝石	5	2004	1	250	
50413002	5	4	13	2	Gem3_1_16	6	蓝宝石(4级)	蓝色的宝石，可以镶嵌在防御性装备(衣服、手套、帽子、护肩、鞋、腰带、项链、暗器、武魂、七情刃)上，使用后不可再镶嵌同类宝石。#r#G命运宝石	75000	1000	-1	-1	-1	-1	-1	-1	-1	-1	-1	-1	-1	-1	-1	-1	-1	-1	-1	-1	-1	-1	-1	-1	-1	-1	-1	-1	-1	-1	-1	-1	-1	-1	-1	-1	-1	-1	-1	-1	-1	-1	-1	-1	-1	76	-1	-1	-1	-1	-1	-1	-1	-1	-1	-1	-1	-1	-1	-1	-1	-1	-1	-1	-1	-1	FFFFFF4C	命运宝石	6	2004	1	250	
50413003	5	4	13	3	Gem3_1_7	6	绿宝石(4级)	绿色的宝石，可以镶嵌在防御性装备(衣服、手套、帽子、护肩、鞋、腰带、项链、暗器、武魂、七情刃)上，使用后不可再镶嵌同类宝石。#r#G命运宝石	75000	1000	-1	-1	-1	-1	-1	-1	-1	-1	-1	-1	-1	-1	-1	-1	-1	-1	-1	-1	-1	-1	-1	-1	-1	-1	-1	-1	-1	-1	-1	-1	-1	-1	-1	-1	-1	-1	-1	-1	-1	-1	-1	-1	-1	-1	-1	-1	41	-1	-1	-1	-1	-1	-1	-1	-1	-1	-1	-1	-1	-1	-1	-1	-1	-1	FFFFFF4C	命运宝石	9	2004	1	250	
50413004	5	4	13	4	Gem3_2_2	6	红宝石(4级)	红色的宝石，可以镶嵌在防御性装备(衣服、手套、帽子、护肩、鞋、腰带、项链、暗器、武魂、七情刃)上，使用后不可再镶嵌同类宝石。#r#G命运宝石	75000	1000	-1	-1	-1	-1	-1	-1	-1	-1	-1	-1	-1	-1	-1	-1	-1	-1	-1	-1	-1	-1	-1	-1	-1	-1	-1	-1	-1	-1	-1	-1	-1	-1	-1	-1	-1	-1	-1	-1	-1	-1	-1	-1	-1	-1	76	-1	-1	-1	-1	-1	-1	-1	-1	-1	-1	-1	-1	-1	-1	-1	-1	-1	-1	-1	FFFFFF4C	命运宝石	10	2004	1	250	
50413005	5	4	13	5	Gem3_2_3	6	黑宝石(4级)	黑色的宝石，可以镶嵌在防御性装备(衣服、手套、帽子、护肩、鞋、腰带、项链、暗器、武魂、七情刃)上，使用后不可再镶嵌同类宝石。#r#G命运宝石	75000	1000	-1	-1	-1	-1	-1	-1	-1	-1	-1	-1	-1	-1	-1	-1	-1	-1	-1	-1	-1	-1	-1	-1	-1	-1	-1	-1	-1	-1	-1	-1	-1	-1	-1	-1	-1	-1	-1	-1	-1	-1	-1	-1	-1	-1	-1	76	-1	-1	-1	-1	-1	-1	-1	-1	-1	-1	-1	-1	-1	-1	-1	-1	-1	-1	FFFFFF4C	命运宝石	1	2004	1	250	
50413006	5	4	13	6	Gem3_2_7	6	血精石(4级)	布满血丝红精的宝石，可以镶嵌在防御性装备(衣服、手套、帽子、护肩、鞋、腰带、项链、暗器、武魂、七情刃)上，使用后不可再镶嵌同类宝石。#r#G命运宝石	75000	1000	4180	-1	-1	-1	-1	-1	-1	-1	-1	-1	-1	-1	-1	-1	-1	-1	-1	-1	-1	-1	-1	-1	-1	-1	-1	-1	-1	-1	-1	-1	-1	-1	-1	-1	-1	-1	-1	-1	-1	-1	-1	-1	-1	-1	-1	-1	-1	-1	-1	-1	-1	-1	-1	-1	-1	-1	-1	-1	-1	-1	-1	-1	-1	-1	FFFFFF4C	命运宝石	13	2004	1	250	
50414001	5	4	14	1	Gem3_1_14	6	祖母绿(4级)	翠绿如滴，顶级翡翠，可以镶嵌在防御性装备(衣服、手套、帽子、护肩、鞋、腰带、项链、暗器、武魂、七情刃)上，使用后不可再镶嵌同类宝石。#r#G天机宝石	100000	1000	-1	-1	-1	-1	-1	-1	-1	-1	-1	-1	-1	-1	-1	-1	-1	-1	-1	-1	-1	-1	-1	-1	-1	-1	-1	-1	-1	-1	-1	-1	-1	-1	-1	-1	-1	-1	273	-1	-1	-1	-1	-1	-1	-1	-1	-1	-1	-1	-1	-1	-1	-1	-1	-1	-1	-1	-1	-1	-1	-1	-1	-1	-1	-1	FFFFFF4C	天机宝石	8	2004	1	250	
50421001	5	4	21	1	Gemjiankang_2	6	黄冥石(4级)	黄色的冥石，可以镶嵌在攻击性装备(武器、护腕、戒指、护符、项链、暗器、武魂、七情刃)上，使用后不可再镶嵌同类宝石。#r#G无法将目标的抗性降低至负值#r#G胜利宝石	300000	2000	-1	-1	-1	-1	-1	-1	-1	-1	-1	-1	-1	-1	-1	-1	-1	-1	-1	-1	-1	-1	-1	-1	-1	-1	-1	-1	-1	-1	-1	-1	-1	-1	-1	-1	-1	-1	-1	-1	-1	-1	-1	-1	-1	-1	-1	-1	-1	-1	-1	-1	-1	-1	-1	-1	-1	-1	35	-1	-1	-1	-1	-1	-1	-1	FFFFFF7F	胜利宝石	31	2004	1	250	
50421002	5	4	21	2	Gemjiankang_14	6	蓝冥石(4级)	蓝色的冥石，可以镶嵌在攻击性装备(武器、护腕、戒指、护符、项链、暗器、武魂、七情刃)上，使用后不可再镶嵌同类宝石。#r#G无法将目标的抗性降低至负值#r#G胜利宝石	300000	2000	-1	-1	-1	-1	-1	-1	-1	-1	-1	-1	-1	-1	-1	-1	-1	-1	-1	-1	-1	-1	-1	-1	-1	-1	-1	-1	-1	-1	-1	-1	-1	-1	-1	-1	-1	-1	-1	-1	-1	-1	-1	-1	-1	-1	-1	-1	-1	-1	-1	-1	-1	-1	-1	-1	35	-1	-1	-1	-1	-1	-1	-1	-1	-1	FFFFFF7F	胜利宝石	32	2004	1	250	
50421003	5	4	21	3	Gemjiankang_10	6	红冥石(4级)	红色的冥石，可以镶嵌在攻击性装备(武器、护腕、戒指、护符、项链、暗器、武魂、七情刃)上，使用后不可再镶嵌同类宝石。#r#G无法将目标的抗性降低至负值#r#G胜利宝石	300000	2000	-1	-1	-1	-1	-1	-1	-1	-1	-1	-1	-1	-1	-1	-1	-1	-1	-1	-1	-1	-1	-1	-1	-1	-1	-1	-1	-1	-1	-1	-1	-1	-1	-1	-1	-1	-1	-1	-1	-1	-1	-1	-1	-1	-1	-1	-1	-1	-1	-1	-1	-1	-1	-1	-1	-1	35	-1	-1	-1	-1	-1	-1	-1	-1	FFFFFF7F	胜利宝石	33	2004	1	250	
50421004	5	4	21	4	Gemjiankang_6	6	绿冥石(4级)	绿色的冥石，可以镶嵌在攻击性装备(武器、护腕、戒指、护符、项链、暗器、武魂、七情刃)上，使用后不可再镶嵌同类宝石。#r#G无法将目标的抗性降低至负值#r#G胜利宝石	300000	2000	-1	-1	-1	-1	-1	-1	-1	-1	-1	-1	-1	-1	-1	-1	-1	-1	-1	-1	-1	-1	-1	-1	-1	-1	-1	-1	-1	-1	-1	-1	-1	-1	-1	-1	-1	-1	-1	-1	-1	-1	-1	-1	-1	-1	-1	-1	-1	-1	-1	-1	-1	-1	-1	-1	-1	-1	-1	35	-1	-1	-1	-1	-1	-1	FFFFFF7F	胜利宝石	34	2004	1	250	
50431001	5	4	31	1	Charm8_8	1	冰蓝流云·肩(4级)	#cffff00【奢侈品】#r#W用于点缀时装肩膀的配饰，让你的时装更加的炫丽。#r在#G洛阳（246，129）#R伊天彩#W处可以点缀到已经裁剪的时装上。使用后不可再点缀同类配饰。	300000	2000	-1	-1	-1	-1	-1	-1	-1	-1	-1	-1	-1	-1	-1	-1	-1	-1	-1	-1	-1	-1	-1	-1	-1	-1	-1	-1	-1	-1	-1	-1	-1	-1	-1	-1	-1	-1	-1	-1	-1	-1	-1	-1	-1	-1	-1	-1	-1	-1	-1	-1	-1	-1	-1	-1	-1	-1	-1	-1	-1	-1	-1	-1	-1	-1	FFFFFF77	肩部配饰	22	2004	1	1	
50431002	5	4	31	2	Charm7_12	1	紫微星光·肩(4级)	#cffff00【奢侈品】#r#W用于点缀时装肩膀的配饰，让你的时装更加的炫丽。#r在#G洛阳（246，129）#R伊天彩#W处可以点缀到已经裁剪的时装上。使用后不可再点缀同类配饰。	300000	2000	-1	-1	-1	-1	-1	-1	-1	-1	-1	-1	-1	-1	-1	-1	-1	-1	-1	-1	-1	-1	-1	-1	-1	-1	-1	-1	-1	-1	-1	-1	-1	-1	-1	-1	-1	-1	-1	-1	-1	-1	-1	-1	-1	-1	-1	-1	-1	-1	-1	-1	-1	-1	-1	-1	-1	-1	-1	-1	-1	-1	-1	-1	-1	-1	FFFFFF77	肩部配饰	23	2004	1	1	
50431003	5	4	31	3	Charm8_12	1	翠玉星尘·肩(4级)	#cffff00【奢侈品】#r#W用于点缀时装肩膀的配饰，让你的时装更加的炫丽。#r在#G洛阳（246，129）#R伊天彩#W处可以点缀到已经裁剪的时装上。使用后不可再点缀同类配饰。	300000	2000	-1	-1	-1	-1	-1	-1	-1	-1	-1	-1	-1	-1	-1	-1	-1	-1	-1	-1	-1	-1	-1	-1	-1	-1	-1	-1	-1	-1	-1	-1	-1	-1	-1	-1	-1	-1	-1	-1	-1	-1	-1	-1	-1	-1	-1	-1	-1	-1	-1	-1	-1	-1	-1	-1	-1	-1	-1	-1	-1	-1	-1	-1	-1	-1	FFFFFF77	肩部配饰	24	2004	1	1	
50431004	5	4	31	4	Charm8_4	1	橙影如梦·肩(4级)	#cffff00【奢侈品】#r#W用于点缀时装肩膀的配饰，让你的时装更加的炫丽。#r在#G洛阳（246，129）#R伊天彩#W处可以点缀到已经裁剪的时装上。使用后不可再点缀同类配饰。	300000	2000	-1	-1	-1	-1	-1	-1	-1	-1	-1	-1	-1	-1	-1	-1	-1	-1	-1	-1	-1	-1	-1	-1	-1	-1	-1	-1	-1	-1	-1	-1	-1	-1	-1	-1	-1	-1	-1	-1	-1	-1	-1	-1	-1	-1	-1	-1	-1	-1	-1	-1	-1	-1	-1	-1	-1	-1	-1	-1	-1	-1	-1	-1	-1	-1	FFFFFF77	肩部配饰	25	2004	1	1	
50431005	5	4	31	5	Charm7_16	1	花落红尘·肩(4级)	#cffff00【奢侈品】#r#W用于点缀时装肩膀的配饰，让你的时装更加的炫丽。#r在#G洛阳（246，129）#R伊天彩#W处可以点缀到已经裁剪的时装上。使用后不可再点缀同类配饰。	300000	2000	-1	-1	-1	-1	-1	-1	-1	-1	-1	-1	-1	-1	-1	-1	-1	-1	-1	-1	-1	-1	-1	-1	-1	-1	-1	-1	-1	-1	-1	-1	-1	-1	-1	-1	-1	-1	-1	-1	-1	-1	-1	-1	-1	-1	-1	-1	-1	-1	-1	-1	-1	-1	-1	-1	-1	-1	-1	-1	-1	-1	-1	-1	-1	-1	FFFFFF66	肩部配饰	26	2004	1	1	
50431009	5	4	31	9	Charm10_8	1	碎钻星辰·肩(4级)	#cffff00【奢侈品】#r#W用于点缀时装肩膀的配饰，让你的时装更加的炫丽。#r在#G洛阳（246，129）#R伊天彩#W处可以点缀到已经裁剪的时装上。使用后不可再点缀同类配饰。	300000	2000	-1	-1	-1	-1	-1	-1	-1	-1	-1	-1	-1	-1	-1	-1	-1	-1	-1	-1	-1	-1	-1	-1	-1	-1	-1	-1	-1	-1	-1	-1	-1	-1	-1	-1	-1	-1	-1	-1	-1	-1	-1	-1	-1	-1	-1	-1	-1	-1	-1	-1	-1	-1	-1	-1	-1	-1	-1	-1	-1	-1	-1	-1	-1	-1	FFFFFF77	肩部配饰	38	2004	1	1	
50431010	5	4	31	10	Charm11_4	1	千山暮雪·肩(4级)	#cffff00【奢侈品】#r#W用于点缀时装肩膀的配饰，让你的时装更加的炫丽。#r在#G洛阳（246，129）#R伊天彩#W处可以点缀到已经裁剪的时装上。使用后不可再点缀同类配饰。	300000	2000	-1	-1	-1	-1	-1	-1	-1	-1	-1	-1	-1	-1	-1	-1	-1	-1	-1	-1	-1	-1	-1	-1	-1	-1	-1	-1	-1	-1	-1	-1	-1	-1	-1	-1	-1	-1	-1	-1	-1	-1	-1	-1	-1	-1	-1	-1	-1	-1	-1	-1	-1	-1	-1	-1	-1	-1	-1	-1	-1	-1	-1	-1	-1	-1	FFFFFF77	肩部配饰	50	2004	1	1	
50431011	5	4	31	11	Charm10_14	1	寒梦星莲·肩(4级)	#cffff00【奢侈品】#r#W用于点缀时装肩膀的配饰，让你的时装更加的炫丽。#r在#G洛阳（246，129）#R伊天彩#W处可以点缀到已经裁剪的时装上。使用后不可再点缀同类配饰。	300000	2000	-1	-1	-1	-1	-1	-1	-1	-1	-1	-1	-1	-1	-1	-1	-1	-1	-1	-1	-1	-1	-1	-1	-1	-1	-1	-1	-1	-1	-1	-1	-1	-1	-1	-1	-1	-1	-1	-1	-1	-1	-1	-1	-1	-1	-1	-1	-1	-1	-1	-1	-1	-1	-1	-1	-1	-1	-1	-1	-1	-1	-1	-1	-1	-1	FFFFFF99	肩部配饰	62	2004	1	1	
50431012	5	4	31	12	Charm11_10	1	沾衣诉情·肩(4级)	#cffff00【奢侈品】#r#W用于点缀时装肩膀的配饰，让你的时装更加的炫丽。#r在#G洛阳（246，129）#R伊天彩#W处可以点缀到已经裁剪的时装上。使用后不可再点缀同类配饰。	300000	2000	-1	-1	-1	-1	-1	-1	-1	-1	-1	-1	-1	-1	-1	-1	-1	-1	-1	-1	-1	-1	-1	-1	-1	-1	-1	-1	-1	-1	-1	-1	-1	-1	-1	-1	-1	-1	-1	-1	-1	-1	-1	-1	-1	-1	-1	-1	-1	-1	-1	-1	-1	-1	-1	-1	-1	-1	-1	-1	-1	-1	-1	-1	-1	-1	FFFFFF99	肩部配饰	74	2004	1	1	
50432001	5	4	32	1	Charm8_8	1	冰蓝流云·腰(4级)	#cffff00【奢侈品】#r#W用于点缀时装腰部的配饰，让你的时装更加的炫丽。#r在#G洛阳（246，129）#R伊天彩#W处可以点缀到已经裁剪的时装上。使用后不可再点缀同类配饰。	300000	2000	-1	-1	-1	-1	-1	-1	-1	-1	-1	-1	-1	-1	-1	-1	-1	-1	-1	-1	-1	-1	-1	-1	-1	-1	-1	-1	-1	-1	-1	-1	-1	-1	-1	-1	-1	-1	-1	-1	-1	-1	-1	-1	-1	-1	-1	-1	-1	-1	-1	-1	-1	-1	-1	-1	-1	-1	-1	-1	-1	-1	-1	-1	-1	-1	FFFFFF77	腰部配饰	27	2004	1	1	
50432002	5	4	32	2	Charm7_12	1	紫微星光·腰(4级)	#cffff00【奢侈品】#r#W用于点缀时装腰部的配饰，让你的时装更加的炫丽。#r在#G洛阳（246，129）#R伊天彩#W处可以点缀到已经裁剪的时装上。使用后不可再点缀同类配饰。	300000	2000	-1	-1	-1	-1	-1	-1	-1	-1	-1	-1	-1	-1	-1	-1	-1	-1	-1	-1	-1	-1	-1	-1	-1	-1	-1	-1	-1	-1	-1	-1	-1	-1	-1	-1	-1	-1	-1	-1	-1	-1	-1	-1	-1	-1	-1	-1	-1	-1	-1	-1	-1	-1	-1	-1	-1	-1	-1	-1	-1	-1	-1	-1	-1	-1	FFFFFF77	腰部配饰	28	2004	1	1	
50432003	5	4	32	3	Charm8_12	1	翠玉星尘·腰(4级)	#cffff00【奢侈品】#r#W用于点缀时装腰部的配饰，让你的时装更加的炫丽。#r在#G洛阳（246，129）#R伊天彩#W处可以点缀到已经裁剪的时装上。使用后不可再点缀同类配饰。	300000	2000	-1	-1	-1	-1	-1	-1	-1	-1	-1	-1	-1	-1	-1	-1	-1	-1	-1	-1	-1	-1	-1	-1	-1	-1	-1	-1	-1	-1	-1	-1	-1	-1	-1	-1	-1	-1	-1	-1	-1	-1	-1	-1	-1	-1	-1	-1	-1	-1	-1	-1	-1	-1	-1	-1	-1	-1	-1	-1	-1	-1	-1	-1	-1	-1	FFFFFF77	腰部配饰	29	2004	1	1	
50432004	5	4	32	4	Charm8_4	1	橙影如梦·腰(4级)	#cffff00【奢侈品】#r#W用于点缀时装腰部的配饰，让你的时装更加的炫丽。#r在#G洛阳（246，129）#R伊天彩#W处可以点缀到已经裁剪的时装上。使用后不可再点缀同类配饰。	300000	2000	-1	-1	-1	-1	-1	-1	-1	-1	-1	-1	-1	-1	-1	-1	-1	-1	-1	-1	-1	-1	-1	-1	-1	-1	-1	-1	-1	-1	-1	-1	-1	-1	-1	-1	-1	-1	-1	-1	-1	-1	-1	-1	-1	-1	-1	-1	-1	-1	-1	-1	-1	-1	-1	-1	-1	-1	-1	-1	-1	-1	-1	-1	-1	-1	FFFFFF77	腰部配饰	30	2004	1	1	
50432005	5	4	32	5	Charm7_16	1	花落红尘·腰(4级)	#cffff00【奢侈品】#r#W用于点缀时装腰部的配饰，让你的时装更加的炫丽。#r在#G洛阳（246，129）#R伊天彩#W处可以点缀到已经裁剪的时装上。使用后不可再点缀同类配饰。	300000	2000	-1	-1	-1	-1	-1	-1	-1	-1	-1	-1	-1	-1	-1	-1	-1	-1	-1	-1	-1	-1	-1	-1	-1	-1	-1	-1	-1	-1	-1	-1	-1	-1	-1	-1	-1	-1	-1	-1	-1	-1	-1	-1	-1	-1	-1	-1	-1	-1	-1	-1	-1	-1	-1	-1	-1	-1	-1	-1	-1	-1	-1	-1	-1	-1	FFFFFF77	腰部配饰	31	2004	1	1	
50432009	5	4	32	9	Charm10_8	1	碎钻星辰·腰(4级)	#cffff00【奢侈品】#r#W用于点缀时装腰部的配饰，让你的时装更加的炫丽。#r在#G洛阳（246，129）#R伊天彩#W处可以点缀到已经裁剪的时装上。使用后不可再点缀同类配饰。	300000	2000	-1	-1	-1	-1	-1	-1	-1	-1	-1	-1	-1	-1	-1	-1	-1	-1	-1	-1	-1	-1	-1	-1	-1	-1	-1	-1	-1	-1	-1	-1	-1	-1	-1	-1	-1	-1	-1	-1	-1	-1	-1	-1	-1	-1	-1	-1	-1	-1	-1	-1	-1	-1	-1	-1	-1	-1	-1	-1	-1	-1	-1	-1	-1	-1	FFFFFF77	腰部配饰	44	2004	1	1	
50432010	5	4	32	10	Charm11_4	1	千山暮雪·腰(4级)	#cffff00【奢侈品】#r#W用于点缀时装腰部的配饰，让你的时装更加的炫丽。#r在#G洛阳（246，129）#R伊天彩#W处可以点缀到已经裁剪的时装上。使用后不可再点缀同类配饰。	300000	2000	-1	-1	-1	-1	-1	-1	-1	-1	-1	-1	-1	-1	-1	-1	-1	-1	-1	-1	-1	-1	-1	-1	-1	-1	-1	-1	-1	-1	-1	-1	-1	-1	-1	-1	-1	-1	-1	-1	-1	-1	-1	-1	-1	-1	-1	-1	-1	-1	-1	-1	-1	-1	-1	-1	-1	-1	-1	-1	-1	-1	-1	-1	-1	-1	FFFFFF77	腰部配饰	54	2004	1	1	
50432011	5	4	32	11	Charm10_14	1	寒梦星莲·腰(4级)	#cffff00【奢侈品】#r#W用于点缀时装腰部的配饰，让你的时装更加的炫丽。#r在#G洛阳（246，129）#R伊天彩#W处可以点缀到已经裁剪的时装上。使用后不可再点缀同类配饰。	300000	2000	-1	-1	-1	-1	-1	-1	-1	-1	-1	-1	-1	-1	-1	-1	-1	-1	-1	-1	-1	-1	-1	-1	-1	-1	-1	-1	-1	-1	-1	-1	-1	-1	-1	-1	-1	-1	-1	-1	-1	-1	-1	-1	-1	-1	-1	-1	-1	-1	-1	-1	-1	-1	-1	-1	-1	-1	-1	-1	-1	-1	-1	-1	-1	-1	FFFFFF99	腰部配饰	66	2004	1	1	
50432012	5	4	32	12	Charm11_10	1	沾衣诉情·腰(4级)	#cffff00【奢侈品】#r#W用于点缀时装腰部的配饰，让你的时装更加的炫丽。#r在#G洛阳（246，129）#R伊天彩#W处可以点缀到已经裁剪的时装上。使用后不可再点缀同类配饰。	300000	2000	-1	-1	-1	-1	-1	-1	-1	-1	-1	-1	-1	-1	-1	-1	-1	-1	-1	-1	-1	-1	-1	-1	-1	-1	-1	-1	-1	-1	-1	-1	-1	-1	-1	-1	-1	-1	-1	-1	-1	-1	-1	-1	-1	-1	-1	-1	-1	-1	-1	-1	-1	-1	-1	-1	-1	-1	-1	-1	-1	-1	-1	-1	-1	-1	FFFFFF99	腰部配饰	78	2004	1	1	
50433001	5	4	33	1	Charm8_8	1	冰蓝流云·脚(4级)	#cffff00【奢侈品】#r#W用于点缀时装脚部的配饰，让你的时装更加的炫丽。#r在#G洛阳（246，129）#R伊天彩#W处可以点缀到已经裁剪的时装上。使用后不可再点缀同类配饰。	300000	2000	-1	-1	-1	-1	-1	-1	-1	-1	-1	-1	-1	-1	-1	-1	-1	-1	-1	-1	-1	-1	-1	-1	-1	-1	-1	-1	-1	-1	-1	-1	-1	-1	-1	-1	-1	-1	-1	-1	-1	-1	-1	-1	-1	-1	-1	-1	-1	-1	-1	-1	-1	-1	-1	-1	-1	-1	-1	-1	-1	-1	-1	-1	-1	-1	FFFFFF77	脚部配饰	32	2004	1	1	
50433002	5	4	33	2	Charm7_12	1	紫微星光·脚(4级)	#cffff00【奢侈品】#r#W用于点缀时装脚部的配饰，让你的时装更加的炫丽。#r在#G洛阳（246，129）#R伊天彩#W处可以点缀到已经裁剪的时装上。使用后不可再点缀同类配饰。	300000	2000	-1	-1	-1	-1	-1	-1	-1	-1	-1	-1	-1	-1	-1	-1	-1	-1	-1	-1	-1	-1	-1	-1	-1	-1	-1	-1	-1	-1	-1	-1	-1	-1	-1	-1	-1	-1	-1	-1	-1	-1	-1	-1	-1	-1	-1	-1	-1	-1	-1	-1	-1	-1	-1	-1	-1	-1	-1	-1	-1	-1	-1	-1	-1	-1	FFFFFF77	脚部配饰	33	2004	1	1	
50433003	5	4	33	3	Charm8_12	1	翠玉星尘·脚(4级)	#cffff00【奢侈品】#r#W用于点缀时装脚部的配饰，让你的时装更加的炫丽。#r在#G洛阳（246，129）#R伊天彩#W处可以点缀到已经裁剪的时装上。使用后不可再点缀同类配饰。	300000	2000	-1	-1	-1	-1	-1	-1	-1	-1	-1	-1	-1	-1	-1	-1	-1	-1	-1	-1	-1	-1	-1	-1	-1	-1	-1	-1	-1	-1	-1	-1	-1	-1	-1	-1	-1	-1	-1	-1	-1	-1	-1	-1	-1	-1	-1	-1	-1	-1	-1	-1	-1	-1	-1	-1	-1	-1	-1	-1	-1	-1	-1	-1	-1	-1	FFFFFF77	脚部配饰	34	2004	1	1	
50433004	5	4	33	4	Charm8_4	1	橙影如梦·脚(4级)	#cffff00【奢侈品】#r#W用于点缀时装脚部的配饰，让你的时装更加的炫丽。#r在#G洛阳（246，129）#R伊天彩#W处可以点缀到已经裁剪的时装上。使用后不可再点缀同类配饰。	300000	2000	-1	-1	-1	-1	-1	-1	-1	-1	-1	-1	-1	-1	-1	-1	-1	-1	-1	-1	-1	-1	-1	-1	-1	-1	-1	-1	-1	-1	-1	-1	-1	-1	-1	-1	-1	-1	-1	-1	-1	-1	-1	-1	-1	-1	-1	-1	-1	-1	-1	-1	-1	-1	-1	-1	-1	-1	-1	-1	-1	-1	-1	-1	-1	-1	FFFFFF77	脚部配饰	35	2004	1	1	
50433005	5	4	33	5	Charm7_16	1	花落红尘·脚(4级)	#cffff00【奢侈品】#r#W用于点缀时装脚部的配饰，让你的时装更加的炫丽。#r在#G洛阳（246，129）#R伊天彩#W处可以点缀到已经裁剪的时装上。使用后不可再点缀同类配饰。	300000	2000	-1	-1	-1	-1	-1	-1	-1	-1	-1	-1	-1	-1	-1	-1	-1	-1	-1	-1	-1	-1	-1	-1	-1	-1	-1	-1	-1	-1	-1	-1	-1	-1	-1	-1	-1	-1	-1	-1	-1	-1	-1	-1	-1	-1	-1	-1	-1	-1	-1	-1	-1	-1	-1	-1	-1	-1	-1	-1	-1	-1	-1	-1	-1	-1	FFFFFF77	脚部配饰	36	2004	1	1	
50433009	5	4	33	9	Charm10_8	1	碎钻星辰·脚(4级)	#cffff00【奢侈品】#r#W用于点缀时装脚部的配饰，让你的时装更加的炫丽。#r在#G洛阳（246，129）#R伊天彩#W处可以点缀到已经裁剪的时装上。使用后不可再点缀同类配饰。	300000	2000	-1	-1	-1	-1	-1	-1	-1	-1	-1	-1	-1	-1	-1	-1	-1	-1	-1	-1	-1	-1	-1	-1	-1	-1	-1	-1	-1	-1	-1	-1	-1	-1	-1	-1	-1	-1	-1	-1	-1	-1	-1	-1	-1	-1	-1	-1	-1	-1	-1	-1	-1	-1	-1	-1	-1	-1	-1	-1	-1	-1	-1	-1	-1	-1	FFFFFF77	脚部配饰	46	2004	1	1	
50433010	5	4	33	10	Charm11_4	1	千山暮雪·脚(4级)	#cffff00【奢侈品】#r#W用于点缀时装脚部的配饰，让你的时装更加的炫丽。#r在#G洛阳（246，129）#R伊天彩#W处可以点缀到已经裁剪的时装上。使用后不可再点缀同类配饰。	300000	2000	-1	-1	-1	-1	-1	-1	-1	-1	-1	-1	-1	-1	-1	-1	-1	-1	-1	-1	-1	-1	-1	-1	-1	-1	-1	-1	-1	-1	-1	-1	-1	-1	-1	-1	-1	-1	-1	-1	-1	-1	-1	-1	-1	-1	-1	-1	-1	-1	-1	-1	-1	-1	-1	-1	-1	-1	-1	-1	-1	-1	-1	-1	-1	-1	FFFFFF77	脚部配饰	58	2004	1	1	
50433011	5	4	33	11	Charm10_14	1	寒梦星莲·脚(4级)	#cffff00【奢侈品】#r#W用于点缀时装脚部的配饰，让你的时装更加的炫丽。#r在#G洛阳（246，129）#R伊天彩#W处可以点缀到已经裁剪的时装上。使用后不可再点缀同类配饰。	300000	2000	-1	-1	-1	-1	-1	-1	-1	-1	-1	-1	-1	-1	-1	-1	-1	-1	-1	-1	-1	-1	-1	-1	-1	-1	-1	-1	-1	-1	-1	-1	-1	-1	-1	-1	-1	-1	-1	-1	-1	-1	-1	-1	-1	-1	-1	-1	-1	-1	-1	-1	-1	-1	-1	-1	-1	-1	-1	-1	-1	-1	-1	-1	-1	-1	FFFFFF99	脚部配饰	70	2004	1	1	
50433012	5	4	33	12	Charm11_10	1	沾衣诉情·脚(4级)	#cffff00【奢侈品】#r#W用于点缀时装脚部的配饰，让你的时装更加的炫丽。#r在#G洛阳（246，129）#R伊天彩#W处可以点缀到已经裁剪的时装上。使用后不可再点缀同类配饰。	300000	2000	-1	-1	-1	-1	-1	-1	-1	-1	-1	-1	-1	-1	-1	-1	-1	-1	-1	-1	-1	-1	-1	-1	-1	-1	-1	-1	-1	-1	-1	-1	-1	-1	-1	-1	-1	-1	-1	-1	-1	-1	-1	-1	-1	-1	-1	-1	-1	-1	-1	-1	-1	-1	-1	-1	-1	-1	-1	-1	-1	-1	-1	-1	-1	-1	FFFFFF99	脚部配饰	82	2004	1	1	
50501001	5	5	1	1	Gem3_2_4	6	猫眼石(5级)	象猫眼一样的宝石，可以镶嵌在攻击性装备(武器、护腕、戒指、护符、项链、暗器、武魂、七情刃)上，使用后不可再镶嵌同类宝石。#r#G希望宝石	50000	1000	-1	-1	-1	-1	-1	-1	-1	-1	-1	-1	-1	-1	-1	-1	-1	-1	-1	-1	-1	-1	-1	-1	-1	-1	-1	-1	1332	-1	-1	-1	-1	-1	-1	-1	-1	-1	-1	-1	-1	-1	-1	-1	-1	-1	-1	-1	-1	-1	-1	-1	-1	-1	-1	-1	-1	-1	-1	-1	-1	-1	-1	-1	-1	-1	FFFFFF99	希望宝石	1	2004	1	250	
50501002	5	5	1	2	Gem3_1_1	6	虎眼石(5级)	象虎眼一样的宝石，可以镶嵌在攻击性装备(武器、护腕、戒指、护符、项链、暗器、武魂、七情刃)上，使用后不可再镶嵌同类宝石。#r#G希望宝石	50000	1000	-1	-1	-1	-1	-1	-1	-1	-1	-1	-1	-1	-1	-1	-1	-1	-1	-1	-1	-1	1332	-1	-1	-1	-1	-1	-1	-1	-1	-1	-1	-1	-1	-1	-1	-1	-1	-1	-1	-1	-1	-1	-1	-1	-1	-1	-1	-1	-1	-1	-1	-1	-1	-1	-1	-1	-1	-1	-1	-1	-1	-1	-1	-1	-1	FFFFFF99	希望宝石	2	2004	1	250	
50502001	5	5	2	1	Gem3_1_3	6	黄晶石(5级)	黄色的晶石，可以镶嵌在攻击性装备(武器、护腕、戒指、护符、项链、暗器、武魂、七情刃)上，使用后不可再镶嵌同类宝石。#r#G智慧宝石#W#r可在#G洛阳（179，182）#R宝石工匠彭怀玉#W或#G楼兰（279，198）#R宝石工匠克里木#W处使用#G5级宝石雕琢符#W提升宝石属性。#r#cff9900本宝石只能雕琢一次。#r#W使用三颗雕琢后的宝石，和一个#G宝石熔炼符#W，能够熔炼成一颗对应的同等级胜利宝石。	150000	1000	-1	-1	-1	-1	-1	-1	-1	-1	-1	-1	-1	-1	30	-1	-1	-1	-1	-1	-1	-1	-1	-1	-1	-1	-1	-1	-1	-1	-1	-1	-1	-1	-1	-1	-1	-1	-1	-1	-1	-1	-1	-1	-1	-1	-1	-1	-1	-1	-1	-1	-1	-1	-1	-1	-1	-1	-1	-1	-1	-1	-1	-1	-1	-1	FFFFFF99	智慧宝石	3	2004	1	250	
50502002	5	5	2	2	Gem3_1_4	6	蓝晶石(5级)	蓝色的晶石，可以镶嵌在攻击性装备(武器、护腕、戒指、护符、项链、暗器、武魂、七情刃)上，使用后不可再镶嵌同类宝石。#r#G智慧宝石#W#r可在#G洛阳（179，182）#R宝石工匠彭怀玉#W或#G楼兰（279，198）#R宝石工匠克里木#W处使用#G5级宝石雕琢符#W提升宝石属性。#r#cff9900本宝石只能雕琢一次。#r#W使用三颗雕琢后的宝石，和一个#G宝石熔炼符#W，能够熔炼成一颗对应的同等级胜利宝石。	150000	1000	-1	-1	-1	-1	-1	-1	30	-1	-1	-1	-1	-1	-1	-1	-1	-1	-1	-1	-1	-1	-1	-1	-1	-1	-1	-1	-1	-1	-1	-1	-1	-1	-1	-1	-1	-1	-1	-1	-1	-1	-1	-1	-1	-1	-1	-1	-1	-1	-1	-1	-1	-1	-1	-1	-1	-1	-1	-1	-1	-1	-1	-1	-1	-1	FFFFFF99	智慧宝石	4	2004	1	250	
50502003	5	5	2	3	Gem3_1_5	6	红晶石(5级)	红色的晶石，可以镶嵌在攻击性装备(武器、护腕、戒指、护符、项链、暗器、武魂、七情刃)上，使用后不可再镶嵌同类宝石。#r#G智慧宝石#W#r可在#G洛阳（179，182）#R宝石工匠彭怀玉#W或#G楼兰（279，198）#R宝石工匠克里木#W处使用#G5级宝石雕琢符#W提升宝石属性。#r#cff9900本宝石只能雕琢一次。#r#W使用三颗雕琢后的宝石，和一个#G宝石熔炼符#W，能够熔炼成一颗对应的同等级胜利宝石。	150000	1000	-1	-1	-1	-1	-1	-1	-1	-1	-1	30	-1	-1	-1	-1	-1	-1	-1	-1	-1	-1	-1	-1	-1	-1	-1	-1	-1	-1	-1	-1	-1	-1	-1	-1	-1	-1	-1	-1	-1	-1	-1	-1	-1	-1	-1	-1	-1	-1	-1	-1	-1	-1	-1	-1	-1	-1	-1	-1	-1	-1	-1	-1	-1	-1	FFFFFF99	智慧宝石	5	2004	1	250	
50502004	5	5	2	4	Gem3_1_6	6	绿晶石(5级)	绿色的晶石，可以镶嵌在攻击性装备(武器、护腕、戒指、护符、项链、暗器、武魂、七情刃)上，使用后不可再镶嵌同类宝石。#r#G智慧宝石#W#r可在#G洛阳（179，182）#R宝石工匠彭怀玉#W或#G楼兰（279，198）#R宝石工匠克里木#W处使用#G5级宝石雕琢符#W提升宝石属性。#r#cff9900本宝石只能雕琢一次。#r#W使用三颗雕琢后的宝石，和一个#G宝石熔炼符#W，能够熔炼成一颗对应的同等级胜利宝石。	150000	1000	-1	-1	-1	-1	-1	-1	-1	-1	-1	-1	-1	-1	-1	-1	-1	30	-1	-1	-1	-1	-1	-1	-1	-1	-1	-1	-1	-1	-1	-1	-1	-1	-1	-1	-1	-1	-1	-1	-1	-1	-1	-1	-1	-1	-1	-1	-1	-1	-1	-1	-1	-1	-1	-1	-1	-1	-1	-1	-1	-1	-1	-1	-1	-1	FFFFFF99	智慧宝石	6	2004	1	250	
50502005	5	5	2	5	Gem3_2_5	6	纯净黄晶石(5级)	纯净的黄晶石，可以镶嵌在攻击性装备(武器、护腕、戒指、护符、项链、暗器、武魂、七情刃)上，使用后不可再镶嵌同类宝石。#r#G智慧宝石#r#cff9900雕琢过的宝石不能再雕琢。#r#W使用三颗此种宝石，和一个#G宝石熔炼符#W，能够熔炼成一颗对应的同等级胜利宝石。#r在#G帮会城市#W做#G发展任务#W，#G市集任务#W，#G工程任务#W时，会有一定几率获得#G宝石熔炼符#W。	300000	2000	-1	-1	-1	-1	-1	-1	-1	-1	-1	-1	-1	-1	120	-1	-1	-1	-1	-1	-1	-1	-1	-1	-1	-1	-1	-1	-1	-1	-1	-1	-1	-1	-1	-1	-1	-1	-1	-1	-1	-1	-1	-1	-1	-1	-1	-1	-1	-1	-1	-1	-1	-1	-1	-1	-1	-1	-1	-1	-1	-1	-1	-1	-1	-1	FFFFFF99	智慧宝石	14	2004	1	250	
50502006	5	5	2	6	Gem3_2_9	6	纯净蓝晶石(5级)	纯净的蓝晶石，可以镶嵌在攻击性装备(武器、护腕、戒指、护符、项链、暗器、武魂、七情刃)上，使用后不可再镶嵌同类宝石。#r#G智慧宝石#r#cff9900雕琢过的宝石不能再雕琢。#r#W使用三颗此种宝石，和一个#G宝石熔炼符#W，能够熔炼成一颗对应的同等级胜利宝石。#r在#G帮会城市#W做#G发展任务#W，#G市集任务#W，#G工程任务#W时，会有一定几率获得#G宝石熔炼符#W。	300000	2000	-1	-1	-1	-1	-1	-1	120	-1	-1	-1	-1	-1	-1	-1	-1	-1	-1	-1	-1	-1	-1	-1	-1	-1	-1	-1	-1	-1	-1	-1	-1	-1	-1	-1	-1	-1	-1	-1	-1	-1	-1	-1	-1	-1	-1	-1	-1	-1	-1	-1	-1	-1	-1	-1	-1	-1	-1	-1	-1	-1	-1	-1	-1	-1	FFFFFF99	智慧宝石	15	2004	1	250	
50502007	5	5	2	7	Gem3_2_13	6	纯净红晶石(5级)	纯净的红晶石，可以镶嵌在攻击性装备(武器、护腕、戒指、护符、项链、暗器、武魂、七情刃)上，使用后不可再镶嵌同类宝石。#r#G智慧宝石#r#cff9900雕琢过的宝石不能再雕琢。#r#W使用三颗此种宝石，和一个#G宝石熔炼符#W，能够熔炼成一颗对应的同等级胜利宝石。#r在#G帮会城市#W做#G发展任务#W，#G市集任务#W，#G工程任务#W时，会有一定几率获得#G宝石熔炼符#W。	300000	2000	-1	-1	-1	-1	-1	-1	-1	-1	-1	120	-1	-1	-1	-1	-1	-1	-1	-1	-1	-1	-1	-1	-1	-1	-1	-1	-1	-1	-1	-1	-1	-1	-1	-1	-1	-1	-1	-1	-1	-1	-1	-1	-1	-1	-1	-1	-1	-1	-1	-1	-1	-1	-1	-1	-1	-1	-1	-1	-1	-1	-1	-1	-1	-1	FFFFFF99	智慧宝石	16	2004	1	250	
50502008	5	5	2	8	Gem3_2_6	6	纯净绿晶石(5级)	纯净的绿晶石，可以镶嵌在攻击性装备(武器、护腕、戒指、护符、项链、暗器、武魂、七情刃)上，使用后不可再镶嵌同类宝石。#r#G智慧宝石#r#cff9900雕琢过的宝石不能再雕琢。#r#W使用三颗此种宝石，和一个#G宝石熔炼符#W，能够熔炼成一颗对应的同等级胜利宝石。#r在#G帮会城市#W做#G发展任务#W，#G市集任务#W，#G工程任务#W时，会有一定几率获得#G宝石熔炼符#W。	300000	2000	-1	-1	-1	-1	-1	-1	-1	-1	-1	-1	-1	-1	-1	-1	-1	120	-1	-1	-1	-1	-1	-1	-1	-1	-1	-1	-1	-1	-1	-1	-1	-1	-1	-1	-1	-1	-1	-1	-1	-1	-1	-1	-1	-1	-1	-1	-1	-1	-1	-1	-1	-1	-1	-1	-1	-1	-1	-1	-1	-1	-1	-1	-1	-1	FFFFFF99	智慧宝石	17	2004	1	250	
50503001	5	5	3	1	Gem3_1_2	6	紫玉(5级)	紫色玉石，可以镶嵌在攻击性装备(武器、护腕、戒指、护符、项链、暗器、武魂、七情刃)上，使用后不可再镶嵌同类宝石。#r#G玄微宝石	100000	1000	-1	-1	-1	-1	-1	-1	-1	-1	-1	-1	-1	-1	-1	-1	-1	-1	-1	-1	-1	-1	-1	-1	-1	-1	-1	-1	-1	-1	-1	-1	-1	-1	-1	-1	-1	1483	-1	-1	-1	-1	-1	-1	-1	-1	-1	-1	-1	-1	-1	-1	-1	-1	-1	-1	-1	-1	-1	-1	-1	-1	-1	-1	-1	-1	FFFFFF99	玄微宝石	7	2004	1	250	
50504002	5	5	4	2	Gem3_1_8	6	变石(5级)	在阳光下呈绿色，在烛光下呈红色，可变色的宝石，可以镶嵌在攻击性装备(武器、护腕、戒指、护符、项链、暗器、武魂、七情刃)上，使用后不可再镶嵌同类宝石。#r#G幻冥宝石	250000	1000	-1	-1	-1	-1	-1	-1	-1	-1	-1	-1	-1	-1	-1	-1	-1	-1	-1	-1	-1	-1	-1	-1	-1	-1	-1	-1	-1	-1	-1	-1	-1	-1	-1	-1	-1	-1	-1	7	-1	-1	-1	-1	-1	-1	-1	-1	-1	-1	-1	-1	-1	-1	-1	-1	-1	-1	-1	-1	-1	-1	-1	-1	-1	-1	FFFFFF99	幻冥宝石	8	2004	1	250	
50511001	5	5	11	1	Gem3_1_9	6	石榴石(5级)	因其外形酷似成熟的石榴籽而得名的宝石，可以镶嵌在防御性装备(衣服、手套、帽子、护肩、鞋、腰带、项链、暗器、武魂、七情刃)上，使用后不可再镶嵌同类宝石。#r#G生命宝石	50000	1000	-1	-1	-1	-1	-1	-1	-1	-1	-1	-1	-1	-1	-1	-1	-1	-1	-1	-1	-1	-1	-1	-1	-1	-1	-1	-1	-1	-1	-1	1326	-1	-1	-1	-1	-1	-1	-1	-1	-1	-1	-1	-1	-1	-1	-1	-1	-1	-1	-1	-1	-1	-1	-1	-1	-1	-1	-1	-1	-1	-1	-1	-1	-1	-1	FFFFFF66	生命宝石	7	2004	1	250	
50511002	5	5	11	2	Gem3_1_12	6	尖晶石(5级)	颜色繁多且艳丽的宝石，可以镶嵌在防御性装备(衣服、手套、帽子、护肩、鞋、腰带、项链、暗器、武魂、七情刃)上，使用后不可再镶嵌同类宝石。#r#G生命宝石	50000	1000	-1	-1	-1	-1	-1	-1	-1	-1	-1	-1	-1	-1	-1	-1	-1	-1	-1	-1	-1	-1	-1	-1	1326	-1	-1	-1	-1	-1	-1	-1	-1	-1	-1	-1	-1	-1	-1	-1	-1	-1	-1	-1	-1	-1	-1	-1	-1	-1	-1	-1	-1	-1	-1	-1	-1	-1	-1	-1	-1	-1	-1	-1	-1	-1	FFFFFF66	生命宝石	11	2004	1	250	
50512001	5	5	12	1	Gem3_1_11	6	黄玉(5级)	黄色的玉石，可以镶嵌在防御性装备(衣服、手套、帽子、护肩、鞋、腰带、项链、暗器、武魂、七情刃)上，使用后不可再镶嵌同类宝石。#r#G魅力宝石#W#r可在#G洛阳（179，182）#R宝石工匠彭怀玉#W或#G楼兰（279，198）#R宝石工匠克里木#W处使用#G5级宝石雕琢符#W提升宝石属性。#r#cff9900本宝石只能雕琢一次。	150000	1000	-1	-1	-1	-1	-1	-1	-1	-1	-1	-1	-1	-1	-1	12	-1	-1	-1	-1	-1	-1	-1	-1	-1	-1	-1	-1	-1	-1	-1	-1	-1	-1	-1	-1	-1	-1	-1	-1	-1	-1	-1	-1	-1	-1	-1	-1	-1	-1	-1	-1	-1	-1	-1	-1	-1	-1	-1	-1	-1	-1	-1	-1	-1	-1	FFFFFF66	魅力宝石	12	2004	1	250	
50512002	5	5	12	2	Gem3_1_10	6	皓石(5级)	闪闪发亮的宝石，可以镶嵌在防御性装备(衣服、手套、帽子、护肩、鞋、腰带、项链、暗器、武魂、七情刃)上，使用后不可再镶嵌同类宝石。#r#G魅力宝石#W#r可在#G洛阳（179，182）#R宝石工匠彭怀玉#W或#G楼兰（279，198）#R宝石工匠克里木#W处使用#G5级宝石雕琢符#W提升宝石属性。#r#cff9900本宝石只能雕琢一次。	150000	1000	-1	-1	-1	-1	-1	-1	-1	12	-1	-1	-1	-1	-1	-1	-1	-1	-1	-1	-1	-1	-1	-1	-1	-1	-1	-1	-1	-1	-1	-1	-1	-1	-1	-1	-1	-1	-1	-1	-1	-1	-1	-1	-1	-1	-1	-1	-1	-1	-1	-1	-1	-1	-1	-1	-1	-1	-1	-1	-1	-1	-1	-1	-1	-1	FFFFFF66	魅力宝石	2	2004	1	250	
50512003	5	5	12	3	Gem3_1_13	6	月光石(5级)	具淡蓝色的晕彩，如同朦胧的月光的宝石，可以镶嵌在防御性装备(衣服、手套、帽子、护肩、鞋、腰带、项链、暗器、武魂、七情刃)上，使用后不可再镶嵌同类宝石。#r#G魅力宝石#W#r可在#G洛阳（179，182）#R宝石工匠彭怀玉#W或#G楼兰（279，198）#R宝石工匠克里木#W处使用#G5级宝石雕琢符#W提升宝石属性。#r#cff9900本宝石只能雕琢一次。	150000	1000	-1	-1	-1	-1	-1	-1	-1	-1	-1	-1	12	-1	-1	-1	-1	-1	-1	-1	-1	-1	-1	-1	-1	-1	-1	-1	-1	-1	-1	-1	-1	-1	-1	-1	-1	-1	-1	-1	-1	-1	-1	-1	-1	-1	-1	-1	-1	-1	-1	-1	-1	-1	-1	-1	-1	-1	-1	-1	-1	-1	-1	-1	-1	-1	FFFFFF66	魅力宝石	4	2004	1	250	
50512004	5	5	12	4	Gem3_2_1	6	碧玺(5级)	颜色繁多且艳丽的宝石，可以镶嵌在防御性装备(衣服、手套、帽子、护肩、鞋、腰带、项链、暗器、武魂、七情刃)上，使用后不可再镶嵌同类宝石。#r#G魅力宝石#W#r可在#G洛阳（179，182）#R宝石工匠彭怀玉#W或#G楼兰（279，198）#R宝石工匠克里木#W处使用#G5级宝石雕琢符#W提升宝石属性。#r#cff9900本宝石只能雕琢一次。	150000	1000	-1	-1	-1	-1	-1	-1	-1	-1	-1	-1	-1	-1	-1	-1	-1	-1	12	-1	-1	-1	-1	-1	-1	-1	-1	-1	-1	-1	-1	-1	-1	-1	-1	-1	-1	-1	-1	-1	-1	-1	-1	-1	-1	-1	-1	-1	-1	-1	-1	-1	-1	-1	-1	-1	-1	-1	-1	-1	-1	-1	-1	-1	-1	-1	FFFFFF66	魅力宝石	3	2004	1	250	
50512005	5	5	12	5	Gem3_2_10	6	纯净黄玉(5级)	纯净的黄玉，可以镶嵌在防御性装备(衣服、手套、帽子、护肩、鞋、腰带、项链、暗器、武魂、七情刃)上，使用后不可再镶嵌同类宝石。#r#G魅力宝石#r#cff9900雕琢过的宝石不能再雕琢。	300000	2000	-1	-1	-1	-1	-1	-1	-1	-1	-1	-1	-1	-1	-1	50	-1	-1	-1	-1	-1	-1	-1	-1	-1	-1	-1	-1	-1	-1	-1	-1	-1	-1	-1	-1	-1	-1	-1	-1	-1	-1	-1	-1	-1	-1	-1	-1	-1	-1	-1	-1	-1	-1	-1	-1	-1	-1	-1	-1	-1	-1	-1	-1	-1	-1	FFFFFF99	魅力宝石	16	2004	1	250	
50512006	5	5	12	6	Gem3_2_14	6	纯净皓石(5级)	纯净的皓石，可以镶嵌在防御性装备(衣服、手套、帽子、护肩、鞋、腰带、项链、暗器、武魂、七情刃)上，使用后不可再镶嵌同类宝石。#r#G魅力宝石#r#cff9900雕琢过的宝石不能再雕琢。	300000	2000	-1	-1	-1	-1	-1	-1	-1	50	-1	-1	-1	-1	-1	-1	-1	-1	-1	-1	-1	-1	-1	-1	-1	-1	-1	-1	-1	-1	-1	-1	-1	-1	-1	-1	-1	-1	-1	-1	-1	-1	-1	-1	-1	-1	-1	-1	-1	-1	-1	-1	-1	-1	-1	-1	-1	-1	-1	-1	-1	-1	-1	-1	-1	-1	FFFFFF99	魅力宝石	17	2004	1	250	
50512007	5	5	12	7	Gem3_2_11	6	纯净月光石(5级)	纯净的月光石，可以镶嵌在防御性装备(衣服、手套、帽子、护肩、鞋、腰带、项链、暗器、武魂、七情刃)上，使用后不可再镶嵌同类宝石。#r#G魅力宝石#r#cff9900雕琢过的宝石不能再雕琢。	300000	2000	-1	-1	-1	-1	-1	-1	-1	-1	-1	-1	50	-1	-1	-1	-1	-1	-1	-1	-1	-1	-1	-1	-1	-1	-1	-1	-1	-1	-1	-1	-1	-1	-1	-1	-1	-1	-1	-1	-1	-1	-1	-1	-1	-1	-1	-1	-1	-1	-1	-1	-1	-1	-1	-1	-1	-1	-1	-1	-1	-1	-1	-1	-1	-1	FFFFFF99	魅力宝石	15	2004	1	250	
50512008	5	5	12	8	Gem3_2_15	6	纯净碧玺(5级)	纯净的碧玺，可以镶嵌在防御性装备(衣服、手套、帽子、护肩、鞋、腰带、项链、暗器、武魂、七情刃)上，使用后不可再镶嵌同类宝石。#r#G魅力宝石#r#cff9900雕琢过的宝石不能再雕琢。	300000	2000	-1	-1	-1	-1	-1	-1	-1	-1	-1	-1	-1	-1	-1	-1	-1	-1	50	-1	-1	-1	-1	-1	-1	-1	-1	-1	-1	-1	-1	-1	-1	-1	-1	-1	-1	-1	-1	-1	-1	-1	-1	-1	-1	-1	-1	-1	-1	-1	-1	-1	-1	-1	-1	-1	-1	-1	-1	-1	-1	-1	-1	-1	-1	-1	FFFFFF99	魅力宝石	14	2004	1	250	
50513001	5	5	13	1	Gem3_1_15	6	黄宝石(5级)	黄色的宝石，可以镶嵌在防御性装备(衣服、手套、帽子、护肩、鞋、腰带、项链、暗器、武魂、七情刃)上，使用后不可再镶嵌同类宝石。#r#G命运宝石	75000	1000	-1	-1	-1	-1	-1	-1	-1	-1	-1	-1	-1	-1	-1	-1	-1	-1	-1	-1	-1	-1	-1	-1	-1	-1	-1	-1	-1	-1	-1	-1	-1	-1	-1	-1	-1	-1	-1	-1	-1	-1	-1	-1	138	-1	-1	-1	-1	-1	-1	-1	-1	-1	-1	-1	-1	-1	-1	-1	-1	-1	-1	-1	-1	-1	FFFFFF66	命运宝石	5	2004	1	250	
50513002	5	5	13	2	Gem3_1_16	6	蓝宝石(5级)	蓝色的宝石，可以镶嵌在防御性装备(衣服、手套、帽子、护肩、鞋、腰带、项链、暗器、武魂、七情刃)上，使用后不可再镶嵌同类宝石。#r#G命运宝石	75000	1000	-1	-1	-1	-1	-1	-1	-1	-1	-1	-1	-1	-1	-1	-1	-1	-1	-1	-1	-1	-1	-1	-1	-1	-1	-1	-1	-1	-1	-1	-1	-1	-1	-1	-1	-1	-1	-1	-1	-1	-1	-1	-1	-1	138	-1	-1	-1	-1	-1	-1	-1	-1	-1	-1	-1	-1	-1	-1	-1	-1	-1	-1	-1	-1	FFFFFF66	命运宝石	6	2004	1	250	
50513003	5	5	13	3	Gem3_1_7	6	绿宝石(5级)	绿色的宝石，可以镶嵌在防御性装备(衣服、手套、帽子、护肩、鞋、腰带、项链、暗器、武魂、七情刃)上，使用后不可再镶嵌同类宝石。#r#G命运宝石	75000	1000	-1	-1	-1	-1	-1	-1	-1	-1	-1	-1	-1	-1	-1	-1	-1	-1	-1	-1	-1	-1	-1	-1	-1	-1	-1	-1	-1	-1	-1	-1	-1	-1	-1	-1	-1	-1	-1	-1	-1	-1	-1	-1	-1	-1	-1	-1	74	-1	-1	-1	-1	-1	-1	-1	-1	-1	-1	-1	-1	-1	-1	-1	-1	-1	FFFFFF66	命运宝石	9	2004	1	250	
50513004	5	5	13	4	Gem3_2_2	6	红宝石(5级)	红色的宝石，可以镶嵌在防御性装备(衣服、手套、帽子、护肩、鞋、腰带、项链、暗器、武魂、七情刃)上，使用后不可再镶嵌同类宝石。#r#G命运宝石	75000	1000	-1	-1	-1	-1	-1	-1	-1	-1	-1	-1	-1	-1	-1	-1	-1	-1	-1	-1	-1	-1	-1	-1	-1	-1	-1	-1	-1	-1	-1	-1	-1	-1	-1	-1	-1	-1	-1	-1	-1	-1	-1	-1	-1	-1	137	-1	-1	-1	-1	-1	-1	-1	-1	-1	-1	-1	-1	-1	-1	-1	-1	-1	-1	-1	FFFFFF66	命运宝石	10	2004	1	250	
50513005	5	5	13	5	Gem3_2_3	6	黑宝石(5级)	黑色的宝石，可以镶嵌在防御性装备(衣服、手套、帽子、护肩、鞋、腰带、项链、暗器、武魂、七情刃)上，使用后不可再镶嵌同类宝石。#r#G命运宝石	75000	1000	-1	-1	-1	-1	-1	-1	-1	-1	-1	-1	-1	-1	-1	-1	-1	-1	-1	-1	-1	-1	-1	-1	-1	-1	-1	-1	-1	-1	-1	-1	-1	-1	-1	-1	-1	-1	-1	-1	-1	-1	-1	-1	-1	-1	-1	137	-1	-1	-1	-1	-1	-1	-1	-1	-1	-1	-1	-1	-1	-1	-1	-1	-1	-1	FFFFFF66	命运宝石	1	2004	1	250	
50513006	5	5	13	6	Gem3_2_7	6	血精石(5级)	布满血丝红精的宝石，可以镶嵌在防御性装备(衣服、手套、帽子、护肩、鞋、腰带、项链、暗器、武魂、七情刃)上，使用后不可再镶嵌同类宝石。#r#G命运宝石	75000	1000	7548	-1	-1	-1	-1	-1	-1	-1	-1	-1	-1	-1	-1	-1	-1	-1	-1	-1	-1	-1	-1	-1	-1	-1	-1	-1	-1	-1	-1	-1	-1	-1	-1	-1	-1	-1	-1	-1	-1	-1	-1	-1	-1	-1	-1	-1	-1	-1	-1	-1	-1	-1	-1	-1	-1	-1	-1	-1	-1	-1	-1	-1	-1	-1	FFFFFF66	命运宝石	13	2004	1	250	
50514001	5	5	14	1	Gem3_1_14	6	祖母绿(5级)	翠绿如滴，顶级翡翠，可以镶嵌在防御性装备(衣服、手套、帽子、护肩、鞋、腰带、项链、暗器、武魂、七情刃)上，使用后不可再镶嵌同类宝石。#r#G天机宝石	100000	1000	-1	-1	-1	-1	-1	-1	-1	-1	-1	-1	-1	-1	-1	-1	-1	-1	-1	-1	-1	-1	-1	-1	-1	-1	-1	-1	-1	-1	-1	-1	-1	-1	-1	-1	-1	-1	494	-1	-1	-1	-1	-1	-1	-1	-1	-1	-1	-1	-1	-1	-1	-1	-1	-1	-1	-1	-1	-1	-1	-1	-1	-1	-1	-1	FFFFFF66	天机宝石	8	2004	1	250	
50521001	5	5	21	1	Gemjiankang_2	6	黄冥石(5级)	黄色的冥石，可以镶嵌在攻击性装备(武器、护腕、戒指、护符、项链、暗器、武魂、七情刃)上，使用后不可再镶嵌同类宝石。#r#G无法将目标的抗性降低至负值#r#G胜利宝石	300000	2000	-1	-1	-1	-1	-1	-1	-1	-1	-1	-1	-1	-1	-1	-1	-1	-1	-1	-1	-1	-1	-1	-1	-1	-1	-1	-1	-1	-1	-1	-1	-1	-1	-1	-1	-1	-1	-1	-1	-1	-1	-1	-1	-1	-1	-1	-1	-1	-1	-1	-1	-1	-1	-1	-1	-1	-1	50	-1	-1	-1	-1	-1	-1	-1	FFFFFF99	胜利宝石	31	2004	1	250	
50521002	5	5	21	2	Gemjiankang_14	6	蓝冥石(5级)	蓝色的冥石，可以镶嵌在攻击性装备(武器、护腕、戒指、护符、项链、暗器、武魂、七情刃)上，使用后不可再镶嵌同类宝石。#r#G无法将目标的抗性降低至负值#r#G胜利宝石	300000	2000	-1	-1	-1	-1	-1	-1	-1	-1	-1	-1	-1	-1	-1	-1	-1	-1	-1	-1	-1	-1	-1	-1	-1	-1	-1	-1	-1	-1	-1	-1	-1	-1	-1	-1	-1	-1	-1	-1	-1	-1	-1	-1	-1	-1	-1	-1	-1	-1	-1	-1	-1	-1	-1	-1	50	-1	-1	-1	-1	-1	-1	-1	-1	-1	FFFFFF99	胜利宝石	32	2004	1	250	
50521003	5	5	21	3	Gemjiankang_10	6	红冥石(5级)	红色的冥石，可以镶嵌在攻击性装备(武器、护腕、戒指、护符、项链、暗器、武魂、七情刃)上，使用后不可再镶嵌同类宝石。#r#G无法将目标的抗性降低至负值#r#G胜利宝石	300000	2000	-1	-1	-1	-1	-1	-1	-1	-1	-1	-1	-1	-1	-1	-1	-1	-1	-1	-1	-1	-1	-1	-1	-1	-1	-1	-1	-1	-1	-1	-1	-1	-1	-1	-1	-1	-1	-1	-1	-1	-1	-1	-1	-1	-1	-1	-1	-1	-1	-1	-1	-1	-1	-1	-1	-1	50	-1	-1	-1	-1	-1	-1	-1	-1	FFFFFF99	胜利宝石	33	2004	1	250	
50521004	5	5	21	4	Gemjiankang_6	6	绿冥石(5级)	绿色的冥石，可以镶嵌在攻击性装备(武器、护腕、戒指、护符、项链、暗器、武魂、七情刃)上，使用后不可再镶嵌同类宝石。#r#G无法将目标的抗性降低至负值#r#G胜利宝石	300000	2000	-1	-1	-1	-1	-1	-1	-1	-1	-1	-1	-1	-1	-1	-1	-1	-1	-1	-1	-1	-1	-1	-1	-1	-1	-1	-1	-1	-1	-1	-1	-1	-1	-1	-1	-1	-1	-1	-1	-1	-1	-1	-1	-1	-1	-1	-1	-1	-1	-1	-1	-1	-1	-1	-1	-1	-1	-1	50	-1	-1	-1	-1	-1	-1	FFFFFF99	胜利宝石	34	2004	1	250	
50601001	5	6	1	1	Gem6_2_4	6	猫眼石(6级)	象猫眼一样的宝石，可以镶嵌在攻击性装备(武器、护腕、戒指、护符、项链、暗器、武魂、七情刃)上，使用后不可再镶嵌同类宝石。#r#G希望宝石	50000	1000	-1	-1	-1	-1	-1	-1	-1	-1	-1	-1	-1	-1	-1	-1	-1	-1	-1	-1	-1	-1	-1	-1	-1	-1	-1	-1	1997	-1	-1	-1	-1	-1	-1	-1	-1	-1	-1	-1	-1	-1	-1	-1	-1	-1	-1	-1	-1	-1	-1	-1	-1	-1	-1	-1	-1	-1	-1	-1	-1	-1	-1	-1	-1	-1	FFFFFFB2	希望宝石	1	2004	1	250	
50601002	5	6	1	2	Gem6_1_1	6	虎眼石(6级)	象虎眼一样的宝石，可以镶嵌在攻击性装备(武器、护腕、戒指、护符、项链、暗器、武魂、七情刃)上，使用后不可再镶嵌同类宝石。#r#G希望宝石	50000	1000	-1	-1	-1	-1	-1	-1	-1	-1	-1	-1	-1	-1	-1	-1	-1	-1	-1	-1	-1	1997	-1	-1	-1	-1	-1	-1	-1	-1	-1	-1	-1	-1	-1	-1	-1	-1	-1	-1	-1	-1	-1	-1	-1	-1	-1	-1	-1	-1	-1	-1	-1	-1	-1	-1	-1	-1	-1	-1	-1	-1	-1	-1	-1	-1	FFFFFFB2	希望宝石	2	2004	1	250	
50602001	5	6	2	1	Gem6_1_3	6	黄晶石(6级)	黄色的晶石，可以镶嵌在攻击性装备(武器、护腕、戒指、护符、项链、暗器、武魂、七情刃)上，使用后不可再镶嵌同类宝石。#r#G智慧宝石#W#r可在#G洛阳（179，182）#R宝石工匠彭怀玉#W或#G楼兰（279，198）#R宝石工匠克里木#W处使用#G6级宝石雕琢符#W提升宝石属性。#r#cff9900本宝石只能雕琢一次。#r#W使用三颗雕琢后的宝石，和一个#G宝石熔炼符#W，能够熔炼成一颗对应的同等级胜利宝石。	150000	1000	-1	-1	-1	-1	-1	-1	-1	-1	-1	-1	-1	-1	35	-1	-1	-1	-1	-1	-1	-1	-1	-1	-1	-1	-1	-1	-1	-1	-1	-1	-1	-1	-1	-1	-1	-1	-1	-1	-1	-1	-1	-1	-1	-1	-1	-1	-1	-1	-1	-1	-1	-1	-1	-1	-1	-1	-1	-1	-1	-1	-1	-1	-1	-1	FFFFFFB2	智慧宝石	3	2004	1	250	
50602002	5	6	2	2	Gem6_1_4	6	蓝晶石(6级)	蓝色的晶石，可以镶嵌在攻击性装备(武器、护腕、戒指、护符、项链、暗器、武魂、七情刃)上，使用后不可再镶嵌同类宝石。#r#G智慧宝石#W#r可在#G洛阳（179，182）#R宝石工匠彭怀玉#W或#G楼兰（279，198）#R宝石工匠克里木#W处使用#G6级宝石雕琢符#W提升宝石属性。#r#cff9900本宝石只能雕琢一次。#r#W使用三颗雕琢后的宝石，和一个#G宝石熔炼符#W，能够熔炼成一颗对应的同等级胜利宝石。	150000	1000	-1	-1	-1	-1	-1	-1	35	-1	-1	-1	-1	-1	-1	-1	-1	-1	-1	-1	-1	-1	-1	-1	-1	-1	-1	-1	-1	-1	-1	-1	-1	-1	-1	-1	-1	-1	-1	-1	-1	-1	-1	-1	-1	-1	-1	-1	-1	-1	-1	-1	-1	-1	-1	-1	-1	-1	-1	-1	-1	-1	-1	-1	-1	-1	FFFFFFB2	智慧宝石	4	2004	1	250	
50602003	5	6	2	3	Gem6_1_5	6	红晶石(6级)	红色的晶石，可以镶嵌在攻击性装备(武器、护腕、戒指、护符、项链、暗器、武魂、七情刃)上，使用后不可再镶嵌同类宝石。#r#G智慧宝石#W#r可在#G洛阳（179，182）#R宝石工匠彭怀玉#W或#G楼兰（279，198）#R宝石工匠克里木#W处使用#G6级宝石雕琢符#W提升宝石属性。#r#cff9900本宝石只能雕琢一次。#r#W使用三颗雕琢后的宝石，和一个#G宝石熔炼符#W，能够熔炼成一颗对应的同等级胜利宝石。	150000	1000	-1	-1	-1	-1	-1	-1	-1	-1	-1	35	-1	-1	-1	-1	-1	-1	-1	-1	-1	-1	-1	-1	-1	-1	-1	-1	-1	-1	-1	-1	-1	-1	-1	-1	-1	-1	-1	-1	-1	-1	-1	-1	-1	-1	-1	-1	-1	-1	-1	-1	-1	-1	-1	-1	-1	-1	-1	-1	-1	-1	-1	-1	-1	-1	FFFFFFB2	智慧宝石	5	2004	1	250	
50602004	5	6	2	4	Gem6_1_6	6	绿晶石(6级)	绿色的晶石，可以镶嵌在攻击性装备(武器、护腕、戒指、护符、项链、暗器、武魂、七情刃)上，使用后不可再镶嵌同类宝石。#r#G智慧宝石#W#r可在#G洛阳（179，182）#R宝石工匠彭怀玉#W或#G楼兰（279，198）#R宝石工匠克里木#W处使用#G6级宝石雕琢符#W提升宝石属性。#r#cff9900本宝石只能雕琢一次。#r#W使用三颗雕琢后的宝石，和一个#G宝石熔炼符#W，能够熔炼成一颗对应的同等级胜利宝石。	150000	1000	-1	-1	-1	-1	-1	-1	-1	-1	-1	-1	-1	-1	-1	-1	-1	35	-1	-1	-1	-1	-1	-1	-1	-1	-1	-1	-1	-1	-1	-1	-1	-1	-1	-1	-1	-1	-1	-1	-1	-1	-1	-1	-1	-1	-1	-1	-1	-1	-1	-1	-1	-1	-1	-1	-1	-1	-1	-1	-1	-1	-1	-1	-1	-1	FFFFFFB2	智慧宝石	6	2004	1	250	
50602005	5	6	2	5	Gem6_2_5	6	纯净黄晶石(6级)	纯净的黄晶石，可以镶嵌在攻击性装备(武器、护腕、戒指、护符、项链、暗器、武魂、七情刃)上，使用后不可再镶嵌同类宝石。#r#G智慧宝石#r#cff9900雕琢过的宝石不能再雕琢。#r#W使用三颗此种宝石，和一个#G宝石熔炼符#W，能够熔炼成一颗对应的同等级胜利宝石。#r在#G帮会城市#W做#G发展任务#W，#G市集任务#W，#G工程任务#W时，会有一定几率获得#G宝石熔炼符#W。	300000	2000	-1	-1	-1	-1	-1	-1	-1	-1	-1	-1	-1	-1	170	-1	-1	-1	-1	-1	-1	-1	-1	-1	-1	-1	-1	-1	-1	-1	-1	-1	-1	-1	-1	-1	-1	-1	-1	-1	-1	-1	-1	-1	-1	-1	-1	-1	-1	-1	-1	-1	-1	-1	-1	-1	-1	-1	-1	-1	-1	-1	-1	-1	-1	-1	FFFFFFB2	智慧宝石	14	2004	1	250	
50602006	5	6	2	6	Gem6_2_9	6	纯净蓝晶石(6级)	纯净的蓝晶石，可以镶嵌在攻击性装备(武器、护腕、戒指、护符、项链、暗器、武魂、七情刃)上，使用后不可再镶嵌同类宝石。#r#G智慧宝石#r#cff9900雕琢过的宝石不能再雕琢。#r#W使用三颗此种宝石，和一个#G宝石熔炼符#W，能够熔炼成一颗对应的同等级胜利宝石。#r在#G帮会城市#W做#G发展任务#W，#G市集任务#W，#G工程任务#W时，会有一定几率获得#G宝石熔炼符#W。	300000	2000	-1	-1	-1	-1	-1	-1	170	-1	-1	-1	-1	-1	-1	-1	-1	-1	-1	-1	-1	-1	-1	-1	-1	-1	-1	-1	-1	-1	-1	-1	-1	-1	-1	-1	-1	-1	-1	-1	-1	-1	-1	-1	-1	-1	-1	-1	-1	-1	-1	-1	-1	-1	-1	-1	-1	-1	-1	-1	-1	-1	-1	-1	-1	-1	FFFFFFB2	智慧宝石	15	2004	1	250	
50602007	5	6	2	7	Gem6_2_13	6	纯净红晶石(6级)	纯净的红晶石，可以镶嵌在攻击性装备(武器、护腕、戒指、护符、项链、暗器、武魂、七情刃)上，使用后不可再镶嵌同类宝石。#r#G智慧宝石#r#cff9900雕琢过的宝石不能再雕琢。#r#W使用三颗此种宝石，和一个#G宝石熔炼符#W，能够熔炼成一颗对应的同等级胜利宝石。#r在#G帮会城市#W做#G发展任务#W，#G市集任务#W，#G工程任务#W时，会有一定几率获得#G宝石熔炼符#W。	300000	2000	-1	-1	-1	-1	-1	-1	-1	-1	-1	170	-1	-1	-1	-1	-1	-1	-1	-1	-1	-1	-1	-1	-1	-1	-1	-1	-1	-1	-1	-1	-1	-1	-1	-1	-1	-1	-1	-1	-1	-1	-1	-1	-1	-1	-1	-1	-1	-1	-1	-1	-1	-1	-1	-1	-1	-1	-1	-1	-1	-1	-1	-1	-1	-1	FFFFFFB2	智慧宝石	16	2004	1	250	
50602008	5	6	2	8	Gem6_2_6	6	纯净绿晶石(6级)	纯净的绿晶石，可以镶嵌在攻击性装备(武器、护腕、戒指、护符、项链、暗器、武魂、七情刃)上，使用后不可再镶嵌同类宝石。#r#G智慧宝石#r#cff9900雕琢过的宝石不能再雕琢。#r#W使用三颗此种宝石，和一个#G宝石熔炼符#W，能够熔炼成一颗对应的同等级胜利宝石。#r在#G帮会城市#W做#G发展任务#W，#G市集任务#W，#G工程任务#W时，会有一定几率获得#G宝石熔炼符#W。	300000	2000	-1	-1	-1	-1	-1	-1	-1	-1	-1	-1	-1	-1	-1	-1	-1	170	-1	-1	-1	-1	-1	-1	-1	-1	-1	-1	-1	-1	-1	-1	-1	-1	-1	-1	-1	-1	-1	-1	-1	-1	-1	-1	-1	-1	-1	-1	-1	-1	-1	-1	-1	-1	-1	-1	-1	-1	-1	-1	-1	-1	-1	-1	-1	-1	FFFFFFB2	智慧宝石	17	2004	1	250	
50603001	5	6	3	1	Gem6_1_2	6	紫玉(6级)	紫色玉石，可以镶嵌在攻击性装备(武器、护腕、戒指、护符、项链、暗器、武魂、七情刃)上，使用后不可再镶嵌同类宝石。#r#G玄微宝石	100000	1000	-1	-1	-1	-1	-1	-1	-1	-1	-1	-1	-1	-1	-1	-1	-1	-1	-1	-1	-1	-1	-1	-1	-1	-1	-1	-1	-1	-1	-1	-1	-1	-1	-1	-1	-1	2223	-1	-1	-1	-1	-1	-1	-1	-1	-1	-1	-1	-1	-1	-1	-1	-1	-1	-1	-1	-1	-1	-1	-1	-1	-1	-1	-1	-1	FFFFFFB2	玄微宝石	7	2004	1	250	
50604002	5	6	4	2	Gem6_1_8	6	变石(6级)	在阳光下呈绿色，在烛光下呈红色，可变色的宝石，可以镶嵌在攻击性装备(武器、护腕、戒指、护符、项链、暗器、武魂、七情刃)上，使用后不可再镶嵌同类宝石。#r#G幻冥宝石	250000	1000	-1	-1	-1	-1	-1	-1	-1	-1	-1	-1	-1	-1	-1	-1	-1	-1	-1	-1	-1	-1	-1	-1	-1	-1	-1	-1	-1	-1	-1	-1	-1	-1	-1	-1	-1	-1	-1	11	-1	-1	-1	-1	-1	-1	-1	-1	-1	-1	-1	-1	-1	-1	-1	-1	-1	-1	-1	-1	-1	-1	-1	-1	-1	-1	FFFFFFB2	幻冥宝石	8	2004	1	250	
50611001	5	6	11	1	Gem6_1_9	6	石榴石(6级)	因其外形酷似成熟的石榴籽而得名的宝石，可以镶嵌在防御性装备(衣服、手套、帽子、护肩、鞋、腰带、项链、暗器、武魂、七情刃)上，使用后不可再镶嵌同类宝石。#r#G生命宝石	50000	1000	-1	-1	-1	-1	-1	-1	-1	-1	-1	-1	-1	-1	-1	-1	-1	-1	-1	-1	-1	-1	-1	-1	-1	-1	-1	-1	-1	-1	-1	1988	-1	-1	-1	-1	-1	-1	-1	-1	-1	-1	-1	-1	-1	-1	-1	-1	-1	-1	-1	-1	-1	-1	-1	-1	-1	-1	-1	-1	-1	-1	-1	-1	-1	-1	FFFFFF66	生命宝石	7	2004	1	250	
50611002	5	6	11	2	Gem6_1_12	6	尖晶石(6级)	颜色繁多且艳丽的宝石，可以镶嵌在防御性装备(衣服、手套、帽子、护肩、鞋、腰带、项链、暗器、武魂、七情刃)上，使用后不可再镶嵌同类宝石。#r#G生命宝石	50000	1000	-1	-1	-1	-1	-1	-1	-1	-1	-1	-1	-1	-1	-1	-1	-1	-1	-1	-1	-1	-1	-1	-1	1988	-1	-1	-1	-1	-1	-1	-1	-1	-1	-1	-1	-1	-1	-1	-1	-1	-1	-1	-1	-1	-1	-1	-1	-1	-1	-1	-1	-1	-1	-1	-1	-1	-1	-1	-1	-1	-1	-1	-1	-1	-1	FFFFFF66	生命宝石	11	2004	1	250	
50612001	5	6	12	1	Gem6_1_11	6	黄玉(6级)	黄色的玉石，可以镶嵌在防御性装备(衣服、手套、帽子、护肩、鞋、腰带、项链、暗器、武魂、七情刃)上，使用后不可再镶嵌同类宝石。#r#G魅力宝石#W#r可在#G洛阳（179，182）#R宝石工匠彭怀玉#W或#G楼兰（279，198）#R宝石工匠克里木#W处使用#G6级宝石雕琢符#W提升宝石属性。#r#cff9900本宝石只能雕琢一次。	150000	1000	-1	-1	-1	-1	-1	-1	-1	-1	-1	-1	-1	-1	-1	14	-1	-1	-1	-1	-1	-1	-1	-1	-1	-1	-1	-1	-1	-1	-1	-1	-1	-1	-1	-1	-1	-1	-1	-1	-1	-1	-1	-1	-1	-1	-1	-1	-1	-1	-1	-1	-1	-1	-1	-1	-1	-1	-1	-1	-1	-1	-1	-1	-1	-1	FFFFFF66	魅力宝石	12	2004	1	250	
50612002	5	6	12	2	Gem6_1_10	6	皓石(6级)	闪闪发亮的宝石，可以镶嵌在防御性装备(衣服、手套、帽子、护肩、鞋、腰带、项链、暗器、武魂、七情刃)上，使用后不可再镶嵌同类宝石。#r#G魅力宝石#W#r可在#G洛阳（179，182）#R宝石工匠彭怀玉#W或#G楼兰（279，198）#R宝石工匠克里木#W处使用#G6级宝石雕琢符#W提升宝石属性。#r#cff9900本宝石只能雕琢一次。	150000	1000	-1	-1	-1	-1	-1	-1	-1	14	-1	-1	-1	-1	-1	-1	-1	-1	-1	-1	-1	-1	-1	-1	-1	-1	-1	-1	-1	-1	-1	-1	-1	-1	-1	-1	-1	-1	-1	-1	-1	-1	-1	-1	-1	-1	-1	-1	-1	-1	-1	-1	-1	-1	-1	-1	-1	-1	-1	-1	-1	-1	-1	-1	-1	-1	FFFFFF66	魅力宝石	2	2004	1	250	
50612003	5	6	12	3	Gem6_1_13	6	月光石(6级)	具淡蓝色的晕彩，如同朦胧的月光的宝石，可以镶嵌在防御性装备(衣服、手套、帽子、护肩、鞋、腰带、项链、暗器、武魂、七情刃)上，使用后不可再镶嵌同类宝石。#r#G魅力宝石#W#r可在#G洛阳（179，182）#R宝石工匠彭怀玉#W或#G楼兰（279，198）#R宝石工匠克里木#W处使用#G6级宝石雕琢符#W提升宝石属性。#r#cff9900本宝石只能雕琢一次。	150000	1000	-1	-1	-1	-1	-1	-1	-1	-1	-1	-1	14	-1	-1	-1	-1	-1	-1	-1	-1	-1	-1	-1	-1	-1	-1	-1	-1	-1	-1	-1	-1	-1	-1	-1	-1	-1	-1	-1	-1	-1	-1	-1	-1	-1	-1	-1	-1	-1	-1	-1	-1	-1	-1	-1	-1	-1	-1	-1	-1	-1	-1	-1	-1	-1	FFFFFF66	魅力宝石	4	2004	1	250	
50612004	5	6	12	4	Gem6_2_1	6	碧玺(6级)	颜色繁多且艳丽的宝石，可以镶嵌在防御性装备(衣服、手套、帽子、护肩、鞋、腰带、项链、暗器、武魂、七情刃)上，使用后不可再镶嵌同类宝石。#r#G魅力宝石#W#r可在#G洛阳（179，182）#R宝石工匠彭怀玉#W或#G楼兰（279，198）#R宝石工匠克里木#W处使用#G6级宝石雕琢符#W提升宝石属性。#r#cff9900本宝石只能雕琢一次。	150000	1000	-1	-1	-1	-1	-1	-1	-1	-1	-1	-1	-1	-1	-1	-1	-1	-1	14	-1	-1	-1	-1	-1	-1	-1	-1	-1	-1	-1	-1	-1	-1	-1	-1	-1	-1	-1	-1	-1	-1	-1	-1	-1	-1	-1	-1	-1	-1	-1	-1	-1	-1	-1	-1	-1	-1	-1	-1	-1	-1	-1	-1	-1	-1	-1	FFFFFF66	魅力宝石	3	2004	1	250	
50612005	5	6	12	5	Gem6_2_10	6	纯净黄玉(6级)	纯净的黄玉，可以镶嵌在防御性装备(衣服、手套、帽子、护肩、鞋、腰带、项链、暗器、武魂、七情刃)上，使用后不可再镶嵌同类宝石。#r#G魅力宝石#r#cff9900雕琢过的宝石不能再雕琢。	300000	2000	-1	-1	-1	-1	-1	-1	-1	-1	-1	-1	-1	-1	-1	70	-1	-1	-1	-1	-1	-1	-1	-1	-1	-1	-1	-1	-1	-1	-1	-1	-1	-1	-1	-1	-1	-1	-1	-1	-1	-1	-1	-1	-1	-1	-1	-1	-1	-1	-1	-1	-1	-1	-1	-1	-1	-1	-1	-1	-1	-1	-1	-1	-1	-1	FFFFFFB2	魅力宝石	16	2004	1	250	
50612006	5	6	12	6	Gem6_2_14	6	纯净皓石(6级)	纯净的皓石，可以镶嵌在防御性装备(衣服、手套、帽子、护肩、鞋、腰带、项链、暗器、武魂、七情刃)上，使用后不可再镶嵌同类宝石。#r#G魅力宝石#r#cff9900雕琢过的宝石不能再雕琢。	300000	2000	-1	-1	-1	-1	-1	-1	-1	70	-1	-1	-1	-1	-1	-1	-1	-1	-1	-1	-1	-1	-1	-1	-1	-1	-1	-1	-1	-1	-1	-1	-1	-1	-1	-1	-1	-1	-1	-1	-1	-1	-1	-1	-1	-1	-1	-1	-1	-1	-1	-1	-1	-1	-1	-1	-1	-1	-1	-1	-1	-1	-1	-1	-1	-1	FFFFFFB2	魅力宝石	17	2004	1	250	
50612007	5	6	12	7	Gem6_2_11	6	纯净月光石(6级)	纯净的月光石，可以镶嵌在防御性装备(衣服、手套、帽子、护肩、鞋、腰带、项链、暗器、武魂、七情刃)上，使用后不可再镶嵌同类宝石。#r#G魅力宝石#r#cff9900雕琢过的宝石不能再雕琢。	300000	2000	-1	-1	-1	-1	-1	-1	-1	-1	-1	-1	70	-1	-1	-1	-1	-1	-1	-1	-1	-1	-1	-1	-1	-1	-1	-1	-1	-1	-1	-1	-1	-1	-1	-1	-1	-1	-1	-1	-1	-1	-1	-1	-1	-1	-1	-1	-1	-1	-1	-1	-1	-1	-1	-1	-1	-1	-1	-1	-1	-1	-1	-1	-1	-1	FFFFFFB2	魅力宝石	15	2004	1	250	
50612008	5	6	12	8	Gem6_2_15	6	纯净碧玺(6级)	纯净的碧玺，可以镶嵌在防御性装备(衣服、手套、帽子、护肩、鞋、腰带、项链、暗器、武魂、七情刃)上，使用后不可再镶嵌同类宝石。#r#G魅力宝石#r#cff9900雕琢过的宝石不能再雕琢。	300000	2000	-1	-1	-1	-1	-1	-1	-1	-1	-1	-1	-1	-1	-1	-1	-1	-1	70	-1	-1	-1	-1	-1	-1	-1	-1	-1	-1	-1	-1	-1	-1	-1	-1	-1	-1	-1	-1	-1	-1	-1	-1	-1	-1	-1	-1	-1	-1	-1	-1	-1	-1	-1	-1	-1	-1	-1	-1	-1	-1	-1	-1	-1	-1	-1	FFFFFFB2	魅力宝石	14	2004	1	250	
50613001	5	6	13	1	Gem6_1_15	6	黄宝石(6级)	黄色的宝石，可以镶嵌在防御性装备(衣服、手套、帽子、护肩、鞋、腰带、项链、暗器、武魂、七情刃)上，使用后不可再镶嵌同类宝石。#r#G命运宝石	75000	1000	-1	-1	-1	-1	-1	-1	-1	-1	-1	-1	-1	-1	-1	-1	-1	-1	-1	-1	-1	-1	-1	-1	-1	-1	-1	-1	-1	-1	-1	-1	-1	-1	-1	-1	-1	-1	-1	-1	-1	-1	-1	-1	207	-1	-1	-1	-1	-1	-1	-1	-1	-1	-1	-1	-1	-1	-1	-1	-1	-1	-1	-1	-1	-1	FFFFFF66	命运宝石	5	2004	1	250	
50613002	5	6	13	2	Gem6_1_16	6	蓝宝石(6级)	蓝色的宝石，可以镶嵌在防御性装备(衣服、手套、帽子、护肩、鞋、腰带、项链、暗器、武魂、七情刃)上，使用后不可再镶嵌同类宝石。#r#G命运宝石	75000	1000	-1	-1	-1	-1	-1	-1	-1	-1	-1	-1	-1	-1	-1	-1	-1	-1	-1	-1	-1	-1	-1	-1	-1	-1	-1	-1	-1	-1	-1	-1	-1	-1	-1	-1	-1	-1	-1	-1	-1	-1	-1	-1	-1	207	-1	-1	-1	-1	-1	-1	-1	-1	-1	-1	-1	-1	-1	-1	-1	-1	-1	-1	-1	-1	FFFFFF66	命运宝石	6	2004	1	250	
50613003	5	6	13	3	Gem6_1_7	6	绿宝石(6级)	绿色的宝石，可以镶嵌在防御性装备(衣服、手套、帽子、护肩、鞋、腰带、项链、暗器、武魂、七情刃)上，使用后不可再镶嵌同类宝石。#r#G命运宝石	75000	1000	-1	-1	-1	-1	-1	-1	-1	-1	-1	-1	-1	-1	-1	-1	-1	-1	-1	-1	-1	-1	-1	-1	-1	-1	-1	-1	-1	-1	-1	-1	-1	-1	-1	-1	-1	-1	-1	-1	-1	-1	-1	-1	-1	-1	-1	-1	112	-1	-1	-1	-1	-1	-1	-1	-1	-1	-1	-1	-1	-1	-1	-1	-1	-1	FFFFFF66	命运宝石	9	2004	1	250	
50613004	5	6	13	4	Gem6_2_2	6	红宝石(6级)	红色的宝石，可以镶嵌在防御性装备(衣服、手套、帽子、护肩、鞋、腰带、项链、暗器、武魂、七情刃)上，使用后不可再镶嵌同类宝石。#r#G命运宝石	75000	1000	-1	-1	-1	-1	-1	-1	-1	-1	-1	-1	-1	-1	-1	-1	-1	-1	-1	-1	-1	-1	-1	-1	-1	-1	-1	-1	-1	-1	-1	-1	-1	-1	-1	-1	-1	-1	-1	-1	-1	-1	-1	-1	-1	-1	206	-1	-1	-1	-1	-1	-1	-1	-1	-1	-1	-1	-1	-1	-1	-1	-1	-1	-1	-1	FFFFFF66	命运宝石	10	2004	1	250	
50613005	5	6	13	5	Gem6_2_3	6	黑宝石(6级)	黑色的宝石，可以镶嵌在防御性装备(衣服、手套、帽子、护肩、鞋、腰带、项链、暗器、武魂、七情刃)上，使用后不可再镶嵌同类宝石。#r#G命运宝石	75000	1000	-1	-1	-1	-1	-1	-1	-1	-1	-1	-1	-1	-1	-1	-1	-1	-1	-1	-1	-1	-1	-1	-1	-1	-1	-1	-1	-1	-1	-1	-1	-1	-1	-1	-1	-1	-1	-1	-1	-1	-1	-1	-1	-1	-1	-1	206	-1	-1	-1	-1	-1	-1	-1	-1	-1	-1	-1	-1	-1	-1	-1	-1	-1	-1	FFFFFF66	命运宝石	1	2004	1	250	
50613006	5	6	13	6	Gem6_2_7	6	血精石(6级)	布满血丝红精的宝石，可以镶嵌在防御性装备(衣服、手套、帽子、护肩、鞋、腰带、项链、暗器、武魂、七情刃)上，使用后不可再镶嵌同类宝石。#r#G命运宝石	75000	1000	11314	-1	-1	-1	-1	-1	-1	-1	-1	-1	-1	-1	-1	-1	-1	-1	-1	-1	-1	-1	-1	-1	-1	-1	-1	-1	-1	-1	-1	-1	-1	-1	-1	-1	-1	-1	-1	-1	-1	-1	-1	-1	-1	-1	-1	-1	-1	-1	-1	-1	-1	-1	-1	-1	-1	-1	-1	-1	-1	-1	-1	-1	-1	-1	FFFFFF66	命运宝石	13	2004	1	250	
50614001	5	6	14	1	Gem6_1_14	6	祖母绿(6级)	翠绿如滴，顶级翡翠，可以镶嵌在防御性装备(衣服、手套、帽子、护肩、鞋、腰带、项链、暗器、武魂、七情刃)上，使用后不可再镶嵌同类宝石。#r#G天机宝石	100000	1000	-1	-1	-1	-1	-1	-1	-1	-1	-1	-1	-1	-1	-1	-1	-1	-1	-1	-1	-1	-1	-1	-1	-1	-1	-1	-1	-1	-1	-1	-1	-1	-1	-1	-1	-1	-1	741	-1	-1	-1	-1	-1	-1	-1	-1	-1	-1	-1	-1	-1	-1	-1	-1	-1	-1	-1	-1	-1	-1	-1	-1	-1	-1	-1	FFFFFF66	天机宝石	8	2004	1	250	
50621001	5	6	21	1	Gemjiankang_3	6	黄冥石(6级)	黄色的冥石，可以镶嵌在攻击性装备(武器、护腕、戒指、护符、项链、暗器、武魂、七情刃)上，使用后不可再镶嵌同类宝石。#r#G无法将目标的抗性降低至负值#r#G胜利宝石	300000	2000	-1	-1	-1	-1	-1	-1	-1	-1	-1	-1	-1	-1	-1	-1	-1	-1	-1	-1	-1	-1	-1	-1	-1	-1	-1	-1	-1	-1	-1	-1	-1	-1	-1	-1	-1	-1	-1	-1	-1	-1	-1	-1	-1	-1	-1	-1	-1	-1	-1	-1	-1	-1	-1	-1	-1	-1	70	-1	-1	-1	-1	-1	-1	-1	FFFFFFB2	胜利宝石	31	2004	1	250	
50621002	5	6	21	2	Gemjiankang_15	6	蓝冥石(6级)	蓝色的冥石，可以镶嵌在攻击性装备(武器、护腕、戒指、护符、项链、暗器、武魂、七情刃)上，使用后不可再镶嵌同类宝石。#r#G无法将目标的抗性降低至负值#r#G胜利宝石	300000	2000	-1	-1	-1	-1	-1	-1	-1	-1	-1	-1	-1	-1	-1	-1	-1	-1	-1	-1	-1	-1	-1	-1	-1	-1	-1	-1	-1	-1	-1	-1	-1	-1	-1	-1	-1	-1	-1	-1	-1	-1	-1	-1	-1	-1	-1	-1	-1	-1	-1	-1	-1	-1	-1	-1	70	-1	-1	-1	-1	-1	-1	-1	-1	-1	FFFFFFB2	胜利宝石	32	2004	1	250	
50621003	5	6	21	3	Gemjiankang_11	6	红冥石(6级)	红色的冥石，可以镶嵌在攻击性装备(武器、护腕、戒指、护符、项链、暗器、武魂、七情刃)上，使用后不可再镶嵌同类宝石。#r#G无法将目标的抗性降低至负值#r#G胜利宝石	300000	2000	-1	-1	-1	-1	-1	-1	-1	-1	-1	-1	-1	-1	-1	-1	-1	-1	-1	-1	-1	-1	-1	-1	-1	-1	-1	-1	-1	-1	-1	-1	-1	-1	-1	-1	-1	-1	-1	-1	-1	-1	-1	-1	-1	-1	-1	-1	-1	-1	-1	-1	-1	-1	-1	-1	-1	70	-1	-1	-1	-1	-1	-1	-1	-1	FFFFFFB2	胜利宝石	33	2004	1	250	
50621004	5	6	21	4	Gemjiankang_7	6	绿冥石(6级)	绿色的冥石，可以镶嵌在攻击性装备(武器、护腕、戒指、护符、项链、暗器、武魂、七情刃)上，使用后不可再镶嵌同类宝石。#r#G无法将目标的抗性降低至负值#r#G胜利宝石	300000	2000	-1	-1	-1	-1	-1	-1	-1	-1	-1	-1	-1	-1	-1	-1	-1	-1	-1	-1	-1	-1	-1	-1	-1	-1	-1	-1	-1	-1	-1	-1	-1	-1	-1	-1	-1	-1	-1	-1	-1	-1	-1	-1	-1	-1	-1	-1	-1	-1	-1	-1	-1	-1	-1	-1	-1	-1	-1	70	-1	-1	-1	-1	-1	-1	FFFFFFB2	胜利宝石	34	2004	1	250	
50701001	5	7	1	1	Gem6_2_4	6	猫眼石(7级)	象猫眼一样的宝石，可以镶嵌在攻击性装备(武器、护腕、戒指、护符、项链、暗器、武魂、七情刃)上，使用后不可再镶嵌同类宝石。#r#G希望宝石	50000	1000	-1	-1	-1	-1	-1	-1	-1	-1	-1	-1	-1	-1	-1	-1	-1	-1	-1	-1	-1	-1	-1	-1	-1	-1	-1	-1	2596	-1	-1	-1	-1	-1	-1	-1	-1	-1	-1	-1	-1	-1	-1	-1	-1	-1	-1	-1	-1	-1	-1	-1	-1	-1	-1	-1	-1	-1	-1	-1	-1	-1	-1	-1	-1	-1	FFFFFFCC	希望宝石	1	2004	1	250	
50701002	5	7	1	2	Gem6_1_1	6	虎眼石(7级)	象虎眼一样的宝石，可以镶嵌在攻击性装备(武器、护腕、戒指、护符、项链、暗器、武魂、七情刃)上，使用后不可再镶嵌同类宝石。#r#G希望宝石	50000	1000	-1	-1	-1	-1	-1	-1	-1	-1	-1	-1	-1	-1	-1	-1	-1	-1	-1	-1	-1	2596	-1	-1	-1	-1	-1	-1	-1	-1	-1	-1	-1	-1	-1	-1	-1	-1	-1	-1	-1	-1	-1	-1	-1	-1	-1	-1	-1	-1	-1	-1	-1	-1	-1	-1	-1	-1	-1	-1	-1	-1	-1	-1	-1	-1	FFFFFFCC	希望宝石	2	2004	1	250	
50702001	5	7	2	1	Gem6_1_3	6	黄晶石(7级)	黄色的晶石，可以镶嵌在攻击性装备(武器、护腕、戒指、护符、项链、暗器、武魂、七情刃)上，使用后不可再镶嵌同类宝石。#r#G智慧宝石#W#r可在#G洛阳（179，182）#R宝石工匠彭怀玉#W或#G楼兰（279，198）#R宝石工匠克里木#W处使用#G7级宝石雕琢符#W提升宝石属性。#r#cff9900本宝石只能雕琢一次。#r#W使用三颗雕琢后的宝石，和一个#G宝石熔炼符#W，能够熔炼成一颗对应的同等级胜利宝石。	150000	1000	-1	-1	-1	-1	-1	-1	-1	-1	-1	-1	-1	-1	40	-1	-1	-1	-1	-1	-1	-1	-1	-1	-1	-1	-1	-1	-1	-1	-1	-1	-1	-1	-1	-1	-1	-1	-1	-1	-1	-1	-1	-1	-1	-1	-1	-1	-1	-1	-1	-1	-1	-1	-1	-1	-1	-1	-1	-1	-1	-1	-1	-1	-1	-1	FFFFFFCC	智慧宝石	3	2004	1	250	
50702002	5	7	2	2	Gem6_1_4	6	蓝晶石(7级)	蓝色的晶石，可以镶嵌在攻击性装备(武器、护腕、戒指、护符、项链、暗器、武魂、七情刃)上，使用后不可再镶嵌同类宝石。#r#G智慧宝石#W#r可在#G洛阳（179，182）#R宝石工匠彭怀玉#W或#G楼兰（279，198）#R宝石工匠克里木#W处使用#G7级宝石雕琢符#W提升宝石属性。#r#cff9900本宝石只能雕琢一次。#r#W使用三颗雕琢后的宝石，和一个#G宝石熔炼符#W，能够熔炼成一颗对应的同等级胜利宝石。	150000	1000	-1	-1	-1	-1	-1	-1	40	-1	-1	-1	-1	-1	-1	-1	-1	-1	-1	-1	-1	-1	-1	-1	-1	-1	-1	-1	-1	-1	-1	-1	-1	-1	-1	-1	-1	-1	-1	-1	-1	-1	-1	-1	-1	-1	-1	-1	-1	-1	-1	-1	-1	-1	-1	-1	-1	-1	-1	-1	-1	-1	-1	-1	-1	-1	FFFFFFCC	智慧宝石	4	2004	1	250	
50702003	5	7	2	3	Gem6_1_5	6	红晶石(7级)	红色的晶石，可以镶嵌在攻击性装备(武器、护腕、戒指、护符、项链、暗器、武魂、七情刃)上，使用后不可再镶嵌同类宝石。#r#G智慧宝石#W#r可在#G洛阳（179，182）#R宝石工匠彭怀玉#W或#G楼兰（279，198）#R宝石工匠克里木#W处使用#G7级宝石雕琢符#W提升宝石属性。#r#cff9900本宝石只能雕琢一次。#r#W使用三颗雕琢后的宝石，和一个#G宝石熔炼符#W，能够熔炼成一颗对应的同等级胜利宝石。	150000	1000	-1	-1	-1	-1	-1	-1	-1	-1	-1	40	-1	-1	-1	-1	-1	-1	-1	-1	-1	-1	-1	-1	-1	-1	-1	-1	-1	-1	-1	-1	-1	-1	-1	-1	-1	-1	-1	-1	-1	-1	-1	-1	-1	-1	-1	-1	-1	-1	-1	-1	-1	-1	-1	-1	-1	-1	-1	-1	-1	-1	-1	-1	-1	-1	FFFFFFCC	智慧宝石	5	2004	1	250	
50702004	5	7	2	4	Gem6_1_6	6	绿晶石(7级)	绿色的晶石，可以镶嵌在攻击性装备(武器、护腕、戒指、护符、项链、暗器、武魂、七情刃)上，使用后不可再镶嵌同类宝石。#r#G智慧宝石#W#r可在#G洛阳（179，182）#R宝石工匠彭怀玉#W或#G楼兰（279，198）#R宝石工匠克里木#W处使用#G7级宝石雕琢符#W提升宝石属性。#r#cff9900本宝石只能雕琢一次。#r#W使用三颗雕琢后的宝石，和一个#G宝石熔炼符#W，能够熔炼成一颗对应的同等级胜利宝石。	150000	1000	-1	-1	-1	-1	-1	-1	-1	-1	-1	-1	-1	-1	-1	-1	-1	40	-1	-1	-1	-1	-1	-1	-1	-1	-1	-1	-1	-1	-1	-1	-1	-1	-1	-1	-1	-1	-1	-1	-1	-1	-1	-1	-1	-1	-1	-1	-1	-1	-1	-1	-1	-1	-1	-1	-1	-1	-1	-1	-1	-1	-1	-1	-1	-1	FFFFFFCC	智慧宝石	6	2004	1	250	
50702005	5	7	2	5	Gem6_2_5	6	纯净黄晶石(7级)	纯净的黄晶石，可以镶嵌在攻击性装备(武器、护腕、戒指、护符、项链、暗器、武魂、七情刃)上，使用后不可再镶嵌同类宝石。#r#G智慧宝石#r#cff9900雕琢过的宝石不能再雕琢。#r#W使用三颗此种宝石，和一个#G宝石熔炼符#W，能够熔炼成一颗对应的同等级胜利宝石。#r在#G帮会城市#W做#G发展任务#W，#G市集任务#W，#G工程任务#W时，会有一定几率获得#G宝石熔炼符#W。	300000	2000	-1	-1	-1	-1	-1	-1	-1	-1	-1	-1	-1	-1	230	-1	-1	-1	-1	-1	-1	-1	-1	-1	-1	-1	-1	-1	-1	-1	-1	-1	-1	-1	-1	-1	-1	-1	-1	-1	-1	-1	-1	-1	-1	-1	-1	-1	-1	-1	-1	-1	-1	-1	-1	-1	-1	-1	-1	-1	-1	-1	-1	-1	-1	-1	FFFFFFCC	智慧宝石	14	2004	1	250	
50702006	5	7	2	6	Gem6_2_9	6	纯净蓝晶石(7级)	纯净的蓝晶石，可以镶嵌在攻击性装备(武器、护腕、戒指、护符、项链、暗器、武魂、七情刃)上，使用后不可再镶嵌同类宝石。#r#G智慧宝石#r#cff9900雕琢过的宝石不能再雕琢。#r#W使用三颗此种宝石，和一个#G宝石熔炼符#W，能够熔炼成一颗对应的同等级胜利宝石。#r在#G帮会城市#W做#G发展任务#W，#G市集任务#W，#G工程任务#W时，会有一定几率获得#G宝石熔炼符#W。	300000	2000	-1	-1	-1	-1	-1	-1	230	-1	-1	-1	-1	-1	-1	-1	-1	-1	-1	-1	-1	-1	-1	-1	-1	-1	-1	-1	-1	-1	-1	-1	-1	-1	-1	-1	-1	-1	-1	-1	-1	-1	-1	-1	-1	-1	-1	-1	-1	-1	-1	-1	-1	-1	-1	-1	-1	-1	-1	-1	-1	-1	-1	-1	-1	-1	FFFFFFCC	智慧宝石	15	2004	1	250	
50702007	5	7	2	7	Gem6_2_13	6	纯净红晶石(7级)	纯净的红晶石，可以镶嵌在攻击性装备(武器、护腕、戒指、护符、项链、暗器、武魂、七情刃)上，使用后不可再镶嵌同类宝石。#r#G智慧宝石#r#cff9900雕琢过的宝石不能再雕琢。#r#W使用三颗此种宝石，和一个#G宝石熔炼符#W，能够熔炼成一颗对应的同等级胜利宝石。#r在#G帮会城市#W做#G发展任务#W，#G市集任务#W，#G工程任务#W时，会有一定几率获得#G宝石熔炼符#W。	300000	2000	-1	-1	-1	-1	-1	-1	-1	-1	-1	230	-1	-1	-1	-1	-1	-1	-1	-1	-1	-1	-1	-1	-1	-1	-1	-1	-1	-1	-1	-1	-1	-1	-1	-1	-1	-1	-1	-1	-1	-1	-1	-1	-1	-1	-1	-1	-1	-1	-1	-1	-1	-1	-1	-1	-1	-1	-1	-1	-1	-1	-1	-1	-1	-1	FFFFFFCC	智慧宝石	16	2004	1	250	
50702008	5	7	2	8	Gem6_2_6	6	纯净绿晶石(7级)	纯净的绿晶石，可以镶嵌在攻击性装备(武器、护腕、戒指、护符、项链、暗器、武魂、七情刃)上，使用后不可再镶嵌同类宝石。#r#G智慧宝石#r#cff9900雕琢过的宝石不能再雕琢。#r#W使用三颗此种宝石，和一个#G宝石熔炼符#W，能够熔炼成一颗对应的同等级胜利宝石。#r在#G帮会城市#W做#G发展任务#W，#G市集任务#W，#G工程任务#W时，会有一定几率获得#G宝石熔炼符#W。	300000	2000	-1	-1	-1	-1	-1	-1	-1	-1	-1	-1	-1	-1	-1	-1	-1	230	-1	-1	-1	-1	-1	-1	-1	-1	-1	-1	-1	-1	-1	-1	-1	-1	-1	-1	-1	-1	-1	-1	-1	-1	-1	-1	-1	-1	-1	-1	-1	-1	-1	-1	-1	-1	-1	-1	-1	-1	-1	-1	-1	-1	-1	-1	-1	-1	FFFFFFCC	智慧宝石	17	2004	1	250	
50703001	5	7	3	1	Gem6_1_2	6	紫玉(7级)	紫色玉石，可以镶嵌在攻击性装备(武器、护腕、戒指、护符、项链、暗器、武魂、七情刃)上，使用后不可再镶嵌同类宝石。#r#G玄微宝石	100000	1000	-1	-1	-1	-1	-1	-1	-1	-1	-1	-1	-1	-1	-1	-1	-1	-1	-1	-1	-1	-1	-1	-1	-1	-1	-1	-1	-1	-1	-1	-1	-1	-1	-1	-1	-1	2889	-1	-1	-1	-1	-1	-1	-1	-1	-1	-1	-1	-1	-1	-1	-1	-1	-1	-1	-1	-1	-1	-1	-1	-1	-1	-1	-1	-1	FFFFFFCC	玄微宝石	7	2004	1	250	
50704002	5	7	4	2	Gem6_1_8	6	变石(7级)	在阳光下呈绿色，在烛光下呈红色，可变色的宝石，可以镶嵌在攻击性装备(武器、护腕、戒指、护符、项链、暗器、武魂、七情刃)上，使用后不可再镶嵌同类宝石。#r#G幻冥宝石	250000	1000	-1	-1	-1	-1	-1	-1	-1	-1	-1	-1	-1	-1	-1	-1	-1	-1	-1	-1	-1	-1	-1	-1	-1	-1	-1	-1	-1	-1	-1	-1	-1	-1	-1	-1	-1	-1	-1	18	-1	-1	-1	-1	-1	-1	-1	-1	-1	-1	-1	-1	-1	-1	-1	-1	-1	-1	-1	-1	-1	-1	-1	-1	-1	-1	FFFFFFCC	幻冥宝石	8	2004	1	250	
50711001	5	7	11	1	Gem6_1_9	6	石榴石(7级)	因其外形酷似成熟的石榴籽而得名的宝石，可以镶嵌在防御性装备(衣服、手套、帽子、护肩、鞋、腰带、项链、暗器、武魂、七情刃)上，使用后不可再镶嵌同类宝石。#r#G生命宝石	50000	1000	-1	-1	-1	-1	-1	-1	-1	-1	-1	-1	-1	-1	-1	-1	-1	-1	-1	-1	-1	-1	-1	-1	-1	-1	-1	-1	-1	-1	-1	2584	-1	-1	-1	-1	-1	-1	-1	-1	-1	-1	-1	-1	-1	-1	-1	-1	-1	-1	-1	-1	-1	-1	-1	-1	-1	-1	-1	-1	-1	-1	-1	-1	-1	-1	FFFFFF66	生命宝石	7	2004	1	250	
50711002	5	7	11	2	Gem6_1_12	6	尖晶石(7级)	颜色繁多且艳丽的宝石，可以镶嵌在防御性装备(衣服、手套、帽子、护肩、鞋、腰带、项链、暗器、武魂、七情刃)上，使用后不可再镶嵌同类宝石。#r#G生命宝石	50000	1000	-1	-1	-1	-1	-1	-1	-1	-1	-1	-1	-1	-1	-1	-1	-1	-1	-1	-1	-1	-1	-1	-1	2584	-1	-1	-1	-1	-1	-1	-1	-1	-1	-1	-1	-1	-1	-1	-1	-1	-1	-1	-1	-1	-1	-1	-1	-1	-1	-1	-1	-1	-1	-1	-1	-1	-1	-1	-1	-1	-1	-1	-1	-1	-1	FFFFFF66	生命宝石	11	2004	1	250	
50712001	5	7	12	1	Gem6_1_11	6	黄玉(7级)	黄色的玉石，可以镶嵌在防御性装备(衣服、手套、帽子、护肩、鞋、腰带、项链、暗器、武魂、七情刃)上，使用后不可再镶嵌同类宝石。#r#G魅力宝石#W#r可在#G洛阳（179，182）#R宝石工匠彭怀玉#W或#G楼兰（279，198）#R宝石工匠克里木#W处使用#G7级宝石雕琢符#W提升宝石属性。#r#cff9900本宝石只能雕琢一次。	150000	1000	-1	-1	-1	-1	-1	-1	-1	-1	-1	-1	-1	-1	-1	16	-1	-1	-1	-1	-1	-1	-1	-1	-1	-1	-1	-1	-1	-1	-1	-1	-1	-1	-1	-1	-1	-1	-1	-1	-1	-1	-1	-1	-1	-1	-1	-1	-1	-1	-1	-1	-1	-1	-1	-1	-1	-1	-1	-1	-1	-1	-1	-1	-1	-1	FFFFFF66	魅力宝石	12	2004	1	250	
50712002	5	7	12	2	Gem6_1_10	6	皓石(7级)	闪闪发亮的宝石，可以镶嵌在防御性装备(衣服、手套、帽子、护肩、鞋、腰带、项链、暗器、武魂、七情刃)上，使用后不可再镶嵌同类宝石。#r#G魅力宝石#W#r可在#G洛阳（179，182）#R宝石工匠彭怀玉#W或#G楼兰（279，198）#R宝石工匠克里木#W处使用#G7级宝石雕琢符#W提升宝石属性。#r#cff9900本宝石只能雕琢一次。	150000	1000	-1	-1	-1	-1	-1	-1	-1	16	-1	-1	-1	-1	-1	-1	-1	-1	-1	-1	-1	-1	-1	-1	-1	-1	-1	-1	-1	-1	-1	-1	-1	-1	-1	-1	-1	-1	-1	-1	-1	-1	-1	-1	-1	-1	-1	-1	-1	-1	-1	-1	-1	-1	-1	-1	-1	-1	-1	-1	-1	-1	-1	-1	-1	-1	FFFFFF66	魅力宝石	2	2004	1	250	
50712003	5	7	12	3	Gem6_1_13	6	月光石(7级)	具淡蓝色的晕彩，如同朦胧的月光的宝石，可以镶嵌在防御性装备(衣服、手套、帽子、护肩、鞋、腰带、项链、暗器、武魂、七情刃)上，使用后不可再镶嵌同类宝石。#r#G魅力宝石#W#r可在#G洛阳（179，182）#R宝石工匠彭怀玉#W或#G楼兰（279，198）#R宝石工匠克里木#W处使用#G7级宝石雕琢符#W提升宝石属性。#r#cff9900本宝石只能雕琢一次。	150000	1000	-1	-1	-1	-1	-1	-1	-1	-1	-1	-1	16	-1	-1	-1	-1	-1	-1	-1	-1	-1	-1	-1	-1	-1	-1	-1	-1	-1	-1	-1	-1	-1	-1	-1	-1	-1	-1	-1	-1	-1	-1	-1	-1	-1	-1	-1	-1	-1	-1	-1	-1	-1	-1	-1	-1	-1	-1	-1	-1	-1	-1	-1	-1	-1	FFFFFF66	魅力宝石	4	2004	1	250	
50712004	5	7	12	4	Gem6_2_1	6	碧玺(7级)	颜色繁多且艳丽的宝石，可以镶嵌在防御性装备(衣服、手套、帽子、护肩、鞋、腰带、项链、暗器、武魂、七情刃)上，使用后不可再镶嵌同类宝石。#r#G魅力宝石#W#r可在#G洛阳（179，182）#R宝石工匠彭怀玉#W或#G楼兰（279，198）#R宝石工匠克里木#W处使用#G7级宝石雕琢符#W提升宝石属性。#r#cff9900本宝石只能雕琢一次。	150000	1000	-1	-1	-1	-1	-1	-1	-1	-1	-1	-1	-1	-1	-1	-1	-1	-1	16	-1	-1	-1	-1	-1	-1	-1	-1	-1	-1	-1	-1	-1	-1	-1	-1	-1	-1	-1	-1	-1	-1	-1	-1	-1	-1	-1	-1	-1	-1	-1	-1	-1	-1	-1	-1	-1	-1	-1	-1	-1	-1	-1	-1	-1	-1	-1	FFFFFF66	魅力宝石	3	2004	1	250	
50712005	5	7	12	5	Gem6_2_10	6	纯净黄玉(7级)	纯净的黄玉，可以镶嵌在防御性装备(衣服、手套、帽子、护肩、鞋、腰带、项链、暗器、武魂、七情刃)上，使用后不可再镶嵌同类宝石。#r#G魅力宝石#r#cff9900雕琢过的宝石不能再雕琢。	300000	2000	-1	-1	-1	-1	-1	-1	-1	-1	-1	-1	-1	-1	-1	90	-1	-1	-1	-1	-1	-1	-1	-1	-1	-1	-1	-1	-1	-1	-1	-1	-1	-1	-1	-1	-1	-1	-1	-1	-1	-1	-1	-1	-1	-1	-1	-1	-1	-1	-1	-1	-1	-1	-1	-1	-1	-1	-1	-1	-1	-1	-1	-1	-1	-1	FFFFFFCC	魅力宝石	16	2004	1	250	
50712006	5	7	12	6	Gem6_2_14	6	纯净皓石(7级)	纯净的皓石，可以镶嵌在防御性装备(衣服、手套、帽子、护肩、鞋、腰带、项链、暗器、武魂、七情刃)上，使用后不可再镶嵌同类宝石。#r#G魅力宝石#r#cff9900雕琢过的宝石不能再雕琢。	300000	2000	-1	-1	-1	-1	-1	-1	-1	90	-1	-1	-1	-1	-1	-1	-1	-1	-1	-1	-1	-1	-1	-1	-1	-1	-1	-1	-1	-1	-1	-1	-1	-1	-1	-1	-1	-1	-1	-1	-1	-1	-1	-1	-1	-1	-1	-1	-1	-1	-1	-1	-1	-1	-1	-1	-1	-1	-1	-1	-1	-1	-1	-1	-1	-1	FFFFFFCC	魅力宝石	17	2004	1	250	
50712007	5	7	12	7	Gem6_2_11	6	纯净月光石(7级)	纯净的月光石，可以镶嵌在防御性装备(衣服、手套、帽子、护肩、鞋、腰带、项链、暗器、武魂、七情刃)上，使用后不可再镶嵌同类宝石。#r#G魅力宝石#r#cff9900雕琢过的宝石不能再雕琢。	300000	2000	-1	-1	-1	-1	-1	-1	-1	-1	-1	-1	90	-1	-1	-1	-1	-1	-1	-1	-1	-1	-1	-1	-1	-1	-1	-1	-1	-1	-1	-1	-1	-1	-1	-1	-1	-1	-1	-1	-1	-1	-1	-1	-1	-1	-1	-1	-1	-1	-1	-1	-1	-1	-1	-1	-1	-1	-1	-1	-1	-1	-1	-1	-1	-1	FFFFFFCC	魅力宝石	15	2004	1	250	
50712008	5	7	12	8	Gem6_2_15	6	纯净碧玺(7级)	纯净的碧玺，可以镶嵌在防御性装备(衣服、手套、帽子、护肩、鞋、腰带、项链、暗器、武魂、七情刃)上，使用后不可再镶嵌同类宝石。#r#G魅力宝石#r#cff9900雕琢过的宝石不能再雕琢。	300000	2000	-1	-1	-1	-1	-1	-1	-1	-1	-1	-1	-1	-1	-1	-1	-1	-1	90	-1	-1	-1	-1	-1	-1	-1	-1	-1	-1	-1	-1	-1	-1	-1	-1	-1	-1	-1	-1	-1	-1	-1	-1	-1	-1	-1	-1	-1	-1	-1	-1	-1	-1	-1	-1	-1	-1	-1	-1	-1	-1	-1	-1	-1	-1	-1	FFFFFFCC	魅力宝石	14	2004	1	250	
50713001	5	7	13	1	Gem6_1_15	6	黄宝石(7级)	黄色的宝石，可以镶嵌在防御性装备(衣服、手套、帽子、护肩、鞋、腰带、项链、暗器、武魂、七情刃)上，使用后不可再镶嵌同类宝石。#r#G命运宝石	75000	1000	-1	-1	-1	-1	-1	-1	-1	-1	-1	-1	-1	-1	-1	-1	-1	-1	-1	-1	-1	-1	-1	-1	-1	-1	-1	-1	-1	-1	-1	-1	-1	-1	-1	-1	-1	-1	-1	-1	-1	-1	-1	-1	270	-1	-1	-1	-1	-1	-1	-1	-1	-1	-1	-1	-1	-1	-1	-1	-1	-1	-1	-1	-1	-1	FFFFFF66	命运宝石	5	2004	1	250	
50713002	5	7	13	2	Gem6_1_16	6	蓝宝石(7级)	蓝色的宝石，可以镶嵌在防御性装备(衣服、手套、帽子、护肩、鞋、腰带、项链、暗器、武魂、七情刃)上，使用后不可再镶嵌同类宝石。#r#G命运宝石	75000	1000	-1	-1	-1	-1	-1	-1	-1	-1	-1	-1	-1	-1	-1	-1	-1	-1	-1	-1	-1	-1	-1	-1	-1	-1	-1	-1	-1	-1	-1	-1	-1	-1	-1	-1	-1	-1	-1	-1	-1	-1	-1	-1	-1	270	-1	-1	-1	-1	-1	-1	-1	-1	-1	-1	-1	-1	-1	-1	-1	-1	-1	-1	-1	-1	FFFFFF66	命运宝石	6	2004	1	250	
50713003	5	7	13	3	Gem6_1_7	6	绿宝石(7级)	绿色的宝石，可以镶嵌在防御性装备(衣服、手套、帽子、护肩、鞋、腰带、项链、暗器、武魂、七情刃)上，使用后不可再镶嵌同类宝石。#r#G命运宝石	75000	1000	-1	-1	-1	-1	-1	-1	-1	-1	-1	-1	-1	-1	-1	-1	-1	-1	-1	-1	-1	-1	-1	-1	-1	-1	-1	-1	-1	-1	-1	-1	-1	-1	-1	-1	-1	-1	-1	-1	-1	-1	-1	-1	-1	-1	-1	-1	145	-1	-1	-1	-1	-1	-1	-1	-1	-1	-1	-1	-1	-1	-1	-1	-1	-1	FFFFFF66	命运宝石	9	2004	1	250	
50713004	5	7	13	4	Gem6_2_2	6	红宝石(7级)	红色的宝石，可以镶嵌在防御性装备(衣服、手套、帽子、护肩、鞋、腰带、项链、暗器、武魂、七情刃)上，使用后不可再镶嵌同类宝石。#r#G命运宝石	75000	1000	-1	-1	-1	-1	-1	-1	-1	-1	-1	-1	-1	-1	-1	-1	-1	-1	-1	-1	-1	-1	-1	-1	-1	-1	-1	-1	-1	-1	-1	-1	-1	-1	-1	-1	-1	-1	-1	-1	-1	-1	-1	-1	-1	-1	267	-1	-1	-1	-1	-1	-1	-1	-1	-1	-1	-1	-1	-1	-1	-1	-1	-1	-1	-1	FFFFFF66	命运宝石	10	2004	1	250	
50713005	5	7	13	5	Gem6_2_3	6	黑宝石(7级)	黑色的宝石，可以镶嵌在防御性装备(衣服、手套、帽子、护肩、鞋、腰带、项链、暗器、武魂、七情刃)上，使用后不可再镶嵌同类宝石。#r#G命运宝石	75000	1000	-1	-1	-1	-1	-1	-1	-1	-1	-1	-1	-1	-1	-1	-1	-1	-1	-1	-1	-1	-1	-1	-1	-1	-1	-1	-1	-1	-1	-1	-1	-1	-1	-1	-1	-1	-1	-1	-1	-1	-1	-1	-1	-1	-1	-1	267	-1	-1	-1	-1	-1	-1	-1	-1	-1	-1	-1	-1	-1	-1	-1	-1	-1	-1	FFFFFF66	命运宝石	1	2004	1	250	
50713006	5	7	13	6	Gem6_2_7	6	血精石(7级)	布满血丝红精的宝石，可以镶嵌在防御性装备(衣服、手套、帽子、护肩、鞋、腰带、项链、暗器、武魂、七情刃)上，使用后不可再镶嵌同类宝石。#r#G命运宝石	75000	1000	14706	-1	-1	-1	-1	-1	-1	-1	-1	-1	-1	-1	-1	-1	-1	-1	-1	-1	-1	-1	-1	-1	-1	-1	-1	-1	-1	-1	-1	-1	-1	-1	-1	-1	-1	-1	-1	-1	-1	-1	-1	-1	-1	-1	-1	-1	-1	-1	-1	-1	-1	-1	-1	-1	-1	-1	-1	-1	-1	-1	-1	-1	-1	-1	FFFFFF66	命运宝石	13	2004	1	250	
50714001	5	7	14	1	Gem6_1_14	6	祖母绿(7级)	翠绿如滴，顶级翡翠，可以镶嵌在防御性装备(衣服、手套、帽子、护肩、鞋、腰带、项链、暗器、武魂、七情刃)上，使用后不可再镶嵌同类宝石。#r#G天机宝石	100000	1000	-1	-1	-1	-1	-1	-1	-1	-1	-1	-1	-1	-1	-1	-1	-1	-1	-1	-1	-1	-1	-1	-1	-1	-1	-1	-1	-1	-1	-1	-1	-1	-1	-1	-1	-1	-1	963	-1	-1	-1	-1	-1	-1	-1	-1	-1	-1	-1	-1	-1	-1	-1	-1	-1	-1	-1	-1	-1	-1	-1	-1	-1	-1	-1	FFFFFF66	天机宝石	8	2004	1	250	
50721001	5	7	21	1	Gemjiankang_3	6	黄冥石(7级)	黄色的冥石，可以镶嵌在攻击性装备(武器、护腕、戒指、护符、项链、暗器、武魂、七情刃)上，使用后不可再镶嵌同类宝石。#r#G无法将目标的抗性降低至负值#r#G胜利宝石	300000	2000	-1	-1	-1	-1	-1	-1	-1	-1	-1	-1	-1	-1	-1	-1	-1	-1	-1	-1	-1	-1	-1	-1	-1	-1	-1	-1	-1	-1	-1	-1	-1	-1	-1	-1	-1	-1	-1	-1	-1	-1	-1	-1	-1	-1	-1	-1	-1	-1	-1	-1	-1	-1	-1	-1	-1	-1	90	-1	-1	-1	-1	-1	-1	-1	FFFFFFCC	胜利宝石	31	2004	1	250	
50721002	5	7	21	2	Gemjiankang_15	6	蓝冥石(7级)	蓝色的冥石，可以镶嵌在攻击性装备(武器、护腕、戒指、护符、项链、暗器、武魂、七情刃)上，使用后不可再镶嵌同类宝石。#r#G无法将目标的抗性降低至负值#r#G胜利宝石	300000	2000	-1	-1	-1	-1	-1	-1	-1	-1	-1	-1	-1	-1	-1	-1	-1	-1	-1	-1	-1	-1	-1	-1	-1	-1	-1	-1	-1	-1	-1	-1	-1	-1	-1	-1	-1	-1	-1	-1	-1	-1	-1	-1	-1	-1	-1	-1	-1	-1	-1	-1	-1	-1	-1	-1	90	-1	-1	-1	-1	-1	-1	-1	-1	-1	FFFFFFCC	胜利宝石	32	2004	1	250	
50721003	5	7	21	3	Gemjiankang_11	6	红冥石(7级)	红色的冥石，可以镶嵌在攻击性装备(武器、护腕、戒指、护符、项链、暗器、武魂、七情刃)上，使用后不可再镶嵌同类宝石。#r#G无法将目标的抗性降低至负值#r#G胜利宝石	300000	2000	-1	-1	-1	-1	-1	-1	-1	-1	-1	-1	-1	-1	-1	-1	-1	-1	-1	-1	-1	-1	-1	-1	-1	-1	-1	-1	-1	-1	-1	-1	-1	-1	-1	-1	-1	-1	-1	-1	-1	-1	-1	-1	-1	-1	-1	-1	-1	-1	-1	-1	-1	-1	-1	-1	-1	90	-1	-1	-1	-1	-1	-1	-1	-1	FFFFFFCC	胜利宝石	33	2004	1	250	
50721004	5	7	21	4	Gemjiankang_7	6	绿冥石(7级)	绿色的冥石，可以镶嵌在攻击性装备(武器、护腕、戒指、护符、项链、暗器、武魂、七情刃)上，使用后不可再镶嵌同类宝石。#r#G无法将目标的抗性降低至负值#r#G胜利宝石	300000	2000	-1	-1	-1	-1	-1	-1	-1	-1	-1	-1	-1	-1	-1	-1	-1	-1	-1	-1	-1	-1	-1	-1	-1	-1	-1	-1	-1	-1	-1	-1	-1	-1	-1	-1	-1	-1	-1	-1	-1	-1	-1	-1	-1	-1	-1	-1	-1	-1	-1	-1	-1	-1	-1	-1	-1	-1	-1	90	-1	-1	-1	-1	-1	-1	FFFFFFCC	胜利宝石	34	2004	1	250	
50801001	5	8	1	1	Gem6_2_4	6	猫眼石(8级)	象猫眼一样的宝石，可以镶嵌在攻击性装备(武器、护腕、戒指、护符、项链、暗器、武魂、七情刃)上，使用后不可再镶嵌同类宝石。#r#G希望宝石	50000	1000	-1	-1	-1	-1	-1	-1	-1	-1	-1	-1	-1	-1	-1	-1	-1	-1	-1	-1	-1	-1	-1	-1	-1	-1	-1	-1	3198	-1	-1	-1	-1	-1	-1	-1	-1	-1	-1	-1	-1	-1	-1	-1	-1	-1	-1	-1	-1	-1	-1	-1	-1	-1	-1	-1	-1	-1	-1	-1	-1	-1	-1	-1	-1	-1	FFFFFFE5	希望宝石	1	2004	1	250	
50801002	5	8	1	2	Gem6_1_1	6	虎眼石(8级)	象虎眼一样的宝石，可以镶嵌在攻击性装备(武器、护腕、戒指、护符、项链、暗器、武魂、七情刃)上，使用后不可再镶嵌同类宝石。#r#G希望宝石	50000	1000	-1	-1	-1	-1	-1	-1	-1	-1	-1	-1	-1	-1	-1	-1	-1	-1	-1	-1	-1	3198	-1	-1	-1	-1	-1	-1	-1	-1	-1	-1	-1	-1	-1	-1	-1	-1	-1	-1	-1	-1	-1	-1	-1	-1	-1	-1	-1	-1	-1	-1	-1	-1	-1	-1	-1	-1	-1	-1	-1	-1	-1	-1	-1	-1	FFFFFFE5	希望宝石	2	2004	1	250	
50802001	5	8	2	1	Gem6_1_3	6	黄晶石(8级)	黄色的晶石，可以镶嵌在攻击性装备(武器、护腕、戒指、护符、项链、暗器、武魂、七情刃)上，使用后不可再镶嵌同类宝石。#r#G智慧宝石#W#r可在#G洛阳（179，182）#R宝石工匠彭怀玉#W或#G楼兰（279，198）#R宝石工匠克里木#W处使用#G8级宝石雕琢符#W提升宝石属性。#r#cff9900本宝石只能雕琢一次。#r#W使用三颗雕琢后的宝石，和一个#G宝石熔炼符#W，能够熔炼成一颗对应的同等级胜利宝石。	150000	1000	-1	-1	-1	-1	-1	-1	-1	-1	-1	-1	-1	-1	45	-1	-1	-1	-1	-1	-1	-1	-1	-1	-1	-1	-1	-1	-1	-1	-1	-1	-1	-1	-1	-1	-1	-1	-1	-1	-1	-1	-1	-1	-1	-1	-1	-1	-1	-1	-1	-1	-1	-1	-1	-1	-1	-1	-1	-1	-1	-1	-1	-1	-1	-1	FFFFFFE5	智慧宝石	3	2004	1	250	
50802002	5	8	2	2	Gem6_1_4	6	蓝晶石(8级)	蓝色的晶石，可以镶嵌在攻击性装备(武器、护腕、戒指、护符、项链、暗器、武魂、七情刃)上，使用后不可再镶嵌同类宝石。#r#G智慧宝石#W#r可在#G洛阳（179，182）#R宝石工匠彭怀玉#W或#G楼兰（279，198）#R宝石工匠克里木#W处使用#G8级宝石雕琢符#W提升宝石属性。#r#cff9900本宝石只能雕琢一次。#r#W使用三颗雕琢后的宝石，和一个#G宝石熔炼符#W，能够熔炼成一颗对应的同等级胜利宝石。	150000	1000	-1	-1	-1	-1	-1	-1	45	-1	-1	-1	-1	-1	-1	-1	-1	-1	-1	-1	-1	-1	-1	-1	-1	-1	-1	-1	-1	-1	-1	-1	-1	-1	-1	-1	-1	-1	-1	-1	-1	-1	-1	-1	-1	-1	-1	-1	-1	-1	-1	-1	-1	-1	-1	-1	-1	-1	-1	-1	-1	-1	-1	-1	-1	-1	FFFFFFE5	智慧宝石	4	2004	1	250	
50802003	5	8	2	3	Gem6_1_5	6	红晶石(8级)	红色的晶石，可以镶嵌在攻击性装备(武器、护腕、戒指、护符、项链、暗器、武魂、七情刃)上，使用后不可再镶嵌同类宝石。#r#G智慧宝石#W#r可在#G洛阳（179，182）#R宝石工匠彭怀玉#W或#G楼兰（279，198）#R宝石工匠克里木#W处使用#G8级宝石雕琢符#W提升宝石属性。#r#cff9900本宝石只能雕琢一次。#r#W使用三颗雕琢后的宝石，和一个#G宝石熔炼符#W，能够熔炼成一颗对应的同等级胜利宝石。	150000	1000	-1	-1	-1	-1	-1	-1	-1	-1	-1	45	-1	-1	-1	-1	-1	-1	-1	-1	-1	-1	-1	-1	-1	-1	-1	-1	-1	-1	-1	-1	-1	-1	-1	-1	-1	-1	-1	-1	-1	-1	-1	-1	-1	-1	-1	-1	-1	-1	-1	-1	-1	-1	-1	-1	-1	-1	-1	-1	-1	-1	-1	-1	-1	-1	FFFFFFE5	智慧宝石	5	2004	1	250	
50802004	5	8	2	4	Gem6_1_6	6	绿晶石(8级)	绿色的晶石，可以镶嵌在攻击性装备(武器、护腕、戒指、护符、项链、暗器、武魂、七情刃)上，使用后不可再镶嵌同类宝石。#r#G智慧宝石#W#r可在#G洛阳（179，182）#R宝石工匠彭怀玉#W或#G楼兰（279，198）#R宝石工匠克里木#W处使用#G8级宝石雕琢符#W提升宝石属性。#r#cff9900本宝石只能雕琢一次。#r#W使用三颗雕琢后的宝石，和一个#G宝石熔炼符#W，能够熔炼成一颗对应的同等级胜利宝石。	150000	1000	-1	-1	-1	-1	-1	-1	-1	-1	-1	-1	-1	-1	-1	-1	-1	45	-1	-1	-1	-1	-1	-1	-1	-1	-1	-1	-1	-1	-1	-1	-1	-1	-1	-1	-1	-1	-1	-1	-1	-1	-1	-1	-1	-1	-1	-1	-1	-1	-1	-1	-1	-1	-1	-1	-1	-1	-1	-1	-1	-1	-1	-1	-1	-1	FFFFFFE5	智慧宝石	6	2004	1	250	
50802005	5	8	2	5	Gem6_2_5	6	纯净黄晶石(8级)	纯净的黄晶石，可以镶嵌在攻击性装备(武器、护腕、戒指、护符、项链、暗器、武魂、七情刃)上，使用后不可再镶嵌同类宝石。#r#G智慧宝石#r#cff9900雕琢过的宝石不能再雕琢。#r#W使用三颗此种宝石，和一个#G宝石熔炼符#W，能够熔炼成一颗对应的同等级胜利宝石。#r在#G帮会城市#W做#G发展任务#W，#G市集任务#W，#G工程任务#W时，会有一定几率获得#G宝石熔炼符#W。	300000	2000	-1	-1	-1	-1	-1	-1	-1	-1	-1	-1	-1	-1	290	-1	-1	-1	-1	-1	-1	-1	-1	-1	-1	-1	-1	-1	-1	-1	-1	-1	-1	-1	-1	-1	-1	-1	-1	-1	-1	-1	-1	-1	-1	-1	-1	-1	-1	-1	-1	-1	-1	-1	-1	-1	-1	-1	-1	-1	-1	-1	-1	-1	-1	-1	FFFFFFE5	智慧宝石	14	2004	1	250	
50802006	5	8	2	6	Gem6_2_9	6	纯净蓝晶石(8级)	纯净的蓝晶石，可以镶嵌在攻击性装备(武器、护腕、戒指、护符、项链、暗器、武魂、七情刃)上，使用后不可再镶嵌同类宝石。#r#G智慧宝石#r#cff9900雕琢过的宝石不能再雕琢。#r#W使用三颗此种宝石，和一个#G宝石熔炼符#W，能够熔炼成一颗对应的同等级胜利宝石。#r在#G帮会城市#W做#G发展任务#W，#G市集任务#W，#G工程任务#W时，会有一定几率获得#G宝石熔炼符#W。	300000	2000	-1	-1	-1	-1	-1	-1	290	-1	-1	-1	-1	-1	-1	-1	-1	-1	-1	-1	-1	-1	-1	-1	-1	-1	-1	-1	-1	-1	-1	-1	-1	-1	-1	-1	-1	-1	-1	-1	-1	-1	-1	-1	-1	-1	-1	-1	-1	-1	-1	-1	-1	-1	-1	-1	-1	-1	-1	-1	-1	-1	-1	-1	-1	-1	FFFFFFE5	智慧宝石	15	2004	1	250	
50802007	5	8	2	7	Gem6_2_13	6	纯净红晶石(8级)	纯净的红晶石，可以镶嵌在攻击性装备(武器、护腕、戒指、护符、项链、暗器、武魂、七情刃)上，使用后不可再镶嵌同类宝石。#r#G智慧宝石#r#cff9900雕琢过的宝石不能再雕琢。#r#W使用三颗此种宝石，和一个#G宝石熔炼符#W，能够熔炼成一颗对应的同等级胜利宝石。#r在#G帮会城市#W做#G发展任务#W，#G市集任务#W，#G工程任务#W时，会有一定几率获得#G宝石熔炼符#W。	300000	2000	-1	-1	-1	-1	-1	-1	-1	-1	-1	290	-1	-1	-1	-1	-1	-1	-1	-1	-1	-1	-1	-1	-1	-1	-1	-1	-1	-1	-1	-1	-1	-1	-1	-1	-1	-1	-1	-1	-1	-1	-1	-1	-1	-1	-1	-1	-1	-1	-1	-1	-1	-1	-1	-1	-1	-1	-1	-1	-1	-1	-1	-1	-1	-1	FFFFFFE5	智慧宝石	16	2004	1	250	
50802008	5	8	2	8	Gem6_2_6	6	纯净绿晶石(8级)	纯净的绿晶石，可以镶嵌在攻击性装备(武器、护腕、戒指、护符、项链、暗器、武魂、七情刃)上，使用后不可再镶嵌同类宝石。#r#G智慧宝石#r#cff9900雕琢过的宝石不能再雕琢。#r#W使用三颗此种宝石，和一个#G宝石熔炼符#W，能够熔炼成一颗对应的同等级胜利宝石。#r在#G帮会城市#W做#G发展任务#W，#G市集任务#W，#G工程任务#W时，会有一定几率获得#G宝石熔炼符#W。	300000	2000	-1	-1	-1	-1	-1	-1	-1	-1	-1	-1	-1	-1	-1	-1	-1	290	-1	-1	-1	-1	-1	-1	-1	-1	-1	-1	-1	-1	-1	-1	-1	-1	-1	-1	-1	-1	-1	-1	-1	-1	-1	-1	-1	-1	-1	-1	-1	-1	-1	-1	-1	-1	-1	-1	-1	-1	-1	-1	-1	-1	-1	-1	-1	-1	FFFFFFE5	智慧宝石	17	2004	1	250	
50803001	5	8	3	1	Gem6_1_2	6	紫玉(8级)	紫色玉石，可以镶嵌在攻击性装备(武器、护腕、戒指、护符、项链、暗器、武魂、七情刃)上，使用后不可再镶嵌同类宝石。#r#G玄微宝石	100000	1000	-1	-1	-1	-1	-1	-1	-1	-1	-1	-1	-1	-1	-1	-1	-1	-1	-1	-1	-1	-1	-1	-1	-1	-1	-1	-1	-1	-1	-1	-1	-1	-1	-1	-1	-1	3559	-1	-1	-1	-1	-1	-1	-1	-1	-1	-1	-1	-1	-1	-1	-1	-1	-1	-1	-1	-1	-1	-1	-1	-1	-1	-1	-1	-1	FFFFFFE5	玄微宝石	7	2004	1	250	
50804002	5	8	4	2	Gem6_1_8	6	变石(8级)	在阳光下呈绿色，在烛光下呈红色，可变色的宝石，可以镶嵌在攻击性装备(武器、护腕、戒指、护符、项链、暗器、武魂、七情刃)上，使用后不可再镶嵌同类宝石。#r#G幻冥宝石	250000	1000	-1	-1	-1	-1	-1	-1	-1	-1	-1	-1	-1	-1	-1	-1	-1	-1	-1	-1	-1	-1	-1	-1	-1	-1	-1	-1	-1	-1	-1	-1	-1	-1	-1	-1	-1	-1	-1	25	-1	-1	-1	-1	-1	-1	-1	-1	-1	-1	-1	-1	-1	-1	-1	-1	-1	-1	-1	-1	-1	-1	-1	-1	-1	-1	FFFFFFE5	幻冥宝石	8	2004	1	250	
50811001	5	8	11	1	Gem6_1_9	6	石榴石(8级)	因其外形酷似成熟的石榴籽而得名的宝石，可以镶嵌在防御性装备(衣服、手套、帽子、护肩、鞋、腰带、项链、暗器、武魂、七情刃)上，使用后不可再镶嵌同类宝石。#r#G生命宝石	50000	1000	-1	-1	-1	-1	-1	-1	-1	-1	-1	-1	-1	-1	-1	-1	-1	-1	-1	-1	-1	-1	-1	-1	-1	-1	-1	-1	-1	-1	-1	3183	-1	-1	-1	-1	-1	-1	-1	-1	-1	-1	-1	-1	-1	-1	-1	-1	-1	-1	-1	-1	-1	-1	-1	-1	-1	-1	-1	-1	-1	-1	-1	-1	-1	-1	FFFFFF66	生命宝石	7	2004	1	250	
50811002	5	8	11	2	Gem6_1_12	6	尖晶石(8级)	颜色繁多且艳丽的宝石，可以镶嵌在防御性装备(衣服、手套、帽子、护肩、鞋、腰带、项链、暗器、武魂、七情刃)上，使用后不可再镶嵌同类宝石。#r#G生命宝石	50000	1000	-1	-1	-1	-1	-1	-1	-1	-1	-1	-1	-1	-1	-1	-1	-1	-1	-1	-1	-1	-1	-1	-1	3183	-1	-1	-1	-1	-1	-1	-1	-1	-1	-1	-1	-1	-1	-1	-1	-1	-1	-1	-1	-1	-1	-1	-1	-1	-1	-1	-1	-1	-1	-1	-1	-1	-1	-1	-1	-1	-1	-1	-1	-1	-1	FFFFFF66	生命宝石	11	2004	1	250	
50812001	5	8	12	1	Gem6_1_11	6	黄玉(8级)	黄色的玉石，可以镶嵌在防御性装备(衣服、手套、帽子、护肩、鞋、腰带、项链、暗器、武魂、七情刃)上，使用后不可再镶嵌同类宝石。#r#G魅力宝石#W#r可在#G洛阳（179，182）#R宝石工匠彭怀玉#W或#G楼兰（279，198）#R宝石工匠克里木#W处使用#G8级宝石雕琢符#W提升宝石属性。#r#cff9900本宝石只能雕琢一次。	150000	1000	-1	-1	-1	-1	-1	-1	-1	-1	-1	-1	-1	-1	-1	18	-1	-1	-1	-1	-1	-1	-1	-1	-1	-1	-1	-1	-1	-1	-1	-1	-1	-1	-1	-1	-1	-1	-1	-1	-1	-1	-1	-1	-1	-1	-1	-1	-1	-1	-1	-1	-1	-1	-1	-1	-1	-1	-1	-1	-1	-1	-1	-1	-1	-1	FFFFFF66	魅力宝石	12	2004	1	250	
50812002	5	8	12	2	Gem6_1_10	6	皓石(8级)	闪闪发亮的宝石，可以镶嵌在防御性装备(衣服、手套、帽子、护肩、鞋、腰带、项链、暗器、武魂、七情刃)上，使用后不可再镶嵌同类宝石。#r#G魅力宝石#W#r可在#G洛阳（179，182）#R宝石工匠彭怀玉#W或#G楼兰（279，198）#R宝石工匠克里木#W处使用#G8级宝石雕琢符#W提升宝石属性。#r#cff9900本宝石只能雕琢一次。	150000	1000	-1	-1	-1	-1	-1	-1	-1	18	-1	-1	-1	-1	-1	-1	-1	-1	-1	-1	-1	-1	-1	-1	-1	-1	-1	-1	-1	-1	-1	-1	-1	-1	-1	-1	-1	-1	-1	-1	-1	-1	-1	-1	-1	-1	-1	-1	-1	-1	-1	-1	-1	-1	-1	-1	-1	-1	-1	-1	-1	-1	-1	-1	-1	-1	FFFFFF66	魅力宝石	2	2004	1	250	
50812003	5	8	12	3	Gem6_1_13	6	月光石(8级)	具淡蓝色的晕彩，如同朦胧的月光的宝石，可以镶嵌在防御性装备(衣服、手套、帽子、护肩、鞋、腰带、项链、暗器、武魂、七情刃)上，使用后不可再镶嵌同类宝石。#r#G魅力宝石#W#r可在#G洛阳（179，182）#R宝石工匠彭怀玉#W或#G楼兰（279，198）#R宝石工匠克里木#W处使用#G8级宝石雕琢符#W提升宝石属性。#r#cff9900本宝石只能雕琢一次。	150000	1000	-1	-1	-1	-1	-1	-1	-1	-1	-1	-1	18	-1	-1	-1	-1	-1	-1	-1	-1	-1	-1	-1	-1	-1	-1	-1	-1	-1	-1	-1	-1	-1	-1	-1	-1	-1	-1	-1	-1	-1	-1	-1	-1	-1	-1	-1	-1	-1	-1	-1	-1	-1	-1	-1	-1	-1	-1	-1	-1	-1	-1	-1	-1	-1	FFFFFF66	魅力宝石	4	2004	1	250	
50812004	5	8	12	4	Gem6_2_1	6	碧玺(8级)	颜色繁多且艳丽的宝石，可以镶嵌在防御性装备(衣服、手套、帽子、护肩、鞋、腰带、项链、暗器、武魂、七情刃)上，使用后不可再镶嵌同类宝石。#r#G魅力宝石#W#r可在#G洛阳（179，182）#R宝石工匠彭怀玉#W或#G楼兰（279，198）#R宝石工匠克里木#W处使用#G8级宝石雕琢符#W提升宝石属性。#r#cff9900本宝石只能雕琢一次。	150000	1000	-1	-1	-1	-1	-1	-1	-1	-1	-1	-1	-1	-1	-1	-1	-1	-1	18	-1	-1	-1	-1	-1	-1	-1	-1	-1	-1	-1	-1	-1	-1	-1	-1	-1	-1	-1	-1	-1	-1	-1	-1	-1	-1	-1	-1	-1	-1	-1	-1	-1	-1	-1	-1	-1	-1	-1	-1	-1	-1	-1	-1	-1	-1	-1	FFFFFF66	魅力宝石	3	2004	1	250	
50812005	5	8	12	5	Gem6_2_10	6	纯净黄玉(8级)	纯净的黄玉，可以镶嵌在防御性装备(衣服、手套、帽子、护肩、鞋、腰带、项链、暗器、武魂、七情刃)上，使用后不可再镶嵌同类宝石。#r#G魅力宝石#r#cff9900雕琢过的宝石不能再雕琢。	300000	2000	-1	-1	-1	-1	-1	-1	-1	-1	-1	-1	-1	-1	-1	120	-1	-1	-1	-1	-1	-1	-1	-1	-1	-1	-1	-1	-1	-1	-1	-1	-1	-1	-1	-1	-1	-1	-1	-1	-1	-1	-1	-1	-1	-1	-1	-1	-1	-1	-1	-1	-1	-1	-1	-1	-1	-1	-1	-1	-1	-1	-1	-1	-1	-1	FFFFFFE5	魅力宝石	16	2004	1	250	
50812006	5	8	12	6	Gem6_2_14	6	纯净皓石(8级)	纯净的皓石，可以镶嵌在防御性装备(衣服、手套、帽子、护肩、鞋、腰带、项链、暗器、武魂、七情刃)上，使用后不可再镶嵌同类宝石。#r#G魅力宝石#r#cff9900雕琢过的宝石不能再雕琢。	300000	2000	-1	-1	-1	-1	-1	-1	-1	120	-1	-1	-1	-1	-1	-1	-1	-1	-1	-1	-1	-1	-1	-1	-1	-1	-1	-1	-1	-1	-1	-1	-1	-1	-1	-1	-1	-1	-1	-1	-1	-1	-1	-1	-1	-1	-1	-1	-1	-1	-1	-1	-1	-1	-1	-1	-1	-1	-1	-1	-1	-1	-1	-1	-1	-1	FFFFFFE5	魅力宝石	17	2004	1	250	
50812007	5	8	12	7	Gem6_2_11	6	纯净月光石(8级)	纯净的月光石，可以镶嵌在防御性装备(衣服、手套、帽子、护肩、鞋、腰带、项链、暗器、武魂、七情刃)上，使用后不可再镶嵌同类宝石。#r#G魅力宝石#r#cff9900雕琢过的宝石不能再雕琢。	300000	2000	-1	-1	-1	-1	-1	-1	-1	-1	-1	-1	120	-1	-1	-1	-1	-1	-1	-1	-1	-1	-1	-1	-1	-1	-1	-1	-1	-1	-1	-1	-1	-1	-1	-1	-1	-1	-1	-1	-1	-1	-1	-1	-1	-1	-1	-1	-1	-1	-1	-1	-1	-1	-1	-1	-1	-1	-1	-1	-1	-1	-1	-1	-1	-1	FFFFFFE5	魅力宝石	15	2004	1	250	
50812008	5	8	12	8	Gem6_2_15	6	纯净碧玺(8级)	纯净的碧玺，可以镶嵌在防御性装备(衣服、手套、帽子、护肩、鞋、腰带、项链、暗器、武魂、七情刃)上，使用后不可再镶嵌同类宝石。#r#G魅力宝石#r#cff9900雕琢过的宝石不能再雕琢。	300000	2000	-1	-1	-1	-1	-1	-1	-1	-1	-1	-1	-1	-1	-1	-1	-1	-1	120	-1	-1	-1	-1	-1	-1	-1	-1	-1	-1	-1	-1	-1	-1	-1	-1	-1	-1	-1	-1	-1	-1	-1	-1	-1	-1	-1	-1	-1	-1	-1	-1	-1	-1	-1	-1	-1	-1	-1	-1	-1	-1	-1	-1	-1	-1	-1	FFFFFFE5	魅力宝石	14	2004	1	250	
50813001	5	8	13	1	Gem6_1_15	6	黄宝石(8级)	黄色的宝石，可以镶嵌在防御性装备(衣服、手套、帽子、护肩、鞋、腰带、项链、暗器、武魂、七情刃)上，使用后不可再镶嵌同类宝石。#r#G命运宝石	75000	1000	-1	-1	-1	-1	-1	-1	-1	-1	-1	-1	-1	-1	-1	-1	-1	-1	-1	-1	-1	-1	-1	-1	-1	-1	-1	-1	-1	-1	-1	-1	-1	-1	-1	-1	-1	-1	-1	-1	-1	-1	-1	-1	332	-1	-1	-1	-1	-1	-1	-1	-1	-1	-1	-1	-1	-1	-1	-1	-1	-1	-1	-1	-1	-1	FFFFFF66	命运宝石	5	2004	1	250	
50813002	5	8	13	2	Gem6_1_16	6	蓝宝石(8级)	蓝色的宝石，可以镶嵌在防御性装备(衣服、手套、帽子、护肩、鞋、腰带、项链、暗器、武魂、七情刃)上，使用后不可再镶嵌同类宝石。#r#G命运宝石	75000	1000	-1	-1	-1	-1	-1	-1	-1	-1	-1	-1	-1	-1	-1	-1	-1	-1	-1	-1	-1	-1	-1	-1	-1	-1	-1	-1	-1	-1	-1	-1	-1	-1	-1	-1	-1	-1	-1	-1	-1	-1	-1	-1	-1	332	-1	-1	-1	-1	-1	-1	-1	-1	-1	-1	-1	-1	-1	-1	-1	-1	-1	-1	-1	-1	FFFFFF66	命运宝石	6	2004	1	250	
50813003	5	8	13	3	Gem6_1_7	6	绿宝石(8级)	绿色的宝石，可以镶嵌在防御性装备(衣服、手套、帽子、护肩、鞋、腰带、项链、暗器、武魂、七情刃)上，使用后不可再镶嵌同类宝石。#r#G命运宝石	75000	1000	-1	-1	-1	-1	-1	-1	-1	-1	-1	-1	-1	-1	-1	-1	-1	-1	-1	-1	-1	-1	-1	-1	-1	-1	-1	-1	-1	-1	-1	-1	-1	-1	-1	-1	-1	-1	-1	-1	-1	-1	-1	-1	-1	-1	-1	-1	179	-1	-1	-1	-1	-1	-1	-1	-1	-1	-1	-1	-1	-1	-1	-1	-1	-1	FFFFFF66	命运宝石	9	2004	1	250	
50813004	5	8	13	4	Gem6_2_2	6	红宝石(8级)	红色的宝石，可以镶嵌在防御性装备(衣服、手套、帽子、护肩、鞋、腰带、项链、暗器、武魂、七情刃)上，使用后不可再镶嵌同类宝石。#r#G命运宝石	75000	1000	-1	-1	-1	-1	-1	-1	-1	-1	-1	-1	-1	-1	-1	-1	-1	-1	-1	-1	-1	-1	-1	-1	-1	-1	-1	-1	-1	-1	-1	-1	-1	-1	-1	-1	-1	-1	-1	-1	-1	-1	-1	-1	-1	-1	329	-1	-1	-1	-1	-1	-1	-1	-1	-1	-1	-1	-1	-1	-1	-1	-1	-1	-1	-1	FFFFFF66	命运宝石	10	2004	1	250	
50813005	5	8	13	5	Gem6_2_3	6	黑宝石(8级)	黑色的宝石，可以镶嵌在防御性装备(衣服、手套、帽子、护肩、鞋、腰带、项链、暗器、武魂、七情刃)上，使用后不可再镶嵌同类宝石。#r#G命运宝石	75000	1000	-1	-1	-1	-1	-1	-1	-1	-1	-1	-1	-1	-1	-1	-1	-1	-1	-1	-1	-1	-1	-1	-1	-1	-1	-1	-1	-1	-1	-1	-1	-1	-1	-1	-1	-1	-1	-1	-1	-1	-1	-1	-1	-1	-1	-1	329	-1	-1	-1	-1	-1	-1	-1	-1	-1	-1	-1	-1	-1	-1	-1	-1	-1	-1	FFFFFF66	命运宝石	1	2004	1	250	
50813006	5	8	13	6	Gem6_2_7	6	血精石(8级)	布满血丝红精的宝石，可以镶嵌在防御性装备(衣服、手套、帽子、护肩、鞋、腰带、项链、暗器、武魂、七情刃)上，使用后不可再镶嵌同类宝石。#r#G命运宝石	75000	1000	18113	-1	-1	-1	-1	-1	-1	-1	-1	-1	-1	-1	-1	-1	-1	-1	-1	-1	-1	-1	-1	-1	-1	-1	-1	-1	-1	-1	-1	-1	-1	-1	-1	-1	-1	-1	-1	-1	-1	-1	-1	-1	-1	-1	-1	-1	-1	-1	-1	-1	-1	-1	-1	-1	-1	-1	-1	-1	-1	-1	-1	-1	-1	-1	FFFFFF66	命运宝石	13	2004	1	250	
50814001	5	8	14	1	Gem6_1_14	6	祖母绿(8级)	翠绿如滴，顶级翡翠，可以镶嵌在防御性装备(衣服、手套、帽子、护肩、鞋、腰带、项链、暗器、武魂、七情刃)上，使用后不可再镶嵌同类宝石。#r#G天机宝石	100000	1000	-1	-1	-1	-1	-1	-1	-1	-1	-1	-1	-1	-1	-1	-1	-1	-1	-1	-1	-1	-1	-1	-1	-1	-1	-1	-1	-1	-1	-1	-1	-1	-1	-1	-1	-1	-1	1186	-1	-1	-1	-1	-1	-1	-1	-1	-1	-1	-1	-1	-1	-1	-1	-1	-1	-1	-1	-1	-1	-1	-1	-1	-1	-1	-1	FFFFFF66	天机宝石	8	2004	1	250	
50821001	5	8	21	1	Gemjiankang_3	6	黄冥石(8级)	黄色的冥石，可以镶嵌在攻击性装备(武器、护腕、戒指、护符、项链、暗器、武魂、七情刃)上，使用后不可再镶嵌同类宝石。#r#G无法将目标的抗性降低至负值#r#G胜利宝石	300000	2000	-1	-1	-1	-1	-1	-1	-1	-1	-1	-1	-1	-1	-1	-1	-1	-1	-1	-1	-1	-1	-1	-1	-1	-1	-1	-1	-1	-1	-1	-1	-1	-1	-1	-1	-1	-1	-1	-1	-1	-1	-1	-1	-1	-1	-1	-1	-1	-1	-1	-1	-1	-1	-1	-1	-1	-1	120	-1	-1	-1	-1	-1	-1	-1	FFFFFFE5	胜利宝石	31	2004	1	250	
50821002	5	8	21	2	Gemjiankang_15	6	蓝冥石(8级)	蓝色的冥石，可以镶嵌在攻击性装备(武器、护腕、戒指、护符、项链、暗器、武魂、七情刃)上，使用后不可再镶嵌同类宝石。#r#G无法将目标的抗性降低至负值#r#G胜利宝石	300000	2000	-1	-1	-1	-1	-1	-1	-1	-1	-1	-1	-1	-1	-1	-1	-1	-1	-1	-1	-1	-1	-1	-1	-1	-1	-1	-1	-1	-1	-1	-1	-1	-1	-1	-1	-1	-1	-1	-1	-1	-1	-1	-1	-1	-1	-1	-1	-1	-1	-1	-1	-1	-1	-1	-1	120	-1	-1	-1	-1	-1	-1	-1	-1	-1	FFFFFFE5	胜利宝石	32	2004	1	250	
50821003	5	8	21	3	Gemjiankang_11	6	红冥石(8级)	红色的冥石，可以镶嵌在攻击性装备(武器、护腕、戒指、护符、项链、暗器、武魂、七情刃)上，使用后不可再镶嵌同类宝石。#r#G无法将目标的抗性降低至负值#r#G胜利宝石	300000	2000	-1	-1	-1	-1	-1	-1	-1	-1	-1	-1	-1	-1	-1	-1	-1	-1	-1	-1	-1	-1	-1	-1	-1	-1	-1	-1	-1	-1	-1	-1	-1	-1	-1	-1	-1	-1	-1	-1	-1	-1	-1	-1	-1	-1	-1	-1	-1	-1	-1	-1	-1	-1	-1	-1	-1	120	-1	-1	-1	-1	-1	-1	-1	-1	FFFFFFE5	胜利宝石	33	2004	1	250	
50821004	5	8	21	4	Gemjiankang_7	6	绿冥石(8级)	绿色的冥石，可以镶嵌在攻击性装备(武器、护腕、戒指、护符、项链、暗器、武魂、七情刃)上，使用后不可再镶嵌同类宝石。#r#G无法将目标的抗性降低至负值#r#G胜利宝石	300000	2000	-1	-1	-1	-1	-1	-1	-1	-1	-1	-1	-1	-1	-1	-1	-1	-1	-1	-1	-1	-1	-1	-1	-1	-1	-1	-1	-1	-1	-1	-1	-1	-1	-1	-1	-1	-1	-1	-1	-1	-1	-1	-1	-1	-1	-1	-1	-1	-1	-1	-1	-1	-1	-1	-1	-1	-1	-1	120	-1	-1	-1	-1	-1	-1	FFFFFFE5	胜利宝石	34	2004	1	250	
50901001	5	9	1	1	Gem9_2_4	6	猫眼石(9级)	象猫眼一样的宝石，可以镶嵌在攻击性装备(武器、护腕、戒指、护符、项链、暗器、武魂、七情刃)上，使用后不可再镶嵌同类宝石。#r#G希望宝石	50000	1000	-1	-1	-1	-1	-1	-1	-1	-1	-1	-1	-1	-1	-1	-1	-1	-1	-1	-1	-1	-1	-1	-1	-1	-1	-1	-1	3315	-1	-1	-1	-1	-1	-1	-1	-1	-1	-1	-1	-1	-1	-1	-1	-1	-1	-1	-1	-1	-1	-1	-1	-1	-1	-1	-1	-1	-1	-1	-1	-1	-1	-1	-1	-1	-1	FFFFFFFF	希望宝石	1	2004	1	250	
50901002	5	9	1	2	Gem9_1_1	6	虎眼石(9级)	象虎眼一样的宝石，可以镶嵌在攻击性装备(武器、护腕、戒指、护符、项链、暗器、武魂、七情刃)上，使用后不可再镶嵌同类宝石。#r#G希望宝石	50000	1000	-1	-1	-1	-1	-1	-1	-1	-1	-1	-1	-1	-1	-1	-1	-1	-1	-1	-1	-1	3315	-1	-1	-1	-1	-1	-1	-1	-1	-1	-1	-1	-1	-1	-1	-1	-1	-1	-1	-1	-1	-1	-1	-1	-1	-1	-1	-1	-1	-1	-1	-1	-1	-1	-1	-1	-1	-1	-1	-1	-1	-1	-1	-1	-1	FFFFFFFF	希望宝石	2	2004	1	250	
50902001	5	9	2	1	Gem9_1_3	6	黄晶石(9级)	黄色的晶石，可以镶嵌在攻击性装备(武器、护腕、戒指、护符、项链、暗器、武魂、七情刃)上，使用后不可再镶嵌同类宝石。#r#G智慧宝石#W#r可在#G洛阳（179，182）#R宝石工匠彭怀玉#W或#G楼兰（279，198）#R宝石工匠克里木#W处使用#G9级宝石雕琢符#W提升宝石属性。#r#cff9900本宝石只能雕琢一次。#r#W使用三颗雕琢后的宝石，和一个#G宝石熔炼符#W，能够熔炼成一颗对应的同等级胜利宝石。	150000	1000	-1	-1	-1	-1	-1	-1	-1	-1	-1	-1	-1	-1	50	-1	-1	-1	-1	-1	-1	-1	-1	-1	-1	-1	-1	-1	-1	-1	-1	-1	-1	-1	-1	-1	-1	-1	-1	-1	-1	-1	-1	-1	-1	-1	-1	-1	-1	-1	-1	-1	-1	-1	-1	-1	-1	-1	-1	-1	-1	-1	-1	-1	-1	-1	FFFFFFFF	智慧宝石	3	2004	1	250	
50902002	5	9	2	2	Gem9_1_4	6	蓝晶石(9级)	蓝色的晶石，可以镶嵌在攻击性装备(武器、护腕、戒指、护符、项链、暗器、武魂、七情刃)上，使用后不可再镶嵌同类宝石。#r#G智慧宝石#W#r可在#G洛阳（179，182）#R宝石工匠彭怀玉#W或#G楼兰（279，198）#R宝石工匠克里木#W处使用#G9级宝石雕琢符#W提升宝石属性。#r#cff9900本宝石只能雕琢一次。#r#W使用三颗雕琢后的宝石，和一个#G宝石熔炼符#W，能够熔炼成一颗对应的同等级胜利宝石。	150000	1000	-1	-1	-1	-1	-1	-1	50	-1	-1	-1	-1	-1	-1	-1	-1	-1	-1	-1	-1	-1	-1	-1	-1	-1	-1	-1	-1	-1	-1	-1	-1	-1	-1	-1	-1	-1	-1	-1	-1	-1	-1	-1	-1	-1	-1	-1	-1	-1	-1	-1	-1	-1	-1	-1	-1	-1	-1	-1	-1	-1	-1	-1	-1	-1	FFFFFFFF	智慧宝石	4	2004	1	250	
50902003	5	9	2	3	Gem9_1_5	6	红晶石(9级)	红色的晶石，可以镶嵌在攻击性装备(武器、护腕、戒指、护符、项链、暗器、武魂、七情刃)上，使用后不可再镶嵌同类宝石。#r#G智慧宝石#W#r可在#G洛阳（179，182）#R宝石工匠彭怀玉#W或#G楼兰（279，198）#R宝石工匠克里木#W处使用#G9级宝石雕琢符#W提升宝石属性。#r#cff9900本宝石只能雕琢一次。#r#W使用三颗雕琢后的宝石，和一个#G宝石熔炼符#W，能够熔炼成一颗对应的同等级胜利宝石。	150000	1000	-1	-1	-1	-1	-1	-1	-1	-1	-1	50	-1	-1	-1	-1	-1	-1	-1	-1	-1	-1	-1	-1	-1	-1	-1	-1	-1	-1	-1	-1	-1	-1	-1	-1	-1	-1	-1	-1	-1	-1	-1	-1	-1	-1	-1	-1	-1	-1	-1	-1	-1	-1	-1	-1	-1	-1	-1	-1	-1	-1	-1	-1	-1	-1	FFFFFFFF	智慧宝石	5	2004	1	250	
50902004	5	9	2	4	Gem9_1_6	6	绿晶石(9级)	绿色的晶石，可以镶嵌在攻击性装备(武器、护腕、戒指、护符、项链、暗器、武魂、七情刃)上，使用后不可再镶嵌同类宝石。#r#G智慧宝石#W#r可在#G洛阳（179，182）#R宝石工匠彭怀玉#W或#G楼兰（279，198）#R宝石工匠克里木#W处使用#G9级宝石雕琢符#W提升宝石属性。#r#cff9900本宝石只能雕琢一次。#r#W使用三颗雕琢后的宝石，和一个#G宝石熔炼符#W，能够熔炼成一颗对应的同等级胜利宝石。	150000	1000	-1	-1	-1	-1	-1	-1	-1	-1	-1	-1	-1	-1	-1	-1	-1	50	-1	-1	-1	-1	-1	-1	-1	-1	-1	-1	-1	-1	-1	-1	-1	-1	-1	-1	-1	-1	-1	-1	-1	-1	-1	-1	-1	-1	-1	-1	-1	-1	-1	-1	-1	-1	-1	-1	-1	-1	-1	-1	-1	-1	-1	-1	-1	-1	FFFFFFFF	智慧宝石	6	2004	1	250	
50902005	5	9	2	5	Gem9_2_5	6	纯净黄晶石(9级)	纯净的黄晶石，可以镶嵌在攻击性装备(武器、护腕、戒指、护符、项链、暗器、武魂、七情刃)上，使用后不可再镶嵌同类宝石。#r#G智慧宝石#r#cff9900雕琢过的宝石不能再雕琢。#r#W使用三颗此种宝石，和一个#G宝石熔炼符#W，能够熔炼成一颗对应的同等级胜利宝石。#r在#G帮会城市#W做#G发展任务#W，#G市集任务#W，#G工程任务#W时，会有一定几率获得#G宝石熔炼符#W。	300000	2000	-1	-1	-1	-1	-1	-1	-1	-1	-1	-1	-1	-1	300	-1	-1	-1	-1	-1	-1	-1	-1	-1	-1	-1	-1	-1	-1	-1	-1	-1	-1	-1	-1	-1	-1	-1	-1	-1	-1	-1	-1	-1	-1	-1	-1	-1	-1	-1	-1	-1	-1	-1	-1	-1	-1	-1	-1	-1	-1	-1	-1	-1	-1	-1	FFFFFFFF	智慧宝石	14	2004	1	250	
50902006	5	9	2	6	Gem9_2_9	6	纯净蓝晶石(9级)	纯净的蓝晶石，可以镶嵌在攻击性装备(武器、护腕、戒指、护符、项链、暗器、武魂、七情刃)上，使用后不可再镶嵌同类宝石。#r#G智慧宝石#r#cff9900雕琢过的宝石不能再雕琢。#r#W使用三颗此种宝石，和一个#G宝石熔炼符#W，能够熔炼成一颗对应的同等级胜利宝石。#r在#G帮会城市#W做#G发展任务#W，#G市集任务#W，#G工程任务#W时，会有一定几率获得#G宝石熔炼符#W。	300000	2000	-1	-1	-1	-1	-1	-1	300	-1	-1	-1	-1	-1	-1	-1	-1	-1	-1	-1	-1	-1	-1	-1	-1	-1	-1	-1	-1	-1	-1	-1	-1	-1	-1	-1	-1	-1	-1	-1	-1	-1	-1	-1	-1	-1	-1	-1	-1	-1	-1	-1	-1	-1	-1	-1	-1	-1	-1	-1	-1	-1	-1	-1	-1	-1	FFFFFFFF	智慧宝石	15	2004	1	250	
50902007	5	9	2	7	Gem9_2_13	6	纯净红晶石(9级)	纯净的红晶石，可以镶嵌在攻击性装备(武器、护腕、戒指、护符、项链、暗器、武魂、七情刃)上，使用后不可再镶嵌同类宝石。#r#G智慧宝石#r#cff9900雕琢过的宝石不能再雕琢。#r#W使用三颗此种宝石，和一个#G宝石熔炼符#W，能够熔炼成一颗对应的同等级胜利宝石。#r在#G帮会城市#W做#G发展任务#W，#G市集任务#W，#G工程任务#W时，会有一定几率获得#G宝石熔炼符#W。	300000	2000	-1	-1	-1	-1	-1	-1	-1	-1	-1	300	-1	-1	-1	-1	-1	-1	-1	-1	-1	-1	-1	-1	-1	-1	-1	-1	-1	-1	-1	-1	-1	-1	-1	-1	-1	-1	-1	-1	-1	-1	-1	-1	-1	-1	-1	-1	-1	-1	-1	-1	-1	-1	-1	-1	-1	-1	-1	-1	-1	-1	-1	-1	-1	-1	FFFFFFFF	智慧宝石	16	2004	1	250	
50902008	5	9	2	8	Gem9_2_6	6	纯净绿晶石(9级)	纯净的绿晶石，可以镶嵌在攻击性装备(武器、护腕、戒指、护符、项链、暗器、武魂、七情刃)上，使用后不可再镶嵌同类宝石。#r#G智慧宝石#r#cff9900雕琢过的宝石不能再雕琢。#r#W使用三颗此种宝石，和一个#G宝石熔炼符#W，能够熔炼成一颗对应的同等级胜利宝石。#r在#G帮会城市#W做#G发展任务#W，#G市集任务#W，#G工程任务#W时，会有一定几率获得#G宝石熔炼符#W。	300000	2000	-1	-1	-1	-1	-1	-1	-1	-1	-1	-1	-1	-1	-1	-1	-1	300	-1	-1	-1	-1	-1	-1	-1	-1	-1	-1	-1	-1	-1	-1	-1	-1	-1	-1	-1	-1	-1	-1	-1	-1	-1	-1	-1	-1	-1	-1	-1	-1	-1	-1	-1	-1	-1	-1	-1	-1	-1	-1	-1	-1	-1	-1	-1	-1	FFFFFFFF	智慧宝石	17	2004	1	250	
50903001	5	9	3	1	Gem9_1_2	6	紫玉(9级)	紫色玉石，可以镶嵌在攻击性装备(武器、护腕、戒指、护符、项链、暗器、武魂、七情刃)上，使用后不可再镶嵌同类宝石。#r#G玄微宝石	100000	1000	-1	-1	-1	-1	-1	-1	-1	-1	-1	-1	-1	-1	-1	-1	-1	-1	-1	-1	-1	-1	-1	-1	-1	-1	-1	-1	-1	-1	-1	-1	-1	-1	-1	-1	-1	3690	-1	-1	-1	-1	-1	-1	-1	-1	-1	-1	-1	-1	-1	-1	-1	-1	-1	-1	-1	-1	-1	-1	-1	-1	-1	-1	-1	-1	FFFFFFFF	玄微宝石	7	2004	1	250	
50904002	5	9	4	2	Gem9_1_8	6	变石(9级)	在阳光下呈绿色，在烛光下呈红色，可变色的宝石，可以镶嵌在攻击性装备(武器、护腕、戒指、护符、项链、暗器、武魂、七情刃)上，使用后不可再镶嵌同类宝石。#r#G幻冥宝石	250000	1000	-1	-1	-1	-1	-1	-1	-1	-1	-1	-1	-1	-1	-1	-1	-1	-1	-1	-1	-1	-1	-1	-1	-1	-1	-1	-1	-1	-1	-1	-1	-1	-1	-1	-1	-1	-1	-1	27	-1	-1	-1	-1	-1	-1	-1	-1	-1	-1	-1	-1	-1	-1	-1	-1	-1	-1	-1	-1	-1	-1	-1	-1	-1	-1	FFFFFFFF	幻冥宝石	8	2004	1	250	
50911001	5	9	11	1	Gem9_1_9	6	石榴石(9级)	因其外形酷似成熟的石榴籽而得名的宝石，可以镶嵌在防御性装备(衣服、手套、帽子、护肩、鞋、腰带、项链、暗器、武魂、七情刃)上，使用后不可再镶嵌同类宝石。#r#G生命宝石	50000	1000	-1	-1	-1	-1	-1	-1	-1	-1	-1	-1	-1	-1	-1	-1	-1	-1	-1	-1	-1	-1	-1	-1	-1	-1	-1	-1	-1	-1	-1	3300	-1	-1	-1	-1	-1	-1	-1	-1	-1	-1	-1	-1	-1	-1	-1	-1	-1	-1	-1	-1	-1	-1	-1	-1	-1	-1	-1	-1	-1	-1	-1	-1	-1	-1	FFFFFF66	生命宝石	7	2004	1	250	
50911002	5	9	11	2	Gem9_1_12	6	尖晶石(9级)	颜色繁多且艳丽的宝石，可以镶嵌在防御性装备(衣服、手套、帽子、护肩、鞋、腰带、项链、暗器、武魂、七情刃)上，使用后不可再镶嵌同类宝石。#r#G生命宝石	50000	1000	-1	-1	-1	-1	-1	-1	-1	-1	-1	-1	-1	-1	-1	-1	-1	-1	-1	-1	-1	-1	-1	-1	3300	-1	-1	-1	-1	-1	-1	-1	-1	-1	-1	-1	-1	-1	-1	-1	-1	-1	-1	-1	-1	-1	-1	-1	-1	-1	-1	-1	-1	-1	-1	-1	-1	-1	-1	-1	-1	-1	-1	-1	-1	-1	FFFFFF66	生命宝石	11	2004	1	250	
50912001	5	9	12	1	Gem9_1_11	6	黄玉(9级)	黄色的玉石，可以镶嵌在防御性装备(衣服、手套、帽子、护肩、鞋、腰带、项链、暗器、武魂、七情刃)上，使用后不可再镶嵌同类宝石。#r#G魅力宝石#W#r可在#G洛阳（179，182）#R宝石工匠彭怀玉#W或#G楼兰（279，198）#R宝石工匠克里木#W处使用#G9级宝石雕琢符#W提升宝石属性。#r#cff9900本宝石只能雕琢一次。	150000	1000	-1	-1	-1	-1	-1	-1	-1	-1	-1	-1	-1	-1	-1	20	-1	-1	-1	-1	-1	-1	-1	-1	-1	-1	-1	-1	-1	-1	-1	-1	-1	-1	-1	-1	-1	-1	-1	-1	-1	-1	-1	-1	-1	-1	-1	-1	-1	-1	-1	-1	-1	-1	-1	-1	-1	-1	-1	-1	-1	-1	-1	-1	-1	-1	FFFFFF66	魅力宝石	12	2004	1	250	
50912002	5	9	12	2	Gem9_1_10	6	皓石(9级)	闪闪发亮的宝石，可以镶嵌在防御性装备(衣服、手套、帽子、护肩、鞋、腰带、项链、暗器、武魂、七情刃)上，使用后不可再镶嵌同类宝石。#r#G魅力宝石#W#r可在#G洛阳（179，182）#R宝石工匠彭怀玉#W或#G楼兰（279，198）#R宝石工匠克里木#W处使用#G9级宝石雕琢符#W提升宝石属性。#r#cff9900本宝石只能雕琢一次。	150000	1000	-1	-1	-1	-1	-1	-1	-1	20	-1	-1	-1	-1	-1	-1	-1	-1	-1	-1	-1	-1	-1	-1	-1	-1	-1	-1	-1	-1	-1	-1	-1	-1	-1	-1	-1	-1	-1	-1	-1	-1	-1	-1	-1	-1	-1	-1	-1	-1	-1	-1	-1	-1	-1	-1	-1	-1	-1	-1	-1	-1	-1	-1	-1	-1	FFFFFF66	魅力宝石	2	2004	1	250	
50912003	5	9	12	3	Gem9_1_13	6	月光石(9级)	具淡蓝色的晕彩，如同朦胧的月光的宝石，可以镶嵌在防御性装备(衣服、手套、帽子、护肩、鞋、腰带、项链、暗器、武魂、七情刃)上，使用后不可再镶嵌同类宝石。#r#G魅力宝石#W#r可在#G洛阳（179，182）#R宝石工匠彭怀玉#W或#G楼兰（279，198）#R宝石工匠克里木#W处使用#G9级宝石雕琢符#W提升宝石属性。#r#cff9900本宝石只能雕琢一次。	150000	1000	-1	-1	-1	-1	-1	-1	-1	-1	-1	-1	20	-1	-1	-1	-1	-1	-1	-1	-1	-1	-1	-1	-1	-1	-1	-1	-1	-1	-1	-1	-1	-1	-1	-1	-1	-1	-1	-1	-1	-1	-1	-1	-1	-1	-1	-1	-1	-1	-1	-1	-1	-1	-1	-1	-1	-1	-1	-1	-1	-1	-1	-1	-1	-1	FFFFFF66	魅力宝石	4	2004	1	250	
50912004	5	9	12	4	Gem9_2_1	6	碧玺(9级)	颜色繁多且艳丽的宝石，可以镶嵌在防御性装备(衣服、手套、帽子、护肩、鞋、腰带、项链、暗器、武魂、七情刃)上，使用后不可再镶嵌同类宝石。#r#G魅力宝石#W#r可在#G洛阳（179，182）#R宝石工匠彭怀玉#W或#G楼兰（279，198）#R宝石工匠克里木#W处使用#G9级宝石雕琢符#W提升宝石属性。#r#cff9900本宝石只能雕琢一次。	150000	1000	-1	-1	-1	-1	-1	-1	-1	-1	-1	-1	-1	-1	-1	-1	-1	-1	20	-1	-1	-1	-1	-1	-1	-1	-1	-1	-1	-1	-1	-1	-1	-1	-1	-1	-1	-1	-1	-1	-1	-1	-1	-1	-1	-1	-1	-1	-1	-1	-1	-1	-1	-1	-1	-1	-1	-1	-1	-1	-1	-1	-1	-1	-1	-1	FFFFFF66	魅力宝石	3	2004	1	250	
50912005	5	9	12	5	Gem9_2_10	6	纯净黄玉(9级)	纯净的黄玉，可以镶嵌在防御性装备(衣服、手套、帽子、护肩、鞋、腰带、项链、暗器、武魂、七情刃)上，使用后不可再镶嵌同类宝石。#r#G魅力宝石#r#cff9900雕琢过的宝石不能再雕琢。	300000	2000	-1	-1	-1	-1	-1	-1	-1	-1	-1	-1	-1	-1	-1	150	-1	-1	-1	-1	-1	-1	-1	-1	-1	-1	-1	-1	-1	-1	-1	-1	-1	-1	-1	-1	-1	-1	-1	-1	-1	-1	-1	-1	-1	-1	-1	-1	-1	-1	-1	-1	-1	-1	-1	-1	-1	-1	-1	-1	-1	-1	-1	-1	-1	-1	FFFFFFFF	魅力宝石	16	2004	1	250	
50912006	5	9	12	6	Gem9_2_14	6	纯净皓石(9级)	纯净的皓石，可以镶嵌在防御性装备(衣服、手套、帽子、护肩、鞋、腰带、项链、暗器、武魂、七情刃)上，使用后不可再镶嵌同类宝石。#r#G魅力宝石#r#cff9900雕琢过的宝石不能再雕琢。	300000	2000	-1	-1	-1	-1	-1	-1	-1	150	-1	-1	-1	-1	-1	-1	-1	-1	-1	-1	-1	-1	-1	-1	-1	-1	-1	-1	-1	-1	-1	-1	-1	-1	-1	-1	-1	-1	-1	-1	-1	-1	-1	-1	-1	-1	-1	-1	-1	-1	-1	-1	-1	-1	-1	-1	-1	-1	-1	-1	-1	-1	-1	-1	-1	-1	FFFFFFFF	魅力宝石	17	2004	1	250	
50912007	5	9	12	7	Gem9_2_11	6	纯净月光石(9级)	纯净的月光石，可以镶嵌在防御性装备(衣服、手套、帽子、护肩、鞋、腰带、项链、暗器、武魂、七情刃)上，使用后不可再镶嵌同类宝石。#r#G魅力宝石#r#cff9900雕琢过的宝石不能再雕琢。	300000	2000	-1	-1	-1	-1	-1	-1	-1	-1	-1	-1	150	-1	-1	-1	-1	-1	-1	-1	-1	-1	-1	-1	-1	-1	-1	-1	-1	-1	-1	-1	-1	-1	-1	-1	-1	-1	-1	-1	-1	-1	-1	-1	-1	-1	-1	-1	-1	-1	-1	-1	-1	-1	-1	-1	-1	-1	-1	-1	-1	-1	-1	-1	-1	-1	FFFFFFFF	魅力宝石	15	2004	1	250	
50912008	5	9	12	8	Gem9_2_15	6	纯净碧玺(9级)	纯净的碧玺，可以镶嵌在防御性装备(衣服、手套、帽子、护肩、鞋、腰带、项链、暗器、武魂、七情刃)上，使用后不可再镶嵌同类宝石。#r#G魅力宝石#r#cff9900雕琢过的宝石不能再雕琢。	300000	2000	-1	-1	-1	-1	-1	-1	-1	-1	-1	-1	-1	-1	-1	-1	-1	-1	150	-1	-1	-1	-1	-1	-1	-1	-1	-1	-1	-1	-1	-1	-1	-1	-1	-1	-1	-1	-1	-1	-1	-1	-1	-1	-1	-1	-1	-1	-1	-1	-1	-1	-1	-1	-1	-1	-1	-1	-1	-1	-1	-1	-1	-1	-1	-1	FFFFFFFF	魅力宝石	14	2004	1	250	
50913001	5	9	13	1	Gem9_1_15	6	黄宝石(9级)	黄色的宝石，可以镶嵌在防御性装备(衣服、手套、帽子、护肩、鞋、腰带、项链、暗器、武魂、七情刃)上，使用后不可再镶嵌同类宝石。#r#G命运宝石	75000	1000	-1	-1	-1	-1	-1	-1	-1	-1	-1	-1	-1	-1	-1	-1	-1	-1	-1	-1	-1	-1	-1	-1	-1	-1	-1	-1	-1	-1	-1	-1	-1	-1	-1	-1	-1	-1	-1	-1	-1	-1	-1	-1	345	-1	-1	-1	-1	-1	-1	-1	-1	-1	-1	-1	-1	-1	-1	-1	-1	-1	-1	-1	-1	-1	FFFFFF66	命运宝石	5	2004	1	250	
50913002	5	9	13	2	Gem9_1_16	6	蓝宝石(9级)	蓝色的宝石，可以镶嵌在防御性装备(衣服、手套、帽子、护肩、鞋、腰带、项链、暗器、武魂、七情刃)上，使用后不可再镶嵌同类宝石。#r#G命运宝石	75000	1000	-1	-1	-1	-1	-1	-1	-1	-1	-1	-1	-1	-1	-1	-1	-1	-1	-1	-1	-1	-1	-1	-1	-1	-1	-1	-1	-1	-1	-1	-1	-1	-1	-1	-1	-1	-1	-1	-1	-1	-1	-1	-1	-1	345	-1	-1	-1	-1	-1	-1	-1	-1	-1	-1	-1	-1	-1	-1	-1	-1	-1	-1	-1	-1	FFFFFF66	命运宝石	6	2004	1	250	
50913003	5	9	13	3	Gem9_1_7	6	绿宝石(9级)	绿色的宝石，可以镶嵌在防御性装备(衣服、手套、帽子、护肩、鞋、腰带、项链、暗器、武魂、七情刃)上，使用后不可再镶嵌同类宝石。#r#G命运宝石	75000	1000	-1	-1	-1	-1	-1	-1	-1	-1	-1	-1	-1	-1	-1	-1	-1	-1	-1	-1	-1	-1	-1	-1	-1	-1	-1	-1	-1	-1	-1	-1	-1	-1	-1	-1	-1	-1	-1	-1	-1	-1	-1	-1	-1	-1	-1	-1	186	-1	-1	-1	-1	-1	-1	-1	-1	-1	-1	-1	-1	-1	-1	-1	-1	-1	FFFFFF66	命运宝石	9	2004	1	250	
50913004	5	9	13	4	Gem9_2_2	6	红宝石(9级)	红色的宝石，可以镶嵌在防御性装备(衣服、手套、帽子、护肩、鞋、腰带、项链、暗器、武魂、七情刃)上，使用后不可再镶嵌同类宝石。#r#G命运宝石	75000	1000	-1	-1	-1	-1	-1	-1	-1	-1	-1	-1	-1	-1	-1	-1	-1	-1	-1	-1	-1	-1	-1	-1	-1	-1	-1	-1	-1	-1	-1	-1	-1	-1	-1	-1	-1	-1	-1	-1	-1	-1	-1	-1	-1	-1	342	-1	-1	-1	-1	-1	-1	-1	-1	-1	-1	-1	-1	-1	-1	-1	-1	-1	-1	-1	FFFFFF66	命运宝石	10	2004	1	250	
50913005	5	9	13	5	Gem9_2_3	6	黑宝石(9级)	黑色的宝石，可以镶嵌在防御性装备(衣服、手套、帽子、护肩、鞋、腰带、项链、暗器、武魂、七情刃)上，使用后不可再镶嵌同类宝石。#r#G命运宝石	75000	1000	-1	-1	-1	-1	-1	-1	-1	-1	-1	-1	-1	-1	-1	-1	-1	-1	-1	-1	-1	-1	-1	-1	-1	-1	-1	-1	-1	-1	-1	-1	-1	-1	-1	-1	-1	-1	-1	-1	-1	-1	-1	-1	-1	-1	-1	342	-1	-1	-1	-1	-1	-1	-1	-1	-1	-1	-1	-1	-1	-1	-1	-1	-1	-1	FFFFFF66	命运宝石	1	2004	1	250	
50913006	5	9	13	6	Gem9_2_7	6	血精石(9级)	布满血丝红精的宝石，可以镶嵌在防御性装备(衣服、手套、帽子、护肩、鞋、腰带、项链、暗器、武魂、七情刃)上，使用后不可再镶嵌同类宝石。#r#G命运宝石	75000	1000	18780	-1	-1	-1	-1	-1	-1	-1	-1	-1	-1	-1	-1	-1	-1	-1	-1	-1	-1	-1	-1	-1	-1	-1	-1	-1	-1	-1	-1	-1	-1	-1	-1	-1	-1	-1	-1	-1	-1	-1	-1	-1	-1	-1	-1	-1	-1	-1	-1	-1	-1	-1	-1	-1	-1	-1	-1	-1	-1	-1	-1	-1	-1	-1	FFFFFF66	命运宝石	13	2004	1	250	
50914001	5	9	14	1	Gem9_1_14	6	祖母绿(9级)	翠绿如滴，顶级翡翠，可以镶嵌在防御性装备(衣服、手套、帽子、护肩、鞋、腰带、项链、暗器、武魂、七情刃)上，使用后不可再镶嵌同类宝石。#r#G天机宝石	100000	1000	-1	-1	-1	-1	-1	-1	-1	-1	-1	-1	-1	-1	-1	-1	-1	-1	-1	-1	-1	-1	-1	-1	-1	-1	-1	-1	-1	-1	-1	-1	-1	-1	-1	-1	-1	-1	1230	-1	-1	-1	-1	-1	-1	-1	-1	-1	-1	-1	-1	-1	-1	-1	-1	-1	-1	-1	-1	-1	-1	-1	-1	-1	-1	-1	FFFFFF66	天机宝石	8	2004	1	250	
50921001	5	9	21	1	Gemjiankang_4	6	黄冥石(9级)	黄色的冥石，可以镶嵌在攻击性装备(武器、护腕、戒指、护符、项链、暗器、武魂、七情刃)上，使用后不可再镶嵌同类宝石。#r#G无法将目标的抗性降低至负值#r#G胜利宝石	300000	2000	-1	-1	-1	-1	-1	-1	-1	-1	-1	-1	-1	-1	-1	-1	-1	-1	-1	-1	-1	-1	-1	-1	-1	-1	-1	-1	-1	-1	-1	-1	-1	-1	-1	-1	-1	-1	-1	-1	-1	-1	-1	-1	-1	-1	-1	-1	-1	-1	-1	-1	-1	-1	-1	-1	-1	-1	150	-1	-1	-1	-1	-1	-1	-1	FFFFFFFF	胜利宝石	31	2004	1	250	
50921002	5	9	21	2	Gemjiankang_16	6	蓝冥石(9级)	蓝色的冥石，可以镶嵌在攻击性装备(武器、护腕、戒指、护符、项链、暗器、武魂、七情刃)上，使用后不可再镶嵌同类宝石。#r#G无法将目标的抗性降低至负值#r#G胜利宝石	300000	2000	-1	-1	-1	-1	-1	-1	-1	-1	-1	-1	-1	-1	-1	-1	-1	-1	-1	-1	-1	-1	-1	-1	-1	-1	-1	-1	-1	-1	-1	-1	-1	-1	-1	-1	-1	-1	-1	-1	-1	-1	-1	-1	-1	-1	-1	-1	-1	-1	-1	-1	-1	-1	-1	-1	150	-1	-1	-1	-1	-1	-1	-1	-1	-1	FFFFFFFF	胜利宝石	32	2004	1	250	
50921003	5	9	21	3	Gemjiankang_12	6	红冥石(9级)	红色的冥石，可以镶嵌在攻击性装备(武器、护腕、戒指、护符、项链、暗器、武魂、七情刃)上，使用后不可再镶嵌同类宝石。#r#G无法将目标的抗性降低至负值#r#G胜利宝石	300000	2000	-1	-1	-1	-1	-1	-1	-1	-1	-1	-1	-1	-1	-1	-1	-1	-1	-1	-1	-1	-1	-1	-1	-1	-1	-1	-1	-1	-1	-1	-1	-1	-1	-1	-1	-1	-1	-1	-1	-1	-1	-1	-1	-1	-1	-1	-1	-1	-1	-1	-1	-1	-1	-1	-1	-1	150	-1	-1	-1	-1	-1	-1	-1	-1	FFFFFFFF	胜利宝石	33	2004	1	250	
50921004	5	9	21	4	Gemjiankang_8	6	绿冥石(9级)	绿色的冥石，可以镶嵌在攻击性装备(武器、护腕、戒指、护符、项链、暗器、武魂、七情刃)上，使用后不可再镶嵌同类宝石。#r#G无法将目标的抗性降低至负值#r#G胜利宝石	300000	2000	-1	-1	-1	-1	-1	-1	-1	-1	-1	-1	-1	-1	-1	-1	-1	-1	-1	-1	-1	-1	-1	-1	-1	-1	-1	-1	-1	-1	-1	-1	-1	-1	-1	-1	-1	-1	-1	-1	-1	-1	-1	-1	-1	-1	-1	-1	-1	-1	-1	-1	-1	-1	-1	-1	-1	-1	-1	150	-1	-1	-1	-1	-1	-1	FFFFFFFF	胜利宝石	34	2004	1	250	
