INT	INT	INT	INT	INT	INT	INT	INT	INT	INT	STRING	INT	STRING	INT	INT	INT	INT	INT	STRING	STRING	INT	INT	INT	INT	INT	INT	INT	INT	INT	INT	INT	INT	INT	INT	INT	INT	INT	INT	INT	INT	INT	INT	INT	INT	INT	INT	INT	INT	INT	INT	INT	INT	INT	INT	INT	INT	INT	INT	INT	INT	INT	INT	INT	INT	INT	INT	INT	INT	INT	INT	INT	INT	INT	INT	INT	INT	INT	INT	INT	INT	INT	INT	INT	INT	INT	INT	INT	INT	INT	INT	INT	INT	INT	INT	INT	INT	INT	INT	INT	INT	INT	INT	INT	INT
Index	class(基本类型)	Quality(品质)	Type(类别)	Index(物品号)	EquipPoint(装备点)	Visual	适应规则	套装编号	套装效果值	Name(名称)$1$	Lv(需求等级)	Desc(说明)$1$	基本价格	出售价格	修理失败上限	技能ID：装备点为武器时标识效果ID（From StandardImpact.txt）	脚本ID	图标	类型描述$1$	是否有资质	是否受品质影响	基础外攻攻击	基础内攻攻击	基础外攻防御	基础内攻防御	基础命中	基础闪避	增加HP的上限	百分比增加HP的上限	加快HP的回复速度	增加MP的上限	百分比增加MP的上限	加快MP的回复速度	冰攻击	冰抵抗	减少冰冻迟缓时间	火攻击	火抵抗	减少火烧持续时间	玄攻击	玄抵抗	减少玄击眩晕时间	毒攻击	毒抵抗	减少中毒时间	按百分比抵消所有属性攻击	外攻攻击	按百分比增加外攻攻击	对装备基础外攻攻击百分比加成	外攻防御	按百分比增加外攻防御	对装备基础外攻防御百分比加成	按百分比抵消外攻伤害	内攻攻击	按百分比增加内攻攻击	对装备基础内攻攻击百分比加成	内攻防御	按百分比增加内攻防御	对装备基础内攻防御百分比加成	按百分比抵消内攻伤害	攻击速度(两次攻击间隔时间)	内攻冷却速度	命中	闪避	会心	无视对方防御比率	移动速度百分比	伤害反射	伤害由内力抵消	力量	灵气	体力	定力	身法	会心防御	增加所有的人物一级属性	生命偷取	内力偷取	增加某个技能等级	增加所有技能等级	特殊技能发动概率	降低目标冰抵抗	降低目标火抵抗	降低目标玄抵抗	降低目标毒抵抗	品质规则	起始数值段	属性条数min	属性条数max	资质min	资质max	升级后变成资源id	INT	INT	INT	INT	INT	INT	INT	INT	升级材料	INT	INT
70100000	7	1	0	0	0	-1	1	-1	-1	1白装爪	1	简单的珍兽装备，由普通兽骨制成，做工轻巧，简单便捷。	1000	800	3	-1	-1	OtherTools2_16	珍兽武器	0	0	62	62	-1	-1	-1	-1	-1	-1	-1	-1	-1	-1	-1	-1	-1	-1	-1	-1	-1	-1	-1	-1	-1	-1	-1	-1	-1	-1	-1	-1	-1	-1	-1	-1	-1	-1	-1	-1	-1	-1	-1	-1	-1	-1	-1	-1	-1	-1	-1	-1	-1	-1	-1	-1	-1	-1	-1	-1	-1	-1	-1	-1	-1	-1	1	-1	0	0	0	0	-1	0	-1	1	-1	1	-1	1	100	20301009	2	70
70100001	7	1	0	1	0	-1	1	-1	-1	轻兽爪	45	简单的珍兽装备，由普通兽骨制成，做工轻巧，简单便捷。	4500	3600	3	-1	-1	PetEquipClaw1_1	珍兽武器	0	0	307	307	-1	-1	-1	-1	-1	-1	-1	-1	-1	-1	-1	-1	-1	-1	-1	-1	-1	-1	-1	-1	-1	-1	-1	-1	-1	-1	-1	-1	-1	-1	-1	-1	-1	-1	-1	-1	-1	-1	-1	-1	-1	-1	-1	-1	-1	-1	-1	-1	-1	-1	-1	-1	-1	-1	-1	-1	-1	-1	-1	-1	-1	-1	1	-1	0	0	0	0	-1	0	-1	-1	1	-1	1	-1	100	20301009	2	70
70100002	7	1	0	2	0	-1	1	-1	-1	重兽爪	55	简单的珍兽装备，防护全面，攻守兼备。	5500	4400	3	-1	-1	PetEquipClaw1_2	珍兽武器	0	0	377	377	-1	-1	-1	-1	-1	-1	-1	-1	-1	-1	-1	-1	-1	-1	-1	-1	-1	-1	-1	-1	-1	-1	-1	-1	-1	-1	-1	-1	-1	-1	-1	-1	-1	-1	-1	-1	-1	-1	-1	-1	-1	-1	-1	-1	-1	-1	-1	-1	-1	-1	-1	-1	-1	-1	-1	-1	-1	-1	-1	-1	-1	-1	1	-1	0	0	0	0	-1	0	-1	1	-1	1	-1	1	100	20301009	2	70
70100003	7	1	0	3	0	-1	1	-1	-1	65白装爪	65	x	6500	5200	3	-1	-1	OtherTools2_19	珍兽武器	0	0	447	447	-1	-1	-1	-1	-1	-1	-1	-1	-1	-1	-1	-1	-1	-1	-1	-1	-1	-1	-1	-1	-1	-1	-1	-1	-1	-1	-1	-1	-1	-1	-1	-1	-1	-1	-1	-1	-1	-1	-1	-1	-1	-1	-1	-1	-1	-1	-1	-1	-1	-1	-1	-1	-1	-1	-1	-1	-1	-1	-1	-1	-1	-1	1	-1	0	0	0	0	-1	0	-1	-1	1	-1	1	-1	100	20301009	2	70
70100004	7	1	0	4	0	-1	1	-1	-1	75白装爪	75	x	7500	6000	3	-1	-1	OtherTools2_20	珍兽武器	0	0	517	517	-1	-1	-1	-1	-1	-1	-1	-1	-1	-1	-1	-1	-1	-1	-1	-1	-1	-1	-1	-1	-1	-1	-1	-1	-1	-1	-1	-1	-1	-1	-1	-1	-1	-1	-1	-1	-1	-1	-1	-1	-1	-1	-1	-1	-1	-1	-1	-1	-1	-1	-1	-1	-1	-1	-1	-1	-1	-1	-1	-1	-1	-1	1	-1	0	0	0	0	-1	0	-1	1	-1	1	-1	1	50	20301009	2	70
70101000	7	1	1	0	1	-1	1	-1	-1	1白装头	1	简单的珍兽装备，由普通兽骨制成，做工轻巧，简单便捷。	1000	800	3	-1	-1	OtherTools2_16	珍兽面甲	0	0	-1	-1	62	62	-1	-1	-1	-1	-1	-1	-1	-1	-1	-1	-1	-1	-1	-1	-1	-1	-1	-1	-1	-1	-1	-1	-1	-1	-1	-1	-1	-1	-1	-1	-1	-1	-1	-1	-1	-1	-1	-1	-1	-1	-1	-1	-1	-1	-1	-1	-1	-1	-1	-1	-1	-1	-1	-1	-1	-1	-1	-1	-1	-1	1	-1	0	0	0	0	-1	0	-1	-1	1	-1	1	-1	50	20301009	2	70
70101001	7	1	1	1	1	-1	1	-1	-1	轻兽盔	45	简单的珍兽装备，由普通兽骨制成，做工轻巧，简单便捷。	4500	3600	3	-1	-1	PetEquipHat1_1	珍兽面甲	0	0	-1	-1	303	303	-1	-1	-1	-1	-1	-1	-1	-1	-1	-1	-1	-1	-1	-1	-1	-1	-1	-1	-1	-1	-1	-1	-1	-1	-1	-1	-1	-1	-1	-1	-1	-1	-1	-1	-1	-1	-1	-1	-1	-1	-1	-1	-1	-1	-1	-1	-1	-1	-1	-1	-1	-1	-1	-1	-1	-1	-1	-1	-1	-1	1	-1	0	0	0	0	-1	0	-1	1	-1	1	-1	1	50	20301009	2	70
70101002	7	1	1	2	1	-1	1	-1	-1	重兽盔	55	简单的珍兽装备，防护全面，攻守兼备。	5500	4400	3	-1	-1	PetEquipHat1_2	珍兽面甲	0	0	-1	-1	373	373	-1	-1	-1	-1	-1	-1	-1	-1	-1	-1	-1	-1	-1	-1	-1	-1	-1	-1	-1	-1	-1	-1	-1	-1	-1	-1	-1	-1	-1	-1	-1	-1	-1	-1	-1	-1	-1	-1	-1	-1	-1	-1	-1	-1	-1	-1	-1	-1	-1	-1	-1	-1	-1	-1	-1	-1	-1	-1	-1	-1	1	-1	0	0	0	0	-1	0	-1	-1	1	-1	1	-1	50	20301009	2	70
70101003	7	1	1	3	1	-1	1	-1	-1	65白装头	65	x	6500	5200	3	-1	-1	OtherTools2_16	珍兽面甲	0	0	-1	-1	442	442	-1	-1	-1	-1	-1	-1	-1	-1	-1	-1	-1	-1	-1	-1	-1	-1	-1	-1	-1	-1	-1	-1	-1	-1	-1	-1	-1	-1	-1	-1	-1	-1	-1	-1	-1	-1	-1	-1	-1	-1	-1	-1	-1	-1	-1	-1	-1	-1	-1	-1	-1	-1	-1	-1	-1	-1	-1	-1	-1	-1	1	-1	0	0	0	0	-1	0	-1	1	-1	1	-1	1	50	20301009	2	70
70101004	7	1	1	4	1	-1	1	-1	-1	75白装头	75	x	7500	6000	3	-1	-1	OtherTools2_16	珍兽面甲	0	0	-1	-1	511	511	-1	-1	-1	-1	-1	-1	-1	-1	-1	-1	-1	-1	-1	-1	-1	-1	-1	-1	-1	-1	-1	-1	-1	-1	-1	-1	-1	-1	-1	-1	-1	-1	-1	-1	-1	-1	-1	-1	-1	-1	-1	-1	-1	-1	-1	-1	-1	-1	-1	-1	-1	-1	-1	-1	-1	-1	-1	-1	-1	-1	1	-1	0	0	0	0	-1	0	-1	-1	1	-1	1	-1	100	20301009	2	70
70102000	7	1	2	0	2	-1	1	-1	-1	1白装甲	1	简单的珍兽装备，由普通兽骨制成，做工轻巧，简单便捷。	1000	800	3	-1	-1	OtherTools2_16	珍兽体甲	0	0	-1	-1	62	62	-1	-1	-1	-1	-1	-1	-1	-1	-1	-1	-1	-1	-1	-1	-1	-1	-1	-1	-1	-1	-1	-1	-1	-1	-1	-1	-1	-1	-1	-1	-1	-1	-1	-1	-1	-1	-1	-1	-1	-1	-1	-1	-1	-1	-1	-1	-1	-1	-1	-1	-1	-1	-1	-1	-1	-1	-1	-1	-1	-1	1	-1	0	0	0	0	-1	0	-1	1	-1	1	-1	1	100	20301009	2	70
70102001	7	1	2	1	2	-1	1	-1	-1	轻兽甲	45	简单的珍兽装备，由普通兽骨制成，做工轻巧，简单便捷。	4500	3600	3	-1	-1	PetEquipCloth1_1	珍兽体甲	0	0	-1	-1	303	303	-1	-1	-1	-1	-1	-1	-1	-1	-1	-1	-1	-1	-1	-1	-1	-1	-1	-1	-1	-1	-1	-1	-1	-1	-1	-1	-1	-1	-1	-1	-1	-1	-1	-1	-1	-1	-1	-1	-1	-1	-1	-1	-1	-1	-1	-1	-1	-1	-1	-1	-1	-1	-1	-1	-1	-1	-1	-1	-1	-1	1	-1	0	0	0	0	-1	0	-1	-1	1	-1	1	-1	100	20301009	2	70
70102002	7	1	2	2	2	-1	1	-1	-1	重兽甲	55	简单的珍兽装备，防护全面，攻守兼备。	5500	4400	3	-1	-1	PetEquipCloth1_2	珍兽体甲	0	0	-1	-1	373	373	-1	-1	-1	-1	-1	-1	-1	-1	-1	-1	-1	-1	-1	-1	-1	-1	-1	-1	-1	-1	-1	-1	-1	-1	-1	-1	-1	-1	-1	-1	-1	-1	-1	-1	-1	-1	-1	-1	-1	-1	-1	-1	-1	-1	-1	-1	-1	-1	-1	-1	-1	-1	-1	-1	-1	-1	-1	-1	-1	-1	1	-1	0	0	0	0	-1	0	-1	1	-1	1	-1	1	100	20301009	2	70
70102003	7	1	2	3	2	-1	1	-1	-1	65白装甲	65	x	6500	5200	3	-1	-1	OtherTools2_16	珍兽体甲	0	0	-1	-1	442	442	-1	-1	-1	-1	-1	-1	-1	-1	-1	-1	-1	-1	-1	-1	-1	-1	-1	-1	-1	-1	-1	-1	-1	-1	-1	-1	-1	-1	-1	-1	-1	-1	-1	-1	-1	-1	-1	-1	-1	-1	-1	-1	-1	-1	-1	-1	-1	-1	-1	-1	-1	-1	-1	-1	-1	-1	-1	-1	-1	-1	1	-1	0	0	0	0	-1	0	-1	-1	1	-1	1	-1	100	20301009	2	70
70102004	7	1	2	4	2	-1	1	-1	-1	75白装甲	75	x	7500	6000	3	-1	-1	OtherTools2_16	珍兽体甲	0	0	-1	-1	511	511	-1	-1	-1	-1	-1	-1	-1	-1	-1	-1	-1	-1	-1	-1	-1	-1	-1	-1	-1	-1	-1	-1	-1	-1	-1	-1	-1	-1	-1	-1	-1	-1	-1	-1	-1	-1	-1	-1	-1	-1	-1	-1	-1	-1	-1	-1	-1	-1	-1	-1	-1	-1	-1	-1	-1	-1	-1	-1	-1	-1	1	-1	0	0	0	0	-1	0	-1	1	-1	1	-1	1	100	20301009	2	70
70103000	7	1	3	0	3	-1	1	-1	-1	1白装项圈	1	简单的珍兽装备，由普通兽骨制成，做工轻巧，简单便捷。	1000	800	3	-1	-1	OtherTools2_16	珍兽项圈	0	0	-1	-1	-1	-1	67	-1	-1	-1	-1	-1	-1	-1	-1	-1	-1	-1	-1	-1	-1	-1	-1	-1	-1	-1	-1	-1	-1	-1	-1	-1	-1	-1	-1	-1	-1	-1	-1	-1	-1	-1	-1	-1	-1	-1	-1	-1	-1	-1	-1	-1	-1	-1	-1	-1	-1	-1	-1	-1	-1	-1	-1	-1	-1	-1	1	-1	0	0	0	0	-1	0	-1	-1	1	-1	1	-1	100	20301009	2	70
70103001	7	1	3	1	3	-1	1	-1	-1	轻兽圈	45	简单的珍兽装备，由普通兽骨制成，做工轻巧，简单便捷。	4500	3600	3	-1	-1	PetEquipChaplet1_1	珍兽项圈	0	0	-1	-1	-1	-1	283	-1	-1	-1	-1	-1	-1	-1	-1	-1	-1	-1	-1	-1	-1	-1	-1	-1	-1	-1	-1	-1	-1	-1	-1	-1	-1	-1	-1	-1	-1	-1	-1	-1	-1	-1	-1	-1	-1	-1	-1	-1	-1	-1	-1	-1	-1	-1	-1	-1	-1	-1	-1	-1	-1	-1	-1	-1	-1	-1	1	-1	0	0	0	0	-1	0	-1	1	-1	1	-1	1	100	20301009	2	70
70103002	7	1	3	2	3	-1	1	-1	-1	重兽圈	55	简单的珍兽装备，防护全面，攻守兼备。	5500	4400	3	-1	-1	PetEquipChaplet1_2	珍兽项圈	0	0	-1	-1	-1	-1	345	-1	-1	-1	-1	-1	-1	-1	-1	-1	-1	-1	-1	-1	-1	-1	-1	-1	-1	-1	-1	-1	-1	-1	-1	-1	-1	-1	-1	-1	-1	-1	-1	-1	-1	-1	-1	-1	-1	-1	-1	-1	-1	-1	-1	-1	-1	-1	-1	-1	-1	-1	-1	-1	-1	-1	-1	-1	-1	-1	1	-1	0	0	0	0	-1	0	-1	-1	1	-1	1	-1	100	20301009	2	70
70103003	7	1	3	3	3	-1	1	-1	-1	65白装项圈	65	x	6500	5200	3	-1	-1	OtherTools2_16	珍兽项圈	0	0	-1	-1	-1	-1	407	-1	-1	-1	-1	-1	-1	-1	-1	-1	-1	-1	-1	-1	-1	-1	-1	-1	-1	-1	-1	-1	-1	-1	-1	-1	-1	-1	-1	-1	-1	-1	-1	-1	-1	-1	-1	-1	-1	-1	-1	-1	-1	-1	-1	-1	-1	-1	-1	-1	-1	-1	-1	-1	-1	-1	-1	-1	-1	-1	1	-1	0	0	0	0	-1	0	-1	1	-1	1	-1	1	100	20301009	2	70
70103004	7	1	3	4	3	-1	1	-1	-1	75白装项圈	75	x	7500	6000	3	-1	-1	OtherTools2_16	珍兽项圈	0	0	-1	-1	-1	-1	469	-1	-1	-1	-1	-1	-1	-1	-1	-1	-1	-1	-1	-1	-1	-1	-1	-1	-1	-1	-1	-1	-1	-1	-1	-1	-1	-1	-1	-1	-1	-1	-1	-1	-1	-1	-1	-1	-1	-1	-1	-1	-1	-1	-1	-1	-1	-1	-1	-1	-1	-1	-1	-1	-1	-1	-1	-1	-1	-1	1	-1	0	0	0	0	-1	0	-1	-1	1	-1	1	-1	50	20301009	2	70
70104000	7	1	4	0	4	-1	1	-1	-1	1白装护符	1	简单的珍兽装备，由普通兽骨制成，做工轻巧，简单便捷。	1000	800	3	-1	-1	OtherTools2_16	珍兽护符	0	0	62	62	-1	-1	-1	-1	-1	-1	-1	-1	-1	-1	-1	-1	-1	-1	-1	-1	-1	-1	-1	-1	-1	-1	-1	-1	-1	-1	-1	-1	-1	-1	-1	-1	-1	-1	-1	-1	-1	-1	-1	-1	-1	-1	-1	-1	-1	-1	-1	-1	-1	-1	-1	-1	-1	-1	-1	-1	-1	-1	-1	-1	-1	-1	1	-1	0	0	0	0	-1	0	-1	1	-1	1	-1	1	50	20301009	2	70
70104001	7	1	4	1	4	-1	1	-1	-1	轻兽符	45	简单的珍兽装备，由普通兽骨制成，做工轻巧，简单便捷。	4500	3600	3	-1	-1	PetEquipAmulet1_1	珍兽护符	0	0	307	307	-1	-1	-1	-1	-1	-1	-1	-1	-1	-1	-1	-1	-1	-1	-1	-1	-1	-1	-1	-1	-1	-1	-1	-1	-1	-1	-1	-1	-1	-1	-1	-1	-1	-1	-1	-1	-1	-1	-1	-1	-1	-1	-1	-1	-1	-1	-1	-1	-1	-1	-1	-1	-1	-1	-1	-1	-1	-1	-1	-1	-1	-1	1	-1	0	0	0	0	-1	0	-1	-1	1	-1	1	-1	50	20301009	2	70
70104002	7	1	4	2	4	-1	1	-1	-1	重兽符	55	简单的珍兽装备，防护全面，攻守兼备。	5500	4400	3	-1	-1	PetEquipAmulet1_2	珍兽护符	0	0	377	377	-1	-1	-1	-1	-1	-1	-1	-1	-1	-1	-1	-1	-1	-1	-1	-1	-1	-1	-1	-1	-1	-1	-1	-1	-1	-1	-1	-1	-1	-1	-1	-1	-1	-1	-1	-1	-1	-1	-1	-1	-1	-1	-1	-1	-1	-1	-1	-1	-1	-1	-1	-1	-1	-1	-1	-1	-1	-1	-1	-1	-1	-1	1	-1	0	0	0	0	-1	0	-1	1	-1	1	-1	1	50	20301009	2	70
70104003	7	1	4	3	4	-1	1	-1	-1	65白装护符	65	x	6500	5200	3	-1	-1	OtherTools2_16	珍兽武器	0	0	447	447	-1	-1	-1	-1	-1	-1	-1	-1	-1	-1	-1	-1	-1	-1	-1	-1	-1	-1	-1	-1	-1	-1	-1	-1	-1	-1	-1	-1	-1	-1	-1	-1	-1	-1	-1	-1	-1	-1	-1	-1	-1	-1	-1	-1	-1	-1	-1	-1	-1	-1	-1	-1	-1	-1	-1	-1	-1	-1	-1	-1	-1	-1	1	-1	0	0	0	0	-1	0	-1	-1	1	-1	1	-1	50	20301009	2	70
70104004	7	1	4	4	4	-1	1	-1	-1	75白装护符	75	x	7500	6000	3	-1	-1	OtherTools2_16	珍兽武器	0	0	517	517	-1	-1	-1	-1	-1	-1	-1	-1	-1	-1	-1	-1	-1	-1	-1	-1	-1	-1	-1	-1	-1	-1	-1	-1	-1	-1	-1	-1	-1	-1	-1	-1	-1	-1	-1	-1	-1	-1	-1	-1	-1	-1	-1	-1	-1	-1	-1	-1	-1	-1	-1	-1	-1	-1	-1	-1	-1	-1	-1	-1	-1	-1	1	-1	0	0	0	0	-1	0	-1	1	-1	1	-1	1	100	20301009	2	70
70200000	7	2	0	0	0	-1	22	-1	-1	1未鉴定爪	1	x	1000	800	3	-1	-1	OtherTools2_16	珍兽武器	1	1	62	62	-1	-1	-1	-1	-1	-1	-1	-1	-1	-1	1	-1	-1	1	-1	-1	1	-1	-1	1	-1	-1	-1	3	-1	-1	-1	-1	-1	-1	3	-1	-1	-1	-1	-1	-1	-1	-1	1	-1	1	-1	-1	-1	-1	1	1	-1	-1	1	-1	1	-1	-1	-1	-1	-1	-1	-1	-1	-1	10	1	3	7	1	250	-1	0	1	-1	1	-1	1	-1	100	20301009	2	70
70200001	7	2	0	1	0	-1	22	-1	-1	马踏刍云兽爪	45	茫茫草原，骏马奔腾，此物因此得名。	4500	3600	3	-1	-1	OtherTools2_16	珍兽武器	1	1	307	307	-1	-1	-1	-1	-1	-1	-1	-1	-1	-1	1	-1	-1	1	-1	-1	1	-1	-1	1	-1	-1	-1	3	-1	-1	-1	-1	-1	-1	3	-1	-1	-1	-1	-1	-1	-1	-1	1	-1	1	-1	-1	-1	-1	1	1	-1	-1	1	-1	1	-1	-1	-1	-1	-1	-1	-1	-1	-1	14	45	3	7	1	250	-1	0	1	1	-1	1	-1	1	100	20301009	2	70
70200002	7	2	0	2	0	-1	22	-1	-1	55未鉴定爪	55	x	5500	4400	3	-1	-1	OtherTools2_16	珍兽武器	1	1	377	377	-1	-1	-1	-1	-1	-1	-1	-1	-1	-1	1	-1	-1	1	-1	-1	1	-1	-1	1	-1	-1	-1	3	-1	-1	-1	-1	-1	-1	3	-1	-1	-1	-1	-1	-1	-1	-1	1	-1	1	-1	-1	-1	-1	1	1	-1	-1	1	-1	1	-1	-1	-1	-1	-1	-1	-1	-1	-1	15	55	3	7	1	250	-1	0	1	-1	1	-1	1	-1	100	20301009	2	70
70200003	7	2	0	3	0	-1	22	-1	-1	65未鉴定爪	65	x	6500	5200	3	-1	-1	OtherTools2_16	珍兽武器	1	1	447	447	-1	-1	-1	-1	-1	-1	-1	-1	-1	-1	1	-1	-1	1	-1	-1	1	-1	-1	1	-1	-1	-1	3	-1	-1	-1	-1	-1	-1	3	-1	-1	-1	-1	-1	-1	-1	-1	1	-1	1	-1	-1	-1	-1	1	1	-1	-1	1	-1	1	-1	-1	-1	-1	-1	-1	-1	-1	-1	16	65	3	7	1	250	-1	0	1	1	-1	1	-1	1	100	20301009	2	70
70200004	7	2	0	4	0	-1	22	-1	-1	75未鉴定爪	75	x	7500	6000	3	-1	-1	OtherTools2_16	珍兽武器	1	1	517	517	-1	-1	-1	-1	-1	-1	-1	-1	-1	-1	1	-1	-1	1	-1	-1	1	-1	-1	1	-1	-1	-1	3	-1	-1	-1	-1	-1	-1	3	-1	-1	-1	-1	-1	-1	-1	-1	1	-1	1	-1	-1	-1	-1	1	1	-1	-1	1	-1	1	-1	-1	-1	-1	-1	-1	-1	-1	-1	17	75	3	7	1	250	-1	0	1	-1	1	-1	1	-1	50	20301009	2	70
70201000	7	2	1	0	1	-1	22	-1	-1	1未鉴定头	1	x	1000	800	3	-1	-1	OtherTools2_16	珍兽面甲	1	1	-1	-1	62	62	-1	-1	1	-1	-1	-1	-1	-1	-1	-1	-1	-1	-1	-1	-1	-1	-1	-1	-1	-1	-1	-1	-1	-1	1	-1	-1	-1	-1	-1	-1	1	-1	-1	-1	-1	-1	-1	1	-1	-1	-1	-1	-1	1	1	1	1	1	-1	1	-1	-1	-1	-1	-1	-1	-1	-1	-1	10	1	3	7	1	250	-1	0	1	1	-1	1	-1	1	50	20301009	2	70
70201001	7	2	1	1	1	-1	22	-1	-1	马踏刍云兽盔	45	茫茫草原，骏马奔腾，此物因此得名。	4500	3600	3	-1	-1	OtherTools2_16	珍兽面甲	1	1	-1	-1	303	303	-1	-1	1	-1	-1	-1	-1	-1	-1	-1	-1	-1	-1	-1	-1	-1	-1	-1	-1	-1	-1	-1	-1	-1	1	-1	-1	-1	-1	-1	-1	1	-1	-1	-1	-1	-1	-1	1	-1	-1	-1	-1	-1	1	1	1	1	1	-1	1	-1	-1	-1	-1	-1	-1	-1	-1	-1	14	45	3	7	1	250	-1	0	1	-1	1	-1	1	-1	50	20301009	2	70
70201002	7	2	1	2	1	-1	22	-1	-1	55未鉴定头	55	x	5500	4400	3	-1	-1	OtherTools2_16	珍兽面甲	1	1	-1	-1	373	373	-1	-1	1	-1	-1	-1	-1	-1	-1	-1	-1	-1	-1	-1	-1	-1	-1	-1	-1	-1	-1	-1	-1	-1	1	-1	-1	-1	-1	-1	-1	1	-1	-1	-1	-1	-1	-1	1	-1	-1	-1	-1	-1	1	1	1	1	1	-1	1	-1	-1	-1	-1	-1	-1	-1	-1	-1	15	55	3	7	1	250	-1	0	1	1	-1	1	-1	1	50	20301009	2	70
70201003	7	2	1	3	1	-1	22	-1	-1	65未鉴定头	65	x	6500	5200	3	-1	-1	OtherTools2_16	珍兽面甲	1	1	-1	-1	442	442	-1	-1	1	-1	-1	-1	-1	-1	-1	-1	-1	-1	-1	-1	-1	-1	-1	-1	-1	-1	-1	-1	-1	-1	1	-1	-1	-1	-1	-1	-1	1	-1	-1	-1	-1	-1	-1	1	-1	-1	-1	-1	-1	1	1	1	1	1	-1	1	-1	-1	-1	-1	-1	-1	-1	-1	-1	16	65	3	7	1	250	-1	0	1	-1	1	-1	1	-1	50	20301009	2	70
70201004	7	2	1	4	1	-1	22	-1	-1	75未鉴定头	75	x	7500	6000	3	-1	-1	OtherTools2_16	珍兽面甲	1	1	-1	-1	511	511	-1	-1	1	-1	-1	-1	-1	-1	-1	-1	-1	-1	-1	-1	-1	-1	-1	-1	-1	-1	-1	-1	-1	-1	1	-1	-1	-1	-1	-1	-1	1	-1	-1	-1	-1	-1	-1	1	-1	-1	-1	-1	-1	1	1	1	1	1	-1	1	-1	-1	-1	-1	-1	-1	-1	-1	-1	17	75	3	7	1	250	-1	0	1	1	-1	1	-1	1	100	20301009	2	70
70202000	7	2	2	0	2	-1	22	-1	-1	1未鉴定甲	1	x	1000	800	3	-1	-1	OtherTools2_16	珍兽体甲	1	1	-1	-1	62	62	-1	-1	1	-1	-1	-1	-1	-1	-1	1	-1	-1	1	-1	-1	1	-1	-1	1	-1	-1	-1	-1	-1	1	-1	-1	-1	-1	-1	-1	1	-1	-1	-1	-1	-1	-1	-1	-1	-1	-1	-1	-1	1	1	1	1	1	1	1	-1	-1	-1	-1	-1	-1	-1	-1	-1	10	1	3	7	1	250	-1	0	1	-1	1	-1	1	-1	100	20301009	2	70
70202001	7	2	2	1	2	-1	22	-1	-1	马踏刍云兽甲	45	茫茫草原，骏马奔腾，此物因此得名。	4500	3600	3	-1	-1	OtherTools2_16	珍兽体甲	1	1	-1	-1	303	303	-1	-1	1	-1	-1	-1	-1	-1	-1	1	-1	-1	1	-1	-1	1	-1	-1	1	-1	-1	-1	-1	-1	1	-1	-1	-1	-1	-1	-1	1	-1	-1	-1	-1	-1	-1	-1	-1	-1	-1	-1	-1	1	1	1	1	1	1	1	-1	-1	-1	-1	-1	-1	-1	-1	-1	14	45	3	7	1	250	-1	0	1	1	-1	1	-1	1	100	20301009	2	70
70202002	7	2	2	2	2	-1	22	-1	-1	55未鉴定甲	55	x	5500	4400	3	-1	-1	OtherTools2_16	珍兽体甲	1	1	-1	-1	373	373	-1	-1	1	-1	-1	-1	-1	-1	-1	1	-1	-1	1	-1	-1	1	-1	-1	1	-1	-1	-1	-1	-1	1	-1	-1	-1	-1	-1	-1	1	-1	-1	-1	-1	-1	-1	-1	-1	-1	-1	-1	-1	1	1	1	1	1	1	1	-1	-1	-1	-1	-1	-1	-1	-1	-1	15	55	3	7	1	250	-1	0	1	-1	1	-1	1	-1	100	20301009	2	70
70202003	7	2	2	3	2	-1	22	-1	-1	65未鉴定甲	65	x	6500	5200	3	-1	-1	OtherTools2_16	珍兽体甲	1	1	-1	-1	442	442	-1	-1	1	-1	-1	-1	-1	-1	-1	1	-1	-1	1	-1	-1	1	-1	-1	1	-1	-1	-1	-1	-1	1	-1	-1	-1	-1	-1	-1	1	-1	-1	-1	-1	-1	-1	-1	-1	-1	-1	-1	-1	1	1	1	1	1	1	1	-1	-1	-1	-1	-1	-1	-1	-1	-1	16	65	3	7	1	250	-1	0	1	1	-1	1	-1	1	100	20301009	2	70
70202004	7	2	2	4	2	-1	22	-1	-1	75未鉴定甲	75	x	7500	6000	3	-1	-1	OtherTools2_16	珍兽体甲	1	1	-1	-1	511	511	-1	-1	1	-1	-1	-1	-1	-1	-1	1	-1	-1	1	-1	-1	1	-1	-1	1	-1	-1	-1	-1	-1	1	-1	-1	-1	-1	-1	-1	1	-1	-1	-1	-1	-1	-1	-1	-1	-1	-1	-1	-1	1	1	1	1	1	1	1	-1	-1	-1	-1	-1	-1	-1	-1	-1	17	75	3	7	1	250	-1	0	1	-1	1	-1	1	-1	100	20301009	2	70
70203000	7	2	3	0	3	-1	22	-1	-1	1未鉴定项圈	1	x	1000	800	3	-1	-1	OtherTools2_16	珍兽项圈	1	1	-1	-1	-1	-1	67	-1	-1	-1	-1	-1	-1	-1	-1	-1	-1	-1	-1	-1	-1	-1	-1	-1	-1	-1	-1	1	-1	-1	1	-1	-1	-1	1	-1	-1	1	-1	-1	-1	-1	-1	1	1	1	-1	-1	-1	-1	1	1	1	1	1	-1	1	-1	-1	-1	-1	-1	-1	-1	-1	-1	10	1	3	7	1	250	-1	0	1	1	-1	1	-1	1	100	20301009	2	70
70203001	7	2	3	1	3	-1	22	-1	-1	马踏刍云兽鬃	45	茫茫草原，骏马奔腾，此物因此得名。	4500	3600	3	-1	-1	OtherTools2_16	珍兽项圈	1	1	-1	-1	-1	-1	283	-1	-1	-1	-1	-1	-1	-1	-1	-1	-1	-1	-1	-1	-1	-1	-1	-1	-1	-1	-1	1	-1	-1	1	-1	-1	-1	1	-1	-1	1	-1	-1	-1	-1	-1	1	1	1	-1	-1	-1	-1	1	1	1	1	1	-1	1	-1	-1	-1	-1	-1	-1	-1	-1	-1	14	45	3	7	1	250	-1	0	1	-1	1	-1	1	-1	100	20301009	2	70
70203002	7	2	3	2	3	-1	22	-1	-1	55未鉴定项圈	55	x	5500	4400	3	-1	-1	OtherTools2_16	珍兽项圈	1	1	-1	-1	-1	-1	345	-1	-1	-1	-1	-1	-1	-1	-1	-1	-1	-1	-1	-1	-1	-1	-1	-1	-1	-1	-1	1	-1	-1	1	-1	-1	-1	1	-1	-1	1	-1	-1	-1	-1	-1	1	1	1	-1	-1	-1	-1	1	1	1	1	1	-1	1	-1	-1	-1	-1	-1	-1	-1	-1	-1	15	55	3	7	1	250	-1	0	1	1	-1	1	-1	1	100	20301009	2	70
70203003	7	2	3	3	3	-1	22	-1	-1	65未鉴定项圈	65	x	6500	5200	3	-1	-1	OtherTools2_16	珍兽项圈	1	1	-1	-1	-1	-1	407	-1	-1	-1	-1	-1	-1	-1	-1	-1	-1	-1	-1	-1	-1	-1	-1	-1	-1	-1	-1	1	-1	-1	1	-1	-1	-1	1	-1	-1	1	-1	-1	-1	-1	-1	1	1	1	-1	-1	-1	-1	1	1	1	1	1	-1	1	-1	-1	-1	-1	-1	-1	-1	-1	-1	16	65	3	7	1	250	-1	0	1	-1	1	-1	1	-1	100	20301009	2	70
70203004	7	2	3	4	3	-1	22	-1	-1	75未鉴定项圈	75	x	7500	6000	3	-1	-1	OtherTools2_16	珍兽项圈	1	1	-1	-1	-1	-1	469	-1	-1	-1	-1	-1	-1	-1	-1	-1	-1	-1	-1	-1	-1	-1	-1	-1	-1	-1	-1	1	-1	-1	1	-1	-1	-1	1	-1	-1	1	-1	-1	-1	-1	-1	1	1	1	-1	-1	-1	-1	1	1	1	1	1	-1	1	-1	-1	-1	-1	-1	-1	-1	-1	-1	17	75	3	7	1	250	-1	0	1	1	-1	1	-1	1	50	20301009	2	70
70204000	7	2	4	0	4	-1	22	-1	-1	1未鉴定护符	1	x	1000	800	3	-1	-1	OtherTools2_16	珍兽护符	1	1	62	62	-1	-1	-1	-1	-1	-1	-1	-1	-1	-1	1	-1	-1	1	-1	-1	1	-1	-1	1	-1	-1	-1	3	-1	-1	-1	-1	-1	-1	3	-1	-1	-1	-1	-1	-1	-1	-1	1	-1	1	-1	-1	-1	-1	1	1	-1	-1	1	-1	1	-1	-1	-1	-1	-1	-1	-1	-1	-1	10	1	3	7	1	250	-1	0	1	-1	1	-1	1	-1	50	20301009	2	70
70204001	7	2	4	1	4	-1	22	-1	-1	马踏刍云兽护	45	茫茫草原，骏马奔腾，此物因此得名。	4500	3600	3	-1	-1	OtherTools2_16	珍兽护符	1	1	307	307	-1	-1	-1	-1	-1	-1	-1	-1	-1	-1	1	-1	-1	1	-1	-1	1	-1	-1	1	-1	-1	-1	3	-1	-1	-1	-1	-1	-1	3	-1	-1	-1	-1	-1	-1	-1	-1	1	-1	1	-1	-1	-1	-1	1	1	-1	-1	1	-1	1	-1	-1	-1	-1	-1	-1	-1	-1	-1	14	45	3	7	1	250	-1	0	1	1	-1	1	-1	1	50	20301009	2	70
70204002	7	2	4	2	4	-1	22	-1	-1	55未鉴定护符	55	x	5500	4400	3	-1	-1	OtherTools2_16	珍兽护符	1	1	377	377	-1	-1	-1	-1	-1	-1	-1	-1	-1	-1	1	-1	-1	1	-1	-1	1	-1	-1	1	-1	-1	-1	3	-1	-1	-1	-1	-1	-1	3	-1	-1	-1	-1	-1	-1	-1	-1	1	-1	1	-1	-1	-1	-1	1	1	-1	-1	1	-1	1	-1	-1	-1	-1	-1	-1	-1	-1	-1	15	55	3	7	1	250	-1	0	1	-1	1	-1	1	-1	50	20301009	2	70
70204003	7	2	4	3	4	-1	22	-1	-1	65未鉴定护符	65	x	6500	5200	3	-1	-1	OtherTools2_16	珍兽护符	1	1	447	447	-1	-1	-1	-1	-1	-1	-1	-1	-1	-1	1	-1	-1	1	-1	-1	1	-1	-1	1	-1	-1	-1	3	-1	-1	-1	-1	-1	-1	3	-1	-1	-1	-1	-1	-1	-1	-1	1	-1	1	-1	-1	-1	-1	1	1	-1	-1	1	-1	1	-1	-1	-1	-1	-1	-1	-1	-1	-1	16	65	3	7	1	250	-1	0	1	1	-1	1	-1	1	50	20301009	2	70
70204004	7	2	4	4	4	-1	22	-1	-1	75未鉴定护符	75	x	7500	6000	3	-1	-1	OtherTools2_16	珍兽护符	1	1	517	517	-1	-1	-1	-1	-1	-1	-1	-1	-1	-1	1	-1	-1	1	-1	-1	1	-1	-1	1	-1	-1	-1	3	-1	-1	-1	-1	-1	-1	3	-1	-1	-1	-1	-1	-1	-1	-1	1	-1	1	-1	-1	-1	-1	1	1	-1	-1	1	-1	1	-1	-1	-1	-1	-1	-1	-1	-1	-1	17	75	3	7	1	250	-1	0	1	-1	1	-1	1	-1	100	20301009	2	70
70400000	7	4	0	0	0	-1	1	-1	-1	灵兽爪	75	简单的珍兽装备，由具有灵气的兽骨制成。浑然天成，充满灵性。	1000	800	3	-1	-1	PetEquipClaw1_1	珍兽武器	1	1	517	517	-1	-1	-1	-1	-1	-1	-1	-1	-1	-1	-1	-1	-1	-1	-1	-1	-1	-1	-1	-1	-1	-1	-1	-1	-1	-1	-1	-1	-1	-1	-1	-1	-1	-1	-1	-1	-1	-1	-1	-1	-1	-1	-1	-1	-1	-1	-1	-1	-1	-1	-1	-1	1	-1	-1	-1	-1	-1	-1	-1	-1	-1	1	75	1	1	1	250	-1	0	-1	-1	-1	-1	-1	-1	100	-1	-1	-1
70401000	7	4	1	0	1	-1	1	-1	-1	灵兽面	75	简单的珍兽装备，由具有灵气的兽骨制成。浑然天成，充满灵性。	1000	800	3	-1	-1	PetEquipHat1_1	珍兽面甲	1	1	-1	-1	511	511	-1	-1	-1	-1	-1	-1	-1	-1	-1	-1	-1	-1	-1	-1	-1	-1	-1	-1	-1	-1	-1	-1	-1	-1	-1	-1	-1	-1	-1	-1	-1	-1	-1	-1	-1	-1	-1	-1	-1	-1	-1	-1	-1	-1	-1	-1	-1	-1	-1	-1	1	-1	-1	-1	-1	-1	-1	-1	-1	-1	1	75	1	1	1	250	-1	0	-1	-1	-1	-1	-1	-1	50	-1	-1	-1
70402000	7	4	2	0	2	-1	1	-1	-1	灵兽甲	75	简单的珍兽装备，由具有灵气的兽骨制成。浑然天成，充满灵性。	1000	800	3	-1	-1	PetEquipCloth1_1	珍兽体甲	1	1	-1	-1	511	511	-1	-1	-1	-1	-1	-1	-1	-1	-1	-1	-1	-1	-1	-1	-1	-1	-1	-1	-1	-1	-1	-1	-1	-1	-1	-1	-1	-1	-1	-1	-1	-1	-1	-1	-1	-1	-1	-1	-1	-1	-1	-1	-1	-1	-1	-1	-1	-1	-1	-1	1	-1	-1	-1	-1	-1	-1	-1	-1	-1	1	75	1	1	1	250	-1	0	-1	-1	-1	-1	-1	-1	100	-1	-1	-1
70403000	7	4	3	0	3	-1	1	-1	-1	灵兽环	75	简单的珍兽装备，由具有灵气的兽骨制成。浑然天成，充满灵性。#r项圈装备后珍兽出战时#G所有属性#W将获得#G5#W点的提升。	1000	800	3	8343	-1	PetEquipChaplet1_1	珍兽项圈	1	1	-1	-1	-1	-1	469	-1	-1	-1	-1	-1	-1	-1	-1	-1	-1	-1	-1	-1	-1	-1	-1	-1	-1	-1	-1	-1	-1	-1	-1	-1	-1	-1	-1	-1	-1	-1	-1	-1	-1	-1	-1	-1	-1	-1	-1	-1	-1	-1	-1	-1	-1	-1	-1	-1	-1	-1	-1	-1	-1	-1	-1	-1	-1	-1	1	75	1	1	1	250	-1	0	-1	-1	-1	-1	-1	-1	100	-1	-1	-1
70404000	7	4	4	0	4	-1	1	-1	-1	灵兽饰	75	简单的珍兽装备，由具有灵气的兽骨制成。浑然天成，充满灵性。	1000	800	3	-1	-1	PetEquipAmulet1_1	珍兽护符	1	1	517	517	-1	-1	-1	-1	-1	-1	-1	-1	-1	-1	-1	-1	-1	-1	-1	-1	-1	-1	-1	-1	-1	-1	-1	-1	-1	-1	-1	-1	-1	-1	-1	-1	-1	-1	-1	-1	-1	-1	-1	-1	-1	-1	-1	-1	-1	-1	-1	-1	-1	-1	-1	-1	1	-1	-1	-1	-1	-1	-1	-1	-1	-1	1	75	1	1	1	250	-1	0	-1	-1	-1	-1	-1	-1	50	-1	-1	-1
70500000	7	5	0	0	0	-1	2	0	0	苍狼啸月兽爪·勇	75	苍狼啸月，加其力也。#r适合#G勇猛#W性格的珍兽穿着，穿齐全套可#G增加猛击技能的伤害#W。#r#G可在苏州（248，184）云姗姗处使用珍兽装备相关功能。#W	1000	800	3	-1	-1	PetEquipClaw1_13	珍兽武器	1	1	587	587	-1	-1	-1	-1	-1	-1	-1	-1	-1	-1	-1	-1	-1	-1	-1	-1	-1	-1	-1	-1	-1	-1	-1	1	-1	-1	-1	-1	-1	-1	-1	-1	-1	-1	-1	-1	-1	-1	-1	-1	-1	1	-1	-1	-1	-1	-1	-1	-1	-1	-1	-1	-1	-1	-1	-1	-1	-1	-1	-1	-1	-1	1	85	2	2	1	250	-1	0	-1	1	-1	-1	-1	-1	50	20301009	1	80
70500001	7	5	0	1	0	-1	2	1	0	苍狼啸月兽爪·勇	75	苍狼啸月，加其力也。#r适合#G勇猛#W性格的珍兽穿着，穿齐全套可#G增加猛击技能的伤害#W。#r#G可在苏州（248，184）云姗姗处使用珍兽装备相关功能。#W	1000	800	3	-1	-1	PetEquipClaw1_13	珍兽武器	1	1	587	587	-1	-1	-1	-1	-1	-1	-1	-1	-1	-1	-1	-1	-1	-1	-1	-1	-1	-1	-1	-1	-1	-1	-1	1	-1	-1	-1	-1	-1	-1	-1	-1	-1	-1	-1	-1	-1	-1	-1	-1	-1	1	-1	-1	-1	-1	-1	-1	-1	-1	-1	-1	-1	-1	-1	-1	-1	-1	-1	-1	-1	-1	2	85	2	2	1	250	-1	0	-1	1	-1	-1	-1	-1	60	20301009	3	100
70500002	7	5	0	2	0	-1	2	2	0	苍狼啸月兽爪·勇	75	苍狼啸月，加其力也。#r适合#G勇猛#W性格的珍兽穿着，穿齐全套可#G增加猛击技能的伤害#W。#r#G可在苏州（248，184）云姗姗处使用珍兽装备相关功能。#W	1000	800	3	-1	-1	PetEquipClaw1_13	珍兽武器	1	1	587	587	-1	-1	-1	-1	-1	-1	-1	-1	-1	-1	-1	-1	-1	-1	-1	-1	-1	-1	-1	-1	-1	-1	-1	1	-1	-1	-1	-1	-1	-1	-1	-1	-1	-1	-1	-1	-1	-1	-1	-1	-1	1	-1	-1	-1	-1	-1	-1	-1	-1	-1	-1	-1	-1	-1	-1	-1	-1	-1	-1	-1	-1	3	85	2	2	1	250	-1	0	-1	1	-1	-1	-1	-1	70	20301009	7	100
70500003	7	5	0	3	0	-1	2	3	0	苍狼啸月兽爪·勇	75	苍狼啸月，加其力也。#r适合#G勇猛#W性格的珍兽穿着，穿齐全套可#G增加猛击技能的伤害#W。#r#G可在苏州（248，184）云姗姗处使用珍兽装备相关功能。#W	1000	800	3	-1	-1	PetEquipClaw1_13	珍兽武器	1	1	587	587	-1	-1	-1	-1	-1	-1	-1	-1	-1	-1	-1	-1	-1	-1	-1	-1	-1	-1	-1	-1	-1	-1	-1	1	-1	-1	-1	-1	-1	-1	-1	-1	-1	-1	-1	-1	-1	-1	-1	-1	-1	1	-1	-1	-1	-1	-1	-1	-1	-1	-1	-1	-1	-1	-1	-1	-1	-1	-1	-1	-1	-1	4	85	2	2	1	250	-1	0	-1	1	-1	-1	-1	-1	80	20301009	12	100
70500004	7	5	0	4	0	-1	2	4	0	苍狼啸月兽爪·勇	75	苍狼啸月，加其力也。#r适合#G勇猛#W性格的珍兽穿着，穿齐全套可#G增加猛击技能的伤害#W。#r#G可在苏州（248，184）云姗姗处使用珍兽装备相关功能。#W	1000	800	3	-1	-1	PetEquipClaw1_13	珍兽武器	1	1	587	587	-1	-1	-1	-1	-1	-1	-1	-1	-1	-1	-1	-1	-1	-1	-1	-1	-1	-1	-1	-1	-1	-1	-1	1	-1	-1	-1	-1	-1	-1	-1	-1	-1	-1	-1	-1	-1	-1	-1	-1	-1	1	-1	-1	-1	-1	-1	-1	-1	-1	-1	-1	-1	-1	-1	-1	-1	-1	-1	-1	-1	-1	5	85	2	2	1	250	-1	0	-1	1	-1	-1	-1	-1	100	20301009	20	100
70500005	7	5	0	5	0	-1	2	5	0	苍狼啸月兽爪·狡	75	苍狼啸月，加其力也。#r适合#G精明#W性格的珍兽穿着，穿齐全套可#G增加摔绊技能的生效几率#W。#r#G可在苏州（248，184）云姗姗处使用珍兽装备相关功能。#W	1000	800	3	-1	-1	PetEquipClaw1_13	珍兽武器	1	1	587	587	-1	-1	-1	-1	-1	-1	-1	-1	-1	-1	-1	-1	-1	-1	-1	-1	-1	-1	-1	-1	-1	-1	-1	1	-1	-1	-1	-1	-1	-1	-1	-1	-1	-1	-1	-1	-1	-1	-1	1	-1	-1	-1	-1	-1	-1	-1	-1	-1	-1	-1	-1	-1	-1	-1	-1	-1	-1	-1	-1	-1	-1	1	85	2	2	1	250	-1	0	-1	1	-1	-1	-1	-1	50	20301009	1	80
70500006	7	5	0	6	0	-1	2	6	0	苍狼啸月兽爪·狡	75	苍狼啸月，加其力也。#r适合#G精明#W性格的珍兽穿着，穿齐全套可#G增加摔绊技能的生效几率#W。#r#G可在苏州（248，184）云姗姗处使用珍兽装备相关功能。#W	1000	800	3	-1	-1	PetEquipClaw1_13	珍兽武器	1	1	587	587	-1	-1	-1	-1	-1	-1	-1	-1	-1	-1	-1	-1	-1	-1	-1	-1	-1	-1	-1	-1	-1	-1	-1	1	-1	-1	-1	-1	-1	-1	-1	-1	-1	-1	-1	-1	-1	-1	-1	1	-1	-1	-1	-1	-1	-1	-1	-1	-1	-1	-1	-1	-1	-1	-1	-1	-1	-1	-1	-1	-1	-1	2	85	2	2	1	250	-1	0	-1	1	-1	-1	-1	-1	60	20301009	3	100
70500007	7	5	0	7	0	-1	2	7	0	苍狼啸月兽爪·狡	75	苍狼啸月，加其力也。#r适合#G精明#W性格的珍兽穿着，穿齐全套可#G增加摔绊技能的生效几率#W。#r#G可在苏州（248，184）云姗姗处使用珍兽装备相关功能。#W	1000	800	3	-1	-1	PetEquipClaw1_13	珍兽武器	1	1	587	587	-1	-1	-1	-1	-1	-1	-1	-1	-1	-1	-1	-1	-1	-1	-1	-1	-1	-1	-1	-1	-1	-1	-1	1	-1	-1	-1	-1	-1	-1	-1	-1	-1	-1	-1	-1	-1	-1	-1	1	-1	-1	-1	-1	-1	-1	-1	-1	-1	-1	-1	-1	-1	-1	-1	-1	-1	-1	-1	-1	-1	-1	3	85	2	2	1	250	-1	0	-1	1	-1	-1	-1	-1	70	20301009	7	100
70500008	7	5	0	8	0	-1	2	8	0	苍狼啸月兽爪·狡	75	苍狼啸月，加其力也。#r适合#G精明#W性格的珍兽穿着，穿齐全套可#G增加摔绊技能的生效几率#W。#r#G可在苏州（248，184）云姗姗处使用珍兽装备相关功能。#W	1000	800	3	-1	-1	PetEquipClaw1_13	珍兽武器	1	1	587	587	-1	-1	-1	-1	-1	-1	-1	-1	-1	-1	-1	-1	-1	-1	-1	-1	-1	-1	-1	-1	-1	-1	-1	1	-1	-1	-1	-1	-1	-1	-1	-1	-1	-1	-1	-1	-1	-1	-1	1	-1	-1	-1	-1	-1	-1	-1	-1	-1	-1	-1	-1	-1	-1	-1	-1	-1	-1	-1	-1	-1	-1	4	85	2	2	1	250	-1	0	-1	1	-1	-1	-1	-1	80	20301009	12	100
70500009	7	5	0	9	0	-1	2	9	0	苍狼啸月兽爪·狡	75	苍狼啸月，加其力也。#r适合#G精明#W性格的珍兽穿着，穿齐全套可#G增加摔绊技能的生效几率#W。#r#G可在苏州（248，184）云姗姗处使用珍兽装备相关功能。#W	1000	800	3	-1	-1	PetEquipClaw1_13	珍兽武器	1	1	587	587	-1	-1	-1	-1	-1	-1	-1	-1	-1	-1	-1	-1	-1	-1	-1	-1	-1	-1	-1	-1	-1	-1	-1	1	-1	-1	-1	-1	-1	-1	-1	-1	-1	-1	-1	-1	-1	-1	-1	1	-1	-1	-1	-1	-1	-1	-1	-1	-1	-1	-1	-1	-1	-1	-1	-1	-1	-1	-1	-1	-1	-1	5	85	2	2	1	250	-1	0	-1	1	-1	-1	-1	-1	100	20301009	20	100
70500010	7	5	0	10	0	-1	2	10	0	苍狼啸月兽爪·慎	75	苍狼啸月，加其力也。#r适合#G谨慎#W性格的珍兽穿着，穿齐全套可#G增加虚弱技能的生效几率#W。#r#G可在苏州（248，184）云姗姗处使用珍兽装备相关功能。#W	1000	800	3	-1	-1	PetEquipClaw1_13	珍兽武器	1	1	587	587	-1	-1	-1	-1	1	-1	-1	-1	-1	-1	-1	-1	-1	-1	-1	-1	-1	-1	-1	-1	-1	-1	-1	-1	-1	-1	-1	-1	-1	-1	-1	-1	-1	-1	-1	-1	-1	-1	-1	1	-1	-1	-1	-1	-1	-1	-1	-1	-1	-1	-1	-1	-1	-1	-1	-1	-1	-1	-1	-1	-1	-1	1	85	2	2	1	250	-1	0	-1	1	-1	-1	-1	-1	50	20301009	1	80
70500011	7	5	0	11	0	-1	2	11	0	苍狼啸月兽爪·慎	75	苍狼啸月，加其力也。#r适合#G谨慎#W性格的珍兽穿着，穿齐全套可#G增加虚弱技能的生效几率#W。#r#G可在苏州（248，184）云姗姗处使用珍兽装备相关功能。#W	1000	800	3	-1	-1	PetEquipClaw1_13	珍兽武器	1	1	587	587	-1	-1	-1	-1	1	-1	-1	-1	-1	-1	-1	-1	-1	-1	-1	-1	-1	-1	-1	-1	-1	-1	-1	-1	-1	-1	-1	-1	-1	-1	-1	-1	-1	-1	-1	-1	-1	-1	-1	1	-1	-1	-1	-1	-1	-1	-1	-1	-1	-1	-1	-1	-1	-1	-1	-1	-1	-1	-1	-1	-1	-1	2	85	2	2	1	250	-1	0	-1	1	-1	-1	-1	-1	60	20301009	3	100
70500012	7	5	0	12	0	-1	2	12	0	苍狼啸月兽爪·慎	75	苍狼啸月，加其力也。#r适合#G谨慎#W性格的珍兽穿着，穿齐全套可#G增加虚弱技能的生效几率#W。#r#G可在苏州（248，184）云姗姗处使用珍兽装备相关功能。#W	1000	800	3	-1	-1	PetEquipClaw1_13	珍兽武器	1	1	587	587	-1	-1	-1	-1	1	-1	-1	-1	-1	-1	-1	-1	-1	-1	-1	-1	-1	-1	-1	-1	-1	-1	-1	-1	-1	-1	-1	-1	-1	-1	-1	-1	-1	-1	-1	-1	-1	-1	-1	1	-1	-1	-1	-1	-1	-1	-1	-1	-1	-1	-1	-1	-1	-1	-1	-1	-1	-1	-1	-1	-1	-1	3	85	2	2	1	250	-1	0	-1	1	-1	-1	-1	-1	70	20301009	7	100
70500013	7	5	0	13	0	-1	2	13	0	苍狼啸月兽爪·慎	75	苍狼啸月，加其力也。#r适合#G谨慎#W性格的珍兽穿着，穿齐全套可#G增加虚弱技能的生效几率#W。#r#G可在苏州（248，184）云姗姗处使用珍兽装备相关功能。#W	1000	800	3	-1	-1	PetEquipClaw1_13	珍兽武器	1	1	587	587	-1	-1	-1	-1	1	-1	-1	-1	-1	-1	-1	-1	-1	-1	-1	-1	-1	-1	-1	-1	-1	-1	-1	-1	-1	-1	-1	-1	-1	-1	-1	-1	-1	-1	-1	-1	-1	-1	-1	1	-1	-1	-1	-1	-1	-1	-1	-1	-1	-1	-1	-1	-1	-1	-1	-1	-1	-1	-1	-1	-1	-1	4	85	2	2	1	250	-1	0	-1	1	-1	-1	-1	-1	80	20301009	12	100
70500014	7	5	0	14	0	-1	2	14	0	苍狼啸月兽爪·慎	75	苍狼啸月，加其力也。#r适合#G谨慎#W性格的珍兽穿着，穿齐全套可#G增加虚弱技能的生效几率#W。#r#G可在苏州（248，184）云姗姗处使用珍兽装备相关功能。#W	1000	800	3	-1	-1	PetEquipClaw1_13	珍兽武器	1	1	587	587	-1	-1	-1	-1	1	-1	-1	-1	-1	-1	-1	-1	-1	-1	-1	-1	-1	-1	-1	-1	-1	-1	-1	-1	-1	-1	-1	-1	-1	-1	-1	-1	-1	-1	-1	-1	-1	-1	-1	1	-1	-1	-1	-1	-1	-1	-1	-1	-1	-1	-1	-1	-1	-1	-1	-1	-1	-1	-1	-1	-1	-1	5	85	2	2	1	250	-1	0	-1	1	-1	-1	-1	-1	100	20301009	20	100
70500015	7	5	0	15	0	-1	2	15	0	黄雀戏水兽爪·怯	75	黄雀戏水，显其灵也。#r适合#G胆小#W性格的珍兽穿着，穿齐全套可#G增加烈火咒、玄雷咒、血毒咒、寒冰咒伤害#W。#r#G可在苏州（248，184）云姗姗处使用珍兽装备相关功能。#W	1000	800	3	-1	-1	PetEquipClaw1_2	珍兽武器	1	1	587	587	-1	-1	-1	-1	-1	-1	-1	-1	-1	-1	-1	-1	-1	-1	-1	-1	-1	-1	-1	-1	-1	-1	-1	-1	-1	-1	-1	-1	-1	-1	1	-1	-1	-1	-1	-1	-1	-1	-1	-1	-1	1	-1	-1	-1	-1	-1	-1	-1	-1	-1	-1	-1	-1	-1	-1	-1	-1	-1	-1	-1	-1	1	85	2	2	1	250	-1	0	-1	-1	1	-1	-1	-1	50	20301009	1	80
70500016	7	5	0	16	0	-1	2	16	0	黄雀戏水兽爪·怯	75	黄雀戏水，显其灵也。#r适合#G胆小#W性格的珍兽穿着，穿齐全套可#G增加烈火咒、玄雷咒、血毒咒、寒冰咒伤害#W。#r#G可在苏州（248，184）云姗姗处使用珍兽装备相关功能。#W	1000	800	3	-1	-1	PetEquipClaw1_2	珍兽武器	1	1	587	587	-1	-1	-1	-1	-1	-1	-1	-1	-1	-1	-1	-1	-1	-1	-1	-1	-1	-1	-1	-1	-1	-1	-1	-1	-1	-1	-1	-1	-1	-1	1	-1	-1	-1	-1	-1	-1	-1	-1	-1	-1	1	-1	-1	-1	-1	-1	-1	-1	-1	-1	-1	-1	-1	-1	-1	-1	-1	-1	-1	-1	-1	2	85	2	2	1	250	-1	0	-1	-1	1	-1	-1	-1	60	20301009	3	100
70500017	7	5	0	17	0	-1	2	17	0	黄雀戏水兽爪·怯	75	黄雀戏水，显其灵也。#r适合#G胆小#W性格的珍兽穿着，穿齐全套可#G增加烈火咒、玄雷咒、血毒咒、寒冰咒伤害#W。#r#G可在苏州（248，184）云姗姗处使用珍兽装备相关功能。#W	1000	800	3	-1	-1	PetEquipClaw1_2	珍兽武器	1	1	587	587	-1	-1	-1	-1	-1	-1	-1	-1	-1	-1	-1	-1	-1	-1	-1	-1	-1	-1	-1	-1	-1	-1	-1	-1	-1	-1	-1	-1	-1	-1	1	-1	-1	-1	-1	-1	-1	-1	-1	-1	-1	1	-1	-1	-1	-1	-1	-1	-1	-1	-1	-1	-1	-1	-1	-1	-1	-1	-1	-1	-1	-1	3	85	2	2	1	250	-1	0	-1	-1	1	-1	-1	-1	70	20301009	7	100
70500018	7	5	0	18	0	-1	2	18	0	黄雀戏水兽爪·怯	75	黄雀戏水，显其灵也。#r适合#G胆小#W性格的珍兽穿着，穿齐全套可#G增加烈火咒、玄雷咒、血毒咒、寒冰咒伤害#W。#r#G可在苏州（248，184）云姗姗处使用珍兽装备相关功能。#W	1000	800	3	-1	-1	PetEquipClaw1_2	珍兽武器	1	1	587	587	-1	-1	-1	-1	-1	-1	-1	-1	-1	-1	-1	-1	-1	-1	-1	-1	-1	-1	-1	-1	-1	-1	-1	-1	-1	-1	-1	-1	-1	-1	1	-1	-1	-1	-1	-1	-1	-1	-1	-1	-1	1	-1	-1	-1	-1	-1	-1	-1	-1	-1	-1	-1	-1	-1	-1	-1	-1	-1	-1	-1	-1	4	85	2	2	1	250	-1	0	-1	-1	1	-1	-1	-1	80	20301009	12	100
70500019	7	5	0	19	0	-1	2	19	0	黄雀戏水兽爪·怯	75	黄雀戏水，显其灵也。#r适合#G胆小#W性格的珍兽穿着，穿齐全套可#G增加烈火咒、玄雷咒、血毒咒、寒冰咒伤害#W。#r#G可在苏州（248，184）云姗姗处使用珍兽装备相关功能。#W	1000	800	3	-1	-1	PetEquipClaw1_2	珍兽武器	1	1	587	587	-1	-1	-1	-1	-1	-1	-1	-1	-1	-1	-1	-1	-1	-1	-1	-1	-1	-1	-1	-1	-1	-1	-1	-1	-1	-1	-1	-1	-1	-1	1	-1	-1	-1	-1	-1	-1	-1	-1	-1	-1	1	-1	-1	-1	-1	-1	-1	-1	-1	-1	-1	-1	-1	-1	-1	-1	-1	-1	-1	-1	-1	5	85	2	2	1	250	-1	0	-1	-1	1	-1	-1	-1	100	20301009	20	100
70500020	7	5	0	20	0	-1	2	20	0	黄雀戏水兽爪·狡	75	黄雀戏水，显其灵也。#r适合#G精明#W性格的珍兽穿着，穿齐全套可#G增加摔绊技能的生效几率#W。#r#G可在苏州（248，184）云姗姗处使用珍兽装备相关功能。#W	1000	800	3	-1	-1	PetEquipClaw1_2	珍兽武器	1	1	587	587	-1	-1	-1	-1	-1	-1	-1	-1	-1	-1	-1	-1	-1	-1	-1	-1	-1	-1	-1	-1	-1	-1	-1	-1	-1	-1	-1	-1	-1	-1	1	-1	-1	-1	-1	-1	-1	-1	-1	1	-1	-1	-1	-1	-1	-1	-1	-1	-1	-1	-1	-1	-1	-1	-1	-1	-1	-1	-1	-1	-1	-1	1	85	2	2	1	250	-1	0	-1	-1	1	-1	-1	-1	50	20301009	1	80
70500021	7	5	0	21	0	-1	2	21	0	黄雀戏水兽爪·狡	75	黄雀戏水，显其灵也。#r适合#G精明#W性格的珍兽穿着，穿齐全套可#G增加摔绊技能的生效几率#W。#r#G可在苏州（248，184）云姗姗处使用珍兽装备相关功能。#W	1000	800	3	-1	-1	PetEquipClaw1_2	珍兽武器	1	1	587	587	-1	-1	-1	-1	-1	-1	-1	-1	-1	-1	-1	-1	-1	-1	-1	-1	-1	-1	-1	-1	-1	-1	-1	-1	-1	-1	-1	-1	-1	-1	1	-1	-1	-1	-1	-1	-1	-1	-1	1	-1	-1	-1	-1	-1	-1	-1	-1	-1	-1	-1	-1	-1	-1	-1	-1	-1	-1	-1	-1	-1	-1	2	85	2	2	1	250	-1	0	-1	-1	1	-1	-1	-1	60	20301009	3	100
70500022	7	5	0	22	0	-1	2	22	0	黄雀戏水兽爪·狡	75	黄雀戏水，显其灵也。#r适合#G精明#W性格的珍兽穿着，穿齐全套可#G增加摔绊技能的生效几率#W。#r#G可在苏州（248，184）云姗姗处使用珍兽装备相关功能。#W	1000	800	3	-1	-1	PetEquipClaw1_2	珍兽武器	1	1	587	587	-1	-1	-1	-1	-1	-1	-1	-1	-1	-1	-1	-1	-1	-1	-1	-1	-1	-1	-1	-1	-1	-1	-1	-1	-1	-1	-1	-1	-1	-1	1	-1	-1	-1	-1	-1	-1	-1	-1	1	-1	-1	-1	-1	-1	-1	-1	-1	-1	-1	-1	-1	-1	-1	-1	-1	-1	-1	-1	-1	-1	-1	3	85	2	2	1	250	-1	0	-1	-1	1	-1	-1	-1	70	20301009	7	100
70500023	7	5	0	23	0	-1	2	23	0	黄雀戏水兽爪·狡	75	黄雀戏水，显其灵也。#r适合#G精明#W性格的珍兽穿着，穿齐全套可#G增加摔绊技能的生效几率#W。#r#G可在苏州（248，184）云姗姗处使用珍兽装备相关功能。#W	1000	800	3	-1	-1	PetEquipClaw1_2	珍兽武器	1	1	587	587	-1	-1	-1	-1	-1	-1	-1	-1	-1	-1	-1	-1	-1	-1	-1	-1	-1	-1	-1	-1	-1	-1	-1	-1	-1	-1	-1	-1	-1	-1	1	-1	-1	-1	-1	-1	-1	-1	-1	1	-1	-1	-1	-1	-1	-1	-1	-1	-1	-1	-1	-1	-1	-1	-1	-1	-1	-1	-1	-1	-1	-1	4	85	2	2	1	250	-1	0	-1	-1	1	-1	-1	-1	80	20301009	12	100
70500024	7	5	0	24	0	-1	2	24	0	黄雀戏水兽爪·狡	75	黄雀戏水，显其灵也。#r适合#G精明#W性格的珍兽穿着，穿齐全套可#G增加摔绊技能的生效几率#W。#r#G可在苏州（248，184）云姗姗处使用珍兽装备相关功能。#W	1000	800	3	-1	-1	PetEquipClaw1_2	珍兽武器	1	1	587	587	-1	-1	-1	-1	-1	-1	-1	-1	-1	-1	-1	-1	-1	-1	-1	-1	-1	-1	-1	-1	-1	-1	-1	-1	-1	-1	-1	-1	-1	-1	1	-1	-1	-1	-1	-1	-1	-1	-1	1	-1	-1	-1	-1	-1	-1	-1	-1	-1	-1	-1	-1	-1	-1	-1	-1	-1	-1	-1	-1	-1	-1	5	85	2	2	1	250	-1	0	-1	-1	1	-1	-1	-1	100	20301009	20	100
70500025	7	5	0	25	0	-1	2	25	0	黄雀戏水兽爪·慎	75	黄雀戏水，显其灵也。#r适合#G谨慎#W性格的珍兽穿着，穿齐全套可#G增加虚弱技能的生效几率#W。#r#G可在苏州（248，184）云姗姗处使用珍兽装备相关功能。#W	1000	800	3	-1	-1	PetEquipClaw1_2	珍兽武器	1	1	587	587	-1	-1	-1	-1	1	-1	-1	-1	-1	-1	-1	-1	-1	-1	-1	-1	-1	-1	-1	-1	-1	-1	-1	-1	-1	-1	-1	-1	-1	-1	-1	-1	-1	-1	-1	-1	-1	-1	-1	1	-1	-1	-1	-1	-1	-1	-1	-1	-1	-1	-1	-1	-1	-1	-1	-1	-1	-1	-1	-1	-1	-1	1	85	2	2	1	250	-1	0	-1	-1	1	-1	-1	-1	50	20301009	1	80
70500026	7	5	0	26	0	-1	2	26	0	黄雀戏水兽爪·慎	75	黄雀戏水，显其灵也。#r适合#G谨慎#W性格的珍兽穿着，穿齐全套可#G增加虚弱技能的生效几率#W。#r#G可在苏州（248，184）云姗姗处使用珍兽装备相关功能。#W	1000	800	3	-1	-1	PetEquipClaw1_2	珍兽武器	1	1	587	587	-1	-1	-1	-1	1	-1	-1	-1	-1	-1	-1	-1	-1	-1	-1	-1	-1	-1	-1	-1	-1	-1	-1	-1	-1	-1	-1	-1	-1	-1	-1	-1	-1	-1	-1	-1	-1	-1	-1	1	-1	-1	-1	-1	-1	-1	-1	-1	-1	-1	-1	-1	-1	-1	-1	-1	-1	-1	-1	-1	-1	-1	2	85	2	2	1	250	-1	0	-1	-1	1	-1	-1	-1	60	20301009	3	100
70500027	7	5	0	27	0	-1	2	27	0	黄雀戏水兽爪·慎	75	黄雀戏水，显其灵也。#r适合#G谨慎#W性格的珍兽穿着，穿齐全套可#G增加虚弱技能的生效几率#W。#r#G可在苏州（248，184）云姗姗处使用珍兽装备相关功能。#W	1000	800	3	-1	-1	PetEquipClaw1_2	珍兽武器	1	1	587	587	-1	-1	-1	-1	1	-1	-1	-1	-1	-1	-1	-1	-1	-1	-1	-1	-1	-1	-1	-1	-1	-1	-1	-1	-1	-1	-1	-1	-1	-1	-1	-1	-1	-1	-1	-1	-1	-1	-1	1	-1	-1	-1	-1	-1	-1	-1	-1	-1	-1	-1	-1	-1	-1	-1	-1	-1	-1	-1	-1	-1	-1	3	85	2	2	1	250	-1	0	-1	-1	1	-1	-1	-1	70	20301009	7	100
70500028	7	5	0	28	0	-1	2	28	0	黄雀戏水兽爪·慎	75	黄雀戏水，显其灵也。#r适合#G谨慎#W性格的珍兽穿着，穿齐全套可#G增加虚弱技能的生效几率#W。#r#G可在苏州（248，184）云姗姗处使用珍兽装备相关功能。#W	1000	800	3	-1	-1	PetEquipClaw1_2	珍兽武器	1	1	587	587	-1	-1	-1	-1	1	-1	-1	-1	-1	-1	-1	-1	-1	-1	-1	-1	-1	-1	-1	-1	-1	-1	-1	-1	-1	-1	-1	-1	-1	-1	-1	-1	-1	-1	-1	-1	-1	-1	-1	1	-1	-1	-1	-1	-1	-1	-1	-1	-1	-1	-1	-1	-1	-1	-1	-1	-1	-1	-1	-1	-1	-1	4	85	2	2	1	250	-1	0	-1	-1	1	-1	-1	-1	80	20301009	12	100
70500029	7	5	0	29	0	-1	2	29	0	黄雀戏水兽爪·慎	75	黄雀戏水，显其灵也。#r适合#G谨慎#W性格的珍兽穿着，穿齐全套可#G增加虚弱技能的生效几率#W。#r#G可在苏州（248，184）云姗姗处使用珍兽装备相关功能。#W	1000	800	3	-1	-1	PetEquipClaw1_2	珍兽武器	1	1	587	587	-1	-1	-1	-1	1	-1	-1	-1	-1	-1	-1	-1	-1	-1	-1	-1	-1	-1	-1	-1	-1	-1	-1	-1	-1	-1	-1	-1	-1	-1	-1	-1	-1	-1	-1	-1	-1	-1	-1	1	-1	-1	-1	-1	-1	-1	-1	-1	-1	-1	-1	-1	-1	-1	-1	-1	-1	-1	-1	-1	-1	-1	5	85	2	2	1	250	-1	0	-1	-1	1	-1	-1	-1	100	20301009	20	100
70500030	7	5	0	30	0	-1	2	30	0	乌豚望日兽爪·忠	75	乌豚望日，增其体也。#r适合#G忠诚#W性格的珍兽穿着，穿齐全套可#G增加灵动技能的生效几率#W。#r#G可在苏州（248，184）云姗姗处使用珍兽装备相关功能。#W	1000	800	3	-1	-1	PetEquipClaw1_3	珍兽武器	1	1	587	587	-1	-1	-1	-1	-1	-1	-1	-1	-1	-1	-1	-1	-1	-1	-1	-1	-1	-1	-1	-1	-1	-1	-1	-1	-1	-1	1	-1	-1	-1	-1	-1	-1	1	-1	-1	-1	-1	-1	-1	-1	-1	-1	-1	-1	-1	-1	-1	-1	-1	-1	-1	-1	-1	-1	-1	-1	-1	-1	-1	-1	-1	1	85	2	2	1	250	-1	0	-1	-1	-1	1	-1	-1	50	20301009	1	80
70500031	7	5	0	31	0	-1	2	31	0	乌豚望日兽爪·忠	75	乌豚望日，增其体也。#r适合#G忠诚#W性格的珍兽穿着，穿齐全套可#G增加灵动技能的生效几率#W。#r#G可在苏州（248，184）云姗姗处使用珍兽装备相关功能。#W	1000	800	3	-1	-1	PetEquipClaw1_3	珍兽武器	1	1	587	587	-1	-1	-1	-1	-1	-1	-1	-1	-1	-1	-1	-1	-1	-1	-1	-1	-1	-1	-1	-1	-1	-1	-1	-1	-1	-1	1	-1	-1	-1	-1	-1	-1	1	-1	-1	-1	-1	-1	-1	-1	-1	-1	-1	-1	-1	-1	-1	-1	-1	-1	-1	-1	-1	-1	-1	-1	-1	-1	-1	-1	-1	2	85	2	2	1	250	-1	0	-1	-1	-1	1	-1	-1	60	20301009	3	100
70500032	7	5	0	32	0	-1	2	32	0	乌豚望日兽爪·忠	75	乌豚望日，增其体也。#r适合#G忠诚#W性格的珍兽穿着，穿齐全套可#G增加灵动技能的生效几率#W。#r#G可在苏州（248，184）云姗姗处使用珍兽装备相关功能。#W	1000	800	3	-1	-1	PetEquipClaw1_3	珍兽武器	1	1	587	587	-1	-1	-1	-1	-1	-1	-1	-1	-1	-1	-1	-1	-1	-1	-1	-1	-1	-1	-1	-1	-1	-1	-1	-1	-1	-1	1	-1	-1	-1	-1	-1	-1	1	-1	-1	-1	-1	-1	-1	-1	-1	-1	-1	-1	-1	-1	-1	-1	-1	-1	-1	-1	-1	-1	-1	-1	-1	-1	-1	-1	-1	3	85	2	2	1	250	-1	0	-1	-1	-1	1	-1	-1	70	20301009	7	100
70500033	7	5	0	33	0	-1	2	33	0	乌豚望日兽爪·忠	75	乌豚望日，增其体也。#r适合#G忠诚#W性格的珍兽穿着，穿齐全套可#G增加灵动技能的生效几率#W。#r#G可在苏州（248，184）云姗姗处使用珍兽装备相关功能。#W	1000	800	3	-1	-1	PetEquipClaw1_3	珍兽武器	1	1	587	587	-1	-1	-1	-1	-1	-1	-1	-1	-1	-1	-1	-1	-1	-1	-1	-1	-1	-1	-1	-1	-1	-1	-1	-1	-1	-1	1	-1	-1	-1	-1	-1	-1	1	-1	-1	-1	-1	-1	-1	-1	-1	-1	-1	-1	-1	-1	-1	-1	-1	-1	-1	-1	-1	-1	-1	-1	-1	-1	-1	-1	-1	4	85	2	2	1	250	-1	0	-1	-1	-1	1	-1	-1	80	20301009	12	100
70500034	7	5	0	34	0	-1	2	34	0	乌豚望日兽爪·忠	75	乌豚望日，增其体也。#r适合#G忠诚#W性格的珍兽穿着，穿齐全套可#G增加灵动技能的生效几率#W。#r#G可在苏州（248，184）云姗姗处使用珍兽装备相关功能。#W	1000	800	3	-1	-1	PetEquipClaw1_3	珍兽武器	1	1	587	587	-1	-1	-1	-1	-1	-1	-1	-1	-1	-1	-1	-1	-1	-1	-1	-1	-1	-1	-1	-1	-1	-1	-1	-1	-1	-1	1	-1	-1	-1	-1	-1	-1	1	-1	-1	-1	-1	-1	-1	-1	-1	-1	-1	-1	-1	-1	-1	-1	-1	-1	-1	-1	-1	-1	-1	-1	-1	-1	-1	-1	-1	5	85	2	2	1	250	-1	0	-1	-1	-1	1	-1	-1	100	20301009	20	100
70500035	7	5	0	35	0	-1	2	35	0	乌豚望日兽爪·慎	75	乌豚望日，增其体也。#r适合#G谨慎#W性格的珍兽穿着，穿齐全套可#G增加虚弱技能的生效几率#W。#r#G可在苏州（248，184）云姗姗处使用珍兽装备相关功能。#W	1000	800	3	-1	-1	PetEquipClaw1_3	珍兽武器	1	1	587	587	-1	-1	-1	-1	-1	-1	-1	-1	-1	-1	-1	-1	-1	-1	-1	-1	-1	-1	-1	-1	-1	-1	-1	-1	-1	-1	-1	-1	-1	-1	-1	-1	-1	-1	-1	-1	-1	-1	-1	1	1	-1	-1	-1	-1	-1	-1	-1	-1	-1	-1	-1	-1	-1	-1	-1	-1	-1	-1	-1	-1	-1	1	85	2	2	1	250	-1	0	-1	-1	-1	1	-1	-1	50	20301009	1	80
70500036	7	5	0	36	0	-1	2	36	0	乌豚望日兽爪·慎	75	乌豚望日，增其体也。#r适合#G谨慎#W性格的珍兽穿着，穿齐全套可#G增加虚弱技能的生效几率#W。#r#G可在苏州（248，184）云姗姗处使用珍兽装备相关功能。#W	1000	800	3	-1	-1	PetEquipClaw1_3	珍兽武器	1	1	587	587	-1	-1	-1	-1	-1	-1	-1	-1	-1	-1	-1	-1	-1	-1	-1	-1	-1	-1	-1	-1	-1	-1	-1	-1	-1	-1	-1	-1	-1	-1	-1	-1	-1	-1	-1	-1	-1	-1	-1	1	1	-1	-1	-1	-1	-1	-1	-1	-1	-1	-1	-1	-1	-1	-1	-1	-1	-1	-1	-1	-1	-1	2	85	2	2	1	250	-1	0	-1	-1	-1	1	-1	-1	60	20301009	3	100
70500037	7	5	0	37	0	-1	2	37	0	乌豚望日兽爪·慎	75	乌豚望日，增其体也。#r适合#G谨慎#W性格的珍兽穿着，穿齐全套可#G增加虚弱技能的生效几率#W。#r#G可在苏州（248，184）云姗姗处使用珍兽装备相关功能。#W	1000	800	3	-1	-1	PetEquipClaw1_3	珍兽武器	1	1	587	587	-1	-1	-1	-1	-1	-1	-1	-1	-1	-1	-1	-1	-1	-1	-1	-1	-1	-1	-1	-1	-1	-1	-1	-1	-1	-1	-1	-1	-1	-1	-1	-1	-1	-1	-1	-1	-1	-1	-1	1	1	-1	-1	-1	-1	-1	-1	-1	-1	-1	-1	-1	-1	-1	-1	-1	-1	-1	-1	-1	-1	-1	3	85	2	2	1	250	-1	0	-1	-1	-1	1	-1	-1	70	20301009	7	100
70500038	7	5	0	38	0	-1	2	38	0	乌豚望日兽爪·慎	75	乌豚望日，增其体也。#r适合#G谨慎#W性格的珍兽穿着，穿齐全套可#G增加虚弱技能的生效几率#W。#r#G可在苏州（248，184）云姗姗处使用珍兽装备相关功能。#W	1000	800	3	-1	-1	PetEquipClaw1_3	珍兽武器	1	1	587	587	-1	-1	-1	-1	-1	-1	-1	-1	-1	-1	-1	-1	-1	-1	-1	-1	-1	-1	-1	-1	-1	-1	-1	-1	-1	-1	-1	-1	-1	-1	-1	-1	-1	-1	-1	-1	-1	-1	-1	1	1	-1	-1	-1	-1	-1	-1	-1	-1	-1	-1	-1	-1	-1	-1	-1	-1	-1	-1	-1	-1	-1	4	85	2	2	1	250	-1	0	-1	-1	-1	1	-1	-1	80	20301009	12	100
70500039	7	5	0	39	0	-1	2	39	0	乌豚望日兽爪·慎	75	乌豚望日，增其体也。#r适合#G谨慎#W性格的珍兽穿着，穿齐全套可#G增加虚弱技能的生效几率#W。#r#G可在苏州（248，184）云姗姗处使用珍兽装备相关功能。#W	1000	800	3	-1	-1	PetEquipClaw1_3	珍兽武器	1	1	587	587	-1	-1	-1	-1	-1	-1	-1	-1	-1	-1	-1	-1	-1	-1	-1	-1	-1	-1	-1	-1	-1	-1	-1	-1	-1	-1	-1	-1	-1	-1	-1	-1	-1	-1	-1	-1	-1	-1	-1	1	1	-1	-1	-1	-1	-1	-1	-1	-1	-1	-1	-1	-1	-1	-1	-1	-1	-1	-1	-1	-1	-1	5	85	2	2	1	250	-1	0	-1	-1	-1	1	-1	-1	100	20301009	20	100
70500040	7	5	0	40	0	-1	2	40	0	白兔隐林兽爪·慎	75	白兔隐林，藏其形也。#r适合#G谨慎#W性格的珍兽穿着，穿齐全套可#G增加虚弱技能的生效几率#W。#r#G可在苏州（248，184）云姗姗处使用珍兽装备相关功能。#W	1000	800	3	-1	-1	PetEquipClaw1_5	珍兽武器	1	1	587	587	-1	-1	-1	-1	-1	-1	-1	-1	-1	-1	-1	-1	-1	-1	-1	-1	-1	-1	-1	-1	-1	-1	-1	-1	-1	-1	-1	-1	-1	-1	-1	-1	-1	-1	-1	-1	-1	-1	-1	1	1	-1	-1	-1	-1	-1	-1	-1	-1	-1	-1	-1	-1	-1	-1	-1	-1	-1	-1	-1	-1	-1	1	85	2	2	1	250	-1	0	-1	-1	-1	-1	-1	1	50	20301009	1	80
70500041	7	5	0	41	0	-1	2	41	0	白兔隐林兽爪·慎	75	白兔隐林，藏其形也。#r适合#G谨慎#W性格的珍兽穿着，穿齐全套可#G增加虚弱技能的生效几率#W。#r#G可在苏州（248，184）云姗姗处使用珍兽装备相关功能。#W	1000	800	3	-1	-1	PetEquipClaw1_5	珍兽武器	1	1	587	587	-1	-1	-1	-1	-1	-1	-1	-1	-1	-1	-1	-1	-1	-1	-1	-1	-1	-1	-1	-1	-1	-1	-1	-1	-1	-1	-1	-1	-1	-1	-1	-1	-1	-1	-1	-1	-1	-1	-1	1	1	-1	-1	-1	-1	-1	-1	-1	-1	-1	-1	-1	-1	-1	-1	-1	-1	-1	-1	-1	-1	-1	2	85	2	2	1	250	-1	0	-1	-1	-1	-1	-1	1	60	20301009	3	100
70500042	7	5	0	42	0	-1	2	42	0	白兔隐林兽爪·慎	75	白兔隐林，藏其形也。#r适合#G谨慎#W性格的珍兽穿着，穿齐全套可#G增加虚弱技能的生效几率#W。#r#G可在苏州（248，184）云姗姗处使用珍兽装备相关功能。#W	1000	800	3	-1	-1	PetEquipClaw1_5	珍兽武器	1	1	587	587	-1	-1	-1	-1	-1	-1	-1	-1	-1	-1	-1	-1	-1	-1	-1	-1	-1	-1	-1	-1	-1	-1	-1	-1	-1	-1	-1	-1	-1	-1	-1	-1	-1	-1	-1	-1	-1	-1	-1	1	1	-1	-1	-1	-1	-1	-1	-1	-1	-1	-1	-1	-1	-1	-1	-1	-1	-1	-1	-1	-1	-1	3	85	2	2	1	250	-1	0	-1	-1	-1	-1	-1	1	70	20301009	7	100
70500043	7	5	0	43	0	-1	2	43	0	白兔隐林兽爪·慎	75	白兔隐林，藏其形也。#r适合#G谨慎#W性格的珍兽穿着，穿齐全套可#G增加虚弱技能的生效几率#W。#r#G可在苏州（248，184）云姗姗处使用珍兽装备相关功能。#W	1000	800	3	-1	-1	PetEquipClaw1_5	珍兽武器	1	1	587	587	-1	-1	-1	-1	-1	-1	-1	-1	-1	-1	-1	-1	-1	-1	-1	-1	-1	-1	-1	-1	-1	-1	-1	-1	-1	-1	-1	-1	-1	-1	-1	-1	-1	-1	-1	-1	-1	-1	-1	1	1	-1	-1	-1	-1	-1	-1	-1	-1	-1	-1	-1	-1	-1	-1	-1	-1	-1	-1	-1	-1	-1	4	85	2	2	1	250	-1	0	-1	-1	-1	-1	-1	1	80	20301009	12	100
70500044	7	5	0	44	0	-1	2	44	0	白兔隐林兽爪·慎	75	白兔隐林，藏其形也。#r适合#G谨慎#W性格的珍兽穿着，穿齐全套可#G增加虚弱技能的生效几率#W。#r#G可在苏州（248，184）云姗姗处使用珍兽装备相关功能。#W	1000	800	3	-1	-1	PetEquipClaw1_5	珍兽武器	1	1	587	587	-1	-1	-1	-1	-1	-1	-1	-1	-1	-1	-1	-1	-1	-1	-1	-1	-1	-1	-1	-1	-1	-1	-1	-1	-1	-1	-1	-1	-1	-1	-1	-1	-1	-1	-1	-1	-1	-1	-1	1	1	-1	-1	-1	-1	-1	-1	-1	-1	-1	-1	-1	-1	-1	-1	-1	-1	-1	-1	-1	-1	-1	5	85	2	2	1	250	-1	0	-1	-1	-1	-1	-1	1	100	20301009	20	100
70500045	7	5	0	45	0	-1	2	45	0	猛虎撼山兽爪·勇	85	猛虎者，虽山高亦可撼。#r适合#G勇猛#W性格的珍兽穿着，穿齐全套可#G增加猛击技能的释放几率#W。#r#G可在苏州（248，184）云姗姗处使用珍兽装备相关功能。#W	1000	800	3	-1	-1	PetEquipClaw1_10	珍兽武器	1	1	657	657	-1	-1	-1	-1	-1	-1	-1	-1	-1	-1	-1	-1	-1	-1	-1	-1	-1	-1	-1	-1	-1	-1	-1	1	-1	-1	-1	-1	-1	-1	-1	-1	-1	-1	-1	-1	-1	-1	-1	1	-1	1	-1	-1	-1	-1	-1	-1	-1	-1	-1	-1	-1	-1	-1	-1	-1	-1	-1	-1	-1	-1	1	95	3	3	1	250	-1	0	-1	1	-1	-1	-1	-1	50	20301009	20	100
70500046	7	5	0	46	0	-1	2	46	0	猛虎撼山兽爪·勇	85	猛虎者，虽山高亦可撼。#r适合#G勇猛#W性格的珍兽穿着，穿齐全套可#G增加猛击技能的释放几率#W。#r#G可在苏州（248，184）云姗姗处使用珍兽装备相关功能。#W	1000	800	3	-1	-1	PetEquipClaw1_10	珍兽武器	1	1	657	657	-1	-1	-1	-1	-1	-1	-1	-1	-1	-1	-1	-1	-1	-1	-1	-1	-1	-1	-1	-1	-1	-1	-1	1	-1	-1	-1	-1	-1	-1	-1	-1	-1	-1	-1	-1	-1	-1	-1	1	-1	1	-1	-1	-1	-1	-1	-1	-1	-1	-1	-1	-1	-1	-1	-1	-1	-1	-1	-1	-1	-1	2	95	3	3	1	250	-1	0	-1	1	-1	-1	-1	-1	60	20301009	30	100
70500047	7	5	0	47	0	-1	2	47	0	猛虎撼山兽爪·勇	85	猛虎者，虽山高亦可撼。#r适合#G勇猛#W性格的珍兽穿着，穿齐全套可#G增加猛击技能的释放几率#W。#r#G可在苏州（248，184）云姗姗处使用珍兽装备相关功能。#W	1000	800	3	-1	-1	PetEquipClaw1_10	珍兽武器	1	1	657	657	-1	-1	-1	-1	-1	-1	-1	-1	-1	-1	-1	-1	-1	-1	-1	-1	-1	-1	-1	-1	-1	-1	-1	1	-1	-1	-1	-1	-1	-1	-1	-1	-1	-1	-1	-1	-1	-1	-1	1	-1	1	-1	-1	-1	-1	-1	-1	-1	-1	-1	-1	-1	-1	-1	-1	-1	-1	-1	-1	-1	-1	3	95	3	3	1	250	-1	0	-1	1	-1	-1	-1	-1	70	20301009	35	100
70500048	7	5	0	48	0	-1	2	48	0	猛虎撼山兽爪·勇	85	猛虎者，虽山高亦可撼。#r适合#G勇猛#W性格的珍兽穿着，穿齐全套可#G增加猛击技能的释放几率#W。#r#G可在苏州（248，184）云姗姗处使用珍兽装备相关功能。#W	1000	800	3	-1	-1	PetEquipClaw1_10	珍兽武器	1	1	657	657	-1	-1	-1	-1	-1	-1	-1	-1	-1	-1	-1	-1	-1	-1	-1	-1	-1	-1	-1	-1	-1	-1	-1	1	-1	-1	-1	-1	-1	-1	-1	-1	-1	-1	-1	-1	-1	-1	-1	1	-1	1	-1	-1	-1	-1	-1	-1	-1	-1	-1	-1	-1	-1	-1	-1	-1	-1	-1	-1	-1	-1	4	95	3	3	1	250	-1	0	-1	1	-1	-1	-1	-1	80	20301009	42	100
70500049	7	5	0	49	0	-1	2	49	0	猛虎撼山兽爪·勇	85	猛虎者，虽山高亦可撼。#r适合#G勇猛#W性格的珍兽穿着，穿齐全套可#G增加猛击技能的释放几率#W。#r#G可在苏州（248，184）云姗姗处使用珍兽装备相关功能。#W	1000	800	3	-1	-1	PetEquipClaw1_10	珍兽武器	1	1	657	657	-1	-1	-1	-1	-1	-1	-1	-1	-1	-1	-1	-1	-1	-1	-1	-1	-1	-1	-1	-1	-1	-1	-1	1	-1	-1	-1	-1	-1	-1	-1	-1	-1	-1	-1	-1	-1	-1	-1	1	-1	1	-1	-1	-1	-1	-1	-1	-1	-1	-1	-1	-1	-1	-1	-1	-1	-1	-1	-1	-1	-1	5	95	3	3	1	250	-1	0	-1	1	-1	-1	-1	-1	100	20301009	57	100
70500050	7	5	0	50	0	-1	2	50	0	猛虎撼山兽爪·狡	85	猛虎者，虽山高亦可撼。#r适合#G精明#W性格的珍兽穿着，穿齐全套可#G增加反震技能的生效几率#W。#r#G可在苏州（248，184）云姗姗处使用珍兽装备相关功能。#W	1000	800	3	-1	-1	PetEquipClaw1_10	珍兽武器	1	1	657	657	-1	-1	-1	-1	1	-1	-1	-1	-1	-1	-1	-1	-1	-1	-1	-1	-1	-1	-1	-1	-1	-1	-1	1	-1	-1	-1	-1	-1	-1	-1	-1	-1	-1	-1	-1	-1	-1	-1	1	-1	-1	-1	-1	-1	-1	-1	-1	-1	-1	-1	-1	-1	-1	-1	-1	-1	-1	-1	-1	-1	-1	1	95	3	3	1	250	-1	0	-1	1	-1	-1	-1	-1	50	20301009	20	100
70500051	7	5	0	51	0	-1	2	51	0	猛虎撼山兽爪·狡	85	猛虎者，虽山高亦可撼。#r适合#G精明#W性格的珍兽穿着，穿齐全套可#G增加反震技能的生效几率#W。#r#G可在苏州（248，184）云姗姗处使用珍兽装备相关功能。#W	1000	800	3	-1	-1	PetEquipClaw1_10	珍兽武器	1	1	657	657	-1	-1	-1	-1	1	-1	-1	-1	-1	-1	-1	-1	-1	-1	-1	-1	-1	-1	-1	-1	-1	-1	-1	1	-1	-1	-1	-1	-1	-1	-1	-1	-1	-1	-1	-1	-1	-1	-1	1	-1	-1	-1	-1	-1	-1	-1	-1	-1	-1	-1	-1	-1	-1	-1	-1	-1	-1	-1	-1	-1	-1	2	95	3	3	1	250	-1	0	-1	1	-1	-1	-1	-1	60	20301009	30	100
70500052	7	5	0	52	0	-1	2	52	0	猛虎撼山兽爪·狡	85	猛虎者，虽山高亦可撼。#r适合#G精明#W性格的珍兽穿着，穿齐全套可#G增加反震技能的生效几率#W。#r#G可在苏州（248，184）云姗姗处使用珍兽装备相关功能。#W	1000	800	3	-1	-1	PetEquipClaw1_10	珍兽武器	1	1	657	657	-1	-1	-1	-1	1	-1	-1	-1	-1	-1	-1	-1	-1	-1	-1	-1	-1	-1	-1	-1	-1	-1	-1	1	-1	-1	-1	-1	-1	-1	-1	-1	-1	-1	-1	-1	-1	-1	-1	1	-1	-1	-1	-1	-1	-1	-1	-1	-1	-1	-1	-1	-1	-1	-1	-1	-1	-1	-1	-1	-1	-1	3	95	3	3	1	250	-1	0	-1	1	-1	-1	-1	-1	70	20301009	35	100
70500053	7	5	0	53	0	-1	2	53	0	猛虎撼山兽爪·狡	85	猛虎者，虽山高亦可撼。#r适合#G精明#W性格的珍兽穿着，穿齐全套可#G增加反震技能的生效几率#W。#r#G可在苏州（248，184）云姗姗处使用珍兽装备相关功能。#W	1000	800	3	-1	-1	PetEquipClaw1_10	珍兽武器	1	1	657	657	-1	-1	-1	-1	1	-1	-1	-1	-1	-1	-1	-1	-1	-1	-1	-1	-1	-1	-1	-1	-1	-1	-1	1	-1	-1	-1	-1	-1	-1	-1	-1	-1	-1	-1	-1	-1	-1	-1	1	-1	-1	-1	-1	-1	-1	-1	-1	-1	-1	-1	-1	-1	-1	-1	-1	-1	-1	-1	-1	-1	-1	4	95	3	3	1	250	-1	0	-1	1	-1	-1	-1	-1	80	20301009	42	100
70500054	7	5	0	54	0	-1	2	54	0	猛虎撼山兽爪·狡	85	猛虎者，虽山高亦可撼。#r适合#G精明#W性格的珍兽穿着，穿齐全套可#G增加反震技能的生效几率#W。#r#G可在苏州（248，184）云姗姗处使用珍兽装备相关功能。#W	1000	800	3	-1	-1	PetEquipClaw1_10	珍兽武器	1	1	657	657	-1	-1	-1	-1	1	-1	-1	-1	-1	-1	-1	-1	-1	-1	-1	-1	-1	-1	-1	-1	-1	-1	-1	1	-1	-1	-1	-1	-1	-1	-1	-1	-1	-1	-1	-1	-1	-1	-1	1	-1	-1	-1	-1	-1	-1	-1	-1	-1	-1	-1	-1	-1	-1	-1	-1	-1	-1	-1	-1	-1	-1	5	95	3	3	1	250	-1	0	-1	1	-1	-1	-1	-1	100	20301009	57	100
70500055	7	5	0	55	0	-1	2	55	0	猛虎撼山兽爪·慎	85	猛虎者，虽山高亦可撼。#r适合#G谨慎#W性格的珍兽穿着，穿齐全套可#G增加吸气技能的生效几率#W。#r#G可在苏州（248，184）云姗姗处使用珍兽装备相关功能。#W	1000	800	3	-1	-1	PetEquipClaw1_10	珍兽武器	1	1	657	657	-1	-1	-1	-1	1	-1	-1	-1	-1	-1	-1	-1	-1	-1	-1	-1	-1	-1	-1	-1	-1	-1	-1	-1	-1	-1	-1	-1	-1	-1	-1	-1	-1	-1	-1	-1	-1	-1	-1	1	-1	-1	-1	-1	-1	-1	-1	-1	-1	-1	1	-1	-1	-1	-1	-1	-1	-1	-1	-1	-1	-1	1	95	3	3	1	250	-1	0	-1	1	-1	-1	-1	-1	50	20301009	20	100
70500056	7	5	0	56	0	-1	2	56	0	猛虎撼山兽爪·慎	85	猛虎者，虽山高亦可撼。#r适合#G谨慎#W性格的珍兽穿着，穿齐全套可#G增加吸气技能的生效几率#W。#r#G可在苏州（248，184）云姗姗处使用珍兽装备相关功能。#W	1000	800	3	-1	-1	PetEquipClaw1_10	珍兽武器	1	1	657	657	-1	-1	-1	-1	1	-1	-1	-1	-1	-1	-1	-1	-1	-1	-1	-1	-1	-1	-1	-1	-1	-1	-1	-1	-1	-1	-1	-1	-1	-1	-1	-1	-1	-1	-1	-1	-1	-1	-1	1	-1	-1	-1	-1	-1	-1	-1	-1	-1	-1	1	-1	-1	-1	-1	-1	-1	-1	-1	-1	-1	-1	2	95	3	3	1	250	-1	0	-1	1	-1	-1	-1	-1	60	20301009	30	100
70500057	7	5	0	57	0	-1	2	57	0	猛虎撼山兽爪·慎	85	猛虎者，虽山高亦可撼。#r适合#G谨慎#W性格的珍兽穿着，穿齐全套可#G增加吸气技能的生效几率#W。#r#G可在苏州（248，184）云姗姗处使用珍兽装备相关功能。#W	1000	800	3	-1	-1	PetEquipClaw1_10	珍兽武器	1	1	657	657	-1	-1	-1	-1	1	-1	-1	-1	-1	-1	-1	-1	-1	-1	-1	-1	-1	-1	-1	-1	-1	-1	-1	-1	-1	-1	-1	-1	-1	-1	-1	-1	-1	-1	-1	-1	-1	-1	-1	1	-1	-1	-1	-1	-1	-1	-1	-1	-1	-1	1	-1	-1	-1	-1	-1	-1	-1	-1	-1	-1	-1	3	95	3	3	1	250	-1	0	-1	1	-1	-1	-1	-1	70	20301009	35	100
70500058	7	5	0	58	0	-1	2	58	0	猛虎撼山兽爪·慎	85	猛虎者，虽山高亦可撼。#r适合#G谨慎#W性格的珍兽穿着，穿齐全套可#G增加吸气技能的生效几率#W。#r#G可在苏州（248，184）云姗姗处使用珍兽装备相关功能。#W	1000	800	3	-1	-1	PetEquipClaw1_10	珍兽武器	1	1	657	657	-1	-1	-1	-1	1	-1	-1	-1	-1	-1	-1	-1	-1	-1	-1	-1	-1	-1	-1	-1	-1	-1	-1	-1	-1	-1	-1	-1	-1	-1	-1	-1	-1	-1	-1	-1	-1	-1	-1	1	-1	-1	-1	-1	-1	-1	-1	-1	-1	-1	1	-1	-1	-1	-1	-1	-1	-1	-1	-1	-1	-1	4	95	3	3	1	250	-1	0	-1	1	-1	-1	-1	-1	80	20301009	42	100
70500059	7	5	0	59	0	-1	2	59	0	猛虎撼山兽爪·慎	85	猛虎者，虽山高亦可撼。#r适合#G谨慎#W性格的珍兽穿着，穿齐全套可#G增加吸气技能的生效几率#W。#r#G可在苏州（248，184）云姗姗处使用珍兽装备相关功能。#W	1000	800	3	-1	-1	PetEquipClaw1_10	珍兽武器	1	1	657	657	-1	-1	-1	-1	1	-1	-1	-1	-1	-1	-1	-1	-1	-1	-1	-1	-1	-1	-1	-1	-1	-1	-1	-1	-1	-1	-1	-1	-1	-1	-1	-1	-1	-1	-1	-1	-1	-1	-1	1	-1	-1	-1	-1	-1	-1	-1	-1	-1	-1	1	-1	-1	-1	-1	-1	-1	-1	-1	-1	-1	-1	5	95	3	3	1	250	-1	0	-1	1	-1	-1	-1	-1	100	20301009	57	100
70500060	7	5	0	60	0	-1	2	60	0	飞鹰翔空兽爪·怯	85	飞鹰者，欲翔空则难阻。#r适合#G胆小#W性格的珍兽穿着，穿齐全套可#G增加痛击技能的伤害#W。#r#G可在苏州（248，184）云姗姗处使用珍兽装备相关功能。#W	1000	800	3	-1	-1	PetEquipClaw1_6	珍兽武器	1	1	657	657	-1	-1	-1	-1	-1	-1	-1	-1	-1	-1	-1	-1	-1	-1	-1	-1	-1	-1	-1	-1	-1	-1	-1	-1	-1	-1	-1	-1	-1	-1	1	-1	-1	-1	-1	-1	-1	-1	-1	1	-1	1	-1	-1	-1	-1	-1	-1	-1	-1	-1	-1	-1	-1	-1	-1	-1	-1	-1	-1	-1	-1	1	95	3	3	1	250	-1	0	-1	-1	1	-1	-1	-1	50	20301009	20	100
70500061	7	5	0	61	0	-1	2	61	0	飞鹰翔空兽爪·怯	85	飞鹰者，欲翔空则难阻。#r适合#G胆小#W性格的珍兽穿着，穿齐全套可#G增加痛击技能的伤害#W。#r#G可在苏州（248，184）云姗姗处使用珍兽装备相关功能。#W	1000	800	3	-1	-1	PetEquipClaw1_6	珍兽武器	1	1	657	657	-1	-1	-1	-1	-1	-1	-1	-1	-1	-1	-1	-1	-1	-1	-1	-1	-1	-1	-1	-1	-1	-1	-1	-1	-1	-1	-1	-1	-1	-1	1	-1	-1	-1	-1	-1	-1	-1	-1	1	-1	1	-1	-1	-1	-1	-1	-1	-1	-1	-1	-1	-1	-1	-1	-1	-1	-1	-1	-1	-1	-1	2	95	3	3	1	250	-1	0	-1	-1	1	-1	-1	-1	60	20301009	30	100
70500062	7	5	0	62	0	-1	2	62	0	飞鹰翔空兽爪·怯	85	飞鹰者，欲翔空则难阻。#r适合#G胆小#W性格的珍兽穿着，穿齐全套可#G增加痛击技能的伤害#W。#r#G可在苏州（248，184）云姗姗处使用珍兽装备相关功能。#W	1000	800	3	-1	-1	PetEquipClaw1_6	珍兽武器	1	1	657	657	-1	-1	-1	-1	-1	-1	-1	-1	-1	-1	-1	-1	-1	-1	-1	-1	-1	-1	-1	-1	-1	-1	-1	-1	-1	-1	-1	-1	-1	-1	1	-1	-1	-1	-1	-1	-1	-1	-1	1	-1	1	-1	-1	-1	-1	-1	-1	-1	-1	-1	-1	-1	-1	-1	-1	-1	-1	-1	-1	-1	-1	3	95	3	3	1	250	-1	0	-1	-1	1	-1	-1	-1	70	20301009	35	100
70500063	7	5	0	63	0	-1	2	63	0	飞鹰翔空兽爪·怯	85	飞鹰者，欲翔空则难阻。#r适合#G胆小#W性格的珍兽穿着，穿齐全套可#G增加痛击技能的伤害#W。#r#G可在苏州（248，184）云姗姗处使用珍兽装备相关功能。#W	1000	800	3	-1	-1	PetEquipClaw1_6	珍兽武器	1	1	657	657	-1	-1	-1	-1	-1	-1	-1	-1	-1	-1	-1	-1	-1	-1	-1	-1	-1	-1	-1	-1	-1	-1	-1	-1	-1	-1	-1	-1	-1	-1	1	-1	-1	-1	-1	-1	-1	-1	-1	1	-1	1	-1	-1	-1	-1	-1	-1	-1	-1	-1	-1	-1	-1	-1	-1	-1	-1	-1	-1	-1	-1	4	95	3	3	1	250	-1	0	-1	-1	1	-1	-1	-1	80	20301009	42	100
70500064	7	5	0	64	0	-1	2	64	0	飞鹰翔空兽爪·怯	85	飞鹰者，欲翔空则难阻。#r适合#G胆小#W性格的珍兽穿着，穿齐全套可#G增加痛击技能的伤害#W。#r#G可在苏州（248，184）云姗姗处使用珍兽装备相关功能。#W	1000	800	3	-1	-1	PetEquipClaw1_6	珍兽武器	1	1	657	657	-1	-1	-1	-1	-1	-1	-1	-1	-1	-1	-1	-1	-1	-1	-1	-1	-1	-1	-1	-1	-1	-1	-1	-1	-1	-1	-1	-1	-1	-1	1	-1	-1	-1	-1	-1	-1	-1	-1	1	-1	1	-1	-1	-1	-1	-1	-1	-1	-1	-1	-1	-1	-1	-1	-1	-1	-1	-1	-1	-1	-1	5	95	3	3	1	250	-1	0	-1	-1	1	-1	-1	-1	100	20301009	57	100
70500065	7	5	0	65	0	-1	2	65	0	飞鹰翔空兽爪·狡	85	飞鹰者，欲翔空则难阻。#r适合#G精明#W性格的珍兽穿着，穿齐全套可#G增加反震技能的生效几率#W。#r#G可在苏州（248，184）云姗姗处使用珍兽装备相关功能。#W	1000	800	3	-1	-1	PetEquipClaw1_6	珍兽武器	1	1	657	657	-1	-1	-1	-1	1	-1	-1	-1	-1	-1	-1	-1	-1	-1	-1	-1	-1	-1	-1	-1	-1	-1	-1	-1	-1	-1	-1	-1	-1	-1	1	-1	-1	-1	-1	-1	-1	-1	-1	1	-1	-1	-1	-1	-1	-1	-1	-1	-1	-1	-1	-1	-1	-1	-1	-1	-1	-1	-1	-1	-1	-1	1	95	3	3	1	250	-1	0	-1	-1	1	-1	-1	-1	50	20301009	20	100
70500066	7	5	0	66	0	-1	2	66	0	飞鹰翔空兽爪·狡	85	飞鹰者，欲翔空则难阻。#r适合#G精明#W性格的珍兽穿着，穿齐全套可#G增加反震技能的生效几率#W。#r#G可在苏州（248，184）云姗姗处使用珍兽装备相关功能。#W	1000	800	3	-1	-1	PetEquipClaw1_6	珍兽武器	1	1	657	657	-1	-1	-1	-1	1	-1	-1	-1	-1	-1	-1	-1	-1	-1	-1	-1	-1	-1	-1	-1	-1	-1	-1	-1	-1	-1	-1	-1	-1	-1	1	-1	-1	-1	-1	-1	-1	-1	-1	1	-1	-1	-1	-1	-1	-1	-1	-1	-1	-1	-1	-1	-1	-1	-1	-1	-1	-1	-1	-1	-1	-1	2	95	3	3	1	250	-1	0	-1	-1	1	-1	-1	-1	60	20301009	30	100
70500067	7	5	0	67	0	-1	2	67	0	飞鹰翔空兽爪·狡	85	飞鹰者，欲翔空则难阻。#r适合#G精明#W性格的珍兽穿着，穿齐全套可#G增加反震技能的生效几率#W。#r#G可在苏州（248，184）云姗姗处使用珍兽装备相关功能。#W	1000	800	3	-1	-1	PetEquipClaw1_6	珍兽武器	1	1	657	657	-1	-1	-1	-1	1	-1	-1	-1	-1	-1	-1	-1	-1	-1	-1	-1	-1	-1	-1	-1	-1	-1	-1	-1	-1	-1	-1	-1	-1	-1	1	-1	-1	-1	-1	-1	-1	-1	-1	1	-1	-1	-1	-1	-1	-1	-1	-1	-1	-1	-1	-1	-1	-1	-1	-1	-1	-1	-1	-1	-1	-1	3	95	3	3	1	250	-1	0	-1	-1	1	-1	-1	-1	70	20301009	35	100
70500068	7	5	0	68	0	-1	2	68	0	飞鹰翔空兽爪·狡	85	飞鹰者，欲翔空则难阻。#r适合#G精明#W性格的珍兽穿着，穿齐全套可#G增加反震技能的生效几率#W。#r#G可在苏州（248，184）云姗姗处使用珍兽装备相关功能。#W	1000	800	3	-1	-1	PetEquipClaw1_6	珍兽武器	1	1	657	657	-1	-1	-1	-1	1	-1	-1	-1	-1	-1	-1	-1	-1	-1	-1	-1	-1	-1	-1	-1	-1	-1	-1	-1	-1	-1	-1	-1	-1	-1	1	-1	-1	-1	-1	-1	-1	-1	-1	1	-1	-1	-1	-1	-1	-1	-1	-1	-1	-1	-1	-1	-1	-1	-1	-1	-1	-1	-1	-1	-1	-1	4	95	3	3	1	250	-1	0	-1	-1	1	-1	-1	-1	80	20301009	42	100
70500069	7	5	0	69	0	-1	2	69	0	飞鹰翔空兽爪·狡	85	飞鹰者，欲翔空则难阻。#r适合#G精明#W性格的珍兽穿着，穿齐全套可#G增加反震技能的生效几率#W。#r#G可在苏州（248，184）云姗姗处使用珍兽装备相关功能。#W	1000	800	3	-1	-1	PetEquipClaw1_6	珍兽武器	1	1	657	657	-1	-1	-1	-1	1	-1	-1	-1	-1	-1	-1	-1	-1	-1	-1	-1	-1	-1	-1	-1	-1	-1	-1	-1	-1	-1	-1	-1	-1	-1	1	-1	-1	-1	-1	-1	-1	-1	-1	1	-1	-1	-1	-1	-1	-1	-1	-1	-1	-1	-1	-1	-1	-1	-1	-1	-1	-1	-1	-1	-1	-1	5	95	3	3	1	250	-1	0	-1	-1	1	-1	-1	-1	100	20301009	57	100
70500070	7	5	0	70	0	-1	2	70	0	飞鹰翔空兽爪·慎	85	飞鹰者，欲翔空则难阻。#r适合#G谨慎#W性格的珍兽穿着，穿齐全套可#G增加吸气技能的生效几率#W。#r#G可在苏州（248，184）云姗姗处使用珍兽装备相关功能。#W	1000	800	3	-1	-1	PetEquipClaw1_6	珍兽武器	1	1	657	657	-1	-1	-1	-1	1	-1	-1	-1	-1	-1	-1	-1	-1	-1	-1	-1	-1	-1	-1	-1	-1	-1	-1	-1	-1	-1	-1	-1	-1	-1	-1	-1	-1	-1	-1	-1	-1	-1	-1	1	-1	-1	-1	-1	-1	-1	-1	-1	-1	-1	1	-1	-1	-1	-1	-1	-1	-1	-1	-1	-1	-1	1	95	3	3	1	250	-1	0	-1	-1	1	-1	-1	-1	50	20301009	20	100
70500071	7	5	0	71	0	-1	2	71	0	飞鹰翔空兽爪·慎	85	飞鹰者，欲翔空则难阻。#r适合#G谨慎#W性格的珍兽穿着，穿齐全套可#G增加吸气技能的生效几率#W。#r#G可在苏州（248，184）云姗姗处使用珍兽装备相关功能。#W	1000	800	3	-1	-1	PetEquipClaw1_6	珍兽武器	1	1	657	657	-1	-1	-1	-1	1	-1	-1	-1	-1	-1	-1	-1	-1	-1	-1	-1	-1	-1	-1	-1	-1	-1	-1	-1	-1	-1	-1	-1	-1	-1	-1	-1	-1	-1	-1	-1	-1	-1	-1	1	-1	-1	-1	-1	-1	-1	-1	-1	-1	-1	1	-1	-1	-1	-1	-1	-1	-1	-1	-1	-1	-1	2	95	3	3	1	250	-1	0	-1	-1	1	-1	-1	-1	60	20301009	30	100
70500072	7	5	0	72	0	-1	2	72	0	飞鹰翔空兽爪·慎	85	飞鹰者，欲翔空则难阻。#r适合#G谨慎#W性格的珍兽穿着，穿齐全套可#G增加吸气技能的生效几率#W。#r#G可在苏州（248，184）云姗姗处使用珍兽装备相关功能。#W	1000	800	3	-1	-1	PetEquipClaw1_6	珍兽武器	1	1	657	657	-1	-1	-1	-1	1	-1	-1	-1	-1	-1	-1	-1	-1	-1	-1	-1	-1	-1	-1	-1	-1	-1	-1	-1	-1	-1	-1	-1	-1	-1	-1	-1	-1	-1	-1	-1	-1	-1	-1	1	-1	-1	-1	-1	-1	-1	-1	-1	-1	-1	1	-1	-1	-1	-1	-1	-1	-1	-1	-1	-1	-1	3	95	3	3	1	250	-1	0	-1	-1	1	-1	-1	-1	70	20301009	35	100
70500073	7	5	0	73	0	-1	2	73	0	飞鹰翔空兽爪·慎	85	飞鹰者，欲翔空则难阻。#r适合#G谨慎#W性格的珍兽穿着，穿齐全套可#G增加吸气技能的生效几率#W。#r#G可在苏州（248，184）云姗姗处使用珍兽装备相关功能。#W	1000	800	3	-1	-1	PetEquipClaw1_6	珍兽武器	1	1	657	657	-1	-1	-1	-1	1	-1	-1	-1	-1	-1	-1	-1	-1	-1	-1	-1	-1	-1	-1	-1	-1	-1	-1	-1	-1	-1	-1	-1	-1	-1	-1	-1	-1	-1	-1	-1	-1	-1	-1	1	-1	-1	-1	-1	-1	-1	-1	-1	-1	-1	1	-1	-1	-1	-1	-1	-1	-1	-1	-1	-1	-1	4	95	3	3	1	250	-1	0	-1	-1	1	-1	-1	-1	80	20301009	42	100
70500074	7	5	0	74	0	-1	2	74	0	飞鹰翔空兽爪·慎	85	飞鹰者，欲翔空则难阻。#r适合#G谨慎#W性格的珍兽穿着，穿齐全套可#G增加吸气技能的生效几率#W。#r#G可在苏州（248，184）云姗姗处使用珍兽装备相关功能。#W	1000	800	3	-1	-1	PetEquipClaw1_6	珍兽武器	1	1	657	657	-1	-1	-1	-1	1	-1	-1	-1	-1	-1	-1	-1	-1	-1	-1	-1	-1	-1	-1	-1	-1	-1	-1	-1	-1	-1	-1	-1	-1	-1	-1	-1	-1	-1	-1	-1	-1	-1	-1	1	-1	-1	-1	-1	-1	-1	-1	-1	-1	-1	1	-1	-1	-1	-1	-1	-1	-1	-1	-1	-1	-1	5	95	3	3	1	250	-1	0	-1	-1	1	-1	-1	-1	100	20301009	57	100
70500075	7	5	0	75	0	-1	2	75	0	巨熊哮路兽爪·忠	85	巨熊者，哮路而展其魄。#r适合#G忠诚#W性格的珍兽穿着，穿齐全套可#G增加忠心技能的生效几率#W。#r#G可在苏州（248，184）云姗姗处使用珍兽装备相关功能。#W	1000	800	3	-1	-1	PetEquipClaw1_4	珍兽武器	1	1	657	657	-1	-1	-1	-1	-1	-1	-1	-1	-1	-1	-1	-1	-1	-1	-1	-1	-1	-1	-1	-1	-1	-1	-1	-1	-1	-1	1	-1	-1	-1	-1	-1	-1	1	-1	-1	-1	-1	-1	-1	1	-1	-1	-1	-1	-1	-1	-1	-1	-1	-1	-1	-1	-1	-1	-1	-1	-1	-1	-1	-1	-1	1	95	3	3	1	250	-1	0	-1	-1	-1	1	-1	-1	50	20301009	20	100
70500076	7	5	0	76	0	-1	2	76	0	巨熊哮路兽爪·忠	85	巨熊者，哮路而展其魄。#r适合#G忠诚#W性格的珍兽穿着，穿齐全套可#G增加忠心技能的生效几率#W。#r#G可在苏州（248，184）云姗姗处使用珍兽装备相关功能。#W	1000	800	3	-1	-1	PetEquipClaw1_4	珍兽武器	1	1	657	657	-1	-1	-1	-1	-1	-1	-1	-1	-1	-1	-1	-1	-1	-1	-1	-1	-1	-1	-1	-1	-1	-1	-1	-1	-1	-1	1	-1	-1	-1	-1	-1	-1	1	-1	-1	-1	-1	-1	-1	1	-1	-1	-1	-1	-1	-1	-1	-1	-1	-1	-1	-1	-1	-1	-1	-1	-1	-1	-1	-1	-1	2	95	3	3	1	250	-1	0	-1	-1	-1	1	-1	-1	60	20301009	30	100
70500077	7	5	0	77	0	-1	2	77	0	巨熊哮路兽爪·忠	85	巨熊者，哮路而展其魄。#r适合#G忠诚#W性格的珍兽穿着，穿齐全套可#G增加忠心技能的生效几率#W。#r#G可在苏州（248，184）云姗姗处使用珍兽装备相关功能。#W	1000	800	3	-1	-1	PetEquipClaw1_4	珍兽武器	1	1	657	657	-1	-1	-1	-1	-1	-1	-1	-1	-1	-1	-1	-1	-1	-1	-1	-1	-1	-1	-1	-1	-1	-1	-1	-1	-1	-1	1	-1	-1	-1	-1	-1	-1	1	-1	-1	-1	-1	-1	-1	1	-1	-1	-1	-1	-1	-1	-1	-1	-1	-1	-1	-1	-1	-1	-1	-1	-1	-1	-1	-1	-1	3	95	3	3	1	250	-1	0	-1	-1	-1	1	-1	-1	70	20301009	35	100
70500078	7	5	0	78	0	-1	2	78	0	巨熊哮路兽爪·忠	85	巨熊者，哮路而展其魄。#r适合#G忠诚#W性格的珍兽穿着，穿齐全套可#G增加忠心技能的生效几率#W。#r#G可在苏州（248，184）云姗姗处使用珍兽装备相关功能。#W	1000	800	3	-1	-1	PetEquipClaw1_4	珍兽武器	1	1	657	657	-1	-1	-1	-1	-1	-1	-1	-1	-1	-1	-1	-1	-1	-1	-1	-1	-1	-1	-1	-1	-1	-1	-1	-1	-1	-1	1	-1	-1	-1	-1	-1	-1	1	-1	-1	-1	-1	-1	-1	1	-1	-1	-1	-1	-1	-1	-1	-1	-1	-1	-1	-1	-1	-1	-1	-1	-1	-1	-1	-1	-1	4	95	3	3	1	250	-1	0	-1	-1	-1	1	-1	-1	80	20301009	42	100
70500079	7	5	0	79	0	-1	2	79	0	巨熊哮路兽爪·忠	85	巨熊者，哮路而展其魄。#r适合#G忠诚#W性格的珍兽穿着，穿齐全套可#G增加忠心技能的生效几率#W。#r#G可在苏州（248，184）云姗姗处使用珍兽装备相关功能。#W	1000	800	3	-1	-1	PetEquipClaw1_4	珍兽武器	1	1	657	657	-1	-1	-1	-1	-1	-1	-1	-1	-1	-1	-1	-1	-1	-1	-1	-1	-1	-1	-1	-1	-1	-1	-1	-1	-1	-1	1	-1	-1	-1	-1	-1	-1	1	-1	-1	-1	-1	-1	-1	1	-1	-1	-1	-1	-1	-1	-1	-1	-1	-1	-1	-1	-1	-1	-1	-1	-1	-1	-1	-1	-1	5	95	3	3	1	250	-1	0	-1	-1	-1	1	-1	-1	100	20301009	57	100
70500080	7	5	0	80	0	-1	2	80	0	巨熊哮路兽爪·慎	85	巨熊者，哮路而展其魄。#r适合#G谨慎#W性格的珍兽穿着，穿齐全套可#G增加吸气技能的生效几率#W。#r#G可在苏州（248，184）云姗姗处使用珍兽装备相关功能。#W	1000	800	3	-1	-1	PetEquipClaw1_4	珍兽武器	1	1	657	657	-1	-1	-1	-1	-1	-1	-1	-1	-1	-1	-1	-1	-1	-1	-1	-1	-1	-1	-1	-1	-1	-1	-1	-1	-1	-1	-1	-1	-1	-1	-1	-1	-1	-1	-1	-1	-1	-1	-1	1	1	-1	-1	-1	-1	-1	-1	-1	-1	-1	1	-1	-1	-1	-1	-1	-1	-1	-1	-1	-1	-1	1	95	3	3	1	250	-1	0	-1	-1	-1	1	-1	-1	50	20301009	20	100
70500081	7	5	0	81	0	-1	2	81	0	巨熊哮路兽爪·慎	85	巨熊者，哮路而展其魄。#r适合#G谨慎#W性格的珍兽穿着，穿齐全套可#G增加吸气技能的生效几率#W。#r#G可在苏州（248，184）云姗姗处使用珍兽装备相关功能。#W	1000	800	3	-1	-1	PetEquipClaw1_4	珍兽武器	1	1	657	657	-1	-1	-1	-1	-1	-1	-1	-1	-1	-1	-1	-1	-1	-1	-1	-1	-1	-1	-1	-1	-1	-1	-1	-1	-1	-1	-1	-1	-1	-1	-1	-1	-1	-1	-1	-1	-1	-1	-1	1	1	-1	-1	-1	-1	-1	-1	-1	-1	-1	1	-1	-1	-1	-1	-1	-1	-1	-1	-1	-1	-1	2	95	3	3	1	250	-1	0	-1	-1	-1	1	-1	-1	60	20301009	30	100
70500082	7	5	0	82	0	-1	2	82	0	巨熊哮路兽爪·慎	85	巨熊者，哮路而展其魄。#r适合#G谨慎#W性格的珍兽穿着，穿齐全套可#G增加吸气技能的生效几率#W。#r#G可在苏州（248，184）云姗姗处使用珍兽装备相关功能。#W	1000	800	3	-1	-1	PetEquipClaw1_4	珍兽武器	1	1	657	657	-1	-1	-1	-1	-1	-1	-1	-1	-1	-1	-1	-1	-1	-1	-1	-1	-1	-1	-1	-1	-1	-1	-1	-1	-1	-1	-1	-1	-1	-1	-1	-1	-1	-1	-1	-1	-1	-1	-1	1	1	-1	-1	-1	-1	-1	-1	-1	-1	-1	1	-1	-1	-1	-1	-1	-1	-1	-1	-1	-1	-1	3	95	3	3	1	250	-1	0	-1	-1	-1	1	-1	-1	70	20301009	35	100
70500083	7	5	0	83	0	-1	2	83	0	巨熊哮路兽爪·慎	85	巨熊者，哮路而展其魄。#r适合#G谨慎#W性格的珍兽穿着，穿齐全套可#G增加吸气技能的生效几率#W。#r#G可在苏州（248，184）云姗姗处使用珍兽装备相关功能。#W	1000	800	3	-1	-1	PetEquipClaw1_4	珍兽武器	1	1	657	657	-1	-1	-1	-1	-1	-1	-1	-1	-1	-1	-1	-1	-1	-1	-1	-1	-1	-1	-1	-1	-1	-1	-1	-1	-1	-1	-1	-1	-1	-1	-1	-1	-1	-1	-1	-1	-1	-1	-1	1	1	-1	-1	-1	-1	-1	-1	-1	-1	-1	1	-1	-1	-1	-1	-1	-1	-1	-1	-1	-1	-1	4	95	3	3	1	250	-1	0	-1	-1	-1	1	-1	-1	80	20301009	42	100
70500084	7	5	0	84	0	-1	2	84	0	巨熊哮路兽爪·慎	85	巨熊者，哮路而展其魄。#r适合#G谨慎#W性格的珍兽穿着，穿齐全套可#G增加吸气技能的生效几率#W。#r#G可在苏州（248，184）云姗姗处使用珍兽装备相关功能。#W	1000	800	3	-1	-1	PetEquipClaw1_4	珍兽武器	1	1	657	657	-1	-1	-1	-1	-1	-1	-1	-1	-1	-1	-1	-1	-1	-1	-1	-1	-1	-1	-1	-1	-1	-1	-1	-1	-1	-1	-1	-1	-1	-1	-1	-1	-1	-1	-1	-1	-1	-1	-1	1	1	-1	-1	-1	-1	-1	-1	-1	-1	-1	1	-1	-1	-1	-1	-1	-1	-1	-1	-1	-1	-1	5	95	3	3	1	250	-1	0	-1	-1	-1	1	-1	-1	100	20301009	57	100
70500085	7	5	0	85	0	-1	2	85	0	奔马逐风兽爪·慎	85	奔马者，逐风以彰其志。#r适合#G谨慎#W性格的珍兽穿着，穿齐全套可#G增加吸气技能的生效几率#W。#r#G可在苏州（248，184）云姗姗处使用珍兽装备相关功能。#W	1000	800	3	-1	-1	PetEquipClaw1_9	珍兽武器	1	1	657	657	-1	-1	-1	-1	-1	-1	-1	-1	-1	-1	-1	-1	-1	-1	-1	-1	-1	-1	-1	-1	-1	-1	-1	-1	-1	-1	-1	-1	-1	-1	-1	-1	-1	-1	-1	-1	-1	-1	-1	1	1	-1	-1	-1	-1	-1	-1	-1	-1	-1	1	-1	-1	-1	-1	-1	-1	-1	-1	-1	-1	-1	1	95	3	3	1	250	-1	0	-1	-1	-1	-1	-1	1	50	20301009	20	100
70500086	7	5	0	86	0	-1	2	86	0	奔马逐风兽爪·慎	85	奔马者，逐风以彰其志。#r适合#G谨慎#W性格的珍兽穿着，穿齐全套可#G增加吸气技能的生效几率#W。#r#G可在苏州（248，184）云姗姗处使用珍兽装备相关功能。#W	1000	800	3	-1	-1	PetEquipClaw1_9	珍兽武器	1	1	657	657	-1	-1	-1	-1	-1	-1	-1	-1	-1	-1	-1	-1	-1	-1	-1	-1	-1	-1	-1	-1	-1	-1	-1	-1	-1	-1	-1	-1	-1	-1	-1	-1	-1	-1	-1	-1	-1	-1	-1	1	1	-1	-1	-1	-1	-1	-1	-1	-1	-1	1	-1	-1	-1	-1	-1	-1	-1	-1	-1	-1	-1	2	95	3	3	1	250	-1	0	-1	-1	-1	-1	-1	1	60	20301009	30	100
70500087	7	5	0	87	0	-1	2	87	0	奔马逐风兽爪·慎	85	奔马者，逐风以彰其志。#r适合#G谨慎#W性格的珍兽穿着，穿齐全套可#G增加吸气技能的生效几率#W。#r#G可在苏州（248，184）云姗姗处使用珍兽装备相关功能。#W	1000	800	3	-1	-1	PetEquipClaw1_9	珍兽武器	1	1	657	657	-1	-1	-1	-1	-1	-1	-1	-1	-1	-1	-1	-1	-1	-1	-1	-1	-1	-1	-1	-1	-1	-1	-1	-1	-1	-1	-1	-1	-1	-1	-1	-1	-1	-1	-1	-1	-1	-1	-1	1	1	-1	-1	-1	-1	-1	-1	-1	-1	-1	1	-1	-1	-1	-1	-1	-1	-1	-1	-1	-1	-1	3	95	3	3	1	250	-1	0	-1	-1	-1	-1	-1	1	70	20301009	35	100
70500088	7	5	0	88	0	-1	2	88	0	奔马逐风兽爪·慎	85	奔马者，逐风以彰其志。#r适合#G谨慎#W性格的珍兽穿着，穿齐全套可#G增加吸气技能的生效几率#W。#r#G可在苏州（248，184）云姗姗处使用珍兽装备相关功能。#W	1000	800	3	-1	-1	PetEquipClaw1_9	珍兽武器	1	1	657	657	-1	-1	-1	-1	-1	-1	-1	-1	-1	-1	-1	-1	-1	-1	-1	-1	-1	-1	-1	-1	-1	-1	-1	-1	-1	-1	-1	-1	-1	-1	-1	-1	-1	-1	-1	-1	-1	-1	-1	1	1	-1	-1	-1	-1	-1	-1	-1	-1	-1	1	-1	-1	-1	-1	-1	-1	-1	-1	-1	-1	-1	4	95	3	3	1	250	-1	0	-1	-1	-1	-1	-1	1	80	20301009	42	100
70500089	7	5	0	89	0	-1	2	89	0	奔马逐风兽爪·慎	85	奔马者，逐风以彰其志。#r适合#G谨慎#W性格的珍兽穿着，穿齐全套可#G增加吸气技能的生效几率#W。#r#G可在苏州（248，184）云姗姗处使用珍兽装备相关功能。#W	1000	800	3	-1	-1	PetEquipClaw1_9	珍兽武器	1	1	657	657	-1	-1	-1	-1	-1	-1	-1	-1	-1	-1	-1	-1	-1	-1	-1	-1	-1	-1	-1	-1	-1	-1	-1	-1	-1	-1	-1	-1	-1	-1	-1	-1	-1	-1	-1	-1	-1	-1	-1	1	1	-1	-1	-1	-1	-1	-1	-1	-1	-1	1	-1	-1	-1	-1	-1	-1	-1	-1	-1	-1	-1	5	95	3	3	1	250	-1	0	-1	-1	-1	-1	-1	1	100	20301009	57	100
70500090	7	5	0	90	0	-1	2	90	0	雄狮逆鳞兽爪·勇	95	狮生逆鳞，力猛不可知。#r适合#G勇猛#W性格的珍兽穿着，穿齐全套可#G增加连击技能的释放几率#W。#r#G可在苏州（248，184）云姗姗处使用珍兽装备相关功能。#W	1000	800	3	-1	-1	PetEquipClaw1_8	珍兽武器	1	1	727	727	-1	-1	-1	-1	-1	-1	-1	-1	-1	-1	-1	-1	-1	-1	-1	-1	-1	-1	-1	-1	-1	-1	-1	1	-1	-1	-1	-1	-1	-1	-1	-1	-1	-1	-1	-1	-1	-1	-1	1	-1	1	-1	-1	-1	-1	1	-1	-1	-1	-1	-1	-1	-1	-1	-1	-1	-1	-1	-1	-1	-1	1	105	4	4	1	250	-1	0	-1	1	-1	-1	-1	-1	50	20301009	50	100
70500091	7	5	0	91	0	-1	2	91	0	雄狮逆鳞兽爪·勇	95	狮生逆鳞，力猛不可知。#r适合#G勇猛#W性格的珍兽穿着，穿齐全套可#G增加连击技能的释放几率#W。#r#G可在苏州（248，184）云姗姗处使用珍兽装备相关功能。#W	1000	800	3	-1	-1	PetEquipClaw1_8	珍兽武器	1	1	727	727	-1	-1	-1	-1	-1	-1	-1	-1	-1	-1	-1	-1	-1	-1	-1	-1	-1	-1	-1	-1	-1	-1	-1	1	-1	-1	-1	-1	-1	-1	-1	-1	-1	-1	-1	-1	-1	-1	-1	1	-1	1	-1	-1	-1	-1	1	-1	-1	-1	-1	-1	-1	-1	-1	-1	-1	-1	-1	-1	-1	-1	2	105	4	4	1	250	-1	0	-1	1	-1	-1	-1	-1	60	20301009	68	100
70500092	7	5	0	92	0	-1	2	92	0	雄狮逆鳞兽爪·勇	95	狮生逆鳞，力猛不可知。#r适合#G勇猛#W性格的珍兽穿着，穿齐全套可#G增加连击技能的释放几率#W。#r#G可在苏州（248，184）云姗姗处使用珍兽装备相关功能。#W	1000	800	3	-1	-1	PetEquipClaw1_8	珍兽武器	1	1	727	727	-1	-1	-1	-1	-1	-1	-1	-1	-1	-1	-1	-1	-1	-1	-1	-1	-1	-1	-1	-1	-1	-1	-1	1	-1	-1	-1	-1	-1	-1	-1	-1	-1	-1	-1	-1	-1	-1	-1	1	-1	1	-1	-1	-1	-1	1	-1	-1	-1	-1	-1	-1	-1	-1	-1	-1	-1	-1	-1	-1	-1	3	105	4	4	1	250	-1	0	-1	1	-1	-1	-1	-1	70	20301009	90	100
70500093	7	5	0	93	0	-1	2	93	0	雄狮逆鳞兽爪·勇	95	狮生逆鳞，力猛不可知。#r适合#G勇猛#W性格的珍兽穿着，穿齐全套可#G增加连击技能的释放几率#W。#r#G可在苏州（248，184）云姗姗处使用珍兽装备相关功能。#W	1000	800	3	-1	-1	PetEquipClaw1_8	珍兽武器	1	1	727	727	-1	-1	-1	-1	-1	-1	-1	-1	-1	-1	-1	-1	-1	-1	-1	-1	-1	-1	-1	-1	-1	-1	-1	1	-1	-1	-1	-1	-1	-1	-1	-1	-1	-1	-1	-1	-1	-1	-1	1	-1	1	-1	-1	-1	-1	1	-1	-1	-1	-1	-1	-1	-1	-1	-1	-1	-1	-1	-1	-1	-1	4	105	4	4	1	250	-1	0	-1	1	-1	-1	-1	-1	80	20301009	115	100
70500094	7	5	0	94	0	-1	2	94	0	雄狮逆鳞兽爪·勇	95	狮生逆鳞，力猛不可知。#r适合#G勇猛#W性格的珍兽穿着，穿齐全套可#G增加连击技能的释放几率#W。#r#G可在苏州（248，184）云姗姗处使用珍兽装备相关功能。#W	1000	800	3	-1	-1	PetEquipClaw1_8	珍兽武器	1	1	727	727	-1	-1	-1	-1	-1	-1	-1	-1	-1	-1	-1	-1	-1	-1	-1	-1	-1	-1	-1	-1	-1	-1	-1	1	-1	-1	-1	-1	-1	-1	-1	-1	-1	-1	-1	-1	-1	-1	-1	1	-1	1	-1	-1	-1	-1	1	-1	-1	-1	-1	-1	-1	-1	-1	-1	-1	-1	-1	-1	-1	-1	5	105	4	4	1	250	-1	0	-1	1	-1	-1	-1	-1	100	20301009	143	100
70500095	7	5	0	95	0	-1	2	95	0	雄狮逆鳞兽爪·狡	95	狮生逆鳞，力猛不可知。#r适合#G精明#W性格的珍兽穿着，穿齐全套可#G增加反击技能的生效几率#W。#r#G可在苏州（248，184）云姗姗处使用珍兽装备相关功能。#W	1000	800	3	-1	-1	PetEquipClaw1_8	珍兽武器	1	1	727	727	-1	-1	-1	-1	1	-1	-1	-1	-1	-1	-1	-1	-1	-1	-1	-1	-1	-1	-1	-1	-1	-1	-1	1	-1	-1	-1	-1	-1	-1	-1	-1	-1	-1	-1	-1	-1	-1	-1	1	-1	-1	-1	-1	-1	-1	1	-1	-1	-1	-1	-1	-1	-1	-1	-1	-1	-1	-1	-1	-1	-1	1	105	4	4	1	250	-1	0	-1	1	-1	-1	-1	-1	50	20301009	50	100
70500096	7	5	0	96	0	-1	2	96	0	雄狮逆鳞兽爪·狡	95	狮生逆鳞，力猛不可知。#r适合#G精明#W性格的珍兽穿着，穿齐全套可#G增加反击技能的生效几率#W。#r#G可在苏州（248，184）云姗姗处使用珍兽装备相关功能。#W	1000	800	3	-1	-1	PetEquipClaw1_8	珍兽武器	1	1	727	727	-1	-1	-1	-1	1	-1	-1	-1	-1	-1	-1	-1	-1	-1	-1	-1	-1	-1	-1	-1	-1	-1	-1	1	-1	-1	-1	-1	-1	-1	-1	-1	-1	-1	-1	-1	-1	-1	-1	1	-1	-1	-1	-1	-1	-1	1	-1	-1	-1	-1	-1	-1	-1	-1	-1	-1	-1	-1	-1	-1	-1	2	105	4	4	1	250	-1	0	-1	1	-1	-1	-1	-1	60	20301009	68	100
70500097	7	5	0	97	0	-1	2	97	0	雄狮逆鳞兽爪·狡	95	狮生逆鳞，力猛不可知。#r适合#G精明#W性格的珍兽穿着，穿齐全套可#G增加反击技能的生效几率#W。#r#G可在苏州（248，184）云姗姗处使用珍兽装备相关功能。#W	1000	800	3	-1	-1	PetEquipClaw1_8	珍兽武器	1	1	727	727	-1	-1	-1	-1	1	-1	-1	-1	-1	-1	-1	-1	-1	-1	-1	-1	-1	-1	-1	-1	-1	-1	-1	1	-1	-1	-1	-1	-1	-1	-1	-1	-1	-1	-1	-1	-1	-1	-1	1	-1	-1	-1	-1	-1	-1	1	-1	-1	-1	-1	-1	-1	-1	-1	-1	-1	-1	-1	-1	-1	-1	3	105	4	4	1	250	-1	0	-1	1	-1	-1	-1	-1	70	20301009	90	100
70500098	7	5	0	98	0	-1	2	98	0	雄狮逆鳞兽爪·狡	95	狮生逆鳞，力猛不可知。#r适合#G精明#W性格的珍兽穿着，穿齐全套可#G增加反击技能的生效几率#W。#r#G可在苏州（248，184）云姗姗处使用珍兽装备相关功能。#W	1000	800	3	-1	-1	PetEquipClaw1_8	珍兽武器	1	1	727	727	-1	-1	-1	-1	1	-1	-1	-1	-1	-1	-1	-1	-1	-1	-1	-1	-1	-1	-1	-1	-1	-1	-1	1	-1	-1	-1	-1	-1	-1	-1	-1	-1	-1	-1	-1	-1	-1	-1	1	-1	-1	-1	-1	-1	-1	1	-1	-1	-1	-1	-1	-1	-1	-1	-1	-1	-1	-1	-1	-1	-1	4	105	4	4	1	250	-1	0	-1	1	-1	-1	-1	-1	80	20301009	115	100
70500099	7	5	0	99	0	-1	2	99	0	雄狮逆鳞兽爪·狡	95	狮生逆鳞，力猛不可知。#r适合#G精明#W性格的珍兽穿着，穿齐全套可#G增加反击技能的生效几率#W。#r#G可在苏州（248，184）云姗姗处使用珍兽装备相关功能。#W	1000	800	3	-1	-1	PetEquipClaw1_8	珍兽武器	1	1	727	727	-1	-1	-1	-1	1	-1	-1	-1	-1	-1	-1	-1	-1	-1	-1	-1	-1	-1	-1	-1	-1	-1	-1	1	-1	-1	-1	-1	-1	-1	-1	-1	-1	-1	-1	-1	-1	-1	-1	1	-1	-1	-1	-1	-1	-1	1	-1	-1	-1	-1	-1	-1	-1	-1	-1	-1	-1	-1	-1	-1	-1	5	105	4	4	1	250	-1	0	-1	1	-1	-1	-1	-1	100	20301009	143	100
70500100	7	5	0	100	0	-1	2	100	0	雄狮逆鳞兽爪·慎	95	狮生逆鳞，力猛不可知。#r适合#G谨慎#W性格的珍兽穿着，穿齐全套可#G增加打怒技能的生效几率#W。#r#G可在苏州（248，184）云姗姗处使用珍兽装备相关功能。#W	1000	800	3	-1	-1	PetEquipClaw1_8	珍兽武器	1	1	727	727	-1	-1	-1	-1	1	-1	-1	-1	-1	-1	-1	-1	-1	-1	-1	-1	-1	-1	-1	-1	-1	-1	-1	-1	-1	-1	-1	-1	-1	-1	-1	-1	-1	-1	-1	-1	-1	-1	-1	1	-1	-1	-1	-1	-1	-1	1	-1	-1	-1	1	-1	-1	-1	-1	-1	-1	-1	-1	-1	-1	-1	1	105	4	4	1	250	-1	0	-1	1	-1	-1	-1	-1	50	20301009	50	100
70500101	7	5	0	101	0	-1	2	101	0	雄狮逆鳞兽爪·慎	95	狮生逆鳞，力猛不可知。#r适合#G谨慎#W性格的珍兽穿着，穿齐全套可#G增加打怒技能的生效几率#W。#r#G可在苏州（248，184）云姗姗处使用珍兽装备相关功能。#W	1000	800	3	-1	-1	PetEquipClaw1_8	珍兽武器	1	1	727	727	-1	-1	-1	-1	1	-1	-1	-1	-1	-1	-1	-1	-1	-1	-1	-1	-1	-1	-1	-1	-1	-1	-1	-1	-1	-1	-1	-1	-1	-1	-1	-1	-1	-1	-1	-1	-1	-1	-1	1	-1	-1	-1	-1	-1	-1	1	-1	-1	-1	1	-1	-1	-1	-1	-1	-1	-1	-1	-1	-1	-1	2	105	4	4	1	250	-1	0	-1	1	-1	-1	-1	-1	60	20301009	68	100
70500102	7	5	0	102	0	-1	2	102	0	雄狮逆鳞兽爪·慎	95	狮生逆鳞，力猛不可知。#r适合#G谨慎#W性格的珍兽穿着，穿齐全套可#G增加打怒技能的生效几率#W。#r#G可在苏州（248，184）云姗姗处使用珍兽装备相关功能。#W	1000	800	3	-1	-1	PetEquipClaw1_8	珍兽武器	1	1	727	727	-1	-1	-1	-1	1	-1	-1	-1	-1	-1	-1	-1	-1	-1	-1	-1	-1	-1	-1	-1	-1	-1	-1	-1	-1	-1	-1	-1	-1	-1	-1	-1	-1	-1	-1	-1	-1	-1	-1	1	-1	-1	-1	-1	-1	-1	1	-1	-1	-1	1	-1	-1	-1	-1	-1	-1	-1	-1	-1	-1	-1	3	105	4	4	1	250	-1	0	-1	1	-1	-1	-1	-1	70	20301009	90	100
70500103	7	5	0	103	0	-1	2	103	0	雄狮逆鳞兽爪·慎	95	狮生逆鳞，力猛不可知。#r适合#G谨慎#W性格的珍兽穿着，穿齐全套可#G增加打怒技能的生效几率#W。#r#G可在苏州（248，184）云姗姗处使用珍兽装备相关功能。#W	1000	800	3	-1	-1	PetEquipClaw1_8	珍兽武器	1	1	727	727	-1	-1	-1	-1	1	-1	-1	-1	-1	-1	-1	-1	-1	-1	-1	-1	-1	-1	-1	-1	-1	-1	-1	-1	-1	-1	-1	-1	-1	-1	-1	-1	-1	-1	-1	-1	-1	-1	-1	1	-1	-1	-1	-1	-1	-1	1	-1	-1	-1	1	-1	-1	-1	-1	-1	-1	-1	-1	-1	-1	-1	4	105	4	4	1	250	-1	0	-1	1	-1	-1	-1	-1	80	20301009	115	100
70500104	7	5	0	104	0	-1	2	104	0	雄狮逆鳞兽爪·慎	95	狮生逆鳞，力猛不可知。#r适合#G谨慎#W性格的珍兽穿着，穿齐全套可#G增加打怒技能的生效几率#W。#r#G可在苏州（248，184）云姗姗处使用珍兽装备相关功能。#W	1000	800	3	-1	-1	PetEquipClaw1_8	珍兽武器	1	1	727	727	-1	-1	-1	-1	1	-1	-1	-1	-1	-1	-1	-1	-1	-1	-1	-1	-1	-1	-1	-1	-1	-1	-1	-1	-1	-1	-1	-1	-1	-1	-1	-1	-1	-1	-1	-1	-1	-1	-1	1	-1	-1	-1	-1	-1	-1	1	-1	-1	-1	1	-1	-1	-1	-1	-1	-1	-1	-1	-1	-1	-1	5	105	4	4	1	250	-1	0	-1	1	-1	-1	-1	-1	100	20301009	143	100
70500105	7	5	0	105	0	-1	2	105	0	昆鹏异羽兽爪·怯	95	昆仑有鹏，异羽昭其灵。#r适合#G胆小#W性格的珍兽穿着，穿齐全套可#G增加烈火咒、玄雷咒、血毒咒、寒冰咒释放几率#W。#r#G可在苏州（248，184）云姗姗处使用珍兽装备相关功能。#W	1000	800	3	-1	-1	PetEquipClaw1_7	珍兽武器	1	1	727	727	-1	-1	-1	-1	-1	-1	-1	-1	-1	-1	-1	-1	-1	-1	-1	-1	-1	-1	-1	-1	-1	-1	-1	-1	-1	-1	-1	-1	-1	-1	1	-1	-1	-1	-1	-1	-1	-1	-1	1	-1	1	-1	-1	-1	-1	-1	1	-1	-1	-1	-1	-1	-1	-1	-1	-1	-1	-1	-1	-1	-1	1	105	4	4	1	250	-1	0	-1	-1	1	-1	-1	-1	50	20301009	50	100
70500106	7	5	0	106	0	-1	2	106	0	昆鹏异羽兽爪·怯	95	昆仑有鹏，异羽昭其灵。#r适合#G胆小#W性格的珍兽穿着，穿齐全套可#G增加烈火咒、玄雷咒、血毒咒、寒冰咒释放几率#W。#r#G可在苏州（248，184）云姗姗处使用珍兽装备相关功能。#W	1000	800	3	-1	-1	PetEquipClaw1_7	珍兽武器	1	1	727	727	-1	-1	-1	-1	-1	-1	-1	-1	-1	-1	-1	-1	-1	-1	-1	-1	-1	-1	-1	-1	-1	-1	-1	-1	-1	-1	-1	-1	-1	-1	1	-1	-1	-1	-1	-1	-1	-1	-1	1	-1	1	-1	-1	-1	-1	-1	1	-1	-1	-1	-1	-1	-1	-1	-1	-1	-1	-1	-1	-1	-1	2	105	4	4	1	250	-1	0	-1	-1	1	-1	-1	-1	60	20301009	68	100
70500107	7	5	0	107	0	-1	2	107	0	昆鹏异羽兽爪·怯	95	昆仑有鹏，异羽昭其灵。#r适合#G胆小#W性格的珍兽穿着，穿齐全套可#G增加烈火咒、玄雷咒、血毒咒、寒冰咒释放几率#W。#r#G可在苏州（248，184）云姗姗处使用珍兽装备相关功能。#W	1000	800	3	-1	-1	PetEquipClaw1_7	珍兽武器	1	1	727	727	-1	-1	-1	-1	-1	-1	-1	-1	-1	-1	-1	-1	-1	-1	-1	-1	-1	-1	-1	-1	-1	-1	-1	-1	-1	-1	-1	-1	-1	-1	1	-1	-1	-1	-1	-1	-1	-1	-1	1	-1	1	-1	-1	-1	-1	-1	1	-1	-1	-1	-1	-1	-1	-1	-1	-1	-1	-1	-1	-1	-1	3	105	4	4	1	250	-1	0	-1	-1	1	-1	-1	-1	70	20301009	90	100
70500108	7	5	0	108	0	-1	2	108	0	昆鹏异羽兽爪·怯	95	昆仑有鹏，异羽昭其灵。#r适合#G胆小#W性格的珍兽穿着，穿齐全套可#G增加烈火咒、玄雷咒、血毒咒、寒冰咒释放几率#W。#r#G可在苏州（248，184）云姗姗处使用珍兽装备相关功能。#W	1000	800	3	-1	-1	PetEquipClaw1_7	珍兽武器	1	1	727	727	-1	-1	-1	-1	-1	-1	-1	-1	-1	-1	-1	-1	-1	-1	-1	-1	-1	-1	-1	-1	-1	-1	-1	-1	-1	-1	-1	-1	-1	-1	1	-1	-1	-1	-1	-1	-1	-1	-1	1	-1	1	-1	-1	-1	-1	-1	1	-1	-1	-1	-1	-1	-1	-1	-1	-1	-1	-1	-1	-1	-1	4	105	4	4	1	250	-1	0	-1	-1	1	-1	-1	-1	80	20301009	115	100
70500109	7	5	0	109	0	-1	2	109	0	昆鹏异羽兽爪·怯	95	昆仑有鹏，异羽昭其灵。#r适合#G胆小#W性格的珍兽穿着，穿齐全套可#G增加烈火咒、玄雷咒、血毒咒、寒冰咒释放几率#W。#r#G可在苏州（248，184）云姗姗处使用珍兽装备相关功能。#W	1000	800	3	-1	-1	PetEquipClaw1_7	珍兽武器	1	1	727	727	-1	-1	-1	-1	-1	-1	-1	-1	-1	-1	-1	-1	-1	-1	-1	-1	-1	-1	-1	-1	-1	-1	-1	-1	-1	-1	-1	-1	-1	-1	1	-1	-1	-1	-1	-1	-1	-1	-1	1	-1	1	-1	-1	-1	-1	-1	1	-1	-1	-1	-1	-1	-1	-1	-1	-1	-1	-1	-1	-1	-1	5	105	4	4	1	250	-1	0	-1	-1	1	-1	-1	-1	100	20301009	143	100
70500110	7	5	0	110	0	-1	2	110	0	昆鹏异羽兽爪·狡	95	昆仑有鹏，异羽昭其灵。#r适合#G精明#W性格的珍兽穿着，穿齐全套可#G增加反击技能的生效几率#W。#r#G可在苏州（248，184）云姗姗处使用珍兽装备相关功能。#W	1000	800	3	-1	-1	PetEquipClaw1_7	珍兽武器	1	1	727	727	-1	-1	-1	-1	1	-1	-1	-1	-1	-1	-1	-1	-1	-1	-1	-1	-1	-1	-1	-1	-1	-1	-1	-1	-1	-1	-1	-1	-1	-1	1	-1	-1	-1	-1	-1	-1	-1	-1	1	-1	-1	-1	-1	-1	-1	-1	1	-1	-1	-1	-1	-1	-1	-1	-1	-1	-1	-1	-1	-1	-1	1	105	4	4	1	250	-1	0	-1	-1	1	-1	-1	-1	50	20301009	50	100
70500111	7	5	0	111	0	-1	2	111	0	昆鹏异羽兽爪·狡	95	昆仑有鹏，异羽昭其灵。#r适合#G精明#W性格的珍兽穿着，穿齐全套可#G增加反击技能的生效几率#W。#r#G可在苏州（248，184）云姗姗处使用珍兽装备相关功能。#W	1000	800	3	-1	-1	PetEquipClaw1_7	珍兽武器	1	1	727	727	-1	-1	-1	-1	1	-1	-1	-1	-1	-1	-1	-1	-1	-1	-1	-1	-1	-1	-1	-1	-1	-1	-1	-1	-1	-1	-1	-1	-1	-1	1	-1	-1	-1	-1	-1	-1	-1	-1	1	-1	-1	-1	-1	-1	-1	-1	1	-1	-1	-1	-1	-1	-1	-1	-1	-1	-1	-1	-1	-1	-1	2	105	4	4	1	250	-1	0	-1	-1	1	-1	-1	-1	60	20301009	68	100
70500112	7	5	0	112	0	-1	2	112	0	昆鹏异羽兽爪·狡	95	昆仑有鹏，异羽昭其灵。#r适合#G精明#W性格的珍兽穿着，穿齐全套可#G增加反击技能的生效几率#W。#r#G可在苏州（248，184）云姗姗处使用珍兽装备相关功能。#W	1000	800	3	-1	-1	PetEquipClaw1_7	珍兽武器	1	1	727	727	-1	-1	-1	-1	1	-1	-1	-1	-1	-1	-1	-1	-1	-1	-1	-1	-1	-1	-1	-1	-1	-1	-1	-1	-1	-1	-1	-1	-1	-1	1	-1	-1	-1	-1	-1	-1	-1	-1	1	-1	-1	-1	-1	-1	-1	-1	1	-1	-1	-1	-1	-1	-1	-1	-1	-1	-1	-1	-1	-1	-1	3	105	4	4	1	250	-1	0	-1	-1	1	-1	-1	-1	70	20301009	90	100
70500113	7	5	0	113	0	-1	2	113	0	昆鹏异羽兽爪·狡	95	昆仑有鹏，异羽昭其灵。#r适合#G精明#W性格的珍兽穿着，穿齐全套可#G增加反击技能的生效几率#W。#r#G可在苏州（248，184）云姗姗处使用珍兽装备相关功能。#W	1000	800	3	-1	-1	PetEquipClaw1_7	珍兽武器	1	1	727	727	-1	-1	-1	-1	1	-1	-1	-1	-1	-1	-1	-1	-1	-1	-1	-1	-1	-1	-1	-1	-1	-1	-1	-1	-1	-1	-1	-1	-1	-1	1	-1	-1	-1	-1	-1	-1	-1	-1	1	-1	-1	-1	-1	-1	-1	-1	1	-1	-1	-1	-1	-1	-1	-1	-1	-1	-1	-1	-1	-1	-1	4	105	4	4	1	250	-1	0	-1	-1	1	-1	-1	-1	80	20301009	115	100
70500114	7	5	0	114	0	-1	2	114	0	昆鹏异羽兽爪·狡	95	昆仑有鹏，异羽昭其灵。#r适合#G精明#W性格的珍兽穿着，穿齐全套可#G增加反击技能的生效几率#W。#r#G可在苏州（248，184）云姗姗处使用珍兽装备相关功能。#W	1000	800	3	-1	-1	PetEquipClaw1_7	珍兽武器	1	1	727	727	-1	-1	-1	-1	1	-1	-1	-1	-1	-1	-1	-1	-1	-1	-1	-1	-1	-1	-1	-1	-1	-1	-1	-1	-1	-1	-1	-1	-1	-1	1	-1	-1	-1	-1	-1	-1	-1	-1	1	-1	-1	-1	-1	-1	-1	-1	1	-1	-1	-1	-1	-1	-1	-1	-1	-1	-1	-1	-1	-1	-1	5	105	4	4	1	250	-1	0	-1	-1	1	-1	-1	-1	100	20301009	143	100
70500115	7	5	0	115	0	-1	2	115	0	昆鹏异羽兽爪·慎	95	昆仑有鹏，异羽昭其灵。#r适合#G谨慎#W性格的珍兽穿着，穿齐全套可#G增加打怒技能的生效几率#W。#r#G可在苏州（248，184）云姗姗处使用珍兽装备相关功能。#W	1000	800	3	-1	-1	PetEquipClaw1_7	珍兽武器	1	1	727	727	-1	-1	-1	-1	1	-1	-1	-1	-1	-1	-1	-1	-1	-1	-1	-1	-1	-1	-1	-1	-1	-1	-1	-1	-1	-1	-1	-1	-1	-1	-1	-1	-1	-1	-1	-1	-1	-1	-1	1	-1	-1	-1	-1	-1	-1	-1	1	-1	-1	1	-1	-1	-1	-1	-1	-1	-1	-1	-1	-1	-1	1	105	4	4	1	250	-1	0	-1	-1	1	-1	-1	-1	50	20301009	50	100
70500116	7	5	0	116	0	-1	2	116	0	昆鹏异羽兽爪·慎	95	昆仑有鹏，异羽昭其灵。#r适合#G谨慎#W性格的珍兽穿着，穿齐全套可#G增加打怒技能的生效几率#W。#r#G可在苏州（248，184）云姗姗处使用珍兽装备相关功能。#W	1000	800	3	-1	-1	PetEquipClaw1_7	珍兽武器	1	1	727	727	-1	-1	-1	-1	1	-1	-1	-1	-1	-1	-1	-1	-1	-1	-1	-1	-1	-1	-1	-1	-1	-1	-1	-1	-1	-1	-1	-1	-1	-1	-1	-1	-1	-1	-1	-1	-1	-1	-1	1	-1	-1	-1	-1	-1	-1	-1	1	-1	-1	1	-1	-1	-1	-1	-1	-1	-1	-1	-1	-1	-1	2	105	4	4	1	250	-1	0	-1	-1	1	-1	-1	-1	60	20301009	68	100
70500117	7	5	0	117	0	-1	2	117	0	昆鹏异羽兽爪·慎	95	昆仑有鹏，异羽昭其灵。#r适合#G谨慎#W性格的珍兽穿着，穿齐全套可#G增加打怒技能的生效几率#W。#r#G可在苏州（248，184）云姗姗处使用珍兽装备相关功能。#W	1000	800	3	-1	-1	PetEquipClaw1_7	珍兽武器	1	1	727	727	-1	-1	-1	-1	1	-1	-1	-1	-1	-1	-1	-1	-1	-1	-1	-1	-1	-1	-1	-1	-1	-1	-1	-1	-1	-1	-1	-1	-1	-1	-1	-1	-1	-1	-1	-1	-1	-1	-1	1	-1	-1	-1	-1	-1	-1	-1	1	-1	-1	1	-1	-1	-1	-1	-1	-1	-1	-1	-1	-1	-1	3	105	4	4	1	250	-1	0	-1	-1	1	-1	-1	-1	70	20301009	90	100
70500118	7	5	0	118	0	-1	2	118	0	昆鹏异羽兽爪·慎	95	昆仑有鹏，异羽昭其灵。#r适合#G谨慎#W性格的珍兽穿着，穿齐全套可#G增加打怒技能的生效几率#W。#r#G可在苏州（248，184）云姗姗处使用珍兽装备相关功能。#W	1000	800	3	-1	-1	PetEquipClaw1_7	珍兽武器	1	1	727	727	-1	-1	-1	-1	1	-1	-1	-1	-1	-1	-1	-1	-1	-1	-1	-1	-1	-1	-1	-1	-1	-1	-1	-1	-1	-1	-1	-1	-1	-1	-1	-1	-1	-1	-1	-1	-1	-1	-1	1	-1	-1	-1	-1	-1	-1	-1	1	-1	-1	1	-1	-1	-1	-1	-1	-1	-1	-1	-1	-1	-1	4	105	4	4	1	250	-1	0	-1	-1	1	-1	-1	-1	80	20301009	115	100
70500119	7	5	0	119	0	-1	2	119	0	昆鹏异羽兽爪·慎	95	昆仑有鹏，异羽昭其灵。#r适合#G谨慎#W性格的珍兽穿着，穿齐全套可#G增加打怒技能的生效几率#W。#r#G可在苏州（248，184）云姗姗处使用珍兽装备相关功能。#W	1000	800	3	-1	-1	PetEquipClaw1_7	珍兽武器	1	1	727	727	-1	-1	-1	-1	1	-1	-1	-1	-1	-1	-1	-1	-1	-1	-1	-1	-1	-1	-1	-1	-1	-1	-1	-1	-1	-1	-1	-1	-1	-1	-1	-1	-1	-1	-1	-1	-1	-1	-1	1	-1	-1	-1	-1	-1	-1	-1	1	-1	-1	1	-1	-1	-1	-1	-1	-1	-1	-1	-1	-1	-1	5	105	4	4	1	250	-1	0	-1	-1	1	-1	-1	-1	100	20301009	143	100
70500120	7	5	0	120	0	-1	2	120	0	玄龟奇血兽爪·忠	95	龟背色玄，有奇血暗涌。#r适合#G忠诚#W性格的珍兽穿着，穿齐全套可#G增加灵气技能的生效几率#W。#r#G可在苏州（248，184）云姗姗处使用珍兽装备相关功能。#W	1000	800	3	-1	-1	PetEquipClaw1_12	珍兽武器	1	1	727	727	-1	-1	-1	-1	-1	-1	-1	-1	-1	-1	-1	-1	-1	-1	-1	-1	-1	-1	-1	-1	-1	-1	-1	-1	-1	-1	1	-1	-1	-1	-1	-1	-1	1	-1	-1	-1	-1	-1	-1	1	-1	-1	-1	-1	-1	-1	-1	1	-1	-1	-1	-1	-1	-1	-1	-1	-1	-1	-1	-1	-1	1	105	4	4	1	250	-1	0	-1	-1	-1	1	-1	-1	50	20301009	50	100
70500121	7	5	0	121	0	-1	2	121	0	玄龟奇血兽爪·忠	95	龟背色玄，有奇血暗涌。#r适合#G忠诚#W性格的珍兽穿着，穿齐全套可#G增加灵气技能的生效几率#W。#r#G可在苏州（248，184）云姗姗处使用珍兽装备相关功能。#W	1000	800	3	-1	-1	PetEquipClaw1_12	珍兽武器	1	1	727	727	-1	-1	-1	-1	-1	-1	-1	-1	-1	-1	-1	-1	-1	-1	-1	-1	-1	-1	-1	-1	-1	-1	-1	-1	-1	-1	1	-1	-1	-1	-1	-1	-1	1	-1	-1	-1	-1	-1	-1	1	-1	-1	-1	-1	-1	-1	-1	1	-1	-1	-1	-1	-1	-1	-1	-1	-1	-1	-1	-1	-1	2	105	4	4	1	250	-1	0	-1	-1	-1	1	-1	-1	60	20301009	68	100
70500122	7	5	0	122	0	-1	2	122	0	玄龟奇血兽爪·忠	95	龟背色玄，有奇血暗涌。#r适合#G忠诚#W性格的珍兽穿着，穿齐全套可#G增加灵气技能的生效几率#W。#r#G可在苏州（248，184）云姗姗处使用珍兽装备相关功能。#W	1000	800	3	-1	-1	PetEquipClaw1_12	珍兽武器	1	1	727	727	-1	-1	-1	-1	-1	-1	-1	-1	-1	-1	-1	-1	-1	-1	-1	-1	-1	-1	-1	-1	-1	-1	-1	-1	-1	-1	1	-1	-1	-1	-1	-1	-1	1	-1	-1	-1	-1	-1	-1	1	-1	-1	-1	-1	-1	-1	-1	1	-1	-1	-1	-1	-1	-1	-1	-1	-1	-1	-1	-1	-1	3	105	4	4	1	250	-1	0	-1	-1	-1	1	-1	-1	70	20301009	90	100
70500123	7	5	0	123	0	-1	2	123	0	玄龟奇血兽爪·忠	95	龟背色玄，有奇血暗涌。#r适合#G忠诚#W性格的珍兽穿着，穿齐全套可#G增加灵气技能的生效几率#W。#r#G可在苏州（248，184）云姗姗处使用珍兽装备相关功能。#W	1000	800	3	-1	-1	PetEquipClaw1_12	珍兽武器	1	1	727	727	-1	-1	-1	-1	-1	-1	-1	-1	-1	-1	-1	-1	-1	-1	-1	-1	-1	-1	-1	-1	-1	-1	-1	-1	-1	-1	1	-1	-1	-1	-1	-1	-1	1	-1	-1	-1	-1	-1	-1	1	-1	-1	-1	-1	-1	-1	-1	1	-1	-1	-1	-1	-1	-1	-1	-1	-1	-1	-1	-1	-1	4	105	4	4	1	250	-1	0	-1	-1	-1	1	-1	-1	80	20301009	115	100
70500124	7	5	0	124	0	-1	2	124	0	玄龟奇血兽爪·忠	95	龟背色玄，有奇血暗涌。#r适合#G忠诚#W性格的珍兽穿着，穿齐全套可#G增加灵气技能的生效几率#W。#r#G可在苏州（248，184）云姗姗处使用珍兽装备相关功能。#W	1000	800	3	-1	-1	PetEquipClaw1_12	珍兽武器	1	1	727	727	-1	-1	-1	-1	-1	-1	-1	-1	-1	-1	-1	-1	-1	-1	-1	-1	-1	-1	-1	-1	-1	-1	-1	-1	-1	-1	1	-1	-1	-1	-1	-1	-1	1	-1	-1	-1	-1	-1	-1	1	-1	-1	-1	-1	-1	-1	-1	1	-1	-1	-1	-1	-1	-1	-1	-1	-1	-1	-1	-1	-1	5	105	4	4	1	250	-1	0	-1	-1	-1	1	-1	-1	100	20301009	143	100
70500125	7	5	0	125	0	-1	2	125	0	玄龟奇血兽爪·慎	95	龟背色玄，有奇血暗涌。#r适合#G谨慎#W性格的珍兽穿着，穿齐全套可#G增加打怒技能的生效几率#W。#r#G可在苏州（248，184）云姗姗处使用珍兽装备相关功能。#W	1000	800	3	-1	-1	PetEquipClaw1_12	珍兽武器	1	1	727	727	-1	-1	-1	-1	1	-1	-1	-1	-1	-1	-1	-1	-1	-1	-1	-1	-1	-1	-1	-1	-1	-1	-1	-1	-1	-1	-1	-1	-1	-1	-1	-1	-1	-1	-1	-1	-1	-1	-1	1	1	-1	-1	-1	-1	-1	-1	-1	-1	-1	1	-1	-1	-1	-1	-1	-1	-1	-1	-1	-1	-1	1	105	4	4	1	250	-1	0	-1	-1	-1	1	-1	-1	50	20301009	50	100
70500126	7	5	0	126	0	-1	2	126	0	玄龟奇血兽爪·慎	95	龟背色玄，有奇血暗涌。#r适合#G谨慎#W性格的珍兽穿着，穿齐全套可#G增加打怒技能的生效几率#W。#r#G可在苏州（248，184）云姗姗处使用珍兽装备相关功能。#W	1000	800	3	-1	-1	PetEquipClaw1_12	珍兽武器	1	1	727	727	-1	-1	-1	-1	1	-1	-1	-1	-1	-1	-1	-1	-1	-1	-1	-1	-1	-1	-1	-1	-1	-1	-1	-1	-1	-1	-1	-1	-1	-1	-1	-1	-1	-1	-1	-1	-1	-1	-1	1	1	-1	-1	-1	-1	-1	-1	-1	-1	-1	1	-1	-1	-1	-1	-1	-1	-1	-1	-1	-1	-1	2	105	4	4	1	250	-1	0	-1	-1	-1	1	-1	-1	60	20301009	68	100
70500127	7	5	0	127	0	-1	2	127	0	玄龟奇血兽爪·慎	95	龟背色玄，有奇血暗涌。#r适合#G谨慎#W性格的珍兽穿着，穿齐全套可#G增加打怒技能的生效几率#W。#r#G可在苏州（248，184）云姗姗处使用珍兽装备相关功能。#W	1000	800	3	-1	-1	PetEquipClaw1_12	珍兽武器	1	1	727	727	-1	-1	-1	-1	1	-1	-1	-1	-1	-1	-1	-1	-1	-1	-1	-1	-1	-1	-1	-1	-1	-1	-1	-1	-1	-1	-1	-1	-1	-1	-1	-1	-1	-1	-1	-1	-1	-1	-1	1	1	-1	-1	-1	-1	-1	-1	-1	-1	-1	1	-1	-1	-1	-1	-1	-1	-1	-1	-1	-1	-1	3	105	4	4	1	250	-1	0	-1	-1	-1	1	-1	-1	70	20301009	90	100
70500128	7	5	0	128	0	-1	2	128	0	玄龟奇血兽爪·慎	95	龟背色玄，有奇血暗涌。#r适合#G谨慎#W性格的珍兽穿着，穿齐全套可#G增加打怒技能的生效几率#W。#r#G可在苏州（248，184）云姗姗处使用珍兽装备相关功能。#W	1000	800	3	-1	-1	PetEquipClaw1_12	珍兽武器	1	1	727	727	-1	-1	-1	-1	1	-1	-1	-1	-1	-1	-1	-1	-1	-1	-1	-1	-1	-1	-1	-1	-1	-1	-1	-1	-1	-1	-1	-1	-1	-1	-1	-1	-1	-1	-1	-1	-1	-1	-1	1	1	-1	-1	-1	-1	-1	-1	-1	-1	-1	1	-1	-1	-1	-1	-1	-1	-1	-1	-1	-1	-1	4	105	4	4	1	250	-1	0	-1	-1	-1	1	-1	-1	80	20301009	115	100
70500129	7	5	0	129	0	-1	2	129	0	玄龟奇血兽爪·慎	95	龟背色玄，有奇血暗涌。#r适合#G谨慎#W性格的珍兽穿着，穿齐全套可#G增加打怒技能的生效几率#W。#r#G可在苏州（248，184）云姗姗处使用珍兽装备相关功能。#W	1000	800	3	-1	-1	PetEquipClaw1_12	珍兽武器	1	1	727	727	-1	-1	-1	-1	1	-1	-1	-1	-1	-1	-1	-1	-1	-1	-1	-1	-1	-1	-1	-1	-1	-1	-1	-1	-1	-1	-1	-1	-1	-1	-1	-1	-1	-1	-1	-1	-1	-1	-1	1	1	-1	-1	-1	-1	-1	-1	-1	-1	-1	1	-1	-1	-1	-1	-1	-1	-1	-1	-1	-1	-1	5	105	4	4	1	250	-1	0	-1	-1	-1	1	-1	-1	100	20301009	143	100
70500130	7	5	0	130	0	-1	2	130	0	墨豹惊步兽爪·慎	95	豹身如墨，步速无不惊。#r适合#G谨慎#W性格的珍兽穿着，穿齐全套可#G增加打怒技能的生效几率#W。#r#G可在苏州（248，184）云姗姗处使用珍兽装备相关功能。#W	1000	800	3	-1	-1	PetEquipClaw1_11	珍兽武器	1	1	727	727	-1	-1	-1	-1	1	-1	-1	-1	-1	-1	-1	-1	-1	-1	-1	-1	-1	-1	-1	-1	-1	-1	-1	-1	-1	-1	-1	-1	-1	-1	-1	-1	-1	-1	-1	-1	-1	-1	-1	1	1	-1	-1	-1	-1	-1	-1	-1	-1	-1	1	-1	-1	-1	-1	-1	-1	-1	-1	-1	-1	-1	1	105	4	4	1	250	-1	0	-1	-1	-1	-1	-1	1	50	20301009	50	100
70500131	7	5	0	131	0	-1	2	131	0	墨豹惊步兽爪·慎	95	豹身如墨，步速无不惊。#r适合#G谨慎#W性格的珍兽穿着，穿齐全套可#G增加打怒技能的生效几率#W。#r#G可在苏州（248，184）云姗姗处使用珍兽装备相关功能。#W	1000	800	3	-1	-1	PetEquipClaw1_11	珍兽武器	1	1	727	727	-1	-1	-1	-1	1	-1	-1	-1	-1	-1	-1	-1	-1	-1	-1	-1	-1	-1	-1	-1	-1	-1	-1	-1	-1	-1	-1	-1	-1	-1	-1	-1	-1	-1	-1	-1	-1	-1	-1	1	1	-1	-1	-1	-1	-1	-1	-1	-1	-1	1	-1	-1	-1	-1	-1	-1	-1	-1	-1	-1	-1	2	105	4	4	1	250	-1	0	-1	-1	-1	-1	-1	1	60	20301009	68	100
70500132	7	5	0	132	0	-1	2	132	0	墨豹惊步兽爪·慎	95	豹身如墨，步速无不惊。#r适合#G谨慎#W性格的珍兽穿着，穿齐全套可#G增加打怒技能的生效几率#W。#r#G可在苏州（248，184）云姗姗处使用珍兽装备相关功能。#W	1000	800	3	-1	-1	PetEquipClaw1_11	珍兽武器	1	1	727	727	-1	-1	-1	-1	1	-1	-1	-1	-1	-1	-1	-1	-1	-1	-1	-1	-1	-1	-1	-1	-1	-1	-1	-1	-1	-1	-1	-1	-1	-1	-1	-1	-1	-1	-1	-1	-1	-1	-1	1	1	-1	-1	-1	-1	-1	-1	-1	-1	-1	1	-1	-1	-1	-1	-1	-1	-1	-1	-1	-1	-1	3	105	4	4	1	250	-1	0	-1	-1	-1	-1	-1	1	70	20301009	90	100
70500133	7	5	0	133	0	-1	2	133	0	墨豹惊步兽爪·慎	95	豹身如墨，步速无不惊。#r适合#G谨慎#W性格的珍兽穿着，穿齐全套可#G增加打怒技能的生效几率#W。#r#G可在苏州（248，184）云姗姗处使用珍兽装备相关功能。#W	1000	800	3	-1	-1	PetEquipClaw1_11	珍兽武器	1	1	727	727	-1	-1	-1	-1	1	-1	-1	-1	-1	-1	-1	-1	-1	-1	-1	-1	-1	-1	-1	-1	-1	-1	-1	-1	-1	-1	-1	-1	-1	-1	-1	-1	-1	-1	-1	-1	-1	-1	-1	1	1	-1	-1	-1	-1	-1	-1	-1	-1	-1	1	-1	-1	-1	-1	-1	-1	-1	-1	-1	-1	-1	4	105	4	4	1	250	-1	0	-1	-1	-1	-1	-1	1	80	20301009	115	100
70500134	7	5	0	134	0	-1	2	134	0	墨豹惊步兽爪·慎	95	豹身如墨，步速无不惊。#r适合#G谨慎#W性格的珍兽穿着，穿齐全套可#G增加打怒技能的生效几率#W。#r#G可在苏州（248，184）云姗姗处使用珍兽装备相关功能。#W	1000	800	3	-1	-1	PetEquipClaw1_11	珍兽武器	1	1	727	727	-1	-1	-1	-1	1	-1	-1	-1	-1	-1	-1	-1	-1	-1	-1	-1	-1	-1	-1	-1	-1	-1	-1	-1	-1	-1	-1	-1	-1	-1	-1	-1	-1	-1	-1	-1	-1	-1	-1	1	1	-1	-1	-1	-1	-1	-1	-1	-1	-1	1	-1	-1	-1	-1	-1	-1	-1	-1	-1	-1	-1	5	105	4	4	1	250	-1	0	-1	-1	-1	-1	-1	1	100	20301009	143	100
70501000	7	5	1	0	1	-1	2	0	1	苍狼啸月兽盔·勇	75	苍狼啸月，加其力也。#r适合#G勇猛#W性格的珍兽穿着，穿齐全套可#G增加猛击技能的伤害#W。#r#G可在苏州（248，184）云姗姗处使用珍兽装备相关功能。#W	1000	800	3	-1	-1	PetEquipHat1_13	珍兽面甲	1	1	-1	-1	580	580	-1	-1	-1	-1	-1	-1	-1	-1	-1	-1	-1	-1	-1	-1	-1	-1	-1	-1	-1	-1	-1	1	-1	-1	-1	-1	-1	-1	-1	-1	-1	-1	-1	-1	-1	-1	-1	-1	-1	1	-1	-1	-1	-1	-1	-1	-1	-1	-1	-1	-1	-1	-1	-1	-1	-1	-1	-1	-1	-1	1	85	2	2	1	250	-1	0	-1	1	-1	-1	-1	-1	25	20301009	1	80
70501001	7	5	1	1	1	-1	2	1	1	苍狼啸月兽盔·勇	75	苍狼啸月，加其力也。#r适合#G勇猛#W性格的珍兽穿着，穿齐全套可#G增加猛击技能的伤害#W。#r#G可在苏州（248，184）云姗姗处使用珍兽装备相关功能。#W	1000	800	3	-1	-1	PetEquipHat1_13	珍兽面甲	1	1	-1	-1	580	580	-1	-1	-1	-1	-1	-1	-1	-1	-1	-1	-1	-1	-1	-1	-1	-1	-1	-1	-1	-1	-1	1	-1	-1	-1	-1	-1	-1	-1	-1	-1	-1	-1	-1	-1	-1	-1	-1	-1	1	-1	-1	-1	-1	-1	-1	-1	-1	-1	-1	-1	-1	-1	-1	-1	-1	-1	-1	-1	-1	2	85	2	2	1	250	-1	0	-1	1	-1	-1	-1	-1	30	20301009	3	100
70501002	7	5	1	2	1	-1	2	2	1	苍狼啸月兽盔·勇	75	苍狼啸月，加其力也。#r适合#G勇猛#W性格的珍兽穿着，穿齐全套可#G增加猛击技能的伤害#W。#r#G可在苏州（248，184）云姗姗处使用珍兽装备相关功能。#W	1000	800	3	-1	-1	PetEquipHat1_13	珍兽面甲	1	1	-1	-1	580	580	-1	-1	-1	-1	-1	-1	-1	-1	-1	-1	-1	-1	-1	-1	-1	-1	-1	-1	-1	-1	-1	1	-1	-1	-1	-1	-1	-1	-1	-1	-1	-1	-1	-1	-1	-1	-1	-1	-1	1	-1	-1	-1	-1	-1	-1	-1	-1	-1	-1	-1	-1	-1	-1	-1	-1	-1	-1	-1	-1	3	85	2	2	1	250	-1	0	-1	1	-1	-1	-1	-1	35	20301009	7	100
70501003	7	5	1	3	1	-1	2	3	1	苍狼啸月兽盔·勇	75	苍狼啸月，加其力也。#r适合#G勇猛#W性格的珍兽穿着，穿齐全套可#G增加猛击技能的伤害#W。#r#G可在苏州（248，184）云姗姗处使用珍兽装备相关功能。#W	1000	800	3	-1	-1	PetEquipHat1_13	珍兽面甲	1	1	-1	-1	580	580	-1	-1	-1	-1	-1	-1	-1	-1	-1	-1	-1	-1	-1	-1	-1	-1	-1	-1	-1	-1	-1	1	-1	-1	-1	-1	-1	-1	-1	-1	-1	-1	-1	-1	-1	-1	-1	-1	-1	1	-1	-1	-1	-1	-1	-1	-1	-1	-1	-1	-1	-1	-1	-1	-1	-1	-1	-1	-1	-1	4	85	2	2	1	250	-1	0	-1	1	-1	-1	-1	-1	40	20301009	12	100
70501004	7	5	1	4	1	-1	2	4	1	苍狼啸月兽盔·勇	75	苍狼啸月，加其力也。#r适合#G勇猛#W性格的珍兽穿着，穿齐全套可#G增加猛击技能的伤害#W。#r#G可在苏州（248，184）云姗姗处使用珍兽装备相关功能。#W	1000	800	3	-1	-1	PetEquipHat1_13	珍兽面甲	1	1	-1	-1	580	580	-1	-1	-1	-1	-1	-1	-1	-1	-1	-1	-1	-1	-1	-1	-1	-1	-1	-1	-1	-1	-1	1	-1	-1	-1	-1	-1	-1	-1	-1	-1	-1	-1	-1	-1	-1	-1	-1	-1	1	-1	-1	-1	-1	-1	-1	-1	-1	-1	-1	-1	-1	-1	-1	-1	-1	-1	-1	-1	-1	5	85	2	2	1	250	-1	0	-1	1	-1	-1	-1	-1	50	20301009	20	100
70501005	7	5	1	5	1	-1	2	5	1	苍狼啸月兽盔·狡	75	苍狼啸月，加其力也。#r适合#G精明#W性格的珍兽穿着，穿齐全套可#G增加摔绊技能的生效几率#W。#r#G可在苏州（248，184）云姗姗处使用珍兽装备相关功能。#W	1000	800	3	-1	-1	PetEquipHat1_13	珍兽面甲	1	1	-1	-1	580	580	-1	-1	-1	-1	-1	-1	-1	-1	-1	-1	-1	-1	-1	-1	-1	-1	-1	-1	-1	-1	-1	1	-1	-1	-1	-1	-1	-1	-1	-1	-1	-1	-1	-1	-1	-1	-1	1	-1	-1	-1	-1	-1	-1	-1	-1	-1	-1	-1	-1	-1	-1	-1	-1	-1	-1	-1	-1	-1	-1	1	85	2	2	1	250	-1	0	-1	1	-1	-1	-1	-1	25	20301009	1	80
70501006	7	5	1	6	1	-1	2	6	1	苍狼啸月兽盔·狡	75	苍狼啸月，加其力也。#r适合#G精明#W性格的珍兽穿着，穿齐全套可#G增加摔绊技能的生效几率#W。#r#G可在苏州（248，184）云姗姗处使用珍兽装备相关功能。#W	1000	800	3	-1	-1	PetEquipHat1_13	珍兽面甲	1	1	-1	-1	580	580	-1	-1	-1	-1	-1	-1	-1	-1	-1	-1	-1	-1	-1	-1	-1	-1	-1	-1	-1	-1	-1	1	-1	-1	-1	-1	-1	-1	-1	-1	-1	-1	-1	-1	-1	-1	-1	1	-1	-1	-1	-1	-1	-1	-1	-1	-1	-1	-1	-1	-1	-1	-1	-1	-1	-1	-1	-1	-1	-1	2	85	2	2	1	250	-1	0	-1	1	-1	-1	-1	-1	30	20301009	3	100
70501007	7	5	1	7	1	-1	2	7	1	苍狼啸月兽盔·狡	75	苍狼啸月，加其力也。#r适合#G精明#W性格的珍兽穿着，穿齐全套可#G增加摔绊技能的生效几率#W。#r#G可在苏州（248，184）云姗姗处使用珍兽装备相关功能。#W	1000	800	3	-1	-1	PetEquipHat1_13	珍兽面甲	1	1	-1	-1	580	580	-1	-1	-1	-1	-1	-1	-1	-1	-1	-1	-1	-1	-1	-1	-1	-1	-1	-1	-1	-1	-1	1	-1	-1	-1	-1	-1	-1	-1	-1	-1	-1	-1	-1	-1	-1	-1	1	-1	-1	-1	-1	-1	-1	-1	-1	-1	-1	-1	-1	-1	-1	-1	-1	-1	-1	-1	-1	-1	-1	3	85	2	2	1	250	-1	0	-1	1	-1	-1	-1	-1	35	20301009	7	100
70501008	7	5	1	8	1	-1	2	8	1	苍狼啸月兽盔·狡	75	苍狼啸月，加其力也。#r适合#G精明#W性格的珍兽穿着，穿齐全套可#G增加摔绊技能的生效几率#W。#r#G可在苏州（248，184）云姗姗处使用珍兽装备相关功能。#W	1000	800	3	-1	-1	PetEquipHat1_13	珍兽面甲	1	1	-1	-1	580	580	-1	-1	-1	-1	-1	-1	-1	-1	-1	-1	-1	-1	-1	-1	-1	-1	-1	-1	-1	-1	-1	1	-1	-1	-1	-1	-1	-1	-1	-1	-1	-1	-1	-1	-1	-1	-1	1	-1	-1	-1	-1	-1	-1	-1	-1	-1	-1	-1	-1	-1	-1	-1	-1	-1	-1	-1	-1	-1	-1	4	85	2	2	1	250	-1	0	-1	1	-1	-1	-1	-1	40	20301009	12	100
70501009	7	5	1	9	1	-1	2	9	1	苍狼啸月兽盔·狡	75	苍狼啸月，加其力也。#r适合#G精明#W性格的珍兽穿着，穿齐全套可#G增加摔绊技能的生效几率#W。#r#G可在苏州（248，184）云姗姗处使用珍兽装备相关功能。#W	1000	800	3	-1	-1	PetEquipHat1_13	珍兽面甲	1	1	-1	-1	580	580	-1	-1	-1	-1	-1	-1	-1	-1	-1	-1	-1	-1	-1	-1	-1	-1	-1	-1	-1	-1	-1	1	-1	-1	-1	-1	-1	-1	-1	-1	-1	-1	-1	-1	-1	-1	-1	1	-1	-1	-1	-1	-1	-1	-1	-1	-1	-1	-1	-1	-1	-1	-1	-1	-1	-1	-1	-1	-1	-1	5	85	2	2	1	250	-1	0	-1	1	-1	-1	-1	-1	50	20301009	20	100
70501010	7	5	1	10	1	-1	2	10	1	苍狼啸月兽盔·慎	75	苍狼啸月，加其力也。#r适合#G谨慎#W性格的珍兽穿着，穿齐全套可#G增加虚弱技能的生效几率#W。#r#G可在苏州（248，184）云姗姗处使用珍兽装备相关功能。#W	1000	800	3	-1	-1	PetEquipHat1_13	珍兽面甲	1	1	-1	-1	580	580	-1	-1	1	-1	-1	-1	-1	-1	-1	-1	-1	-1	-1	-1	-1	-1	-1	-1	-1	-1	-1	-1	-1	-1	-1	-1	-1	-1	-1	-1	-1	-1	-1	-1	-1	-1	-1	1	-1	-1	-1	-1	-1	-1	-1	-1	-1	-1	-1	-1	-1	-1	-1	-1	-1	-1	-1	-1	-1	-1	1	85	2	2	1	250	-1	0	-1	1	-1	-1	-1	-1	25	20301009	1	80
70501011	7	5	1	11	1	-1	2	11	1	苍狼啸月兽盔·慎	75	苍狼啸月，加其力也。#r适合#G谨慎#W性格的珍兽穿着，穿齐全套可#G增加虚弱技能的生效几率#W。#r#G可在苏州（248，184）云姗姗处使用珍兽装备相关功能。#W	1000	800	3	-1	-1	PetEquipHat1_13	珍兽面甲	1	1	-1	-1	580	580	-1	-1	1	-1	-1	-1	-1	-1	-1	-1	-1	-1	-1	-1	-1	-1	-1	-1	-1	-1	-1	-1	-1	-1	-1	-1	-1	-1	-1	-1	-1	-1	-1	-1	-1	-1	-1	1	-1	-1	-1	-1	-1	-1	-1	-1	-1	-1	-1	-1	-1	-1	-1	-1	-1	-1	-1	-1	-1	-1	2	85	2	2	1	250	-1	0	-1	1	-1	-1	-1	-1	30	20301009	3	100
70501012	7	5	1	12	1	-1	2	12	1	苍狼啸月兽盔·慎	75	苍狼啸月，加其力也。#r适合#G谨慎#W性格的珍兽穿着，穿齐全套可#G增加虚弱技能的生效几率#W。#r#G可在苏州（248，184）云姗姗处使用珍兽装备相关功能。#W	1000	800	3	-1	-1	PetEquipHat1_13	珍兽面甲	1	1	-1	-1	580	580	-1	-1	1	-1	-1	-1	-1	-1	-1	-1	-1	-1	-1	-1	-1	-1	-1	-1	-1	-1	-1	-1	-1	-1	-1	-1	-1	-1	-1	-1	-1	-1	-1	-1	-1	-1	-1	1	-1	-1	-1	-1	-1	-1	-1	-1	-1	-1	-1	-1	-1	-1	-1	-1	-1	-1	-1	-1	-1	-1	3	85	2	2	1	250	-1	0	-1	1	-1	-1	-1	-1	35	20301009	7	100
70501013	7	5	1	13	1	-1	2	13	1	苍狼啸月兽盔·慎	75	苍狼啸月，加其力也。#r适合#G谨慎#W性格的珍兽穿着，穿齐全套可#G增加虚弱技能的生效几率#W。#r#G可在苏州（248，184）云姗姗处使用珍兽装备相关功能。#W	1000	800	3	-1	-1	PetEquipHat1_13	珍兽面甲	1	1	-1	-1	580	580	-1	-1	1	-1	-1	-1	-1	-1	-1	-1	-1	-1	-1	-1	-1	-1	-1	-1	-1	-1	-1	-1	-1	-1	-1	-1	-1	-1	-1	-1	-1	-1	-1	-1	-1	-1	-1	1	-1	-1	-1	-1	-1	-1	-1	-1	-1	-1	-1	-1	-1	-1	-1	-1	-1	-1	-1	-1	-1	-1	4	85	2	2	1	250	-1	0	-1	1	-1	-1	-1	-1	40	20301009	12	100
70501014	7	5	1	14	1	-1	2	14	1	苍狼啸月兽盔·慎	75	苍狼啸月，加其力也。#r适合#G谨慎#W性格的珍兽穿着，穿齐全套可#G增加虚弱技能的生效几率#W。#r#G可在苏州（248，184）云姗姗处使用珍兽装备相关功能。#W	1000	800	3	-1	-1	PetEquipHat1_13	珍兽面甲	1	1	-1	-1	580	580	-1	-1	1	-1	-1	-1	-1	-1	-1	-1	-1	-1	-1	-1	-1	-1	-1	-1	-1	-1	-1	-1	-1	-1	-1	-1	-1	-1	-1	-1	-1	-1	-1	-1	-1	-1	-1	1	-1	-1	-1	-1	-1	-1	-1	-1	-1	-1	-1	-1	-1	-1	-1	-1	-1	-1	-1	-1	-1	-1	5	85	2	2	1	250	-1	0	-1	1	-1	-1	-1	-1	50	20301009	20	100
70501015	7	5	1	15	1	-1	2	15	1	黄雀戏水兽盔·怯	75	黄雀戏水，显其灵也。#r适合#G胆小#W性格的珍兽穿着，穿齐全套可#G增加烈火咒、玄雷咒、血毒咒、寒冰咒伤害#W。#r#G可在苏州（248，184）云姗姗处使用珍兽装备相关功能。#W	1000	800	3	-1	-1	PetEquipHat1_2	珍兽面甲	1	1	-1	-1	580	580	-1	-1	-1	-1	-1	-1	-1	-1	-1	-1	-1	-1	-1	-1	-1	-1	-1	-1	-1	-1	-1	-1	-1	-1	-1	-1	-1	-1	1	-1	-1	-1	-1	-1	-1	-1	-1	-1	-1	1	-1	-1	-1	-1	-1	-1	-1	-1	-1	-1	-1	-1	-1	-1	-1	-1	-1	-1	-1	-1	1	85	2	2	1	250	-1	0	-1	-1	1	-1	-1	-1	25	20301009	1	80
70501016	7	5	1	16	1	-1	2	16	1	黄雀戏水兽盔·怯	75	黄雀戏水，显其灵也。#r适合#G胆小#W性格的珍兽穿着，穿齐全套可#G增加烈火咒、玄雷咒、血毒咒、寒冰咒伤害#W。#r#G可在苏州（248，184）云姗姗处使用珍兽装备相关功能。#W	1000	800	3	-1	-1	PetEquipHat1_2	珍兽面甲	1	1	-1	-1	580	580	-1	-1	-1	-1	-1	-1	-1	-1	-1	-1	-1	-1	-1	-1	-1	-1	-1	-1	-1	-1	-1	-1	-1	-1	-1	-1	-1	-1	1	-1	-1	-1	-1	-1	-1	-1	-1	-1	-1	1	-1	-1	-1	-1	-1	-1	-1	-1	-1	-1	-1	-1	-1	-1	-1	-1	-1	-1	-1	-1	2	85	2	2	1	250	-1	0	-1	-1	1	-1	-1	-1	30	20301009	3	100
70501017	7	5	1	17	1	-1	2	17	1	黄雀戏水兽盔·怯	75	黄雀戏水，显其灵也。#r适合#G胆小#W性格的珍兽穿着，穿齐全套可#G增加烈火咒、玄雷咒、血毒咒、寒冰咒伤害#W。#r#G可在苏州（248，184）云姗姗处使用珍兽装备相关功能。#W	1000	800	3	-1	-1	PetEquipHat1_2	珍兽面甲	1	1	-1	-1	580	580	-1	-1	-1	-1	-1	-1	-1	-1	-1	-1	-1	-1	-1	-1	-1	-1	-1	-1	-1	-1	-1	-1	-1	-1	-1	-1	-1	-1	1	-1	-1	-1	-1	-1	-1	-1	-1	-1	-1	1	-1	-1	-1	-1	-1	-1	-1	-1	-1	-1	-1	-1	-1	-1	-1	-1	-1	-1	-1	-1	3	85	2	2	1	250	-1	0	-1	-1	1	-1	-1	-1	35	20301009	7	100
70501018	7	5	1	18	1	-1	2	18	1	黄雀戏水兽盔·怯	75	黄雀戏水，显其灵也。#r适合#G胆小#W性格的珍兽穿着，穿齐全套可#G增加烈火咒、玄雷咒、血毒咒、寒冰咒伤害#W。#r#G可在苏州（248，184）云姗姗处使用珍兽装备相关功能。#W	1000	800	3	-1	-1	PetEquipHat1_2	珍兽面甲	1	1	-1	-1	580	580	-1	-1	-1	-1	-1	-1	-1	-1	-1	-1	-1	-1	-1	-1	-1	-1	-1	-1	-1	-1	-1	-1	-1	-1	-1	-1	-1	-1	1	-1	-1	-1	-1	-1	-1	-1	-1	-1	-1	1	-1	-1	-1	-1	-1	-1	-1	-1	-1	-1	-1	-1	-1	-1	-1	-1	-1	-1	-1	-1	4	85	2	2	1	250	-1	0	-1	-1	1	-1	-1	-1	40	20301009	12	100
70501019	7	5	1	19	1	-1	2	19	1	黄雀戏水兽盔·怯	75	黄雀戏水，显其灵也。#r适合#G胆小#W性格的珍兽穿着，穿齐全套可#G增加烈火咒、玄雷咒、血毒咒、寒冰咒伤害#W。#r#G可在苏州（248，184）云姗姗处使用珍兽装备相关功能。#W	1000	800	3	-1	-1	PetEquipHat1_2	珍兽面甲	1	1	-1	-1	580	580	-1	-1	-1	-1	-1	-1	-1	-1	-1	-1	-1	-1	-1	-1	-1	-1	-1	-1	-1	-1	-1	-1	-1	-1	-1	-1	-1	-1	1	-1	-1	-1	-1	-1	-1	-1	-1	-1	-1	1	-1	-1	-1	-1	-1	-1	-1	-1	-1	-1	-1	-1	-1	-1	-1	-1	-1	-1	-1	-1	5	85	2	2	1	250	-1	0	-1	-1	1	-1	-1	-1	50	20301009	20	100
70501020	7	5	1	20	1	-1	2	20	1	黄雀戏水兽盔·狡	75	黄雀戏水，显其灵也。#r适合#G精明#W性格的珍兽穿着，穿齐全套可#G增加摔绊技能的生效几率#W。#r#G可在苏州（248，184）云姗姗处使用珍兽装备相关功能。#W	1000	800	3	-1	-1	PetEquipHat1_2	珍兽面甲	1	1	-1	-1	580	580	-1	-1	-1	-1	-1	-1	-1	-1	-1	-1	-1	-1	-1	-1	-1	-1	-1	-1	-1	-1	-1	-1	-1	-1	-1	-1	-1	-1	1	-1	-1	-1	-1	-1	-1	-1	-1	1	-1	-1	-1	-1	-1	-1	-1	-1	-1	-1	-1	-1	-1	-1	-1	-1	-1	-1	-1	-1	-1	-1	1	85	2	2	1	250	-1	0	-1	-1	1	-1	-1	-1	25	20301009	1	80
70501021	7	5	1	21	1	-1	2	21	1	黄雀戏水兽盔·狡	75	黄雀戏水，显其灵也。#r适合#G精明#W性格的珍兽穿着，穿齐全套可#G增加摔绊技能的生效几率#W。#r#G可在苏州（248，184）云姗姗处使用珍兽装备相关功能。#W	1000	800	3	-1	-1	PetEquipHat1_2	珍兽面甲	1	1	-1	-1	580	580	-1	-1	-1	-1	-1	-1	-1	-1	-1	-1	-1	-1	-1	-1	-1	-1	-1	-1	-1	-1	-1	-1	-1	-1	-1	-1	-1	-1	1	-1	-1	-1	-1	-1	-1	-1	-1	1	-1	-1	-1	-1	-1	-1	-1	-1	-1	-1	-1	-1	-1	-1	-1	-1	-1	-1	-1	-1	-1	-1	2	85	2	2	1	250	-1	0	-1	-1	1	-1	-1	-1	30	20301009	3	100
70501022	7	5	1	22	1	-1	2	22	1	黄雀戏水兽盔·狡	75	黄雀戏水，显其灵也。#r适合#G精明#W性格的珍兽穿着，穿齐全套可#G增加摔绊技能的生效几率#W。#r#G可在苏州（248，184）云姗姗处使用珍兽装备相关功能。#W	1000	800	3	-1	-1	PetEquipHat1_2	珍兽面甲	1	1	-1	-1	580	580	-1	-1	-1	-1	-1	-1	-1	-1	-1	-1	-1	-1	-1	-1	-1	-1	-1	-1	-1	-1	-1	-1	-1	-1	-1	-1	-1	-1	1	-1	-1	-1	-1	-1	-1	-1	-1	1	-1	-1	-1	-1	-1	-1	-1	-1	-1	-1	-1	-1	-1	-1	-1	-1	-1	-1	-1	-1	-1	-1	3	85	2	2	1	250	-1	0	-1	-1	1	-1	-1	-1	35	20301009	7	100
70501023	7	5	1	23	1	-1	2	23	1	黄雀戏水兽盔·狡	75	黄雀戏水，显其灵也。#r适合#G精明#W性格的珍兽穿着，穿齐全套可#G增加摔绊技能的生效几率#W。#r#G可在苏州（248，184）云姗姗处使用珍兽装备相关功能。#W	1000	800	3	-1	-1	PetEquipHat1_2	珍兽面甲	1	1	-1	-1	580	580	-1	-1	-1	-1	-1	-1	-1	-1	-1	-1	-1	-1	-1	-1	-1	-1	-1	-1	-1	-1	-1	-1	-1	-1	-1	-1	-1	-1	1	-1	-1	-1	-1	-1	-1	-1	-1	1	-1	-1	-1	-1	-1	-1	-1	-1	-1	-1	-1	-1	-1	-1	-1	-1	-1	-1	-1	-1	-1	-1	4	85	2	2	1	250	-1	0	-1	-1	1	-1	-1	-1	40	20301009	12	100
70501024	7	5	1	24	1	-1	2	24	1	黄雀戏水兽盔·狡	75	黄雀戏水，显其灵也。#r适合#G精明#W性格的珍兽穿着，穿齐全套可#G增加摔绊技能的生效几率#W。#r#G可在苏州（248，184）云姗姗处使用珍兽装备相关功能。#W	1000	800	3	-1	-1	PetEquipHat1_2	珍兽面甲	1	1	-1	-1	580	580	-1	-1	-1	-1	-1	-1	-1	-1	-1	-1	-1	-1	-1	-1	-1	-1	-1	-1	-1	-1	-1	-1	-1	-1	-1	-1	-1	-1	1	-1	-1	-1	-1	-1	-1	-1	-1	1	-1	-1	-1	-1	-1	-1	-1	-1	-1	-1	-1	-1	-1	-1	-1	-1	-1	-1	-1	-1	-1	-1	5	85	2	2	1	250	-1	0	-1	-1	1	-1	-1	-1	50	20301009	20	100
70501025	7	5	1	25	1	-1	2	25	1	黄雀戏水兽盔·慎	75	黄雀戏水，显其灵也。#r适合#G谨慎#W性格的珍兽穿着，穿齐全套可#G增加虚弱技能的生效几率#W。#r#G可在苏州（248，184）云姗姗处使用珍兽装备相关功能。#W	1000	800	3	-1	-1	PetEquipHat1_2	珍兽面甲	1	1	-1	-1	580	580	-1	-1	1	-1	-1	-1	-1	-1	-1	-1	-1	-1	-1	-1	-1	-1	-1	-1	-1	-1	-1	-1	-1	-1	-1	-1	-1	-1	-1	-1	-1	-1	-1	-1	-1	-1	-1	1	-1	-1	-1	-1	-1	-1	-1	-1	-1	-1	-1	-1	-1	-1	-1	-1	-1	-1	-1	-1	-1	-1	1	85	2	2	1	250	-1	0	-1	-1	1	-1	-1	-1	25	20301009	1	80
70501026	7	5	1	26	1	-1	2	26	1	黄雀戏水兽盔·慎	75	黄雀戏水，显其灵也。#r适合#G谨慎#W性格的珍兽穿着，穿齐全套可#G增加虚弱技能的生效几率#W。#r#G可在苏州（248，184）云姗姗处使用珍兽装备相关功能。#W	1000	800	3	-1	-1	PetEquipHat1_2	珍兽面甲	1	1	-1	-1	580	580	-1	-1	1	-1	-1	-1	-1	-1	-1	-1	-1	-1	-1	-1	-1	-1	-1	-1	-1	-1	-1	-1	-1	-1	-1	-1	-1	-1	-1	-1	-1	-1	-1	-1	-1	-1	-1	1	-1	-1	-1	-1	-1	-1	-1	-1	-1	-1	-1	-1	-1	-1	-1	-1	-1	-1	-1	-1	-1	-1	2	85	2	2	1	250	-1	0	-1	-1	1	-1	-1	-1	30	20301009	3	100
70501027	7	5	1	27	1	-1	2	27	1	黄雀戏水兽盔·慎	75	黄雀戏水，显其灵也。#r适合#G谨慎#W性格的珍兽穿着，穿齐全套可#G增加虚弱技能的生效几率#W。#r#G可在苏州（248，184）云姗姗处使用珍兽装备相关功能。#W	1000	800	3	-1	-1	PetEquipHat1_2	珍兽面甲	1	1	-1	-1	580	580	-1	-1	1	-1	-1	-1	-1	-1	-1	-1	-1	-1	-1	-1	-1	-1	-1	-1	-1	-1	-1	-1	-1	-1	-1	-1	-1	-1	-1	-1	-1	-1	-1	-1	-1	-1	-1	1	-1	-1	-1	-1	-1	-1	-1	-1	-1	-1	-1	-1	-1	-1	-1	-1	-1	-1	-1	-1	-1	-1	3	85	2	2	1	250	-1	0	-1	-1	1	-1	-1	-1	35	20301009	7	100
70501028	7	5	1	28	1	-1	2	28	1	黄雀戏水兽盔·慎	75	黄雀戏水，显其灵也。#r适合#G谨慎#W性格的珍兽穿着，穿齐全套可#G增加虚弱技能的生效几率#W。#r#G可在苏州（248，184）云姗姗处使用珍兽装备相关功能。#W	1000	800	3	-1	-1	PetEquipHat1_2	珍兽面甲	1	1	-1	-1	580	580	-1	-1	1	-1	-1	-1	-1	-1	-1	-1	-1	-1	-1	-1	-1	-1	-1	-1	-1	-1	-1	-1	-1	-1	-1	-1	-1	-1	-1	-1	-1	-1	-1	-1	-1	-1	-1	1	-1	-1	-1	-1	-1	-1	-1	-1	-1	-1	-1	-1	-1	-1	-1	-1	-1	-1	-1	-1	-1	-1	4	85	2	2	1	250	-1	0	-1	-1	1	-1	-1	-1	40	20301009	12	100
70501029	7	5	1	29	1	-1	2	29	1	黄雀戏水兽盔·慎	75	黄雀戏水，显其灵也。#r适合#G谨慎#W性格的珍兽穿着，穿齐全套可#G增加虚弱技能的生效几率#W。#r#G可在苏州（248，184）云姗姗处使用珍兽装备相关功能。#W	1000	800	3	-1	-1	PetEquipHat1_2	珍兽面甲	1	1	-1	-1	580	580	-1	-1	1	-1	-1	-1	-1	-1	-1	-1	-1	-1	-1	-1	-1	-1	-1	-1	-1	-1	-1	-1	-1	-1	-1	-1	-1	-1	-1	-1	-1	-1	-1	-1	-1	-1	-1	1	-1	-1	-1	-1	-1	-1	-1	-1	-1	-1	-1	-1	-1	-1	-1	-1	-1	-1	-1	-1	-1	-1	5	85	2	2	1	250	-1	0	-1	-1	1	-1	-1	-1	50	20301009	20	100
70501030	7	5	1	30	1	-1	2	30	1	乌豚望日兽盔·忠	75	乌豚望日，增其体也。#r适合#G忠诚#W性格的珍兽穿着，穿齐全套可#G增加灵动技能的生效几率#W。#r#G可在苏州（248，184）云姗姗处使用珍兽装备相关功能。#W	1000	800	3	-1	-1	PetEquipHat1_3	珍兽面甲	1	1	-1	-1	580	580	-1	-1	-1	-1	-1	-1	-1	-1	-1	-1	-1	-1	-1	-1	-1	-1	-1	-1	-1	-1	-1	-1	-1	-1	1	-1	-1	-1	-1	-1	-1	1	-1	-1	-1	-1	-1	-1	-1	-1	-1	-1	-1	-1	-1	-1	-1	-1	-1	-1	-1	-1	-1	-1	-1	-1	-1	-1	-1	-1	1	85	2	2	1	250	-1	0	-1	-1	-1	1	-1	-1	25	20301009	1	80
70501031	7	5	1	31	1	-1	2	31	1	乌豚望日兽盔·忠	75	乌豚望日，增其体也。#r适合#G忠诚#W性格的珍兽穿着，穿齐全套可#G增加灵动技能的生效几率#W。#r#G可在苏州（248，184）云姗姗处使用珍兽装备相关功能。#W	1000	800	3	-1	-1	PetEquipHat1_3	珍兽面甲	1	1	-1	-1	580	580	-1	-1	-1	-1	-1	-1	-1	-1	-1	-1	-1	-1	-1	-1	-1	-1	-1	-1	-1	-1	-1	-1	-1	-1	1	-1	-1	-1	-1	-1	-1	1	-1	-1	-1	-1	-1	-1	-1	-1	-1	-1	-1	-1	-1	-1	-1	-1	-1	-1	-1	-1	-1	-1	-1	-1	-1	-1	-1	-1	2	85	2	2	1	250	-1	0	-1	-1	-1	1	-1	-1	30	20301009	3	100
70501032	7	5	1	32	1	-1	2	32	1	乌豚望日兽盔·忠	75	乌豚望日，增其体也。#r适合#G忠诚#W性格的珍兽穿着，穿齐全套可#G增加灵动技能的生效几率#W。#r#G可在苏州（248，184）云姗姗处使用珍兽装备相关功能。#W	1000	800	3	-1	-1	PetEquipHat1_3	珍兽面甲	1	1	-1	-1	580	580	-1	-1	-1	-1	-1	-1	-1	-1	-1	-1	-1	-1	-1	-1	-1	-1	-1	-1	-1	-1	-1	-1	-1	-1	1	-1	-1	-1	-1	-1	-1	1	-1	-1	-1	-1	-1	-1	-1	-1	-1	-1	-1	-1	-1	-1	-1	-1	-1	-1	-1	-1	-1	-1	-1	-1	-1	-1	-1	-1	3	85	2	2	1	250	-1	0	-1	-1	-1	1	-1	-1	35	20301009	7	100
70501033	7	5	1	33	1	-1	2	33	1	乌豚望日兽盔·忠	75	乌豚望日，增其体也。#r适合#G忠诚#W性格的珍兽穿着，穿齐全套可#G增加灵动技能的生效几率#W。#r#G可在苏州（248，184）云姗姗处使用珍兽装备相关功能。#W	1000	800	3	-1	-1	PetEquipHat1_3	珍兽面甲	1	1	-1	-1	580	580	-1	-1	-1	-1	-1	-1	-1	-1	-1	-1	-1	-1	-1	-1	-1	-1	-1	-1	-1	-1	-1	-1	-1	-1	1	-1	-1	-1	-1	-1	-1	1	-1	-1	-1	-1	-1	-1	-1	-1	-1	-1	-1	-1	-1	-1	-1	-1	-1	-1	-1	-1	-1	-1	-1	-1	-1	-1	-1	-1	4	85	2	2	1	250	-1	0	-1	-1	-1	1	-1	-1	40	20301009	12	100
70501034	7	5	1	34	1	-1	2	34	1	乌豚望日兽盔·忠	75	乌豚望日，增其体也。#r适合#G忠诚#W性格的珍兽穿着，穿齐全套可#G增加灵动技能的生效几率#W。#r#G可在苏州（248，184）云姗姗处使用珍兽装备相关功能。#W	1000	800	3	-1	-1	PetEquipHat1_3	珍兽面甲	1	1	-1	-1	580	580	-1	-1	-1	-1	-1	-1	-1	-1	-1	-1	-1	-1	-1	-1	-1	-1	-1	-1	-1	-1	-1	-1	-1	-1	1	-1	-1	-1	-1	-1	-1	1	-1	-1	-1	-1	-1	-1	-1	-1	-1	-1	-1	-1	-1	-1	-1	-1	-1	-1	-1	-1	-1	-1	-1	-1	-1	-1	-1	-1	5	85	2	2	1	250	-1	0	-1	-1	-1	1	-1	-1	50	20301009	20	100
70501035	7	5	1	35	1	-1	2	35	1	乌豚望日兽盔·慎	75	乌豚望日，增其体也。#r适合#G谨慎#W性格的珍兽穿着，穿齐全套可#G增加虚弱技能的生效几率#W。#r#G可在苏州（248，184）云姗姗处使用珍兽装备相关功能。#W	1000	800	3	-1	-1	PetEquipHat1_3	珍兽面甲	1	1	-1	-1	580	580	-1	-1	-1	-1	-1	-1	-1	-1	-1	-1	-1	-1	-1	-1	-1	-1	-1	-1	-1	-1	-1	-1	-1	-1	-1	-1	-1	-1	-1	-1	-1	-1	-1	-1	-1	-1	-1	1	1	-1	-1	-1	-1	-1	-1	-1	-1	-1	-1	-1	-1	-1	-1	-1	-1	-1	-1	-1	-1	-1	1	85	2	2	1	250	-1	0	-1	-1	-1	1	-1	-1	25	20301009	1	80
70501036	7	5	1	36	1	-1	2	36	1	乌豚望日兽盔·慎	75	乌豚望日，增其体也。#r适合#G谨慎#W性格的珍兽穿着，穿齐全套可#G增加虚弱技能的生效几率#W。#r#G可在苏州（248，184）云姗姗处使用珍兽装备相关功能。#W	1000	800	3	-1	-1	PetEquipHat1_3	珍兽面甲	1	1	-1	-1	580	580	-1	-1	-1	-1	-1	-1	-1	-1	-1	-1	-1	-1	-1	-1	-1	-1	-1	-1	-1	-1	-1	-1	-1	-1	-1	-1	-1	-1	-1	-1	-1	-1	-1	-1	-1	-1	-1	1	1	-1	-1	-1	-1	-1	-1	-1	-1	-1	-1	-1	-1	-1	-1	-1	-1	-1	-1	-1	-1	-1	2	85	2	2	1	250	-1	0	-1	-1	-1	1	-1	-1	30	20301009	3	100
70501037	7	5	1	37	1	-1	2	37	1	乌豚望日兽盔·慎	75	乌豚望日，增其体也。#r适合#G谨慎#W性格的珍兽穿着，穿齐全套可#G增加虚弱技能的生效几率#W。#r#G可在苏州（248，184）云姗姗处使用珍兽装备相关功能。#W	1000	800	3	-1	-1	PetEquipHat1_3	珍兽面甲	1	1	-1	-1	580	580	-1	-1	-1	-1	-1	-1	-1	-1	-1	-1	-1	-1	-1	-1	-1	-1	-1	-1	-1	-1	-1	-1	-1	-1	-1	-1	-1	-1	-1	-1	-1	-1	-1	-1	-1	-1	-1	1	1	-1	-1	-1	-1	-1	-1	-1	-1	-1	-1	-1	-1	-1	-1	-1	-1	-1	-1	-1	-1	-1	3	85	2	2	1	250	-1	0	-1	-1	-1	1	-1	-1	35	20301009	7	100
70501038	7	5	1	38	1	-1	2	38	1	乌豚望日兽盔·慎	75	乌豚望日，增其体也。#r适合#G谨慎#W性格的珍兽穿着，穿齐全套可#G增加虚弱技能的生效几率#W。#r#G可在苏州（248，184）云姗姗处使用珍兽装备相关功能。#W	1000	800	3	-1	-1	PetEquipHat1_3	珍兽面甲	1	1	-1	-1	580	580	-1	-1	-1	-1	-1	-1	-1	-1	-1	-1	-1	-1	-1	-1	-1	-1	-1	-1	-1	-1	-1	-1	-1	-1	-1	-1	-1	-1	-1	-1	-1	-1	-1	-1	-1	-1	-1	1	1	-1	-1	-1	-1	-1	-1	-1	-1	-1	-1	-1	-1	-1	-1	-1	-1	-1	-1	-1	-1	-1	4	85	2	2	1	250	-1	0	-1	-1	-1	1	-1	-1	40	20301009	12	100
70501039	7	5	1	39	1	-1	2	39	1	乌豚望日兽盔·慎	75	乌豚望日，增其体也。#r适合#G谨慎#W性格的珍兽穿着，穿齐全套可#G增加虚弱技能的生效几率#W。#r#G可在苏州（248，184）云姗姗处使用珍兽装备相关功能。#W	1000	800	3	-1	-1	PetEquipHat1_3	珍兽面甲	1	1	-1	-1	580	580	-1	-1	-1	-1	-1	-1	-1	-1	-1	-1	-1	-1	-1	-1	-1	-1	-1	-1	-1	-1	-1	-1	-1	-1	-1	-1	-1	-1	-1	-1	-1	-1	-1	-1	-1	-1	-1	1	1	-1	-1	-1	-1	-1	-1	-1	-1	-1	-1	-1	-1	-1	-1	-1	-1	-1	-1	-1	-1	-1	5	85	2	2	1	250	-1	0	-1	-1	-1	1	-1	-1	50	20301009	20	100
70501040	7	5	1	40	1	-1	2	40	1	白兔隐林兽盔·慎	75	白兔隐林，藏其形也。#r适合#G谨慎#W性格的珍兽穿着，穿齐全套可#G增加虚弱技能的生效几率#W。#r#G可在苏州（248，184）云姗姗处使用珍兽装备相关功能。#W	1000	800	3	-1	-1	PetEquipHat1_5	珍兽面甲	1	1	-1	-1	580	580	-1	-1	-1	-1	-1	-1	-1	-1	-1	-1	-1	-1	-1	-1	-1	-1	-1	-1	-1	-1	-1	-1	-1	-1	-1	-1	-1	-1	-1	-1	-1	-1	-1	-1	-1	-1	-1	1	1	-1	-1	-1	-1	-1	-1	-1	-1	-1	-1	-1	-1	-1	-1	-1	-1	-1	-1	-1	-1	-1	1	85	2	2	1	250	-1	0	-1	-1	-1	-1	-1	1	25	20301009	1	80
70501041	7	5	1	41	1	-1	2	41	1	白兔隐林兽盔·慎	75	白兔隐林，藏其形也。#r适合#G谨慎#W性格的珍兽穿着，穿齐全套可#G增加虚弱技能的生效几率#W。#r#G可在苏州（248，184）云姗姗处使用珍兽装备相关功能。#W	1000	800	3	-1	-1	PetEquipHat1_5	珍兽面甲	1	1	-1	-1	580	580	-1	-1	-1	-1	-1	-1	-1	-1	-1	-1	-1	-1	-1	-1	-1	-1	-1	-1	-1	-1	-1	-1	-1	-1	-1	-1	-1	-1	-1	-1	-1	-1	-1	-1	-1	-1	-1	1	1	-1	-1	-1	-1	-1	-1	-1	-1	-1	-1	-1	-1	-1	-1	-1	-1	-1	-1	-1	-1	-1	2	85	2	2	1	250	-1	0	-1	-1	-1	-1	-1	1	30	20301009	3	100
70501042	7	5	1	42	1	-1	2	42	1	白兔隐林兽盔·慎	75	白兔隐林，藏其形也。#r适合#G谨慎#W性格的珍兽穿着，穿齐全套可#G增加虚弱技能的生效几率#W。#r#G可在苏州（248，184）云姗姗处使用珍兽装备相关功能。#W	1000	800	3	-1	-1	PetEquipHat1_5	珍兽面甲	1	1	-1	-1	580	580	-1	-1	-1	-1	-1	-1	-1	-1	-1	-1	-1	-1	-1	-1	-1	-1	-1	-1	-1	-1	-1	-1	-1	-1	-1	-1	-1	-1	-1	-1	-1	-1	-1	-1	-1	-1	-1	1	1	-1	-1	-1	-1	-1	-1	-1	-1	-1	-1	-1	-1	-1	-1	-1	-1	-1	-1	-1	-1	-1	3	85	2	2	1	250	-1	0	-1	-1	-1	-1	-1	1	35	20301009	7	100
70501043	7	5	1	43	1	-1	2	43	1	白兔隐林兽盔·慎	75	白兔隐林，藏其形也。#r适合#G谨慎#W性格的珍兽穿着，穿齐全套可#G增加虚弱技能的生效几率#W。#r#G可在苏州（248，184）云姗姗处使用珍兽装备相关功能。#W	1000	800	3	-1	-1	PetEquipHat1_5	珍兽面甲	1	1	-1	-1	580	580	-1	-1	-1	-1	-1	-1	-1	-1	-1	-1	-1	-1	-1	-1	-1	-1	-1	-1	-1	-1	-1	-1	-1	-1	-1	-1	-1	-1	-1	-1	-1	-1	-1	-1	-1	-1	-1	1	1	-1	-1	-1	-1	-1	-1	-1	-1	-1	-1	-1	-1	-1	-1	-1	-1	-1	-1	-1	-1	-1	4	85	2	2	1	250	-1	0	-1	-1	-1	-1	-1	1	40	20301009	12	100
70501044	7	5	1	44	1	-1	2	44	1	白兔隐林兽盔·慎	75	白兔隐林，藏其形也。#r适合#G谨慎#W性格的珍兽穿着，穿齐全套可#G增加虚弱技能的生效几率#W。#r#G可在苏州（248，184）云姗姗处使用珍兽装备相关功能。#W	1000	800	3	-1	-1	PetEquipHat1_5	珍兽面甲	1	1	-1	-1	580	580	-1	-1	-1	-1	-1	-1	-1	-1	-1	-1	-1	-1	-1	-1	-1	-1	-1	-1	-1	-1	-1	-1	-1	-1	-1	-1	-1	-1	-1	-1	-1	-1	-1	-1	-1	-1	-1	1	1	-1	-1	-1	-1	-1	-1	-1	-1	-1	-1	-1	-1	-1	-1	-1	-1	-1	-1	-1	-1	-1	5	85	2	2	1	250	-1	0	-1	-1	-1	-1	-1	1	50	20301009	20	100
70501045	7	5	1	45	1	-1	2	45	1	猛虎撼山兽盔·勇	85	猛虎者，虽山高亦可撼。#r适合#G勇猛#W性格的珍兽穿着，穿齐全套可#G增加猛击技能的释放几率#W。#r#G可在苏州（248，184）云姗姗处使用珍兽装备相关功能。#W	1000	800	3	-1	-1	PetEquipHat1_10	珍兽面甲	1	1	-1	-1	649	649	-1	-1	-1	-1	-1	-1	-1	-1	-1	-1	-1	-1	-1	-1	-1	-1	-1	-1	-1	-1	-1	1	-1	-1	-1	-1	-1	-1	-1	-1	-1	-1	-1	-1	-1	-1	-1	1	-1	1	-1	-1	-1	-1	-1	-1	-1	-1	-1	-1	-1	-1	-1	-1	-1	-1	-1	-1	-1	-1	1	95	3	3	1	250	-1	0	-1	1	-1	-1	-1	-1	25	20301009	20	100
70501046	7	5	1	46	1	-1	2	46	1	猛虎撼山兽盔·勇	85	猛虎者，虽山高亦可撼。#r适合#G勇猛#W性格的珍兽穿着，穿齐全套可#G增加猛击技能的释放几率#W。#r#G可在苏州（248，184）云姗姗处使用珍兽装备相关功能。#W	1000	800	3	-1	-1	PetEquipHat1_10	珍兽面甲	1	1	-1	-1	649	649	-1	-1	-1	-1	-1	-1	-1	-1	-1	-1	-1	-1	-1	-1	-1	-1	-1	-1	-1	-1	-1	1	-1	-1	-1	-1	-1	-1	-1	-1	-1	-1	-1	-1	-1	-1	-1	1	-1	1	-1	-1	-1	-1	-1	-1	-1	-1	-1	-1	-1	-1	-1	-1	-1	-1	-1	-1	-1	-1	2	95	3	3	1	250	-1	0	-1	1	-1	-1	-1	-1	30	20301009	30	100
70501047	7	5	1	47	1	-1	2	47	1	猛虎撼山兽盔·勇	85	猛虎者，虽山高亦可撼。#r适合#G勇猛#W性格的珍兽穿着，穿齐全套可#G增加猛击技能的释放几率#W。#r#G可在苏州（248，184）云姗姗处使用珍兽装备相关功能。#W	1000	800	3	-1	-1	PetEquipHat1_10	珍兽面甲	1	1	-1	-1	649	649	-1	-1	-1	-1	-1	-1	-1	-1	-1	-1	-1	-1	-1	-1	-1	-1	-1	-1	-1	-1	-1	1	-1	-1	-1	-1	-1	-1	-1	-1	-1	-1	-1	-1	-1	-1	-1	1	-1	1	-1	-1	-1	-1	-1	-1	-1	-1	-1	-1	-1	-1	-1	-1	-1	-1	-1	-1	-1	-1	3	95	3	3	1	250	-1	0	-1	1	-1	-1	-1	-1	35	20301009	35	100
70501048	7	5	1	48	1	-1	2	48	1	猛虎撼山兽盔·勇	85	猛虎者，虽山高亦可撼。#r适合#G勇猛#W性格的珍兽穿着，穿齐全套可#G增加猛击技能的释放几率#W。#r#G可在苏州（248，184）云姗姗处使用珍兽装备相关功能。#W	1000	800	3	-1	-1	PetEquipHat1_10	珍兽面甲	1	1	-1	-1	649	649	-1	-1	-1	-1	-1	-1	-1	-1	-1	-1	-1	-1	-1	-1	-1	-1	-1	-1	-1	-1	-1	1	-1	-1	-1	-1	-1	-1	-1	-1	-1	-1	-1	-1	-1	-1	-1	1	-1	1	-1	-1	-1	-1	-1	-1	-1	-1	-1	-1	-1	-1	-1	-1	-1	-1	-1	-1	-1	-1	4	95	3	3	1	250	-1	0	-1	1	-1	-1	-1	-1	40	20301009	42	100
70501049	7	5	1	49	1	-1	2	49	1	猛虎撼山兽盔·勇	85	猛虎者，虽山高亦可撼。#r适合#G勇猛#W性格的珍兽穿着，穿齐全套可#G增加猛击技能的释放几率#W。#r#G可在苏州（248，184）云姗姗处使用珍兽装备相关功能。#W	1000	800	3	-1	-1	PetEquipHat1_10	珍兽面甲	1	1	-1	-1	649	649	-1	-1	-1	-1	-1	-1	-1	-1	-1	-1	-1	-1	-1	-1	-1	-1	-1	-1	-1	-1	-1	1	-1	-1	-1	-1	-1	-1	-1	-1	-1	-1	-1	-1	-1	-1	-1	1	-1	1	-1	-1	-1	-1	-1	-1	-1	-1	-1	-1	-1	-1	-1	-1	-1	-1	-1	-1	-1	-1	5	95	3	3	1	250	-1	0	-1	1	-1	-1	-1	-1	50	20301009	57	100
70501050	7	5	1	50	1	-1	2	50	1	猛虎撼山兽盔·狡	85	猛虎者，虽山高亦可撼。#r适合#G精明#W性格的珍兽穿着，穿齐全套可#G增加反震技能的生效几率#W。#r#G可在苏州（248，184）云姗姗处使用珍兽装备相关功能。#W	1000	800	3	-1	-1	PetEquipHat1_10	珍兽面甲	1	1	-1	-1	649	649	-1	-1	1	-1	-1	-1	-1	-1	-1	-1	-1	-1	-1	-1	-1	-1	-1	-1	-1	-1	-1	1	-1	-1	-1	-1	-1	-1	-1	-1	-1	-1	-1	-1	-1	-1	-1	1	-1	-1	-1	-1	-1	-1	-1	-1	-1	-1	-1	-1	-1	-1	-1	-1	-1	-1	-1	-1	-1	-1	1	95	3	3	1	250	-1	0	-1	1	-1	-1	-1	-1	25	20301009	20	100
70501051	7	5	1	51	1	-1	2	51	1	猛虎撼山兽盔·狡	85	猛虎者，虽山高亦可撼。#r适合#G精明#W性格的珍兽穿着，穿齐全套可#G增加反震技能的生效几率#W。#r#G可在苏州（248，184）云姗姗处使用珍兽装备相关功能。#W	1000	800	3	-1	-1	PetEquipHat1_10	珍兽面甲	1	1	-1	-1	649	649	-1	-1	1	-1	-1	-1	-1	-1	-1	-1	-1	-1	-1	-1	-1	-1	-1	-1	-1	-1	-1	1	-1	-1	-1	-1	-1	-1	-1	-1	-1	-1	-1	-1	-1	-1	-1	1	-1	-1	-1	-1	-1	-1	-1	-1	-1	-1	-1	-1	-1	-1	-1	-1	-1	-1	-1	-1	-1	-1	2	95	3	3	1	250	-1	0	-1	1	-1	-1	-1	-1	30	20301009	30	100
70501052	7	5	1	52	1	-1	2	52	1	猛虎撼山兽盔·狡	85	猛虎者，虽山高亦可撼。#r适合#G精明#W性格的珍兽穿着，穿齐全套可#G增加反震技能的生效几率#W。#r#G可在苏州（248，184）云姗姗处使用珍兽装备相关功能。#W	1000	800	3	-1	-1	PetEquipHat1_10	珍兽面甲	1	1	-1	-1	649	649	-1	-1	1	-1	-1	-1	-1	-1	-1	-1	-1	-1	-1	-1	-1	-1	-1	-1	-1	-1	-1	1	-1	-1	-1	-1	-1	-1	-1	-1	-1	-1	-1	-1	-1	-1	-1	1	-1	-1	-1	-1	-1	-1	-1	-1	-1	-1	-1	-1	-1	-1	-1	-1	-1	-1	-1	-1	-1	-1	3	95	3	3	1	250	-1	0	-1	1	-1	-1	-1	-1	35	20301009	35	100
70501053	7	5	1	53	1	-1	2	53	1	猛虎撼山兽盔·狡	85	猛虎者，虽山高亦可撼。#r适合#G精明#W性格的珍兽穿着，穿齐全套可#G增加反震技能的生效几率#W。#r#G可在苏州（248，184）云姗姗处使用珍兽装备相关功能。#W	1000	800	3	-1	-1	PetEquipHat1_10	珍兽面甲	1	1	-1	-1	649	649	-1	-1	1	-1	-1	-1	-1	-1	-1	-1	-1	-1	-1	-1	-1	-1	-1	-1	-1	-1	-1	1	-1	-1	-1	-1	-1	-1	-1	-1	-1	-1	-1	-1	-1	-1	-1	1	-1	-1	-1	-1	-1	-1	-1	-1	-1	-1	-1	-1	-1	-1	-1	-1	-1	-1	-1	-1	-1	-1	4	95	3	3	1	250	-1	0	-1	1	-1	-1	-1	-1	40	20301009	42	100
70501054	7	5	1	54	1	-1	2	54	1	猛虎撼山兽盔·狡	85	猛虎者，虽山高亦可撼。#r适合#G精明#W性格的珍兽穿着，穿齐全套可#G增加反震技能的生效几率#W。#r#G可在苏州（248，184）云姗姗处使用珍兽装备相关功能。#W	1000	800	3	-1	-1	PetEquipHat1_10	珍兽面甲	1	1	-1	-1	649	649	-1	-1	1	-1	-1	-1	-1	-1	-1	-1	-1	-1	-1	-1	-1	-1	-1	-1	-1	-1	-1	1	-1	-1	-1	-1	-1	-1	-1	-1	-1	-1	-1	-1	-1	-1	-1	1	-1	-1	-1	-1	-1	-1	-1	-1	-1	-1	-1	-1	-1	-1	-1	-1	-1	-1	-1	-1	-1	-1	5	95	3	3	1	250	-1	0	-1	1	-1	-1	-1	-1	50	20301009	57	100
70501055	7	5	1	55	1	-1	2	55	1	猛虎撼山兽盔·慎	85	猛虎者，虽山高亦可撼。#r适合#G谨慎#W性格的珍兽穿着，穿齐全套可#G增加吸气技能的生效几率#W。#r#G可在苏州（248，184）云姗姗处使用珍兽装备相关功能。#W	1000	800	3	-1	-1	PetEquipHat1_10	珍兽面甲	1	1	-1	-1	649	649	-1	-1	1	-1	-1	-1	-1	-1	-1	-1	-1	-1	-1	-1	-1	-1	-1	-1	-1	-1	-1	-1	-1	-1	-1	-1	-1	-1	-1	-1	-1	-1	-1	-1	-1	-1	-1	1	-1	-1	-1	-1	-1	-1	-1	-1	-1	-1	1	-1	-1	-1	-1	-1	-1	-1	-1	-1	-1	-1	1	95	3	3	1	250	-1	0	-1	1	-1	-1	-1	-1	25	20301009	20	100
70501056	7	5	1	56	1	-1	2	56	1	猛虎撼山兽盔·慎	85	猛虎者，虽山高亦可撼。#r适合#G谨慎#W性格的珍兽穿着，穿齐全套可#G增加吸气技能的生效几率#W。#r#G可在苏州（248，184）云姗姗处使用珍兽装备相关功能。#W	1000	800	3	-1	-1	PetEquipHat1_10	珍兽面甲	1	1	-1	-1	649	649	-1	-1	1	-1	-1	-1	-1	-1	-1	-1	-1	-1	-1	-1	-1	-1	-1	-1	-1	-1	-1	-1	-1	-1	-1	-1	-1	-1	-1	-1	-1	-1	-1	-1	-1	-1	-1	1	-1	-1	-1	-1	-1	-1	-1	-1	-1	-1	1	-1	-1	-1	-1	-1	-1	-1	-1	-1	-1	-1	2	95	3	3	1	250	-1	0	-1	1	-1	-1	-1	-1	30	20301009	30	100
70501057	7	5	1	57	1	-1	2	57	1	猛虎撼山兽盔·慎	85	猛虎者，虽山高亦可撼。#r适合#G谨慎#W性格的珍兽穿着，穿齐全套可#G增加吸气技能的生效几率#W。#r#G可在苏州（248，184）云姗姗处使用珍兽装备相关功能。#W	1000	800	3	-1	-1	PetEquipHat1_10	珍兽面甲	1	1	-1	-1	649	649	-1	-1	1	-1	-1	-1	-1	-1	-1	-1	-1	-1	-1	-1	-1	-1	-1	-1	-1	-1	-1	-1	-1	-1	-1	-1	-1	-1	-1	-1	-1	-1	-1	-1	-1	-1	-1	1	-1	-1	-1	-1	-1	-1	-1	-1	-1	-1	1	-1	-1	-1	-1	-1	-1	-1	-1	-1	-1	-1	3	95	3	3	1	250	-1	0	-1	1	-1	-1	-1	-1	35	20301009	35	100
70501058	7	5	1	58	1	-1	2	58	1	猛虎撼山兽盔·慎	85	猛虎者，虽山高亦可撼。#r适合#G谨慎#W性格的珍兽穿着，穿齐全套可#G增加吸气技能的生效几率#W。#r#G可在苏州（248，184）云姗姗处使用珍兽装备相关功能。#W	1000	800	3	-1	-1	PetEquipHat1_10	珍兽面甲	1	1	-1	-1	649	649	-1	-1	1	-1	-1	-1	-1	-1	-1	-1	-1	-1	-1	-1	-1	-1	-1	-1	-1	-1	-1	-1	-1	-1	-1	-1	-1	-1	-1	-1	-1	-1	-1	-1	-1	-1	-1	1	-1	-1	-1	-1	-1	-1	-1	-1	-1	-1	1	-1	-1	-1	-1	-1	-1	-1	-1	-1	-1	-1	4	95	3	3	1	250	-1	0	-1	1	-1	-1	-1	-1	40	20301009	42	100
70501059	7	5	1	59	1	-1	2	59	1	猛虎撼山兽盔·慎	85	猛虎者，虽山高亦可撼。#r适合#G谨慎#W性格的珍兽穿着，穿齐全套可#G增加吸气技能的生效几率#W。#r#G可在苏州（248，184）云姗姗处使用珍兽装备相关功能。#W	1000	800	3	-1	-1	PetEquipHat1_10	珍兽面甲	1	1	-1	-1	649	649	-1	-1	1	-1	-1	-1	-1	-1	-1	-1	-1	-1	-1	-1	-1	-1	-1	-1	-1	-1	-1	-1	-1	-1	-1	-1	-1	-1	-1	-1	-1	-1	-1	-1	-1	-1	-1	1	-1	-1	-1	-1	-1	-1	-1	-1	-1	-1	1	-1	-1	-1	-1	-1	-1	-1	-1	-1	-1	-1	5	95	3	3	1	250	-1	0	-1	1	-1	-1	-1	-1	50	20301009	57	100
70501060	7	5	1	60	1	-1	2	60	1	飞鹰翔空兽盔·怯	85	飞鹰者，欲翔空则难阻。#r适合#G胆小#W性格的珍兽穿着，穿齐全套可#G增加痛击技能的伤害#W。#r#G可在苏州（248，184）云姗姗处使用珍兽装备相关功能。#W	1000	800	3	-1	-1	PetEquipHat1_6	珍兽面甲	1	1	-1	-1	649	649	-1	-1	-1	-1	-1	-1	-1	-1	-1	-1	-1	-1	-1	-1	-1	-1	-1	-1	-1	-1	-1	-1	-1	-1	-1	-1	-1	-1	1	-1	-1	-1	-1	-1	-1	-1	-1	1	-1	1	-1	-1	-1	-1	-1	-1	-1	-1	-1	-1	-1	-1	-1	-1	-1	-1	-1	-1	-1	-1	1	95	3	3	1	250	-1	0	-1	-1	1	-1	-1	-1	25	20301009	20	100
70501061	7	5	1	61	1	-1	2	61	1	飞鹰翔空兽盔·怯	85	飞鹰者，欲翔空则难阻。#r适合#G胆小#W性格的珍兽穿着，穿齐全套可#G增加痛击技能的伤害#W。#r#G可在苏州（248，184）云姗姗处使用珍兽装备相关功能。#W	1000	800	3	-1	-1	PetEquipHat1_6	珍兽面甲	1	1	-1	-1	649	649	-1	-1	-1	-1	-1	-1	-1	-1	-1	-1	-1	-1	-1	-1	-1	-1	-1	-1	-1	-1	-1	-1	-1	-1	-1	-1	-1	-1	1	-1	-1	-1	-1	-1	-1	-1	-1	1	-1	1	-1	-1	-1	-1	-1	-1	-1	-1	-1	-1	-1	-1	-1	-1	-1	-1	-1	-1	-1	-1	2	95	3	3	1	250	-1	0	-1	-1	1	-1	-1	-1	30	20301009	30	100
70501062	7	5	1	62	1	-1	2	62	1	飞鹰翔空兽盔·怯	85	飞鹰者，欲翔空则难阻。#r适合#G胆小#W性格的珍兽穿着，穿齐全套可#G增加痛击技能的伤害#W。#r#G可在苏州（248，184）云姗姗处使用珍兽装备相关功能。#W	1000	800	3	-1	-1	PetEquipHat1_6	珍兽面甲	1	1	-1	-1	649	649	-1	-1	-1	-1	-1	-1	-1	-1	-1	-1	-1	-1	-1	-1	-1	-1	-1	-1	-1	-1	-1	-1	-1	-1	-1	-1	-1	-1	1	-1	-1	-1	-1	-1	-1	-1	-1	1	-1	1	-1	-1	-1	-1	-1	-1	-1	-1	-1	-1	-1	-1	-1	-1	-1	-1	-1	-1	-1	-1	3	95	3	3	1	250	-1	0	-1	-1	1	-1	-1	-1	35	20301009	35	100
70501063	7	5	1	63	1	-1	2	63	1	飞鹰翔空兽盔·怯	85	飞鹰者，欲翔空则难阻。#r适合#G胆小#W性格的珍兽穿着，穿齐全套可#G增加痛击技能的伤害#W。#r#G可在苏州（248，184）云姗姗处使用珍兽装备相关功能。#W	1000	800	3	-1	-1	PetEquipHat1_6	珍兽面甲	1	1	-1	-1	649	649	-1	-1	-1	-1	-1	-1	-1	-1	-1	-1	-1	-1	-1	-1	-1	-1	-1	-1	-1	-1	-1	-1	-1	-1	-1	-1	-1	-1	1	-1	-1	-1	-1	-1	-1	-1	-1	1	-1	1	-1	-1	-1	-1	-1	-1	-1	-1	-1	-1	-1	-1	-1	-1	-1	-1	-1	-1	-1	-1	4	95	3	3	1	250	-1	0	-1	-1	1	-1	-1	-1	40	20301009	42	100
70501064	7	5	1	64	1	-1	2	64	1	飞鹰翔空兽盔·怯	85	飞鹰者，欲翔空则难阻。#r适合#G胆小#W性格的珍兽穿着，穿齐全套可#G增加痛击技能的伤害#W。#r#G可在苏州（248，184）云姗姗处使用珍兽装备相关功能。#W	1000	800	3	-1	-1	PetEquipHat1_6	珍兽面甲	1	1	-1	-1	649	649	-1	-1	-1	-1	-1	-1	-1	-1	-1	-1	-1	-1	-1	-1	-1	-1	-1	-1	-1	-1	-1	-1	-1	-1	-1	-1	-1	-1	1	-1	-1	-1	-1	-1	-1	-1	-1	1	-1	1	-1	-1	-1	-1	-1	-1	-1	-1	-1	-1	-1	-1	-1	-1	-1	-1	-1	-1	-1	-1	5	95	3	3	1	250	-1	0	-1	-1	1	-1	-1	-1	50	20301009	57	100
70501065	7	5	1	65	1	-1	2	65	1	飞鹰翔空兽盔·狡	85	飞鹰者，欲翔空则难阻。#r适合#G精明#W性格的珍兽穿着，穿齐全套可#G增加反震技能的生效几率#W。#r#G可在苏州（248，184）云姗姗处使用珍兽装备相关功能。#W	1000	800	3	-1	-1	PetEquipHat1_6	珍兽面甲	1	1	-1	-1	649	649	-1	-1	1	-1	-1	-1	-1	-1	-1	-1	-1	-1	-1	-1	-1	-1	-1	-1	-1	-1	-1	-1	-1	-1	-1	-1	-1	-1	1	-1	-1	-1	-1	-1	-1	-1	-1	1	-1	-1	-1	-1	-1	-1	-1	-1	-1	-1	-1	-1	-1	-1	-1	-1	-1	-1	-1	-1	-1	-1	1	95	3	3	1	250	-1	0	-1	-1	1	-1	-1	-1	25	20301009	20	100
70501066	7	5	1	66	1	-1	2	66	1	飞鹰翔空兽盔·狡	85	飞鹰者，欲翔空则难阻。#r适合#G精明#W性格的珍兽穿着，穿齐全套可#G增加反震技能的生效几率#W。#r#G可在苏州（248，184）云姗姗处使用珍兽装备相关功能。#W	1000	800	3	-1	-1	PetEquipHat1_6	珍兽面甲	1	1	-1	-1	649	649	-1	-1	1	-1	-1	-1	-1	-1	-1	-1	-1	-1	-1	-1	-1	-1	-1	-1	-1	-1	-1	-1	-1	-1	-1	-1	-1	-1	1	-1	-1	-1	-1	-1	-1	-1	-1	1	-1	-1	-1	-1	-1	-1	-1	-1	-1	-1	-1	-1	-1	-1	-1	-1	-1	-1	-1	-1	-1	-1	2	95	3	3	1	250	-1	0	-1	-1	1	-1	-1	-1	30	20301009	30	100
70501067	7	5	1	67	1	-1	2	67	1	飞鹰翔空兽盔·狡	85	飞鹰者，欲翔空则难阻。#r适合#G精明#W性格的珍兽穿着，穿齐全套可#G增加反震技能的生效几率#W。#r#G可在苏州（248，184）云姗姗处使用珍兽装备相关功能。#W	1000	800	3	-1	-1	PetEquipHat1_6	珍兽面甲	1	1	-1	-1	649	649	-1	-1	1	-1	-1	-1	-1	-1	-1	-1	-1	-1	-1	-1	-1	-1	-1	-1	-1	-1	-1	-1	-1	-1	-1	-1	-1	-1	1	-1	-1	-1	-1	-1	-1	-1	-1	1	-1	-1	-1	-1	-1	-1	-1	-1	-1	-1	-1	-1	-1	-1	-1	-1	-1	-1	-1	-1	-1	-1	3	95	3	3	1	250	-1	0	-1	-1	1	-1	-1	-1	35	20301009	35	100
70501068	7	5	1	68	1	-1	2	68	1	飞鹰翔空兽盔·狡	85	飞鹰者，欲翔空则难阻。#r适合#G精明#W性格的珍兽穿着，穿齐全套可#G增加反震技能的生效几率#W。#r#G可在苏州（248，184）云姗姗处使用珍兽装备相关功能。#W	1000	800	3	-1	-1	PetEquipHat1_6	珍兽面甲	1	1	-1	-1	649	649	-1	-1	1	-1	-1	-1	-1	-1	-1	-1	-1	-1	-1	-1	-1	-1	-1	-1	-1	-1	-1	-1	-1	-1	-1	-1	-1	-1	1	-1	-1	-1	-1	-1	-1	-1	-1	1	-1	-1	-1	-1	-1	-1	-1	-1	-1	-1	-1	-1	-1	-1	-1	-1	-1	-1	-1	-1	-1	-1	4	95	3	3	1	250	-1	0	-1	-1	1	-1	-1	-1	40	20301009	42	100
70501069	7	5	1	69	1	-1	2	69	1	飞鹰翔空兽盔·狡	85	飞鹰者，欲翔空则难阻。#r适合#G精明#W性格的珍兽穿着，穿齐全套可#G增加反震技能的生效几率#W。#r#G可在苏州（248，184）云姗姗处使用珍兽装备相关功能。#W	1000	800	3	-1	-1	PetEquipHat1_6	珍兽面甲	1	1	-1	-1	649	649	-1	-1	1	-1	-1	-1	-1	-1	-1	-1	-1	-1	-1	-1	-1	-1	-1	-1	-1	-1	-1	-1	-1	-1	-1	-1	-1	-1	1	-1	-1	-1	-1	-1	-1	-1	-1	1	-1	-1	-1	-1	-1	-1	-1	-1	-1	-1	-1	-1	-1	-1	-1	-1	-1	-1	-1	-1	-1	-1	5	95	3	3	1	250	-1	0	-1	-1	1	-1	-1	-1	50	20301009	57	100
70501070	7	5	1	70	1	-1	2	70	1	飞鹰翔空兽盔·慎	85	飞鹰者，欲翔空则难阻。#r适合#G谨慎#W性格的珍兽穿着，穿齐全套可#G增加吸气技能的生效几率#W。#r#G可在苏州（248，184）云姗姗处使用珍兽装备相关功能。#W	1000	800	3	-1	-1	PetEquipHat1_6	珍兽面甲	1	1	-1	-1	649	649	-1	-1	1	-1	-1	-1	-1	-1	-1	-1	-1	-1	-1	-1	-1	-1	-1	-1	-1	-1	-1	-1	-1	-1	-1	-1	-1	-1	-1	-1	-1	-1	-1	-1	-1	-1	-1	1	-1	-1	-1	-1	-1	-1	-1	-1	-1	-1	1	-1	-1	-1	-1	-1	-1	-1	-1	-1	-1	-1	1	95	3	3	1	250	-1	0	-1	-1	1	-1	-1	-1	25	20301009	20	100
70501071	7	5	1	71	1	-1	2	71	1	飞鹰翔空兽盔·慎	85	飞鹰者，欲翔空则难阻。#r适合#G谨慎#W性格的珍兽穿着，穿齐全套可#G增加吸气技能的生效几率#W。#r#G可在苏州（248，184）云姗姗处使用珍兽装备相关功能。#W	1000	800	3	-1	-1	PetEquipHat1_6	珍兽面甲	1	1	-1	-1	649	649	-1	-1	1	-1	-1	-1	-1	-1	-1	-1	-1	-1	-1	-1	-1	-1	-1	-1	-1	-1	-1	-1	-1	-1	-1	-1	-1	-1	-1	-1	-1	-1	-1	-1	-1	-1	-1	1	-1	-1	-1	-1	-1	-1	-1	-1	-1	-1	1	-1	-1	-1	-1	-1	-1	-1	-1	-1	-1	-1	2	95	3	3	1	250	-1	0	-1	-1	1	-1	-1	-1	30	20301009	30	100
70501072	7	5	1	72	1	-1	2	72	1	飞鹰翔空兽盔·慎	85	飞鹰者，欲翔空则难阻。#r适合#G谨慎#W性格的珍兽穿着，穿齐全套可#G增加吸气技能的生效几率#W。#r#G可在苏州（248，184）云姗姗处使用珍兽装备相关功能。#W	1000	800	3	-1	-1	PetEquipHat1_6	珍兽面甲	1	1	-1	-1	649	649	-1	-1	1	-1	-1	-1	-1	-1	-1	-1	-1	-1	-1	-1	-1	-1	-1	-1	-1	-1	-1	-1	-1	-1	-1	-1	-1	-1	-1	-1	-1	-1	-1	-1	-1	-1	-1	1	-1	-1	-1	-1	-1	-1	-1	-1	-1	-1	1	-1	-1	-1	-1	-1	-1	-1	-1	-1	-1	-1	3	95	3	3	1	250	-1	0	-1	-1	1	-1	-1	-1	35	20301009	35	100
70501073	7	5	1	73	1	-1	2	73	1	飞鹰翔空兽盔·慎	85	飞鹰者，欲翔空则难阻。#r适合#G谨慎#W性格的珍兽穿着，穿齐全套可#G增加吸气技能的生效几率#W。#r#G可在苏州（248，184）云姗姗处使用珍兽装备相关功能。#W	1000	800	3	-1	-1	PetEquipHat1_6	珍兽面甲	1	1	-1	-1	649	649	-1	-1	1	-1	-1	-1	-1	-1	-1	-1	-1	-1	-1	-1	-1	-1	-1	-1	-1	-1	-1	-1	-1	-1	-1	-1	-1	-1	-1	-1	-1	-1	-1	-1	-1	-1	-1	1	-1	-1	-1	-1	-1	-1	-1	-1	-1	-1	1	-1	-1	-1	-1	-1	-1	-1	-1	-1	-1	-1	4	95	3	3	1	250	-1	0	-1	-1	1	-1	-1	-1	40	20301009	42	100
70501074	7	5	1	74	1	-1	2	74	1	飞鹰翔空兽盔·慎	85	飞鹰者，欲翔空则难阻。#r适合#G谨慎#W性格的珍兽穿着，穿齐全套可#G增加吸气技能的生效几率#W。#r#G可在苏州（248，184）云姗姗处使用珍兽装备相关功能。#W	1000	800	3	-1	-1	PetEquipHat1_6	珍兽面甲	1	1	-1	-1	649	649	-1	-1	1	-1	-1	-1	-1	-1	-1	-1	-1	-1	-1	-1	-1	-1	-1	-1	-1	-1	-1	-1	-1	-1	-1	-1	-1	-1	-1	-1	-1	-1	-1	-1	-1	-1	-1	1	-1	-1	-1	-1	-1	-1	-1	-1	-1	-1	1	-1	-1	-1	-1	-1	-1	-1	-1	-1	-1	-1	5	95	3	3	1	250	-1	0	-1	-1	1	-1	-1	-1	50	20301009	57	100
70501075	7	5	1	75	1	-1	2	75	1	巨熊哮路兽盔·忠	85	巨熊者，哮路而展其魄。#r适合#G忠诚#W性格的珍兽穿着，穿齐全套可#G增加忠心技能的生效几率#W。#r#G可在苏州（248，184）云姗姗处使用珍兽装备相关功能。#W	1000	800	3	-1	-1	PetEquipHat1_4	珍兽面甲	1	1	-1	-1	649	649	-1	-1	-1	-1	-1	-1	-1	-1	-1	-1	-1	-1	-1	-1	-1	-1	-1	-1	-1	-1	-1	-1	-1	-1	1	-1	-1	-1	-1	-1	-1	1	-1	-1	-1	-1	-1	-1	1	-1	-1	-1	-1	-1	-1	-1	-1	-1	-1	-1	-1	-1	-1	-1	-1	-1	-1	-1	-1	-1	1	95	3	3	1	250	-1	0	-1	-1	-1	1	-1	-1	25	20301009	20	100
70501076	7	5	1	76	1	-1	2	76	1	巨熊哮路兽盔·忠	85	巨熊者，哮路而展其魄。#r适合#G忠诚#W性格的珍兽穿着，穿齐全套可#G增加忠心技能的生效几率#W。#r#G可在苏州（248，184）云姗姗处使用珍兽装备相关功能。#W	1000	800	3	-1	-1	PetEquipHat1_4	珍兽面甲	1	1	-1	-1	649	649	-1	-1	-1	-1	-1	-1	-1	-1	-1	-1	-1	-1	-1	-1	-1	-1	-1	-1	-1	-1	-1	-1	-1	-1	1	-1	-1	-1	-1	-1	-1	1	-1	-1	-1	-1	-1	-1	1	-1	-1	-1	-1	-1	-1	-1	-1	-1	-1	-1	-1	-1	-1	-1	-1	-1	-1	-1	-1	-1	2	95	3	3	1	250	-1	0	-1	-1	-1	1	-1	-1	30	20301009	30	100
70501077	7	5	1	77	1	-1	2	77	1	巨熊哮路兽盔·忠	85	巨熊者，哮路而展其魄。#r适合#G忠诚#W性格的珍兽穿着，穿齐全套可#G增加忠心技能的生效几率#W。#r#G可在苏州（248，184）云姗姗处使用珍兽装备相关功能。#W	1000	800	3	-1	-1	PetEquipHat1_4	珍兽面甲	1	1	-1	-1	649	649	-1	-1	-1	-1	-1	-1	-1	-1	-1	-1	-1	-1	-1	-1	-1	-1	-1	-1	-1	-1	-1	-1	-1	-1	1	-1	-1	-1	-1	-1	-1	1	-1	-1	-1	-1	-1	-1	1	-1	-1	-1	-1	-1	-1	-1	-1	-1	-1	-1	-1	-1	-1	-1	-1	-1	-1	-1	-1	-1	3	95	3	3	1	250	-1	0	-1	-1	-1	1	-1	-1	35	20301009	35	100
70501078	7	5	1	78	1	-1	2	78	1	巨熊哮路兽盔·忠	85	巨熊者，哮路而展其魄。#r适合#G忠诚#W性格的珍兽穿着，穿齐全套可#G增加忠心技能的生效几率#W。#r#G可在苏州（248，184）云姗姗处使用珍兽装备相关功能。#W	1000	800	3	-1	-1	PetEquipHat1_4	珍兽面甲	1	1	-1	-1	649	649	-1	-1	-1	-1	-1	-1	-1	-1	-1	-1	-1	-1	-1	-1	-1	-1	-1	-1	-1	-1	-1	-1	-1	-1	1	-1	-1	-1	-1	-1	-1	1	-1	-1	-1	-1	-1	-1	1	-1	-1	-1	-1	-1	-1	-1	-1	-1	-1	-1	-1	-1	-1	-1	-1	-1	-1	-1	-1	-1	4	95	3	3	1	250	-1	0	-1	-1	-1	1	-1	-1	40	20301009	42	100
70501079	7	5	1	79	1	-1	2	79	1	巨熊哮路兽盔·忠	85	巨熊者，哮路而展其魄。#r适合#G忠诚#W性格的珍兽穿着，穿齐全套可#G增加忠心技能的生效几率#W。#r#G可在苏州（248，184）云姗姗处使用珍兽装备相关功能。#W	1000	800	3	-1	-1	PetEquipHat1_4	珍兽面甲	1	1	-1	-1	649	649	-1	-1	-1	-1	-1	-1	-1	-1	-1	-1	-1	-1	-1	-1	-1	-1	-1	-1	-1	-1	-1	-1	-1	-1	1	-1	-1	-1	-1	-1	-1	1	-1	-1	-1	-1	-1	-1	1	-1	-1	-1	-1	-1	-1	-1	-1	-1	-1	-1	-1	-1	-1	-1	-1	-1	-1	-1	-1	-1	5	95	3	3	1	250	-1	0	-1	-1	-1	1	-1	-1	50	20301009	57	100
70501080	7	5	1	80	1	-1	2	80	1	巨熊哮路兽盔·慎	85	巨熊者，哮路而展其魄。#r适合#G谨慎#W性格的珍兽穿着，穿齐全套可#G增加吸气技能的生效几率#W。#r#G可在苏州（248，184）云姗姗处使用珍兽装备相关功能。#W	1000	800	3	-1	-1	PetEquipHat1_4	珍兽面甲	1	1	-1	-1	649	649	-1	-1	-1	-1	-1	-1	-1	-1	-1	-1	-1	-1	-1	-1	-1	-1	-1	-1	-1	-1	-1	-1	-1	-1	-1	-1	-1	-1	-1	-1	-1	-1	-1	-1	-1	-1	-1	1	1	-1	-1	-1	-1	-1	-1	-1	-1	-1	1	-1	-1	-1	-1	-1	-1	-1	-1	-1	-1	-1	1	95	3	3	1	250	-1	0	-1	-1	-1	1	-1	-1	25	20301009	20	100
70501081	7	5	1	81	1	-1	2	81	1	巨熊哮路兽盔·慎	85	巨熊者，哮路而展其魄。#r适合#G谨慎#W性格的珍兽穿着，穿齐全套可#G增加吸气技能的生效几率#W。#r#G可在苏州（248，184）云姗姗处使用珍兽装备相关功能。#W	1000	800	3	-1	-1	PetEquipHat1_4	珍兽面甲	1	1	-1	-1	649	649	-1	-1	-1	-1	-1	-1	-1	-1	-1	-1	-1	-1	-1	-1	-1	-1	-1	-1	-1	-1	-1	-1	-1	-1	-1	-1	-1	-1	-1	-1	-1	-1	-1	-1	-1	-1	-1	1	1	-1	-1	-1	-1	-1	-1	-1	-1	-1	1	-1	-1	-1	-1	-1	-1	-1	-1	-1	-1	-1	2	95	3	3	1	250	-1	0	-1	-1	-1	1	-1	-1	30	20301009	30	100
70501082	7	5	1	82	1	-1	2	82	1	巨熊哮路兽盔·慎	85	巨熊者，哮路而展其魄。#r适合#G谨慎#W性格的珍兽穿着，穿齐全套可#G增加吸气技能的生效几率#W。#r#G可在苏州（248，184）云姗姗处使用珍兽装备相关功能。#W	1000	800	3	-1	-1	PetEquipHat1_4	珍兽面甲	1	1	-1	-1	649	649	-1	-1	-1	-1	-1	-1	-1	-1	-1	-1	-1	-1	-1	-1	-1	-1	-1	-1	-1	-1	-1	-1	-1	-1	-1	-1	-1	-1	-1	-1	-1	-1	-1	-1	-1	-1	-1	1	1	-1	-1	-1	-1	-1	-1	-1	-1	-1	1	-1	-1	-1	-1	-1	-1	-1	-1	-1	-1	-1	3	95	3	3	1	250	-1	0	-1	-1	-1	1	-1	-1	35	20301009	35	100
70501083	7	5	1	83	1	-1	2	83	1	巨熊哮路兽盔·慎	85	巨熊者，哮路而展其魄。#r适合#G谨慎#W性格的珍兽穿着，穿齐全套可#G增加吸气技能的生效几率#W。#r#G可在苏州（248，184）云姗姗处使用珍兽装备相关功能。#W	1000	800	3	-1	-1	PetEquipHat1_4	珍兽面甲	1	1	-1	-1	649	649	-1	-1	-1	-1	-1	-1	-1	-1	-1	-1	-1	-1	-1	-1	-1	-1	-1	-1	-1	-1	-1	-1	-1	-1	-1	-1	-1	-1	-1	-1	-1	-1	-1	-1	-1	-1	-1	1	1	-1	-1	-1	-1	-1	-1	-1	-1	-1	1	-1	-1	-1	-1	-1	-1	-1	-1	-1	-1	-1	4	95	3	3	1	250	-1	0	-1	-1	-1	1	-1	-1	40	20301009	42	100
70501084	7	5	1	84	1	-1	2	84	1	巨熊哮路兽盔·慎	85	巨熊者，哮路而展其魄。#r适合#G谨慎#W性格的珍兽穿着，穿齐全套可#G增加吸气技能的生效几率#W。#r#G可在苏州（248，184）云姗姗处使用珍兽装备相关功能。#W	1000	800	3	-1	-1	PetEquipHat1_4	珍兽面甲	1	1	-1	-1	649	649	-1	-1	-1	-1	-1	-1	-1	-1	-1	-1	-1	-1	-1	-1	-1	-1	-1	-1	-1	-1	-1	-1	-1	-1	-1	-1	-1	-1	-1	-1	-1	-1	-1	-1	-1	-1	-1	1	1	-1	-1	-1	-1	-1	-1	-1	-1	-1	1	-1	-1	-1	-1	-1	-1	-1	-1	-1	-1	-1	5	95	3	3	1	250	-1	0	-1	-1	-1	1	-1	-1	50	20301009	57	100
70501085	7	5	1	85	1	-1	2	85	1	奔马逐风兽盔·慎	85	奔马者，逐风以彰其志。#r适合#G谨慎#W性格的珍兽穿着，穿齐全套可#G增加吸气技能的生效几率#W。#r#G可在苏州（248，184）云姗姗处使用珍兽装备相关功能。#W	1000	800	3	-1	-1	PetEquipHat1_9	珍兽面甲	1	1	-1	-1	649	649	-1	-1	-1	-1	-1	-1	-1	-1	-1	-1	-1	-1	-1	-1	-1	-1	-1	-1	-1	-1	-1	-1	-1	-1	-1	-1	-1	-1	-1	-1	-1	-1	-1	-1	-1	-1	-1	1	1	-1	-1	-1	-1	-1	-1	-1	-1	-1	1	-1	-1	-1	-1	-1	-1	-1	-1	-1	-1	-1	1	95	3	3	1	250	-1	0	-1	-1	-1	-1	-1	1	25	20301009	20	100
70501086	7	5	1	86	1	-1	2	86	1	奔马逐风兽盔·慎	85	奔马者，逐风以彰其志。#r适合#G谨慎#W性格的珍兽穿着，穿齐全套可#G增加吸气技能的生效几率#W。#r#G可在苏州（248，184）云姗姗处使用珍兽装备相关功能。#W	1000	800	3	-1	-1	PetEquipHat1_9	珍兽面甲	1	1	-1	-1	649	649	-1	-1	-1	-1	-1	-1	-1	-1	-1	-1	-1	-1	-1	-1	-1	-1	-1	-1	-1	-1	-1	-1	-1	-1	-1	-1	-1	-1	-1	-1	-1	-1	-1	-1	-1	-1	-1	1	1	-1	-1	-1	-1	-1	-1	-1	-1	-1	1	-1	-1	-1	-1	-1	-1	-1	-1	-1	-1	-1	2	95	3	3	1	250	-1	0	-1	-1	-1	-1	-1	1	30	20301009	30	100
70501087	7	5	1	87	1	-1	2	87	1	奔马逐风兽盔·慎	85	奔马者，逐风以彰其志。#r适合#G谨慎#W性格的珍兽穿着，穿齐全套可#G增加吸气技能的生效几率#W。#r#G可在苏州（248，184）云姗姗处使用珍兽装备相关功能。#W	1000	800	3	-1	-1	PetEquipHat1_9	珍兽面甲	1	1	-1	-1	649	649	-1	-1	-1	-1	-1	-1	-1	-1	-1	-1	-1	-1	-1	-1	-1	-1	-1	-1	-1	-1	-1	-1	-1	-1	-1	-1	-1	-1	-1	-1	-1	-1	-1	-1	-1	-1	-1	1	1	-1	-1	-1	-1	-1	-1	-1	-1	-1	1	-1	-1	-1	-1	-1	-1	-1	-1	-1	-1	-1	3	95	3	3	1	250	-1	0	-1	-1	-1	-1	-1	1	35	20301009	35	100
70501088	7	5	1	88	1	-1	2	88	1	奔马逐风兽盔·慎	85	奔马者，逐风以彰其志。#r适合#G谨慎#W性格的珍兽穿着，穿齐全套可#G增加吸气技能的生效几率#W。#r#G可在苏州（248，184）云姗姗处使用珍兽装备相关功能。#W	1000	800	3	-1	-1	PetEquipHat1_9	珍兽面甲	1	1	-1	-1	649	649	-1	-1	-1	-1	-1	-1	-1	-1	-1	-1	-1	-1	-1	-1	-1	-1	-1	-1	-1	-1	-1	-1	-1	-1	-1	-1	-1	-1	-1	-1	-1	-1	-1	-1	-1	-1	-1	1	1	-1	-1	-1	-1	-1	-1	-1	-1	-1	1	-1	-1	-1	-1	-1	-1	-1	-1	-1	-1	-1	4	95	3	3	1	250	-1	0	-1	-1	-1	-1	-1	1	40	20301009	42	100
70501089	7	5	1	89	1	-1	2	89	1	奔马逐风兽盔·慎	85	奔马者，逐风以彰其志。#r适合#G谨慎#W性格的珍兽穿着，穿齐全套可#G增加吸气技能的生效几率#W。#r#G可在苏州（248，184）云姗姗处使用珍兽装备相关功能。#W	1000	800	3	-1	-1	PetEquipHat1_9	珍兽面甲	1	1	-1	-1	649	649	-1	-1	-1	-1	-1	-1	-1	-1	-1	-1	-1	-1	-1	-1	-1	-1	-1	-1	-1	-1	-1	-1	-1	-1	-1	-1	-1	-1	-1	-1	-1	-1	-1	-1	-1	-1	-1	1	1	-1	-1	-1	-1	-1	-1	-1	-1	-1	1	-1	-1	-1	-1	-1	-1	-1	-1	-1	-1	-1	5	95	3	3	1	250	-1	0	-1	-1	-1	-1	-1	1	50	20301009	57	100
70501090	7	5	1	90	1	-1	2	90	1	雄狮逆鳞兽盔·勇	95	狮生逆鳞，力猛不可知。#r适合#G勇猛#W性格的珍兽穿着，穿齐全套可#G增加连击技能的释放几率#W。#r#G可在苏州（248，184）云姗姗处使用珍兽装备相关功能。#W	1000	800	3	-1	-1	PetEquipHat1_8	珍兽面甲	1	1	-1	-1	718	718	-1	-1	-1	-1	-1	-1	-1	-1	-1	-1	-1	-1	-1	-1	-1	-1	-1	-1	-1	-1	-1	1	-1	-1	-1	-1	-1	-1	-1	-1	-1	-1	-1	-1	-1	-1	-1	1	-1	1	-1	-1	-1	-1	1	-1	-1	-1	-1	-1	-1	-1	-1	-1	-1	-1	-1	-1	-1	-1	1	105	4	4	1	250	-1	0	-1	1	-1	-1	-1	-1	25	20301009	50	100
70501091	7	5	1	91	1	-1	2	91	1	雄狮逆鳞兽盔·勇	95	狮生逆鳞，力猛不可知。#r适合#G勇猛#W性格的珍兽穿着，穿齐全套可#G增加连击技能的释放几率#W。#r#G可在苏州（248，184）云姗姗处使用珍兽装备相关功能。#W	1000	800	3	-1	-1	PetEquipHat1_8	珍兽面甲	1	1	-1	-1	718	718	-1	-1	-1	-1	-1	-1	-1	-1	-1	-1	-1	-1	-1	-1	-1	-1	-1	-1	-1	-1	-1	1	-1	-1	-1	-1	-1	-1	-1	-1	-1	-1	-1	-1	-1	-1	-1	1	-1	1	-1	-1	-1	-1	1	-1	-1	-1	-1	-1	-1	-1	-1	-1	-1	-1	-1	-1	-1	-1	2	105	4	4	1	250	-1	0	-1	1	-1	-1	-1	-1	30	20301009	68	100
70501092	7	5	1	92	1	-1	2	92	1	雄狮逆鳞兽盔·勇	95	狮生逆鳞，力猛不可知。#r适合#G勇猛#W性格的珍兽穿着，穿齐全套可#G增加连击技能的释放几率#W。#r#G可在苏州（248，184）云姗姗处使用珍兽装备相关功能。#W	1000	800	3	-1	-1	PetEquipHat1_8	珍兽面甲	1	1	-1	-1	718	718	-1	-1	-1	-1	-1	-1	-1	-1	-1	-1	-1	-1	-1	-1	-1	-1	-1	-1	-1	-1	-1	1	-1	-1	-1	-1	-1	-1	-1	-1	-1	-1	-1	-1	-1	-1	-1	1	-1	1	-1	-1	-1	-1	1	-1	-1	-1	-1	-1	-1	-1	-1	-1	-1	-1	-1	-1	-1	-1	3	105	4	4	1	250	-1	0	-1	1	-1	-1	-1	-1	35	20301009	90	100
70501093	7	5	1	93	1	-1	2	93	1	雄狮逆鳞兽盔·勇	95	狮生逆鳞，力猛不可知。#r适合#G勇猛#W性格的珍兽穿着，穿齐全套可#G增加连击技能的释放几率#W。#r#G可在苏州（248，184）云姗姗处使用珍兽装备相关功能。#W	1000	800	3	-1	-1	PetEquipHat1_8	珍兽面甲	1	1	-1	-1	718	718	-1	-1	-1	-1	-1	-1	-1	-1	-1	-1	-1	-1	-1	-1	-1	-1	-1	-1	-1	-1	-1	1	-1	-1	-1	-1	-1	-1	-1	-1	-1	-1	-1	-1	-1	-1	-1	1	-1	1	-1	-1	-1	-1	1	-1	-1	-1	-1	-1	-1	-1	-1	-1	-1	-1	-1	-1	-1	-1	4	105	4	4	1	250	-1	0	-1	1	-1	-1	-1	-1	40	20301009	115	100
70501094	7	5	1	94	1	-1	2	94	1	雄狮逆鳞兽盔·勇	95	狮生逆鳞，力猛不可知。#r适合#G勇猛#W性格的珍兽穿着，穿齐全套可#G增加连击技能的释放几率#W。#r#G可在苏州（248，184）云姗姗处使用珍兽装备相关功能。#W	1000	800	3	-1	-1	PetEquipHat1_8	珍兽面甲	1	1	-1	-1	718	718	-1	-1	-1	-1	-1	-1	-1	-1	-1	-1	-1	-1	-1	-1	-1	-1	-1	-1	-1	-1	-1	1	-1	-1	-1	-1	-1	-1	-1	-1	-1	-1	-1	-1	-1	-1	-1	1	-1	1	-1	-1	-1	-1	1	-1	-1	-1	-1	-1	-1	-1	-1	-1	-1	-1	-1	-1	-1	-1	5	105	4	4	1	250	-1	0	-1	1	-1	-1	-1	-1	50	20301009	143	100
70501095	7	5	1	95	1	-1	2	95	1	雄狮逆鳞兽盔·狡	95	狮生逆鳞，力猛不可知。#r适合#G精明#W性格的珍兽穿着，穿齐全套可#G增加反击技能的生效几率#W。#r#G可在苏州（248，184）云姗姗处使用珍兽装备相关功能。#W	1000	800	3	-1	-1	PetEquipHat1_8	珍兽面甲	1	1	-1	-1	718	718	-1	-1	1	-1	-1	-1	-1	-1	-1	-1	-1	-1	-1	-1	-1	-1	-1	-1	-1	-1	-1	1	-1	-1	-1	-1	-1	-1	-1	-1	-1	-1	-1	-1	-1	-1	-1	1	-1	-1	-1	-1	-1	-1	1	-1	-1	-1	-1	-1	-1	-1	-1	-1	-1	-1	-1	-1	-1	-1	1	105	4	4	1	250	-1	0	-1	1	-1	-1	-1	-1	25	20301009	50	100
70501096	7	5	1	96	1	-1	2	96	1	雄狮逆鳞兽盔·狡	95	狮生逆鳞，力猛不可知。#r适合#G精明#W性格的珍兽穿着，穿齐全套可#G增加反击技能的生效几率#W。#r#G可在苏州（248，184）云姗姗处使用珍兽装备相关功能。#W	1000	800	3	-1	-1	PetEquipHat1_8	珍兽面甲	1	1	-1	-1	718	718	-1	-1	1	-1	-1	-1	-1	-1	-1	-1	-1	-1	-1	-1	-1	-1	-1	-1	-1	-1	-1	1	-1	-1	-1	-1	-1	-1	-1	-1	-1	-1	-1	-1	-1	-1	-1	1	-1	-1	-1	-1	-1	-1	1	-1	-1	-1	-1	-1	-1	-1	-1	-1	-1	-1	-1	-1	-1	-1	2	105	4	4	1	250	-1	0	-1	1	-1	-1	-1	-1	30	20301009	68	100
70501097	7	5	1	97	1	-1	2	97	1	雄狮逆鳞兽盔·狡	95	狮生逆鳞，力猛不可知。#r适合#G精明#W性格的珍兽穿着，穿齐全套可#G增加反击技能的生效几率#W。#r#G可在苏州（248，184）云姗姗处使用珍兽装备相关功能。#W	1000	800	3	-1	-1	PetEquipHat1_8	珍兽面甲	1	1	-1	-1	718	718	-1	-1	1	-1	-1	-1	-1	-1	-1	-1	-1	-1	-1	-1	-1	-1	-1	-1	-1	-1	-1	1	-1	-1	-1	-1	-1	-1	-1	-1	-1	-1	-1	-1	-1	-1	-1	1	-1	-1	-1	-1	-1	-1	1	-1	-1	-1	-1	-1	-1	-1	-1	-1	-1	-1	-1	-1	-1	-1	3	105	4	4	1	250	-1	0	-1	1	-1	-1	-1	-1	35	20301009	90	100
70501098	7	5	1	98	1	-1	2	98	1	雄狮逆鳞兽盔·狡	95	狮生逆鳞，力猛不可知。#r适合#G精明#W性格的珍兽穿着，穿齐全套可#G增加反击技能的生效几率#W。#r#G可在苏州（248，184）云姗姗处使用珍兽装备相关功能。#W	1000	800	3	-1	-1	PetEquipHat1_8	珍兽面甲	1	1	-1	-1	718	718	-1	-1	1	-1	-1	-1	-1	-1	-1	-1	-1	-1	-1	-1	-1	-1	-1	-1	-1	-1	-1	1	-1	-1	-1	-1	-1	-1	-1	-1	-1	-1	-1	-1	-1	-1	-1	1	-1	-1	-1	-1	-1	-1	1	-1	-1	-1	-1	-1	-1	-1	-1	-1	-1	-1	-1	-1	-1	-1	4	105	4	4	1	250	-1	0	-1	1	-1	-1	-1	-1	40	20301009	115	100
70501099	7	5	1	99	1	-1	2	99	1	雄狮逆鳞兽盔·狡	95	狮生逆鳞，力猛不可知。#r适合#G精明#W性格的珍兽穿着，穿齐全套可#G增加反击技能的生效几率#W。#r#G可在苏州（248，184）云姗姗处使用珍兽装备相关功能。#W	1000	800	3	-1	-1	PetEquipHat1_8	珍兽面甲	1	1	-1	-1	718	718	-1	-1	1	-1	-1	-1	-1	-1	-1	-1	-1	-1	-1	-1	-1	-1	-1	-1	-1	-1	-1	1	-1	-1	-1	-1	-1	-1	-1	-1	-1	-1	-1	-1	-1	-1	-1	1	-1	-1	-1	-1	-1	-1	1	-1	-1	-1	-1	-1	-1	-1	-1	-1	-1	-1	-1	-1	-1	-1	5	105	4	4	1	250	-1	0	-1	1	-1	-1	-1	-1	50	20301009	143	100
70501100	7	5	1	100	1	-1	2	100	1	雄狮逆鳞兽盔·慎	95	狮生逆鳞，力猛不可知。#r适合#G谨慎#W性格的珍兽穿着，穿齐全套可#G增加打怒技能的生效几率#W。#r#G可在苏州（248，184）云姗姗处使用珍兽装备相关功能。#W	1000	800	3	-1	-1	PetEquipHat1_8	珍兽面甲	1	1	-1	-1	718	718	-1	-1	1	-1	-1	-1	-1	-1	-1	-1	-1	-1	-1	-1	-1	-1	-1	-1	-1	-1	-1	-1	-1	-1	-1	-1	-1	-1	-1	-1	-1	-1	-1	-1	-1	-1	-1	1	-1	-1	-1	-1	-1	-1	1	-1	-1	-1	1	-1	-1	-1	-1	-1	-1	-1	-1	-1	-1	-1	1	105	4	4	1	250	-1	0	-1	1	-1	-1	-1	-1	25	20301009	50	100
70501101	7	5	1	101	1	-1	2	101	1	雄狮逆鳞兽盔·慎	95	狮生逆鳞，力猛不可知。#r适合#G谨慎#W性格的珍兽穿着，穿齐全套可#G增加打怒技能的生效几率#W。#r#G可在苏州（248，184）云姗姗处使用珍兽装备相关功能。#W	1000	800	3	-1	-1	PetEquipHat1_8	珍兽面甲	1	1	-1	-1	718	718	-1	-1	1	-1	-1	-1	-1	-1	-1	-1	-1	-1	-1	-1	-1	-1	-1	-1	-1	-1	-1	-1	-1	-1	-1	-1	-1	-1	-1	-1	-1	-1	-1	-1	-1	-1	-1	1	-1	-1	-1	-1	-1	-1	1	-1	-1	-1	1	-1	-1	-1	-1	-1	-1	-1	-1	-1	-1	-1	2	105	4	4	1	250	-1	0	-1	1	-1	-1	-1	-1	30	20301009	68	100
70501102	7	5	1	102	1	-1	2	102	1	雄狮逆鳞兽盔·慎	95	狮生逆鳞，力猛不可知。#r适合#G谨慎#W性格的珍兽穿着，穿齐全套可#G增加打怒技能的生效几率#W。#r#G可在苏州（248，184）云姗姗处使用珍兽装备相关功能。#W	1000	800	3	-1	-1	PetEquipHat1_8	珍兽面甲	1	1	-1	-1	718	718	-1	-1	1	-1	-1	-1	-1	-1	-1	-1	-1	-1	-1	-1	-1	-1	-1	-1	-1	-1	-1	-1	-1	-1	-1	-1	-1	-1	-1	-1	-1	-1	-1	-1	-1	-1	-1	1	-1	-1	-1	-1	-1	-1	1	-1	-1	-1	1	-1	-1	-1	-1	-1	-1	-1	-1	-1	-1	-1	3	105	4	4	1	250	-1	0	-1	1	-1	-1	-1	-1	35	20301009	90	100
70501103	7	5	1	103	1	-1	2	103	1	雄狮逆鳞兽盔·慎	95	狮生逆鳞，力猛不可知。#r适合#G谨慎#W性格的珍兽穿着，穿齐全套可#G增加打怒技能的生效几率#W。#r#G可在苏州（248，184）云姗姗处使用珍兽装备相关功能。#W	1000	800	3	-1	-1	PetEquipHat1_8	珍兽面甲	1	1	-1	-1	718	718	-1	-1	1	-1	-1	-1	-1	-1	-1	-1	-1	-1	-1	-1	-1	-1	-1	-1	-1	-1	-1	-1	-1	-1	-1	-1	-1	-1	-1	-1	-1	-1	-1	-1	-1	-1	-1	1	-1	-1	-1	-1	-1	-1	1	-1	-1	-1	1	-1	-1	-1	-1	-1	-1	-1	-1	-1	-1	-1	4	105	4	4	1	250	-1	0	-1	1	-1	-1	-1	-1	40	20301009	115	100
70501104	7	5	1	104	1	-1	2	104	1	雄狮逆鳞兽盔·慎	95	狮生逆鳞，力猛不可知。#r适合#G谨慎#W性格的珍兽穿着，穿齐全套可#G增加打怒技能的生效几率#W。#r#G可在苏州（248，184）云姗姗处使用珍兽装备相关功能。#W	1000	800	3	-1	-1	PetEquipHat1_8	珍兽面甲	1	1	-1	-1	718	718	-1	-1	1	-1	-1	-1	-1	-1	-1	-1	-1	-1	-1	-1	-1	-1	-1	-1	-1	-1	-1	-1	-1	-1	-1	-1	-1	-1	-1	-1	-1	-1	-1	-1	-1	-1	-1	1	-1	-1	-1	-1	-1	-1	1	-1	-1	-1	1	-1	-1	-1	-1	-1	-1	-1	-1	-1	-1	-1	5	105	4	4	1	250	-1	0	-1	1	-1	-1	-1	-1	50	20301009	143	100
70501105	7	5	1	105	1	-1	2	105	1	昆鹏异羽兽盔·怯	95	昆仑有鹏，异羽昭其灵。#r适合#G胆小#W性格的珍兽穿着，穿齐全套可#G增加烈火咒、玄雷咒、血毒咒、寒冰咒释放几率#W。#r#G可在苏州（248，184）云姗姗处使用珍兽装备相关功能。#W	1000	800	3	-1	-1	PetEquipHat1_7	珍兽面甲	1	1	-1	-1	718	718	-1	-1	-1	-1	-1	-1	-1	-1	-1	-1	-1	-1	-1	-1	-1	-1	-1	-1	-1	-1	-1	-1	-1	-1	-1	-1	-1	-1	1	-1	-1	-1	-1	-1	-1	-1	-1	1	-1	1	-1	-1	-1	-1	-1	1	-1	-1	-1	-1	-1	-1	-1	-1	-1	-1	-1	-1	-1	-1	1	105	4	4	1	250	-1	0	-1	-1	1	-1	-1	-1	25	20301009	50	100
70501106	7	5	1	106	1	-1	2	106	1	昆鹏异羽兽盔·怯	95	昆仑有鹏，异羽昭其灵。#r适合#G胆小#W性格的珍兽穿着，穿齐全套可#G增加烈火咒、玄雷咒、血毒咒、寒冰咒释放几率#W。#r#G可在苏州（248，184）云姗姗处使用珍兽装备相关功能。#W	1000	800	3	-1	-1	PetEquipHat1_7	珍兽面甲	1	1	-1	-1	718	718	-1	-1	-1	-1	-1	-1	-1	-1	-1	-1	-1	-1	-1	-1	-1	-1	-1	-1	-1	-1	-1	-1	-1	-1	-1	-1	-1	-1	1	-1	-1	-1	-1	-1	-1	-1	-1	1	-1	1	-1	-1	-1	-1	-1	1	-1	-1	-1	-1	-1	-1	-1	-1	-1	-1	-1	-1	-1	-1	2	105	4	4	1	250	-1	0	-1	-1	1	-1	-1	-1	30	20301009	68	100
70501107	7	5	1	107	1	-1	2	107	1	昆鹏异羽兽盔·怯	95	昆仑有鹏，异羽昭其灵。#r适合#G胆小#W性格的珍兽穿着，穿齐全套可#G增加烈火咒、玄雷咒、血毒咒、寒冰咒释放几率#W。#r#G可在苏州（248，184）云姗姗处使用珍兽装备相关功能。#W	1000	800	3	-1	-1	PetEquipHat1_7	珍兽面甲	1	1	-1	-1	718	718	-1	-1	-1	-1	-1	-1	-1	-1	-1	-1	-1	-1	-1	-1	-1	-1	-1	-1	-1	-1	-1	-1	-1	-1	-1	-1	-1	-1	1	-1	-1	-1	-1	-1	-1	-1	-1	1	-1	1	-1	-1	-1	-1	-1	1	-1	-1	-1	-1	-1	-1	-1	-1	-1	-1	-1	-1	-1	-1	3	105	4	4	1	250	-1	0	-1	-1	1	-1	-1	-1	35	20301009	90	100
70501108	7	5	1	108	1	-1	2	108	1	昆鹏异羽兽盔·怯	95	昆仑有鹏，异羽昭其灵。#r适合#G胆小#W性格的珍兽穿着，穿齐全套可#G增加烈火咒、玄雷咒、血毒咒、寒冰咒释放几率#W。#r#G可在苏州（248，184）云姗姗处使用珍兽装备相关功能。#W	1000	800	3	-1	-1	PetEquipHat1_7	珍兽面甲	1	1	-1	-1	718	718	-1	-1	-1	-1	-1	-1	-1	-1	-1	-1	-1	-1	-1	-1	-1	-1	-1	-1	-1	-1	-1	-1	-1	-1	-1	-1	-1	-1	1	-1	-1	-1	-1	-1	-1	-1	-1	1	-1	1	-1	-1	-1	-1	-1	1	-1	-1	-1	-1	-1	-1	-1	-1	-1	-1	-1	-1	-1	-1	4	105	4	4	1	250	-1	0	-1	-1	1	-1	-1	-1	40	20301009	115	100
70501109	7	5	1	109	1	-1	2	109	1	昆鹏异羽兽盔·怯	95	昆仑有鹏，异羽昭其灵。#r适合#G胆小#W性格的珍兽穿着，穿齐全套可#G增加烈火咒、玄雷咒、血毒咒、寒冰咒释放几率#W。#r#G可在苏州（248，184）云姗姗处使用珍兽装备相关功能。#W	1000	800	3	-1	-1	PetEquipHat1_7	珍兽面甲	1	1	-1	-1	718	718	-1	-1	-1	-1	-1	-1	-1	-1	-1	-1	-1	-1	-1	-1	-1	-1	-1	-1	-1	-1	-1	-1	-1	-1	-1	-1	-1	-1	1	-1	-1	-1	-1	-1	-1	-1	-1	1	-1	1	-1	-1	-1	-1	-1	1	-1	-1	-1	-1	-1	-1	-1	-1	-1	-1	-1	-1	-1	-1	5	105	4	4	1	250	-1	0	-1	-1	1	-1	-1	-1	50	20301009	143	100
70501110	7	5	1	110	1	-1	2	110	1	昆鹏异羽兽盔·狡	95	昆仑有鹏，异羽昭其灵。#r适合#G精明#W性格的珍兽穿着，穿齐全套可#G增加反击技能的生效几率#W。#r#G可在苏州（248，184）云姗姗处使用珍兽装备相关功能。#W	1000	800	3	-1	-1	PetEquipHat1_7	珍兽面甲	1	1	-1	-1	718	718	-1	-1	1	-1	-1	-1	-1	-1	-1	-1	-1	-1	-1	-1	-1	-1	-1	-1	-1	-1	-1	-1	-1	-1	-1	-1	-1	-1	1	-1	-1	-1	-1	-1	-1	-1	-1	1	-1	-1	-1	-1	-1	-1	-1	1	-1	-1	-1	-1	-1	-1	-1	-1	-1	-1	-1	-1	-1	-1	1	105	4	4	1	250	-1	0	-1	-1	1	-1	-1	-1	25	20301009	50	100
70501111	7	5	1	111	1	-1	2	111	1	昆鹏异羽兽盔·狡	95	昆仑有鹏，异羽昭其灵。#r适合#G精明#W性格的珍兽穿着，穿齐全套可#G增加反击技能的生效几率#W。#r#G可在苏州（248，184）云姗姗处使用珍兽装备相关功能。#W	1000	800	3	-1	-1	PetEquipHat1_7	珍兽面甲	1	1	-1	-1	718	718	-1	-1	1	-1	-1	-1	-1	-1	-1	-1	-1	-1	-1	-1	-1	-1	-1	-1	-1	-1	-1	-1	-1	-1	-1	-1	-1	-1	1	-1	-1	-1	-1	-1	-1	-1	-1	1	-1	-1	-1	-1	-1	-1	-1	1	-1	-1	-1	-1	-1	-1	-1	-1	-1	-1	-1	-1	-1	-1	2	105	4	4	1	250	-1	0	-1	-1	1	-1	-1	-1	30	20301009	68	100
70501112	7	5	1	112	1	-1	2	112	1	昆鹏异羽兽盔·狡	95	昆仑有鹏，异羽昭其灵。#r适合#G精明#W性格的珍兽穿着，穿齐全套可#G增加反击技能的生效几率#W。#r#G可在苏州（248，184）云姗姗处使用珍兽装备相关功能。#W	1000	800	3	-1	-1	PetEquipHat1_7	珍兽面甲	1	1	-1	-1	718	718	-1	-1	1	-1	-1	-1	-1	-1	-1	-1	-1	-1	-1	-1	-1	-1	-1	-1	-1	-1	-1	-1	-1	-1	-1	-1	-1	-1	1	-1	-1	-1	-1	-1	-1	-1	-1	1	-1	-1	-1	-1	-1	-1	-1	1	-1	-1	-1	-1	-1	-1	-1	-1	-1	-1	-1	-1	-1	-1	3	105	4	4	1	250	-1	0	-1	-1	1	-1	-1	-1	35	20301009	90	100
70501113	7	5	1	113	1	-1	2	113	1	昆鹏异羽兽盔·狡	95	昆仑有鹏，异羽昭其灵。#r适合#G精明#W性格的珍兽穿着，穿齐全套可#G增加反击技能的生效几率#W。#r#G可在苏州（248，184）云姗姗处使用珍兽装备相关功能。#W	1000	800	3	-1	-1	PetEquipHat1_7	珍兽面甲	1	1	-1	-1	718	718	-1	-1	1	-1	-1	-1	-1	-1	-1	-1	-1	-1	-1	-1	-1	-1	-1	-1	-1	-1	-1	-1	-1	-1	-1	-1	-1	-1	1	-1	-1	-1	-1	-1	-1	-1	-1	1	-1	-1	-1	-1	-1	-1	-1	1	-1	-1	-1	-1	-1	-1	-1	-1	-1	-1	-1	-1	-1	-1	4	105	4	4	1	250	-1	0	-1	-1	1	-1	-1	-1	40	20301009	115	100
70501114	7	5	1	114	1	-1	2	114	1	昆鹏异羽兽盔·狡	95	昆仑有鹏，异羽昭其灵。#r适合#G精明#W性格的珍兽穿着，穿齐全套可#G增加反击技能的生效几率#W。#r#G可在苏州（248，184）云姗姗处使用珍兽装备相关功能。#W	1000	800	3	-1	-1	PetEquipHat1_7	珍兽面甲	1	1	-1	-1	718	718	-1	-1	1	-1	-1	-1	-1	-1	-1	-1	-1	-1	-1	-1	-1	-1	-1	-1	-1	-1	-1	-1	-1	-1	-1	-1	-1	-1	1	-1	-1	-1	-1	-1	-1	-1	-1	1	-1	-1	-1	-1	-1	-1	-1	1	-1	-1	-1	-1	-1	-1	-1	-1	-1	-1	-1	-1	-1	-1	5	105	4	4	1	250	-1	0	-1	-1	1	-1	-1	-1	50	20301009	143	100
70501115	7	5	1	115	1	-1	2	115	1	昆鹏异羽兽盔·慎	95	昆仑有鹏，异羽昭其灵。#r适合#G谨慎#W性格的珍兽穿着，穿齐全套可#G增加打怒技能的生效几率#W。#r#G可在苏州（248，184）云姗姗处使用珍兽装备相关功能。#W	1000	800	3	-1	-1	PetEquipHat1_7	珍兽面甲	1	1	-1	-1	718	718	-1	-1	1	-1	-1	-1	-1	-1	-1	-1	-1	-1	-1	-1	-1	-1	-1	-1	-1	-1	-1	-1	-1	-1	-1	-1	-1	-1	-1	-1	-1	-1	-1	-1	-1	-1	-1	1	-1	-1	-1	-1	-1	-1	-1	1	-1	-1	1	-1	-1	-1	-1	-1	-1	-1	-1	-1	-1	-1	1	105	4	4	1	250	-1	0	-1	-1	1	-1	-1	-1	25	20301009	50	100
70501116	7	5	1	116	1	-1	2	116	1	昆鹏异羽兽盔·慎	95	昆仑有鹏，异羽昭其灵。#r适合#G谨慎#W性格的珍兽穿着，穿齐全套可#G增加打怒技能的生效几率#W。#r#G可在苏州（248，184）云姗姗处使用珍兽装备相关功能。#W	1000	800	3	-1	-1	PetEquipHat1_7	珍兽面甲	1	1	-1	-1	718	718	-1	-1	1	-1	-1	-1	-1	-1	-1	-1	-1	-1	-1	-1	-1	-1	-1	-1	-1	-1	-1	-1	-1	-1	-1	-1	-1	-1	-1	-1	-1	-1	-1	-1	-1	-1	-1	1	-1	-1	-1	-1	-1	-1	-1	1	-1	-1	1	-1	-1	-1	-1	-1	-1	-1	-1	-1	-1	-1	2	105	4	4	1	250	-1	0	-1	-1	1	-1	-1	-1	30	20301009	68	100
70501117	7	5	1	117	1	-1	2	117	1	昆鹏异羽兽盔·慎	95	昆仑有鹏，异羽昭其灵。#r适合#G谨慎#W性格的珍兽穿着，穿齐全套可#G增加打怒技能的生效几率#W。#r#G可在苏州（248，184）云姗姗处使用珍兽装备相关功能。#W	1000	800	3	-1	-1	PetEquipHat1_7	珍兽面甲	1	1	-1	-1	718	718	-1	-1	1	-1	-1	-1	-1	-1	-1	-1	-1	-1	-1	-1	-1	-1	-1	-1	-1	-1	-1	-1	-1	-1	-1	-1	-1	-1	-1	-1	-1	-1	-1	-1	-1	-1	-1	1	-1	-1	-1	-1	-1	-1	-1	1	-1	-1	1	-1	-1	-1	-1	-1	-1	-1	-1	-1	-1	-1	3	105	4	4	1	250	-1	0	-1	-1	1	-1	-1	-1	35	20301009	90	100
70501118	7	5	1	118	1	-1	2	118	1	昆鹏异羽兽盔·慎	95	昆仑有鹏，异羽昭其灵。#r适合#G谨慎#W性格的珍兽穿着，穿齐全套可#G增加打怒技能的生效几率#W。#r#G可在苏州（248，184）云姗姗处使用珍兽装备相关功能。#W	1000	800	3	-1	-1	PetEquipHat1_7	珍兽面甲	1	1	-1	-1	718	718	-1	-1	1	-1	-1	-1	-1	-1	-1	-1	-1	-1	-1	-1	-1	-1	-1	-1	-1	-1	-1	-1	-1	-1	-1	-1	-1	-1	-1	-1	-1	-1	-1	-1	-1	-1	-1	1	-1	-1	-1	-1	-1	-1	-1	1	-1	-1	1	-1	-1	-1	-1	-1	-1	-1	-1	-1	-1	-1	4	105	4	4	1	250	-1	0	-1	-1	1	-1	-1	-1	40	20301009	115	100
70501119	7	5	1	119	1	-1	2	119	1	昆鹏异羽兽盔·慎	95	昆仑有鹏，异羽昭其灵。#r适合#G谨慎#W性格的珍兽穿着，穿齐全套可#G增加打怒技能的生效几率#W。#r#G可在苏州（248，184）云姗姗处使用珍兽装备相关功能。#W	1000	800	3	-1	-1	PetEquipHat1_7	珍兽面甲	1	1	-1	-1	718	718	-1	-1	1	-1	-1	-1	-1	-1	-1	-1	-1	-1	-1	-1	-1	-1	-1	-1	-1	-1	-1	-1	-1	-1	-1	-1	-1	-1	-1	-1	-1	-1	-1	-1	-1	-1	-1	1	-1	-1	-1	-1	-1	-1	-1	1	-1	-1	1	-1	-1	-1	-1	-1	-1	-1	-1	-1	-1	-1	5	105	4	4	1	250	-1	0	-1	-1	1	-1	-1	-1	50	20301009	143	100
70501120	7	5	1	120	1	-1	2	120	1	玄龟奇血兽盔·忠	95	龟背色玄，有奇血暗涌。#r适合#G忠诚#W性格的珍兽穿着，穿齐全套可#G增加灵气技能的生效几率#W。#r#G可在苏州（248，184）云姗姗处使用珍兽装备相关功能。#W	1000	800	3	-1	-1	PetEquipHat1_12	珍兽面甲	1	1	-1	-1	718	718	-1	-1	-1	-1	-1	-1	-1	-1	-1	-1	-1	-1	-1	-1	-1	-1	-1	-1	-1	-1	-1	-1	-1	-1	1	-1	-1	-1	-1	-1	-1	1	-1	-1	-1	-1	-1	-1	1	-1	-1	-1	-1	-1	-1	-1	1	-1	-1	-1	-1	-1	-1	-1	-1	-1	-1	-1	-1	-1	1	105	4	4	1	250	-1	0	-1	-1	-1	1	-1	-1	25	20301009	50	100
70501121	7	5	1	121	1	-1	2	121	1	玄龟奇血兽盔·忠	95	龟背色玄，有奇血暗涌。#r适合#G忠诚#W性格的珍兽穿着，穿齐全套可#G增加灵气技能的生效几率#W。#r#G可在苏州（248，184）云姗姗处使用珍兽装备相关功能。#W	1000	800	3	-1	-1	PetEquipHat1_12	珍兽面甲	1	1	-1	-1	718	718	-1	-1	-1	-1	-1	-1	-1	-1	-1	-1	-1	-1	-1	-1	-1	-1	-1	-1	-1	-1	-1	-1	-1	-1	1	-1	-1	-1	-1	-1	-1	1	-1	-1	-1	-1	-1	-1	1	-1	-1	-1	-1	-1	-1	-1	1	-1	-1	-1	-1	-1	-1	-1	-1	-1	-1	-1	-1	-1	2	105	4	4	1	250	-1	0	-1	-1	-1	1	-1	-1	30	20301009	68	100
70501122	7	5	1	122	1	-1	2	122	1	玄龟奇血兽盔·忠	95	龟背色玄，有奇血暗涌。#r适合#G忠诚#W性格的珍兽穿着，穿齐全套可#G增加灵气技能的生效几率#W。#r#G可在苏州（248，184）云姗姗处使用珍兽装备相关功能。#W	1000	800	3	-1	-1	PetEquipHat1_12	珍兽面甲	1	1	-1	-1	718	718	-1	-1	-1	-1	-1	-1	-1	-1	-1	-1	-1	-1	-1	-1	-1	-1	-1	-1	-1	-1	-1	-1	-1	-1	1	-1	-1	-1	-1	-1	-1	1	-1	-1	-1	-1	-1	-1	1	-1	-1	-1	-1	-1	-1	-1	1	-1	-1	-1	-1	-1	-1	-1	-1	-1	-1	-1	-1	-1	3	105	4	4	1	250	-1	0	-1	-1	-1	1	-1	-1	35	20301009	90	100
70501123	7	5	1	123	1	-1	2	123	1	玄龟奇血兽盔·忠	95	龟背色玄，有奇血暗涌。#r适合#G忠诚#W性格的珍兽穿着，穿齐全套可#G增加灵气技能的生效几率#W。#r#G可在苏州（248，184）云姗姗处使用珍兽装备相关功能。#W	1000	800	3	-1	-1	PetEquipHat1_12	珍兽面甲	1	1	-1	-1	718	718	-1	-1	-1	-1	-1	-1	-1	-1	-1	-1	-1	-1	-1	-1	-1	-1	-1	-1	-1	-1	-1	-1	-1	-1	1	-1	-1	-1	-1	-1	-1	1	-1	-1	-1	-1	-1	-1	1	-1	-1	-1	-1	-1	-1	-1	1	-1	-1	-1	-1	-1	-1	-1	-1	-1	-1	-1	-1	-1	4	105	4	4	1	250	-1	0	-1	-1	-1	1	-1	-1	40	20301009	115	100
70501124	7	5	1	124	1	-1	2	124	1	玄龟奇血兽盔·忠	95	龟背色玄，有奇血暗涌。#r适合#G忠诚#W性格的珍兽穿着，穿齐全套可#G增加灵气技能的生效几率#W。#r#G可在苏州（248，184）云姗姗处使用珍兽装备相关功能。#W	1000	800	3	-1	-1	PetEquipHat1_12	珍兽面甲	1	1	-1	-1	718	718	-1	-1	-1	-1	-1	-1	-1	-1	-1	-1	-1	-1	-1	-1	-1	-1	-1	-1	-1	-1	-1	-1	-1	-1	1	-1	-1	-1	-1	-1	-1	1	-1	-1	-1	-1	-1	-1	1	-1	-1	-1	-1	-1	-1	-1	1	-1	-1	-1	-1	-1	-1	-1	-1	-1	-1	-1	-1	-1	5	105	4	4	1	250	-1	0	-1	-1	-1	1	-1	-1	50	20301009	143	100
70501125	7	5	1	125	1	-1	2	125	1	玄龟奇血兽盔·慎	95	龟背色玄，有奇血暗涌。#r适合#G谨慎#W性格的珍兽穿着，穿齐全套可#G增加打怒技能的生效几率#W。#r#G可在苏州（248，184）云姗姗处使用珍兽装备相关功能。#W	1000	800	3	-1	-1	PetEquipHat1_12	珍兽面甲	1	1	-1	-1	718	718	-1	-1	1	-1	-1	-1	-1	-1	-1	-1	-1	-1	-1	-1	-1	-1	-1	-1	-1	-1	-1	-1	-1	-1	-1	-1	-1	-1	-1	-1	-1	-1	-1	-1	-1	-1	-1	1	1	-1	-1	-1	-1	-1	-1	-1	-1	-1	1	-1	-1	-1	-1	-1	-1	-1	-1	-1	-1	-1	1	105	4	4	1	250	-1	0	-1	-1	-1	1	-1	-1	25	20301009	50	100
70501126	7	5	1	126	1	-1	2	126	1	玄龟奇血兽盔·慎	95	龟背色玄，有奇血暗涌。#r适合#G谨慎#W性格的珍兽穿着，穿齐全套可#G增加打怒技能的生效几率#W。#r#G可在苏州（248，184）云姗姗处使用珍兽装备相关功能。#W	1000	800	3	-1	-1	PetEquipHat1_12	珍兽面甲	1	1	-1	-1	718	718	-1	-1	1	-1	-1	-1	-1	-1	-1	-1	-1	-1	-1	-1	-1	-1	-1	-1	-1	-1	-1	-1	-1	-1	-1	-1	-1	-1	-1	-1	-1	-1	-1	-1	-1	-1	-1	1	1	-1	-1	-1	-1	-1	-1	-1	-1	-1	1	-1	-1	-1	-1	-1	-1	-1	-1	-1	-1	-1	2	105	4	4	1	250	-1	0	-1	-1	-1	1	-1	-1	30	20301009	68	100
70501127	7	5	1	127	1	-1	2	127	1	玄龟奇血兽盔·慎	95	龟背色玄，有奇血暗涌。#r适合#G谨慎#W性格的珍兽穿着，穿齐全套可#G增加打怒技能的生效几率#W。#r#G可在苏州（248，184）云姗姗处使用珍兽装备相关功能。#W	1000	800	3	-1	-1	PetEquipHat1_12	珍兽面甲	1	1	-1	-1	718	718	-1	-1	1	-1	-1	-1	-1	-1	-1	-1	-1	-1	-1	-1	-1	-1	-1	-1	-1	-1	-1	-1	-1	-1	-1	-1	-1	-1	-1	-1	-1	-1	-1	-1	-1	-1	-1	1	1	-1	-1	-1	-1	-1	-1	-1	-1	-1	1	-1	-1	-1	-1	-1	-1	-1	-1	-1	-1	-1	3	105	4	4	1	250	-1	0	-1	-1	-1	1	-1	-1	35	20301009	90	100
70501128	7	5	1	128	1	-1	2	128	1	玄龟奇血兽盔·慎	95	龟背色玄，有奇血暗涌。#r适合#G谨慎#W性格的珍兽穿着，穿齐全套可#G增加打怒技能的生效几率#W。#r#G可在苏州（248，184）云姗姗处使用珍兽装备相关功能。#W	1000	800	3	-1	-1	PetEquipHat1_12	珍兽面甲	1	1	-1	-1	718	718	-1	-1	1	-1	-1	-1	-1	-1	-1	-1	-1	-1	-1	-1	-1	-1	-1	-1	-1	-1	-1	-1	-1	-1	-1	-1	-1	-1	-1	-1	-1	-1	-1	-1	-1	-1	-1	1	1	-1	-1	-1	-1	-1	-1	-1	-1	-1	1	-1	-1	-1	-1	-1	-1	-1	-1	-1	-1	-1	4	105	4	4	1	250	-1	0	-1	-1	-1	1	-1	-1	40	20301009	115	100
70501129	7	5	1	129	1	-1	2	129	1	玄龟奇血兽盔·慎	95	龟背色玄，有奇血暗涌。#r适合#G谨慎#W性格的珍兽穿着，穿齐全套可#G增加打怒技能的生效几率#W。#r#G可在苏州（248，184）云姗姗处使用珍兽装备相关功能。#W	1000	800	3	-1	-1	PetEquipHat1_12	珍兽面甲	1	1	-1	-1	718	718	-1	-1	1	-1	-1	-1	-1	-1	-1	-1	-1	-1	-1	-1	-1	-1	-1	-1	-1	-1	-1	-1	-1	-1	-1	-1	-1	-1	-1	-1	-1	-1	-1	-1	-1	-1	-1	1	1	-1	-1	-1	-1	-1	-1	-1	-1	-1	1	-1	-1	-1	-1	-1	-1	-1	-1	-1	-1	-1	5	105	4	4	1	250	-1	0	-1	-1	-1	1	-1	-1	50	20301009	143	100
70501130	7	5	1	130	1	-1	2	130	1	墨豹惊步兽盔·慎	95	豹身如墨，步速无不惊。#r适合#G谨慎#W性格的珍兽穿着，穿齐全套可#G增加打怒技能的生效几率#W。#r#G可在苏州（248，184）云姗姗处使用珍兽装备相关功能。#W	1000	800	3	-1	-1	PetEquipHat1_11	珍兽面甲	1	1	-1	-1	718	718	-1	-1	1	-1	-1	-1	-1	-1	-1	-1	-1	-1	-1	-1	-1	-1	-1	-1	-1	-1	-1	-1	-1	-1	-1	-1	-1	-1	-1	-1	-1	-1	-1	-1	-1	-1	-1	1	1	-1	-1	-1	-1	-1	-1	-1	-1	-1	1	-1	-1	-1	-1	-1	-1	-1	-1	-1	-1	-1	1	105	4	4	1	250	-1	0	-1	-1	-1	-1	-1	1	25	20301009	50	100
70501131	7	5	1	131	1	-1	2	131	1	墨豹惊步兽盔·慎	95	豹身如墨，步速无不惊。#r适合#G谨慎#W性格的珍兽穿着，穿齐全套可#G增加打怒技能的生效几率#W。#r#G可在苏州（248，184）云姗姗处使用珍兽装备相关功能。#W	1000	800	3	-1	-1	PetEquipHat1_11	珍兽面甲	1	1	-1	-1	718	718	-1	-1	1	-1	-1	-1	-1	-1	-1	-1	-1	-1	-1	-1	-1	-1	-1	-1	-1	-1	-1	-1	-1	-1	-1	-1	-1	-1	-1	-1	-1	-1	-1	-1	-1	-1	-1	1	1	-1	-1	-1	-1	-1	-1	-1	-1	-1	1	-1	-1	-1	-1	-1	-1	-1	-1	-1	-1	-1	2	105	4	4	1	250	-1	0	-1	-1	-1	-1	-1	1	30	20301009	68	100
70501132	7	5	1	132	1	-1	2	132	1	墨豹惊步兽盔·慎	95	豹身如墨，步速无不惊。#r适合#G谨慎#W性格的珍兽穿着，穿齐全套可#G增加打怒技能的生效几率#W。#r#G可在苏州（248，184）云姗姗处使用珍兽装备相关功能。#W	1000	800	3	-1	-1	PetEquipHat1_11	珍兽面甲	1	1	-1	-1	718	718	-1	-1	1	-1	-1	-1	-1	-1	-1	-1	-1	-1	-1	-1	-1	-1	-1	-1	-1	-1	-1	-1	-1	-1	-1	-1	-1	-1	-1	-1	-1	-1	-1	-1	-1	-1	-1	1	1	-1	-1	-1	-1	-1	-1	-1	-1	-1	1	-1	-1	-1	-1	-1	-1	-1	-1	-1	-1	-1	3	105	4	4	1	250	-1	0	-1	-1	-1	-1	-1	1	35	20301009	90	100
70501133	7	5	1	133	1	-1	2	133	1	墨豹惊步兽盔·慎	95	豹身如墨，步速无不惊。#r适合#G谨慎#W性格的珍兽穿着，穿齐全套可#G增加打怒技能的生效几率#W。#r#G可在苏州（248，184）云姗姗处使用珍兽装备相关功能。#W	1000	800	3	-1	-1	PetEquipHat1_11	珍兽面甲	1	1	-1	-1	718	718	-1	-1	1	-1	-1	-1	-1	-1	-1	-1	-1	-1	-1	-1	-1	-1	-1	-1	-1	-1	-1	-1	-1	-1	-1	-1	-1	-1	-1	-1	-1	-1	-1	-1	-1	-1	-1	1	1	-1	-1	-1	-1	-1	-1	-1	-1	-1	1	-1	-1	-1	-1	-1	-1	-1	-1	-1	-1	-1	4	105	4	4	1	250	-1	0	-1	-1	-1	-1	-1	1	40	20301009	115	100
70501134	7	5	1	134	1	-1	2	134	1	墨豹惊步兽盔·慎	95	豹身如墨，步速无不惊。#r适合#G谨慎#W性格的珍兽穿着，穿齐全套可#G增加打怒技能的生效几率#W。#r#G可在苏州（248，184）云姗姗处使用珍兽装备相关功能。#W	1000	800	3	-1	-1	PetEquipHat1_11	珍兽面甲	1	1	-1	-1	718	718	-1	-1	1	-1	-1	-1	-1	-1	-1	-1	-1	-1	-1	-1	-1	-1	-1	-1	-1	-1	-1	-1	-1	-1	-1	-1	-1	-1	-1	-1	-1	-1	-1	-1	-1	-1	-1	1	1	-1	-1	-1	-1	-1	-1	-1	-1	-1	1	-1	-1	-1	-1	-1	-1	-1	-1	-1	-1	-1	5	105	4	4	1	250	-1	0	-1	-1	-1	-1	-1	1	50	20301009	143	100
70502000	7	5	2	0	2	-1	2	0	2	苍狼啸月兽甲·勇	75	苍狼啸月，加其力也。#r适合#G勇猛#W性格的珍兽穿着，穿齐全套可#G增加猛击技能的伤害#W。#r#G可在苏州（248，184）云姗姗处使用珍兽装备相关功能。#W	1000	800	3	-1	-1	PetEquipCloth1_13	珍兽体甲	1	1	-1	-1	580	580	-1	-1	-1	-1	-1	-1	-1	-1	-1	-1	-1	-1	-1	-1	-1	-1	-1	-1	-1	-1	-1	1	-1	-1	-1	-1	-1	-1	-1	-1	-1	-1	-1	-1	-1	-1	-1	-1	-1	1	-1	-1	-1	-1	-1	-1	-1	-1	-1	-1	-1	-1	-1	-1	-1	-1	-1	-1	-1	-1	1	85	2	2	1	250	-1	0	-1	1	-1	-1	-1	-1	50	20301009	1	80
70502001	7	5	2	1	2	-1	2	1	2	苍狼啸月兽甲·勇	75	苍狼啸月，加其力也。#r适合#G勇猛#W性格的珍兽穿着，穿齐全套可#G增加猛击技能的伤害#W。#r#G可在苏州（248，184）云姗姗处使用珍兽装备相关功能。#W	1000	800	3	-1	-1	PetEquipCloth1_13	珍兽体甲	1	1	-1	-1	580	580	-1	-1	-1	-1	-1	-1	-1	-1	-1	-1	-1	-1	-1	-1	-1	-1	-1	-1	-1	-1	-1	1	-1	-1	-1	-1	-1	-1	-1	-1	-1	-1	-1	-1	-1	-1	-1	-1	-1	1	-1	-1	-1	-1	-1	-1	-1	-1	-1	-1	-1	-1	-1	-1	-1	-1	-1	-1	-1	-1	2	85	2	2	1	250	-1	0	-1	1	-1	-1	-1	-1	60	20301009	3	100
70502002	7	5	2	2	2	-1	2	2	2	苍狼啸月兽甲·勇	75	苍狼啸月，加其力也。#r适合#G勇猛#W性格的珍兽穿着，穿齐全套可#G增加猛击技能的伤害#W。#r#G可在苏州（248，184）云姗姗处使用珍兽装备相关功能。#W	1000	800	3	-1	-1	PetEquipCloth1_13	珍兽体甲	1	1	-1	-1	580	580	-1	-1	-1	-1	-1	-1	-1	-1	-1	-1	-1	-1	-1	-1	-1	-1	-1	-1	-1	-1	-1	1	-1	-1	-1	-1	-1	-1	-1	-1	-1	-1	-1	-1	-1	-1	-1	-1	-1	1	-1	-1	-1	-1	-1	-1	-1	-1	-1	-1	-1	-1	-1	-1	-1	-1	-1	-1	-1	-1	3	85	2	2	1	250	-1	0	-1	1	-1	-1	-1	-1	70	20301009	7	100
70502003	7	5	2	3	2	-1	2	3	2	苍狼啸月兽甲·勇	75	苍狼啸月，加其力也。#r适合#G勇猛#W性格的珍兽穿着，穿齐全套可#G增加猛击技能的伤害#W。#r#G可在苏州（248，184）云姗姗处使用珍兽装备相关功能。#W	1000	800	3	-1	-1	PetEquipCloth1_13	珍兽体甲	1	1	-1	-1	580	580	-1	-1	-1	-1	-1	-1	-1	-1	-1	-1	-1	-1	-1	-1	-1	-1	-1	-1	-1	-1	-1	1	-1	-1	-1	-1	-1	-1	-1	-1	-1	-1	-1	-1	-1	-1	-1	-1	-1	1	-1	-1	-1	-1	-1	-1	-1	-1	-1	-1	-1	-1	-1	-1	-1	-1	-1	-1	-1	-1	4	85	2	2	1	250	-1	0	-1	1	-1	-1	-1	-1	80	20301009	12	100
70502004	7	5	2	4	2	-1	2	4	2	苍狼啸月兽甲·勇	75	苍狼啸月，加其力也。#r适合#G勇猛#W性格的珍兽穿着，穿齐全套可#G增加猛击技能的伤害#W。#r#G可在苏州（248，184）云姗姗处使用珍兽装备相关功能。#W	1000	800	3	-1	-1	PetEquipCloth1_13	珍兽体甲	1	1	-1	-1	580	580	-1	-1	-1	-1	-1	-1	-1	-1	-1	-1	-1	-1	-1	-1	-1	-1	-1	-1	-1	-1	-1	1	-1	-1	-1	-1	-1	-1	-1	-1	-1	-1	-1	-1	-1	-1	-1	-1	-1	1	-1	-1	-1	-1	-1	-1	-1	-1	-1	-1	-1	-1	-1	-1	-1	-1	-1	-1	-1	-1	5	85	2	2	1	250	-1	0	-1	1	-1	-1	-1	-1	100	20301009	20	100
70502005	7	5	2	5	2	-1	2	5	2	苍狼啸月兽甲·狡	75	苍狼啸月，加其力也。#r适合#G精明#W性格的珍兽穿着，穿齐全套可#G增加摔绊技能的生效几率#W。#r#G可在苏州（248，184）云姗姗处使用珍兽装备相关功能。#W	1000	800	3	-1	-1	PetEquipCloth1_13	珍兽体甲	1	1	-1	-1	580	580	-1	-1	-1	-1	-1	-1	-1	-1	-1	-1	-1	-1	-1	-1	-1	-1	-1	-1	-1	-1	-1	1	-1	-1	-1	-1	-1	-1	-1	-1	-1	-1	-1	-1	-1	-1	-1	1	-1	-1	-1	-1	-1	-1	-1	-1	-1	-1	-1	-1	-1	-1	-1	-1	-1	-1	-1	-1	-1	-1	1	85	2	2	1	250	-1	0	-1	1	-1	-1	-1	-1	50	20301009	1	80
70502006	7	5	2	6	2	-1	2	6	2	苍狼啸月兽甲·狡	75	苍狼啸月，加其力也。#r适合#G精明#W性格的珍兽穿着，穿齐全套可#G增加摔绊技能的生效几率#W。#r#G可在苏州（248，184）云姗姗处使用珍兽装备相关功能。#W	1000	800	3	-1	-1	PetEquipCloth1_13	珍兽体甲	1	1	-1	-1	580	580	-1	-1	-1	-1	-1	-1	-1	-1	-1	-1	-1	-1	-1	-1	-1	-1	-1	-1	-1	-1	-1	1	-1	-1	-1	-1	-1	-1	-1	-1	-1	-1	-1	-1	-1	-1	-1	1	-1	-1	-1	-1	-1	-1	-1	-1	-1	-1	-1	-1	-1	-1	-1	-1	-1	-1	-1	-1	-1	-1	2	85	2	2	1	250	-1	0	-1	1	-1	-1	-1	-1	60	20301009	3	100
70502007	7	5	2	7	2	-1	2	7	2	苍狼啸月兽甲·狡	75	苍狼啸月，加其力也。#r适合#G精明#W性格的珍兽穿着，穿齐全套可#G增加摔绊技能的生效几率#W。#r#G可在苏州（248，184）云姗姗处使用珍兽装备相关功能。#W	1000	800	3	-1	-1	PetEquipCloth1_13	珍兽体甲	1	1	-1	-1	580	580	-1	-1	-1	-1	-1	-1	-1	-1	-1	-1	-1	-1	-1	-1	-1	-1	-1	-1	-1	-1	-1	1	-1	-1	-1	-1	-1	-1	-1	-1	-1	-1	-1	-1	-1	-1	-1	1	-1	-1	-1	-1	-1	-1	-1	-1	-1	-1	-1	-1	-1	-1	-1	-1	-1	-1	-1	-1	-1	-1	3	85	2	2	1	250	-1	0	-1	1	-1	-1	-1	-1	70	20301009	7	100
70502008	7	5	2	8	2	-1	2	8	2	苍狼啸月兽甲·狡	75	苍狼啸月，加其力也。#r适合#G精明#W性格的珍兽穿着，穿齐全套可#G增加摔绊技能的生效几率#W。#r#G可在苏州（248，184）云姗姗处使用珍兽装备相关功能。#W	1000	800	3	-1	-1	PetEquipCloth1_13	珍兽体甲	1	1	-1	-1	580	580	-1	-1	-1	-1	-1	-1	-1	-1	-1	-1	-1	-1	-1	-1	-1	-1	-1	-1	-1	-1	-1	1	-1	-1	-1	-1	-1	-1	-1	-1	-1	-1	-1	-1	-1	-1	-1	1	-1	-1	-1	-1	-1	-1	-1	-1	-1	-1	-1	-1	-1	-1	-1	-1	-1	-1	-1	-1	-1	-1	4	85	2	2	1	250	-1	0	-1	1	-1	-1	-1	-1	80	20301009	12	100
70502009	7	5	2	9	2	-1	2	9	2	苍狼啸月兽甲·狡	75	苍狼啸月，加其力也。#r适合#G精明#W性格的珍兽穿着，穿齐全套可#G增加摔绊技能的生效几率#W。#r#G可在苏州（248，184）云姗姗处使用珍兽装备相关功能。#W	1000	800	3	-1	-1	PetEquipCloth1_13	珍兽体甲	1	1	-1	-1	580	580	-1	-1	-1	-1	-1	-1	-1	-1	-1	-1	-1	-1	-1	-1	-1	-1	-1	-1	-1	-1	-1	1	-1	-1	-1	-1	-1	-1	-1	-1	-1	-1	-1	-1	-1	-1	-1	1	-1	-1	-1	-1	-1	-1	-1	-1	-1	-1	-1	-1	-1	-1	-1	-1	-1	-1	-1	-1	-1	-1	5	85	2	2	1	250	-1	0	-1	1	-1	-1	-1	-1	100	20301009	20	100
70502010	7	5	2	10	2	-1	2	10	2	苍狼啸月兽甲·慎	75	苍狼啸月，加其力也。#r适合#G谨慎#W性格的珍兽穿着，穿齐全套可#G增加虚弱技能的生效几率#W。#r#G可在苏州（248，184）云姗姗处使用珍兽装备相关功能。#W	1000	800	3	-1	-1	PetEquipCloth1_13	珍兽体甲	1	1	-1	-1	580	580	-1	-1	1	-1	-1	-1	-1	-1	-1	-1	-1	-1	-1	-1	-1	-1	-1	-1	-1	-1	-1	-1	-1	-1	-1	-1	-1	-1	-1	-1	-1	-1	-1	-1	-1	-1	-1	1	-1	-1	-1	-1	-1	-1	-1	-1	-1	-1	-1	-1	-1	-1	-1	-1	-1	-1	-1	-1	-1	-1	1	85	2	2	1	250	-1	0	-1	1	-1	-1	-1	-1	50	20301009	1	80
70502011	7	5	2	11	2	-1	2	11	2	苍狼啸月兽甲·慎	75	苍狼啸月，加其力也。#r适合#G谨慎#W性格的珍兽穿着，穿齐全套可#G增加虚弱技能的生效几率#W。#r#G可在苏州（248，184）云姗姗处使用珍兽装备相关功能。#W	1000	800	3	-1	-1	PetEquipCloth1_13	珍兽体甲	1	1	-1	-1	580	580	-1	-1	1	-1	-1	-1	-1	-1	-1	-1	-1	-1	-1	-1	-1	-1	-1	-1	-1	-1	-1	-1	-1	-1	-1	-1	-1	-1	-1	-1	-1	-1	-1	-1	-1	-1	-1	1	-1	-1	-1	-1	-1	-1	-1	-1	-1	-1	-1	-1	-1	-1	-1	-1	-1	-1	-1	-1	-1	-1	2	85	2	2	1	250	-1	0	-1	1	-1	-1	-1	-1	60	20301009	3	100
70502012	7	5	2	12	2	-1	2	12	2	苍狼啸月兽甲·慎	75	苍狼啸月，加其力也。#r适合#G谨慎#W性格的珍兽穿着，穿齐全套可#G增加虚弱技能的生效几率#W。#r#G可在苏州（248，184）云姗姗处使用珍兽装备相关功能。#W	1000	800	3	-1	-1	PetEquipCloth1_13	珍兽体甲	1	1	-1	-1	580	580	-1	-1	1	-1	-1	-1	-1	-1	-1	-1	-1	-1	-1	-1	-1	-1	-1	-1	-1	-1	-1	-1	-1	-1	-1	-1	-1	-1	-1	-1	-1	-1	-1	-1	-1	-1	-1	1	-1	-1	-1	-1	-1	-1	-1	-1	-1	-1	-1	-1	-1	-1	-1	-1	-1	-1	-1	-1	-1	-1	3	85	2	2	1	250	-1	0	-1	1	-1	-1	-1	-1	70	20301009	7	100
70502013	7	5	2	13	2	-1	2	13	2	苍狼啸月兽甲·慎	75	苍狼啸月，加其力也。#r适合#G谨慎#W性格的珍兽穿着，穿齐全套可#G增加虚弱技能的生效几率#W。#r#G可在苏州（248，184）云姗姗处使用珍兽装备相关功能。#W	1000	800	3	-1	-1	PetEquipCloth1_13	珍兽体甲	1	1	-1	-1	580	580	-1	-1	1	-1	-1	-1	-1	-1	-1	-1	-1	-1	-1	-1	-1	-1	-1	-1	-1	-1	-1	-1	-1	-1	-1	-1	-1	-1	-1	-1	-1	-1	-1	-1	-1	-1	-1	1	-1	-1	-1	-1	-1	-1	-1	-1	-1	-1	-1	-1	-1	-1	-1	-1	-1	-1	-1	-1	-1	-1	4	85	2	2	1	250	-1	0	-1	1	-1	-1	-1	-1	80	20301009	12	100
70502014	7	5	2	14	2	-1	2	14	2	苍狼啸月兽甲·慎	75	苍狼啸月，加其力也。#r适合#G谨慎#W性格的珍兽穿着，穿齐全套可#G增加虚弱技能的生效几率#W。#r#G可在苏州（248，184）云姗姗处使用珍兽装备相关功能。#W	1000	800	3	-1	-1	PetEquipCloth1_13	珍兽体甲	1	1	-1	-1	580	580	-1	-1	1	-1	-1	-1	-1	-1	-1	-1	-1	-1	-1	-1	-1	-1	-1	-1	-1	-1	-1	-1	-1	-1	-1	-1	-1	-1	-1	-1	-1	-1	-1	-1	-1	-1	-1	1	-1	-1	-1	-1	-1	-1	-1	-1	-1	-1	-1	-1	-1	-1	-1	-1	-1	-1	-1	-1	-1	-1	5	85	2	2	1	250	-1	0	-1	1	-1	-1	-1	-1	100	20301009	20	100
70502015	7	5	2	15	2	-1	2	15	2	黄雀戏水兽甲·怯	75	黄雀戏水，显其灵也。#r适合#G胆小#W性格的珍兽穿着，穿齐全套可#G增加烈火咒、玄雷咒、血毒咒、寒冰咒伤害#W。#r#G可在苏州（248，184）云姗姗处使用珍兽装备相关功能。#W	1000	800	3	-1	-1	PetEquipCloth1_2	珍兽体甲	1	1	-1	-1	580	580	-1	-1	-1	-1	-1	-1	-1	-1	-1	-1	-1	-1	-1	-1	-1	-1	-1	-1	-1	-1	-1	-1	-1	-1	-1	-1	-1	-1	1	-1	-1	-1	-1	-1	-1	-1	-1	-1	-1	1	-1	-1	-1	-1	-1	-1	-1	-1	-1	-1	-1	-1	-1	-1	-1	-1	-1	-1	-1	-1	1	85	2	2	1	250	-1	0	-1	-1	1	-1	-1	-1	50	20301009	1	80
70502016	7	5	2	16	2	-1	2	16	2	黄雀戏水兽甲·怯	75	黄雀戏水，显其灵也。#r适合#G胆小#W性格的珍兽穿着，穿齐全套可#G增加烈火咒、玄雷咒、血毒咒、寒冰咒伤害#W。#r#G可在苏州（248，184）云姗姗处使用珍兽装备相关功能。#W	1000	800	3	-1	-1	PetEquipCloth1_2	珍兽体甲	1	1	-1	-1	580	580	-1	-1	-1	-1	-1	-1	-1	-1	-1	-1	-1	-1	-1	-1	-1	-1	-1	-1	-1	-1	-1	-1	-1	-1	-1	-1	-1	-1	1	-1	-1	-1	-1	-1	-1	-1	-1	-1	-1	1	-1	-1	-1	-1	-1	-1	-1	-1	-1	-1	-1	-1	-1	-1	-1	-1	-1	-1	-1	-1	2	85	2	2	1	250	-1	0	-1	-1	1	-1	-1	-1	60	20301009	3	100
70502017	7	5	2	17	2	-1	2	17	2	黄雀戏水兽甲·怯	75	黄雀戏水，显其灵也。#r适合#G胆小#W性格的珍兽穿着，穿齐全套可#G增加烈火咒、玄雷咒、血毒咒、寒冰咒伤害#W。#r#G可在苏州（248，184）云姗姗处使用珍兽装备相关功能。#W	1000	800	3	-1	-1	PetEquipCloth1_2	珍兽体甲	1	1	-1	-1	580	580	-1	-1	-1	-1	-1	-1	-1	-1	-1	-1	-1	-1	-1	-1	-1	-1	-1	-1	-1	-1	-1	-1	-1	-1	-1	-1	-1	-1	1	-1	-1	-1	-1	-1	-1	-1	-1	-1	-1	1	-1	-1	-1	-1	-1	-1	-1	-1	-1	-1	-1	-1	-1	-1	-1	-1	-1	-1	-1	-1	3	85	2	2	1	250	-1	0	-1	-1	1	-1	-1	-1	70	20301009	7	100
70502018	7	5	2	18	2	-1	2	18	2	黄雀戏水兽甲·怯	75	黄雀戏水，显其灵也。#r适合#G胆小#W性格的珍兽穿着，穿齐全套可#G增加烈火咒、玄雷咒、血毒咒、寒冰咒伤害#W。#r#G可在苏州（248，184）云姗姗处使用珍兽装备相关功能。#W	1000	800	3	-1	-1	PetEquipCloth1_2	珍兽体甲	1	1	-1	-1	580	580	-1	-1	-1	-1	-1	-1	-1	-1	-1	-1	-1	-1	-1	-1	-1	-1	-1	-1	-1	-1	-1	-1	-1	-1	-1	-1	-1	-1	1	-1	-1	-1	-1	-1	-1	-1	-1	-1	-1	1	-1	-1	-1	-1	-1	-1	-1	-1	-1	-1	-1	-1	-1	-1	-1	-1	-1	-1	-1	-1	4	85	2	2	1	250	-1	0	-1	-1	1	-1	-1	-1	80	20301009	12	100
70502019	7	5	2	19	2	-1	2	19	2	黄雀戏水兽甲·怯	75	黄雀戏水，显其灵也。#r适合#G胆小#W性格的珍兽穿着，穿齐全套可#G增加烈火咒、玄雷咒、血毒咒、寒冰咒伤害#W。#r#G可在苏州（248，184）云姗姗处使用珍兽装备相关功能。#W	1000	800	3	-1	-1	PetEquipCloth1_2	珍兽体甲	1	1	-1	-1	580	580	-1	-1	-1	-1	-1	-1	-1	-1	-1	-1	-1	-1	-1	-1	-1	-1	-1	-1	-1	-1	-1	-1	-1	-1	-1	-1	-1	-1	1	-1	-1	-1	-1	-1	-1	-1	-1	-1	-1	1	-1	-1	-1	-1	-1	-1	-1	-1	-1	-1	-1	-1	-1	-1	-1	-1	-1	-1	-1	-1	5	85	2	2	1	250	-1	0	-1	-1	1	-1	-1	-1	100	20301009	20	100
70502020	7	5	2	20	2	-1	2	20	2	黄雀戏水兽甲·狡	75	黄雀戏水，显其灵也。#r适合#G精明#W性格的珍兽穿着，穿齐全套可#G增加摔绊技能的生效几率#W。#r#G可在苏州（248，184）云姗姗处使用珍兽装备相关功能。#W	1000	800	3	-1	-1	PetEquipCloth1_2	珍兽体甲	1	1	-1	-1	580	580	-1	-1	-1	-1	-1	-1	-1	-1	-1	-1	-1	-1	-1	-1	-1	-1	-1	-1	-1	-1	-1	-1	-1	-1	-1	-1	-1	-1	1	-1	-1	-1	-1	-1	-1	-1	-1	1	-1	-1	-1	-1	-1	-1	-1	-1	-1	-1	-1	-1	-1	-1	-1	-1	-1	-1	-1	-1	-1	-1	1	85	2	2	1	250	-1	0	-1	-1	1	-1	-1	-1	50	20301009	1	80
70502021	7	5	2	21	2	-1	2	21	2	黄雀戏水兽甲·狡	75	黄雀戏水，显其灵也。#r适合#G精明#W性格的珍兽穿着，穿齐全套可#G增加摔绊技能的生效几率#W。#r#G可在苏州（248，184）云姗姗处使用珍兽装备相关功能。#W	1000	800	3	-1	-1	PetEquipCloth1_2	珍兽体甲	1	1	-1	-1	580	580	-1	-1	-1	-1	-1	-1	-1	-1	-1	-1	-1	-1	-1	-1	-1	-1	-1	-1	-1	-1	-1	-1	-1	-1	-1	-1	-1	-1	1	-1	-1	-1	-1	-1	-1	-1	-1	1	-1	-1	-1	-1	-1	-1	-1	-1	-1	-1	-1	-1	-1	-1	-1	-1	-1	-1	-1	-1	-1	-1	2	85	2	2	1	250	-1	0	-1	-1	1	-1	-1	-1	60	20301009	3	100
70502022	7	5	2	22	2	-1	2	22	2	黄雀戏水兽甲·狡	75	黄雀戏水，显其灵也。#r适合#G精明#W性格的珍兽穿着，穿齐全套可#G增加摔绊技能的生效几率#W。#r#G可在苏州（248，184）云姗姗处使用珍兽装备相关功能。#W	1000	800	3	-1	-1	PetEquipCloth1_2	珍兽体甲	1	1	-1	-1	580	580	-1	-1	-1	-1	-1	-1	-1	-1	-1	-1	-1	-1	-1	-1	-1	-1	-1	-1	-1	-1	-1	-1	-1	-1	-1	-1	-1	-1	1	-1	-1	-1	-1	-1	-1	-1	-1	1	-1	-1	-1	-1	-1	-1	-1	-1	-1	-1	-1	-1	-1	-1	-1	-1	-1	-1	-1	-1	-1	-1	3	85	2	2	1	250	-1	0	-1	-1	1	-1	-1	-1	70	20301009	7	100
70502023	7	5	2	23	2	-1	2	23	2	黄雀戏水兽甲·狡	75	黄雀戏水，显其灵也。#r适合#G精明#W性格的珍兽穿着，穿齐全套可#G增加摔绊技能的生效几率#W。#r#G可在苏州（248，184）云姗姗处使用珍兽装备相关功能。#W	1000	800	3	-1	-1	PetEquipCloth1_2	珍兽体甲	1	1	-1	-1	580	580	-1	-1	-1	-1	-1	-1	-1	-1	-1	-1	-1	-1	-1	-1	-1	-1	-1	-1	-1	-1	-1	-1	-1	-1	-1	-1	-1	-1	1	-1	-1	-1	-1	-1	-1	-1	-1	1	-1	-1	-1	-1	-1	-1	-1	-1	-1	-1	-1	-1	-1	-1	-1	-1	-1	-1	-1	-1	-1	-1	4	85	2	2	1	250	-1	0	-1	-1	1	-1	-1	-1	80	20301009	12	100
70502024	7	5	2	24	2	-1	2	24	2	黄雀戏水兽甲·狡	75	黄雀戏水，显其灵也。#r适合#G精明#W性格的珍兽穿着，穿齐全套可#G增加摔绊技能的生效几率#W。#r#G可在苏州（248，184）云姗姗处使用珍兽装备相关功能。#W	1000	800	3	-1	-1	PetEquipCloth1_2	珍兽体甲	1	1	-1	-1	580	580	-1	-1	-1	-1	-1	-1	-1	-1	-1	-1	-1	-1	-1	-1	-1	-1	-1	-1	-1	-1	-1	-1	-1	-1	-1	-1	-1	-1	1	-1	-1	-1	-1	-1	-1	-1	-1	1	-1	-1	-1	-1	-1	-1	-1	-1	-1	-1	-1	-1	-1	-1	-1	-1	-1	-1	-1	-1	-1	-1	5	85	2	2	1	250	-1	0	-1	-1	1	-1	-1	-1	100	20301009	20	100
70502025	7	5	2	25	2	-1	2	25	2	黄雀戏水兽甲·慎	75	黄雀戏水，显其灵也。#r适合#G谨慎#W性格的珍兽穿着，穿齐全套可#G增加虚弱技能的生效几率#W。#r#G可在苏州（248，184）云姗姗处使用珍兽装备相关功能。#W	1000	800	3	-1	-1	PetEquipCloth1_2	珍兽体甲	1	1	-1	-1	580	580	-1	-1	1	-1	-1	-1	-1	-1	-1	-1	-1	-1	-1	-1	-1	-1	-1	-1	-1	-1	-1	-1	-1	-1	-1	-1	-1	-1	-1	-1	-1	-1	-1	-1	-1	-1	-1	1	-1	-1	-1	-1	-1	-1	-1	-1	-1	-1	-1	-1	-1	-1	-1	-1	-1	-1	-1	-1	-1	-1	1	85	2	2	1	250	-1	0	-1	-1	1	-1	-1	-1	50	20301009	1	80
70502026	7	5	2	26	2	-1	2	26	2	黄雀戏水兽甲·慎	75	黄雀戏水，显其灵也。#r适合#G谨慎#W性格的珍兽穿着，穿齐全套可#G增加虚弱技能的生效几率#W。#r#G可在苏州（248，184）云姗姗处使用珍兽装备相关功能。#W	1000	800	3	-1	-1	PetEquipCloth1_2	珍兽体甲	1	1	-1	-1	580	580	-1	-1	1	-1	-1	-1	-1	-1	-1	-1	-1	-1	-1	-1	-1	-1	-1	-1	-1	-1	-1	-1	-1	-1	-1	-1	-1	-1	-1	-1	-1	-1	-1	-1	-1	-1	-1	1	-1	-1	-1	-1	-1	-1	-1	-1	-1	-1	-1	-1	-1	-1	-1	-1	-1	-1	-1	-1	-1	-1	2	85	2	2	1	250	-1	0	-1	-1	1	-1	-1	-1	60	20301009	3	100
70502027	7	5	2	27	2	-1	2	27	2	黄雀戏水兽甲·慎	75	黄雀戏水，显其灵也。#r适合#G谨慎#W性格的珍兽穿着，穿齐全套可#G增加虚弱技能的生效几率#W。#r#G可在苏州（248，184）云姗姗处使用珍兽装备相关功能。#W	1000	800	3	-1	-1	PetEquipCloth1_2	珍兽体甲	1	1	-1	-1	580	580	-1	-1	1	-1	-1	-1	-1	-1	-1	-1	-1	-1	-1	-1	-1	-1	-1	-1	-1	-1	-1	-1	-1	-1	-1	-1	-1	-1	-1	-1	-1	-1	-1	-1	-1	-1	-1	1	-1	-1	-1	-1	-1	-1	-1	-1	-1	-1	-1	-1	-1	-1	-1	-1	-1	-1	-1	-1	-1	-1	3	85	2	2	1	250	-1	0	-1	-1	1	-1	-1	-1	70	20301009	7	100
70502028	7	5	2	28	2	-1	2	28	2	黄雀戏水兽甲·慎	75	黄雀戏水，显其灵也。#r适合#G谨慎#W性格的珍兽穿着，穿齐全套可#G增加虚弱技能的生效几率#W。#r#G可在苏州（248，184）云姗姗处使用珍兽装备相关功能。#W	1000	800	3	-1	-1	PetEquipCloth1_2	珍兽体甲	1	1	-1	-1	580	580	-1	-1	1	-1	-1	-1	-1	-1	-1	-1	-1	-1	-1	-1	-1	-1	-1	-1	-1	-1	-1	-1	-1	-1	-1	-1	-1	-1	-1	-1	-1	-1	-1	-1	-1	-1	-1	1	-1	-1	-1	-1	-1	-1	-1	-1	-1	-1	-1	-1	-1	-1	-1	-1	-1	-1	-1	-1	-1	-1	4	85	2	2	1	250	-1	0	-1	-1	1	-1	-1	-1	80	20301009	12	100
70502029	7	5	2	29	2	-1	2	29	2	黄雀戏水兽甲·慎	75	黄雀戏水，显其灵也。#r适合#G谨慎#W性格的珍兽穿着，穿齐全套可#G增加虚弱技能的生效几率#W。#r#G可在苏州（248，184）云姗姗处使用珍兽装备相关功能。#W	1000	800	3	-1	-1	PetEquipCloth1_2	珍兽体甲	1	1	-1	-1	580	580	-1	-1	1	-1	-1	-1	-1	-1	-1	-1	-1	-1	-1	-1	-1	-1	-1	-1	-1	-1	-1	-1	-1	-1	-1	-1	-1	-1	-1	-1	-1	-1	-1	-1	-1	-1	-1	1	-1	-1	-1	-1	-1	-1	-1	-1	-1	-1	-1	-1	-1	-1	-1	-1	-1	-1	-1	-1	-1	-1	5	85	2	2	1	250	-1	0	-1	-1	1	-1	-1	-1	100	20301009	20	100
70502030	7	5	2	30	2	-1	2	30	2	乌豚望日兽甲·忠	75	乌豚望日，增其体也。#r适合#G忠诚#W性格的珍兽穿着，穿齐全套可#G增加灵动技能的生效几率#W。#r#G可在苏州（248，184）云姗姗处使用珍兽装备相关功能。#W	1000	800	3	-1	-1	PetEquipCloth1_3	珍兽体甲	1	1	-1	-1	580	580	-1	-1	-1	-1	-1	-1	-1	-1	-1	-1	-1	-1	-1	-1	-1	-1	-1	-1	-1	-1	-1	-1	-1	-1	1	-1	-1	-1	-1	-1	-1	1	-1	-1	-1	-1	-1	-1	-1	-1	-1	-1	-1	-1	-1	-1	-1	-1	-1	-1	-1	-1	-1	-1	-1	-1	-1	-1	-1	-1	1	85	2	2	1	250	-1	0	-1	-1	-1	1	-1	-1	50	20301009	1	80
70502031	7	5	2	31	2	-1	2	31	2	乌豚望日兽甲·忠	75	乌豚望日，增其体也。#r适合#G忠诚#W性格的珍兽穿着，穿齐全套可#G增加灵动技能的生效几率#W。#r#G可在苏州（248，184）云姗姗处使用珍兽装备相关功能。#W	1000	800	3	-1	-1	PetEquipCloth1_3	珍兽体甲	1	1	-1	-1	580	580	-1	-1	-1	-1	-1	-1	-1	-1	-1	-1	-1	-1	-1	-1	-1	-1	-1	-1	-1	-1	-1	-1	-1	-1	1	-1	-1	-1	-1	-1	-1	1	-1	-1	-1	-1	-1	-1	-1	-1	-1	-1	-1	-1	-1	-1	-1	-1	-1	-1	-1	-1	-1	-1	-1	-1	-1	-1	-1	-1	2	85	2	2	1	250	-1	0	-1	-1	-1	1	-1	-1	60	20301009	3	100
70502032	7	5	2	32	2	-1	2	32	2	乌豚望日兽甲·忠	75	乌豚望日，增其体也。#r适合#G忠诚#W性格的珍兽穿着，穿齐全套可#G增加灵动技能的生效几率#W。#r#G可在苏州（248，184）云姗姗处使用珍兽装备相关功能。#W	1000	800	3	-1	-1	PetEquipCloth1_3	珍兽体甲	1	1	-1	-1	580	580	-1	-1	-1	-1	-1	-1	-1	-1	-1	-1	-1	-1	-1	-1	-1	-1	-1	-1	-1	-1	-1	-1	-1	-1	1	-1	-1	-1	-1	-1	-1	1	-1	-1	-1	-1	-1	-1	-1	-1	-1	-1	-1	-1	-1	-1	-1	-1	-1	-1	-1	-1	-1	-1	-1	-1	-1	-1	-1	-1	3	85	2	2	1	250	-1	0	-1	-1	-1	1	-1	-1	70	20301009	7	100
70502033	7	5	2	33	2	-1	2	33	2	乌豚望日兽甲·忠	75	乌豚望日，增其体也。#r适合#G忠诚#W性格的珍兽穿着，穿齐全套可#G增加灵动技能的生效几率#W。#r#G可在苏州（248，184）云姗姗处使用珍兽装备相关功能。#W	1000	800	3	-1	-1	PetEquipCloth1_3	珍兽体甲	1	1	-1	-1	580	580	-1	-1	-1	-1	-1	-1	-1	-1	-1	-1	-1	-1	-1	-1	-1	-1	-1	-1	-1	-1	-1	-1	-1	-1	1	-1	-1	-1	-1	-1	-1	1	-1	-1	-1	-1	-1	-1	-1	-1	-1	-1	-1	-1	-1	-1	-1	-1	-1	-1	-1	-1	-1	-1	-1	-1	-1	-1	-1	-1	4	85	2	2	1	250	-1	0	-1	-1	-1	1	-1	-1	80	20301009	12	100
70502034	7	5	2	34	2	-1	2	34	2	乌豚望日兽甲·忠	75	乌豚望日，增其体也。#r适合#G忠诚#W性格的珍兽穿着，穿齐全套可#G增加灵动技能的生效几率#W。#r#G可在苏州（248，184）云姗姗处使用珍兽装备相关功能。#W	1000	800	3	-1	-1	PetEquipCloth1_3	珍兽体甲	1	1	-1	-1	580	580	-1	-1	-1	-1	-1	-1	-1	-1	-1	-1	-1	-1	-1	-1	-1	-1	-1	-1	-1	-1	-1	-1	-1	-1	1	-1	-1	-1	-1	-1	-1	1	-1	-1	-1	-1	-1	-1	-1	-1	-1	-1	-1	-1	-1	-1	-1	-1	-1	-1	-1	-1	-1	-1	-1	-1	-1	-1	-1	-1	5	85	2	2	1	250	-1	0	-1	-1	-1	1	-1	-1	100	20301009	20	100
70502035	7	5	2	35	2	-1	2	35	2	乌豚望日兽甲·慎	75	乌豚望日，增其体也。#r适合#G谨慎#W性格的珍兽穿着，穿齐全套可#G增加虚弱技能的生效几率#W。#r#G可在苏州（248，184）云姗姗处使用珍兽装备相关功能。#W	1000	800	3	-1	-1	PetEquipCloth1_3	珍兽体甲	1	1	-1	-1	580	580	-1	-1	-1	-1	-1	-1	-1	-1	-1	-1	-1	-1	-1	-1	-1	-1	-1	-1	-1	-1	-1	-1	-1	-1	-1	-1	-1	-1	-1	-1	-1	-1	-1	-1	-1	-1	-1	1	1	-1	-1	-1	-1	-1	-1	-1	-1	-1	-1	-1	-1	-1	-1	-1	-1	-1	-1	-1	-1	-1	1	85	2	2	1	250	-1	0	-1	-1	-1	1	-1	-1	50	20301009	1	80
70502036	7	5	2	36	2	-1	2	36	2	乌豚望日兽甲·慎	75	乌豚望日，增其体也。#r适合#G谨慎#W性格的珍兽穿着，穿齐全套可#G增加虚弱技能的生效几率#W。#r#G可在苏州（248，184）云姗姗处使用珍兽装备相关功能。#W	1000	800	3	-1	-1	PetEquipCloth1_3	珍兽体甲	1	1	-1	-1	580	580	-1	-1	-1	-1	-1	-1	-1	-1	-1	-1	-1	-1	-1	-1	-1	-1	-1	-1	-1	-1	-1	-1	-1	-1	-1	-1	-1	-1	-1	-1	-1	-1	-1	-1	-1	-1	-1	1	1	-1	-1	-1	-1	-1	-1	-1	-1	-1	-1	-1	-1	-1	-1	-1	-1	-1	-1	-1	-1	-1	2	85	2	2	1	250	-1	0	-1	-1	-1	1	-1	-1	60	20301009	3	100
70502037	7	5	2	37	2	-1	2	37	2	乌豚望日兽甲·慎	75	乌豚望日，增其体也。#r适合#G谨慎#W性格的珍兽穿着，穿齐全套可#G增加虚弱技能的生效几率#W。#r#G可在苏州（248，184）云姗姗处使用珍兽装备相关功能。#W	1000	800	3	-1	-1	PetEquipCloth1_3	珍兽体甲	1	1	-1	-1	580	580	-1	-1	-1	-1	-1	-1	-1	-1	-1	-1	-1	-1	-1	-1	-1	-1	-1	-1	-1	-1	-1	-1	-1	-1	-1	-1	-1	-1	-1	-1	-1	-1	-1	-1	-1	-1	-1	1	1	-1	-1	-1	-1	-1	-1	-1	-1	-1	-1	-1	-1	-1	-1	-1	-1	-1	-1	-1	-1	-1	3	85	2	2	1	250	-1	0	-1	-1	-1	1	-1	-1	70	20301009	7	100
70502038	7	5	2	38	2	-1	2	38	2	乌豚望日兽甲·慎	75	乌豚望日，增其体也。#r适合#G谨慎#W性格的珍兽穿着，穿齐全套可#G增加虚弱技能的生效几率#W。#r#G可在苏州（248，184）云姗姗处使用珍兽装备相关功能。#W	1000	800	3	-1	-1	PetEquipCloth1_3	珍兽体甲	1	1	-1	-1	580	580	-1	-1	-1	-1	-1	-1	-1	-1	-1	-1	-1	-1	-1	-1	-1	-1	-1	-1	-1	-1	-1	-1	-1	-1	-1	-1	-1	-1	-1	-1	-1	-1	-1	-1	-1	-1	-1	1	1	-1	-1	-1	-1	-1	-1	-1	-1	-1	-1	-1	-1	-1	-1	-1	-1	-1	-1	-1	-1	-1	4	85	2	2	1	250	-1	0	-1	-1	-1	1	-1	-1	80	20301009	12	100
70502039	7	5	2	39	2	-1	2	39	2	乌豚望日兽甲·慎	75	乌豚望日，增其体也。#r适合#G谨慎#W性格的珍兽穿着，穿齐全套可#G增加虚弱技能的生效几率#W。#r#G可在苏州（248，184）云姗姗处使用珍兽装备相关功能。#W	1000	800	3	-1	-1	PetEquipCloth1_3	珍兽体甲	1	1	-1	-1	580	580	-1	-1	-1	-1	-1	-1	-1	-1	-1	-1	-1	-1	-1	-1	-1	-1	-1	-1	-1	-1	-1	-1	-1	-1	-1	-1	-1	-1	-1	-1	-1	-1	-1	-1	-1	-1	-1	1	1	-1	-1	-1	-1	-1	-1	-1	-1	-1	-1	-1	-1	-1	-1	-1	-1	-1	-1	-1	-1	-1	5	85	2	2	1	250	-1	0	-1	-1	-1	1	-1	-1	100	20301009	20	100
70502040	7	5	2	40	2	-1	2	40	2	白兔隐林兽甲·慎	75	白兔隐林，藏其形也。#r适合#G谨慎#W性格的珍兽穿着，穿齐全套可#G增加虚弱技能的生效几率#W。#r#G可在苏州（248，184）云姗姗处使用珍兽装备相关功能。#W	1000	800	3	-1	-1	PetEquipCloth1_5	珍兽体甲	1	1	-1	-1	580	580	-1	-1	-1	-1	-1	-1	-1	-1	-1	-1	-1	-1	-1	-1	-1	-1	-1	-1	-1	-1	-1	-1	-1	-1	-1	-1	-1	-1	-1	-1	-1	-1	-1	-1	-1	-1	-1	1	1	-1	-1	-1	-1	-1	-1	-1	-1	-1	-1	-1	-1	-1	-1	-1	-1	-1	-1	-1	-1	-1	1	85	2	2	1	250	-1	0	-1	-1	-1	-1	-1	1	50	20301009	1	80
70502041	7	5	2	41	2	-1	2	41	2	白兔隐林兽甲·慎	75	白兔隐林，藏其形也。#r适合#G谨慎#W性格的珍兽穿着，穿齐全套可#G增加虚弱技能的生效几率#W。#r#G可在苏州（248，184）云姗姗处使用珍兽装备相关功能。#W	1000	800	3	-1	-1	PetEquipCloth1_5	珍兽体甲	1	1	-1	-1	580	580	-1	-1	-1	-1	-1	-1	-1	-1	-1	-1	-1	-1	-1	-1	-1	-1	-1	-1	-1	-1	-1	-1	-1	-1	-1	-1	-1	-1	-1	-1	-1	-1	-1	-1	-1	-1	-1	1	1	-1	-1	-1	-1	-1	-1	-1	-1	-1	-1	-1	-1	-1	-1	-1	-1	-1	-1	-1	-1	-1	2	85	2	2	1	250	-1	0	-1	-1	-1	-1	-1	1	60	20301009	3	100
70502042	7	5	2	42	2	-1	2	42	2	白兔隐林兽甲·慎	75	白兔隐林，藏其形也。#r适合#G谨慎#W性格的珍兽穿着，穿齐全套可#G增加虚弱技能的生效几率#W。#r#G可在苏州（248，184）云姗姗处使用珍兽装备相关功能。#W	1000	800	3	-1	-1	PetEquipCloth1_5	珍兽体甲	1	1	-1	-1	580	580	-1	-1	-1	-1	-1	-1	-1	-1	-1	-1	-1	-1	-1	-1	-1	-1	-1	-1	-1	-1	-1	-1	-1	-1	-1	-1	-1	-1	-1	-1	-1	-1	-1	-1	-1	-1	-1	1	1	-1	-1	-1	-1	-1	-1	-1	-1	-1	-1	-1	-1	-1	-1	-1	-1	-1	-1	-1	-1	-1	3	85	2	2	1	250	-1	0	-1	-1	-1	-1	-1	1	70	20301009	7	100
70502043	7	5	2	43	2	-1	2	43	2	白兔隐林兽甲·慎	75	白兔隐林，藏其形也。#r适合#G谨慎#W性格的珍兽穿着，穿齐全套可#G增加虚弱技能的生效几率#W。#r#G可在苏州（248，184）云姗姗处使用珍兽装备相关功能。#W	1000	800	3	-1	-1	PetEquipCloth1_5	珍兽体甲	1	1	-1	-1	580	580	-1	-1	-1	-1	-1	-1	-1	-1	-1	-1	-1	-1	-1	-1	-1	-1	-1	-1	-1	-1	-1	-1	-1	-1	-1	-1	-1	-1	-1	-1	-1	-1	-1	-1	-1	-1	-1	1	1	-1	-1	-1	-1	-1	-1	-1	-1	-1	-1	-1	-1	-1	-1	-1	-1	-1	-1	-1	-1	-1	4	85	2	2	1	250	-1	0	-1	-1	-1	-1	-1	1	80	20301009	12	100
70502044	7	5	2	44	2	-1	2	44	2	白兔隐林兽甲·慎	75	白兔隐林，藏其形也。#r适合#G谨慎#W性格的珍兽穿着，穿齐全套可#G增加虚弱技能的生效几率#W。#r#G可在苏州（248，184）云姗姗处使用珍兽装备相关功能。#W	1000	800	3	-1	-1	PetEquipCloth1_5	珍兽体甲	1	1	-1	-1	580	580	-1	-1	-1	-1	-1	-1	-1	-1	-1	-1	-1	-1	-1	-1	-1	-1	-1	-1	-1	-1	-1	-1	-1	-1	-1	-1	-1	-1	-1	-1	-1	-1	-1	-1	-1	-1	-1	1	1	-1	-1	-1	-1	-1	-1	-1	-1	-1	-1	-1	-1	-1	-1	-1	-1	-1	-1	-1	-1	-1	5	85	2	2	1	250	-1	0	-1	-1	-1	-1	-1	1	100	20301009	20	100
70502045	7	5	2	45	2	-1	2	45	2	猛虎撼山兽甲·勇	85	猛虎者，虽山高亦可撼。#r适合#G勇猛#W性格的珍兽穿着，穿齐全套可#G增加猛击技能的释放几率#W。#r#G可在苏州（248，184）云姗姗处使用珍兽装备相关功能。#W	1000	800	3	-1	-1	PetEquipCloth1_10	珍兽体甲	1	1	-1	-1	649	649	-1	-1	-1	-1	-1	-1	-1	-1	-1	-1	-1	-1	-1	-1	-1	-1	-1	-1	-1	-1	-1	1	-1	-1	-1	-1	-1	-1	-1	-1	-1	-1	-1	-1	-1	-1	-1	1	-1	1	-1	-1	-1	-1	-1	-1	-1	-1	-1	-1	-1	-1	-1	-1	-1	-1	-1	-1	-1	-1	1	95	3	3	1	250	-1	0	-1	1	-1	-1	-1	-1	50	20301009	20	100
70502046	7	5	2	46	2	-1	2	46	2	猛虎撼山兽甲·勇	85	猛虎者，虽山高亦可撼。#r适合#G勇猛#W性格的珍兽穿着，穿齐全套可#G增加猛击技能的释放几率#W。#r#G可在苏州（248，184）云姗姗处使用珍兽装备相关功能。#W	1000	800	3	-1	-1	PetEquipCloth1_10	珍兽体甲	1	1	-1	-1	649	649	-1	-1	-1	-1	-1	-1	-1	-1	-1	-1	-1	-1	-1	-1	-1	-1	-1	-1	-1	-1	-1	1	-1	-1	-1	-1	-1	-1	-1	-1	-1	-1	-1	-1	-1	-1	-1	1	-1	1	-1	-1	-1	-1	-1	-1	-1	-1	-1	-1	-1	-1	-1	-1	-1	-1	-1	-1	-1	-1	2	95	3	3	1	250	-1	0	-1	1	-1	-1	-1	-1	60	20301009	30	100
70502047	7	5	2	47	2	-1	2	47	2	猛虎撼山兽甲·勇	85	猛虎者，虽山高亦可撼。#r适合#G勇猛#W性格的珍兽穿着，穿齐全套可#G增加猛击技能的释放几率#W。#r#G可在苏州（248，184）云姗姗处使用珍兽装备相关功能。#W	1000	800	3	-1	-1	PetEquipCloth1_10	珍兽体甲	1	1	-1	-1	649	649	-1	-1	-1	-1	-1	-1	-1	-1	-1	-1	-1	-1	-1	-1	-1	-1	-1	-1	-1	-1	-1	1	-1	-1	-1	-1	-1	-1	-1	-1	-1	-1	-1	-1	-1	-1	-1	1	-1	1	-1	-1	-1	-1	-1	-1	-1	-1	-1	-1	-1	-1	-1	-1	-1	-1	-1	-1	-1	-1	3	95	3	3	1	250	-1	0	-1	1	-1	-1	-1	-1	70	20301009	35	100
70502048	7	5	2	48	2	-1	2	48	2	猛虎撼山兽甲·勇	85	猛虎者，虽山高亦可撼。#r适合#G勇猛#W性格的珍兽穿着，穿齐全套可#G增加猛击技能的释放几率#W。#r#G可在苏州（248，184）云姗姗处使用珍兽装备相关功能。#W	1000	800	3	-1	-1	PetEquipCloth1_10	珍兽体甲	1	1	-1	-1	649	649	-1	-1	-1	-1	-1	-1	-1	-1	-1	-1	-1	-1	-1	-1	-1	-1	-1	-1	-1	-1	-1	1	-1	-1	-1	-1	-1	-1	-1	-1	-1	-1	-1	-1	-1	-1	-1	1	-1	1	-1	-1	-1	-1	-1	-1	-1	-1	-1	-1	-1	-1	-1	-1	-1	-1	-1	-1	-1	-1	4	95	3	3	1	250	-1	0	-1	1	-1	-1	-1	-1	80	20301009	42	100
70502049	7	5	2	49	2	-1	2	49	2	猛虎撼山兽甲·勇	85	猛虎者，虽山高亦可撼。#r适合#G勇猛#W性格的珍兽穿着，穿齐全套可#G增加猛击技能的释放几率#W。#r#G可在苏州（248，184）云姗姗处使用珍兽装备相关功能。#W	1000	800	3	-1	-1	PetEquipCloth1_10	珍兽体甲	1	1	-1	-1	649	649	-1	-1	-1	-1	-1	-1	-1	-1	-1	-1	-1	-1	-1	-1	-1	-1	-1	-1	-1	-1	-1	1	-1	-1	-1	-1	-1	-1	-1	-1	-1	-1	-1	-1	-1	-1	-1	1	-1	1	-1	-1	-1	-1	-1	-1	-1	-1	-1	-1	-1	-1	-1	-1	-1	-1	-1	-1	-1	-1	5	95	3	3	1	250	-1	0	-1	1	-1	-1	-1	-1	100	20301009	57	100
70502050	7	5	2	50	2	-1	2	50	2	猛虎撼山兽甲·狡	85	猛虎者，虽山高亦可撼。#r适合#G精明#W性格的珍兽穿着，穿齐全套可#G增加反震技能的生效几率#W。#r#G可在苏州（248，184）云姗姗处使用珍兽装备相关功能。#W	1000	800	3	-1	-1	PetEquipCloth1_10	珍兽体甲	1	1	-1	-1	649	649	-1	-1	1	-1	-1	-1	-1	-1	-1	-1	-1	-1	-1	-1	-1	-1	-1	-1	-1	-1	-1	1	-1	-1	-1	-1	-1	-1	-1	-1	-1	-1	-1	-1	-1	-1	-1	1	-1	-1	-1	-1	-1	-1	-1	-1	-1	-1	-1	-1	-1	-1	-1	-1	-1	-1	-1	-1	-1	-1	1	95	3	3	1	250	-1	0	-1	1	-1	-1	-1	-1	50	20301009	20	100
70502051	7	5	2	51	2	-1	2	51	2	猛虎撼山兽甲·狡	85	猛虎者，虽山高亦可撼。#r适合#G精明#W性格的珍兽穿着，穿齐全套可#G增加反震技能的生效几率#W。#r#G可在苏州（248，184）云姗姗处使用珍兽装备相关功能。#W	1000	800	3	-1	-1	PetEquipCloth1_10	珍兽体甲	1	1	-1	-1	649	649	-1	-1	1	-1	-1	-1	-1	-1	-1	-1	-1	-1	-1	-1	-1	-1	-1	-1	-1	-1	-1	1	-1	-1	-1	-1	-1	-1	-1	-1	-1	-1	-1	-1	-1	-1	-1	1	-1	-1	-1	-1	-1	-1	-1	-1	-1	-1	-1	-1	-1	-1	-1	-1	-1	-1	-1	-1	-1	-1	2	95	3	3	1	250	-1	0	-1	1	-1	-1	-1	-1	60	20301009	30	100
70502052	7	5	2	52	2	-1	2	52	2	猛虎撼山兽甲·狡	85	猛虎者，虽山高亦可撼。#r适合#G精明#W性格的珍兽穿着，穿齐全套可#G增加反震技能的生效几率#W。#r#G可在苏州（248，184）云姗姗处使用珍兽装备相关功能。#W	1000	800	3	-1	-1	PetEquipCloth1_10	珍兽体甲	1	1	-1	-1	649	649	-1	-1	1	-1	-1	-1	-1	-1	-1	-1	-1	-1	-1	-1	-1	-1	-1	-1	-1	-1	-1	1	-1	-1	-1	-1	-1	-1	-1	-1	-1	-1	-1	-1	-1	-1	-1	1	-1	-1	-1	-1	-1	-1	-1	-1	-1	-1	-1	-1	-1	-1	-1	-1	-1	-1	-1	-1	-1	-1	3	95	3	3	1	250	-1	0	-1	1	-1	-1	-1	-1	70	20301009	35	100
70502053	7	5	2	53	2	-1	2	53	2	猛虎撼山兽甲·狡	85	猛虎者，虽山高亦可撼。#r适合#G精明#W性格的珍兽穿着，穿齐全套可#G增加反震技能的生效几率#W。#r#G可在苏州（248，184）云姗姗处使用珍兽装备相关功能。#W	1000	800	3	-1	-1	PetEquipCloth1_10	珍兽体甲	1	1	-1	-1	649	649	-1	-1	1	-1	-1	-1	-1	-1	-1	-1	-1	-1	-1	-1	-1	-1	-1	-1	-1	-1	-1	1	-1	-1	-1	-1	-1	-1	-1	-1	-1	-1	-1	-1	-1	-1	-1	1	-1	-1	-1	-1	-1	-1	-1	-1	-1	-1	-1	-1	-1	-1	-1	-1	-1	-1	-1	-1	-1	-1	4	95	3	3	1	250	-1	0	-1	1	-1	-1	-1	-1	80	20301009	42	100
70502054	7	5	2	54	2	-1	2	54	2	猛虎撼山兽甲·狡	85	猛虎者，虽山高亦可撼。#r适合#G精明#W性格的珍兽穿着，穿齐全套可#G增加反震技能的生效几率#W。#r#G可在苏州（248，184）云姗姗处使用珍兽装备相关功能。#W	1000	800	3	-1	-1	PetEquipCloth1_10	珍兽体甲	1	1	-1	-1	649	649	-1	-1	1	-1	-1	-1	-1	-1	-1	-1	-1	-1	-1	-1	-1	-1	-1	-1	-1	-1	-1	1	-1	-1	-1	-1	-1	-1	-1	-1	-1	-1	-1	-1	-1	-1	-1	1	-1	-1	-1	-1	-1	-1	-1	-1	-1	-1	-1	-1	-1	-1	-1	-1	-1	-1	-1	-1	-1	-1	5	95	3	3	1	250	-1	0	-1	1	-1	-1	-1	-1	100	20301009	57	100
70502055	7	5	2	55	2	-1	2	55	2	猛虎撼山兽甲·慎	85	猛虎者，虽山高亦可撼。#r适合#G谨慎#W性格的珍兽穿着，穿齐全套可#G增加吸气技能的生效几率#W。#r#G可在苏州（248，184）云姗姗处使用珍兽装备相关功能。#W	1000	800	3	-1	-1	PetEquipCloth1_10	珍兽体甲	1	1	-1	-1	649	649	-1	-1	1	-1	-1	-1	-1	-1	-1	-1	-1	-1	-1	-1	-1	-1	-1	-1	-1	-1	-1	-1	-1	-1	-1	-1	-1	-1	-1	-1	-1	-1	-1	-1	-1	-1	-1	1	-1	-1	-1	-1	-1	-1	-1	-1	-1	-1	1	-1	-1	-1	-1	-1	-1	-1	-1	-1	-1	-1	1	95	3	3	1	250	-1	0	-1	1	-1	-1	-1	-1	50	20301009	20	100
70502056	7	5	2	56	2	-1	2	56	2	猛虎撼山兽甲·慎	85	猛虎者，虽山高亦可撼。#r适合#G谨慎#W性格的珍兽穿着，穿齐全套可#G增加吸气技能的生效几率#W。#r#G可在苏州（248，184）云姗姗处使用珍兽装备相关功能。#W	1000	800	3	-1	-1	PetEquipCloth1_10	珍兽体甲	1	1	-1	-1	649	649	-1	-1	1	-1	-1	-1	-1	-1	-1	-1	-1	-1	-1	-1	-1	-1	-1	-1	-1	-1	-1	-1	-1	-1	-1	-1	-1	-1	-1	-1	-1	-1	-1	-1	-1	-1	-1	1	-1	-1	-1	-1	-1	-1	-1	-1	-1	-1	1	-1	-1	-1	-1	-1	-1	-1	-1	-1	-1	-1	2	95	3	3	1	250	-1	0	-1	1	-1	-1	-1	-1	60	20301009	30	100
70502057	7	5	2	57	2	-1	2	57	2	猛虎撼山兽甲·慎	85	猛虎者，虽山高亦可撼。#r适合#G谨慎#W性格的珍兽穿着，穿齐全套可#G增加吸气技能的生效几率#W。#r#G可在苏州（248，184）云姗姗处使用珍兽装备相关功能。#W	1000	800	3	-1	-1	PetEquipCloth1_10	珍兽体甲	1	1	-1	-1	649	649	-1	-1	1	-1	-1	-1	-1	-1	-1	-1	-1	-1	-1	-1	-1	-1	-1	-1	-1	-1	-1	-1	-1	-1	-1	-1	-1	-1	-1	-1	-1	-1	-1	-1	-1	-1	-1	1	-1	-1	-1	-1	-1	-1	-1	-1	-1	-1	1	-1	-1	-1	-1	-1	-1	-1	-1	-1	-1	-1	3	95	3	3	1	250	-1	0	-1	1	-1	-1	-1	-1	70	20301009	35	100
70502058	7	5	2	58	2	-1	2	58	2	猛虎撼山兽甲·慎	85	猛虎者，虽山高亦可撼。#r适合#G谨慎#W性格的珍兽穿着，穿齐全套可#G增加吸气技能的生效几率#W。#r#G可在苏州（248，184）云姗姗处使用珍兽装备相关功能。#W	1000	800	3	-1	-1	PetEquipCloth1_10	珍兽体甲	1	1	-1	-1	649	649	-1	-1	1	-1	-1	-1	-1	-1	-1	-1	-1	-1	-1	-1	-1	-1	-1	-1	-1	-1	-1	-1	-1	-1	-1	-1	-1	-1	-1	-1	-1	-1	-1	-1	-1	-1	-1	1	-1	-1	-1	-1	-1	-1	-1	-1	-1	-1	1	-1	-1	-1	-1	-1	-1	-1	-1	-1	-1	-1	4	95	3	3	1	250	-1	0	-1	1	-1	-1	-1	-1	80	20301009	42	100
70502059	7	5	2	59	2	-1	2	59	2	猛虎撼山兽甲·慎	85	猛虎者，虽山高亦可撼。#r适合#G谨慎#W性格的珍兽穿着，穿齐全套可#G增加吸气技能的生效几率#W。#r#G可在苏州（248，184）云姗姗处使用珍兽装备相关功能。#W	1000	800	3	-1	-1	PetEquipCloth1_10	珍兽体甲	1	1	-1	-1	649	649	-1	-1	1	-1	-1	-1	-1	-1	-1	-1	-1	-1	-1	-1	-1	-1	-1	-1	-1	-1	-1	-1	-1	-1	-1	-1	-1	-1	-1	-1	-1	-1	-1	-1	-1	-1	-1	1	-1	-1	-1	-1	-1	-1	-1	-1	-1	-1	1	-1	-1	-1	-1	-1	-1	-1	-1	-1	-1	-1	5	95	3	3	1	250	-1	0	-1	1	-1	-1	-1	-1	100	20301009	57	100
70502060	7	5	2	60	2	-1	2	60	2	飞鹰翔空兽甲·怯	85	飞鹰者，欲翔空则难阻。#r适合#G胆小#W性格的珍兽穿着，穿齐全套可#G增加痛击技能的伤害#W。#r#G可在苏州（248，184）云姗姗处使用珍兽装备相关功能。#W	1000	800	3	-1	-1	PetEquipCloth1_6	珍兽体甲	1	1	-1	-1	649	649	-1	-1	-1	-1	-1	-1	-1	-1	-1	-1	-1	-1	-1	-1	-1	-1	-1	-1	-1	-1	-1	-1	-1	-1	-1	-1	-1	-1	1	-1	-1	-1	-1	-1	-1	-1	-1	1	-1	1	-1	-1	-1	-1	-1	-1	-1	-1	-1	-1	-1	-1	-1	-1	-1	-1	-1	-1	-1	-1	1	95	3	3	1	250	-1	0	-1	-1	1	-1	-1	-1	50	20301009	20	100
70502061	7	5	2	61	2	-1	2	61	2	飞鹰翔空兽甲·怯	85	飞鹰者，欲翔空则难阻。#r适合#G胆小#W性格的珍兽穿着，穿齐全套可#G增加痛击技能的伤害#W。#r#G可在苏州（248，184）云姗姗处使用珍兽装备相关功能。#W	1000	800	3	-1	-1	PetEquipCloth1_6	珍兽体甲	1	1	-1	-1	649	649	-1	-1	-1	-1	-1	-1	-1	-1	-1	-1	-1	-1	-1	-1	-1	-1	-1	-1	-1	-1	-1	-1	-1	-1	-1	-1	-1	-1	1	-1	-1	-1	-1	-1	-1	-1	-1	1	-1	1	-1	-1	-1	-1	-1	-1	-1	-1	-1	-1	-1	-1	-1	-1	-1	-1	-1	-1	-1	-1	2	95	3	3	1	250	-1	0	-1	-1	1	-1	-1	-1	60	20301009	30	100
70502062	7	5	2	62	2	-1	2	62	2	飞鹰翔空兽甲·怯	85	飞鹰者，欲翔空则难阻。#r适合#G胆小#W性格的珍兽穿着，穿齐全套可#G增加痛击技能的伤害#W。#r#G可在苏州（248，184）云姗姗处使用珍兽装备相关功能。#W	1000	800	3	-1	-1	PetEquipCloth1_6	珍兽体甲	1	1	-1	-1	649	649	-1	-1	-1	-1	-1	-1	-1	-1	-1	-1	-1	-1	-1	-1	-1	-1	-1	-1	-1	-1	-1	-1	-1	-1	-1	-1	-1	-1	1	-1	-1	-1	-1	-1	-1	-1	-1	1	-1	1	-1	-1	-1	-1	-1	-1	-1	-1	-1	-1	-1	-1	-1	-1	-1	-1	-1	-1	-1	-1	3	95	3	3	1	250	-1	0	-1	-1	1	-1	-1	-1	70	20301009	35	100
70502063	7	5	2	63	2	-1	2	63	2	飞鹰翔空兽甲·怯	85	飞鹰者，欲翔空则难阻。#r适合#G胆小#W性格的珍兽穿着，穿齐全套可#G增加痛击技能的伤害#W。#r#G可在苏州（248，184）云姗姗处使用珍兽装备相关功能。#W	1000	800	3	-1	-1	PetEquipCloth1_6	珍兽体甲	1	1	-1	-1	649	649	-1	-1	-1	-1	-1	-1	-1	-1	-1	-1	-1	-1	-1	-1	-1	-1	-1	-1	-1	-1	-1	-1	-1	-1	-1	-1	-1	-1	1	-1	-1	-1	-1	-1	-1	-1	-1	1	-1	1	-1	-1	-1	-1	-1	-1	-1	-1	-1	-1	-1	-1	-1	-1	-1	-1	-1	-1	-1	-1	4	95	3	3	1	250	-1	0	-1	-1	1	-1	-1	-1	80	20301009	42	100
70502064	7	5	2	64	2	-1	2	64	2	飞鹰翔空兽甲·怯	85	飞鹰者，欲翔空则难阻。#r适合#G胆小#W性格的珍兽穿着，穿齐全套可#G增加痛击技能的伤害#W。#r#G可在苏州（248，184）云姗姗处使用珍兽装备相关功能。#W	1000	800	3	-1	-1	PetEquipCloth1_6	珍兽体甲	1	1	-1	-1	649	649	-1	-1	-1	-1	-1	-1	-1	-1	-1	-1	-1	-1	-1	-1	-1	-1	-1	-1	-1	-1	-1	-1	-1	-1	-1	-1	-1	-1	1	-1	-1	-1	-1	-1	-1	-1	-1	1	-1	1	-1	-1	-1	-1	-1	-1	-1	-1	-1	-1	-1	-1	-1	-1	-1	-1	-1	-1	-1	-1	5	95	3	3	1	250	-1	0	-1	-1	1	-1	-1	-1	100	20301009	57	100
70502065	7	5	2	65	2	-1	2	65	2	飞鹰翔空兽甲·狡	85	飞鹰者，欲翔空则难阻。#r适合#G精明#W性格的珍兽穿着，穿齐全套可#G增加反震技能的生效几率#W。#r#G可在苏州（248，184）云姗姗处使用珍兽装备相关功能。#W	1000	800	3	-1	-1	PetEquipCloth1_6	珍兽体甲	1	1	-1	-1	649	649	-1	-1	1	-1	-1	-1	-1	-1	-1	-1	-1	-1	-1	-1	-1	-1	-1	-1	-1	-1	-1	-1	-1	-1	-1	-1	-1	-1	1	-1	-1	-1	-1	-1	-1	-1	-1	1	-1	-1	-1	-1	-1	-1	-1	-1	-1	-1	-1	-1	-1	-1	-1	-1	-1	-1	-1	-1	-1	-1	1	95	3	3	1	250	-1	0	-1	-1	1	-1	-1	-1	50	20301009	20	100
70502066	7	5	2	66	2	-1	2	66	2	飞鹰翔空兽甲·狡	85	飞鹰者，欲翔空则难阻。#r适合#G精明#W性格的珍兽穿着，穿齐全套可#G增加反震技能的生效几率#W。#r#G可在苏州（248，184）云姗姗处使用珍兽装备相关功能。#W	1000	800	3	-1	-1	PetEquipCloth1_6	珍兽体甲	1	1	-1	-1	649	649	-1	-1	1	-1	-1	-1	-1	-1	-1	-1	-1	-1	-1	-1	-1	-1	-1	-1	-1	-1	-1	-1	-1	-1	-1	-1	-1	-1	1	-1	-1	-1	-1	-1	-1	-1	-1	1	-1	-1	-1	-1	-1	-1	-1	-1	-1	-1	-1	-1	-1	-1	-1	-1	-1	-1	-1	-1	-1	-1	2	95	3	3	1	250	-1	0	-1	-1	1	-1	-1	-1	60	20301009	30	100
70502067	7	5	2	67	2	-1	2	67	2	飞鹰翔空兽甲·狡	85	飞鹰者，欲翔空则难阻。#r适合#G精明#W性格的珍兽穿着，穿齐全套可#G增加反震技能的生效几率#W。#r#G可在苏州（248，184）云姗姗处使用珍兽装备相关功能。#W	1000	800	3	-1	-1	PetEquipCloth1_6	珍兽体甲	1	1	-1	-1	649	649	-1	-1	1	-1	-1	-1	-1	-1	-1	-1	-1	-1	-1	-1	-1	-1	-1	-1	-1	-1	-1	-1	-1	-1	-1	-1	-1	-1	1	-1	-1	-1	-1	-1	-1	-1	-1	1	-1	-1	-1	-1	-1	-1	-1	-1	-1	-1	-1	-1	-1	-1	-1	-1	-1	-1	-1	-1	-1	-1	3	95	3	3	1	250	-1	0	-1	-1	1	-1	-1	-1	70	20301009	35	100
70502068	7	5	2	68	2	-1	2	68	2	飞鹰翔空兽甲·狡	85	飞鹰者，欲翔空则难阻。#r适合#G精明#W性格的珍兽穿着，穿齐全套可#G增加反震技能的生效几率#W。#r#G可在苏州（248，184）云姗姗处使用珍兽装备相关功能。#W	1000	800	3	-1	-1	PetEquipCloth1_6	珍兽体甲	1	1	-1	-1	649	649	-1	-1	1	-1	-1	-1	-1	-1	-1	-1	-1	-1	-1	-1	-1	-1	-1	-1	-1	-1	-1	-1	-1	-1	-1	-1	-1	-1	1	-1	-1	-1	-1	-1	-1	-1	-1	1	-1	-1	-1	-1	-1	-1	-1	-1	-1	-1	-1	-1	-1	-1	-1	-1	-1	-1	-1	-1	-1	-1	4	95	3	3	1	250	-1	0	-1	-1	1	-1	-1	-1	80	20301009	42	100
70502069	7	5	2	69	2	-1	2	69	2	飞鹰翔空兽甲·狡	85	飞鹰者，欲翔空则难阻。#r适合#G精明#W性格的珍兽穿着，穿齐全套可#G增加反震技能的生效几率#W。#r#G可在苏州（248，184）云姗姗处使用珍兽装备相关功能。#W	1000	800	3	-1	-1	PetEquipCloth1_6	珍兽体甲	1	1	-1	-1	649	649	-1	-1	1	-1	-1	-1	-1	-1	-1	-1	-1	-1	-1	-1	-1	-1	-1	-1	-1	-1	-1	-1	-1	-1	-1	-1	-1	-1	1	-1	-1	-1	-1	-1	-1	-1	-1	1	-1	-1	-1	-1	-1	-1	-1	-1	-1	-1	-1	-1	-1	-1	-1	-1	-1	-1	-1	-1	-1	-1	5	95	3	3	1	250	-1	0	-1	-1	1	-1	-1	-1	100	20301009	57	100
70502070	7	5	2	70	2	-1	2	70	2	飞鹰翔空兽甲·慎	85	飞鹰者，欲翔空则难阻。#r适合#G谨慎#W性格的珍兽穿着，穿齐全套可#G增加吸气技能的生效几率#W。#r#G可在苏州（248，184）云姗姗处使用珍兽装备相关功能。#W	1000	800	3	-1	-1	PetEquipCloth1_6	珍兽体甲	1	1	-1	-1	649	649	-1	-1	1	-1	-1	-1	-1	-1	-1	-1	-1	-1	-1	-1	-1	-1	-1	-1	-1	-1	-1	-1	-1	-1	-1	-1	-1	-1	-1	-1	-1	-1	-1	-1	-1	-1	-1	1	-1	-1	-1	-1	-1	-1	-1	-1	-1	-1	1	-1	-1	-1	-1	-1	-1	-1	-1	-1	-1	-1	1	95	3	3	1	250	-1	0	-1	-1	1	-1	-1	-1	50	20301009	20	100
70502071	7	5	2	71	2	-1	2	71	2	飞鹰翔空兽甲·慎	85	飞鹰者，欲翔空则难阻。#r适合#G谨慎#W性格的珍兽穿着，穿齐全套可#G增加吸气技能的生效几率#W。#r#G可在苏州（248，184）云姗姗处使用珍兽装备相关功能。#W	1000	800	3	-1	-1	PetEquipCloth1_6	珍兽体甲	1	1	-1	-1	649	649	-1	-1	1	-1	-1	-1	-1	-1	-1	-1	-1	-1	-1	-1	-1	-1	-1	-1	-1	-1	-1	-1	-1	-1	-1	-1	-1	-1	-1	-1	-1	-1	-1	-1	-1	-1	-1	1	-1	-1	-1	-1	-1	-1	-1	-1	-1	-1	1	-1	-1	-1	-1	-1	-1	-1	-1	-1	-1	-1	2	95	3	3	1	250	-1	0	-1	-1	1	-1	-1	-1	60	20301009	30	100
70502072	7	5	2	72	2	-1	2	72	2	飞鹰翔空兽甲·慎	85	飞鹰者，欲翔空则难阻。#r适合#G谨慎#W性格的珍兽穿着，穿齐全套可#G增加吸气技能的生效几率#W。#r#G可在苏州（248，184）云姗姗处使用珍兽装备相关功能。#W	1000	800	3	-1	-1	PetEquipCloth1_6	珍兽体甲	1	1	-1	-1	649	649	-1	-1	1	-1	-1	-1	-1	-1	-1	-1	-1	-1	-1	-1	-1	-1	-1	-1	-1	-1	-1	-1	-1	-1	-1	-1	-1	-1	-1	-1	-1	-1	-1	-1	-1	-1	-1	1	-1	-1	-1	-1	-1	-1	-1	-1	-1	-1	1	-1	-1	-1	-1	-1	-1	-1	-1	-1	-1	-1	3	95	3	3	1	250	-1	0	-1	-1	1	-1	-1	-1	70	20301009	35	100
70502073	7	5	2	73	2	-1	2	73	2	飞鹰翔空兽甲·慎	85	飞鹰者，欲翔空则难阻。#r适合#G谨慎#W性格的珍兽穿着，穿齐全套可#G增加吸气技能的生效几率#W。#r#G可在苏州（248，184）云姗姗处使用珍兽装备相关功能。#W	1000	800	3	-1	-1	PetEquipCloth1_6	珍兽体甲	1	1	-1	-1	649	649	-1	-1	1	-1	-1	-1	-1	-1	-1	-1	-1	-1	-1	-1	-1	-1	-1	-1	-1	-1	-1	-1	-1	-1	-1	-1	-1	-1	-1	-1	-1	-1	-1	-1	-1	-1	-1	1	-1	-1	-1	-1	-1	-1	-1	-1	-1	-1	1	-1	-1	-1	-1	-1	-1	-1	-1	-1	-1	-1	4	95	3	3	1	250	-1	0	-1	-1	1	-1	-1	-1	80	20301009	42	100
70502074	7	5	2	74	2	-1	2	74	2	飞鹰翔空兽甲·慎	85	飞鹰者，欲翔空则难阻。#r适合#G谨慎#W性格的珍兽穿着，穿齐全套可#G增加吸气技能的生效几率#W。#r#G可在苏州（248，184）云姗姗处使用珍兽装备相关功能。#W	1000	800	3	-1	-1	PetEquipCloth1_6	珍兽体甲	1	1	-1	-1	649	649	-1	-1	1	-1	-1	-1	-1	-1	-1	-1	-1	-1	-1	-1	-1	-1	-1	-1	-1	-1	-1	-1	-1	-1	-1	-1	-1	-1	-1	-1	-1	-1	-1	-1	-1	-1	-1	1	-1	-1	-1	-1	-1	-1	-1	-1	-1	-1	1	-1	-1	-1	-1	-1	-1	-1	-1	-1	-1	-1	5	95	3	3	1	250	-1	0	-1	-1	1	-1	-1	-1	100	20301009	57	100
70502075	7	5	2	75	2	-1	2	75	2	巨熊哮路兽甲·忠	85	巨熊者，哮路而展其魄。#r适合#G忠诚#W性格的珍兽穿着，穿齐全套可#G增加忠心技能的生效几率#W。#r#G可在苏州（248，184）云姗姗处使用珍兽装备相关功能。#W	1000	800	3	-1	-1	PetEquipCloth1_4	珍兽体甲	1	1	-1	-1	649	649	-1	-1	-1	-1	-1	-1	-1	-1	-1	-1	-1	-1	-1	-1	-1	-1	-1	-1	-1	-1	-1	-1	-1	-1	1	-1	-1	-1	-1	-1	-1	1	-1	-1	-1	-1	-1	-1	1	-1	-1	-1	-1	-1	-1	-1	-1	-1	-1	-1	-1	-1	-1	-1	-1	-1	-1	-1	-1	-1	1	95	3	3	1	250	-1	0	-1	-1	-1	1	-1	-1	50	20301009	20	100
70502076	7	5	2	76	2	-1	2	76	2	巨熊哮路兽甲·忠	85	巨熊者，哮路而展其魄。#r适合#G忠诚#W性格的珍兽穿着，穿齐全套可#G增加忠心技能的生效几率#W。#r#G可在苏州（248，184）云姗姗处使用珍兽装备相关功能。#W	1000	800	3	-1	-1	PetEquipCloth1_4	珍兽体甲	1	1	-1	-1	649	649	-1	-1	-1	-1	-1	-1	-1	-1	-1	-1	-1	-1	-1	-1	-1	-1	-1	-1	-1	-1	-1	-1	-1	-1	1	-1	-1	-1	-1	-1	-1	1	-1	-1	-1	-1	-1	-1	1	-1	-1	-1	-1	-1	-1	-1	-1	-1	-1	-1	-1	-1	-1	-1	-1	-1	-1	-1	-1	-1	2	95	3	3	1	250	-1	0	-1	-1	-1	1	-1	-1	60	20301009	30	100
70502077	7	5	2	77	2	-1	2	77	2	巨熊哮路兽甲·忠	85	巨熊者，哮路而展其魄。#r适合#G忠诚#W性格的珍兽穿着，穿齐全套可#G增加忠心技能的生效几率#W。#r#G可在苏州（248，184）云姗姗处使用珍兽装备相关功能。#W	1000	800	3	-1	-1	PetEquipCloth1_4	珍兽体甲	1	1	-1	-1	649	649	-1	-1	-1	-1	-1	-1	-1	-1	-1	-1	-1	-1	-1	-1	-1	-1	-1	-1	-1	-1	-1	-1	-1	-1	1	-1	-1	-1	-1	-1	-1	1	-1	-1	-1	-1	-1	-1	1	-1	-1	-1	-1	-1	-1	-1	-1	-1	-1	-1	-1	-1	-1	-1	-1	-1	-1	-1	-1	-1	3	95	3	3	1	250	-1	0	-1	-1	-1	1	-1	-1	70	20301009	35	100
70502078	7	5	2	78	2	-1	2	78	2	巨熊哮路兽甲·忠	85	巨熊者，哮路而展其魄。#r适合#G忠诚#W性格的珍兽穿着，穿齐全套可#G增加忠心技能的生效几率#W。#r#G可在苏州（248，184）云姗姗处使用珍兽装备相关功能。#W	1000	800	3	-1	-1	PetEquipCloth1_4	珍兽体甲	1	1	-1	-1	649	649	-1	-1	-1	-1	-1	-1	-1	-1	-1	-1	-1	-1	-1	-1	-1	-1	-1	-1	-1	-1	-1	-1	-1	-1	1	-1	-1	-1	-1	-1	-1	1	-1	-1	-1	-1	-1	-1	1	-1	-1	-1	-1	-1	-1	-1	-1	-1	-1	-1	-1	-1	-1	-1	-1	-1	-1	-1	-1	-1	4	95	3	3	1	250	-1	0	-1	-1	-1	1	-1	-1	80	20301009	42	100
70502079	7	5	2	79	2	-1	2	79	2	巨熊哮路兽甲·忠	85	巨熊者，哮路而展其魄。#r适合#G忠诚#W性格的珍兽穿着，穿齐全套可#G增加忠心技能的生效几率#W。#r#G可在苏州（248，184）云姗姗处使用珍兽装备相关功能。#W	1000	800	3	-1	-1	PetEquipCloth1_4	珍兽体甲	1	1	-1	-1	649	649	-1	-1	-1	-1	-1	-1	-1	-1	-1	-1	-1	-1	-1	-1	-1	-1	-1	-1	-1	-1	-1	-1	-1	-1	1	-1	-1	-1	-1	-1	-1	1	-1	-1	-1	-1	-1	-1	1	-1	-1	-1	-1	-1	-1	-1	-1	-1	-1	-1	-1	-1	-1	-1	-1	-1	-1	-1	-1	-1	5	95	3	3	1	250	-1	0	-1	-1	-1	1	-1	-1	100	20301009	57	100
70502080	7	5	2	80	2	-1	2	80	2	巨熊哮路兽甲·慎	85	巨熊者，哮路而展其魄。#r适合#G谨慎#W性格的珍兽穿着，穿齐全套可#G增加吸气技能的生效几率#W。#r#G可在苏州（248，184）云姗姗处使用珍兽装备相关功能。#W	1000	800	3	-1	-1	PetEquipCloth1_4	珍兽体甲	1	1	-1	-1	649	649	-1	-1	-1	-1	-1	-1	-1	-1	-1	-1	-1	-1	-1	-1	-1	-1	-1	-1	-1	-1	-1	-1	-1	-1	-1	-1	-1	-1	-1	-1	-1	-1	-1	-1	-1	-1	-1	1	1	-1	-1	-1	-1	-1	-1	-1	-1	-1	1	-1	-1	-1	-1	-1	-1	-1	-1	-1	-1	-1	1	95	3	3	1	250	-1	0	-1	-1	-1	1	-1	-1	50	20301009	20	100
70502081	7	5	2	81	2	-1	2	81	2	巨熊哮路兽甲·慎	85	巨熊者，哮路而展其魄。#r适合#G谨慎#W性格的珍兽穿着，穿齐全套可#G增加吸气技能的生效几率#W。#r#G可在苏州（248，184）云姗姗处使用珍兽装备相关功能。#W	1000	800	3	-1	-1	PetEquipCloth1_4	珍兽体甲	1	1	-1	-1	649	649	-1	-1	-1	-1	-1	-1	-1	-1	-1	-1	-1	-1	-1	-1	-1	-1	-1	-1	-1	-1	-1	-1	-1	-1	-1	-1	-1	-1	-1	-1	-1	-1	-1	-1	-1	-1	-1	1	1	-1	-1	-1	-1	-1	-1	-1	-1	-1	1	-1	-1	-1	-1	-1	-1	-1	-1	-1	-1	-1	2	95	3	3	1	250	-1	0	-1	-1	-1	1	-1	-1	60	20301009	30	100
70502082	7	5	2	82	2	-1	2	82	2	巨熊哮路兽甲·慎	85	巨熊者，哮路而展其魄。#r适合#G谨慎#W性格的珍兽穿着，穿齐全套可#G增加吸气技能的生效几率#W。#r#G可在苏州（248，184）云姗姗处使用珍兽装备相关功能。#W	1000	800	3	-1	-1	PetEquipCloth1_4	珍兽体甲	1	1	-1	-1	649	649	-1	-1	-1	-1	-1	-1	-1	-1	-1	-1	-1	-1	-1	-1	-1	-1	-1	-1	-1	-1	-1	-1	-1	-1	-1	-1	-1	-1	-1	-1	-1	-1	-1	-1	-1	-1	-1	1	1	-1	-1	-1	-1	-1	-1	-1	-1	-1	1	-1	-1	-1	-1	-1	-1	-1	-1	-1	-1	-1	3	95	3	3	1	250	-1	0	-1	-1	-1	1	-1	-1	70	20301009	35	100
70502083	7	5	2	83	2	-1	2	83	2	巨熊哮路兽甲·慎	85	巨熊者，哮路而展其魄。#r适合#G谨慎#W性格的珍兽穿着，穿齐全套可#G增加吸气技能的生效几率#W。#r#G可在苏州（248，184）云姗姗处使用珍兽装备相关功能。#W	1000	800	3	-1	-1	PetEquipCloth1_4	珍兽体甲	1	1	-1	-1	649	649	-1	-1	-1	-1	-1	-1	-1	-1	-1	-1	-1	-1	-1	-1	-1	-1	-1	-1	-1	-1	-1	-1	-1	-1	-1	-1	-1	-1	-1	-1	-1	-1	-1	-1	-1	-1	-1	1	1	-1	-1	-1	-1	-1	-1	-1	-1	-1	1	-1	-1	-1	-1	-1	-1	-1	-1	-1	-1	-1	4	95	3	3	1	250	-1	0	-1	-1	-1	1	-1	-1	80	20301009	42	100
70502084	7	5	2	84	2	-1	2	84	2	巨熊哮路兽甲·慎	85	巨熊者，哮路而展其魄。#r适合#G谨慎#W性格的珍兽穿着，穿齐全套可#G增加吸气技能的生效几率#W。#r#G可在苏州（248，184）云姗姗处使用珍兽装备相关功能。#W	1000	800	3	-1	-1	PetEquipCloth1_4	珍兽体甲	1	1	-1	-1	649	649	-1	-1	-1	-1	-1	-1	-1	-1	-1	-1	-1	-1	-1	-1	-1	-1	-1	-1	-1	-1	-1	-1	-1	-1	-1	-1	-1	-1	-1	-1	-1	-1	-1	-1	-1	-1	-1	1	1	-1	-1	-1	-1	-1	-1	-1	-1	-1	1	-1	-1	-1	-1	-1	-1	-1	-1	-1	-1	-1	5	95	3	3	1	250	-1	0	-1	-1	-1	1	-1	-1	100	20301009	57	100
70502085	7	5	2	85	2	-1	2	85	2	奔马逐风兽甲·慎	85	奔马者，逐风以彰其志。#r适合#G谨慎#W性格的珍兽穿着，穿齐全套可#G增加吸气技能的生效几率#W。#r#G可在苏州（248，184）云姗姗处使用珍兽装备相关功能。#W	1000	800	3	-1	-1	PetEquipCloth1_9	珍兽体甲	1	1	-1	-1	649	649	-1	-1	-1	-1	-1	-1	-1	-1	-1	-1	-1	-1	-1	-1	-1	-1	-1	-1	-1	-1	-1	-1	-1	-1	-1	-1	-1	-1	-1	-1	-1	-1	-1	-1	-1	-1	-1	1	1	-1	-1	-1	-1	-1	-1	-1	-1	-1	1	-1	-1	-1	-1	-1	-1	-1	-1	-1	-1	-1	1	95	3	3	1	250	-1	0	-1	-1	-1	-1	-1	1	50	20301009	20	100
70502086	7	5	2	86	2	-1	2	86	2	奔马逐风兽甲·慎	85	奔马者，逐风以彰其志。#r适合#G谨慎#W性格的珍兽穿着，穿齐全套可#G增加吸气技能的生效几率#W。#r#G可在苏州（248，184）云姗姗处使用珍兽装备相关功能。#W	1000	800	3	-1	-1	PetEquipCloth1_9	珍兽体甲	1	1	-1	-1	649	649	-1	-1	-1	-1	-1	-1	-1	-1	-1	-1	-1	-1	-1	-1	-1	-1	-1	-1	-1	-1	-1	-1	-1	-1	-1	-1	-1	-1	-1	-1	-1	-1	-1	-1	-1	-1	-1	1	1	-1	-1	-1	-1	-1	-1	-1	-1	-1	1	-1	-1	-1	-1	-1	-1	-1	-1	-1	-1	-1	2	95	3	3	1	250	-1	0	-1	-1	-1	-1	-1	1	60	20301009	30	100
70502087	7	5	2	87	2	-1	2	87	2	奔马逐风兽甲·慎	85	奔马者，逐风以彰其志。#r适合#G谨慎#W性格的珍兽穿着，穿齐全套可#G增加吸气技能的生效几率#W。#r#G可在苏州（248，184）云姗姗处使用珍兽装备相关功能。#W	1000	800	3	-1	-1	PetEquipCloth1_9	珍兽体甲	1	1	-1	-1	649	649	-1	-1	-1	-1	-1	-1	-1	-1	-1	-1	-1	-1	-1	-1	-1	-1	-1	-1	-1	-1	-1	-1	-1	-1	-1	-1	-1	-1	-1	-1	-1	-1	-1	-1	-1	-1	-1	1	1	-1	-1	-1	-1	-1	-1	-1	-1	-1	1	-1	-1	-1	-1	-1	-1	-1	-1	-1	-1	-1	3	95	3	3	1	250	-1	0	-1	-1	-1	-1	-1	1	70	20301009	35	100
70502088	7	5	2	88	2	-1	2	88	2	奔马逐风兽甲·慎	85	奔马者，逐风以彰其志。#r适合#G谨慎#W性格的珍兽穿着，穿齐全套可#G增加吸气技能的生效几率#W。#r#G可在苏州（248，184）云姗姗处使用珍兽装备相关功能。#W	1000	800	3	-1	-1	PetEquipCloth1_9	珍兽体甲	1	1	-1	-1	649	649	-1	-1	-1	-1	-1	-1	-1	-1	-1	-1	-1	-1	-1	-1	-1	-1	-1	-1	-1	-1	-1	-1	-1	-1	-1	-1	-1	-1	-1	-1	-1	-1	-1	-1	-1	-1	-1	1	1	-1	-1	-1	-1	-1	-1	-1	-1	-1	1	-1	-1	-1	-1	-1	-1	-1	-1	-1	-1	-1	4	95	3	3	1	250	-1	0	-1	-1	-1	-1	-1	1	80	20301009	42	100
70502089	7	5	2	89	2	-1	2	89	2	奔马逐风兽甲·慎	85	奔马者，逐风以彰其志。#r适合#G谨慎#W性格的珍兽穿着，穿齐全套可#G增加吸气技能的生效几率#W。#r#G可在苏州（248，184）云姗姗处使用珍兽装备相关功能。#W	1000	800	3	-1	-1	PetEquipCloth1_9	珍兽体甲	1	1	-1	-1	649	649	-1	-1	-1	-1	-1	-1	-1	-1	-1	-1	-1	-1	-1	-1	-1	-1	-1	-1	-1	-1	-1	-1	-1	-1	-1	-1	-1	-1	-1	-1	-1	-1	-1	-1	-1	-1	-1	1	1	-1	-1	-1	-1	-1	-1	-1	-1	-1	1	-1	-1	-1	-1	-1	-1	-1	-1	-1	-1	-1	5	95	3	3	1	250	-1	0	-1	-1	-1	-1	-1	1	100	20301009	57	100
70502090	7	5	2	90	2	-1	2	90	2	雄狮逆鳞兽甲·勇	95	狮生逆鳞，力猛不可知。#r适合#G勇猛#W性格的珍兽穿着，穿齐全套可#G增加连击技能的释放几率#W。#r#G可在苏州（248，184）云姗姗处使用珍兽装备相关功能。#W	1000	800	3	-1	-1	PetEquipCloth1_8	珍兽体甲	1	1	-1	-1	718	718	-1	-1	-1	-1	-1	-1	-1	-1	-1	-1	-1	-1	-1	-1	-1	-1	-1	-1	-1	-1	-1	1	-1	-1	-1	-1	-1	-1	-1	-1	-1	-1	-1	-1	-1	-1	-1	1	-1	1	-1	-1	-1	-1	1	-1	-1	-1	-1	-1	-1	-1	-1	-1	-1	-1	-1	-1	-1	-1	1	105	4	4	1	250	-1	0	-1	1	-1	-1	-1	-1	50	20301009	50	100
70502091	7	5	2	91	2	-1	2	91	2	雄狮逆鳞兽甲·勇	95	狮生逆鳞，力猛不可知。#r适合#G勇猛#W性格的珍兽穿着，穿齐全套可#G增加连击技能的释放几率#W。#r#G可在苏州（248，184）云姗姗处使用珍兽装备相关功能。#W	1000	800	3	-1	-1	PetEquipCloth1_8	珍兽体甲	1	1	-1	-1	718	718	-1	-1	-1	-1	-1	-1	-1	-1	-1	-1	-1	-1	-1	-1	-1	-1	-1	-1	-1	-1	-1	1	-1	-1	-1	-1	-1	-1	-1	-1	-1	-1	-1	-1	-1	-1	-1	1	-1	1	-1	-1	-1	-1	1	-1	-1	-1	-1	-1	-1	-1	-1	-1	-1	-1	-1	-1	-1	-1	2	105	4	4	1	250	-1	0	-1	1	-1	-1	-1	-1	60	20301009	68	100
70502092	7	5	2	92	2	-1	2	92	2	雄狮逆鳞兽甲·勇	95	狮生逆鳞，力猛不可知。#r适合#G勇猛#W性格的珍兽穿着，穿齐全套可#G增加连击技能的释放几率#W。#r#G可在苏州（248，184）云姗姗处使用珍兽装备相关功能。#W	1000	800	3	-1	-1	PetEquipCloth1_8	珍兽体甲	1	1	-1	-1	718	718	-1	-1	-1	-1	-1	-1	-1	-1	-1	-1	-1	-1	-1	-1	-1	-1	-1	-1	-1	-1	-1	1	-1	-1	-1	-1	-1	-1	-1	-1	-1	-1	-1	-1	-1	-1	-1	1	-1	1	-1	-1	-1	-1	1	-1	-1	-1	-1	-1	-1	-1	-1	-1	-1	-1	-1	-1	-1	-1	3	105	4	4	1	250	-1	0	-1	1	-1	-1	-1	-1	70	20301009	90	100
70502093	7	5	2	93	2	-1	2	93	2	雄狮逆鳞兽甲·勇	95	狮生逆鳞，力猛不可知。#r适合#G勇猛#W性格的珍兽穿着，穿齐全套可#G增加连击技能的释放几率#W。#r#G可在苏州（248，184）云姗姗处使用珍兽装备相关功能。#W	1000	800	3	-1	-1	PetEquipCloth1_8	珍兽体甲	1	1	-1	-1	718	718	-1	-1	-1	-1	-1	-1	-1	-1	-1	-1	-1	-1	-1	-1	-1	-1	-1	-1	-1	-1	-1	1	-1	-1	-1	-1	-1	-1	-1	-1	-1	-1	-1	-1	-1	-1	-1	1	-1	1	-1	-1	-1	-1	1	-1	-1	-1	-1	-1	-1	-1	-1	-1	-1	-1	-1	-1	-1	-1	4	105	4	4	1	250	-1	0	-1	1	-1	-1	-1	-1	80	20301009	115	100
70502094	7	5	2	94	2	-1	2	94	2	雄狮逆鳞兽甲·勇	95	狮生逆鳞，力猛不可知。#r适合#G勇猛#W性格的珍兽穿着，穿齐全套可#G增加连击技能的释放几率#W。#r#G可在苏州（248，184）云姗姗处使用珍兽装备相关功能。#W	1000	800	3	-1	-1	PetEquipCloth1_8	珍兽体甲	1	1	-1	-1	718	718	-1	-1	-1	-1	-1	-1	-1	-1	-1	-1	-1	-1	-1	-1	-1	-1	-1	-1	-1	-1	-1	1	-1	-1	-1	-1	-1	-1	-1	-1	-1	-1	-1	-1	-1	-1	-1	1	-1	1	-1	-1	-1	-1	1	-1	-1	-1	-1	-1	-1	-1	-1	-1	-1	-1	-1	-1	-1	-1	5	105	4	4	1	250	-1	0	-1	1	-1	-1	-1	-1	100	20301009	143	100
70502095	7	5	2	95	2	-1	2	95	2	雄狮逆鳞兽甲·狡	95	狮生逆鳞，力猛不可知。#r适合#G精明#W性格的珍兽穿着，穿齐全套可#G增加反击技能的生效几率#W。#r#G可在苏州（248，184）云姗姗处使用珍兽装备相关功能。#W	1000	800	3	-1	-1	PetEquipCloth1_8	珍兽体甲	1	1	-1	-1	718	718	-1	-1	1	-1	-1	-1	-1	-1	-1	-1	-1	-1	-1	-1	-1	-1	-1	-1	-1	-1	-1	1	-1	-1	-1	-1	-1	-1	-1	-1	-1	-1	-1	-1	-1	-1	-1	1	-1	-1	-1	-1	-1	-1	1	-1	-1	-1	-1	-1	-1	-1	-1	-1	-1	-1	-1	-1	-1	-1	1	105	4	4	1	250	-1	0	-1	1	-1	-1	-1	-1	50	20301009	50	100
70502096	7	5	2	96	2	-1	2	96	2	雄狮逆鳞兽甲·狡	95	狮生逆鳞，力猛不可知。#r适合#G精明#W性格的珍兽穿着，穿齐全套可#G增加反击技能的生效几率#W。#r#G可在苏州（248，184）云姗姗处使用珍兽装备相关功能。#W	1000	800	3	-1	-1	PetEquipCloth1_8	珍兽体甲	1	1	-1	-1	718	718	-1	-1	1	-1	-1	-1	-1	-1	-1	-1	-1	-1	-1	-1	-1	-1	-1	-1	-1	-1	-1	1	-1	-1	-1	-1	-1	-1	-1	-1	-1	-1	-1	-1	-1	-1	-1	1	-1	-1	-1	-1	-1	-1	1	-1	-1	-1	-1	-1	-1	-1	-1	-1	-1	-1	-1	-1	-1	-1	2	105	4	4	1	250	-1	0	-1	1	-1	-1	-1	-1	60	20301009	68	100
70502097	7	5	2	97	2	-1	2	97	2	雄狮逆鳞兽甲·狡	95	狮生逆鳞，力猛不可知。#r适合#G精明#W性格的珍兽穿着，穿齐全套可#G增加反击技能的生效几率#W。#r#G可在苏州（248，184）云姗姗处使用珍兽装备相关功能。#W	1000	800	3	-1	-1	PetEquipCloth1_8	珍兽体甲	1	1	-1	-1	718	718	-1	-1	1	-1	-1	-1	-1	-1	-1	-1	-1	-1	-1	-1	-1	-1	-1	-1	-1	-1	-1	1	-1	-1	-1	-1	-1	-1	-1	-1	-1	-1	-1	-1	-1	-1	-1	1	-1	-1	-1	-1	-1	-1	1	-1	-1	-1	-1	-1	-1	-1	-1	-1	-1	-1	-1	-1	-1	-1	3	105	4	4	1	250	-1	0	-1	1	-1	-1	-1	-1	70	20301009	90	100
70502098	7	5	2	98	2	-1	2	98	2	雄狮逆鳞兽甲·狡	95	狮生逆鳞，力猛不可知。#r适合#G精明#W性格的珍兽穿着，穿齐全套可#G增加反击技能的生效几率#W。#r#G可在苏州（248，184）云姗姗处使用珍兽装备相关功能。#W	1000	800	3	-1	-1	PetEquipCloth1_8	珍兽体甲	1	1	-1	-1	718	718	-1	-1	1	-1	-1	-1	-1	-1	-1	-1	-1	-1	-1	-1	-1	-1	-1	-1	-1	-1	-1	1	-1	-1	-1	-1	-1	-1	-1	-1	-1	-1	-1	-1	-1	-1	-1	1	-1	-1	-1	-1	-1	-1	1	-1	-1	-1	-1	-1	-1	-1	-1	-1	-1	-1	-1	-1	-1	-1	4	105	4	4	1	250	-1	0	-1	1	-1	-1	-1	-1	80	20301009	115	100
70502099	7	5	2	99	2	-1	2	99	2	雄狮逆鳞兽甲·狡	95	狮生逆鳞，力猛不可知。#r适合#G精明#W性格的珍兽穿着，穿齐全套可#G增加反击技能的生效几率#W。#r#G可在苏州（248，184）云姗姗处使用珍兽装备相关功能。#W	1000	800	3	-1	-1	PetEquipCloth1_8	珍兽体甲	1	1	-1	-1	718	718	-1	-1	1	-1	-1	-1	-1	-1	-1	-1	-1	-1	-1	-1	-1	-1	-1	-1	-1	-1	-1	1	-1	-1	-1	-1	-1	-1	-1	-1	-1	-1	-1	-1	-1	-1	-1	1	-1	-1	-1	-1	-1	-1	1	-1	-1	-1	-1	-1	-1	-1	-1	-1	-1	-1	-1	-1	-1	-1	5	105	4	4	1	250	-1	0	-1	1	-1	-1	-1	-1	100	20301009	143	100
70502100	7	5	2	100	2	-1	2	100	2	雄狮逆鳞兽甲·慎	95	狮生逆鳞，力猛不可知。#r适合#G谨慎#W性格的珍兽穿着，穿齐全套可#G增加打怒技能的生效几率#W。#r#G可在苏州（248，184）云姗姗处使用珍兽装备相关功能。#W	1000	800	3	-1	-1	PetEquipCloth1_8	珍兽体甲	1	1	-1	-1	718	718	-1	-1	1	-1	-1	-1	-1	-1	-1	-1	-1	-1	-1	-1	-1	-1	-1	-1	-1	-1	-1	-1	-1	-1	-1	-1	-1	-1	-1	-1	-1	-1	-1	-1	-1	-1	-1	1	-1	-1	-1	-1	-1	-1	1	-1	-1	-1	1	-1	-1	-1	-1	-1	-1	-1	-1	-1	-1	-1	1	105	4	4	1	250	-1	0	-1	1	-1	-1	-1	-1	50	20301009	50	100
70502101	7	5	2	101	2	-1	2	101	2	雄狮逆鳞兽甲·慎	95	狮生逆鳞，力猛不可知。#r适合#G谨慎#W性格的珍兽穿着，穿齐全套可#G增加打怒技能的生效几率#W。#r#G可在苏州（248，184）云姗姗处使用珍兽装备相关功能。#W	1000	800	3	-1	-1	PetEquipCloth1_8	珍兽体甲	1	1	-1	-1	718	718	-1	-1	1	-1	-1	-1	-1	-1	-1	-1	-1	-1	-1	-1	-1	-1	-1	-1	-1	-1	-1	-1	-1	-1	-1	-1	-1	-1	-1	-1	-1	-1	-1	-1	-1	-1	-1	1	-1	-1	-1	-1	-1	-1	1	-1	-1	-1	1	-1	-1	-1	-1	-1	-1	-1	-1	-1	-1	-1	2	105	4	4	1	250	-1	0	-1	1	-1	-1	-1	-1	60	20301009	68	100
70502102	7	5	2	102	2	-1	2	102	2	雄狮逆鳞兽甲·慎	95	狮生逆鳞，力猛不可知。#r适合#G谨慎#W性格的珍兽穿着，穿齐全套可#G增加打怒技能的生效几率#W。#r#G可在苏州（248，184）云姗姗处使用珍兽装备相关功能。#W	1000	800	3	-1	-1	PetEquipCloth1_8	珍兽体甲	1	1	-1	-1	718	718	-1	-1	1	-1	-1	-1	-1	-1	-1	-1	-1	-1	-1	-1	-1	-1	-1	-1	-1	-1	-1	-1	-1	-1	-1	-1	-1	-1	-1	-1	-1	-1	-1	-1	-1	-1	-1	1	-1	-1	-1	-1	-1	-1	1	-1	-1	-1	1	-1	-1	-1	-1	-1	-1	-1	-1	-1	-1	-1	3	105	4	4	1	250	-1	0	-1	1	-1	-1	-1	-1	70	20301009	90	100
70502103	7	5	2	103	2	-1	2	103	2	雄狮逆鳞兽甲·慎	95	狮生逆鳞，力猛不可知。#r适合#G谨慎#W性格的珍兽穿着，穿齐全套可#G增加打怒技能的生效几率#W。#r#G可在苏州（248，184）云姗姗处使用珍兽装备相关功能。#W	1000	800	3	-1	-1	PetEquipCloth1_8	珍兽体甲	1	1	-1	-1	718	718	-1	-1	1	-1	-1	-1	-1	-1	-1	-1	-1	-1	-1	-1	-1	-1	-1	-1	-1	-1	-1	-1	-1	-1	-1	-1	-1	-1	-1	-1	-1	-1	-1	-1	-1	-1	-1	1	-1	-1	-1	-1	-1	-1	1	-1	-1	-1	1	-1	-1	-1	-1	-1	-1	-1	-1	-1	-1	-1	4	105	4	4	1	250	-1	0	-1	1	-1	-1	-1	-1	80	20301009	115	100
70502104	7	5	2	104	2	-1	2	104	2	雄狮逆鳞兽甲·慎	95	狮生逆鳞，力猛不可知。#r适合#G谨慎#W性格的珍兽穿着，穿齐全套可#G增加打怒技能的生效几率#W。#r#G可在苏州（248，184）云姗姗处使用珍兽装备相关功能。#W	1000	800	3	-1	-1	PetEquipCloth1_8	珍兽体甲	1	1	-1	-1	718	718	-1	-1	1	-1	-1	-1	-1	-1	-1	-1	-1	-1	-1	-1	-1	-1	-1	-1	-1	-1	-1	-1	-1	-1	-1	-1	-1	-1	-1	-1	-1	-1	-1	-1	-1	-1	-1	1	-1	-1	-1	-1	-1	-1	1	-1	-1	-1	1	-1	-1	-1	-1	-1	-1	-1	-1	-1	-1	-1	5	105	4	4	1	250	-1	0	-1	1	-1	-1	-1	-1	100	20301009	143	100
70502105	7	5	2	105	2	-1	2	105	2	昆鹏异羽兽甲·怯	95	昆仑有鹏，异羽昭其灵。#r适合#G胆小#W性格的珍兽穿着，穿齐全套可#G增加烈火咒、玄雷咒、血毒咒、寒冰咒释放几率#W。#r#G可在苏州（248，184）云姗姗处使用珍兽装备相关功能。#W	1000	800	3	-1	-1	PetEquipCloth1_7	珍兽体甲	1	1	-1	-1	718	718	-1	-1	-1	-1	-1	-1	-1	-1	-1	-1	-1	-1	-1	-1	-1	-1	-1	-1	-1	-1	-1	-1	-1	-1	-1	-1	-1	-1	1	-1	-1	-1	-1	-1	-1	-1	-1	1	-1	1	-1	-1	-1	-1	-1	1	-1	-1	-1	-1	-1	-1	-1	-1	-1	-1	-1	-1	-1	-1	1	105	4	4	1	250	-1	0	-1	-1	1	-1	-1	-1	50	20301009	50	100
70502106	7	5	2	106	2	-1	2	106	2	昆鹏异羽兽甲·怯	95	昆仑有鹏，异羽昭其灵。#r适合#G胆小#W性格的珍兽穿着，穿齐全套可#G增加烈火咒、玄雷咒、血毒咒、寒冰咒释放几率#W。#r#G可在苏州（248，184）云姗姗处使用珍兽装备相关功能。#W	1000	800	3	-1	-1	PetEquipCloth1_7	珍兽体甲	1	1	-1	-1	718	718	-1	-1	-1	-1	-1	-1	-1	-1	-1	-1	-1	-1	-1	-1	-1	-1	-1	-1	-1	-1	-1	-1	-1	-1	-1	-1	-1	-1	1	-1	-1	-1	-1	-1	-1	-1	-1	1	-1	1	-1	-1	-1	-1	-1	1	-1	-1	-1	-1	-1	-1	-1	-1	-1	-1	-1	-1	-1	-1	2	105	4	4	1	250	-1	0	-1	-1	1	-1	-1	-1	60	20301009	68	100
70502107	7	5	2	107	2	-1	2	107	2	昆鹏异羽兽甲·怯	95	昆仑有鹏，异羽昭其灵。#r适合#G胆小#W性格的珍兽穿着，穿齐全套可#G增加烈火咒、玄雷咒、血毒咒、寒冰咒释放几率#W。#r#G可在苏州（248，184）云姗姗处使用珍兽装备相关功能。#W	1000	800	3	-1	-1	PetEquipCloth1_7	珍兽体甲	1	1	-1	-1	718	718	-1	-1	-1	-1	-1	-1	-1	-1	-1	-1	-1	-1	-1	-1	-1	-1	-1	-1	-1	-1	-1	-1	-1	-1	-1	-1	-1	-1	1	-1	-1	-1	-1	-1	-1	-1	-1	1	-1	1	-1	-1	-1	-1	-1	1	-1	-1	-1	-1	-1	-1	-1	-1	-1	-1	-1	-1	-1	-1	3	105	4	4	1	250	-1	0	-1	-1	1	-1	-1	-1	70	20301009	90	100
70502108	7	5	2	108	2	-1	2	108	2	昆鹏异羽兽甲·怯	95	昆仑有鹏，异羽昭其灵。#r适合#G胆小#W性格的珍兽穿着，穿齐全套可#G增加烈火咒、玄雷咒、血毒咒、寒冰咒释放几率#W。#r#G可在苏州（248，184）云姗姗处使用珍兽装备相关功能。#W	1000	800	3	-1	-1	PetEquipCloth1_7	珍兽体甲	1	1	-1	-1	718	718	-1	-1	-1	-1	-1	-1	-1	-1	-1	-1	-1	-1	-1	-1	-1	-1	-1	-1	-1	-1	-1	-1	-1	-1	-1	-1	-1	-1	1	-1	-1	-1	-1	-1	-1	-1	-1	1	-1	1	-1	-1	-1	-1	-1	1	-1	-1	-1	-1	-1	-1	-1	-1	-1	-1	-1	-1	-1	-1	4	105	4	4	1	250	-1	0	-1	-1	1	-1	-1	-1	80	20301009	115	100
70502109	7	5	2	109	2	-1	2	109	2	昆鹏异羽兽甲·怯	95	昆仑有鹏，异羽昭其灵。#r适合#G胆小#W性格的珍兽穿着，穿齐全套可#G增加烈火咒、玄雷咒、血毒咒、寒冰咒释放几率#W。#r#G可在苏州（248，184）云姗姗处使用珍兽装备相关功能。#W	1000	800	3	-1	-1	PetEquipCloth1_7	珍兽体甲	1	1	-1	-1	718	718	-1	-1	-1	-1	-1	-1	-1	-1	-1	-1	-1	-1	-1	-1	-1	-1	-1	-1	-1	-1	-1	-1	-1	-1	-1	-1	-1	-1	1	-1	-1	-1	-1	-1	-1	-1	-1	1	-1	1	-1	-1	-1	-1	-1	1	-1	-1	-1	-1	-1	-1	-1	-1	-1	-1	-1	-1	-1	-1	5	105	4	4	1	250	-1	0	-1	-1	1	-1	-1	-1	100	20301009	143	100
70502110	7	5	2	110	2	-1	2	110	2	昆鹏异羽兽甲·狡	95	昆仑有鹏，异羽昭其灵。#r适合#G精明#W性格的珍兽穿着，穿齐全套可#G增加反击技能的生效几率#W。#r#G可在苏州（248，184）云姗姗处使用珍兽装备相关功能。#W	1000	800	3	-1	-1	PetEquipCloth1_7	珍兽体甲	1	1	-1	-1	718	718	-1	-1	1	-1	-1	-1	-1	-1	-1	-1	-1	-1	-1	-1	-1	-1	-1	-1	-1	-1	-1	-1	-1	-1	-1	-1	-1	-1	1	-1	-1	-1	-1	-1	-1	-1	-1	1	-1	-1	-1	-1	-1	-1	-1	1	-1	-1	-1	-1	-1	-1	-1	-1	-1	-1	-1	-1	-1	-1	1	105	4	4	1	250	-1	0	-1	-1	1	-1	-1	-1	50	20301009	50	100
70502111	7	5	2	111	2	-1	2	111	2	昆鹏异羽兽甲·狡	95	昆仑有鹏，异羽昭其灵。#r适合#G精明#W性格的珍兽穿着，穿齐全套可#G增加反击技能的生效几率#W。#r#G可在苏州（248，184）云姗姗处使用珍兽装备相关功能。#W	1000	800	3	-1	-1	PetEquipCloth1_7	珍兽体甲	1	1	-1	-1	718	718	-1	-1	1	-1	-1	-1	-1	-1	-1	-1	-1	-1	-1	-1	-1	-1	-1	-1	-1	-1	-1	-1	-1	-1	-1	-1	-1	-1	1	-1	-1	-1	-1	-1	-1	-1	-1	1	-1	-1	-1	-1	-1	-1	-1	1	-1	-1	-1	-1	-1	-1	-1	-1	-1	-1	-1	-1	-1	-1	2	105	4	4	1	250	-1	0	-1	-1	1	-1	-1	-1	60	20301009	68	100
70502112	7	5	2	112	2	-1	2	112	2	昆鹏异羽兽甲·狡	95	昆仑有鹏，异羽昭其灵。#r适合#G精明#W性格的珍兽穿着，穿齐全套可#G增加反击技能的生效几率#W。#r#G可在苏州（248，184）云姗姗处使用珍兽装备相关功能。#W	1000	800	3	-1	-1	PetEquipCloth1_7	珍兽体甲	1	1	-1	-1	718	718	-1	-1	1	-1	-1	-1	-1	-1	-1	-1	-1	-1	-1	-1	-1	-1	-1	-1	-1	-1	-1	-1	-1	-1	-1	-1	-1	-1	1	-1	-1	-1	-1	-1	-1	-1	-1	1	-1	-1	-1	-1	-1	-1	-1	1	-1	-1	-1	-1	-1	-1	-1	-1	-1	-1	-1	-1	-1	-1	3	105	4	4	1	250	-1	0	-1	-1	1	-1	-1	-1	70	20301009	90	100
70502113	7	5	2	113	2	-1	2	113	2	昆鹏异羽兽甲·狡	95	昆仑有鹏，异羽昭其灵。#r适合#G精明#W性格的珍兽穿着，穿齐全套可#G增加反击技能的生效几率#W。#r#G可在苏州（248，184）云姗姗处使用珍兽装备相关功能。#W	1000	800	3	-1	-1	PetEquipCloth1_7	珍兽体甲	1	1	-1	-1	718	718	-1	-1	1	-1	-1	-1	-1	-1	-1	-1	-1	-1	-1	-1	-1	-1	-1	-1	-1	-1	-1	-1	-1	-1	-1	-1	-1	-1	1	-1	-1	-1	-1	-1	-1	-1	-1	1	-1	-1	-1	-1	-1	-1	-1	1	-1	-1	-1	-1	-1	-1	-1	-1	-1	-1	-1	-1	-1	-1	4	105	4	4	1	250	-1	0	-1	-1	1	-1	-1	-1	80	20301009	115	100
70502114	7	5	2	114	2	-1	2	114	2	昆鹏异羽兽甲·狡	95	昆仑有鹏，异羽昭其灵。#r适合#G精明#W性格的珍兽穿着，穿齐全套可#G增加反击技能的生效几率#W。#r#G可在苏州（248，184）云姗姗处使用珍兽装备相关功能。#W	1000	800	3	-1	-1	PetEquipCloth1_7	珍兽体甲	1	1	-1	-1	718	718	-1	-1	1	-1	-1	-1	-1	-1	-1	-1	-1	-1	-1	-1	-1	-1	-1	-1	-1	-1	-1	-1	-1	-1	-1	-1	-1	-1	1	-1	-1	-1	-1	-1	-1	-1	-1	1	-1	-1	-1	-1	-1	-1	-1	1	-1	-1	-1	-1	-1	-1	-1	-1	-1	-1	-1	-1	-1	-1	5	105	4	4	1	250	-1	0	-1	-1	1	-1	-1	-1	100	20301009	143	100
70502115	7	5	2	115	2	-1	2	115	2	昆鹏异羽兽甲·慎	95	昆仑有鹏，异羽昭其灵。#r适合#G谨慎#W性格的珍兽穿着，穿齐全套可#G增加打怒技能的生效几率#W。#r#G可在苏州（248，184）云姗姗处使用珍兽装备相关功能。#W	1000	800	3	-1	-1	PetEquipCloth1_7	珍兽体甲	1	1	-1	-1	718	718	-1	-1	1	-1	-1	-1	-1	-1	-1	-1	-1	-1	-1	-1	-1	-1	-1	-1	-1	-1	-1	-1	-1	-1	-1	-1	-1	-1	-1	-1	-1	-1	-1	-1	-1	-1	-1	1	-1	-1	-1	-1	-1	-1	-1	1	-1	-1	1	-1	-1	-1	-1	-1	-1	-1	-1	-1	-1	-1	1	105	4	4	1	250	-1	0	-1	-1	1	-1	-1	-1	50	20301009	50	100
70502116	7	5	2	116	2	-1	2	116	2	昆鹏异羽兽甲·慎	95	昆仑有鹏，异羽昭其灵。#r适合#G谨慎#W性格的珍兽穿着，穿齐全套可#G增加打怒技能的生效几率#W。#r#G可在苏州（248，184）云姗姗处使用珍兽装备相关功能。#W	1000	800	3	-1	-1	PetEquipCloth1_7	珍兽体甲	1	1	-1	-1	718	718	-1	-1	1	-1	-1	-1	-1	-1	-1	-1	-1	-1	-1	-1	-1	-1	-1	-1	-1	-1	-1	-1	-1	-1	-1	-1	-1	-1	-1	-1	-1	-1	-1	-1	-1	-1	-1	1	-1	-1	-1	-1	-1	-1	-1	1	-1	-1	1	-1	-1	-1	-1	-1	-1	-1	-1	-1	-1	-1	2	105	4	4	1	250	-1	0	-1	-1	1	-1	-1	-1	60	20301009	68	100
70502117	7	5	2	117	2	-1	2	117	2	昆鹏异羽兽甲·慎	95	昆仑有鹏，异羽昭其灵。#r适合#G谨慎#W性格的珍兽穿着，穿齐全套可#G增加打怒技能的生效几率#W。#r#G可在苏州（248，184）云姗姗处使用珍兽装备相关功能。#W	1000	800	3	-1	-1	PetEquipCloth1_7	珍兽体甲	1	1	-1	-1	718	718	-1	-1	1	-1	-1	-1	-1	-1	-1	-1	-1	-1	-1	-1	-1	-1	-1	-1	-1	-1	-1	-1	-1	-1	-1	-1	-1	-1	-1	-1	-1	-1	-1	-1	-1	-1	-1	1	-1	-1	-1	-1	-1	-1	-1	1	-1	-1	1	-1	-1	-1	-1	-1	-1	-1	-1	-1	-1	-1	3	105	4	4	1	250	-1	0	-1	-1	1	-1	-1	-1	70	20301009	90	100
70502118	7	5	2	118	2	-1	2	118	2	昆鹏异羽兽甲·慎	95	昆仑有鹏，异羽昭其灵。#r适合#G谨慎#W性格的珍兽穿着，穿齐全套可#G增加打怒技能的生效几率#W。#r#G可在苏州（248，184）云姗姗处使用珍兽装备相关功能。#W	1000	800	3	-1	-1	PetEquipCloth1_7	珍兽体甲	1	1	-1	-1	718	718	-1	-1	1	-1	-1	-1	-1	-1	-1	-1	-1	-1	-1	-1	-1	-1	-1	-1	-1	-1	-1	-1	-1	-1	-1	-1	-1	-1	-1	-1	-1	-1	-1	-1	-1	-1	-1	1	-1	-1	-1	-1	-1	-1	-1	1	-1	-1	1	-1	-1	-1	-1	-1	-1	-1	-1	-1	-1	-1	4	105	4	4	1	250	-1	0	-1	-1	1	-1	-1	-1	80	20301009	115	100
70502119	7	5	2	119	2	-1	2	119	2	昆鹏异羽兽甲·慎	95	昆仑有鹏，异羽昭其灵。#r适合#G谨慎#W性格的珍兽穿着，穿齐全套可#G增加打怒技能的生效几率#W。#r#G可在苏州（248，184）云姗姗处使用珍兽装备相关功能。#W	1000	800	3	-1	-1	PetEquipCloth1_7	珍兽体甲	1	1	-1	-1	718	718	-1	-1	1	-1	-1	-1	-1	-1	-1	-1	-1	-1	-1	-1	-1	-1	-1	-1	-1	-1	-1	-1	-1	-1	-1	-1	-1	-1	-1	-1	-1	-1	-1	-1	-1	-1	-1	1	-1	-1	-1	-1	-1	-1	-1	1	-1	-1	1	-1	-1	-1	-1	-1	-1	-1	-1	-1	-1	-1	5	105	4	4	1	250	-1	0	-1	-1	1	-1	-1	-1	100	20301009	143	100
70502120	7	5	2	120	2	-1	2	120	2	玄龟奇血兽甲·忠	95	龟背色玄，有奇血暗涌。#r适合#G忠诚#W性格的珍兽穿着，穿齐全套可#G增加灵气技能的生效几率#W。#r#G可在苏州（248，184）云姗姗处使用珍兽装备相关功能。#W	1000	800	3	-1	-1	PetEquipCloth1_12	珍兽体甲	1	1	-1	-1	718	718	-1	-1	-1	-1	-1	-1	-1	-1	-1	-1	-1	-1	-1	-1	-1	-1	-1	-1	-1	-1	-1	-1	-1	-1	1	-1	-1	-1	-1	-1	-1	1	-1	-1	-1	-1	-1	-1	1	-1	-1	-1	-1	-1	-1	-1	1	-1	-1	-1	-1	-1	-1	-1	-1	-1	-1	-1	-1	-1	1	105	4	4	1	250	-1	0	-1	-1	-1	1	-1	-1	50	20301009	50	100
70502121	7	5	2	121	2	-1	2	121	2	玄龟奇血兽甲·忠	95	龟背色玄，有奇血暗涌。#r适合#G忠诚#W性格的珍兽穿着，穿齐全套可#G增加灵气技能的生效几率#W。#r#G可在苏州（248，184）云姗姗处使用珍兽装备相关功能。#W	1000	800	3	-1	-1	PetEquipCloth1_12	珍兽体甲	1	1	-1	-1	718	718	-1	-1	-1	-1	-1	-1	-1	-1	-1	-1	-1	-1	-1	-1	-1	-1	-1	-1	-1	-1	-1	-1	-1	-1	1	-1	-1	-1	-1	-1	-1	1	-1	-1	-1	-1	-1	-1	1	-1	-1	-1	-1	-1	-1	-1	1	-1	-1	-1	-1	-1	-1	-1	-1	-1	-1	-1	-1	-1	2	105	4	4	1	250	-1	0	-1	-1	-1	1	-1	-1	60	20301009	68	100
70502122	7	5	2	122	2	-1	2	122	2	玄龟奇血兽甲·忠	95	龟背色玄，有奇血暗涌。#r适合#G忠诚#W性格的珍兽穿着，穿齐全套可#G增加灵气技能的生效几率#W。#r#G可在苏州（248，184）云姗姗处使用珍兽装备相关功能。#W	1000	800	3	-1	-1	PetEquipCloth1_12	珍兽体甲	1	1	-1	-1	718	718	-1	-1	-1	-1	-1	-1	-1	-1	-1	-1	-1	-1	-1	-1	-1	-1	-1	-1	-1	-1	-1	-1	-1	-1	1	-1	-1	-1	-1	-1	-1	1	-1	-1	-1	-1	-1	-1	1	-1	-1	-1	-1	-1	-1	-1	1	-1	-1	-1	-1	-1	-1	-1	-1	-1	-1	-1	-1	-1	3	105	4	4	1	250	-1	0	-1	-1	-1	1	-1	-1	70	20301009	90	100
70502123	7	5	2	123	2	-1	2	123	2	玄龟奇血兽甲·忠	95	龟背色玄，有奇血暗涌。#r适合#G忠诚#W性格的珍兽穿着，穿齐全套可#G增加灵气技能的生效几率#W。#r#G可在苏州（248，184）云姗姗处使用珍兽装备相关功能。#W	1000	800	3	-1	-1	PetEquipCloth1_12	珍兽体甲	1	1	-1	-1	718	718	-1	-1	-1	-1	-1	-1	-1	-1	-1	-1	-1	-1	-1	-1	-1	-1	-1	-1	-1	-1	-1	-1	-1	-1	1	-1	-1	-1	-1	-1	-1	1	-1	-1	-1	-1	-1	-1	1	-1	-1	-1	-1	-1	-1	-1	1	-1	-1	-1	-1	-1	-1	-1	-1	-1	-1	-1	-1	-1	4	105	4	4	1	250	-1	0	-1	-1	-1	1	-1	-1	80	20301009	115	100
70502124	7	5	2	124	2	-1	2	124	2	玄龟奇血兽甲·忠	95	龟背色玄，有奇血暗涌。#r适合#G忠诚#W性格的珍兽穿着，穿齐全套可#G增加灵气技能的生效几率#W。#r#G可在苏州（248，184）云姗姗处使用珍兽装备相关功能。#W	1000	800	3	-1	-1	PetEquipCloth1_12	珍兽体甲	1	1	-1	-1	718	718	-1	-1	-1	-1	-1	-1	-1	-1	-1	-1	-1	-1	-1	-1	-1	-1	-1	-1	-1	-1	-1	-1	-1	-1	1	-1	-1	-1	-1	-1	-1	1	-1	-1	-1	-1	-1	-1	1	-1	-1	-1	-1	-1	-1	-1	1	-1	-1	-1	-1	-1	-1	-1	-1	-1	-1	-1	-1	-1	5	105	4	4	1	250	-1	0	-1	-1	-1	1	-1	-1	100	20301009	143	100
70502125	7	5	2	125	2	-1	2	125	2	玄龟奇血兽甲·慎	95	龟背色玄，有奇血暗涌。#r适合#G谨慎#W性格的珍兽穿着，穿齐全套可#G增加打怒技能的生效几率#W。#r#G可在苏州（248，184）云姗姗处使用珍兽装备相关功能。#W	1000	800	3	-1	-1	PetEquipCloth1_12	珍兽体甲	1	1	-1	-1	718	718	-1	-1	1	-1	-1	-1	-1	-1	-1	-1	-1	-1	-1	-1	-1	-1	-1	-1	-1	-1	-1	-1	-1	-1	-1	-1	-1	-1	-1	-1	-1	-1	-1	-1	-1	-1	-1	1	1	-1	-1	-1	-1	-1	-1	-1	-1	-1	1	-1	-1	-1	-1	-1	-1	-1	-1	-1	-1	-1	1	105	4	4	1	250	-1	0	-1	-1	-1	1	-1	-1	50	20301009	50	100
70502126	7	5	2	126	2	-1	2	126	2	玄龟奇血兽甲·慎	95	龟背色玄，有奇血暗涌。#r适合#G谨慎#W性格的珍兽穿着，穿齐全套可#G增加打怒技能的生效几率#W。#r#G可在苏州（248，184）云姗姗处使用珍兽装备相关功能。#W	1000	800	3	-1	-1	PetEquipCloth1_12	珍兽体甲	1	1	-1	-1	718	718	-1	-1	1	-1	-1	-1	-1	-1	-1	-1	-1	-1	-1	-1	-1	-1	-1	-1	-1	-1	-1	-1	-1	-1	-1	-1	-1	-1	-1	-1	-1	-1	-1	-1	-1	-1	-1	1	1	-1	-1	-1	-1	-1	-1	-1	-1	-1	1	-1	-1	-1	-1	-1	-1	-1	-1	-1	-1	-1	2	105	4	4	1	250	-1	0	-1	-1	-1	1	-1	-1	60	20301009	68	100
70502127	7	5	2	127	2	-1	2	127	2	玄龟奇血兽甲·慎	95	龟背色玄，有奇血暗涌。#r适合#G谨慎#W性格的珍兽穿着，穿齐全套可#G增加打怒技能的生效几率#W。#r#G可在苏州（248，184）云姗姗处使用珍兽装备相关功能。#W	1000	800	3	-1	-1	PetEquipCloth1_12	珍兽体甲	1	1	-1	-1	718	718	-1	-1	1	-1	-1	-1	-1	-1	-1	-1	-1	-1	-1	-1	-1	-1	-1	-1	-1	-1	-1	-1	-1	-1	-1	-1	-1	-1	-1	-1	-1	-1	-1	-1	-1	-1	-1	1	1	-1	-1	-1	-1	-1	-1	-1	-1	-1	1	-1	-1	-1	-1	-1	-1	-1	-1	-1	-1	-1	3	105	4	4	1	250	-1	0	-1	-1	-1	1	-1	-1	70	20301009	90	100
70502128	7	5	2	128	2	-1	2	128	2	玄龟奇血兽甲·慎	95	龟背色玄，有奇血暗涌。#r适合#G谨慎#W性格的珍兽穿着，穿齐全套可#G增加打怒技能的生效几率#W。#r#G可在苏州（248，184）云姗姗处使用珍兽装备相关功能。#W	1000	800	3	-1	-1	PetEquipCloth1_12	珍兽体甲	1	1	-1	-1	718	718	-1	-1	1	-1	-1	-1	-1	-1	-1	-1	-1	-1	-1	-1	-1	-1	-1	-1	-1	-1	-1	-1	-1	-1	-1	-1	-1	-1	-1	-1	-1	-1	-1	-1	-1	-1	-1	1	1	-1	-1	-1	-1	-1	-1	-1	-1	-1	1	-1	-1	-1	-1	-1	-1	-1	-1	-1	-1	-1	4	105	4	4	1	250	-1	0	-1	-1	-1	1	-1	-1	80	20301009	115	100
70502129	7	5	2	129	2	-1	2	129	2	玄龟奇血兽甲·慎	95	龟背色玄，有奇血暗涌。#r适合#G谨慎#W性格的珍兽穿着，穿齐全套可#G增加打怒技能的生效几率#W。#r#G可在苏州（248，184）云姗姗处使用珍兽装备相关功能。#W	1000	800	3	-1	-1	PetEquipCloth1_12	珍兽体甲	1	1	-1	-1	718	718	-1	-1	1	-1	-1	-1	-1	-1	-1	-1	-1	-1	-1	-1	-1	-1	-1	-1	-1	-1	-1	-1	-1	-1	-1	-1	-1	-1	-1	-1	-1	-1	-1	-1	-1	-1	-1	1	1	-1	-1	-1	-1	-1	-1	-1	-1	-1	1	-1	-1	-1	-1	-1	-1	-1	-1	-1	-1	-1	5	105	4	4	1	250	-1	0	-1	-1	-1	1	-1	-1	100	20301009	143	100
70502130	7	5	2	130	2	-1	2	130	2	墨豹惊步兽甲·慎	95	豹身如墨，步速无不惊。#r适合#G谨慎#W性格的珍兽穿着，穿齐全套可#G增加打怒技能的生效几率#W。#r#G可在苏州（248，184）云姗姗处使用珍兽装备相关功能。#W	1000	800	3	-1	-1	PetEquipCloth1_11	珍兽体甲	1	1	-1	-1	718	718	-1	-1	1	-1	-1	-1	-1	-1	-1	-1	-1	-1	-1	-1	-1	-1	-1	-1	-1	-1	-1	-1	-1	-1	-1	-1	-1	-1	-1	-1	-1	-1	-1	-1	-1	-1	-1	1	1	-1	-1	-1	-1	-1	-1	-1	-1	-1	1	-1	-1	-1	-1	-1	-1	-1	-1	-1	-1	-1	1	105	4	4	1	250	-1	0	-1	-1	-1	-1	-1	1	50	20301009	50	100
70502131	7	5	2	131	2	-1	2	131	2	墨豹惊步兽甲·慎	95	豹身如墨，步速无不惊。#r适合#G谨慎#W性格的珍兽穿着，穿齐全套可#G增加打怒技能的生效几率#W。#r#G可在苏州（248，184）云姗姗处使用珍兽装备相关功能。#W	1000	800	3	-1	-1	PetEquipCloth1_11	珍兽体甲	1	1	-1	-1	718	718	-1	-1	1	-1	-1	-1	-1	-1	-1	-1	-1	-1	-1	-1	-1	-1	-1	-1	-1	-1	-1	-1	-1	-1	-1	-1	-1	-1	-1	-1	-1	-1	-1	-1	-1	-1	-1	1	1	-1	-1	-1	-1	-1	-1	-1	-1	-1	1	-1	-1	-1	-1	-1	-1	-1	-1	-1	-1	-1	2	105	4	4	1	250	-1	0	-1	-1	-1	-1	-1	1	60	20301009	68	100
70502132	7	5	2	132	2	-1	2	132	2	墨豹惊步兽甲·慎	95	豹身如墨，步速无不惊。#r适合#G谨慎#W性格的珍兽穿着，穿齐全套可#G增加打怒技能的生效几率#W。#r#G可在苏州（248，184）云姗姗处使用珍兽装备相关功能。#W	1000	800	3	-1	-1	PetEquipCloth1_11	珍兽体甲	1	1	-1	-1	718	718	-1	-1	1	-1	-1	-1	-1	-1	-1	-1	-1	-1	-1	-1	-1	-1	-1	-1	-1	-1	-1	-1	-1	-1	-1	-1	-1	-1	-1	-1	-1	-1	-1	-1	-1	-1	-1	1	1	-1	-1	-1	-1	-1	-1	-1	-1	-1	1	-1	-1	-1	-1	-1	-1	-1	-1	-1	-1	-1	3	105	4	4	1	250	-1	0	-1	-1	-1	-1	-1	1	70	20301009	90	100
70502133	7	5	2	133	2	-1	2	133	2	墨豹惊步兽甲·慎	95	豹身如墨，步速无不惊。#r适合#G谨慎#W性格的珍兽穿着，穿齐全套可#G增加打怒技能的生效几率#W。#r#G可在苏州（248，184）云姗姗处使用珍兽装备相关功能。#W	1000	800	3	-1	-1	PetEquipCloth1_11	珍兽体甲	1	1	-1	-1	718	718	-1	-1	1	-1	-1	-1	-1	-1	-1	-1	-1	-1	-1	-1	-1	-1	-1	-1	-1	-1	-1	-1	-1	-1	-1	-1	-1	-1	-1	-1	-1	-1	-1	-1	-1	-1	-1	1	1	-1	-1	-1	-1	-1	-1	-1	-1	-1	1	-1	-1	-1	-1	-1	-1	-1	-1	-1	-1	-1	4	105	4	4	1	250	-1	0	-1	-1	-1	-1	-1	1	80	20301009	115	100
70502134	7	5	2	134	2	-1	2	134	2	墨豹惊步兽甲·慎	95	豹身如墨，步速无不惊。#r适合#G谨慎#W性格的珍兽穿着，穿齐全套可#G增加打怒技能的生效几率#W。#r#G可在苏州（248，184）云姗姗处使用珍兽装备相关功能。#W	1000	800	3	-1	-1	PetEquipCloth1_11	珍兽体甲	1	1	-1	-1	718	718	-1	-1	1	-1	-1	-1	-1	-1	-1	-1	-1	-1	-1	-1	-1	-1	-1	-1	-1	-1	-1	-1	-1	-1	-1	-1	-1	-1	-1	-1	-1	-1	-1	-1	-1	-1	-1	1	1	-1	-1	-1	-1	-1	-1	-1	-1	-1	1	-1	-1	-1	-1	-1	-1	-1	-1	-1	-1	-1	5	105	4	4	1	250	-1	0	-1	-1	-1	-1	-1	1	100	20301009	143	100
70503000	7	5	3	0	3	-1	2	0	3	苍狼啸月兽环·勇	75	苍狼啸月，加其力也。#r适合#G勇猛#W性格的珍兽穿着，穿齐全套可#G增加猛击技能的伤害#W。#r项圈装备后珍兽出战时#G力量#W和#G体力#W将获得#G11#W点的提升。#r#G可在苏州（248，184）云姗姗处使用珍兽装备相关功能。#W	1000	800	3	8100	-1	PetEquipChaplet1_13	珍兽项圈	1	1	-1	-1	-1	-1	531	-1	-1	-1	-1	-1	-1	-1	-1	-1	-1	-1	-1	-1	-1	-1	-1	-1	-1	-1	-1	-1	-1	-1	-1	-1	-1	-1	-1	-1	-1	-1	-1	-1	-1	-1	-1	-1	-1	-1	-1	-1	-1	-1	-1	-1	-1	-1	-1	-1	-1	-1	-1	-1	-1	-1	-1	-1	-1	-1	1	85	2	2	1	250	-1	0	-1	1	-1	-1	-1	-1	50	20301009	1	80
70503001	7	5	3	1	3	-1	2	1	3	苍狼啸月兽环·勇	75	苍狼啸月，加其力也。#r适合#G勇猛#W性格的珍兽穿着，穿齐全套可#G增加猛击技能的伤害#W。#r项圈装备后珍兽出战时#G力量#W和#G体力#W将获得#G13#W点的提升。#r#G可在苏州（248，184）云姗姗处使用珍兽装备相关功能。#W	1000	800	3	8101	-1	PetEquipChaplet1_13	珍兽项圈	1	1	-1	-1	-1	-1	531	-1	-1	-1	-1	-1	-1	-1	-1	-1	-1	-1	-1	-1	-1	-1	-1	-1	-1	-1	-1	-1	-1	-1	-1	-1	-1	-1	-1	-1	-1	-1	-1	-1	-1	-1	-1	-1	-1	-1	-1	-1	-1	-1	-1	-1	-1	-1	-1	-1	-1	-1	-1	-1	-1	-1	-1	-1	-1	-1	2	85	2	2	1	250	-1	0	-1	1	-1	-1	-1	-1	60	20301009	3	100
70503002	7	5	3	2	3	-1	2	2	3	苍狼啸月兽环·勇	75	苍狼啸月，加其力也。#r适合#G勇猛#W性格的珍兽穿着，穿齐全套可#G增加猛击技能的伤害#W。#r项圈装备后珍兽出战时#G力量#W和#G体力#W将获得#G18#W点的提升。#r#G可在苏州（248，184）云姗姗处使用珍兽装备相关功能。#W	1000	800	3	8102	-1	PetEquipChaplet1_13	珍兽项圈	1	1	-1	-1	-1	-1	531	-1	-1	-1	-1	-1	-1	-1	-1	-1	-1	-1	-1	-1	-1	-1	-1	-1	-1	-1	-1	-1	-1	-1	-1	-1	-1	-1	-1	-1	-1	-1	-1	-1	-1	-1	-1	-1	-1	-1	-1	-1	-1	-1	-1	-1	-1	-1	-1	-1	-1	-1	-1	-1	-1	-1	-1	-1	-1	-1	3	85	2	2	1	250	-1	0	-1	1	-1	-1	-1	-1	70	20301009	7	100
70503003	7	5	3	3	3	-1	2	3	3	苍狼啸月兽环·勇	75	苍狼啸月，加其力也。#r适合#G勇猛#W性格的珍兽穿着，穿齐全套可#G增加猛击技能的伤害#W。#r项圈装备后珍兽出战时#G力量#W和#G体力#W将获得#G27#W点的提升。#r#G可在苏州（248，184）云姗姗处使用珍兽装备相关功能。#W	1000	800	3	8103	-1	PetEquipChaplet1_13	珍兽项圈	1	1	-1	-1	-1	-1	531	-1	-1	-1	-1	-1	-1	-1	-1	-1	-1	-1	-1	-1	-1	-1	-1	-1	-1	-1	-1	-1	-1	-1	-1	-1	-1	-1	-1	-1	-1	-1	-1	-1	-1	-1	-1	-1	-1	-1	-1	-1	-1	-1	-1	-1	-1	-1	-1	-1	-1	-1	-1	-1	-1	-1	-1	-1	-1	-1	4	85	2	2	1	250	-1	0	-1	1	-1	-1	-1	-1	80	20301009	12	100
70503004	7	5	3	4	3	-1	2	4	3	苍狼啸月兽环·勇	75	苍狼啸月，加其力也。#r适合#G勇猛#W性格的珍兽穿着，穿齐全套可#G增加猛击技能的伤害#W。#r项圈装备后珍兽出战时#G力量#W和#G体力#W将获得#G33#W点的提升。#r#G可在苏州（248，184）云姗姗处使用珍兽装备相关功能。#W	1000	800	3	8104	-1	PetEquipChaplet1_13	珍兽项圈	1	1	-1	-1	-1	-1	531	-1	-1	-1	-1	-1	-1	-1	-1	-1	-1	-1	-1	-1	-1	-1	-1	-1	-1	-1	-1	-1	-1	-1	-1	-1	-1	-1	-1	-1	-1	-1	-1	-1	-1	-1	-1	-1	-1	-1	-1	-1	-1	-1	-1	-1	-1	-1	-1	-1	-1	-1	-1	-1	-1	-1	-1	-1	-1	-1	5	85	2	2	1	250	-1	0	-1	1	-1	-1	-1	-1	100	20301009	20	100
70503005	7	5	3	5	3	-1	2	5	3	苍狼啸月兽环·狡	75	苍狼啸月，加其力也。#r适合#G精明#W性格的珍兽穿着，穿齐全套可#G增加摔绊技能的生效几率#W。#r项圈装备后珍兽出战时#G命中#W将获得#G93#W点的提升；#G会心攻击#W将获得#G2#W点的提升。#r#G可在苏州（248，184）云姗姗处使用珍兽装备相关功能。#W	1000	800	3	8127	-1	PetEquipChaplet1_13	珍兽项圈	1	1	-1	-1	-1	-1	531	-1	-1	-1	-1	-1	-1	-1	-1	-1	-1	-1	-1	-1	-1	-1	-1	-1	-1	-1	-1	-1	-1	-1	-1	-1	-1	-1	-1	-1	-1	-1	-1	-1	-1	-1	-1	-1	-1	-1	-1	-1	-1	-1	-1	-1	-1	-1	-1	-1	-1	-1	-1	-1	-1	-1	-1	-1	-1	-1	1	85	2	2	1	250	-1	0	-1	1	-1	-1	-1	-1	50	20301009	1	80
70503006	7	5	3	6	3	-1	2	6	3	苍狼啸月兽环·狡	75	苍狼啸月，加其力也。#r适合#G精明#W性格的珍兽穿着，穿齐全套可#G增加摔绊技能的生效几率#W。#r项圈装备后珍兽出战时#G命中#W将获得#G102#W点的提升；#G会心攻击#W将获得#G4#W点的提升。#r#G可在苏州（248，184）云姗姗处使用珍兽装备相关功能。#W	1000	800	3	8128	-1	PetEquipChaplet1_13	珍兽项圈	1	1	-1	-1	-1	-1	531	-1	-1	-1	-1	-1	-1	-1	-1	-1	-1	-1	-1	-1	-1	-1	-1	-1	-1	-1	-1	-1	-1	-1	-1	-1	-1	-1	-1	-1	-1	-1	-1	-1	-1	-1	-1	-1	-1	-1	-1	-1	-1	-1	-1	-1	-1	-1	-1	-1	-1	-1	-1	-1	-1	-1	-1	-1	-1	-1	2	85	2	2	1	250	-1	0	-1	1	-1	-1	-1	-1	60	20301009	3	100
70503007	7	5	3	7	3	-1	2	7	3	苍狼啸月兽环·狡	75	苍狼啸月，加其力也。#r适合#G精明#W性格的珍兽穿着，穿齐全套可#G增加摔绊技能的生效几率#W。#r项圈装备后珍兽出战时#G命中#W将获得#G139#W点的提升；#G会心攻击#W将获得#G6#W点的提升。#r#G可在苏州（248，184）云姗姗处使用珍兽装备相关功能。#W	1000	800	3	8129	-1	PetEquipChaplet1_13	珍兽项圈	1	1	-1	-1	-1	-1	531	-1	-1	-1	-1	-1	-1	-1	-1	-1	-1	-1	-1	-1	-1	-1	-1	-1	-1	-1	-1	-1	-1	-1	-1	-1	-1	-1	-1	-1	-1	-1	-1	-1	-1	-1	-1	-1	-1	-1	-1	-1	-1	-1	-1	-1	-1	-1	-1	-1	-1	-1	-1	-1	-1	-1	-1	-1	-1	-1	3	85	2	2	1	250	-1	0	-1	1	-1	-1	-1	-1	70	20301009	7	100
70503008	7	5	3	8	3	-1	2	8	3	苍狼啸月兽环·狡	75	苍狼啸月，加其力也。#r适合#G精明#W性格的珍兽穿着，穿齐全套可#G增加摔绊技能的生效几率#W。#r项圈装备后珍兽出战时#G命中#W将获得#G204#W点的提升；#G会心攻击#W将获得#G8#W点的提升。#r#G可在苏州（248，184）云姗姗处使用珍兽装备相关功能。#W	1000	800	3	8130	-1	PetEquipChaplet1_13	珍兽项圈	1	1	-1	-1	-1	-1	531	-1	-1	-1	-1	-1	-1	-1	-1	-1	-1	-1	-1	-1	-1	-1	-1	-1	-1	-1	-1	-1	-1	-1	-1	-1	-1	-1	-1	-1	-1	-1	-1	-1	-1	-1	-1	-1	-1	-1	-1	-1	-1	-1	-1	-1	-1	-1	-1	-1	-1	-1	-1	-1	-1	-1	-1	-1	-1	-1	4	85	2	2	1	250	-1	0	-1	1	-1	-1	-1	-1	80	20301009	12	100
70503009	7	5	3	9	3	-1	2	9	3	苍狼啸月兽环·狡	75	苍狼啸月，加其力也。#r适合#G精明#W性格的珍兽穿着，穿齐全套可#G增加摔绊技能的生效几率#W。#r项圈装备后珍兽出战时#G命中#W将获得#G251#W点的提升；#G会心攻击#W将获得#G10#W点的提升。#r#G可在苏州（248，184）云姗姗处使用珍兽装备相关功能。#W	1000	800	3	8131	-1	PetEquipChaplet1_13	珍兽项圈	1	1	-1	-1	-1	-1	531	-1	-1	-1	-1	-1	-1	-1	-1	-1	-1	-1	-1	-1	-1	-1	-1	-1	-1	-1	-1	-1	-1	-1	-1	-1	-1	-1	-1	-1	-1	-1	-1	-1	-1	-1	-1	-1	-1	-1	-1	-1	-1	-1	-1	-1	-1	-1	-1	-1	-1	-1	-1	-1	-1	-1	-1	-1	-1	-1	5	85	2	2	1	250	-1	0	-1	1	-1	-1	-1	-1	100	20301009	20	100
70503010	7	5	3	10	3	-1	2	10	3	苍狼啸月兽环·慎	75	苍狼啸月，加其力也。#r适合#G谨慎#W性格的珍兽穿着，穿齐全套可#G增加虚弱技能的生效几率#W。#r项圈装备后珍兽出战时#G力量#W和#G身法#W将获得#G11#W点的提升。#r#G可在苏州（248，184）云姗姗处使用珍兽装备相关功能。#W	1000	800	3	8154	-1	PetEquipChaplet1_13	珍兽项圈	1	1	-1	-1	-1	-1	531	-1	-1	-1	-1	-1	-1	-1	-1	-1	-1	-1	-1	-1	-1	-1	-1	-1	-1	-1	-1	-1	-1	-1	-1	-1	-1	-1	-1	-1	-1	-1	-1	-1	-1	-1	-1	-1	-1	-1	-1	-1	-1	-1	-1	-1	-1	-1	-1	-1	-1	-1	-1	-1	-1	-1	-1	-1	-1	-1	1	85	2	2	1	250	-1	0	-1	1	-1	-1	-1	-1	50	20301009	1	80
70503011	7	5	3	11	3	-1	2	11	3	苍狼啸月兽环·慎	75	苍狼啸月，加其力也。#r适合#G谨慎#W性格的珍兽穿着，穿齐全套可#G增加虚弱技能的生效几率#W。#r项圈装备后珍兽出战时#G力量#W和#G身法#W将获得#G13#W点的提升。#r#G可在苏州（248，184）云姗姗处使用珍兽装备相关功能。#W	1000	800	3	8155	-1	PetEquipChaplet1_13	珍兽项圈	1	1	-1	-1	-1	-1	531	-1	-1	-1	-1	-1	-1	-1	-1	-1	-1	-1	-1	-1	-1	-1	-1	-1	-1	-1	-1	-1	-1	-1	-1	-1	-1	-1	-1	-1	-1	-1	-1	-1	-1	-1	-1	-1	-1	-1	-1	-1	-1	-1	-1	-1	-1	-1	-1	-1	-1	-1	-1	-1	-1	-1	-1	-1	-1	-1	2	85	2	2	1	250	-1	0	-1	1	-1	-1	-1	-1	60	20301009	3	100
70503012	7	5	3	12	3	-1	2	12	3	苍狼啸月兽环·慎	75	苍狼啸月，加其力也。#r适合#G谨慎#W性格的珍兽穿着，穿齐全套可#G增加虚弱技能的生效几率#W。#r项圈装备后珍兽出战时#G力量#W和#G身法#W将获得#G18#W点的提升。#r#G可在苏州（248，184）云姗姗处使用珍兽装备相关功能。#W	1000	800	3	8156	-1	PetEquipChaplet1_13	珍兽项圈	1	1	-1	-1	-1	-1	531	-1	-1	-1	-1	-1	-1	-1	-1	-1	-1	-1	-1	-1	-1	-1	-1	-1	-1	-1	-1	-1	-1	-1	-1	-1	-1	-1	-1	-1	-1	-1	-1	-1	-1	-1	-1	-1	-1	-1	-1	-1	-1	-1	-1	-1	-1	-1	-1	-1	-1	-1	-1	-1	-1	-1	-1	-1	-1	-1	3	85	2	2	1	250	-1	0	-1	1	-1	-1	-1	-1	70	20301009	7	100
70503013	7	5	3	13	3	-1	2	13	3	苍狼啸月兽环·慎	75	苍狼啸月，加其力也。#r适合#G谨慎#W性格的珍兽穿着，穿齐全套可#G增加虚弱技能的生效几率#W。#r项圈装备后珍兽出战时#G力量#W和#G身法#W将获得#G27#W点的提升。#r#G可在苏州（248，184）云姗姗处使用珍兽装备相关功能。#W	1000	800	3	8157	-1	PetEquipChaplet1_13	珍兽项圈	1	1	-1	-1	-1	-1	531	-1	-1	-1	-1	-1	-1	-1	-1	-1	-1	-1	-1	-1	-1	-1	-1	-1	-1	-1	-1	-1	-1	-1	-1	-1	-1	-1	-1	-1	-1	-1	-1	-1	-1	-1	-1	-1	-1	-1	-1	-1	-1	-1	-1	-1	-1	-1	-1	-1	-1	-1	-1	-1	-1	-1	-1	-1	-1	-1	4	85	2	2	1	250	-1	0	-1	1	-1	-1	-1	-1	80	20301009	12	100
70503014	7	5	3	14	3	-1	2	14	3	苍狼啸月兽环·慎	75	苍狼啸月，加其力也。#r适合#G谨慎#W性格的珍兽穿着，穿齐全套可#G增加虚弱技能的生效几率#W。#r项圈装备后珍兽出战时#G力量#W和#G身法#W将获得#G33#W点的提升。#r#G可在苏州（248，184）云姗姗处使用珍兽装备相关功能。#W	1000	800	3	8158	-1	PetEquipChaplet1_13	珍兽项圈	1	1	-1	-1	-1	-1	531	-1	-1	-1	-1	-1	-1	-1	-1	-1	-1	-1	-1	-1	-1	-1	-1	-1	-1	-1	-1	-1	-1	-1	-1	-1	-1	-1	-1	-1	-1	-1	-1	-1	-1	-1	-1	-1	-1	-1	-1	-1	-1	-1	-1	-1	-1	-1	-1	-1	-1	-1	-1	-1	-1	-1	-1	-1	-1	-1	5	85	2	2	1	250	-1	0	-1	1	-1	-1	-1	-1	100	20301009	20	100
70503015	7	5	3	15	3	-1	2	15	3	黄雀戏水兽环·怯	75	黄雀戏水，显其灵也。#r适合#G胆小#W性格的珍兽穿着，穿齐全套可#G增加烈火咒、玄雷咒、血毒咒、寒冰咒伤害#W。#r项圈装备后珍兽出战时#G灵气#W和#G体力#W将获得#G11#W点的提升。#r#G可在苏州（248，184）云姗姗处使用珍兽装备相关功能。#W	1000	800	3	8181	-1	PetEquipChaplet1_2	珍兽项圈	1	1	-1	-1	-1	-1	531	-1	-1	-1	-1	-1	-1	-1	-1	-1	-1	-1	-1	-1	-1	-1	-1	-1	-1	-1	-1	-1	-1	-1	-1	-1	-1	-1	-1	-1	-1	-1	-1	-1	-1	-1	-1	-1	-1	-1	-1	-1	-1	-1	-1	-1	-1	-1	-1	-1	-1	-1	-1	-1	-1	-1	-1	-1	-1	-1	1	85	2	2	1	250	-1	0	-1	-1	1	-1	-1	-1	50	20301009	1	80
70503016	7	5	3	16	3	-1	2	16	3	黄雀戏水兽环·怯	75	黄雀戏水，显其灵也。#r适合#G胆小#W性格的珍兽穿着，穿齐全套可#G增加烈火咒、玄雷咒、血毒咒、寒冰咒伤害#W。#r项圈装备后珍兽出战时#G灵气#W和#G体力#W将获得#G13#W点的提升。#r#G可在苏州（248，184）云姗姗处使用珍兽装备相关功能。#W	1000	800	3	8182	-1	PetEquipChaplet1_2	珍兽项圈	1	1	-1	-1	-1	-1	531	-1	-1	-1	-1	-1	-1	-1	-1	-1	-1	-1	-1	-1	-1	-1	-1	-1	-1	-1	-1	-1	-1	-1	-1	-1	-1	-1	-1	-1	-1	-1	-1	-1	-1	-1	-1	-1	-1	-1	-1	-1	-1	-1	-1	-1	-1	-1	-1	-1	-1	-1	-1	-1	-1	-1	-1	-1	-1	-1	2	85	2	2	1	250	-1	0	-1	-1	1	-1	-1	-1	60	20301009	3	100
70503017	7	5	3	17	3	-1	2	17	3	黄雀戏水兽环·怯	75	黄雀戏水，显其灵也。#r适合#G胆小#W性格的珍兽穿着，穿齐全套可#G增加烈火咒、玄雷咒、血毒咒、寒冰咒伤害#W。#r项圈装备后珍兽出战时#G灵气#W和#G体力#W将获得#G18#W点的提升。#r#G可在苏州（248，184）云姗姗处使用珍兽装备相关功能。#W	1000	800	3	8183	-1	PetEquipChaplet1_2	珍兽项圈	1	1	-1	-1	-1	-1	531	-1	-1	-1	-1	-1	-1	-1	-1	-1	-1	-1	-1	-1	-1	-1	-1	-1	-1	-1	-1	-1	-1	-1	-1	-1	-1	-1	-1	-1	-1	-1	-1	-1	-1	-1	-1	-1	-1	-1	-1	-1	-1	-1	-1	-1	-1	-1	-1	-1	-1	-1	-1	-1	-1	-1	-1	-1	-1	-1	3	85	2	2	1	250	-1	0	-1	-1	1	-1	-1	-1	70	20301009	7	100
70503018	7	5	3	18	3	-1	2	18	3	黄雀戏水兽环·怯	75	黄雀戏水，显其灵也。#r适合#G胆小#W性格的珍兽穿着，穿齐全套可#G增加烈火咒、玄雷咒、血毒咒、寒冰咒伤害#W。#r项圈装备后珍兽出战时#G灵气#W和#G体力#W将获得#G27#W点的提升。#r#G可在苏州（248，184）云姗姗处使用珍兽装备相关功能。#W	1000	800	3	8184	-1	PetEquipChaplet1_2	珍兽项圈	1	1	-1	-1	-1	-1	531	-1	-1	-1	-1	-1	-1	-1	-1	-1	-1	-1	-1	-1	-1	-1	-1	-1	-1	-1	-1	-1	-1	-1	-1	-1	-1	-1	-1	-1	-1	-1	-1	-1	-1	-1	-1	-1	-1	-1	-1	-1	-1	-1	-1	-1	-1	-1	-1	-1	-1	-1	-1	-1	-1	-1	-1	-1	-1	-1	4	85	2	2	1	250	-1	0	-1	-1	1	-1	-1	-1	80	20301009	12	100
70503019	7	5	3	19	3	-1	2	19	3	黄雀戏水兽环·怯	75	黄雀戏水，显其灵也。#r适合#G胆小#W性格的珍兽穿着，穿齐全套可#G增加烈火咒、玄雷咒、血毒咒、寒冰咒伤害#W。#r项圈装备后珍兽出战时#G灵气#W和#G体力#W将获得#G33#W点的提升。#r#G可在苏州（248，184）云姗姗处使用珍兽装备相关功能。#W	1000	800	3	8185	-1	PetEquipChaplet1_2	珍兽项圈	1	1	-1	-1	-1	-1	531	-1	-1	-1	-1	-1	-1	-1	-1	-1	-1	-1	-1	-1	-1	-1	-1	-1	-1	-1	-1	-1	-1	-1	-1	-1	-1	-1	-1	-1	-1	-1	-1	-1	-1	-1	-1	-1	-1	-1	-1	-1	-1	-1	-1	-1	-1	-1	-1	-1	-1	-1	-1	-1	-1	-1	-1	-1	-1	-1	5	85	2	2	1	250	-1	0	-1	-1	1	-1	-1	-1	100	20301009	20	100
70503020	7	5	3	20	3	-1	2	20	3	黄雀戏水兽环·狡	75	黄雀戏水，显其灵也。#r适合#G精明#W性格的珍兽穿着，穿齐全套可#G增加摔绊技能的生效几率#W。#r项圈装备后珍兽出战时#G命中#W将获得#G93#W点的提升；#G会心攻击#W将获得#G2#W点的提升。#r#G可在苏州（248，184）云姗姗处使用珍兽装备相关功能。#W	1000	800	3	8208	-1	PetEquipChaplet1_2	珍兽项圈	1	1	-1	-1	-1	-1	531	-1	-1	-1	-1	-1	-1	-1	-1	-1	-1	-1	-1	-1	-1	-1	-1	-1	-1	-1	-1	-1	-1	-1	-1	-1	-1	-1	-1	-1	-1	-1	-1	-1	-1	-1	-1	-1	-1	-1	-1	-1	-1	-1	-1	-1	-1	-1	-1	-1	-1	-1	-1	-1	-1	-1	-1	-1	-1	-1	1	85	2	2	1	250	-1	0	-1	-1	1	-1	-1	-1	50	20301009	1	80
70503021	7	5	3	21	3	-1	2	21	3	黄雀戏水兽环·狡	75	黄雀戏水，显其灵也。#r适合#G精明#W性格的珍兽穿着，穿齐全套可#G增加摔绊技能的生效几率#W。#r项圈装备后珍兽出战时#G命中#W将获得#G102#W点的提升；#G会心攻击#W将获得#G4#W点的提升。#r#G可在苏州（248，184）云姗姗处使用珍兽装备相关功能。#W	1000	800	3	8209	-1	PetEquipChaplet1_2	珍兽项圈	1	1	-1	-1	-1	-1	531	-1	-1	-1	-1	-1	-1	-1	-1	-1	-1	-1	-1	-1	-1	-1	-1	-1	-1	-1	-1	-1	-1	-1	-1	-1	-1	-1	-1	-1	-1	-1	-1	-1	-1	-1	-1	-1	-1	-1	-1	-1	-1	-1	-1	-1	-1	-1	-1	-1	-1	-1	-1	-1	-1	-1	-1	-1	-1	-1	2	85	2	2	1	250	-1	0	-1	-1	1	-1	-1	-1	60	20301009	3	100
70503022	7	5	3	22	3	-1	2	22	3	黄雀戏水兽环·狡	75	黄雀戏水，显其灵也。#r适合#G精明#W性格的珍兽穿着，穿齐全套可#G增加摔绊技能的生效几率#W。#r项圈装备后珍兽出战时#G命中#W将获得#G139#W点的提升；#G会心攻击#W将获得#G6#W点的提升。#r#G可在苏州（248，184）云姗姗处使用珍兽装备相关功能。#W	1000	800	3	8210	-1	PetEquipChaplet1_2	珍兽项圈	1	1	-1	-1	-1	-1	531	-1	-1	-1	-1	-1	-1	-1	-1	-1	-1	-1	-1	-1	-1	-1	-1	-1	-1	-1	-1	-1	-1	-1	-1	-1	-1	-1	-1	-1	-1	-1	-1	-1	-1	-1	-1	-1	-1	-1	-1	-1	-1	-1	-1	-1	-1	-1	-1	-1	-1	-1	-1	-1	-1	-1	-1	-1	-1	-1	3	85	2	2	1	250	-1	0	-1	-1	1	-1	-1	-1	70	20301009	7	100
70503023	7	5	3	23	3	-1	2	23	3	黄雀戏水兽环·狡	75	黄雀戏水，显其灵也。#r适合#G精明#W性格的珍兽穿着，穿齐全套可#G增加摔绊技能的生效几率#W。#r项圈装备后珍兽出战时#G命中#W将获得#G204#W点的提升；#G会心攻击#W将获得#G8#W点的提升。#r#G可在苏州（248，184）云姗姗处使用珍兽装备相关功能。#W	1000	800	3	8211	-1	PetEquipChaplet1_2	珍兽项圈	1	1	-1	-1	-1	-1	531	-1	-1	-1	-1	-1	-1	-1	-1	-1	-1	-1	-1	-1	-1	-1	-1	-1	-1	-1	-1	-1	-1	-1	-1	-1	-1	-1	-1	-1	-1	-1	-1	-1	-1	-1	-1	-1	-1	-1	-1	-1	-1	-1	-1	-1	-1	-1	-1	-1	-1	-1	-1	-1	-1	-1	-1	-1	-1	-1	4	85	2	2	1	250	-1	0	-1	-1	1	-1	-1	-1	80	20301009	12	100
70503024	7	5	3	24	3	-1	2	24	3	黄雀戏水兽环·狡	75	黄雀戏水，显其灵也。#r适合#G精明#W性格的珍兽穿着，穿齐全套可#G增加摔绊技能的生效几率#W。#r项圈装备后珍兽出战时#G命中#W将获得#G251#W点的提升；#G会心攻击#W将获得#G10#W点的提升。#r#G可在苏州（248，184）云姗姗处使用珍兽装备相关功能。#W	1000	800	3	8212	-1	PetEquipChaplet1_2	珍兽项圈	1	1	-1	-1	-1	-1	531	-1	-1	-1	-1	-1	-1	-1	-1	-1	-1	-1	-1	-1	-1	-1	-1	-1	-1	-1	-1	-1	-1	-1	-1	-1	-1	-1	-1	-1	-1	-1	-1	-1	-1	-1	-1	-1	-1	-1	-1	-1	-1	-1	-1	-1	-1	-1	-1	-1	-1	-1	-1	-1	-1	-1	-1	-1	-1	-1	5	85	2	2	1	250	-1	0	-1	-1	1	-1	-1	-1	100	20301009	20	100
70503025	7	5	3	25	3	-1	2	25	3	黄雀戏水兽环·慎	75	黄雀戏水，显其灵也。#r适合#G谨慎#W性格的珍兽穿着，穿齐全套可#G增加虚弱技能的生效几率#W。#r项圈装备后珍兽出战时#G灵气#W和#G身法#W将获得#G11#W点的提升。#r#G可在苏州（248，184）云姗姗处使用珍兽装备相关功能。#W	1000	800	3	8235	-1	PetEquipChaplet1_2	珍兽项圈	1	1	-1	-1	-1	-1	531	-1	-1	-1	-1	-1	-1	-1	-1	-1	-1	-1	-1	-1	-1	-1	-1	-1	-1	-1	-1	-1	-1	-1	-1	-1	-1	-1	-1	-1	-1	-1	-1	-1	-1	-1	-1	-1	-1	-1	-1	-1	-1	-1	-1	-1	-1	-1	-1	-1	-1	-1	-1	-1	-1	-1	-1	-1	-1	-1	1	85	2	2	1	250	-1	0	-1	-1	1	-1	-1	-1	50	20301009	1	80
70503026	7	5	3	26	3	-1	2	26	3	黄雀戏水兽环·慎	75	黄雀戏水，显其灵也。#r适合#G谨慎#W性格的珍兽穿着，穿齐全套可#G增加虚弱技能的生效几率#W。#r项圈装备后珍兽出战时#G灵气#W和#G身法#W将获得#G13#W点的提升。#r#G可在苏州（248，184）云姗姗处使用珍兽装备相关功能。#W	1000	800	3	8236	-1	PetEquipChaplet1_2	珍兽项圈	1	1	-1	-1	-1	-1	531	-1	-1	-1	-1	-1	-1	-1	-1	-1	-1	-1	-1	-1	-1	-1	-1	-1	-1	-1	-1	-1	-1	-1	-1	-1	-1	-1	-1	-1	-1	-1	-1	-1	-1	-1	-1	-1	-1	-1	-1	-1	-1	-1	-1	-1	-1	-1	-1	-1	-1	-1	-1	-1	-1	-1	-1	-1	-1	-1	2	85	2	2	1	250	-1	0	-1	-1	1	-1	-1	-1	60	20301009	3	100
70503027	7	5	3	27	3	-1	2	27	3	黄雀戏水兽环·慎	75	黄雀戏水，显其灵也。#r适合#G谨慎#W性格的珍兽穿着，穿齐全套可#G增加虚弱技能的生效几率#W。#r项圈装备后珍兽出战时#G灵气#W和#G身法#W将获得#G18#W点的提升。#r#G可在苏州（248，184）云姗姗处使用珍兽装备相关功能。#W	1000	800	3	8237	-1	PetEquipChaplet1_2	珍兽项圈	1	1	-1	-1	-1	-1	531	-1	-1	-1	-1	-1	-1	-1	-1	-1	-1	-1	-1	-1	-1	-1	-1	-1	-1	-1	-1	-1	-1	-1	-1	-1	-1	-1	-1	-1	-1	-1	-1	-1	-1	-1	-1	-1	-1	-1	-1	-1	-1	-1	-1	-1	-1	-1	-1	-1	-1	-1	-1	-1	-1	-1	-1	-1	-1	-1	3	85	2	2	1	250	-1	0	-1	-1	1	-1	-1	-1	70	20301009	7	100
70503028	7	5	3	28	3	-1	2	28	3	黄雀戏水兽环·慎	75	黄雀戏水，显其灵也。#r适合#G谨慎#W性格的珍兽穿着，穿齐全套可#G增加虚弱技能的生效几率#W。#r项圈装备后珍兽出战时#G灵气#W和#G身法#W将获得#G27#W点的提升。#r#G可在苏州（248，184）云姗姗处使用珍兽装备相关功能。#W	1000	800	3	8238	-1	PetEquipChaplet1_2	珍兽项圈	1	1	-1	-1	-1	-1	531	-1	-1	-1	-1	-1	-1	-1	-1	-1	-1	-1	-1	-1	-1	-1	-1	-1	-1	-1	-1	-1	-1	-1	-1	-1	-1	-1	-1	-1	-1	-1	-1	-1	-1	-1	-1	-1	-1	-1	-1	-1	-1	-1	-1	-1	-1	-1	-1	-1	-1	-1	-1	-1	-1	-1	-1	-1	-1	-1	4	85	2	2	1	250	-1	0	-1	-1	1	-1	-1	-1	80	20301009	12	100
70503029	7	5	3	29	3	-1	2	29	3	黄雀戏水兽环·慎	75	黄雀戏水，显其灵也。#r适合#G谨慎#W性格的珍兽穿着，穿齐全套可#G增加虚弱技能的生效几率#W。#r项圈装备后珍兽出战时#G灵气#W和#G身法#W将获得#G33#W点的提升。#r#G可在苏州（248，184）云姗姗处使用珍兽装备相关功能。#W	1000	800	3	8239	-1	PetEquipChaplet1_2	珍兽项圈	1	1	-1	-1	-1	-1	531	-1	-1	-1	-1	-1	-1	-1	-1	-1	-1	-1	-1	-1	-1	-1	-1	-1	-1	-1	-1	-1	-1	-1	-1	-1	-1	-1	-1	-1	-1	-1	-1	-1	-1	-1	-1	-1	-1	-1	-1	-1	-1	-1	-1	-1	-1	-1	-1	-1	-1	-1	-1	-1	-1	-1	-1	-1	-1	-1	5	85	2	2	1	250	-1	0	-1	-1	1	-1	-1	-1	100	20301009	20	100
70503030	7	5	3	30	3	-1	2	30	3	乌豚望日兽环·忠	75	乌豚望日，增其体也。#r适合#G忠诚#W性格的珍兽穿着，穿齐全套可#G增加灵动技能的生效几率#W。#r项圈装备后珍兽出战时#G体力#W将获得#G19#W点的提升。#r#G可在苏州（248，184）云姗姗处使用珍兽装备相关功能。#W	1000	800	3	8262	-1	PetEquipChaplet1_3	珍兽项圈	1	1	-1	-1	-1	-1	531	-1	-1	-1	-1	-1	-1	-1	-1	-1	-1	-1	-1	-1	-1	-1	-1	-1	-1	-1	-1	-1	-1	-1	-1	-1	-1	-1	-1	-1	-1	-1	-1	-1	-1	-1	-1	-1	-1	-1	-1	-1	-1	-1	-1	-1	-1	-1	-1	-1	-1	-1	-1	-1	-1	-1	-1	-1	-1	-1	1	85	2	2	1	250	-1	0	-1	-1	-1	1	-1	-1	50	20301009	1	80
70503031	7	5	3	31	3	-1	2	31	3	乌豚望日兽环·忠	75	乌豚望日，增其体也。#r适合#G忠诚#W性格的珍兽穿着，穿齐全套可#G增加灵动技能的生效几率#W。#r项圈装备后珍兽出战时#G体力#W将获得#G23#W点的提升。#r#G可在苏州（248，184）云姗姗处使用珍兽装备相关功能。#W	1000	800	3	8263	-1	PetEquipChaplet1_3	珍兽项圈	1	1	-1	-1	-1	-1	531	-1	-1	-1	-1	-1	-1	-1	-1	-1	-1	-1	-1	-1	-1	-1	-1	-1	-1	-1	-1	-1	-1	-1	-1	-1	-1	-1	-1	-1	-1	-1	-1	-1	-1	-1	-1	-1	-1	-1	-1	-1	-1	-1	-1	-1	-1	-1	-1	-1	-1	-1	-1	-1	-1	-1	-1	-1	-1	-1	2	85	2	2	1	250	-1	0	-1	-1	-1	1	-1	-1	60	20301009	3	100
70503032	7	5	3	32	3	-1	2	32	3	乌豚望日兽环·忠	75	乌豚望日，增其体也。#r适合#G忠诚#W性格的珍兽穿着，穿齐全套可#G增加灵动技能的生效几率#W。#r项圈装备后珍兽出战时#G体力#W将获得#G32#W点的提升。#r#G可在苏州（248，184）云姗姗处使用珍兽装备相关功能。#W	1000	800	3	8264	-1	PetEquipChaplet1_3	珍兽项圈	1	1	-1	-1	-1	-1	531	-1	-1	-1	-1	-1	-1	-1	-1	-1	-1	-1	-1	-1	-1	-1	-1	-1	-1	-1	-1	-1	-1	-1	-1	-1	-1	-1	-1	-1	-1	-1	-1	-1	-1	-1	-1	-1	-1	-1	-1	-1	-1	-1	-1	-1	-1	-1	-1	-1	-1	-1	-1	-1	-1	-1	-1	-1	-1	-1	3	85	2	2	1	250	-1	0	-1	-1	-1	1	-1	-1	70	20301009	7	100
70503033	7	5	3	33	3	-1	2	33	3	乌豚望日兽环·忠	75	乌豚望日，增其体也。#r适合#G忠诚#W性格的珍兽穿着，穿齐全套可#G增加灵动技能的生效几率#W。#r项圈装备后珍兽出战时#G体力#W将获得#G48#W点的提升。#r#G可在苏州（248，184）云姗姗处使用珍兽装备相关功能。#W	1000	800	3	8265	-1	PetEquipChaplet1_3	珍兽项圈	1	1	-1	-1	-1	-1	531	-1	-1	-1	-1	-1	-1	-1	-1	-1	-1	-1	-1	-1	-1	-1	-1	-1	-1	-1	-1	-1	-1	-1	-1	-1	-1	-1	-1	-1	-1	-1	-1	-1	-1	-1	-1	-1	-1	-1	-1	-1	-1	-1	-1	-1	-1	-1	-1	-1	-1	-1	-1	-1	-1	-1	-1	-1	-1	-1	4	85	2	2	1	250	-1	0	-1	-1	-1	1	-1	-1	80	20301009	12	100
70503034	7	5	3	34	3	-1	2	34	3	乌豚望日兽环·忠	75	乌豚望日，增其体也。#r适合#G忠诚#W性格的珍兽穿着，穿齐全套可#G增加灵动技能的生效几率#W。#r项圈装备后珍兽出战时#G体力#W将获得#G59#W点的提升。#r#G可在苏州（248，184）云姗姗处使用珍兽装备相关功能。#W	1000	800	3	8266	-1	PetEquipChaplet1_3	珍兽项圈	1	1	-1	-1	-1	-1	531	-1	-1	-1	-1	-1	-1	-1	-1	-1	-1	-1	-1	-1	-1	-1	-1	-1	-1	-1	-1	-1	-1	-1	-1	-1	-1	-1	-1	-1	-1	-1	-1	-1	-1	-1	-1	-1	-1	-1	-1	-1	-1	-1	-1	-1	-1	-1	-1	-1	-1	-1	-1	-1	-1	-1	-1	-1	-1	-1	5	85	2	2	1	250	-1	0	-1	-1	-1	1	-1	-1	100	20301009	20	100
70503035	7	5	3	35	3	-1	2	35	3	乌豚望日兽环·慎	75	乌豚望日，增其体也。#r适合#G谨慎#W性格的珍兽穿着，穿齐全套可#G增加虚弱技能的生效几率#W。#r项圈装备后珍兽出战时#G体力#W和#G身法#W将获得#G11#W点的提升。#r#G可在苏州（248，184）云姗姗处使用珍兽装备相关功能。#W	1000	800	3	8289	-1	PetEquipChaplet1_3	珍兽项圈	1	1	-1	-1	-1	-1	531	-1	-1	-1	-1	-1	-1	-1	-1	-1	-1	-1	-1	-1	-1	-1	-1	-1	-1	-1	-1	-1	-1	-1	-1	-1	-1	-1	-1	-1	-1	-1	-1	-1	-1	-1	-1	-1	-1	-1	-1	-1	-1	-1	-1	-1	-1	-1	-1	-1	-1	-1	-1	-1	-1	-1	-1	-1	-1	-1	1	85	2	2	1	250	-1	0	-1	-1	-1	1	-1	-1	50	20301009	1	80
70503036	7	5	3	36	3	-1	2	36	3	乌豚望日兽环·慎	75	乌豚望日，增其体也。#r适合#G谨慎#W性格的珍兽穿着，穿齐全套可#G增加虚弱技能的生效几率#W。#r项圈装备后珍兽出战时#G体力#W和#G身法#W将获得#G13#W点的提升。#r#G可在苏州（248，184）云姗姗处使用珍兽装备相关功能。#W	1000	800	3	8290	-1	PetEquipChaplet1_3	珍兽项圈	1	1	-1	-1	-1	-1	531	-1	-1	-1	-1	-1	-1	-1	-1	-1	-1	-1	-1	-1	-1	-1	-1	-1	-1	-1	-1	-1	-1	-1	-1	-1	-1	-1	-1	-1	-1	-1	-1	-1	-1	-1	-1	-1	-1	-1	-1	-1	-1	-1	-1	-1	-1	-1	-1	-1	-1	-1	-1	-1	-1	-1	-1	-1	-1	-1	2	85	2	2	1	250	-1	0	-1	-1	-1	1	-1	-1	60	20301009	3	100
70503037	7	5	3	37	3	-1	2	37	3	乌豚望日兽环·慎	75	乌豚望日，增其体也。#r适合#G谨慎#W性格的珍兽穿着，穿齐全套可#G增加虚弱技能的生效几率#W。#r项圈装备后珍兽出战时#G体力#W和#G身法#W将获得#G18#W点的提升。#r#G可在苏州（248，184）云姗姗处使用珍兽装备相关功能。#W	1000	800	3	8291	-1	PetEquipChaplet1_3	珍兽项圈	1	1	-1	-1	-1	-1	531	-1	-1	-1	-1	-1	-1	-1	-1	-1	-1	-1	-1	-1	-1	-1	-1	-1	-1	-1	-1	-1	-1	-1	-1	-1	-1	-1	-1	-1	-1	-1	-1	-1	-1	-1	-1	-1	-1	-1	-1	-1	-1	-1	-1	-1	-1	-1	-1	-1	-1	-1	-1	-1	-1	-1	-1	-1	-1	-1	3	85	2	2	1	250	-1	0	-1	-1	-1	1	-1	-1	70	20301009	7	100
70503038	7	5	3	38	3	-1	2	38	3	乌豚望日兽环·慎	75	乌豚望日，增其体也。#r适合#G谨慎#W性格的珍兽穿着，穿齐全套可#G增加虚弱技能的生效几率#W。#r项圈装备后珍兽出战时#G体力#W和#G身法#W将获得#G27#W点的提升。#r#G可在苏州（248，184）云姗姗处使用珍兽装备相关功能。#W	1000	800	3	8292	-1	PetEquipChaplet1_3	珍兽项圈	1	1	-1	-1	-1	-1	531	-1	-1	-1	-1	-1	-1	-1	-1	-1	-1	-1	-1	-1	-1	-1	-1	-1	-1	-1	-1	-1	-1	-1	-1	-1	-1	-1	-1	-1	-1	-1	-1	-1	-1	-1	-1	-1	-1	-1	-1	-1	-1	-1	-1	-1	-1	-1	-1	-1	-1	-1	-1	-1	-1	-1	-1	-1	-1	-1	4	85	2	2	1	250	-1	0	-1	-1	-1	1	-1	-1	80	20301009	12	100
70503039	7	5	3	39	3	-1	2	39	3	乌豚望日兽环·慎	75	乌豚望日，增其体也。#r适合#G谨慎#W性格的珍兽穿着，穿齐全套可#G增加虚弱技能的生效几率#W。#r项圈装备后珍兽出战时#G体力#W和#G身法#W将获得#G33#W点的提升。#r#G可在苏州（248，184）云姗姗处使用珍兽装备相关功能。#W	1000	800	3	8293	-1	PetEquipChaplet1_3	珍兽项圈	1	1	-1	-1	-1	-1	531	-1	-1	-1	-1	-1	-1	-1	-1	-1	-1	-1	-1	-1	-1	-1	-1	-1	-1	-1	-1	-1	-1	-1	-1	-1	-1	-1	-1	-1	-1	-1	-1	-1	-1	-1	-1	-1	-1	-1	-1	-1	-1	-1	-1	-1	-1	-1	-1	-1	-1	-1	-1	-1	-1	-1	-1	-1	-1	-1	5	85	2	2	1	250	-1	0	-1	-1	-1	1	-1	-1	100	20301009	20	100
70503040	7	5	3	40	3	-1	2	40	3	白兔隐林兽环·慎	75	白兔隐林，藏其形也。#r适合#G谨慎#W性格的珍兽穿着，穿齐全套可#G增加虚弱技能的生效几率#W。#r项圈装备后珍兽出战时#G身法#W将获得#G19#W点的提升。#r#G可在苏州（248，184）云姗姗处使用珍兽装备相关功能。#W	1000	800	3	8316	-1	PetEquipChaplet1_5	珍兽项圈	1	1	-1	-1	-1	-1	531	-1	-1	-1	-1	-1	-1	-1	-1	-1	-1	-1	-1	-1	-1	-1	-1	-1	-1	-1	-1	-1	-1	-1	-1	-1	-1	-1	-1	-1	-1	-1	-1	-1	-1	-1	-1	-1	-1	-1	-1	-1	-1	-1	-1	-1	-1	-1	-1	-1	-1	-1	-1	-1	-1	-1	-1	-1	-1	-1	1	85	2	2	1	250	-1	0	-1	-1	-1	-1	-1	1	50	20301009	1	80
70503041	7	5	3	41	3	-1	2	41	3	白兔隐林兽环·慎	75	白兔隐林，藏其形也。#r适合#G谨慎#W性格的珍兽穿着，穿齐全套可#G增加虚弱技能的生效几率#W。#r项圈装备后珍兽出战时#G身法#W将获得#G23#W点的提升。#r#G可在苏州（248，184）云姗姗处使用珍兽装备相关功能。#W	1000	800	3	8317	-1	PetEquipChaplet1_5	珍兽项圈	1	1	-1	-1	-1	-1	531	-1	-1	-1	-1	-1	-1	-1	-1	-1	-1	-1	-1	-1	-1	-1	-1	-1	-1	-1	-1	-1	-1	-1	-1	-1	-1	-1	-1	-1	-1	-1	-1	-1	-1	-1	-1	-1	-1	-1	-1	-1	-1	-1	-1	-1	-1	-1	-1	-1	-1	-1	-1	-1	-1	-1	-1	-1	-1	-1	2	85	2	2	1	250	-1	0	-1	-1	-1	-1	-1	1	60	20301009	3	100
70503042	7	5	3	42	3	-1	2	42	3	白兔隐林兽环·慎	75	白兔隐林，藏其形也。#r适合#G谨慎#W性格的珍兽穿着，穿齐全套可#G增加虚弱技能的生效几率#W。#r项圈装备后珍兽出战时#G身法#W将获得#G32#W点的提升。#r#G可在苏州（248，184）云姗姗处使用珍兽装备相关功能。#W	1000	800	3	8318	-1	PetEquipChaplet1_5	珍兽项圈	1	1	-1	-1	-1	-1	531	-1	-1	-1	-1	-1	-1	-1	-1	-1	-1	-1	-1	-1	-1	-1	-1	-1	-1	-1	-1	-1	-1	-1	-1	-1	-1	-1	-1	-1	-1	-1	-1	-1	-1	-1	-1	-1	-1	-1	-1	-1	-1	-1	-1	-1	-1	-1	-1	-1	-1	-1	-1	-1	-1	-1	-1	-1	-1	-1	3	85	2	2	1	250	-1	0	-1	-1	-1	-1	-1	1	70	20301009	7	100
70503043	7	5	3	43	3	-1	2	43	3	白兔隐林兽环·慎	75	白兔隐林，藏其形也。#r适合#G谨慎#W性格的珍兽穿着，穿齐全套可#G增加虚弱技能的生效几率#W。#r项圈装备后珍兽出战时#G身法#W将获得#G48#W点的提升。#r#G可在苏州（248，184）云姗姗处使用珍兽装备相关功能。#W	1000	800	3	8319	-1	PetEquipChaplet1_5	珍兽项圈	1	1	-1	-1	-1	-1	531	-1	-1	-1	-1	-1	-1	-1	-1	-1	-1	-1	-1	-1	-1	-1	-1	-1	-1	-1	-1	-1	-1	-1	-1	-1	-1	-1	-1	-1	-1	-1	-1	-1	-1	-1	-1	-1	-1	-1	-1	-1	-1	-1	-1	-1	-1	-1	-1	-1	-1	-1	-1	-1	-1	-1	-1	-1	-1	-1	4	85	2	2	1	250	-1	0	-1	-1	-1	-1	-1	1	80	20301009	12	100
70503044	7	5	3	44	3	-1	2	44	3	白兔隐林兽环·慎	75	白兔隐林，藏其形也。#r适合#G谨慎#W性格的珍兽穿着，穿齐全套可#G增加虚弱技能的生效几率#W。#r项圈装备后珍兽出战时#G身法#W将获得#G59#W点的提升。#r#G可在苏州（248，184）云姗姗处使用珍兽装备相关功能。#W	1000	800	3	8320	-1	PetEquipChaplet1_5	珍兽项圈	1	1	-1	-1	-1	-1	531	-1	-1	-1	-1	-1	-1	-1	-1	-1	-1	-1	-1	-1	-1	-1	-1	-1	-1	-1	-1	-1	-1	-1	-1	-1	-1	-1	-1	-1	-1	-1	-1	-1	-1	-1	-1	-1	-1	-1	-1	-1	-1	-1	-1	-1	-1	-1	-1	-1	-1	-1	-1	-1	-1	-1	-1	-1	-1	-1	5	85	2	2	1	250	-1	0	-1	-1	-1	-1	-1	1	100	20301009	20	100
70503045	7	5	3	45	3	-1	2	45	3	猛虎撼山兽环·勇	85	猛虎者，虽山高亦可撼。#r适合#G勇猛#W性格的珍兽穿着，穿齐全套可#G增加猛击技能的释放几率#W。#r项圈装备后珍兽出战时#G力量#W和#G体力#W将获得#G13#W点的提升。#r#G可在苏州（248，184）云姗姗处使用珍兽装备相关功能。#W	1000	800	3	8109	-1	PetEquipChaplet1_10	珍兽项圈	1	1	-1	-1	-1	-1	593	-1	-1	-1	-1	-1	-1	-1	-1	-1	-1	-1	-1	-1	-1	-1	-1	-1	-1	-1	-1	-1	-1	-1	-1	-1	-1	-1	-1	-1	-1	-1	-1	-1	-1	-1	-1	-1	-1	-1	-1	-1	-1	-1	-1	-1	-1	-1	-1	-1	-1	-1	-1	-1	-1	-1	-1	-1	-1	-1	1	95	3	3	1	250	-1	0	-1	1	-1	-1	-1	-1	50	20301009	20	100
70503046	7	5	3	46	3	-1	2	46	3	猛虎撼山兽环·勇	85	猛虎者，虽山高亦可撼。#r适合#G勇猛#W性格的珍兽穿着，穿齐全套可#G增加猛击技能的释放几率#W。#r项圈装备后珍兽出战时#G力量#W和#G体力#W将获得#G15#W点的提升。#r#G可在苏州（248，184）云姗姗处使用珍兽装备相关功能。#W	1000	800	3	8110	-1	PetEquipChaplet1_10	珍兽项圈	1	1	-1	-1	-1	-1	593	-1	-1	-1	-1	-1	-1	-1	-1	-1	-1	-1	-1	-1	-1	-1	-1	-1	-1	-1	-1	-1	-1	-1	-1	-1	-1	-1	-1	-1	-1	-1	-1	-1	-1	-1	-1	-1	-1	-1	-1	-1	-1	-1	-1	-1	-1	-1	-1	-1	-1	-1	-1	-1	-1	-1	-1	-1	-1	-1	2	95	3	3	1	250	-1	0	-1	1	-1	-1	-1	-1	60	20301009	30	100
70503047	7	5	3	47	3	-1	2	47	3	猛虎撼山兽环·勇	85	猛虎者，虽山高亦可撼。#r适合#G勇猛#W性格的珍兽穿着，穿齐全套可#G增加猛击技能的释放几率#W。#r项圈装备后珍兽出战时#G力量#W和#G体力#W将获得#G20#W点的提升。#r#G可在苏州（248，184）云姗姗处使用珍兽装备相关功能。#W	1000	800	3	8111	-1	PetEquipChaplet1_10	珍兽项圈	1	1	-1	-1	-1	-1	593	-1	-1	-1	-1	-1	-1	-1	-1	-1	-1	-1	-1	-1	-1	-1	-1	-1	-1	-1	-1	-1	-1	-1	-1	-1	-1	-1	-1	-1	-1	-1	-1	-1	-1	-1	-1	-1	-1	-1	-1	-1	-1	-1	-1	-1	-1	-1	-1	-1	-1	-1	-1	-1	-1	-1	-1	-1	-1	-1	3	95	3	3	1	250	-1	0	-1	1	-1	-1	-1	-1	70	20301009	35	100
70503048	7	5	3	48	3	-1	2	48	3	猛虎撼山兽环·勇	85	猛虎者，虽山高亦可撼。#r适合#G勇猛#W性格的珍兽穿着，穿齐全套可#G增加猛击技能的释放几率#W。#r项圈装备后珍兽出战时#G力量#W和#G体力#W将获得#G30#W点的提升。#r#G可在苏州（248，184）云姗姗处使用珍兽装备相关功能。#W	1000	800	3	8112	-1	PetEquipChaplet1_10	珍兽项圈	1	1	-1	-1	-1	-1	593	-1	-1	-1	-1	-1	-1	-1	-1	-1	-1	-1	-1	-1	-1	-1	-1	-1	-1	-1	-1	-1	-1	-1	-1	-1	-1	-1	-1	-1	-1	-1	-1	-1	-1	-1	-1	-1	-1	-1	-1	-1	-1	-1	-1	-1	-1	-1	-1	-1	-1	-1	-1	-1	-1	-1	-1	-1	-1	-1	4	95	3	3	1	250	-1	0	-1	1	-1	-1	-1	-1	80	20301009	42	100
70503049	7	5	3	49	3	-1	2	49	3	猛虎撼山兽环·勇	85	猛虎者，虽山高亦可撼。#r适合#G勇猛#W性格的珍兽穿着，穿齐全套可#G增加猛击技能的释放几率#W。#r项圈装备后珍兽出战时#G力量#W和#G体力#W将获得#G37#W点的提升。#r#G可在苏州（248，184）云姗姗处使用珍兽装备相关功能。#W	1000	800	3	8113	-1	PetEquipChaplet1_10	珍兽项圈	1	1	-1	-1	-1	-1	593	-1	-1	-1	-1	-1	-1	-1	-1	-1	-1	-1	-1	-1	-1	-1	-1	-1	-1	-1	-1	-1	-1	-1	-1	-1	-1	-1	-1	-1	-1	-1	-1	-1	-1	-1	-1	-1	-1	-1	-1	-1	-1	-1	-1	-1	-1	-1	-1	-1	-1	-1	-1	-1	-1	-1	-1	-1	-1	-1	5	95	3	3	1	250	-1	0	-1	1	-1	-1	-1	-1	100	20301009	57	100
70503050	7	5	3	50	3	-1	2	50	3	猛虎撼山兽环·狡	85	猛虎者，虽山高亦可撼。#r适合#G精明#W性格的珍兽穿着，穿齐全套可#G增加反震技能的生效几率#W。#r项圈装备后珍兽出战时#G命中#W将获得#G105#W点的提升；#G会心攻击#W将获得#G3#W点的提升。#r#G可在苏州（248，184）云姗姗处使用珍兽装备相关功能。#W	1000	800	3	8136	-1	PetEquipChaplet1_10	珍兽项圈	1	1	-1	-1	-1	-1	593	-1	-1	-1	-1	-1	-1	-1	-1	-1	-1	-1	-1	-1	-1	-1	-1	-1	-1	-1	-1	-1	-1	-1	-1	-1	-1	-1	-1	-1	-1	-1	-1	-1	-1	-1	-1	-1	-1	-1	-1	-1	-1	-1	-1	-1	-1	-1	-1	-1	-1	-1	-1	-1	-1	-1	-1	-1	-1	-1	1	95	3	3	1	250	-1	0	-1	1	-1	-1	-1	-1	50	20301009	20	100
70503051	7	5	3	51	3	-1	2	51	3	猛虎撼山兽环·狡	85	猛虎者，虽山高亦可撼。#r适合#G精明#W性格的珍兽穿着，穿齐全套可#G增加反震技能的生效几率#W。#r项圈装备后珍兽出战时#G命中#W将获得#G115#W点的提升；#G会心攻击#W将获得#G5#W点的提升。#r#G可在苏州（248，184）云姗姗处使用珍兽装备相关功能。#W	1000	800	3	8137	-1	PetEquipChaplet1_10	珍兽项圈	1	1	-1	-1	-1	-1	593	-1	-1	-1	-1	-1	-1	-1	-1	-1	-1	-1	-1	-1	-1	-1	-1	-1	-1	-1	-1	-1	-1	-1	-1	-1	-1	-1	-1	-1	-1	-1	-1	-1	-1	-1	-1	-1	-1	-1	-1	-1	-1	-1	-1	-1	-1	-1	-1	-1	-1	-1	-1	-1	-1	-1	-1	-1	-1	-1	2	95	3	3	1	250	-1	0	-1	1	-1	-1	-1	-1	60	20301009	30	100
70503052	7	5	3	52	3	-1	2	52	3	猛虎撼山兽环·狡	85	猛虎者，虽山高亦可撼。#r适合#G精明#W性格的珍兽穿着，穿齐全套可#G增加反震技能的生效几率#W。#r项圈装备后珍兽出战时#G命中#W将获得#G157#W点的提升；#G会心攻击#W将获得#G7#W点的提升。#r#G可在苏州（248，184）云姗姗处使用珍兽装备相关功能。#W	1000	800	3	8138	-1	PetEquipChaplet1_10	珍兽项圈	1	1	-1	-1	-1	-1	593	-1	-1	-1	-1	-1	-1	-1	-1	-1	-1	-1	-1	-1	-1	-1	-1	-1	-1	-1	-1	-1	-1	-1	-1	-1	-1	-1	-1	-1	-1	-1	-1	-1	-1	-1	-1	-1	-1	-1	-1	-1	-1	-1	-1	-1	-1	-1	-1	-1	-1	-1	-1	-1	-1	-1	-1	-1	-1	-1	3	95	3	3	1	250	-1	0	-1	1	-1	-1	-1	-1	70	20301009	35	100
70503053	7	5	3	53	3	-1	2	53	3	猛虎撼山兽环·狡	85	猛虎者，虽山高亦可撼。#r适合#G精明#W性格的珍兽穿着，穿齐全套可#G增加反震技能的生效几率#W。#r项圈装备后珍兽出战时#G命中#W将获得#G231#W点的提升；#G会心攻击#W将获得#G10#W点的提升。#r#G可在苏州（248，184）云姗姗处使用珍兽装备相关功能。#W	1000	800	3	8139	-1	PetEquipChaplet1_10	珍兽项圈	1	1	-1	-1	-1	-1	593	-1	-1	-1	-1	-1	-1	-1	-1	-1	-1	-1	-1	-1	-1	-1	-1	-1	-1	-1	-1	-1	-1	-1	-1	-1	-1	-1	-1	-1	-1	-1	-1	-1	-1	-1	-1	-1	-1	-1	-1	-1	-1	-1	-1	-1	-1	-1	-1	-1	-1	-1	-1	-1	-1	-1	-1	-1	-1	-1	4	95	3	3	1	250	-1	0	-1	1	-1	-1	-1	-1	80	20301009	42	100
70503054	7	5	3	54	3	-1	2	54	3	猛虎撼山兽环·狡	85	猛虎者，虽山高亦可撼。#r适合#G精明#W性格的珍兽穿着，穿齐全套可#G增加反震技能的生效几率#W。#r项圈装备后珍兽出战时#G命中#W将获得#G283#W点的提升；#G会心攻击#W将获得#G13#W点的提升。#r#G可在苏州（248，184）云姗姗处使用珍兽装备相关功能。#W	1000	800	3	8140	-1	PetEquipChaplet1_10	珍兽项圈	1	1	-1	-1	-1	-1	593	-1	-1	-1	-1	-1	-1	-1	-1	-1	-1	-1	-1	-1	-1	-1	-1	-1	-1	-1	-1	-1	-1	-1	-1	-1	-1	-1	-1	-1	-1	-1	-1	-1	-1	-1	-1	-1	-1	-1	-1	-1	-1	-1	-1	-1	-1	-1	-1	-1	-1	-1	-1	-1	-1	-1	-1	-1	-1	-1	5	95	3	3	1	250	-1	0	-1	1	-1	-1	-1	-1	100	20301009	57	100
70503055	7	5	3	55	3	-1	2	55	3	猛虎撼山兽环·慎	85	猛虎者，虽山高亦可撼。#r适合#G谨慎#W性格的珍兽穿着，穿齐全套可#G增加吸气技能的生效几率#W。#r项圈装备后珍兽出战时#G力量#W和#G身法#W将获得#G13#W点的提升。#r#G可在苏州（248，184）云姗姗处使用珍兽装备相关功能。#W	1000	800	3	8163	-1	PetEquipChaplet1_10	珍兽项圈	1	1	-1	-1	-1	-1	593	-1	-1	-1	-1	-1	-1	-1	-1	-1	-1	-1	-1	-1	-1	-1	-1	-1	-1	-1	-1	-1	-1	-1	-1	-1	-1	-1	-1	-1	-1	-1	-1	-1	-1	-1	-1	-1	-1	-1	-1	-1	-1	-1	-1	-1	-1	-1	-1	-1	-1	-1	-1	-1	-1	-1	-1	-1	-1	-1	1	95	3	3	1	250	-1	0	-1	1	-1	-1	-1	-1	50	20301009	20	100
70503056	7	5	3	56	3	-1	2	56	3	猛虎撼山兽环·慎	85	猛虎者，虽山高亦可撼。#r适合#G谨慎#W性格的珍兽穿着，穿齐全套可#G增加吸气技能的生效几率#W。#r项圈装备后珍兽出战时#G力量#W和#G身法#W将获得#G15#W点的提升。#r#G可在苏州（248，184）云姗姗处使用珍兽装备相关功能。#W	1000	800	3	8164	-1	PetEquipChaplet1_10	珍兽项圈	1	1	-1	-1	-1	-1	593	-1	-1	-1	-1	-1	-1	-1	-1	-1	-1	-1	-1	-1	-1	-1	-1	-1	-1	-1	-1	-1	-1	-1	-1	-1	-1	-1	-1	-1	-1	-1	-1	-1	-1	-1	-1	-1	-1	-1	-1	-1	-1	-1	-1	-1	-1	-1	-1	-1	-1	-1	-1	-1	-1	-1	-1	-1	-1	-1	2	95	3	3	1	250	-1	0	-1	1	-1	-1	-1	-1	60	20301009	30	100
70503057	7	5	3	57	3	-1	2	57	3	猛虎撼山兽环·慎	85	猛虎者，虽山高亦可撼。#r适合#G谨慎#W性格的珍兽穿着，穿齐全套可#G增加吸气技能的生效几率#W。#r项圈装备后珍兽出战时#G力量#W和#G身法#W将获得#G20#W点的提升。#r#G可在苏州（248，184）云姗姗处使用珍兽装备相关功能。#W	1000	800	3	8165	-1	PetEquipChaplet1_10	珍兽项圈	1	1	-1	-1	-1	-1	593	-1	-1	-1	-1	-1	-1	-1	-1	-1	-1	-1	-1	-1	-1	-1	-1	-1	-1	-1	-1	-1	-1	-1	-1	-1	-1	-1	-1	-1	-1	-1	-1	-1	-1	-1	-1	-1	-1	-1	-1	-1	-1	-1	-1	-1	-1	-1	-1	-1	-1	-1	-1	-1	-1	-1	-1	-1	-1	-1	3	95	3	3	1	250	-1	0	-1	1	-1	-1	-1	-1	70	20301009	35	100
70503058	7	5	3	58	3	-1	2	58	3	猛虎撼山兽环·慎	85	猛虎者，虽山高亦可撼。#r适合#G谨慎#W性格的珍兽穿着，穿齐全套可#G增加吸气技能的生效几率#W。#r项圈装备后珍兽出战时#G力量#W和#G身法#W将获得#G30#W点的提升。#r#G可在苏州（248，184）云姗姗处使用珍兽装备相关功能。#W	1000	800	3	8166	-1	PetEquipChaplet1_10	珍兽项圈	1	1	-1	-1	-1	-1	593	-1	-1	-1	-1	-1	-1	-1	-1	-1	-1	-1	-1	-1	-1	-1	-1	-1	-1	-1	-1	-1	-1	-1	-1	-1	-1	-1	-1	-1	-1	-1	-1	-1	-1	-1	-1	-1	-1	-1	-1	-1	-1	-1	-1	-1	-1	-1	-1	-1	-1	-1	-1	-1	-1	-1	-1	-1	-1	-1	4	95	3	3	1	250	-1	0	-1	1	-1	-1	-1	-1	80	20301009	42	100
70503059	7	5	3	59	3	-1	2	59	3	猛虎撼山兽环·慎	85	猛虎者，虽山高亦可撼。#r适合#G谨慎#W性格的珍兽穿着，穿齐全套可#G增加吸气技能的生效几率#W。#r项圈装备后珍兽出战时#G力量#W和#G身法#W将获得#G37#W点的提升。#r#G可在苏州（248，184）云姗姗处使用珍兽装备相关功能。#W	1000	800	3	8167	-1	PetEquipChaplet1_10	珍兽项圈	1	1	-1	-1	-1	-1	593	-1	-1	-1	-1	-1	-1	-1	-1	-1	-1	-1	-1	-1	-1	-1	-1	-1	-1	-1	-1	-1	-1	-1	-1	-1	-1	-1	-1	-1	-1	-1	-1	-1	-1	-1	-1	-1	-1	-1	-1	-1	-1	-1	-1	-1	-1	-1	-1	-1	-1	-1	-1	-1	-1	-1	-1	-1	-1	-1	5	95	3	3	1	250	-1	0	-1	1	-1	-1	-1	-1	100	20301009	57	100
70503060	7	5	3	60	3	-1	2	60	3	飞鹰翔空兽环·怯	85	飞鹰者，欲翔空则难阻。#r适合#G胆小#W性格的珍兽穿着，穿齐全套可#G增加痛击技能的伤害#W。#r项圈装备后珍兽出战时#G灵气#W和#G体力#W将获得#G13#W点的提升。#r#G可在苏州（248，184）云姗姗处使用珍兽装备相关功能。#W	1000	800	3	8190	-1	PetEquipChaplet1_6	珍兽项圈	1	1	-1	-1	-1	-1	593	-1	-1	-1	-1	-1	-1	-1	-1	-1	-1	-1	-1	-1	-1	-1	-1	-1	-1	-1	-1	-1	-1	-1	-1	-1	-1	-1	-1	-1	-1	-1	-1	-1	-1	-1	-1	-1	-1	-1	-1	-1	-1	-1	-1	-1	-1	-1	-1	-1	-1	-1	-1	-1	-1	-1	-1	-1	-1	-1	1	95	3	3	1	250	-1	0	-1	-1	1	-1	-1	-1	50	20301009	20	100
70503061	7	5	3	61	3	-1	2	61	3	飞鹰翔空兽环·怯	85	飞鹰者，欲翔空则难阻。#r适合#G胆小#W性格的珍兽穿着，穿齐全套可#G增加痛击技能的伤害#W。#r项圈装备后珍兽出战时#G灵气#W和#G体力#W将获得#G15#W点的提升。#r#G可在苏州（248，184）云姗姗处使用珍兽装备相关功能。#W	1000	800	3	8191	-1	PetEquipChaplet1_6	珍兽项圈	1	1	-1	-1	-1	-1	593	-1	-1	-1	-1	-1	-1	-1	-1	-1	-1	-1	-1	-1	-1	-1	-1	-1	-1	-1	-1	-1	-1	-1	-1	-1	-1	-1	-1	-1	-1	-1	-1	-1	-1	-1	-1	-1	-1	-1	-1	-1	-1	-1	-1	-1	-1	-1	-1	-1	-1	-1	-1	-1	-1	-1	-1	-1	-1	-1	2	95	3	3	1	250	-1	0	-1	-1	1	-1	-1	-1	60	20301009	30	100
70503062	7	5	3	62	3	-1	2	62	3	飞鹰翔空兽环·怯	85	飞鹰者，欲翔空则难阻。#r适合#G胆小#W性格的珍兽穿着，穿齐全套可#G增加痛击技能的伤害#W。#r项圈装备后珍兽出战时#G灵气#W和#G体力#W将获得#G20#W点的提升。#r#G可在苏州（248，184）云姗姗处使用珍兽装备相关功能。#W	1000	800	3	8192	-1	PetEquipChaplet1_6	珍兽项圈	1	1	-1	-1	-1	-1	593	-1	-1	-1	-1	-1	-1	-1	-1	-1	-1	-1	-1	-1	-1	-1	-1	-1	-1	-1	-1	-1	-1	-1	-1	-1	-1	-1	-1	-1	-1	-1	-1	-1	-1	-1	-1	-1	-1	-1	-1	-1	-1	-1	-1	-1	-1	-1	-1	-1	-1	-1	-1	-1	-1	-1	-1	-1	-1	-1	3	95	3	3	1	250	-1	0	-1	-1	1	-1	-1	-1	70	20301009	35	100
70503063	7	5	3	63	3	-1	2	63	3	飞鹰翔空兽环·怯	85	飞鹰者，欲翔空则难阻。#r适合#G胆小#W性格的珍兽穿着，穿齐全套可#G增加痛击技能的伤害#W。#r项圈装备后珍兽出战时#G灵气#W和#G体力#W将获得#G30#W点的提升。#r#G可在苏州（248，184）云姗姗处使用珍兽装备相关功能。#W	1000	800	3	8193	-1	PetEquipChaplet1_6	珍兽项圈	1	1	-1	-1	-1	-1	593	-1	-1	-1	-1	-1	-1	-1	-1	-1	-1	-1	-1	-1	-1	-1	-1	-1	-1	-1	-1	-1	-1	-1	-1	-1	-1	-1	-1	-1	-1	-1	-1	-1	-1	-1	-1	-1	-1	-1	-1	-1	-1	-1	-1	-1	-1	-1	-1	-1	-1	-1	-1	-1	-1	-1	-1	-1	-1	-1	4	95	3	3	1	250	-1	0	-1	-1	1	-1	-1	-1	80	20301009	42	100
70503064	7	5	3	64	3	-1	2	64	3	飞鹰翔空兽环·怯	85	飞鹰者，欲翔空则难阻。#r适合#G胆小#W性格的珍兽穿着，穿齐全套可#G增加痛击技能的伤害#W。#r项圈装备后珍兽出战时#G灵气#W和#G体力#W将获得#G37#W点的提升。#r#G可在苏州（248，184）云姗姗处使用珍兽装备相关功能。#W	1000	800	3	8194	-1	PetEquipChaplet1_6	珍兽项圈	1	1	-1	-1	-1	-1	593	-1	-1	-1	-1	-1	-1	-1	-1	-1	-1	-1	-1	-1	-1	-1	-1	-1	-1	-1	-1	-1	-1	-1	-1	-1	-1	-1	-1	-1	-1	-1	-1	-1	-1	-1	-1	-1	-1	-1	-1	-1	-1	-1	-1	-1	-1	-1	-1	-1	-1	-1	-1	-1	-1	-1	-1	-1	-1	-1	5	95	3	3	1	250	-1	0	-1	-1	1	-1	-1	-1	100	20301009	57	100
70503065	7	5	3	65	3	-1	2	65	3	飞鹰翔空兽环·狡	85	飞鹰者，欲翔空则难阻。#r适合#G精明#W性格的珍兽穿着，穿齐全套可#G增加反震技能的生效几率#W。#r项圈装备后珍兽出战时#G命中#W将获得#G105#W点的提升；#G会心攻击#W将获得#G3#W点的提升。#r#G可在苏州（248，184）云姗姗处使用珍兽装备相关功能。#W	1000	800	3	8217	-1	PetEquipChaplet1_6	珍兽项圈	1	1	-1	-1	-1	-1	593	-1	-1	-1	-1	-1	-1	-1	-1	-1	-1	-1	-1	-1	-1	-1	-1	-1	-1	-1	-1	-1	-1	-1	-1	-1	-1	-1	-1	-1	-1	-1	-1	-1	-1	-1	-1	-1	-1	-1	-1	-1	-1	-1	-1	-1	-1	-1	-1	-1	-1	-1	-1	-1	-1	-1	-1	-1	-1	-1	1	95	3	3	1	250	-1	0	-1	-1	1	-1	-1	-1	50	20301009	20	100
70503066	7	5	3	66	3	-1	2	66	3	飞鹰翔空兽环·狡	85	飞鹰者，欲翔空则难阻。#r适合#G精明#W性格的珍兽穿着，穿齐全套可#G增加反震技能的生效几率#W。#r项圈装备后珍兽出战时#G命中#W将获得#G115#W点的提升；#G会心攻击#W将获得#G5#W点的提升。#r#G可在苏州（248，184）云姗姗处使用珍兽装备相关功能。#W	1000	800	3	8218	-1	PetEquipChaplet1_6	珍兽项圈	1	1	-1	-1	-1	-1	593	-1	-1	-1	-1	-1	-1	-1	-1	-1	-1	-1	-1	-1	-1	-1	-1	-1	-1	-1	-1	-1	-1	-1	-1	-1	-1	-1	-1	-1	-1	-1	-1	-1	-1	-1	-1	-1	-1	-1	-1	-1	-1	-1	-1	-1	-1	-1	-1	-1	-1	-1	-1	-1	-1	-1	-1	-1	-1	-1	2	95	3	3	1	250	-1	0	-1	-1	1	-1	-1	-1	60	20301009	30	100
70503067	7	5	3	67	3	-1	2	67	3	飞鹰翔空兽环·狡	85	飞鹰者，欲翔空则难阻。#r适合#G精明#W性格的珍兽穿着，穿齐全套可#G增加反震技能的生效几率#W。#r项圈装备后珍兽出战时#G命中#W将获得#G157#W点的提升；#G会心攻击#W将获得#G7#W点的提升。#r#G可在苏州（248，184）云姗姗处使用珍兽装备相关功能。#W	1000	800	3	8219	-1	PetEquipChaplet1_6	珍兽项圈	1	1	-1	-1	-1	-1	593	-1	-1	-1	-1	-1	-1	-1	-1	-1	-1	-1	-1	-1	-1	-1	-1	-1	-1	-1	-1	-1	-1	-1	-1	-1	-1	-1	-1	-1	-1	-1	-1	-1	-1	-1	-1	-1	-1	-1	-1	-1	-1	-1	-1	-1	-1	-1	-1	-1	-1	-1	-1	-1	-1	-1	-1	-1	-1	-1	3	95	3	3	1	250	-1	0	-1	-1	1	-1	-1	-1	70	20301009	35	100
70503068	7	5	3	68	3	-1	2	68	3	飞鹰翔空兽环·狡	85	飞鹰者，欲翔空则难阻。#r适合#G精明#W性格的珍兽穿着，穿齐全套可#G增加反震技能的生效几率#W。#r项圈装备后珍兽出战时#G命中#W将获得#G231#W点的提升；#G会心攻击#W将获得#G10#W点的提升。#r#G可在苏州（248，184）云姗姗处使用珍兽装备相关功能。#W	1000	800	3	8220	-1	PetEquipChaplet1_6	珍兽项圈	1	1	-1	-1	-1	-1	593	-1	-1	-1	-1	-1	-1	-1	-1	-1	-1	-1	-1	-1	-1	-1	-1	-1	-1	-1	-1	-1	-1	-1	-1	-1	-1	-1	-1	-1	-1	-1	-1	-1	-1	-1	-1	-1	-1	-1	-1	-1	-1	-1	-1	-1	-1	-1	-1	-1	-1	-1	-1	-1	-1	-1	-1	-1	-1	-1	4	95	3	3	1	250	-1	0	-1	-1	1	-1	-1	-1	80	20301009	42	100
70503069	7	5	3	69	3	-1	2	69	3	飞鹰翔空兽环·狡	85	飞鹰者，欲翔空则难阻。#r适合#G精明#W性格的珍兽穿着，穿齐全套可#G增加反震技能的生效几率#W。#r项圈装备后珍兽出战时#G命中#W将获得#G283#W点的提升；#G会心攻击#W将获得#G13#W点的提升。#r#G可在苏州（248，184）云姗姗处使用珍兽装备相关功能。#W	1000	800	3	8221	-1	PetEquipChaplet1_6	珍兽项圈	1	1	-1	-1	-1	-1	593	-1	-1	-1	-1	-1	-1	-1	-1	-1	-1	-1	-1	-1	-1	-1	-1	-1	-1	-1	-1	-1	-1	-1	-1	-1	-1	-1	-1	-1	-1	-1	-1	-1	-1	-1	-1	-1	-1	-1	-1	-1	-1	-1	-1	-1	-1	-1	-1	-1	-1	-1	-1	-1	-1	-1	-1	-1	-1	-1	5	95	3	3	1	250	-1	0	-1	-1	1	-1	-1	-1	100	20301009	57	100
70503070	7	5	3	70	3	-1	2	70	3	飞鹰翔空兽环·慎	85	飞鹰者，欲翔空则难阻。#r适合#G谨慎#W性格的珍兽穿着，穿齐全套可#G增加吸气技能的生效几率#W。#r项圈装备后珍兽出战时#G灵气#W和#G身法#W将获得#G13#W点的提升。#r#G可在苏州（248，184）云姗姗处使用珍兽装备相关功能。#W	1000	800	3	8244	-1	PetEquipChaplet1_6	珍兽项圈	1	1	-1	-1	-1	-1	593	-1	-1	-1	-1	-1	-1	-1	-1	-1	-1	-1	-1	-1	-1	-1	-1	-1	-1	-1	-1	-1	-1	-1	-1	-1	-1	-1	-1	-1	-1	-1	-1	-1	-1	-1	-1	-1	-1	-1	-1	-1	-1	-1	-1	-1	-1	-1	-1	-1	-1	-1	-1	-1	-1	-1	-1	-1	-1	-1	1	95	3	3	1	250	-1	0	-1	-1	1	-1	-1	-1	50	20301009	20	100
70503071	7	5	3	71	3	-1	2	71	3	飞鹰翔空兽环·慎	85	飞鹰者，欲翔空则难阻。#r适合#G谨慎#W性格的珍兽穿着，穿齐全套可#G增加吸气技能的生效几率#W。#r项圈装备后珍兽出战时#G灵气#W和#G身法#W将获得#G15#W点的提升。#r#G可在苏州（248，184）云姗姗处使用珍兽装备相关功能。#W	1000	800	3	8245	-1	PetEquipChaplet1_6	珍兽项圈	1	1	-1	-1	-1	-1	593	-1	-1	-1	-1	-1	-1	-1	-1	-1	-1	-1	-1	-1	-1	-1	-1	-1	-1	-1	-1	-1	-1	-1	-1	-1	-1	-1	-1	-1	-1	-1	-1	-1	-1	-1	-1	-1	-1	-1	-1	-1	-1	-1	-1	-1	-1	-1	-1	-1	-1	-1	-1	-1	-1	-1	-1	-1	-1	-1	2	95	3	3	1	250	-1	0	-1	-1	1	-1	-1	-1	60	20301009	30	100
70503072	7	5	3	72	3	-1	2	72	3	飞鹰翔空兽环·慎	85	飞鹰者，欲翔空则难阻。#r适合#G谨慎#W性格的珍兽穿着，穿齐全套可#G增加吸气技能的生效几率#W。#r项圈装备后珍兽出战时#G灵气#W和#G身法#W将获得#G20#W点的提升。#r#G可在苏州（248，184）云姗姗处使用珍兽装备相关功能。#W	1000	800	3	8246	-1	PetEquipChaplet1_6	珍兽项圈	1	1	-1	-1	-1	-1	593	-1	-1	-1	-1	-1	-1	-1	-1	-1	-1	-1	-1	-1	-1	-1	-1	-1	-1	-1	-1	-1	-1	-1	-1	-1	-1	-1	-1	-1	-1	-1	-1	-1	-1	-1	-1	-1	-1	-1	-1	-1	-1	-1	-1	-1	-1	-1	-1	-1	-1	-1	-1	-1	-1	-1	-1	-1	-1	-1	3	95	3	3	1	250	-1	0	-1	-1	1	-1	-1	-1	70	20301009	35	100
70503073	7	5	3	73	3	-1	2	73	3	飞鹰翔空兽环·慎	85	飞鹰者，欲翔空则难阻。#r适合#G谨慎#W性格的珍兽穿着，穿齐全套可#G增加吸气技能的生效几率#W。#r项圈装备后珍兽出战时#G灵气#W和#G身法#W将获得#G30#W点的提升。#r#G可在苏州（248，184）云姗姗处使用珍兽装备相关功能。#W	1000	800	3	8247	-1	PetEquipChaplet1_6	珍兽项圈	1	1	-1	-1	-1	-1	593	-1	-1	-1	-1	-1	-1	-1	-1	-1	-1	-1	-1	-1	-1	-1	-1	-1	-1	-1	-1	-1	-1	-1	-1	-1	-1	-1	-1	-1	-1	-1	-1	-1	-1	-1	-1	-1	-1	-1	-1	-1	-1	-1	-1	-1	-1	-1	-1	-1	-1	-1	-1	-1	-1	-1	-1	-1	-1	-1	4	95	3	3	1	250	-1	0	-1	-1	1	-1	-1	-1	80	20301009	42	100
70503074	7	5	3	74	3	-1	2	74	3	飞鹰翔空兽环·慎	85	飞鹰者，欲翔空则难阻。#r适合#G谨慎#W性格的珍兽穿着，穿齐全套可#G增加吸气技能的生效几率#W。#r项圈装备后珍兽出战时#G灵气#W和#G身法#W将获得#G37#W点的提升。#r#G可在苏州（248，184）云姗姗处使用珍兽装备相关功能。#W	1000	800	3	8248	-1	PetEquipChaplet1_6	珍兽项圈	1	1	-1	-1	-1	-1	593	-1	-1	-1	-1	-1	-1	-1	-1	-1	-1	-1	-1	-1	-1	-1	-1	-1	-1	-1	-1	-1	-1	-1	-1	-1	-1	-1	-1	-1	-1	-1	-1	-1	-1	-1	-1	-1	-1	-1	-1	-1	-1	-1	-1	-1	-1	-1	-1	-1	-1	-1	-1	-1	-1	-1	-1	-1	-1	-1	5	95	3	3	1	250	-1	0	-1	-1	1	-1	-1	-1	100	20301009	57	100
70503075	7	5	3	75	3	-1	2	75	3	巨熊哮路兽环·忠	85	巨熊者，哮路而展其魄。#r适合#G忠诚#W性格的珍兽穿着，穿齐全套可#G增加忠心技能的生效几率#W。#r项圈装备后珍兽出战时#G体力#W将获得#G23#W点的提升。#r#G可在苏州（248，184）云姗姗处使用珍兽装备相关功能。#W	1000	800	3	8271	-1	PetEquipChaplet1_4	珍兽项圈	1	1	-1	-1	-1	-1	593	-1	-1	-1	-1	-1	-1	-1	-1	-1	-1	-1	-1	-1	-1	-1	-1	-1	-1	-1	-1	-1	-1	-1	-1	-1	-1	-1	-1	-1	-1	-1	-1	-1	-1	-1	-1	-1	-1	-1	-1	-1	-1	-1	-1	-1	-1	-1	-1	-1	-1	-1	-1	-1	-1	-1	-1	-1	-1	-1	1	95	3	3	1	250	-1	0	-1	-1	-1	1	-1	-1	50	20301009	20	100
70503076	7	5	3	76	3	-1	2	76	3	巨熊哮路兽环·忠	85	巨熊者，哮路而展其魄。#r适合#G忠诚#W性格的珍兽穿着，穿齐全套可#G增加忠心技能的生效几率#W。#r项圈装备后珍兽出战时#G体力#W将获得#G27#W点的提升。#r#G可在苏州（248，184）云姗姗处使用珍兽装备相关功能。#W	1000	800	3	8272	-1	PetEquipChaplet1_4	珍兽项圈	1	1	-1	-1	-1	-1	593	-1	-1	-1	-1	-1	-1	-1	-1	-1	-1	-1	-1	-1	-1	-1	-1	-1	-1	-1	-1	-1	-1	-1	-1	-1	-1	-1	-1	-1	-1	-1	-1	-1	-1	-1	-1	-1	-1	-1	-1	-1	-1	-1	-1	-1	-1	-1	-1	-1	-1	-1	-1	-1	-1	-1	-1	-1	-1	-1	2	95	3	3	1	250	-1	0	-1	-1	-1	1	-1	-1	60	20301009	30	100
70503077	7	5	3	77	3	-1	2	77	3	巨熊哮路兽环·忠	85	巨熊者，哮路而展其魄。#r适合#G忠诚#W性格的珍兽穿着，穿齐全套可#G增加忠心技能的生效几率#W。#r项圈装备后珍兽出战时#G体力#W将获得#G36#W点的提升。#r#G可在苏州（248，184）云姗姗处使用珍兽装备相关功能。#W	1000	800	3	8273	-1	PetEquipChaplet1_4	珍兽项圈	1	1	-1	-1	-1	-1	593	-1	-1	-1	-1	-1	-1	-1	-1	-1	-1	-1	-1	-1	-1	-1	-1	-1	-1	-1	-1	-1	-1	-1	-1	-1	-1	-1	-1	-1	-1	-1	-1	-1	-1	-1	-1	-1	-1	-1	-1	-1	-1	-1	-1	-1	-1	-1	-1	-1	-1	-1	-1	-1	-1	-1	-1	-1	-1	-1	3	95	3	3	1	250	-1	0	-1	-1	-1	1	-1	-1	70	20301009	35	100
70503078	7	5	3	78	3	-1	2	78	3	巨熊哮路兽环·忠	85	巨熊者，哮路而展其魄。#r适合#G忠诚#W性格的珍兽穿着，穿齐全套可#G增加忠心技能的生效几率#W。#r项圈装备后珍兽出战时#G体力#W将获得#G54#W点的提升。#r#G可在苏州（248，184）云姗姗处使用珍兽装备相关功能。#W	1000	800	3	8274	-1	PetEquipChaplet1_4	珍兽项圈	1	1	-1	-1	-1	-1	593	-1	-1	-1	-1	-1	-1	-1	-1	-1	-1	-1	-1	-1	-1	-1	-1	-1	-1	-1	-1	-1	-1	-1	-1	-1	-1	-1	-1	-1	-1	-1	-1	-1	-1	-1	-1	-1	-1	-1	-1	-1	-1	-1	-1	-1	-1	-1	-1	-1	-1	-1	-1	-1	-1	-1	-1	-1	-1	-1	4	95	3	3	1	250	-1	0	-1	-1	-1	1	-1	-1	80	20301009	42	100
70503079	7	5	3	79	3	-1	2	79	3	巨熊哮路兽环·忠	85	巨熊者，哮路而展其魄。#r适合#G忠诚#W性格的珍兽穿着，穿齐全套可#G增加忠心技能的生效几率#W。#r项圈装备后珍兽出战时#G体力#W将获得#G66#W点的提升。#r#G可在苏州（248，184）云姗姗处使用珍兽装备相关功能。#W	1000	800	3	8275	-1	PetEquipChaplet1_4	珍兽项圈	1	1	-1	-1	-1	-1	593	-1	-1	-1	-1	-1	-1	-1	-1	-1	-1	-1	-1	-1	-1	-1	-1	-1	-1	-1	-1	-1	-1	-1	-1	-1	-1	-1	-1	-1	-1	-1	-1	-1	-1	-1	-1	-1	-1	-1	-1	-1	-1	-1	-1	-1	-1	-1	-1	-1	-1	-1	-1	-1	-1	-1	-1	-1	-1	-1	5	95	3	3	1	250	-1	0	-1	-1	-1	1	-1	-1	100	20301009	57	100
70503080	7	5	3	80	3	-1	2	80	3	巨熊哮路兽环·慎	85	巨熊者，哮路而展其魄。#r适合#G谨慎#W性格的珍兽穿着，穿齐全套可#G增加吸气技能的生效几率#W。#r项圈装备后珍兽出战时#G体力#W和#G身法#W将获得#G13#W点的提升。#r#G可在苏州（248，184）云姗姗处使用珍兽装备相关功能。#W	1000	800	3	8298	-1	PetEquipChaplet1_4	珍兽项圈	1	1	-1	-1	-1	-1	593	-1	-1	-1	-1	-1	-1	-1	-1	-1	-1	-1	-1	-1	-1	-1	-1	-1	-1	-1	-1	-1	-1	-1	-1	-1	-1	-1	-1	-1	-1	-1	-1	-1	-1	-1	-1	-1	-1	-1	-1	-1	-1	-1	-1	-1	-1	-1	-1	-1	-1	-1	-1	-1	-1	-1	-1	-1	-1	-1	1	95	3	3	1	250	-1	0	-1	-1	-1	1	-1	-1	50	20301009	20	100
70503081	7	5	3	81	3	-1	2	81	3	巨熊哮路兽环·慎	85	巨熊者，哮路而展其魄。#r适合#G谨慎#W性格的珍兽穿着，穿齐全套可#G增加吸气技能的生效几率#W。#r项圈装备后珍兽出战时#G体力#W和#G身法#W将获得#G15#W点的提升。#r#G可在苏州（248，184）云姗姗处使用珍兽装备相关功能。#W	1000	800	3	8299	-1	PetEquipChaplet1_4	珍兽项圈	1	1	-1	-1	-1	-1	593	-1	-1	-1	-1	-1	-1	-1	-1	-1	-1	-1	-1	-1	-1	-1	-1	-1	-1	-1	-1	-1	-1	-1	-1	-1	-1	-1	-1	-1	-1	-1	-1	-1	-1	-1	-1	-1	-1	-1	-1	-1	-1	-1	-1	-1	-1	-1	-1	-1	-1	-1	-1	-1	-1	-1	-1	-1	-1	-1	2	95	3	3	1	250	-1	0	-1	-1	-1	1	-1	-1	60	20301009	30	100
70503082	7	5	3	82	3	-1	2	82	3	巨熊哮路兽环·慎	85	巨熊者，哮路而展其魄。#r适合#G谨慎#W性格的珍兽穿着，穿齐全套可#G增加吸气技能的生效几率#W。#r项圈装备后珍兽出战时#G体力#W和#G身法#W将获得#G20#W点的提升。#r#G可在苏州（248，184）云姗姗处使用珍兽装备相关功能。#W	1000	800	3	8300	-1	PetEquipChaplet1_4	珍兽项圈	1	1	-1	-1	-1	-1	593	-1	-1	-1	-1	-1	-1	-1	-1	-1	-1	-1	-1	-1	-1	-1	-1	-1	-1	-1	-1	-1	-1	-1	-1	-1	-1	-1	-1	-1	-1	-1	-1	-1	-1	-1	-1	-1	-1	-1	-1	-1	-1	-1	-1	-1	-1	-1	-1	-1	-1	-1	-1	-1	-1	-1	-1	-1	-1	-1	3	95	3	3	1	250	-1	0	-1	-1	-1	1	-1	-1	70	20301009	35	100
70503083	7	5	3	83	3	-1	2	83	3	巨熊哮路兽环·慎	85	巨熊者，哮路而展其魄。#r适合#G谨慎#W性格的珍兽穿着，穿齐全套可#G增加吸气技能的生效几率#W。#r项圈装备后珍兽出战时#G体力#W和#G身法#W将获得#G30#W点的提升。#r#G可在苏州（248，184）云姗姗处使用珍兽装备相关功能。#W	1000	800	3	8301	-1	PetEquipChaplet1_4	珍兽项圈	1	1	-1	-1	-1	-1	593	-1	-1	-1	-1	-1	-1	-1	-1	-1	-1	-1	-1	-1	-1	-1	-1	-1	-1	-1	-1	-1	-1	-1	-1	-1	-1	-1	-1	-1	-1	-1	-1	-1	-1	-1	-1	-1	-1	-1	-1	-1	-1	-1	-1	-1	-1	-1	-1	-1	-1	-1	-1	-1	-1	-1	-1	-1	-1	-1	4	95	3	3	1	250	-1	0	-1	-1	-1	1	-1	-1	80	20301009	42	100
70503084	7	5	3	84	3	-1	2	84	3	巨熊哮路兽环·慎	85	巨熊者，哮路而展其魄。#r适合#G谨慎#W性格的珍兽穿着，穿齐全套可#G增加吸气技能的生效几率#W。#r项圈装备后珍兽出战时#G体力#W和#G身法#W将获得#G37#W点的提升。#r#G可在苏州（248，184）云姗姗处使用珍兽装备相关功能。#W	1000	800	3	8302	-1	PetEquipChaplet1_4	珍兽项圈	1	1	-1	-1	-1	-1	593	-1	-1	-1	-1	-1	-1	-1	-1	-1	-1	-1	-1	-1	-1	-1	-1	-1	-1	-1	-1	-1	-1	-1	-1	-1	-1	-1	-1	-1	-1	-1	-1	-1	-1	-1	-1	-1	-1	-1	-1	-1	-1	-1	-1	-1	-1	-1	-1	-1	-1	-1	-1	-1	-1	-1	-1	-1	-1	-1	5	95	3	3	1	250	-1	0	-1	-1	-1	1	-1	-1	100	20301009	57	100
70503085	7	5	3	85	3	-1	2	85	3	奔马逐风兽环·慎	85	奔马者，逐风以彰其志。#r适合#G谨慎#W性格的珍兽穿着，穿齐全套可#G增加吸气技能的生效几率#W。#r项圈装备后珍兽出战时#G身法#W将获得#G23#W点的提升。#r#G可在苏州（248，184）云姗姗处使用珍兽装备相关功能。#W	1000	800	3	8325	-1	PetEquipChaplet1_9	珍兽项圈	1	1	-1	-1	-1	-1	593	-1	-1	-1	-1	-1	-1	-1	-1	-1	-1	-1	-1	-1	-1	-1	-1	-1	-1	-1	-1	-1	-1	-1	-1	-1	-1	-1	-1	-1	-1	-1	-1	-1	-1	-1	-1	-1	-1	-1	-1	-1	-1	-1	-1	-1	-1	-1	-1	-1	-1	-1	-1	-1	-1	-1	-1	-1	-1	-1	1	95	3	3	1	250	-1	0	-1	-1	-1	-1	-1	1	50	20301009	20	100
70503086	7	5	3	86	3	-1	2	86	3	奔马逐风兽环·慎	85	奔马者，逐风以彰其志。#r适合#G谨慎#W性格的珍兽穿着，穿齐全套可#G增加吸气技能的生效几率#W。#r项圈装备后珍兽出战时#G身法#W将获得#G27#W点的提升。#r#G可在苏州（248，184）云姗姗处使用珍兽装备相关功能。#W	1000	800	3	8326	-1	PetEquipChaplet1_9	珍兽项圈	1	1	-1	-1	-1	-1	593	-1	-1	-1	-1	-1	-1	-1	-1	-1	-1	-1	-1	-1	-1	-1	-1	-1	-1	-1	-1	-1	-1	-1	-1	-1	-1	-1	-1	-1	-1	-1	-1	-1	-1	-1	-1	-1	-1	-1	-1	-1	-1	-1	-1	-1	-1	-1	-1	-1	-1	-1	-1	-1	-1	-1	-1	-1	-1	-1	2	95	3	3	1	250	-1	0	-1	-1	-1	-1	-1	1	60	20301009	30	100
70503087	7	5	3	87	3	-1	2	87	3	奔马逐风兽环·慎	85	奔马者，逐风以彰其志。#r适合#G谨慎#W性格的珍兽穿着，穿齐全套可#G增加吸气技能的生效几率#W。#r项圈装备后珍兽出战时#G身法#W将获得#G36#W点的提升。#r#G可在苏州（248，184）云姗姗处使用珍兽装备相关功能。#W	1000	800	3	8327	-1	PetEquipChaplet1_9	珍兽项圈	1	1	-1	-1	-1	-1	593	-1	-1	-1	-1	-1	-1	-1	-1	-1	-1	-1	-1	-1	-1	-1	-1	-1	-1	-1	-1	-1	-1	-1	-1	-1	-1	-1	-1	-1	-1	-1	-1	-1	-1	-1	-1	-1	-1	-1	-1	-1	-1	-1	-1	-1	-1	-1	-1	-1	-1	-1	-1	-1	-1	-1	-1	-1	-1	-1	3	95	3	3	1	250	-1	0	-1	-1	-1	-1	-1	1	70	20301009	35	100
70503088	7	5	3	88	3	-1	2	88	3	奔马逐风兽环·慎	85	奔马者，逐风以彰其志。#r适合#G谨慎#W性格的珍兽穿着，穿齐全套可#G增加吸气技能的生效几率#W。#r项圈装备后珍兽出战时#G身法#W将获得#G54#W点的提升。#r#G可在苏州（248，184）云姗姗处使用珍兽装备相关功能。#W	1000	800	3	8328	-1	PetEquipChaplet1_9	珍兽项圈	1	1	-1	-1	-1	-1	593	-1	-1	-1	-1	-1	-1	-1	-1	-1	-1	-1	-1	-1	-1	-1	-1	-1	-1	-1	-1	-1	-1	-1	-1	-1	-1	-1	-1	-1	-1	-1	-1	-1	-1	-1	-1	-1	-1	-1	-1	-1	-1	-1	-1	-1	-1	-1	-1	-1	-1	-1	-1	-1	-1	-1	-1	-1	-1	-1	4	95	3	3	1	250	-1	0	-1	-1	-1	-1	-1	1	80	20301009	42	100
70503089	7	5	3	89	3	-1	2	89	3	奔马逐风兽环·慎	85	奔马者，逐风以彰其志。#r适合#G谨慎#W性格的珍兽穿着，穿齐全套可#G增加吸气技能的生效几率#W。#r项圈装备后珍兽出战时#G身法#W将获得#G66#W点的提升。#r#G可在苏州（248，184）云姗姗处使用珍兽装备相关功能。#W	1000	800	3	8329	-1	PetEquipChaplet1_9	珍兽项圈	1	1	-1	-1	-1	-1	593	-1	-1	-1	-1	-1	-1	-1	-1	-1	-1	-1	-1	-1	-1	-1	-1	-1	-1	-1	-1	-1	-1	-1	-1	-1	-1	-1	-1	-1	-1	-1	-1	-1	-1	-1	-1	-1	-1	-1	-1	-1	-1	-1	-1	-1	-1	-1	-1	-1	-1	-1	-1	-1	-1	-1	-1	-1	-1	-1	5	95	3	3	1	250	-1	0	-1	-1	-1	-1	-1	1	100	20301009	57	100
70503090	7	5	3	90	3	-1	2	90	3	雄狮逆鳞兽环·勇	95	狮生逆鳞，力猛不可知。#r适合#G勇猛#W性格的珍兽穿着，穿齐全套可#G增加连击技能的释放几率#W。#r项圈装备后珍兽出战时#G力量#W和#G体力#W将获得#G14#W点的提升。#r#G可在苏州（248，184）云姗姗处使用珍兽装备相关功能。#W	1000	800	3	8118	-1	PetEquipChaplet1_8	珍兽项圈	1	1	-1	-1	-1	-1	655	-1	-1	-1	-1	-1	-1	-1	-1	-1	-1	-1	-1	-1	-1	-1	-1	-1	-1	-1	-1	-1	-1	-1	-1	-1	-1	-1	-1	-1	-1	-1	-1	-1	-1	-1	-1	-1	-1	-1	-1	-1	-1	-1	-1	-1	-1	-1	-1	-1	-1	-1	-1	-1	-1	-1	-1	-1	-1	-1	1	105	4	4	1	250	-1	0	-1	1	-1	-1	-1	-1	50	20301009	50	100
70503091	7	5	3	91	3	-1	2	91	3	雄狮逆鳞兽环·勇	95	狮生逆鳞，力猛不可知。#r适合#G勇猛#W性格的珍兽穿着，穿齐全套可#G增加连击技能的释放几率#W。#r项圈装备后珍兽出战时#G力量#W和#G体力#W将获得#G16#W点的提升。#r#G可在苏州（248，184）云姗姗处使用珍兽装备相关功能。#W	1000	800	3	8119	-1	PetEquipChaplet1_8	珍兽项圈	1	1	-1	-1	-1	-1	655	-1	-1	-1	-1	-1	-1	-1	-1	-1	-1	-1	-1	-1	-1	-1	-1	-1	-1	-1	-1	-1	-1	-1	-1	-1	-1	-1	-1	-1	-1	-1	-1	-1	-1	-1	-1	-1	-1	-1	-1	-1	-1	-1	-1	-1	-1	-1	-1	-1	-1	-1	-1	-1	-1	-1	-1	-1	-1	-1	2	105	4	4	1	250	-1	0	-1	1	-1	-1	-1	-1	60	20301009	68	100
70503092	7	5	3	92	3	-1	2	92	3	雄狮逆鳞兽环·勇	95	狮生逆鳞，力猛不可知。#r适合#G勇猛#W性格的珍兽穿着，穿齐全套可#G增加连击技能的释放几率#W。#r项圈装备后珍兽出战时#G力量#W和#G体力#W将获得#G23#W点的提升。#r#G可在苏州（248，184）云姗姗处使用珍兽装备相关功能。#W	1000	800	3	8120	-1	PetEquipChaplet1_8	珍兽项圈	1	1	-1	-1	-1	-1	655	-1	-1	-1	-1	-1	-1	-1	-1	-1	-1	-1	-1	-1	-1	-1	-1	-1	-1	-1	-1	-1	-1	-1	-1	-1	-1	-1	-1	-1	-1	-1	-1	-1	-1	-1	-1	-1	-1	-1	-1	-1	-1	-1	-1	-1	-1	-1	-1	-1	-1	-1	-1	-1	-1	-1	-1	-1	-1	-1	3	105	4	4	1	250	-1	0	-1	1	-1	-1	-1	-1	70	20301009	90	100
70503093	7	5	3	93	3	-1	2	93	3	雄狮逆鳞兽环·勇	95	狮生逆鳞，力猛不可知。#r适合#G勇猛#W性格的珍兽穿着，穿齐全套可#G增加连击技能的释放几率#W。#r项圈装备后珍兽出战时#G力量#W和#G体力#W将获得#G33#W点的提升。#r#G可在苏州（248，184）云姗姗处使用珍兽装备相关功能。#W	1000	800	3	8121	-1	PetEquipChaplet1_8	珍兽项圈	1	1	-1	-1	-1	-1	655	-1	-1	-1	-1	-1	-1	-1	-1	-1	-1	-1	-1	-1	-1	-1	-1	-1	-1	-1	-1	-1	-1	-1	-1	-1	-1	-1	-1	-1	-1	-1	-1	-1	-1	-1	-1	-1	-1	-1	-1	-1	-1	-1	-1	-1	-1	-1	-1	-1	-1	-1	-1	-1	-1	-1	-1	-1	-1	-1	4	105	4	4	1	250	-1	0	-1	1	-1	-1	-1	-1	80	20301009	115	100
70503094	7	5	3	94	3	-1	2	94	3	雄狮逆鳞兽环·勇	95	狮生逆鳞，力猛不可知。#r适合#G勇猛#W性格的珍兽穿着，穿齐全套可#G增加连击技能的释放几率#W。#r项圈装备后珍兽出战时#G力量#W和#G体力#W将获得#G41#W点的提升。#r#G可在苏州（248，184）云姗姗处使用珍兽装备相关功能。#W	1000	800	3	8122	-1	PetEquipChaplet1_8	珍兽项圈	1	1	-1	-1	-1	-1	655	-1	-1	-1	-1	-1	-1	-1	-1	-1	-1	-1	-1	-1	-1	-1	-1	-1	-1	-1	-1	-1	-1	-1	-1	-1	-1	-1	-1	-1	-1	-1	-1	-1	-1	-1	-1	-1	-1	-1	-1	-1	-1	-1	-1	-1	-1	-1	-1	-1	-1	-1	-1	-1	-1	-1	-1	-1	-1	-1	5	105	4	4	1	250	-1	0	-1	1	-1	-1	-1	-1	100	20301009	143	100
70503095	7	5	3	95	3	-1	2	95	3	雄狮逆鳞兽环·狡	95	狮生逆鳞，力猛不可知。#r适合#G精明#W性格的珍兽穿着，穿齐全套可#G增加反击技能的生效几率#W。#r项圈装备后珍兽出战时#G命中#W将获得#G117#W点的提升；#G会心攻击#W将获得#G4#W点的提升。#r#G可在苏州（248，184）云姗姗处使用珍兽装备相关功能。#W	1000	800	3	8145	-1	PetEquipChaplet1_8	珍兽项圈	1	1	-1	-1	-1	-1	655	-1	-1	-1	-1	-1	-1	-1	-1	-1	-1	-1	-1	-1	-1	-1	-1	-1	-1	-1	-1	-1	-1	-1	-1	-1	-1	-1	-1	-1	-1	-1	-1	-1	-1	-1	-1	-1	-1	-1	-1	-1	-1	-1	-1	-1	-1	-1	-1	-1	-1	-1	-1	-1	-1	-1	-1	-1	-1	-1	1	105	4	4	1	250	-1	0	-1	1	-1	-1	-1	-1	50	20301009	50	100
70503096	7	5	3	96	3	-1	2	96	3	雄狮逆鳞兽环·狡	95	狮生逆鳞，力猛不可知。#r适合#G精明#W性格的珍兽穿着，穿齐全套可#G增加反击技能的生效几率#W。#r项圈装备后珍兽出战时#G命中#W将获得#G128#W点的提升；#G会心攻击#W将获得#G6#W点的提升。#r#G可在苏州（248，184）云姗姗处使用珍兽装备相关功能。#W	1000	800	3	8146	-1	PetEquipChaplet1_8	珍兽项圈	1	1	-1	-1	-1	-1	655	-1	-1	-1	-1	-1	-1	-1	-1	-1	-1	-1	-1	-1	-1	-1	-1	-1	-1	-1	-1	-1	-1	-1	-1	-1	-1	-1	-1	-1	-1	-1	-1	-1	-1	-1	-1	-1	-1	-1	-1	-1	-1	-1	-1	-1	-1	-1	-1	-1	-1	-1	-1	-1	-1	-1	-1	-1	-1	-1	2	105	4	4	1	250	-1	0	-1	1	-1	-1	-1	-1	60	20301009	68	100
70503097	7	5	3	97	3	-1	2	97	3	雄狮逆鳞兽环·狡	95	狮生逆鳞，力猛不可知。#r适合#G精明#W性格的珍兽穿着，穿齐全套可#G增加反击技能的生效几率#W。#r项圈装备后珍兽出战时#G命中#W将获得#G175#W点的提升；#G会心攻击#W将获得#G9#W点的提升。#r#G可在苏州（248，184）云姗姗处使用珍兽装备相关功能。#W	1000	800	3	8147	-1	PetEquipChaplet1_8	珍兽项圈	1	1	-1	-1	-1	-1	655	-1	-1	-1	-1	-1	-1	-1	-1	-1	-1	-1	-1	-1	-1	-1	-1	-1	-1	-1	-1	-1	-1	-1	-1	-1	-1	-1	-1	-1	-1	-1	-1	-1	-1	-1	-1	-1	-1	-1	-1	-1	-1	-1	-1	-1	-1	-1	-1	-1	-1	-1	-1	-1	-1	-1	-1	-1	-1	-1	3	105	4	4	1	250	-1	0	-1	1	-1	-1	-1	-1	70	20301009	90	100
70503098	7	5	3	98	3	-1	2	98	3	雄狮逆鳞兽环·狡	95	狮生逆鳞，力猛不可知。#r适合#G精明#W性格的珍兽穿着，穿齐全套可#G增加反击技能的生效几率#W。#r项圈装备后珍兽出战时#G命中#W将获得#G257#W点的提升；#G会心攻击#W将获得#G12#W点的提升。#r#G可在苏州（248，184）云姗姗处使用珍兽装备相关功能。#W	1000	800	3	8148	-1	PetEquipChaplet1_8	珍兽项圈	1	1	-1	-1	-1	-1	655	-1	-1	-1	-1	-1	-1	-1	-1	-1	-1	-1	-1	-1	-1	-1	-1	-1	-1	-1	-1	-1	-1	-1	-1	-1	-1	-1	-1	-1	-1	-1	-1	-1	-1	-1	-1	-1	-1	-1	-1	-1	-1	-1	-1	-1	-1	-1	-1	-1	-1	-1	-1	-1	-1	-1	-1	-1	-1	-1	4	105	4	4	1	250	-1	0	-1	1	-1	-1	-1	-1	80	20301009	115	100
70503099	7	5	3	99	3	-1	2	99	3	雄狮逆鳞兽环·狡	95	狮生逆鳞，力猛不可知。#r适合#G精明#W性格的珍兽穿着，穿齐全套可#G增加反击技能的生效几率#W。#r项圈装备后珍兽出战时#G命中#W将获得#G315#W点的提升；#G会心攻击#W将获得#G16#W点的提升。#r#G可在苏州（248，184）云姗姗处使用珍兽装备相关功能。#W	1000	800	3	8149	-1	PetEquipChaplet1_8	珍兽项圈	1	1	-1	-1	-1	-1	655	-1	-1	-1	-1	-1	-1	-1	-1	-1	-1	-1	-1	-1	-1	-1	-1	-1	-1	-1	-1	-1	-1	-1	-1	-1	-1	-1	-1	-1	-1	-1	-1	-1	-1	-1	-1	-1	-1	-1	-1	-1	-1	-1	-1	-1	-1	-1	-1	-1	-1	-1	-1	-1	-1	-1	-1	-1	-1	-1	5	105	4	4	1	250	-1	0	-1	1	-1	-1	-1	-1	100	20301009	143	100
70503100	7	5	3	100	3	-1	2	100	3	雄狮逆鳞兽环·慎	95	狮生逆鳞，力猛不可知。#r适合#G谨慎#W性格的珍兽穿着，穿齐全套可#G增加打怒技能的生效几率#W。#r项圈装备后珍兽出战时#G力量#W和#G身法#W将获得#G14#W点的提升。#r#G可在苏州（248，184）云姗姗处使用珍兽装备相关功能。#W	1000	800	3	8172	-1	PetEquipChaplet1_8	珍兽项圈	1	1	-1	-1	-1	-1	655	-1	-1	-1	-1	-1	-1	-1	-1	-1	-1	-1	-1	-1	-1	-1	-1	-1	-1	-1	-1	-1	-1	-1	-1	-1	-1	-1	-1	-1	-1	-1	-1	-1	-1	-1	-1	-1	-1	-1	-1	-1	-1	-1	-1	-1	-1	-1	-1	-1	-1	-1	-1	-1	-1	-1	-1	-1	-1	-1	1	105	4	4	1	250	-1	0	-1	1	-1	-1	-1	-1	50	20301009	50	100
70503101	7	5	3	101	3	-1	2	101	3	雄狮逆鳞兽环·慎	95	狮生逆鳞，力猛不可知。#r适合#G谨慎#W性格的珍兽穿着，穿齐全套可#G增加打怒技能的生效几率#W。#r项圈装备后珍兽出战时#G力量#W和#G身法#W将获得#G16#W点的提升。#r#G可在苏州（248，184）云姗姗处使用珍兽装备相关功能。#W	1000	800	3	8173	-1	PetEquipChaplet1_8	珍兽项圈	1	1	-1	-1	-1	-1	655	-1	-1	-1	-1	-1	-1	-1	-1	-1	-1	-1	-1	-1	-1	-1	-1	-1	-1	-1	-1	-1	-1	-1	-1	-1	-1	-1	-1	-1	-1	-1	-1	-1	-1	-1	-1	-1	-1	-1	-1	-1	-1	-1	-1	-1	-1	-1	-1	-1	-1	-1	-1	-1	-1	-1	-1	-1	-1	-1	2	105	4	4	1	250	-1	0	-1	1	-1	-1	-1	-1	60	20301009	68	100
70503102	7	5	3	102	3	-1	2	102	3	雄狮逆鳞兽环·慎	95	狮生逆鳞，力猛不可知。#r适合#G谨慎#W性格的珍兽穿着，穿齐全套可#G增加打怒技能的生效几率#W。#r项圈装备后珍兽出战时#G力量#W和#G身法#W将获得#G23#W点的提升。#r#G可在苏州（248，184）云姗姗处使用珍兽装备相关功能。#W	1000	800	3	8174	-1	PetEquipChaplet1_8	珍兽项圈	1	1	-1	-1	-1	-1	655	-1	-1	-1	-1	-1	-1	-1	-1	-1	-1	-1	-1	-1	-1	-1	-1	-1	-1	-1	-1	-1	-1	-1	-1	-1	-1	-1	-1	-1	-1	-1	-1	-1	-1	-1	-1	-1	-1	-1	-1	-1	-1	-1	-1	-1	-1	-1	-1	-1	-1	-1	-1	-1	-1	-1	-1	-1	-1	-1	3	105	4	4	1	250	-1	0	-1	1	-1	-1	-1	-1	70	20301009	90	100
70503103	7	5	3	103	3	-1	2	103	3	雄狮逆鳞兽环·慎	95	狮生逆鳞，力猛不可知。#r适合#G谨慎#W性格的珍兽穿着，穿齐全套可#G增加打怒技能的生效几率#W。#r项圈装备后珍兽出战时#G力量#W和#G身法#W将获得#G33#W点的提升。#r#G可在苏州（248，184）云姗姗处使用珍兽装备相关功能。#W	1000	800	3	8175	-1	PetEquipChaplet1_8	珍兽项圈	1	1	-1	-1	-1	-1	655	-1	-1	-1	-1	-1	-1	-1	-1	-1	-1	-1	-1	-1	-1	-1	-1	-1	-1	-1	-1	-1	-1	-1	-1	-1	-1	-1	-1	-1	-1	-1	-1	-1	-1	-1	-1	-1	-1	-1	-1	-1	-1	-1	-1	-1	-1	-1	-1	-1	-1	-1	-1	-1	-1	-1	-1	-1	-1	-1	4	105	4	4	1	250	-1	0	-1	1	-1	-1	-1	-1	80	20301009	115	100
70503104	7	5	3	104	3	-1	2	104	3	雄狮逆鳞兽环·慎	95	狮生逆鳞，力猛不可知。#r适合#G谨慎#W性格的珍兽穿着，穿齐全套可#G增加打怒技能的生效几率#W。#r项圈装备后珍兽出战时#G力量#W和#G身法#W将获得#G41#W点的提升。#r#G可在苏州（248，184）云姗姗处使用珍兽装备相关功能。#W	1000	800	3	8176	-1	PetEquipChaplet1_8	珍兽项圈	1	1	-1	-1	-1	-1	655	-1	-1	-1	-1	-1	-1	-1	-1	-1	-1	-1	-1	-1	-1	-1	-1	-1	-1	-1	-1	-1	-1	-1	-1	-1	-1	-1	-1	-1	-1	-1	-1	-1	-1	-1	-1	-1	-1	-1	-1	-1	-1	-1	-1	-1	-1	-1	-1	-1	-1	-1	-1	-1	-1	-1	-1	-1	-1	-1	5	105	4	4	1	250	-1	0	-1	1	-1	-1	-1	-1	100	20301009	143	100
70503105	7	5	3	105	3	-1	2	105	3	昆鹏异羽兽环·怯	95	昆仑有鹏，异羽昭其灵。#r适合#G胆小#W性格的珍兽穿着，穿齐全套可#G增加烈火咒、玄雷咒、血毒咒、寒冰咒释放几率#W。#r项圈装备后珍兽出战时#G灵气#W和#G体力#W将获得#G14#W点的提升。#r#G可在苏州（248，184）云姗姗处使用珍兽装备相关功能。#W	1000	800	3	8199	-1	PetEquipChaplet1_7	珍兽项圈	1	1	-1	-1	-1	-1	655	-1	-1	-1	-1	-1	-1	-1	-1	-1	-1	-1	-1	-1	-1	-1	-1	-1	-1	-1	-1	-1	-1	-1	-1	-1	-1	-1	-1	-1	-1	-1	-1	-1	-1	-1	-1	-1	-1	-1	-1	-1	-1	-1	-1	-1	-1	-1	-1	-1	-1	-1	-1	-1	-1	-1	-1	-1	-1	-1	1	105	4	4	1	250	-1	0	-1	-1	1	-1	-1	-1	50	20301009	50	100
70503106	7	5	3	106	3	-1	2	106	3	昆鹏异羽兽环·怯	95	昆仑有鹏，异羽昭其灵。#r适合#G胆小#W性格的珍兽穿着，穿齐全套可#G增加烈火咒、玄雷咒、血毒咒、寒冰咒释放几率#W。#r项圈装备后珍兽出战时#G灵气#W和#G体力#W将获得#G16#W点的提升。#r#G可在苏州（248，184）云姗姗处使用珍兽装备相关功能。#W	1000	800	3	8200	-1	PetEquipChaplet1_7	珍兽项圈	1	1	-1	-1	-1	-1	655	-1	-1	-1	-1	-1	-1	-1	-1	-1	-1	-1	-1	-1	-1	-1	-1	-1	-1	-1	-1	-1	-1	-1	-1	-1	-1	-1	-1	-1	-1	-1	-1	-1	-1	-1	-1	-1	-1	-1	-1	-1	-1	-1	-1	-1	-1	-1	-1	-1	-1	-1	-1	-1	-1	-1	-1	-1	-1	-1	2	105	4	4	1	250	-1	0	-1	-1	1	-1	-1	-1	60	20301009	68	100
70503107	7	5	3	107	3	-1	2	107	3	昆鹏异羽兽环·怯	95	昆仑有鹏，异羽昭其灵。#r适合#G胆小#W性格的珍兽穿着，穿齐全套可#G增加烈火咒、玄雷咒、血毒咒、寒冰咒释放几率#W。#r项圈装备后珍兽出战时#G灵气#W和#G体力#W将获得#G23#W点的提升。#r#G可在苏州（248，184）云姗姗处使用珍兽装备相关功能。#W	1000	800	3	8201	-1	PetEquipChaplet1_7	珍兽项圈	1	1	-1	-1	-1	-1	655	-1	-1	-1	-1	-1	-1	-1	-1	-1	-1	-1	-1	-1	-1	-1	-1	-1	-1	-1	-1	-1	-1	-1	-1	-1	-1	-1	-1	-1	-1	-1	-1	-1	-1	-1	-1	-1	-1	-1	-1	-1	-1	-1	-1	-1	-1	-1	-1	-1	-1	-1	-1	-1	-1	-1	-1	-1	-1	-1	3	105	4	4	1	250	-1	0	-1	-1	1	-1	-1	-1	70	20301009	90	100
70503108	7	5	3	108	3	-1	2	108	3	昆鹏异羽兽环·怯	95	昆仑有鹏，异羽昭其灵。#r适合#G胆小#W性格的珍兽穿着，穿齐全套可#G增加烈火咒、玄雷咒、血毒咒、寒冰咒释放几率#W。#r项圈装备后珍兽出战时#G灵气#W和#G体力#W将获得#G33#W点的提升。#r#G可在苏州（248，184）云姗姗处使用珍兽装备相关功能。#W	1000	800	3	8202	-1	PetEquipChaplet1_7	珍兽项圈	1	1	-1	-1	-1	-1	655	-1	-1	-1	-1	-1	-1	-1	-1	-1	-1	-1	-1	-1	-1	-1	-1	-1	-1	-1	-1	-1	-1	-1	-1	-1	-1	-1	-1	-1	-1	-1	-1	-1	-1	-1	-1	-1	-1	-1	-1	-1	-1	-1	-1	-1	-1	-1	-1	-1	-1	-1	-1	-1	-1	-1	-1	-1	-1	-1	4	105	4	4	1	250	-1	0	-1	-1	1	-1	-1	-1	80	20301009	115	100
70503109	7	5	3	109	3	-1	2	109	3	昆鹏异羽兽环·怯	95	昆仑有鹏，异羽昭其灵。#r适合#G胆小#W性格的珍兽穿着，穿齐全套可#G增加烈火咒、玄雷咒、血毒咒、寒冰咒释放几率#W。#r项圈装备后珍兽出战时#G灵气#W和#G体力#W将获得#G41#W点的提升。#r#G可在苏州（248，184）云姗姗处使用珍兽装备相关功能。#W	1000	800	3	8203	-1	PetEquipChaplet1_7	珍兽项圈	1	1	-1	-1	-1	-1	655	-1	-1	-1	-1	-1	-1	-1	-1	-1	-1	-1	-1	-1	-1	-1	-1	-1	-1	-1	-1	-1	-1	-1	-1	-1	-1	-1	-1	-1	-1	-1	-1	-1	-1	-1	-1	-1	-1	-1	-1	-1	-1	-1	-1	-1	-1	-1	-1	-1	-1	-1	-1	-1	-1	-1	-1	-1	-1	-1	5	105	4	4	1	250	-1	0	-1	-1	1	-1	-1	-1	100	20301009	143	100
70503110	7	5	3	110	3	-1	2	110	3	昆鹏异羽兽环·狡	95	昆仑有鹏，异羽昭其灵。#r适合#G精明#W性格的珍兽穿着，穿齐全套可#G增加反击技能的生效几率#W。#r项圈装备后珍兽出战时#G命中#W将获得#G117#W点的提升；#G会心攻击#W将获得#G4#W点的提升。#r#G可在苏州（248，184）云姗姗处使用珍兽装备相关功能。#W	1000	800	3	8226	-1	PetEquipChaplet1_7	珍兽项圈	1	1	-1	-1	-1	-1	655	-1	-1	-1	-1	-1	-1	-1	-1	-1	-1	-1	-1	-1	-1	-1	-1	-1	-1	-1	-1	-1	-1	-1	-1	-1	-1	-1	-1	-1	-1	-1	-1	-1	-1	-1	-1	-1	-1	-1	-1	-1	-1	-1	-1	-1	-1	-1	-1	-1	-1	-1	-1	-1	-1	-1	-1	-1	-1	-1	1	105	4	4	1	250	-1	0	-1	-1	1	-1	-1	-1	50	20301009	50	100
70503111	7	5	3	111	3	-1	2	111	3	昆鹏异羽兽环·狡	95	昆仑有鹏，异羽昭其灵。#r适合#G精明#W性格的珍兽穿着，穿齐全套可#G增加反击技能的生效几率#W。#r项圈装备后珍兽出战时#G命中#W将获得#G128#W点的提升；#G会心攻击#W将获得#G6#W点的提升。#r#G可在苏州（248，184）云姗姗处使用珍兽装备相关功能。#W	1000	800	3	8227	-1	PetEquipChaplet1_7	珍兽项圈	1	1	-1	-1	-1	-1	655	-1	-1	-1	-1	-1	-1	-1	-1	-1	-1	-1	-1	-1	-1	-1	-1	-1	-1	-1	-1	-1	-1	-1	-1	-1	-1	-1	-1	-1	-1	-1	-1	-1	-1	-1	-1	-1	-1	-1	-1	-1	-1	-1	-1	-1	-1	-1	-1	-1	-1	-1	-1	-1	-1	-1	-1	-1	-1	-1	2	105	4	4	1	250	-1	0	-1	-1	1	-1	-1	-1	60	20301009	68	100
70503112	7	5	3	112	3	-1	2	112	3	昆鹏异羽兽环·狡	95	昆仑有鹏，异羽昭其灵。#r适合#G精明#W性格的珍兽穿着，穿齐全套可#G增加反击技能的生效几率#W。#r项圈装备后珍兽出战时#G命中#W将获得#G175#W点的提升；#G会心攻击#W将获得#G9#W点的提升。#r#G可在苏州（248，184）云姗姗处使用珍兽装备相关功能。#W	1000	800	3	8228	-1	PetEquipChaplet1_7	珍兽项圈	1	1	-1	-1	-1	-1	655	-1	-1	-1	-1	-1	-1	-1	-1	-1	-1	-1	-1	-1	-1	-1	-1	-1	-1	-1	-1	-1	-1	-1	-1	-1	-1	-1	-1	-1	-1	-1	-1	-1	-1	-1	-1	-1	-1	-1	-1	-1	-1	-1	-1	-1	-1	-1	-1	-1	-1	-1	-1	-1	-1	-1	-1	-1	-1	-1	3	105	4	4	1	250	-1	0	-1	-1	1	-1	-1	-1	70	20301009	90	100
70503113	7	5	3	113	3	-1	2	113	3	昆鹏异羽兽环·狡	95	昆仑有鹏，异羽昭其灵。#r适合#G精明#W性格的珍兽穿着，穿齐全套可#G增加反击技能的生效几率#W。#r项圈装备后珍兽出战时#G命中#W将获得#G257#W点的提升；#G会心攻击#W将获得#G12#W点的提升。#r#G可在苏州（248，184）云姗姗处使用珍兽装备相关功能。#W	1000	800	3	8229	-1	PetEquipChaplet1_7	珍兽项圈	1	1	-1	-1	-1	-1	655	-1	-1	-1	-1	-1	-1	-1	-1	-1	-1	-1	-1	-1	-1	-1	-1	-1	-1	-1	-1	-1	-1	-1	-1	-1	-1	-1	-1	-1	-1	-1	-1	-1	-1	-1	-1	-1	-1	-1	-1	-1	-1	-1	-1	-1	-1	-1	-1	-1	-1	-1	-1	-1	-1	-1	-1	-1	-1	-1	4	105	4	4	1	250	-1	0	-1	-1	1	-1	-1	-1	80	20301009	115	100
70503114	7	5	3	114	3	-1	2	114	3	昆鹏异羽兽环·狡	95	昆仑有鹏，异羽昭其灵。#r适合#G精明#W性格的珍兽穿着，穿齐全套可#G增加反击技能的生效几率#W。#r项圈装备后珍兽出战时#G命中#W将获得#G315#W点的提升；#G会心攻击#W将获得#G16#W点的提升。#r#G可在苏州（248，184）云姗姗处使用珍兽装备相关功能。#W	1000	800	3	8230	-1	PetEquipChaplet1_7	珍兽项圈	1	1	-1	-1	-1	-1	655	-1	-1	-1	-1	-1	-1	-1	-1	-1	-1	-1	-1	-1	-1	-1	-1	-1	-1	-1	-1	-1	-1	-1	-1	-1	-1	-1	-1	-1	-1	-1	-1	-1	-1	-1	-1	-1	-1	-1	-1	-1	-1	-1	-1	-1	-1	-1	-1	-1	-1	-1	-1	-1	-1	-1	-1	-1	-1	-1	5	105	4	4	1	250	-1	0	-1	-1	1	-1	-1	-1	100	20301009	143	100
70503115	7	5	3	115	3	-1	2	115	3	昆鹏异羽兽环·慎	95	昆仑有鹏，异羽昭其灵。#r适合#G谨慎#W性格的珍兽穿着，穿齐全套可#G增加打怒技能的生效几率#W。#r项圈装备后珍兽出战时#G灵气#W和#G身法#W将获得#G14#W点的提升。#r#G可在苏州（248，184）云姗姗处使用珍兽装备相关功能。#W	1000	800	3	8253	-1	PetEquipChaplet1_7	珍兽项圈	1	1	-1	-1	-1	-1	655	-1	-1	-1	-1	-1	-1	-1	-1	-1	-1	-1	-1	-1	-1	-1	-1	-1	-1	-1	-1	-1	-1	-1	-1	-1	-1	-1	-1	-1	-1	-1	-1	-1	-1	-1	-1	-1	-1	-1	-1	-1	-1	-1	-1	-1	-1	-1	-1	-1	-1	-1	-1	-1	-1	-1	-1	-1	-1	-1	1	105	4	4	1	250	-1	0	-1	-1	1	-1	-1	-1	50	20301009	50	100
70503116	7	5	3	116	3	-1	2	116	3	昆鹏异羽兽环·慎	95	昆仑有鹏，异羽昭其灵。#r适合#G谨慎#W性格的珍兽穿着，穿齐全套可#G增加打怒技能的生效几率#W。#r项圈装备后珍兽出战时#G灵气#W和#G身法#W将获得#G16#W点的提升。#r#G可在苏州（248，184）云姗姗处使用珍兽装备相关功能。#W	1000	800	3	8254	-1	PetEquipChaplet1_7	珍兽项圈	1	1	-1	-1	-1	-1	655	-1	-1	-1	-1	-1	-1	-1	-1	-1	-1	-1	-1	-1	-1	-1	-1	-1	-1	-1	-1	-1	-1	-1	-1	-1	-1	-1	-1	-1	-1	-1	-1	-1	-1	-1	-1	-1	-1	-1	-1	-1	-1	-1	-1	-1	-1	-1	-1	-1	-1	-1	-1	-1	-1	-1	-1	-1	-1	-1	2	105	4	4	1	250	-1	0	-1	-1	1	-1	-1	-1	60	20301009	68	100
70503117	7	5	3	117	3	-1	2	117	3	昆鹏异羽兽环·慎	95	昆仑有鹏，异羽昭其灵。#r适合#G谨慎#W性格的珍兽穿着，穿齐全套可#G增加打怒技能的生效几率#W。#r项圈装备后珍兽出战时#G灵气#W和#G身法#W将获得#G23#W点的提升。#r#G可在苏州（248，184）云姗姗处使用珍兽装备相关功能。#W	1000	800	3	8255	-1	PetEquipChaplet1_7	珍兽项圈	1	1	-1	-1	-1	-1	655	-1	-1	-1	-1	-1	-1	-1	-1	-1	-1	-1	-1	-1	-1	-1	-1	-1	-1	-1	-1	-1	-1	-1	-1	-1	-1	-1	-1	-1	-1	-1	-1	-1	-1	-1	-1	-1	-1	-1	-1	-1	-1	-1	-1	-1	-1	-1	-1	-1	-1	-1	-1	-1	-1	-1	-1	-1	-1	-1	3	105	4	4	1	250	-1	0	-1	-1	1	-1	-1	-1	70	20301009	90	100
70503118	7	5	3	118	3	-1	2	118	3	昆鹏异羽兽环·慎	95	昆仑有鹏，异羽昭其灵。#r适合#G谨慎#W性格的珍兽穿着，穿齐全套可#G增加打怒技能的生效几率#W。#r项圈装备后珍兽出战时#G灵气#W和#G身法#W将获得#G33#W点的提升。#r#G可在苏州（248，184）云姗姗处使用珍兽装备相关功能。#W	1000	800	3	8256	-1	PetEquipChaplet1_7	珍兽项圈	1	1	-1	-1	-1	-1	655	-1	-1	-1	-1	-1	-1	-1	-1	-1	-1	-1	-1	-1	-1	-1	-1	-1	-1	-1	-1	-1	-1	-1	-1	-1	-1	-1	-1	-1	-1	-1	-1	-1	-1	-1	-1	-1	-1	-1	-1	-1	-1	-1	-1	-1	-1	-1	-1	-1	-1	-1	-1	-1	-1	-1	-1	-1	-1	-1	4	105	4	4	1	250	-1	0	-1	-1	1	-1	-1	-1	80	20301009	115	100
70503119	7	5	3	119	3	-1	2	119	3	昆鹏异羽兽环·慎	95	昆仑有鹏，异羽昭其灵。#r适合#G谨慎#W性格的珍兽穿着，穿齐全套可#G增加打怒技能的生效几率#W。#r项圈装备后珍兽出战时#G灵气#W和#G身法#W将获得#G41#W点的提升。#r#G可在苏州（248，184）云姗姗处使用珍兽装备相关功能。#W	1000	800	3	8257	-1	PetEquipChaplet1_7	珍兽项圈	1	1	-1	-1	-1	-1	655	-1	-1	-1	-1	-1	-1	-1	-1	-1	-1	-1	-1	-1	-1	-1	-1	-1	-1	-1	-1	-1	-1	-1	-1	-1	-1	-1	-1	-1	-1	-1	-1	-1	-1	-1	-1	-1	-1	-1	-1	-1	-1	-1	-1	-1	-1	-1	-1	-1	-1	-1	-1	-1	-1	-1	-1	-1	-1	-1	5	105	4	4	1	250	-1	0	-1	-1	1	-1	-1	-1	100	20301009	143	100
70503120	7	5	3	120	3	-1	2	120	3	玄龟奇血兽环·忠	95	龟背色玄，有奇血暗涌。#r适合#G忠诚#W性格的珍兽穿着，穿齐全套可#G增加灵气技能的生效几率#W。#r项圈装备后珍兽出战时#G体力#W将获得#G25#W点的提升。#r#G可在苏州（248，184）云姗姗处使用珍兽装备相关功能。#W	1000	800	3	8280	-1	PetEquipChaplet1_12	珍兽项圈	1	1	-1	-1	-1	-1	655	-1	-1	-1	-1	-1	-1	-1	-1	-1	-1	-1	-1	-1	-1	-1	-1	-1	-1	-1	-1	-1	-1	-1	-1	-1	-1	-1	-1	-1	-1	-1	-1	-1	-1	-1	-1	-1	-1	-1	-1	-1	-1	-1	-1	-1	-1	-1	-1	-1	-1	-1	-1	-1	-1	-1	-1	-1	-1	-1	1	105	4	4	1	250	-1	0	-1	-1	-1	1	-1	-1	50	20301009	50	100
70503121	7	5	3	121	3	-1	2	121	3	玄龟奇血兽环·忠	95	龟背色玄，有奇血暗涌。#r适合#G忠诚#W性格的珍兽穿着，穿齐全套可#G增加灵气技能的生效几率#W。#r项圈装备后珍兽出战时#G体力#W将获得#G28#W点的提升。#r#G可在苏州（248，184）云姗姗处使用珍兽装备相关功能。#W	1000	800	3	8281	-1	PetEquipChaplet1_12	珍兽项圈	1	1	-1	-1	-1	-1	655	-1	-1	-1	-1	-1	-1	-1	-1	-1	-1	-1	-1	-1	-1	-1	-1	-1	-1	-1	-1	-1	-1	-1	-1	-1	-1	-1	-1	-1	-1	-1	-1	-1	-1	-1	-1	-1	-1	-1	-1	-1	-1	-1	-1	-1	-1	-1	-1	-1	-1	-1	-1	-1	-1	-1	-1	-1	-1	-1	2	105	4	4	1	250	-1	0	-1	-1	-1	1	-1	-1	60	20301009	68	100
70503122	7	5	3	122	3	-1	2	122	3	玄龟奇血兽环·忠	95	龟背色玄，有奇血暗涌。#r适合#G忠诚#W性格的珍兽穿着，穿齐全套可#G增加灵气技能的生效几率#W。#r项圈装备后珍兽出战时#G体力#W将获得#G41#W点的提升。#r#G可在苏州（248，184）云姗姗处使用珍兽装备相关功能。#W	1000	800	3	8282	-1	PetEquipChaplet1_12	珍兽项圈	1	1	-1	-1	-1	-1	655	-1	-1	-1	-1	-1	-1	-1	-1	-1	-1	-1	-1	-1	-1	-1	-1	-1	-1	-1	-1	-1	-1	-1	-1	-1	-1	-1	-1	-1	-1	-1	-1	-1	-1	-1	-1	-1	-1	-1	-1	-1	-1	-1	-1	-1	-1	-1	-1	-1	-1	-1	-1	-1	-1	-1	-1	-1	-1	-1	3	105	4	4	1	250	-1	0	-1	-1	-1	1	-1	-1	70	20301009	90	100
70503123	7	5	3	123	3	-1	2	123	3	玄龟奇血兽环·忠	95	龟背色玄，有奇血暗涌。#r适合#G忠诚#W性格的珍兽穿着，穿齐全套可#G增加灵气技能的生效几率#W。#r项圈装备后珍兽出战时#G体力#W将获得#G59#W点的提升。#r#G可在苏州（248，184）云姗姗处使用珍兽装备相关功能。#W	1000	800	3	8283	-1	PetEquipChaplet1_12	珍兽项圈	1	1	-1	-1	-1	-1	655	-1	-1	-1	-1	-1	-1	-1	-1	-1	-1	-1	-1	-1	-1	-1	-1	-1	-1	-1	-1	-1	-1	-1	-1	-1	-1	-1	-1	-1	-1	-1	-1	-1	-1	-1	-1	-1	-1	-1	-1	-1	-1	-1	-1	-1	-1	-1	-1	-1	-1	-1	-1	-1	-1	-1	-1	-1	-1	-1	4	105	4	4	1	250	-1	0	-1	-1	-1	1	-1	-1	80	20301009	115	100
70503124	7	5	3	124	3	-1	2	124	3	玄龟奇血兽环·忠	95	龟背色玄，有奇血暗涌。#r适合#G忠诚#W性格的珍兽穿着，穿齐全套可#G增加灵气技能的生效几率#W。#r项圈装备后珍兽出战时#G体力#W将获得#G73#W点的提升。#r#G可在苏州（248，184）云姗姗处使用珍兽装备相关功能。#W	1000	800	3	8284	-1	PetEquipChaplet1_12	珍兽项圈	1	1	-1	-1	-1	-1	655	-1	-1	-1	-1	-1	-1	-1	-1	-1	-1	-1	-1	-1	-1	-1	-1	-1	-1	-1	-1	-1	-1	-1	-1	-1	-1	-1	-1	-1	-1	-1	-1	-1	-1	-1	-1	-1	-1	-1	-1	-1	-1	-1	-1	-1	-1	-1	-1	-1	-1	-1	-1	-1	-1	-1	-1	-1	-1	-1	5	105	4	4	1	250	-1	0	-1	-1	-1	1	-1	-1	100	20301009	143	100
70503125	7	5	3	125	3	-1	2	125	3	玄龟奇血兽环·慎	95	龟背色玄，有奇血暗涌。#r适合#G谨慎#W性格的珍兽穿着，穿齐全套可#G增加打怒技能的生效几率#W。#r项圈装备后珍兽出战时#G体力#W和#G身法#W将获得#G14#W点的提升。#r#G可在苏州（248，184）云姗姗处使用珍兽装备相关功能。#W	1000	800	3	8307	-1	PetEquipChaplet1_12	珍兽项圈	1	1	-1	-1	-1	-1	655	-1	-1	-1	-1	-1	-1	-1	-1	-1	-1	-1	-1	-1	-1	-1	-1	-1	-1	-1	-1	-1	-1	-1	-1	-1	-1	-1	-1	-1	-1	-1	-1	-1	-1	-1	-1	-1	-1	-1	-1	-1	-1	-1	-1	-1	-1	-1	-1	-1	-1	-1	-1	-1	-1	-1	-1	-1	-1	-1	1	105	4	4	1	250	-1	0	-1	-1	-1	1	-1	-1	50	20301009	50	100
70503126	7	5	3	126	3	-1	2	126	3	玄龟奇血兽环·慎	95	龟背色玄，有奇血暗涌。#r适合#G谨慎#W性格的珍兽穿着，穿齐全套可#G增加打怒技能的生效几率#W。#r项圈装备后珍兽出战时#G体力#W和#G身法#W将获得#G16#W点的提升。#r#G可在苏州（248，184）云姗姗处使用珍兽装备相关功能。#W	1000	800	3	8308	-1	PetEquipChaplet1_12	珍兽项圈	1	1	-1	-1	-1	-1	655	-1	-1	-1	-1	-1	-1	-1	-1	-1	-1	-1	-1	-1	-1	-1	-1	-1	-1	-1	-1	-1	-1	-1	-1	-1	-1	-1	-1	-1	-1	-1	-1	-1	-1	-1	-1	-1	-1	-1	-1	-1	-1	-1	-1	-1	-1	-1	-1	-1	-1	-1	-1	-1	-1	-1	-1	-1	-1	-1	2	105	4	4	1	250	-1	0	-1	-1	-1	1	-1	-1	60	20301009	68	100
70503127	7	5	3	127	3	-1	2	127	3	玄龟奇血兽环·慎	95	龟背色玄，有奇血暗涌。#r适合#G谨慎#W性格的珍兽穿着，穿齐全套可#G增加打怒技能的生效几率#W。#r项圈装备后珍兽出战时#G体力#W和#G身法#W将获得#G23#W点的提升。#r#G可在苏州（248，184）云姗姗处使用珍兽装备相关功能。#W	1000	800	3	8309	-1	PetEquipChaplet1_12	珍兽项圈	1	1	-1	-1	-1	-1	655	-1	-1	-1	-1	-1	-1	-1	-1	-1	-1	-1	-1	-1	-1	-1	-1	-1	-1	-1	-1	-1	-1	-1	-1	-1	-1	-1	-1	-1	-1	-1	-1	-1	-1	-1	-1	-1	-1	-1	-1	-1	-1	-1	-1	-1	-1	-1	-1	-1	-1	-1	-1	-1	-1	-1	-1	-1	-1	-1	3	105	4	4	1	250	-1	0	-1	-1	-1	1	-1	-1	70	20301009	90	100
70503128	7	5	3	128	3	-1	2	128	3	玄龟奇血兽环·慎	95	龟背色玄，有奇血暗涌。#r适合#G谨慎#W性格的珍兽穿着，穿齐全套可#G增加打怒技能的生效几率#W。#r项圈装备后珍兽出战时#G体力#W和#G身法#W将获得#G33#W点的提升。#r#G可在苏州（248，184）云姗姗处使用珍兽装备相关功能。#W	1000	800	3	8310	-1	PetEquipChaplet1_12	珍兽项圈	1	1	-1	-1	-1	-1	655	-1	-1	-1	-1	-1	-1	-1	-1	-1	-1	-1	-1	-1	-1	-1	-1	-1	-1	-1	-1	-1	-1	-1	-1	-1	-1	-1	-1	-1	-1	-1	-1	-1	-1	-1	-1	-1	-1	-1	-1	-1	-1	-1	-1	-1	-1	-1	-1	-1	-1	-1	-1	-1	-1	-1	-1	-1	-1	-1	4	105	4	4	1	250	-1	0	-1	-1	-1	1	-1	-1	80	20301009	115	100
70503129	7	5	3	129	3	-1	2	129	3	玄龟奇血兽环·慎	95	龟背色玄，有奇血暗涌。#r适合#G谨慎#W性格的珍兽穿着，穿齐全套可#G增加打怒技能的生效几率#W。#r项圈装备后珍兽出战时#G体力#W和#G身法#W将获得#G41#W点的提升。#r#G可在苏州（248，184）云姗姗处使用珍兽装备相关功能。#W	1000	800	3	8311	-1	PetEquipChaplet1_12	珍兽项圈	1	1	-1	-1	-1	-1	655	-1	-1	-1	-1	-1	-1	-1	-1	-1	-1	-1	-1	-1	-1	-1	-1	-1	-1	-1	-1	-1	-1	-1	-1	-1	-1	-1	-1	-1	-1	-1	-1	-1	-1	-1	-1	-1	-1	-1	-1	-1	-1	-1	-1	-1	-1	-1	-1	-1	-1	-1	-1	-1	-1	-1	-1	-1	-1	-1	5	105	4	4	1	250	-1	0	-1	-1	-1	1	-1	-1	100	20301009	143	100
70503130	7	5	3	130	3	-1	2	130	3	墨豹惊步兽环·慎	95	豹身如墨，步速无不惊。#r适合#G谨慎#W性格的珍兽穿着，穿齐全套可#G增加打怒技能的生效几率#W。#r项圈装备后珍兽出战时#G身法#W将获得#G25#W点的提升。#r#G可在苏州（248，184）云姗姗处使用珍兽装备相关功能。#W	1000	800	3	8334	-1	PetEquipChaplet1_11	珍兽项圈	1	1	-1	-1	-1	-1	655	-1	-1	-1	-1	-1	-1	-1	-1	-1	-1	-1	-1	-1	-1	-1	-1	-1	-1	-1	-1	-1	-1	-1	-1	-1	-1	-1	-1	-1	-1	-1	-1	-1	-1	-1	-1	-1	-1	-1	-1	-1	-1	-1	-1	-1	-1	-1	-1	-1	-1	-1	-1	-1	-1	-1	-1	-1	-1	-1	1	105	4	4	1	250	-1	0	-1	-1	-1	-1	-1	1	50	20301009	50	100
70503131	7	5	3	131	3	-1	2	131	3	墨豹惊步兽环·慎	95	豹身如墨，步速无不惊。#r适合#G谨慎#W性格的珍兽穿着，穿齐全套可#G增加打怒技能的生效几率#W。#r项圈装备后珍兽出战时#G身法#W将获得#G28#W点的提升。#r#G可在苏州（248，184）云姗姗处使用珍兽装备相关功能。#W	1000	800	3	8335	-1	PetEquipChaplet1_11	珍兽项圈	1	1	-1	-1	-1	-1	655	-1	-1	-1	-1	-1	-1	-1	-1	-1	-1	-1	-1	-1	-1	-1	-1	-1	-1	-1	-1	-1	-1	-1	-1	-1	-1	-1	-1	-1	-1	-1	-1	-1	-1	-1	-1	-1	-1	-1	-1	-1	-1	-1	-1	-1	-1	-1	-1	-1	-1	-1	-1	-1	-1	-1	-1	-1	-1	-1	2	105	4	4	1	250	-1	0	-1	-1	-1	-1	-1	1	60	20301009	68	100
70503132	7	5	3	132	3	-1	2	132	3	墨豹惊步兽环·慎	95	豹身如墨，步速无不惊。#r适合#G谨慎#W性格的珍兽穿着，穿齐全套可#G增加打怒技能的生效几率#W。#r项圈装备后珍兽出战时#G身法#W将获得#G41#W点的提升。#r#G可在苏州（248，184）云姗姗处使用珍兽装备相关功能。#W	1000	800	3	8336	-1	PetEquipChaplet1_11	珍兽项圈	1	1	-1	-1	-1	-1	655	-1	-1	-1	-1	-1	-1	-1	-1	-1	-1	-1	-1	-1	-1	-1	-1	-1	-1	-1	-1	-1	-1	-1	-1	-1	-1	-1	-1	-1	-1	-1	-1	-1	-1	-1	-1	-1	-1	-1	-1	-1	-1	-1	-1	-1	-1	-1	-1	-1	-1	-1	-1	-1	-1	-1	-1	-1	-1	-1	3	105	4	4	1	250	-1	0	-1	-1	-1	-1	-1	1	70	20301009	90	100
70503133	7	5	3	133	3	-1	2	133	3	墨豹惊步兽环·慎	95	豹身如墨，步速无不惊。#r适合#G谨慎#W性格的珍兽穿着，穿齐全套可#G增加打怒技能的生效几率#W。#r项圈装备后珍兽出战时#G身法#W将获得#G59#W点的提升。#r#G可在苏州（248，184）云姗姗处使用珍兽装备相关功能。#W	1000	800	3	8337	-1	PetEquipChaplet1_11	珍兽项圈	1	1	-1	-1	-1	-1	655	-1	-1	-1	-1	-1	-1	-1	-1	-1	-1	-1	-1	-1	-1	-1	-1	-1	-1	-1	-1	-1	-1	-1	-1	-1	-1	-1	-1	-1	-1	-1	-1	-1	-1	-1	-1	-1	-1	-1	-1	-1	-1	-1	-1	-1	-1	-1	-1	-1	-1	-1	-1	-1	-1	-1	-1	-1	-1	-1	4	105	4	4	1	250	-1	0	-1	-1	-1	-1	-1	1	80	20301009	115	100
70503134	7	5	3	134	3	-1	2	134	3	墨豹惊步兽环·慎	95	豹身如墨，步速无不惊。#r适合#G谨慎#W性格的珍兽穿着，穿齐全套可#G增加打怒技能的生效几率#W。#r项圈装备后珍兽出战时#G身法#W将获得#G73#W点的提升。#r#G可在苏州（248，184）云姗姗处使用珍兽装备相关功能。#W	1000	800	3	8338	-1	PetEquipChaplet1_11	珍兽项圈	1	1	-1	-1	-1	-1	655	-1	-1	-1	-1	-1	-1	-1	-1	-1	-1	-1	-1	-1	-1	-1	-1	-1	-1	-1	-1	-1	-1	-1	-1	-1	-1	-1	-1	-1	-1	-1	-1	-1	-1	-1	-1	-1	-1	-1	-1	-1	-1	-1	-1	-1	-1	-1	-1	-1	-1	-1	-1	-1	-1	-1	-1	-1	-1	-1	5	105	4	4	1	250	-1	0	-1	-1	-1	-1	-1	1	100	20301009	143	100
70504000	7	5	4	0	4	-1	2	0	4	苍狼啸月兽饰·勇	75	苍狼啸月，加其力也。#r适合#G勇猛#W性格的珍兽穿着，穿齐全套可#G增加猛击技能的伤害#W。#r#G可在苏州（248，184）云姗姗处使用珍兽装备相关功能。#W	1000	800	3	-1	-1	PetEquipAmulet1_9	珍兽护符	1	1	587	587	-1	-1	-1	-1	-1	-1	-1	-1	-1	-1	-1	-1	-1	-1	-1	-1	-1	-1	-1	-1	-1	-1	-1	1	-1	-1	-1	-1	-1	-1	-1	-1	-1	-1	-1	-1	-1	-1	-1	-1	-1	1	-1	-1	-1	-1	-1	-1	-1	-1	-1	-1	-1	-1	-1	-1	-1	-1	-1	-1	-1	-1	1	85	2	2	1	250	-1	0	-1	1	-1	-1	-1	-1	25	20301009	1	80
70504001	7	5	4	1	4	-1	2	1	4	苍狼啸月兽饰·勇	75	苍狼啸月，加其力也。#r适合#G勇猛#W性格的珍兽穿着，穿齐全套可#G增加猛击技能的伤害#W。#r#G可在苏州（248，184）云姗姗处使用珍兽装备相关功能。#W	1000	800	3	-1	-1	PetEquipAmulet1_9	珍兽护符	1	1	587	587	-1	-1	-1	-1	-1	-1	-1	-1	-1	-1	-1	-1	-1	-1	-1	-1	-1	-1	-1	-1	-1	-1	-1	1	-1	-1	-1	-1	-1	-1	-1	-1	-1	-1	-1	-1	-1	-1	-1	-1	-1	1	-1	-1	-1	-1	-1	-1	-1	-1	-1	-1	-1	-1	-1	-1	-1	-1	-1	-1	-1	-1	2	85	2	2	1	250	-1	0	-1	1	-1	-1	-1	-1	30	20301009	3	100
70504002	7	5	4	2	4	-1	2	2	4	苍狼啸月兽饰·勇	75	苍狼啸月，加其力也。#r适合#G勇猛#W性格的珍兽穿着，穿齐全套可#G增加猛击技能的伤害#W。#r#G可在苏州（248，184）云姗姗处使用珍兽装备相关功能。#W	1000	800	3	-1	-1	PetEquipAmulet1_9	珍兽护符	1	1	587	587	-1	-1	-1	-1	-1	-1	-1	-1	-1	-1	-1	-1	-1	-1	-1	-1	-1	-1	-1	-1	-1	-1	-1	1	-1	-1	-1	-1	-1	-1	-1	-1	-1	-1	-1	-1	-1	-1	-1	-1	-1	1	-1	-1	-1	-1	-1	-1	-1	-1	-1	-1	-1	-1	-1	-1	-1	-1	-1	-1	-1	-1	3	85	2	2	1	250	-1	0	-1	1	-1	-1	-1	-1	35	20301009	7	100
70504003	7	5	4	3	4	-1	2	3	4	苍狼啸月兽饰·勇	75	苍狼啸月，加其力也。#r适合#G勇猛#W性格的珍兽穿着，穿齐全套可#G增加猛击技能的伤害#W。#r#G可在苏州（248，184）云姗姗处使用珍兽装备相关功能。#W	1000	800	3	-1	-1	PetEquipAmulet1_9	珍兽护符	1	1	587	587	-1	-1	-1	-1	-1	-1	-1	-1	-1	-1	-1	-1	-1	-1	-1	-1	-1	-1	-1	-1	-1	-1	-1	1	-1	-1	-1	-1	-1	-1	-1	-1	-1	-1	-1	-1	-1	-1	-1	-1	-1	1	-1	-1	-1	-1	-1	-1	-1	-1	-1	-1	-1	-1	-1	-1	-1	-1	-1	-1	-1	-1	4	85	2	2	1	250	-1	0	-1	1	-1	-1	-1	-1	40	20301009	12	100
70504004	7	5	4	4	4	-1	2	4	4	苍狼啸月兽饰·勇	75	苍狼啸月，加其力也。#r适合#G勇猛#W性格的珍兽穿着，穿齐全套可#G增加猛击技能的伤害#W。#r#G可在苏州（248，184）云姗姗处使用珍兽装备相关功能。#W	1000	800	3	-1	-1	PetEquipAmulet1_9	珍兽护符	1	1	587	587	-1	-1	-1	-1	-1	-1	-1	-1	-1	-1	-1	-1	-1	-1	-1	-1	-1	-1	-1	-1	-1	-1	-1	1	-1	-1	-1	-1	-1	-1	-1	-1	-1	-1	-1	-1	-1	-1	-1	-1	-1	1	-1	-1	-1	-1	-1	-1	-1	-1	-1	-1	-1	-1	-1	-1	-1	-1	-1	-1	-1	-1	5	85	2	2	1	250	-1	0	-1	1	-1	-1	-1	-1	50	20301009	20	100
70504005	7	5	4	5	4	-1	2	5	4	苍狼啸月兽饰·狡	75	苍狼啸月，加其力也。#r适合#G精明#W性格的珍兽穿着，穿齐全套可#G增加摔绊技能的生效几率#W。#r#G可在苏州（248，184）云姗姗处使用珍兽装备相关功能。#W	1000	800	3	-1	-1	PetEquipAmulet1_9	珍兽护符	1	1	587	587	-1	-1	-1	-1	-1	-1	-1	-1	-1	-1	-1	-1	-1	-1	-1	-1	-1	-1	-1	-1	-1	-1	-1	1	-1	-1	-1	-1	-1	-1	-1	-1	-1	-1	-1	-1	-1	-1	-1	1	-1	-1	-1	-1	-1	-1	-1	-1	-1	-1	-1	-1	-1	-1	-1	-1	-1	-1	-1	-1	-1	-1	1	85	2	2	1	250	-1	0	-1	1	-1	-1	-1	-1	25	20301009	1	80
70504006	7	5	4	6	4	-1	2	6	4	苍狼啸月兽饰·狡	75	苍狼啸月，加其力也。#r适合#G精明#W性格的珍兽穿着，穿齐全套可#G增加摔绊技能的生效几率#W。#r#G可在苏州（248，184）云姗姗处使用珍兽装备相关功能。#W	1000	800	3	-1	-1	PetEquipAmulet1_9	珍兽护符	1	1	587	587	-1	-1	-1	-1	-1	-1	-1	-1	-1	-1	-1	-1	-1	-1	-1	-1	-1	-1	-1	-1	-1	-1	-1	1	-1	-1	-1	-1	-1	-1	-1	-1	-1	-1	-1	-1	-1	-1	-1	1	-1	-1	-1	-1	-1	-1	-1	-1	-1	-1	-1	-1	-1	-1	-1	-1	-1	-1	-1	-1	-1	-1	2	85	2	2	1	250	-1	0	-1	1	-1	-1	-1	-1	30	20301009	3	100
70504007	7	5	4	7	4	-1	2	7	4	苍狼啸月兽饰·狡	75	苍狼啸月，加其力也。#r适合#G精明#W性格的珍兽穿着，穿齐全套可#G增加摔绊技能的生效几率#W。#r#G可在苏州（248，184）云姗姗处使用珍兽装备相关功能。#W	1000	800	3	-1	-1	PetEquipAmulet1_9	珍兽护符	1	1	587	587	-1	-1	-1	-1	-1	-1	-1	-1	-1	-1	-1	-1	-1	-1	-1	-1	-1	-1	-1	-1	-1	-1	-1	1	-1	-1	-1	-1	-1	-1	-1	-1	-1	-1	-1	-1	-1	-1	-1	1	-1	-1	-1	-1	-1	-1	-1	-1	-1	-1	-1	-1	-1	-1	-1	-1	-1	-1	-1	-1	-1	-1	3	85	2	2	1	250	-1	0	-1	1	-1	-1	-1	-1	35	20301009	7	100
70504008	7	5	4	8	4	-1	2	8	4	苍狼啸月兽饰·狡	75	苍狼啸月，加其力也。#r适合#G精明#W性格的珍兽穿着，穿齐全套可#G增加摔绊技能的生效几率#W。#r#G可在苏州（248，184）云姗姗处使用珍兽装备相关功能。#W	1000	800	3	-1	-1	PetEquipAmulet1_9	珍兽护符	1	1	587	587	-1	-1	-1	-1	-1	-1	-1	-1	-1	-1	-1	-1	-1	-1	-1	-1	-1	-1	-1	-1	-1	-1	-1	1	-1	-1	-1	-1	-1	-1	-1	-1	-1	-1	-1	-1	-1	-1	-1	1	-1	-1	-1	-1	-1	-1	-1	-1	-1	-1	-1	-1	-1	-1	-1	-1	-1	-1	-1	-1	-1	-1	4	85	2	2	1	250	-1	0	-1	1	-1	-1	-1	-1	40	20301009	12	100
70504009	7	5	4	9	4	-1	2	9	4	苍狼啸月兽饰·狡	75	苍狼啸月，加其力也。#r适合#G精明#W性格的珍兽穿着，穿齐全套可#G增加摔绊技能的生效几率#W。#r#G可在苏州（248，184）云姗姗处使用珍兽装备相关功能。#W	1000	800	3	-1	-1	PetEquipAmulet1_9	珍兽护符	1	1	587	587	-1	-1	-1	-1	-1	-1	-1	-1	-1	-1	-1	-1	-1	-1	-1	-1	-1	-1	-1	-1	-1	-1	-1	1	-1	-1	-1	-1	-1	-1	-1	-1	-1	-1	-1	-1	-1	-1	-1	1	-1	-1	-1	-1	-1	-1	-1	-1	-1	-1	-1	-1	-1	-1	-1	-1	-1	-1	-1	-1	-1	-1	5	85	2	2	1	250	-1	0	-1	1	-1	-1	-1	-1	50	20301009	20	100
70504010	7	5	4	10	4	-1	2	10	4	苍狼啸月兽饰·慎	75	苍狼啸月，加其力也。#r适合#G谨慎#W性格的珍兽穿着，穿齐全套可#G增加虚弱技能的生效几率#W。#r#G可在苏州（248，184）云姗姗处使用珍兽装备相关功能。#W	1000	800	3	-1	-1	PetEquipAmulet1_9	珍兽护符	1	1	587	587	-1	-1	-1	-1	1	-1	-1	-1	-1	-1	-1	-1	-1	-1	-1	-1	-1	-1	-1	-1	-1	-1	-1	-1	-1	-1	-1	-1	-1	-1	-1	-1	-1	-1	-1	-1	-1	-1	-1	1	-1	-1	-1	-1	-1	-1	-1	-1	-1	-1	-1	-1	-1	-1	-1	-1	-1	-1	-1	-1	-1	-1	1	85	2	2	1	250	-1	0	-1	1	-1	-1	-1	-1	25	20301009	1	80
70504011	7	5	4	11	4	-1	2	11	4	苍狼啸月兽饰·慎	75	苍狼啸月，加其力也。#r适合#G谨慎#W性格的珍兽穿着，穿齐全套可#G增加虚弱技能的生效几率#W。#r#G可在苏州（248，184）云姗姗处使用珍兽装备相关功能。#W	1000	800	3	-1	-1	PetEquipAmulet1_9	珍兽护符	1	1	587	587	-1	-1	-1	-1	1	-1	-1	-1	-1	-1	-1	-1	-1	-1	-1	-1	-1	-1	-1	-1	-1	-1	-1	-1	-1	-1	-1	-1	-1	-1	-1	-1	-1	-1	-1	-1	-1	-1	-1	1	-1	-1	-1	-1	-1	-1	-1	-1	-1	-1	-1	-1	-1	-1	-1	-1	-1	-1	-1	-1	-1	-1	2	85	2	2	1	250	-1	0	-1	1	-1	-1	-1	-1	30	20301009	3	100
70504012	7	5	4	12	4	-1	2	12	4	苍狼啸月兽饰·慎	75	苍狼啸月，加其力也。#r适合#G谨慎#W性格的珍兽穿着，穿齐全套可#G增加虚弱技能的生效几率#W。#r#G可在苏州（248，184）云姗姗处使用珍兽装备相关功能。#W	1000	800	3	-1	-1	PetEquipAmulet1_9	珍兽护符	1	1	587	587	-1	-1	-1	-1	1	-1	-1	-1	-1	-1	-1	-1	-1	-1	-1	-1	-1	-1	-1	-1	-1	-1	-1	-1	-1	-1	-1	-1	-1	-1	-1	-1	-1	-1	-1	-1	-1	-1	-1	1	-1	-1	-1	-1	-1	-1	-1	-1	-1	-1	-1	-1	-1	-1	-1	-1	-1	-1	-1	-1	-1	-1	3	85	2	2	1	250	-1	0	-1	1	-1	-1	-1	-1	35	20301009	7	100
70504013	7	5	4	13	4	-1	2	13	4	苍狼啸月兽饰·慎	75	苍狼啸月，加其力也。#r适合#G谨慎#W性格的珍兽穿着，穿齐全套可#G增加虚弱技能的生效几率#W。#r#G可在苏州（248，184）云姗姗处使用珍兽装备相关功能。#W	1000	800	3	-1	-1	PetEquipAmulet1_9	珍兽护符	1	1	587	587	-1	-1	-1	-1	1	-1	-1	-1	-1	-1	-1	-1	-1	-1	-1	-1	-1	-1	-1	-1	-1	-1	-1	-1	-1	-1	-1	-1	-1	-1	-1	-1	-1	-1	-1	-1	-1	-1	-1	1	-1	-1	-1	-1	-1	-1	-1	-1	-1	-1	-1	-1	-1	-1	-1	-1	-1	-1	-1	-1	-1	-1	4	85	2	2	1	250	-1	0	-1	1	-1	-1	-1	-1	40	20301009	12	100
70504014	7	5	4	14	4	-1	2	14	4	苍狼啸月兽饰·慎	75	苍狼啸月，加其力也。#r适合#G谨慎#W性格的珍兽穿着，穿齐全套可#G增加虚弱技能的生效几率#W。#r#G可在苏州（248，184）云姗姗处使用珍兽装备相关功能。#W	1000	800	3	-1	-1	PetEquipAmulet1_9	珍兽护符	1	1	587	587	-1	-1	-1	-1	1	-1	-1	-1	-1	-1	-1	-1	-1	-1	-1	-1	-1	-1	-1	-1	-1	-1	-1	-1	-1	-1	-1	-1	-1	-1	-1	-1	-1	-1	-1	-1	-1	-1	-1	1	-1	-1	-1	-1	-1	-1	-1	-1	-1	-1	-1	-1	-1	-1	-1	-1	-1	-1	-1	-1	-1	-1	5	85	2	2	1	250	-1	0	-1	1	-1	-1	-1	-1	50	20301009	20	100
70504015	7	5	4	15	4	-1	2	15	4	黄雀戏水兽饰·怯	75	黄雀戏水，显其灵也。#r适合#G胆小#W性格的珍兽穿着，穿齐全套可#G增加烈火咒、玄雷咒、血毒咒、寒冰咒伤害#W。#r#G可在苏州（248，184）云姗姗处使用珍兽装备相关功能。#W	1000	800	3	-1	-1	PetEquipAmulet1_2	珍兽护符	1	1	587	587	-1	-1	-1	-1	-1	-1	-1	-1	-1	-1	-1	-1	-1	-1	-1	-1	-1	-1	-1	-1	-1	-1	-1	-1	-1	-1	-1	-1	-1	-1	1	-1	-1	-1	-1	-1	-1	-1	-1	-1	-1	1	-1	-1	-1	-1	-1	-1	-1	-1	-1	-1	-1	-1	-1	-1	-1	-1	-1	-1	-1	-1	1	85	2	2	1	250	-1	0	-1	-1	1	-1	-1	-1	25	20301009	1	80
70504016	7	5	4	16	4	-1	2	16	4	黄雀戏水兽饰·怯	75	黄雀戏水，显其灵也。#r适合#G胆小#W性格的珍兽穿着，穿齐全套可#G增加烈火咒、玄雷咒、血毒咒、寒冰咒伤害#W。#r#G可在苏州（248，184）云姗姗处使用珍兽装备相关功能。#W	1000	800	3	-1	-1	PetEquipAmulet1_2	珍兽护符	1	1	587	587	-1	-1	-1	-1	-1	-1	-1	-1	-1	-1	-1	-1	-1	-1	-1	-1	-1	-1	-1	-1	-1	-1	-1	-1	-1	-1	-1	-1	-1	-1	1	-1	-1	-1	-1	-1	-1	-1	-1	-1	-1	1	-1	-1	-1	-1	-1	-1	-1	-1	-1	-1	-1	-1	-1	-1	-1	-1	-1	-1	-1	-1	2	85	2	2	1	250	-1	0	-1	-1	1	-1	-1	-1	30	20301009	3	100
70504017	7	5	4	17	4	-1	2	17	4	黄雀戏水兽饰·怯	75	黄雀戏水，显其灵也。#r适合#G胆小#W性格的珍兽穿着，穿齐全套可#G增加烈火咒、玄雷咒、血毒咒、寒冰咒伤害#W。#r#G可在苏州（248，184）云姗姗处使用珍兽装备相关功能。#W	1000	800	3	-1	-1	PetEquipAmulet1_2	珍兽护符	1	1	587	587	-1	-1	-1	-1	-1	-1	-1	-1	-1	-1	-1	-1	-1	-1	-1	-1	-1	-1	-1	-1	-1	-1	-1	-1	-1	-1	-1	-1	-1	-1	1	-1	-1	-1	-1	-1	-1	-1	-1	-1	-1	1	-1	-1	-1	-1	-1	-1	-1	-1	-1	-1	-1	-1	-1	-1	-1	-1	-1	-1	-1	-1	3	85	2	2	1	250	-1	0	-1	-1	1	-1	-1	-1	35	20301009	7	100
70504018	7	5	4	18	4	-1	2	18	4	黄雀戏水兽饰·怯	75	黄雀戏水，显其灵也。#r适合#G胆小#W性格的珍兽穿着，穿齐全套可#G增加烈火咒、玄雷咒、血毒咒、寒冰咒伤害#W。#r#G可在苏州（248，184）云姗姗处使用珍兽装备相关功能。#W	1000	800	3	-1	-1	PetEquipAmulet1_2	珍兽护符	1	1	587	587	-1	-1	-1	-1	-1	-1	-1	-1	-1	-1	-1	-1	-1	-1	-1	-1	-1	-1	-1	-1	-1	-1	-1	-1	-1	-1	-1	-1	-1	-1	1	-1	-1	-1	-1	-1	-1	-1	-1	-1	-1	1	-1	-1	-1	-1	-1	-1	-1	-1	-1	-1	-1	-1	-1	-1	-1	-1	-1	-1	-1	-1	4	85	2	2	1	250	-1	0	-1	-1	1	-1	-1	-1	40	20301009	12	100
70504019	7	5	4	19	4	-1	2	19	4	黄雀戏水兽饰·怯	75	黄雀戏水，显其灵也。#r适合#G胆小#W性格的珍兽穿着，穿齐全套可#G增加烈火咒、玄雷咒、血毒咒、寒冰咒伤害#W。#r#G可在苏州（248，184）云姗姗处使用珍兽装备相关功能。#W	1000	800	3	-1	-1	PetEquipAmulet1_2	珍兽护符	1	1	587	587	-1	-1	-1	-1	-1	-1	-1	-1	-1	-1	-1	-1	-1	-1	-1	-1	-1	-1	-1	-1	-1	-1	-1	-1	-1	-1	-1	-1	-1	-1	1	-1	-1	-1	-1	-1	-1	-1	-1	-1	-1	1	-1	-1	-1	-1	-1	-1	-1	-1	-1	-1	-1	-1	-1	-1	-1	-1	-1	-1	-1	-1	5	85	2	2	1	250	-1	0	-1	-1	1	-1	-1	-1	50	20301009	20	100
70504020	7	5	4	20	4	-1	2	20	4	黄雀戏水兽饰·狡	75	黄雀戏水，显其灵也。#r适合#G精明#W性格的珍兽穿着，穿齐全套可#G增加摔绊技能的生效几率#W。#r#G可在苏州（248，184）云姗姗处使用珍兽装备相关功能。#W	1000	800	3	-1	-1	PetEquipAmulet1_2	珍兽护符	1	1	587	587	-1	-1	-1	-1	-1	-1	-1	-1	-1	-1	-1	-1	-1	-1	-1	-1	-1	-1	-1	-1	-1	-1	-1	-1	-1	-1	-1	-1	-1	-1	1	-1	-1	-1	-1	-1	-1	-1	-1	1	-1	-1	-1	-1	-1	-1	-1	-1	-1	-1	-1	-1	-1	-1	-1	-1	-1	-1	-1	-1	-1	-1	1	85	2	2	1	250	-1	0	-1	-1	1	-1	-1	-1	25	20301009	1	80
70504021	7	5	4	21	4	-1	2	21	4	黄雀戏水兽饰·狡	75	黄雀戏水，显其灵也。#r适合#G精明#W性格的珍兽穿着，穿齐全套可#G增加摔绊技能的生效几率#W。#r#G可在苏州（248，184）云姗姗处使用珍兽装备相关功能。#W	1000	800	3	-1	-1	PetEquipAmulet1_2	珍兽护符	1	1	587	587	-1	-1	-1	-1	-1	-1	-1	-1	-1	-1	-1	-1	-1	-1	-1	-1	-1	-1	-1	-1	-1	-1	-1	-1	-1	-1	-1	-1	-1	-1	1	-1	-1	-1	-1	-1	-1	-1	-1	1	-1	-1	-1	-1	-1	-1	-1	-1	-1	-1	-1	-1	-1	-1	-1	-1	-1	-1	-1	-1	-1	-1	2	85	2	2	1	250	-1	0	-1	-1	1	-1	-1	-1	30	20301009	3	100
70504022	7	5	4	22	4	-1	2	22	4	黄雀戏水兽饰·狡	75	黄雀戏水，显其灵也。#r适合#G精明#W性格的珍兽穿着，穿齐全套可#G增加摔绊技能的生效几率#W。#r#G可在苏州（248，184）云姗姗处使用珍兽装备相关功能。#W	1000	800	3	-1	-1	PetEquipAmulet1_2	珍兽护符	1	1	587	587	-1	-1	-1	-1	-1	-1	-1	-1	-1	-1	-1	-1	-1	-1	-1	-1	-1	-1	-1	-1	-1	-1	-1	-1	-1	-1	-1	-1	-1	-1	1	-1	-1	-1	-1	-1	-1	-1	-1	1	-1	-1	-1	-1	-1	-1	-1	-1	-1	-1	-1	-1	-1	-1	-1	-1	-1	-1	-1	-1	-1	-1	3	85	2	2	1	250	-1	0	-1	-1	1	-1	-1	-1	35	20301009	7	100
70504023	7	5	4	23	4	-1	2	23	4	黄雀戏水兽饰·狡	75	黄雀戏水，显其灵也。#r适合#G精明#W性格的珍兽穿着，穿齐全套可#G增加摔绊技能的生效几率#W。#r#G可在苏州（248，184）云姗姗处使用珍兽装备相关功能。#W	1000	800	3	-1	-1	PetEquipAmulet1_2	珍兽护符	1	1	587	587	-1	-1	-1	-1	-1	-1	-1	-1	-1	-1	-1	-1	-1	-1	-1	-1	-1	-1	-1	-1	-1	-1	-1	-1	-1	-1	-1	-1	-1	-1	1	-1	-1	-1	-1	-1	-1	-1	-1	1	-1	-1	-1	-1	-1	-1	-1	-1	-1	-1	-1	-1	-1	-1	-1	-1	-1	-1	-1	-1	-1	-1	4	85	2	2	1	250	-1	0	-1	-1	1	-1	-1	-1	40	20301009	12	100
70504024	7	5	4	24	4	-1	2	24	4	黄雀戏水兽饰·狡	75	黄雀戏水，显其灵也。#r适合#G精明#W性格的珍兽穿着，穿齐全套可#G增加摔绊技能的生效几率#W。#r#G可在苏州（248，184）云姗姗处使用珍兽装备相关功能。#W	1000	800	3	-1	-1	PetEquipAmulet1_2	珍兽护符	1	1	587	587	-1	-1	-1	-1	-1	-1	-1	-1	-1	-1	-1	-1	-1	-1	-1	-1	-1	-1	-1	-1	-1	-1	-1	-1	-1	-1	-1	-1	-1	-1	1	-1	-1	-1	-1	-1	-1	-1	-1	1	-1	-1	-1	-1	-1	-1	-1	-1	-1	-1	-1	-1	-1	-1	-1	-1	-1	-1	-1	-1	-1	-1	5	85	2	2	1	250	-1	0	-1	-1	1	-1	-1	-1	50	20301009	20	100
70504025	7	5	4	25	4	-1	2	25	4	黄雀戏水兽饰·慎	75	黄雀戏水，显其灵也。#r适合#G谨慎#W性格的珍兽穿着，穿齐全套可#G增加虚弱技能的生效几率#W。#r#G可在苏州（248，184）云姗姗处使用珍兽装备相关功能。#W	1000	800	3	-1	-1	PetEquipAmulet1_2	珍兽护符	1	1	587	587	-1	-1	-1	-1	1	-1	-1	-1	-1	-1	-1	-1	-1	-1	-1	-1	-1	-1	-1	-1	-1	-1	-1	-1	-1	-1	-1	-1	-1	-1	-1	-1	-1	-1	-1	-1	-1	-1	-1	1	-1	-1	-1	-1	-1	-1	-1	-1	-1	-1	-1	-1	-1	-1	-1	-1	-1	-1	-1	-1	-1	-1	1	85	2	2	1	250	-1	0	-1	-1	1	-1	-1	-1	25	20301009	1	80
70504026	7	5	4	26	4	-1	2	26	4	黄雀戏水兽饰·慎	75	黄雀戏水，显其灵也。#r适合#G谨慎#W性格的珍兽穿着，穿齐全套可#G增加虚弱技能的生效几率#W。#r#G可在苏州（248，184）云姗姗处使用珍兽装备相关功能。#W	1000	800	3	-1	-1	PetEquipAmulet1_2	珍兽护符	1	1	587	587	-1	-1	-1	-1	1	-1	-1	-1	-1	-1	-1	-1	-1	-1	-1	-1	-1	-1	-1	-1	-1	-1	-1	-1	-1	-1	-1	-1	-1	-1	-1	-1	-1	-1	-1	-1	-1	-1	-1	1	-1	-1	-1	-1	-1	-1	-1	-1	-1	-1	-1	-1	-1	-1	-1	-1	-1	-1	-1	-1	-1	-1	2	85	2	2	1	250	-1	0	-1	-1	1	-1	-1	-1	30	20301009	3	100
70504027	7	5	4	27	4	-1	2	27	4	黄雀戏水兽饰·慎	75	黄雀戏水，显其灵也。#r适合#G谨慎#W性格的珍兽穿着，穿齐全套可#G增加虚弱技能的生效几率#W。#r#G可在苏州（248，184）云姗姗处使用珍兽装备相关功能。#W	1000	800	3	-1	-1	PetEquipAmulet1_2	珍兽护符	1	1	587	587	-1	-1	-1	-1	1	-1	-1	-1	-1	-1	-1	-1	-1	-1	-1	-1	-1	-1	-1	-1	-1	-1	-1	-1	-1	-1	-1	-1	-1	-1	-1	-1	-1	-1	-1	-1	-1	-1	-1	1	-1	-1	-1	-1	-1	-1	-1	-1	-1	-1	-1	-1	-1	-1	-1	-1	-1	-1	-1	-1	-1	-1	3	85	2	2	1	250	-1	0	-1	-1	1	-1	-1	-1	35	20301009	7	100
70504028	7	5	4	28	4	-1	2	28	4	黄雀戏水兽饰·慎	75	黄雀戏水，显其灵也。#r适合#G谨慎#W性格的珍兽穿着，穿齐全套可#G增加虚弱技能的生效几率#W。#r#G可在苏州（248，184）云姗姗处使用珍兽装备相关功能。#W	1000	800	3	-1	-1	PetEquipAmulet1_2	珍兽护符	1	1	587	587	-1	-1	-1	-1	1	-1	-1	-1	-1	-1	-1	-1	-1	-1	-1	-1	-1	-1	-1	-1	-1	-1	-1	-1	-1	-1	-1	-1	-1	-1	-1	-1	-1	-1	-1	-1	-1	-1	-1	1	-1	-1	-1	-1	-1	-1	-1	-1	-1	-1	-1	-1	-1	-1	-1	-1	-1	-1	-1	-1	-1	-1	4	85	2	2	1	250	-1	0	-1	-1	1	-1	-1	-1	40	20301009	12	100
70504029	7	5	4	29	4	-1	2	29	4	黄雀戏水兽饰·慎	75	黄雀戏水，显其灵也。#r适合#G谨慎#W性格的珍兽穿着，穿齐全套可#G增加虚弱技能的生效几率#W。#r#G可在苏州（248，184）云姗姗处使用珍兽装备相关功能。#W	1000	800	3	-1	-1	PetEquipAmulet1_2	珍兽护符	1	1	587	587	-1	-1	-1	-1	1	-1	-1	-1	-1	-1	-1	-1	-1	-1	-1	-1	-1	-1	-1	-1	-1	-1	-1	-1	-1	-1	-1	-1	-1	-1	-1	-1	-1	-1	-1	-1	-1	-1	-1	1	-1	-1	-1	-1	-1	-1	-1	-1	-1	-1	-1	-1	-1	-1	-1	-1	-1	-1	-1	-1	-1	-1	5	85	2	2	1	250	-1	0	-1	-1	1	-1	-1	-1	50	20301009	20	100
70504030	7	5	4	30	4	-1	2	30	4	乌豚望日兽饰·忠	75	乌豚望日，增其体也。#r适合#G忠诚#W性格的珍兽穿着，穿齐全套可#G增加灵动技能的生效几率#W。#r#G可在苏州（248，184）云姗姗处使用珍兽装备相关功能。#W	1000	800	3	-1	-1	PetEquipAmulet1_3	珍兽护符	1	1	587	587	-1	-1	-1	-1	-1	-1	-1	-1	-1	-1	-1	-1	-1	-1	-1	-1	-1	-1	-1	-1	-1	-1	-1	-1	-1	-1	1	-1	-1	-1	-1	-1	-1	1	-1	-1	-1	-1	-1	-1	-1	-1	-1	-1	-1	-1	-1	-1	-1	-1	-1	-1	-1	-1	-1	-1	-1	-1	-1	-1	-1	-1	1	85	2	2	1	250	-1	0	-1	-1	-1	1	-1	-1	25	20301009	1	80
70504031	7	5	4	31	4	-1	2	31	4	乌豚望日兽饰·忠	75	乌豚望日，增其体也。#r适合#G忠诚#W性格的珍兽穿着，穿齐全套可#G增加灵动技能的生效几率#W。#r#G可在苏州（248，184）云姗姗处使用珍兽装备相关功能。#W	1000	800	3	-1	-1	PetEquipAmulet1_3	珍兽护符	1	1	587	587	-1	-1	-1	-1	-1	-1	-1	-1	-1	-1	-1	-1	-1	-1	-1	-1	-1	-1	-1	-1	-1	-1	-1	-1	-1	-1	1	-1	-1	-1	-1	-1	-1	1	-1	-1	-1	-1	-1	-1	-1	-1	-1	-1	-1	-1	-1	-1	-1	-1	-1	-1	-1	-1	-1	-1	-1	-1	-1	-1	-1	-1	2	85	2	2	1	250	-1	0	-1	-1	-1	1	-1	-1	30	20301009	3	100
70504032	7	5	4	32	4	-1	2	32	4	乌豚望日兽饰·忠	75	乌豚望日，增其体也。#r适合#G忠诚#W性格的珍兽穿着，穿齐全套可#G增加灵动技能的生效几率#W。#r#G可在苏州（248，184）云姗姗处使用珍兽装备相关功能。#W	1000	800	3	-1	-1	PetEquipAmulet1_3	珍兽护符	1	1	587	587	-1	-1	-1	-1	-1	-1	-1	-1	-1	-1	-1	-1	-1	-1	-1	-1	-1	-1	-1	-1	-1	-1	-1	-1	-1	-1	1	-1	-1	-1	-1	-1	-1	1	-1	-1	-1	-1	-1	-1	-1	-1	-1	-1	-1	-1	-1	-1	-1	-1	-1	-1	-1	-1	-1	-1	-1	-1	-1	-1	-1	-1	3	85	2	2	1	250	-1	0	-1	-1	-1	1	-1	-1	35	20301009	7	100
70504033	7	5	4	33	4	-1	2	33	4	乌豚望日兽饰·忠	75	乌豚望日，增其体也。#r适合#G忠诚#W性格的珍兽穿着，穿齐全套可#G增加灵动技能的生效几率#W。#r#G可在苏州（248，184）云姗姗处使用珍兽装备相关功能。#W	1000	800	3	-1	-1	PetEquipAmulet1_3	珍兽护符	1	1	587	587	-1	-1	-1	-1	-1	-1	-1	-1	-1	-1	-1	-1	-1	-1	-1	-1	-1	-1	-1	-1	-1	-1	-1	-1	-1	-1	1	-1	-1	-1	-1	-1	-1	1	-1	-1	-1	-1	-1	-1	-1	-1	-1	-1	-1	-1	-1	-1	-1	-1	-1	-1	-1	-1	-1	-1	-1	-1	-1	-1	-1	-1	4	85	2	2	1	250	-1	0	-1	-1	-1	1	-1	-1	40	20301009	12	100
70504034	7	5	4	34	4	-1	2	34	4	乌豚望日兽饰·忠	75	乌豚望日，增其体也。#r适合#G忠诚#W性格的珍兽穿着，穿齐全套可#G增加灵动技能的生效几率#W。#r#G可在苏州（248，184）云姗姗处使用珍兽装备相关功能。#W	1000	800	3	-1	-1	PetEquipAmulet1_3	珍兽护符	1	1	587	587	-1	-1	-1	-1	-1	-1	-1	-1	-1	-1	-1	-1	-1	-1	-1	-1	-1	-1	-1	-1	-1	-1	-1	-1	-1	-1	1	-1	-1	-1	-1	-1	-1	1	-1	-1	-1	-1	-1	-1	-1	-1	-1	-1	-1	-1	-1	-1	-1	-1	-1	-1	-1	-1	-1	-1	-1	-1	-1	-1	-1	-1	5	85	2	2	1	250	-1	0	-1	-1	-1	1	-1	-1	50	20301009	20	100
70504035	7	5	4	35	4	-1	2	35	4	乌豚望日兽饰·慎	75	乌豚望日，增其体也。#r适合#G谨慎#W性格的珍兽穿着，穿齐全套可#G增加虚弱技能的生效几率#W。#r#G可在苏州（248，184）云姗姗处使用珍兽装备相关功能。#W	1000	800	3	-1	-1	PetEquipAmulet1_3	珍兽护符	1	1	587	587	-1	-1	-1	-1	-1	-1	-1	-1	-1	-1	-1	-1	-1	-1	-1	-1	-1	-1	-1	-1	-1	-1	-1	-1	-1	-1	-1	-1	-1	-1	-1	-1	-1	-1	-1	-1	-1	-1	-1	1	1	-1	-1	-1	-1	-1	-1	-1	-1	-1	-1	-1	-1	-1	-1	-1	-1	-1	-1	-1	-1	-1	1	85	2	2	1	250	-1	0	-1	-1	-1	1	-1	-1	25	20301009	1	80
70504036	7	5	4	36	4	-1	2	36	4	乌豚望日兽饰·慎	75	乌豚望日，增其体也。#r适合#G谨慎#W性格的珍兽穿着，穿齐全套可#G增加虚弱技能的生效几率#W。#r#G可在苏州（248，184）云姗姗处使用珍兽装备相关功能。#W	1000	800	3	-1	-1	PetEquipAmulet1_3	珍兽护符	1	1	587	587	-1	-1	-1	-1	-1	-1	-1	-1	-1	-1	-1	-1	-1	-1	-1	-1	-1	-1	-1	-1	-1	-1	-1	-1	-1	-1	-1	-1	-1	-1	-1	-1	-1	-1	-1	-1	-1	-1	-1	1	1	-1	-1	-1	-1	-1	-1	-1	-1	-1	-1	-1	-1	-1	-1	-1	-1	-1	-1	-1	-1	-1	2	85	2	2	1	250	-1	0	-1	-1	-1	1	-1	-1	30	20301009	3	100
70504037	7	5	4	37	4	-1	2	37	4	乌豚望日兽饰·慎	75	乌豚望日，增其体也。#r适合#G谨慎#W性格的珍兽穿着，穿齐全套可#G增加虚弱技能的生效几率#W。#r#G可在苏州（248，184）云姗姗处使用珍兽装备相关功能。#W	1000	800	3	-1	-1	PetEquipAmulet1_3	珍兽护符	1	1	587	587	-1	-1	-1	-1	-1	-1	-1	-1	-1	-1	-1	-1	-1	-1	-1	-1	-1	-1	-1	-1	-1	-1	-1	-1	-1	-1	-1	-1	-1	-1	-1	-1	-1	-1	-1	-1	-1	-1	-1	1	1	-1	-1	-1	-1	-1	-1	-1	-1	-1	-1	-1	-1	-1	-1	-1	-1	-1	-1	-1	-1	-1	3	85	2	2	1	250	-1	0	-1	-1	-1	1	-1	-1	35	20301009	7	100
70504038	7	5	4	38	4	-1	2	38	4	乌豚望日兽饰·慎	75	乌豚望日，增其体也。#r适合#G谨慎#W性格的珍兽穿着，穿齐全套可#G增加虚弱技能的生效几率#W。#r#G可在苏州（248，184）云姗姗处使用珍兽装备相关功能。#W	1000	800	3	-1	-1	PetEquipAmulet1_3	珍兽护符	1	1	587	587	-1	-1	-1	-1	-1	-1	-1	-1	-1	-1	-1	-1	-1	-1	-1	-1	-1	-1	-1	-1	-1	-1	-1	-1	-1	-1	-1	-1	-1	-1	-1	-1	-1	-1	-1	-1	-1	-1	-1	1	1	-1	-1	-1	-1	-1	-1	-1	-1	-1	-1	-1	-1	-1	-1	-1	-1	-1	-1	-1	-1	-1	4	85	2	2	1	250	-1	0	-1	-1	-1	1	-1	-1	40	20301009	12	100
70504039	7	5	4	39	4	-1	2	39	4	乌豚望日兽饰·慎	75	乌豚望日，增其体也。#r适合#G谨慎#W性格的珍兽穿着，穿齐全套可#G增加虚弱技能的生效几率#W。#r#G可在苏州（248，184）云姗姗处使用珍兽装备相关功能。#W	1000	800	3	-1	-1	PetEquipAmulet1_3	珍兽护符	1	1	587	587	-1	-1	-1	-1	-1	-1	-1	-1	-1	-1	-1	-1	-1	-1	-1	-1	-1	-1	-1	-1	-1	-1	-1	-1	-1	-1	-1	-1	-1	-1	-1	-1	-1	-1	-1	-1	-1	-1	-1	1	1	-1	-1	-1	-1	-1	-1	-1	-1	-1	-1	-1	-1	-1	-1	-1	-1	-1	-1	-1	-1	-1	5	85	2	2	1	250	-1	0	-1	-1	-1	1	-1	-1	50	20301009	20	100
70504040	7	5	4	40	4	-1	2	40	4	白兔隐林兽饰·慎	75	白兔隐林，藏其形也。#r适合#G谨慎#W性格的珍兽穿着，穿齐全套可#G增加虚弱技能的生效几率#W。#r#G可在苏州（248，184）云姗姗处使用珍兽装备相关功能。#W	1000	800	3	-1	-1	PetEquipAmulet1_5	珍兽护符	1	1	587	587	-1	-1	-1	-1	-1	-1	-1	-1	-1	-1	-1	-1	-1	-1	-1	-1	-1	-1	-1	-1	-1	-1	-1	-1	-1	-1	-1	-1	-1	-1	-1	-1	-1	-1	-1	-1	-1	-1	-1	1	1	-1	-1	-1	-1	-1	-1	-1	-1	-1	-1	-1	-1	-1	-1	-1	-1	-1	-1	-1	-1	-1	1	85	2	2	1	250	-1	0	-1	-1	-1	-1	-1	1	25	20301009	1	80
70504041	7	5	4	41	4	-1	2	41	4	白兔隐林兽饰·慎	75	白兔隐林，藏其形也。#r适合#G谨慎#W性格的珍兽穿着，穿齐全套可#G增加虚弱技能的生效几率#W。#r#G可在苏州（248，184）云姗姗处使用珍兽装备相关功能。#W	1000	800	3	-1	-1	PetEquipAmulet1_5	珍兽护符	1	1	587	587	-1	-1	-1	-1	-1	-1	-1	-1	-1	-1	-1	-1	-1	-1	-1	-1	-1	-1	-1	-1	-1	-1	-1	-1	-1	-1	-1	-1	-1	-1	-1	-1	-1	-1	-1	-1	-1	-1	-1	1	1	-1	-1	-1	-1	-1	-1	-1	-1	-1	-1	-1	-1	-1	-1	-1	-1	-1	-1	-1	-1	-1	2	85	2	2	1	250	-1	0	-1	-1	-1	-1	-1	1	30	20301009	3	100
70504042	7	5	4	42	4	-1	2	42	4	白兔隐林兽饰·慎	75	白兔隐林，藏其形也。#r适合#G谨慎#W性格的珍兽穿着，穿齐全套可#G增加虚弱技能的生效几率#W。#r#G可在苏州（248，184）云姗姗处使用珍兽装备相关功能。#W	1000	800	3	-1	-1	PetEquipAmulet1_5	珍兽护符	1	1	587	587	-1	-1	-1	-1	-1	-1	-1	-1	-1	-1	-1	-1	-1	-1	-1	-1	-1	-1	-1	-1	-1	-1	-1	-1	-1	-1	-1	-1	-1	-1	-1	-1	-1	-1	-1	-1	-1	-1	-1	1	1	-1	-1	-1	-1	-1	-1	-1	-1	-1	-1	-1	-1	-1	-1	-1	-1	-1	-1	-1	-1	-1	3	85	2	2	1	250	-1	0	-1	-1	-1	-1	-1	1	35	20301009	7	100
70504043	7	5	4	43	4	-1	2	43	4	白兔隐林兽饰·慎	75	白兔隐林，藏其形也。#r适合#G谨慎#W性格的珍兽穿着，穿齐全套可#G增加虚弱技能的生效几率#W。#r#G可在苏州（248，184）云姗姗处使用珍兽装备相关功能。#W	1000	800	3	-1	-1	PetEquipAmulet1_5	珍兽护符	1	1	587	587	-1	-1	-1	-1	-1	-1	-1	-1	-1	-1	-1	-1	-1	-1	-1	-1	-1	-1	-1	-1	-1	-1	-1	-1	-1	-1	-1	-1	-1	-1	-1	-1	-1	-1	-1	-1	-1	-1	-1	1	1	-1	-1	-1	-1	-1	-1	-1	-1	-1	-1	-1	-1	-1	-1	-1	-1	-1	-1	-1	-1	-1	4	85	2	2	1	250	-1	0	-1	-1	-1	-1	-1	1	40	20301009	12	100
70504044	7	5	4	44	4	-1	2	44	4	白兔隐林兽饰·慎	75	白兔隐林，藏其形也。#r适合#G谨慎#W性格的珍兽穿着，穿齐全套可#G增加虚弱技能的生效几率#W。#r#G可在苏州（248，184）云姗姗处使用珍兽装备相关功能。#W	1000	800	3	-1	-1	PetEquipAmulet1_5	珍兽护符	1	1	587	587	-1	-1	-1	-1	-1	-1	-1	-1	-1	-1	-1	-1	-1	-1	-1	-1	-1	-1	-1	-1	-1	-1	-1	-1	-1	-1	-1	-1	-1	-1	-1	-1	-1	-1	-1	-1	-1	-1	-1	1	1	-1	-1	-1	-1	-1	-1	-1	-1	-1	-1	-1	-1	-1	-1	-1	-1	-1	-1	-1	-1	-1	5	85	2	2	1	250	-1	0	-1	-1	-1	-1	-1	1	50	20301009	20	100
70504045	7	5	4	45	4	-1	2	45	4	猛虎撼山兽饰·勇	85	猛虎者，虽山高亦可撼。#r适合#G勇猛#W性格的珍兽穿着，穿齐全套可#G增加猛击技能的释放几率#W。#r#G可在苏州（248，184）云姗姗处使用珍兽装备相关功能。#W	1000	800	3	-1	-1	PetEquipAmulet1_10	珍兽护符	1	1	657	657	-1	-1	-1	-1	-1	-1	-1	-1	-1	-1	-1	-1	-1	-1	-1	-1	-1	-1	-1	-1	-1	-1	-1	1	-1	-1	-1	-1	-1	-1	-1	-1	-1	-1	-1	-1	-1	-1	-1	1	-1	1	-1	-1	-1	-1	-1	-1	-1	-1	-1	-1	-1	-1	-1	-1	-1	-1	-1	-1	-1	-1	1	95	3	3	1	250	-1	0	-1	1	-1	-1	-1	-1	25	20301009	20	100
70504046	7	5	4	46	4	-1	2	46	4	猛虎撼山兽饰·勇	85	猛虎者，虽山高亦可撼。#r适合#G勇猛#W性格的珍兽穿着，穿齐全套可#G增加猛击技能的释放几率#W。#r#G可在苏州（248，184）云姗姗处使用珍兽装备相关功能。#W	1000	800	3	-1	-1	PetEquipAmulet1_10	珍兽护符	1	1	657	657	-1	-1	-1	-1	-1	-1	-1	-1	-1	-1	-1	-1	-1	-1	-1	-1	-1	-1	-1	-1	-1	-1	-1	1	-1	-1	-1	-1	-1	-1	-1	-1	-1	-1	-1	-1	-1	-1	-1	1	-1	1	-1	-1	-1	-1	-1	-1	-1	-1	-1	-1	-1	-1	-1	-1	-1	-1	-1	-1	-1	-1	2	95	3	3	1	250	-1	0	-1	1	-1	-1	-1	-1	30	20301009	30	100
70504047	7	5	4	47	4	-1	2	47	4	猛虎撼山兽饰·勇	85	猛虎者，虽山高亦可撼。#r适合#G勇猛#W性格的珍兽穿着，穿齐全套可#G增加猛击技能的释放几率#W。#r#G可在苏州（248，184）云姗姗处使用珍兽装备相关功能。#W	1000	800	3	-1	-1	PetEquipAmulet1_10	珍兽护符	1	1	657	657	-1	-1	-1	-1	-1	-1	-1	-1	-1	-1	-1	-1	-1	-1	-1	-1	-1	-1	-1	-1	-1	-1	-1	1	-1	-1	-1	-1	-1	-1	-1	-1	-1	-1	-1	-1	-1	-1	-1	1	-1	1	-1	-1	-1	-1	-1	-1	-1	-1	-1	-1	-1	-1	-1	-1	-1	-1	-1	-1	-1	-1	3	95	3	3	1	250	-1	0	-1	1	-1	-1	-1	-1	35	20301009	35	100
70504048	7	5	4	48	4	-1	2	48	4	猛虎撼山兽饰·勇	85	猛虎者，虽山高亦可撼。#r适合#G勇猛#W性格的珍兽穿着，穿齐全套可#G增加猛击技能的释放几率#W。#r#G可在苏州（248，184）云姗姗处使用珍兽装备相关功能。#W	1000	800	3	-1	-1	PetEquipAmulet1_10	珍兽护符	1	1	657	657	-1	-1	-1	-1	-1	-1	-1	-1	-1	-1	-1	-1	-1	-1	-1	-1	-1	-1	-1	-1	-1	-1	-1	1	-1	-1	-1	-1	-1	-1	-1	-1	-1	-1	-1	-1	-1	-1	-1	1	-1	1	-1	-1	-1	-1	-1	-1	-1	-1	-1	-1	-1	-1	-1	-1	-1	-1	-1	-1	-1	-1	4	95	3	3	1	250	-1	0	-1	1	-1	-1	-1	-1	40	20301009	42	100
70504049	7	5	4	49	4	-1	2	49	4	猛虎撼山兽饰·勇	85	猛虎者，虽山高亦可撼。#r适合#G勇猛#W性格的珍兽穿着，穿齐全套可#G增加猛击技能的释放几率#W。#r#G可在苏州（248，184）云姗姗处使用珍兽装备相关功能。#W	1000	800	3	-1	-1	PetEquipAmulet1_10	珍兽护符	1	1	657	657	-1	-1	-1	-1	-1	-1	-1	-1	-1	-1	-1	-1	-1	-1	-1	-1	-1	-1	-1	-1	-1	-1	-1	1	-1	-1	-1	-1	-1	-1	-1	-1	-1	-1	-1	-1	-1	-1	-1	1	-1	1	-1	-1	-1	-1	-1	-1	-1	-1	-1	-1	-1	-1	-1	-1	-1	-1	-1	-1	-1	-1	5	95	3	3	1	250	-1	0	-1	1	-1	-1	-1	-1	50	20301009	57	100
70504050	7	5	4	50	4	-1	2	50	4	猛虎撼山兽饰·狡	85	猛虎者，虽山高亦可撼。#r适合#G精明#W性格的珍兽穿着，穿齐全套可#G增加反震技能的生效几率#W。#r#G可在苏州（248，184）云姗姗处使用珍兽装备相关功能。#W	1000	800	3	-1	-1	PetEquipAmulet1_10	珍兽护符	1	1	657	657	-1	-1	-1	-1	1	-1	-1	-1	-1	-1	-1	-1	-1	-1	-1	-1	-1	-1	-1	-1	-1	-1	-1	1	-1	-1	-1	-1	-1	-1	-1	-1	-1	-1	-1	-1	-1	-1	-1	1	-1	-1	-1	-1	-1	-1	-1	-1	-1	-1	-1	-1	-1	-1	-1	-1	-1	-1	-1	-1	-1	-1	1	95	3	3	1	250	-1	0	-1	1	-1	-1	-1	-1	25	20301009	20	100
70504051	7	5	4	51	4	-1	2	51	4	猛虎撼山兽饰·狡	85	猛虎者，虽山高亦可撼。#r适合#G精明#W性格的珍兽穿着，穿齐全套可#G增加反震技能的生效几率#W。#r#G可在苏州（248，184）云姗姗处使用珍兽装备相关功能。#W	1000	800	3	-1	-1	PetEquipAmulet1_10	珍兽护符	1	1	657	657	-1	-1	-1	-1	1	-1	-1	-1	-1	-1	-1	-1	-1	-1	-1	-1	-1	-1	-1	-1	-1	-1	-1	1	-1	-1	-1	-1	-1	-1	-1	-1	-1	-1	-1	-1	-1	-1	-1	1	-1	-1	-1	-1	-1	-1	-1	-1	-1	-1	-1	-1	-1	-1	-1	-1	-1	-1	-1	-1	-1	-1	2	95	3	3	1	250	-1	0	-1	1	-1	-1	-1	-1	30	20301009	30	100
70504052	7	5	4	52	4	-1	2	52	4	猛虎撼山兽饰·狡	85	猛虎者，虽山高亦可撼。#r适合#G精明#W性格的珍兽穿着，穿齐全套可#G增加反震技能的生效几率#W。#r#G可在苏州（248，184）云姗姗处使用珍兽装备相关功能。#W	1000	800	3	-1	-1	PetEquipAmulet1_10	珍兽护符	1	1	657	657	-1	-1	-1	-1	1	-1	-1	-1	-1	-1	-1	-1	-1	-1	-1	-1	-1	-1	-1	-1	-1	-1	-1	1	-1	-1	-1	-1	-1	-1	-1	-1	-1	-1	-1	-1	-1	-1	-1	1	-1	-1	-1	-1	-1	-1	-1	-1	-1	-1	-1	-1	-1	-1	-1	-1	-1	-1	-1	-1	-1	-1	3	95	3	3	1	250	-1	0	-1	1	-1	-1	-1	-1	35	20301009	35	100
70504053	7	5	4	53	4	-1	2	53	4	猛虎撼山兽饰·狡	85	猛虎者，虽山高亦可撼。#r适合#G精明#W性格的珍兽穿着，穿齐全套可#G增加反震技能的生效几率#W。#r#G可在苏州（248，184）云姗姗处使用珍兽装备相关功能。#W	1000	800	3	-1	-1	PetEquipAmulet1_10	珍兽护符	1	1	657	657	-1	-1	-1	-1	1	-1	-1	-1	-1	-1	-1	-1	-1	-1	-1	-1	-1	-1	-1	-1	-1	-1	-1	1	-1	-1	-1	-1	-1	-1	-1	-1	-1	-1	-1	-1	-1	-1	-1	1	-1	-1	-1	-1	-1	-1	-1	-1	-1	-1	-1	-1	-1	-1	-1	-1	-1	-1	-1	-1	-1	-1	4	95	3	3	1	250	-1	0	-1	1	-1	-1	-1	-1	40	20301009	42	100
70504054	7	5	4	54	4	-1	2	54	4	猛虎撼山兽饰·狡	85	猛虎者，虽山高亦可撼。#r适合#G精明#W性格的珍兽穿着，穿齐全套可#G增加反震技能的生效几率#W。#r#G可在苏州（248，184）云姗姗处使用珍兽装备相关功能。#W	1000	800	3	-1	-1	PetEquipAmulet1_10	珍兽护符	1	1	657	657	-1	-1	-1	-1	1	-1	-1	-1	-1	-1	-1	-1	-1	-1	-1	-1	-1	-1	-1	-1	-1	-1	-1	1	-1	-1	-1	-1	-1	-1	-1	-1	-1	-1	-1	-1	-1	-1	-1	1	-1	-1	-1	-1	-1	-1	-1	-1	-1	-1	-1	-1	-1	-1	-1	-1	-1	-1	-1	-1	-1	-1	5	95	3	3	1	250	-1	0	-1	1	-1	-1	-1	-1	50	20301009	57	100
70504055	7	5	4	55	4	-1	2	55	4	猛虎撼山兽饰·慎	85	猛虎者，虽山高亦可撼。#r适合#G谨慎#W性格的珍兽穿着，穿齐全套可#G增加吸气技能的生效几率#W。#r#G可在苏州（248，184）云姗姗处使用珍兽装备相关功能。#W	1000	800	3	-1	-1	PetEquipAmulet1_10	珍兽护符	1	1	657	657	-1	-1	-1	-1	1	-1	-1	-1	-1	-1	-1	-1	-1	-1	-1	-1	-1	-1	-1	-1	-1	-1	-1	-1	-1	-1	-1	-1	-1	-1	-1	-1	-1	-1	-1	-1	-1	-1	-1	1	-1	-1	-1	-1	-1	-1	-1	-1	-1	-1	1	-1	-1	-1	-1	-1	-1	-1	-1	-1	-1	-1	1	95	3	3	1	250	-1	0	-1	1	-1	-1	-1	-1	25	20301009	20	100
70504056	7	5	4	56	4	-1	2	56	4	猛虎撼山兽饰·慎	85	猛虎者，虽山高亦可撼。#r适合#G谨慎#W性格的珍兽穿着，穿齐全套可#G增加吸气技能的生效几率#W。#r#G可在苏州（248，184）云姗姗处使用珍兽装备相关功能。#W	1000	800	3	-1	-1	PetEquipAmulet1_10	珍兽护符	1	1	657	657	-1	-1	-1	-1	1	-1	-1	-1	-1	-1	-1	-1	-1	-1	-1	-1	-1	-1	-1	-1	-1	-1	-1	-1	-1	-1	-1	-1	-1	-1	-1	-1	-1	-1	-1	-1	-1	-1	-1	1	-1	-1	-1	-1	-1	-1	-1	-1	-1	-1	1	-1	-1	-1	-1	-1	-1	-1	-1	-1	-1	-1	2	95	3	3	1	250	-1	0	-1	1	-1	-1	-1	-1	30	20301009	30	100
70504057	7	5	4	57	4	-1	2	57	4	猛虎撼山兽饰·慎	85	猛虎者，虽山高亦可撼。#r适合#G谨慎#W性格的珍兽穿着，穿齐全套可#G增加吸气技能的生效几率#W。#r#G可在苏州（248，184）云姗姗处使用珍兽装备相关功能。#W	1000	800	3	-1	-1	PetEquipAmulet1_10	珍兽护符	1	1	657	657	-1	-1	-1	-1	1	-1	-1	-1	-1	-1	-1	-1	-1	-1	-1	-1	-1	-1	-1	-1	-1	-1	-1	-1	-1	-1	-1	-1	-1	-1	-1	-1	-1	-1	-1	-1	-1	-1	-1	1	-1	-1	-1	-1	-1	-1	-1	-1	-1	-1	1	-1	-1	-1	-1	-1	-1	-1	-1	-1	-1	-1	3	95	3	3	1	250	-1	0	-1	1	-1	-1	-1	-1	35	20301009	35	100
70504058	7	5	4	58	4	-1	2	58	4	猛虎撼山兽饰·慎	85	猛虎者，虽山高亦可撼。#r适合#G谨慎#W性格的珍兽穿着，穿齐全套可#G增加吸气技能的生效几率#W。#r#G可在苏州（248，184）云姗姗处使用珍兽装备相关功能。#W	1000	800	3	-1	-1	PetEquipAmulet1_10	珍兽护符	1	1	657	657	-1	-1	-1	-1	1	-1	-1	-1	-1	-1	-1	-1	-1	-1	-1	-1	-1	-1	-1	-1	-1	-1	-1	-1	-1	-1	-1	-1	-1	-1	-1	-1	-1	-1	-1	-1	-1	-1	-1	1	-1	-1	-1	-1	-1	-1	-1	-1	-1	-1	1	-1	-1	-1	-1	-1	-1	-1	-1	-1	-1	-1	4	95	3	3	1	250	-1	0	-1	1	-1	-1	-1	-1	40	20301009	42	100
70504059	7	5	4	59	4	-1	2	59	4	猛虎撼山兽饰·慎	85	猛虎者，虽山高亦可撼。#r适合#G谨慎#W性格的珍兽穿着，穿齐全套可#G增加吸气技能的生效几率#W。#r#G可在苏州（248，184）云姗姗处使用珍兽装备相关功能。#W	1000	800	3	-1	-1	PetEquipAmulet1_10	珍兽护符	1	1	657	657	-1	-1	-1	-1	1	-1	-1	-1	-1	-1	-1	-1	-1	-1	-1	-1	-1	-1	-1	-1	-1	-1	-1	-1	-1	-1	-1	-1	-1	-1	-1	-1	-1	-1	-1	-1	-1	-1	-1	1	-1	-1	-1	-1	-1	-1	-1	-1	-1	-1	1	-1	-1	-1	-1	-1	-1	-1	-1	-1	-1	-1	5	95	3	3	1	250	-1	0	-1	1	-1	-1	-1	-1	50	20301009	57	100
70504060	7	5	4	60	4	-1	2	60	4	飞鹰翔空兽饰·怯	85	飞鹰者，欲翔空则难阻。#r适合#G胆小#W性格的珍兽穿着，穿齐全套可#G增加痛击技能的伤害#W。#r#G可在苏州（248，184）云姗姗处使用珍兽装备相关功能。#W	1000	800	3	-1	-1	PetEquipAmulet1_14	珍兽护符	1	1	657	657	-1	-1	-1	-1	-1	-1	-1	-1	-1	-1	-1	-1	-1	-1	-1	-1	-1	-1	-1	-1	-1	-1	-1	-1	-1	-1	-1	-1	-1	-1	1	-1	-1	-1	-1	-1	-1	-1	-1	1	-1	1	-1	-1	-1	-1	-1	-1	-1	-1	-1	-1	-1	-1	-1	-1	-1	-1	-1	-1	-1	-1	1	95	3	3	1	250	-1	0	-1	-1	1	-1	-1	-1	25	20301009	20	100
70504061	7	5	4	61	4	-1	2	61	4	飞鹰翔空兽饰·怯	85	飞鹰者，欲翔空则难阻。#r适合#G胆小#W性格的珍兽穿着，穿齐全套可#G增加痛击技能的伤害#W。#r#G可在苏州（248，184）云姗姗处使用珍兽装备相关功能。#W	1000	800	3	-1	-1	PetEquipAmulet1_14	珍兽护符	1	1	657	657	-1	-1	-1	-1	-1	-1	-1	-1	-1	-1	-1	-1	-1	-1	-1	-1	-1	-1	-1	-1	-1	-1	-1	-1	-1	-1	-1	-1	-1	-1	1	-1	-1	-1	-1	-1	-1	-1	-1	1	-1	1	-1	-1	-1	-1	-1	-1	-1	-1	-1	-1	-1	-1	-1	-1	-1	-1	-1	-1	-1	-1	2	95	3	3	1	250	-1	0	-1	-1	1	-1	-1	-1	30	20301009	30	100
70504062	7	5	4	62	4	-1	2	62	4	飞鹰翔空兽饰·怯	85	飞鹰者，欲翔空则难阻。#r适合#G胆小#W性格的珍兽穿着，穿齐全套可#G增加痛击技能的伤害#W。#r#G可在苏州（248，184）云姗姗处使用珍兽装备相关功能。#W	1000	800	3	-1	-1	PetEquipAmulet1_14	珍兽护符	1	1	657	657	-1	-1	-1	-1	-1	-1	-1	-1	-1	-1	-1	-1	-1	-1	-1	-1	-1	-1	-1	-1	-1	-1	-1	-1	-1	-1	-1	-1	-1	-1	1	-1	-1	-1	-1	-1	-1	-1	-1	1	-1	1	-1	-1	-1	-1	-1	-1	-1	-1	-1	-1	-1	-1	-1	-1	-1	-1	-1	-1	-1	-1	3	95	3	3	1	250	-1	0	-1	-1	1	-1	-1	-1	35	20301009	35	100
70504063	7	5	4	63	4	-1	2	63	4	飞鹰翔空兽饰·怯	85	飞鹰者，欲翔空则难阻。#r适合#G胆小#W性格的珍兽穿着，穿齐全套可#G增加痛击技能的伤害#W。#r#G可在苏州（248，184）云姗姗处使用珍兽装备相关功能。#W	1000	800	3	-1	-1	PetEquipAmulet1_14	珍兽护符	1	1	657	657	-1	-1	-1	-1	-1	-1	-1	-1	-1	-1	-1	-1	-1	-1	-1	-1	-1	-1	-1	-1	-1	-1	-1	-1	-1	-1	-1	-1	-1	-1	1	-1	-1	-1	-1	-1	-1	-1	-1	1	-1	1	-1	-1	-1	-1	-1	-1	-1	-1	-1	-1	-1	-1	-1	-1	-1	-1	-1	-1	-1	-1	4	95	3	3	1	250	-1	0	-1	-1	1	-1	-1	-1	40	20301009	42	100
70504064	7	5	4	64	4	-1	2	64	4	飞鹰翔空兽饰·怯	85	飞鹰者，欲翔空则难阻。#r适合#G胆小#W性格的珍兽穿着，穿齐全套可#G增加痛击技能的伤害#W。#r#G可在苏州（248，184）云姗姗处使用珍兽装备相关功能。#W	1000	800	3	-1	-1	PetEquipAmulet1_14	珍兽护符	1	1	657	657	-1	-1	-1	-1	-1	-1	-1	-1	-1	-1	-1	-1	-1	-1	-1	-1	-1	-1	-1	-1	-1	-1	-1	-1	-1	-1	-1	-1	-1	-1	1	-1	-1	-1	-1	-1	-1	-1	-1	1	-1	1	-1	-1	-1	-1	-1	-1	-1	-1	-1	-1	-1	-1	-1	-1	-1	-1	-1	-1	-1	-1	5	95	3	3	1	250	-1	0	-1	-1	1	-1	-1	-1	50	20301009	57	100
70504065	7	5	4	65	4	-1	2	65	4	飞鹰翔空兽饰·狡	85	飞鹰者，欲翔空则难阻。#r适合#G精明#W性格的珍兽穿着，穿齐全套可#G增加反震技能的生效几率#W。#r#G可在苏州（248，184）云姗姗处使用珍兽装备相关功能。#W	1000	800	3	-1	-1	PetEquipAmulet1_14	珍兽护符	1	1	657	657	-1	-1	-1	-1	1	-1	-1	-1	-1	-1	-1	-1	-1	-1	-1	-1	-1	-1	-1	-1	-1	-1	-1	-1	-1	-1	-1	-1	-1	-1	1	-1	-1	-1	-1	-1	-1	-1	-1	1	-1	-1	-1	-1	-1	-1	-1	-1	-1	-1	-1	-1	-1	-1	-1	-1	-1	-1	-1	-1	-1	-1	1	95	3	3	1	250	-1	0	-1	-1	1	-1	-1	-1	25	20301009	20	100
70504066	7	5	4	66	4	-1	2	66	4	飞鹰翔空兽饰·狡	85	飞鹰者，欲翔空则难阻。#r适合#G精明#W性格的珍兽穿着，穿齐全套可#G增加反震技能的生效几率#W。#r#G可在苏州（248，184）云姗姗处使用珍兽装备相关功能。#W	1000	800	3	-1	-1	PetEquipAmulet1_14	珍兽护符	1	1	657	657	-1	-1	-1	-1	1	-1	-1	-1	-1	-1	-1	-1	-1	-1	-1	-1	-1	-1	-1	-1	-1	-1	-1	-1	-1	-1	-1	-1	-1	-1	1	-1	-1	-1	-1	-1	-1	-1	-1	1	-1	-1	-1	-1	-1	-1	-1	-1	-1	-1	-1	-1	-1	-1	-1	-1	-1	-1	-1	-1	-1	-1	2	95	3	3	1	250	-1	0	-1	-1	1	-1	-1	-1	30	20301009	30	100
70504067	7	5	4	67	4	-1	2	67	4	飞鹰翔空兽饰·狡	85	飞鹰者，欲翔空则难阻。#r适合#G精明#W性格的珍兽穿着，穿齐全套可#G增加反震技能的生效几率#W。#r#G可在苏州（248，184）云姗姗处使用珍兽装备相关功能。#W	1000	800	3	-1	-1	PetEquipAmulet1_14	珍兽护符	1	1	657	657	-1	-1	-1	-1	1	-1	-1	-1	-1	-1	-1	-1	-1	-1	-1	-1	-1	-1	-1	-1	-1	-1	-1	-1	-1	-1	-1	-1	-1	-1	1	-1	-1	-1	-1	-1	-1	-1	-1	1	-1	-1	-1	-1	-1	-1	-1	-1	-1	-1	-1	-1	-1	-1	-1	-1	-1	-1	-1	-1	-1	-1	3	95	3	3	1	250	-1	0	-1	-1	1	-1	-1	-1	35	20301009	35	100
70504068	7	5	4	68	4	-1	2	68	4	飞鹰翔空兽饰·狡	85	飞鹰者，欲翔空则难阻。#r适合#G精明#W性格的珍兽穿着，穿齐全套可#G增加反震技能的生效几率#W。#r#G可在苏州（248，184）云姗姗处使用珍兽装备相关功能。#W	1000	800	3	-1	-1	PetEquipAmulet1_14	珍兽护符	1	1	657	657	-1	-1	-1	-1	1	-1	-1	-1	-1	-1	-1	-1	-1	-1	-1	-1	-1	-1	-1	-1	-1	-1	-1	-1	-1	-1	-1	-1	-1	-1	1	-1	-1	-1	-1	-1	-1	-1	-1	1	-1	-1	-1	-1	-1	-1	-1	-1	-1	-1	-1	-1	-1	-1	-1	-1	-1	-1	-1	-1	-1	-1	4	95	3	3	1	250	-1	0	-1	-1	1	-1	-1	-1	40	20301009	42	100
70504069	7	5	4	69	4	-1	2	69	4	飞鹰翔空兽饰·狡	85	飞鹰者，欲翔空则难阻。#r适合#G精明#W性格的珍兽穿着，穿齐全套可#G增加反震技能的生效几率#W。#r#G可在苏州（248，184）云姗姗处使用珍兽装备相关功能。#W	1000	800	3	-1	-1	PetEquipAmulet1_14	珍兽护符	1	1	657	657	-1	-1	-1	-1	1	-1	-1	-1	-1	-1	-1	-1	-1	-1	-1	-1	-1	-1	-1	-1	-1	-1	-1	-1	-1	-1	-1	-1	-1	-1	1	-1	-1	-1	-1	-1	-1	-1	-1	1	-1	-1	-1	-1	-1	-1	-1	-1	-1	-1	-1	-1	-1	-1	-1	-1	-1	-1	-1	-1	-1	-1	5	95	3	3	1	250	-1	0	-1	-1	1	-1	-1	-1	50	20301009	57	100
70504070	7	5	4	70	4	-1	2	70	4	飞鹰翔空兽饰·慎	85	飞鹰者，欲翔空则难阻。#r适合#G谨慎#W性格的珍兽穿着，穿齐全套可#G增加吸气技能的生效几率#W。#r#G可在苏州（248，184）云姗姗处使用珍兽装备相关功能。#W	1000	800	3	-1	-1	PetEquipAmulet1_14	珍兽护符	1	1	657	657	-1	-1	-1	-1	1	-1	-1	-1	-1	-1	-1	-1	-1	-1	-1	-1	-1	-1	-1	-1	-1	-1	-1	-1	-1	-1	-1	-1	-1	-1	-1	-1	-1	-1	-1	-1	-1	-1	-1	1	-1	-1	-1	-1	-1	-1	-1	-1	-1	-1	1	-1	-1	-1	-1	-1	-1	-1	-1	-1	-1	-1	1	95	3	3	1	250	-1	0	-1	-1	1	-1	-1	-1	25	20301009	20	100
70504071	7	5	4	71	4	-1	2	71	4	飞鹰翔空兽饰·慎	85	飞鹰者，欲翔空则难阻。#r适合#G谨慎#W性格的珍兽穿着，穿齐全套可#G增加吸气技能的生效几率#W。#r#G可在苏州（248，184）云姗姗处使用珍兽装备相关功能。#W	1000	800	3	-1	-1	PetEquipAmulet1_14	珍兽护符	1	1	657	657	-1	-1	-1	-1	1	-1	-1	-1	-1	-1	-1	-1	-1	-1	-1	-1	-1	-1	-1	-1	-1	-1	-1	-1	-1	-1	-1	-1	-1	-1	-1	-1	-1	-1	-1	-1	-1	-1	-1	1	-1	-1	-1	-1	-1	-1	-1	-1	-1	-1	1	-1	-1	-1	-1	-1	-1	-1	-1	-1	-1	-1	2	95	3	3	1	250	-1	0	-1	-1	1	-1	-1	-1	30	20301009	30	100
70504072	7	5	4	72	4	-1	2	72	4	飞鹰翔空兽饰·慎	85	飞鹰者，欲翔空则难阻。#r适合#G谨慎#W性格的珍兽穿着，穿齐全套可#G增加吸气技能的生效几率#W。#r#G可在苏州（248，184）云姗姗处使用珍兽装备相关功能。#W	1000	800	3	-1	-1	PetEquipAmulet1_14	珍兽护符	1	1	657	657	-1	-1	-1	-1	1	-1	-1	-1	-1	-1	-1	-1	-1	-1	-1	-1	-1	-1	-1	-1	-1	-1	-1	-1	-1	-1	-1	-1	-1	-1	-1	-1	-1	-1	-1	-1	-1	-1	-1	1	-1	-1	-1	-1	-1	-1	-1	-1	-1	-1	1	-1	-1	-1	-1	-1	-1	-1	-1	-1	-1	-1	3	95	3	3	1	250	-1	0	-1	-1	1	-1	-1	-1	35	20301009	35	100
70504073	7	5	4	73	4	-1	2	73	4	飞鹰翔空兽饰·慎	85	飞鹰者，欲翔空则难阻。#r适合#G谨慎#W性格的珍兽穿着，穿齐全套可#G增加吸气技能的生效几率#W。#r#G可在苏州（248，184）云姗姗处使用珍兽装备相关功能。#W	1000	800	3	-1	-1	PetEquipAmulet1_14	珍兽护符	1	1	657	657	-1	-1	-1	-1	1	-1	-1	-1	-1	-1	-1	-1	-1	-1	-1	-1	-1	-1	-1	-1	-1	-1	-1	-1	-1	-1	-1	-1	-1	-1	-1	-1	-1	-1	-1	-1	-1	-1	-1	1	-1	-1	-1	-1	-1	-1	-1	-1	-1	-1	1	-1	-1	-1	-1	-1	-1	-1	-1	-1	-1	-1	4	95	3	3	1	250	-1	0	-1	-1	1	-1	-1	-1	40	20301009	42	100
70504074	7	5	4	74	4	-1	2	74	4	飞鹰翔空兽饰·慎	85	飞鹰者，欲翔空则难阻。#r适合#G谨慎#W性格的珍兽穿着，穿齐全套可#G增加吸气技能的生效几率#W。#r#G可在苏州（248，184）云姗姗处使用珍兽装备相关功能。#W	1000	800	3	-1	-1	PetEquipAmulet1_14	珍兽护符	1	1	657	657	-1	-1	-1	-1	1	-1	-1	-1	-1	-1	-1	-1	-1	-1	-1	-1	-1	-1	-1	-1	-1	-1	-1	-1	-1	-1	-1	-1	-1	-1	-1	-1	-1	-1	-1	-1	-1	-1	-1	1	-1	-1	-1	-1	-1	-1	-1	-1	-1	-1	1	-1	-1	-1	-1	-1	-1	-1	-1	-1	-1	-1	5	95	3	3	1	250	-1	0	-1	-1	1	-1	-1	-1	50	20301009	57	100
70504075	7	5	4	75	4	-1	2	75	4	巨熊哮路兽饰·忠	85	巨熊者，哮路而展其魄。#r适合#G忠诚#W性格的珍兽穿着，穿齐全套可#G增加忠心技能的生效几率#W。#r#G可在苏州（248，184）云姗姗处使用珍兽装备相关功能。#W	1000	800	3	-1	-1	PetEquipAmulet1_4	珍兽护符	1	1	657	657	-1	-1	-1	-1	-1	-1	-1	-1	-1	-1	-1	-1	-1	-1	-1	-1	-1	-1	-1	-1	-1	-1	-1	-1	-1	-1	1	-1	-1	-1	-1	-1	-1	1	-1	-1	-1	-1	-1	-1	1	-1	-1	-1	-1	-1	-1	-1	-1	-1	-1	-1	-1	-1	-1	-1	-1	-1	-1	-1	-1	-1	1	95	3	3	1	250	-1	0	-1	-1	-1	1	-1	-1	25	20301009	20	100
70504076	7	5	4	76	4	-1	2	76	4	巨熊哮路兽饰·忠	85	巨熊者，哮路而展其魄。#r适合#G忠诚#W性格的珍兽穿着，穿齐全套可#G增加忠心技能的生效几率#W。#r#G可在苏州（248，184）云姗姗处使用珍兽装备相关功能。#W	1000	800	3	-1	-1	PetEquipAmulet1_4	珍兽护符	1	1	657	657	-1	-1	-1	-1	-1	-1	-1	-1	-1	-1	-1	-1	-1	-1	-1	-1	-1	-1	-1	-1	-1	-1	-1	-1	-1	-1	1	-1	-1	-1	-1	-1	-1	1	-1	-1	-1	-1	-1	-1	1	-1	-1	-1	-1	-1	-1	-1	-1	-1	-1	-1	-1	-1	-1	-1	-1	-1	-1	-1	-1	-1	2	95	3	3	1	250	-1	0	-1	-1	-1	1	-1	-1	30	20301009	30	100
70504077	7	5	4	77	4	-1	2	77	4	巨熊哮路兽饰·忠	85	巨熊者，哮路而展其魄。#r适合#G忠诚#W性格的珍兽穿着，穿齐全套可#G增加忠心技能的生效几率#W。#r#G可在苏州（248，184）云姗姗处使用珍兽装备相关功能。#W	1000	800	3	-1	-1	PetEquipAmulet1_4	珍兽护符	1	1	657	657	-1	-1	-1	-1	-1	-1	-1	-1	-1	-1	-1	-1	-1	-1	-1	-1	-1	-1	-1	-1	-1	-1	-1	-1	-1	-1	1	-1	-1	-1	-1	-1	-1	1	-1	-1	-1	-1	-1	-1	1	-1	-1	-1	-1	-1	-1	-1	-1	-1	-1	-1	-1	-1	-1	-1	-1	-1	-1	-1	-1	-1	3	95	3	3	1	250	-1	0	-1	-1	-1	1	-1	-1	35	20301009	35	100
70504078	7	5	4	78	4	-1	2	78	4	巨熊哮路兽饰·忠	85	巨熊者，哮路而展其魄。#r适合#G忠诚#W性格的珍兽穿着，穿齐全套可#G增加忠心技能的生效几率#W。#r#G可在苏州（248，184）云姗姗处使用珍兽装备相关功能。#W	1000	800	3	-1	-1	PetEquipAmulet1_4	珍兽护符	1	1	657	657	-1	-1	-1	-1	-1	-1	-1	-1	-1	-1	-1	-1	-1	-1	-1	-1	-1	-1	-1	-1	-1	-1	-1	-1	-1	-1	1	-1	-1	-1	-1	-1	-1	1	-1	-1	-1	-1	-1	-1	1	-1	-1	-1	-1	-1	-1	-1	-1	-1	-1	-1	-1	-1	-1	-1	-1	-1	-1	-1	-1	-1	4	95	3	3	1	250	-1	0	-1	-1	-1	1	-1	-1	40	20301009	42	100
70504079	7	5	4	79	4	-1	2	79	4	巨熊哮路兽饰·忠	85	巨熊者，哮路而展其魄。#r适合#G忠诚#W性格的珍兽穿着，穿齐全套可#G增加忠心技能的生效几率#W。#r#G可在苏州（248，184）云姗姗处使用珍兽装备相关功能。#W	1000	800	3	-1	-1	PetEquipAmulet1_4	珍兽护符	1	1	657	657	-1	-1	-1	-1	-1	-1	-1	-1	-1	-1	-1	-1	-1	-1	-1	-1	-1	-1	-1	-1	-1	-1	-1	-1	-1	-1	1	-1	-1	-1	-1	-1	-1	1	-1	-1	-1	-1	-1	-1	1	-1	-1	-1	-1	-1	-1	-1	-1	-1	-1	-1	-1	-1	-1	-1	-1	-1	-1	-1	-1	-1	5	95	3	3	1	250	-1	0	-1	-1	-1	1	-1	-1	50	20301009	57	100
70504080	7	5	4	80	4	-1	2	80	4	巨熊哮路兽饰·慎	85	巨熊者，哮路而展其魄。#r适合#G谨慎#W性格的珍兽穿着，穿齐全套可#G增加吸气技能的生效几率#W。#r#G可在苏州（248，184）云姗姗处使用珍兽装备相关功能。#W	1000	800	3	-1	-1	PetEquipAmulet1_4	珍兽护符	1	1	657	657	-1	-1	-1	-1	-1	-1	-1	-1	-1	-1	-1	-1	-1	-1	-1	-1	-1	-1	-1	-1	-1	-1	-1	-1	-1	-1	-1	-1	-1	-1	-1	-1	-1	-1	-1	-1	-1	-1	-1	1	1	-1	-1	-1	-1	-1	-1	-1	-1	-1	1	-1	-1	-1	-1	-1	-1	-1	-1	-1	-1	-1	1	95	3	3	1	250	-1	0	-1	-1	-1	1	-1	-1	25	20301009	20	100
70504081	7	5	4	81	4	-1	2	81	4	巨熊哮路兽饰·慎	85	巨熊者，哮路而展其魄。#r适合#G谨慎#W性格的珍兽穿着，穿齐全套可#G增加吸气技能的生效几率#W。#r#G可在苏州（248，184）云姗姗处使用珍兽装备相关功能。#W	1000	800	3	-1	-1	PetEquipAmulet1_4	珍兽护符	1	1	657	657	-1	-1	-1	-1	-1	-1	-1	-1	-1	-1	-1	-1	-1	-1	-1	-1	-1	-1	-1	-1	-1	-1	-1	-1	-1	-1	-1	-1	-1	-1	-1	-1	-1	-1	-1	-1	-1	-1	-1	1	1	-1	-1	-1	-1	-1	-1	-1	-1	-1	1	-1	-1	-1	-1	-1	-1	-1	-1	-1	-1	-1	2	95	3	3	1	250	-1	0	-1	-1	-1	1	-1	-1	30	20301009	30	100
70504082	7	5	4	82	4	-1	2	82	4	巨熊哮路兽饰·慎	85	巨熊者，哮路而展其魄。#r适合#G谨慎#W性格的珍兽穿着，穿齐全套可#G增加吸气技能的生效几率#W。#r#G可在苏州（248，184）云姗姗处使用珍兽装备相关功能。#W	1000	800	3	-1	-1	PetEquipAmulet1_4	珍兽护符	1	1	657	657	-1	-1	-1	-1	-1	-1	-1	-1	-1	-1	-1	-1	-1	-1	-1	-1	-1	-1	-1	-1	-1	-1	-1	-1	-1	-1	-1	-1	-1	-1	-1	-1	-1	-1	-1	-1	-1	-1	-1	1	1	-1	-1	-1	-1	-1	-1	-1	-1	-1	1	-1	-1	-1	-1	-1	-1	-1	-1	-1	-1	-1	3	95	3	3	1	250	-1	0	-1	-1	-1	1	-1	-1	35	20301009	35	100
70504083	7	5	4	83	4	-1	2	83	4	巨熊哮路兽饰·慎	85	巨熊者，哮路而展其魄。#r适合#G谨慎#W性格的珍兽穿着，穿齐全套可#G增加吸气技能的生效几率#W。#r#G可在苏州（248，184）云姗姗处使用珍兽装备相关功能。#W	1000	800	3	-1	-1	PetEquipAmulet1_4	珍兽护符	1	1	657	657	-1	-1	-1	-1	-1	-1	-1	-1	-1	-1	-1	-1	-1	-1	-1	-1	-1	-1	-1	-1	-1	-1	-1	-1	-1	-1	-1	-1	-1	-1	-1	-1	-1	-1	-1	-1	-1	-1	-1	1	1	-1	-1	-1	-1	-1	-1	-1	-1	-1	1	-1	-1	-1	-1	-1	-1	-1	-1	-1	-1	-1	4	95	3	3	1	250	-1	0	-1	-1	-1	1	-1	-1	40	20301009	42	100
70504084	7	5	4	84	4	-1	2	84	4	巨熊哮路兽饰·慎	85	巨熊者，哮路而展其魄。#r适合#G谨慎#W性格的珍兽穿着，穿齐全套可#G增加吸气技能的生效几率#W。#r#G可在苏州（248，184）云姗姗处使用珍兽装备相关功能。#W	1000	800	3	-1	-1	PetEquipAmulet1_4	珍兽护符	1	1	657	657	-1	-1	-1	-1	-1	-1	-1	-1	-1	-1	-1	-1	-1	-1	-1	-1	-1	-1	-1	-1	-1	-1	-1	-1	-1	-1	-1	-1	-1	-1	-1	-1	-1	-1	-1	-1	-1	-1	-1	1	1	-1	-1	-1	-1	-1	-1	-1	-1	-1	1	-1	-1	-1	-1	-1	-1	-1	-1	-1	-1	-1	5	95	3	3	1	250	-1	0	-1	-1	-1	1	-1	-1	50	20301009	57	100
70504085	7	5	4	85	4	-1	2	85	4	奔马逐风兽饰·慎	85	奔马者，逐风以彰其志。#r适合#G谨慎#W性格的珍兽穿着，穿齐全套可#G增加吸气技能的生效几率#W。#r#G可在苏州（248，184）云姗姗处使用珍兽装备相关功能。#W	1000	800	3	-1	-1	PetEquipAmulet1_13	珍兽护符	1	1	657	657	-1	-1	-1	-1	-1	-1	-1	-1	-1	-1	-1	-1	-1	-1	-1	-1	-1	-1	-1	-1	-1	-1	-1	-1	-1	-1	-1	-1	-1	-1	-1	-1	-1	-1	-1	-1	-1	-1	-1	1	1	-1	-1	-1	-1	-1	-1	-1	-1	-1	1	-1	-1	-1	-1	-1	-1	-1	-1	-1	-1	-1	1	95	3	3	1	250	-1	0	-1	-1	-1	-1	-1	1	25	20301009	20	100
70504086	7	5	4	86	4	-1	2	86	4	奔马逐风兽饰·慎	85	奔马者，逐风以彰其志。#r适合#G谨慎#W性格的珍兽穿着，穿齐全套可#G增加吸气技能的生效几率#W。#r#G可在苏州（248，184）云姗姗处使用珍兽装备相关功能。#W	1000	800	3	-1	-1	PetEquipAmulet1_13	珍兽护符	1	1	657	657	-1	-1	-1	-1	-1	-1	-1	-1	-1	-1	-1	-1	-1	-1	-1	-1	-1	-1	-1	-1	-1	-1	-1	-1	-1	-1	-1	-1	-1	-1	-1	-1	-1	-1	-1	-1	-1	-1	-1	1	1	-1	-1	-1	-1	-1	-1	-1	-1	-1	1	-1	-1	-1	-1	-1	-1	-1	-1	-1	-1	-1	2	95	3	3	1	250	-1	0	-1	-1	-1	-1	-1	1	30	20301009	30	100
70504087	7	5	4	87	4	-1	2	87	4	奔马逐风兽饰·慎	85	奔马者，逐风以彰其志。#r适合#G谨慎#W性格的珍兽穿着，穿齐全套可#G增加吸气技能的生效几率#W。#r#G可在苏州（248，184）云姗姗处使用珍兽装备相关功能。#W	1000	800	3	-1	-1	PetEquipAmulet1_13	珍兽护符	1	1	657	657	-1	-1	-1	-1	-1	-1	-1	-1	-1	-1	-1	-1	-1	-1	-1	-1	-1	-1	-1	-1	-1	-1	-1	-1	-1	-1	-1	-1	-1	-1	-1	-1	-1	-1	-1	-1	-1	-1	-1	1	1	-1	-1	-1	-1	-1	-1	-1	-1	-1	1	-1	-1	-1	-1	-1	-1	-1	-1	-1	-1	-1	3	95	3	3	1	250	-1	0	-1	-1	-1	-1	-1	1	35	20301009	35	100
70504088	7	5	4	88	4	-1	2	88	4	奔马逐风兽饰·慎	85	奔马者，逐风以彰其志。#r适合#G谨慎#W性格的珍兽穿着，穿齐全套可#G增加吸气技能的生效几率#W。#r#G可在苏州（248，184）云姗姗处使用珍兽装备相关功能。#W	1000	800	3	-1	-1	PetEquipAmulet1_13	珍兽护符	1	1	657	657	-1	-1	-1	-1	-1	-1	-1	-1	-1	-1	-1	-1	-1	-1	-1	-1	-1	-1	-1	-1	-1	-1	-1	-1	-1	-1	-1	-1	-1	-1	-1	-1	-1	-1	-1	-1	-1	-1	-1	1	1	-1	-1	-1	-1	-1	-1	-1	-1	-1	1	-1	-1	-1	-1	-1	-1	-1	-1	-1	-1	-1	4	95	3	3	1	250	-1	0	-1	-1	-1	-1	-1	1	40	20301009	42	100
70504089	7	5	4	89	4	-1	2	89	4	奔马逐风兽饰·慎	85	奔马者，逐风以彰其志。#r适合#G谨慎#W性格的珍兽穿着，穿齐全套可#G增加吸气技能的生效几率#W。#r#G可在苏州（248，184）云姗姗处使用珍兽装备相关功能。#W	1000	800	3	-1	-1	PetEquipAmulet1_13	珍兽护符	1	1	657	657	-1	-1	-1	-1	-1	-1	-1	-1	-1	-1	-1	-1	-1	-1	-1	-1	-1	-1	-1	-1	-1	-1	-1	-1	-1	-1	-1	-1	-1	-1	-1	-1	-1	-1	-1	-1	-1	-1	-1	1	1	-1	-1	-1	-1	-1	-1	-1	-1	-1	1	-1	-1	-1	-1	-1	-1	-1	-1	-1	-1	-1	5	95	3	3	1	250	-1	0	-1	-1	-1	-1	-1	1	50	20301009	57	100
70504090	7	5	4	90	4	-1	2	90	4	雄狮逆鳞兽饰·勇	95	狮生逆鳞，力猛不可知。#r适合#G勇猛#W性格的珍兽穿着，穿齐全套可#G增加连击技能的释放几率#W。#r#G可在苏州（248，184）云姗姗处使用珍兽装备相关功能。#W	1000	800	3	-1	-1	PetEquipAmulet1_8	珍兽护符	1	1	727	727	-1	-1	-1	-1	-1	-1	-1	-1	-1	-1	-1	-1	-1	-1	-1	-1	-1	-1	-1	-1	-1	-1	-1	1	-1	-1	-1	-1	-1	-1	-1	-1	-1	-1	-1	-1	-1	-1	-1	1	-1	1	-1	-1	-1	-1	1	-1	-1	-1	-1	-1	-1	-1	-1	-1	-1	-1	-1	-1	-1	-1	1	105	4	4	1	250	-1	0	-1	1	-1	-1	-1	-1	25	20301009	50	100
70504091	7	5	4	91	4	-1	2	91	4	雄狮逆鳞兽饰·勇	95	狮生逆鳞，力猛不可知。#r适合#G勇猛#W性格的珍兽穿着，穿齐全套可#G增加连击技能的释放几率#W。#r#G可在苏州（248，184）云姗姗处使用珍兽装备相关功能。#W	1000	800	3	-1	-1	PetEquipAmulet1_8	珍兽护符	1	1	727	727	-1	-1	-1	-1	-1	-1	-1	-1	-1	-1	-1	-1	-1	-1	-1	-1	-1	-1	-1	-1	-1	-1	-1	1	-1	-1	-1	-1	-1	-1	-1	-1	-1	-1	-1	-1	-1	-1	-1	1	-1	1	-1	-1	-1	-1	1	-1	-1	-1	-1	-1	-1	-1	-1	-1	-1	-1	-1	-1	-1	-1	2	105	4	4	1	250	-1	0	-1	1	-1	-1	-1	-1	30	20301009	68	100
70504092	7	5	4	92	4	-1	2	92	4	雄狮逆鳞兽饰·勇	95	狮生逆鳞，力猛不可知。#r适合#G勇猛#W性格的珍兽穿着，穿齐全套可#G增加连击技能的释放几率#W。#r#G可在苏州（248，184）云姗姗处使用珍兽装备相关功能。#W	1000	800	3	-1	-1	PetEquipAmulet1_8	珍兽护符	1	1	727	727	-1	-1	-1	-1	-1	-1	-1	-1	-1	-1	-1	-1	-1	-1	-1	-1	-1	-1	-1	-1	-1	-1	-1	1	-1	-1	-1	-1	-1	-1	-1	-1	-1	-1	-1	-1	-1	-1	-1	1	-1	1	-1	-1	-1	-1	1	-1	-1	-1	-1	-1	-1	-1	-1	-1	-1	-1	-1	-1	-1	-1	3	105	4	4	1	250	-1	0	-1	1	-1	-1	-1	-1	35	20301009	90	100
70504093	7	5	4	93	4	-1	2	93	4	雄狮逆鳞兽饰·勇	95	狮生逆鳞，力猛不可知。#r适合#G勇猛#W性格的珍兽穿着，穿齐全套可#G增加连击技能的释放几率#W。#r#G可在苏州（248，184）云姗姗处使用珍兽装备相关功能。#W	1000	800	3	-1	-1	PetEquipAmulet1_8	珍兽护符	1	1	727	727	-1	-1	-1	-1	-1	-1	-1	-1	-1	-1	-1	-1	-1	-1	-1	-1	-1	-1	-1	-1	-1	-1	-1	1	-1	-1	-1	-1	-1	-1	-1	-1	-1	-1	-1	-1	-1	-1	-1	1	-1	1	-1	-1	-1	-1	1	-1	-1	-1	-1	-1	-1	-1	-1	-1	-1	-1	-1	-1	-1	-1	4	105	4	4	1	250	-1	0	-1	1	-1	-1	-1	-1	40	20301009	115	100
70504094	7	5	4	94	4	-1	2	94	4	雄狮逆鳞兽饰·勇	95	狮生逆鳞，力猛不可知。#r适合#G勇猛#W性格的珍兽穿着，穿齐全套可#G增加连击技能的释放几率#W。#r#G可在苏州（248，184）云姗姗处使用珍兽装备相关功能。#W	1000	800	3	-1	-1	PetEquipAmulet1_8	珍兽护符	1	1	727	727	-1	-1	-1	-1	-1	-1	-1	-1	-1	-1	-1	-1	-1	-1	-1	-1	-1	-1	-1	-1	-1	-1	-1	1	-1	-1	-1	-1	-1	-1	-1	-1	-1	-1	-1	-1	-1	-1	-1	1	-1	1	-1	-1	-1	-1	1	-1	-1	-1	-1	-1	-1	-1	-1	-1	-1	-1	-1	-1	-1	-1	5	105	4	4	1	250	-1	0	-1	1	-1	-1	-1	-1	50	20301009	143	100
70504095	7	5	4	95	4	-1	2	95	4	雄狮逆鳞兽饰·狡	95	狮生逆鳞，力猛不可知。#r适合#G精明#W性格的珍兽穿着，穿齐全套可#G增加反击技能的生效几率#W。#r#G可在苏州（248，184）云姗姗处使用珍兽装备相关功能。#W	1000	800	3	-1	-1	PetEquipAmulet1_8	珍兽护符	1	1	727	727	-1	-1	-1	-1	1	-1	-1	-1	-1	-1	-1	-1	-1	-1	-1	-1	-1	-1	-1	-1	-1	-1	-1	1	-1	-1	-1	-1	-1	-1	-1	-1	-1	-1	-1	-1	-1	-1	-1	1	-1	-1	-1	-1	-1	-1	1	-1	-1	-1	-1	-1	-1	-1	-1	-1	-1	-1	-1	-1	-1	-1	1	105	4	4	1	250	-1	0	-1	1	-1	-1	-1	-1	25	20301009	50	100
70504096	7	5	4	96	4	-1	2	96	4	雄狮逆鳞兽饰·狡	95	狮生逆鳞，力猛不可知。#r适合#G精明#W性格的珍兽穿着，穿齐全套可#G增加反击技能的生效几率#W。#r#G可在苏州（248，184）云姗姗处使用珍兽装备相关功能。#W	1000	800	3	-1	-1	PetEquipAmulet1_8	珍兽护符	1	1	727	727	-1	-1	-1	-1	1	-1	-1	-1	-1	-1	-1	-1	-1	-1	-1	-1	-1	-1	-1	-1	-1	-1	-1	1	-1	-1	-1	-1	-1	-1	-1	-1	-1	-1	-1	-1	-1	-1	-1	1	-1	-1	-1	-1	-1	-1	1	-1	-1	-1	-1	-1	-1	-1	-1	-1	-1	-1	-1	-1	-1	-1	2	105	4	4	1	250	-1	0	-1	1	-1	-1	-1	-1	30	20301009	68	100
70504097	7	5	4	97	4	-1	2	97	4	雄狮逆鳞兽饰·狡	95	狮生逆鳞，力猛不可知。#r适合#G精明#W性格的珍兽穿着，穿齐全套可#G增加反击技能的生效几率#W。#r#G可在苏州（248，184）云姗姗处使用珍兽装备相关功能。#W	1000	800	3	-1	-1	PetEquipAmulet1_8	珍兽护符	1	1	727	727	-1	-1	-1	-1	1	-1	-1	-1	-1	-1	-1	-1	-1	-1	-1	-1	-1	-1	-1	-1	-1	-1	-1	1	-1	-1	-1	-1	-1	-1	-1	-1	-1	-1	-1	-1	-1	-1	-1	1	-1	-1	-1	-1	-1	-1	1	-1	-1	-1	-1	-1	-1	-1	-1	-1	-1	-1	-1	-1	-1	-1	3	105	4	4	1	250	-1	0	-1	1	-1	-1	-1	-1	35	20301009	90	100
70504098	7	5	4	98	4	-1	2	98	4	雄狮逆鳞兽饰·狡	95	狮生逆鳞，力猛不可知。#r适合#G精明#W性格的珍兽穿着，穿齐全套可#G增加反击技能的生效几率#W。#r#G可在苏州（248，184）云姗姗处使用珍兽装备相关功能。#W	1000	800	3	-1	-1	PetEquipAmulet1_8	珍兽护符	1	1	727	727	-1	-1	-1	-1	1	-1	-1	-1	-1	-1	-1	-1	-1	-1	-1	-1	-1	-1	-1	-1	-1	-1	-1	1	-1	-1	-1	-1	-1	-1	-1	-1	-1	-1	-1	-1	-1	-1	-1	1	-1	-1	-1	-1	-1	-1	1	-1	-1	-1	-1	-1	-1	-1	-1	-1	-1	-1	-1	-1	-1	-1	4	105	4	4	1	250	-1	0	-1	1	-1	-1	-1	-1	40	20301009	115	100
70504099	7	5	4	99	4	-1	2	99	4	雄狮逆鳞兽饰·狡	95	狮生逆鳞，力猛不可知。#r适合#G精明#W性格的珍兽穿着，穿齐全套可#G增加反击技能的生效几率#W。#r#G可在苏州（248，184）云姗姗处使用珍兽装备相关功能。#W	1000	800	3	-1	-1	PetEquipAmulet1_8	珍兽护符	1	1	727	727	-1	-1	-1	-1	1	-1	-1	-1	-1	-1	-1	-1	-1	-1	-1	-1	-1	-1	-1	-1	-1	-1	-1	1	-1	-1	-1	-1	-1	-1	-1	-1	-1	-1	-1	-1	-1	-1	-1	1	-1	-1	-1	-1	-1	-1	1	-1	-1	-1	-1	-1	-1	-1	-1	-1	-1	-1	-1	-1	-1	-1	5	105	4	4	1	250	-1	0	-1	1	-1	-1	-1	-1	50	20301009	143	100
70504100	7	5	4	100	4	-1	2	100	4	雄狮逆鳞兽饰·慎	95	狮生逆鳞，力猛不可知。#r适合#G谨慎#W性格的珍兽穿着，穿齐全套可#G增加打怒技能的生效几率#W。#r#G可在苏州（248，184）云姗姗处使用珍兽装备相关功能。#W	1000	800	3	-1	-1	PetEquipAmulet1_8	珍兽护符	1	1	727	727	-1	-1	-1	-1	1	-1	-1	-1	-1	-1	-1	-1	-1	-1	-1	-1	-1	-1	-1	-1	-1	-1	-1	-1	-1	-1	-1	-1	-1	-1	-1	-1	-1	-1	-1	-1	-1	-1	-1	1	-1	-1	-1	-1	-1	-1	1	-1	-1	-1	1	-1	-1	-1	-1	-1	-1	-1	-1	-1	-1	-1	1	105	4	4	1	250	-1	0	-1	1	-1	-1	-1	-1	25	20301009	50	100
70504101	7	5	4	101	4	-1	2	101	4	雄狮逆鳞兽饰·慎	95	狮生逆鳞，力猛不可知。#r适合#G谨慎#W性格的珍兽穿着，穿齐全套可#G增加打怒技能的生效几率#W。#r#G可在苏州（248，184）云姗姗处使用珍兽装备相关功能。#W	1000	800	3	-1	-1	PetEquipAmulet1_8	珍兽护符	1	1	727	727	-1	-1	-1	-1	1	-1	-1	-1	-1	-1	-1	-1	-1	-1	-1	-1	-1	-1	-1	-1	-1	-1	-1	-1	-1	-1	-1	-1	-1	-1	-1	-1	-1	-1	-1	-1	-1	-1	-1	1	-1	-1	-1	-1	-1	-1	1	-1	-1	-1	1	-1	-1	-1	-1	-1	-1	-1	-1	-1	-1	-1	2	105	4	4	1	250	-1	0	-1	1	-1	-1	-1	-1	30	20301009	68	100
70504102	7	5	4	102	4	-1	2	102	4	雄狮逆鳞兽饰·慎	95	狮生逆鳞，力猛不可知。#r适合#G谨慎#W性格的珍兽穿着，穿齐全套可#G增加打怒技能的生效几率#W。#r#G可在苏州（248，184）云姗姗处使用珍兽装备相关功能。#W	1000	800	3	-1	-1	PetEquipAmulet1_8	珍兽护符	1	1	727	727	-1	-1	-1	-1	1	-1	-1	-1	-1	-1	-1	-1	-1	-1	-1	-1	-1	-1	-1	-1	-1	-1	-1	-1	-1	-1	-1	-1	-1	-1	-1	-1	-1	-1	-1	-1	-1	-1	-1	1	-1	-1	-1	-1	-1	-1	1	-1	-1	-1	1	-1	-1	-1	-1	-1	-1	-1	-1	-1	-1	-1	3	105	4	4	1	250	-1	0	-1	1	-1	-1	-1	-1	35	20301009	90	100
70504103	7	5	4	103	4	-1	2	103	4	雄狮逆鳞兽饰·慎	95	狮生逆鳞，力猛不可知。#r适合#G谨慎#W性格的珍兽穿着，穿齐全套可#G增加打怒技能的生效几率#W。#r#G可在苏州（248，184）云姗姗处使用珍兽装备相关功能。#W	1000	800	3	-1	-1	PetEquipAmulet1_8	珍兽护符	1	1	727	727	-1	-1	-1	-1	1	-1	-1	-1	-1	-1	-1	-1	-1	-1	-1	-1	-1	-1	-1	-1	-1	-1	-1	-1	-1	-1	-1	-1	-1	-1	-1	-1	-1	-1	-1	-1	-1	-1	-1	1	-1	-1	-1	-1	-1	-1	1	-1	-1	-1	1	-1	-1	-1	-1	-1	-1	-1	-1	-1	-1	-1	4	105	4	4	1	250	-1	0	-1	1	-1	-1	-1	-1	40	20301009	115	100
70504104	7	5	4	104	4	-1	2	104	4	雄狮逆鳞兽饰·慎	95	狮生逆鳞，力猛不可知。#r适合#G谨慎#W性格的珍兽穿着，穿齐全套可#G增加打怒技能的生效几率#W。#r#G可在苏州（248，184）云姗姗处使用珍兽装备相关功能。#W	1000	800	3	-1	-1	PetEquipAmulet1_8	珍兽护符	1	1	727	727	-1	-1	-1	-1	1	-1	-1	-1	-1	-1	-1	-1	-1	-1	-1	-1	-1	-1	-1	-1	-1	-1	-1	-1	-1	-1	-1	-1	-1	-1	-1	-1	-1	-1	-1	-1	-1	-1	-1	1	-1	-1	-1	-1	-1	-1	1	-1	-1	-1	1	-1	-1	-1	-1	-1	-1	-1	-1	-1	-1	-1	5	105	4	4	1	250	-1	0	-1	1	-1	-1	-1	-1	50	20301009	143	100
70504105	7	5	4	105	4	-1	2	105	4	昆鹏异羽兽饰·怯	95	昆仑有鹏，异羽昭其灵。#r适合#G胆小#W性格的珍兽穿着，穿齐全套可#G增加烈火咒、玄雷咒、血毒咒、寒冰咒释放几率#W。#r#G可在苏州（248，184）云姗姗处使用珍兽装备相关功能。#W	1000	800	3	-1	-1	PetEquipAmulet1_7	珍兽护符	1	1	727	727	-1	-1	-1	-1	-1	-1	-1	-1	-1	-1	-1	-1	-1	-1	-1	-1	-1	-1	-1	-1	-1	-1	-1	-1	-1	-1	-1	-1	-1	-1	1	-1	-1	-1	-1	-1	-1	-1	-1	1	-1	1	-1	-1	-1	-1	-1	1	-1	-1	-1	-1	-1	-1	-1	-1	-1	-1	-1	-1	-1	-1	1	105	4	4	1	250	-1	0	-1	-1	1	-1	-1	-1	25	20301009	50	100
70504106	7	5	4	106	4	-1	2	106	4	昆鹏异羽兽饰·怯	95	昆仑有鹏，异羽昭其灵。#r适合#G胆小#W性格的珍兽穿着，穿齐全套可#G增加烈火咒、玄雷咒、血毒咒、寒冰咒释放几率#W。#r#G可在苏州（248，184）云姗姗处使用珍兽装备相关功能。#W	1000	800	3	-1	-1	PetEquipAmulet1_7	珍兽护符	1	1	727	727	-1	-1	-1	-1	-1	-1	-1	-1	-1	-1	-1	-1	-1	-1	-1	-1	-1	-1	-1	-1	-1	-1	-1	-1	-1	-1	-1	-1	-1	-1	1	-1	-1	-1	-1	-1	-1	-1	-1	1	-1	1	-1	-1	-1	-1	-1	1	-1	-1	-1	-1	-1	-1	-1	-1	-1	-1	-1	-1	-1	-1	2	105	4	4	1	250	-1	0	-1	-1	1	-1	-1	-1	30	20301009	68	100
70504107	7	5	4	107	4	-1	2	107	4	昆鹏异羽兽饰·怯	95	昆仑有鹏，异羽昭其灵。#r适合#G胆小#W性格的珍兽穿着，穿齐全套可#G增加烈火咒、玄雷咒、血毒咒、寒冰咒释放几率#W。#r#G可在苏州（248，184）云姗姗处使用珍兽装备相关功能。#W	1000	800	3	-1	-1	PetEquipAmulet1_7	珍兽护符	1	1	727	727	-1	-1	-1	-1	-1	-1	-1	-1	-1	-1	-1	-1	-1	-1	-1	-1	-1	-1	-1	-1	-1	-1	-1	-1	-1	-1	-1	-1	-1	-1	1	-1	-1	-1	-1	-1	-1	-1	-1	1	-1	1	-1	-1	-1	-1	-1	1	-1	-1	-1	-1	-1	-1	-1	-1	-1	-1	-1	-1	-1	-1	3	105	4	4	1	250	-1	0	-1	-1	1	-1	-1	-1	35	20301009	90	100
70504108	7	5	4	108	4	-1	2	108	4	昆鹏异羽兽饰·怯	95	昆仑有鹏，异羽昭其灵。#r适合#G胆小#W性格的珍兽穿着，穿齐全套可#G增加烈火咒、玄雷咒、血毒咒、寒冰咒释放几率#W。#r#G可在苏州（248，184）云姗姗处使用珍兽装备相关功能。#W	1000	800	3	-1	-1	PetEquipAmulet1_7	珍兽护符	1	1	727	727	-1	-1	-1	-1	-1	-1	-1	-1	-1	-1	-1	-1	-1	-1	-1	-1	-1	-1	-1	-1	-1	-1	-1	-1	-1	-1	-1	-1	-1	-1	1	-1	-1	-1	-1	-1	-1	-1	-1	1	-1	1	-1	-1	-1	-1	-1	1	-1	-1	-1	-1	-1	-1	-1	-1	-1	-1	-1	-1	-1	-1	4	105	4	4	1	250	-1	0	-1	-1	1	-1	-1	-1	40	20301009	115	100
70504109	7	5	4	109	4	-1	2	109	4	昆鹏异羽兽饰·怯	95	昆仑有鹏，异羽昭其灵。#r适合#G胆小#W性格的珍兽穿着，穿齐全套可#G增加烈火咒、玄雷咒、血毒咒、寒冰咒释放几率#W。#r#G可在苏州（248，184）云姗姗处使用珍兽装备相关功能。#W	1000	800	3	-1	-1	PetEquipAmulet1_7	珍兽护符	1	1	727	727	-1	-1	-1	-1	-1	-1	-1	-1	-1	-1	-1	-1	-1	-1	-1	-1	-1	-1	-1	-1	-1	-1	-1	-1	-1	-1	-1	-1	-1	-1	1	-1	-1	-1	-1	-1	-1	-1	-1	1	-1	1	-1	-1	-1	-1	-1	1	-1	-1	-1	-1	-1	-1	-1	-1	-1	-1	-1	-1	-1	-1	5	105	4	4	1	250	-1	0	-1	-1	1	-1	-1	-1	50	20301009	143	100
70504110	7	5	4	110	4	-1	2	110	4	昆鹏异羽兽饰·狡	95	昆仑有鹏，异羽昭其灵。#r适合#G精明#W性格的珍兽穿着，穿齐全套可#G增加反击技能的生效几率#W。#r#G可在苏州（248，184）云姗姗处使用珍兽装备相关功能。#W	1000	800	3	-1	-1	PetEquipAmulet1_7	珍兽护符	1	1	727	727	-1	-1	-1	-1	1	-1	-1	-1	-1	-1	-1	-1	-1	-1	-1	-1	-1	-1	-1	-1	-1	-1	-1	-1	-1	-1	-1	-1	-1	-1	1	-1	-1	-1	-1	-1	-1	-1	-1	1	-1	-1	-1	-1	-1	-1	-1	1	-1	-1	-1	-1	-1	-1	-1	-1	-1	-1	-1	-1	-1	-1	1	105	4	4	1	250	-1	0	-1	-1	1	-1	-1	-1	25	20301009	50	100
70504111	7	5	4	111	4	-1	2	111	4	昆鹏异羽兽饰·狡	95	昆仑有鹏，异羽昭其灵。#r适合#G精明#W性格的珍兽穿着，穿齐全套可#G增加反击技能的生效几率#W。#r#G可在苏州（248，184）云姗姗处使用珍兽装备相关功能。#W	1000	800	3	-1	-1	PetEquipAmulet1_7	珍兽护符	1	1	727	727	-1	-1	-1	-1	1	-1	-1	-1	-1	-1	-1	-1	-1	-1	-1	-1	-1	-1	-1	-1	-1	-1	-1	-1	-1	-1	-1	-1	-1	-1	1	-1	-1	-1	-1	-1	-1	-1	-1	1	-1	-1	-1	-1	-1	-1	-1	1	-1	-1	-1	-1	-1	-1	-1	-1	-1	-1	-1	-1	-1	-1	2	105	4	4	1	250	-1	0	-1	-1	1	-1	-1	-1	30	20301009	68	100
70504112	7	5	4	112	4	-1	2	112	4	昆鹏异羽兽饰·狡	95	昆仑有鹏，异羽昭其灵。#r适合#G精明#W性格的珍兽穿着，穿齐全套可#G增加反击技能的生效几率#W。#r#G可在苏州（248，184）云姗姗处使用珍兽装备相关功能。#W	1000	800	3	-1	-1	PetEquipAmulet1_7	珍兽护符	1	1	727	727	-1	-1	-1	-1	1	-1	-1	-1	-1	-1	-1	-1	-1	-1	-1	-1	-1	-1	-1	-1	-1	-1	-1	-1	-1	-1	-1	-1	-1	-1	1	-1	-1	-1	-1	-1	-1	-1	-1	1	-1	-1	-1	-1	-1	-1	-1	1	-1	-1	-1	-1	-1	-1	-1	-1	-1	-1	-1	-1	-1	-1	3	105	4	4	1	250	-1	0	-1	-1	1	-1	-1	-1	35	20301009	90	100
70504113	7	5	4	113	4	-1	2	113	4	昆鹏异羽兽饰·狡	95	昆仑有鹏，异羽昭其灵。#r适合#G精明#W性格的珍兽穿着，穿齐全套可#G增加反击技能的生效几率#W。#r#G可在苏州（248，184）云姗姗处使用珍兽装备相关功能。#W	1000	800	3	-1	-1	PetEquipAmulet1_7	珍兽护符	1	1	727	727	-1	-1	-1	-1	1	-1	-1	-1	-1	-1	-1	-1	-1	-1	-1	-1	-1	-1	-1	-1	-1	-1	-1	-1	-1	-1	-1	-1	-1	-1	1	-1	-1	-1	-1	-1	-1	-1	-1	1	-1	-1	-1	-1	-1	-1	-1	1	-1	-1	-1	-1	-1	-1	-1	-1	-1	-1	-1	-1	-1	-1	4	105	4	4	1	250	-1	0	-1	-1	1	-1	-1	-1	40	20301009	115	100
70504114	7	5	4	114	4	-1	2	114	4	昆鹏异羽兽饰·狡	95	昆仑有鹏，异羽昭其灵。#r适合#G精明#W性格的珍兽穿着，穿齐全套可#G增加反击技能的生效几率#W。#r#G可在苏州（248，184）云姗姗处使用珍兽装备相关功能。#W	1000	800	3	-1	-1	PetEquipAmulet1_7	珍兽护符	1	1	727	727	-1	-1	-1	-1	1	-1	-1	-1	-1	-1	-1	-1	-1	-1	-1	-1	-1	-1	-1	-1	-1	-1	-1	-1	-1	-1	-1	-1	-1	-1	1	-1	-1	-1	-1	-1	-1	-1	-1	1	-1	-1	-1	-1	-1	-1	-1	1	-1	-1	-1	-1	-1	-1	-1	-1	-1	-1	-1	-1	-1	-1	5	105	4	4	1	250	-1	0	-1	-1	1	-1	-1	-1	50	20301009	143	100
70504115	7	5	4	115	4	-1	2	115	4	昆鹏异羽兽饰·慎	95	昆仑有鹏，异羽昭其灵。#r适合#G谨慎#W性格的珍兽穿着，穿齐全套可#G增加打怒技能的生效几率#W。#r#G可在苏州（248，184）云姗姗处使用珍兽装备相关功能。#W	1000	800	3	-1	-1	PetEquipAmulet1_7	珍兽护符	1	1	727	727	-1	-1	-1	-1	1	-1	-1	-1	-1	-1	-1	-1	-1	-1	-1	-1	-1	-1	-1	-1	-1	-1	-1	-1	-1	-1	-1	-1	-1	-1	-1	-1	-1	-1	-1	-1	-1	-1	-1	1	-1	-1	-1	-1	-1	-1	-1	1	-1	-1	1	-1	-1	-1	-1	-1	-1	-1	-1	-1	-1	-1	1	105	4	4	1	250	-1	0	-1	-1	1	-1	-1	-1	25	20301009	50	100
70504116	7	5	4	116	4	-1	2	116	4	昆鹏异羽兽饰·慎	95	昆仑有鹏，异羽昭其灵。#r适合#G谨慎#W性格的珍兽穿着，穿齐全套可#G增加打怒技能的生效几率#W。#r#G可在苏州（248，184）云姗姗处使用珍兽装备相关功能。#W	1000	800	3	-1	-1	PetEquipAmulet1_7	珍兽护符	1	1	727	727	-1	-1	-1	-1	1	-1	-1	-1	-1	-1	-1	-1	-1	-1	-1	-1	-1	-1	-1	-1	-1	-1	-1	-1	-1	-1	-1	-1	-1	-1	-1	-1	-1	-1	-1	-1	-1	-1	-1	1	-1	-1	-1	-1	-1	-1	-1	1	-1	-1	1	-1	-1	-1	-1	-1	-1	-1	-1	-1	-1	-1	2	105	4	4	1	250	-1	0	-1	-1	1	-1	-1	-1	30	20301009	68	100
70504117	7	5	4	117	4	-1	2	117	4	昆鹏异羽兽饰·慎	95	昆仑有鹏，异羽昭其灵。#r适合#G谨慎#W性格的珍兽穿着，穿齐全套可#G增加打怒技能的生效几率#W。#r#G可在苏州（248，184）云姗姗处使用珍兽装备相关功能。#W	1000	800	3	-1	-1	PetEquipAmulet1_7	珍兽护符	1	1	727	727	-1	-1	-1	-1	1	-1	-1	-1	-1	-1	-1	-1	-1	-1	-1	-1	-1	-1	-1	-1	-1	-1	-1	-1	-1	-1	-1	-1	-1	-1	-1	-1	-1	-1	-1	-1	-1	-1	-1	1	-1	-1	-1	-1	-1	-1	-1	1	-1	-1	1	-1	-1	-1	-1	-1	-1	-1	-1	-1	-1	-1	3	105	4	4	1	250	-1	0	-1	-1	1	-1	-1	-1	35	20301009	90	100
70504118	7	5	4	118	4	-1	2	118	4	昆鹏异羽兽饰·慎	95	昆仑有鹏，异羽昭其灵。#r适合#G谨慎#W性格的珍兽穿着，穿齐全套可#G增加打怒技能的生效几率#W。#r#G可在苏州（248，184）云姗姗处使用珍兽装备相关功能。#W	1000	800	3	-1	-1	PetEquipAmulet1_7	珍兽护符	1	1	727	727	-1	-1	-1	-1	1	-1	-1	-1	-1	-1	-1	-1	-1	-1	-1	-1	-1	-1	-1	-1	-1	-1	-1	-1	-1	-1	-1	-1	-1	-1	-1	-1	-1	-1	-1	-1	-1	-1	-1	1	-1	-1	-1	-1	-1	-1	-1	1	-1	-1	1	-1	-1	-1	-1	-1	-1	-1	-1	-1	-1	-1	4	105	4	4	1	250	-1	0	-1	-1	1	-1	-1	-1	40	20301009	115	100
70504119	7	5	4	119	4	-1	2	119	4	昆鹏异羽兽饰·慎	95	昆仑有鹏，异羽昭其灵。#r适合#G谨慎#W性格的珍兽穿着，穿齐全套可#G增加打怒技能的生效几率#W。#r#G可在苏州（248，184）云姗姗处使用珍兽装备相关功能。#W	1000	800	3	-1	-1	PetEquipAmulet1_7	珍兽护符	1	1	727	727	-1	-1	-1	-1	1	-1	-1	-1	-1	-1	-1	-1	-1	-1	-1	-1	-1	-1	-1	-1	-1	-1	-1	-1	-1	-1	-1	-1	-1	-1	-1	-1	-1	-1	-1	-1	-1	-1	-1	1	-1	-1	-1	-1	-1	-1	-1	1	-1	-1	1	-1	-1	-1	-1	-1	-1	-1	-1	-1	-1	-1	5	105	4	4	1	250	-1	0	-1	-1	1	-1	-1	-1	50	20301009	143	100
70504120	7	5	4	120	4	-1	2	120	4	玄龟奇血兽饰·忠	95	龟背色玄，有奇血暗涌。#r适合#G忠诚#W性格的珍兽穿着，穿齐全套可#G增加灵气技能的生效几率#W。#r#G可在苏州（248，184）云姗姗处使用珍兽装备相关功能。#W	1000	800	3	-1	-1	PetEquipAmulet1_12	珍兽护符	1	1	727	727	-1	-1	-1	-1	-1	-1	-1	-1	-1	-1	-1	-1	-1	-1	-1	-1	-1	-1	-1	-1	-1	-1	-1	-1	-1	-1	1	-1	-1	-1	-1	-1	-1	1	-1	-1	-1	-1	-1	-1	1	-1	-1	-1	-1	-1	-1	-1	1	-1	-1	-1	-1	-1	-1	-1	-1	-1	-1	-1	-1	-1	1	105	4	4	1	250	-1	0	-1	-1	-1	1	-1	-1	25	20301009	50	100
70504121	7	5	4	121	4	-1	2	121	4	玄龟奇血兽饰·忠	95	龟背色玄，有奇血暗涌。#r适合#G忠诚#W性格的珍兽穿着，穿齐全套可#G增加灵气技能的生效几率#W。#r#G可在苏州（248，184）云姗姗处使用珍兽装备相关功能。#W	1000	800	3	-1	-1	PetEquipAmulet1_12	珍兽护符	1	1	727	727	-1	-1	-1	-1	-1	-1	-1	-1	-1	-1	-1	-1	-1	-1	-1	-1	-1	-1	-1	-1	-1	-1	-1	-1	-1	-1	1	-1	-1	-1	-1	-1	-1	1	-1	-1	-1	-1	-1	-1	1	-1	-1	-1	-1	-1	-1	-1	1	-1	-1	-1	-1	-1	-1	-1	-1	-1	-1	-1	-1	-1	2	105	4	4	1	250	-1	0	-1	-1	-1	1	-1	-1	30	20301009	68	100
70504122	7	5	4	122	4	-1	2	122	4	玄龟奇血兽饰·忠	95	龟背色玄，有奇血暗涌。#r适合#G忠诚#W性格的珍兽穿着，穿齐全套可#G增加灵气技能的生效几率#W。#r#G可在苏州（248，184）云姗姗处使用珍兽装备相关功能。#W	1000	800	3	-1	-1	PetEquipAmulet1_12	珍兽护符	1	1	727	727	-1	-1	-1	-1	-1	-1	-1	-1	-1	-1	-1	-1	-1	-1	-1	-1	-1	-1	-1	-1	-1	-1	-1	-1	-1	-1	1	-1	-1	-1	-1	-1	-1	1	-1	-1	-1	-1	-1	-1	1	-1	-1	-1	-1	-1	-1	-1	1	-1	-1	-1	-1	-1	-1	-1	-1	-1	-1	-1	-1	-1	3	105	4	4	1	250	-1	0	-1	-1	-1	1	-1	-1	35	20301009	90	100
70504123	7	5	4	123	4	-1	2	123	4	玄龟奇血兽饰·忠	95	龟背色玄，有奇血暗涌。#r适合#G忠诚#W性格的珍兽穿着，穿齐全套可#G增加灵气技能的生效几率#W。#r#G可在苏州（248，184）云姗姗处使用珍兽装备相关功能。#W	1000	800	3	-1	-1	PetEquipAmulet1_12	珍兽护符	1	1	727	727	-1	-1	-1	-1	-1	-1	-1	-1	-1	-1	-1	-1	-1	-1	-1	-1	-1	-1	-1	-1	-1	-1	-1	-1	-1	-1	1	-1	-1	-1	-1	-1	-1	1	-1	-1	-1	-1	-1	-1	1	-1	-1	-1	-1	-1	-1	-1	1	-1	-1	-1	-1	-1	-1	-1	-1	-1	-1	-1	-1	-1	4	105	4	4	1	250	-1	0	-1	-1	-1	1	-1	-1	40	20301009	115	100
70504124	7	5	4	124	4	-1	2	124	4	玄龟奇血兽饰·忠	95	龟背色玄，有奇血暗涌。#r适合#G忠诚#W性格的珍兽穿着，穿齐全套可#G增加灵气技能的生效几率#W。#r#G可在苏州（248，184）云姗姗处使用珍兽装备相关功能。#W	1000	800	3	-1	-1	PetEquipAmulet1_12	珍兽护符	1	1	727	727	-1	-1	-1	-1	-1	-1	-1	-1	-1	-1	-1	-1	-1	-1	-1	-1	-1	-1	-1	-1	-1	-1	-1	-1	-1	-1	1	-1	-1	-1	-1	-1	-1	1	-1	-1	-1	-1	-1	-1	1	-1	-1	-1	-1	-1	-1	-1	1	-1	-1	-1	-1	-1	-1	-1	-1	-1	-1	-1	-1	-1	5	105	4	4	1	250	-1	0	-1	-1	-1	1	-1	-1	50	20301009	143	100
70504125	7	5	4	125	4	-1	2	125	4	玄龟奇血兽饰·慎	95	龟背色玄，有奇血暗涌。#r适合#G谨慎#W性格的珍兽穿着，穿齐全套可#G增加打怒技能的生效几率#W。#r#G可在苏州（248，184）云姗姗处使用珍兽装备相关功能。#W	1000	800	3	-1	-1	PetEquipAmulet1_12	珍兽护符	1	1	727	727	-1	-1	-1	-1	1	-1	-1	-1	-1	-1	-1	-1	-1	-1	-1	-1	-1	-1	-1	-1	-1	-1	-1	-1	-1	-1	-1	-1	-1	-1	-1	-1	-1	-1	-1	-1	-1	-1	-1	1	1	-1	-1	-1	-1	-1	-1	-1	-1	-1	1	-1	-1	-1	-1	-1	-1	-1	-1	-1	-1	-1	1	105	4	4	1	250	-1	0	-1	-1	-1	1	-1	-1	25	20301009	50	100
70504126	7	5	4	126	4	-1	2	126	4	玄龟奇血兽饰·慎	95	龟背色玄，有奇血暗涌。#r适合#G谨慎#W性格的珍兽穿着，穿齐全套可#G增加打怒技能的生效几率#W。#r#G可在苏州（248，184）云姗姗处使用珍兽装备相关功能。#W	1000	800	3	-1	-1	PetEquipAmulet1_12	珍兽护符	1	1	727	727	-1	-1	-1	-1	1	-1	-1	-1	-1	-1	-1	-1	-1	-1	-1	-1	-1	-1	-1	-1	-1	-1	-1	-1	-1	-1	-1	-1	-1	-1	-1	-1	-1	-1	-1	-1	-1	-1	-1	1	1	-1	-1	-1	-1	-1	-1	-1	-1	-1	1	-1	-1	-1	-1	-1	-1	-1	-1	-1	-1	-1	2	105	4	4	1	250	-1	0	-1	-1	-1	1	-1	-1	30	20301009	68	100
70504127	7	5	4	127	4	-1	2	127	4	玄龟奇血兽饰·慎	95	龟背色玄，有奇血暗涌。#r适合#G谨慎#W性格的珍兽穿着，穿齐全套可#G增加打怒技能的生效几率#W。#r#G可在苏州（248，184）云姗姗处使用珍兽装备相关功能。#W	1000	800	3	-1	-1	PetEquipAmulet1_12	珍兽护符	1	1	727	727	-1	-1	-1	-1	1	-1	-1	-1	-1	-1	-1	-1	-1	-1	-1	-1	-1	-1	-1	-1	-1	-1	-1	-1	-1	-1	-1	-1	-1	-1	-1	-1	-1	-1	-1	-1	-1	-1	-1	1	1	-1	-1	-1	-1	-1	-1	-1	-1	-1	1	-1	-1	-1	-1	-1	-1	-1	-1	-1	-1	-1	3	105	4	4	1	250	-1	0	-1	-1	-1	1	-1	-1	35	20301009	90	100
70504128	7	5	4	128	4	-1	2	128	4	玄龟奇血兽饰·慎	95	龟背色玄，有奇血暗涌。#r适合#G谨慎#W性格的珍兽穿着，穿齐全套可#G增加打怒技能的生效几率#W。#r#G可在苏州（248，184）云姗姗处使用珍兽装备相关功能。#W	1000	800	3	-1	-1	PetEquipAmulet1_12	珍兽护符	1	1	727	727	-1	-1	-1	-1	1	-1	-1	-1	-1	-1	-1	-1	-1	-1	-1	-1	-1	-1	-1	-1	-1	-1	-1	-1	-1	-1	-1	-1	-1	-1	-1	-1	-1	-1	-1	-1	-1	-1	-1	1	1	-1	-1	-1	-1	-1	-1	-1	-1	-1	1	-1	-1	-1	-1	-1	-1	-1	-1	-1	-1	-1	4	105	4	4	1	250	-1	0	-1	-1	-1	1	-1	-1	40	20301009	115	100
70504129	7	5	4	129	4	-1	2	129	4	玄龟奇血兽饰·慎	95	龟背色玄，有奇血暗涌。#r适合#G谨慎#W性格的珍兽穿着，穿齐全套可#G增加打怒技能的生效几率#W。#r#G可在苏州（248，184）云姗姗处使用珍兽装备相关功能。#W	1000	800	3	-1	-1	PetEquipAmulet1_12	珍兽护符	1	1	727	727	-1	-1	-1	-1	1	-1	-1	-1	-1	-1	-1	-1	-1	-1	-1	-1	-1	-1	-1	-1	-1	-1	-1	-1	-1	-1	-1	-1	-1	-1	-1	-1	-1	-1	-1	-1	-1	-1	-1	1	1	-1	-1	-1	-1	-1	-1	-1	-1	-1	1	-1	-1	-1	-1	-1	-1	-1	-1	-1	-1	-1	5	105	4	4	1	250	-1	0	-1	-1	-1	1	-1	-1	50	20301009	143	100
70504130	7	5	4	130	4	-1	2	130	4	墨豹惊步兽饰·慎	95	豹身如墨，步速无不惊。#r适合#G谨慎#W性格的珍兽穿着，穿齐全套可#G增加打怒技能的生效几率#W。#r#G可在苏州（248，184）云姗姗处使用珍兽装备相关功能。#W	1000	800	3	-1	-1	PetEquipAmulet1_11	珍兽护符	1	1	727	727	-1	-1	-1	-1	1	-1	-1	-1	-1	-1	-1	-1	-1	-1	-1	-1	-1	-1	-1	-1	-1	-1	-1	-1	-1	-1	-1	-1	-1	-1	-1	-1	-1	-1	-1	-1	-1	-1	-1	1	1	-1	-1	-1	-1	-1	-1	-1	-1	-1	1	-1	-1	-1	-1	-1	-1	-1	-1	-1	-1	-1	1	105	4	4	1	250	-1	0	-1	-1	-1	-1	-1	1	25	20301009	50	100
70504131	7	5	4	131	4	-1	2	131	4	墨豹惊步兽饰·慎	95	豹身如墨，步速无不惊。#r适合#G谨慎#W性格的珍兽穿着，穿齐全套可#G增加打怒技能的生效几率#W。#r#G可在苏州（248，184）云姗姗处使用珍兽装备相关功能。#W	1000	800	3	-1	-1	PetEquipAmulet1_11	珍兽护符	1	1	727	727	-1	-1	-1	-1	1	-1	-1	-1	-1	-1	-1	-1	-1	-1	-1	-1	-1	-1	-1	-1	-1	-1	-1	-1	-1	-1	-1	-1	-1	-1	-1	-1	-1	-1	-1	-1	-1	-1	-1	1	1	-1	-1	-1	-1	-1	-1	-1	-1	-1	1	-1	-1	-1	-1	-1	-1	-1	-1	-1	-1	-1	2	105	4	4	1	250	-1	0	-1	-1	-1	-1	-1	1	30	20301009	68	100
70504132	7	5	4	132	4	-1	2	132	4	墨豹惊步兽饰·慎	95	豹身如墨，步速无不惊。#r适合#G谨慎#W性格的珍兽穿着，穿齐全套可#G增加打怒技能的生效几率#W。#r#G可在苏州（248，184）云姗姗处使用珍兽装备相关功能。#W	1000	800	3	-1	-1	PetEquipAmulet1_11	珍兽护符	1	1	727	727	-1	-1	-1	-1	1	-1	-1	-1	-1	-1	-1	-1	-1	-1	-1	-1	-1	-1	-1	-1	-1	-1	-1	-1	-1	-1	-1	-1	-1	-1	-1	-1	-1	-1	-1	-1	-1	-1	-1	1	1	-1	-1	-1	-1	-1	-1	-1	-1	-1	1	-1	-1	-1	-1	-1	-1	-1	-1	-1	-1	-1	3	105	4	4	1	250	-1	0	-1	-1	-1	-1	-1	1	35	20301009	90	100
70504133	7	5	4	133	4	-1	2	133	4	墨豹惊步兽饰·慎	95	豹身如墨，步速无不惊。#r适合#G谨慎#W性格的珍兽穿着，穿齐全套可#G增加打怒技能的生效几率#W。#r#G可在苏州（248，184）云姗姗处使用珍兽装备相关功能。#W	1000	800	3	-1	-1	PetEquipAmulet1_11	珍兽护符	1	1	727	727	-1	-1	-1	-1	1	-1	-1	-1	-1	-1	-1	-1	-1	-1	-1	-1	-1	-1	-1	-1	-1	-1	-1	-1	-1	-1	-1	-1	-1	-1	-1	-1	-1	-1	-1	-1	-1	-1	-1	1	1	-1	-1	-1	-1	-1	-1	-1	-1	-1	1	-1	-1	-1	-1	-1	-1	-1	-1	-1	-1	-1	4	105	4	4	1	250	-1	0	-1	-1	-1	-1	-1	1	40	20301009	115	100
70504134	7	5	4	134	4	-1	2	134	4	墨豹惊步兽饰·慎	95	豹身如墨，步速无不惊。#r适合#G谨慎#W性格的珍兽穿着，穿齐全套可#G增加打怒技能的生效几率#W。#r#G可在苏州（248，184）云姗姗处使用珍兽装备相关功能。#W	1000	800	3	-1	-1	PetEquipAmulet1_11	珍兽护符	1	1	727	727	-1	-1	-1	-1	1	-1	-1	-1	-1	-1	-1	-1	-1	-1	-1	-1	-1	-1	-1	-1	-1	-1	-1	-1	-1	-1	-1	-1	-1	-1	-1	-1	-1	-1	-1	-1	-1	-1	-1	1	1	-1	-1	-1	-1	-1	-1	-1	-1	-1	1	-1	-1	-1	-1	-1	-1	-1	-1	-1	-1	-1	5	105	4	4	1	250	-1	0	-1	-1	-1	-1	-1	1	50	20301009	143	100
70600000	7	6	0	0	5	-1	1	150	0	青龙兽魂	1	鸿蒙初开，神魂所生。#r#Y兽魂#W的#G扩展属性#W会同时影响珍兽的#G出战属性#W和融魂后对主人的#G属性加成#W。#r装备神兽魂的珍兽可以选择独特的兽魂出战外观。#r#Y兽魂#W的相关功能可到#G苏州（89，139）#R云深深#W处了解。#W	1000	800	0	-1	-1	PetSoulEquip1_12	珍兽兽魂	-1	-1	-1	-1	-1	-1	-1	-1	-1	-1	-1	-1	-1	-1	-1	-1	-1	-1	-1	-1	-1	-1	-1	-1	-1	-1	-1	-1	-1	-1	-1	-1	-1	-1	-1	-1	-1	-1	-1	-1	-1	-1	-1	-1	-1	-1	-1	-1	-1	-1	-1	-1	-1	-1	-1	-1	-1	-1	-1	-1	-1	-1	-1	-1	-1	-1	-1	-1	-1	-1	-1	-1	-1	-1	-1	-1	-1	-1	-1	-1	-1	-1	-1	-1
70600001	7	6	0	1	5	-1	1	151	0	玄武兽魂	1	鸿蒙初开，神魂所生。#r#Y兽魂#W的#G扩展属性#W会同时影响珍兽的#G出战属性#W和融魂后对主人的#G属性加成#W。#r装备神兽魂的珍兽可以选择独特的兽魂出战外观。#r#Y兽魂#W的相关功能可到#G苏州（89，139）#R云深深#W处了解。#W	1000	800	0	-1	-1	PetSoulEquip1_14	珍兽兽魂	-1	-1	-1	-1	-1	-1	-1	-1	-1	-1	-1	-1	-1	-1	-1	-1	-1	-1	-1	-1	-1	-1	-1	-1	-1	-1	-1	-1	-1	-1	-1	-1	-1	-1	-1	-1	-1	-1	-1	-1	-1	-1	-1	-1	-1	-1	-1	-1	-1	-1	-1	-1	-1	-1	-1	-1	-1	-1	-1	-1	-1	-1	-1	-1	-1	-1	-1	-1	-1	-1	-1	-1	-1	-1	-1	-1	-1	-1	-1	-1	-1	-1	-1	-1
70600002	7	6	0	2	5	-1	1	152	0	白虎兽魂	1	鸿蒙初开，神魂所生。#r#Y兽魂#W的#G扩展属性#W会同时影响珍兽的#G出战属性#W和融魂后对主人的#G属性加成#W。#r装备神兽魂的珍兽可以选择独特的兽魂出战外观。#r#Y兽魂#W的相关功能可到#G苏州（89，139）#R云深深#W处了解。#W	1000	800	0	-1	-1	PetSoulEquip1_1	珍兽兽魂	-1	-1	-1	-1	-1	-1	-1	-1	-1	-1	-1	-1	-1	-1	-1	-1	-1	-1	-1	-1	-1	-1	-1	-1	-1	-1	-1	-1	-1	-1	-1	-1	-1	-1	-1	-1	-1	-1	-1	-1	-1	-1	-1	-1	-1	-1	-1	-1	-1	-1	-1	-1	-1	-1	-1	-1	-1	-1	-1	-1	-1	-1	-1	-1	-1	-1	-1	-1	-1	-1	-1	-1	-1	-1	-1	-1	-1	-1	-1	-1	-1	-1	-1	-1
70600003	7	6	0	3	5	-1	1	153	0	朱雀兽魂	1	鸿蒙初开，神魂所生。#r#Y兽魂#W的#G扩展属性#W会同时影响珍兽的#G出战属性#W和融魂后对主人的#G属性加成#W。#r装备神兽魂的珍兽可以选择独特的兽魂出战外观。#r#Y兽魂#W的相关功能可到#G苏州（89，139）#R云深深#W处了解。#W	1000	800	0	-1	-1	PetSoulEquip1_15	珍兽兽魂	-1	-1	-1	-1	-1	-1	-1	-1	-1	-1	-1	-1	-1	-1	-1	-1	-1	-1	-1	-1	-1	-1	-1	-1	-1	-1	-1	-1	-1	-1	-1	-1	-1	-1	-1	-1	-1	-1	-1	-1	-1	-1	-1	-1	-1	-1	-1	-1	-1	-1	-1	-1	-1	-1	-1	-1	-1	-1	-1	-1	-1	-1	-1	-1	-1	-1	-1	-1	-1	-1	-1	-1	-1	-1	-1	-1	-1	-1	-1	-1	-1	-1	-1	-1
70600004	7	6	0	4	5	-1	1	154	0	九尾兽魂	1	鸿蒙初开，神魂所生。#r#Y兽魂#W的#G扩展属性#W会同时影响珍兽的#G出战属性#W和融魂后对主人的#G属性加成#W。#r装备神兽魂的珍兽可以选择独特的兽魂出战外观。#r#Y兽魂#W的相关功能可到#G苏州（89，139）#R云深深#W处了解。#W	1000	800	0	-1	-1	PetSoulEquip1_9	珍兽兽魂	-1	-1	-1	-1	-1	-1	-1	-1	-1	-1	-1	-1	-1	-1	-1	-1	-1	-1	-1	-1	-1	-1	-1	-1	-1	-1	-1	-1	-1	-1	-1	-1	-1	-1	-1	-1	-1	-1	-1	-1	-1	-1	-1	-1	-1	-1	-1	-1	-1	-1	-1	-1	-1	-1	-1	-1	-1	-1	-1	-1	-1	-1	-1	-1	-1	-1	-1	-1	-1	-1	-1	-1	-1	-1	-1	-1	-1	-1	-1	-1	-1	-1	-1	-1
70600005	7	6	0	5	5	-1	1	155	0	锦鳞兽魂	1	穹宇之内，荒魂即临。#r#Y兽魂#W的#G扩展属性#W会同时影响珍兽的#G出战属性#W和融魂后对主人的#G属性加成#W。#r装备荒兽魂的珍兽可以选择独特的兽魂出战外观。#r#Y兽魂#W的相关功能可到#G苏州（89，139）#R云深深#W处了解。#W	1000	800	0	-1	-1	PetSoulEquip1_8	珍兽兽魂	-1	-1	-1	-1	-1	-1	-1	-1	-1	-1	-1	-1	-1	-1	-1	-1	-1	-1	-1	-1	-1	-1	-1	-1	-1	-1	-1	-1	-1	-1	-1	-1	-1	-1	-1	-1	-1	-1	-1	-1	-1	-1	-1	-1	-1	-1	-1	-1	-1	-1	-1	-1	-1	-1	-1	-1	-1	-1	-1	-1	-1	-1	-1	-1	-1	-1	-1	-1	-1	-1	-1	-1	-1	-1	-1	-1	-1	-1	-1	-1	-1	-1	-1	-1
70600006	7	6	0	6	5	-1	1	156	0	幻蝶兽魂	1	穹宇之内，荒魂即临。#r#Y兽魂#W的#G扩展属性#W会同时影响珍兽的#G出战属性#W和融魂后对主人的#G属性加成#W。#r装备荒兽魂的珍兽可以选择独特的兽魂出战外观。#r#Y兽魂#W的相关功能可到#G苏州（89，139）#R云深深#W处了解。#W	1000	800	0	-1	-1	PetSoulEquip1_6	珍兽兽魂	-1	-1	-1	-1	-1	-1	-1	-1	-1	-1	-1	-1	-1	-1	-1	-1	-1	-1	-1	-1	-1	-1	-1	-1	-1	-1	-1	-1	-1	-1	-1	-1	-1	-1	-1	-1	-1	-1	-1	-1	-1	-1	-1	-1	-1	-1	-1	-1	-1	-1	-1	-1	-1	-1	-1	-1	-1	-1	-1	-1	-1	-1	-1	-1	-1	-1	-1	-1	-1	-1	-1	-1	-1	-1	-1	-1	-1	-1	-1	-1	-1	-1	-1	-1
70600007	7	6	0	7	5	-1	1	157	0	霜鹤兽魂	1	穹宇之内，荒魂即临。#r#Y兽魂#W的#G扩展属性#W会同时影响珍兽的#G出战属性#W和融魂后对主人的#G属性加成#W。#r装备荒兽魂的珍兽可以选择独特的兽魂出战外观。#r#Y兽魂#W的相关功能可到#G苏州（89，139）#R云深深#W处了解。#W	1000	800	0	-1	-1	PetSoulEquip1_13	珍兽兽魂	-1	-1	-1	-1	-1	-1	-1	-1	-1	-1	-1	-1	-1	-1	-1	-1	-1	-1	-1	-1	-1	-1	-1	-1	-1	-1	-1	-1	-1	-1	-1	-1	-1	-1	-1	-1	-1	-1	-1	-1	-1	-1	-1	-1	-1	-1	-1	-1	-1	-1	-1	-1	-1	-1	-1	-1	-1	-1	-1	-1	-1	-1	-1	-1	-1	-1	-1	-1	-1	-1	-1	-1	-1	-1	-1	-1	-1	-1	-1	-1	-1	-1	-1	-1
70600008	7	6	0	8	5	-1	1	158	0	金乌兽魂	1	穹宇之内，荒魂即临。#r#Y兽魂#W的#G扩展属性#W会同时影响珍兽的#G出战属性#W和融魂后对主人的#G属性加成#W。#r装备荒兽魂的珍兽可以选择独特的兽魂出战外观。#r#Y兽魂#W的相关功能可到#G苏州（89，139）#R云深深#W处了解。#W	1000	800	0	-1	-1	PetSoulEquip1_7	珍兽兽魂	-1	-1	-1	-1	-1	-1	-1	-1	-1	-1	-1	-1	-1	-1	-1	-1	-1	-1	-1	-1	-1	-1	-1	-1	-1	-1	-1	-1	-1	-1	-1	-1	-1	-1	-1	-1	-1	-1	-1	-1	-1	-1	-1	-1	-1	-1	-1	-1	-1	-1	-1	-1	-1	-1	-1	-1	-1	-1	-1	-1	-1	-1	-1	-1	-1	-1	-1	-1	-1	-1	-1	-1	-1	-1	-1	-1	-1	-1	-1	-1	-1	-1	-1	-1
70600009	7	6	0	9	5	-1	1	159	0	鹿蜀兽魂	1	穹宇之内，荒魂即临。#r#Y兽魂#W的#G扩展属性#W会同时影响珍兽的#G出战属性#W和融魂后对主人的#G属性加成#W。#r装备荒兽魂的珍兽可以选择独特的兽魂出战外观。#r#Y兽魂#W的相关功能可到#G苏州（89，139）#R云深深#W处了解。#W	1000	800	0	-1	-1	PetSoulEquip1_11	珍兽兽魂	-1	-1	-1	-1	-1	-1	-1	-1	-1	-1	-1	-1	-1	-1	-1	-1	-1	-1	-1	-1	-1	-1	-1	-1	-1	-1	-1	-1	-1	-1	-1	-1	-1	-1	-1	-1	-1	-1	-1	-1	-1	-1	-1	-1	-1	-1	-1	-1	-1	-1	-1	-1	-1	-1	-1	-1	-1	-1	-1	-1	-1	-1	-1	-1	-1	-1	-1	-1	-1	-1	-1	-1	-1	-1	-1	-1	-1	-1	-1	-1	-1	-1	-1	-1
70600010	7	6	0	10	5	-1	1	160	0	赤熊兽魂	1	九州之境，灵气以存。#r#Y兽魂#W的#G扩展属性#W会同时影响珍兽的#G出战属性#W和融魂后对主人的#G属性加成#W。#r#Y兽魂#W的相关功能可到#G苏州（89，139）云深深#W处了解。#W	1000	800	0	-1	-1	PetSoulEquip1_4	珍兽兽魂	-1	-1	-1	-1	-1	-1	-1	-1	-1	-1	-1	-1	-1	-1	-1	-1	-1	-1	-1	-1	-1	-1	-1	-1	-1	-1	-1	-1	-1	-1	-1	-1	-1	-1	-1	-1	-1	-1	-1	-1	-1	-1	-1	-1	-1	-1	-1	-1	-1	-1	-1	-1	-1	-1	-1	-1	-1	-1	-1	-1	-1	-1	-1	-1	-1	-1	-1	-1	-1	-1	-1	-1	-1	-1	-1	-1	-1	-1	-1	-1	-1	-1	-1	-1
70600011	7	6	0	11	5	-1	1	161	0	白驹兽魂	1	九州之境，灵气以存。#r#Y兽魂#W的#G扩展属性#W会同时影响珍兽的#G出战属性#W和融魂后对主人的#G属性加成#W。#r#Y兽魂#W的相关功能可到#G苏州（89，139）云深深#W处了解。#W	1000	800	0	-1	-1	PetSoulEquip1_2	珍兽兽魂	-1	-1	-1	-1	-1	-1	-1	-1	-1	-1	-1	-1	-1	-1	-1	-1	-1	-1	-1	-1	-1	-1	-1	-1	-1	-1	-1	-1	-1	-1	-1	-1	-1	-1	-1	-1	-1	-1	-1	-1	-1	-1	-1	-1	-1	-1	-1	-1	-1	-1	-1	-1	-1	-1	-1	-1	-1	-1	-1	-1	-1	-1	-1	-1	-1	-1	-1	-1	-1	-1	-1	-1	-1	-1	-1	-1	-1	-1	-1	-1	-1	-1	-1	-1
70600012	7	6	0	12	5	-1	1	162	0	灵蝉兽魂	1	九州之境，灵气以存。#r#Y兽魂#W的#G扩展属性#W会同时影响珍兽的#G出战属性#W和融魂后对主人的#G属性加成#W。#r#Y兽魂#W的相关功能可到#G苏州（89，139）云深深#W处了解。#W	1000	800	0	-1	-1	PetSoulEquip1_10	珍兽兽魂	-1	-1	-1	-1	-1	-1	-1	-1	-1	-1	-1	-1	-1	-1	-1	-1	-1	-1	-1	-1	-1	-1	-1	-1	-1	-1	-1	-1	-1	-1	-1	-1	-1	-1	-1	-1	-1	-1	-1	-1	-1	-1	-1	-1	-1	-1	-1	-1	-1	-1	-1	-1	-1	-1	-1	-1	-1	-1	-1	-1	-1	-1	-1	-1	-1	-1	-1	-1	-1	-1	-1	-1	-1	-1	-1	-1	-1	-1	-1	-1	-1	-1	-1	-1
70600013	7	6	0	13	5	-1	1	163	0	苍狼兽魂	1	九州之境，灵气以存。#r#Y兽魂#W的#G扩展属性#W会同时影响珍兽的#G出战属性#W和融魂后对主人的#G属性加成#W。#r#Y兽魂#W的相关功能可到#G苏州（89，139）云深深#W处了解。#W	1000	800	0	-1	-1	PetSoulEquip1_3	珍兽兽魂	-1	-1	-1	-1	-1	-1	-1	-1	-1	-1	-1	-1	-1	-1	-1	-1	-1	-1	-1	-1	-1	-1	-1	-1	-1	-1	-1	-1	-1	-1	-1	-1	-1	-1	-1	-1	-1	-1	-1	-1	-1	-1	-1	-1	-1	-1	-1	-1	-1	-1	-1	-1	-1	-1	-1	-1	-1	-1	-1	-1	-1	-1	-1	-1	-1	-1	-1	-1	-1	-1	-1	-1	-1	-1	-1	-1	-1	-1	-1	-1	-1	-1	-1	-1
70600014	7	6	0	14	5	-1	1	164	0	飞羚兽魂	1	九州之境，灵气以存。#r#Y兽魂#W的#G扩展属性#W会同时影响珍兽的#G出战属性#W和融魂后对主人的#G属性加成#W。#r#Y兽魂#W的相关功能可到#G苏州（89，139）云深深#W处了解。#W	1000	800	0	-1	-1	PetSoulEquip1_5	珍兽兽魂	-1	-1	-1	-1	-1	-1	-1	-1	-1	-1	-1	-1	-1	-1	-1	-1	-1	-1	-1	-1	-1	-1	-1	-1	-1	-1	-1	-1	-1	-1	-1	-1	-1	-1	-1	-1	-1	-1	-1	-1	-1	-1	-1	-1	-1	-1	-1	-1	-1	-1	-1	-1	-1	-1	-1	-1	-1	-1	-1	-1	-1	-1	-1	-1	-1	-1	-1	-1	-1	-1	-1	-1	-1	-1	-1	-1	-1	-1	-1	-1	-1	-1	-1	-1
70600015	7	6	0	15	5	-1	1	165	0	穷奇兽魂	1	鸿蒙初开，神魂所生。#r#Y兽魂#W的#G扩展属性#W会同时影响珍兽的#G出战属性#W和融魂后对主人的#G属性加成#W。#r装备神兽魂的珍兽可以选择独特的兽魂出战外观。#r#Y兽魂#W的相关功能可到#G苏州（89，139）#R云深深#W处了解。#W	1000	800	0	-1	-1	PetSoulEquip2_15	珍兽兽魂	-1	-1	-1	-1	-1	-1	-1	-1	-1	-1	-1	-1	-1	-1	-1	-1	-1	-1	-1	-1	-1	-1	-1	-1	-1	-1	-1	-1	-1	-1	-1	-1	-1	-1	-1	-1	-1	-1	-1	-1	-1	-1	-1	-1	-1	-1	-1	-1	-1	-1	-1	-1	-1	-1	-1	-1	-1	-1	-1	-1	-1	-1	-1	-1	-1	-1	-1	-1	-1	-1	-1	-1	-1	-1	-1	-1	-1	-1	-1	-1	-1	-1	-1	-1
70600016	7	6	0	16	5	-1	1	166	0	穷奇兽魂	1	鸿蒙初开，神魂所生。#r#Y兽魂#W的#G扩展属性#W会同时影响珍兽的#G出战属性#W和融魂后对主人的#G属性加成#W。#r装备神兽魂的珍兽可以选择独特的兽魂出战外观。#r#Y兽魂#W的相关功能可到#G苏州（89，139）#R云深深#W处了解。#W	1000	800	0	-1	-1	PetSoulEquip2_15	珍兽兽魂	-1	-1	-1	-1	-1	-1	-1	-1	-1	-1	-1	-1	-1	-1	-1	-1	-1	-1	-1	-1	-1	-1	-1	-1	-1	-1	-1	-1	-1	-1	-1	-1	-1	-1	-1	-1	-1	-1	-1	-1	-1	-1	-1	-1	-1	-1	-1	-1	-1	-1	-1	-1	-1	-1	-1	-1	-1	-1	-1	-1	-1	-1	-1	-1	-1	-1	-1	-1	-1	-1	-1	-1	-1	-1	-1	-1	-1	-1	-1	-1	-1	-1	-1	-1
70600017	7	6	0	17	5	-1	1	167	0	穷奇兽魂	1	鸿蒙初开，神魂所生。#r#Y兽魂#W的#G扩展属性#W会同时影响珍兽的#G出战属性#W和融魂后对主人的#G属性加成#W。#r装备神兽魂的珍兽可以选择独特的兽魂出战外观。#r#Y兽魂#W的相关功能可到#G苏州（89，139）#R云深深#W处了解。#W	1000	800	0	-1	-1	PetSoulEquip2_15	珍兽兽魂	-1	-1	-1	-1	-1	-1	-1	-1	-1	-1	-1	-1	-1	-1	-1	-1	-1	-1	-1	-1	-1	-1	-1	-1	-1	-1	-1	-1	-1	-1	-1	-1	-1	-1	-1	-1	-1	-1	-1	-1	-1	-1	-1	-1	-1	-1	-1	-1	-1	-1	-1	-1	-1	-1	-1	-1	-1	-1	-1	-1	-1	-1	-1	-1	-1	-1	-1	-1	-1	-1	-1	-1	-1	-1	-1	-1	-1	-1	-1	-1	-1	-1	-1	-1
70600018	7	6	0	18	5	-1	1	168	0	穷奇兽魂	1	鸿蒙初开，神魂所生。#r#Y兽魂#W的#G扩展属性#W会同时影响珍兽的#G出战属性#W和融魂后对主人的#G属性加成#W。#r装备神兽魂的珍兽可以选择独特的兽魂出战外观。#r#Y兽魂#W的相关功能可到#G苏州（89，139）#R云深深#W处了解。#W	1000	800	0	-1	-1	PetSoulEquip2_15	珍兽兽魂	-1	-1	-1	-1	-1	-1	-1	-1	-1	-1	-1	-1	-1	-1	-1	-1	-1	-1	-1	-1	-1	-1	-1	-1	-1	-1	-1	-1	-1	-1	-1	-1	-1	-1	-1	-1	-1	-1	-1	-1	-1	-1	-1	-1	-1	-1	-1	-1	-1	-1	-1	-1	-1	-1	-1	-1	-1	-1	-1	-1	-1	-1	-1	-1	-1	-1	-1	-1	-1	-1	-1	-1	-1	-1	-1	-1	-1	-1	-1	-1	-1	-1	-1	-1
70600019	7	6	0	19	5	-1	1	169	0	穷奇兽魂	1	鸿蒙初开，神魂所生。#r#Y兽魂#W的#G扩展属性#W会同时影响珍兽的#G出战属性#W和融魂后对主人的#G属性加成#W。#r装备神兽魂的珍兽可以选择独特的兽魂出战外观。#r#Y兽魂#W的相关功能可到#G苏州（89，139）#R云深深#W处了解。#W	1000	800	0	-1	-1	PetSoulEquip2_15	珍兽兽魂	-1	-1	-1	-1	-1	-1	-1	-1	-1	-1	-1	-1	-1	-1	-1	-1	-1	-1	-1	-1	-1	-1	-1	-1	-1	-1	-1	-1	-1	-1	-1	-1	-1	-1	-1	-1	-1	-1	-1	-1	-1	-1	-1	-1	-1	-1	-1	-1	-1	-1	-1	-1	-1	-1	-1	-1	-1	-1	-1	-1	-1	-1	-1	-1	-1	-1	-1	-1	-1	-1	-1	-1	-1	-1	-1	-1	-1	-1	-1	-1	-1	-1	-1	-1
70600020	7	6	0	20	5	-1	1	170	0	穷奇兽魂	1	鸿蒙初开，神魂所生。#r#Y兽魂#W的#G扩展属性#W会同时影响珍兽的#G出战属性#W和融魂后对主人的#G属性加成#W。#r装备神兽魂的珍兽可以选择独特的兽魂出战外观。#r#Y兽魂#W的相关功能可到#G苏州（89，139）#R云深深#W处了解。#W	1000	800	0	-1	-1	PetSoulEquip2_15	珍兽兽魂	-1	-1	-1	-1	-1	-1	-1	-1	-1	-1	-1	-1	-1	-1	-1	-1	-1	-1	-1	-1	-1	-1	-1	-1	-1	-1	-1	-1	-1	-1	-1	-1	-1	-1	-1	-1	-1	-1	-1	-1	-1	-1	-1	-1	-1	-1	-1	-1	-1	-1	-1	-1	-1	-1	-1	-1	-1	-1	-1	-1	-1	-1	-1	-1	-1	-1	-1	-1	-1	-1	-1	-1	-1	-1	-1	-1	-1	-1	-1	-1	-1	-1	-1	-1
70600021	7	6	0	21	5	-1	1	171	0	穷奇兽魂	1	鸿蒙初开，神魂所生。#r#Y兽魂#W的#G扩展属性#W会同时影响珍兽的#G出战属性#W和融魂后对主人的#G属性加成#W。#r装备神兽魂的珍兽可以选择独特的兽魂出战外观。#r#Y兽魂#W的相关功能可到#G苏州（89，139）#R云深深#W处了解。#W	1000	800	0	-1	-1	PetSoulEquip2_15	珍兽兽魂	-1	-1	-1	-1	-1	-1	-1	-1	-1	-1	-1	-1	-1	-1	-1	-1	-1	-1	-1	-1	-1	-1	-1	-1	-1	-1	-1	-1	-1	-1	-1	-1	-1	-1	-1	-1	-1	-1	-1	-1	-1	-1	-1	-1	-1	-1	-1	-1	-1	-1	-1	-1	-1	-1	-1	-1	-1	-1	-1	-1	-1	-1	-1	-1	-1	-1	-1	-1	-1	-1	-1	-1	-1	-1	-1	-1	-1	-1	-1	-1	-1	-1	-1	-1
70600022	7	6	0	22	5	-1	1	172	0	穷奇兽魂	1	鸿蒙初开，神魂所生。#r#Y兽魂#W的#G扩展属性#W会同时影响珍兽的#G出战属性#W和融魂后对主人的#G属性加成#W。#r装备神兽魂的珍兽可以选择独特的兽魂出战外观。#r#Y兽魂#W的相关功能可到#G苏州（89，139）#R云深深#W处了解。#W	1000	800	0	-1	-1	PetSoulEquip2_15	珍兽兽魂	-1	-1	-1	-1	-1	-1	-1	-1	-1	-1	-1	-1	-1	-1	-1	-1	-1	-1	-1	-1	-1	-1	-1	-1	-1	-1	-1	-1	-1	-1	-1	-1	-1	-1	-1	-1	-1	-1	-1	-1	-1	-1	-1	-1	-1	-1	-1	-1	-1	-1	-1	-1	-1	-1	-1	-1	-1	-1	-1	-1	-1	-1	-1	-1	-1	-1	-1	-1	-1	-1	-1	-1	-1	-1	-1	-1	-1	-1	-1	-1	-1	-1	-1	-1
70600023	7	6	0	23	5	-1	1	173	0	穷奇兽魂	1	鸿蒙初开，神魂所生。#r#Y兽魂#W的#G扩展属性#W会同时影响珍兽的#G出战属性#W和融魂后对主人的#G属性加成#W。#r装备神兽魂的珍兽可以选择独特的兽魂出战外观。#r#Y兽魂#W的相关功能可到#G苏州（89，139）#R云深深#W处了解。#W	1000	800	0	-1	-1	PetSoulEquip2_15	珍兽兽魂	-1	-1	-1	-1	-1	-1	-1	-1	-1	-1	-1	-1	-1	-1	-1	-1	-1	-1	-1	-1	-1	-1	-1	-1	-1	-1	-1	-1	-1	-1	-1	-1	-1	-1	-1	-1	-1	-1	-1	-1	-1	-1	-1	-1	-1	-1	-1	-1	-1	-1	-1	-1	-1	-1	-1	-1	-1	-1	-1	-1	-1	-1	-1	-1	-1	-1	-1	-1	-1	-1	-1	-1	-1	-1	-1	-1	-1	-1	-1	-1	-1	-1	-1	-1
70600024	7	6	0	24	5	-1	1	174	0	穷奇兽魂	1	鸿蒙初开，神魂所生。#r#Y兽魂#W的#G扩展属性#W会同时影响珍兽的#G出战属性#W和融魂后对主人的#G属性加成#W。#r装备神兽魂的珍兽可以选择独特的兽魂出战外观。#r#Y兽魂#W的相关功能可到#G苏州（89，139）#R云深深#W处了解。#W	1000	800	0	-1	-1	PetSoulEquip2_15	珍兽兽魂	-1	-1	-1	-1	-1	-1	-1	-1	-1	-1	-1	-1	-1	-1	-1	-1	-1	-1	-1	-1	-1	-1	-1	-1	-1	-1	-1	-1	-1	-1	-1	-1	-1	-1	-1	-1	-1	-1	-1	-1	-1	-1	-1	-1	-1	-1	-1	-1	-1	-1	-1	-1	-1	-1	-1	-1	-1	-1	-1	-1	-1	-1	-1	-1	-1	-1	-1	-1	-1	-1	-1	-1	-1	-1	-1	-1	-1	-1	-1	-1	-1	-1	-1	-1
70600025	7	6	0	25	5	-1	1	175	0	穷奇兽魂	1	鸿蒙初开，神魂所生。#r#Y兽魂#W的#G扩展属性#W会同时影响珍兽的#G出战属性#W和融魂后对主人的#G属性加成#W。#r装备神兽魂的珍兽可以选择独特的兽魂出战外观。#r#Y兽魂#W的相关功能可到#G苏州（89，139）#R云深深#W处了解。#W	1000	800	0	-1	-1	PetSoulEquip2_15	珍兽兽魂	-1	-1	-1	-1	-1	-1	-1	-1	-1	-1	-1	-1	-1	-1	-1	-1	-1	-1	-1	-1	-1	-1	-1	-1	-1	-1	-1	-1	-1	-1	-1	-1	-1	-1	-1	-1	-1	-1	-1	-1	-1	-1	-1	-1	-1	-1	-1	-1	-1	-1	-1	-1	-1	-1	-1	-1	-1	-1	-1	-1	-1	-1	-1	-1	-1	-1	-1	-1	-1	-1	-1	-1	-1	-1	-1	-1	-1	-1	-1	-1	-1	-1	-1	-1
