INT	INT	INT	INT	INT	INT	INT	INT	INT	INT	INT	INT	INT	INT	INT	INT	INT	INT	INT	INT	INT	INT	INT	INT
序号	DataID	最高资质值范围	最高资质值范围	灵性加成1	灵性加成2	灵性加成3	灵性加成4	灵性加成5	灵性加成6	灵性加成7	灵性加成8	灵性加成9	灵性加成10	灵性等级0提升概率	灵性等级1提升概率	灵性等级2提升概率	灵性等级3提升概率	灵性等级4提升概率	灵性等级5提升概率	灵性等级6提升概率	灵性等级7提升概率	灵性等级8提升概率	灵性等级9提升概率
1	3001	1	1800	10	20	30	40	50	60	70	80	90	100	100	60	36	20	12	8	5	3	2	1	
2	3001	1800	2200	10	20	40	60	90	100	130	160	190	230	100	60	36	20	12	8	5	3	2	1	
3	3001	2200	9999	10	20	50	70	110	140	180	220	260	310	100	60	36	20	12	8	5	3	2	1	
4	3009	1	1800	10	20	30	40	50	60	70	80	90	100	100	60	36	20	12	8	5	3	2	1	
5	3009	1800	2200	10	20	40	60	90	100	130	160	190	230	100	60	36	20	12	8	5	3	2	1	
6	3009	2200	9999	10	20	50	70	110	140	180	220	260	310	100	60	36	20	12	8	5	3	2	1	
7	3011	1	1800	10	20	30	40	50	60	70	80	90	100	100	60	36	20	12	8	5	3	2	1	
8	3011	1800	2200	10	20	40	60	90	100	130	160	190	230	100	60	36	20	12	8	5	3	2	1	
9	3011	2200	9999	10	20	50	70	110	140	180	220	260	310	100	60	36	20	12	8	5	3	2	1	
10	3019	1	1800	10	20	30	40	50	60	70	80	90	100	100	60	36	20	12	8	5	3	2	1	
11	3019	1800	2200	10	20	40	60	90	100	130	160	190	230	100	60	36	20	12	8	5	3	2	1	
12	3019	2200	9999	10	20	50	70	110	140	180	220	260	310	100	60	36	20	12	8	5	3	2	1	
13	3021	1	1800	10	20	30	40	50	60	70	80	90	100	100	60	36	20	12	8	5	3	2	1	
14	3021	1800	2200	10	20	40	60	90	100	130	160	190	230	100	60	36	20	12	8	5	3	2	1	
15	3021	2200	9999	10	20	50	70	110	140	180	220	260	310	100	60	36	20	12	8	5	3	2	1	
16	3029	1	1800	10	20	30	40	50	60	70	80	90	100	100	60	36	20	12	8	5	3	2	1	
17	3029	1800	2200	10	20	40	60	90	100	130	160	190	230	100	60	36	20	12	8	5	3	2	1	
18	3029	2200	9999	10	20	50	70	110	140	180	220	260	310	100	60	36	20	12	8	5	3	2	1	
19	3031	1	1800	10	20	30	40	50	60	70	80	90	100	100	60	36	20	12	8	5	3	2	1	
20	3031	1800	2200	10	20	40	60	90	100	130	160	190	230	100	60	36	20	12	8	5	3	2	1	
21	3031	2200	9999	10	20	50	70	110	140	180	220	260	310	100	60	36	20	12	8	5	3	2	1	
22	3039	1	1800	10	20	30	40	50	60	70	80	90	100	100	60	36	20	12	8	5	3	2	1	
23	3039	1800	2200	10	20	40	60	90	100	130	160	190	230	100	60	36	20	12	8	5	3	2	1	
24	3039	2200	9999	10	20	50	70	110	140	180	220	260	310	100	60	36	20	12	8	5	3	2	1	
25	3041	1	1800	10	20	30	40	50	60	70	80	90	100	100	60	36	20	12	8	5	3	2	1	
26	3041	1800	2200	10	20	40	60	90	100	130	160	190	230	100	60	36	20	12	8	5	3	2	1	
27	3041	2200	9999	10	20	50	70	110	140	180	220	260	310	100	60	36	20	12	8	5	3	2	1	
28	3049	1	1800	10	20	30	40	50	60	70	80	90	100	100	60	36	20	12	8	5	3	2	1	
29	3049	1800	2200	10	20	40	60	90	100	130	160	190	230	100	60	36	20	12	8	5	3	2	1	
30	3049	2200	9999	10	20	50	70	110	140	180	220	260	310	100	60	36	20	12	8	5	3	2	1	
31	3051	1	1800	10	20	30	40	50	60	70	80	90	100	100	60	36	20	12	8	5	3	2	1	
32	3051	1800	2200	10	20	40	60	90	100	130	160	190	230	100	60	36	20	12	8	5	3	2	1	
33	3051	2200	9999	10	20	50	70	110	140	180	220	260	310	100	60	36	20	12	8	5	3	2	1	
34	3059	1	1800	10	20	30	40	50	60	70	80	90	100	100	60	36	20	12	8	5	3	2	1	
35	3059	1800	2200	10	20	40	60	90	100	130	160	190	230	100	60	36	20	12	8	5	3	2	1	
36	3059	2200	9999	10	20	50	70	110	140	180	220	260	310	100	60	36	20	12	8	5	3	2	1	
37	3061	1	1800	10	20	30	40	50	60	70	80	90	100	100	60	36	20	12	8	5	3	2	1	
38	3061	1800	2200	10	20	40	60	90	100	130	160	190	230	100	60	36	20	12	8	5	3	2	1	
39	3061	2200	9999	10	20	50	70	110	140	180	220	260	310	100	60	36	20	12	8	5	3	2	1	
40	3062	1	1800	10	20	30	40	50	60	70	80	90	100	100	60	36	20	12	8	5	3	2	1	
41	3062	1800	2200	10	20	40	60	90	100	130	160	190	230	100	60	36	20	12	8	5	3	2	1	
42	3062	2200	9999	10	20	50	70	110	140	180	220	260	310	100	60	36	20	12	8	5	3	2	1	
43	3069	1	1800	10	20	30	40	50	60	70	80	90	100	100	60	36	20	12	8	5	3	2	1	
44	3069	1800	2200	10	20	40	60	90	100	130	160	190	230	100	60	36	20	12	8	5	3	2	1	
45	3069	2200	9999	10	20	50	70	110	140	180	220	260	310	100	60	36	20	12	8	5	3	2	1	
46	3071	1	1800	10	20	30	40	50	60	70	80	90	100	100	60	36	20	12	8	5	3	2	1	
47	3071	1800	2200	10	20	40	60	90	100	130	160	190	230	100	60	36	20	12	8	5	3	2	1	
48	3071	2200	9999	10	20	50	70	110	140	180	220	260	310	100	60	36	20	12	8	5	3	2	1	
49	3072	1	1800	10	20	30	40	50	60	70	80	90	100	100	60	36	20	12	8	5	3	2	1	
50	3072	1800	2200	10	20	40	60	90	100	130	160	190	230	100	60	36	20	12	8	5	3	2	1	
51	3072	2200	9999	10	20	50	70	110	140	180	220	260	310	100	60	36	20	12	8	5	3	2	1	
52	3079	1	1800	10	20	30	40	50	60	70	80	90	100	100	60	36	20	12	8	5	3	2	1	
53	3079	1800	2200	10	20	40	60	90	100	130	160	190	230	100	60	36	20	12	8	5	3	2	1	
54	3079	2200	9999	10	20	50	70	110	140	180	220	260	310	100	60	36	20	12	8	5	3	2	1	
55	3081	1	1800	10	20	30	40	50	60	70	80	90	100	100	60	36	20	12	8	5	3	2	1	
56	3081	1800	2200	10	20	40	60	90	100	130	160	190	230	100	60	36	20	12	8	5	3	2	1	
57	3081	2200	9999	10	20	50	70	110	140	180	220	260	310	100	60	36	20	12	8	5	3	2	1	
58	3082	1	1800	10	20	30	40	50	60	70	80	90	100	100	60	36	20	12	8	5	3	2	1	
59	3082	1800	2200	10	20	40	60	90	100	130	160	190	230	100	60	36	20	12	8	5	3	2	1	
60	3082	2200	9999	10	20	50	70	110	140	180	220	260	310	100	60	36	20	12	8	5	3	2	1	
61	3089	1	1800	10	20	30	40	50	60	70	80	90	100	100	60	36	20	12	8	5	3	2	1	
62	3089	1800	2200	10	20	40	60	90	100	130	160	190	230	100	60	36	20	12	8	5	3	2	1	
63	3089	2200	9999	10	20	50	70	110	140	180	220	260	310	100	60	36	20	12	8	5	3	2	1	
64	3091	1	1800	10	20	30	40	50	60	70	80	90	100	100	60	36	20	12	8	5	3	2	1	
65	3091	1800	2200	10	20	40	60	90	100	130	160	190	230	100	60	36	20	12	8	5	3	2	1	
66	3091	2200	9999	10	20	50	70	110	140	180	220	260	310	100	60	36	20	12	8	5	3	2	1	
67	3092	1	1800	10	20	30	40	50	60	70	80	90	100	100	60	36	20	12	8	5	3	2	1	
68	3092	1800	2200	10	20	40	60	90	100	130	160	190	230	100	60	36	20	12	8	5	3	2	1	
69	3092	2200	9999	10	20	50	70	110	140	180	220	260	310	100	60	36	20	12	8	5	3	2	1	
70	3099	1	1800	10	20	30	40	50	60	70	80	90	100	100	60	36	20	12	8	5	3	2	1	
71	3099	1800	2200	10	20	40	60	90	100	130	160	190	230	100	60	36	20	12	8	5	3	2	1	
72	3099	2200	9999	10	20	50	70	110	140	180	220	260	310	100	60	36	20	12	8	5	3	2	1	
73	3101	1	1800	10	20	30	40	50	60	70	80	90	100	100	60	36	20	12	8	5	3	2	1	
74	3101	1800	2200	10	20	40	60	90	100	130	160	190	230	100	60	36	20	12	8	5	3	2	1	
75	3101	2200	9999	10	20	50	70	110	140	180	220	260	310	100	60	36	20	12	8	5	3	2	1	
76	3102	1	1800	10	20	30	40	50	60	70	80	90	100	100	60	36	20	12	8	5	3	2	1	
77	3102	1800	2200	10	20	40	60	90	100	130	160	190	230	100	60	36	20	12	8	5	3	2	1	
78	3102	2200	9999	10	20	50	70	110	140	180	220	260	310	100	60	36	20	12	8	5	3	2	1	
79	3109	1	1800	10	20	30	40	50	60	70	80	90	100	100	60	36	20	12	8	5	3	2	1	
80	3109	1800	2200	10	20	40	60	90	100	130	160	190	230	100	60	36	20	12	8	5	3	2	1	
81	3109	2200	9999	10	20	50	70	110	140	180	220	260	310	100	60	36	20	12	8	5	3	2	1	
82	3111	1	1800	10	20	30	40	50	60	70	80	90	100	100	60	36	20	12	8	5	3	2	1	
83	3111	1800	2200	10	20	40	60	90	100	130	160	190	230	100	60	36	20	12	8	5	3	2	1	
84	3111	2200	9999	10	20	50	70	110	140	180	220	260	310	100	60	36	20	12	8	5	3	2	1	
85	3112	1	1800	10	20	30	40	50	60	70	80	90	100	100	60	36	20	12	8	5	3	2	1	
86	3112	1800	2200	10	20	40	60	90	100	130	160	190	230	100	60	36	20	12	8	5	3	2	1	
87	3112	2200	9999	10	20	50	70	110	140	180	220	260	310	100	60	36	20	12	8	5	3	2	1	
88	3119	1	1800	10	20	30	40	50	60	70	80	90	100	100	60	36	20	12	8	5	3	2	1	
89	3119	1800	2200	10	20	40	60	90	100	130	160	190	230	100	60	36	20	12	8	5	3	2	1	
90	3119	2200	9999	10	20	50	70	110	140	180	220	260	310	100	60	36	20	12	8	5	3	2	1	
91	3121	1	1800	10	20	30	40	50	60	70	80	90	100	100	60	36	20	12	8	5	3	2	1	
92	3121	1800	2200	10	20	40	60	90	100	130	160	190	230	100	60	36	20	12	8	5	3	2	1	
93	3121	2200	9999	10	20	50	70	110	140	180	220	260	310	100	60	36	20	12	8	5	3	2	1	
94	3122	1	1800	10	20	30	40	50	60	70	80	90	100	100	60	36	20	12	8	5	3	2	1	
95	3122	1800	2200	10	20	40	60	90	100	130	160	190	230	100	60	36	20	12	8	5	3	2	1	
96	3122	2200	9999	10	20	50	70	110	140	180	220	260	310	100	60	36	20	12	8	5	3	2	1	
97	3129	1	1800	10	20	30	40	50	60	70	80	90	100	100	60	36	20	12	8	5	3	2	1	
98	3129	1800	2200	10	20	40	60	90	100	130	160	190	230	100	60	36	20	12	8	5	3	2	1	
99	3129	2200	9999	10	20	50	70	110	140	180	220	260	310	100	60	36	20	12	8	5	3	2	1	
100	3131	1	1800	10	20	30	40	50	60	70	80	90	100	100	60	36	20	12	8	5	3	2	1	
101	3131	1800	2200	10	20	40	60	90	100	130	160	190	230	100	60	36	20	12	8	5	3	2	1	
102	3131	2200	9999	10	20	50	70	110	140	180	220	260	310	100	60	36	20	12	8	5	3	2	1	
103	3132	1	1800	10	20	30	40	50	60	70	80	90	100	100	60	36	20	12	8	5	3	2	1	
104	3132	1800	2200	10	20	40	60	90	100	130	160	190	230	100	60	36	20	12	8	5	3	2	1	
105	3132	2200	9999	10	20	50	70	110	140	180	220	260	310	100	60	36	20	12	8	5	3	2	1	
106	3133	1	1800	10	20	30	40	50	60	70	80	90	100	100	60	36	20	12	8	5	3	2	1	
107	3133	1800	2200	10	20	40	60	90	100	130	160	190	230	100	60	36	20	12	8	5	3	2	1	
108	3133	2200	9999	10	20	50	70	110	140	180	220	260	310	100	60	36	20	12	8	5	3	2	1	
109	3139	1	1800	10	20	30	40	50	60	70	80	90	100	100	60	36	20	12	8	5	3	2	1	
110	3139	1800	2200	10	20	40	60	90	100	130	160	190	230	100	60	36	20	12	8	5	3	2	1	
111	3139	2200	9999	10	20	50	70	110	140	180	220	260	310	100	60	36	20	12	8	5	3	2	1	
112	3141	1	1800	10	20	30	40	50	60	70	80	90	100	100	60	36	20	12	8	5	3	2	1	
113	3141	1800	2200	10	20	40	60	90	100	130	160	190	230	100	60	36	20	12	8	5	3	2	1	
114	3141	2200	9999	10	20	50	70	110	140	180	220	260	310	100	60	36	20	12	8	5	3	2	1	
115	3142	1	1800	10	20	30	40	50	60	70	80	90	100	100	60	36	20	12	8	5	3	2	1	
116	3142	1800	2200	10	20	40	60	90	100	130	160	190	230	100	60	36	20	12	8	5	3	2	1	
117	3142	2200	9999	10	20	50	70	110	140	180	220	260	310	100	60	36	20	12	8	5	3	2	1	
118	3143	1	1800	10	20	30	40	50	60	70	80	90	100	100	60	36	20	12	8	5	3	2	1	
119	3143	1800	2200	10	20	40	60	90	100	130	160	190	230	100	60	36	20	12	8	5	3	2	1	
120	3143	2200	9999	10	20	50	70	110	140	180	220	260	310	100	60	36	20	12	8	5	3	2	1	
121	3149	1	1800	10	20	30	40	50	60	70	80	90	100	100	60	36	20	12	8	5	3	2	1	
122	3149	1800	2200	10	20	40	60	90	100	130	160	190	230	100	60	36	20	12	8	5	3	2	1	
123	3149	2200	9999	10	20	50	70	110	140	180	220	260	310	100	60	36	20	12	8	5	3	2	1	
124	3151	1	1800	10	20	30	40	50	60	70	80	90	100	100	60	36	20	12	8	5	3	2	1	
125	3151	1800	2200	10	20	40	60	90	100	130	160	190	230	100	60	36	20	12	8	5	3	2	1	
126	3151	2200	9999	10	20	50	70	110	140	180	220	260	310	100	60	36	20	12	8	5	3	2	1	
127	3152	1	1800	10	20	30	40	50	60	70	80	90	100	100	60	36	20	12	8	5	3	2	1	
128	3152	1800	2200	10	20	40	60	90	100	130	160	190	230	100	60	36	20	12	8	5	3	2	1	
129	3152	2200	9999	10	20	50	70	110	140	180	220	260	310	100	60	36	20	12	8	5	3	2	1	
130	3153	1	1800	10	20	30	40	50	60	70	80	90	100	100	60	36	20	12	8	5	3	2	1	
131	3153	1800	2200	10	20	40	60	90	100	130	160	190	230	100	60	36	20	12	8	5	3	2	1	
132	3153	2200	9999	10	20	50	70	110	140	180	220	260	310	100	60	36	20	12	8	5	3	2	1	
133	3159	1	1800	10	20	30	40	50	60	70	80	90	100	100	60	36	20	12	8	5	3	2	1	
134	3159	1800	2200	10	20	40	60	90	100	130	160	190	230	100	60	36	20	12	8	5	3	2	1	
135	3159	2200	9999	10	20	50	70	110	140	180	220	260	310	100	60	36	20	12	8	5	3	2	1	
136	3161	1	1800	10	20	30	40	50	60	70	80	90	100	100	60	36	20	12	8	5	3	2	1	
137	3161	1800	2200	10	20	40	60	90	100	130	160	190	230	100	60	36	20	12	8	5	3	2	1	
138	3161	2200	9999	10	20	50	70	110	140	180	220	260	310	100	60	36	20	12	8	5	3	2	1	
139	3162	1	1800	10	20	30	40	50	60	70	80	90	100	100	60	36	20	12	8	5	3	2	1	
140	3162	1800	2200	10	20	40	60	90	100	130	160	190	230	100	60	36	20	12	8	5	3	2	1	
141	3162	2200	9999	10	20	50	70	110	140	180	220	260	310	100	60	36	20	12	8	5	3	2	1	
142	3163	1	1800	10	20	30	40	50	60	70	80	90	100	100	60	36	20	12	8	5	3	2	1	
143	3163	1800	2200	10	20	40	60	90	100	130	160	190	230	100	60	36	20	12	8	5	3	2	1	
144	3163	2200	9999	10	20	50	70	110	140	180	220	260	310	100	60	36	20	12	8	5	3	2	1	
145	3169	1	1800	10	20	30	40	50	60	70	80	90	100	100	60	36	20	12	8	5	3	2	1	
146	3169	1800	2200	10	20	40	60	90	100	130	160	190	230	100	60	36	20	12	8	5	3	2	1	
147	3169	2200	9999	10	20	50	70	110	140	180	220	260	310	100	60	36	20	12	8	5	3	2	1	
148	3171	1	1800	10	20	30	40	50	60	70	80	90	100	100	60	36	20	12	8	5	3	2	1	
149	3171	1800	2200	10	20	40	60	90	100	130	160	190	230	100	60	36	20	12	8	5	3	2	1	
150	3171	2200	9999	10	20	50	70	110	140	180	220	260	310	100	60	36	20	12	8	5	3	2	1	
151	3172	1	1800	10	20	30	40	50	60	70	80	90	100	100	60	36	20	12	8	5	3	2	1	
152	3172	1800	2200	10	20	40	60	90	100	130	160	190	230	100	60	36	20	12	8	5	3	2	1	
153	3172	2200	9999	10	20	50	70	110	140	180	220	260	310	100	60	36	20	12	8	5	3	2	1	
154	3173	1	1800	10	20	30	40	50	60	70	80	90	100	100	60	36	20	12	8	5	3	2	1	
155	3173	1800	2200	10	20	40	60	90	100	130	160	190	230	100	60	36	20	12	8	5	3	2	1	
156	3173	2200	9999	10	20	50	70	110	140	180	220	260	310	100	60	36	20	12	8	5	3	2	1	
157	3174	1	1800	10	20	30	40	50	60	70	80	90	100	100	60	36	20	12	8	5	3	2	1	
158	3174	1800	2200	10	20	40	60	90	100	130	160	190	230	100	60	36	20	12	8	5	3	2	1	
159	3174	2200	9999	10	20	50	70	110	140	180	220	260	310	100	60	36	20	12	8	5	3	2	1	
160	3179	1	1800	10	20	30	40	50	60	70	80	90	100	100	60	36	20	12	8	5	3	2	1	
161	3179	1800	2200	10	20	40	60	90	100	130	160	190	230	100	60	36	20	12	8	5	3	2	1	
162	3179	2200	9999	10	20	50	70	110	140	180	220	260	310	100	60	36	20	12	8	5	3	2	1	
163	3181	1	1800	10	20	30	40	50	60	70	80	90	100	100	60	36	20	12	8	5	3	2	1	
164	3181	1800	2200	10	20	40	60	90	100	130	160	190	230	100	60	36	20	12	8	5	3	2	1	
165	3181	2200	9999	10	20	50	70	110	140	180	220	260	310	100	60	36	20	12	8	5	3	2	1	
166	3182	1	1800	10	20	30	40	50	60	70	80	90	100	100	60	36	20	12	8	5	3	2	1	
167	3182	1800	2200	10	20	40	60	90	100	130	160	190	230	100	60	36	20	12	8	5	3	2	1	
168	3182	2200	9999	10	20	50	70	110	140	180	220	260	310	100	60	36	20	12	8	5	3	2	1	
169	3183	1	1800	10	20	30	40	50	60	70	80	90	100	100	60	36	20	12	8	5	3	2	1	
170	3183	1800	2200	10	20	40	60	90	100	130	160	190	230	100	60	36	20	12	8	5	3	2	1	
171	3183	2200	9999	10	20	50	70	110	140	180	220	260	310	100	60	36	20	12	8	5	3	2	1	
172	3184	1	1800	10	20	30	40	50	60	70	80	90	100	100	60	36	20	12	8	5	3	2	1	
173	3184	1800	2200	10	20	40	60	90	100	130	160	190	230	100	60	36	20	12	8	5	3	2	1	
174	3184	2200	9999	10	20	50	70	110	140	180	220	260	310	100	60	36	20	12	8	5	3	2	1	
175	3189	1	1800	10	20	30	40	50	60	70	80	90	100	100	60	36	20	12	8	5	3	2	1	
176	3189	1800	2200	10	20	40	60	90	100	130	160	190	230	100	60	36	20	12	8	5	3	2	1	
177	3189	2200	9999	10	20	50	70	110	140	180	220	260	310	100	60	36	20	12	8	5	3	2	1	
178	3191	1	1800	10	20	30	40	50	60	70	80	90	100	100	60	36	20	12	8	5	3	2	1	
179	3191	1800	2200	10	20	40	60	90	100	130	160	190	230	100	60	36	20	12	8	5	3	2	1	
180	3191	2200	9999	10	20	50	70	110	140	180	220	260	310	100	60	36	20	12	8	5	3	2	1	
181	3192	1	1800	10	20	30	40	50	60	70	80	90	100	100	60	36	20	12	8	5	3	2	1	
182	3192	1800	2200	10	20	40	60	90	100	130	160	190	230	100	60	36	20	12	8	5	3	2	1	
183	3192	2200	9999	10	20	50	70	110	140	180	220	260	310	100	60	36	20	12	8	5	3	2	1	
184	3193	1	1800	10	20	30	40	50	60	70	80	90	100	100	60	36	20	12	8	5	3	2	1	
185	3193	1800	2200	10	20	40	60	90	100	130	160	190	230	100	60	36	20	12	8	5	3	2	1	
186	3193	2200	9999	10	20	50	70	110	140	180	220	260	310	100	60	36	20	12	8	5	3	2	1	
187	3194	1	1800	10	20	30	40	50	60	70	80	90	100	100	60	36	20	12	8	5	3	2	1	
188	3194	1800	2200	10	20	40	60	90	100	130	160	190	230	100	60	36	20	12	8	5	3	2	1	
189	3194	2200	9999	10	20	50	70	110	140	180	220	260	310	100	60	36	20	12	8	5	3	2	1	
190	3199	1	1800	10	20	30	40	50	60	70	80	90	100	100	60	36	20	12	8	5	3	2	1	
191	3199	1800	2200	10	20	40	60	90	100	130	160	190	230	100	60	36	20	12	8	5	3	2	1	
192	3199	2200	9999	10	20	50	70	110	140	180	220	260	310	100	60	36	20	12	8	5	3	2	1	
193	3201	1	1800	10	20	30	40	50	60	70	80	90	100	100	60	36	20	12	8	5	3	2	1	
194	3201	1800	2200	10	20	40	60	90	100	130	160	190	230	100	60	36	20	12	8	5	3	2	1	
195	3201	2200	9999	10	20	50	70	110	140	180	220	260	310	100	60	36	20	12	8	5	3	2	1	
196	3202	1	1800	10	20	30	40	50	60	70	80	90	100	100	60	36	20	12	8	5	3	2	1	
197	3202	1800	2200	10	20	40	60	90	100	130	160	190	230	100	60	36	20	12	8	5	3	2	1	
198	3202	2200	9999	10	20	50	70	110	140	180	220	260	310	100	60	36	20	12	8	5	3	2	1	
199	3203	1	1800	10	20	30	40	50	60	70	80	90	100	100	60	36	20	12	8	5	3	2	1	
200	3203	1800	2200	10	20	40	60	90	100	130	160	190	230	100	60	36	20	12	8	5	3	2	1	
201	3203	2200	9999	10	20	50	70	110	140	180	220	260	310	100	60	36	20	12	8	5	3	2	1	
202	3204	1	1800	10	20	30	40	50	60	70	80	90	100	100	60	36	20	12	8	5	3	2	1	
203	3204	1800	2200	10	20	40	60	90	100	130	160	190	230	100	60	36	20	12	8	5	3	2	1	
204	3204	2200	9999	10	20	50	70	110	140	180	220	260	310	100	60	36	20	12	8	5	3	2	1	
205	3209	1	1800	10	20	30	40	50	60	70	80	90	100	100	60	36	20	12	8	5	3	2	1	
206	3209	1800	2200	10	20	40	60	90	100	130	160	190	230	100	60	36	20	12	8	5	3	2	1	
207	3209	2200	9999	10	20	50	70	110	140	180	220	260	310	100	60	36	20	12	8	5	3	2	1	
208	3211	1	1800	10	20	30	40	50	60	70	80	90	100	100	60	36	20	12	8	5	3	2	1	
209	3211	1800	2200	10	20	40	60	90	100	130	160	190	230	100	60	36	20	12	8	5	3	2	1	
210	3211	2200	9999	10	20	50	70	110	140	180	220	260	310	100	60	36	20	12	8	5	3	2	1	
211	3212	1	1800	10	20	30	40	50	60	70	80	90	100	100	60	36	20	12	8	5	3	2	1	
212	3212	1800	2200	10	20	40	60	90	100	130	160	190	230	100	60	36	20	12	8	5	3	2	1	
213	3212	2200	9999	10	20	50	70	110	140	180	220	260	310	100	60	36	20	12	8	5	3	2	1	
214	3213	1	1800	10	20	30	40	50	60	70	80	90	100	100	60	36	20	12	8	5	3	2	1	
215	3213	1800	2200	10	20	40	60	90	100	130	160	190	230	100	60	36	20	12	8	5	3	2	1	
216	3213	2200	9999	10	20	50	70	110	140	180	220	260	310	100	60	36	20	12	8	5	3	2	1	
217	3214	1	1800	10	20	30	40	50	60	70	80	90	100	100	60	36	20	12	8	5	3	2	1	
218	3214	1800	2200	10	20	40	60	90	100	130	160	190	230	100	60	36	20	12	8	5	3	2	1	
219	3214	2200	9999	10	20	50	70	110	140	180	220	260	310	100	60	36	20	12	8	5	3	2	1	
220	3215	1	1800	10	20	30	40	50	60	70	80	90	100	100	60	36	20	12	8	5	3	2	1	
221	3215	1800	2200	10	20	40	60	90	100	130	160	190	230	100	60	36	20	12	8	5	3	2	1	
222	3215	2200	9999	10	20	50	70	110	140	180	220	260	310	100	60	36	20	12	8	5	3	2	1	
223	3219	1	1800	10	20	30	40	50	60	70	80	90	100	100	60	36	20	12	8	5	3	2	1	
224	3219	1800	2200	10	20	40	60	90	100	130	160	190	230	100	60	36	20	12	8	5	3	2	1	
225	3219	2200	9999	10	20	50	70	110	140	180	220	260	310	100	60	36	20	12	8	5	3	2	1	
226	3221	1	1800	10	20	30	40	50	60	70	80	90	100	100	60	36	20	12	8	5	3	2	1	
227	3221	1800	2200	10	20	40	60	90	100	130	160	190	230	100	60	36	20	12	8	5	3	2	1	
228	3221	2200	9999	10	20	50	70	110	140	180	220	260	310	100	60	36	20	12	8	5	3	2	1	
229	3222	1	1800	10	20	30	40	50	60	70	80	90	100	100	60	36	20	12	8	5	3	2	1	
230	3222	1800	2200	10	20	40	60	90	100	130	160	190	230	100	60	36	20	12	8	5	3	2	1	
231	3222	2200	9999	10	20	50	70	110	140	180	220	260	310	100	60	36	20	12	8	5	3	2	1	
232	3223	1	1800	10	20	30	40	50	60	70	80	90	100	100	60	36	20	12	8	5	3	2	1	
233	3223	1800	2200	10	20	40	60	90	100	130	160	190	230	100	60	36	20	12	8	5	3	2	1	
234	3223	2200	9999	10	20	50	70	110	140	180	220	260	310	100	60	36	20	12	8	5	3	2	1	
235	3224	1	1800	10	20	30	40	50	60	70	80	90	100	100	60	36	20	12	8	5	3	2	1	
236	3224	1800	2200	10	20	40	60	90	100	130	160	190	230	100	60	36	20	12	8	5	3	2	1	
237	3224	2200	9999	10	20	50	70	110	140	180	220	260	310	100	60	36	20	12	8	5	3	2	1	
238	3225	1	1800	10	20	30	40	50	60	70	80	90	100	100	60	36	20	12	8	5	3	2	1	
239	3225	1800	2200	10	20	40	60	90	100	130	160	190	230	100	60	36	20	12	8	5	3	2	1	
240	3225	2200	9999	10	20	50	70	110	140	180	220	260	310	100	60	36	20	12	8	5	3	2	1	
241	3229	1	1800	10	20	30	40	50	60	70	80	90	100	100	60	36	20	12	8	5	3	2	1	
242	3229	1800	2200	10	20	40	60	90	100	130	160	190	230	100	60	36	20	12	8	5	3	2	1	
243	3229	2200	9999	10	20	50	70	110	140	180	220	260	310	100	60	36	20	12	8	5	3	2	1	
244	3231	1	1800	10	20	30	40	50	60	70	80	90	100	100	60	36	20	12	8	5	3	2	1	
245	3231	1800	2200	10	20	40	60	90	100	130	160	190	230	100	60	36	20	12	8	5	3	2	1	
246	3231	2200	9999	10	20	50	70	110	140	180	220	260	310	100	60	36	20	12	8	5	3	2	1	
247	3232	1	1800	10	20	30	40	50	60	70	80	90	100	100	60	36	20	12	8	5	3	2	1	
248	3232	1800	2200	10	20	40	60	90	100	130	160	190	230	100	60	36	20	12	8	5	3	2	1	
249	3232	2200	9999	10	20	50	70	110	140	180	220	260	310	100	60	36	20	12	8	5	3	2	1	
250	3233	1	1800	10	20	30	40	50	60	70	80	90	100	100	60	36	20	12	8	5	3	2	1	
251	3233	1800	2200	10	20	40	60	90	100	130	160	190	230	100	60	36	20	12	8	5	3	2	1	
252	3233	2200	9999	10	20	50	70	110	140	180	220	260	310	100	60	36	20	12	8	5	3	2	1	
253	3234	1	1800	10	20	30	40	50	60	70	80	90	100	100	60	36	20	12	8	5	3	2	1	
254	3234	1800	2200	10	20	40	60	90	100	130	160	190	230	100	60	36	20	12	8	5	3	2	1	
255	3234	2200	9999	10	20	50	70	110	140	180	220	260	310	100	60	36	20	12	8	5	3	2	1	
256	3235	1	1800	10	20	30	40	50	60	70	80	90	100	100	60	36	20	12	8	5	3	2	1	
257	3235	1800	2200	10	20	40	60	90	100	130	160	190	230	100	60	36	20	12	8	5	3	2	1	
258	3235	2200	9999	10	20	50	70	110	140	180	220	260	310	100	60	36	20	12	8	5	3	2	1	
259	3239	1	1800	10	20	30	40	50	60	70	80	90	100	100	60	36	20	12	8	5	3	2	1	
260	3239	1800	2200	10	20	40	60	90	100	130	160	190	230	100	60	36	20	12	8	5	3	2	1	
261	3239	2200	9999	10	20	50	70	110	140	180	220	260	310	100	60	36	20	12	8	5	3	2	1	
262	3241	1	1800	10	20	30	40	50	60	70	80	90	100	100	60	36	20	12	8	5	3	2	1	
263	3241	1800	2200	10	20	40	60	90	100	130	160	190	230	100	60	36	20	12	8	5	3	2	1	
264	3241	2200	9999	10	20	50	70	110	140	180	220	260	310	100	60	36	20	12	8	5	3	2	1	
265	3242	1	1800	10	20	30	40	50	60	70	80	90	100	100	60	36	20	12	8	5	3	2	1	
266	3242	1800	2200	10	20	40	60	90	100	130	160	190	230	100	60	36	20	12	8	5	3	2	1	
267	3242	2200	9999	10	20	50	70	110	140	180	220	260	310	100	60	36	20	12	8	5	3	2	1	
268	3243	1	1800	10	20	30	40	50	60	70	80	90	100	100	60	36	20	12	8	5	3	2	1	
269	3243	1800	2200	10	20	40	60	90	100	130	160	190	230	100	60	36	20	12	8	5	3	2	1	
270	3243	2200	9999	10	20	50	70	110	140	180	220	260	310	100	60	36	20	12	8	5	3	2	1	
271	3244	1	1800	10	20	30	40	50	60	70	80	90	100	100	60	36	20	12	8	5	3	2	1	
272	3244	1800	2200	10	20	40	60	90	100	130	160	190	230	100	60	36	20	12	8	5	3	2	1	
273	3244	2200	9999	10	20	50	70	110	140	180	220	260	310	100	60	36	20	12	8	5	3	2	1	
274	3245	1	1800	10	20	30	40	50	60	70	80	90	100	100	60	36	20	12	8	5	3	2	1	
275	3245	1800	2200	10	20	40	60	90	100	130	160	190	230	100	60	36	20	12	8	5	3	2	1	
276	3245	2200	9999	10	20	50	70	110	140	180	220	260	310	100	60	36	20	12	8	5	3	2	1	
277	3249	1	1800	10	20	30	40	50	60	70	80	90	100	100	60	36	20	12	8	5	3	2	1	
278	3249	1800	2200	10	20	40	60	90	100	130	160	190	230	100	60	36	20	12	8	5	3	2	1	
279	3249	2200	9999	10	20	50	70	110	140	180	220	260	310	100	60	36	20	12	8	5	3	2	1	
280	3251	1	1800	10	20	30	40	50	60	70	80	90	100	100	60	36	20	12	8	5	3	2	1	
281	3251	1800	2200	10	20	40	60	90	100	130	160	190	230	100	60	36	20	12	8	5	3	2	1	
282	3251	2200	9999	10	20	50	70	110	140	180	220	260	310	100	60	36	20	12	8	5	3	2	1	
283	3252	1	1800	10	20	30	40	50	60	70	80	90	100	100	60	36	20	12	8	5	3	2	1	
284	3252	1800	2200	10	20	40	60	90	100	130	160	190	230	100	60	36	20	12	8	5	3	2	1	
285	3252	2200	9999	10	20	50	70	110	140	180	220	260	310	100	60	36	20	12	8	5	3	2	1	
286	3253	1	1800	10	20	30	40	50	60	70	80	90	100	100	60	36	20	12	8	5	3	2	1	
287	3253	1800	2200	10	20	40	60	90	100	130	160	190	230	100	60	36	20	12	8	5	3	2	1	
288	3253	2200	9999	10	20	50	70	110	140	180	220	260	310	100	60	36	20	12	8	5	3	2	1	
289	3254	1	1800	10	20	30	40	50	60	70	80	90	100	100	60	36	20	12	8	5	3	2	1	
290	3254	1800	2200	10	20	40	60	90	100	130	160	190	230	100	60	36	20	12	8	5	3	2	1	
291	3254	2200	9999	10	20	50	70	110	140	180	220	260	310	100	60	36	20	12	8	5	3	2	1	
292	3255	1	1800	10	20	30	40	50	60	70	80	90	100	100	60	36	20	12	8	5	3	2	1	
293	3255	1800	2200	10	20	40	60	90	100	130	160	190	230	100	60	36	20	12	8	5	3	2	1	
294	3255	2200	9999	10	20	50	70	110	140	180	220	260	310	100	60	36	20	12	8	5	3	2	1	
295	3256	1	1800	10	20	30	40	50	60	70	80	90	100	100	60	36	20	12	8	5	3	2	1	
296	3256	1800	2200	10	20	40	60	90	100	130	160	190	230	100	60	36	20	12	8	5	3	2	1	
297	3256	2200	9999	10	20	50	70	110	140	180	220	260	310	100	60	36	20	12	8	5	3	2	1	
298	3259	1	1800	10	20	30	40	50	60	70	80	90	100	100	60	36	20	12	8	5	3	2	1	
299	3259	1800	2200	10	20	40	60	90	100	130	160	190	230	100	60	36	20	12	8	5	3	2	1	
300	3259	2200	9999	10	20	50	70	110	140	180	220	260	310	100	60	36	20	12	8	5	3	2	1	
301	3261	1	1800	10	20	30	40	50	60	70	80	90	100	100	60	36	20	12	8	5	3	2	1	
302	3261	1800	2200	10	20	40	60	90	100	130	160	190	230	100	60	36	20	12	8	5	3	2	1	
303	3261	2200	9999	10	20	50	70	110	140	180	220	260	310	100	60	36	20	12	8	5	3	2	1	
304	3262	1	1800	10	20	30	40	50	60	70	80	90	100	100	60	36	20	12	8	5	3	2	1	
305	3262	1800	2200	10	20	40	60	90	100	130	160	190	230	100	60	36	20	12	8	5	3	2	1	
306	3262	2200	9999	10	20	50	70	110	140	180	220	260	310	100	60	36	20	12	8	5	3	2	1	
307	3263	1	1800	10	20	30	40	50	60	70	80	90	100	100	60	36	20	12	8	5	3	2	1	
308	3263	1800	2200	10	20	40	60	90	100	130	160	190	230	100	60	36	20	12	8	5	3	2	1	
309	3263	2200	9999	10	20	50	70	110	140	180	220	260	310	100	60	36	20	12	8	5	3	2	1	
310	3264	1	1800	10	20	30	40	50	60	70	80	90	100	100	60	36	20	12	8	5	3	2	1	
311	3264	1800	2200	10	20	40	60	90	100	130	160	190	230	100	60	36	20	12	8	5	3	2	1	
312	3264	2200	9999	10	20	50	70	110	140	180	220	260	310	100	60	36	20	12	8	5	3	2	1	
313	3265	1	1800	10	20	30	40	50	60	70	80	90	100	100	60	36	20	12	8	5	3	2	1	
314	3265	1800	2200	10	20	40	60	90	100	130	160	190	230	100	60	36	20	12	8	5	3	2	1	
315	3265	2200	9999	10	20	50	70	110	140	180	220	260	310	100	60	36	20	12	8	5	3	2	1	
316	3266	1	1800	10	20	30	40	50	60	70	80	90	100	100	60	36	20	12	8	5	3	2	1	
317	3266	1800	2200	10	20	40	60	90	100	130	160	190	230	100	60	36	20	12	8	5	3	2	1	
318	3266	2200	9999	10	20	50	70	110	140	180	220	260	310	100	60	36	20	12	8	5	3	2	1	
319	3269	1	1800	10	20	30	40	50	60	70	80	90	100	100	60	36	20	12	8	5	3	2	1	
320	3269	1800	2200	10	20	40	60	90	100	130	160	190	230	100	60	36	20	12	8	5	3	2	1	
321	3269	2200	9999	10	20	50	70	110	140	180	220	260	310	100	60	36	20	12	8	5	3	2	1	
322	3271	1	1800	10	20	30	40	50	60	70	80	90	100	100	60	36	20	12	8	5	3	2	1	
323	3271	1800	2200	10	20	40	60	90	100	130	160	190	230	100	60	36	20	12	8	5	3	2	1	
324	3271	2200	9999	10	20	50	70	110	140	180	220	260	310	100	60	36	20	12	8	5	3	2	1	
325	3272	1	1800	10	20	30	40	50	60	70	80	90	100	100	60	36	20	12	8	5	3	2	1	
326	3272	1800	2200	10	20	40	60	90	100	130	160	190	230	100	60	36	20	12	8	5	3	2	1	
327	3272	2200	9999	10	20	50	70	110	140	180	220	260	310	100	60	36	20	12	8	5	3	2	1	
328	3273	1	1800	10	20	30	40	50	60	70	80	90	100	100	60	36	20	12	8	5	3	2	1	
329	3273	1800	2200	10	20	40	60	90	100	130	160	190	230	100	60	36	20	12	8	5	3	2	1	
330	3273	2200	9999	10	20	50	70	110	140	180	220	260	310	100	60	36	20	12	8	5	3	2	1	
331	3274	1	1800	10	20	30	40	50	60	70	80	90	100	100	60	36	20	12	8	5	3	2	1	
332	3274	1800	2200	10	20	40	60	90	100	130	160	190	230	100	60	36	20	12	8	5	3	2	1	
333	3274	2200	9999	10	20	50	70	110	140	180	220	260	310	100	60	36	20	12	8	5	3	2	1	
334	3275	1	1800	10	20	30	40	50	60	70	80	90	100	100	60	36	20	12	8	5	3	2	1	
335	3275	1800	2200	10	20	40	60	90	100	130	160	190	230	100	60	36	20	12	8	5	3	2	1	
336	3275	2200	9999	10	20	50	70	110	140	180	220	260	310	100	60	36	20	12	8	5	3	2	1	
337	3276	1	1800	10	20	30	40	50	60	70	80	90	100	100	60	36	20	12	8	5	3	2	1	
338	3276	1800	2200	10	20	40	60	90	100	130	160	190	230	100	60	36	20	12	8	5	3	2	1	
339	3276	2200	9999	10	20	50	70	110	140	180	220	260	310	100	60	36	20	12	8	5	3	2	1	
340	3279	1	1800	10	20	30	40	50	60	70	80	90	100	100	60	36	20	12	8	5	3	2	1	
341	3279	1800	2200	10	20	40	60	90	100	130	160	190	230	100	60	36	20	12	8	5	3	2	1	
342	3279	2200	9999	10	20	50	70	110	140	180	220	260	310	100	60	36	20	12	8	5	3	2	1	
343	3281	1	1800	10	20	30	40	50	60	70	80	90	100	100	60	36	20	12	8	5	3	2	1	
344	3281	1800	2200	10	20	40	60	90	100	130	160	190	230	100	60	36	20	12	8	5	3	2	1	
345	3281	2200	9999	10	20	50	70	110	140	180	220	260	310	100	60	36	20	12	8	5	3	2	1	
346	3282	1	1800	10	20	30	40	50	60	70	80	90	100	100	60	36	20	12	8	5	3	2	1	
347	3282	1800	2200	10	20	40	60	90	100	130	160	190	230	100	60	36	20	12	8	5	3	2	1	
348	3282	2200	9999	10	20	50	70	110	140	180	220	260	310	100	60	36	20	12	8	5	3	2	1	
349	3283	1	1800	10	20	30	40	50	60	70	80	90	100	100	60	36	20	12	8	5	3	2	1	
350	3283	1800	2200	10	20	40	60	90	100	130	160	190	230	100	60	36	20	12	8	5	3	2	1	
351	3283	2200	9999	10	20	50	70	110	140	180	220	260	310	100	60	36	20	12	8	5	3	2	1	
352	3284	1	1800	10	20	30	40	50	60	70	80	90	100	100	60	36	20	12	8	5	3	2	1	
353	3284	1800	2200	10	20	40	60	90	100	130	160	190	230	100	60	36	20	12	8	5	3	2	1	
354	3284	2200	9999	10	20	50	70	110	140	180	220	260	310	100	60	36	20	12	8	5	3	2	1	
355	3285	1	1800	10	20	30	40	50	60	70	80	90	100	100	60	36	20	12	8	5	3	2	1	
356	3285	1800	2200	10	20	40	60	90	100	130	160	190	230	100	60	36	20	12	8	5	3	2	1	
357	3285	2200	9999	10	20	50	70	110	140	180	220	260	310	100	60	36	20	12	8	5	3	2	1	
358	3286	1	1800	10	20	30	40	50	60	70	80	90	100	100	60	36	20	12	8	5	3	2	1	
359	3286	1800	2200	10	20	40	60	90	100	130	160	190	230	100	60	36	20	12	8	5	3	2	1	
360	3286	2200	9999	10	20	50	70	110	140	180	220	260	310	100	60	36	20	12	8	5	3	2	1	
361	3289	1	1800	10	20	30	40	50	60	70	80	90	100	100	60	36	20	12	8	5	3	2	1	
362	3289	1800	2200	10	20	40	60	90	100	130	160	190	230	100	60	36	20	12	8	5	3	2	1	
363	3289	2200	9999	10	20	50	70	110	140	180	220	260	310	100	60	36	20	12	8	5	3	2	1	
364	3291	1	1800	10	20	30	40	50	60	70	80	90	100	100	60	36	20	12	8	5	3	2	1	
365	3291	1800	2200	10	20	40	60	90	100	130	160	190	230	100	60	36	20	12	8	5	3	2	1	
366	3291	2200	9999	10	20	50	70	110	140	180	220	260	310	100	60	36	20	12	8	5	3	2	1	
367	3292	1	1800	10	20	30	40	50	60	70	80	90	100	100	60	36	20	12	8	5	3	2	1	
368	3292	1800	2200	10	20	40	60	90	100	130	160	190	230	100	60	36	20	12	8	5	3	2	1	
369	3292	2200	9999	10	20	50	70	110	140	180	220	260	310	100	60	36	20	12	8	5	3	2	1	
370	3293	1	1800	10	20	30	40	50	60	70	80	90	100	100	60	36	20	12	8	5	3	2	1	
371	3293	1800	2200	10	20	40	60	90	100	130	160	190	230	100	60	36	20	12	8	5	3	2	1	
372	3293	2200	9999	10	20	50	70	110	140	180	220	260	310	100	60	36	20	12	8	5	3	2	1	
373	3294	1	1800	10	20	30	40	50	60	70	80	90	100	100	60	36	20	12	8	5	3	2	1	
374	3294	1800	2200	10	20	40	60	90	100	130	160	190	230	100	60	36	20	12	8	5	3	2	1	
375	3294	2200	9999	10	20	50	70	110	140	180	220	260	310	100	60	36	20	12	8	5	3	2	1	
376	3295	1	1800	10	20	30	40	50	60	70	80	90	100	100	60	36	20	12	8	5	3	2	1	
377	3295	1800	2200	10	20	40	60	90	100	130	160	190	230	100	60	36	20	12	8	5	3	2	1	
378	3295	2200	9999	10	20	50	70	110	140	180	220	260	310	100	60	36	20	12	8	5	3	2	1	
379	3296	1	1800	10	20	30	40	50	60	70	80	90	100	100	60	36	20	12	8	5	3	2	1	
380	3296	1800	2200	10	20	40	60	90	100	130	160	190	230	100	60	36	20	12	8	5	3	2	1	
381	3296	2200	9999	10	20	50	70	110	140	180	220	260	310	100	60	36	20	12	8	5	3	2	1	
382	3297	1	1800	10	20	30	40	50	60	70	80	90	100	100	60	36	20	12	8	5	3	2	1	
383	3297	1800	2200	10	20	40	60	90	100	130	160	190	230	100	60	36	20	12	8	5	3	2	1	
384	3297	2200	9999	10	20	50	70	110	140	180	220	260	310	100	60	36	20	12	8	5	3	2	1	
385	3299	1	1800	10	20	30	40	50	60	70	80	90	100	100	60	36	20	12	8	5	3	2	1	
386	3299	1800	2200	10	20	40	60	90	100	130	160	190	230	100	60	36	20	12	8	5	3	2	1	
387	3299	2200	9999	10	20	50	70	110	140	180	220	260	310	100	60	36	20	12	8	5	3	2	1	
388	3301	1	1800	10	20	30	40	50	60	70	80	90	100	100	60	36	20	12	8	5	3	2	1	
389	3301	1800	2200	10	20	40	60	90	100	130	160	190	230	100	60	36	20	12	8	5	3	2	1	
390	3301	2200	9999	10	20	50	70	110	140	180	220	260	310	100	60	36	20	12	8	5	3	2	1	
391	3302	1	1800	10	20	30	40	50	60	70	80	90	100	100	60	36	20	12	8	5	3	2	1	
392	3302	1800	2200	10	20	40	60	90	100	130	160	190	230	100	60	36	20	12	8	5	3	2	1	
393	3302	2200	9999	10	20	50	70	110	140	180	220	260	310	100	60	36	20	12	8	5	3	2	1	
394	3303	1	1800	10	20	30	40	50	60	70	80	90	100	100	60	36	20	12	8	5	3	2	1	
395	3303	1800	2200	10	20	40	60	90	100	130	160	190	230	100	60	36	20	12	8	5	3	2	1	
396	3303	2200	9999	10	20	50	70	110	140	180	220	260	310	100	60	36	20	12	8	5	3	2	1	
397	3304	1	1800	10	20	30	40	50	60	70	80	90	100	100	60	36	20	12	8	5	3	2	1	
398	3304	1800	2200	10	20	40	60	90	100	130	160	190	230	100	60	36	20	12	8	5	3	2	1	
399	3304	2200	9999	10	20	50	70	110	140	180	220	260	310	100	60	36	20	12	8	5	3	2	1	
400	3305	1	1800	10	20	30	40	50	60	70	80	90	100	100	60	36	20	12	8	5	3	2	1	
401	3305	1800	2200	10	20	40	60	90	100	130	160	190	230	100	60	36	20	12	8	5	3	2	1	
402	3305	2200	9999	10	20	50	70	110	140	180	220	260	310	100	60	36	20	12	8	5	3	2	1	
403	3306	1	1800	10	20	30	40	50	60	70	80	90	100	100	60	36	20	12	8	5	3	2	1	
404	3306	1800	2200	10	20	40	60	90	100	130	160	190	230	100	60	36	20	12	8	5	3	2	1	
405	3306	2200	9999	10	20	50	70	110	140	180	220	260	310	100	60	36	20	12	8	5	3	2	1	
406	3307	1	1800	10	20	30	40	50	60	70	80	90	100	100	60	36	20	12	8	5	3	2	1	
407	3307	1800	2200	10	20	40	60	90	100	130	160	190	230	100	60	36	20	12	8	5	3	2	1	
408	3307	2200	9999	10	20	50	70	110	140	180	220	260	310	100	60	36	20	12	8	5	3	2	1	
409	3309	1	1800	10	20	30	40	50	60	70	80	90	100	100	60	36	20	12	8	5	3	2	1	
410	3309	1800	2200	10	20	40	60	90	100	130	160	190	230	100	60	36	20	12	8	5	3	2	1	
411	3309	2200	9999	10	20	50	70	110	140	180	220	260	310	100	60	36	20	12	8	5	3	2	1	
412	3311	1	1800	10	20	30	40	50	60	70	80	90	100	100	60	36	20	12	8	5	3	2	1	
413	3311	1800	2200	10	20	40	60	90	100	130	160	190	230	100	60	36	20	12	8	5	3	2	1	
414	3311	2200	9999	10	20	50	70	110	140	180	220	260	310	100	60	36	20	12	8	5	3	2	1	
415	3312	1	1800	10	20	30	40	50	60	70	80	90	100	100	60	36	20	12	8	5	3	2	1	
416	3312	1800	2200	10	20	40	60	90	100	130	160	190	230	100	60	36	20	12	8	5	3	2	1	
417	3312	2200	9999	10	20	50	70	110	140	180	220	260	310	100	60	36	20	12	8	5	3	2	1	
418	3313	1	1800	10	20	30	40	50	60	70	80	90	100	100	60	36	20	12	8	5	3	2	1	
419	3313	1800	2200	10	20	40	60	90	100	130	160	190	230	100	60	36	20	12	8	5	3	2	1	
420	3313	2200	9999	10	20	50	70	110	140	180	220	260	310	100	60	36	20	12	8	5	3	2	1	
421	3314	1	1800	10	20	30	40	50	60	70	80	90	100	100	60	36	20	12	8	5	3	2	1	
422	3314	1800	2200	10	20	40	60	90	100	130	160	190	230	100	60	36	20	12	8	5	3	2	1	
423	3314	2200	9999	10	20	50	70	110	140	180	220	260	310	100	60	36	20	12	8	5	3	2	1	
424	3315	1	1800	10	20	30	40	50	60	70	80	90	100	100	60	36	20	12	8	5	3	2	1	
425	3315	1800	2200	10	20	40	60	90	100	130	160	190	230	100	60	36	20	12	8	5	3	2	1	
426	3315	2200	9999	10	20	50	70	110	140	180	220	260	310	100	60	36	20	12	8	5	3	2	1	
427	3316	1	1800	10	20	30	40	50	60	70	80	90	100	100	60	36	20	12	8	5	3	2	1	
428	3316	1800	2200	10	20	40	60	90	100	130	160	190	230	100	60	36	20	12	8	5	3	2	1	
429	3316	2200	9999	10	20	50	70	110	140	180	220	260	310	100	60	36	20	12	8	5	3	2	1	
430	3317	1	1800	10	20	30	40	50	60	70	80	90	100	100	60	36	20	12	8	5	3	2	1	
431	3317	1800	2200	10	20	40	60	90	100	130	160	190	230	100	60	36	20	12	8	5	3	2	1	
432	3317	2200	9999	10	20	50	70	110	140	180	220	260	310	100	60	36	20	12	8	5	3	2	1	
433	3319	1	1800	10	20	30	40	50	60	70	80	90	100	100	60	36	20	12	8	5	3	2	1	
434	3319	1800	2200	10	20	40	60	90	100	130	160	190	230	100	60	36	20	12	8	5	3	2	1	
435	3319	2200	9999	10	20	50	70	110	140	180	220	260	310	100	60	36	20	12	8	5	3	2	1	
436	3321	1	1800	10	20	30	40	50	60	70	80	90	100	100	60	36	20	12	8	5	3	2	1	
437	3321	1800	2200	10	20	40	60	90	100	130	160	190	230	100	60	36	20	12	8	5	3	2	1	
438	3321	2200	9999	10	20	50	70	110	140	180	220	260	310	100	60	36	20	12	8	5	3	2	1	
439	3322	1	1800	10	20	30	40	50	60	70	80	90	100	100	60	36	20	12	8	5	3	2	1	
440	3322	1800	2200	10	20	40	60	90	100	130	160	190	230	100	60	36	20	12	8	5	3	2	1	
441	3322	2200	9999	10	20	50	70	110	140	180	220	260	310	100	60	36	20	12	8	5	3	2	1	
442	3323	1	1800	10	20	30	40	50	60	70	80	90	100	100	60	36	20	12	8	5	3	2	1	
443	3323	1800	2200	10	20	40	60	90	100	130	160	190	230	100	60	36	20	12	8	5	3	2	1	
444	3323	2200	9999	10	20	50	70	110	140	180	220	260	310	100	60	36	20	12	8	5	3	2	1	
445	3324	1	1800	10	20	30	40	50	60	70	80	90	100	100	60	36	20	12	8	5	3	2	1	
446	3324	1800	2200	10	20	40	60	90	100	130	160	190	230	100	60	36	20	12	8	5	3	2	1	
447	3324	2200	9999	10	20	50	70	110	140	180	220	260	310	100	60	36	20	12	8	5	3	2	1	
448	3325	1	1800	10	20	30	40	50	60	70	80	90	100	100	60	36	20	12	8	5	3	2	1	
449	3325	1800	2200	10	20	40	60	90	100	130	160	190	230	100	60	36	20	12	8	5	3	2	1	
450	3325	2200	9999	10	20	50	70	110	140	180	220	260	310	100	60	36	20	12	8	5	3	2	1	
451	3326	1	1800	10	20	30	40	50	60	70	80	90	100	100	60	36	20	12	8	5	3	2	1	
452	3326	1800	2200	10	20	40	60	90	100	130	160	190	230	100	60	36	20	12	8	5	3	2	1	
453	3326	2200	9999	10	20	50	70	110	140	180	220	260	310	100	60	36	20	12	8	5	3	2	1	
454	3327	1	1800	10	20	30	40	50	60	70	80	90	100	100	60	36	20	12	8	5	3	2	1	
455	3327	1800	2200	10	20	40	60	90	100	130	160	190	230	100	60	36	20	12	8	5	3	2	1	
456	3327	2200	9999	10	20	50	70	110	140	180	220	260	310	100	60	36	20	12	8	5	3	2	1	
457	3329	1	1800	10	20	30	40	50	60	70	80	90	100	100	60	36	20	12	8	5	3	2	1	
458	3329	1800	2200	10	20	40	60	90	100	130	160	190	230	100	60	36	20	12	8	5	3	2	1	
459	3329	2200	9999	10	20	50	70	110	140	180	220	260	310	100	60	36	20	12	8	5	3	2	1	
460	3331	1	1800	10	20	30	40	50	60	70	80	90	100	100	60	36	20	12	8	5	3	2	1	
461	3331	1800	2200	10	20	40	60	90	100	130	160	190	230	100	60	36	20	12	8	5	3	2	1	
462	3331	2200	9999	10	20	50	70	110	140	180	220	260	310	100	60	36	20	12	8	5	3	2	1	
463	3332	1	1800	10	20	30	40	50	60	70	80	90	100	100	60	36	20	12	8	5	3	2	1	
464	3332	1800	2200	10	20	40	60	90	100	130	160	190	230	100	60	36	20	12	8	5	3	2	1	
465	3332	2200	9999	10	20	50	70	110	140	180	220	260	310	100	60	36	20	12	8	5	3	2	1	
466	3333	1	1800	10	20	30	40	50	60	70	80	90	100	100	60	36	20	12	8	5	3	2	1	
467	3333	1800	2200	10	20	40	60	90	100	130	160	190	230	100	60	36	20	12	8	5	3	2	1	
468	3333	2200	9999	10	20	50	70	110	140	180	220	260	310	100	60	36	20	12	8	5	3	2	1	
469	3334	1	1800	10	20	30	40	50	60	70	80	90	100	100	60	36	20	12	8	5	3	2	1	
470	3334	1800	2200	10	20	40	60	90	100	130	160	190	230	100	60	36	20	12	8	5	3	2	1	
471	3334	2200	9999	10	20	50	70	110	140	180	220	260	310	100	60	36	20	12	8	5	3	2	1	
472	3335	1	1800	10	20	30	40	50	60	70	80	90	100	100	60	36	20	12	8	5	3	2	1	
473	3335	1800	2200	10	20	40	60	90	100	130	160	190	230	100	60	36	20	12	8	5	3	2	1	
474	3335	2200	9999	10	20	50	70	110	140	180	220	260	310	100	60	36	20	12	8	5	3	2	1	
475	3336	1	1800	10	20	30	40	50	60	70	80	90	100	100	60	36	20	12	8	5	3	2	1	
476	3336	1800	2200	10	20	40	60	90	100	130	160	190	230	100	60	36	20	12	8	5	3	2	1	
477	3336	2200	9999	10	20	50	70	110	140	180	220	260	310	100	60	36	20	12	8	5	3	2	1	
478	3337	1	1800	10	20	30	40	50	60	70	80	90	100	100	60	36	20	12	8	5	3	2	1	
479	3337	1800	2200	10	20	40	60	90	100	130	160	190	230	100	60	36	20	12	8	5	3	2	1	
480	3337	2200	9999	10	20	50	70	110	140	180	220	260	310	100	60	36	20	12	8	5	3	2	1	
481	3338	1	1800	10	20	30	40	50	60	70	80	90	100	100	60	36	20	12	8	5	3	2	1	
482	3338	1800	2200	10	20	40	60	90	100	130	160	190	230	100	60	36	20	12	8	5	3	2	1	
483	3338	2200	9999	10	20	50	70	110	140	180	220	260	310	100	60	36	20	12	8	5	3	2	1	
484	3339	1	1800	10	20	30	40	50	60	70	80	90	100	100	60	36	20	12	8	5	3	2	1	
485	3339	1800	2200	10	20	40	60	90	100	130	160	190	230	100	60	36	20	12	8	5	3	2	1	
486	3339	2200	9999	10	20	50	70	110	140	180	220	260	310	100	60	36	20	12	8	5	3	2	1	
487	3341	1	1800	10	20	30	40	50	60	70	80	90	100	100	60	36	20	12	8	5	3	2	1	
488	3341	1800	2200	10	20	40	60	90	100	130	160	190	230	100	60	36	20	12	8	5	3	2	1	
489	3341	2200	9999	10	20	50	70	110	140	180	220	260	310	100	60	36	20	12	8	5	3	2	1	
490	3342	1	1800	10	20	30	40	50	60	70	80	90	100	100	60	36	20	12	8	5	3	2	1	
491	3342	1800	2200	10	20	40	60	90	100	130	160	190	230	100	60	36	20	12	8	5	3	2	1	
492	3342	2200	9999	10	20	50	70	110	140	180	220	260	310	100	60	36	20	12	8	5	3	2	1	
493	3343	1	1800	10	20	30	40	50	60	70	80	90	100	100	60	36	20	12	8	5	3	2	1	
494	3343	1800	2200	10	20	40	60	90	100	130	160	190	230	100	60	36	20	12	8	5	3	2	1	
495	3343	2200	9999	10	20	50	70	110	140	180	220	260	310	100	60	36	20	12	8	5	3	2	1	
496	3344	1	1800	10	20	30	40	50	60	70	80	90	100	100	60	36	20	12	8	5	3	2	1	
497	3344	1800	2200	10	20	40	60	90	100	130	160	190	230	100	60	36	20	12	8	5	3	2	1	
498	3344	2200	9999	10	20	50	70	110	140	180	220	260	310	100	60	36	20	12	8	5	3	2	1	
499	3345	1	1800	10	20	30	40	50	60	70	80	90	100	100	60	36	20	12	8	5	3	2	1	
500	3345	1800	2200	10	20	40	60	90	100	130	160	190	230	100	60	36	20	12	8	5	3	2	1	
501	3345	2200	9999	10	20	50	70	110	140	180	220	260	310	100	60	36	20	12	8	5	3	2	1	
502	3346	1	1800	10	20	30	40	50	60	70	80	90	100	100	60	36	20	12	8	5	3	2	1	
503	3346	1800	2200	10	20	40	60	90	100	130	160	190	230	100	60	36	20	12	8	5	3	2	1	
504	3346	2200	9999	10	20	50	70	110	140	180	220	260	310	100	60	36	20	12	8	5	3	2	1	
505	3347	1	1800	10	20	30	40	50	60	70	80	90	100	100	60	36	20	12	8	5	3	2	1	
506	3347	1800	2200	10	20	40	60	90	100	130	160	190	230	100	60	36	20	12	8	5	3	2	1	
507	3347	2200	9999	10	20	50	70	110	140	180	220	260	310	100	60	36	20	12	8	5	3	2	1	
508	3348	1	1800	10	20	30	40	50	60	70	80	90	100	100	60	36	20	12	8	5	3	2	1	
509	3348	1800	2200	10	20	40	60	90	100	130	160	190	230	100	60	36	20	12	8	5	3	2	1	
510	3348	2200	9999	10	20	50	70	110	140	180	220	260	310	100	60	36	20	12	8	5	3	2	1	
511	3349	1	1800	10	20	30	40	50	60	70	80	90	100	100	60	36	20	12	8	5	3	2	1	
512	3349	1800	2200	10	20	40	60	90	100	130	160	190	230	100	60	36	20	12	8	5	3	2	1	
513	3349	2200	9999	10	20	50	70	110	140	180	220	260	310	100	60	36	20	12	8	5	3	2	1	
514	3351	1	1800	10	20	30	40	50	60	70	80	90	100	100	60	36	20	12	8	5	3	2	1	
515	3351	1800	2200	10	20	40	60	90	100	130	160	190	230	100	60	36	20	12	8	5	3	2	1	
516	3351	2200	9999	10	20	50	70	110	140	180	220	260	310	100	60	36	20	12	8	5	3	2	1	
517	3352	1	1800	10	20	30	40	50	60	70	80	90	100	100	60	36	20	12	8	5	3	2	1	
518	3352	1800	2200	10	20	40	60	90	100	130	160	190	230	100	60	36	20	12	8	5	3	2	1	
519	3352	2200	9999	10	20	50	70	110	140	180	220	260	310	100	60	36	20	12	8	5	3	2	1	
520	3359	1	1800	10	20	30	40	50	60	70	80	90	100	100	60	36	20	12	8	5	3	2	1	
521	3359	1800	2200	10	20	40	60	90	100	130	160	190	230	100	60	36	20	12	8	5	3	2	1	
522	3359	2200	9999	10	20	50	70	110	140	180	220	260	310	100	60	36	20	12	8	5	3	2	1	
523	3361	1	1800	10	20	30	40	50	60	70	80	90	100	100	60	36	20	12	8	5	3	2	1	
524	3361	1800	2200	10	20	40	60	90	100	130	160	190	230	100	60	36	20	12	8	5	3	2	1	
525	3361	2200	9999	10	20	50	70	110	140	180	220	260	310	100	60	36	20	12	8	5	3	2	1	
526	3362	1	1800	10	20	30	40	50	60	70	80	90	100	100	60	36	20	12	8	5	3	2	1	
527	3362	1800	2200	10	20	40	60	90	100	130	160	190	230	100	60	36	20	12	8	5	3	2	1	
528	3362	2200	9999	10	20	50	70	110	140	180	220	260	310	100	60	36	20	12	8	5	3	2	1	
529	3369	1	1800	10	20	30	40	50	60	70	80	90	100	100	60	36	20	12	8	5	3	2	1	
530	3369	1800	2200	10	20	40	60	90	100	130	160	190	230	100	60	36	20	12	8	5	3	2	1	
531	3369	2200	9999	10	20	50	70	110	140	180	220	260	310	100	60	36	20	12	8	5	3	2	1	
532	3371	1	1800	10	20	30	40	50	60	70	80	90	100	100	60	36	20	12	8	5	3	2	1	
533	3371	1800	2200	10	20	40	60	90	100	130	160	190	230	100	60	36	20	12	8	5	3	2	1	
534	3371	2200	9999	10	20	50	70	110	140	180	220	260	310	100	60	36	20	12	8	5	3	2	1	
535	3372	1	1800	10	20	30	40	50	60	70	80	90	100	100	60	36	20	12	8	5	3	2	1	
536	3372	1800	2200	10	20	40	60	90	100	130	160	190	230	100	60	36	20	12	8	5	3	2	1	
537	3372	2200	9999	10	20	50	70	110	140	180	220	260	310	100	60	36	20	12	8	5	3	2	1	
538	3379	1	1800	10	20	30	40	50	60	70	80	90	100	100	60	36	20	12	8	5	3	2	1	
539	3379	1800	2200	10	20	40	60	90	100	130	160	190	230	100	60	36	20	12	8	5	3	2	1	
540	3379	2200	9999	10	20	50	70	110	140	180	220	260	310	100	60	36	20	12	8	5	3	2	1	
541	3381	1	1800	10	20	30	40	50	60	70	80	90	100	100	60	36	20	12	8	5	3	2	1	
542	3381	1800	2200	10	20	40	60	90	100	130	160	190	230	100	60	36	20	12	8	5	3	2	1	
543	3381	2200	9999	10	20	50	70	110	140	180	220	260	310	100	60	36	20	12	8	5	3	2	1	
544	3382	1	1800	10	20	30	40	50	60	70	80	90	100	100	60	36	20	12	8	5	3	2	1	
545	3382	1800	2200	10	20	40	60	90	100	130	160	190	230	100	60	36	20	12	8	5	3	2	1	
546	3382	2200	9999	10	20	50	70	110	140	180	220	260	310	100	60	36	20	12	8	5	3	2	1	
547	3389	1	1800	10	20	30	40	50	60	70	80	90	100	100	60	36	20	12	8	5	3	2	1	
548	3389	1800	2200	10	20	40	60	90	100	130	160	190	230	100	60	36	20	12	8	5	3	2	1	
549	3389	2200	9999	10	20	50	70	110	140	180	220	260	310	100	60	36	20	12	8	5	3	2	1	
550	3391	1	1800	10	20	30	40	50	60	70	80	90	100	100	60	36	20	12	8	5	3	2	1	
551	3391	1800	2200	10	20	40	60	90	100	130	160	190	230	100	60	36	20	12	8	5	3	2	1	
552	3391	2200	9999	10	20	50	70	110	140	180	220	260	310	100	60	36	20	12	8	5	3	2	1	
553	3392	1	1800	10	20	30	40	50	60	70	80	90	100	100	60	36	20	12	8	5	3	2	1	
554	3392	1800	2200	10	20	40	60	90	100	130	160	190	230	100	60	36	20	12	8	5	3	2	1	
555	3392	2200	9999	10	20	50	70	110	140	180	220	260	310	100	60	36	20	12	8	5	3	2	1	
556	3399	1	1800	10	20	30	40	50	60	70	80	90	100	100	60	36	20	12	8	5	3	2	1	
557	3399	1800	2200	10	20	40	60	90	100	130	160	190	230	100	60	36	20	12	8	5	3	2	1	
558	3399	2200	9999	10	20	50	70	110	140	180	220	260	310	100	60	36	20	12	8	5	3	2	1	
559	3401	1	1800	10	20	30	40	50	60	70	80	90	100	100	60	36	20	12	8	5	3	2	1	
560	3401	1800	2200	10	20	40	60	90	100	130	160	190	230	100	60	36	20	12	8	5	3	2	1	
561	3401	2200	9999	10	20	50	70	110	140	180	220	260	310	100	60	36	20	12	8	5	3	2	1	
562	3402	1	1800	10	20	30	40	50	60	70	80	90	100	100	60	36	20	12	8	5	3	2	1	
563	3402	1800	2200	10	20	40	60	90	100	130	160	190	230	100	60	36	20	12	8	5	3	2	1	
564	3402	2200	9999	10	20	50	70	110	140	180	220	260	310	100	60	36	20	12	8	5	3	2	1	
565	3409	1	1800	10	20	30	40	50	60	70	80	90	100	100	60	36	20	12	8	5	3	2	1	
566	3409	1800	2200	10	20	40	60	90	100	130	160	190	230	100	60	36	20	12	8	5	3	2	1	
567	3409	2200	9999	10	20	50	70	110	140	180	220	260	310	100	60	36	20	12	8	5	3	2	1	
568	3411	1	1800	10	20	30	40	50	60	70	80	90	100	100	60	36	20	12	8	5	3	2	1	
569	3411	1800	2200	10	20	40	60	90	100	130	160	190	230	100	60	36	20	12	8	5	3	2	1	
570	3411	2200	9999	10	20	50	70	110	140	180	220	260	310	100	60	36	20	12	8	5	3	2	1	
571	3412	1	1800	10	20	30	40	50	60	70	80	90	100	100	60	36	20	12	8	5	3	2	1	
572	3412	1800	2200	10	20	40	60	90	100	130	160	190	230	100	60	36	20	12	8	5	3	2	1	
573	3412	2200	9999	10	20	50	70	110	140	180	220	260	310	100	60	36	20	12	8	5	3	2	1	
574	3419	1	1800	10	20	30	40	50	60	70	80	90	100	100	60	36	20	12	8	5	3	2	1	
575	3419	1800	2200	10	20	40	60	90	100	130	160	190	230	100	60	36	20	12	8	5	3	2	1	
576	3419	2200	9999	10	20	50	70	110	140	180	220	260	310	100	60	36	20	12	8	5	3	2	1	
577	3421	1	1800	10	20	30	40	50	60	70	80	90	100	100	60	36	20	12	8	5	3	2	1	
578	3421	1800	2200	10	20	40	60	90	100	130	160	190	230	100	60	36	20	12	8	5	3	2	1	
579	3421	2200	9999	10	20	50	70	110	140	180	220	260	310	100	60	36	20	12	8	5	3	2	1	
580	3422	1	1800	10	20	30	40	50	60	70	80	90	100	100	60	36	20	12	8	5	3	2	1	
581	3422	1800	2200	10	20	40	60	90	100	130	160	190	230	100	60	36	20	12	8	5	3	2	1	
582	3422	2200	9999	10	20	50	70	110	140	180	220	260	310	100	60	36	20	12	8	5	3	2	1	
583	3429	1	1800	10	20	30	40	50	60	70	80	90	100	100	60	36	20	12	8	5	3	2	1	
584	3429	1800	2200	10	20	40	60	90	100	130	160	190	230	100	60	36	20	12	8	5	3	2	1	
585	3429	2200	9999	10	20	50	70	110	140	180	220	260	310	100	60	36	20	12	8	5	3	2	1	
586	3431	1	1800	10	20	30	40	50	60	70	80	90	100	100	60	36	20	12	8	5	3	2	1	
587	3431	1800	2200	10	20	40	60	90	100	130	160	190	230	100	60	36	20	12	8	5	3	2	1	
588	3431	2200	9999	10	20	50	70	110	140	180	220	260	310	100	60	36	20	12	8	5	3	2	1	
589	3432	1	1800	10	20	30	40	50	60	70	80	90	100	100	60	36	20	12	8	5	3	2	1	
590	3432	1800	2200	10	20	40	60	90	100	130	160	190	230	100	60	36	20	12	8	5	3	2	1	
591	3432	2200	9999	10	20	50	70	110	140	180	220	260	310	100	60	36	20	12	8	5	3	2	1	
592	3433	1	1800	10	20	30	40	50	60	70	80	90	100	100	60	36	20	12	8	5	3	2	1	
593	3433	1800	2200	10	20	40	60	90	100	130	160	190	230	100	60	36	20	12	8	5	3	2	1	
594	3433	2200	9999	10	20	50	70	110	140	180	220	260	310	100	60	36	20	12	8	5	3	2	1	
595	3434	1	1800	10	20	30	40	50	60	70	80	90	100	100	60	36	20	12	8	5	3	2	1	
596	3434	1800	2200	10	20	40	60	90	100	130	160	190	230	100	60	36	20	12	8	5	3	2	1	
597	3434	2200	9999	10	20	50	70	110	140	180	220	260	310	100	60	36	20	12	8	5	3	2	1	
598	3435	1	1800	10	20	30	40	50	60	70	80	90	100	100	60	36	20	12	8	5	3	2	1	
599	3435	1800	2200	10	20	40	60	90	100	130	160	190	230	100	60	36	20	12	8	5	3	2	1	
600	3435	2200	9999	10	20	50	70	110	140	180	220	260	310	100	60	36	20	12	8	5	3	2	1	
601	3436	1	1800	10	20	30	40	50	60	70	80	90	100	100	60	36	20	12	8	5	3	2	1	
602	3436	1800	2200	10	20	40	60	90	100	130	160	190	230	100	60	36	20	12	8	5	3	2	1	
603	3436	2200	9999	10	20	50	70	110	140	180	220	260	310	100	60	36	20	12	8	5	3	2	1	
604	3439	1	1800	10	20	30	40	50	60	70	80	90	100	100	60	36	20	12	8	5	3	2	1	
605	3439	1800	2200	10	20	40	60	90	100	130	160	190	230	100	60	36	20	12	8	5	3	2	1	
606	3439	2200	9999	10	20	50	70	110	140	180	220	260	310	100	60	36	20	12	8	5	3	2	1	
607	3441	1	1800	10	20	30	40	50	60	70	80	90	100	100	60	36	20	12	8	5	3	2	1	
608	3441	1800	2200	10	20	40	60	90	100	130	160	190	230	100	60	36	20	12	8	5	3	2	1	
609	3441	2200	9999	10	20	50	70	110	140	180	220	260	310	100	60	36	20	12	8	5	3	2	1	
610	3442	1	1800	10	20	30	40	50	60	70	80	90	100	100	60	36	20	12	8	5	3	2	1	
611	3442	1800	2200	10	20	40	60	90	100	130	160	190	230	100	60	36	20	12	8	5	3	2	1	
612	3442	2200	9999	10	20	50	70	110	140	180	220	260	310	100	60	36	20	12	8	5	3	2	1	
613	3449	1	1800	10	20	30	40	50	60	70	80	90	100	100	60	36	20	12	8	5	3	2	1	
614	3449	1800	2200	10	20	40	60	90	100	130	160	190	230	100	60	36	20	12	8	5	3	2	1	
615	3449	2200	9999	10	20	50	70	110	140	180	220	260	310	100	60	36	20	12	8	5	3	2	1	
616	3451	1	1800	10	20	30	40	50	60	70	80	90	100	100	60	36	20	12	8	5	3	2	1	
617	3451	1800	2200	10	20	40	60	90	100	130	160	190	230	100	60	36	20	12	8	5	3	2	1	
618	3451	2200	9999	10	20	50	70	110	140	180	220	260	310	100	60	36	20	12	8	5	3	2	1	
619	3459	1	1800	10	20	30	40	50	60	70	80	90	100	100	60	36	20	12	8	5	3	2	1	
620	3459	1800	2200	10	20	40	60	90	100	130	160	190	230	100	60	36	20	12	8	5	3	2	1	
621	3459	2200	9999	10	20	50	70	110	140	180	220	260	310	100	60	36	20	12	8	5	3	2	1	
622	3461	1	1800	10	20	30	40	50	60	70	80	90	100	100	60	36	20	12	8	5	3	2	1	
623	3461	1800	2200	10	20	40	60	90	100	130	160	190	230	100	60	36	20	12	8	5	3	2	1	
624	3461	2200	9999	10	20	50	70	110	140	180	220	260	310	100	60	36	20	12	8	5	3	2	1	
625	3469	1	1800	10	20	30	40	50	60	70	80	90	100	100	60	36	20	12	8	5	3	2	1	
626	3469	1800	2200	10	20	40	60	90	100	130	160	190	230	100	60	36	20	12	8	5	3	2	1	
627	3469	2200	9999	10	20	50	70	110	140	180	220	260	310	100	60	36	20	12	8	5	3	2	1	
628	3471	1	1800	10	20	30	40	50	60	70	80	90	100	100	60	36	20	12	8	5	3	2	1	
629	3471	1800	2200	10	20	40	60	90	100	130	160	190	230	100	60	36	20	12	8	5	3	2	1	
630	3471	2200	9999	10	20	50	70	110	140	180	220	260	310	100	60	36	20	12	8	5	3	2	1	
631	3472	1	1800	10	20	30	40	50	60	70	80	90	100	100	60	36	20	12	8	5	3	2	1	
632	3472	1800	2200	10	20	40	60	90	100	130	160	190	230	100	60	36	20	12	8	5	3	2	1	
633	3472	2200	9999	10	20	50	70	110	140	180	220	260	310	100	60	36	20	12	8	5	3	2	1	
634	3473	1	1800	10	20	30	40	50	60	70	80	90	100	100	60	36	20	12	8	5	3	2	1	
635	3473	1800	2200	10	20	40	60	90	100	130	160	190	230	100	60	36	20	12	8	5	3	2	1	
636	3473	2200	9999	10	20	50	70	110	140	180	220	260	310	100	60	36	20	12	8	5	3	2	1	
637	3474	1	1800	10	20	30	40	50	60	70	80	90	100	100	60	36	20	12	8	5	3	2	1	
638	3474	1800	2200	10	20	40	60	90	100	130	160	190	230	100	60	36	20	12	8	5	3	2	1	
639	3474	2200	9999	10	20	50	70	110	140	180	220	260	310	100	60	36	20	12	8	5	3	2	1	
640	3475	1	1800	10	20	30	40	50	60	70	80	90	100	100	60	36	20	12	8	5	3	2	1	
641	3475	1800	2200	10	20	40	60	90	100	130	160	190	230	100	60	36	20	12	8	5	3	2	1	
642	3475	2200	9999	10	20	50	70	110	140	180	220	260	310	100	60	36	20	12	8	5	3	2	1	
643	3476	1	1800	10	20	30	40	50	60	70	80	90	100	100	60	36	20	12	8	5	3	2	1	
644	3476	1800	2200	10	20	40	60	90	100	130	160	190	230	100	60	36	20	12	8	5	3	2	1	
645	3476	2200	9999	10	20	50	70	110	140	180	220	260	310	100	60	36	20	12	8	5	3	2	1	
646	3479	1	1800	10	20	30	40	50	60	70	80	90	100	100	60	36	20	12	8	5	3	2	1	
647	3479	1800	2200	10	20	40	60	90	100	130	160	190	230	100	60	36	20	12	8	5	3	2	1	
648	3479	2200	9999	10	20	50	70	110	140	180	220	260	310	100	60	36	20	12	8	5	3	2	1	
649	3481	1	1800	10	20	30	40	50	60	70	80	90	100	100	60	36	20	12	8	5	3	2	1	
650	3481	1800	2200	10	20	40	60	90	100	130	160	190	230	100	60	36	20	12	8	5	3	2	1	
651	3481	2200	9999	10	20	50	70	110	140	180	220	260	310	100	60	36	20	12	8	5	3	2	1	
652	3489	1	1800	10	20	30	40	50	60	70	80	90	100	100	60	36	20	12	8	5	3	2	1	
653	3489	1800	2200	10	20	40	60	90	100	130	160	190	230	100	60	36	20	12	8	5	3	2	1	
654	3489	2200	9999	10	20	50	70	110	140	180	220	260	310	100	60	36	20	12	8	5	3	2	1	
655	3491	1	1800	10	20	30	40	50	60	70	80	90	100	100	60	36	20	12	8	5	3	2	1	
656	3491	1800	2200	10	20	40	60	90	100	130	160	190	230	100	60	36	20	12	8	5	3	2	1	
657	3491	2200	9999	10	20	50	70	110	140	180	220	260	310	100	60	36	20	12	8	5	3	2	1	
658	3492	1	1800	10	20	30	40	50	60	70	80	90	100	100	60	36	20	12	8	5	3	2	1	
659	3492	1800	2200	10	20	40	60	90	100	130	160	190	230	100	60	36	20	12	8	5	3	2	1	
660	3492	2200	9999	10	20	50	70	110	140	180	220	260	310	100	60	36	20	12	8	5	3	2	1	
661	3499	1	1800	10	20	30	40	50	60	70	80	90	100	100	60	36	20	12	8	5	3	2	1	
662	3499	1800	2200	10	20	40	60	90	100	130	160	190	230	100	60	36	20	12	8	5	3	2	1	
663	3499	2200	9999	10	20	50	70	110	140	180	220	260	310	100	60	36	20	12	8	5	3	2	1	
664	4216	1	1800	10	20	30	40	50	60	70	80	90	100	100	60	36	20	12	8	5	3	2	1	
665	4216	1800	2200	10	20	40	60	90	100	130	160	190	230	100	60	36	20	12	8	5	3	2	1	
666	4216	2200	9999	10	20	50	70	110	140	180	220	260	310	100	60	36	20	12	8	5	3	2	1	
667	6001	1	1800	10	20	30	40	50	60	70	80	90	100	100	60	36	20	12	8	5	3	2	1	
668	6001	1800	2200	10	20	40	60	90	100	130	160	190	230	100	60	36	20	12	8	5	3	2	1	
669	6001	2200	9999	10	20	50	70	110	140	180	220	260	310	100	60	36	20	12	8	5	3	2	1	
670	6002	1	1800	10	20	30	40	50	60	70	80	90	100	100	60	36	20	12	8	5	3	2	1	
671	6002	1800	2200	10	20	40	60	90	100	130	160	190	230	100	60	36	20	12	8	5	3	2	1	
672	6002	2200	9999	10	20	50	70	110	140	180	220	260	310	100	60	36	20	12	8	5	3	2	1	
673	6003	1	1800	10	20	30	40	50	60	70	80	90	100	100	60	36	20	12	8	5	3	2	1	
674	6003	1800	2200	10	20	40	60	90	100	130	160	190	230	100	60	36	20	12	8	5	3	2	1	
675	6003	2200	9999	10	20	50	70	110	140	180	220	260	310	100	60	36	20	12	8	5	3	2	1	
676	6004	1	1800	10	20	30	40	50	60	70	80	90	100	100	60	36	20	12	8	5	3	2	1	
677	6004	1800	2200	10	20	40	60	90	100	130	160	190	230	100	60	36	20	12	8	5	3	2	1	
678	6004	2200	9999	10	20	50	70	110	140	180	220	260	310	100	60	36	20	12	8	5	3	2	1	
679	6005	1	1800	10	20	30	40	50	60	70	80	90	100	100	60	36	20	12	8	5	3	2	1	
680	6005	1800	2200	10	20	40	60	90	100	130	160	190	230	100	60	36	20	12	8	5	3	2	1	
681	6005	2200	9999	10	20	50	70	110	140	180	220	260	310	100	60	36	20	12	8	5	3	2	1	
682	6009	1	1800	10	20	30	40	50	60	70	80	90	100	100	60	36	20	12	8	5	3	2	1	
683	6009	1800	2200	10	20	40	60	90	100	130	160	190	230	100	60	36	20	12	8	5	3	2	1	
684	6009	2200	9999	10	20	50	70	110	140	180	220	260	310	100	60	36	20	12	8	5	3	2	1	
685	6011	1	1800	10	20	30	40	50	60	70	80	90	100	100	60	36	20	12	8	5	3	2	1	
686	6011	1800	2200	10	20	40	60	90	100	130	160	190	230	100	60	36	20	12	8	5	3	2	1	
687	6011	2200	9999	10	20	50	70	110	140	180	220	260	310	100	60	36	20	12	8	5	3	2	1	
688	6012	1	1800	10	20	30	40	50	60	70	80	90	100	100	60	36	20	12	8	5	3	2	1	
689	6012	1800	2200	10	20	40	60	90	100	130	160	190	230	100	60	36	20	12	8	5	3	2	1	
690	6012	2200	9999	10	20	50	70	110	140	180	220	260	310	100	60	36	20	12	8	5	3	2	1	
691	6019	1	1800	10	20	30	40	50	60	70	80	90	100	100	60	36	20	12	8	5	3	2	1	
692	6019	1800	2200	10	20	40	60	90	100	130	160	190	230	100	60	36	20	12	8	5	3	2	1	
693	6019	2200	9999	10	20	50	70	110	140	180	220	260	310	100	60	36	20	12	8	5	3	2	1	
694	6021	1	1800	10	20	30	40	50	60	70	80	90	100	100	60	36	20	12	8	5	3	2	1	
695	6021	1800	2200	10	20	40	60	90	100	130	160	190	230	100	60	36	20	12	8	5	3	2	1	
696	6021	2200	9999	10	20	50	70	110	140	180	220	260	310	100	60	36	20	12	8	5	3	2	1	
697	6022	1	1800	10	20	30	40	50	60	70	80	90	100	100	60	36	20	12	8	5	3	2	1	
698	6022	1800	2200	10	20	40	60	90	100	130	160	190	230	100	60	36	20	12	8	5	3	2	1	
699	6022	2200	9999	10	20	50	70	110	140	180	220	260	310	100	60	36	20	12	8	5	3	2	1	
700	6023	1	1800	10	20	30	40	50	60	70	80	90	100	100	60	36	20	12	8	5	3	2	1	
701	6023	1800	2200	10	20	40	60	90	100	130	160	190	230	100	60	36	20	12	8	5	3	2	1	
702	6023	2200	9999	10	20	50	70	110	140	180	220	260	310	100	60	36	20	12	8	5	3	2	1	
703	6029	1	1800	10	20	30	40	50	60	70	80	90	100	100	60	36	20	12	8	5	3	2	1	
704	6029	1800	2200	10	20	40	60	90	100	130	160	190	230	100	60	36	20	12	8	5	3	2	1	
705	6029	2200	9999	10	20	50	70	110	140	180	220	260	310	100	60	36	20	12	8	5	3	2	1	
706	6031	1	1800	10	20	30	40	50	60	70	80	90	100	100	60	36	20	12	8	5	3	2	1	
707	6031	1800	2200	10	20	40	60	90	100	130	160	190	230	100	60	36	20	12	8	5	3	2	1	
708	6031	2200	9999	10	20	50	70	110	140	180	220	260	310	100	60	36	20	12	8	5	3	2	1	
709	6032	1	1800	10	20	30	40	50	60	70	80	90	100	100	60	36	20	12	8	5	3	2	1	
710	6032	1800	2200	10	20	40	60	90	100	130	160	190	230	100	60	36	20	12	8	5	3	2	1	
711	6032	2200	9999	10	20	50	70	110	140	180	220	260	310	100	60	36	20	12	8	5	3	2	1	
712	6033	1	1800	10	20	30	40	50	60	70	80	90	100	100	60	36	20	12	8	5	3	2	1	
713	6033	1800	2200	10	20	40	60	90	100	130	160	190	230	100	60	36	20	12	8	5	3	2	1	
714	6033	2200	9999	10	20	50	70	110	140	180	220	260	310	100	60	36	20	12	8	5	3	2	1	
715	6034	1	1800	10	20	30	40	50	60	70	80	90	100	100	60	36	20	12	8	5	3	2	1	
716	6034	1800	2200	10	20	40	60	90	100	130	160	190	230	100	60	36	20	12	8	5	3	2	1	
717	6034	2200	9999	10	20	50	70	110	140	180	220	260	310	100	60	36	20	12	8	5	3	2	1	
718	6039	1	1800	10	20	30	40	50	60	70	80	90	100	100	60	36	20	12	8	5	3	2	1	
719	6039	1800	2200	10	20	40	60	90	100	130	160	190	230	100	60	36	20	12	8	5	3	2	1	
720	6039	2200	9999	10	20	50	70	110	140	180	220	260	310	100	60	36	20	12	8	5	3	2	1	
721	6041	1	1800	10	20	30	40	50	60	70	80	90	100	100	60	36	20	12	8	5	3	2	1	
722	6041	1800	2200	10	20	40	60	90	100	130	160	190	230	100	60	36	20	12	8	5	3	2	1	
723	6041	2200	9999	10	20	50	70	110	140	180	220	260	310	100	60	36	20	12	8	5	3	2	1	
724	6042	1	1800	10	20	30	40	50	60	70	80	90	100	100	60	36	20	12	8	5	3	2	1	
725	6042	1800	2200	10	20	40	60	90	100	130	160	190	230	100	60	36	20	12	8	5	3	2	1	
726	6042	2200	9999	10	20	50	70	110	140	180	220	260	310	100	60	36	20	12	8	5	3	2	1	
727	6043	1	1800	10	20	30	40	50	60	70	80	90	100	100	60	36	20	12	8	5	3	2	1	
728	6043	1800	2200	10	20	40	60	90	100	130	160	190	230	100	60	36	20	12	8	5	3	2	1	
729	6043	2200	9999	10	20	50	70	110	140	180	220	260	310	100	60	36	20	12	8	5	3	2	1	
730	6044	1	1800	10	20	30	40	50	60	70	80	90	100	100	60	36	20	12	8	5	3	2	1	
731	6044	1800	2200	10	20	40	60	90	100	130	160	190	230	100	60	36	20	12	8	5	3	2	1	
732	6044	2200	9999	10	20	50	70	110	140	180	220	260	310	100	60	36	20	12	8	5	3	2	1	
733	6045	1	1800	10	20	30	40	50	60	70	80	90	100	100	60	36	20	12	8	5	3	2	1	
734	6045	1800	2200	10	20	40	60	90	100	130	160	190	230	100	60	36	20	12	8	5	3	2	1	
735	6045	2200	9999	10	20	50	70	110	140	180	220	260	310	100	60	36	20	12	8	5	3	2	1	
736	6049	1	1800	10	20	30	40	50	60	70	80	90	100	100	60	36	20	12	8	5	3	2	1	
737	6049	1800	2200	10	20	40	60	90	100	130	160	190	230	100	60	36	20	12	8	5	3	2	1	
738	6049	2200	9999	10	20	50	70	110	140	180	220	260	310	100	60	36	20	12	8	5	3	2	1	
739	6051	1	1800	10	20	30	40	50	60	70	80	90	100	100	60	36	20	12	8	5	3	2	1	
740	6051	1800	2200	10	20	40	60	90	100	130	160	190	230	100	60	36	20	12	8	5	3	2	1	
741	6051	2200	9999	10	20	50	70	110	140	180	220	260	310	100	60	36	20	12	8	5	3	2	1	
742	6052	1	1800	10	20	30	40	50	60	70	80	90	100	100	60	36	20	12	8	5	3	2	1	
743	6052	1800	2200	10	20	40	60	90	100	130	160	190	230	100	60	36	20	12	8	5	3	2	1	
744	6052	2200	9999	10	20	50	70	110	140	180	220	260	310	100	60	36	20	12	8	5	3	2	1	
745	6053	1	1800	10	20	30	40	50	60	70	80	90	100	100	60	36	20	12	8	5	3	2	1	
746	6053	1800	2200	10	20	40	60	90	100	130	160	190	230	100	60	36	20	12	8	5	3	2	1	
747	6053	2200	9999	10	20	50	70	110	140	180	220	260	310	100	60	36	20	12	8	5	3	2	1	
748	6054	1	1800	10	20	30	40	50	60	70	80	90	100	100	60	36	20	12	8	5	3	2	1	
749	6054	1800	2200	10	20	40	60	90	100	130	160	190	230	100	60	36	20	12	8	5	3	2	1	
750	6054	2200	9999	10	20	50	70	110	140	180	220	260	310	100	60	36	20	12	8	5	3	2	1	
751	6055	1	1800	10	20	30	40	50	60	70	80	90	100	100	60	36	20	12	8	5	3	2	1	
752	6055	1800	2200	10	20	40	60	90	100	130	160	190	230	100	60	36	20	12	8	5	3	2	1	
753	6055	2200	9999	10	20	50	70	110	140	180	220	260	310	100	60	36	20	12	8	5	3	2	1	
754	6056	1	1800	10	20	30	40	50	60	70	80	90	100	100	60	36	20	12	8	5	3	2	1	
755	6056	1800	2200	10	20	40	60	90	100	130	160	190	230	100	60	36	20	12	8	5	3	2	1	
756	6056	2200	9999	10	20	50	70	110	140	180	220	260	310	100	60	36	20	12	8	5	3	2	1	
757	6059	1	1800	10	20	30	40	50	60	70	80	90	100	100	60	36	20	12	8	5	3	2	1	
758	6059	1800	2200	10	20	40	60	90	100	130	160	190	230	100	60	36	20	12	8	5	3	2	1	
759	6059	2200	9999	10	20	50	70	110	140	180	220	260	310	100	60	36	20	12	8	5	3	2	1	
760	6061	1	1800	10	20	30	40	50	60	70	80	90	100	100	60	36	20	12	8	5	3	2	1	
761	6061	1800	2200	10	20	40	60	90	100	130	160	190	230	100	60	36	20	12	8	5	3	2	1	
762	6061	2200	9999	10	20	50	70	110	140	180	220	260	310	100	60	36	20	12	8	5	3	2	1	
763	6062	1	1800	10	20	30	40	50	60	70	80	90	100	100	60	36	20	12	8	5	3	2	1	
764	6062	1800	2200	10	20	40	60	90	100	130	160	190	230	100	60	36	20	12	8	5	3	2	1	
765	6062	2200	9999	10	20	50	70	110	140	180	220	260	310	100	60	36	20	12	8	5	3	2	1	
766	6069	1	1800	10	20	30	40	50	60	70	80	90	100	100	60	36	20	12	8	5	3	2	1	
767	6069	1800	2200	10	20	40	60	90	100	130	160	190	230	100	60	36	20	12	8	5	3	2	1	
768	6069	2200	9999	10	20	50	70	110	140	180	220	260	310	100	60	36	20	12	8	5	3	2	1	
769	6071	1	1800	10	20	30	40	50	60	70	80	90	100	100	60	36	20	12	8	5	3	2	1	
770	6071	1800	2200	10	20	40	60	90	100	130	160	190	230	100	60	36	20	12	8	5	3	2	1	
771	6071	2200	9999	10	20	50	70	110	140	180	220	260	310	100	60	36	20	12	8	5	3	2	1	
772	6072	1	1800	10	20	30	40	50	60	70	80	90	100	100	60	36	20	12	8	5	3	2	1	
773	6072	1800	2200	10	20	40	60	90	100	130	160	190	230	100	60	36	20	12	8	5	3	2	1	
774	6072	2200	9999	10	20	50	70	110	140	180	220	260	310	100	60	36	20	12	8	5	3	2	1	
775	6073	1	1800	10	20	30	40	50	60	70	80	90	100	100	60	36	20	12	8	5	3	2	1	
776	6073	1800	2200	10	20	40	60	90	100	130	160	190	230	100	60	36	20	12	8	5	3	2	1	
777	6073	2200	9999	10	20	50	70	110	140	180	220	260	310	100	60	36	20	12	8	5	3	2	1	
778	6079	1	1800	10	20	30	40	50	60	70	80	90	100	100	60	36	20	12	8	5	3	2	1	
779	6079	1800	2200	10	20	40	60	90	100	130	160	190	230	100	60	36	20	12	8	5	3	2	1	
780	6079	2200	9999	10	20	50	70	110	140	180	220	260	310	100	60	36	20	12	8	5	3	2	1	
781	6081	1	1800	10	20	30	40	50	60	70	80	90	100	100	60	36	20	12	8	5	3	2	1	
782	6081	1800	2200	10	20	40	60	90	100	130	160	190	230	100	60	36	20	12	8	5	3	2	1	
783	6081	2200	9999	10	20	50	70	110	140	180	220	260	310	100	60	36	20	12	8	5	3	2	1	
784	6082	1	1800	10	20	30	40	50	60	70	80	90	100	100	60	36	20	12	8	5	3	2	1	
785	6082	1800	2200	10	20	40	60	90	100	130	160	190	230	100	60	36	20	12	8	5	3	2	1	
786	6082	2200	9999	10	20	50	70	110	140	180	220	260	310	100	60	36	20	12	8	5	3	2	1	
787	6083	1	1800	10	20	30	40	50	60	70	80	90	100	100	60	36	20	12	8	5	3	2	1	
788	6083	1800	2200	10	20	40	60	90	100	130	160	190	230	100	60	36	20	12	8	5	3	2	1	
789	6083	2200	9999	10	20	50	70	110	140	180	220	260	310	100	60	36	20	12	8	5	3	2	1	
790	6084	1	1800	10	20	30	40	50	60	70	80	90	100	100	60	36	20	12	8	5	3	2	1	
791	6084	1800	2200	10	20	40	60	90	100	130	160	190	230	100	60	36	20	12	8	5	3	2	1	
792	6084	2200	9999	10	20	50	70	110	140	180	220	260	310	100	60	36	20	12	8	5	3	2	1	
793	6089	1	1800	10	20	30	40	50	60	70	80	90	100	100	60	36	20	12	8	5	3	2	1	
794	6089	1800	2200	10	20	40	60	90	100	130	160	190	230	100	60	36	20	12	8	5	3	2	1	
795	6089	2200	9999	10	20	50	70	110	140	180	220	260	310	100	60	36	20	12	8	5	3	2	1	
796	6091	1	1800	10	20	30	40	50	60	70	80	90	100	100	60	36	20	12	8	5	3	2	1	
797	6091	1800	2200	10	20	40	60	90	100	130	160	190	230	100	60	36	20	12	8	5	3	2	1	
798	6091	2200	9999	10	20	50	70	110	140	180	220	260	310	100	60	36	20	12	8	5	3	2	1	
799	6092	1	1800	10	20	30	40	50	60	70	80	90	100	100	60	36	20	12	8	5	3	2	1	
800	6092	1800	2200	10	20	40	60	90	100	130	160	190	230	100	60	36	20	12	8	5	3	2	1	
801	6092	2200	9999	10	20	50	70	110	140	180	220	260	310	100	60	36	20	12	8	5	3	2	1	
802	6093	1	1800	10	20	30	40	50	60	70	80	90	100	100	60	36	20	12	8	5	3	2	1	
803	6093	1800	2200	10	20	40	60	90	100	130	160	190	230	100	60	36	20	12	8	5	3	2	1	
804	6093	2200	9999	10	20	50	70	110	140	180	220	260	310	100	60	36	20	12	8	5	3	2	1	
805	6094	1	1800	10	20	30	40	50	60	70	80	90	100	100	60	36	20	12	8	5	3	2	1	
806	6094	1800	2200	10	20	40	60	90	100	130	160	190	230	100	60	36	20	12	8	5	3	2	1	
807	6094	2200	9999	10	20	50	70	110	140	180	220	260	310	100	60	36	20	12	8	5	3	2	1	
808	6095	1	1800	10	20	30	40	50	60	70	80	90	100	100	60	36	20	12	8	5	3	2	1	
809	6095	1800	2200	10	20	40	60	90	100	130	160	190	230	100	60	36	20	12	8	5	3	2	1	
810	6095	2200	9999	10	20	50	70	110	140	180	220	260	310	100	60	36	20	12	8	5	3	2	1	
811	6099	1	1800	10	20	30	40	50	60	70	80	90	100	100	60	36	20	12	8	5	3	2	1	
812	6099	1800	2200	10	20	40	60	90	100	130	160	190	230	100	60	36	20	12	8	5	3	2	1	
813	6099	2200	9999	10	20	50	70	110	140	180	220	260	310	100	60	36	20	12	8	5	3	2	1	
814	6101	1	1800	10	20	30	40	50	60	70	80	90	100	100	60	36	20	12	8	5	3	2	1	
815	6101	1800	2200	10	20	40	60	90	100	130	160	190	230	100	60	36	20	12	8	5	3	2	1	
816	6101	2200	9999	10	20	50	70	110	140	180	220	260	310	100	60	36	20	12	8	5	3	2	1	
817	6102	1	1800	10	20	30	40	50	60	70	80	90	100	100	60	36	20	12	8	5	3	2	1	
818	6102	1800	2200	10	20	40	60	90	100	130	160	190	230	100	60	36	20	12	8	5	3	2	1	
819	6102	2200	9999	10	20	50	70	110	140	180	220	260	310	100	60	36	20	12	8	5	3	2	1	
820	6103	1	1800	10	20	30	40	50	60	70	80	90	100	100	60	36	20	12	8	5	3	2	1	
821	6103	1800	2200	10	20	40	60	90	100	130	160	190	230	100	60	36	20	12	8	5	3	2	1	
822	6103	2200	9999	10	20	50	70	110	140	180	220	260	310	100	60	36	20	12	8	5	3	2	1	
823	6104	1	1800	10	20	30	40	50	60	70	80	90	100	100	60	36	20	12	8	5	3	2	1	
824	6104	1800	2200	10	20	40	60	90	100	130	160	190	230	100	60	36	20	12	8	5	3	2	1	
825	6104	2200	9999	10	20	50	70	110	140	180	220	260	310	100	60	36	20	12	8	5	3	2	1	
826	6105	1	1800	10	20	30	40	50	60	70	80	90	100	100	60	36	20	12	8	5	3	2	1	
827	6105	1800	2200	10	20	40	60	90	100	130	160	190	230	100	60	36	20	12	8	5	3	2	1	
828	6105	2200	9999	10	20	50	70	110	140	180	220	260	310	100	60	36	20	12	8	5	3	2	1	
829	6106	1	1800	10	20	30	40	50	60	70	80	90	100	100	60	36	20	12	8	5	3	2	1	
830	6106	1800	2200	10	20	40	60	90	100	130	160	190	230	100	60	36	20	12	8	5	3	2	1	
831	6106	2200	9999	10	20	50	70	110	140	180	220	260	310	100	60	36	20	12	8	5	3	2	1	
832	6109	1	1800	10	20	30	40	50	60	70	80	90	100	100	60	36	20	12	8	5	3	2	1	
833	6109	1800	2200	10	20	40	60	90	100	130	160	190	230	100	60	36	20	12	8	5	3	2	1	
834	6109	2200	9999	10	20	50	70	110	140	180	220	260	310	100	60	36	20	12	8	5	3	2	1	
835	6111	1	1800	10	20	30	40	50	60	70	80	90	100	100	60	36	20	12	8	5	3	2	1	
836	6111	1800	2200	10	20	40	60	90	100	130	160	190	230	100	60	36	20	12	8	5	3	2	1	
837	6111	2200	9999	10	20	50	70	110	140	180	220	260	310	100	60	36	20	12	8	5	3	2	1	
838	6112	1	1800	10	20	30	40	50	60	70	80	90	100	100	60	36	20	12	8	5	3	2	1	
839	6112	1800	2200	10	20	40	60	90	100	130	160	190	230	100	60	36	20	12	8	5	3	2	1	
840	6112	2200	9999	10	20	50	70	110	140	180	220	260	310	100	60	36	20	12	8	5	3	2	1	
841	6119	1	1800	10	20	30	40	50	60	70	80	90	100	100	60	36	20	12	8	5	3	2	1	
842	6119	1800	2200	10	20	40	60	90	100	130	160	190	230	100	60	36	20	12	8	5	3	2	1	
843	6119	2200	9999	10	20	50	70	110	140	180	220	260	310	100	60	36	20	12	8	5	3	2	1	
844	6121	1	1800	10	20	30	40	50	60	70	80	90	100	100	60	36	20	12	8	5	3	2	1	
845	6121	1800	2200	10	20	40	60	90	100	130	160	190	230	100	60	36	20	12	8	5	3	2	1	
846	6121	2200	9999	10	20	50	70	110	140	180	220	260	310	100	60	36	20	12	8	5	3	2	1	
847	6122	1	1800	10	20	30	40	50	60	70	80	90	100	100	60	36	20	12	8	5	3	2	1	
848	6122	1800	2200	10	20	40	60	90	100	130	160	190	230	100	60	36	20	12	8	5	3	2	1	
849	6122	2200	9999	10	20	50	70	110	140	180	220	260	310	100	60	36	20	12	8	5	3	2	1	
850	6123	1	1800	10	20	30	40	50	60	70	80	90	100	100	60	36	20	12	8	5	3	2	1	
851	6123	1800	2200	10	20	40	60	90	100	130	160	190	230	100	60	36	20	12	8	5	3	2	1	
852	6123	2200	9999	10	20	50	70	110	140	180	220	260	310	100	60	36	20	12	8	5	3	2	1	
853	6129	1	1800	10	20	30	40	50	60	70	80	90	100	100	60	36	20	12	8	5	3	2	1	
854	6129	1800	2200	10	20	40	60	90	100	130	160	190	230	100	60	36	20	12	8	5	3	2	1	
855	6129	2200	9999	10	20	50	70	110	140	180	220	260	310	100	60	36	20	12	8	5	3	2	1	
856	6131	1	1800	10	20	30	40	50	60	70	80	90	100	100	60	36	20	12	8	5	3	2	1	
857	6131	1800	2200	10	20	40	60	90	100	130	160	190	230	100	60	36	20	12	8	5	3	2	1	
858	6131	2200	9999	10	20	50	70	110	140	180	220	260	310	100	60	36	20	12	8	5	3	2	1	
859	6132	1	1800	10	20	30	40	50	60	70	80	90	100	100	60	36	20	12	8	5	3	2	1	
860	6132	1800	2200	10	20	40	60	90	100	130	160	190	230	100	60	36	20	12	8	5	3	2	1	
861	6132	2200	9999	10	20	50	70	110	140	180	220	260	310	100	60	36	20	12	8	5	3	2	1	
862	6133	1	1800	10	20	30	40	50	60	70	80	90	100	100	60	36	20	12	8	5	3	2	1	
863	6133	1800	2200	10	20	40	60	90	100	130	160	190	230	100	60	36	20	12	8	5	3	2	1	
864	6133	2200	9999	10	20	50	70	110	140	180	220	260	310	100	60	36	20	12	8	5	3	2	1	
865	6134	1	1800	10	20	30	40	50	60	70	80	90	100	100	60	36	20	12	8	5	3	2	1	
866	6134	1800	2200	10	20	40	60	90	100	130	160	190	230	100	60	36	20	12	8	5	3	2	1	
867	6134	2200	9999	10	20	50	70	110	140	180	220	260	310	100	60	36	20	12	8	5	3	2	1	
868	6139	1	1800	10	20	30	40	50	60	70	80	90	100	100	60	36	20	12	8	5	3	2	1	
869	6139	1800	2200	10	20	40	60	90	100	130	160	190	230	100	60	36	20	12	8	5	3	2	1	
870	6139	2200	9999	10	20	50	70	110	140	180	220	260	310	100	60	36	20	12	8	5	3	2	1	
871	6141	1	1800	10	20	30	40	50	60	70	80	90	100	100	60	36	20	12	8	5	3	2	1	
872	6141	1800	2200	10	20	40	60	90	100	130	160	190	230	100	60	36	20	12	8	5	3	2	1	
873	6141	2200	9999	10	20	50	70	110	140	180	220	260	310	100	60	36	20	12	8	5	3	2	1	
874	6142	1	1800	10	20	30	40	50	60	70	80	90	100	100	60	36	20	12	8	5	3	2	1	
875	6142	1800	2200	10	20	40	60	90	100	130	160	190	230	100	60	36	20	12	8	5	3	2	1	
876	6142	2200	9999	10	20	50	70	110	140	180	220	260	310	100	60	36	20	12	8	5	3	2	1	
877	6143	1	1800	10	20	30	40	50	60	70	80	90	100	100	60	36	20	12	8	5	3	2	1	
878	6143	1800	2200	10	20	40	60	90	100	130	160	190	230	100	60	36	20	12	8	5	3	2	1	
879	6143	2200	9999	10	20	50	70	110	140	180	220	260	310	100	60	36	20	12	8	5	3	2	1	
880	6144	1	1800	10	20	30	40	50	60	70	80	90	100	100	60	36	20	12	8	5	3	2	1	
881	6144	1800	2200	10	20	40	60	90	100	130	160	190	230	100	60	36	20	12	8	5	3	2	1	
882	6144	2200	9999	10	20	50	70	110	140	180	220	260	310	100	60	36	20	12	8	5	3	2	1	
883	6145	1	1800	10	20	30	40	50	60	70	80	90	100	100	60	36	20	12	8	5	3	2	1	
884	6145	1800	2200	10	20	40	60	90	100	130	160	190	230	100	60	36	20	12	8	5	3	2	1	
885	6145	2200	9999	10	20	50	70	110	140	180	220	260	310	100	60	36	20	12	8	5	3	2	1	
886	6149	1	1800	10	20	30	40	50	60	70	80	90	100	100	60	36	20	12	8	5	3	2	1	
887	6149	1800	2200	10	20	40	60	90	100	130	160	190	230	100	60	36	20	12	8	5	3	2	1	
888	6149	2200	9999	10	20	50	70	110	140	180	220	260	310	100	60	36	20	12	8	5	3	2	1	
889	6151	1	1800	10	20	30	40	50	60	70	80	90	100	100	60	36	20	12	8	5	3	2	1	
890	6151	1800	2200	10	20	40	60	90	100	130	160	190	230	100	60	36	20	12	8	5	3	2	1	
891	6151	2200	9999	10	20	50	70	110	140	180	220	260	310	100	60	36	20	12	8	5	3	2	1	
892	6152	1	1800	10	20	30	40	50	60	70	80	90	100	100	60	36	20	12	8	5	3	2	1	
893	6152	1800	2200	10	20	40	60	90	100	130	160	190	230	100	60	36	20	12	8	5	3	2	1	
894	6152	2200	9999	10	20	50	70	110	140	180	220	260	310	100	60	36	20	12	8	5	3	2	1	
895	6153	1	1800	10	20	30	40	50	60	70	80	90	100	100	60	36	20	12	8	5	3	2	1	
896	6153	1800	2200	10	20	40	60	90	100	130	160	190	230	100	60	36	20	12	8	5	3	2	1	
897	6153	2200	9999	10	20	50	70	110	140	180	220	260	310	100	60	36	20	12	8	5	3	2	1	
898	6154	1	1800	10	20	30	40	50	60	70	80	90	100	100	60	36	20	12	8	5	3	2	1	
899	6154	1800	2200	10	20	40	60	90	100	130	160	190	230	100	60	36	20	12	8	5	3	2	1	
900	6154	2200	9999	10	20	50	70	110	140	180	220	260	310	100	60	36	20	12	8	5	3	2	1	
901	6155	1	1800	10	20	30	40	50	60	70	80	90	100	100	60	36	20	12	8	5	3	2	1	
902	6155	1800	2200	10	20	40	60	90	100	130	160	190	230	100	60	36	20	12	8	5	3	2	1	
903	6155	2200	9999	10	20	50	70	110	140	180	220	260	310	100	60	36	20	12	8	5	3	2	1	
904	6156	1	1800	10	20	30	40	50	60	70	80	90	100	100	60	36	20	12	8	5	3	2	1	
905	6156	1800	2200	10	20	40	60	90	100	130	160	190	230	100	60	36	20	12	8	5	3	2	1	
906	6156	2200	9999	10	20	50	70	110	140	180	220	260	310	100	60	36	20	12	8	5	3	2	1	
907	6159	1	1800	10	20	30	40	50	60	70	80	90	100	100	60	36	20	12	8	5	3	2	1	
908	6159	1800	2200	10	20	40	60	90	100	130	160	190	230	100	60	36	20	12	8	5	3	2	1	
909	6159	2200	9999	10	20	50	70	110	140	180	220	260	310	100	60	36	20	12	8	5	3	2	1	
910	6161	1	1800	10	20	30	40	50	60	70	80	90	100	100	60	36	20	12	8	5	3	2	1	
911	6161	1800	2200	10	20	40	60	90	100	130	160	190	230	100	60	36	20	12	8	5	3	2	1	
912	6161	2200	9999	10	20	50	70	110	140	180	220	260	310	100	60	36	20	12	8	5	3	2	1	
913	6162	1	1800	10	20	30	40	50	60	70	80	90	100	100	60	36	20	12	8	5	3	2	1	
914	6162	1800	2200	10	20	40	60	90	100	130	160	190	230	100	60	36	20	12	8	5	3	2	1	
915	6162	2200	9999	10	20	50	70	110	140	180	220	260	310	100	60	36	20	12	8	5	3	2	1	
916	6169	1	1800	10	20	30	40	50	60	70	80	90	100	100	60	36	20	12	8	5	3	2	1	
917	6169	1800	2200	10	20	40	60	90	100	130	160	190	230	100	60	36	20	12	8	5	3	2	1	
918	6169	2200	9999	10	20	50	70	110	140	180	220	260	310	100	60	36	20	12	8	5	3	2	1	
919	6171	1	1800	10	20	30	40	50	60	70	80	90	100	100	60	36	20	12	8	5	3	2	1	
920	6171	1800	2200	10	20	40	60	90	100	130	160	190	230	100	60	36	20	12	8	5	3	2	1	
921	6171	2200	9999	10	20	50	70	110	140	180	220	260	310	100	60	36	20	12	8	5	3	2	1	
922	6172	1	1800	10	20	30	40	50	60	70	80	90	100	100	60	36	20	12	8	5	3	2	1	
923	6172	1800	2200	10	20	40	60	90	100	130	160	190	230	100	60	36	20	12	8	5	3	2	1	
924	6172	2200	9999	10	20	50	70	110	140	180	220	260	310	100	60	36	20	12	8	5	3	2	1	
925	6173	1	1800	10	20	30	40	50	60	70	80	90	100	100	60	36	20	12	8	5	3	2	1	
926	6173	1800	2200	10	20	40	60	90	100	130	160	190	230	100	60	36	20	12	8	5	3	2	1	
927	6173	2200	9999	10	20	50	70	110	140	180	220	260	310	100	60	36	20	12	8	5	3	2	1	
928	6179	1	1800	10	20	30	40	50	60	70	80	90	100	100	60	36	20	12	8	5	3	2	1	
929	6179	1800	2200	10	20	40	60	90	100	130	160	190	230	100	60	36	20	12	8	5	3	2	1	
930	6179	2200	9999	10	20	50	70	110	140	180	220	260	310	100	60	36	20	12	8	5	3	2	1	
931	6181	1	1800	10	20	30	40	50	60	70	80	90	100	100	60	36	20	12	8	5	3	2	1	
932	6181	1800	2200	10	20	40	60	90	100	130	160	190	230	100	60	36	20	12	8	5	3	2	1	
933	6181	2200	9999	10	20	50	70	110	140	180	220	260	310	100	60	36	20	12	8	5	3	2	1	
934	6182	1	1800	10	20	30	40	50	60	70	80	90	100	100	60	36	20	12	8	5	3	2	1	
935	6182	1800	2200	10	20	40	60	90	100	130	160	190	230	100	60	36	20	12	8	5	3	2	1	
936	6182	2200	9999	10	20	50	70	110	140	180	220	260	310	100	60	36	20	12	8	5	3	2	1	
937	6183	1	1800	10	20	30	40	50	60	70	80	90	100	100	60	36	20	12	8	5	3	2	1	
938	6183	1800	2200	10	20	40	60	90	100	130	160	190	230	100	60	36	20	12	8	5	3	2	1	
939	6183	2200	9999	10	20	50	70	110	140	180	220	260	310	100	60	36	20	12	8	5	3	2	1	
940	6184	1	1800	10	20	30	40	50	60	70	80	90	100	100	60	36	20	12	8	5	3	2	1	
941	6184	1800	2200	10	20	40	60	90	100	130	160	190	230	100	60	36	20	12	8	5	3	2	1	
942	6184	2200	9999	10	20	50	70	110	140	180	220	260	310	100	60	36	20	12	8	5	3	2	1	
943	6189	1	1800	10	20	30	40	50	60	70	80	90	100	100	60	36	20	12	8	5	3	2	1	
944	6189	1800	2200	10	20	40	60	90	100	130	160	190	230	100	60	36	20	12	8	5	3	2	1	
945	6189	2200	9999	10	20	50	70	110	140	180	220	260	310	100	60	36	20	12	8	5	3	2	1	
946	6191	1	1800	10	20	30	40	50	60	70	80	90	100	100	60	36	20	12	8	5	3	2	1	
947	6191	1800	2200	10	20	40	60	90	100	130	160	190	230	100	60	36	20	12	8	5	3	2	1	
948	6191	2200	9999	10	20	50	70	110	140	180	220	260	310	100	60	36	20	12	8	5	3	2	1	
949	6192	1	1800	10	20	30	40	50	60	70	80	90	100	100	60	36	20	12	8	5	3	2	1	
950	6192	1800	2200	10	20	40	60	90	100	130	160	190	230	100	60	36	20	12	8	5	3	2	1	
951	6192	2200	9999	10	20	50	70	110	140	180	220	260	310	100	60	36	20	12	8	5	3	2	1	
952	6193	1	1800	10	20	30	40	50	60	70	80	90	100	100	60	36	20	12	8	5	3	2	1	
953	6193	1800	2200	10	20	40	60	90	100	130	160	190	230	100	60	36	20	12	8	5	3	2	1	
954	6193	2200	9999	10	20	50	70	110	140	180	220	260	310	100	60	36	20	12	8	5	3	2	1	
955	6194	1	1800	10	20	30	40	50	60	70	80	90	100	100	60	36	20	12	8	5	3	2	1	
956	6194	1800	2200	10	20	40	60	90	100	130	160	190	230	100	60	36	20	12	8	5	3	2	1	
957	6194	2200	9999	10	20	50	70	110	140	180	220	260	310	100	60	36	20	12	8	5	3	2	1	
958	6195	1	1800	10	20	30	40	50	60	70	80	90	100	100	60	36	20	12	8	5	3	2	1	
959	6195	1800	2200	10	20	40	60	90	100	130	160	190	230	100	60	36	20	12	8	5	3	2	1	
960	6195	2200	9999	10	20	50	70	110	140	180	220	260	310	100	60	36	20	12	8	5	3	2	1	
961	6199	1	1800	10	20	30	40	50	60	70	80	90	100	100	60	36	20	12	8	5	3	2	1	
962	6199	1800	2200	10	20	40	60	90	100	130	160	190	230	100	60	36	20	12	8	5	3	2	1	
963	6199	2200	9999	10	20	50	70	110	140	180	220	260	310	100	60	36	20	12	8	5	3	2	1	
964	6201	1	1800	10	20	30	40	50	60	70	80	90	100	100	60	36	20	12	8	5	3	2	1	
965	6201	1800	2200	10	20	40	60	90	100	130	160	190	230	100	60	36	20	12	8	5	3	2	1	
966	6201	2200	9999	10	20	50	70	110	140	180	220	260	310	100	60	36	20	12	8	5	3	2	1	
967	6202	1	1800	10	20	30	40	50	60	70	80	90	100	100	60	36	20	12	8	5	3	2	1	
968	6202	1800	2200	10	20	40	60	90	100	130	160	190	230	100	60	36	20	12	8	5	3	2	1	
969	6202	2200	9999	10	20	50	70	110	140	180	220	260	310	100	60	36	20	12	8	5	3	2	1	
970	6203	1	1800	10	20	30	40	50	60	70	80	90	100	100	60	36	20	12	8	5	3	2	1	
971	6203	1800	2200	10	20	40	60	90	100	130	160	190	230	100	60	36	20	12	8	5	3	2	1	
972	6203	2200	9999	10	20	50	70	110	140	180	220	260	310	100	60	36	20	12	8	5	3	2	1	
973	6204	1	1800	10	20	30	40	50	60	70	80	90	100	100	60	36	20	12	8	5	3	2	1	
974	6204	1800	2200	10	20	40	60	90	100	130	160	190	230	100	60	36	20	12	8	5	3	2	1	
975	6204	2200	9999	10	20	50	70	110	140	180	220	260	310	100	60	36	20	12	8	5	3	2	1	
976	6205	1	1800	10	20	30	40	50	60	70	80	90	100	100	60	36	20	12	8	5	3	2	1	
977	6205	1800	2200	10	20	40	60	90	100	130	160	190	230	100	60	36	20	12	8	5	3	2	1	
978	6205	2200	9999	10	20	50	70	110	140	180	220	260	310	100	60	36	20	12	8	5	3	2	1	
979	6206	1	1800	10	20	30	40	50	60	70	80	90	100	100	60	36	20	12	8	5	3	2	1	
980	6206	1800	2200	10	20	40	60	90	100	130	160	190	230	100	60	36	20	12	8	5	3	2	1	
981	6206	2200	9999	10	20	50	70	110	140	180	220	260	310	100	60	36	20	12	8	5	3	2	1	
982	6209	1	1800	10	20	30	40	50	60	70	80	90	100	100	60	36	20	12	8	5	3	2	1	
983	6209	1800	2200	10	20	40	60	90	100	130	160	190	230	100	60	36	20	12	8	5	3	2	1	
984	6209	2200	9999	10	20	50	70	110	140	180	220	260	310	100	60	36	20	12	8	5	3	2	1	
985	6211	1	1800	10	20	30	40	50	60	70	80	90	100	100	60	36	20	12	8	5	3	2	1	
986	6211	1800	2200	10	20	40	60	90	100	130	160	190	230	100	60	36	20	12	8	5	3	2	1	
987	6211	2200	9999	10	20	50	70	110	140	180	220	260	310	100	60	36	20	12	8	5	3	2	1	
988	6212	1	1800	10	20	30	40	50	60	70	80	90	100	100	60	36	20	12	8	5	3	2	1	
989	6212	1800	2200	10	20	40	60	90	100	130	160	190	230	100	60	36	20	12	8	5	3	2	1	
990	6212	2200	9999	10	20	50	70	110	140	180	220	260	310	100	60	36	20	12	8	5	3	2	1	
991	6219	1	1800	10	20	30	40	50	60	70	80	90	100	100	60	36	20	12	8	5	3	2	1	
992	6219	1800	2200	10	20	40	60	90	100	130	160	190	230	100	60	36	20	12	8	5	3	2	1	
993	6219	2200	9999	10	20	50	70	110	140	180	220	260	310	100	60	36	20	12	8	5	3	2	1	
994	6221	1	1800	10	20	30	40	50	60	70	80	90	100	100	60	36	20	12	8	5	3	2	1	
995	6221	1800	2200	10	20	40	60	90	100	130	160	190	230	100	60	36	20	12	8	5	3	2	1	
996	6221	2200	9999	10	20	50	70	110	140	180	220	260	310	100	60	36	20	12	8	5	3	2	1	
997	6222	1	1800	10	20	30	40	50	60	70	80	90	100	100	60	36	20	12	8	5	3	2	1	
998	6222	1800	2200	10	20	40	60	90	100	130	160	190	230	100	60	36	20	12	8	5	3	2	1	
999	6222	2200	9999	10	20	50	70	110	140	180	220	260	310	100	60	36	20	12	8	5	3	2	1	
1000	6223	1	1800	10	20	30	40	50	60	70	80	90	100	100	60	36	20	12	8	5	3	2	1	
1001	6223	1800	2200	10	20	40	60	90	100	130	160	190	230	100	60	36	20	12	8	5	3	2	1	
1002	6223	2200	9999	10	20	50	70	110	140	180	220	260	310	100	60	36	20	12	8	5	3	2	1	
1003	6229	1	1800	10	20	30	40	50	60	70	80	90	100	100	60	36	20	12	8	5	3	2	1	
1004	6229	1800	2200	10	20	40	60	90	100	130	160	190	230	100	60	36	20	12	8	5	3	2	1	
1005	6229	2200	9999	10	20	50	70	110	140	180	220	260	310	100	60	36	20	12	8	5	3	2	1	
1006	6231	1	1800	10	20	30	40	50	60	70	80	90	100	100	60	36	20	12	8	5	3	2	1	
1007	6231	1800	2200	10	20	40	60	90	100	130	160	190	230	100	60	36	20	12	8	5	3	2	1	
1008	6231	2200	9999	10	20	50	70	110	140	180	220	260	310	100	60	36	20	12	8	5	3	2	1	
1009	6232	1	1800	10	20	30	40	50	60	70	80	90	100	100	60	36	20	12	8	5	3	2	1	
1010	6232	1800	2200	10	20	40	60	90	100	130	160	190	230	100	60	36	20	12	8	5	3	2	1	
1011	6232	2200	9999	10	20	50	70	110	140	180	220	260	310	100	60	36	20	12	8	5	3	2	1	
1012	6233	1	1800	10	20	30	40	50	60	70	80	90	100	100	60	36	20	12	8	5	3	2	1	
1013	6233	1800	2200	10	20	40	60	90	100	130	160	190	230	100	60	36	20	12	8	5	3	2	1	
1014	6233	2200	9999	10	20	50	70	110	140	180	220	260	310	100	60	36	20	12	8	5	3	2	1	
1015	6234	1	1800	10	20	30	40	50	60	70	80	90	100	100	60	36	20	12	8	5	3	2	1	
1016	6234	1800	2200	10	20	40	60	90	100	130	160	190	230	100	60	36	20	12	8	5	3	2	1	
1017	6234	2200	9999	10	20	50	70	110	140	180	220	260	310	100	60	36	20	12	8	5	3	2	1	
1018	6239	1	1800	10	20	30	40	50	60	70	80	90	100	100	60	36	20	12	8	5	3	2	1	
1019	6239	1800	2200	10	20	40	60	90	100	130	160	190	230	100	60	36	20	12	8	5	3	2	1	
1020	6239	2200	9999	10	20	50	70	110	140	180	220	260	310	100	60	36	20	12	8	5	3	2	1	
1021	6241	1	1800	10	20	30	40	50	60	70	80	90	100	100	60	36	20	12	8	5	3	2	1	
1022	6241	1800	2200	10	20	40	60	90	100	130	160	190	230	100	60	36	20	12	8	5	3	2	1	
1023	6241	2200	9999	10	20	50	70	110	140	180	220	260	310	100	60	36	20	12	8	5	3	2	1	
1024	6242	1	1800	10	20	30	40	50	60	70	80	90	100	100	60	36	20	12	8	5	3	2	1	
1025	6242	1800	2200	10	20	40	60	90	100	130	160	190	230	100	60	36	20	12	8	5	3	2	1	
1026	6242	2200	9999	10	20	50	70	110	140	180	220	260	310	100	60	36	20	12	8	5	3	2	1	
1027	6243	1	1800	10	20	30	40	50	60	70	80	90	100	100	60	36	20	12	8	5	3	2	1	
1028	6243	1800	2200	10	20	40	60	90	100	130	160	190	230	100	60	36	20	12	8	5	3	2	1	
1029	6243	2200	9999	10	20	50	70	110	140	180	220	260	310	100	60	36	20	12	8	5	3	2	1	
1030	6244	1	1800	10	20	30	40	50	60	70	80	90	100	100	60	36	20	12	8	5	3	2	1	
1031	6244	1800	2200	10	20	40	60	90	100	130	160	190	230	100	60	36	20	12	8	5	3	2	1	
1032	6244	2200	9999	10	20	50	70	110	140	180	220	260	310	100	60	36	20	12	8	5	3	2	1	
1033	6245	1	1800	10	20	30	40	50	60	70	80	90	100	100	60	36	20	12	8	5	3	2	1	
1034	6245	1800	2200	10	20	40	60	90	100	130	160	190	230	100	60	36	20	12	8	5	3	2	1	
1035	6245	2200	9999	10	20	50	70	110	140	180	220	260	310	100	60	36	20	12	8	5	3	2	1	
1036	6249	1	1800	10	20	30	40	50	60	70	80	90	100	100	60	36	20	12	8	5	3	2	1	
1037	6249	1800	2200	10	20	40	60	90	100	130	160	190	230	100	60	36	20	12	8	5	3	2	1	
1038	6249	2200	9999	10	20	50	70	110	140	180	220	260	310	100	60	36	20	12	8	5	3	2	1	
1039	6251	1	1800	10	20	30	40	50	60	70	80	90	100	100	60	36	20	12	8	5	3	2	1	
1040	6251	1800	2200	10	20	40	60	90	100	130	160	190	230	100	60	36	20	12	8	5	3	2	1	
1041	6251	2200	9999	10	20	50	70	110	140	180	220	260	310	100	60	36	20	12	8	5	3	2	1	
1042	6252	1	1800	10	20	30	40	50	60	70	80	90	100	100	60	36	20	12	8	5	3	2	1	
1043	6252	1800	2200	10	20	40	60	90	100	130	160	190	230	100	60	36	20	12	8	5	3	2	1	
1044	6252	2200	9999	10	20	50	70	110	140	180	220	260	310	100	60	36	20	12	8	5	3	2	1	
1045	6253	1	1800	10	20	30	40	50	60	70	80	90	100	100	60	36	20	12	8	5	3	2	1	
1046	6253	1800	2200	10	20	40	60	90	100	130	160	190	230	100	60	36	20	12	8	5	3	2	1	
1047	6253	2200	9999	10	20	50	70	110	140	180	220	260	310	100	60	36	20	12	8	5	3	2	1	
1048	6254	1	1800	10	20	30	40	50	60	70	80	90	100	100	60	36	20	12	8	5	3	2	1	
1049	6254	1800	2200	10	20	40	60	90	100	130	160	190	230	100	60	36	20	12	8	5	3	2	1	
1050	6254	2200	9999	10	20	50	70	110	140	180	220	260	310	100	60	36	20	12	8	5	3	2	1	
1051	6255	1	1800	10	20	30	40	50	60	70	80	90	100	100	60	36	20	12	8	5	3	2	1	
1052	6255	1800	2200	10	20	40	60	90	100	130	160	190	230	100	60	36	20	12	8	5	3	2	1	
1053	6255	2200	9999	10	20	50	70	110	140	180	220	260	310	100	60	36	20	12	8	5	3	2	1	
1054	6256	1	1800	10	20	30	40	50	60	70	80	90	100	100	60	36	20	12	8	5	3	2	1	
1055	6256	1800	2200	10	20	40	60	90	100	130	160	190	230	100	60	36	20	12	8	5	3	2	1	
1056	6256	2200	9999	10	20	50	70	110	140	180	220	260	310	100	60	36	20	12	8	5	3	2	1	
1057	6259	1	1800	10	20	30	40	50	60	70	80	90	100	100	60	36	20	12	8	5	3	2	1	
1058	6259	1800	2200	10	20	40	60	90	100	130	160	190	230	100	60	36	20	12	8	5	3	2	1	
1059	6259	2200	9999	10	20	50	70	110	140	180	220	260	310	100	60	36	20	12	8	5	3	2	1	
1060	6261	1	1800	10	20	30	40	50	60	70	80	90	100	100	60	36	20	12	8	5	3	2	1	
1061	6261	1800	2200	10	20	40	60	90	100	130	160	190	230	100	60	36	20	12	8	5	3	2	1	
1062	6261	2200	9999	10	20	50	70	110	140	180	220	260	310	100	60	36	20	12	8	5	3	2	1	
1063	6262	1	1800	10	20	30	40	50	60	70	80	90	100	100	60	36	20	12	8	5	3	2	1	
1064	6262	1800	2200	10	20	40	60	90	100	130	160	190	230	100	60	36	20	12	8	5	3	2	1	
1065	6262	2200	9999	10	20	50	70	110	140	180	220	260	310	100	60	36	20	12	8	5	3	2	1	
1066	6269	1	1800	10	20	30	40	50	60	70	80	90	100	100	60	36	20	12	8	5	3	2	1	
1067	6269	1800	2200	10	20	40	60	90	100	130	160	190	230	100	60	36	20	12	8	5	3	2	1	
1068	6269	2200	9999	10	20	50	70	110	140	180	220	260	310	100	60	36	20	12	8	5	3	2	1	
1069	6271	1	1800	10	20	30	40	50	60	70	80	90	100	100	60	36	20	12	8	5	3	2	1	
1070	6271	1800	2200	10	20	40	60	90	100	130	160	190	230	100	60	36	20	12	8	5	3	2	1	
1071	6271	2200	9999	10	20	50	70	110	140	180	220	260	310	100	60	36	20	12	8	5	3	2	1	
1072	6272	1	1800	10	20	30	40	50	60	70	80	90	100	100	60	36	20	12	8	5	3	2	1	
1073	6272	1800	2200	10	20	40	60	90	100	130	160	190	230	100	60	36	20	12	8	5	3	2	1	
1074	6272	2200	9999	10	20	50	70	110	140	180	220	260	310	100	60	36	20	12	8	5	3	2	1	
1075	6273	1	1800	10	20	30	40	50	60	70	80	90	100	100	60	36	20	12	8	5	3	2	1	
1076	6273	1800	2200	10	20	40	60	90	100	130	160	190	230	100	60	36	20	12	8	5	3	2	1	
1077	6273	2200	9999	10	20	50	70	110	140	180	220	260	310	100	60	36	20	12	8	5	3	2	1	
1078	6279	1	1800	10	20	30	40	50	60	70	80	90	100	100	60	36	20	12	8	5	3	2	1	
1079	6279	1800	2200	10	20	40	60	90	100	130	160	190	230	100	60	36	20	12	8	5	3	2	1	
1080	6279	2200	9999	10	20	50	70	110	140	180	220	260	310	100	60	36	20	12	8	5	3	2	1	
1081	6281	1	1800	10	20	30	40	50	60	70	80	90	100	100	60	36	20	12	8	5	3	2	1	
1082	6281	1800	2200	10	20	40	60	90	100	130	160	190	230	100	60	36	20	12	8	5	3	2	1	
1083	6281	2200	9999	10	20	50	70	110	140	180	220	260	310	100	60	36	20	12	8	5	3	2	1	
1084	6282	1	1800	10	20	30	40	50	60	70	80	90	100	100	60	36	20	12	8	5	3	2	1	
1085	6282	1800	2200	10	20	40	60	90	100	130	160	190	230	100	60	36	20	12	8	5	3	2	1	
1086	6282	2200	9999	10	20	50	70	110	140	180	220	260	310	100	60	36	20	12	8	5	3	2	1	
1087	6283	1	1800	10	20	30	40	50	60	70	80	90	100	100	60	36	20	12	8	5	3	2	1	
1088	6283	1800	2200	10	20	40	60	90	100	130	160	190	230	100	60	36	20	12	8	5	3	2	1	
1089	6283	2200	9999	10	20	50	70	110	140	180	220	260	310	100	60	36	20	12	8	5	3	2	1	
1090	6284	1	1800	10	20	30	40	50	60	70	80	90	100	100	60	36	20	12	8	5	3	2	1	
1091	6284	1800	2200	10	20	40	60	90	100	130	160	190	230	100	60	36	20	12	8	5	3	2	1	
1092	6284	2200	9999	10	20	50	70	110	140	180	220	260	310	100	60	36	20	12	8	5	3	2	1	
1093	6289	1	1800	10	20	30	40	50	60	70	80	90	100	100	60	36	20	12	8	5	3	2	1	
1094	6289	1800	2200	10	20	40	60	90	100	130	160	190	230	100	60	36	20	12	8	5	3	2	1	
1095	6289	2200	9999	10	20	50	70	110	140	180	220	260	310	100	60	36	20	12	8	5	3	2	1	
1096	6291	1	1800	10	20	30	40	50	60	70	80	90	100	100	60	36	20	12	8	5	3	2	1	
1097	6291	1800	2200	10	20	40	60	90	100	130	160	190	230	100	60	36	20	12	8	5	3	2	1	
1098	6291	2200	9999	10	20	50	70	110	140	180	220	260	310	100	60	36	20	12	8	5	3	2	1	
1099	6292	1	1800	10	20	30	40	50	60	70	80	90	100	100	60	36	20	12	8	5	3	2	1	
1100	6292	1800	2200	10	20	40	60	90	100	130	160	190	230	100	60	36	20	12	8	5	3	2	1	
1101	6292	2200	9999	10	20	50	70	110	140	180	220	260	310	100	60	36	20	12	8	5	3	2	1	
1102	6293	1	1800	10	20	30	40	50	60	70	80	90	100	100	60	36	20	12	8	5	3	2	1	
1103	6293	1800	2200	10	20	40	60	90	100	130	160	190	230	100	60	36	20	12	8	5	3	2	1	
1104	6293	2200	9999	10	20	50	70	110	140	180	220	260	310	100	60	36	20	12	8	5	3	2	1	
1105	6294	1	1800	10	20	30	40	50	60	70	80	90	100	100	60	36	20	12	8	5	3	2	1	
1106	6294	1800	2200	10	20	40	60	90	100	130	160	190	230	100	60	36	20	12	8	5	3	2	1	
1107	6294	2200	9999	10	20	50	70	110	140	180	220	260	310	100	60	36	20	12	8	5	3	2	1	
1108	6295	1	1800	10	20	30	40	50	60	70	80	90	100	100	60	36	20	12	8	5	3	2	1	
1109	6295	1800	2200	10	20	40	60	90	100	130	160	190	230	100	60	36	20	12	8	5	3	2	1	
1110	6295	2200	9999	10	20	50	70	110	140	180	220	260	310	100	60	36	20	12	8	5	3	2	1	
1111	6299	1	1800	10	20	30	40	50	60	70	80	90	100	100	60	36	20	12	8	5	3	2	1	
1112	6299	1800	2200	10	20	40	60	90	100	130	160	190	230	100	60	36	20	12	8	5	3	2	1	
1113	6299	2200	9999	10	20	50	70	110	140	180	220	260	310	100	60	36	20	12	8	5	3	2	1	
1114	6301	1	1800	10	20	30	40	50	60	70	80	90	100	100	60	36	20	12	8	5	3	2	1	
1115	6301	1800	2200	10	20	40	60	90	100	130	160	190	230	100	60	36	20	12	8	5	3	2	1	
1116	6301	2200	9999	10	20	50	70	110	140	180	220	260	310	100	60	36	20	12	8	5	3	2	1	
1117	6302	1	1800	10	20	30	40	50	60	70	80	90	100	100	60	36	20	12	8	5	3	2	1	
1118	6302	1800	2200	10	20	40	60	90	100	130	160	190	230	100	60	36	20	12	8	5	3	2	1	
1119	6302	2200	9999	10	20	50	70	110	140	180	220	260	310	100	60	36	20	12	8	5	3	2	1	
1120	6303	1	1800	10	20	30	40	50	60	70	80	90	100	100	60	36	20	12	8	5	3	2	1	
1121	6303	1800	2200	10	20	40	60	90	100	130	160	190	230	100	60	36	20	12	8	5	3	2	1	
1122	6303	2200	9999	10	20	50	70	110	140	180	220	260	310	100	60	36	20	12	8	5	3	2	1	
1123	6304	1	1800	10	20	30	40	50	60	70	80	90	100	100	60	36	20	12	8	5	3	2	1	
1124	6304	1800	2200	10	20	40	60	90	100	130	160	190	230	100	60	36	20	12	8	5	3	2	1	
1125	6304	2200	9999	10	20	50	70	110	140	180	220	260	310	100	60	36	20	12	8	5	3	2	1	
1126	6305	1	1800	10	20	30	40	50	60	70	80	90	100	100	60	36	20	12	8	5	3	2	1	
1127	6305	1800	2200	10	20	40	60	90	100	130	160	190	230	100	60	36	20	12	8	5	3	2	1	
1128	6305	2200	9999	10	20	50	70	110	140	180	220	260	310	100	60	36	20	12	8	5	3	2	1	
1129	6306	1	1800	10	20	30	40	50	60	70	80	90	100	100	60	36	20	12	8	5	3	2	1	
1130	6306	1800	2200	10	20	40	60	90	100	130	160	190	230	100	60	36	20	12	8	5	3	2	1	
1131	6306	2200	9999	10	20	50	70	110	140	180	220	260	310	100	60	36	20	12	8	5	3	2	1	
1132	6309	1	1800	10	20	30	40	50	60	70	80	90	100	100	60	36	20	12	8	5	3	2	1	
1133	6309	1800	2200	10	20	40	60	90	100	130	160	190	230	100	60	36	20	12	8	5	3	2	1	
1134	6309	2200	9999	10	20	50	70	110	140	180	220	260	310	100	60	36	20	12	8	5	3	2	1	
1135	6311	1	1800	10	20	30	40	50	60	70	80	90	100	100	60	36	20	12	8	5	3	2	1	
1136	6311	1800	2200	10	20	40	60	90	100	130	160	190	230	100	60	36	20	12	8	5	3	2	1	
1137	6311	2200	9999	10	20	50	70	110	140	180	220	260	310	100	60	36	20	12	8	5	3	2	1	
1138	6312	1	1800	10	20	30	40	50	60	70	80	90	100	100	60	36	20	12	8	5	3	2	1	
1139	6312	1800	2200	10	20	40	60	90	100	130	160	190	230	100	60	36	20	12	8	5	3	2	1	
1140	6312	2200	9999	10	20	50	70	110	140	180	220	260	310	100	60	36	20	12	8	5	3	2	1	
1141	6319	1	1800	10	20	30	40	50	60	70	80	90	100	100	60	36	20	12	8	5	3	2	1	
1142	6319	1800	2200	10	20	40	60	90	100	130	160	190	230	100	60	36	20	12	8	5	3	2	1	
1143	6319	2200	9999	10	20	50	70	110	140	180	220	260	310	100	60	36	20	12	8	5	3	2	1	
1144	6321	1	1800	10	20	30	40	50	60	70	80	90	100	100	60	36	20	12	8	5	3	2	1	
1145	6321	1800	2200	10	20	40	60	90	100	130	160	190	230	100	60	36	20	12	8	5	3	2	1	
1146	6321	2200	9999	10	20	50	70	110	140	180	220	260	310	100	60	36	20	12	8	5	3	2	1	
1147	6322	1	1800	10	20	30	40	50	60	70	80	90	100	100	60	36	20	12	8	5	3	2	1	
1148	6322	1800	2200	10	20	40	60	90	100	130	160	190	230	100	60	36	20	12	8	5	3	2	1	
1149	6322	2200	9999	10	20	50	70	110	140	180	220	260	310	100	60	36	20	12	8	5	3	2	1	
1150	6323	1	1800	10	20	30	40	50	60	70	80	90	100	100	60	36	20	12	8	5	3	2	1	
1151	6323	1800	2200	10	20	40	60	90	100	130	160	190	230	100	60	36	20	12	8	5	3	2	1	
1152	6323	2200	9999	10	20	50	70	110	140	180	220	260	310	100	60	36	20	12	8	5	3	2	1	
1153	6329	1	1800	10	20	30	40	50	60	70	80	90	100	100	60	36	20	12	8	5	3	2	1	
1154	6329	1800	2200	10	20	40	60	90	100	130	160	190	230	100	60	36	20	12	8	5	3	2	1	
1155	6329	2200	9999	10	20	50	70	110	140	180	220	260	310	100	60	36	20	12	8	5	3	2	1	
1156	6331	1	1800	10	20	30	40	50	60	70	80	90	100	100	60	36	20	12	8	5	3	2	1	
1157	6331	1800	2200	10	20	40	60	90	100	130	160	190	230	100	60	36	20	12	8	5	3	2	1	
1158	6331	2200	9999	10	20	50	70	110	140	180	220	260	310	100	60	36	20	12	8	5	3	2	1	
1159	6332	1	1800	10	20	30	40	50	60	70	80	90	100	100	60	36	20	12	8	5	3	2	1	
1160	6332	1800	2200	10	20	40	60	90	100	130	160	190	230	100	60	36	20	12	8	5	3	2	1	
1161	6332	2200	9999	10	20	50	70	110	140	180	220	260	310	100	60	36	20	12	8	5	3	2	1	
1162	6333	1	1800	10	20	30	40	50	60	70	80	90	100	100	60	36	20	12	8	5	3	2	1	
1163	6333	1800	2200	10	20	40	60	90	100	130	160	190	230	100	60	36	20	12	8	5	3	2	1	
1164	6333	2200	9999	10	20	50	70	110	140	180	220	260	310	100	60	36	20	12	8	5	3	2	1	
1165	6334	1	1800	10	20	30	40	50	60	70	80	90	100	100	60	36	20	12	8	5	3	2	1	
1166	6334	1800	2200	10	20	40	60	90	100	130	160	190	230	100	60	36	20	12	8	5	3	2	1	
1167	6334	2200	9999	10	20	50	70	110	140	180	220	260	310	100	60	36	20	12	8	5	3	2	1	
1168	6339	1	1800	10	20	30	40	50	60	70	80	90	100	100	60	36	20	12	8	5	3	2	1	
1169	6339	1800	2200	10	20	40	60	90	100	130	160	190	230	100	60	36	20	12	8	5	3	2	1	
1170	6339	2200	9999	10	20	50	70	110	140	180	220	260	310	100	60	36	20	12	8	5	3	2	1	
1171	6341	1	1800	10	20	30	40	50	60	70	80	90	100	100	60	36	20	12	8	5	3	2	1	
1172	6341	1800	2200	10	20	40	60	90	100	130	160	190	230	100	60	36	20	12	8	5	3	2	1	
1173	6341	2200	9999	10	20	50	70	110	140	180	220	260	310	100	60	36	20	12	8	5	3	2	1	
1174	6342	1	1800	10	20	30	40	50	60	70	80	90	100	100	60	36	20	12	8	5	3	2	1	
1175	6342	1800	2200	10	20	40	60	90	100	130	160	190	230	100	60	36	20	12	8	5	3	2	1	
1176	6342	2200	9999	10	20	50	70	110	140	180	220	260	310	100	60	36	20	12	8	5	3	2	1	
1177	6343	1	1800	10	20	30	40	50	60	70	80	90	100	100	60	36	20	12	8	5	3	2	1	
1178	6343	1800	2200	10	20	40	60	90	100	130	160	190	230	100	60	36	20	12	8	5	3	2	1	
1179	6343	2200	9999	10	20	50	70	110	140	180	220	260	310	100	60	36	20	12	8	5	3	2	1	
1180	6344	1	1800	10	20	30	40	50	60	70	80	90	100	100	60	36	20	12	8	5	3	2	1	
1181	6344	1800	2200	10	20	40	60	90	100	130	160	190	230	100	60	36	20	12	8	5	3	2	1	
1182	6344	2200	9999	10	20	50	70	110	140	180	220	260	310	100	60	36	20	12	8	5	3	2	1	
1183	6345	1	1800	10	20	30	40	50	60	70	80	90	100	100	60	36	20	12	8	5	3	2	1	
1184	6345	1800	2200	10	20	40	60	90	100	130	160	190	230	100	60	36	20	12	8	5	3	2	1	
1185	6345	2200	9999	10	20	50	70	110	140	180	220	260	310	100	60	36	20	12	8	5	3	2	1	
1186	6349	1	1800	10	20	30	40	50	60	70	80	90	100	100	60	36	20	12	8	5	3	2	1	
1187	6349	1800	2200	10	20	40	60	90	100	130	160	190	230	100	60	36	20	12	8	5	3	2	1	
1188	6349	2200	9999	10	20	50	70	110	140	180	220	260	310	100	60	36	20	12	8	5	3	2	1	
1189	6351	1	1800	10	20	30	40	50	60	70	80	90	100	100	60	36	20	12	8	5	3	2	1	
1190	6351	1800	2200	10	20	40	60	90	100	130	160	190	230	100	60	36	20	12	8	5	3	2	1	
1191	6351	2200	9999	10	20	50	70	110	140	180	220	260	310	100	60	36	20	12	8	5	3	2	1	
1192	6352	1	1800	10	20	30	40	50	60	70	80	90	100	100	60	36	20	12	8	5	3	2	1	
1193	6352	1800	2200	10	20	40	60	90	100	130	160	190	230	100	60	36	20	12	8	5	3	2	1	
1194	6352	2200	9999	10	20	50	70	110	140	180	220	260	310	100	60	36	20	12	8	5	3	2	1	
1195	6353	1	1800	10	20	30	40	50	60	70	80	90	100	100	60	36	20	12	8	5	3	2	1	
1196	6353	1800	2200	10	20	40	60	90	100	130	160	190	230	100	60	36	20	12	8	5	3	2	1	
1197	6353	2200	9999	10	20	50	70	110	140	180	220	260	310	100	60	36	20	12	8	5	3	2	1	
1198	6354	1	1800	10	20	30	40	50	60	70	80	90	100	100	60	36	20	12	8	5	3	2	1	
1199	6354	1800	2200	10	20	40	60	90	100	130	160	190	230	100	60	36	20	12	8	5	3	2	1	
1200	6354	2200	9999	10	20	50	70	110	140	180	220	260	310	100	60	36	20	12	8	5	3	2	1	
1201	6355	1	1800	10	20	30	40	50	60	70	80	90	100	100	60	36	20	12	8	5	3	2	1	
1202	6355	1800	2200	10	20	40	60	90	100	130	160	190	230	100	60	36	20	12	8	5	3	2	1	
1203	6355	2200	9999	10	20	50	70	110	140	180	220	260	310	100	60	36	20	12	8	5	3	2	1	
1204	6356	1	1800	10	20	30	40	50	60	70	80	90	100	100	60	36	20	12	8	5	3	2	1	
1205	6356	1800	2200	10	20	40	60	90	100	130	160	190	230	100	60	36	20	12	8	5	3	2	1	
1206	6356	2200	9999	10	20	50	70	110	140	180	220	260	310	100	60	36	20	12	8	5	3	2	1	
1207	6359	1	1800	10	20	30	40	50	60	70	80	90	100	100	60	36	20	12	8	5	3	2	1	
1208	6359	1800	2200	10	20	40	60	90	100	130	160	190	230	100	60	36	20	12	8	5	3	2	1	
1209	6359	2200	9999	10	20	50	70	110	140	180	220	260	310	100	60	36	20	12	8	5	3	2	1	
1210	6361	1	1800	10	20	30	40	50	60	70	80	90	100	100	60	36	20	12	8	5	3	2	1	
1211	6361	1800	2200	10	20	40	60	90	100	130	160	190	230	100	60	36	20	12	8	5	3	2	1	
1212	6361	2200	9999	10	20	50	70	110	140	180	220	260	310	100	60	36	20	12	8	5	3	2	1	
1213	6362	1	1800	10	20	30	40	50	60	70	80	90	100	100	60	36	20	12	8	5	3	2	1	
1214	6362	1800	2200	10	20	40	60	90	100	130	160	190	230	100	60	36	20	12	8	5	3	2	1	
1215	6362	2200	9999	10	20	50	70	110	140	180	220	260	310	100	60	36	20	12	8	5	3	2	1	
1216	6369	1	1800	10	20	30	40	50	60	70	80	90	100	100	60	36	20	12	8	5	3	2	1	
1217	6369	1800	2200	10	20	40	60	90	100	130	160	190	230	100	60	36	20	12	8	5	3	2	1	
1218	6369	2200	9999	10	20	50	70	110	140	180	220	260	310	100	60	36	20	12	8	5	3	2	1	
1219	6371	1	1800	10	20	30	40	50	60	70	80	90	100	100	60	36	20	12	8	5	3	2	1	
1220	6371	1800	2200	10	20	40	60	90	100	130	160	190	230	100	60	36	20	12	8	5	3	2	1	
1221	6371	2200	9999	10	20	50	70	110	140	180	220	260	310	100	60	36	20	12	8	5	3	2	1	
1222	6372	1	1800	10	20	30	40	50	60	70	80	90	100	100	60	36	20	12	8	5	3	2	1	
1223	6372	1800	2200	10	20	40	60	90	100	130	160	190	230	100	60	36	20	12	8	5	3	2	1	
1224	6372	2200	9999	10	20	50	70	110	140	180	220	260	310	100	60	36	20	12	8	5	3	2	1	
1225	6373	1	1800	10	20	30	40	50	60	70	80	90	100	100	60	36	20	12	8	5	3	2	1	
1226	6373	1800	2200	10	20	40	60	90	100	130	160	190	230	100	60	36	20	12	8	5	3	2	1	
1227	6373	2200	9999	10	20	50	70	110	140	180	220	260	310	100	60	36	20	12	8	5	3	2	1	
1228	6379	1	1800	10	20	30	40	50	60	70	80	90	100	100	60	36	20	12	8	5	3	2	1	
1229	6379	1800	2200	10	20	40	60	90	100	130	160	190	230	100	60	36	20	12	8	5	3	2	1	
1230	6379	2200	9999	10	20	50	70	110	140	180	220	260	310	100	60	36	20	12	8	5	3	2	1	
1231	6381	1	1800	10	20	30	40	50	60	70	80	90	100	100	60	36	20	12	8	5	3	2	1	
1232	6381	1800	2200	10	20	40	60	90	100	130	160	190	230	100	60	36	20	12	8	5	3	2	1	
1233	6381	2200	9999	10	20	50	70	110	140	180	220	260	310	100	60	36	20	12	8	5	3	2	1	
1234	6382	1	1800	10	20	30	40	50	60	70	80	90	100	100	60	36	20	12	8	5	3	2	1	
1235	6382	1800	2200	10	20	40	60	90	100	130	160	190	230	100	60	36	20	12	8	5	3	2	1	
1236	6382	2200	9999	10	20	50	70	110	140	180	220	260	310	100	60	36	20	12	8	5	3	2	1	
1237	6383	1	1800	10	20	30	40	50	60	70	80	90	100	100	60	36	20	12	8	5	3	2	1	
1238	6383	1800	2200	10	20	40	60	90	100	130	160	190	230	100	60	36	20	12	8	5	3	2	1	
1239	6383	2200	9999	10	20	50	70	110	140	180	220	260	310	100	60	36	20	12	8	5	3	2	1	
1240	6384	1	1800	10	20	30	40	50	60	70	80	90	100	100	60	36	20	12	8	5	3	2	1	
1241	6384	1800	2200	10	20	40	60	90	100	130	160	190	230	100	60	36	20	12	8	5	3	2	1	
1242	6384	2200	9999	10	20	50	70	110	140	180	220	260	310	100	60	36	20	12	8	5	3	2	1	
1243	6389	1	1800	10	20	30	40	50	60	70	80	90	100	100	60	36	20	12	8	5	3	2	1	
1244	6389	1800	2200	10	20	40	60	90	100	130	160	190	230	100	60	36	20	12	8	5	3	2	1	
1245	6389	2200	9999	10	20	50	70	110	140	180	220	260	310	100	60	36	20	12	8	5	3	2	1	
1246	6391	1	1800	10	20	30	40	50	60	70	80	90	100	100	60	36	20	12	8	5	3	2	1	
1247	6391	1800	2200	10	20	40	60	90	100	130	160	190	230	100	60	36	20	12	8	5	3	2	1	
1248	6391	2200	9999	10	20	50	70	110	140	180	220	260	310	100	60	36	20	12	8	5	3	2	1	
1249	6392	1	1800	10	20	30	40	50	60	70	80	90	100	100	60	36	20	12	8	5	3	2	1	
1250	6392	1800	2200	10	20	40	60	90	100	130	160	190	230	100	60	36	20	12	8	5	3	2	1	
1251	6392	2200	9999	10	20	50	70	110	140	180	220	260	310	100	60	36	20	12	8	5	3	2	1	
1252	6393	1	1800	10	20	30	40	50	60	70	80	90	100	100	60	36	20	12	8	5	3	2	1	
1253	6393	1800	2200	10	20	40	60	90	100	130	160	190	230	100	60	36	20	12	8	5	3	2	1	
1254	6393	2200	9999	10	20	50	70	110	140	180	220	260	310	100	60	36	20	12	8	5	3	2	1	
1255	6394	1	1800	10	20	30	40	50	60	70	80	90	100	100	60	36	20	12	8	5	3	2	1	
1256	6394	1800	2200	10	20	40	60	90	100	130	160	190	230	100	60	36	20	12	8	5	3	2	1	
1257	6394	2200	9999	10	20	50	70	110	140	180	220	260	310	100	60	36	20	12	8	5	3	2	1	
1258	6395	1	1800	10	20	30	40	50	60	70	80	90	100	100	60	36	20	12	8	5	3	2	1	
1259	6395	1800	2200	10	20	40	60	90	100	130	160	190	230	100	60	36	20	12	8	5	3	2	1	
1260	6395	2200	9999	10	20	50	70	110	140	180	220	260	310	100	60	36	20	12	8	5	3	2	1	
1261	6399	1	1800	10	20	30	40	50	60	70	80	90	100	100	60	36	20	12	8	5	3	2	1	
1262	6399	1800	2200	10	20	40	60	90	100	130	160	190	230	100	60	36	20	12	8	5	3	2	1	
1263	6399	2200	9999	10	20	50	70	110	140	180	220	260	310	100	60	36	20	12	8	5	3	2	1	
1264	6401	1	1800	10	20	30	40	50	60	70	80	90	100	100	60	36	20	12	8	5	3	2	1	
1265	6401	1800	2200	10	20	40	60	90	100	130	160	190	230	100	60	36	20	12	8	5	3	2	1	
1266	6401	2200	9999	10	20	50	70	110	140	180	220	260	310	100	60	36	20	12	8	5	3	2	1	
1267	6402	1	1800	10	20	30	40	50	60	70	80	90	100	100	60	36	20	12	8	5	3	2	1	
1268	6402	1800	2200	10	20	40	60	90	100	130	160	190	230	100	60	36	20	12	8	5	3	2	1	
1269	6402	2200	9999	10	20	50	70	110	140	180	220	260	310	100	60	36	20	12	8	5	3	2	1	
1270	6403	1	1800	10	20	30	40	50	60	70	80	90	100	100	60	36	20	12	8	5	3	2	1	
1271	6403	1800	2200	10	20	40	60	90	100	130	160	190	230	100	60	36	20	12	8	5	3	2	1	
1272	6403	2200	9999	10	20	50	70	110	140	180	220	260	310	100	60	36	20	12	8	5	3	2	1	
1273	6404	1	1800	10	20	30	40	50	60	70	80	90	100	100	60	36	20	12	8	5	3	2	1	
1274	6404	1800	2200	10	20	40	60	90	100	130	160	190	230	100	60	36	20	12	8	5	3	2	1	
1275	6404	2200	9999	10	20	50	70	110	140	180	220	260	310	100	60	36	20	12	8	5	3	2	1	
1276	6405	1	1800	10	20	30	40	50	60	70	80	90	100	100	60	36	20	12	8	5	3	2	1	
1277	6405	1800	2200	10	20	40	60	90	100	130	160	190	230	100	60	36	20	12	8	5	3	2	1	
1278	6405	2200	9999	10	20	50	70	110	140	180	220	260	310	100	60	36	20	12	8	5	3	2	1	
1279	6406	1	1800	10	20	30	40	50	60	70	80	90	100	100	60	36	20	12	8	5	3	2	1	
1280	6406	1800	2200	10	20	40	60	90	100	130	160	190	230	100	60	36	20	12	8	5	3	2	1	
1281	6406	2200	9999	10	20	50	70	110	140	180	220	260	310	100	60	36	20	12	8	5	3	2	1	
1282	6409	1	1800	10	20	30	40	50	60	70	80	90	100	100	60	36	20	12	8	5	3	2	1	
1283	6409	1800	2200	10	20	40	60	90	100	130	160	190	230	100	60	36	20	12	8	5	3	2	1	
1284	6409	2200	9999	10	20	50	70	110	140	180	220	260	310	100	60	36	20	12	8	5	3	2	1	
1285	6411	1	1800	10	20	30	40	50	60	70	80	90	100	100	60	36	20	12	8	5	3	2	1	
1286	6411	1800	2200	10	20	40	60	90	100	130	160	190	230	100	60	36	20	12	8	5	3	2	1	
1287	6411	2200	9999	10	20	50	70	110	140	180	220	260	310	100	60	36	20	12	8	5	3	2	1	
1288	6412	1	1800	10	20	30	40	50	60	70	80	90	100	100	60	36	20	12	8	5	3	2	1	
1289	6412	1800	2200	10	20	40	60	90	100	130	160	190	230	100	60	36	20	12	8	5	3	2	1	
1290	6412	2200	9999	10	20	50	70	110	140	180	220	260	310	100	60	36	20	12	8	5	3	2	1	
1291	6419	1	1800	10	20	30	40	50	60	70	80	90	100	100	60	36	20	12	8	5	3	2	1	
1292	6419	1800	2200	10	20	40	60	90	100	130	160	190	230	100	60	36	20	12	8	5	3	2	1	
1293	6419	2200	9999	10	20	50	70	110	140	180	220	260	310	100	60	36	20	12	8	5	3	2	1	
1294	6421	1	1800	10	20	30	40	50	60	70	80	90	100	100	60	36	20	12	8	5	3	2	1	
1295	6421	1800	2200	10	20	40	60	90	100	130	160	190	230	100	60	36	20	12	8	5	3	2	1	
1296	6421	2200	9999	10	20	50	70	110	140	180	220	260	310	100	60	36	20	12	8	5	3	2	1	
1297	6422	1	1800	10	20	30	40	50	60	70	80	90	100	100	60	36	20	12	8	5	3	2	1	
1298	6422	1800	2200	10	20	40	60	90	100	130	160	190	230	100	60	36	20	12	8	5	3	2	1	
1299	6422	2200	9999	10	20	50	70	110	140	180	220	260	310	100	60	36	20	12	8	5	3	2	1	
1300	6423	1	1800	10	20	30	40	50	60	70	80	90	100	100	60	36	20	12	8	5	3	2	1	
1301	6423	1800	2200	10	20	40	60	90	100	130	160	190	230	100	60	36	20	12	8	5	3	2	1	
1302	6423	2200	9999	10	20	50	70	110	140	180	220	260	310	100	60	36	20	12	8	5	3	2	1	
1303	6429	1	1800	10	20	30	40	50	60	70	80	90	100	100	60	36	20	12	8	5	3	2	1	
1304	6429	1800	2200	10	20	40	60	90	100	130	160	190	230	100	60	36	20	12	8	5	3	2	1	
1305	6429	2200	9999	10	20	50	70	110	140	180	220	260	310	100	60	36	20	12	8	5	3	2	1	
1306	6431	1	1800	10	20	30	40	50	60	70	80	90	100	100	60	36	20	12	8	5	3	2	1	
1307	6431	1800	2200	10	20	40	60	90	100	130	160	190	230	100	60	36	20	12	8	5	3	2	1	
1308	6431	2200	9999	10	20	50	70	110	140	180	220	260	310	100	60	36	20	12	8	5	3	2	1	
1309	6432	1	1800	10	20	30	40	50	60	70	80	90	100	100	60	36	20	12	8	5	3	2	1	
1310	6432	1800	2200	10	20	40	60	90	100	130	160	190	230	100	60	36	20	12	8	5	3	2	1	
1311	6432	2200	9999	10	20	50	70	110	140	180	220	260	310	100	60	36	20	12	8	5	3	2	1	
1312	6433	1	1800	10	20	30	40	50	60	70	80	90	100	100	60	36	20	12	8	5	3	2	1	
1313	6433	1800	2200	10	20	40	60	90	100	130	160	190	230	100	60	36	20	12	8	5	3	2	1	
1314	6433	2200	9999	10	20	50	70	110	140	180	220	260	310	100	60	36	20	12	8	5	3	2	1	
1315	6434	1	1800	10	20	30	40	50	60	70	80	90	100	100	60	36	20	12	8	5	3	2	1	
1316	6434	1800	2200	10	20	40	60	90	100	130	160	190	230	100	60	36	20	12	8	5	3	2	1	
1317	6434	2200	9999	10	20	50	70	110	140	180	220	260	310	100	60	36	20	12	8	5	3	2	1	
1318	6439	1	1800	10	20	30	40	50	60	70	80	90	100	100	60	36	20	12	8	5	3	2	1	
1319	6439	1800	2200	10	20	40	60	90	100	130	160	190	230	100	60	36	20	12	8	5	3	2	1	
1320	6439	2200	9999	10	20	50	70	110	140	180	220	260	310	100	60	36	20	12	8	5	3	2	1	
1321	6441	1	1800	10	20	30	40	50	60	70	80	90	100	100	60	36	20	12	8	5	3	2	1	
1322	6441	1800	2200	10	20	40	60	90	100	130	160	190	230	100	60	36	20	12	8	5	3	2	1	
1323	6441	2200	9999	10	20	50	70	110	140	180	220	260	310	100	60	36	20	12	8	5	3	2	1	
1324	6442	1	1800	10	20	30	40	50	60	70	80	90	100	100	60	36	20	12	8	5	3	2	1	
1325	6442	1800	2200	10	20	40	60	90	100	130	160	190	230	100	60	36	20	12	8	5	3	2	1	
1326	6442	2200	9999	10	20	50	70	110	140	180	220	260	310	100	60	36	20	12	8	5	3	2	1	
1327	6443	1	1800	10	20	30	40	50	60	70	80	90	100	100	60	36	20	12	8	5	3	2	1	
1328	6443	1800	2200	10	20	40	60	90	100	130	160	190	230	100	60	36	20	12	8	5	3	2	1	
1329	6443	2200	9999	10	20	50	70	110	140	180	220	260	310	100	60	36	20	12	8	5	3	2	1	
1330	6444	1	1800	10	20	30	40	50	60	70	80	90	100	100	60	36	20	12	8	5	3	2	1	
1331	6444	1800	2200	10	20	40	60	90	100	130	160	190	230	100	60	36	20	12	8	5	3	2	1	
1332	6444	2200	9999	10	20	50	70	110	140	180	220	260	310	100	60	36	20	12	8	5	3	2	1	
1333	6445	1	1800	10	20	30	40	50	60	70	80	90	100	100	60	36	20	12	8	5	3	2	1	
1334	6445	1800	2200	10	20	40	60	90	100	130	160	190	230	100	60	36	20	12	8	5	3	2	1	
1335	6445	2200	9999	10	20	50	70	110	140	180	220	260	310	100	60	36	20	12	8	5	3	2	1	
1336	6449	1	1800	10	20	30	40	50	60	70	80	90	100	100	60	36	20	12	8	5	3	2	1	
1337	6449	1800	2200	10	20	40	60	90	100	130	160	190	230	100	60	36	20	12	8	5	3	2	1	
1338	6449	2200	9999	10	20	50	70	110	140	180	220	260	310	100	60	36	20	12	8	5	3	2	1	
1339	6451	1	1800	10	20	30	40	50	60	70	80	90	100	100	60	36	20	12	8	5	3	2	1	
1340	6451	1800	2200	10	20	40	60	90	100	130	160	190	230	100	60	36	20	12	8	5	3	2	1	
1341	6451	2200	9999	10	20	50	70	110	140	180	220	260	310	100	60	36	20	12	8	5	3	2	1	
1342	6452	1	1800	10	20	30	40	50	60	70	80	90	100	100	60	36	20	12	8	5	3	2	1	
1343	6452	1800	2200	10	20	40	60	90	100	130	160	190	230	100	60	36	20	12	8	5	3	2	1	
1344	6452	2200	9999	10	20	50	70	110	140	180	220	260	310	100	60	36	20	12	8	5	3	2	1	
1345	6453	1	1800	10	20	30	40	50	60	70	80	90	100	100	60	36	20	12	8	5	3	2	1	
1346	6453	1800	2200	10	20	40	60	90	100	130	160	190	230	100	60	36	20	12	8	5	3	2	1	
1347	6453	2200	9999	10	20	50	70	110	140	180	220	260	310	100	60	36	20	12	8	5	3	2	1	
1348	6454	1	1800	10	20	30	40	50	60	70	80	90	100	100	60	36	20	12	8	5	3	2	1	
1349	6454	1800	2200	10	20	40	60	90	100	130	160	190	230	100	60	36	20	12	8	5	3	2	1	
1350	6454	2200	9999	10	20	50	70	110	140	180	220	260	310	100	60	36	20	12	8	5	3	2	1	
1351	6455	1	1800	10	20	30	40	50	60	70	80	90	100	100	60	36	20	12	8	5	3	2	1	
1352	6455	1800	2200	10	20	40	60	90	100	130	160	190	230	100	60	36	20	12	8	5	3	2	1	
1353	6455	2200	9999	10	20	50	70	110	140	180	220	260	310	100	60	36	20	12	8	5	3	2	1	
1354	6456	1	1800	10	20	30	40	50	60	70	80	90	100	100	60	36	20	12	8	5	3	2	1	
1355	6456	1800	2200	10	20	40	60	90	100	130	160	190	230	100	60	36	20	12	8	5	3	2	1	
1356	6456	2200	9999	10	20	50	70	110	140	180	220	260	310	100	60	36	20	12	8	5	3	2	1	
1357	6459	1	1800	10	20	30	40	50	60	70	80	90	100	100	60	36	20	12	8	5	3	2	1	
1358	6459	1800	2200	10	20	40	60	90	100	130	160	190	230	100	60	36	20	12	8	5	3	2	1	
1359	6459	2200	9999	10	20	50	70	110	140	180	220	260	310	100	60	36	20	12	8	5	3	2	1	
1360	6461	1	1800	10	20	30	40	50	60	70	80	90	100	100	60	36	20	12	8	5	3	2	1	
1361	6461	1800	2200	10	20	40	60	90	100	130	160	190	230	100	60	36	20	12	8	5	3	2	1	
1362	6461	2200	9999	10	20	50	70	110	140	180	220	260	310	100	60	36	20	12	8	5	3	2	1	
1363	6462	1	1800	10	20	30	40	50	60	70	80	90	100	100	60	36	20	12	8	5	3	2	1	
1364	6462	1800	2200	10	20	40	60	90	100	130	160	190	230	100	60	36	20	12	8	5	3	2	1	
1365	6462	2200	9999	10	20	50	70	110	140	180	220	260	310	100	60	36	20	12	8	5	3	2	1	
1366	6469	1	1800	10	20	30	40	50	60	70	80	90	100	100	60	36	20	12	8	5	3	2	1	
1367	6469	1800	2200	10	20	40	60	90	100	130	160	190	230	100	60	36	20	12	8	5	3	2	1	
1368	6469	2200	9999	10	20	50	70	110	140	180	220	260	310	100	60	36	20	12	8	5	3	2	1	
1369	6471	1	1800	10	20	30	40	50	60	70	80	90	100	100	60	36	20	12	8	5	3	2	1	
1370	6471	1800	2200	10	20	40	60	90	100	130	160	190	230	100	60	36	20	12	8	5	3	2	1	
1371	6471	2200	9999	10	20	50	70	110	140	180	220	260	310	100	60	36	20	12	8	5	3	2	1	
1372	6472	1	1800	10	20	30	40	50	60	70	80	90	100	100	60	36	20	12	8	5	3	2	1	
1373	6472	1800	2200	10	20	40	60	90	100	130	160	190	230	100	60	36	20	12	8	5	3	2	1	
1374	6472	2200	9999	10	20	50	70	110	140	180	220	260	310	100	60	36	20	12	8	5	3	2	1	
1375	6473	1	1800	10	20	30	40	50	60	70	80	90	100	100	60	36	20	12	8	5	3	2	1	
1376	6473	1800	2200	10	20	40	60	90	100	130	160	190	230	100	60	36	20	12	8	5	3	2	1	
1377	6473	2200	9999	10	20	50	70	110	140	180	220	260	310	100	60	36	20	12	8	5	3	2	1	
1378	6479	1	1800	10	20	30	40	50	60	70	80	90	100	100	60	36	20	12	8	5	3	2	1	
1379	6479	1800	2200	10	20	40	60	90	100	130	160	190	230	100	60	36	20	12	8	5	3	2	1	
1380	6479	2200	9999	10	20	50	70	110	140	180	220	260	310	100	60	36	20	12	8	5	3	2	1	
1381	6481	1	1800	10	20	30	40	50	60	70	80	90	100	100	60	36	20	12	8	5	3	2	1	
1382	6481	1800	2200	10	20	40	60	90	100	130	160	190	230	100	60	36	20	12	8	5	3	2	1	
1383	6481	2200	9999	10	20	50	70	110	140	180	220	260	310	100	60	36	20	12	8	5	3	2	1	
1384	6482	1	1800	10	20	30	40	50	60	70	80	90	100	100	60	36	20	12	8	5	3	2	1	
1385	6482	1800	2200	10	20	40	60	90	100	130	160	190	230	100	60	36	20	12	8	5	3	2	1	
1386	6482	2200	9999	10	20	50	70	110	140	180	220	260	310	100	60	36	20	12	8	5	3	2	1	
1387	6483	1	1800	10	20	30	40	50	60	70	80	90	100	100	60	36	20	12	8	5	3	2	1	
1388	6483	1800	2200	10	20	40	60	90	100	130	160	190	230	100	60	36	20	12	8	5	3	2	1	
1389	6483	2200	9999	10	20	50	70	110	140	180	220	260	310	100	60	36	20	12	8	5	3	2	1	
1390	6484	1	1800	10	20	30	40	50	60	70	80	90	100	100	60	36	20	12	8	5	3	2	1	
1391	6484	1800	2200	10	20	40	60	90	100	130	160	190	230	100	60	36	20	12	8	5	3	2	1	
1392	6484	2200	9999	10	20	50	70	110	140	180	220	260	310	100	60	36	20	12	8	5	3	2	1	
1393	6489	1	1800	10	20	30	40	50	60	70	80	90	100	100	60	36	20	12	8	5	3	2	1	
1394	6489	1800	2200	10	20	40	60	90	100	130	160	190	230	100	60	36	20	12	8	5	3	2	1	
1395	6489	2200	9999	10	20	50	70	110	140	180	220	260	310	100	60	36	20	12	8	5	3	2	1	
1396	6491	1	1800	10	20	30	40	50	60	70	80	90	100	100	60	36	20	12	8	5	3	2	1	
1397	6491	1800	2200	10	20	40	60	90	100	130	160	190	230	100	60	36	20	12	8	5	3	2	1	
1398	6491	2200	9999	10	20	50	70	110	140	180	220	260	310	100	60	36	20	12	8	5	3	2	1	
1399	6492	1	1800	10	20	30	40	50	60	70	80	90	100	100	60	36	20	12	8	5	3	2	1	
1400	6492	1800	2200	10	20	40	60	90	100	130	160	190	230	100	60	36	20	12	8	5	3	2	1	
1401	6492	2200	9999	10	20	50	70	110	140	180	220	260	310	100	60	36	20	12	8	5	3	2	1	
1402	6493	1	1800	10	20	30	40	50	60	70	80	90	100	100	60	36	20	12	8	5	3	2	1	
1403	6493	1800	2200	10	20	40	60	90	100	130	160	190	230	100	60	36	20	12	8	5	3	2	1	
1404	6493	2200	9999	10	20	50	70	110	140	180	220	260	310	100	60	36	20	12	8	5	3	2	1	
1405	6494	1	1800	10	20	30	40	50	60	70	80	90	100	100	60	36	20	12	8	5	3	2	1	
1406	6494	1800	2200	10	20	40	60	90	100	130	160	190	230	100	60	36	20	12	8	5	3	2	1	
1407	6494	2200	9999	10	20	50	70	110	140	180	220	260	310	100	60	36	20	12	8	5	3	2	1	
1408	6495	1	1800	10	20	30	40	50	60	70	80	90	100	100	60	36	20	12	8	5	3	2	1	
1409	6495	1800	2200	10	20	40	60	90	100	130	160	190	230	100	60	36	20	12	8	5	3	2	1	
1410	6495	2200	9999	10	20	50	70	110	140	180	220	260	310	100	60	36	20	12	8	5	3	2	1	
1411	6499	1	1800	10	20	30	40	50	60	70	80	90	100	100	60	36	20	12	8	5	3	2	1	
1412	6499	1800	2200	10	20	40	60	90	100	130	160	190	230	100	60	36	20	12	8	5	3	2	1	
1413	6499	2200	9999	10	20	50	70	110	140	180	220	260	310	100	60	36	20	12	8	5	3	2	1	
1414	6501	1	1800	10	20	30	40	50	60	70	80	90	100	100	60	36	20	12	8	5	3	2	1	
1415	6501	1800	2200	10	20	40	60	90	100	130	160	190	230	100	60	36	20	12	8	5	3	2	1	
1416	6501	2200	9999	10	20	50	70	110	140	180	220	260	310	100	60	36	20	12	8	5	3	2	1	
1417	6502	1	1800	10	20	30	40	50	60	70	80	90	100	100	60	36	20	12	8	5	3	2	1	
1418	6502	1800	2200	10	20	40	60	90	100	130	160	190	230	100	60	36	20	12	8	5	3	2	1	
1419	6502	2200	9999	10	20	50	70	110	140	180	220	260	310	100	60	36	20	12	8	5	3	2	1	
1420	6503	1	1800	10	20	30	40	50	60	70	80	90	100	100	60	36	20	12	8	5	3	2	1	
1421	6503	1800	2200	10	20	40	60	90	100	130	160	190	230	100	60	36	20	12	8	5	3	2	1	
1422	6503	2200	9999	10	20	50	70	110	140	180	220	260	310	100	60	36	20	12	8	5	3	2	1	
1423	6504	1	1800	10	20	30	40	50	60	70	80	90	100	100	60	36	20	12	8	5	3	2	1	
1424	6504	1800	2200	10	20	40	60	90	100	130	160	190	230	100	60	36	20	12	8	5	3	2	1	
1425	6504	2200	9999	10	20	50	70	110	140	180	220	260	310	100	60	36	20	12	8	5	3	2	1	
1426	6505	1	1800	10	20	30	40	50	60	70	80	90	100	100	60	36	20	12	8	5	3	2	1	
1427	6505	1800	2200	10	20	40	60	90	100	130	160	190	230	100	60	36	20	12	8	5	3	2	1	
1428	6505	2200	9999	10	20	50	70	110	140	180	220	260	310	100	60	36	20	12	8	5	3	2	1	
1429	6506	1	1800	10	20	30	40	50	60	70	80	90	100	100	60	36	20	12	8	5	3	2	1	
1430	6506	1800	2200	10	20	40	60	90	100	130	160	190	230	100	60	36	20	12	8	5	3	2	1	
1431	6506	2200	9999	10	20	50	70	110	140	180	220	260	310	100	60	36	20	12	8	5	3	2	1	
1432	6509	1	1800	10	20	30	40	50	60	70	80	90	100	100	60	36	20	12	8	5	3	2	1	
1433	6509	1800	2200	10	20	40	60	90	100	130	160	190	230	100	60	36	20	12	8	5	3	2	1	
1434	6509	2200	9999	10	20	50	70	110	140	180	220	260	310	100	60	36	20	12	8	5	3	2	1	
1435	6511	1	1800	10	20	30	40	50	60	70	80	90	100	100	60	36	20	12	8	5	3	2	1	
1436	6511	1800	2200	10	20	40	60	90	100	130	160	190	230	100	60	36	20	12	8	5	3	2	1	
1437	6511	2200	9999	10	20	50	70	110	140	180	220	260	310	100	60	36	20	12	8	5	3	2	1	
1438	6512	1	1800	10	20	30	40	50	60	70	80	90	100	100	60	36	20	12	8	5	3	2	1	
1439	6512	1800	2200	10	20	40	60	90	100	130	160	190	230	100	60	36	20	12	8	5	3	2	1	
1440	6512	2200	9999	10	20	50	70	110	140	180	220	260	310	100	60	36	20	12	8	5	3	2	1	
1441	6519	1	1800	10	20	30	40	50	60	70	80	90	100	100	60	36	20	12	8	5	3	2	1	
1442	6519	1800	2200	10	20	40	60	90	100	130	160	190	230	100	60	36	20	12	8	5	3	2	1	
1443	6519	2200	9999	10	20	50	70	110	140	180	220	260	310	100	60	36	20	12	8	5	3	2	1	
1444	6521	1	1800	10	20	30	40	50	60	70	80	90	100	100	60	36	20	12	8	5	3	2	1	
1445	6521	1800	2200	10	20	40	60	90	100	130	160	190	230	100	60	36	20	12	8	5	3	2	1	
1446	6521	2200	9999	10	20	50	70	110	140	180	220	260	310	100	60	36	20	12	8	5	3	2	1	
1447	6522	1	1800	10	20	30	40	50	60	70	80	90	100	100	60	36	20	12	8	5	3	2	1	
1448	6522	1800	2200	10	20	40	60	90	100	130	160	190	230	100	60	36	20	12	8	5	3	2	1	
1449	6522	2200	9999	10	20	50	70	110	140	180	220	260	310	100	60	36	20	12	8	5	3	2	1	
1450	6523	1	1800	10	20	30	40	50	60	70	80	90	100	100	60	36	20	12	8	5	3	2	1	
1451	6523	1800	2200	10	20	40	60	90	100	130	160	190	230	100	60	36	20	12	8	5	3	2	1	
1452	6523	2200	9999	10	20	50	70	110	140	180	220	260	310	100	60	36	20	12	8	5	3	2	1	
1453	6529	1	1800	10	20	30	40	50	60	70	80	90	100	100	60	36	20	12	8	5	3	2	1	
1454	6529	1800	2200	10	20	40	60	90	100	130	160	190	230	100	60	36	20	12	8	5	3	2	1	
1455	6529	2200	9999	10	20	50	70	110	140	180	220	260	310	100	60	36	20	12	8	5	3	2	1	
1456	6531	1	1800	10	20	30	40	50	60	70	80	90	100	100	60	36	20	12	8	5	3	2	1	
1457	6531	1800	2200	10	20	40	60	90	100	130	160	190	230	100	60	36	20	12	8	5	3	2	1	
1458	6531	2200	9999	10	20	50	70	110	140	180	220	260	310	100	60	36	20	12	8	5	3	2	1	
1459	6532	1	1800	10	20	30	40	50	60	70	80	90	100	100	60	36	20	12	8	5	3	2	1	
1460	6532	1800	2200	10	20	40	60	90	100	130	160	190	230	100	60	36	20	12	8	5	3	2	1	
1461	6532	2200	9999	10	20	50	70	110	140	180	220	260	310	100	60	36	20	12	8	5	3	2	1	
1462	6533	1	1800	10	20	30	40	50	60	70	80	90	100	100	60	36	20	12	8	5	3	2	1	
1463	6533	1800	2200	10	20	40	60	90	100	130	160	190	230	100	60	36	20	12	8	5	3	2	1	
1464	6533	2200	9999	10	20	50	70	110	140	180	220	260	310	100	60	36	20	12	8	5	3	2	1	
1465	6534	1	1800	10	20	30	40	50	60	70	80	90	100	100	60	36	20	12	8	5	3	2	1	
1466	6534	1800	2200	10	20	40	60	90	100	130	160	190	230	100	60	36	20	12	8	5	3	2	1	
1467	6534	2200	9999	10	20	50	70	110	140	180	220	260	310	100	60	36	20	12	8	5	3	2	1	
1468	6539	1	1800	10	20	30	40	50	60	70	80	90	100	100	60	36	20	12	8	5	3	2	1	
1469	6539	1800	2200	10	20	40	60	90	100	130	160	190	230	100	60	36	20	12	8	5	3	2	1	
1470	6539	2200	9999	10	20	50	70	110	140	180	220	260	310	100	60	36	20	12	8	5	3	2	1	
1471	6541	1	1800	10	20	30	40	50	60	70	80	90	100	100	60	36	20	12	8	5	3	2	1	
1472	6541	1800	2200	10	20	40	60	90	100	130	160	190	230	100	60	36	20	12	8	5	3	2	1	
1473	6541	2200	9999	10	20	50	70	110	140	180	220	260	310	100	60	36	20	12	8	5	3	2	1	
1474	6542	1	1800	10	20	30	40	50	60	70	80	90	100	100	60	36	20	12	8	5	3	2	1	
1475	6542	1800	2200	10	20	40	60	90	100	130	160	190	230	100	60	36	20	12	8	5	3	2	1	
1476	6542	2200	9999	10	20	50	70	110	140	180	220	260	310	100	60	36	20	12	8	5	3	2	1	
1477	6543	1	1800	10	20	30	40	50	60	70	80	90	100	100	60	36	20	12	8	5	3	2	1	
1478	6543	1800	2200	10	20	40	60	90	100	130	160	190	230	100	60	36	20	12	8	5	3	2	1	
1479	6543	2200	9999	10	20	50	70	110	140	180	220	260	310	100	60	36	20	12	8	5	3	2	1	
1480	6544	1	1800	10	20	30	40	50	60	70	80	90	100	100	60	36	20	12	8	5	3	2	1	
1481	6544	1800	2200	10	20	40	60	90	100	130	160	190	230	100	60	36	20	12	8	5	3	2	1	
1482	6544	2200	9999	10	20	50	70	110	140	180	220	260	310	100	60	36	20	12	8	5	3	2	1	
1483	6545	1	1800	10	20	30	40	50	60	70	80	90	100	100	60	36	20	12	8	5	3	2	1	
1484	6545	1800	2200	10	20	40	60	90	100	130	160	190	230	100	60	36	20	12	8	5	3	2	1	
1485	6545	2200	9999	10	20	50	70	110	140	180	220	260	310	100	60	36	20	12	8	5	3	2	1	
1486	6549	1	1800	10	20	30	40	50	60	70	80	90	100	100	60	36	20	12	8	5	3	2	1	
1487	6549	1800	2200	10	20	40	60	90	100	130	160	190	230	100	60	36	20	12	8	5	3	2	1	
1488	6549	2200	9999	10	20	50	70	110	140	180	220	260	310	100	60	36	20	12	8	5	3	2	1	
1489	6551	1	1800	10	20	30	40	50	60	70	80	90	100	100	60	36	20	12	8	5	3	2	1	
1490	6551	1800	2200	10	20	40	60	90	100	130	160	190	230	100	60	36	20	12	8	5	3	2	1	
1491	6551	2200	9999	10	20	50	70	110	140	180	220	260	310	100	60	36	20	12	8	5	3	2	1	
1492	6552	1	1800	10	20	30	40	50	60	70	80	90	100	100	60	36	20	12	8	5	3	2	1	
1493	6552	1800	2200	10	20	40	60	90	100	130	160	190	230	100	60	36	20	12	8	5	3	2	1	
1494	6552	2200	9999	10	20	50	70	110	140	180	220	260	310	100	60	36	20	12	8	5	3	2	1	
1495	6553	1	1800	10	20	30	40	50	60	70	80	90	100	100	60	36	20	12	8	5	3	2	1	
1496	6553	1800	2200	10	20	40	60	90	100	130	160	190	230	100	60	36	20	12	8	5	3	2	1	
1497	6553	2200	9999	10	20	50	70	110	140	180	220	260	310	100	60	36	20	12	8	5	3	2	1	
1498	6554	1	1800	10	20	30	40	50	60	70	80	90	100	100	60	36	20	12	8	5	3	2	1	
1499	6554	1800	2200	10	20	40	60	90	100	130	160	190	230	100	60	36	20	12	8	5	3	2	1	
1500	6554	2200	9999	10	20	50	70	110	140	180	220	260	310	100	60	36	20	12	8	5	3	2	1	
1501	6555	1	1800	10	20	30	40	50	60	70	80	90	100	100	60	36	20	12	8	5	3	2	1	
1502	6555	1800	2200	10	20	40	60	90	100	130	160	190	230	100	60	36	20	12	8	5	3	2	1	
1503	6555	2200	9999	10	20	50	70	110	140	180	220	260	310	100	60	36	20	12	8	5	3	2	1	
1504	6556	1	1800	10	20	30	40	50	60	70	80	90	100	100	60	36	20	12	8	5	3	2	1	
1505	6556	1800	2200	10	20	40	60	90	100	130	160	190	230	100	60	36	20	12	8	5	3	2	1	
1506	6556	2200	9999	10	20	50	70	110	140	180	220	260	310	100	60	36	20	12	8	5	3	2	1	
1507	6559	1	1800	10	20	30	40	50	60	70	80	90	100	100	60	36	20	12	8	5	3	2	1	
1508	6559	1800	2200	10	20	40	60	90	100	130	160	190	230	100	60	36	20	12	8	5	3	2	1	
1509	6559	2200	9999	10	20	50	70	110	140	180	220	260	310	100	60	36	20	12	8	5	3	2	1	
1510	6561	1	1800	10	20	30	40	50	60	70	80	90	100	100	60	36	20	12	8	5	3	2	1	
1511	6561	1800	2200	10	20	40	60	90	100	130	160	190	230	100	60	36	20	12	8	5	3	2	1	
1512	6561	2200	9999	10	20	50	70	110	140	180	220	260	310	100	60	36	20	12	8	5	3	2	1	
1513	6562	1	1800	10	20	30	40	50	60	70	80	90	100	100	60	36	20	12	8	5	3	2	1	
1514	6562	1800	2200	10	20	40	60	90	100	130	160	190	230	100	60	36	20	12	8	5	3	2	1	
1515	6562	2200	9999	10	20	50	70	110	140	180	220	260	310	100	60	36	20	12	8	5	3	2	1	
1516	6563	1	1800	10	20	30	40	50	60	70	80	90	100	100	60	36	20	12	8	5	3	2	1	
1517	6563	1800	2200	10	20	40	60	90	100	130	160	190	230	100	60	36	20	12	8	5	3	2	1	
1518	6563	2200	9999	10	20	50	70	110	140	180	220	260	310	100	60	36	20	12	8	5	3	2	1	
1519	6564	1	1800	10	20	30	40	50	60	70	80	90	100	100	60	36	20	12	8	5	3	2	1	
1520	6564	1800	2200	10	20	40	60	90	100	130	160	190	230	100	60	36	20	12	8	5	3	2	1	
1521	6564	2200	9999	10	20	50	70	110	140	180	220	260	310	100	60	36	20	12	8	5	3	2	1	
1522	6565	1	1800	10	20	30	40	50	60	70	80	90	100	100	60	36	20	12	8	5	3	2	1	
1523	6565	1800	2200	10	20	40	60	90	100	130	160	190	230	100	60	36	20	12	8	5	3	2	1	
1524	6565	2200	9999	10	20	50	70	110	140	180	220	260	310	100	60	36	20	12	8	5	3	2	1	
1525	6569	1	1800	10	20	30	40	50	60	70	80	90	100	100	60	36	20	12	8	5	3	2	1	
1526	6569	1800	2200	10	20	40	60	90	100	130	160	190	230	100	60	36	20	12	8	5	3	2	1	
1527	6569	2200	9999	10	20	50	70	110	140	180	220	260	310	100	60	36	20	12	8	5	3	2	1	
1528	6571	1	1800	10	20	30	40	50	60	70	80	90	100	100	60	36	20	12	8	5	3	2	1	
1529	6571	1800	2200	10	20	40	60	90	100	130	160	190	230	100	60	36	20	12	8	5	3	2	1	
1530	6571	2200	9999	10	20	50	70	110	140	180	220	260	310	100	60	36	20	12	8	5	3	2	1	
1531	6572	1	1800	10	20	30	40	50	60	70	80	90	100	100	60	36	20	12	8	5	3	2	1	
1532	6572	1800	2200	10	20	40	60	90	100	130	160	190	230	100	60	36	20	12	8	5	3	2	1	
1533	6572	2200	9999	10	20	50	70	110	140	180	220	260	310	100	60	36	20	12	8	5	3	2	1	
1534	6573	1	1800	10	20	30	40	50	60	70	80	90	100	100	60	36	20	12	8	5	3	2	1	
1535	6573	1800	2200	10	20	40	60	90	100	130	160	190	230	100	60	36	20	12	8	5	3	2	1	
1536	6573	2200	9999	10	20	50	70	110	140	180	220	260	310	100	60	36	20	12	8	5	3	2	1	
1537	6579	1	1800	10	20	30	40	50	60	70	80	90	100	100	60	36	20	12	8	5	3	2	1	
1538	6579	1800	2200	10	20	40	60	90	100	130	160	190	230	100	60	36	20	12	8	5	3	2	1	
1539	6579	2200	9999	10	20	50	70	110	140	180	220	260	310	100	60	36	20	12	8	5	3	2	1	
1540	6581	1	1800	10	20	30	40	50	60	70	80	90	100	100	60	36	20	12	8	5	3	2	1	
1541	6581	1800	2200	10	20	40	60	90	100	130	160	190	230	100	60	36	20	12	8	5	3	2	1	
1542	6581	2200	9999	10	20	50	70	110	140	180	220	260	310	100	60	36	20	12	8	5	3	2	1	
1543	6582	1	1800	10	20	30	40	50	60	70	80	90	100	100	60	36	20	12	8	5	3	2	1	
1544	6582	1800	2200	10	20	40	60	90	100	130	160	190	230	100	60	36	20	12	8	5	3	2	1	
1545	6582	2200	9999	10	20	50	70	110	140	180	220	260	310	100	60	36	20	12	8	5	3	2	1	
1546	6583	1	1800	10	20	30	40	50	60	70	80	90	100	100	60	36	20	12	8	5	3	2	1	
1547	6583	1800	2200	10	20	40	60	90	100	130	160	190	230	100	60	36	20	12	8	5	3	2	1	
1548	6583	2200	9999	10	20	50	70	110	140	180	220	260	310	100	60	36	20	12	8	5	3	2	1	
1549	6584	1	1800	10	20	30	40	50	60	70	80	90	100	100	60	36	20	12	8	5	3	2	1	
1550	6584	1800	2200	10	20	40	60	90	100	130	160	190	230	100	60	36	20	12	8	5	3	2	1	
1551	6584	2200	9999	10	20	50	70	110	140	180	220	260	310	100	60	36	20	12	8	5	3	2	1	
1552	6589	1	1800	10	20	30	40	50	60	70	80	90	100	100	60	36	20	12	8	5	3	2	1	
1553	6589	1800	2200	10	20	40	60	90	100	130	160	190	230	100	60	36	20	12	8	5	3	2	1	
1554	6589	2200	9999	10	20	50	70	110	140	180	220	260	310	100	60	36	20	12	8	5	3	2	1	
1555	6591	1	1800	10	20	30	40	50	60	70	80	90	100	100	60	36	20	12	8	5	3	2	1	
1556	6591	1800	2200	10	20	40	60	90	100	130	160	190	230	100	60	36	20	12	8	5	3	2	1	
1557	6591	2200	9999	10	20	50	70	110	140	180	220	260	310	100	60	36	20	12	8	5	3	2	1	
1558	6592	1	1800	10	20	30	40	50	60	70	80	90	100	100	60	36	20	12	8	5	3	2	1	
1559	6592	1800	2200	10	20	40	60	90	100	130	160	190	230	100	60	36	20	12	8	5	3	2	1	
1560	6592	2200	9999	10	20	50	70	110	140	180	220	260	310	100	60	36	20	12	8	5	3	2	1	
1561	6593	1	1800	10	20	30	40	50	60	70	80	90	100	100	60	36	20	12	8	5	3	2	1	
1562	6593	1800	2200	10	20	40	60	90	100	130	160	190	230	100	60	36	20	12	8	5	3	2	1	
1563	6593	2200	9999	10	20	50	70	110	140	180	220	260	310	100	60	36	20	12	8	5	3	2	1	
1564	6594	1	1800	10	20	30	40	50	60	70	80	90	100	100	60	36	20	12	8	5	3	2	1	
1565	6594	1800	2200	10	20	40	60	90	100	130	160	190	230	100	60	36	20	12	8	5	3	2	1	
1566	6594	2200	9999	10	20	50	70	110	140	180	220	260	310	100	60	36	20	12	8	5	3	2	1	
1567	6595	1	1800	10	20	30	40	50	60	70	80	90	100	100	60	36	20	12	8	5	3	2	1	
1568	6595	1800	2200	10	20	40	60	90	100	130	160	190	230	100	60	36	20	12	8	5	3	2	1	
1569	6595	2200	9999	10	20	50	70	110	140	180	220	260	310	100	60	36	20	12	8	5	3	2	1	
1570	6599	1	1800	10	20	30	40	50	60	70	80	90	100	100	60	36	20	12	8	5	3	2	1	
1571	6599	1800	2200	10	20	40	60	90	100	130	160	190	230	100	60	36	20	12	8	5	3	2	1	
1572	6599	2200	9999	10	20	50	70	110	140	180	220	260	310	100	60	36	20	12	8	5	3	2	1	
1573	6601	1	1800	10	20	30	40	50	60	70	80	90	100	100	60	36	20	12	8	5	3	2	1	
1574	6601	1800	2200	10	20	40	60	90	100	130	160	190	230	100	60	36	20	12	8	5	3	2	1	
1575	6601	2200	9999	10	20	50	70	110	140	180	220	260	310	100	60	36	20	12	8	5	3	2	1	
1576	6602	1	1800	10	20	30	40	50	60	70	80	90	100	100	60	36	20	12	8	5	3	2	1	
1577	6602	1800	2200	10	20	40	60	90	100	130	160	190	230	100	60	36	20	12	8	5	3	2	1	
1578	6602	2200	9999	10	20	50	70	110	140	180	220	260	310	100	60	36	20	12	8	5	3	2	1	
1579	6603	1	1800	10	20	30	40	50	60	70	80	90	100	100	60	36	20	12	8	5	3	2	1	
1580	6603	1800	2200	10	20	40	60	90	100	130	160	190	230	100	60	36	20	12	8	5	3	2	1	
1581	6603	2200	9999	10	20	50	70	110	140	180	220	260	310	100	60	36	20	12	8	5	3	2	1	
1582	6604	1	1800	10	20	30	40	50	60	70	80	90	100	100	60	36	20	12	8	5	3	2	1	
1583	6604	1800	2200	10	20	40	60	90	100	130	160	190	230	100	60	36	20	12	8	5	3	2	1	
1584	6604	2200	9999	10	20	50	70	110	140	180	220	260	310	100	60	36	20	12	8	5	3	2	1	
1585	6609	1	1800	10	20	30	40	50	60	70	80	90	100	100	60	36	20	12	8	5	3	2	1	
1586	6609	1800	2200	10	20	40	60	90	100	130	160	190	230	100	60	36	20	12	8	5	3	2	1	
1587	6609	2200	9999	10	20	50	70	110	140	180	220	260	310	100	60	36	20	12	8	5	3	2	1	
1588	6611	1	1800	10	20	30	40	50	60	70	80	90	100	100	60	36	20	12	8	5	3	2	1	
1589	6611	1800	2200	10	20	40	60	90	100	130	160	190	230	100	60	36	20	12	8	5	3	2	1	
1590	6611	2200	9999	10	20	50	70	110	140	180	220	260	310	100	60	36	20	12	8	5	3	2	1	
1591	6612	1	1800	10	20	30	40	50	60	70	80	90	100	100	60	36	20	12	8	5	3	2	1	
1592	6612	1800	2200	10	20	40	60	90	100	130	160	190	230	100	60	36	20	12	8	5	3	2	1	
1593	6612	2200	9999	10	20	50	70	110	140	180	220	260	310	100	60	36	20	12	8	5	3	2	1	
1594	6613	1	1800	10	20	30	40	50	60	70	80	90	100	100	60	36	20	12	8	5	3	2	1	
1595	6613	1800	2200	10	20	40	60	90	100	130	160	190	230	100	60	36	20	12	8	5	3	2	1	
1596	6613	2200	9999	10	20	50	70	110	140	180	220	260	310	100	60	36	20	12	8	5	3	2	1	
1597	6614	1	1800	10	20	30	40	50	60	70	80	90	100	100	60	36	20	12	8	5	3	2	1	
1598	6614	1800	2200	10	20	40	60	90	100	130	160	190	230	100	60	36	20	12	8	5	3	2	1	
1599	6614	2200	9999	10	20	50	70	110	140	180	220	260	310	100	60	36	20	12	8	5	3	2	1	
1600	6615	1	1800	10	20	30	40	50	60	70	80	90	100	100	60	36	20	12	8	5	3	2	1	
1601	6615	1800	2200	10	20	40	60	90	100	130	160	190	230	100	60	36	20	12	8	5	3	2	1	
1602	6615	2200	9999	10	20	50	70	110	140	180	220	260	310	100	60	36	20	12	8	5	3	2	1	
1603	6616	1	1800	10	20	30	40	50	60	70	80	90	100	100	60	36	20	12	8	5	3	2	1	
1604	6616	1800	2200	10	20	40	60	90	100	130	160	190	230	100	60	36	20	12	8	5	3	2	1	
1605	6616	2200	9999	10	20	50	70	110	140	180	220	260	310	100	60	36	20	12	8	5	3	2	1	
1606	6619	1	1800	10	20	30	40	50	60	70	80	90	100	100	60	36	20	12	8	5	3	2	1	
1607	6619	1800	2200	10	20	40	60	90	100	130	160	190	230	100	60	36	20	12	8	5	3	2	1	
1608	6619	2200	9999	10	20	50	70	110	140	180	220	260	310	100	60	36	20	12	8	5	3	2	1	
1609	6621	1	1800	10	20	30	40	50	60	70	80	90	100	100	60	36	20	12	8	5	3	2	1	
1610	6621	1800	2200	10	20	40	60	90	100	130	160	190	230	100	60	36	20	12	8	5	3	2	1	
1611	6621	2200	9999	10	20	50	70	110	140	180	220	260	310	100	60	36	20	12	8	5	3	2	1	
1612	6622	1	1800	10	20	30	40	50	60	70	80	90	100	100	60	36	20	12	8	5	3	2	1	
1613	6622	1800	2200	10	20	40	60	90	100	130	160	190	230	100	60	36	20	12	8	5	3	2	1	
1614	6622	2200	9999	10	20	50	70	110	140	180	220	260	310	100	60	36	20	12	8	5	3	2	1	
1615	6623	1	1800	10	20	30	40	50	60	70	80	90	100	100	60	36	20	12	8	5	3	2	1	
1616	6623	1800	2200	10	20	40	60	90	100	130	160	190	230	100	60	36	20	12	8	5	3	2	1	
1617	6623	2200	9999	10	20	50	70	110	140	180	220	260	310	100	60	36	20	12	8	5	3	2	1	
1618	6624	1	1800	10	20	30	40	50	60	70	80	90	100	100	60	36	20	12	8	5	3	2	1	
1619	6624	1800	2200	10	20	40	60	90	100	130	160	190	230	100	60	36	20	12	8	5	3	2	1	
1620	6624	2200	9999	10	20	50	70	110	140	180	220	260	310	100	60	36	20	12	8	5	3	2	1	
1621	6625	1	1800	10	20	30	40	50	60	70	80	90	100	100	60	36	20	12	8	5	3	2	1	
1622	6625	1800	2200	10	20	40	60	90	100	130	160	190	230	100	60	36	20	12	8	5	3	2	1	
1623	6625	2200	9999	10	20	50	70	110	140	180	220	260	310	100	60	36	20	12	8	5	3	2	1	
1624	6629	1	1800	10	20	30	40	50	60	70	80	90	100	100	60	36	20	12	8	5	3	2	1	
1625	6629	1800	2200	10	20	40	60	90	100	130	160	190	230	100	60	36	20	12	8	5	3	2	1	
1626	6629	2200	9999	10	20	50	70	110	140	180	220	260	310	100	60	36	20	12	8	5	3	2	1	
1627	6631	1	1800	10	20	30	40	50	60	70	80	90	100	100	60	36	20	12	8	5	3	2	1	
1628	6631	1800	2200	10	20	40	60	90	100	130	160	190	230	100	60	36	20	12	8	5	3	2	1	
1629	6631	2200	9999	10	20	50	70	110	140	180	220	260	310	100	60	36	20	12	8	5	3	2	1	
1630	6632	1	1800	10	20	30	40	50	60	70	80	90	100	100	60	36	20	12	8	5	3	2	1	
1631	6632	1800	2200	10	20	40	60	90	100	130	160	190	230	100	60	36	20	12	8	5	3	2	1	
1632	6632	2200	9999	10	20	50	70	110	140	180	220	260	310	100	60	36	20	12	8	5	3	2	1	
1633	6633	1	1800	10	20	30	40	50	60	70	80	90	100	100	60	36	20	12	8	5	3	2	1	
1634	6633	1800	2200	10	20	40	60	90	100	130	160	190	230	100	60	36	20	12	8	5	3	2	1	
1635	6633	2200	9999	10	20	50	70	110	140	180	220	260	310	100	60	36	20	12	8	5	3	2	1	
1636	6634	1	1800	10	20	30	40	50	60	70	80	90	100	100	60	36	20	12	8	5	3	2	1	
1637	6634	1800	2200	10	20	40	60	90	100	130	160	190	230	100	60	36	20	12	8	5	3	2	1	
1638	6634	2200	9999	10	20	50	70	110	140	180	220	260	310	100	60	36	20	12	8	5	3	2	1	
1639	6635	1	1800	10	20	30	40	50	60	70	80	90	100	100	60	36	20	12	8	5	3	2	1	
1640	6635	1800	2200	10	20	40	60	90	100	130	160	190	230	100	60	36	20	12	8	5	3	2	1	
1641	6635	2200	9999	10	20	50	70	110	140	180	220	260	310	100	60	36	20	12	8	5	3	2	1	
1642	6636	1	1800	10	20	30	40	50	60	70	80	90	100	100	60	36	20	12	8	5	3	2	1	
1643	6636	1800	2200	10	20	40	60	90	100	130	160	190	230	100	60	36	20	12	8	5	3	2	1	
1644	6636	2200	9999	10	20	50	70	110	140	180	220	260	310	100	60	36	20	12	8	5	3	2	1	
1645	6639	1	1800	10	20	30	40	50	60	70	80	90	100	100	60	36	20	12	8	5	3	2	1	
1646	6639	1800	2200	10	20	40	60	90	100	130	160	190	230	100	60	36	20	12	8	5	3	2	1	
1647	6639	2200	9999	10	20	50	70	110	140	180	220	260	310	100	60	36	20	12	8	5	3	2	1	
1648	6641	1	1800	10	20	30	40	50	60	70	80	90	100	100	60	36	20	12	8	5	3	2	1	
1649	6641	1800	2200	10	20	40	60	90	100	130	160	190	230	100	60	36	20	12	8	5	3	2	1	
1650	6641	2200	9999	10	20	50	70	110	140	180	220	260	310	100	60	36	20	12	8	5	3	2	1	
1651	6642	1	1800	10	20	30	40	50	60	70	80	90	100	100	60	36	20	12	8	5	3	2	1	
1652	6642	1800	2200	10	20	40	60	90	100	130	160	190	230	100	60	36	20	12	8	5	3	2	1	
1653	6642	2200	9999	10	20	50	70	110	140	180	220	260	310	100	60	36	20	12	8	5	3	2	1	
1654	6649	1	1800	10	20	30	40	50	60	70	80	90	100	100	60	36	20	12	8	5	3	2	1	
1655	6649	1800	2200	10	20	40	60	90	100	130	160	190	230	100	60	36	20	12	8	5	3	2	1	
1656	6649	2200	9999	10	20	50	70	110	140	180	220	260	310	100	60	36	20	12	8	5	3	2	1	
1657	6651	1	1800	10	20	30	40	50	60	70	80	90	100	100	60	36	20	12	8	5	3	2	1	
1658	6651	1800	2200	10	20	40	60	90	100	130	160	190	230	100	60	36	20	12	8	5	3	2	1	
1659	6651	2200	9999	10	20	50	70	110	140	180	220	260	310	100	60	36	20	12	8	5	3	2	1	
1660	6652	1	1800	10	20	30	40	50	60	70	80	90	100	100	60	36	20	12	8	5	3	2	1	
1661	6652	1800	2200	10	20	40	60	90	100	130	160	190	230	100	60	36	20	12	8	5	3	2	1	
1662	6652	2200	9999	10	20	50	70	110	140	180	220	260	310	100	60	36	20	12	8	5	3	2	1	
1663	6653	1	1800	10	20	30	40	50	60	70	80	90	100	100	60	36	20	12	8	5	3	2	1	
1664	6653	1800	2200	10	20	40	60	90	100	130	160	190	230	100	60	36	20	12	8	5	3	2	1	
1665	6653	2200	9999	10	20	50	70	110	140	180	220	260	310	100	60	36	20	12	8	5	3	2	1	
1666	6659	1	1800	10	20	30	40	50	60	70	80	90	100	100	60	36	20	12	8	5	3	2	1	
1667	6659	1800	2200	10	20	40	60	90	100	130	160	190	230	100	60	36	20	12	8	5	3	2	1	
1668	6659	2200	9999	10	20	50	70	110	140	180	220	260	310	100	60	36	20	12	8	5	3	2	1	
1669	6661	1	1800	10	20	30	40	50	60	70	80	90	100	100	60	36	20	12	8	5	3	2	1	
1670	6661	1800	2200	10	20	40	60	90	100	130	160	190	230	100	60	36	20	12	8	5	3	2	1	
1671	6661	2200	9999	10	20	50	70	110	140	180	220	260	310	100	60	36	20	12	8	5	3	2	1	
1672	6662	1	1800	10	20	30	40	50	60	70	80	90	100	100	60	36	20	12	8	5	3	2	1	
1673	6662	1800	2200	10	20	40	60	90	100	130	160	190	230	100	60	36	20	12	8	5	3	2	1	
1674	6662	2200	9999	10	20	50	70	110	140	180	220	260	310	100	60	36	20	12	8	5	3	2	1	
1675	6663	1	1800	10	20	30	40	50	60	70	80	90	100	100	60	36	20	12	8	5	3	2	1	
1676	6663	1800	2200	10	20	40	60	90	100	130	160	190	230	100	60	36	20	12	8	5	3	2	1	
1677	6663	2200	9999	10	20	50	70	110	140	180	220	260	310	100	60	36	20	12	8	5	3	2	1	
1678	6664	1	1800	10	20	30	40	50	60	70	80	90	100	100	60	36	20	12	8	5	3	2	1	
1679	6664	1800	2200	10	20	40	60	90	100	130	160	190	230	100	60	36	20	12	8	5	3	2	1	
1680	6664	2200	9999	10	20	50	70	110	140	180	220	260	310	100	60	36	20	12	8	5	3	2	1	
1681	6669	1	1800	10	20	30	40	50	60	70	80	90	100	100	60	36	20	12	8	5	3	2	1	
1682	6669	1800	2200	10	20	40	60	90	100	130	160	190	230	100	60	36	20	12	8	5	3	2	1	
1683	6669	2200	9999	10	20	50	70	110	140	180	220	260	310	100	60	36	20	12	8	5	3	2	1	
1684	6671	1	1800	10	20	30	40	50	60	70	80	90	100	100	60	36	20	12	8	5	3	2	1	
1685	6671	1800	2200	10	20	40	60	90	100	130	160	190	230	100	60	36	20	12	8	5	3	2	1	
1686	6671	2200	9999	10	20	50	70	110	140	180	220	260	310	100	60	36	20	12	8	5	3	2	1	
1687	6672	1	1800	10	20	30	40	50	60	70	80	90	100	100	60	36	20	12	8	5	3	2	1	
1688	6672	1800	2200	10	20	40	60	90	100	130	160	190	230	100	60	36	20	12	8	5	3	2	1	
1689	6672	2200	9999	10	20	50	70	110	140	180	220	260	310	100	60	36	20	12	8	5	3	2	1	
1690	6673	1	1800	10	20	30	40	50	60	70	80	90	100	100	60	36	20	12	8	5	3	2	1	
1691	6673	1800	2200	10	20	40	60	90	100	130	160	190	230	100	60	36	20	12	8	5	3	2	1	
1692	6673	2200	9999	10	20	50	70	110	140	180	220	260	310	100	60	36	20	12	8	5	3	2	1	
1693	6674	1	1800	10	20	30	40	50	60	70	80	90	100	100	60	36	20	12	8	5	3	2	1	
1694	6674	1800	2200	10	20	40	60	90	100	130	160	190	230	100	60	36	20	12	8	5	3	2	1	
1695	6674	2200	9999	10	20	50	70	110	140	180	220	260	310	100	60	36	20	12	8	5	3	2	1	
1696	6675	1	1800	10	20	30	40	50	60	70	80	90	100	100	60	36	20	12	8	5	3	2	1	
1697	6675	1800	2200	10	20	40	60	90	100	130	160	190	230	100	60	36	20	12	8	5	3	2	1	
1698	6675	2200	9999	10	20	50	70	110	140	180	220	260	310	100	60	36	20	12	8	5	3	2	1	
1699	6679	1	1800	10	20	30	40	50	60	70	80	90	100	100	60	36	20	12	8	5	3	2	1	
1700	6679	1800	2200	10	20	40	60	90	100	130	160	190	230	100	60	36	20	12	8	5	3	2	1	
1701	6679	2200	9999	10	20	50	70	110	140	180	220	260	310	100	60	36	20	12	8	5	3	2	1	
1702	6681	1	1800	10	20	30	40	50	60	70	80	90	100	100	60	36	20	12	8	5	3	2	1	
1703	6681	1800	2200	10	20	40	60	90	100	130	160	190	230	100	60	36	20	12	8	5	3	2	1	
1704	6681	2200	9999	10	20	50	70	110	140	180	220	260	310	100	60	36	20	12	8	5	3	2	1	
1705	6682	1	1800	10	20	30	40	50	60	70	80	90	100	100	60	36	20	12	8	5	3	2	1	
1706	6682	1800	2200	10	20	40	60	90	100	130	160	190	230	100	60	36	20	12	8	5	3	2	1	
1707	6682	2200	9999	10	20	50	70	110	140	180	220	260	310	100	60	36	20	12	8	5	3	2	1	
1708	6683	1	1800	10	20	30	40	50	60	70	80	90	100	100	60	36	20	12	8	5	3	2	1	
1709	6683	1800	2200	10	20	40	60	90	100	130	160	190	230	100	60	36	20	12	8	5	3	2	1	
1710	6683	2200	9999	10	20	50	70	110	140	180	220	260	310	100	60	36	20	12	8	5	3	2	1	
1711	6689	1	1800	10	20	30	40	50	60	70	80	90	100	100	60	36	20	12	8	5	3	2	1	
1712	6689	1800	2200	10	20	40	60	90	100	130	160	190	230	100	60	36	20	12	8	5	3	2	1	
1713	6689	2200	9999	10	20	50	70	110	140	180	220	260	310	100	60	36	20	12	8	5	3	2	1	
1714	6691	1	1800	10	20	30	40	50	60	70	80	90	100	100	60	36	20	12	8	5	3	2	1	
1715	6691	1800	2200	10	20	40	60	90	100	130	160	190	230	100	60	36	20	12	8	5	3	2	1	
1716	6691	2200	9999	10	20	50	70	110	140	180	220	260	310	100	60	36	20	12	8	5	3	2	1	
1717	6692	1	1800	10	20	30	40	50	60	70	80	90	100	100	60	36	20	12	8	5	3	2	1	
1718	6692	1800	2200	10	20	40	60	90	100	130	160	190	230	100	60	36	20	12	8	5	3	2	1	
1719	6692	2200	9999	10	20	50	70	110	140	180	220	260	310	100	60	36	20	12	8	5	3	2	1	
1720	6693	1	1800	10	20	30	40	50	60	70	80	90	100	100	60	36	20	12	8	5	3	2	1	
1721	6693	1800	2200	10	20	40	60	90	100	130	160	190	230	100	60	36	20	12	8	5	3	2	1	
1722	6693	2200	9999	10	20	50	70	110	140	180	220	260	310	100	60	36	20	12	8	5	3	2	1	
1723	6694	1	1800	10	20	30	40	50	60	70	80	90	100	100	60	36	20	12	8	5	3	2	1	
1724	6694	1800	2200	10	20	40	60	90	100	130	160	190	230	100	60	36	20	12	8	5	3	2	1	
1725	6694	2200	9999	10	20	50	70	110	140	180	220	260	310	100	60	36	20	12	8	5	3	2	1	
1726	6699	1	1800	10	20	30	40	50	60	70	80	90	100	100	60	36	20	12	8	5	3	2	1	
1727	6699	1800	2200	10	20	40	60	90	100	130	160	190	230	100	60	36	20	12	8	5	3	2	1	
1728	6699	2200	9999	10	20	50	70	110	140	180	220	260	310	100	60	36	20	12	8	5	3	2	1	
1729	6701	1	1800	10	20	30	40	50	60	70	80	90	100	100	60	36	20	12	8	5	3	2	1	
1730	6701	1800	2200	10	20	40	60	90	100	130	160	190	230	100	60	36	20	12	8	5	3	2	1	
1731	6701	2200	9999	10	20	50	70	110	140	180	220	260	310	100	60	36	20	12	8	5	3	2	1	
1732	6702	1	1800	10	20	30	40	50	60	70	80	90	100	100	60	36	20	12	8	5	3	2	1	
1733	6702	1800	2200	10	20	40	60	90	100	130	160	190	230	100	60	36	20	12	8	5	3	2	1	
1734	6702	2200	9999	10	20	50	70	110	140	180	220	260	310	100	60	36	20	12	8	5	3	2	1	
1735	6703	1	1800	10	20	30	40	50	60	70	80	90	100	100	60	36	20	12	8	5	3	2	1	
1736	6703	1800	2200	10	20	40	60	90	100	130	160	190	230	100	60	36	20	12	8	5	3	2	1	
1737	6703	2200	9999	10	20	50	70	110	140	180	220	260	310	100	60	36	20	12	8	5	3	2	1	
1738	6704	1	1800	10	20	30	40	50	60	70	80	90	100	100	60	36	20	12	8	5	3	2	1	
1739	6704	1800	2200	10	20	40	60	90	100	130	160	190	230	100	60	36	20	12	8	5	3	2	1	
1740	6704	2200	9999	10	20	50	70	110	140	180	220	260	310	100	60	36	20	12	8	5	3	2	1	
1741	6705	1	1800	10	20	30	40	50	60	70	80	90	100	100	60	36	20	12	8	5	3	2	1	
1742	6705	1800	2200	10	20	40	60	90	100	130	160	190	230	100	60	36	20	12	8	5	3	2	1	
1743	6705	2200	9999	10	20	50	70	110	140	180	220	260	310	100	60	36	20	12	8	5	3	2	1	
1744	6709	1	1800	10	20	30	40	50	60	70	80	90	100	100	60	36	20	12	8	5	3	2	1	
1745	6709	1800	2200	10	20	40	60	90	100	130	160	190	230	100	60	36	20	12	8	5	3	2	1	
1746	6709	2200	9999	10	20	50	70	110	140	180	220	260	310	100	60	36	20	12	8	5	3	2	1	
1747	6711	1	1800	10	20	30	40	50	60	70	80	90	100	100	60	36	20	12	8	5	3	2	1	
1748	6711	1800	2200	10	20	40	60	90	100	130	160	190	230	100	60	36	20	12	8	5	3	2	1	
1749	6711	2200	9999	10	20	50	70	110	140	180	220	260	310	100	60	36	20	12	8	5	3	2	1	
1750	6712	1	1800	10	20	30	40	50	60	70	80	90	100	100	60	36	20	12	8	5	3	2	1	
1751	6712	1800	2200	10	20	40	60	90	100	130	160	190	230	100	60	36	20	12	8	5	3	2	1	
1752	6712	2200	9999	10	20	50	70	110	140	180	220	260	310	100	60	36	20	12	8	5	3	2	1	
1753	6713	1	1800	10	20	30	40	50	60	70	80	90	100	100	60	36	20	12	8	5	3	2	1	
1754	6713	1800	2200	10	20	40	60	90	100	130	160	190	230	100	60	36	20	12	8	5	3	2	1	
1755	6713	2200	9999	10	20	50	70	110	140	180	220	260	310	100	60	36	20	12	8	5	3	2	1	
1756	6714	1	1800	10	20	30	40	50	60	70	80	90	100	100	60	36	20	12	8	5	3	2	1	
1757	6714	1800	2200	10	20	40	60	90	100	130	160	190	230	100	60	36	20	12	8	5	3	2	1	
1758	6714	2200	9999	10	20	50	70	110	140	180	220	260	310	100	60	36	20	12	8	5	3	2	1	
1759	6715	1	1800	10	20	30	40	50	60	70	80	90	100	100	60	36	20	12	8	5	3	2	1	
1760	6715	1800	2200	10	20	40	60	90	100	130	160	190	230	100	60	36	20	12	8	5	3	2	1	
1761	6715	2200	9999	10	20	50	70	110	140	180	220	260	310	100	60	36	20	12	8	5	3	2	1	
1762	6716	1	1800	10	20	30	40	50	60	70	80	90	100	100	60	36	20	12	8	5	3	2	1	
1763	6716	1800	2200	10	20	40	60	90	100	130	160	190	230	100	60	36	20	12	8	5	3	2	1	
1764	6716	2200	9999	10	20	50	70	110	140	180	220	260	310	100	60	36	20	12	8	5	3	2	1	
1765	6719	1	1800	10	20	30	40	50	60	70	80	90	100	100	60	36	20	12	8	5	3	2	1	
1766	6719	1800	2200	10	20	40	60	90	100	130	160	190	230	100	60	36	20	12	8	5	3	2	1	
1767	6719	2200	9999	10	20	50	70	110	140	180	220	260	310	100	60	36	20	12	8	5	3	2	1	
1768	7501	1	1800	10	20	30	40	50	60	70	80	90	100	100	60	36	20	12	8	5	3	2	1	
1769	7501	1800	2200	10	20	40	60	90	100	130	160	190	230	100	60	36	20	12	8	5	3	2	1	
1770	7501	2200	9999	10	20	50	70	110	140	180	220	260	310	100	60	36	20	12	8	5	3	2	1	
1771	7502	1	1800	10	20	30	40	50	60	70	80	90	100	100	60	36	20	12	8	5	3	2	1	
1772	7502	1800	2200	10	20	40	60	90	100	130	160	190	230	100	60	36	20	12	8	5	3	2	1	
1773	7502	2200	9999	10	20	50	70	110	140	180	220	260	310	100	60	36	20	12	8	5	3	2	1	
1774	7509	1	1800	10	20	30	40	50	60	70	80	90	100	100	60	36	20	12	8	5	3	2	1	
1775	7509	1800	2200	10	20	40	60	90	100	130	160	190	230	100	60	36	20	12	8	5	3	2	1	
1776	7509	2200	9999	10	20	50	70	110	140	180	220	260	310	100	60	36	20	12	8	5	3	2	1	
1777	7511	1	1800	10	20	30	40	50	60	70	80	90	100	100	60	36	20	12	8	5	3	2	1	
1778	7511	1800	2200	10	20	40	60	90	100	130	160	190	230	100	60	36	20	12	8	5	3	2	1	
1779	7511	2200	9999	10	20	50	70	110	140	180	220	260	310	100	60	36	20	12	8	5	3	2	1	
1780	7512	1	1800	10	20	30	40	50	60	70	80	90	100	100	60	36	20	12	8	5	3	2	1	
1781	7512	1800	2200	10	20	40	60	90	100	130	160	190	230	100	60	36	20	12	8	5	3	2	1	
1782	7512	2200	9999	10	20	50	70	110	140	180	220	260	310	100	60	36	20	12	8	5	3	2	1	
1783	7513	1	1800	10	20	30	40	50	60	70	80	90	100	100	60	36	20	12	8	5	3	2	1	
1784	7513	1800	2200	10	20	40	60	90	100	130	160	190	230	100	60	36	20	12	8	5	3	2	1	
1785	7513	2200	9999	10	20	50	70	110	140	180	220	260	310	100	60	36	20	12	8	5	3	2	1	
1786	7519	1	1800	10	20	30	40	50	60	70	80	90	100	100	60	36	20	12	8	5	3	2	1	
1787	7519	1800	2200	10	20	40	60	90	100	130	160	190	230	100	60	36	20	12	8	5	3	2	1	
1788	7519	2200	9999	10	20	50	70	110	140	180	220	260	310	100	60	36	20	12	8	5	3	2	1	
1789	7521	1	1800	10	20	30	40	50	60	70	80	90	100	100	60	36	20	12	8	5	3	2	1	
1790	7521	1800	2200	10	20	40	60	90	100	130	160	190	230	100	60	36	20	12	8	5	3	2	1	
1791	7521	2200	9999	10	20	50	70	110	140	180	220	260	310	100	60	36	20	12	8	5	3	2	1	
1792	7522	1	1800	10	20	30	40	50	60	70	80	90	100	100	60	36	20	12	8	5	3	2	1	
1793	7522	1800	2200	10	20	40	60	90	100	130	160	190	230	100	60	36	20	12	8	5	3	2	1	
1794	7522	2200	9999	10	20	50	70	110	140	180	220	260	310	100	60	36	20	12	8	5	3	2	1	
1795	7523	1	1800	10	20	30	40	50	60	70	80	90	100	100	60	36	20	12	8	5	3	2	1	
1796	7523	1800	2200	10	20	40	60	90	100	130	160	190	230	100	60	36	20	12	8	5	3	2	1	
1797	7523	2200	9999	10	20	50	70	110	140	180	220	260	310	100	60	36	20	12	8	5	3	2	1	
1798	7524	1	1800	10	20	30	40	50	60	70	80	90	100	100	60	36	20	12	8	5	3	2	1	
1799	7524	1800	2200	10	20	40	60	90	100	130	160	190	230	100	60	36	20	12	8	5	3	2	1	
1800	7524	2200	9999	10	20	50	70	110	140	180	220	260	310	100	60	36	20	12	8	5	3	2	1	
1801	7529	1	1800	10	20	30	40	50	60	70	80	90	100	100	60	36	20	12	8	5	3	2	1	
1802	7529	1800	2200	10	20	40	60	90	100	130	160	190	230	100	60	36	20	12	8	5	3	2	1	
1803	7529	2200	9999	10	20	50	70	110	140	180	220	260	310	100	60	36	20	12	8	5	3	2	1	
1804	7531	1	1800	10	20	30	40	50	60	70	80	90	100	100	60	36	20	12	8	5	3	2	1	
1805	7531	1800	2200	10	20	40	60	90	100	130	160	190	230	100	60	36	20	12	8	5	3	2	1	
1806	7531	2200	9999	10	20	50	70	110	140	180	220	260	310	100	60	36	20	12	8	5	3	2	1	
1807	7532	1	1800	10	20	30	40	50	60	70	80	90	100	100	60	36	20	12	8	5	3	2	1	
1808	7532	1800	2200	10	20	40	60	90	100	130	160	190	230	100	60	36	20	12	8	5	3	2	1	
1809	7532	2200	9999	10	20	50	70	110	140	180	220	260	310	100	60	36	20	12	8	5	3	2	1	
1810	7533	1	1800	10	20	30	40	50	60	70	80	90	100	100	60	36	20	12	8	5	3	2	1	
1811	7533	1800	2200	10	20	40	60	90	100	130	160	190	230	100	60	36	20	12	8	5	3	2	1	
1812	7533	2200	9999	10	20	50	70	110	140	180	220	260	310	100	60	36	20	12	8	5	3	2	1	
1813	7534	1	1800	10	20	30	40	50	60	70	80	90	100	100	60	36	20	12	8	5	3	2	1	
1814	7534	1800	2200	10	20	40	60	90	100	130	160	190	230	100	60	36	20	12	8	5	3	2	1	
1815	7534	2200	9999	10	20	50	70	110	140	180	220	260	310	100	60	36	20	12	8	5	3	2	1	
1816	7535	1	1800	10	20	30	40	50	60	70	80	90	100	100	60	36	20	12	8	5	3	2	1	
1817	7535	1800	2200	10	20	40	60	90	100	130	160	190	230	100	60	36	20	12	8	5	3	2	1	
1818	7535	2200	9999	10	20	50	70	110	140	180	220	260	310	100	60	36	20	12	8	5	3	2	1	
1819	7539	1	1800	10	20	30	40	50	60	70	80	90	100	100	60	36	20	12	8	5	3	2	1	
1820	7539	1800	2200	10	20	40	60	90	100	130	160	190	230	100	60	36	20	12	8	5	3	2	1	
1821	7539	2200	9999	10	20	50	70	110	140	180	220	260	310	100	60	36	20	12	8	5	3	2	1	
1822	7541	1	1800	10	20	30	40	50	60	70	80	90	100	100	60	36	20	12	8	5	3	2	1	
1823	7541	1800	2200	10	20	40	60	90	100	130	160	190	230	100	60	36	20	12	8	5	3	2	1	
1824	7541	2200	9999	10	20	50	70	110	140	180	220	260	310	100	60	36	20	12	8	5	3	2	1	
1825	7542	1	1800	10	20	30	40	50	60	70	80	90	100	100	60	36	20	12	8	5	3	2	1	
1826	7542	1800	2200	10	20	40	60	90	100	130	160	190	230	100	60	36	20	12	8	5	3	2	1	
1827	7542	2200	9999	10	20	50	70	110	140	180	220	260	310	100	60	36	20	12	8	5	3	2	1	
1828	7543	1	1800	10	20	30	40	50	60	70	80	90	100	100	60	36	20	12	8	5	3	2	1	
1829	7543	1800	2200	10	20	40	60	90	100	130	160	190	230	100	60	36	20	12	8	5	3	2	1	
1830	7543	2200	9999	10	20	50	70	110	140	180	220	260	310	100	60	36	20	12	8	5	3	2	1	
1831	7544	1	1800	10	20	30	40	50	60	70	80	90	100	100	60	36	20	12	8	5	3	2	1	
1832	7544	1800	2200	10	20	40	60	90	100	130	160	190	230	100	60	36	20	12	8	5	3	2	1	
1833	7544	2200	9999	10	20	50	70	110	140	180	220	260	310	100	60	36	20	12	8	5	3	2	1	
1834	7545	1	1800	10	20	30	40	50	60	70	80	90	100	100	60	36	20	12	8	5	3	2	1	
1835	7545	1800	2200	10	20	40	60	90	100	130	160	190	230	100	60	36	20	12	8	5	3	2	1	
1836	7545	2200	9999	10	20	50	70	110	140	180	220	260	310	100	60	36	20	12	8	5	3	2	1	
1837	7546	1	1800	10	20	30	40	50	60	70	80	90	100	100	60	36	20	12	8	5	3	2	1	
1838	7546	1800	2200	10	20	40	60	90	100	130	160	190	230	100	60	36	20	12	8	5	3	2	1	
1839	7546	2200	9999	10	20	50	70	110	140	180	220	260	310	100	60	36	20	12	8	5	3	2	1	
1840	7549	1	1800	10	20	30	40	50	60	70	80	90	100	100	60	36	20	12	8	5	3	2	1	
1841	7549	1800	2200	10	20	40	60	90	100	130	160	190	230	100	60	36	20	12	8	5	3	2	1	
1842	7549	2200	9999	10	20	50	70	110	140	180	220	260	310	100	60	36	20	12	8	5	3	2	1	
1843	7551	1	1800	10	20	30	40	50	60	70	80	90	100	100	60	36	20	12	8	5	3	2	1	
1844	7551	1800	2200	10	20	40	60	90	100	130	160	190	230	100	60	36	20	12	8	5	3	2	1	
1845	7551	2200	9999	10	20	50	70	110	140	180	220	260	310	100	60	36	20	12	8	5	3	2	1	
1846	7552	1	1800	10	20	30	40	50	60	70	80	90	100	100	60	36	20	12	8	5	3	2	1	
1847	7552	1800	2200	10	20	40	60	90	100	130	160	190	230	100	60	36	20	12	8	5	3	2	1	
1848	7552	2200	9999	10	20	50	70	110	140	180	220	260	310	100	60	36	20	12	8	5	3	2	1	
1849	7553	1	1800	10	20	30	40	50	60	70	80	90	100	100	60	36	20	12	8	5	3	2	1	
1850	7553	1800	2200	10	20	40	60	90	100	130	160	190	230	100	60	36	20	12	8	5	3	2	1	
1851	7553	2200	9999	10	20	50	70	110	140	180	220	260	310	100	60	36	20	12	8	5	3	2	1	
1852	7554	1	1800	10	20	30	40	50	60	70	80	90	100	100	60	36	20	12	8	5	3	2	1	
1853	7554	1800	2200	10	20	40	60	90	100	130	160	190	230	100	60	36	20	12	8	5	3	2	1	
1854	7554	2200	9999	10	20	50	70	110	140	180	220	260	310	100	60	36	20	12	8	5	3	2	1	
1855	7555	1	1800	10	20	30	40	50	60	70	80	90	100	100	60	36	20	12	8	5	3	2	1	
1856	7555	1800	2200	10	20	40	60	90	100	130	160	190	230	100	60	36	20	12	8	5	3	2	1	
1857	7555	2200	9999	10	20	50	70	110	140	180	220	260	310	100	60	36	20	12	8	5	3	2	1	
1858	7556	1	1800	10	20	30	40	50	60	70	80	90	100	100	60	36	20	12	8	5	3	2	1	
1859	7556	1800	2200	10	20	40	60	90	100	130	160	190	230	100	60	36	20	12	8	5	3	2	1	
1860	7556	2200	9999	10	20	50	70	110	140	180	220	260	310	100	60	36	20	12	8	5	3	2	1	
1861	7557	1	1800	10	20	30	40	50	60	70	80	90	100	100	60	36	20	12	8	5	3	2	1	
1862	7557	1800	2200	10	20	40	60	90	100	130	160	190	230	100	60	36	20	12	8	5	3	2	1	
1863	7557	2200	9999	10	20	50	70	110	140	180	220	260	310	100	60	36	20	12	8	5	3	2	1	
1864	7559	1	1800	10	20	30	40	50	60	70	80	90	100	100	60	36	20	12	8	5	3	2	1	
1865	7559	1800	2200	10	20	40	60	90	100	130	160	190	230	100	60	36	20	12	8	5	3	2	1	
1866	7559	2200	9999	10	20	50	70	110	140	180	220	260	310	100	60	36	20	12	8	5	3	2	1	
1867	7561	1	1800	10	20	30	40	50	60	70	80	90	100	100	60	36	20	12	8	5	3	2	1	
1868	7561	1800	2200	10	20	40	60	90	100	130	160	190	230	100	60	36	20	12	8	5	3	2	1	
1869	7561	2200	9999	10	20	50	70	110	140	180	220	260	310	100	60	36	20	12	8	5	3	2	1	
1870	7562	1	1800	10	20	30	40	50	60	70	80	90	100	100	60	36	20	12	8	5	3	2	1	
1871	7562	1800	2200	10	20	40	60	90	100	130	160	190	230	100	60	36	20	12	8	5	3	2	1	
1872	7562	2200	9999	10	20	50	70	110	140	180	220	260	310	100	60	36	20	12	8	5	3	2	1	
1873	7563	1	1800	10	20	30	40	50	60	70	80	90	100	100	60	36	20	12	8	5	3	2	1	
1874	7563	1800	2200	10	20	40	60	90	100	130	160	190	230	100	60	36	20	12	8	5	3	2	1	
1875	7563	2200	9999	10	20	50	70	110	140	180	220	260	310	100	60	36	20	12	8	5	3	2	1	
1876	7564	1	1800	10	20	30	40	50	60	70	80	90	100	100	60	36	20	12	8	5	3	2	1	
1877	7564	1800	2200	10	20	40	60	90	100	130	160	190	230	100	60	36	20	12	8	5	3	2	1	
1878	7564	2200	9999	10	20	50	70	110	140	180	220	260	310	100	60	36	20	12	8	5	3	2	1	
1879	7565	1	1800	10	20	30	40	50	60	70	80	90	100	100	60	36	20	12	8	5	3	2	1	
1880	7565	1800	2200	10	20	40	60	90	100	130	160	190	230	100	60	36	20	12	8	5	3	2	1	
1881	7565	2200	9999	10	20	50	70	110	140	180	220	260	310	100	60	36	20	12	8	5	3	2	1	
1882	7566	1	1800	10	20	30	40	50	60	70	80	90	100	100	60	36	20	12	8	5	3	2	1	
1883	7566	1800	2200	10	20	40	60	90	100	130	160	190	230	100	60	36	20	12	8	5	3	2	1	
1884	7566	2200	9999	10	20	50	70	110	140	180	220	260	310	100	60	36	20	12	8	5	3	2	1	
1885	7567	1	1800	10	20	30	40	50	60	70	80	90	100	100	60	36	20	12	8	5	3	2	1	
1886	7567	1800	2200	10	20	40	60	90	100	130	160	190	230	100	60	36	20	12	8	5	3	2	1	
1887	7567	2200	9999	10	20	50	70	110	140	180	220	260	310	100	60	36	20	12	8	5	3	2	1	
1888	7568	1	1800	10	20	30	40	50	60	70	80	90	100	100	60	36	20	12	8	5	3	2	1	
1889	7568	1800	2200	10	20	40	60	90	100	130	160	190	230	100	60	36	20	12	8	5	3	2	1	
1890	7568	2200	9999	10	20	50	70	110	140	180	220	260	310	100	60	36	20	12	8	5	3	2	1	
1891	7569	1	1800	10	20	30	40	50	60	70	80	90	100	100	60	36	20	12	8	5	3	2	1	
1892	7569	1800	2200	10	20	40	60	90	100	130	160	190	230	100	60	36	20	12	8	5	3	2	1	
1893	7569	2200	9999	10	20	50	70	110	140	180	220	260	310	100	60	36	20	12	8	5	3	2	1	
1894	7571	1	1800	10	20	30	40	50	60	70	80	90	100	100	60	36	20	12	8	5	3	2	1	
1895	7571	1800	2200	10	20	40	60	90	100	130	160	190	230	100	60	36	20	12	8	5	3	2	1	
1896	7571	2200	9999	10	20	50	70	110	140	180	220	260	310	100	60	36	20	12	8	5	3	2	1	
1897	7572	1	1800	10	20	30	40	50	60	70	80	90	100	100	60	36	20	12	8	5	3	2	1	
1898	7572	1800	2200	10	20	40	60	90	100	130	160	190	230	100	60	36	20	12	8	5	3	2	1	
1899	7572	2200	9999	10	20	50	70	110	140	180	220	260	310	100	60	36	20	12	8	5	3	2	1	
1900	7579	1	1800	10	20	30	40	50	60	70	80	90	100	100	60	36	20	12	8	5	3	2	1	
1901	7579	1800	2200	10	20	40	60	90	100	130	160	190	230	100	60	36	20	12	8	5	3	2	1	
1902	7579	2200	9999	10	20	50	70	110	140	180	220	260	310	100	60	36	20	12	8	5	3	2	1	
1903	7581	1	1800	10	20	30	40	50	60	70	80	90	100	100	60	36	20	12	8	5	3	2	1	
1904	7581	1800	2200	10	20	40	60	90	100	130	160	190	230	100	60	36	20	12	8	5	3	2	1	
1905	7581	2200	9999	10	20	50	70	110	140	180	220	260	310	100	60	36	20	12	8	5	3	2	1	
1906	7582	1	1800	10	20	30	40	50	60	70	80	90	100	100	60	36	20	12	8	5	3	2	1	
1907	7582	1800	2200	10	20	40	60	90	100	130	160	190	230	100	60	36	20	12	8	5	3	2	1	
1908	7582	2200	9999	10	20	50	70	110	140	180	220	260	310	100	60	36	20	12	8	5	3	2	1	
1909	7583	1	1800	10	20	30	40	50	60	70	80	90	100	100	60	36	20	12	8	5	3	2	1	
1910	7583	1800	2200	10	20	40	60	90	100	130	160	190	230	100	60	36	20	12	8	5	3	2	1	
1911	7583	2200	9999	10	20	50	70	110	140	180	220	260	310	100	60	36	20	12	8	5	3	2	1	
1912	7589	1	1800	10	20	30	40	50	60	70	80	90	100	100	60	36	20	12	8	5	3	2	1	
1913	7589	1800	2200	10	20	40	60	90	100	130	160	190	230	100	60	36	20	12	8	5	3	2	1	
1914	7589	2200	9999	10	20	50	70	110	140	180	220	260	310	100	60	36	20	12	8	5	3	2	1	
1915	7591	1	1800	10	20	30	40	50	60	70	80	90	100	100	60	36	20	12	8	5	3	2	1	
1916	7591	1800	2200	10	20	40	60	90	100	130	160	190	230	100	60	36	20	12	8	5	3	2	1	
1917	7591	2200	9999	10	20	50	70	110	140	180	220	260	310	100	60	36	20	12	8	5	3	2	1	
1918	7592	1	1800	10	20	30	40	50	60	70	80	90	100	100	60	36	20	12	8	5	3	2	1	
1919	7592	1800	2200	10	20	40	60	90	100	130	160	190	230	100	60	36	20	12	8	5	3	2	1	
1920	7592	2200	9999	10	20	50	70	110	140	180	220	260	310	100	60	36	20	12	8	5	3	2	1	
1921	7593	1	1800	10	20	30	40	50	60	70	80	90	100	100	60	36	20	12	8	5	3	2	1	
1922	7593	1800	2200	10	20	40	60	90	100	130	160	190	230	100	60	36	20	12	8	5	3	2	1	
1923	7593	2200	9999	10	20	50	70	110	140	180	220	260	310	100	60	36	20	12	8	5	3	2	1	
1924	7594	1	1800	10	20	30	40	50	60	70	80	90	100	100	60	36	20	12	8	5	3	2	1	
1925	7594	1800	2200	10	20	40	60	90	100	130	160	190	230	100	60	36	20	12	8	5	3	2	1	
1926	7594	2200	9999	10	20	50	70	110	140	180	220	260	310	100	60	36	20	12	8	5	3	2	1	
1927	7599	1	1800	10	20	30	40	50	60	70	80	90	100	100	60	36	20	12	8	5	3	2	1	
1928	7599	1800	2200	10	20	40	60	90	100	130	160	190	230	100	60	36	20	12	8	5	3	2	1	
1929	7599	2200	9999	10	20	50	70	110	140	180	220	260	310	100	60	36	20	12	8	5	3	2	1	
1930	7601	1	1800	10	20	30	40	50	60	70	80	90	100	100	60	36	20	12	8	5	3	2	1	
1931	7601	1800	2200	10	20	40	60	90	100	130	160	190	230	100	60	36	20	12	8	5	3	2	1	
1932	7601	2200	9999	10	20	50	70	110	140	180	220	260	310	100	60	36	20	12	8	5	3	2	1	
1933	7602	1	1800	10	20	30	40	50	60	70	80	90	100	100	60	36	20	12	8	5	3	2	1	
1934	7602	1800	2200	10	20	40	60	90	100	130	160	190	230	100	60	36	20	12	8	5	3	2	1	
1935	7602	2200	9999	10	20	50	70	110	140	180	220	260	310	100	60	36	20	12	8	5	3	2	1	
1936	7603	1	1800	10	20	30	40	50	60	70	80	90	100	100	60	36	20	12	8	5	3	2	1	
1937	7603	1800	2200	10	20	40	60	90	100	130	160	190	230	100	60	36	20	12	8	5	3	2	1	
1938	7603	2200	9999	10	20	50	70	110	140	180	220	260	310	100	60	36	20	12	8	5	3	2	1	
1939	7604	1	1800	10	20	30	40	50	60	70	80	90	100	100	60	36	20	12	8	5	3	2	1	
1940	7604	1800	2200	10	20	40	60	90	100	130	160	190	230	100	60	36	20	12	8	5	3	2	1	
1941	7604	2200	9999	10	20	50	70	110	140	180	220	260	310	100	60	36	20	12	8	5	3	2	1	
1942	7605	1	1800	10	20	30	40	50	60	70	80	90	100	100	60	36	20	12	8	5	3	2	1	
1943	7605	1800	2200	10	20	40	60	90	100	130	160	190	230	100	60	36	20	12	8	5	3	2	1	
1944	7605	2200	9999	10	20	50	70	110	140	180	220	260	310	100	60	36	20	12	8	5	3	2	1	
1945	7609	1	1800	10	20	30	40	50	60	70	80	90	100	100	60	36	20	12	8	5	3	2	1	
1946	7609	1800	2200	10	20	40	60	90	100	130	160	190	230	100	60	36	20	12	8	5	3	2	1	
1947	7609	2200	9999	10	20	50	70	110	140	180	220	260	310	100	60	36	20	12	8	5	3	2	1	
1948	7611	1	1800	10	20	30	40	50	60	70	80	90	100	100	60	36	20	12	8	5	3	2	1	
1949	7611	1800	2200	10	20	40	60	90	100	130	160	190	230	100	60	36	20	12	8	5	3	2	1	
1950	7611	2200	9999	10	20	50	70	110	140	180	220	260	310	100	60	36	20	12	8	5	3	2	1	
1951	7612	1	1800	10	20	30	40	50	60	70	80	90	100	100	60	36	20	12	8	5	3	2	1	
1952	7612	1800	2200	10	20	40	60	90	100	130	160	190	230	100	60	36	20	12	8	5	3	2	1	
1953	7612	2200	9999	10	20	50	70	110	140	180	220	260	310	100	60	36	20	12	8	5	3	2	1	
1954	7613	1	1800	10	20	30	40	50	60	70	80	90	100	100	60	36	20	12	8	5	3	2	1	
1955	7613	1800	2200	10	20	40	60	90	100	130	160	190	230	100	60	36	20	12	8	5	3	2	1	
1956	7613	2200	9999	10	20	50	70	110	140	180	220	260	310	100	60	36	20	12	8	5	3	2	1	
1957	7614	1	1800	10	20	30	40	50	60	70	80	90	100	100	60	36	20	12	8	5	3	2	1	
1958	7614	1800	2200	10	20	40	60	90	100	130	160	190	230	100	60	36	20	12	8	5	3	2	1	
1959	7614	2200	9999	10	20	50	70	110	140	180	220	260	310	100	60	36	20	12	8	5	3	2	1	
1960	7615	1	1800	10	20	30	40	50	60	70	80	90	100	100	60	36	20	12	8	5	3	2	1	
1961	7615	1800	2200	10	20	40	60	90	100	130	160	190	230	100	60	36	20	12	8	5	3	2	1	
1962	7615	2200	9999	10	20	50	70	110	140	180	220	260	310	100	60	36	20	12	8	5	3	2	1	
1963	7616	1	1800	10	20	30	40	50	60	70	80	90	100	100	60	36	20	12	8	5	3	2	1	
1964	7616	1800	2200	10	20	40	60	90	100	130	160	190	230	100	60	36	20	12	8	5	3	2	1	
1965	7616	2200	9999	10	20	50	70	110	140	180	220	260	310	100	60	36	20	12	8	5	3	2	1	
1966	7619	1	1800	10	20	30	40	50	60	70	80	90	100	100	60	36	20	12	8	5	3	2	1	
1967	7619	1800	2200	10	20	40	60	90	100	130	160	190	230	100	60	36	20	12	8	5	3	2	1	
1968	7619	2200	9999	10	20	50	70	110	140	180	220	260	310	100	60	36	20	12	8	5	3	2	1	
1969	7621	1	1800	10	20	30	40	50	60	70	80	90	100	100	60	36	20	12	8	5	3	2	1	
1970	7621	1800	2200	10	20	40	60	90	100	130	160	190	230	100	60	36	20	12	8	5	3	2	1	
1971	7621	2200	9999	10	20	50	70	110	140	180	220	260	310	100	60	36	20	12	8	5	3	2	1	
1972	7622	1	1800	10	20	30	40	50	60	70	80	90	100	100	60	36	20	12	8	5	3	2	1	
1973	7622	1800	2200	10	20	40	60	90	100	130	160	190	230	100	60	36	20	12	8	5	3	2	1	
1974	7622	2200	9999	10	20	50	70	110	140	180	220	260	310	100	60	36	20	12	8	5	3	2	1	
1975	7623	1	1800	10	20	30	40	50	60	70	80	90	100	100	60	36	20	12	8	5	3	2	1	
1976	7623	1800	2200	10	20	40	60	90	100	130	160	190	230	100	60	36	20	12	8	5	3	2	1	
1977	7623	2200	9999	10	20	50	70	110	140	180	220	260	310	100	60	36	20	12	8	5	3	2	1	
1978	7624	1	1800	10	20	30	40	50	60	70	80	90	100	100	60	36	20	12	8	5	3	2	1	
1979	7624	1800	2200	10	20	40	60	90	100	130	160	190	230	100	60	36	20	12	8	5	3	2	1	
1980	7624	2200	9999	10	20	50	70	110	140	180	220	260	310	100	60	36	20	12	8	5	3	2	1	
1981	7625	1	1800	10	20	30	40	50	60	70	80	90	100	100	60	36	20	12	8	5	3	2	1	
1982	7625	1800	2200	10	20	40	60	90	100	130	160	190	230	100	60	36	20	12	8	5	3	2	1	
1983	7625	2200	9999	10	20	50	70	110	140	180	220	260	310	100	60	36	20	12	8	5	3	2	1	
1984	7626	1	1800	10	20	30	40	50	60	70	80	90	100	100	60	36	20	12	8	5	3	2	1	
1985	7626	1800	2200	10	20	40	60	90	100	130	160	190	230	100	60	36	20	12	8	5	3	2	1	
1986	7626	2200	9999	10	20	50	70	110	140	180	220	260	310	100	60	36	20	12	8	5	3	2	1	
1987	7627	1	1800	10	20	30	40	50	60	70	80	90	100	100	60	36	20	12	8	5	3	2	1	
1988	7627	1800	2200	10	20	40	60	90	100	130	160	190	230	100	60	36	20	12	8	5	3	2	1	
1989	7627	2200	9999	10	20	50	70	110	140	180	220	260	310	100	60	36	20	12	8	5	3	2	1	
1990	7629	1	1800	10	20	30	40	50	60	70	80	90	100	100	60	36	20	12	8	5	3	2	1	
1991	7629	1800	2200	10	20	40	60	90	100	130	160	190	230	100	60	36	20	12	8	5	3	2	1	
1992	7629	2200	9999	10	20	50	70	110	140	180	220	260	310	100	60	36	20	12	8	5	3	2	1	
1993	7631	1	1800	10	20	30	40	50	60	70	80	90	100	100	60	36	20	12	8	5	3	2	1	
1994	7631	1800	2200	10	20	40	60	90	100	130	160	190	230	100	60	36	20	12	8	5	3	2	1	
1995	7631	2200	9999	10	20	50	70	110	140	180	220	260	310	100	60	36	20	12	8	5	3	2	1	
1996	7632	1	1800	10	20	30	40	50	60	70	80	90	100	100	60	36	20	12	8	5	3	2	1	
1997	7632	1800	2200	10	20	40	60	90	100	130	160	190	230	100	60	36	20	12	8	5	3	2	1	
1998	7632	2200	9999	10	20	50	70	110	140	180	220	260	310	100	60	36	20	12	8	5	3	2	1	
1999	7633	1	1800	10	20	30	40	50	60	70	80	90	100	100	60	36	20	12	8	5	3	2	1	
2000	7633	1800	2200	10	20	40	60	90	100	130	160	190	230	100	60	36	20	12	8	5	3	2	1	
2001	7633	2200	9999	10	20	50	70	110	140	180	220	260	310	100	60	36	20	12	8	5	3	2	1	
2002	7634	1	1800	10	20	30	40	50	60	70	80	90	100	100	60	36	20	12	8	5	3	2	1	
2003	7634	1800	2200	10	20	40	60	90	100	130	160	190	230	100	60	36	20	12	8	5	3	2	1	
2004	7634	2200	9999	10	20	50	70	110	140	180	220	260	310	100	60	36	20	12	8	5	3	2	1	
2005	7635	1	1800	10	20	30	40	50	60	70	80	90	100	100	60	36	20	12	8	5	3	2	1	
2006	7635	1800	2200	10	20	40	60	90	100	130	160	190	230	100	60	36	20	12	8	5	3	2	1	
2007	7635	2200	9999	10	20	50	70	110	140	180	220	260	310	100	60	36	20	12	8	5	3	2	1	
2008	7636	1	1800	10	20	30	40	50	60	70	80	90	100	100	60	36	20	12	8	5	3	2	1	
2009	7636	1800	2200	10	20	40	60	90	100	130	160	190	230	100	60	36	20	12	8	5	3	2	1	
2010	7636	2200	9999	10	20	50	70	110	140	180	220	260	310	100	60	36	20	12	8	5	3	2	1	
2011	7637	1	1800	10	20	30	40	50	60	70	80	90	100	100	60	36	20	12	8	5	3	2	1	
2012	7637	1800	2200	10	20	40	60	90	100	130	160	190	230	100	60	36	20	12	8	5	3	2	1	
2013	7637	2200	9999	10	20	50	70	110	140	180	220	260	310	100	60	36	20	12	8	5	3	2	1	
2014	7638	1	1800	10	20	30	40	50	60	70	80	90	100	100	60	36	20	12	8	5	3	2	1	
2015	7638	1800	2200	10	20	40	60	90	100	130	160	190	230	100	60	36	20	12	8	5	3	2	1	
2016	7638	2200	9999	10	20	50	70	110	140	180	220	260	310	100	60	36	20	12	8	5	3	2	1	
2017	7639	1	1800	10	20	30	40	50	60	70	80	90	100	100	60	36	20	12	8	5	3	2	1	
2018	7639	1800	2200	10	20	40	60	90	100	130	160	190	230	100	60	36	20	12	8	5	3	2	1	
2019	7639	2200	9999	10	20	50	70	110	140	180	220	260	310	100	60	36	20	12	8	5	3	2	1	
2020	7641	1	1800	10	20	30	40	50	60	70	80	90	100	100	60	36	20	12	8	5	3	2	1	
2021	7641	1800	2200	10	20	40	60	90	100	130	160	190	230	100	60	36	20	12	8	5	3	2	1	
2022	7641	2200	9999	10	20	50	70	110	140	180	220	260	310	100	60	36	20	12	8	5	3	2	1	
2023	7642	1	1800	10	20	30	40	50	60	70	80	90	100	100	60	36	20	12	8	5	3	2	1	
2024	7642	1800	2200	10	20	40	60	90	100	130	160	190	230	100	60	36	20	12	8	5	3	2	1	
2025	7642	2200	9999	10	20	50	70	110	140	180	220	260	310	100	60	36	20	12	8	5	3	2	1	
2026	7649	1	1800	10	20	30	40	50	60	70	80	90	100	100	60	36	20	12	8	5	3	2	1	
2027	7649	1800	2200	10	20	40	60	90	100	130	160	190	230	100	60	36	20	12	8	5	3	2	1	
2028	7649	2200	9999	10	20	50	70	110	140	180	220	260	310	100	60	36	20	12	8	5	3	2	1	
2029	7651	1	1800	10	20	30	40	50	60	70	80	90	100	100	60	36	20	12	8	5	3	2	1	
2030	7651	1800	2200	10	20	40	60	90	100	130	160	190	230	100	60	36	20	12	8	5	3	2	1	
2031	7651	2200	9999	10	20	50	70	110	140	180	220	260	310	100	60	36	20	12	8	5	3	2	1	
2032	7652	1	1800	10	20	30	40	50	60	70	80	90	100	100	60	36	20	12	8	5	3	2	1	
2033	7652	1800	2200	10	20	40	60	90	100	130	160	190	230	100	60	36	20	12	8	5	3	2	1	
2034	7652	2200	9999	10	20	50	70	110	140	180	220	260	310	100	60	36	20	12	8	5	3	2	1	
2035	7653	1	1800	10	20	30	40	50	60	70	80	90	100	100	60	36	20	12	8	5	3	2	1	
2036	7653	1800	2200	10	20	40	60	90	100	130	160	190	230	100	60	36	20	12	8	5	3	2	1	
2037	7653	2200	9999	10	20	50	70	110	140	180	220	260	310	100	60	36	20	12	8	5	3	2	1	
2038	7659	1	1800	10	20	30	40	50	60	70	80	90	100	100	60	36	20	12	8	5	3	2	1	
2039	7659	1800	2200	10	20	40	60	90	100	130	160	190	230	100	60	36	20	12	8	5	3	2	1	
2040	7659	2200	9999	10	20	50	70	110	140	180	220	260	310	100	60	36	20	12	8	5	3	2	1	
2041	7661	1	1800	10	20	30	40	50	60	70	80	90	100	100	60	36	20	12	8	5	3	2	1	
2042	7661	1800	2200	10	20	40	60	90	100	130	160	190	230	100	60	36	20	12	8	5	3	2	1	
2043	7661	2200	9999	10	20	50	70	110	140	180	220	260	310	100	60	36	20	12	8	5	3	2	1	
2044	7662	1	1800	10	20	30	40	50	60	70	80	90	100	100	60	36	20	12	8	5	3	2	1	
2045	7662	1800	2200	10	20	40	60	90	100	130	160	190	230	100	60	36	20	12	8	5	3	2	1	
2046	7662	2200	9999	10	20	50	70	110	140	180	220	260	310	100	60	36	20	12	8	5	3	2	1	
2047	7663	1	1800	10	20	30	40	50	60	70	80	90	100	100	60	36	20	12	8	5	3	2	1	
2048	7663	1800	2200	10	20	40	60	90	100	130	160	190	230	100	60	36	20	12	8	5	3	2	1	
2049	7663	2200	9999	10	20	50	70	110	140	180	220	260	310	100	60	36	20	12	8	5	3	2	1	
2050	7664	1	1800	10	20	30	40	50	60	70	80	90	100	100	60	36	20	12	8	5	3	2	1	
2051	7664	1800	2200	10	20	40	60	90	100	130	160	190	230	100	60	36	20	12	8	5	3	2	1	
2052	7664	2200	9999	10	20	50	70	110	140	180	220	260	310	100	60	36	20	12	8	5	3	2	1	
2053	7669	1	1800	10	20	30	40	50	60	70	80	90	100	100	60	36	20	12	8	5	3	2	1	
2054	7669	1800	2200	10	20	40	60	90	100	130	160	190	230	100	60	36	20	12	8	5	3	2	1	
2055	7669	2200	9999	10	20	50	70	110	140	180	220	260	310	100	60	36	20	12	8	5	3	2	1	
2056	7671	1	1800	10	20	30	40	50	60	70	80	90	100	100	60	36	20	12	8	5	3	2	1	
2057	7671	1800	2200	10	20	40	60	90	100	130	160	190	230	100	60	36	20	12	8	5	3	2	1	
2058	7671	2200	9999	10	20	50	70	110	140	180	220	260	310	100	60	36	20	12	8	5	3	2	1	
2059	7672	1	1800	10	20	30	40	50	60	70	80	90	100	100	60	36	20	12	8	5	3	2	1	
2060	7672	1800	2200	10	20	40	60	90	100	130	160	190	230	100	60	36	20	12	8	5	3	2	1	
2061	7672	2200	9999	10	20	50	70	110	140	180	220	260	310	100	60	36	20	12	8	5	3	2	1	
2062	7673	1	1800	10	20	30	40	50	60	70	80	90	100	100	60	36	20	12	8	5	3	2	1	
2063	7673	1800	2200	10	20	40	60	90	100	130	160	190	230	100	60	36	20	12	8	5	3	2	1	
2064	7673	2200	9999	10	20	50	70	110	140	180	220	260	310	100	60	36	20	12	8	5	3	2	1	
2065	7674	1	1800	10	20	30	40	50	60	70	80	90	100	100	60	36	20	12	8	5	3	2	1	
2066	7674	1800	2200	10	20	40	60	90	100	130	160	190	230	100	60	36	20	12	8	5	3	2	1	
2067	7674	2200	9999	10	20	50	70	110	140	180	220	260	310	100	60	36	20	12	8	5	3	2	1	
2068	7675	1	1800	10	20	30	40	50	60	70	80	90	100	100	60	36	20	12	8	5	3	2	1	
2069	7675	1800	2200	10	20	40	60	90	100	130	160	190	230	100	60	36	20	12	8	5	3	2	1	
2070	7675	2200	9999	10	20	50	70	110	140	180	220	260	310	100	60	36	20	12	8	5	3	2	1	
2071	7679	1	1800	10	20	30	40	50	60	70	80	90	100	100	60	36	20	12	8	5	3	2	1	
2072	7679	1800	2200	10	20	40	60	90	100	130	160	190	230	100	60	36	20	12	8	5	3	2	1	
2073	7679	2200	9999	10	20	50	70	110	140	180	220	260	310	100	60	36	20	12	8	5	3	2	1	
2074	7681	1	1800	10	20	30	40	50	60	70	80	90	100	100	60	36	20	12	8	5	3	2	1	
2075	7681	1800	2200	10	20	40	60	90	100	130	160	190	230	100	60	36	20	12	8	5	3	2	1	
2076	7681	2200	9999	10	20	50	70	110	140	180	220	260	310	100	60	36	20	12	8	5	3	2	1	
2077	7682	1	1800	10	20	30	40	50	60	70	80	90	100	100	60	36	20	12	8	5	3	2	1	
2078	7682	1800	2200	10	20	40	60	90	100	130	160	190	230	100	60	36	20	12	8	5	3	2	1	
2079	7682	2200	9999	10	20	50	70	110	140	180	220	260	310	100	60	36	20	12	8	5	3	2	1	
2080	7683	1	1800	10	20	30	40	50	60	70	80	90	100	100	60	36	20	12	8	5	3	2	1	
2081	7683	1800	2200	10	20	40	60	90	100	130	160	190	230	100	60	36	20	12	8	5	3	2	1	
2082	7683	2200	9999	10	20	50	70	110	140	180	220	260	310	100	60	36	20	12	8	5	3	2	1	
2083	7684	1	1800	10	20	30	40	50	60	70	80	90	100	100	60	36	20	12	8	5	3	2	1	
2084	7684	1800	2200	10	20	40	60	90	100	130	160	190	230	100	60	36	20	12	8	5	3	2	1	
2085	7684	2200	9999	10	20	50	70	110	140	180	220	260	310	100	60	36	20	12	8	5	3	2	1	
2086	7685	1	1800	10	20	30	40	50	60	70	80	90	100	100	60	36	20	12	8	5	3	2	1	
2087	7685	1800	2200	10	20	40	60	90	100	130	160	190	230	100	60	36	20	12	8	5	3	2	1	
2088	7685	2200	9999	10	20	50	70	110	140	180	220	260	310	100	60	36	20	12	8	5	3	2	1	
2089	7686	1	1800	10	20	30	40	50	60	70	80	90	100	100	60	36	20	12	8	5	3	2	1	
2090	7686	1800	2200	10	20	40	60	90	100	130	160	190	230	100	60	36	20	12	8	5	3	2	1	
2091	7686	2200	9999	10	20	50	70	110	140	180	220	260	310	100	60	36	20	12	8	5	3	2	1	
2092	7689	1	1800	10	20	30	40	50	60	70	80	90	100	100	60	36	20	12	8	5	3	2	1	
2093	7689	1800	2200	10	20	40	60	90	100	130	160	190	230	100	60	36	20	12	8	5	3	2	1	
2094	7689	2200	9999	10	20	50	70	110	140	180	220	260	310	100	60	36	20	12	8	5	3	2	1	
2095	7691	1	1800	10	20	30	40	50	60	70	80	90	100	100	60	36	20	12	8	5	3	2	1	
2096	7691	1800	2200	10	20	40	60	90	100	130	160	190	230	100	60	36	20	12	8	5	3	2	1	
2097	7691	2200	9999	10	20	50	70	110	140	180	220	260	310	100	60	36	20	12	8	5	3	2	1	
2098	7692	1	1800	10	20	30	40	50	60	70	80	90	100	100	60	36	20	12	8	5	3	2	1	
2099	7692	1800	2200	10	20	40	60	90	100	130	160	190	230	100	60	36	20	12	8	5	3	2	1	
2100	7692	2200	9999	10	20	50	70	110	140	180	220	260	310	100	60	36	20	12	8	5	3	2	1	
2101	7693	1	1800	10	20	30	40	50	60	70	80	90	100	100	60	36	20	12	8	5	3	2	1	
2102	7693	1800	2200	10	20	40	60	90	100	130	160	190	230	100	60	36	20	12	8	5	3	2	1	
2103	7693	2200	9999	10	20	50	70	110	140	180	220	260	310	100	60	36	20	12	8	5	3	2	1	
2104	7694	1	1800	10	20	30	40	50	60	70	80	90	100	100	60	36	20	12	8	5	3	2	1	
2105	7694	1800	2200	10	20	40	60	90	100	130	160	190	230	100	60	36	20	12	8	5	3	2	1	
2106	7694	2200	9999	10	20	50	70	110	140	180	220	260	310	100	60	36	20	12	8	5	3	2	1	
2107	7695	1	1800	10	20	30	40	50	60	70	80	90	100	100	60	36	20	12	8	5	3	2	1	
2108	7695	1800	2200	10	20	40	60	90	100	130	160	190	230	100	60	36	20	12	8	5	3	2	1	
2109	7695	2200	9999	10	20	50	70	110	140	180	220	260	310	100	60	36	20	12	8	5	3	2	1	
2110	7696	1	1800	10	20	30	40	50	60	70	80	90	100	100	60	36	20	12	8	5	3	2	1	
2111	7696	1800	2200	10	20	40	60	90	100	130	160	190	230	100	60	36	20	12	8	5	3	2	1	
2112	7696	2200	9999	10	20	50	70	110	140	180	220	260	310	100	60	36	20	12	8	5	3	2	1	
2113	7697	1	1800	10	20	30	40	50	60	70	80	90	100	100	60	36	20	12	8	5	3	2	1	
2114	7697	1800	2200	10	20	40	60	90	100	130	160	190	230	100	60	36	20	12	8	5	3	2	1	
2115	7697	2200	9999	10	20	50	70	110	140	180	220	260	310	100	60	36	20	12	8	5	3	2	1	
2116	7699	1	1800	10	20	30	40	50	60	70	80	90	100	100	60	36	20	12	8	5	3	2	1	
2117	7699	1800	2200	10	20	40	60	90	100	130	160	190	230	100	60	36	20	12	8	5	3	2	1	
2118	7699	2200	9999	10	20	50	70	110	140	180	220	260	310	100	60	36	20	12	8	5	3	2	1	
2119	7701	1	1800	10	20	30	40	50	60	70	80	90	100	100	60	36	20	12	8	5	3	2	1	
2120	7701	1800	2200	10	20	40	60	90	100	130	160	190	230	100	60	36	20	12	8	5	3	2	1	
2121	7701	2200	9999	10	20	50	70	110	140	180	220	260	310	100	60	36	20	12	8	5	3	2	1	
2122	7702	1	1800	10	20	30	40	50	60	70	80	90	100	100	60	36	20	12	8	5	3	2	1	
2123	7702	1800	2200	10	20	40	60	90	100	130	160	190	230	100	60	36	20	12	8	5	3	2	1	
2124	7702	2200	9999	10	20	50	70	110	140	180	220	260	310	100	60	36	20	12	8	5	3	2	1	
2125	7703	1	1800	10	20	30	40	50	60	70	80	90	100	100	60	36	20	12	8	5	3	2	1	
2126	7703	1800	2200	10	20	40	60	90	100	130	160	190	230	100	60	36	20	12	8	5	3	2	1	
2127	7703	2200	9999	10	20	50	70	110	140	180	220	260	310	100	60	36	20	12	8	5	3	2	1	
2128	7704	1	1800	10	20	30	40	50	60	70	80	90	100	100	60	36	20	12	8	5	3	2	1	
2129	7704	1800	2200	10	20	40	60	90	100	130	160	190	230	100	60	36	20	12	8	5	3	2	1	
2130	7704	2200	9999	10	20	50	70	110	140	180	220	260	310	100	60	36	20	12	8	5	3	2	1	
2131	7705	1	1800	10	20	30	40	50	60	70	80	90	100	100	60	36	20	12	8	5	3	2	1	
2132	7705	1800	2200	10	20	40	60	90	100	130	160	190	230	100	60	36	20	12	8	5	3	2	1	
2133	7705	2200	9999	10	20	50	70	110	140	180	220	260	310	100	60	36	20	12	8	5	3	2	1	
2134	7706	1	1800	10	20	30	40	50	60	70	80	90	100	100	60	36	20	12	8	5	3	2	1	
2135	7706	1800	2200	10	20	40	60	90	100	130	160	190	230	100	60	36	20	12	8	5	3	2	1	
2136	7706	2200	9999	10	20	50	70	110	140	180	220	260	310	100	60	36	20	12	8	5	3	2	1	
2137	7707	1	1800	10	20	30	40	50	60	70	80	90	100	100	60	36	20	12	8	5	3	2	1	
2138	7707	1800	2200	10	20	40	60	90	100	130	160	190	230	100	60	36	20	12	8	5	3	2	1	
2139	7707	2200	9999	10	20	50	70	110	140	180	220	260	310	100	60	36	20	12	8	5	3	2	1	
2140	7708	1	1800	10	20	30	40	50	60	70	80	90	100	100	60	36	20	12	8	5	3	2	1	
2141	7708	1800	2200	10	20	40	60	90	100	130	160	190	230	100	60	36	20	12	8	5	3	2	1	
2142	7708	2200	9999	10	20	50	70	110	140	180	220	260	310	100	60	36	20	12	8	5	3	2	1	
2143	7709	1	1800	10	20	30	40	50	60	70	80	90	100	100	60	36	20	12	8	5	3	2	1	
2144	7709	1800	2200	10	20	40	60	90	100	130	160	190	230	100	60	36	20	12	8	5	3	2	1	
2145	7709	2200	9999	10	20	50	70	110	140	180	220	260	310	100	60	36	20	12	8	5	3	2	1	
2146	7711	1	1800	10	20	30	40	50	60	70	80	90	100	100	60	36	20	12	8	5	3	2	1	
2147	7711	1800	2200	10	20	40	60	90	100	130	160	190	230	100	60	36	20	12	8	5	3	2	1	
2148	7711	2200	9999	10	20	50	70	110	140	180	220	260	310	100	60	36	20	12	8	5	3	2	1	
2149	7712	1	1800	10	20	30	40	50	60	70	80	90	100	100	60	36	20	12	8	5	3	2	1	
2150	7712	1800	2200	10	20	40	60	90	100	130	160	190	230	100	60	36	20	12	8	5	3	2	1	
2151	7712	2200	9999	10	20	50	70	110	140	180	220	260	310	100	60	36	20	12	8	5	3	2	1	
2152	7719	1	1800	10	20	30	40	50	60	70	80	90	100	100	60	36	20	12	8	5	3	2	1	
2153	7719	1800	2200	10	20	40	60	90	100	130	160	190	230	100	60	36	20	12	8	5	3	2	1	
2154	7719	2200	9999	10	20	50	70	110	140	180	220	260	310	100	60	36	20	12	8	5	3	2	1	
2155	7721	1	1800	10	20	30	40	50	60	70	80	90	100	100	60	36	20	12	8	5	3	2	1	
2156	7721	1800	2200	10	20	40	60	90	100	130	160	190	230	100	60	36	20	12	8	5	3	2	1	
2157	7721	2200	9999	10	20	50	70	110	140	180	220	260	310	100	60	36	20	12	8	5	3	2	1	
2158	7722	1	1800	10	20	30	40	50	60	70	80	90	100	100	60	36	20	12	8	5	3	2	1	
2159	7722	1800	2200	10	20	40	60	90	100	130	160	190	230	100	60	36	20	12	8	5	3	2	1	
2160	7722	2200	9999	10	20	50	70	110	140	180	220	260	310	100	60	36	20	12	8	5	3	2	1	
2161	7723	1	1800	10	20	30	40	50	60	70	80	90	100	100	60	36	20	12	8	5	3	2	1	
2162	7723	1800	2200	10	20	40	60	90	100	130	160	190	230	100	60	36	20	12	8	5	3	2	1	
2163	7723	2200	9999	10	20	50	70	110	140	180	220	260	310	100	60	36	20	12	8	5	3	2	1	
2164	7729	1	1800	10	20	30	40	50	60	70	80	90	100	100	60	36	20	12	8	5	3	2	1	
2165	7729	1800	2200	10	20	40	60	90	100	130	160	190	230	100	60	36	20	12	8	5	3	2	1	
2166	7729	2200	9999	10	20	50	70	110	140	180	220	260	310	100	60	36	20	12	8	5	3	2	1	
2167	7731	1	1800	10	20	30	40	50	60	70	80	90	100	100	60	36	20	12	8	5	3	2	1	
2168	7731	1800	2200	10	20	40	60	90	100	130	160	190	230	100	60	36	20	12	8	5	3	2	1	
2169	7731	2200	9999	10	20	50	70	110	140	180	220	260	310	100	60	36	20	12	8	5	3	2	1	
2170	7732	1	1800	10	20	30	40	50	60	70	80	90	100	100	60	36	20	12	8	5	3	2	1	
2171	7732	1800	2200	10	20	40	60	90	100	130	160	190	230	100	60	36	20	12	8	5	3	2	1	
2172	7732	2200	9999	10	20	50	70	110	140	180	220	260	310	100	60	36	20	12	8	5	3	2	1	
2173	7733	1	1800	10	20	30	40	50	60	70	80	90	100	100	60	36	20	12	8	5	3	2	1	
2174	7733	1800	2200	10	20	40	60	90	100	130	160	190	230	100	60	36	20	12	8	5	3	2	1	
2175	7733	2200	9999	10	20	50	70	110	140	180	220	260	310	100	60	36	20	12	8	5	3	2	1	
2176	7734	1	1800	10	20	30	40	50	60	70	80	90	100	100	60	36	20	12	8	5	3	2	1	
2177	7734	1800	2200	10	20	40	60	90	100	130	160	190	230	100	60	36	20	12	8	5	3	2	1	
2178	7734	2200	9999	10	20	50	70	110	140	180	220	260	310	100	60	36	20	12	8	5	3	2	1	
2179	7739	1	1800	10	20	30	40	50	60	70	80	90	100	100	60	36	20	12	8	5	3	2	1	
2180	7739	1800	2200	10	20	40	60	90	100	130	160	190	230	100	60	36	20	12	8	5	3	2	1	
2181	7739	2200	9999	10	20	50	70	110	140	180	220	260	310	100	60	36	20	12	8	5	3	2	1	
2182	7741	1	1800	10	20	30	40	50	60	70	80	90	100	100	60	36	20	12	8	5	3	2	1	
2183	7741	1800	2200	10	20	40	60	90	100	130	160	190	230	100	60	36	20	12	8	5	3	2	1	
2184	7741	2200	9999	10	20	50	70	110	140	180	220	260	310	100	60	36	20	12	8	5	3	2	1	
2185	7742	1	1800	10	20	30	40	50	60	70	80	90	100	100	60	36	20	12	8	5	3	2	1	
2186	7742	1800	2200	10	20	40	60	90	100	130	160	190	230	100	60	36	20	12	8	5	3	2	1	
2187	7742	2200	9999	10	20	50	70	110	140	180	220	260	310	100	60	36	20	12	8	5	3	2	1	
2188	7743	1	1800	10	20	30	40	50	60	70	80	90	100	100	60	36	20	12	8	5	3	2	1	
2189	7743	1800	2200	10	20	40	60	90	100	130	160	190	230	100	60	36	20	12	8	5	3	2	1	
2190	7743	2200	9999	10	20	50	70	110	140	180	220	260	310	100	60	36	20	12	8	5	3	2	1	
2191	7744	1	1800	10	20	30	40	50	60	70	80	90	100	100	60	36	20	12	8	5	3	2	1	
2192	7744	1800	2200	10	20	40	60	90	100	130	160	190	230	100	60	36	20	12	8	5	3	2	1	
2193	7744	2200	9999	10	20	50	70	110	140	180	220	260	310	100	60	36	20	12	8	5	3	2	1	
2194	7745	1	1800	10	20	30	40	50	60	70	80	90	100	100	60	36	20	12	8	5	3	2	1	
2195	7745	1800	2200	10	20	40	60	90	100	130	160	190	230	100	60	36	20	12	8	5	3	2	1	
2196	7745	2200	9999	10	20	50	70	110	140	180	220	260	310	100	60	36	20	12	8	5	3	2	1	
2197	7749	1	1800	10	20	30	40	50	60	70	80	90	100	100	60	36	20	12	8	5	3	2	1	
2198	7749	1800	2200	10	20	40	60	90	100	130	160	190	230	100	60	36	20	12	8	5	3	2	1	
2199	7749	2200	9999	10	20	50	70	110	140	180	220	260	310	100	60	36	20	12	8	5	3	2	1	
2200	7751	1	1800	10	20	30	40	50	60	70	80	90	100	100	60	36	20	12	8	5	3	2	1	
2201	7751	1800	2200	10	20	40	60	90	100	130	160	190	230	100	60	36	20	12	8	5	3	2	1	
2202	7751	2200	9999	10	20	50	70	110	140	180	220	260	310	100	60	36	20	12	8	5	3	2	1	
2203	7752	1	1800	10	20	30	40	50	60	70	80	90	100	100	60	36	20	12	8	5	3	2	1	
2204	7752	1800	2200	10	20	40	60	90	100	130	160	190	230	100	60	36	20	12	8	5	3	2	1	
2205	7752	2200	9999	10	20	50	70	110	140	180	220	260	310	100	60	36	20	12	8	5	3	2	1	
2206	7753	1	1800	10	20	30	40	50	60	70	80	90	100	100	60	36	20	12	8	5	3	2	1	
2207	7753	1800	2200	10	20	40	60	90	100	130	160	190	230	100	60	36	20	12	8	5	3	2	1	
2208	7753	2200	9999	10	20	50	70	110	140	180	220	260	310	100	60	36	20	12	8	5	3	2	1	
2209	7754	1	1800	10	20	30	40	50	60	70	80	90	100	100	60	36	20	12	8	5	3	2	1	
2210	7754	1800	2200	10	20	40	60	90	100	130	160	190	230	100	60	36	20	12	8	5	3	2	1	
2211	7754	2200	9999	10	20	50	70	110	140	180	220	260	310	100	60	36	20	12	8	5	3	2	1	
2212	7755	1	1800	10	20	30	40	50	60	70	80	90	100	100	60	36	20	12	8	5	3	2	1	
2213	7755	1800	2200	10	20	40	60	90	100	130	160	190	230	100	60	36	20	12	8	5	3	2	1	
2214	7755	2200	9999	10	20	50	70	110	140	180	220	260	310	100	60	36	20	12	8	5	3	2	1	
2215	7756	1	1800	10	20	30	40	50	60	70	80	90	100	100	60	36	20	12	8	5	3	2	1	
2216	7756	1800	2200	10	20	40	60	90	100	130	160	190	230	100	60	36	20	12	8	5	3	2	1	
2217	7756	2200	9999	10	20	50	70	110	140	180	220	260	310	100	60	36	20	12	8	5	3	2	1	
2218	7759	1	1800	10	20	30	40	50	60	70	80	90	100	100	60	36	20	12	8	5	3	2	1	
2219	7759	1800	2200	10	20	40	60	90	100	130	160	190	230	100	60	36	20	12	8	5	3	2	1	
2220	7759	2200	9999	10	20	50	70	110	140	180	220	260	310	100	60	36	20	12	8	5	3	2	1	
2221	7761	1	1800	10	20	30	40	50	60	70	80	90	100	100	60	36	20	12	8	5	3	2	1	
2222	7761	1800	2200	10	20	40	60	90	100	130	160	190	230	100	60	36	20	12	8	5	3	2	1	
2223	7761	2200	9999	10	20	50	70	110	140	180	220	260	310	100	60	36	20	12	8	5	3	2	1	
2224	7762	1	1800	10	20	30	40	50	60	70	80	90	100	100	60	36	20	12	8	5	3	2	1	
2225	7762	1800	2200	10	20	40	60	90	100	130	160	190	230	100	60	36	20	12	8	5	3	2	1	
2226	7762	2200	9999	10	20	50	70	110	140	180	220	260	310	100	60	36	20	12	8	5	3	2	1	
2227	7763	1	1800	10	20	30	40	50	60	70	80	90	100	100	60	36	20	12	8	5	3	2	1	
2228	7763	1800	2200	10	20	40	60	90	100	130	160	190	230	100	60	36	20	12	8	5	3	2	1	
2229	7763	2200	9999	10	20	50	70	110	140	180	220	260	310	100	60	36	20	12	8	5	3	2	1	
2230	7764	1	1800	10	20	30	40	50	60	70	80	90	100	100	60	36	20	12	8	5	3	2	1	
2231	7764	1800	2200	10	20	40	60	90	100	130	160	190	230	100	60	36	20	12	8	5	3	2	1	
2232	7764	2200	9999	10	20	50	70	110	140	180	220	260	310	100	60	36	20	12	8	5	3	2	1	
2233	7765	1	1800	10	20	30	40	50	60	70	80	90	100	100	60	36	20	12	8	5	3	2	1	
2234	7765	1800	2200	10	20	40	60	90	100	130	160	190	230	100	60	36	20	12	8	5	3	2	1	
2235	7765	2200	9999	10	20	50	70	110	140	180	220	260	310	100	60	36	20	12	8	5	3	2	1	
2236	7766	1	1800	10	20	30	40	50	60	70	80	90	100	100	60	36	20	12	8	5	3	2	1	
2237	7766	1800	2200	10	20	40	60	90	100	130	160	190	230	100	60	36	20	12	8	5	3	2	1	
2238	7766	2200	9999	10	20	50	70	110	140	180	220	260	310	100	60	36	20	12	8	5	3	2	1	
2239	7767	1	1800	10	20	30	40	50	60	70	80	90	100	100	60	36	20	12	8	5	3	2	1	
2240	7767	1800	2200	10	20	40	60	90	100	130	160	190	230	100	60	36	20	12	8	5	3	2	1	
2241	7767	2200	9999	10	20	50	70	110	140	180	220	260	310	100	60	36	20	12	8	5	3	2	1	
2242	7769	1	1800	10	20	30	40	50	60	70	80	90	100	100	60	36	20	12	8	5	3	2	1	
2243	7769	1800	2200	10	20	40	60	90	100	130	160	190	230	100	60	36	20	12	8	5	3	2	1	
2244	7769	2200	9999	10	20	50	70	110	140	180	220	260	310	100	60	36	20	12	8	5	3	2	1	
2245	7771	1	1800	10	20	30	40	50	60	70	80	90	100	100	60	36	20	12	8	5	3	2	1	
2246	7771	1800	2200	10	20	40	60	90	100	130	160	190	230	100	60	36	20	12	8	5	3	2	1	
2247	7771	2200	9999	10	20	50	70	110	140	180	220	260	310	100	60	36	20	12	8	5	3	2	1	
2248	7772	1	1800	10	20	30	40	50	60	70	80	90	100	100	60	36	20	12	8	5	3	2	1	
2249	7772	1800	2200	10	20	40	60	90	100	130	160	190	230	100	60	36	20	12	8	5	3	2	1	
2250	7772	2200	9999	10	20	50	70	110	140	180	220	260	310	100	60	36	20	12	8	5	3	2	1	
2251	7773	1	1800	10	20	30	40	50	60	70	80	90	100	100	60	36	20	12	8	5	3	2	1	
2252	7773	1800	2200	10	20	40	60	90	100	130	160	190	230	100	60	36	20	12	8	5	3	2	1	
2253	7773	2200	9999	10	20	50	70	110	140	180	220	260	310	100	60	36	20	12	8	5	3	2	1	
2254	7774	1	1800	10	20	30	40	50	60	70	80	90	100	100	60	36	20	12	8	5	3	2	1	
2255	7774	1800	2200	10	20	40	60	90	100	130	160	190	230	100	60	36	20	12	8	5	3	2	1	
2256	7774	2200	9999	10	20	50	70	110	140	180	220	260	310	100	60	36	20	12	8	5	3	2	1	
2257	7775	1	1800	10	20	30	40	50	60	70	80	90	100	100	60	36	20	12	8	5	3	2	1	
2258	7775	1800	2200	10	20	40	60	90	100	130	160	190	230	100	60	36	20	12	8	5	3	2	1	
2259	7775	2200	9999	10	20	50	70	110	140	180	220	260	310	100	60	36	20	12	8	5	3	2	1	
2260	7776	1	1800	10	20	30	40	50	60	70	80	90	100	100	60	36	20	12	8	5	3	2	1	
2261	7776	1800	2200	10	20	40	60	90	100	130	160	190	230	100	60	36	20	12	8	5	3	2	1	
2262	7776	2200	9999	10	20	50	70	110	140	180	220	260	310	100	60	36	20	12	8	5	3	2	1	
2263	7777	1	1800	10	20	30	40	50	60	70	80	90	100	100	60	36	20	12	8	5	3	2	1	
2264	7777	1800	2200	10	20	40	60	90	100	130	160	190	230	100	60	36	20	12	8	5	3	2	1	
2265	7777	2200	9999	10	20	50	70	110	140	180	220	260	310	100	60	36	20	12	8	5	3	2	1	
2266	7778	1	1800	10	20	30	40	50	60	70	80	90	100	100	60	36	20	12	8	5	3	2	1	
2267	7778	1800	2200	10	20	40	60	90	100	130	160	190	230	100	60	36	20	12	8	5	3	2	1	
2268	7778	2200	9999	10	20	50	70	110	140	180	220	260	310	100	60	36	20	12	8	5	3	2	1	
2269	7779	1	1800	10	20	30	40	50	60	70	80	90	100	100	60	36	20	12	8	5	3	2	1	
2270	7779	1800	2200	10	20	40	60	90	100	130	160	190	230	100	60	36	20	12	8	5	3	2	1	
2271	7779	2200	9999	10	20	50	70	110	140	180	220	260	310	100	60	36	20	12	8	5	3	2	1	
2272	7781	1	1800	10	20	30	40	50	60	70	80	90	100	100	60	36	20	12	8	5	3	2	1	
2273	7781	1800	2200	10	20	40	60	90	100	130	160	190	230	100	60	36	20	12	8	5	3	2	1	
2274	7781	2200	9999	10	20	50	70	110	140	180	220	260	310	100	60	36	20	12	8	5	3	2	1	
2275	7782	1	1800	10	20	30	40	50	60	70	80	90	100	100	60	36	20	12	8	5	3	2	1	
2276	7782	1800	2200	10	20	40	60	90	100	130	160	190	230	100	60	36	20	12	8	5	3	2	1	
2277	7782	2200	9999	10	20	50	70	110	140	180	220	260	310	100	60	36	20	12	8	5	3	2	1	
2278	7789	1	1800	10	20	30	40	50	60	70	80	90	100	100	60	36	20	12	8	5	3	2	1	
2279	7789	1800	2200	10	20	40	60	90	100	130	160	190	230	100	60	36	20	12	8	5	3	2	1	
2280	7789	2200	9999	10	20	50	70	110	140	180	220	260	310	100	60	36	20	12	8	5	3	2	1	
2281	7791	1	1800	10	20	30	40	50	60	70	80	90	100	100	60	36	20	12	8	5	3	2	1	
2282	7791	1800	2200	10	20	40	60	90	100	130	160	190	230	100	60	36	20	12	8	5	3	2	1	
2283	7791	2200	9999	10	20	50	70	110	140	180	220	260	310	100	60	36	20	12	8	5	3	2	1	
2284	7792	1	1800	10	20	30	40	50	60	70	80	90	100	100	60	36	20	12	8	5	3	2	1	
2285	7792	1800	2200	10	20	40	60	90	100	130	160	190	230	100	60	36	20	12	8	5	3	2	1	
2286	7792	2200	9999	10	20	50	70	110	140	180	220	260	310	100	60	36	20	12	8	5	3	2	1	
2287	7793	1	1800	10	20	30	40	50	60	70	80	90	100	100	60	36	20	12	8	5	3	2	1	
2288	7793	1800	2200	10	20	40	60	90	100	130	160	190	230	100	60	36	20	12	8	5	3	2	1	
2289	7793	2200	9999	10	20	50	70	110	140	180	220	260	310	100	60	36	20	12	8	5	3	2	1	
2290	7799	1	1800	10	20	30	40	50	60	70	80	90	100	100	60	36	20	12	8	5	3	2	1	
2291	7799	1800	2200	10	20	40	60	90	100	130	160	190	230	100	60	36	20	12	8	5	3	2	1	
2292	7799	2200	9999	10	20	50	70	110	140	180	220	260	310	100	60	36	20	12	8	5	3	2	1	
2293	7801	1	1800	10	20	30	40	50	60	70	80	90	100	100	60	36	20	12	8	5	3	2	1	
2294	7801	1800	2200	10	20	40	60	90	100	130	160	190	230	100	60	36	20	12	8	5	3	2	1	
2295	7801	2200	9999	10	20	50	70	110	140	180	220	260	310	100	60	36	20	12	8	5	3	2	1	
2296	7802	1	1800	10	20	30	40	50	60	70	80	90	100	100	60	36	20	12	8	5	3	2	1	
2297	7802	1800	2200	10	20	40	60	90	100	130	160	190	230	100	60	36	20	12	8	5	3	2	1	
2298	7802	2200	9999	10	20	50	70	110	140	180	220	260	310	100	60	36	20	12	8	5	3	2	1	
2299	7803	1	1800	10	20	30	40	50	60	70	80	90	100	100	60	36	20	12	8	5	3	2	1	
2300	7803	1800	2200	10	20	40	60	90	100	130	160	190	230	100	60	36	20	12	8	5	3	2	1	
2301	7803	2200	9999	10	20	50	70	110	140	180	220	260	310	100	60	36	20	12	8	5	3	2	1	
2302	7804	1	1800	10	20	30	40	50	60	70	80	90	100	100	60	36	20	12	8	5	3	2	1	
2303	7804	1800	2200	10	20	40	60	90	100	130	160	190	230	100	60	36	20	12	8	5	3	2	1	
2304	7804	2200	9999	10	20	50	70	110	140	180	220	260	310	100	60	36	20	12	8	5	3	2	1	
2305	7809	1	1800	10	20	30	40	50	60	70	80	90	100	100	60	36	20	12	8	5	3	2	1	
2306	7809	1800	2200	10	20	40	60	90	100	130	160	190	230	100	60	36	20	12	8	5	3	2	1	
2307	7809	2200	9999	10	20	50	70	110	140	180	220	260	310	100	60	36	20	12	8	5	3	2	1	
2308	7811	1	1800	10	20	30	40	50	60	70	80	90	100	100	60	36	20	12	8	5	3	2	1	
2309	7811	1800	2200	10	20	40	60	90	100	130	160	190	230	100	60	36	20	12	8	5	3	2	1	
2310	7811	2200	9999	10	20	50	70	110	140	180	220	260	310	100	60	36	20	12	8	5	3	2	1	
2311	7812	1	1800	10	20	30	40	50	60	70	80	90	100	100	60	36	20	12	8	5	3	2	1	
2312	7812	1800	2200	10	20	40	60	90	100	130	160	190	230	100	60	36	20	12	8	5	3	2	1	
2313	7812	2200	9999	10	20	50	70	110	140	180	220	260	310	100	60	36	20	12	8	5	3	2	1	
2314	7813	1	1800	10	20	30	40	50	60	70	80	90	100	100	60	36	20	12	8	5	3	2	1	
2315	7813	1800	2200	10	20	40	60	90	100	130	160	190	230	100	60	36	20	12	8	5	3	2	1	
2316	7813	2200	9999	10	20	50	70	110	140	180	220	260	310	100	60	36	20	12	8	5	3	2	1	
2317	7814	1	1800	10	20	30	40	50	60	70	80	90	100	100	60	36	20	12	8	5	3	2	1	
2318	7814	1800	2200	10	20	40	60	90	100	130	160	190	230	100	60	36	20	12	8	5	3	2	1	
2319	7814	2200	9999	10	20	50	70	110	140	180	220	260	310	100	60	36	20	12	8	5	3	2	1	
2320	7815	1	1800	10	20	30	40	50	60	70	80	90	100	100	60	36	20	12	8	5	3	2	1	
2321	7815	1800	2200	10	20	40	60	90	100	130	160	190	230	100	60	36	20	12	8	5	3	2	1	
2322	7815	2200	9999	10	20	50	70	110	140	180	220	260	310	100	60	36	20	12	8	5	3	2	1	
2323	7819	1	1800	10	20	30	40	50	60	70	80	90	100	100	60	36	20	12	8	5	3	2	1	
2324	7819	1800	2200	10	20	40	60	90	100	130	160	190	230	100	60	36	20	12	8	5	3	2	1	
2325	7819	2200	9999	10	20	50	70	110	140	180	220	260	310	100	60	36	20	12	8	5	3	2	1	
2326	7821	1	1800	10	20	30	40	50	60	70	80	90	100	100	60	36	20	12	8	5	3	2	1	
2327	7821	1800	2200	10	20	40	60	90	100	130	160	190	230	100	60	36	20	12	8	5	3	2	1	
2328	7821	2200	9999	10	20	50	70	110	140	180	220	260	310	100	60	36	20	12	8	5	3	2	1	
2329	7822	1	1800	10	20	30	40	50	60	70	80	90	100	100	60	36	20	12	8	5	3	2	1	
2330	7822	1800	2200	10	20	40	60	90	100	130	160	190	230	100	60	36	20	12	8	5	3	2	1	
2331	7822	2200	9999	10	20	50	70	110	140	180	220	260	310	100	60	36	20	12	8	5	3	2	1	
2332	7823	1	1800	10	20	30	40	50	60	70	80	90	100	100	60	36	20	12	8	5	3	2	1	
2333	7823	1800	2200	10	20	40	60	90	100	130	160	190	230	100	60	36	20	12	8	5	3	2	1	
2334	7823	2200	9999	10	20	50	70	110	140	180	220	260	310	100	60	36	20	12	8	5	3	2	1	
2335	7824	1	1800	10	20	30	40	50	60	70	80	90	100	100	60	36	20	12	8	5	3	2	1	
2336	7824	1800	2200	10	20	40	60	90	100	130	160	190	230	100	60	36	20	12	8	5	3	2	1	
2337	7824	2200	9999	10	20	50	70	110	140	180	220	260	310	100	60	36	20	12	8	5	3	2	1	
2338	7825	1	1800	10	20	30	40	50	60	70	80	90	100	100	60	36	20	12	8	5	3	2	1	
2339	7825	1800	2200	10	20	40	60	90	100	130	160	190	230	100	60	36	20	12	8	5	3	2	1	
2340	7825	2200	9999	10	20	50	70	110	140	180	220	260	310	100	60	36	20	12	8	5	3	2	1	
2341	7826	1	1800	10	20	30	40	50	60	70	80	90	100	100	60	36	20	12	8	5	3	2	1	
2342	7826	1800	2200	10	20	40	60	90	100	130	160	190	230	100	60	36	20	12	8	5	3	2	1	
2343	7826	2200	9999	10	20	50	70	110	140	180	220	260	310	100	60	36	20	12	8	5	3	2	1	
2344	7829	1	1800	10	20	30	40	50	60	70	80	90	100	100	60	36	20	12	8	5	3	2	1	
2345	7829	1800	2200	10	20	40	60	90	100	130	160	190	230	100	60	36	20	12	8	5	3	2	1	
2346	7829	2200	9999	10	20	50	70	110	140	180	220	260	310	100	60	36	20	12	8	5	3	2	1	
2347	7831	1	1800	10	20	30	40	50	60	70	80	90	100	100	60	36	20	12	8	5	3	2	1	
2348	7831	1800	2200	10	20	40	60	90	100	130	160	190	230	100	60	36	20	12	8	5	3	2	1	
2349	7831	2200	9999	10	20	50	70	110	140	180	220	260	310	100	60	36	20	12	8	5	3	2	1	
2350	7832	1	1800	10	20	30	40	50	60	70	80	90	100	100	60	36	20	12	8	5	3	2	1	
2351	7832	1800	2200	10	20	40	60	90	100	130	160	190	230	100	60	36	20	12	8	5	3	2	1	
2352	7832	2200	9999	10	20	50	70	110	140	180	220	260	310	100	60	36	20	12	8	5	3	2	1	
2353	7833	1	1800	10	20	30	40	50	60	70	80	90	100	100	60	36	20	12	8	5	3	2	1	
2354	7833	1800	2200	10	20	40	60	90	100	130	160	190	230	100	60	36	20	12	8	5	3	2	1	
2355	7833	2200	9999	10	20	50	70	110	140	180	220	260	310	100	60	36	20	12	8	5	3	2	1	
2356	7834	1	1800	10	20	30	40	50	60	70	80	90	100	100	60	36	20	12	8	5	3	2	1	
2357	7834	1800	2200	10	20	40	60	90	100	130	160	190	230	100	60	36	20	12	8	5	3	2	1	
2358	7834	2200	9999	10	20	50	70	110	140	180	220	260	310	100	60	36	20	12	8	5	3	2	1	
2359	7835	1	1800	10	20	30	40	50	60	70	80	90	100	100	60	36	20	12	8	5	3	2	1	
2360	7835	1800	2200	10	20	40	60	90	100	130	160	190	230	100	60	36	20	12	8	5	3	2	1	
2361	7835	2200	9999	10	20	50	70	110	140	180	220	260	310	100	60	36	20	12	8	5	3	2	1	
2362	7836	1	1800	10	20	30	40	50	60	70	80	90	100	100	60	36	20	12	8	5	3	2	1	
2363	7836	1800	2200	10	20	40	60	90	100	130	160	190	230	100	60	36	20	12	8	5	3	2	1	
2364	7836	2200	9999	10	20	50	70	110	140	180	220	260	310	100	60	36	20	12	8	5	3	2	1	
2365	7837	1	1800	10	20	30	40	50	60	70	80	90	100	100	60	36	20	12	8	5	3	2	1	
2366	7837	1800	2200	10	20	40	60	90	100	130	160	190	230	100	60	36	20	12	8	5	3	2	1	
2367	7837	2200	9999	10	20	50	70	110	140	180	220	260	310	100	60	36	20	12	8	5	3	2	1	
2368	7839	1	1800	10	20	30	40	50	60	70	80	90	100	100	60	36	20	12	8	5	3	2	1	
2369	7839	1800	2200	10	20	40	60	90	100	130	160	190	230	100	60	36	20	12	8	5	3	2	1	
2370	7839	2200	9999	10	20	50	70	110	140	180	220	260	310	100	60	36	20	12	8	5	3	2	1	
2371	7841	1	1800	10	20	30	40	50	60	70	80	90	100	100	60	36	20	12	8	5	3	2	1	
2372	7841	1800	2200	10	20	40	60	90	100	130	160	190	230	100	60	36	20	12	8	5	3	2	1	
2373	7841	2200	9999	10	20	50	70	110	140	180	220	260	310	100	60	36	20	12	8	5	3	2	1	
2374	7842	1	1800	10	20	30	40	50	60	70	80	90	100	100	60	36	20	12	8	5	3	2	1	
2375	7842	1800	2200	10	20	40	60	90	100	130	160	190	230	100	60	36	20	12	8	5	3	2	1	
2376	7842	2200	9999	10	20	50	70	110	140	180	220	260	310	100	60	36	20	12	8	5	3	2	1	
2377	7843	1	1800	10	20	30	40	50	60	70	80	90	100	100	60	36	20	12	8	5	3	2	1	
2378	7843	1800	2200	10	20	40	60	90	100	130	160	190	230	100	60	36	20	12	8	5	3	2	1	
2379	7843	2200	9999	10	20	50	70	110	140	180	220	260	310	100	60	36	20	12	8	5	3	2	1	
2380	7844	1	1800	10	20	30	40	50	60	70	80	90	100	100	60	36	20	12	8	5	3	2	1	
2381	7844	1800	2200	10	20	40	60	90	100	130	160	190	230	100	60	36	20	12	8	5	3	2	1	
2382	7844	2200	9999	10	20	50	70	110	140	180	220	260	310	100	60	36	20	12	8	5	3	2	1	
2383	7845	1	1800	10	20	30	40	50	60	70	80	90	100	100	60	36	20	12	8	5	3	2	1	
2384	7845	1800	2200	10	20	40	60	90	100	130	160	190	230	100	60	36	20	12	8	5	3	2	1	
2385	7845	2200	9999	10	20	50	70	110	140	180	220	260	310	100	60	36	20	12	8	5	3	2	1	
2386	7846	1	1800	10	20	30	40	50	60	70	80	90	100	100	60	36	20	12	8	5	3	2	1	
2387	7846	1800	2200	10	20	40	60	90	100	130	160	190	230	100	60	36	20	12	8	5	3	2	1	
2388	7846	2200	9999	10	20	50	70	110	140	180	220	260	310	100	60	36	20	12	8	5	3	2	1	
2389	7847	1	1800	10	20	30	40	50	60	70	80	90	100	100	60	36	20	12	8	5	3	2	1	
2390	7847	1800	2200	10	20	40	60	90	100	130	160	190	230	100	60	36	20	12	8	5	3	2	1	
2391	7847	2200	9999	10	20	50	70	110	140	180	220	260	310	100	60	36	20	12	8	5	3	2	1	
2392	7848	1	1800	10	20	30	40	50	60	70	80	90	100	100	60	36	20	12	8	5	3	2	1	
2393	7848	1800	2200	10	20	40	60	90	100	130	160	190	230	100	60	36	20	12	8	5	3	2	1	
2394	7848	2200	9999	10	20	50	70	110	140	180	220	260	310	100	60	36	20	12	8	5	3	2	1	
2395	7849	1	1800	10	20	30	40	50	60	70	80	90	100	100	60	36	20	12	8	5	3	2	1	
2396	7849	1800	2200	10	20	40	60	90	100	130	160	190	230	100	60	36	20	12	8	5	3	2	1	
2397	7849	2200	9999	10	20	50	70	110	140	180	220	260	310	100	60	36	20	12	8	5	3	2	1	
2398	7851	1	1800	10	20	30	40	50	60	70	80	90	100	100	60	36	20	12	8	5	3	2	1	
2399	7851	1800	2200	10	20	40	60	90	100	130	160	190	230	100	60	36	20	12	8	5	3	2	1	
2400	7851	2200	9999	10	20	50	70	110	140	180	220	260	310	100	60	36	20	12	8	5	3	2	1	
2401	7852	1	1800	10	20	30	40	50	60	70	80	90	100	100	60	36	20	12	8	5	3	2	1	
2402	7852	1800	2200	10	20	40	60	90	100	130	160	190	230	100	60	36	20	12	8	5	3	2	1	
2403	7852	2200	9999	10	20	50	70	110	140	180	220	260	310	100	60	36	20	12	8	5	3	2	1	
2404	7859	1	1800	10	20	30	40	50	60	70	80	90	100	100	60	36	20	12	8	5	3	2	1	
2405	7859	1800	2200	10	20	40	60	90	100	130	160	190	230	100	60	36	20	12	8	5	3	2	1	
2406	7859	2200	9999	10	20	50	70	110	140	180	220	260	310	100	60	36	20	12	8	5	3	2	1	
2407	7861	1	1800	10	20	30	40	50	60	70	80	90	100	100	60	36	20	12	8	5	3	2	1	
2408	7861	1800	2200	10	20	40	60	90	100	130	160	190	230	100	60	36	20	12	8	5	3	2	1	
2409	7861	2200	9999	10	20	50	70	110	140	180	220	260	310	100	60	36	20	12	8	5	3	2	1	
2410	7862	1	1800	10	20	30	40	50	60	70	80	90	100	100	60	36	20	12	8	5	3	2	1	
2411	7862	1800	2200	10	20	40	60	90	100	130	160	190	230	100	60	36	20	12	8	5	3	2	1	
2412	7862	2200	9999	10	20	50	70	110	140	180	220	260	310	100	60	36	20	12	8	5	3	2	1	
2413	7863	1	1800	10	20	30	40	50	60	70	80	90	100	100	60	36	20	12	8	5	3	2	1	
2414	7863	1800	2200	10	20	40	60	90	100	130	160	190	230	100	60	36	20	12	8	5	3	2	1	
2415	7863	2200	9999	10	20	50	70	110	140	180	220	260	310	100	60	36	20	12	8	5	3	2	1	
2416	7869	1	1800	10	20	30	40	50	60	70	80	90	100	100	60	36	20	12	8	5	3	2	1	
2417	7869	1800	2200	10	20	40	60	90	100	130	160	190	230	100	60	36	20	12	8	5	3	2	1	
2418	7869	2200	9999	10	20	50	70	110	140	180	220	260	310	100	60	36	20	12	8	5	3	2	1	
2419	7871	1	1800	10	20	30	40	50	60	70	80	90	100	100	60	36	20	12	8	5	3	2	1	
2420	7871	1800	2200	10	20	40	60	90	100	130	160	190	230	100	60	36	20	12	8	5	3	2	1	
2421	7871	2200	9999	10	20	50	70	110	140	180	220	260	310	100	60	36	20	12	8	5	3	2	1	
2422	7872	1	1800	10	20	30	40	50	60	70	80	90	100	100	60	36	20	12	8	5	3	2	1	
2423	7872	1800	2200	10	20	40	60	90	100	130	160	190	230	100	60	36	20	12	8	5	3	2	1	
2424	7872	2200	9999	10	20	50	70	110	140	180	220	260	310	100	60	36	20	12	8	5	3	2	1	
2425	7873	1	1800	10	20	30	40	50	60	70	80	90	100	100	60	36	20	12	8	5	3	2	1	
2426	7873	1800	2200	10	20	40	60	90	100	130	160	190	230	100	60	36	20	12	8	5	3	2	1	
2427	7873	2200	9999	10	20	50	70	110	140	180	220	260	310	100	60	36	20	12	8	5	3	2	1	
2428	7874	1	1800	10	20	30	40	50	60	70	80	90	100	100	60	36	20	12	8	5	3	2	1	
2429	7874	1800	2200	10	20	40	60	90	100	130	160	190	230	100	60	36	20	12	8	5	3	2	1	
2430	7874	2200	9999	10	20	50	70	110	140	180	220	260	310	100	60	36	20	12	8	5	3	2	1	
2431	7879	1	1800	10	20	30	40	50	60	70	80	90	100	100	60	36	20	12	8	5	3	2	1	
2432	7879	1800	2200	10	20	40	60	90	100	130	160	190	230	100	60	36	20	12	8	5	3	2	1	
2433	7879	2200	9999	10	20	50	70	110	140	180	220	260	310	100	60	36	20	12	8	5	3	2	1	
2434	7881	1	1800	10	20	30	40	50	60	70	80	90	100	100	60	36	20	12	8	5	3	2	1	
2435	7881	1800	2200	10	20	40	60	90	100	130	160	190	230	100	60	36	20	12	8	5	3	2	1	
2436	7881	2200	9999	10	20	50	70	110	140	180	220	260	310	100	60	36	20	12	8	5	3	2	1	
2437	7882	1	1800	10	20	30	40	50	60	70	80	90	100	100	60	36	20	12	8	5	3	2	1	
2438	7882	1800	2200	10	20	40	60	90	100	130	160	190	230	100	60	36	20	12	8	5	3	2	1	
2439	7882	2200	9999	10	20	50	70	110	140	180	220	260	310	100	60	36	20	12	8	5	3	2	1	
2440	7883	1	1800	10	20	30	40	50	60	70	80	90	100	100	60	36	20	12	8	5	3	2	1	
2441	7883	1800	2200	10	20	40	60	90	100	130	160	190	230	100	60	36	20	12	8	5	3	2	1	
2442	7883	2200	9999	10	20	50	70	110	140	180	220	260	310	100	60	36	20	12	8	5	3	2	1	
2443	7884	1	1800	10	20	30	40	50	60	70	80	90	100	100	60	36	20	12	8	5	3	2	1	
2444	7884	1800	2200	10	20	40	60	90	100	130	160	190	230	100	60	36	20	12	8	5	3	2	1	
2445	7884	2200	9999	10	20	50	70	110	140	180	220	260	310	100	60	36	20	12	8	5	3	2	1	
2446	7885	1	1800	10	20	30	40	50	60	70	80	90	100	100	60	36	20	12	8	5	3	2	1	
2447	7885	1800	2200	10	20	40	60	90	100	130	160	190	230	100	60	36	20	12	8	5	3	2	1	
2448	7885	2200	9999	10	20	50	70	110	140	180	220	260	310	100	60	36	20	12	8	5	3	2	1	
2449	7889	1	1800	10	20	30	40	50	60	70	80	90	100	100	60	36	20	12	8	5	3	2	1	
2450	7889	1800	2200	10	20	40	60	90	100	130	160	190	230	100	60	36	20	12	8	5	3	2	1	
2451	7889	2200	9999	10	20	50	70	110	140	180	220	260	310	100	60	36	20	12	8	5	3	2	1	
2452	7891	1	1800	10	20	30	40	50	60	70	80	90	100	100	60	36	20	12	8	5	3	2	1	
2453	7891	1800	2200	10	20	40	60	90	100	130	160	190	230	100	60	36	20	12	8	5	3	2	1	
2454	7891	2200	9999	10	20	50	70	110	140	180	220	260	310	100	60	36	20	12	8	5	3	2	1	
2455	7892	1	1800	10	20	30	40	50	60	70	80	90	100	100	60	36	20	12	8	5	3	2	1	
2456	7892	1800	2200	10	20	40	60	90	100	130	160	190	230	100	60	36	20	12	8	5	3	2	1	
2457	7892	2200	9999	10	20	50	70	110	140	180	220	260	310	100	60	36	20	12	8	5	3	2	1	
2458	7893	1	1800	10	20	30	40	50	60	70	80	90	100	100	60	36	20	12	8	5	3	2	1	
2459	7893	1800	2200	10	20	40	60	90	100	130	160	190	230	100	60	36	20	12	8	5	3	2	1	
2460	7893	2200	9999	10	20	50	70	110	140	180	220	260	310	100	60	36	20	12	8	5	3	2	1	
2461	7894	1	1800	10	20	30	40	50	60	70	80	90	100	100	60	36	20	12	8	5	3	2	1	
2462	7894	1800	2200	10	20	40	60	90	100	130	160	190	230	100	60	36	20	12	8	5	3	2	1	
2463	7894	2200	9999	10	20	50	70	110	140	180	220	260	310	100	60	36	20	12	8	5	3	2	1	
2464	7895	1	1800	10	20	30	40	50	60	70	80	90	100	100	60	36	20	12	8	5	3	2	1	
2465	7895	1800	2200	10	20	40	60	90	100	130	160	190	230	100	60	36	20	12	8	5	3	2	1	
2466	7895	2200	9999	10	20	50	70	110	140	180	220	260	310	100	60	36	20	12	8	5	3	2	1	
2467	7896	1	1800	10	20	30	40	50	60	70	80	90	100	100	60	36	20	12	8	5	3	2	1	
2468	7896	1800	2200	10	20	40	60	90	100	130	160	190	230	100	60	36	20	12	8	5	3	2	1	
2469	7896	2200	9999	10	20	50	70	110	140	180	220	260	310	100	60	36	20	12	8	5	3	2	1	
2470	7899	1	1800	10	20	30	40	50	60	70	80	90	100	100	60	36	20	12	8	5	3	2	1	
2471	7899	1800	2200	10	20	40	60	90	100	130	160	190	230	100	60	36	20	12	8	5	3	2	1	
2472	7899	2200	9999	10	20	50	70	110	140	180	220	260	310	100	60	36	20	12	8	5	3	2	1	
2473	7901	1	1800	10	20	30	40	50	60	70	80	90	100	100	60	36	20	12	8	5	3	2	1	
2474	7901	1800	2200	10	20	40	60	90	100	130	160	190	230	100	60	36	20	12	8	5	3	2	1	
2475	7901	2200	9999	10	20	50	70	110	140	180	220	260	310	100	60	36	20	12	8	5	3	2	1	
2476	7902	1	1800	10	20	30	40	50	60	70	80	90	100	100	60	36	20	12	8	5	3	2	1	
2477	7902	1800	2200	10	20	40	60	90	100	130	160	190	230	100	60	36	20	12	8	5	3	2	1	
2478	7902	2200	9999	10	20	50	70	110	140	180	220	260	310	100	60	36	20	12	8	5	3	2	1	
2479	7903	1	1800	10	20	30	40	50	60	70	80	90	100	100	60	36	20	12	8	5	3	2	1	
2480	7903	1800	2200	10	20	40	60	90	100	130	160	190	230	100	60	36	20	12	8	5	3	2	1	
2481	7903	2200	9999	10	20	50	70	110	140	180	220	260	310	100	60	36	20	12	8	5	3	2	1	
2482	7904	1	1800	10	20	30	40	50	60	70	80	90	100	100	60	36	20	12	8	5	3	2	1	
2483	7904	1800	2200	10	20	40	60	90	100	130	160	190	230	100	60	36	20	12	8	5	3	2	1	
2484	7904	2200	9999	10	20	50	70	110	140	180	220	260	310	100	60	36	20	12	8	5	3	2	1	
2485	7905	1	1800	10	20	30	40	50	60	70	80	90	100	100	60	36	20	12	8	5	3	2	1	
2486	7905	1800	2200	10	20	40	60	90	100	130	160	190	230	100	60	36	20	12	8	5	3	2	1	
2487	7905	2200	9999	10	20	50	70	110	140	180	220	260	310	100	60	36	20	12	8	5	3	2	1	
2488	7906	1	1800	10	20	30	40	50	60	70	80	90	100	100	60	36	20	12	8	5	3	2	1	
2489	7906	1800	2200	10	20	40	60	90	100	130	160	190	230	100	60	36	20	12	8	5	3	2	1	
2490	7906	2200	9999	10	20	50	70	110	140	180	220	260	310	100	60	36	20	12	8	5	3	2	1	
2491	7907	1	1800	10	20	30	40	50	60	70	80	90	100	100	60	36	20	12	8	5	3	2	1	
2492	7907	1800	2200	10	20	40	60	90	100	130	160	190	230	100	60	36	20	12	8	5	3	2	1	
2493	7907	2200	9999	10	20	50	70	110	140	180	220	260	310	100	60	36	20	12	8	5	3	2	1	
2494	7909	1	1800	10	20	30	40	50	60	70	80	90	100	100	60	36	20	12	8	5	3	2	1	
2495	7909	1800	2200	10	20	40	60	90	100	130	160	190	230	100	60	36	20	12	8	5	3	2	1	
2496	7909	2200	9999	10	20	50	70	110	140	180	220	260	310	100	60	36	20	12	8	5	3	2	1	
2497	7911	1	1800	10	20	30	40	50	60	70	80	90	100	100	60	36	20	12	8	5	3	2	1	
2498	7911	1800	2200	10	20	40	60	90	100	130	160	190	230	100	60	36	20	12	8	5	3	2	1	
2499	7911	2200	9999	10	20	50	70	110	140	180	220	260	310	100	60	36	20	12	8	5	3	2	1	
2500	7912	1	1800	10	20	30	40	50	60	70	80	90	100	100	60	36	20	12	8	5	3	2	1	
2501	7912	1800	2200	10	20	40	60	90	100	130	160	190	230	100	60	36	20	12	8	5	3	2	1	
2502	7912	2200	9999	10	20	50	70	110	140	180	220	260	310	100	60	36	20	12	8	5	3	2	1	
2503	7913	1	1800	10	20	30	40	50	60	70	80	90	100	100	60	36	20	12	8	5	3	2	1	
2504	7913	1800	2200	10	20	40	60	90	100	130	160	190	230	100	60	36	20	12	8	5	3	2	1	
2505	7913	2200	9999	10	20	50	70	110	140	180	220	260	310	100	60	36	20	12	8	5	3	2	1	
2506	7914	1	1800	10	20	30	40	50	60	70	80	90	100	100	60	36	20	12	8	5	3	2	1	
2507	7914	1800	2200	10	20	40	60	90	100	130	160	190	230	100	60	36	20	12	8	5	3	2	1	
2508	7914	2200	9999	10	20	50	70	110	140	180	220	260	310	100	60	36	20	12	8	5	3	2	1	
2509	7915	1	1800	10	20	30	40	50	60	70	80	90	100	100	60	36	20	12	8	5	3	2	1	
2510	7915	1800	2200	10	20	40	60	90	100	130	160	190	230	100	60	36	20	12	8	5	3	2	1	
2511	7915	2200	9999	10	20	50	70	110	140	180	220	260	310	100	60	36	20	12	8	5	3	2	1	
2512	7916	1	1800	10	20	30	40	50	60	70	80	90	100	100	60	36	20	12	8	5	3	2	1	
2513	7916	1800	2200	10	20	40	60	90	100	130	160	190	230	100	60	36	20	12	8	5	3	2	1	
2514	7916	2200	9999	10	20	50	70	110	140	180	220	260	310	100	60	36	20	12	8	5	3	2	1	
2515	7917	1	1800	10	20	30	40	50	60	70	80	90	100	100	60	36	20	12	8	5	3	2	1	
2516	7917	1800	2200	10	20	40	60	90	100	130	160	190	230	100	60	36	20	12	8	5	3	2	1	
2517	7917	2200	9999	10	20	50	70	110	140	180	220	260	310	100	60	36	20	12	8	5	3	2	1	
2518	7918	1	1800	10	20	30	40	50	60	70	80	90	100	100	60	36	20	12	8	5	3	2	1	
2519	7918	1800	2200	10	20	40	60	90	100	130	160	190	230	100	60	36	20	12	8	5	3	2	1	
2520	7918	2200	9999	10	20	50	70	110	140	180	220	260	310	100	60	36	20	12	8	5	3	2	1	
2521	7919	1	1800	10	20	30	40	50	60	70	80	90	100	100	60	36	20	12	8	5	3	2	1	
2522	7919	1800	2200	10	20	40	60	90	100	130	160	190	230	100	60	36	20	12	8	5	3	2	1	
2523	7919	2200	9999	10	20	50	70	110	140	180	220	260	310	100	60	36	20	12	8	5	3	2	1	
2524	7921	1	1800	10	20	30	40	50	60	70	80	90	100	100	60	36	20	12	8	5	3	2	1	
2525	7921	1800	2200	10	20	40	60	90	100	130	160	190	230	100	60	36	20	12	8	5	3	2	1	
2526	7921	2200	9999	10	20	50	70	110	140	180	220	260	310	100	60	36	20	12	8	5	3	2	1	
2527	7922	1	1800	10	20	30	40	50	60	70	80	90	100	100	60	36	20	12	8	5	3	2	1	
2528	7922	1800	2200	10	20	40	60	90	100	130	160	190	230	100	60	36	20	12	8	5	3	2	1	
2529	7922	2200	9999	10	20	50	70	110	140	180	220	260	310	100	60	36	20	12	8	5	3	2	1	
2530	7929	1	1800	10	20	30	40	50	60	70	80	90	100	100	60	36	20	12	8	5	3	2	1	
2531	7929	1800	2200	10	20	40	60	90	100	130	160	190	230	100	60	36	20	12	8	5	3	2	1	
2532	7929	2200	9999	10	20	50	70	110	140	180	220	260	310	100	60	36	20	12	8	5	3	2	1	
2533	7931	1	1800	10	20	30	40	50	60	70	80	90	100	100	60	36	20	12	8	5	3	2	1	
2534	7931	1800	2200	10	20	40	60	90	100	130	160	190	230	100	60	36	20	12	8	5	3	2	1	
2535	7931	2200	9999	10	20	50	70	110	140	180	220	260	310	100	60	36	20	12	8	5	3	2	1	
2536	7932	1	1800	10	20	30	40	50	60	70	80	90	100	100	60	36	20	12	8	5	3	2	1	
2537	7932	1800	2200	10	20	40	60	90	100	130	160	190	230	100	60	36	20	12	8	5	3	2	1	
2538	7932	2200	9999	10	20	50	70	110	140	180	220	260	310	100	60	36	20	12	8	5	3	2	1	
2539	7933	1	1800	10	20	30	40	50	60	70	80	90	100	100	60	36	20	12	8	5	3	2	1	
2540	7933	1800	2200	10	20	40	60	90	100	130	160	190	230	100	60	36	20	12	8	5	3	2	1	
2541	7933	2200	9999	10	20	50	70	110	140	180	220	260	310	100	60	36	20	12	8	5	3	2	1	
2542	7939	1	1800	10	20	30	40	50	60	70	80	90	100	100	60	36	20	12	8	5	3	2	1	
2543	7939	1800	2200	10	20	40	60	90	100	130	160	190	230	100	60	36	20	12	8	5	3	2	1	
2544	7939	2200	9999	10	20	50	70	110	140	180	220	260	310	100	60	36	20	12	8	5	3	2	1	
2545	7941	1	1800	10	20	30	40	50	60	70	80	90	100	100	60	36	20	12	8	5	3	2	1	
2546	7941	1800	2200	10	20	40	60	90	100	130	160	190	230	100	60	36	20	12	8	5	3	2	1	
2547	7941	2200	9999	10	20	50	70	110	140	180	220	260	310	100	60	36	20	12	8	5	3	2	1	
2548	7942	1	1800	10	20	30	40	50	60	70	80	90	100	100	60	36	20	12	8	5	3	2	1	
2549	7942	1800	2200	10	20	40	60	90	100	130	160	190	230	100	60	36	20	12	8	5	3	2	1	
2550	7942	2200	9999	10	20	50	70	110	140	180	220	260	310	100	60	36	20	12	8	5	3	2	1	
2551	7943	1	1800	10	20	30	40	50	60	70	80	90	100	100	60	36	20	12	8	5	3	2	1	
2552	7943	1800	2200	10	20	40	60	90	100	130	160	190	230	100	60	36	20	12	8	5	3	2	1	
2553	7943	2200	9999	10	20	50	70	110	140	180	220	260	310	100	60	36	20	12	8	5	3	2	1	
2554	7944	1	1800	10	20	30	40	50	60	70	80	90	100	100	60	36	20	12	8	5	3	2	1	
2555	7944	1800	2200	10	20	40	60	90	100	130	160	190	230	100	60	36	20	12	8	5	3	2	1	
2556	7944	2200	9999	10	20	50	70	110	140	180	220	260	310	100	60	36	20	12	8	5	3	2	1	
2557	7949	1	1800	10	20	30	40	50	60	70	80	90	100	100	60	36	20	12	8	5	3	2	1	
2558	7949	1800	2200	10	20	40	60	90	100	130	160	190	230	100	60	36	20	12	8	5	3	2	1	
2559	7949	2200	9999	10	20	50	70	110	140	180	220	260	310	100	60	36	20	12	8	5	3	2	1	
2560	7951	1	1800	10	20	30	40	50	60	70	80	90	100	100	60	36	20	12	8	5	3	2	1	
2561	7951	1800	2200	10	20	40	60	90	100	130	160	190	230	100	60	36	20	12	8	5	3	2	1	
2562	7951	2200	9999	10	20	50	70	110	140	180	220	260	310	100	60	36	20	12	8	5	3	2	1	
2563	7952	1	1800	10	20	30	40	50	60	70	80	90	100	100	60	36	20	12	8	5	3	2	1	
2564	7952	1800	2200	10	20	40	60	90	100	130	160	190	230	100	60	36	20	12	8	5	3	2	1	
2565	7952	2200	9999	10	20	50	70	110	140	180	220	260	310	100	60	36	20	12	8	5	3	2	1	
2566	7953	1	1800	10	20	30	40	50	60	70	80	90	100	100	60	36	20	12	8	5	3	2	1	
2567	7953	1800	2200	10	20	40	60	90	100	130	160	190	230	100	60	36	20	12	8	5	3	2	1	
2568	7953	2200	9999	10	20	50	70	110	140	180	220	260	310	100	60	36	20	12	8	5	3	2	1	
2569	7954	1	1800	10	20	30	40	50	60	70	80	90	100	100	60	36	20	12	8	5	3	2	1	
2570	7954	1800	2200	10	20	40	60	90	100	130	160	190	230	100	60	36	20	12	8	5	3	2	1	
2571	7954	2200	9999	10	20	50	70	110	140	180	220	260	310	100	60	36	20	12	8	5	3	2	1	
2572	7955	1	1800	10	20	30	40	50	60	70	80	90	100	100	60	36	20	12	8	5	3	2	1	
2573	7955	1800	2200	10	20	40	60	90	100	130	160	190	230	100	60	36	20	12	8	5	3	2	1	
2574	7955	2200	9999	10	20	50	70	110	140	180	220	260	310	100	60	36	20	12	8	5	3	2	1	
2575	7959	1	1800	10	20	30	40	50	60	70	80	90	100	100	60	36	20	12	8	5	3	2	1	
2576	7959	1800	2200	10	20	40	60	90	100	130	160	190	230	100	60	36	20	12	8	5	3	2	1	
2577	7959	2200	9999	10	20	50	70	110	140	180	220	260	310	100	60	36	20	12	8	5	3	2	1	
2578	7961	1	1800	10	20	30	40	50	60	70	80	90	100	100	60	36	20	12	8	5	3	2	1	
2579	7961	1800	2200	10	20	40	60	90	100	130	160	190	230	100	60	36	20	12	8	5	3	2	1	
2580	7961	2200	9999	10	20	50	70	110	140	180	220	260	310	100	60	36	20	12	8	5	3	2	1	
2581	7962	1	1800	10	20	30	40	50	60	70	80	90	100	100	60	36	20	12	8	5	3	2	1	
2582	7962	1800	2200	10	20	40	60	90	100	130	160	190	230	100	60	36	20	12	8	5	3	2	1	
2583	7962	2200	9999	10	20	50	70	110	140	180	220	260	310	100	60	36	20	12	8	5	3	2	1	
2584	7963	1	1800	10	20	30	40	50	60	70	80	90	100	100	60	36	20	12	8	5	3	2	1	
2585	7963	1800	2200	10	20	40	60	90	100	130	160	190	230	100	60	36	20	12	8	5	3	2	1	
2586	7963	2200	9999	10	20	50	70	110	140	180	220	260	310	100	60	36	20	12	8	5	3	2	1	
2587	7964	1	1800	10	20	30	40	50	60	70	80	90	100	100	60	36	20	12	8	5	3	2	1	
2588	7964	1800	2200	10	20	40	60	90	100	130	160	190	230	100	60	36	20	12	8	5	3	2	1	
2589	7964	2200	9999	10	20	50	70	110	140	180	220	260	310	100	60	36	20	12	8	5	3	2	1	
2590	7965	1	1800	10	20	30	40	50	60	70	80	90	100	100	60	36	20	12	8	5	3	2	1	
2591	7965	1800	2200	10	20	40	60	90	100	130	160	190	230	100	60	36	20	12	8	5	3	2	1	
2592	7965	2200	9999	10	20	50	70	110	140	180	220	260	310	100	60	36	20	12	8	5	3	2	1	
2593	7966	1	1800	10	20	30	40	50	60	70	80	90	100	100	60	36	20	12	8	5	3	2	1	
2594	7966	1800	2200	10	20	40	60	90	100	130	160	190	230	100	60	36	20	12	8	5	3	2	1	
2595	7966	2200	9999	10	20	50	70	110	140	180	220	260	310	100	60	36	20	12	8	5	3	2	1	
2596	7969	1	1800	10	20	30	40	50	60	70	80	90	100	100	60	36	20	12	8	5	3	2	1	
2597	7969	1800	2200	10	20	40	60	90	100	130	160	190	230	100	60	36	20	12	8	5	3	2	1	
2598	7969	2200	9999	10	20	50	70	110	140	180	220	260	310	100	60	36	20	12	8	5	3	2	1	
2599	7971	1	1800	10	20	30	40	50	60	70	80	90	100	100	60	36	20	12	8	5	3	2	1	
2600	7971	1800	2200	10	20	40	60	90	100	130	160	190	230	100	60	36	20	12	8	5	3	2	1	
2601	7971	2200	9999	10	20	50	70	110	140	180	220	260	310	100	60	36	20	12	8	5	3	2	1	
2602	7972	1	1800	10	20	30	40	50	60	70	80	90	100	100	60	36	20	12	8	5	3	2	1	
2603	7972	1800	2200	10	20	40	60	90	100	130	160	190	230	100	60	36	20	12	8	5	3	2	1	
2604	7972	2200	9999	10	20	50	70	110	140	180	220	260	310	100	60	36	20	12	8	5	3	2	1	
2605	7973	1	1800	10	20	30	40	50	60	70	80	90	100	100	60	36	20	12	8	5	3	2	1	
2606	7973	1800	2200	10	20	40	60	90	100	130	160	190	230	100	60	36	20	12	8	5	3	2	1	
2607	7973	2200	9999	10	20	50	70	110	140	180	220	260	310	100	60	36	20	12	8	5	3	2	1	
2608	7974	1	1800	10	20	30	40	50	60	70	80	90	100	100	60	36	20	12	8	5	3	2	1	
2609	7974	1800	2200	10	20	40	60	90	100	130	160	190	230	100	60	36	20	12	8	5	3	2	1	
2610	7974	2200	9999	10	20	50	70	110	140	180	220	260	310	100	60	36	20	12	8	5	3	2	1	
2611	7975	1	1800	10	20	30	40	50	60	70	80	90	100	100	60	36	20	12	8	5	3	2	1	
2612	7975	1800	2200	10	20	40	60	90	100	130	160	190	230	100	60	36	20	12	8	5	3	2	1	
2613	7975	2200	9999	10	20	50	70	110	140	180	220	260	310	100	60	36	20	12	8	5	3	2	1	
2614	7976	1	1800	10	20	30	40	50	60	70	80	90	100	100	60	36	20	12	8	5	3	2	1	
2615	7976	1800	2200	10	20	40	60	90	100	130	160	190	230	100	60	36	20	12	8	5	3	2	1	
2616	7976	2200	9999	10	20	50	70	110	140	180	220	260	310	100	60	36	20	12	8	5	3	2	1	
2617	7977	1	1800	10	20	30	40	50	60	70	80	90	100	100	60	36	20	12	8	5	3	2	1	
2618	7977	1800	2200	10	20	40	60	90	100	130	160	190	230	100	60	36	20	12	8	5	3	2	1	
2619	7977	2200	9999	10	20	50	70	110	140	180	220	260	310	100	60	36	20	12	8	5	3	2	1	
2620	7979	1	1800	10	20	30	40	50	60	70	80	90	100	100	60	36	20	12	8	5	3	2	1	
2621	7979	1800	2200	10	20	40	60	90	100	130	160	190	230	100	60	36	20	12	8	5	3	2	1	
2622	7979	2200	9999	10	20	50	70	110	140	180	220	260	310	100	60	36	20	12	8	5	3	2	1	
2623	7981	1	1800	10	20	30	40	50	60	70	80	90	100	100	60	36	20	12	8	5	3	2	1	
2624	7981	1800	2200	10	20	40	60	90	100	130	160	190	230	100	60	36	20	12	8	5	3	2	1	
2625	7981	2200	9999	10	20	50	70	110	140	180	220	260	310	100	60	36	20	12	8	5	3	2	1	
2626	7982	1	1800	10	20	30	40	50	60	70	80	90	100	100	60	36	20	12	8	5	3	2	1	
2627	7982	1800	2200	10	20	40	60	90	100	130	160	190	230	100	60	36	20	12	8	5	3	2	1	
2628	7982	2200	9999	10	20	50	70	110	140	180	220	260	310	100	60	36	20	12	8	5	3	2	1	
2629	7983	1	1800	10	20	30	40	50	60	70	80	90	100	100	60	36	20	12	8	5	3	2	1	
2630	7983	1800	2200	10	20	40	60	90	100	130	160	190	230	100	60	36	20	12	8	5	3	2	1	
2631	7983	2200	9999	10	20	50	70	110	140	180	220	260	310	100	60	36	20	12	8	5	3	2	1	
2632	7984	1	1800	10	20	30	40	50	60	70	80	90	100	100	60	36	20	12	8	5	3	2	1	
2633	7984	1800	2200	10	20	40	60	90	100	130	160	190	230	100	60	36	20	12	8	5	3	2	1	
2634	7984	2200	9999	10	20	50	70	110	140	180	220	260	310	100	60	36	20	12	8	5	3	2	1	
2635	7985	1	1800	10	20	30	40	50	60	70	80	90	100	100	60	36	20	12	8	5	3	2	1	
2636	7985	1800	2200	10	20	40	60	90	100	130	160	190	230	100	60	36	20	12	8	5	3	2	1	
2637	7985	2200	9999	10	20	50	70	110	140	180	220	260	310	100	60	36	20	12	8	5	3	2	1	
2638	7986	1	1800	10	20	30	40	50	60	70	80	90	100	100	60	36	20	12	8	5	3	2	1	
2639	7986	1800	2200	10	20	40	60	90	100	130	160	190	230	100	60	36	20	12	8	5	3	2	1	
2640	7986	2200	9999	10	20	50	70	110	140	180	220	260	310	100	60	36	20	12	8	5	3	2	1	
2641	7987	1	1800	10	20	30	40	50	60	70	80	90	100	100	60	36	20	12	8	5	3	2	1	
2642	7987	1800	2200	10	20	40	60	90	100	130	160	190	230	100	60	36	20	12	8	5	3	2	1	
2643	7987	2200	9999	10	20	50	70	110	140	180	220	260	310	100	60	36	20	12	8	5	3	2	1	
2644	7988	1	1800	10	20	30	40	50	60	70	80	90	100	100	60	36	20	12	8	5	3	2	1	
2645	7988	1800	2200	10	20	40	60	90	100	130	160	190	230	100	60	36	20	12	8	5	3	2	1	
2646	7988	2200	9999	10	20	50	70	110	140	180	220	260	310	100	60	36	20	12	8	5	3	2	1	
2647	7989	1	1800	10	20	30	40	50	60	70	80	90	100	100	60	36	20	12	8	5	3	2	1	
2648	7989	1800	2200	10	20	40	60	90	100	130	160	190	230	100	60	36	20	12	8	5	3	2	1	
2649	7989	2200	9999	10	20	50	70	110	140	180	220	260	310	100	60	36	20	12	8	5	3	2	1	
2650	7991	1	1800	10	20	30	40	50	60	70	80	90	100	100	60	36	20	12	8	5	3	2	1	
2651	7991	1800	2200	10	20	40	60	90	100	130	160	190	230	100	60	36	20	12	8	5	3	2	1	
2652	7991	2200	9999	10	20	50	70	110	140	180	220	260	310	100	60	36	20	12	8	5	3	2	1	
2653	7992	1	1800	10	20	30	40	50	60	70	80	90	100	100	60	36	20	12	8	5	3	2	1	
2654	7992	1800	2200	10	20	40	60	90	100	130	160	190	230	100	60	36	20	12	8	5	3	2	1	
2655	7992	2200	9999	10	20	50	70	110	140	180	220	260	310	100	60	36	20	12	8	5	3	2	1	
2656	7999	1	1800	10	20	30	40	50	60	70	80	90	100	100	60	36	20	12	8	5	3	2	1	
2657	7999	1800	2200	10	20	40	60	90	100	130	160	190	230	100	60	36	20	12	8	5	3	2	1	
2658	7999	2200	9999	10	20	50	70	110	140	180	220	260	310	100	60	36	20	12	8	5	3	2	1	
2659	8001	1	1800	10	20	30	40	50	60	70	80	90	100	100	60	36	20	12	8	5	3	2	1	
2660	8001	1800	2200	10	20	40	60	90	100	130	160	190	230	100	60	36	20	12	8	5	3	2	1	
2661	8001	2200	9999	10	20	50	70	110	140	180	220	260	310	100	60	36	20	12	8	5	3	2	1	
2662	8002	1	1800	10	20	30	40	50	60	70	80	90	100	100	60	36	20	12	8	5	3	2	1	
2663	8002	1800	2200	10	20	40	60	90	100	130	160	190	230	100	60	36	20	12	8	5	3	2	1	
2664	8002	2200	9999	10	20	50	70	110	140	180	220	260	310	100	60	36	20	12	8	5	3	2	1	
2665	8003	1	1800	10	20	30	40	50	60	70	80	90	100	100	60	36	20	12	8	5	3	2	1	
2666	8003	1800	2200	10	20	40	60	90	100	130	160	190	230	100	60	36	20	12	8	5	3	2	1	
2667	8003	2200	9999	10	20	50	70	110	140	180	220	260	310	100	60	36	20	12	8	5	3	2	1	
2668	8009	1	1800	10	20	30	40	50	60	70	80	90	100	100	60	36	20	12	8	5	3	2	1	
2669	8009	1800	2200	10	20	40	60	90	100	130	160	190	230	100	60	36	20	12	8	5	3	2	1	
2670	8009	2200	9999	10	20	50	70	110	140	180	220	260	310	100	60	36	20	12	8	5	3	2	1	
2671	8011	1	1800	10	20	30	40	50	60	70	80	90	100	100	60	36	20	12	8	5	3	2	1	
2672	8011	1800	2200	10	20	40	60	90	100	130	160	190	230	100	60	36	20	12	8	5	3	2	1	
2673	8011	2200	9999	10	20	50	70	110	140	180	220	260	310	100	60	36	20	12	8	5	3	2	1	
2674	8012	1	1800	10	20	30	40	50	60	70	80	90	100	100	60	36	20	12	8	5	3	2	1	
2675	8012	1800	2200	10	20	40	60	90	100	130	160	190	230	100	60	36	20	12	8	5	3	2	1	
2676	8012	2200	9999	10	20	50	70	110	140	180	220	260	310	100	60	36	20	12	8	5	3	2	1	
2677	8013	1	1800	10	20	30	40	50	60	70	80	90	100	100	60	36	20	12	8	5	3	2	1	
2678	8013	1800	2200	10	20	40	60	90	100	130	160	190	230	100	60	36	20	12	8	5	3	2	1	
2679	8013	2200	9999	10	20	50	70	110	140	180	220	260	310	100	60	36	20	12	8	5	3	2	1	
2680	8014	1	1800	10	20	30	40	50	60	70	80	90	100	100	60	36	20	12	8	5	3	2	1	
2681	8014	1800	2200	10	20	40	60	90	100	130	160	190	230	100	60	36	20	12	8	5	3	2	1	
2682	8014	2200	9999	10	20	50	70	110	140	180	220	260	310	100	60	36	20	12	8	5	3	2	1	
2683	8019	1	1800	10	20	30	40	50	60	70	80	90	100	100	60	36	20	12	8	5	3	2	1	
2684	8019	1800	2200	10	20	40	60	90	100	130	160	190	230	100	60	36	20	12	8	5	3	2	1	
2685	8019	2200	9999	10	20	50	70	110	140	180	220	260	310	100	60	36	20	12	8	5	3	2	1	
2686	8021	1	1800	10	20	30	40	50	60	70	80	90	100	100	60	36	20	12	8	5	3	2	1	
2687	8021	1800	2200	10	20	40	60	90	100	130	160	190	230	100	60	36	20	12	8	5	3	2	1	
2688	8021	2200	9999	10	20	50	70	110	140	180	220	260	310	100	60	36	20	12	8	5	3	2	1	
2689	8022	1	1800	10	20	30	40	50	60	70	80	90	100	100	60	36	20	12	8	5	3	2	1	
2690	8022	1800	2200	10	20	40	60	90	100	130	160	190	230	100	60	36	20	12	8	5	3	2	1	
2691	8022	2200	9999	10	20	50	70	110	140	180	220	260	310	100	60	36	20	12	8	5	3	2	1	
2692	8023	1	1800	10	20	30	40	50	60	70	80	90	100	100	60	36	20	12	8	5	3	2	1	
2693	8023	1800	2200	10	20	40	60	90	100	130	160	190	230	100	60	36	20	12	8	5	3	2	1	
2694	8023	2200	9999	10	20	50	70	110	140	180	220	260	310	100	60	36	20	12	8	5	3	2	1	
2695	8024	1	1800	10	20	30	40	50	60	70	80	90	100	100	60	36	20	12	8	5	3	2	1	
2696	8024	1800	2200	10	20	40	60	90	100	130	160	190	230	100	60	36	20	12	8	5	3	2	1	
2697	8024	2200	9999	10	20	50	70	110	140	180	220	260	310	100	60	36	20	12	8	5	3	2	1	
2698	8025	1	1800	10	20	30	40	50	60	70	80	90	100	100	60	36	20	12	8	5	3	2	1	
2699	8025	1800	2200	10	20	40	60	90	100	130	160	190	230	100	60	36	20	12	8	5	3	2	1	
2700	8025	2200	9999	10	20	50	70	110	140	180	220	260	310	100	60	36	20	12	8	5	3	2	1	
2701	8029	1	1800	10	20	30	40	50	60	70	80	90	100	100	60	36	20	12	8	5	3	2	1	
2702	8029	1800	2200	10	20	40	60	90	100	130	160	190	230	100	60	36	20	12	8	5	3	2	1	
2703	8029	2200	9999	10	20	50	70	110	140	180	220	260	310	100	60	36	20	12	8	5	3	2	1	
2704	8031	1	1800	10	20	30	40	50	60	70	80	90	100	100	60	36	20	12	8	5	3	2	1	
2705	8031	1800	2200	10	20	40	60	90	100	130	160	190	230	100	60	36	20	12	8	5	3	2	1	
2706	8031	2200	9999	10	20	50	70	110	140	180	220	260	310	100	60	36	20	12	8	5	3	2	1	
2707	8032	1	1800	10	20	30	40	50	60	70	80	90	100	100	60	36	20	12	8	5	3	2	1	
2708	8032	1800	2200	10	20	40	60	90	100	130	160	190	230	100	60	36	20	12	8	5	3	2	1	
2709	8032	2200	9999	10	20	50	70	110	140	180	220	260	310	100	60	36	20	12	8	5	3	2	1	
2710	8033	1	1800	10	20	30	40	50	60	70	80	90	100	100	60	36	20	12	8	5	3	2	1	
2711	8033	1800	2200	10	20	40	60	90	100	130	160	190	230	100	60	36	20	12	8	5	3	2	1	
2712	8033	2200	9999	10	20	50	70	110	140	180	220	260	310	100	60	36	20	12	8	5	3	2	1	
2713	8034	1	1800	10	20	30	40	50	60	70	80	90	100	100	60	36	20	12	8	5	3	2	1	
2714	8034	1800	2200	10	20	40	60	90	100	130	160	190	230	100	60	36	20	12	8	5	3	2	1	
2715	8034	2200	9999	10	20	50	70	110	140	180	220	260	310	100	60	36	20	12	8	5	3	2	1	
2716	8035	1	1800	10	20	30	40	50	60	70	80	90	100	100	60	36	20	12	8	5	3	2	1	
2717	8035	1800	2200	10	20	40	60	90	100	130	160	190	230	100	60	36	20	12	8	5	3	2	1	
2718	8035	2200	9999	10	20	50	70	110	140	180	220	260	310	100	60	36	20	12	8	5	3	2	1	
2719	8036	1	1800	10	20	30	40	50	60	70	80	90	100	100	60	36	20	12	8	5	3	2	1	
2720	8036	1800	2200	10	20	40	60	90	100	130	160	190	230	100	60	36	20	12	8	5	3	2	1	
2721	8036	2200	9999	10	20	50	70	110	140	180	220	260	310	100	60	36	20	12	8	5	3	2	1	
2722	8039	1	1800	10	20	30	40	50	60	70	80	90	100	100	60	36	20	12	8	5	3	2	1	
2723	8039	1800	2200	10	20	40	60	90	100	130	160	190	230	100	60	36	20	12	8	5	3	2	1	
2724	8039	2200	9999	10	20	50	70	110	140	180	220	260	310	100	60	36	20	12	8	5	3	2	1	
2725	8041	1	1800	10	20	30	40	50	60	70	80	90	100	100	60	36	20	12	8	5	3	2	1	
2726	8041	1800	2200	10	20	40	60	90	100	130	160	190	230	100	60	36	20	12	8	5	3	2	1	
2727	8041	2200	9999	10	20	50	70	110	140	180	220	260	310	100	60	36	20	12	8	5	3	2	1	
2728	8042	1	1800	10	20	30	40	50	60	70	80	90	100	100	60	36	20	12	8	5	3	2	1	
2729	8042	1800	2200	10	20	40	60	90	100	130	160	190	230	100	60	36	20	12	8	5	3	2	1	
2730	8042	2200	9999	10	20	50	70	110	140	180	220	260	310	100	60	36	20	12	8	5	3	2	1	
2731	8043	1	1800	10	20	30	40	50	60	70	80	90	100	100	60	36	20	12	8	5	3	2	1	
2732	8043	1800	2200	10	20	40	60	90	100	130	160	190	230	100	60	36	20	12	8	5	3	2	1	
2733	8043	2200	9999	10	20	50	70	110	140	180	220	260	310	100	60	36	20	12	8	5	3	2	1	
2734	8044	1	1800	10	20	30	40	50	60	70	80	90	100	100	60	36	20	12	8	5	3	2	1	
2735	8044	1800	2200	10	20	40	60	90	100	130	160	190	230	100	60	36	20	12	8	5	3	2	1	
2736	8044	2200	9999	10	20	50	70	110	140	180	220	260	310	100	60	36	20	12	8	5	3	2	1	
2737	8045	1	1800	10	20	30	40	50	60	70	80	90	100	100	60	36	20	12	8	5	3	2	1	
2738	8045	1800	2200	10	20	40	60	90	100	130	160	190	230	100	60	36	20	12	8	5	3	2	1	
2739	8045	2200	9999	10	20	50	70	110	140	180	220	260	310	100	60	36	20	12	8	5	3	2	1	
2740	8046	1	1800	10	20	30	40	50	60	70	80	90	100	100	60	36	20	12	8	5	3	2	1	
2741	8046	1800	2200	10	20	40	60	90	100	130	160	190	230	100	60	36	20	12	8	5	3	2	1	
2742	8046	2200	9999	10	20	50	70	110	140	180	220	260	310	100	60	36	20	12	8	5	3	2	1	
2743	8047	1	1800	10	20	30	40	50	60	70	80	90	100	100	60	36	20	12	8	5	3	2	1	
2744	8047	1800	2200	10	20	40	60	90	100	130	160	190	230	100	60	36	20	12	8	5	3	2	1	
2745	8047	2200	9999	10	20	50	70	110	140	180	220	260	310	100	60	36	20	12	8	5	3	2	1	
2746	8049	1	1800	10	20	30	40	50	60	70	80	90	100	100	60	36	20	12	8	5	3	2	1	
2747	8049	1800	2200	10	20	40	60	90	100	130	160	190	230	100	60	36	20	12	8	5	3	2	1	
2748	8049	2200	9999	10	20	50	70	110	140	180	220	260	310	100	60	36	20	12	8	5	3	2	1	
2749	8051	1	1800	10	20	30	40	50	60	70	80	90	100	100	60	36	20	12	8	5	3	2	1	
2750	8051	1800	2200	10	20	40	60	90	100	130	160	190	230	100	60	36	20	12	8	5	3	2	1	
2751	8051	2200	9999	10	20	50	70	110	140	180	220	260	310	100	60	36	20	12	8	5	3	2	1	
2752	8052	1	1800	10	20	30	40	50	60	70	80	90	100	100	60	36	20	12	8	5	3	2	1	
2753	8052	1800	2200	10	20	40	60	90	100	130	160	190	230	100	60	36	20	12	8	5	3	2	1	
2754	8052	2200	9999	10	20	50	70	110	140	180	220	260	310	100	60	36	20	12	8	5	3	2	1	
2755	8053	1	1800	10	20	30	40	50	60	70	80	90	100	100	60	36	20	12	8	5	3	2	1	
2756	8053	1800	2200	10	20	40	60	90	100	130	160	190	230	100	60	36	20	12	8	5	3	2	1	
2757	8053	2200	9999	10	20	50	70	110	140	180	220	260	310	100	60	36	20	12	8	5	3	2	1	
2758	8054	1	1800	10	20	30	40	50	60	70	80	90	100	100	60	36	20	12	8	5	3	2	1	
2759	8054	1800	2200	10	20	40	60	90	100	130	160	190	230	100	60	36	20	12	8	5	3	2	1	
2760	8054	2200	9999	10	20	50	70	110	140	180	220	260	310	100	60	36	20	12	8	5	3	2	1	
2761	8055	1	1800	10	20	30	40	50	60	70	80	90	100	100	60	36	20	12	8	5	3	2	1	
2762	8055	1800	2200	10	20	40	60	90	100	130	160	190	230	100	60	36	20	12	8	5	3	2	1	
2763	8055	2200	9999	10	20	50	70	110	140	180	220	260	310	100	60	36	20	12	8	5	3	2	1	
2764	8056	1	1800	10	20	30	40	50	60	70	80	90	100	100	60	36	20	12	8	5	3	2	1	
2765	8056	1800	2200	10	20	40	60	90	100	130	160	190	230	100	60	36	20	12	8	5	3	2	1	
2766	8056	2200	9999	10	20	50	70	110	140	180	220	260	310	100	60	36	20	12	8	5	3	2	1	
2767	8057	1	1800	10	20	30	40	50	60	70	80	90	100	100	60	36	20	12	8	5	3	2	1	
2768	8057	1800	2200	10	20	40	60	90	100	130	160	190	230	100	60	36	20	12	8	5	3	2	1	
2769	8057	2200	9999	10	20	50	70	110	140	180	220	260	310	100	60	36	20	12	8	5	3	2	1	
2770	8058	1	1800	10	20	30	40	50	60	70	80	90	100	100	60	36	20	12	8	5	3	2	1	
2771	8058	1800	2200	10	20	40	60	90	100	130	160	190	230	100	60	36	20	12	8	5	3	2	1	
2772	8058	2200	9999	10	20	50	70	110	140	180	220	260	310	100	60	36	20	12	8	5	3	2	1	
2773	8059	1	1800	10	20	30	40	50	60	70	80	90	100	100	60	36	20	12	8	5	3	2	1	
2774	8059	1800	2200	10	20	40	60	90	100	130	160	190	230	100	60	36	20	12	8	5	3	2	1	
2775	8059	2200	9999	10	20	50	70	110	140	180	220	260	310	100	60	36	20	12	8	5	3	2	1	
2776	8061	1	1800	10	20	30	40	50	60	70	80	90	100	100	60	36	20	12	8	5	3	2	1	
2777	8061	1800	2200	10	20	40	60	90	100	130	160	190	230	100	60	36	20	12	8	5	3	2	1	
2778	8061	2200	9999	10	20	50	70	110	140	180	220	260	310	100	60	36	20	12	8	5	3	2	1	
2779	8062	1	1800	10	20	30	40	50	60	70	80	90	100	100	60	36	20	12	8	5	3	2	1	
2780	8062	1800	2200	10	20	40	60	90	100	130	160	190	230	100	60	36	20	12	8	5	3	2	1	
2781	8062	2200	9999	10	20	50	70	110	140	180	220	260	310	100	60	36	20	12	8	5	3	2	1	
2782	8069	1	1800	10	20	30	40	50	60	70	80	90	100	100	60	36	20	12	8	5	3	2	1	
2783	8069	1800	2200	10	20	40	60	90	100	130	160	190	230	100	60	36	20	12	8	5	3	2	1	
2784	8069	2200	9999	10	20	50	70	110	140	180	220	260	310	100	60	36	20	12	8	5	3	2	1	
2785	8071	1	1800	10	20	30	40	50	60	70	80	90	100	100	60	36	20	12	8	5	3	2	1	
2786	8071	1800	2200	10	20	40	60	90	100	130	160	190	230	100	60	36	20	12	8	5	3	2	1	
2787	8071	2200	9999	10	20	50	70	110	140	180	220	260	310	100	60	36	20	12	8	5	3	2	1	
2788	8072	1	1800	10	20	30	40	50	60	70	80	90	100	100	60	36	20	12	8	5	3	2	1	
2789	8072	1800	2200	10	20	40	60	90	100	130	160	190	230	100	60	36	20	12	8	5	3	2	1	
2790	8072	2200	9999	10	20	50	70	110	140	180	220	260	310	100	60	36	20	12	8	5	3	2	1	
2791	8073	1	1800	10	20	30	40	50	60	70	80	90	100	100	60	36	20	12	8	5	3	2	1	
2792	8073	1800	2200	10	20	40	60	90	100	130	160	190	230	100	60	36	20	12	8	5	3	2	1	
2793	8073	2200	9999	10	20	50	70	110	140	180	220	260	310	100	60	36	20	12	8	5	3	2	1	
2794	8079	1	1800	10	20	30	40	50	60	70	80	90	100	100	60	36	20	12	8	5	3	2	1	
2795	8079	1800	2200	10	20	40	60	90	100	130	160	190	230	100	60	36	20	12	8	5	3	2	1	
2796	8079	2200	9999	10	20	50	70	110	140	180	220	260	310	100	60	36	20	12	8	5	3	2	1	
2797	8081	1	1800	10	20	30	40	50	60	70	80	90	100	100	60	36	20	12	8	5	3	2	1	
2798	8081	1800	2200	10	20	40	60	90	100	130	160	190	230	100	60	36	20	12	8	5	3	2	1	
2799	8081	2200	9999	10	20	50	70	110	140	180	220	260	310	100	60	36	20	12	8	5	3	2	1	
2800	8082	1	1800	10	20	30	40	50	60	70	80	90	100	100	60	36	20	12	8	5	3	2	1	
2801	8082	1800	2200	10	20	40	60	90	100	130	160	190	230	100	60	36	20	12	8	5	3	2	1	
2802	8082	2200	9999	10	20	50	70	110	140	180	220	260	310	100	60	36	20	12	8	5	3	2	1	
2803	8083	1	1800	10	20	30	40	50	60	70	80	90	100	100	60	36	20	12	8	5	3	2	1	
2804	8083	1800	2200	10	20	40	60	90	100	130	160	190	230	100	60	36	20	12	8	5	3	2	1	
2805	8083	2200	9999	10	20	50	70	110	140	180	220	260	310	100	60	36	20	12	8	5	3	2	1	
2806	8084	1	1800	10	20	30	40	50	60	70	80	90	100	100	60	36	20	12	8	5	3	2	1	
2807	8084	1800	2200	10	20	40	60	90	100	130	160	190	230	100	60	36	20	12	8	5	3	2	1	
2808	8084	2200	9999	10	20	50	70	110	140	180	220	260	310	100	60	36	20	12	8	5	3	2	1	
2809	8089	1	1800	10	20	30	40	50	60	70	80	90	100	100	60	36	20	12	8	5	3	2	1	
2810	8089	1800	2200	10	20	40	60	90	100	130	160	190	230	100	60	36	20	12	8	5	3	2	1	
2811	8089	2200	9999	10	20	50	70	110	140	180	220	260	310	100	60	36	20	12	8	5	3	2	1	
2812	8091	1	1800	10	20	30	40	50	60	70	80	90	100	100	60	36	20	12	8	5	3	2	1	
2813	8091	1800	2200	10	20	40	60	90	100	130	160	190	230	100	60	36	20	12	8	5	3	2	1	
2814	8091	2200	9999	10	20	50	70	110	140	180	220	260	310	100	60	36	20	12	8	5	3	2	1	
2815	8092	1	1800	10	20	30	40	50	60	70	80	90	100	100	60	36	20	12	8	5	3	2	1	
2816	8092	1800	2200	10	20	40	60	90	100	130	160	190	230	100	60	36	20	12	8	5	3	2	1	
2817	8092	2200	9999	10	20	50	70	110	140	180	220	260	310	100	60	36	20	12	8	5	3	2	1	
2818	8093	1	1800	10	20	30	40	50	60	70	80	90	100	100	60	36	20	12	8	5	3	2	1	
2819	8093	1800	2200	10	20	40	60	90	100	130	160	190	230	100	60	36	20	12	8	5	3	2	1	
2820	8093	2200	9999	10	20	50	70	110	140	180	220	260	310	100	60	36	20	12	8	5	3	2	1	
2821	8094	1	1800	10	20	30	40	50	60	70	80	90	100	100	60	36	20	12	8	5	3	2	1	
2822	8094	1800	2200	10	20	40	60	90	100	130	160	190	230	100	60	36	20	12	8	5	3	2	1	
2823	8094	2200	9999	10	20	50	70	110	140	180	220	260	310	100	60	36	20	12	8	5	3	2	1	
2824	8095	1	1800	10	20	30	40	50	60	70	80	90	100	100	60	36	20	12	8	5	3	2	1	
2825	8095	1800	2200	10	20	40	60	90	100	130	160	190	230	100	60	36	20	12	8	5	3	2	1	
2826	8095	2200	9999	10	20	50	70	110	140	180	220	260	310	100	60	36	20	12	8	5	3	2	1	
2827	8099	1	1800	10	20	30	40	50	60	70	80	90	100	100	60	36	20	12	8	5	3	2	1	
2828	8099	1800	2200	10	20	40	60	90	100	130	160	190	230	100	60	36	20	12	8	5	3	2	1	
2829	8099	2200	9999	10	20	50	70	110	140	180	220	260	310	100	60	36	20	12	8	5	3	2	1	
2830	8101	1	1800	10	20	30	40	50	60	70	80	90	100	100	60	36	20	12	8	5	3	2	1	
2831	8101	1800	2200	10	20	40	60	90	100	130	160	190	230	100	60	36	20	12	8	5	3	2	1	
2832	8101	2200	9999	10	20	50	70	110	140	180	220	260	310	100	60	36	20	12	8	5	3	2	1	
2833	8102	1	1800	10	20	30	40	50	60	70	80	90	100	100	60	36	20	12	8	5	3	2	1	
2834	8102	1800	2200	10	20	40	60	90	100	130	160	190	230	100	60	36	20	12	8	5	3	2	1	
2835	8102	2200	9999	10	20	50	70	110	140	180	220	260	310	100	60	36	20	12	8	5	3	2	1	
2836	8103	1	1800	10	20	30	40	50	60	70	80	90	100	100	60	36	20	12	8	5	3	2	1	
2837	8103	1800	2200	10	20	40	60	90	100	130	160	190	230	100	60	36	20	12	8	5	3	2	1	
2838	8103	2200	9999	10	20	50	70	110	140	180	220	260	310	100	60	36	20	12	8	5	3	2	1	
2839	8104	1	1800	10	20	30	40	50	60	70	80	90	100	100	60	36	20	12	8	5	3	2	1	
2840	8104	1800	2200	10	20	40	60	90	100	130	160	190	230	100	60	36	20	12	8	5	3	2	1	
2841	8104	2200	9999	10	20	50	70	110	140	180	220	260	310	100	60	36	20	12	8	5	3	2	1	
2842	8105	1	1800	10	20	30	40	50	60	70	80	90	100	100	60	36	20	12	8	5	3	2	1	
2843	8105	1800	2200	10	20	40	60	90	100	130	160	190	230	100	60	36	20	12	8	5	3	2	1	
2844	8105	2200	9999	10	20	50	70	110	140	180	220	260	310	100	60	36	20	12	8	5	3	2	1	
2845	8106	1	1800	10	20	30	40	50	60	70	80	90	100	100	60	36	20	12	8	5	3	2	1	
2846	8106	1800	2200	10	20	40	60	90	100	130	160	190	230	100	60	36	20	12	8	5	3	2	1	
2847	8106	2200	9999	10	20	50	70	110	140	180	220	260	310	100	60	36	20	12	8	5	3	2	1	
2848	8109	1	1800	10	20	30	40	50	60	70	80	90	100	100	60	36	20	12	8	5	3	2	1	
2849	8109	1800	2200	10	20	40	60	90	100	130	160	190	230	100	60	36	20	12	8	5	3	2	1	
2850	8109	2200	9999	10	20	50	70	110	140	180	220	260	310	100	60	36	20	12	8	5	3	2	1	
2851	8111	1	1800	10	20	30	40	50	60	70	80	90	100	100	60	36	20	12	8	5	3	2	1	
2852	8111	1800	2200	10	20	40	60	90	100	130	160	190	230	100	60	36	20	12	8	5	3	2	1	
2853	8111	2200	9999	10	20	50	70	110	140	180	220	260	310	100	60	36	20	12	8	5	3	2	1	
2854	8112	1	1800	10	20	30	40	50	60	70	80	90	100	100	60	36	20	12	8	5	3	2	1	
2855	8112	1800	2200	10	20	40	60	90	100	130	160	190	230	100	60	36	20	12	8	5	3	2	1	
2856	8112	2200	9999	10	20	50	70	110	140	180	220	260	310	100	60	36	20	12	8	5	3	2	1	
2857	8113	1	1800	10	20	30	40	50	60	70	80	90	100	100	60	36	20	12	8	5	3	2	1	
2858	8113	1800	2200	10	20	40	60	90	100	130	160	190	230	100	60	36	20	12	8	5	3	2	1	
2859	8113	2200	9999	10	20	50	70	110	140	180	220	260	310	100	60	36	20	12	8	5	3	2	1	
2860	8114	1	1800	10	20	30	40	50	60	70	80	90	100	100	60	36	20	12	8	5	3	2	1	
2861	8114	1800	2200	10	20	40	60	90	100	130	160	190	230	100	60	36	20	12	8	5	3	2	1	
2862	8114	2200	9999	10	20	50	70	110	140	180	220	260	310	100	60	36	20	12	8	5	3	2	1	
2863	8115	1	1800	10	20	30	40	50	60	70	80	90	100	100	60	36	20	12	8	5	3	2	1	
2864	8115	1800	2200	10	20	40	60	90	100	130	160	190	230	100	60	36	20	12	8	5	3	2	1	
2865	8115	2200	9999	10	20	50	70	110	140	180	220	260	310	100	60	36	20	12	8	5	3	2	1	
2866	8116	1	1800	10	20	30	40	50	60	70	80	90	100	100	60	36	20	12	8	5	3	2	1	
2867	8116	1800	2200	10	20	40	60	90	100	130	160	190	230	100	60	36	20	12	8	5	3	2	1	
2868	8116	2200	9999	10	20	50	70	110	140	180	220	260	310	100	60	36	20	12	8	5	3	2	1	
2869	8117	1	1800	10	20	30	40	50	60	70	80	90	100	100	60	36	20	12	8	5	3	2	1	
2870	8117	1800	2200	10	20	40	60	90	100	130	160	190	230	100	60	36	20	12	8	5	3	2	1	
2871	8117	2200	9999	10	20	50	70	110	140	180	220	260	310	100	60	36	20	12	8	5	3	2	1	
2872	8119	1	1800	10	20	30	40	50	60	70	80	90	100	100	60	36	20	12	8	5	3	2	1	
2873	8119	1800	2200	10	20	40	60	90	100	130	160	190	230	100	60	36	20	12	8	5	3	2	1	
2874	8119	2200	9999	10	20	50	70	110	140	180	220	260	310	100	60	36	20	12	8	5	3	2	1	
2875	8121	1	1800	10	20	30	40	50	60	70	80	90	100	100	60	36	20	12	8	5	3	2	1	
2876	8121	1800	2200	10	20	40	60	90	100	130	160	190	230	100	60	36	20	12	8	5	3	2	1	
2877	8121	2200	9999	10	20	50	70	110	140	180	220	260	310	100	60	36	20	12	8	5	3	2	1	
2878	8122	1	1800	10	20	30	40	50	60	70	80	90	100	100	60	36	20	12	8	5	3	2	1	
2879	8122	1800	2200	10	20	40	60	90	100	130	160	190	230	100	60	36	20	12	8	5	3	2	1	
2880	8122	2200	9999	10	20	50	70	110	140	180	220	260	310	100	60	36	20	12	8	5	3	2	1	
2881	8123	1	1800	10	20	30	40	50	60	70	80	90	100	100	60	36	20	12	8	5	3	2	1	
2882	8123	1800	2200	10	20	40	60	90	100	130	160	190	230	100	60	36	20	12	8	5	3	2	1	
2883	8123	2200	9999	10	20	50	70	110	140	180	220	260	310	100	60	36	20	12	8	5	3	2	1	
2884	8124	1	1800	10	20	30	40	50	60	70	80	90	100	100	60	36	20	12	8	5	3	2	1	
2885	8124	1800	2200	10	20	40	60	90	100	130	160	190	230	100	60	36	20	12	8	5	3	2	1	
2886	8124	2200	9999	10	20	50	70	110	140	180	220	260	310	100	60	36	20	12	8	5	3	2	1	
2887	8125	1	1800	10	20	30	40	50	60	70	80	90	100	100	60	36	20	12	8	5	3	2	1	
2888	8125	1800	2200	10	20	40	60	90	100	130	160	190	230	100	60	36	20	12	8	5	3	2	1	
2889	8125	2200	9999	10	20	50	70	110	140	180	220	260	310	100	60	36	20	12	8	5	3	2	1	
2890	8126	1	1800	10	20	30	40	50	60	70	80	90	100	100	60	36	20	12	8	5	3	2	1	
2891	8126	1800	2200	10	20	40	60	90	100	130	160	190	230	100	60	36	20	12	8	5	3	2	1	
2892	8126	2200	9999	10	20	50	70	110	140	180	220	260	310	100	60	36	20	12	8	5	3	2	1	
2893	8127	1	1800	10	20	30	40	50	60	70	80	90	100	100	60	36	20	12	8	5	3	2	1	
2894	8127	1800	2200	10	20	40	60	90	100	130	160	190	230	100	60	36	20	12	8	5	3	2	1	
2895	8127	2200	9999	10	20	50	70	110	140	180	220	260	310	100	60	36	20	12	8	5	3	2	1	
2896	8128	1	1800	10	20	30	40	50	60	70	80	90	100	100	60	36	20	12	8	5	3	2	1	
2897	8128	1800	2200	10	20	40	60	90	100	130	160	190	230	100	60	36	20	12	8	5	3	2	1	
2898	8128	2200	9999	10	20	50	70	110	140	180	220	260	310	100	60	36	20	12	8	5	3	2	1	
2899	8129	1	1800	10	20	30	40	50	60	70	80	90	100	100	60	36	20	12	8	5	3	2	1	
2900	8129	1800	2200	10	20	40	60	90	100	130	160	190	230	100	60	36	20	12	8	5	3	2	1	
2901	8129	2200	9999	10	20	50	70	110	140	180	220	260	310	100	60	36	20	12	8	5	3	2	1	
2902	8131	1	1800	10	20	30	40	50	60	70	80	90	100	100	60	36	20	12	8	5	3	2	1	
2903	8131	1800	2200	10	20	40	60	90	100	130	160	190	230	100	60	36	20	12	8	5	3	2	1	
2904	8131	2200	9999	10	20	50	70	110	140	180	220	260	310	100	60	36	20	12	8	5	3	2	1	
2905	8132	1	1800	10	20	30	40	50	60	70	80	90	100	100	60	36	20	12	8	5	3	2	1	
2906	8132	1800	2200	10	20	40	60	90	100	130	160	190	230	100	60	36	20	12	8	5	3	2	1	
2907	8132	2200	9999	10	20	50	70	110	140	180	220	260	310	100	60	36	20	12	8	5	3	2	1	
2908	8139	1	1800	10	20	30	40	50	60	70	80	90	100	100	60	36	20	12	8	5	3	2	1	
2909	8139	1800	2200	10	20	40	60	90	100	130	160	190	230	100	60	36	20	12	8	5	3	2	1	
2910	8139	2200	9999	10	20	50	70	110	140	180	220	260	310	100	60	36	20	12	8	5	3	2	1	
2911	8141	1	1800	10	20	30	40	50	60	70	80	90	100	100	60	36	20	12	8	5	3	2	1	
2912	8141	1800	2200	10	20	40	60	90	100	130	160	190	230	100	60	36	20	12	8	5	3	2	1	
2913	8141	2200	9999	10	20	50	70	110	140	180	220	260	310	100	60	36	20	12	8	5	3	2	1	
2914	8142	1	1800	10	20	30	40	50	60	70	80	90	100	100	60	36	20	12	8	5	3	2	1	
2915	8142	1800	2200	10	20	40	60	90	100	130	160	190	230	100	60	36	20	12	8	5	3	2	1	
2916	8142	2200	9999	10	20	50	70	110	140	180	220	260	310	100	60	36	20	12	8	5	3	2	1	
2917	8143	1	1800	10	20	30	40	50	60	70	80	90	100	100	60	36	20	12	8	5	3	2	1	
2918	8143	1800	2200	10	20	40	60	90	100	130	160	190	230	100	60	36	20	12	8	5	3	2	1	
2919	8143	2200	9999	10	20	50	70	110	140	180	220	260	310	100	60	36	20	12	8	5	3	2	1	
2920	8149	1	1800	10	20	30	40	50	60	70	80	90	100	100	60	36	20	12	8	5	3	2	1	
2921	8149	1800	2200	10	20	40	60	90	100	130	160	190	230	100	60	36	20	12	8	5	3	2	1	
2922	8149	2200	9999	10	20	50	70	110	140	180	220	260	310	100	60	36	20	12	8	5	3	2	1	
2923	8151	1	1800	10	20	30	40	50	60	70	80	90	100	100	60	36	20	12	8	5	3	2	1	
2924	8151	1800	2200	10	20	40	60	90	100	130	160	190	230	100	60	36	20	12	8	5	3	2	1	
2925	8151	2200	9999	10	20	50	70	110	140	180	220	260	310	100	60	36	20	12	8	5	3	2	1	
2926	8152	1	1800	10	20	30	40	50	60	70	80	90	100	100	60	36	20	12	8	5	3	2	1	
2927	8152	1800	2200	10	20	40	60	90	100	130	160	190	230	100	60	36	20	12	8	5	3	2	1	
2928	8152	2200	9999	10	20	50	70	110	140	180	220	260	310	100	60	36	20	12	8	5	3	2	1	
2929	8153	1	1800	10	20	30	40	50	60	70	80	90	100	100	60	36	20	12	8	5	3	2	1	
2930	8153	1800	2200	10	20	40	60	90	100	130	160	190	230	100	60	36	20	12	8	5	3	2	1	
2931	8153	2200	9999	10	20	50	70	110	140	180	220	260	310	100	60	36	20	12	8	5	3	2	1	
2932	8154	1	1800	10	20	30	40	50	60	70	80	90	100	100	60	36	20	12	8	5	3	2	1	
2933	8154	1800	2200	10	20	40	60	90	100	130	160	190	230	100	60	36	20	12	8	5	3	2	1	
2934	8154	2200	9999	10	20	50	70	110	140	180	220	260	310	100	60	36	20	12	8	5	3	2	1	
2935	8159	1	1800	10	20	30	40	50	60	70	80	90	100	100	60	36	20	12	8	5	3	2	1	
2936	8159	1800	2200	10	20	40	60	90	100	130	160	190	230	100	60	36	20	12	8	5	3	2	1	
2937	8159	2200	9999	10	20	50	70	110	140	180	220	260	310	100	60	36	20	12	8	5	3	2	1	
2938	8161	1	1800	10	20	30	40	50	60	70	80	90	100	100	60	36	20	12	8	5	3	2	1	
2939	8161	1800	2200	10	20	40	60	90	100	130	160	190	230	100	60	36	20	12	8	5	3	2	1	
2940	8161	2200	9999	10	20	50	70	110	140	180	220	260	310	100	60	36	20	12	8	5	3	2	1	
2941	8162	1	1800	10	20	30	40	50	60	70	80	90	100	100	60	36	20	12	8	5	3	2	1	
2942	8162	1800	2200	10	20	40	60	90	100	130	160	190	230	100	60	36	20	12	8	5	3	2	1	
2943	8162	2200	9999	10	20	50	70	110	140	180	220	260	310	100	60	36	20	12	8	5	3	2	1	
2944	8163	1	1800	10	20	30	40	50	60	70	80	90	100	100	60	36	20	12	8	5	3	2	1	
2945	8163	1800	2200	10	20	40	60	90	100	130	160	190	230	100	60	36	20	12	8	5	3	2	1	
2946	8163	2200	9999	10	20	50	70	110	140	180	220	260	310	100	60	36	20	12	8	5	3	2	1	
2947	8164	1	1800	10	20	30	40	50	60	70	80	90	100	100	60	36	20	12	8	5	3	2	1	
2948	8164	1800	2200	10	20	40	60	90	100	130	160	190	230	100	60	36	20	12	8	5	3	2	1	
2949	8164	2200	9999	10	20	50	70	110	140	180	220	260	310	100	60	36	20	12	8	5	3	2	1	
2950	8165	1	1800	10	20	30	40	50	60	70	80	90	100	100	60	36	20	12	8	5	3	2	1	
2951	8165	1800	2200	10	20	40	60	90	100	130	160	190	230	100	60	36	20	12	8	5	3	2	1	
2952	8165	2200	9999	10	20	50	70	110	140	180	220	260	310	100	60	36	20	12	8	5	3	2	1	
2953	8169	1	1800	10	20	30	40	50	60	70	80	90	100	100	60	36	20	12	8	5	3	2	1	
2954	8169	1800	2200	10	20	40	60	90	100	130	160	190	230	100	60	36	20	12	8	5	3	2	1	
2955	8169	2200	9999	10	20	50	70	110	140	180	220	260	310	100	60	36	20	12	8	5	3	2	1	
2956	8171	1	1800	10	20	30	40	50	60	70	80	90	100	100	60	36	20	12	8	5	3	2	1	
2957	8171	1800	2200	10	20	40	60	90	100	130	160	190	230	100	60	36	20	12	8	5	3	2	1	
2958	8171	2200	9999	10	20	50	70	110	140	180	220	260	310	100	60	36	20	12	8	5	3	2	1	
2959	8172	1	1800	10	20	30	40	50	60	70	80	90	100	100	60	36	20	12	8	5	3	2	1	
2960	8172	1800	2200	10	20	40	60	90	100	130	160	190	230	100	60	36	20	12	8	5	3	2	1	
2961	8172	2200	9999	10	20	50	70	110	140	180	220	260	310	100	60	36	20	12	8	5	3	2	1	
2962	8173	1	1800	10	20	30	40	50	60	70	80	90	100	100	60	36	20	12	8	5	3	2	1	
2963	8173	1800	2200	10	20	40	60	90	100	130	160	190	230	100	60	36	20	12	8	5	3	2	1	
2964	8173	2200	9999	10	20	50	70	110	140	180	220	260	310	100	60	36	20	12	8	5	3	2	1	
2965	8174	1	1800	10	20	30	40	50	60	70	80	90	100	100	60	36	20	12	8	5	3	2	1	
2966	8174	1800	2200	10	20	40	60	90	100	130	160	190	230	100	60	36	20	12	8	5	3	2	1	
2967	8174	2200	9999	10	20	50	70	110	140	180	220	260	310	100	60	36	20	12	8	5	3	2	1	
2968	8175	1	1800	10	20	30	40	50	60	70	80	90	100	100	60	36	20	12	8	5	3	2	1	
2969	8175	1800	2200	10	20	40	60	90	100	130	160	190	230	100	60	36	20	12	8	5	3	2	1	
2970	8175	2200	9999	10	20	50	70	110	140	180	220	260	310	100	60	36	20	12	8	5	3	2	1	
2971	8176	1	1800	10	20	30	40	50	60	70	80	90	100	100	60	36	20	12	8	5	3	2	1	
2972	8176	1800	2200	10	20	40	60	90	100	130	160	190	230	100	60	36	20	12	8	5	3	2	1	
2973	8176	2200	9999	10	20	50	70	110	140	180	220	260	310	100	60	36	20	12	8	5	3	2	1	
2974	8179	1	1800	10	20	30	40	50	60	70	80	90	100	100	60	36	20	12	8	5	3	2	1	
2975	8179	1800	2200	10	20	40	60	90	100	130	160	190	230	100	60	36	20	12	8	5	3	2	1	
2976	8179	2200	9999	10	20	50	70	110	140	180	220	260	310	100	60	36	20	12	8	5	3	2	1	
2977	8181	1	1800	10	20	30	40	50	60	70	80	90	100	100	60	36	20	12	8	5	3	2	1	
2978	8181	1800	2200	10	20	40	60	90	100	130	160	190	230	100	60	36	20	12	8	5	3	2	1	
2979	8181	2200	9999	10	20	50	70	110	140	180	220	260	310	100	60	36	20	12	8	5	3	2	1	
2980	8182	1	1800	10	20	30	40	50	60	70	80	90	100	100	60	36	20	12	8	5	3	2	1	
2981	8182	1800	2200	10	20	40	60	90	100	130	160	190	230	100	60	36	20	12	8	5	3	2	1	
2982	8182	2200	9999	10	20	50	70	110	140	180	220	260	310	100	60	36	20	12	8	5	3	2	1	
2983	8183	1	1800	10	20	30	40	50	60	70	80	90	100	100	60	36	20	12	8	5	3	2	1	
2984	8183	1800	2200	10	20	40	60	90	100	130	160	190	230	100	60	36	20	12	8	5	3	2	1	
2985	8183	2200	9999	10	20	50	70	110	140	180	220	260	310	100	60	36	20	12	8	5	3	2	1	
2986	8184	1	1800	10	20	30	40	50	60	70	80	90	100	100	60	36	20	12	8	5	3	2	1	
2987	8184	1800	2200	10	20	40	60	90	100	130	160	190	230	100	60	36	20	12	8	5	3	2	1	
2988	8184	2200	9999	10	20	50	70	110	140	180	220	260	310	100	60	36	20	12	8	5	3	2	1	
2989	8185	1	1800	10	20	30	40	50	60	70	80	90	100	100	60	36	20	12	8	5	3	2	1	
2990	8185	1800	2200	10	20	40	60	90	100	130	160	190	230	100	60	36	20	12	8	5	3	2	1	
2991	8185	2200	9999	10	20	50	70	110	140	180	220	260	310	100	60	36	20	12	8	5	3	2	1	
2992	8186	1	1800	10	20	30	40	50	60	70	80	90	100	100	60	36	20	12	8	5	3	2	1	
2993	8186	1800	2200	10	20	40	60	90	100	130	160	190	230	100	60	36	20	12	8	5	3	2	1	
2994	8186	2200	9999	10	20	50	70	110	140	180	220	260	310	100	60	36	20	12	8	5	3	2	1	
2995	8187	1	1800	10	20	30	40	50	60	70	80	90	100	100	60	36	20	12	8	5	3	2	1	
2996	8187	1800	2200	10	20	40	60	90	100	130	160	190	230	100	60	36	20	12	8	5	3	2	1	
2997	8187	2200	9999	10	20	50	70	110	140	180	220	260	310	100	60	36	20	12	8	5	3	2	1	
2998	8189	1	1800	10	20	30	40	50	60	70	80	90	100	100	60	36	20	12	8	5	3	2	1	
2999	8189	1800	2200	10	20	40	60	90	100	130	160	190	230	100	60	36	20	12	8	5	3	2	1	
3000	8189	2200	9999	10	20	50	70	110	140	180	220	260	310	100	60	36	20	12	8	5	3	2	1	
3001	8191	1	1800	10	20	30	40	50	60	70	80	90	100	100	60	36	20	12	8	5	3	2	1	
3002	8191	1800	2200	10	20	40	60	90	100	130	160	190	230	100	60	36	20	12	8	5	3	2	1	
3003	8191	2200	9999	10	20	50	70	110	140	180	220	260	310	100	60	36	20	12	8	5	3	2	1	
3004	8192	1	1800	10	20	30	40	50	60	70	80	90	100	100	60	36	20	12	8	5	3	2	1	
3005	8192	1800	2200	10	20	40	60	90	100	130	160	190	230	100	60	36	20	12	8	5	3	2	1	
3006	8192	2200	9999	10	20	50	70	110	140	180	220	260	310	100	60	36	20	12	8	5	3	2	1	
3007	8193	1	1800	10	20	30	40	50	60	70	80	90	100	100	60	36	20	12	8	5	3	2	1	
3008	8193	1800	2200	10	20	40	60	90	100	130	160	190	230	100	60	36	20	12	8	5	3	2	1	
3009	8193	2200	9999	10	20	50	70	110	140	180	220	260	310	100	60	36	20	12	8	5	3	2	1	
3010	8194	1	1800	10	20	30	40	50	60	70	80	90	100	100	60	36	20	12	8	5	3	2	1	
3011	8194	1800	2200	10	20	40	60	90	100	130	160	190	230	100	60	36	20	12	8	5	3	2	1	
3012	8194	2200	9999	10	20	50	70	110	140	180	220	260	310	100	60	36	20	12	8	5	3	2	1	
3013	8195	1	1800	10	20	30	40	50	60	70	80	90	100	100	60	36	20	12	8	5	3	2	1	
3014	8195	1800	2200	10	20	40	60	90	100	130	160	190	230	100	60	36	20	12	8	5	3	2	1	
3015	8195	2200	9999	10	20	50	70	110	140	180	220	260	310	100	60	36	20	12	8	5	3	2	1	
3016	8196	1	1800	10	20	30	40	50	60	70	80	90	100	100	60	36	20	12	8	5	3	2	1	
3017	8196	1800	2200	10	20	40	60	90	100	130	160	190	230	100	60	36	20	12	8	5	3	2	1	
3018	8196	2200	9999	10	20	50	70	110	140	180	220	260	310	100	60	36	20	12	8	5	3	2	1	
3019	8197	1	1800	10	20	30	40	50	60	70	80	90	100	100	60	36	20	12	8	5	3	2	1	
3020	8197	1800	2200	10	20	40	60	90	100	130	160	190	230	100	60	36	20	12	8	5	3	2	1	
3021	8197	2200	9999	10	20	50	70	110	140	180	220	260	310	100	60	36	20	12	8	5	3	2	1	
3022	8198	1	1800	10	20	30	40	50	60	70	80	90	100	100	60	36	20	12	8	5	3	2	1	
3023	8198	1800	2200	10	20	40	60	90	100	130	160	190	230	100	60	36	20	12	8	5	3	2	1	
3024	8198	2200	9999	10	20	50	70	110	140	180	220	260	310	100	60	36	20	12	8	5	3	2	1	
3025	8199	1	1800	10	20	30	40	50	60	70	80	90	100	100	60	36	20	12	8	5	3	2	1	
3026	8199	1800	2200	10	20	40	60	90	100	130	160	190	230	100	60	36	20	12	8	5	3	2	1	
3027	8199	2200	9999	10	20	50	70	110	140	180	220	260	310	100	60	36	20	12	8	5	3	2	1	
3028	8201	1	1800	10	20	30	40	50	60	70	80	90	100	100	60	36	20	12	8	5	3	2	1	
3029	8201	1800	2200	10	20	40	60	90	100	130	160	190	230	100	60	36	20	12	8	5	3	2	1	
3030	8201	2200	9999	10	20	50	70	110	140	180	220	260	310	100	60	36	20	12	8	5	3	2	1	
3031	8202	1	1800	10	20	30	40	50	60	70	80	90	100	100	60	36	20	12	8	5	3	2	1	
3032	8202	1800	2200	10	20	40	60	90	100	130	160	190	230	100	60	36	20	12	8	5	3	2	1	
3033	8202	2200	9999	10	20	50	70	110	140	180	220	260	310	100	60	36	20	12	8	5	3	2	1	
3034	8209	1	1800	10	20	30	40	50	60	70	80	90	100	100	60	36	20	12	8	5	3	2	1	
3035	8209	1800	2200	10	20	40	60	90	100	130	160	190	230	100	60	36	20	12	8	5	3	2	1	
3036	8209	2200	9999	10	20	50	70	110	140	180	220	260	310	100	60	36	20	12	8	5	3	2	1	
3037	8211	1	1800	10	20	30	40	50	60	70	80	90	100	100	60	36	20	12	8	5	3	2	1	
3038	8211	1800	2200	10	20	40	60	90	100	130	160	190	230	100	60	36	20	12	8	5	3	2	1	
3039	8211	2200	9999	10	20	50	70	110	140	180	220	260	310	100	60	36	20	12	8	5	3	2	1	
3040	8212	1	1800	10	20	30	40	50	60	70	80	90	100	100	60	36	20	12	8	5	3	2	1	
3041	8212	1800	2200	10	20	40	60	90	100	130	160	190	230	100	60	36	20	12	8	5	3	2	1	
3042	8212	2200	9999	10	20	50	70	110	140	180	220	260	310	100	60	36	20	12	8	5	3	2	1	
3043	8213	1	1800	10	20	30	40	50	60	70	80	90	100	100	60	36	20	12	8	5	3	2	1	
3044	8213	1800	2200	10	20	40	60	90	100	130	160	190	230	100	60	36	20	12	8	5	3	2	1	
3045	8213	2200	9999	10	20	50	70	110	140	180	220	260	310	100	60	36	20	12	8	5	3	2	1	
3046	8219	1	1800	10	20	30	40	50	60	70	80	90	100	100	60	36	20	12	8	5	3	2	1	
3047	8219	1800	2200	10	20	40	60	90	100	130	160	190	230	100	60	36	20	12	8	5	3	2	1	
3048	8219	2200	9999	10	20	50	70	110	140	180	220	260	310	100	60	36	20	12	8	5	3	2	1	
3049	8221	1	1800	10	20	30	40	50	60	70	80	90	100	100	60	36	20	12	8	5	3	2	1	
3050	8221	1800	2200	10	20	40	60	90	100	130	160	190	230	100	60	36	20	12	8	5	3	2	1	
3051	8221	2200	9999	10	20	50	70	110	140	180	220	260	310	100	60	36	20	12	8	5	3	2	1	
3052	8222	1	1800	10	20	30	40	50	60	70	80	90	100	100	60	36	20	12	8	5	3	2	1	
3053	8222	1800	2200	10	20	40	60	90	100	130	160	190	230	100	60	36	20	12	8	5	3	2	1	
3054	8222	2200	9999	10	20	50	70	110	140	180	220	260	310	100	60	36	20	12	8	5	3	2	1	
3055	8223	1	1800	10	20	30	40	50	60	70	80	90	100	100	60	36	20	12	8	5	3	2	1	
3056	8223	1800	2200	10	20	40	60	90	100	130	160	190	230	100	60	36	20	12	8	5	3	2	1	
3057	8223	2200	9999	10	20	50	70	110	140	180	220	260	310	100	60	36	20	12	8	5	3	2	1	
3058	8224	1	1800	10	20	30	40	50	60	70	80	90	100	100	60	36	20	12	8	5	3	2	1	
3059	8224	1800	2200	10	20	40	60	90	100	130	160	190	230	100	60	36	20	12	8	5	3	2	1	
3060	8224	2200	9999	10	20	50	70	110	140	180	220	260	310	100	60	36	20	12	8	5	3	2	1	
3061	8229	1	1800	10	20	30	40	50	60	70	80	90	100	100	60	36	20	12	8	5	3	2	1	
3062	8229	1800	2200	10	20	40	60	90	100	130	160	190	230	100	60	36	20	12	8	5	3	2	1	
3063	8229	2200	9999	10	20	50	70	110	140	180	220	260	310	100	60	36	20	12	8	5	3	2	1	
3064	8231	1	1800	10	20	30	40	50	60	70	80	90	100	100	60	36	20	12	8	5	3	2	1	
3065	8231	1800	2200	10	20	40	60	90	100	130	160	190	230	100	60	36	20	12	8	5	3	2	1	
3066	8231	2200	9999	10	20	50	70	110	140	180	220	260	310	100	60	36	20	12	8	5	3	2	1	
3067	8232	1	1800	10	20	30	40	50	60	70	80	90	100	100	60	36	20	12	8	5	3	2	1	
3068	8232	1800	2200	10	20	40	60	90	100	130	160	190	230	100	60	36	20	12	8	5	3	2	1	
3069	8232	2200	9999	10	20	50	70	110	140	180	220	260	310	100	60	36	20	12	8	5	3	2	1	
3070	8233	1	1800	10	20	30	40	50	60	70	80	90	100	100	60	36	20	12	8	5	3	2	1	
3071	8233	1800	2200	10	20	40	60	90	100	130	160	190	230	100	60	36	20	12	8	5	3	2	1	
3072	8233	2200	9999	10	20	50	70	110	140	180	220	260	310	100	60	36	20	12	8	5	3	2	1	
3073	8234	1	1800	10	20	30	40	50	60	70	80	90	100	100	60	36	20	12	8	5	3	2	1	
3074	8234	1800	2200	10	20	40	60	90	100	130	160	190	230	100	60	36	20	12	8	5	3	2	1	
3075	8234	2200	9999	10	20	50	70	110	140	180	220	260	310	100	60	36	20	12	8	5	3	2	1	
3076	8235	1	1800	10	20	30	40	50	60	70	80	90	100	100	60	36	20	12	8	5	3	2	1	
3077	8235	1800	2200	10	20	40	60	90	100	130	160	190	230	100	60	36	20	12	8	5	3	2	1	
3078	8235	2200	9999	10	20	50	70	110	140	180	220	260	310	100	60	36	20	12	8	5	3	2	1	
3079	8239	1	1800	10	20	30	40	50	60	70	80	90	100	100	60	36	20	12	8	5	3	2	1	
3080	8239	1800	2200	10	20	40	60	90	100	130	160	190	230	100	60	36	20	12	8	5	3	2	1	
3081	8239	2200	9999	10	20	50	70	110	140	180	220	260	310	100	60	36	20	12	8	5	3	2	1	
3082	8241	1	1800	10	20	30	40	50	60	70	80	90	100	100	60	36	20	12	8	5	3	2	1	
3083	8241	1800	2200	10	20	40	60	90	100	130	160	190	230	100	60	36	20	12	8	5	3	2	1	
3084	8241	2200	9999	10	20	50	70	110	140	180	220	260	310	100	60	36	20	12	8	5	3	2	1	
3085	8242	1	1800	10	20	30	40	50	60	70	80	90	100	100	60	36	20	12	8	5	3	2	1	
3086	8242	1800	2200	10	20	40	60	90	100	130	160	190	230	100	60	36	20	12	8	5	3	2	1	
3087	8242	2200	9999	10	20	50	70	110	140	180	220	260	310	100	60	36	20	12	8	5	3	2	1	
3088	8243	1	1800	10	20	30	40	50	60	70	80	90	100	100	60	36	20	12	8	5	3	2	1	
3089	8243	1800	2200	10	20	40	60	90	100	130	160	190	230	100	60	36	20	12	8	5	3	2	1	
3090	8243	2200	9999	10	20	50	70	110	140	180	220	260	310	100	60	36	20	12	8	5	3	2	1	
3091	8244	1	1800	10	20	30	40	50	60	70	80	90	100	100	60	36	20	12	8	5	3	2	1	
3092	8244	1800	2200	10	20	40	60	90	100	130	160	190	230	100	60	36	20	12	8	5	3	2	1	
3093	8244	2200	9999	10	20	50	70	110	140	180	220	260	310	100	60	36	20	12	8	5	3	2	1	
3094	8245	1	1800	10	20	30	40	50	60	70	80	90	100	100	60	36	20	12	8	5	3	2	1	
3095	8245	1800	2200	10	20	40	60	90	100	130	160	190	230	100	60	36	20	12	8	5	3	2	1	
3096	8245	2200	9999	10	20	50	70	110	140	180	220	260	310	100	60	36	20	12	8	5	3	2	1	
3097	8246	1	1800	10	20	30	40	50	60	70	80	90	100	100	60	36	20	12	8	5	3	2	1	
3098	8246	1800	2200	10	20	40	60	90	100	130	160	190	230	100	60	36	20	12	8	5	3	2	1	
3099	8246	2200	9999	10	20	50	70	110	140	180	220	260	310	100	60	36	20	12	8	5	3	2	1	
3100	8249	1	1800	10	20	30	40	50	60	70	80	90	100	100	60	36	20	12	8	5	3	2	1	
3101	8249	1800	2200	10	20	40	60	90	100	130	160	190	230	100	60	36	20	12	8	5	3	2	1	
3102	8249	2200	9999	10	20	50	70	110	140	180	220	260	310	100	60	36	20	12	8	5	3	2	1	
3103	8251	1	1800	10	20	30	40	50	60	70	80	90	100	100	60	36	20	12	8	5	3	2	1	
3104	8251	1800	2200	10	20	40	60	90	100	130	160	190	230	100	60	36	20	12	8	5	3	2	1	
3105	8251	2200	9999	10	20	50	70	110	140	180	220	260	310	100	60	36	20	12	8	5	3	2	1	
3106	8252	1	1800	10	20	30	40	50	60	70	80	90	100	100	60	36	20	12	8	5	3	2	1	
3107	8252	1800	2200	10	20	40	60	90	100	130	160	190	230	100	60	36	20	12	8	5	3	2	1	
3108	8252	2200	9999	10	20	50	70	110	140	180	220	260	310	100	60	36	20	12	8	5	3	2	1	
3109	8253	1	1800	10	20	30	40	50	60	70	80	90	100	100	60	36	20	12	8	5	3	2	1	
3110	8253	1800	2200	10	20	40	60	90	100	130	160	190	230	100	60	36	20	12	8	5	3	2	1	
3111	8253	2200	9999	10	20	50	70	110	140	180	220	260	310	100	60	36	20	12	8	5	3	2	1	
3112	8254	1	1800	10	20	30	40	50	60	70	80	90	100	100	60	36	20	12	8	5	3	2	1	
3113	8254	1800	2200	10	20	40	60	90	100	130	160	190	230	100	60	36	20	12	8	5	3	2	1	
3114	8254	2200	9999	10	20	50	70	110	140	180	220	260	310	100	60	36	20	12	8	5	3	2	1	
3115	8255	1	1800	10	20	30	40	50	60	70	80	90	100	100	60	36	20	12	8	5	3	2	1	
3116	8255	1800	2200	10	20	40	60	90	100	130	160	190	230	100	60	36	20	12	8	5	3	2	1	
3117	8255	2200	9999	10	20	50	70	110	140	180	220	260	310	100	60	36	20	12	8	5	3	2	1	
3118	8256	1	1800	10	20	30	40	50	60	70	80	90	100	100	60	36	20	12	8	5	3	2	1	
3119	8256	1800	2200	10	20	40	60	90	100	130	160	190	230	100	60	36	20	12	8	5	3	2	1	
3120	8256	2200	9999	10	20	50	70	110	140	180	220	260	310	100	60	36	20	12	8	5	3	2	1	
3121	8257	1	1800	10	20	30	40	50	60	70	80	90	100	100	60	36	20	12	8	5	3	2	1	
3122	8257	1800	2200	10	20	40	60	90	100	130	160	190	230	100	60	36	20	12	8	5	3	2	1	
3123	8257	2200	9999	10	20	50	70	110	140	180	220	260	310	100	60	36	20	12	8	5	3	2	1	
3124	8259	1	1800	10	20	30	40	50	60	70	80	90	100	100	60	36	20	12	8	5	3	2	1	
3125	8259	1800	2200	10	20	40	60	90	100	130	160	190	230	100	60	36	20	12	8	5	3	2	1	
3126	8259	2200	9999	10	20	50	70	110	140	180	220	260	310	100	60	36	20	12	8	5	3	2	1	
3127	8261	1	1800	10	20	30	40	50	60	70	80	90	100	100	60	36	20	12	8	5	3	2	1	
3128	8261	1800	2200	10	20	40	60	90	100	130	160	190	230	100	60	36	20	12	8	5	3	2	1	
3129	8261	2200	9999	10	20	50	70	110	140	180	220	260	310	100	60	36	20	12	8	5	3	2	1	
3130	8262	1	1800	10	20	30	40	50	60	70	80	90	100	100	60	36	20	12	8	5	3	2	1	
3131	8262	1800	2200	10	20	40	60	90	100	130	160	190	230	100	60	36	20	12	8	5	3	2	1	
3132	8262	2200	9999	10	20	50	70	110	140	180	220	260	310	100	60	36	20	12	8	5	3	2	1	
3133	8263	1	1800	10	20	30	40	50	60	70	80	90	100	100	60	36	20	12	8	5	3	2	1	
3134	8263	1800	2200	10	20	40	60	90	100	130	160	190	230	100	60	36	20	12	8	5	3	2	1	
3135	8263	2200	9999	10	20	50	70	110	140	180	220	260	310	100	60	36	20	12	8	5	3	2	1	
3136	8264	1	1800	10	20	30	40	50	60	70	80	90	100	100	60	36	20	12	8	5	3	2	1	
3137	8264	1800	2200	10	20	40	60	90	100	130	160	190	230	100	60	36	20	12	8	5	3	2	1	
3138	8264	2200	9999	10	20	50	70	110	140	180	220	260	310	100	60	36	20	12	8	5	3	2	1	
3139	8265	1	1800	10	20	30	40	50	60	70	80	90	100	100	60	36	20	12	8	5	3	2	1	
3140	8265	1800	2200	10	20	40	60	90	100	130	160	190	230	100	60	36	20	12	8	5	3	2	1	
3141	8265	2200	9999	10	20	50	70	110	140	180	220	260	310	100	60	36	20	12	8	5	3	2	1	
3142	8266	1	1800	10	20	30	40	50	60	70	80	90	100	100	60	36	20	12	8	5	3	2	1	
3143	8266	1800	2200	10	20	40	60	90	100	130	160	190	230	100	60	36	20	12	8	5	3	2	1	
3144	8266	2200	9999	10	20	50	70	110	140	180	220	260	310	100	60	36	20	12	8	5	3	2	1	
3145	8267	1	1800	10	20	30	40	50	60	70	80	90	100	100	60	36	20	12	8	5	3	2	1	
3146	8267	1800	2200	10	20	40	60	90	100	130	160	190	230	100	60	36	20	12	8	5	3	2	1	
3147	8267	2200	9999	10	20	50	70	110	140	180	220	260	310	100	60	36	20	12	8	5	3	2	1	
3148	8268	1	1800	10	20	30	40	50	60	70	80	90	100	100	60	36	20	12	8	5	3	2	1	
3149	8268	1800	2200	10	20	40	60	90	100	130	160	190	230	100	60	36	20	12	8	5	3	2	1	
3150	8268	2200	9999	10	20	50	70	110	140	180	220	260	310	100	60	36	20	12	8	5	3	2	1	
3151	8269	1	1800	10	20	30	40	50	60	70	80	90	100	100	60	36	20	12	8	5	3	2	1	
3152	8269	1800	2200	10	20	40	60	90	100	130	160	190	230	100	60	36	20	12	8	5	3	2	1	
3153	8269	2200	9999	10	20	50	70	110	140	180	220	260	310	100	60	36	20	12	8	5	3	2	1	
3154	8271	1	1800	10	20	30	40	50	60	70	80	90	100	100	60	36	20	12	8	5	3	2	1	
3155	8271	1800	2200	10	20	40	60	90	100	130	160	190	230	100	60	36	20	12	8	5	3	2	1	
3156	8271	2200	9999	10	20	50	70	110	140	180	220	260	310	100	60	36	20	12	8	5	3	2	1	
3157	8272	1	1800	10	20	30	40	50	60	70	80	90	100	100	60	36	20	12	8	5	3	2	1	
3158	8272	1800	2200	10	20	40	60	90	100	130	160	190	230	100	60	36	20	12	8	5	3	2	1	
3159	8272	2200	9999	10	20	50	70	110	140	180	220	260	310	100	60	36	20	12	8	5	3	2	1	
3160	8279	1	1800	10	20	30	40	50	60	70	80	90	100	100	60	36	20	12	8	5	3	2	1	
3161	8279	1800	2200	10	20	40	60	90	100	130	160	190	230	100	60	36	20	12	8	5	3	2	1	
3162	8279	2200	9999	10	20	50	70	110	140	180	220	260	310	100	60	36	20	12	8	5	3	2	1	
3163	8281	1	1800	10	20	30	40	50	60	70	80	90	100	100	60	36	20	12	8	5	3	2	1	
3164	8281	1800	2200	10	20	40	60	90	100	130	160	190	230	100	60	36	20	12	8	5	3	2	1	
3165	8281	2200	9999	10	20	50	70	110	140	180	220	260	310	100	60	36	20	12	8	5	3	2	1	
3166	8282	1	1800	10	20	30	40	50	60	70	80	90	100	100	60	36	20	12	8	5	3	2	1	
3167	8282	1800	2200	10	20	40	60	90	100	130	160	190	230	100	60	36	20	12	8	5	3	2	1	
3168	8282	2200	9999	10	20	50	70	110	140	180	220	260	310	100	60	36	20	12	8	5	3	2	1	
3169	8283	1	1800	10	20	30	40	50	60	70	80	90	100	100	60	36	20	12	8	5	3	2	1	
3170	8283	1800	2200	10	20	40	60	90	100	130	160	190	230	100	60	36	20	12	8	5	3	2	1	
3171	8283	2200	9999	10	20	50	70	110	140	180	220	260	310	100	60	36	20	12	8	5	3	2	1	
3172	8289	1	1800	10	20	30	40	50	60	70	80	90	100	100	60	36	20	12	8	5	3	2	1	
3173	8289	1800	2200	10	20	40	60	90	100	130	160	190	230	100	60	36	20	12	8	5	3	2	1	
3174	8289	2200	9999	10	20	50	70	110	140	180	220	260	310	100	60	36	20	12	8	5	3	2	1	
3175	8291	1	1800	10	20	30	40	50	60	70	80	90	100	100	60	36	20	12	8	5	3	2	1	
3176	8291	1800	2200	10	20	40	60	90	100	130	160	190	230	100	60	36	20	12	8	5	3	2	1	
3177	8291	2200	9999	10	20	50	70	110	140	180	220	260	310	100	60	36	20	12	8	5	3	2	1	
3178	8292	1	1800	10	20	30	40	50	60	70	80	90	100	100	60	36	20	12	8	5	3	2	1	
3179	8292	1800	2200	10	20	40	60	90	100	130	160	190	230	100	60	36	20	12	8	5	3	2	1	
3180	8292	2200	9999	10	20	50	70	110	140	180	220	260	310	100	60	36	20	12	8	5	3	2	1	
3181	8293	1	1800	10	20	30	40	50	60	70	80	90	100	100	60	36	20	12	8	5	3	2	1	
3182	8293	1800	2200	10	20	40	60	90	100	130	160	190	230	100	60	36	20	12	8	5	3	2	1	
3183	8293	2200	9999	10	20	50	70	110	140	180	220	260	310	100	60	36	20	12	8	5	3	2	1	
3184	8294	1	1800	10	20	30	40	50	60	70	80	90	100	100	60	36	20	12	8	5	3	2	1	
3185	8294	1800	2200	10	20	40	60	90	100	130	160	190	230	100	60	36	20	12	8	5	3	2	1	
3186	8294	2200	9999	10	20	50	70	110	140	180	220	260	310	100	60	36	20	12	8	5	3	2	1	
3187	8299	1	1800	10	20	30	40	50	60	70	80	90	100	100	60	36	20	12	8	5	3	2	1	
3188	8299	1800	2200	10	20	40	60	90	100	130	160	190	230	100	60	36	20	12	8	5	3	2	1	
3189	8299	2200	9999	10	20	50	70	110	140	180	220	260	310	100	60	36	20	12	8	5	3	2	1	
3190	8301	1	1800	10	20	30	40	50	60	70	80	90	100	100	60	36	20	12	8	5	3	2	1	
3191	8301	1800	2200	10	20	40	60	90	100	130	160	190	230	100	60	36	20	12	8	5	3	2	1	
3192	8301	2200	9999	10	20	50	70	110	140	180	220	260	310	100	60	36	20	12	8	5	3	2	1	
3193	8302	1	1800	10	20	30	40	50	60	70	80	90	100	100	60	36	20	12	8	5	3	2	1	
3194	8302	1800	2200	10	20	40	60	90	100	130	160	190	230	100	60	36	20	12	8	5	3	2	1	
3195	8302	2200	9999	10	20	50	70	110	140	180	220	260	310	100	60	36	20	12	8	5	3	2	1	
3196	8303	1	1800	10	20	30	40	50	60	70	80	90	100	100	60	36	20	12	8	5	3	2	1	
3197	8303	1800	2200	10	20	40	60	90	100	130	160	190	230	100	60	36	20	12	8	5	3	2	1	
3198	8303	2200	9999	10	20	50	70	110	140	180	220	260	310	100	60	36	20	12	8	5	3	2	1	
3199	8304	1	1800	10	20	30	40	50	60	70	80	90	100	100	60	36	20	12	8	5	3	2	1	
3200	8304	1800	2200	10	20	40	60	90	100	130	160	190	230	100	60	36	20	12	8	5	3	2	1	
3201	8304	2200	9999	10	20	50	70	110	140	180	220	260	310	100	60	36	20	12	8	5	3	2	1	
3202	8305	1	1800	10	20	30	40	50	60	70	80	90	100	100	60	36	20	12	8	5	3	2	1	
3203	8305	1800	2200	10	20	40	60	90	100	130	160	190	230	100	60	36	20	12	8	5	3	2	1	
3204	8305	2200	9999	10	20	50	70	110	140	180	220	260	310	100	60	36	20	12	8	5	3	2	1	
3205	8309	1	1800	10	20	30	40	50	60	70	80	90	100	100	60	36	20	12	8	5	3	2	1	
3206	8309	1800	2200	10	20	40	60	90	100	130	160	190	230	100	60	36	20	12	8	5	3	2	1	
3207	8309	2200	9999	10	20	50	70	110	140	180	220	260	310	100	60	36	20	12	8	5	3	2	1	
3208	8311	1	1800	10	20	30	40	50	60	70	80	90	100	100	60	36	20	12	8	5	3	2	1	
3209	8311	1800	2200	10	20	40	60	90	100	130	160	190	230	100	60	36	20	12	8	5	3	2	1	
3210	8311	2200	9999	10	20	50	70	110	140	180	220	260	310	100	60	36	20	12	8	5	3	2	1	
3211	8312	1	1800	10	20	30	40	50	60	70	80	90	100	100	60	36	20	12	8	5	3	2	1	
3212	8312	1800	2200	10	20	40	60	90	100	130	160	190	230	100	60	36	20	12	8	5	3	2	1	
3213	8312	2200	9999	10	20	50	70	110	140	180	220	260	310	100	60	36	20	12	8	5	3	2	1	
3214	8313	1	1800	10	20	30	40	50	60	70	80	90	100	100	60	36	20	12	8	5	3	2	1	
3215	8313	1800	2200	10	20	40	60	90	100	130	160	190	230	100	60	36	20	12	8	5	3	2	1	
3216	8313	2200	9999	10	20	50	70	110	140	180	220	260	310	100	60	36	20	12	8	5	3	2	1	
3217	8314	1	1800	10	20	30	40	50	60	70	80	90	100	100	60	36	20	12	8	5	3	2	1	
3218	8314	1800	2200	10	20	40	60	90	100	130	160	190	230	100	60	36	20	12	8	5	3	2	1	
3219	8314	2200	9999	10	20	50	70	110	140	180	220	260	310	100	60	36	20	12	8	5	3	2	1	
3220	8315	1	1800	10	20	30	40	50	60	70	80	90	100	100	60	36	20	12	8	5	3	2	1	
3221	8315	1800	2200	10	20	40	60	90	100	130	160	190	230	100	60	36	20	12	8	5	3	2	1	
3222	8315	2200	9999	10	20	50	70	110	140	180	220	260	310	100	60	36	20	12	8	5	3	2	1	
3223	8316	1	1800	10	20	30	40	50	60	70	80	90	100	100	60	36	20	12	8	5	3	2	1	
3224	8316	1800	2200	10	20	40	60	90	100	130	160	190	230	100	60	36	20	12	8	5	3	2	1	
3225	8316	2200	9999	10	20	50	70	110	140	180	220	260	310	100	60	36	20	12	8	5	3	2	1	
3226	8319	1	1800	10	20	30	40	50	60	70	80	90	100	100	60	36	20	12	8	5	3	2	1	
3227	8319	1800	2200	10	20	40	60	90	100	130	160	190	230	100	60	36	20	12	8	5	3	2	1	
3228	8319	2200	9999	10	20	50	70	110	140	180	220	260	310	100	60	36	20	12	8	5	3	2	1	
3229	8321	1	1800	10	20	30	40	50	60	70	80	90	100	100	60	36	20	12	8	5	3	2	1	
3230	8321	1800	2200	10	20	40	60	90	100	130	160	190	230	100	60	36	20	12	8	5	3	2	1	
3231	8321	2200	9999	10	20	50	70	110	140	180	220	260	310	100	60	36	20	12	8	5	3	2	1	
3232	8322	1	1800	10	20	30	40	50	60	70	80	90	100	100	60	36	20	12	8	5	3	2	1	
3233	8322	1800	2200	10	20	40	60	90	100	130	160	190	230	100	60	36	20	12	8	5	3	2	1	
3234	8322	2200	9999	10	20	50	70	110	140	180	220	260	310	100	60	36	20	12	8	5	3	2	1	
3235	8323	1	1800	10	20	30	40	50	60	70	80	90	100	100	60	36	20	12	8	5	3	2	1	
3236	8323	1800	2200	10	20	40	60	90	100	130	160	190	230	100	60	36	20	12	8	5	3	2	1	
3237	8323	2200	9999	10	20	50	70	110	140	180	220	260	310	100	60	36	20	12	8	5	3	2	1	
3238	8324	1	1800	10	20	30	40	50	60	70	80	90	100	100	60	36	20	12	8	5	3	2	1	
3239	8324	1800	2200	10	20	40	60	90	100	130	160	190	230	100	60	36	20	12	8	5	3	2	1	
3240	8324	2200	9999	10	20	50	70	110	140	180	220	260	310	100	60	36	20	12	8	5	3	2	1	
3241	8325	1	1800	10	20	30	40	50	60	70	80	90	100	100	60	36	20	12	8	5	3	2	1	
3242	8325	1800	2200	10	20	40	60	90	100	130	160	190	230	100	60	36	20	12	8	5	3	2	1	
3243	8325	2200	9999	10	20	50	70	110	140	180	220	260	310	100	60	36	20	12	8	5	3	2	1	
3244	8326	1	1800	10	20	30	40	50	60	70	80	90	100	100	60	36	20	12	8	5	3	2	1	
3245	8326	1800	2200	10	20	40	60	90	100	130	160	190	230	100	60	36	20	12	8	5	3	2	1	
3246	8326	2200	9999	10	20	50	70	110	140	180	220	260	310	100	60	36	20	12	8	5	3	2	1	
3247	8327	1	1800	10	20	30	40	50	60	70	80	90	100	100	60	36	20	12	8	5	3	2	1	
3248	8327	1800	2200	10	20	40	60	90	100	130	160	190	230	100	60	36	20	12	8	5	3	2	1	
3249	8327	2200	9999	10	20	50	70	110	140	180	220	260	310	100	60	36	20	12	8	5	3	2	1	
3250	8329	1	1800	10	20	30	40	50	60	70	80	90	100	100	60	36	20	12	8	5	3	2	1	
3251	8329	1800	2200	10	20	40	60	90	100	130	160	190	230	100	60	36	20	12	8	5	3	2	1	
3252	8329	2200	9999	10	20	50	70	110	140	180	220	260	310	100	60	36	20	12	8	5	3	2	1	
3253	8331	1	1800	10	20	30	40	50	60	70	80	90	100	100	60	36	20	12	8	5	3	2	1	
3254	8331	1800	2200	10	20	40	60	90	100	130	160	190	230	100	60	36	20	12	8	5	3	2	1	
3255	8331	2200	9999	10	20	50	70	110	140	180	220	260	310	100	60	36	20	12	8	5	3	2	1	
3256	8332	1	1800	10	20	30	40	50	60	70	80	90	100	100	60	36	20	12	8	5	3	2	1	
3257	8332	1800	2200	10	20	40	60	90	100	130	160	190	230	100	60	36	20	12	8	5	3	2	1	
3258	8332	2200	9999	10	20	50	70	110	140	180	220	260	310	100	60	36	20	12	8	5	3	2	1	
3259	8333	1	1800	10	20	30	40	50	60	70	80	90	100	100	60	36	20	12	8	5	3	2	1	
3260	8333	1800	2200	10	20	40	60	90	100	130	160	190	230	100	60	36	20	12	8	5	3	2	1	
3261	8333	2200	9999	10	20	50	70	110	140	180	220	260	310	100	60	36	20	12	8	5	3	2	1	
3262	8334	1	1800	10	20	30	40	50	60	70	80	90	100	100	60	36	20	12	8	5	3	2	1	
3263	8334	1800	2200	10	20	40	60	90	100	130	160	190	230	100	60	36	20	12	8	5	3	2	1	
3264	8334	2200	9999	10	20	50	70	110	140	180	220	260	310	100	60	36	20	12	8	5	3	2	1	
3265	8335	1	1800	10	20	30	40	50	60	70	80	90	100	100	60	36	20	12	8	5	3	2	1	
3266	8335	1800	2200	10	20	40	60	90	100	130	160	190	230	100	60	36	20	12	8	5	3	2	1	
3267	8335	2200	9999	10	20	50	70	110	140	180	220	260	310	100	60	36	20	12	8	5	3	2	1	
3268	8336	1	1800	10	20	30	40	50	60	70	80	90	100	100	60	36	20	12	8	5	3	2	1	
3269	8336	1800	2200	10	20	40	60	90	100	130	160	190	230	100	60	36	20	12	8	5	3	2	1	
3270	8336	2200	9999	10	20	50	70	110	140	180	220	260	310	100	60	36	20	12	8	5	3	2	1	
3271	8337	1	1800	10	20	30	40	50	60	70	80	90	100	100	60	36	20	12	8	5	3	2	1	
3272	8337	1800	2200	10	20	40	60	90	100	130	160	190	230	100	60	36	20	12	8	5	3	2	1	
3273	8337	2200	9999	10	20	50	70	110	140	180	220	260	310	100	60	36	20	12	8	5	3	2	1	
3274	8338	1	1800	10	20	30	40	50	60	70	80	90	100	100	60	36	20	12	8	5	3	2	1	
3275	8338	1800	2200	10	20	40	60	90	100	130	160	190	230	100	60	36	20	12	8	5	3	2	1	
3276	8338	2200	9999	10	20	50	70	110	140	180	220	260	310	100	60	36	20	12	8	5	3	2	1	
3277	8339	1	1800	10	20	30	40	50	60	70	80	90	100	100	60	36	20	12	8	5	3	2	1	
3278	8339	1800	2200	10	20	40	60	90	100	130	160	190	230	100	60	36	20	12	8	5	3	2	1	
3279	8339	2200	9999	10	20	50	70	110	140	180	220	260	310	100	60	36	20	12	8	5	3	2	1	
3280	8341	1	1800	10	20	30	40	50	60	70	80	90	100	100	60	36	20	12	8	5	3	2	1	
3281	8341	1800	2200	10	20	40	60	90	100	130	160	190	230	100	60	36	20	12	8	5	3	2	1	
3282	8341	2200	9999	10	20	50	70	110	140	180	220	260	310	100	60	36	20	12	8	5	3	2	1	
3283	8342	1	1800	10	20	30	40	50	60	70	80	90	100	100	60	36	20	12	8	5	3	2	1	
3284	8342	1800	2200	10	20	40	60	90	100	130	160	190	230	100	60	36	20	12	8	5	3	2	1	
3285	8342	2200	9999	10	20	50	70	110	140	180	220	260	310	100	60	36	20	12	8	5	3	2	1	
3286	8349	1	1800	10	20	30	40	50	60	70	80	90	100	100	60	36	20	12	8	5	3	2	1	
3287	8349	1800	2200	10	20	40	60	90	100	130	160	190	230	100	60	36	20	12	8	5	3	2	1	
3288	8349	2200	9999	10	20	50	70	110	140	180	220	260	310	100	60	36	20	12	8	5	3	2	1	
3289	8351	1	1800	10	20	30	40	50	60	70	80	90	100	100	60	36	20	12	8	5	3	2	1	
3290	8351	1800	2200	10	20	40	60	90	100	130	160	190	230	100	60	36	20	12	8	5	3	2	1	
3291	8351	2200	9999	10	20	50	70	110	140	180	220	260	310	100	60	36	20	12	8	5	3	2	1	
3292	8352	1	1800	10	20	30	40	50	60	70	80	90	100	100	60	36	20	12	8	5	3	2	1	
3293	8352	1800	2200	10	20	40	60	90	100	130	160	190	230	100	60	36	20	12	8	5	3	2	1	
3294	8352	2200	9999	10	20	50	70	110	140	180	220	260	310	100	60	36	20	12	8	5	3	2	1	
3295	8353	1	1800	10	20	30	40	50	60	70	80	90	100	100	60	36	20	12	8	5	3	2	1	
3296	8353	1800	2200	10	20	40	60	90	100	130	160	190	230	100	60	36	20	12	8	5	3	2	1	
3297	8353	2200	9999	10	20	50	70	110	140	180	220	260	310	100	60	36	20	12	8	5	3	2	1	
3298	8359	1	1800	10	20	30	40	50	60	70	80	90	100	100	60	36	20	12	8	5	3	2	1	
3299	8359	1800	2200	10	20	40	60	90	100	130	160	190	230	100	60	36	20	12	8	5	3	2	1	
3300	8359	2200	9999	10	20	50	70	110	140	180	220	260	310	100	60	36	20	12	8	5	3	2	1	
3301	8361	1	1800	10	20	30	40	50	60	70	80	90	100	100	60	36	20	12	8	5	3	2	1	
3302	8361	1800	2200	10	20	40	60	90	100	130	160	190	230	100	60	36	20	12	8	5	3	2	1	
3303	8361	2200	9999	10	20	50	70	110	140	180	220	260	310	100	60	36	20	12	8	5	3	2	1	
3304	8362	1	1800	10	20	30	40	50	60	70	80	90	100	100	60	36	20	12	8	5	3	2	1	
3305	8362	1800	2200	10	20	40	60	90	100	130	160	190	230	100	60	36	20	12	8	5	3	2	1	
3306	8362	2200	9999	10	20	50	70	110	140	180	220	260	310	100	60	36	20	12	8	5	3	2	1	
3307	8363	1	1800	10	20	30	40	50	60	70	80	90	100	100	60	36	20	12	8	5	3	2	1	
3308	8363	1800	2200	10	20	40	60	90	100	130	160	190	230	100	60	36	20	12	8	5	3	2	1	
3309	8363	2200	9999	10	20	50	70	110	140	180	220	260	310	100	60	36	20	12	8	5	3	2	1	
3310	8364	1	1800	10	20	30	40	50	60	70	80	90	100	100	60	36	20	12	8	5	3	2	1	
3311	8364	1800	2200	10	20	40	60	90	100	130	160	190	230	100	60	36	20	12	8	5	3	2	1	
3312	8364	2200	9999	10	20	50	70	110	140	180	220	260	310	100	60	36	20	12	8	5	3	2	1	
3313	8369	1	1800	10	20	30	40	50	60	70	80	90	100	100	60	36	20	12	8	5	3	2	1	
3314	8369	1800	2200	10	20	40	60	90	100	130	160	190	230	100	60	36	20	12	8	5	3	2	1	
3315	8369	2200	9999	10	20	50	70	110	140	180	220	260	310	100	60	36	20	12	8	5	3	2	1	
3316	8371	1	1800	10	20	30	40	50	60	70	80	90	100	100	60	36	20	12	8	5	3	2	1	
3317	8371	1800	2200	10	20	40	60	90	100	130	160	190	230	100	60	36	20	12	8	5	3	2	1	
3318	8371	2200	9999	10	20	50	70	110	140	180	220	260	310	100	60	36	20	12	8	5	3	2	1	
3319	8372	1	1800	10	20	30	40	50	60	70	80	90	100	100	60	36	20	12	8	5	3	2	1	
3320	8372	1800	2200	10	20	40	60	90	100	130	160	190	230	100	60	36	20	12	8	5	3	2	1	
3321	8372	2200	9999	10	20	50	70	110	140	180	220	260	310	100	60	36	20	12	8	5	3	2	1	
3322	8373	1	1800	10	20	30	40	50	60	70	80	90	100	100	60	36	20	12	8	5	3	2	1	
3323	8373	1800	2200	10	20	40	60	90	100	130	160	190	230	100	60	36	20	12	8	5	3	2	1	
3324	8373	2200	9999	10	20	50	70	110	140	180	220	260	310	100	60	36	20	12	8	5	3	2	1	
3325	8374	1	1800	10	20	30	40	50	60	70	80	90	100	100	60	36	20	12	8	5	3	2	1	
3326	8374	1800	2200	10	20	40	60	90	100	130	160	190	230	100	60	36	20	12	8	5	3	2	1	
3327	8374	2200	9999	10	20	50	70	110	140	180	220	260	310	100	60	36	20	12	8	5	3	2	1	
3328	8375	1	1800	10	20	30	40	50	60	70	80	90	100	100	60	36	20	12	8	5	3	2	1	
3329	8375	1800	2200	10	20	40	60	90	100	130	160	190	230	100	60	36	20	12	8	5	3	2	1	
3330	8375	2200	9999	10	20	50	70	110	140	180	220	260	310	100	60	36	20	12	8	5	3	2	1	
3331	8379	1	1800	10	20	30	40	50	60	70	80	90	100	100	60	36	20	12	8	5	3	2	1	
3332	8379	1800	2200	10	20	40	60	90	100	130	160	190	230	100	60	36	20	12	8	5	3	2	1	
3333	8379	2200	9999	10	20	50	70	110	140	180	220	260	310	100	60	36	20	12	8	5	3	2	1	
3334	8381	1	1800	10	20	30	40	50	60	70	80	90	100	100	60	36	20	12	8	5	3	2	1	
3335	8381	1800	2200	10	20	40	60	90	100	130	160	190	230	100	60	36	20	12	8	5	3	2	1	
3336	8381	2200	9999	10	20	50	70	110	140	180	220	260	310	100	60	36	20	12	8	5	3	2	1	
3337	8382	1	1800	10	20	30	40	50	60	70	80	90	100	100	60	36	20	12	8	5	3	2	1	
3338	8382	1800	2200	10	20	40	60	90	100	130	160	190	230	100	60	36	20	12	8	5	3	2	1	
3339	8382	2200	9999	10	20	50	70	110	140	180	220	260	310	100	60	36	20	12	8	5	3	2	1	
3340	8383	1	1800	10	20	30	40	50	60	70	80	90	100	100	60	36	20	12	8	5	3	2	1	
3341	8383	1800	2200	10	20	40	60	90	100	130	160	190	230	100	60	36	20	12	8	5	3	2	1	
3342	8383	2200	9999	10	20	50	70	110	140	180	220	260	310	100	60	36	20	12	8	5	3	2	1	
3343	8384	1	1800	10	20	30	40	50	60	70	80	90	100	100	60	36	20	12	8	5	3	2	1	
3344	8384	1800	2200	10	20	40	60	90	100	130	160	190	230	100	60	36	20	12	8	5	3	2	1	
3345	8384	2200	9999	10	20	50	70	110	140	180	220	260	310	100	60	36	20	12	8	5	3	2	1	
3346	8385	1	1800	10	20	30	40	50	60	70	80	90	100	100	60	36	20	12	8	5	3	2	1	
3347	8385	1800	2200	10	20	40	60	90	100	130	160	190	230	100	60	36	20	12	8	5	3	2	1	
3348	8385	2200	9999	10	20	50	70	110	140	180	220	260	310	100	60	36	20	12	8	5	3	2	1	
3349	8386	1	1800	10	20	30	40	50	60	70	80	90	100	100	60	36	20	12	8	5	3	2	1	
3350	8386	1800	2200	10	20	40	60	90	100	130	160	190	230	100	60	36	20	12	8	5	3	2	1	
3351	8386	2200	9999	10	20	50	70	110	140	180	220	260	310	100	60	36	20	12	8	5	3	2	1	
3352	8389	1	1800	10	20	30	40	50	60	70	80	90	100	100	60	36	20	12	8	5	3	2	1	
3353	8389	1800	2200	10	20	40	60	90	100	130	160	190	230	100	60	36	20	12	8	5	3	2	1	
3354	8389	2200	9999	10	20	50	70	110	140	180	220	260	310	100	60	36	20	12	8	5	3	2	1	
3355	8391	1	1800	10	20	30	40	50	60	70	80	90	100	100	60	36	20	12	8	5	3	2	1	
3356	8391	1800	2200	10	20	40	60	90	100	130	160	190	230	100	60	36	20	12	8	5	3	2	1	
3357	8391	2200	9999	10	20	50	70	110	140	180	220	260	310	100	60	36	20	12	8	5	3	2	1	
3358	8392	1	1800	10	20	30	40	50	60	70	80	90	100	100	60	36	20	12	8	5	3	2	1	
3359	8392	1800	2200	10	20	40	60	90	100	130	160	190	230	100	60	36	20	12	8	5	3	2	1	
3360	8392	2200	9999	10	20	50	70	110	140	180	220	260	310	100	60	36	20	12	8	5	3	2	1	
3361	8393	1	1800	10	20	30	40	50	60	70	80	90	100	100	60	36	20	12	8	5	3	2	1	
3362	8393	1800	2200	10	20	40	60	90	100	130	160	190	230	100	60	36	20	12	8	5	3	2	1	
3363	8393	2200	9999	10	20	50	70	110	140	180	220	260	310	100	60	36	20	12	8	5	3	2	1	
3364	8394	1	1800	10	20	30	40	50	60	70	80	90	100	100	60	36	20	12	8	5	3	2	1	
3365	8394	1800	2200	10	20	40	60	90	100	130	160	190	230	100	60	36	20	12	8	5	3	2	1	
3366	8394	2200	9999	10	20	50	70	110	140	180	220	260	310	100	60	36	20	12	8	5	3	2	1	
3367	8395	1	1800	10	20	30	40	50	60	70	80	90	100	100	60	36	20	12	8	5	3	2	1	
3368	8395	1800	2200	10	20	40	60	90	100	130	160	190	230	100	60	36	20	12	8	5	3	2	1	
3369	8395	2200	9999	10	20	50	70	110	140	180	220	260	310	100	60	36	20	12	8	5	3	2	1	
3370	8396	1	1800	10	20	30	40	50	60	70	80	90	100	100	60	36	20	12	8	5	3	2	1	
3371	8396	1800	2200	10	20	40	60	90	100	130	160	190	230	100	60	36	20	12	8	5	3	2	1	
3372	8396	2200	9999	10	20	50	70	110	140	180	220	260	310	100	60	36	20	12	8	5	3	2	1	
3373	8397	1	1800	10	20	30	40	50	60	70	80	90	100	100	60	36	20	12	8	5	3	2	1	
3374	8397	1800	2200	10	20	40	60	90	100	130	160	190	230	100	60	36	20	12	8	5	3	2	1	
3375	8397	2200	9999	10	20	50	70	110	140	180	220	260	310	100	60	36	20	12	8	5	3	2	1	
3376	8399	1	1800	10	20	30	40	50	60	70	80	90	100	100	60	36	20	12	8	5	3	2	1	
3377	8399	1800	2200	10	20	40	60	90	100	130	160	190	230	100	60	36	20	12	8	5	3	2	1	
3378	8399	2200	9999	10	20	50	70	110	140	180	220	260	310	100	60	36	20	12	8	5	3	2	1	
3379	8401	1	1800	10	20	30	40	50	60	70	80	90	100	100	60	36	20	12	8	5	3	2	1	
3380	8401	1800	2200	10	20	40	60	90	100	130	160	190	230	100	60	36	20	12	8	5	3	2	1	
3381	8401	2200	9999	10	20	50	70	110	140	180	220	260	310	100	60	36	20	12	8	5	3	2	1	
3382	8402	1	1800	10	20	30	40	50	60	70	80	90	100	100	60	36	20	12	8	5	3	2	1	
3383	8402	1800	2200	10	20	40	60	90	100	130	160	190	230	100	60	36	20	12	8	5	3	2	1	
3384	8402	2200	9999	10	20	50	70	110	140	180	220	260	310	100	60	36	20	12	8	5	3	2	1	
3385	8403	1	1800	10	20	30	40	50	60	70	80	90	100	100	60	36	20	12	8	5	3	2	1	
3386	8403	1800	2200	10	20	40	60	90	100	130	160	190	230	100	60	36	20	12	8	5	3	2	1	
3387	8403	2200	9999	10	20	50	70	110	140	180	220	260	310	100	60	36	20	12	8	5	3	2	1	
3388	8404	1	1800	10	20	30	40	50	60	70	80	90	100	100	60	36	20	12	8	5	3	2	1	
3389	8404	1800	2200	10	20	40	60	90	100	130	160	190	230	100	60	36	20	12	8	5	3	2	1	
3390	8404	2200	9999	10	20	50	70	110	140	180	220	260	310	100	60	36	20	12	8	5	3	2	1	
3391	8405	1	1800	10	20	30	40	50	60	70	80	90	100	100	60	36	20	12	8	5	3	2	1	
3392	8405	1800	2200	10	20	40	60	90	100	130	160	190	230	100	60	36	20	12	8	5	3	2	1	
3393	8405	2200	9999	10	20	50	70	110	140	180	220	260	310	100	60	36	20	12	8	5	3	2	1	
3394	8406	1	1800	10	20	30	40	50	60	70	80	90	100	100	60	36	20	12	8	5	3	2	1	
3395	8406	1800	2200	10	20	40	60	90	100	130	160	190	230	100	60	36	20	12	8	5	3	2	1	
3396	8406	2200	9999	10	20	50	70	110	140	180	220	260	310	100	60	36	20	12	8	5	3	2	1	
3397	8407	1	1800	10	20	30	40	50	60	70	80	90	100	100	60	36	20	12	8	5	3	2	1	
3398	8407	1800	2200	10	20	40	60	90	100	130	160	190	230	100	60	36	20	12	8	5	3	2	1	
3399	8407	2200	9999	10	20	50	70	110	140	180	220	260	310	100	60	36	20	12	8	5	3	2	1	
3400	8408	1	1800	10	20	30	40	50	60	70	80	90	100	100	60	36	20	12	8	5	3	2	1	
3401	8408	1800	2200	10	20	40	60	90	100	130	160	190	230	100	60	36	20	12	8	5	3	2	1	
3402	8408	2200	9999	10	20	50	70	110	140	180	220	260	310	100	60	36	20	12	8	5	3	2	1	
3403	8409	1	1800	10	20	30	40	50	60	70	80	90	100	100	60	36	20	12	8	5	3	2	1	
3404	8409	1800	2200	10	20	40	60	90	100	130	160	190	230	100	60	36	20	12	8	5	3	2	1	
3405	8409	2200	9999	10	20	50	70	110	140	180	220	260	310	100	60	36	20	12	8	5	3	2	1	
3406	8411	1	1800	10	20	30	40	50	60	70	80	90	100	100	60	36	20	12	8	5	3	2	1	
3407	8411	1800	2200	10	20	40	60	90	100	130	160	190	230	100	60	36	20	12	8	5	3	2	1	
3408	8411	2200	9999	10	20	50	70	110	140	180	220	260	310	100	60	36	20	12	8	5	3	2	1	
3409	8412	1	1800	10	20	30	40	50	60	70	80	90	100	100	60	36	20	12	8	5	3	2	1	
3410	8412	1800	2200	10	20	40	60	90	100	130	160	190	230	100	60	36	20	12	8	5	3	2	1	
3411	8412	2200	9999	10	20	50	70	110	140	180	220	260	310	100	60	36	20	12	8	5	3	2	1	
3412	8419	1	1800	10	20	30	40	50	60	70	80	90	100	100	60	36	20	12	8	5	3	2	1	
3413	8419	1800	2200	10	20	40	60	90	100	130	160	190	230	100	60	36	20	12	8	5	3	2	1	
3414	8419	2200	9999	10	20	50	70	110	140	180	220	260	310	100	60	36	20	12	8	5	3	2	1	
3415	8421	1	1800	10	20	30	40	50	60	70	80	90	100	100	60	36	20	12	8	5	3	2	1	
3416	8421	1800	2200	10	20	40	60	90	100	130	160	190	230	100	60	36	20	12	8	5	3	2	1	
3417	8421	2200	9999	10	20	50	70	110	140	180	220	260	310	100	60	36	20	12	8	5	3	2	1	
3418	8422	1	1800	10	20	30	40	50	60	70	80	90	100	100	60	36	20	12	8	5	3	2	1	
3419	8422	1800	2200	10	20	40	60	90	100	130	160	190	230	100	60	36	20	12	8	5	3	2	1	
3420	8422	2200	9999	10	20	50	70	110	140	180	220	260	310	100	60	36	20	12	8	5	3	2	1	
3421	8423	1	1800	10	20	30	40	50	60	70	80	90	100	100	60	36	20	12	8	5	3	2	1	
3422	8423	1800	2200	10	20	40	60	90	100	130	160	190	230	100	60	36	20	12	8	5	3	2	1	
3423	8423	2200	9999	10	20	50	70	110	140	180	220	260	310	100	60	36	20	12	8	5	3	2	1	
3424	8429	1	1800	10	20	30	40	50	60	70	80	90	100	100	60	36	20	12	8	5	3	2	1	
3425	8429	1800	2200	10	20	40	60	90	100	130	160	190	230	100	60	36	20	12	8	5	3	2	1	
3426	8429	2200	9999	10	20	50	70	110	140	180	220	260	310	100	60	36	20	12	8	5	3	2	1	
3427	8431	1	1800	10	20	30	40	50	60	70	80	90	100	100	60	36	20	12	8	5	3	2	1	
3428	8431	1800	2200	10	20	40	60	90	100	130	160	190	230	100	60	36	20	12	8	5	3	2	1	
3429	8431	2200	9999	10	20	50	70	110	140	180	220	260	310	100	60	36	20	12	8	5	3	2	1	
3430	8432	1	1800	10	20	30	40	50	60	70	80	90	100	100	60	36	20	12	8	5	3	2	1	
3431	8432	1800	2200	10	20	40	60	90	100	130	160	190	230	100	60	36	20	12	8	5	3	2	1	
3432	8432	2200	9999	10	20	50	70	110	140	180	220	260	310	100	60	36	20	12	8	5	3	2	1	
3433	8433	1	1800	10	20	30	40	50	60	70	80	90	100	100	60	36	20	12	8	5	3	2	1	
3434	8433	1800	2200	10	20	40	60	90	100	130	160	190	230	100	60	36	20	12	8	5	3	2	1	
3435	8433	2200	9999	10	20	50	70	110	140	180	220	260	310	100	60	36	20	12	8	5	3	2	1	
3436	8434	1	1800	10	20	30	40	50	60	70	80	90	100	100	60	36	20	12	8	5	3	2	1	
3437	8434	1800	2200	10	20	40	60	90	100	130	160	190	230	100	60	36	20	12	8	5	3	2	1	
3438	8434	2200	9999	10	20	50	70	110	140	180	220	260	310	100	60	36	20	12	8	5	3	2	1	
3439	8439	1	1800	10	20	30	40	50	60	70	80	90	100	100	60	36	20	12	8	5	3	2	1	
3440	8439	1800	2200	10	20	40	60	90	100	130	160	190	230	100	60	36	20	12	8	5	3	2	1	
3441	8439	2200	9999	10	20	50	70	110	140	180	220	260	310	100	60	36	20	12	8	5	3	2	1	
3442	8441	1	1800	10	20	30	40	50	60	70	80	90	100	100	60	36	20	12	8	5	3	2	1	
3443	8441	1800	2200	10	20	40	60	90	100	130	160	190	230	100	60	36	20	12	8	5	3	2	1	
3444	8441	2200	9999	10	20	50	70	110	140	180	220	260	310	100	60	36	20	12	8	5	3	2	1	
3445	8442	1	1800	10	20	30	40	50	60	70	80	90	100	100	60	36	20	12	8	5	3	2	1	
3446	8442	1800	2200	10	20	40	60	90	100	130	160	190	230	100	60	36	20	12	8	5	3	2	1	
3447	8442	2200	9999	10	20	50	70	110	140	180	220	260	310	100	60	36	20	12	8	5	3	2	1	
3448	8443	1	1800	10	20	30	40	50	60	70	80	90	100	100	60	36	20	12	8	5	3	2	1	
3449	8443	1800	2200	10	20	40	60	90	100	130	160	190	230	100	60	36	20	12	8	5	3	2	1	
3450	8443	2200	9999	10	20	50	70	110	140	180	220	260	310	100	60	36	20	12	8	5	3	2	1	
3451	8444	1	1800	10	20	30	40	50	60	70	80	90	100	100	60	36	20	12	8	5	3	2	1	
3452	8444	1800	2200	10	20	40	60	90	100	130	160	190	230	100	60	36	20	12	8	5	3	2	1	
3453	8444	2200	9999	10	20	50	70	110	140	180	220	260	310	100	60	36	20	12	8	5	3	2	1	
3454	8445	1	1800	10	20	30	40	50	60	70	80	90	100	100	60	36	20	12	8	5	3	2	1	
3455	8445	1800	2200	10	20	40	60	90	100	130	160	190	230	100	60	36	20	12	8	5	3	2	1	
3456	8445	2200	9999	10	20	50	70	110	140	180	220	260	310	100	60	36	20	12	8	5	3	2	1	
3457	8449	1	1800	10	20	30	40	50	60	70	80	90	100	100	60	36	20	12	8	5	3	2	1	
3458	8449	1800	2200	10	20	40	60	90	100	130	160	190	230	100	60	36	20	12	8	5	3	2	1	
3459	8449	2200	9999	10	20	50	70	110	140	180	220	260	310	100	60	36	20	12	8	5	3	2	1	
3460	8451	1	1800	10	20	30	40	50	60	70	80	90	100	100	60	36	20	12	8	5	3	2	1	
3461	8451	1800	2200	10	20	40	60	90	100	130	160	190	230	100	60	36	20	12	8	5	3	2	1	
3462	8451	2200	9999	10	20	50	70	110	140	180	220	260	310	100	60	36	20	12	8	5	3	2	1	
3463	8452	1	1800	10	20	30	40	50	60	70	80	90	100	100	60	36	20	12	8	5	3	2	1	
3464	8452	1800	2200	10	20	40	60	90	100	130	160	190	230	100	60	36	20	12	8	5	3	2	1	
3465	8452	2200	9999	10	20	50	70	110	140	180	220	260	310	100	60	36	20	12	8	5	3	2	1	
3466	8453	1	1800	10	20	30	40	50	60	70	80	90	100	100	60	36	20	12	8	5	3	2	1	
3467	8453	1800	2200	10	20	40	60	90	100	130	160	190	230	100	60	36	20	12	8	5	3	2	1	
3468	8453	2200	9999	10	20	50	70	110	140	180	220	260	310	100	60	36	20	12	8	5	3	2	1	
3469	8454	1	1800	10	20	30	40	50	60	70	80	90	100	100	60	36	20	12	8	5	3	2	1	
3470	8454	1800	2200	10	20	40	60	90	100	130	160	190	230	100	60	36	20	12	8	5	3	2	1	
3471	8454	2200	9999	10	20	50	70	110	140	180	220	260	310	100	60	36	20	12	8	5	3	2	1	
3472	8455	1	1800	10	20	30	40	50	60	70	80	90	100	100	60	36	20	12	8	5	3	2	1	
3473	8455	1800	2200	10	20	40	60	90	100	130	160	190	230	100	60	36	20	12	8	5	3	2	1	
3474	8455	2200	9999	10	20	50	70	110	140	180	220	260	310	100	60	36	20	12	8	5	3	2	1	
3475	8456	1	1800	10	20	30	40	50	60	70	80	90	100	100	60	36	20	12	8	5	3	2	1	
3476	8456	1800	2200	10	20	40	60	90	100	130	160	190	230	100	60	36	20	12	8	5	3	2	1	
3477	8456	2200	9999	10	20	50	70	110	140	180	220	260	310	100	60	36	20	12	8	5	3	2	1	
3478	8459	1	1800	10	20	30	40	50	60	70	80	90	100	100	60	36	20	12	8	5	3	2	1	
3479	8459	1800	2200	10	20	40	60	90	100	130	160	190	230	100	60	36	20	12	8	5	3	2	1	
3480	8459	2200	9999	10	20	50	70	110	140	180	220	260	310	100	60	36	20	12	8	5	3	2	1	
3481	8461	1	1800	10	20	30	40	50	60	70	80	90	100	100	60	36	20	12	8	5	3	2	1	
3482	8461	1800	2200	10	20	40	60	90	100	130	160	190	230	100	60	36	20	12	8	5	3	2	1	
3483	8461	2200	9999	10	20	50	70	110	140	180	220	260	310	100	60	36	20	12	8	5	3	2	1	
3484	8462	1	1800	10	20	30	40	50	60	70	80	90	100	100	60	36	20	12	8	5	3	2	1	
3485	8462	1800	2200	10	20	40	60	90	100	130	160	190	230	100	60	36	20	12	8	5	3	2	1	
3486	8462	2200	9999	10	20	50	70	110	140	180	220	260	310	100	60	36	20	12	8	5	3	2	1	
3487	8463	1	1800	10	20	30	40	50	60	70	80	90	100	100	60	36	20	12	8	5	3	2	1	
3488	8463	1800	2200	10	20	40	60	90	100	130	160	190	230	100	60	36	20	12	8	5	3	2	1	
3489	8463	2200	9999	10	20	50	70	110	140	180	220	260	310	100	60	36	20	12	8	5	3	2	1	
3490	8464	1	1800	10	20	30	40	50	60	70	80	90	100	100	60	36	20	12	8	5	3	2	1	
3491	8464	1800	2200	10	20	40	60	90	100	130	160	190	230	100	60	36	20	12	8	5	3	2	1	
3492	8464	2200	9999	10	20	50	70	110	140	180	220	260	310	100	60	36	20	12	8	5	3	2	1	
3493	8465	1	1800	10	20	30	40	50	60	70	80	90	100	100	60	36	20	12	8	5	3	2	1	
3494	8465	1800	2200	10	20	40	60	90	100	130	160	190	230	100	60	36	20	12	8	5	3	2	1	
3495	8465	2200	9999	10	20	50	70	110	140	180	220	260	310	100	60	36	20	12	8	5	3	2	1	
3496	8466	1	1800	10	20	30	40	50	60	70	80	90	100	100	60	36	20	12	8	5	3	2	1	
3497	8466	1800	2200	10	20	40	60	90	100	130	160	190	230	100	60	36	20	12	8	5	3	2	1	
3498	8466	2200	9999	10	20	50	70	110	140	180	220	260	310	100	60	36	20	12	8	5	3	2	1	
3499	8467	1	1800	10	20	30	40	50	60	70	80	90	100	100	60	36	20	12	8	5	3	2	1	
3500	8467	1800	2200	10	20	40	60	90	100	130	160	190	230	100	60	36	20	12	8	5	3	2	1	
3501	8467	2200	9999	10	20	50	70	110	140	180	220	260	310	100	60	36	20	12	8	5	3	2	1	
3502	8469	1	1800	10	20	30	40	50	60	70	80	90	100	100	60	36	20	12	8	5	3	2	1	
3503	8469	1800	2200	10	20	40	60	90	100	130	160	190	230	100	60	36	20	12	8	5	3	2	1	
3504	8469	2200	9999	10	20	50	70	110	140	180	220	260	310	100	60	36	20	12	8	5	3	2	1	
3505	8471	1	1800	10	20	30	40	50	60	70	80	90	100	100	60	36	20	12	8	5	3	2	1	
3506	8471	1800	2200	10	20	40	60	90	100	130	160	190	230	100	60	36	20	12	8	5	3	2	1	
3507	8471	2200	9999	10	20	50	70	110	140	180	220	260	310	100	60	36	20	12	8	5	3	2	1	
3508	8472	1	1800	10	20	30	40	50	60	70	80	90	100	100	60	36	20	12	8	5	3	2	1	
3509	8472	1800	2200	10	20	40	60	90	100	130	160	190	230	100	60	36	20	12	8	5	3	2	1	
3510	8472	2200	9999	10	20	50	70	110	140	180	220	260	310	100	60	36	20	12	8	5	3	2	1	
3511	8473	1	1800	10	20	30	40	50	60	70	80	90	100	100	60	36	20	12	8	5	3	2	1	
3512	8473	1800	2200	10	20	40	60	90	100	130	160	190	230	100	60	36	20	12	8	5	3	2	1	
3513	8473	2200	9999	10	20	50	70	110	140	180	220	260	310	100	60	36	20	12	8	5	3	2	1	
3514	8474	1	1800	10	20	30	40	50	60	70	80	90	100	100	60	36	20	12	8	5	3	2	1	
3515	8474	1800	2200	10	20	40	60	90	100	130	160	190	230	100	60	36	20	12	8	5	3	2	1	
3516	8474	2200	9999	10	20	50	70	110	140	180	220	260	310	100	60	36	20	12	8	5	3	2	1	
3517	8475	1	1800	10	20	30	40	50	60	70	80	90	100	100	60	36	20	12	8	5	3	2	1	
3518	8475	1800	2200	10	20	40	60	90	100	130	160	190	230	100	60	36	20	12	8	5	3	2	1	
3519	8475	2200	9999	10	20	50	70	110	140	180	220	260	310	100	60	36	20	12	8	5	3	2	1	
3520	8476	1	1800	10	20	30	40	50	60	70	80	90	100	100	60	36	20	12	8	5	3	2	1	
3521	8476	1800	2200	10	20	40	60	90	100	130	160	190	230	100	60	36	20	12	8	5	3	2	1	
3522	8476	2200	9999	10	20	50	70	110	140	180	220	260	310	100	60	36	20	12	8	5	3	2	1	
3523	8477	1	1800	10	20	30	40	50	60	70	80	90	100	100	60	36	20	12	8	5	3	2	1	
3524	8477	1800	2200	10	20	40	60	90	100	130	160	190	230	100	60	36	20	12	8	5	3	2	1	
3525	8477	2200	9999	10	20	50	70	110	140	180	220	260	310	100	60	36	20	12	8	5	3	2	1	
3526	8478	1	1800	10	20	30	40	50	60	70	80	90	100	100	60	36	20	12	8	5	3	2	1	
3527	8478	1800	2200	10	20	40	60	90	100	130	160	190	230	100	60	36	20	12	8	5	3	2	1	
3528	8478	2200	9999	10	20	50	70	110	140	180	220	260	310	100	60	36	20	12	8	5	3	2	1	
3529	8479	1	1800	10	20	30	40	50	60	70	80	90	100	100	60	36	20	12	8	5	3	2	1	
3530	8479	1800	2200	10	20	40	60	90	100	130	160	190	230	100	60	36	20	12	8	5	3	2	1	
3531	8479	2200	9999	10	20	50	70	110	140	180	220	260	310	100	60	36	20	12	8	5	3	2	1	
3532	8481	1	1800	10	20	30	40	50	60	70	80	90	100	100	60	36	20	12	8	5	3	2	1	
3533	8481	1800	2200	10	20	40	60	90	100	130	160	190	230	100	60	36	20	12	8	5	3	2	1	
3534	8481	2200	9999	10	20	50	70	110	140	180	220	260	310	100	60	36	20	12	8	5	3	2	1	
3535	8482	1	1800	10	20	30	40	50	60	70	80	90	100	100	60	36	20	12	8	5	3	2	1	
3536	8482	1800	2200	10	20	40	60	90	100	130	160	190	230	100	60	36	20	12	8	5	3	2	1	
3537	8482	2200	9999	10	20	50	70	110	140	180	220	260	310	100	60	36	20	12	8	5	3	2	1	
3538	8489	1	1800	10	20	30	40	50	60	70	80	90	100	100	60	36	20	12	8	5	3	2	1	
3539	8489	1800	2200	10	20	40	60	90	100	130	160	190	230	100	60	36	20	12	8	5	3	2	1	
3540	8489	2200	9999	10	20	50	70	110	140	180	220	260	310	100	60	36	20	12	8	5	3	2	1	
3541	8491	1	1800	10	20	30	40	50	60	70	80	90	100	100	60	36	20	12	8	5	3	2	1	
3542	8491	1800	2200	10	20	40	60	90	100	130	160	190	230	100	60	36	20	12	8	5	3	2	1	
3543	8491	2200	9999	10	20	50	70	110	140	180	220	260	310	100	60	36	20	12	8	5	3	2	1	
3544	8492	1	1800	10	20	30	40	50	60	70	80	90	100	100	60	36	20	12	8	5	3	2	1	
3545	8492	1800	2200	10	20	40	60	90	100	130	160	190	230	100	60	36	20	12	8	5	3	2	1	
3546	8492	2200	9999	10	20	50	70	110	140	180	220	260	310	100	60	36	20	12	8	5	3	2	1	
3547	8493	1	1800	10	20	30	40	50	60	70	80	90	100	100	60	36	20	12	8	5	3	2	1	
3548	8493	1800	2200	10	20	40	60	90	100	130	160	190	230	100	60	36	20	12	8	5	3	2	1	
3549	8493	2200	9999	10	20	50	70	110	140	180	220	260	310	100	60	36	20	12	8	5	3	2	1	
3550	8499	1	1800	10	20	30	40	50	60	70	80	90	100	100	60	36	20	12	8	5	3	2	1	
3551	8499	1800	2200	10	20	40	60	90	100	130	160	190	230	100	60	36	20	12	8	5	3	2	1	
3552	8499	2200	9999	10	20	50	70	110	140	180	220	260	310	100	60	36	20	12	8	5	3	2	1	
3553	8501	1	1800	10	20	30	40	50	60	70	80	90	100	100	60	36	20	12	8	5	3	2	1	
3554	8501	1800	2200	10	20	40	60	90	100	130	160	190	230	100	60	36	20	12	8	5	3	2	1	
3555	8501	2200	9999	10	20	50	70	110	140	180	220	260	310	100	60	36	20	12	8	5	3	2	1	
3556	8502	1	1800	10	20	30	40	50	60	70	80	90	100	100	60	36	20	12	8	5	3	2	1	
3557	8502	1800	2200	10	20	40	60	90	100	130	160	190	230	100	60	36	20	12	8	5	3	2	1	
3558	8502	2200	9999	10	20	50	70	110	140	180	220	260	310	100	60	36	20	12	8	5	3	2	1	
3559	8503	1	1800	10	20	30	40	50	60	70	80	90	100	100	60	36	20	12	8	5	3	2	1	
3560	8503	1800	2200	10	20	40	60	90	100	130	160	190	230	100	60	36	20	12	8	5	3	2	1	
3561	8503	2200	9999	10	20	50	70	110	140	180	220	260	310	100	60	36	20	12	8	5	3	2	1	
3562	8504	1	1800	10	20	30	40	50	60	70	80	90	100	100	60	36	20	12	8	5	3	2	1	
3563	8504	1800	2200	10	20	40	60	90	100	130	160	190	230	100	60	36	20	12	8	5	3	2	1	
3564	8504	2200	9999	10	20	50	70	110	140	180	220	260	310	100	60	36	20	12	8	5	3	2	1	
3565	8509	1	1800	10	20	30	40	50	60	70	80	90	100	100	60	36	20	12	8	5	3	2	1	
3566	8509	1800	2200	10	20	40	60	90	100	130	160	190	230	100	60	36	20	12	8	5	3	2	1	
3567	8509	2200	9999	10	20	50	70	110	140	180	220	260	310	100	60	36	20	12	8	5	3	2	1	
3568	8511	1	1800	10	20	30	40	50	60	70	80	90	100	100	60	36	20	12	8	5	3	2	1	
3569	8511	1800	2200	10	20	40	60	90	100	130	160	190	230	100	60	36	20	12	8	5	3	2	1	
3570	8511	2200	9999	10	20	50	70	110	140	180	220	260	310	100	60	36	20	12	8	5	3	2	1	
3571	8512	1	1800	10	20	30	40	50	60	70	80	90	100	100	60	36	20	12	8	5	3	2	1	
3572	8512	1800	2200	10	20	40	60	90	100	130	160	190	230	100	60	36	20	12	8	5	3	2	1	
3573	8512	2200	9999	10	20	50	70	110	140	180	220	260	310	100	60	36	20	12	8	5	3	2	1	
3574	8513	1	1800	10	20	30	40	50	60	70	80	90	100	100	60	36	20	12	8	5	3	2	1	
3575	8513	1800	2200	10	20	40	60	90	100	130	160	190	230	100	60	36	20	12	8	5	3	2	1	
3576	8513	2200	9999	10	20	50	70	110	140	180	220	260	310	100	60	36	20	12	8	5	3	2	1	
3577	8514	1	1800	10	20	30	40	50	60	70	80	90	100	100	60	36	20	12	8	5	3	2	1	
3578	8514	1800	2200	10	20	40	60	90	100	130	160	190	230	100	60	36	20	12	8	5	3	2	1	
3579	8514	2200	9999	10	20	50	70	110	140	180	220	260	310	100	60	36	20	12	8	5	3	2	1	
3580	8515	1	1800	10	20	30	40	50	60	70	80	90	100	100	60	36	20	12	8	5	3	2	1	
3581	8515	1800	2200	10	20	40	60	90	100	130	160	190	230	100	60	36	20	12	8	5	3	2	1	
3582	8515	2200	9999	10	20	50	70	110	140	180	220	260	310	100	60	36	20	12	8	5	3	2	1	
3583	8519	1	1800	10	20	30	40	50	60	70	80	90	100	100	60	36	20	12	8	5	3	2	1	
3584	8519	1800	2200	10	20	40	60	90	100	130	160	190	230	100	60	36	20	12	8	5	3	2	1	
3585	8519	2200	9999	10	20	50	70	110	140	180	220	260	310	100	60	36	20	12	8	5	3	2	1	
3586	8521	1	1800	10	20	30	40	50	60	70	80	90	100	100	60	36	20	12	8	5	3	2	1	
3587	8521	1800	2200	10	20	40	60	90	100	130	160	190	230	100	60	36	20	12	8	5	3	2	1	
3588	8521	2200	9999	10	20	50	70	110	140	180	220	260	310	100	60	36	20	12	8	5	3	2	1	
3589	8522	1	1800	10	20	30	40	50	60	70	80	90	100	100	60	36	20	12	8	5	3	2	1	
3590	8522	1800	2200	10	20	40	60	90	100	130	160	190	230	100	60	36	20	12	8	5	3	2	1	
3591	8522	2200	9999	10	20	50	70	110	140	180	220	260	310	100	60	36	20	12	8	5	3	2	1	
3592	8523	1	1800	10	20	30	40	50	60	70	80	90	100	100	60	36	20	12	8	5	3	2	1	
3593	8523	1800	2200	10	20	40	60	90	100	130	160	190	230	100	60	36	20	12	8	5	3	2	1	
3594	8523	2200	9999	10	20	50	70	110	140	180	220	260	310	100	60	36	20	12	8	5	3	2	1	
3595	8524	1	1800	10	20	30	40	50	60	70	80	90	100	100	60	36	20	12	8	5	3	2	1	
3596	8524	1800	2200	10	20	40	60	90	100	130	160	190	230	100	60	36	20	12	8	5	3	2	1	
3597	8524	2200	9999	10	20	50	70	110	140	180	220	260	310	100	60	36	20	12	8	5	3	2	1	
3598	8525	1	1800	10	20	30	40	50	60	70	80	90	100	100	60	36	20	12	8	5	3	2	1	
3599	8525	1800	2200	10	20	40	60	90	100	130	160	190	230	100	60	36	20	12	8	5	3	2	1	
3600	8525	2200	9999	10	20	50	70	110	140	180	220	260	310	100	60	36	20	12	8	5	3	2	1	
3601	8526	1	1800	10	20	30	40	50	60	70	80	90	100	100	60	36	20	12	8	5	3	2	1	
3602	8526	1800	2200	10	20	40	60	90	100	130	160	190	230	100	60	36	20	12	8	5	3	2	1	
3603	8526	2200	9999	10	20	50	70	110	140	180	220	260	310	100	60	36	20	12	8	5	3	2	1	
3604	8529	1	1800	10	20	30	40	50	60	70	80	90	100	100	60	36	20	12	8	5	3	2	1	
3605	8529	1800	2200	10	20	40	60	90	100	130	160	190	230	100	60	36	20	12	8	5	3	2	1	
3606	8529	2200	9999	10	20	50	70	110	140	180	220	260	310	100	60	36	20	12	8	5	3	2	1	
3607	8531	1	1800	10	20	30	40	50	60	70	80	90	100	100	60	36	20	12	8	5	3	2	1	
3608	8531	1800	2200	10	20	40	60	90	100	130	160	190	230	100	60	36	20	12	8	5	3	2	1	
3609	8531	2200	9999	10	20	50	70	110	140	180	220	260	310	100	60	36	20	12	8	5	3	2	1	
3610	8532	1	1800	10	20	30	40	50	60	70	80	90	100	100	60	36	20	12	8	5	3	2	1	
3611	8532	1800	2200	10	20	40	60	90	100	130	160	190	230	100	60	36	20	12	8	5	3	2	1	
3612	8532	2200	9999	10	20	50	70	110	140	180	220	260	310	100	60	36	20	12	8	5	3	2	1	
3613	8533	1	1800	10	20	30	40	50	60	70	80	90	100	100	60	36	20	12	8	5	3	2	1	
3614	8533	1800	2200	10	20	40	60	90	100	130	160	190	230	100	60	36	20	12	8	5	3	2	1	
3615	8533	2200	9999	10	20	50	70	110	140	180	220	260	310	100	60	36	20	12	8	5	3	2	1	
3616	8534	1	1800	10	20	30	40	50	60	70	80	90	100	100	60	36	20	12	8	5	3	2	1	
3617	8534	1800	2200	10	20	40	60	90	100	130	160	190	230	100	60	36	20	12	8	5	3	2	1	
3618	8534	2200	9999	10	20	50	70	110	140	180	220	260	310	100	60	36	20	12	8	5	3	2	1	
3619	8535	1	1800	10	20	30	40	50	60	70	80	90	100	100	60	36	20	12	8	5	3	2	1	
3620	8535	1800	2200	10	20	40	60	90	100	130	160	190	230	100	60	36	20	12	8	5	3	2	1	
3621	8535	2200	9999	10	20	50	70	110	140	180	220	260	310	100	60	36	20	12	8	5	3	2	1	
3622	8536	1	1800	10	20	30	40	50	60	70	80	90	100	100	60	36	20	12	8	5	3	2	1	
3623	8536	1800	2200	10	20	40	60	90	100	130	160	190	230	100	60	36	20	12	8	5	3	2	1	
3624	8536	2200	9999	10	20	50	70	110	140	180	220	260	310	100	60	36	20	12	8	5	3	2	1	
3625	8537	1	1800	10	20	30	40	50	60	70	80	90	100	100	60	36	20	12	8	5	3	2	1	
3626	8537	1800	2200	10	20	40	60	90	100	130	160	190	230	100	60	36	20	12	8	5	3	2	1	
3627	8537	2200	9999	10	20	50	70	110	140	180	220	260	310	100	60	36	20	12	8	5	3	2	1	
3628	8539	1	1800	10	20	30	40	50	60	70	80	90	100	100	60	36	20	12	8	5	3	2	1	
3629	8539	1800	2200	10	20	40	60	90	100	130	160	190	230	100	60	36	20	12	8	5	3	2	1	
3630	8539	2200	9999	10	20	50	70	110	140	180	220	260	310	100	60	36	20	12	8	5	3	2	1	
3631	8541	1	1800	10	20	30	40	50	60	70	80	90	100	100	60	36	20	12	8	5	3	2	1	
3632	8541	1800	2200	10	20	40	60	90	100	130	160	190	230	100	60	36	20	12	8	5	3	2	1	
3633	8541	2200	9999	10	20	50	70	110	140	180	220	260	310	100	60	36	20	12	8	5	3	2	1	
3634	8542	1	1800	10	20	30	40	50	60	70	80	90	100	100	60	36	20	12	8	5	3	2	1	
3635	8542	1800	2200	10	20	40	60	90	100	130	160	190	230	100	60	36	20	12	8	5	3	2	1	
3636	8542	2200	9999	10	20	50	70	110	140	180	220	260	310	100	60	36	20	12	8	5	3	2	1	
3637	8543	1	1800	10	20	30	40	50	60	70	80	90	100	100	60	36	20	12	8	5	3	2	1	
3638	8543	1800	2200	10	20	40	60	90	100	130	160	190	230	100	60	36	20	12	8	5	3	2	1	
3639	8543	2200	9999	10	20	50	70	110	140	180	220	260	310	100	60	36	20	12	8	5	3	2	1	
3640	8544	1	1800	10	20	30	40	50	60	70	80	90	100	100	60	36	20	12	8	5	3	2	1	
3641	8544	1800	2200	10	20	40	60	90	100	130	160	190	230	100	60	36	20	12	8	5	3	2	1	
3642	8544	2200	9999	10	20	50	70	110	140	180	220	260	310	100	60	36	20	12	8	5	3	2	1	
3643	8545	1	1800	10	20	30	40	50	60	70	80	90	100	100	60	36	20	12	8	5	3	2	1	
3644	8545	1800	2200	10	20	40	60	90	100	130	160	190	230	100	60	36	20	12	8	5	3	2	1	
3645	8545	2200	9999	10	20	50	70	110	140	180	220	260	310	100	60	36	20	12	8	5	3	2	1	
3646	8546	1	1800	10	20	30	40	50	60	70	80	90	100	100	60	36	20	12	8	5	3	2	1	
3647	8546	1800	2200	10	20	40	60	90	100	130	160	190	230	100	60	36	20	12	8	5	3	2	1	
3648	8546	2200	9999	10	20	50	70	110	140	180	220	260	310	100	60	36	20	12	8	5	3	2	1	
3649	8547	1	1800	10	20	30	40	50	60	70	80	90	100	100	60	36	20	12	8	5	3	2	1	
3650	8547	1800	2200	10	20	40	60	90	100	130	160	190	230	100	60	36	20	12	8	5	3	2	1	
3651	8547	2200	9999	10	20	50	70	110	140	180	220	260	310	100	60	36	20	12	8	5	3	2	1	
3652	8548	1	1800	10	20	30	40	50	60	70	80	90	100	100	60	36	20	12	8	5	3	2	1	
3653	8548	1800	2200	10	20	40	60	90	100	130	160	190	230	100	60	36	20	12	8	5	3	2	1	
3654	8548	2200	9999	10	20	50	70	110	140	180	220	260	310	100	60	36	20	12	8	5	3	2	1	
3655	8549	1	1800	10	20	30	40	50	60	70	80	90	100	100	60	36	20	12	8	5	3	2	1	
3656	8549	1800	2200	10	20	40	60	90	100	130	160	190	230	100	60	36	20	12	8	5	3	2	1	
3657	8549	2200	9999	10	20	50	70	110	140	180	220	260	310	100	60	36	20	12	8	5	3	2	1	
3658	8561	1	1800	10	20	30	40	50	60	70	80	90	100	100	60	36	20	12	8	5	3	2	1	
3659	8561	1800	2200	10	20	40	60	90	100	130	160	190	230	100	60	36	20	12	8	5	3	2	1	
3660	8561	2200	9999	10	20	50	70	110	140	180	220	260	310	100	60	36	20	12	8	5	3	2	1	
3661	8562	1	1800	10	20	30	40	50	60	70	80	90	100	100	60	36	20	12	8	5	3	2	1	
3662	8562	1800	2200	10	20	40	60	90	100	130	160	190	230	100	60	36	20	12	8	5	3	2	1	
3663	8562	2200	9999	10	20	50	70	110	140	180	220	260	310	100	60	36	20	12	8	5	3	2	1	
3664	8569	1	1800	10	20	30	40	50	60	70	80	90	100	100	60	36	20	12	8	5	3	2	1	
3665	8569	1800	2200	10	20	40	60	90	100	130	160	190	230	100	60	36	20	12	8	5	3	2	1	
3666	8569	2200	9999	10	20	50	70	110	140	180	220	260	310	100	60	36	20	12	8	5	3	2	1	
3667	8571	1	1800	10	20	30	40	50	60	70	80	90	100	100	60	36	20	12	8	5	3	2	1	
3668	8571	1800	2200	10	20	40	60	90	100	130	160	190	230	100	60	36	20	12	8	5	3	2	1	
3669	8571	2200	9999	10	20	50	70	110	140	180	220	260	310	100	60	36	20	12	8	5	3	2	1	
3670	8572	1	1800	10	20	30	40	50	60	70	80	90	100	100	60	36	20	12	8	5	3	2	1	
3671	8572	1800	2200	10	20	40	60	90	100	130	160	190	230	100	60	36	20	12	8	5	3	2	1	
3672	8572	2200	9999	10	20	50	70	110	140	180	220	260	310	100	60	36	20	12	8	5	3	2	1	
3673	8573	1	1800	10	20	30	40	50	60	70	80	90	100	100	60	36	20	12	8	5	3	2	1	
3674	8573	1800	2200	10	20	40	60	90	100	130	160	190	230	100	60	36	20	12	8	5	3	2	1	
3675	8573	2200	9999	10	20	50	70	110	140	180	220	260	310	100	60	36	20	12	8	5	3	2	1	
3676	8579	1	1800	10	20	30	40	50	60	70	80	90	100	100	60	36	20	12	8	5	3	2	1	
3677	8579	1800	2200	10	20	40	60	90	100	130	160	190	230	100	60	36	20	12	8	5	3	2	1	
3678	8579	2200	9999	10	20	50	70	110	140	180	220	260	310	100	60	36	20	12	8	5	3	2	1	
3679	8581	1	1800	10	20	30	40	50	60	70	80	90	100	100	60	36	20	12	8	5	3	2	1	
3680	8581	1800	2200	10	20	40	60	90	100	130	160	190	230	100	60	36	20	12	8	5	3	2	1	
3681	8581	2200	9999	10	20	50	70	110	140	180	220	260	310	100	60	36	20	12	8	5	3	2	1	
3682	8582	1	1800	10	20	30	40	50	60	70	80	90	100	100	60	36	20	12	8	5	3	2	1	
3683	8582	1800	2200	10	20	40	60	90	100	130	160	190	230	100	60	36	20	12	8	5	3	2	1	
3684	8582	2200	9999	10	20	50	70	110	140	180	220	260	310	100	60	36	20	12	8	5	3	2	1	
3685	8583	1	1800	10	20	30	40	50	60	70	80	90	100	100	60	36	20	12	8	5	3	2	1	
3686	8583	1800	2200	10	20	40	60	90	100	130	160	190	230	100	60	36	20	12	8	5	3	2	1	
3687	8583	2200	9999	10	20	50	70	110	140	180	220	260	310	100	60	36	20	12	8	5	3	2	1	
3688	8584	1	1800	10	20	30	40	50	60	70	80	90	100	100	60	36	20	12	8	5	3	2	1	
3689	8584	1800	2200	10	20	40	60	90	100	130	160	190	230	100	60	36	20	12	8	5	3	2	1	
3690	8584	2200	9999	10	20	50	70	110	140	180	220	260	310	100	60	36	20	12	8	5	3	2	1	
3691	8589	1	1800	10	20	30	40	50	60	70	80	90	100	100	60	36	20	12	8	5	3	2	1	
3692	8589	1800	2200	10	20	40	60	90	100	130	160	190	230	100	60	36	20	12	8	5	3	2	1	
3693	8589	2200	9999	10	20	50	70	110	140	180	220	260	310	100	60	36	20	12	8	5	3	2	1	
3694	8591	1	1800	10	20	30	40	50	60	70	80	90	100	100	60	36	20	12	8	5	3	2	1	
3695	8591	1800	2200	10	20	40	60	90	100	130	160	190	230	100	60	36	20	12	8	5	3	2	1	
3696	8591	2200	9999	10	20	50	70	110	140	180	220	260	310	100	60	36	20	12	8	5	3	2	1	
3697	8592	1	1800	10	20	30	40	50	60	70	80	90	100	100	60	36	20	12	8	5	3	2	1	
3698	8592	1800	2200	10	20	40	60	90	100	130	160	190	230	100	60	36	20	12	8	5	3	2	1	
3699	8592	2200	9999	10	20	50	70	110	140	180	220	260	310	100	60	36	20	12	8	5	3	2	1	
3700	8593	1	1800	10	20	30	40	50	60	70	80	90	100	100	60	36	20	12	8	5	3	2	1	
3701	8593	1800	2200	10	20	40	60	90	100	130	160	190	230	100	60	36	20	12	8	5	3	2	1	
3702	8593	2200	9999	10	20	50	70	110	140	180	220	260	310	100	60	36	20	12	8	5	3	2	1	
3703	8594	1	1800	10	20	30	40	50	60	70	80	90	100	100	60	36	20	12	8	5	3	2	1	
3704	8594	1800	2200	10	20	40	60	90	100	130	160	190	230	100	60	36	20	12	8	5	3	2	1	
3705	8594	2200	9999	10	20	50	70	110	140	180	220	260	310	100	60	36	20	12	8	5	3	2	1	
3706	8595	1	1800	10	20	30	40	50	60	70	80	90	100	100	60	36	20	12	8	5	3	2	1	
3707	8595	1800	2200	10	20	40	60	90	100	130	160	190	230	100	60	36	20	12	8	5	3	2	1	
3708	8595	2200	9999	10	20	50	70	110	140	180	220	260	310	100	60	36	20	12	8	5	3	2	1	
3709	8599	1	1800	10	20	30	40	50	60	70	80	90	100	100	60	36	20	12	8	5	3	2	1	
3710	8599	1800	2200	10	20	40	60	90	100	130	160	190	230	100	60	36	20	12	8	5	3	2	1	
3711	8599	2200	9999	10	20	50	70	110	140	180	220	260	310	100	60	36	20	12	8	5	3	2	1	
3712	8601	1	1800	10	20	30	40	50	60	70	80	90	100	100	60	36	20	12	8	5	3	2	1	
3713	8601	1800	2200	10	20	40	60	90	100	130	160	190	230	100	60	36	20	12	8	5	3	2	1	
3714	8601	2200	9999	10	20	50	70	110	140	180	220	260	310	100	60	36	20	12	8	5	3	2	1	
3715	8602	1	1800	10	20	30	40	50	60	70	80	90	100	100	60	36	20	12	8	5	3	2	1	
3716	8602	1800	2200	10	20	40	60	90	100	130	160	190	230	100	60	36	20	12	8	5	3	2	1	
3717	8602	2200	9999	10	20	50	70	110	140	180	220	260	310	100	60	36	20	12	8	5	3	2	1	
3718	8603	1	1800	10	20	30	40	50	60	70	80	90	100	100	60	36	20	12	8	5	3	2	1	
3719	8603	1800	2200	10	20	40	60	90	100	130	160	190	230	100	60	36	20	12	8	5	3	2	1	
3720	8603	2200	9999	10	20	50	70	110	140	180	220	260	310	100	60	36	20	12	8	5	3	2	1	
3721	8604	1	1800	10	20	30	40	50	60	70	80	90	100	100	60	36	20	12	8	5	3	2	1	
3722	8604	1800	2200	10	20	40	60	90	100	130	160	190	230	100	60	36	20	12	8	5	3	2	1	
3723	8604	2200	9999	10	20	50	70	110	140	180	220	260	310	100	60	36	20	12	8	5	3	2	1	
3724	8605	1	1800	10	20	30	40	50	60	70	80	90	100	100	60	36	20	12	8	5	3	2	1	
3725	8605	1800	2200	10	20	40	60	90	100	130	160	190	230	100	60	36	20	12	8	5	3	2	1	
3726	8605	2200	9999	10	20	50	70	110	140	180	220	260	310	100	60	36	20	12	8	5	3	2	1	
3727	8606	1	1800	10	20	30	40	50	60	70	80	90	100	100	60	36	20	12	8	5	3	2	1	
3728	8606	1800	2200	10	20	40	60	90	100	130	160	190	230	100	60	36	20	12	8	5	3	2	1	
3729	8606	2200	9999	10	20	50	70	110	140	180	220	260	310	100	60	36	20	12	8	5	3	2	1	
3730	8609	1	1800	10	20	30	40	50	60	70	80	90	100	100	60	36	20	12	8	5	3	2	1	
3731	8609	1800	2200	10	20	40	60	90	100	130	160	190	230	100	60	36	20	12	8	5	3	2	1	
3732	8609	2200	9999	10	20	50	70	110	140	180	220	260	310	100	60	36	20	12	8	5	3	2	1	
3733	8611	1	1800	10	20	30	40	50	60	70	80	90	100	100	60	36	20	12	8	5	3	2	1	
3734	8611	1800	2200	10	20	40	60	90	100	130	160	190	230	100	60	36	20	12	8	5	3	2	1	
3735	8611	2200	9999	10	20	50	70	110	140	180	220	260	310	100	60	36	20	12	8	5	3	2	1	
3736	8612	1	1800	10	20	30	40	50	60	70	80	90	100	100	60	36	20	12	8	5	3	2	1	
3737	8612	1800	2200	10	20	40	60	90	100	130	160	190	230	100	60	36	20	12	8	5	3	2	1	
3738	8612	2200	9999	10	20	50	70	110	140	180	220	260	310	100	60	36	20	12	8	5	3	2	1	
3739	8613	1	1800	10	20	30	40	50	60	70	80	90	100	100	60	36	20	12	8	5	3	2	1	
3740	8613	1800	2200	10	20	40	60	90	100	130	160	190	230	100	60	36	20	12	8	5	3	2	1	
3741	8613	2200	9999	10	20	50	70	110	140	180	220	260	310	100	60	36	20	12	8	5	3	2	1	
3742	8614	1	1800	10	20	30	40	50	60	70	80	90	100	100	60	36	20	12	8	5	3	2	1	
3743	8614	1800	2200	10	20	40	60	90	100	130	160	190	230	100	60	36	20	12	8	5	3	2	1	
3744	8614	2200	9999	10	20	50	70	110	140	180	220	260	310	100	60	36	20	12	8	5	3	2	1	
3745	8615	1	1800	10	20	30	40	50	60	70	80	90	100	100	60	36	20	12	8	5	3	2	1	
3746	8615	1800	2200	10	20	40	60	90	100	130	160	190	230	100	60	36	20	12	8	5	3	2	1	
3747	8615	2200	9999	10	20	50	70	110	140	180	220	260	310	100	60	36	20	12	8	5	3	2	1	
3748	8616	1	1800	10	20	30	40	50	60	70	80	90	100	100	60	36	20	12	8	5	3	2	1	
3749	8616	1800	2200	10	20	40	60	90	100	130	160	190	230	100	60	36	20	12	8	5	3	2	1	
3750	8616	2200	9999	10	20	50	70	110	140	180	220	260	310	100	60	36	20	12	8	5	3	2	1	
3751	8617	1	1800	10	20	30	40	50	60	70	80	90	100	100	60	36	20	12	8	5	3	2	1	
3752	8617	1800	2200	10	20	40	60	90	100	130	160	190	230	100	60	36	20	12	8	5	3	2	1	
3753	8617	2200	9999	10	20	50	70	110	140	180	220	260	310	100	60	36	20	12	8	5	3	2	1	
3754	8619	1	1800	10	20	30	40	50	60	70	80	90	100	100	60	36	20	12	8	5	3	2	1	
3755	8619	1800	2200	10	20	40	60	90	100	130	160	190	230	100	60	36	20	12	8	5	3	2	1	
3756	8619	2200	9999	10	20	50	70	110	140	180	220	260	310	100	60	36	20	12	8	5	3	2	1	
3757	8621	1	1800	10	20	30	40	50	60	70	80	90	100	100	60	36	20	12	8	5	3	2	1	
3758	8621	1800	2200	10	20	40	60	90	100	130	160	190	230	100	60	36	20	12	8	5	3	2	1	
3759	8621	2200	9999	10	20	50	70	110	140	180	220	260	310	100	60	36	20	12	8	5	3	2	1	
3760	8622	1	1800	10	20	30	40	50	60	70	80	90	100	100	60	36	20	12	8	5	3	2	1	
3761	8622	1800	2200	10	20	40	60	90	100	130	160	190	230	100	60	36	20	12	8	5	3	2	1	
3762	8622	2200	9999	10	20	50	70	110	140	180	220	260	310	100	60	36	20	12	8	5	3	2	1	
3763	8623	1	1800	10	20	30	40	50	60	70	80	90	100	100	60	36	20	12	8	5	3	2	1	
3764	8623	1800	2200	10	20	40	60	90	100	130	160	190	230	100	60	36	20	12	8	5	3	2	1	
3765	8623	2200	9999	10	20	50	70	110	140	180	220	260	310	100	60	36	20	12	8	5	3	2	1	
3766	8624	1	1800	10	20	30	40	50	60	70	80	90	100	100	60	36	20	12	8	5	3	2	1	
3767	8624	1800	2200	10	20	40	60	90	100	130	160	190	230	100	60	36	20	12	8	5	3	2	1	
3768	8624	2200	9999	10	20	50	70	110	140	180	220	260	310	100	60	36	20	12	8	5	3	2	1	
3769	8625	1	1800	10	20	30	40	50	60	70	80	90	100	100	60	36	20	12	8	5	3	2	1	
3770	8625	1800	2200	10	20	40	60	90	100	130	160	190	230	100	60	36	20	12	8	5	3	2	1	
3771	8625	2200	9999	10	20	50	70	110	140	180	220	260	310	100	60	36	20	12	8	5	3	2	1	
3772	8626	1	1800	10	20	30	40	50	60	70	80	90	100	100	60	36	20	12	8	5	3	2	1	
3773	8626	1800	2200	10	20	40	60	90	100	130	160	190	230	100	60	36	20	12	8	5	3	2	1	
3774	8626	2200	9999	10	20	50	70	110	140	180	220	260	310	100	60	36	20	12	8	5	3	2	1	
3775	8627	1	1800	10	20	30	40	50	60	70	80	90	100	100	60	36	20	12	8	5	3	2	1	
3776	8627	1800	2200	10	20	40	60	90	100	130	160	190	230	100	60	36	20	12	8	5	3	2	1	
3777	8627	2200	9999	10	20	50	70	110	140	180	220	260	310	100	60	36	20	12	8	5	3	2	1	
3778	8628	1	1800	10	20	30	40	50	60	70	80	90	100	100	60	36	20	12	8	5	3	2	1	
3779	8628	1800	2200	10	20	40	60	90	100	130	160	190	230	100	60	36	20	12	8	5	3	2	1	
3780	8628	2200	9999	10	20	50	70	110	140	180	220	260	310	100	60	36	20	12	8	5	3	2	1	
3781	8629	1	1800	10	20	30	40	50	60	70	80	90	100	100	60	36	20	12	8	5	3	2	1	
3782	8629	1800	2200	10	20	40	60	90	100	130	160	190	230	100	60	36	20	12	8	5	3	2	1	
3783	8629	2200	9999	10	20	50	70	110	140	180	220	260	310	100	60	36	20	12	8	5	3	2	1	
3784	8631	1	1800	10	20	30	40	50	60	70	80	90	100	100	60	36	20	12	8	5	3	2	1	
3785	8631	1800	2200	10	20	40	60	90	100	130	160	190	230	100	60	36	20	12	8	5	3	2	1	
3786	8631	2200	9999	10	20	50	70	110	140	180	220	260	310	100	60	36	20	12	8	5	3	2	1	
3787	8632	1	1800	10	20	30	40	50	60	70	80	90	100	100	60	36	20	12	8	5	3	2	1	
3788	8632	1800	2200	10	20	40	60	90	100	130	160	190	230	100	60	36	20	12	8	5	3	2	1	
3789	8632	2200	9999	10	20	50	70	110	140	180	220	260	310	100	60	36	20	12	8	5	3	2	1	
3790	8633	1	1800	10	20	30	40	50	60	70	80	90	100	100	60	36	20	12	8	5	3	2	1	
3791	8633	1800	2200	10	20	40	60	90	100	130	160	190	230	100	60	36	20	12	8	5	3	2	1	
3792	8633	2200	9999	10	20	50	70	110	140	180	220	260	310	100	60	36	20	12	8	5	3	2	1	
3793	8634	1	1800	10	20	30	40	50	60	70	80	90	100	100	60	36	20	12	8	5	3	2	1	
3794	8634	1800	2200	10	20	40	60	90	100	130	160	190	230	100	60	36	20	12	8	5	3	2	1	
3795	8634	2200	9999	10	20	50	70	110	140	180	220	260	310	100	60	36	20	12	8	5	3	2	1	
3796	8639	1	1800	10	20	30	40	50	60	70	80	90	100	100	60	36	20	12	8	5	3	2	1	
3797	8639	1800	2200	10	20	40	60	90	100	130	160	190	230	100	60	36	20	12	8	5	3	2	1	
3798	8639	2200	9999	10	20	50	70	110	140	180	220	260	310	100	60	36	20	12	8	5	3	2	1	
3799	8641	1	1800	10	20	30	40	50	60	70	80	90	100	100	60	36	20	12	8	5	3	2	1	
3800	8641	1800	2200	10	20	40	60	90	100	130	160	190	230	100	60	36	20	12	8	5	3	2	1	
3801	8641	2200	9999	10	20	50	70	110	140	180	220	260	310	100	60	36	20	12	8	5	3	2	1	
3802	8642	1	1800	10	20	30	40	50	60	70	80	90	100	100	60	36	20	12	8	5	3	2	1	
3803	8642	1800	2200	10	20	40	60	90	100	130	160	190	230	100	60	36	20	12	8	5	3	2	1	
3804	8642	2200	9999	10	20	50	70	110	140	180	220	260	310	100	60	36	20	12	8	5	3	2	1	
3805	8643	1	1800	10	20	30	40	50	60	70	80	90	100	100	60	36	20	12	8	5	3	2	1	
3806	8643	1800	2200	10	20	40	60	90	100	130	160	190	230	100	60	36	20	12	8	5	3	2	1	
3807	8643	2200	9999	10	20	50	70	110	140	180	220	260	310	100	60	36	20	12	8	5	3	2	1	
3808	8644	1	1800	10	20	30	40	50	60	70	80	90	100	100	60	36	20	12	8	5	3	2	1	
3809	8644	1800	2200	10	20	40	60	90	100	130	160	190	230	100	60	36	20	12	8	5	3	2	1	
3810	8644	2200	9999	10	20	50	70	110	140	180	220	260	310	100	60	36	20	12	8	5	3	2	1	
3811	8645	1	1800	10	20	30	40	50	60	70	80	90	100	100	60	36	20	12	8	5	3	2	1	
3812	8645	1800	2200	10	20	40	60	90	100	130	160	190	230	100	60	36	20	12	8	5	3	2	1	
3813	8645	2200	9999	10	20	50	70	110	140	180	220	260	310	100	60	36	20	12	8	5	3	2	1	
3814	8646	1	1800	10	20	30	40	50	60	70	80	90	100	100	60	36	20	12	8	5	3	2	1	
3815	8646	1800	2200	10	20	40	60	90	100	130	160	190	230	100	60	36	20	12	8	5	3	2	1	
3816	8646	2200	9999	10	20	50	70	110	140	180	220	260	310	100	60	36	20	12	8	5	3	2	1	
3817	8649	1	1800	10	20	30	40	50	60	70	80	90	100	100	60	36	20	12	8	5	3	2	1	
3818	8649	1800	2200	10	20	40	60	90	100	130	160	190	230	100	60	36	20	12	8	5	3	2	1	
3819	8649	2200	9999	10	20	50	70	110	140	180	220	260	310	100	60	36	20	12	8	5	3	2	1	
3820	8651	1	1800	10	20	30	40	50	60	70	80	90	100	100	60	36	20	12	8	5	3	2	1	
3821	8651	1800	2200	10	20	40	60	90	100	130	160	190	230	100	60	36	20	12	8	5	3	2	1	
3822	8651	2200	9999	10	20	50	70	110	140	180	220	260	310	100	60	36	20	12	8	5	3	2	1	
3823	8652	1	1800	10	20	30	40	50	60	70	80	90	100	100	60	36	20	12	8	5	3	2	1	
3824	8652	1800	2200	10	20	40	60	90	100	130	160	190	230	100	60	36	20	12	8	5	3	2	1	
3825	8652	2200	9999	10	20	50	70	110	140	180	220	260	310	100	60	36	20	12	8	5	3	2	1	
3826	8653	1	1800	10	20	30	40	50	60	70	80	90	100	100	60	36	20	12	8	5	3	2	1	
3827	8653	1800	2200	10	20	40	60	90	100	130	160	190	230	100	60	36	20	12	8	5	3	2	1	
3828	8653	2200	9999	10	20	50	70	110	140	180	220	260	310	100	60	36	20	12	8	5	3	2	1	
3829	8654	1	1800	10	20	30	40	50	60	70	80	90	100	100	60	36	20	12	8	5	3	2	1	
3830	8654	1800	2200	10	20	40	60	90	100	130	160	190	230	100	60	36	20	12	8	5	3	2	1	
3831	8654	2200	9999	10	20	50	70	110	140	180	220	260	310	100	60	36	20	12	8	5	3	2	1	
3832	8655	1	1800	10	20	30	40	50	60	70	80	90	100	100	60	36	20	12	8	5	3	2	1	
3833	8655	1800	2200	10	20	40	60	90	100	130	160	190	230	100	60	36	20	12	8	5	3	2	1	
3834	8655	2200	9999	10	20	50	70	110	140	180	220	260	310	100	60	36	20	12	8	5	3	2	1	
3835	8659	1	1800	10	20	30	40	50	60	70	80	90	100	100	60	36	20	12	8	5	3	2	1	
3836	8659	1800	2200	10	20	40	60	90	100	130	160	190	230	100	60	36	20	12	8	5	3	2	1	
3837	8659	2200	9999	10	20	50	70	110	140	180	220	260	310	100	60	36	20	12	8	5	3	2	1	
3838	8661	1	1800	10	20	30	40	50	60	70	80	90	100	100	60	36	20	12	8	5	3	2	1	
3839	8661	1800	2200	10	20	40	60	90	100	130	160	190	230	100	60	36	20	12	8	5	3	2	1	
3840	8661	2200	9999	10	20	50	70	110	140	180	220	260	310	100	60	36	20	12	8	5	3	2	1	
3841	8662	1	1800	10	20	30	40	50	60	70	80	90	100	100	60	36	20	12	8	5	3	2	1	
3842	8662	1800	2200	10	20	40	60	90	100	130	160	190	230	100	60	36	20	12	8	5	3	2	1	
3843	8662	2200	9999	10	20	50	70	110	140	180	220	260	310	100	60	36	20	12	8	5	3	2	1	
3844	8663	1	1800	10	20	30	40	50	60	70	80	90	100	100	60	36	20	12	8	5	3	2	1	
3845	8663	1800	2200	10	20	40	60	90	100	130	160	190	230	100	60	36	20	12	8	5	3	2	1	
3846	8663	2200	9999	10	20	50	70	110	140	180	220	260	310	100	60	36	20	12	8	5	3	2	1	
3847	8664	1	1800	10	20	30	40	50	60	70	80	90	100	100	60	36	20	12	8	5	3	2	1	
3848	8664	1800	2200	10	20	40	60	90	100	130	160	190	230	100	60	36	20	12	8	5	3	2	1	
3849	8664	2200	9999	10	20	50	70	110	140	180	220	260	310	100	60	36	20	12	8	5	3	2	1	
3850	8665	1	1800	10	20	30	40	50	60	70	80	90	100	100	60	36	20	12	8	5	3	2	1	
3851	8665	1800	2200	10	20	40	60	90	100	130	160	190	230	100	60	36	20	12	8	5	3	2	1	
3852	8665	2200	9999	10	20	50	70	110	140	180	220	260	310	100	60	36	20	12	8	5	3	2	1	
3853	8666	1	1800	10	20	30	40	50	60	70	80	90	100	100	60	36	20	12	8	5	3	2	1	
3854	8666	1800	2200	10	20	40	60	90	100	130	160	190	230	100	60	36	20	12	8	5	3	2	1	
3855	8666	2200	9999	10	20	50	70	110	140	180	220	260	310	100	60	36	20	12	8	5	3	2	1	
3856	8669	1	1800	10	20	30	40	50	60	70	80	90	100	100	60	36	20	12	8	5	3	2	1	
3857	8669	1800	2200	10	20	40	60	90	100	130	160	190	230	100	60	36	20	12	8	5	3	2	1	
3858	8669	2200	9999	10	20	50	70	110	140	180	220	260	310	100	60	36	20	12	8	5	3	2	1	
3859	8671	1	1800	10	20	30	40	50	60	70	80	90	100	100	60	36	20	12	8	5	3	2	1	
3860	8671	1800	2200	10	20	40	60	90	100	130	160	190	230	100	60	36	20	12	8	5	3	2	1	
3861	8671	2200	9999	10	20	50	70	110	140	180	220	260	310	100	60	36	20	12	8	5	3	2	1	
3862	8672	1	1800	10	20	30	40	50	60	70	80	90	100	100	60	36	20	12	8	5	3	2	1	
3863	8672	1800	2200	10	20	40	60	90	100	130	160	190	230	100	60	36	20	12	8	5	3	2	1	
3864	8672	2200	9999	10	20	50	70	110	140	180	220	260	310	100	60	36	20	12	8	5	3	2	1	
3865	8673	1	1800	10	20	30	40	50	60	70	80	90	100	100	60	36	20	12	8	5	3	2	1	
3866	8673	1800	2200	10	20	40	60	90	100	130	160	190	230	100	60	36	20	12	8	5	3	2	1	
3867	8673	2200	9999	10	20	50	70	110	140	180	220	260	310	100	60	36	20	12	8	5	3	2	1	
3868	8674	1	1800	10	20	30	40	50	60	70	80	90	100	100	60	36	20	12	8	5	3	2	1	
3869	8674	1800	2200	10	20	40	60	90	100	130	160	190	230	100	60	36	20	12	8	5	3	2	1	
3870	8674	2200	9999	10	20	50	70	110	140	180	220	260	310	100	60	36	20	12	8	5	3	2	1	
3871	8675	1	1800	10	20	30	40	50	60	70	80	90	100	100	60	36	20	12	8	5	3	2	1	
3872	8675	1800	2200	10	20	40	60	90	100	130	160	190	230	100	60	36	20	12	8	5	3	2	1	
3873	8675	2200	9999	10	20	50	70	110	140	180	220	260	310	100	60	36	20	12	8	5	3	2	1	
3874	8679	1	1800	10	20	30	40	50	60	70	80	90	100	100	60	36	20	12	8	5	3	2	1	
3875	8679	1800	2200	10	20	40	60	90	100	130	160	190	230	100	60	36	20	12	8	5	3	2	1	
3876	8679	2200	9999	10	20	50	70	110	140	180	220	260	310	100	60	36	20	12	8	5	3	2	1	
3877	8681	1	1800	10	20	30	40	50	60	70	80	90	100	100	60	36	20	12	8	5	3	2	1	
3878	8681	1800	2200	10	20	40	60	90	100	130	160	190	230	100	60	36	20	12	8	5	3	2	1	
3879	8681	2200	9999	10	20	50	70	110	140	180	220	260	310	100	60	36	20	12	8	5	3	2	1	
3880	8682	1	1800	10	20	30	40	50	60	70	80	90	100	100	60	36	20	12	8	5	3	2	1	
3881	8682	1800	2200	10	20	40	60	90	100	130	160	190	230	100	60	36	20	12	8	5	3	2	1	
3882	8682	2200	9999	10	20	50	70	110	140	180	220	260	310	100	60	36	20	12	8	5	3	2	1	
3883	8683	1	1800	10	20	30	40	50	60	70	80	90	100	100	60	36	20	12	8	5	3	2	1	
3884	8683	1800	2200	10	20	40	60	90	100	130	160	190	230	100	60	36	20	12	8	5	3	2	1	
3885	8683	2200	9999	10	20	50	70	110	140	180	220	260	310	100	60	36	20	12	8	5	3	2	1	
3886	8684	1	1800	10	20	30	40	50	60	70	80	90	100	100	60	36	20	12	8	5	3	2	1	
3887	8684	1800	2200	10	20	40	60	90	100	130	160	190	230	100	60	36	20	12	8	5	3	2	1	
3888	8684	2200	9999	10	20	50	70	110	140	180	220	260	310	100	60	36	20	12	8	5	3	2	1	
3889	8685	1	1800	10	20	30	40	50	60	70	80	90	100	100	60	36	20	12	8	5	3	2	1	
3890	8685	1800	2200	10	20	40	60	90	100	130	160	190	230	100	60	36	20	12	8	5	3	2	1	
3891	8685	2200	9999	10	20	50	70	110	140	180	220	260	310	100	60	36	20	12	8	5	3	2	1	
3892	8686	1	1800	10	20	30	40	50	60	70	80	90	100	100	60	36	20	12	8	5	3	2	1	
3893	8686	1800	2200	10	20	40	60	90	100	130	160	190	230	100	60	36	20	12	8	5	3	2	1	
3894	8686	2200	9999	10	20	50	70	110	140	180	220	260	310	100	60	36	20	12	8	5	3	2	1	
3895	8689	1	1800	10	20	30	40	50	60	70	80	90	100	100	60	36	20	12	8	5	3	2	1	
3896	8689	1800	2200	10	20	40	60	90	100	130	160	190	230	100	60	36	20	12	8	5	3	2	1	
3897	8689	2200	9999	10	20	50	70	110	140	180	220	260	310	100	60	36	20	12	8	5	3	2	1	
3898	8691	1	1800	10	20	30	40	50	60	70	80	90	100	100	60	36	20	12	8	5	3	2	1	
3899	8691	1800	2200	10	20	40	60	90	100	130	160	190	230	100	60	36	20	12	8	5	3	2	1	
3900	8691	2200	9999	10	20	50	70	110	140	180	220	260	310	100	60	36	20	12	8	5	3	2	1	
3901	8692	1	1800	10	20	30	40	50	60	70	80	90	100	100	60	36	20	12	8	5	3	2	1	
3902	8692	1800	2200	10	20	40	60	90	100	130	160	190	230	100	60	36	20	12	8	5	3	2	1	
3903	8692	2200	9999	10	20	50	70	110	140	180	220	260	310	100	60	36	20	12	8	5	3	2	1	
3904	8693	1	1800	10	20	30	40	50	60	70	80	90	100	100	60	36	20	12	8	5	3	2	1	
3905	8693	1800	2200	10	20	40	60	90	100	130	160	190	230	100	60	36	20	12	8	5	3	2	1	
3906	8693	2200	9999	10	20	50	70	110	140	180	220	260	310	100	60	36	20	12	8	5	3	2	1	
3907	8694	1	1800	10	20	30	40	50	60	70	80	90	100	100	60	36	20	12	8	5	3	2	1	
3908	8694	1800	2200	10	20	40	60	90	100	130	160	190	230	100	60	36	20	12	8	5	3	2	1	
3909	8694	2200	9999	10	20	50	70	110	140	180	220	260	310	100	60	36	20	12	8	5	3	2	1	
3910	8695	1	1800	10	20	30	40	50	60	70	80	90	100	100	60	36	20	12	8	5	3	2	1	
3911	8695	1800	2200	10	20	40	60	90	100	130	160	190	230	100	60	36	20	12	8	5	3	2	1	
3912	8695	2200	9999	10	20	50	70	110	140	180	220	260	310	100	60	36	20	12	8	5	3	2	1	
3913	8696	1	1800	10	20	30	40	50	60	70	80	90	100	100	60	36	20	12	8	5	3	2	1	
3914	8696	1800	2200	10	20	40	60	90	100	130	160	190	230	100	60	36	20	12	8	5	3	2	1	
3915	8696	2200	9999	10	20	50	70	110	140	180	220	260	310	100	60	36	20	12	8	5	3	2	1	
3916	8697	1	1800	10	20	30	40	50	60	70	80	90	100	100	60	36	20	12	8	5	3	2	1	
3917	8697	1800	2200	10	20	40	60	90	100	130	160	190	230	100	60	36	20	12	8	5	3	2	1	
3918	8697	2200	9999	10	20	50	70	110	140	180	220	260	310	100	60	36	20	12	8	5	3	2	1	
3919	8699	1	1800	10	20	30	40	50	60	70	80	90	100	100	60	36	20	12	8	5	3	2	1	
3920	8699	1800	2200	10	20	40	60	90	100	130	160	190	230	100	60	36	20	12	8	5	3	2	1	
3921	8699	2200	9999	10	20	50	70	110	140	180	220	260	310	100	60	36	20	12	8	5	3	2	1	
3922	8701	1	1800	10	20	30	40	50	60	70	80	90	100	100	60	36	20	12	8	5	3	2	1	
3923	8701	1800	2200	10	20	40	60	90	100	130	160	190	230	100	60	36	20	12	8	5	3	2	1	
3924	8701	2200	9999	10	20	50	70	110	140	180	220	260	310	100	60	36	20	12	8	5	3	2	1	
3925	8702	1	1800	10	20	30	40	50	60	70	80	90	100	100	60	36	20	12	8	5	3	2	1	
3926	8702	1800	2200	10	20	40	60	90	100	130	160	190	230	100	60	36	20	12	8	5	3	2	1	
3927	8702	2200	9999	10	20	50	70	110	140	180	220	260	310	100	60	36	20	12	8	5	3	2	1	
3928	8709	1	1800	10	20	30	40	50	60	70	80	90	100	100	60	36	20	12	8	5	3	2	1	
3929	8709	1800	2200	10	20	40	60	90	100	130	160	190	230	100	60	36	20	12	8	5	3	2	1	
3930	8709	2200	9999	10	20	50	70	110	140	180	220	260	310	100	60	36	20	12	8	5	3	2	1	
3931	8711	1	1800	10	20	30	40	50	60	70	80	90	100	100	60	36	20	12	8	5	3	2	1	
3932	8711	1800	2200	10	20	40	60	90	100	130	160	190	230	100	60	36	20	12	8	5	3	2	1	
3933	8711	2200	9999	10	20	50	70	110	140	180	220	260	310	100	60	36	20	12	8	5	3	2	1	
3934	8712	1	1800	10	20	30	40	50	60	70	80	90	100	100	60	36	20	12	8	5	3	2	1	
3935	8712	1800	2200	10	20	40	60	90	100	130	160	190	230	100	60	36	20	12	8	5	3	2	1	
3936	8712	2200	9999	10	20	50	70	110	140	180	220	260	310	100	60	36	20	12	8	5	3	2	1	
3937	8713	1	1800	10	20	30	40	50	60	70	80	90	100	100	60	36	20	12	8	5	3	2	1	
3938	8713	1800	2200	10	20	40	60	90	100	130	160	190	230	100	60	36	20	12	8	5	3	2	1	
3939	8713	2200	9999	10	20	50	70	110	140	180	220	260	310	100	60	36	20	12	8	5	3	2	1	
3940	8719	1	1800	10	20	30	40	50	60	70	80	90	100	100	60	36	20	12	8	5	3	2	1	
3941	8719	1800	2200	10	20	40	60	90	100	130	160	190	230	100	60	36	20	12	8	5	3	2	1	
3942	8719	2200	9999	10	20	50	70	110	140	180	220	260	310	100	60	36	20	12	8	5	3	2	1	
3943	8721	1	1800	10	20	30	40	50	60	70	80	90	100	100	60	36	20	12	8	5	3	2	1	
3944	8721	1800	2200	10	20	40	60	90	100	130	160	190	230	100	60	36	20	12	8	5	3	2	1	
3945	8721	2200	9999	10	20	50	70	110	140	180	220	260	310	100	60	36	20	12	8	5	3	2	1	
3946	8722	1	1800	10	20	30	40	50	60	70	80	90	100	100	60	36	20	12	8	5	3	2	1	
3947	8722	1800	2200	10	20	40	60	90	100	130	160	190	230	100	60	36	20	12	8	5	3	2	1	
3948	8722	2200	9999	10	20	50	70	110	140	180	220	260	310	100	60	36	20	12	8	5	3	2	1	
3949	8723	1	1800	10	20	30	40	50	60	70	80	90	100	100	60	36	20	12	8	5	3	2	1	
3950	8723	1800	2200	10	20	40	60	90	100	130	160	190	230	100	60	36	20	12	8	5	3	2	1	
3951	8723	2200	9999	10	20	50	70	110	140	180	220	260	310	100	60	36	20	12	8	5	3	2	1	
3952	8724	1	1800	10	20	30	40	50	60	70	80	90	100	100	60	36	20	12	8	5	3	2	1	
3953	8724	1800	2200	10	20	40	60	90	100	130	160	190	230	100	60	36	20	12	8	5	3	2	1	
3954	8724	2200	9999	10	20	50	70	110	140	180	220	260	310	100	60	36	20	12	8	5	3	2	1	
3955	8729	1	1800	10	20	30	40	50	60	70	80	90	100	100	60	36	20	12	8	5	3	2	1	
3956	8729	1800	2200	10	20	40	60	90	100	130	160	190	230	100	60	36	20	12	8	5	3	2	1	
3957	8729	2200	9999	10	20	50	70	110	140	180	220	260	310	100	60	36	20	12	8	5	3	2	1	
3958	8731	1	1800	10	20	30	40	50	60	70	80	90	100	100	60	36	20	12	8	5	3	2	1	
3959	8731	1800	2200	10	20	40	60	90	100	130	160	190	230	100	60	36	20	12	8	5	3	2	1	
3960	8731	2200	9999	10	20	50	70	110	140	180	220	260	310	100	60	36	20	12	8	5	3	2	1	
3961	8732	1	1800	10	20	30	40	50	60	70	80	90	100	100	60	36	20	12	8	5	3	2	1	
3962	8732	1800	2200	10	20	40	60	90	100	130	160	190	230	100	60	36	20	12	8	5	3	2	1	
3963	8732	2200	9999	10	20	50	70	110	140	180	220	260	310	100	60	36	20	12	8	5	3	2	1	
3964	8733	1	1800	10	20	30	40	50	60	70	80	90	100	100	60	36	20	12	8	5	3	2	1	
3965	8733	1800	2200	10	20	40	60	90	100	130	160	190	230	100	60	36	20	12	8	5	3	2	1	
3966	8733	2200	9999	10	20	50	70	110	140	180	220	260	310	100	60	36	20	12	8	5	3	2	1	
3967	8734	1	1800	10	20	30	40	50	60	70	80	90	100	100	60	36	20	12	8	5	3	2	1	
3968	8734	1800	2200	10	20	40	60	90	100	130	160	190	230	100	60	36	20	12	8	5	3	2	1	
3969	8734	2200	9999	10	20	50	70	110	140	180	220	260	310	100	60	36	20	12	8	5	3	2	1	
3970	8735	1	1800	10	20	30	40	50	60	70	80	90	100	100	60	36	20	12	8	5	3	2	1	
3971	8735	1800	2200	10	20	40	60	90	100	130	160	190	230	100	60	36	20	12	8	5	3	2	1	
3972	8735	2200	9999	10	20	50	70	110	140	180	220	260	310	100	60	36	20	12	8	5	3	2	1	
3973	8736	1	1800	10	20	30	40	50	60	70	80	90	100	100	60	36	20	12	8	5	3	2	1	
3974	8736	1800	2200	10	20	40	60	90	100	130	160	190	230	100	60	36	20	12	8	5	3	2	1	
3975	8736	2200	9999	10	20	50	70	110	140	180	220	260	310	100	60	36	20	12	8	5	3	2	1	
3976	8737	1	1800	10	20	30	40	50	60	70	80	90	100	100	60	36	20	12	8	5	3	2	1	
3977	8737	1800	2200	10	20	40	60	90	100	130	160	190	230	100	60	36	20	12	8	5	3	2	1	
3978	8737	2200	9999	10	20	50	70	110	140	180	220	260	310	100	60	36	20	12	8	5	3	2	1	
3979	8739	1	1800	10	20	30	40	50	60	70	80	90	100	100	60	36	20	12	8	5	3	2	1	
3980	8739	1800	2200	10	20	40	60	90	100	130	160	190	230	100	60	36	20	12	8	5	3	2	1	
3981	8739	2200	9999	10	20	50	70	110	140	180	220	260	310	100	60	36	20	12	8	5	3	2	1	
3982	8741	1	1800	10	20	30	40	60	70	80	90	100	120	100	60	36	20	12	8	5	3	2	1	
3983	8741	1800	2200	10	20	40	70	100	110	140	170	200	250	100	60	36	20	12	8	5	3	2	1	
3984	8741	2200	9999	10	30	50	70	120	150	200	240	280	340	100	60	36	20	12	8	5	3	2	1	
3985	8742	1	1800	10	20	30	40	60	70	80	90	100	120	100	60	36	20	12	8	5	3	2	1	
3986	8742	1800	2200	10	20	40	70	100	110	140	170	200	250	100	60	36	20	12	8	5	3	2	1	
3987	8742	2200	9999	10	30	50	70	120	150	200	240	280	340	100	60	36	20	12	8	5	3	2	1	
3988	8749	1	1800	10	20	30	40	60	70	80	90	100	120	100	60	36	20	12	8	5	3	2	1	
3989	8749	1800	2200	10	20	40	70	100	110	140	170	200	250	100	60	36	20	12	8	5	3	2	1	
3990	8749	2200	9999	10	30	50	70	120	150	200	240	280	340	100	60	36	20	12	8	5	3	2	1	
3991	8751	1	1800	10	20	30	40	60	70	80	90	100	120	100	60	36	20	12	8	5	3	2	1	
3992	8751	1800	2200	10	20	40	70	100	110	140	170	200	250	100	60	36	20	12	8	5	3	2	1	
3993	8751	2200	9999	10	30	50	70	120	150	200	240	280	340	100	60	36	20	12	8	5	3	2	1	
3994	8752	1	1800	10	20	30	40	60	70	80	90	100	120	100	60	36	20	12	8	5	3	2	1	
3995	8752	1800	2200	10	20	40	70	100	110	140	170	200	250	100	60	36	20	12	8	5	3	2	1	
3996	8752	2200	9999	10	30	50	70	120	150	200	240	280	340	100	60	36	20	12	8	5	3	2	1	
3997	8753	1	1800	10	20	30	40	60	70	80	90	100	120	100	60	36	20	12	8	5	3	2	1	
3998	8753	1800	2200	10	20	40	70	100	110	140	170	200	250	100	60	36	20	12	8	5	3	2	1	
3999	8753	2200	9999	10	30	50	70	120	150	200	240	280	340	100	60	36	20	12	8	5	3	2	1	
4000	8759	1	1800	10	20	30	40	60	70	80	90	100	120	100	60	36	20	12	8	5	3	2	1	
4001	8759	1800	2200	10	20	40	70	100	110	140	170	200	250	100	60	36	20	12	8	5	3	2	1	
4002	8759	2200	9999	10	30	50	70	120	150	200	240	280	340	100	60	36	20	12	8	5	3	2	1	
4003	8761	1	1800	10	20	30	40	60	70	80	90	100	120	100	60	36	20	12	8	5	3	2	1	
4004	8761	1800	2200	10	20	40	70	100	110	140	170	200	250	100	60	36	20	12	8	5	3	2	1	
4005	8761	2200	9999	10	30	50	70	120	150	200	240	280	340	100	60	36	20	12	8	5	3	2	1	
4006	8762	1	1800	10	20	30	40	60	70	80	90	100	120	100	60	36	20	12	8	5	3	2	1	
4007	8762	1800	2200	10	20	40	70	100	110	140	170	200	250	100	60	36	20	12	8	5	3	2	1	
4008	8762	2200	9999	10	30	50	70	120	150	200	240	280	340	100	60	36	20	12	8	5	3	2	1	
4009	8763	1	1800	10	20	30	40	60	70	80	90	100	120	100	60	36	20	12	8	5	3	2	1	
4010	8763	1800	2200	10	20	40	70	100	110	140	170	200	250	100	60	36	20	12	8	5	3	2	1	
4011	8763	2200	9999	10	30	50	70	120	150	200	240	280	340	100	60	36	20	12	8	5	3	2	1	
4012	8764	1	1800	10	20	30	40	60	70	80	90	100	120	100	60	36	20	12	8	5	3	2	1	
4013	8764	1800	2200	10	20	40	70	100	110	140	170	200	250	100	60	36	20	12	8	5	3	2	1	
4014	8764	2200	9999	10	30	50	70	120	150	200	240	280	340	100	60	36	20	12	8	5	3	2	1	
4015	8769	1	1800	10	20	30	40	60	70	80	90	100	120	100	60	36	20	12	8	5	3	2	1	
4016	8769	1800	2200	10	20	40	70	100	110	140	170	200	250	100	60	36	20	12	8	5	3	2	1	
4017	8769	2200	9999	10	30	50	70	120	150	200	240	280	340	100	60	36	20	12	8	5	3	2	1	
4018	8771	1	1800	10	20	30	40	60	70	80	90	100	120	100	60	36	20	12	8	5	3	2	1	
4019	8771	1800	2200	10	20	40	70	100	110	140	170	200	250	100	60	36	20	12	8	5	3	2	1	
4020	8771	2200	9999	10	30	50	70	120	150	200	240	280	340	100	60	36	20	12	8	5	3	2	1	
4021	8772	1	1800	10	20	30	40	60	70	80	90	100	120	100	60	36	20	12	8	5	3	2	1	
4022	8772	1800	2200	10	20	40	70	100	110	140	170	200	250	100	60	36	20	12	8	5	3	2	1	
4023	8772	2200	9999	10	30	50	70	120	150	200	240	280	340	100	60	36	20	12	8	5	3	2	1	
4024	8773	1	1800	10	20	30	40	60	70	80	90	100	120	100	60	36	20	12	8	5	3	2	1	
4025	8773	1800	2200	10	20	40	70	100	110	140	170	200	250	100	60	36	20	12	8	5	3	2	1	
4026	8773	2200	9999	10	30	50	70	120	150	200	240	280	340	100	60	36	20	12	8	5	3	2	1	
4027	8774	1	1800	10	20	30	40	60	70	80	90	100	120	100	60	36	20	12	8	5	3	2	1	
4028	8774	1800	2200	10	20	40	70	100	110	140	170	200	250	100	60	36	20	12	8	5	3	2	1	
4029	8774	2200	9999	10	30	50	70	120	150	200	240	280	340	100	60	36	20	12	8	5	3	2	1	
4030	8775	1	1800	10	20	30	40	60	70	80	90	100	120	100	60	36	20	12	8	5	3	2	1	
4031	8775	1800	2200	10	20	40	70	100	110	140	170	200	250	100	60	36	20	12	8	5	3	2	1	
4032	8775	2200	9999	10	30	50	70	120	150	200	240	280	340	100	60	36	20	12	8	5	3	2	1	
4033	8779	1	1800	10	20	30	40	60	70	80	90	100	120	100	60	36	20	12	8	5	3	2	1	
4034	8779	1800	2200	10	20	40	70	100	110	140	170	200	250	100	60	36	20	12	8	5	3	2	1	
4035	8779	2200	9999	10	30	50	70	120	150	200	240	280	340	100	60	36	20	12	8	5	3	2	1	
4036	8781	1	1800	10	20	30	40	60	70	80	90	100	120	100	60	36	20	12	8	5	3	2	1	
4037	8781	1800	2200	10	20	40	70	100	110	140	170	200	250	100	60	36	20	12	8	5	3	2	1	
4038	8781	2200	9999	10	30	50	70	120	150	200	240	280	340	100	60	36	20	12	8	5	3	2	1	
4039	8782	1	1800	10	20	30	40	60	70	80	90	100	120	100	60	36	20	12	8	5	3	2	1	
4040	8782	1800	2200	10	20	40	70	100	110	140	170	200	250	100	60	36	20	12	8	5	3	2	1	
4041	8782	2200	9999	10	30	50	70	120	150	200	240	280	340	100	60	36	20	12	8	5	3	2	1	
4042	8783	1	1800	10	20	30	40	60	70	80	90	100	120	100	60	36	20	12	8	5	3	2	1	
4043	8783	1800	2200	10	20	40	70	100	110	140	170	200	250	100	60	36	20	12	8	5	3	2	1	
4044	8783	2200	9999	10	30	50	70	120	150	200	240	280	340	100	60	36	20	12	8	5	3	2	1	
4045	8784	1	1800	10	20	30	40	60	70	80	90	100	120	100	60	36	20	12	8	5	3	2	1	
4046	8784	1800	2200	10	20	40	70	100	110	140	170	200	250	100	60	36	20	12	8	5	3	2	1	
4047	8784	2200	9999	10	30	50	70	120	150	200	240	280	340	100	60	36	20	12	8	5	3	2	1	
4048	8785	1	1800	10	20	30	40	60	70	80	90	100	120	100	60	36	20	12	8	5	3	2	1	
4049	8785	1800	2200	10	20	40	70	100	110	140	170	200	250	100	60	36	20	12	8	5	3	2	1	
4050	8785	2200	9999	10	30	50	70	120	150	200	240	280	340	100	60	36	20	12	8	5	3	2	1	
4051	8786	1	1800	10	20	30	40	60	70	80	90	100	120	100	60	36	20	12	8	5	3	2	1	
4052	8786	1800	2200	10	20	40	70	100	110	140	170	200	250	100	60	36	20	12	8	5	3	2	1	
4053	8786	2200	9999	10	30	50	70	120	150	200	240	280	340	100	60	36	20	12	8	5	3	2	1	
4054	8789	1	1800	10	20	30	40	60	70	80	90	100	120	100	60	36	20	12	8	5	3	2	1	
4055	8789	1800	2200	10	20	40	70	100	110	140	170	200	250	100	60	36	20	12	8	5	3	2	1	
4056	8789	2200	9999	10	30	50	70	120	150	200	240	280	340	100	60	36	20	12	8	5	3	2	1	
4057	8791	1	1800	10	20	30	40	60	70	80	90	100	120	100	60	36	20	12	8	5	3	2	1	
4058	8791	1800	2200	10	20	40	70	100	110	140	170	200	250	100	60	36	20	12	8	5	3	2	1	
4059	8791	2200	9999	10	30	50	70	120	150	200	240	280	340	100	60	36	20	12	8	5	3	2	1	
4060	8792	1	1800	10	20	30	40	60	70	80	90	100	120	100	60	36	20	12	8	5	3	2	1	
4061	8792	1800	2200	10	20	40	70	100	110	140	170	200	250	100	60	36	20	12	8	5	3	2	1	
4062	8792	2200	9999	10	30	50	70	120	150	200	240	280	340	100	60	36	20	12	8	5	3	2	1	
4063	8793	1	1800	10	20	30	40	60	70	80	90	100	120	100	60	36	20	12	8	5	3	2	1	
4064	8793	1800	2200	10	20	40	70	100	110	140	170	200	250	100	60	36	20	12	8	5	3	2	1	
4065	8793	2200	9999	10	30	50	70	120	150	200	240	280	340	100	60	36	20	12	8	5	3	2	1	
4066	8794	1	1800	10	20	30	40	60	70	80	90	100	120	100	60	36	20	12	8	5	3	2	1	
4067	8794	1800	2200	10	20	40	70	100	110	140	170	200	250	100	60	36	20	12	8	5	3	2	1	
4068	8794	2200	9999	10	30	50	70	120	150	200	240	280	340	100	60	36	20	12	8	5	3	2	1	
4069	8795	1	1800	10	20	30	40	60	70	80	90	100	120	100	60	36	20	12	8	5	3	2	1	
4070	8795	1800	2200	10	20	40	70	100	110	140	170	200	250	100	60	36	20	12	8	5	3	2	1	
4071	8795	2200	9999	10	30	50	70	120	150	200	240	280	340	100	60	36	20	12	8	5	3	2	1	
4072	8796	1	1800	10	20	30	40	60	70	80	90	100	120	100	60	36	20	12	8	5	3	2	1	
4073	8796	1800	2200	10	20	40	70	100	110	140	170	200	250	100	60	36	20	12	8	5	3	2	1	
4074	8796	2200	9999	10	30	50	70	120	150	200	240	280	340	100	60	36	20	12	8	5	3	2	1	
4075	8797	1	1800	10	20	30	40	60	70	80	90	100	120	100	60	36	20	12	8	5	3	2	1	
4076	8797	1800	2200	10	20	40	70	100	110	140	170	200	250	100	60	36	20	12	8	5	3	2	1	
4077	8797	2200	9999	10	30	50	70	120	150	200	240	280	340	100	60	36	20	12	8	5	3	2	1	
4078	8799	1	1800	10	20	30	40	60	70	80	90	100	120	100	60	36	20	12	8	5	3	2	1	
4079	8799	1800	2200	10	20	40	70	100	110	140	170	200	250	100	60	36	20	12	8	5	3	2	1	
4080	8799	2200	9999	10	30	50	70	120	150	200	240	280	340	100	60	36	20	12	8	5	3	2	1	
4081	8801	1	1800	10	20	30	40	60	70	80	90	100	120	100	60	36	20	12	8	5	3	2	1	
4082	8801	1800	2200	10	20	40	70	100	110	140	170	200	250	100	60	36	20	12	8	5	3	2	1	
4083	8801	2200	9999	10	30	50	70	120	150	200	240	280	340	100	60	36	20	12	8	5	3	2	1	
4084	8802	1	1800	10	20	30	40	60	70	80	90	100	120	100	60	36	20	12	8	5	3	2	1	
4085	8802	1800	2200	10	20	40	70	100	110	140	170	200	250	100	60	36	20	12	8	5	3	2	1	
4086	8802	2200	9999	10	30	50	70	120	150	200	240	280	340	100	60	36	20	12	8	5	3	2	1	
4087	8803	1	1800	10	20	30	40	60	70	80	90	100	120	100	60	36	20	12	8	5	3	2	1	
4088	8803	1800	2200	10	20	40	70	100	110	140	170	200	250	100	60	36	20	12	8	5	3	2	1	
4089	8803	2200	9999	10	30	50	70	120	150	200	240	280	340	100	60	36	20	12	8	5	3	2	1	
4090	8804	1	1800	10	20	30	40	60	70	80	90	100	120	100	60	36	20	12	8	5	3	2	1	
4091	8804	1800	2200	10	20	40	70	100	110	140	170	200	250	100	60	36	20	12	8	5	3	2	1	
4092	8804	2200	9999	10	30	50	70	120	150	200	240	280	340	100	60	36	20	12	8	5	3	2	1	
4093	8805	1	1800	10	20	30	40	60	70	80	90	100	120	100	60	36	20	12	8	5	3	2	1	
4094	8805	1800	2200	10	20	40	70	100	110	140	170	200	250	100	60	36	20	12	8	5	3	2	1	
4095	8805	2200	9999	10	30	50	70	120	150	200	240	280	340	100	60	36	20	12	8	5	3	2	1	
4096	8806	1	1800	10	20	30	40	60	70	80	90	100	120	100	60	36	20	12	8	5	3	2	1	
4097	8806	1800	2200	10	20	40	70	100	110	140	170	200	250	100	60	36	20	12	8	5	3	2	1	
4098	8806	2200	9999	10	30	50	70	120	150	200	240	280	340	100	60	36	20	12	8	5	3	2	1	
4099	8807	1	1800	10	20	30	40	60	70	80	90	100	120	100	60	36	20	12	8	5	3	2	1	
4100	8807	1800	2200	10	20	40	70	100	110	140	170	200	250	100	60	36	20	12	8	5	3	2	1	
4101	8807	2200	9999	10	30	50	70	120	150	200	240	280	340	100	60	36	20	12	8	5	3	2	1	
4102	8808	1	1800	10	20	30	40	60	70	80	90	100	120	100	60	36	20	12	8	5	3	2	1	
4103	8808	1800	2200	10	20	40	70	100	110	140	170	200	250	100	60	36	20	12	8	5	3	2	1	
4104	8808	2200	9999	10	30	50	70	120	150	200	240	280	340	100	60	36	20	12	8	5	3	2	1	
4105	8809	1	1800	10	20	30	40	60	70	80	90	100	120	100	60	36	20	12	8	5	3	2	1	
4106	8809	1800	2200	10	20	40	70	100	110	140	170	200	250	100	60	36	20	12	8	5	3	2	1	
4107	8809	2200	9999	10	30	50	70	120	150	200	240	280	340	100	60	36	20	12	8	5	3	2	1	
4108	8811	1	1800	10	20	30	40	50	60	70	80	90	100	100	60	36	20	12	8	5	3	2	1	
4109	8811	1800	2200	10	20	40	60	90	100	130	160	190	230	100	60	36	20	12	8	5	3	2	1	
4110	8811	2200	9999	10	20	50	70	110	140	180	220	260	310	100	60	36	20	12	8	5	3	2	1	
4111	8812	1	1800	10	20	30	40	50	60	70	80	90	100	100	60	36	20	12	8	5	3	2	1	
4112	8812	1800	2200	10	20	40	60	90	100	130	160	190	230	100	60	36	20	12	8	5	3	2	1	
4113	8812	2200	9999	10	20	50	70	110	140	180	220	260	310	100	60	36	20	12	8	5	3	2	1	
4114	8819	1	1800	10	20	30	40	50	60	70	80	90	100	100	60	36	20	12	8	5	3	2	1	
4115	8819	1800	2200	10	20	40	60	90	100	130	160	190	230	100	60	36	20	12	8	5	3	2	1	
4116	8819	2200	9999	10	20	50	70	110	140	180	220	260	310	100	60	36	20	12	8	5	3	2	1	
4117	8821	1	1800	10	20	30	40	50	60	70	80	90	100	100	60	36	20	12	8	5	3	2	1	
4118	8821	1800	2200	10	20	40	60	90	100	130	160	190	230	100	60	36	20	12	8	5	3	2	1	
4119	8821	2200	9999	10	20	50	70	110	140	180	220	260	310	100	60	36	20	12	8	5	3	2	1	
4120	8822	1	1800	10	20	30	40	50	60	70	80	90	100	100	60	36	20	12	8	5	3	2	1	
4121	8822	1800	2200	10	20	40	60	90	100	130	160	190	230	100	60	36	20	12	8	5	3	2	1	
4122	8822	2200	9999	10	20	50	70	110	140	180	220	260	310	100	60	36	20	12	8	5	3	2	1	
4123	8823	1	1800	10	20	30	40	50	60	70	80	90	100	100	60	36	20	12	8	5	3	2	1	
4124	8823	1800	2200	10	20	40	60	90	100	130	160	190	230	100	60	36	20	12	8	5	3	2	1	
4125	8823	2200	9999	10	20	50	70	110	140	180	220	260	310	100	60	36	20	12	8	5	3	2	1	
4126	8829	1	1800	10	20	30	40	50	60	70	80	90	100	100	60	36	20	12	8	5	3	2	1	
4127	8829	1800	2200	10	20	40	60	90	100	130	160	190	230	100	60	36	20	12	8	5	3	2	1	
4128	8829	2200	9999	10	20	50	70	110	140	180	220	260	310	100	60	36	20	12	8	5	3	2	1	
4129	8831	1	1800	10	20	30	40	50	60	70	80	90	100	100	60	36	20	12	8	5	3	2	1	
4130	8831	1800	2200	10	20	40	60	90	100	130	160	190	230	100	60	36	20	12	8	5	3	2	1	
4131	8831	2200	9999	10	20	50	70	110	140	180	220	260	310	100	60	36	20	12	8	5	3	2	1	
4132	8832	1	1800	10	20	30	40	50	60	70	80	90	100	100	60	36	20	12	8	5	3	2	1	
4133	8832	1800	2200	10	20	40	60	90	100	130	160	190	230	100	60	36	20	12	8	5	3	2	1	
4134	8832	2200	9999	10	20	50	70	110	140	180	220	260	310	100	60	36	20	12	8	5	3	2	1	
4135	8833	1	1800	10	20	30	40	50	60	70	80	90	100	100	60	36	20	12	8	5	3	2	1	
4136	8833	1800	2200	10	20	40	60	90	100	130	160	190	230	100	60	36	20	12	8	5	3	2	1	
4137	8833	2200	9999	10	20	50	70	110	140	180	220	260	310	100	60	36	20	12	8	5	3	2	1	
4138	8834	1	1800	10	20	30	40	50	60	70	80	90	100	100	60	36	20	12	8	5	3	2	1	
4139	8834	1800	2200	10	20	40	60	90	100	130	160	190	230	100	60	36	20	12	8	5	3	2	1	
4140	8834	2200	9999	10	20	50	70	110	140	180	220	260	310	100	60	36	20	12	8	5	3	2	1	
4141	8839	1	1800	10	20	30	40	50	60	70	80	90	100	100	60	36	20	12	8	5	3	2	1	
4142	8839	1800	2200	10	20	40	60	90	100	130	160	190	230	100	60	36	20	12	8	5	3	2	1	
4143	8839	2200	9999	10	20	50	70	110	140	180	220	260	310	100	60	36	20	12	8	5	3	2	1	
4144	8841	1	1800	10	20	30	40	50	60	70	80	90	100	100	60	36	20	12	8	5	3	2	1	
4145	8841	1800	2200	10	20	40	60	90	100	130	160	190	230	100	60	36	20	12	8	5	3	2	1	
4146	8841	2200	9999	10	20	50	70	110	140	180	220	260	310	100	60	36	20	12	8	5	3	2	1	
4147	8842	1	1800	10	20	30	40	50	60	70	80	90	100	100	60	36	20	12	8	5	3	2	1	
4148	8842	1800	2200	10	20	40	60	90	100	130	160	190	230	100	60	36	20	12	8	5	3	2	1	
4149	8842	2200	9999	10	20	50	70	110	140	180	220	260	310	100	60	36	20	12	8	5	3	2	1	
4150	8843	1	1800	10	20	30	40	50	60	70	80	90	100	100	60	36	20	12	8	5	3	2	1	
4151	8843	1800	2200	10	20	40	60	90	100	130	160	190	230	100	60	36	20	12	8	5	3	2	1	
4152	8843	2200	9999	10	20	50	70	110	140	180	220	260	310	100	60	36	20	12	8	5	3	2	1	
4153	8844	1	1800	10	20	30	40	50	60	70	80	90	100	100	60	36	20	12	8	5	3	2	1	
4154	8844	1800	2200	10	20	40	60	90	100	130	160	190	230	100	60	36	20	12	8	5	3	2	1	
4155	8844	2200	9999	10	20	50	70	110	140	180	220	260	310	100	60	36	20	12	8	5	3	2	1	
4156	8845	1	1800	10	20	30	40	50	60	70	80	90	100	100	60	36	20	12	8	5	3	2	1	
4157	8845	1800	2200	10	20	40	60	90	100	130	160	190	230	100	60	36	20	12	8	5	3	2	1	
4158	8845	2200	9999	10	20	50	70	110	140	180	220	260	310	100	60	36	20	12	8	5	3	2	1	
4159	8849	1	1800	10	20	30	40	50	60	70	80	90	100	100	60	36	20	12	8	5	3	2	1	
4160	8849	1800	2200	10	20	40	60	90	100	130	160	190	230	100	60	36	20	12	8	5	3	2	1	
4161	8849	2200	9999	10	20	50	70	110	140	180	220	260	310	100	60	36	20	12	8	5	3	2	1	
4162	8851	1	1800	10	20	30	40	50	60	70	80	90	100	100	60	36	20	12	8	5	3	2	1	
4163	8851	1800	2200	10	20	40	60	90	100	130	160	190	230	100	60	36	20	12	8	5	3	2	1	
4164	8851	2200	9999	10	20	50	70	110	140	180	220	260	310	100	60	36	20	12	8	5	3	2	1	
4165	8852	1	1800	10	20	30	40	50	60	70	80	90	100	100	60	36	20	12	8	5	3	2	1	
4166	8852	1800	2200	10	20	40	60	90	100	130	160	190	230	100	60	36	20	12	8	5	3	2	1	
4167	8852	2200	9999	10	20	50	70	110	140	180	220	260	310	100	60	36	20	12	8	5	3	2	1	
4168	8853	1	1800	10	20	30	40	50	60	70	80	90	100	100	60	36	20	12	8	5	3	2	1	
4169	8853	1800	2200	10	20	40	60	90	100	130	160	190	230	100	60	36	20	12	8	5	3	2	1	
4170	8853	2200	9999	10	20	50	70	110	140	180	220	260	310	100	60	36	20	12	8	5	3	2	1	
4171	8854	1	1800	10	20	30	40	50	60	70	80	90	100	100	60	36	20	12	8	5	3	2	1	
4172	8854	1800	2200	10	20	40	60	90	100	130	160	190	230	100	60	36	20	12	8	5	3	2	1	
4173	8854	2200	9999	10	20	50	70	110	140	180	220	260	310	100	60	36	20	12	8	5	3	2	1	
4174	8855	1	1800	10	20	30	40	50	60	70	80	90	100	100	60	36	20	12	8	5	3	2	1	
4175	8855	1800	2200	10	20	40	60	90	100	130	160	190	230	100	60	36	20	12	8	5	3	2	1	
4176	8855	2200	9999	10	20	50	70	110	140	180	220	260	310	100	60	36	20	12	8	5	3	2	1	
4177	8856	1	1800	10	20	30	40	50	60	70	80	90	100	100	60	36	20	12	8	5	3	2	1	
4178	8856	1800	2200	10	20	40	60	90	100	130	160	190	230	100	60	36	20	12	8	5	3	2	1	
4179	8856	2200	9999	10	20	50	70	110	140	180	220	260	310	100	60	36	20	12	8	5	3	2	1	
4180	8859	1	1800	10	20	30	40	50	60	70	80	90	100	100	60	36	20	12	8	5	3	2	1	
4181	8859	1800	2200	10	20	40	60	90	100	130	160	190	230	100	60	36	20	12	8	5	3	2	1	
4182	8859	2200	9999	10	20	50	70	110	140	180	220	260	310	100	60	36	20	12	8	5	3	2	1	
4183	8861	1	1800	10	20	30	40	50	60	70	80	90	100	100	60	36	20	12	8	5	3	2	1	
4184	8861	1800	2200	10	20	40	60	90	100	130	160	190	230	100	60	36	20	12	8	5	3	2	1	
4185	8861	2200	9999	10	20	50	70	110	140	180	220	260	310	100	60	36	20	12	8	5	3	2	1	
4186	8862	1	1800	10	20	30	40	50	60	70	80	90	100	100	60	36	20	12	8	5	3	2	1	
4187	8862	1800	2200	10	20	40	60	90	100	130	160	190	230	100	60	36	20	12	8	5	3	2	1	
4188	8862	2200	9999	10	20	50	70	110	140	180	220	260	310	100	60	36	20	12	8	5	3	2	1	
4189	8863	1	1800	10	20	30	40	50	60	70	80	90	100	100	60	36	20	12	8	5	3	2	1	
4190	8863	1800	2200	10	20	40	60	90	100	130	160	190	230	100	60	36	20	12	8	5	3	2	1	
4191	8863	2200	9999	10	20	50	70	110	140	180	220	260	310	100	60	36	20	12	8	5	3	2	1	
4192	8864	1	1800	10	20	30	40	50	60	70	80	90	100	100	60	36	20	12	8	5	3	2	1	
4193	8864	1800	2200	10	20	40	60	90	100	130	160	190	230	100	60	36	20	12	8	5	3	2	1	
4194	8864	2200	9999	10	20	50	70	110	140	180	220	260	310	100	60	36	20	12	8	5	3	2	1	
4195	8865	1	1800	10	20	30	40	50	60	70	80	90	100	100	60	36	20	12	8	5	3	2	1	
4196	8865	1800	2200	10	20	40	60	90	100	130	160	190	230	100	60	36	20	12	8	5	3	2	1	
4197	8865	2200	9999	10	20	50	70	110	140	180	220	260	310	100	60	36	20	12	8	5	3	2	1	
4198	8866	1	1800	10	20	30	40	50	60	70	80	90	100	100	60	36	20	12	8	5	3	2	1	
4199	8866	1800	2200	10	20	40	60	90	100	130	160	190	230	100	60	36	20	12	8	5	3	2	1	
4200	8866	2200	9999	10	20	50	70	110	140	180	220	260	310	100	60	36	20	12	8	5	3	2	1	
4201	8867	1	1800	10	20	30	40	50	60	70	80	90	100	100	60	36	20	12	8	5	3	2	1	
4202	8867	1800	2200	10	20	40	60	90	100	130	160	190	230	100	60	36	20	12	8	5	3	2	1	
4203	8867	2200	9999	10	20	50	70	110	140	180	220	260	310	100	60	36	20	12	8	5	3	2	1	
4204	8869	1	1800	10	20	30	40	50	60	70	80	90	100	100	60	36	20	12	8	5	3	2	1	
4205	8869	1800	2200	10	20	40	60	90	100	130	160	190	230	100	60	36	20	12	8	5	3	2	1	
4206	8869	2200	9999	10	20	50	70	110	140	180	220	260	310	100	60	36	20	12	8	5	3	2	1	
4207	8871	1	1800	10	20	30	40	50	60	70	80	90	100	100	60	36	20	12	8	5	3	2	1	
4208	8871	1800	2200	10	20	40	60	90	100	130	160	190	230	100	60	36	20	12	8	5	3	2	1	
4209	8871	2200	9999	10	20	50	70	110	140	180	220	260	310	100	60	36	20	12	8	5	3	2	1	
4210	8872	1	1800	10	20	30	40	50	60	70	80	90	100	100	60	36	20	12	8	5	3	2	1	
4211	8872	1800	2200	10	20	40	60	90	100	130	160	190	230	100	60	36	20	12	8	5	3	2	1	
4212	8872	2200	9999	10	20	50	70	110	140	180	220	260	310	100	60	36	20	12	8	5	3	2	1	
4213	8873	1	1800	10	20	30	40	50	60	70	80	90	100	100	60	36	20	12	8	5	3	2	1	
4214	8873	1800	2200	10	20	40	60	90	100	130	160	190	230	100	60	36	20	12	8	5	3	2	1	
4215	8873	2200	9999	10	20	50	70	110	140	180	220	260	310	100	60	36	20	12	8	5	3	2	1	
4216	8874	1	1800	10	20	30	40	50	60	70	80	90	100	100	60	36	20	12	8	5	3	2	1	
4217	8874	1800	2200	10	20	40	60	90	100	130	160	190	230	100	60	36	20	12	8	5	3	2	1	
4218	8874	2200	9999	10	20	50	70	110	140	180	220	260	310	100	60	36	20	12	8	5	3	2	1	
4219	8875	1	1800	10	20	30	40	50	60	70	80	90	100	100	60	36	20	12	8	5	3	2	1	
4220	8875	1800	2200	10	20	40	60	90	100	130	160	190	230	100	60	36	20	12	8	5	3	2	1	
4221	8875	2200	9999	10	20	50	70	110	140	180	220	260	310	100	60	36	20	12	8	5	3	2	1	
4222	8876	1	1800	10	20	30	40	50	60	70	80	90	100	100	60	36	20	12	8	5	3	2	1	
4223	8876	1800	2200	10	20	40	60	90	100	130	160	190	230	100	60	36	20	12	8	5	3	2	1	
4224	8876	2200	9999	10	20	50	70	110	140	180	220	260	310	100	60	36	20	12	8	5	3	2	1	
4225	8877	1	1800	10	20	30	40	50	60	70	80	90	100	100	60	36	20	12	8	5	3	2	1	
4226	8877	1800	2200	10	20	40	60	90	100	130	160	190	230	100	60	36	20	12	8	5	3	2	1	
4227	8877	2200	9999	10	20	50	70	110	140	180	220	260	310	100	60	36	20	12	8	5	3	2	1	
4228	8878	1	1800	10	20	30	40	50	60	70	80	90	100	100	60	36	20	12	8	5	3	2	1	
4229	8878	1800	2200	10	20	40	60	90	100	130	160	190	230	100	60	36	20	12	8	5	3	2	1	
4230	8878	2200	9999	10	20	50	70	110	140	180	220	260	310	100	60	36	20	12	8	5	3	2	1	
4231	8879	1	1800	10	20	30	40	50	60	70	80	90	100	100	60	36	20	12	8	5	3	2	1	
4232	8879	1800	2200	10	20	40	60	90	100	130	160	190	230	100	60	36	20	12	8	5	3	2	1	
4233	8879	2200	9999	10	20	50	70	110	140	180	220	260	310	100	60	36	20	12	8	5	3	2	1	
4234	8881	1	1800	10	20	30	40	50	60	70	80	90	100	100	60	36	20	12	8	5	3	2	1	
4235	8881	1800	2200	10	20	40	60	90	100	130	160	190	230	100	60	36	20	12	8	5	3	2	1	
4236	8881	2200	9999	10	20	50	70	110	140	180	220	260	310	100	60	36	20	12	8	5	3	2	1	
4237	8882	1	1800	10	20	30	40	50	60	70	80	90	100	100	60	36	20	12	8	5	3	2	1	
4238	8882	1800	2200	10	20	40	60	90	100	130	160	190	230	100	60	36	20	12	8	5	3	2	1	
4239	8882	2200	9999	10	20	50	70	110	140	180	220	260	310	100	60	36	20	12	8	5	3	2	1	
4240	8889	1	1800	10	20	30	40	50	60	70	80	90	100	100	60	36	20	12	8	5	3	2	1	
4241	8889	1800	2200	10	20	40	60	90	100	130	160	190	230	100	60	36	20	12	8	5	3	2	1	
4242	8889	2200	9999	10	20	50	70	110	140	180	220	260	310	100	60	36	20	12	8	5	3	2	1	
4243	8891	1	1800	10	20	30	40	50	60	70	80	90	100	100	60	36	20	12	8	5	3	2	1	
4244	8891	1800	2200	10	20	40	60	90	100	130	160	190	230	100	60	36	20	12	8	5	3	2	1	
4245	8891	2200	9999	10	20	50	70	110	140	180	220	260	310	100	60	36	20	12	8	5	3	2	1	
4246	8892	1	1800	10	20	30	40	50	60	70	80	90	100	100	60	36	20	12	8	5	3	2	1	
4247	8892	1800	2200	10	20	40	60	90	100	130	160	190	230	100	60	36	20	12	8	5	3	2	1	
4248	8892	2200	9999	10	20	50	70	110	140	180	220	260	310	100	60	36	20	12	8	5	3	2	1	
4249	8893	1	1800	10	20	30	40	50	60	70	80	90	100	100	60	36	20	12	8	5	3	2	1	
4250	8893	1800	2200	10	20	40	60	90	100	130	160	190	230	100	60	36	20	12	8	5	3	2	1	
4251	8893	2200	9999	10	20	50	70	110	140	180	220	260	310	100	60	36	20	12	8	5	3	2	1	
4252	8899	1	1800	10	20	30	40	50	60	70	80	90	100	100	60	36	20	12	8	5	3	2	1	
4253	8899	1800	2200	10	20	40	60	90	100	130	160	190	230	100	60	36	20	12	8	5	3	2	1	
4254	8899	2200	9999	10	20	50	70	110	140	180	220	260	310	100	60	36	20	12	8	5	3	2	1	
4255	8901	1	1800	10	20	30	40	50	60	70	80	90	100	100	60	36	20	12	8	5	3	2	1	
4256	8901	1800	2200	10	20	40	60	90	100	130	160	190	230	100	60	36	20	12	8	5	3	2	1	
4257	8901	2200	9999	10	20	50	70	110	140	180	220	260	310	100	60	36	20	12	8	5	3	2	1	
4258	8902	1	1800	10	20	30	40	50	60	70	80	90	100	100	60	36	20	12	8	5	3	2	1	
4259	8902	1800	2200	10	20	40	60	90	100	130	160	190	230	100	60	36	20	12	8	5	3	2	1	
4260	8902	2200	9999	10	20	50	70	110	140	180	220	260	310	100	60	36	20	12	8	5	3	2	1	
4261	8903	1	1800	10	20	30	40	50	60	70	80	90	100	100	60	36	20	12	8	5	3	2	1	
4262	8903	1800	2200	10	20	40	60	90	100	130	160	190	230	100	60	36	20	12	8	5	3	2	1	
4263	8903	2200	9999	10	20	50	70	110	140	180	220	260	310	100	60	36	20	12	8	5	3	2	1	
4264	8904	1	1800	10	20	30	40	50	60	70	80	90	100	100	60	36	20	12	8	5	3	2	1	
4265	8904	1800	2200	10	20	40	60	90	100	130	160	190	230	100	60	36	20	12	8	5	3	2	1	
4266	8904	2200	9999	10	20	50	70	110	140	180	220	260	310	100	60	36	20	12	8	5	3	2	1	
4267	8909	1	1800	10	20	30	40	50	60	70	80	90	100	100	60	36	20	12	8	5	3	2	1	
4268	8909	1800	2200	10	20	40	60	90	100	130	160	190	230	100	60	36	20	12	8	5	3	2	1	
4269	8909	2200	9999	10	20	50	70	110	140	180	220	260	310	100	60	36	20	12	8	5	3	2	1	
4270	8911	1	1800	10	20	30	40	50	60	70	80	90	100	100	60	36	20	12	8	5	3	2	1	
4271	8911	1800	2200	10	20	40	60	90	100	130	160	190	230	100	60	36	20	12	8	5	3	2	1	
4272	8911	2200	9999	10	20	50	70	110	140	180	220	260	310	100	60	36	20	12	8	5	3	2	1	
4273	8912	1	1800	10	20	30	40	50	60	70	80	90	100	100	60	36	20	12	8	5	3	2	1	
4274	8912	1800	2200	10	20	40	60	90	100	130	160	190	230	100	60	36	20	12	8	5	3	2	1	
4275	8912	2200	9999	10	20	50	70	110	140	180	220	260	310	100	60	36	20	12	8	5	3	2	1	
4276	8913	1	1800	10	20	30	40	50	60	70	80	90	100	100	60	36	20	12	8	5	3	2	1	
4277	8913	1800	2200	10	20	40	60	90	100	130	160	190	230	100	60	36	20	12	8	5	3	2	1	
4278	8913	2200	9999	10	20	50	70	110	140	180	220	260	310	100	60	36	20	12	8	5	3	2	1	
4279	8914	1	1800	10	20	30	40	50	60	70	80	90	100	100	60	36	20	12	8	5	3	2	1	
4280	8914	1800	2200	10	20	40	60	90	100	130	160	190	230	100	60	36	20	12	8	5	3	2	1	
4281	8914	2200	9999	10	20	50	70	110	140	180	220	260	310	100	60	36	20	12	8	5	3	2	1	
4282	8915	1	1800	10	20	30	40	50	60	70	80	90	100	100	60	36	20	12	8	5	3	2	1	
4283	8915	1800	2200	10	20	40	60	90	100	130	160	190	230	100	60	36	20	12	8	5	3	2	1	
4284	8915	2200	9999	10	20	50	70	110	140	180	220	260	310	100	60	36	20	12	8	5	3	2	1	
4285	8919	1	1800	10	20	30	40	50	60	70	80	90	100	100	60	36	20	12	8	5	3	2	1	
4286	8919	1800	2200	10	20	40	60	90	100	130	160	190	230	100	60	36	20	12	8	5	3	2	1	
4287	8919	2200	9999	10	20	50	70	110	140	180	220	260	310	100	60	36	20	12	8	5	3	2	1	
4288	8921	1	1800	10	20	30	40	50	60	70	80	90	100	100	60	36	20	12	8	5	3	2	1	
4289	8921	1800	2200	10	20	40	60	90	100	130	160	190	230	100	60	36	20	12	8	5	3	2	1	
4290	8921	2200	9999	10	20	50	70	110	140	180	220	260	310	100	60	36	20	12	8	5	3	2	1	
4291	8922	1	1800	10	20	30	40	50	60	70	80	90	100	100	60	36	20	12	8	5	3	2	1	
4292	8922	1800	2200	10	20	40	60	90	100	130	160	190	230	100	60	36	20	12	8	5	3	2	1	
4293	8922	2200	9999	10	20	50	70	110	140	180	220	260	310	100	60	36	20	12	8	5	3	2	1	
4294	8923	1	1800	10	20	30	40	50	60	70	80	90	100	100	60	36	20	12	8	5	3	2	1	
4295	8923	1800	2200	10	20	40	60	90	100	130	160	190	230	100	60	36	20	12	8	5	3	2	1	
4296	8923	2200	9999	10	20	50	70	110	140	180	220	260	310	100	60	36	20	12	8	5	3	2	1	
4297	8924	1	1800	10	20	30	40	50	60	70	80	90	100	100	60	36	20	12	8	5	3	2	1	
4298	8924	1800	2200	10	20	40	60	90	100	130	160	190	230	100	60	36	20	12	8	5	3	2	1	
4299	8924	2200	9999	10	20	50	70	110	140	180	220	260	310	100	60	36	20	12	8	5	3	2	1	
4300	8925	1	1800	10	20	30	40	50	60	70	80	90	100	100	60	36	20	12	8	5	3	2	1	
4301	8925	1800	2200	10	20	40	60	90	100	130	160	190	230	100	60	36	20	12	8	5	3	2	1	
4302	8925	2200	9999	10	20	50	70	110	140	180	220	260	310	100	60	36	20	12	8	5	3	2	1	
4303	8926	1	1800	10	20	30	40	50	60	70	80	90	100	100	60	36	20	12	8	5	3	2	1	
4304	8926	1800	2200	10	20	40	60	90	100	130	160	190	230	100	60	36	20	12	8	5	3	2	1	
4305	8926	2200	9999	10	20	50	70	110	140	180	220	260	310	100	60	36	20	12	8	5	3	2	1	
4306	8929	1	1800	10	20	30	40	50	60	70	80	90	100	100	60	36	20	12	8	5	3	2	1	
4307	8929	1800	2200	10	20	40	60	90	100	130	160	190	230	100	60	36	20	12	8	5	3	2	1	
4308	8929	2200	9999	10	20	50	70	110	140	180	220	260	310	100	60	36	20	12	8	5	3	2	1	
4309	8931	1	1800	10	20	30	40	50	60	70	80	90	100	100	60	36	20	12	8	5	3	2	1	
4310	8931	1800	2200	10	20	40	60	90	100	130	160	190	230	100	60	36	20	12	8	5	3	2	1	
4311	8931	2200	9999	10	20	50	70	110	140	180	220	260	310	100	60	36	20	12	8	5	3	2	1	
4312	8932	1	1800	10	20	30	40	50	60	70	80	90	100	100	60	36	20	12	8	5	3	2	1	
4313	8932	1800	2200	10	20	40	60	90	100	130	160	190	230	100	60	36	20	12	8	5	3	2	1	
4314	8932	2200	9999	10	20	50	70	110	140	180	220	260	310	100	60	36	20	12	8	5	3	2	1	
4315	8933	1	1800	10	20	30	40	50	60	70	80	90	100	100	60	36	20	12	8	5	3	2	1	
4316	8933	1800	2200	10	20	40	60	90	100	130	160	190	230	100	60	36	20	12	8	5	3	2	1	
4317	8933	2200	9999	10	20	50	70	110	140	180	220	260	310	100	60	36	20	12	8	5	3	2	1	
4318	8934	1	1800	10	20	30	40	50	60	70	80	90	100	100	60	36	20	12	8	5	3	2	1	
4319	8934	1800	2200	10	20	40	60	90	100	130	160	190	230	100	60	36	20	12	8	5	3	2	1	
4320	8934	2200	9999	10	20	50	70	110	140	180	220	260	310	100	60	36	20	12	8	5	3	2	1	
4321	8935	1	1800	10	20	30	40	50	60	70	80	90	100	100	60	36	20	12	8	5	3	2	1	
4322	8935	1800	2200	10	20	40	60	90	100	130	160	190	230	100	60	36	20	12	8	5	3	2	1	
4323	8935	2200	9999	10	20	50	70	110	140	180	220	260	310	100	60	36	20	12	8	5	3	2	1	
4324	8936	1	1800	10	20	30	40	50	60	70	80	90	100	100	60	36	20	12	8	5	3	2	1	
4325	8936	1800	2200	10	20	40	60	90	100	130	160	190	230	100	60	36	20	12	8	5	3	2	1	
4326	8936	2200	9999	10	20	50	70	110	140	180	220	260	310	100	60	36	20	12	8	5	3	2	1	
4327	8937	1	1800	10	20	30	40	50	60	70	80	90	100	100	60	36	20	12	8	5	3	2	1	
4328	8937	1800	2200	10	20	40	60	90	100	130	160	190	230	100	60	36	20	12	8	5	3	2	1	
4329	8937	2200	9999	10	20	50	70	110	140	180	220	260	310	100	60	36	20	12	8	5	3	2	1	
4330	8939	1	1800	10	20	30	40	50	60	70	80	90	100	100	60	36	20	12	8	5	3	2	1	
4331	8939	1800	2200	10	20	40	60	90	100	130	160	190	230	100	60	36	20	12	8	5	3	2	1	
4332	8939	2200	9999	10	20	50	70	110	140	180	220	260	310	100	60	36	20	12	8	5	3	2	1	
4333	8941	1	1800	10	20	30	40	50	60	70	80	90	100	100	60	36	20	12	8	5	3	2	1	
4334	8941	1800	2200	10	20	40	60	90	100	130	160	190	230	100	60	36	20	12	8	5	3	2	1	
4335	8941	2200	9999	10	20	50	70	110	140	180	220	260	310	100	60	36	20	12	8	5	3	2	1	
4336	8942	1	1800	10	20	30	40	50	60	70	80	90	100	100	60	36	20	12	8	5	3	2	1	
4337	8942	1800	2200	10	20	40	60	90	100	130	160	190	230	100	60	36	20	12	8	5	3	2	1	
4338	8942	2200	9999	10	20	50	70	110	140	180	220	260	310	100	60	36	20	12	8	5	3	2	1	
4339	8943	1	1800	10	20	30	40	50	60	70	80	90	100	100	60	36	20	12	8	5	3	2	1	
4340	8943	1800	2200	10	20	40	60	90	100	130	160	190	230	100	60	36	20	12	8	5	3	2	1	
4341	8943	2200	9999	10	20	50	70	110	140	180	220	260	310	100	60	36	20	12	8	5	3	2	1	
4342	8944	1	1800	10	20	30	40	50	60	70	80	90	100	100	60	36	20	12	8	5	3	2	1	
4343	8944	1800	2200	10	20	40	60	90	100	130	160	190	230	100	60	36	20	12	8	5	3	2	1	
4344	8944	2200	9999	10	20	50	70	110	140	180	220	260	310	100	60	36	20	12	8	5	3	2	1	
4345	8945	1	1800	10	20	30	40	50	60	70	80	90	100	100	60	36	20	12	8	5	3	2	1	
4346	8945	1800	2200	10	20	40	60	90	100	130	160	190	230	100	60	36	20	12	8	5	3	2	1	
4347	8945	2200	9999	10	20	50	70	110	140	180	220	260	310	100	60	36	20	12	8	5	3	2	1	
4348	8946	1	1800	10	20	30	40	50	60	70	80	90	100	100	60	36	20	12	8	5	3	2	1	
4349	8946	1800	2200	10	20	40	60	90	100	130	160	190	230	100	60	36	20	12	8	5	3	2	1	
4350	8946	2200	9999	10	20	50	70	110	140	180	220	260	310	100	60	36	20	12	8	5	3	2	1	
4351	8947	1	1800	10	20	30	40	50	60	70	80	90	100	100	60	36	20	12	8	5	3	2	1	
4352	8947	1800	2200	10	20	40	60	90	100	130	160	190	230	100	60	36	20	12	8	5	3	2	1	
4353	8947	2200	9999	10	20	50	70	110	140	180	220	260	310	100	60	36	20	12	8	5	3	2	1	
4354	8948	1	1800	10	20	30	40	50	60	70	80	90	100	100	60	36	20	12	8	5	3	2	1	
4355	8948	1800	2200	10	20	40	60	90	100	130	160	190	230	100	60	36	20	12	8	5	3	2	1	
4356	8948	2200	9999	10	20	50	70	110	140	180	220	260	310	100	60	36	20	12	8	5	3	2	1	
4357	8949	1	1800	10	20	30	40	50	60	70	80	90	100	100	60	36	20	12	8	5	3	2	1	
4358	8949	1800	2200	10	20	40	60	90	100	130	160	190	230	100	60	36	20	12	8	5	3	2	1	
4359	8949	2200	9999	10	20	50	70	110	140	180	220	260	310	100	60	36	20	12	8	5	3	2	1	
4360	8951	1	1800	10	20	30	40	50	60	70	80	90	100	100	60	36	20	12	8	5	3	2	1	
4361	8951	1800	2200	10	20	40	60	90	100	130	160	190	230	100	60	36	20	12	8	5	3	2	1	
4362	8951	2200	9999	10	20	50	70	110	140	180	220	260	310	100	60	36	20	12	8	5	3	2	1	
4363	8952	1	1800	10	20	30	40	50	60	70	80	90	100	100	60	36	20	12	8	5	3	2	1	
4364	8952	1800	2200	10	20	40	60	90	100	130	160	190	230	100	60	36	20	12	8	5	3	2	1	
4365	8952	2200	9999	10	20	50	70	110	140	180	220	260	310	100	60	36	20	12	8	5	3	2	1	
4366	8953	1	1800	10	20	30	40	50	60	70	80	90	100	100	60	36	20	12	8	5	3	2	1	
4367	8953	1800	2200	10	20	40	60	90	100	130	160	190	230	100	60	36	20	12	8	5	3	2	1	
4368	8953	2200	9999	10	20	50	70	110	140	180	220	260	310	100	60	36	20	12	8	5	3	2	1	
4369	8954	1	1800	10	20	30	40	50	60	70	80	90	100	100	60	36	20	12	8	5	3	2	1	
4370	8954	1800	2200	10	20	40	60	90	100	130	160	190	230	100	60	36	20	12	8	5	3	2	1	
4371	8954	2200	9999	10	20	50	70	110	140	180	220	260	310	100	60	36	20	12	8	5	3	2	1	
4372	8955	1	1800	10	20	30	40	50	60	70	80	90	100	100	60	36	20	12	8	5	3	2	1	
4373	8955	1800	2200	10	20	40	60	90	100	130	160	190	230	100	60	36	20	12	8	5	3	2	1	
4374	8955	2200	9999	10	20	50	70	110	140	180	220	260	310	100	60	36	20	12	8	5	3	2	1	
4375	8959	1	1800	10	20	30	40	50	60	70	80	90	100	100	60	36	20	12	8	5	3	2	1	
4376	8959	1800	2200	10	20	40	60	90	100	130	160	190	230	100	60	36	20	12	8	5	3	2	1	
4377	8959	2200	9999	10	20	50	70	110	140	180	220	260	310	100	60	36	20	12	8	5	3	2	1	
4378	8961	1	1800	10	20	30	40	50	60	70	80	90	100	100	60	36	20	12	8	5	3	2	1	
4379	8961	1800	2200	10	20	40	60	90	100	130	160	190	230	100	60	36	20	12	8	5	3	2	1	
4380	8961	2200	9999	10	20	50	70	110	140	180	220	260	310	100	60	36	20	12	8	5	3	2	1	
4381	8962	1	1800	10	20	30	40	50	60	70	80	90	100	100	60	36	20	12	8	5	3	2	1	
4382	8962	1800	2200	10	20	40	60	90	100	130	160	190	230	100	60	36	20	12	8	5	3	2	1	
4383	8962	2200	9999	10	20	50	70	110	140	180	220	260	310	100	60	36	20	12	8	5	3	2	1	
4384	8963	1	1800	10	20	30	40	50	60	70	80	90	100	100	60	36	20	12	8	5	3	2	1	
4385	8963	1800	2200	10	20	40	60	90	100	130	160	190	230	100	60	36	20	12	8	5	3	2	1	
4386	8963	2200	9999	10	20	50	70	110	140	180	220	260	310	100	60	36	20	12	8	5	3	2	1	
4387	8969	1	1800	10	20	30	40	50	60	70	80	90	100	100	60	36	20	12	8	5	3	2	1	
4388	8969	1800	2200	10	20	40	60	90	100	130	160	190	230	100	60	36	20	12	8	5	3	2	1	
4389	8969	2200	9999	10	20	50	70	110	140	180	220	260	310	100	60	36	20	12	8	5	3	2	1	
4390	8971	1	1800	10	20	30	40	50	60	70	80	90	100	100	60	36	20	12	8	5	3	2	1	
4391	8971	1800	2200	10	20	40	60	90	100	130	160	190	230	100	60	36	20	12	8	5	3	2	1	
4392	8971	2200	9999	10	20	50	70	110	140	180	220	260	310	100	60	36	20	12	8	5	3	2	1	
4393	8972	1	1800	10	20	30	40	50	60	70	80	90	100	100	60	36	20	12	8	5	3	2	1	
4394	8972	1800	2200	10	20	40	60	90	100	130	160	190	230	100	60	36	20	12	8	5	3	2	1	
4395	8972	2200	9999	10	20	50	70	110	140	180	220	260	310	100	60	36	20	12	8	5	3	2	1	
4396	8973	1	1800	10	20	30	40	50	60	70	80	90	100	100	60	36	20	12	8	5	3	2	1	
4397	8973	1800	2200	10	20	40	60	90	100	130	160	190	230	100	60	36	20	12	8	5	3	2	1	
4398	8973	2200	9999	10	20	50	70	110	140	180	220	260	310	100	60	36	20	12	8	5	3	2	1	
4399	8974	1	1800	10	20	30	40	50	60	70	80	90	100	100	60	36	20	12	8	5	3	2	1	
4400	8974	1800	2200	10	20	40	60	90	100	130	160	190	230	100	60	36	20	12	8	5	3	2	1	
4401	8974	2200	9999	10	20	50	70	110	140	180	220	260	310	100	60	36	20	12	8	5	3	2	1	
4402	8979	1	1800	10	20	30	40	50	60	70	80	90	100	100	60	36	20	12	8	5	3	2	1	
4403	8979	1800	2200	10	20	40	60	90	100	130	160	190	230	100	60	36	20	12	8	5	3	2	1	
4404	8979	2200	9999	10	20	50	70	110	140	180	220	260	310	100	60	36	20	12	8	5	3	2	1	
4405	8981	1	1800	10	20	30	40	50	60	70	80	90	100	100	60	36	20	12	8	5	3	2	1	
4406	8981	1800	2200	10	20	40	60	90	100	130	160	190	230	100	60	36	20	12	8	5	3	2	1	
4407	8981	2200	9999	10	20	50	70	110	140	180	220	260	310	100	60	36	20	12	8	5	3	2	1	
4408	8982	1	1800	10	20	30	40	50	60	70	80	90	100	100	60	36	20	12	8	5	3	2	1	
4409	8982	1800	2200	10	20	40	60	90	100	130	160	190	230	100	60	36	20	12	8	5	3	2	1	
4410	8982	2200	9999	10	20	50	70	110	140	180	220	260	310	100	60	36	20	12	8	5	3	2	1	
4411	8983	1	1800	10	20	30	40	50	60	70	80	90	100	100	60	36	20	12	8	5	3	2	1	
4412	8983	1800	2200	10	20	40	60	90	100	130	160	190	230	100	60	36	20	12	8	5	3	2	1	
4413	8983	2200	9999	10	20	50	70	110	140	180	220	260	310	100	60	36	20	12	8	5	3	2	1	
4414	8984	1	1800	10	20	30	40	50	60	70	80	90	100	100	60	36	20	12	8	5	3	2	1	
4415	8984	1800	2200	10	20	40	60	90	100	130	160	190	230	100	60	36	20	12	8	5	3	2	1	
4416	8984	2200	9999	10	20	50	70	110	140	180	220	260	310	100	60	36	20	12	8	5	3	2	1	
4417	8985	1	1800	10	20	30	40	50	60	70	80	90	100	100	60	36	20	12	8	5	3	2	1	
4418	8985	1800	2200	10	20	40	60	90	100	130	160	190	230	100	60	36	20	12	8	5	3	2	1	
4419	8985	2200	9999	10	20	50	70	110	140	180	220	260	310	100	60	36	20	12	8	5	3	2	1	
4420	8989	1	1800	10	20	30	40	50	60	70	80	90	100	100	60	36	20	12	8	5	3	2	1	
4421	8989	1800	2200	10	20	40	60	90	100	130	160	190	230	100	60	36	20	12	8	5	3	2	1	
4422	8989	2200	9999	10	20	50	70	110	140	180	220	260	310	100	60	36	20	12	8	5	3	2	1	
4423	22001	1	1800	10	20	30	40	60	70	80	90	100	120	100	60	36	20	12	8	5	3	2	1	
4424	22001	1800	2200	10	20	40	70	100	110	140	170	200	250	100	60	36	20	12	8	5	3	2	1	
4425	22001	2200	9999	10	30	50	70	120	150	200	240	280	340	100	60	36	20	12	8	5	3	2	1	
4426	22002	1	1800	10	20	30	40	60	70	80	90	100	120	100	60	36	20	12	8	5	3	2	1	
4427	22002	1800	2200	10	20	40	70	100	110	140	170	200	250	100	60	36	20	12	8	5	3	2	1	
4428	22002	2200	9999	10	30	50	70	120	150	200	240	280	340	100	60	36	20	12	8	5	3	2	1	
4429	22009	1	1800	10	20	30	40	60	70	80	90	100	120	100	60	36	20	12	8	5	3	2	1	
4430	22009	1800	2200	10	20	40	70	100	110	140	170	200	250	100	60	36	20	12	8	5	3	2	1	
4431	22009	2200	9999	10	30	50	70	120	150	200	240	280	340	100	60	36	20	12	8	5	3	2	1	
4432	22011	1	1800	10	20	30	40	60	70	80	90	100	120	100	60	36	20	12	8	5	3	2	1	
4433	22011	1800	2200	10	20	40	70	100	110	140	170	200	250	100	60	36	20	12	8	5	3	2	1	
4434	22011	2200	9999	10	30	50	70	120	150	200	240	280	340	100	60	36	20	12	8	5	3	2	1	
4435	22012	1	1800	10	20	30	40	60	70	80	90	100	120	100	60	36	20	12	8	5	3	2	1	
4436	22012	1800	2200	10	20	40	70	100	110	140	170	200	250	100	60	36	20	12	8	5	3	2	1	
4437	22012	2200	9999	10	30	50	70	120	150	200	240	280	340	100	60	36	20	12	8	5	3	2	1	
4438	22013	1	1800	10	20	30	40	60	70	80	90	100	120	100	60	36	20	12	8	5	3	2	1	
4439	22013	1800	2200	10	20	40	70	100	110	140	170	200	250	100	60	36	20	12	8	5	3	2	1	
4440	22013	2200	9999	10	30	50	70	120	150	200	240	280	340	100	60	36	20	12	8	5	3	2	1	
4441	22019	1	1800	10	20	30	40	60	70	80	90	100	120	100	60	36	20	12	8	5	3	2	1	
4442	22019	1800	2200	10	20	40	70	100	110	140	170	200	250	100	60	36	20	12	8	5	3	2	1	
4443	22019	2200	9999	10	30	50	70	120	150	200	240	280	340	100	60	36	20	12	8	5	3	2	1	
4444	22021	1	1800	10	20	30	40	60	70	80	90	100	120	100	60	36	20	12	8	5	3	2	1	
4445	22021	1800	2200	10	20	40	70	100	110	140	170	200	250	100	60	36	20	12	8	5	3	2	1	
4446	22021	2200	9999	10	30	50	70	120	150	200	240	280	340	100	60	36	20	12	8	5	3	2	1	
4447	22022	1	1800	10	20	30	40	60	70	80	90	100	120	100	60	36	20	12	8	5	3	2	1	
4448	22022	1800	2200	10	20	40	70	100	110	140	170	200	250	100	60	36	20	12	8	5	3	2	1	
4449	22022	2200	9999	10	30	50	70	120	150	200	240	280	340	100	60	36	20	12	8	5	3	2	1	
4450	22023	1	1800	10	20	30	40	60	70	80	90	100	120	100	60	36	20	12	8	5	3	2	1	
4451	22023	1800	2200	10	20	40	70	100	110	140	170	200	250	100	60	36	20	12	8	5	3	2	1	
4452	22023	2200	9999	10	30	50	70	120	150	200	240	280	340	100	60	36	20	12	8	5	3	2	1	
4453	22024	1	1800	10	20	30	40	60	70	80	90	100	120	100	60	36	20	12	8	5	3	2	1	
4454	22024	1800	2200	10	20	40	70	100	110	140	170	200	250	100	60	36	20	12	8	5	3	2	1	
4455	22024	2200	9999	10	30	50	70	120	150	200	240	280	340	100	60	36	20	12	8	5	3	2	1	
4456	22029	1	1800	10	20	30	40	60	70	80	90	100	120	100	60	36	20	12	8	5	3	2	1	
4457	22029	1800	2200	10	20	40	70	100	110	140	170	200	250	100	60	36	20	12	8	5	3	2	1	
4458	22029	2200	9999	10	30	50	70	120	150	200	240	280	340	100	60	36	20	12	8	5	3	2	1	
4459	22031	1	1800	10	20	30	40	60	70	80	90	100	120	100	60	36	20	12	8	5	3	2	1	
4460	22031	1800	2200	10	20	40	70	100	110	140	170	200	250	100	60	36	20	12	8	5	3	2	1	
4461	22031	2200	9999	10	30	50	70	120	150	200	240	280	340	100	60	36	20	12	8	5	3	2	1	
4462	22032	1	1800	10	20	30	40	60	70	80	90	100	120	100	60	36	20	12	8	5	3	2	1	
4463	22032	1800	2200	10	20	40	70	100	110	140	170	200	250	100	60	36	20	12	8	5	3	2	1	
4464	22032	2200	9999	10	30	50	70	120	150	200	240	280	340	100	60	36	20	12	8	5	3	2	1	
4465	22033	1	1800	10	20	30	40	60	70	80	90	100	120	100	60	36	20	12	8	5	3	2	1	
4466	22033	1800	2200	10	20	40	70	100	110	140	170	200	250	100	60	36	20	12	8	5	3	2	1	
4467	22033	2200	9999	10	30	50	70	120	150	200	240	280	340	100	60	36	20	12	8	5	3	2	1	
4468	22034	1	1800	10	20	30	40	60	70	80	90	100	120	100	60	36	20	12	8	5	3	2	1	
4469	22034	1800	2200	10	20	40	70	100	110	140	170	200	250	100	60	36	20	12	8	5	3	2	1	
4470	22034	2200	9999	10	30	50	70	120	150	200	240	280	340	100	60	36	20	12	8	5	3	2	1	
4471	22035	1	1800	10	20	30	40	60	70	80	90	100	120	100	60	36	20	12	8	5	3	2	1	
4472	22035	1800	2200	10	20	40	70	100	110	140	170	200	250	100	60	36	20	12	8	5	3	2	1	
4473	22035	2200	9999	10	30	50	70	120	150	200	240	280	340	100	60	36	20	12	8	5	3	2	1	
4474	22039	1	1800	10	20	30	40	60	70	80	90	100	120	100	60	36	20	12	8	5	3	2	1	
4475	22039	1800	2200	10	20	40	70	100	110	140	170	200	250	100	60	36	20	12	8	5	3	2	1	
4476	22039	2200	9999	10	30	50	70	120	150	200	240	280	340	100	60	36	20	12	8	5	3	2	1	
4477	22041	1	1800	10	20	30	40	60	70	80	90	100	120	100	60	36	20	12	8	5	3	2	1	
4478	22041	1800	2200	10	20	40	70	100	110	140	170	200	250	100	60	36	20	12	8	5	3	2	1	
4479	22041	2200	9999	10	30	50	70	120	150	200	240	280	340	100	60	36	20	12	8	5	3	2	1	
4480	22042	1	1800	10	20	30	40	60	70	80	90	100	120	100	60	36	20	12	8	5	3	2	1	
4481	22042	1800	2200	10	20	40	70	100	110	140	170	200	250	100	60	36	20	12	8	5	3	2	1	
4482	22042	2200	9999	10	30	50	70	120	150	200	240	280	340	100	60	36	20	12	8	5	3	2	1	
4483	22043	1	1800	10	20	30	40	60	70	80	90	100	120	100	60	36	20	12	8	5	3	2	1	
4484	22043	1800	2200	10	20	40	70	100	110	140	170	200	250	100	60	36	20	12	8	5	3	2	1	
4485	22043	2200	9999	10	30	50	70	120	150	200	240	280	340	100	60	36	20	12	8	5	3	2	1	
4486	22044	1	1800	10	20	30	40	60	70	80	90	100	120	100	60	36	20	12	8	5	3	2	1	
4487	22044	1800	2200	10	20	40	70	100	110	140	170	200	250	100	60	36	20	12	8	5	3	2	1	
4488	22044	2200	9999	10	30	50	70	120	150	200	240	280	340	100	60	36	20	12	8	5	3	2	1	
4489	22045	1	1800	10	20	30	40	60	70	80	90	100	120	100	60	36	20	12	8	5	3	2	1	
4490	22045	1800	2200	10	20	40	70	100	110	140	170	200	250	100	60	36	20	12	8	5	3	2	1	
4491	22045	2200	9999	10	30	50	70	120	150	200	240	280	340	100	60	36	20	12	8	5	3	2	1	
4492	22046	1	1800	10	20	30	40	60	70	80	90	100	120	100	60	36	20	12	8	5	3	2	1	
4493	22046	1800	2200	10	20	40	70	100	110	140	170	200	250	100	60	36	20	12	8	5	3	2	1	
4494	22046	2200	9999	10	30	50	70	120	150	200	240	280	340	100	60	36	20	12	8	5	3	2	1	
4495	22049	1	1800	10	20	30	40	60	70	80	90	100	120	100	60	36	20	12	8	5	3	2	1	
4496	22049	1800	2200	10	20	40	70	100	110	140	170	200	250	100	60	36	20	12	8	5	3	2	1	
4497	22049	2200	9999	10	30	50	70	120	150	200	240	280	340	100	60	36	20	12	8	5	3	2	1	
4498	22051	1	1800	10	20	30	40	60	70	80	90	100	120	100	60	36	20	12	8	5	3	2	1	
4499	22051	1800	2200	10	20	40	70	100	110	140	170	200	250	100	60	36	20	12	8	5	3	2	1	
4500	22051	2200	9999	10	30	50	70	120	150	200	240	280	340	100	60	36	20	12	8	5	3	2	1	
4501	22052	1	1800	10	20	30	40	60	70	80	90	100	120	100	60	36	20	12	8	5	3	2	1	
4502	22052	1800	2200	10	20	40	70	100	110	140	170	200	250	100	60	36	20	12	8	5	3	2	1	
4503	22052	2200	9999	10	30	50	70	120	150	200	240	280	340	100	60	36	20	12	8	5	3	2	1	
4504	22053	1	1800	10	20	30	40	60	70	80	90	100	120	100	60	36	20	12	8	5	3	2	1	
4505	22053	1800	2200	10	20	40	70	100	110	140	170	200	250	100	60	36	20	12	8	5	3	2	1	
4506	22053	2200	9999	10	30	50	70	120	150	200	240	280	340	100	60	36	20	12	8	5	3	2	1	
4507	22054	1	1800	10	20	30	40	60	70	80	90	100	120	100	60	36	20	12	8	5	3	2	1	
4508	22054	1800	2200	10	20	40	70	100	110	140	170	200	250	100	60	36	20	12	8	5	3	2	1	
4509	22054	2200	9999	10	30	50	70	120	150	200	240	280	340	100	60	36	20	12	8	5	3	2	1	
4510	22055	1	1800	10	20	30	40	60	70	80	90	100	120	100	60	36	20	12	8	5	3	2	1	
4511	22055	1800	2200	10	20	40	70	100	110	140	170	200	250	100	60	36	20	12	8	5	3	2	1	
4512	22055	2200	9999	10	30	50	70	120	150	200	240	280	340	100	60	36	20	12	8	5	3	2	1	
4513	22056	1	1800	10	20	30	40	60	70	80	90	100	120	100	60	36	20	12	8	5	3	2	1	
4514	22056	1800	2200	10	20	40	70	100	110	140	170	200	250	100	60	36	20	12	8	5	3	2	1	
4515	22056	2200	9999	10	30	50	70	120	150	200	240	280	340	100	60	36	20	12	8	5	3	2	1	
4516	22057	1	1800	10	20	30	40	60	70	80	90	100	120	100	60	36	20	12	8	5	3	2	1	
4517	22057	1800	2200	10	20	40	70	100	110	140	170	200	250	100	60	36	20	12	8	5	3	2	1	
4518	22057	2200	9999	10	30	50	70	120	150	200	240	280	340	100	60	36	20	12	8	5	3	2	1	
4519	22059	1	1800	10	20	30	40	60	70	80	90	100	120	100	60	36	20	12	8	5	3	2	1	
4520	22059	1800	2200	10	20	40	70	100	110	140	170	200	250	100	60	36	20	12	8	5	3	2	1	
4521	22059	2200	9999	10	30	50	70	120	150	200	240	280	340	100	60	36	20	12	8	5	3	2	1	
4522	22061	1	1800	10	20	30	40	60	70	80	90	100	120	100	60	36	20	12	8	5	3	2	1	
4523	22061	1800	2200	10	20	40	70	100	110	140	170	200	250	100	60	36	20	12	8	5	3	2	1	
4524	22061	2200	9999	10	30	50	70	120	150	200	240	280	340	100	60	36	20	12	8	5	3	2	1	
4525	22062	1	1800	10	20	30	40	60	70	80	90	100	120	100	60	36	20	12	8	5	3	2	1	
4526	22062	1800	2200	10	20	40	70	100	110	140	170	200	250	100	60	36	20	12	8	5	3	2	1	
4527	22062	2200	9999	10	30	50	70	120	150	200	240	280	340	100	60	36	20	12	8	5	3	2	1	
4528	22063	1	1800	10	20	30	40	60	70	80	90	100	120	100	60	36	20	12	8	5	3	2	1	
4529	22063	1800	2200	10	20	40	70	100	110	140	170	200	250	100	60	36	20	12	8	5	3	2	1	
4530	22063	2200	9999	10	30	50	70	120	150	200	240	280	340	100	60	36	20	12	8	5	3	2	1	
4531	22064	1	1800	10	20	30	40	60	70	80	90	100	120	100	60	36	20	12	8	5	3	2	1	
4532	22064	1800	2200	10	20	40	70	100	110	140	170	200	250	100	60	36	20	12	8	5	3	2	1	
4533	22064	2200	9999	10	30	50	70	120	150	200	240	280	340	100	60	36	20	12	8	5	3	2	1	
4534	22065	1	1800	10	20	30	40	60	70	80	90	100	120	100	60	36	20	12	8	5	3	2	1	
4535	22065	1800	2200	10	20	40	70	100	110	140	170	200	250	100	60	36	20	12	8	5	3	2	1	
4536	22065	2200	9999	10	30	50	70	120	150	200	240	280	340	100	60	36	20	12	8	5	3	2	1	
4537	22066	1	1800	10	20	30	40	60	70	80	90	100	120	100	60	36	20	12	8	5	3	2	1	
4538	22066	1800	2200	10	20	40	70	100	110	140	170	200	250	100	60	36	20	12	8	5	3	2	1	
4539	22066	2200	9999	10	30	50	70	120	150	200	240	280	340	100	60	36	20	12	8	5	3	2	1	
4540	22067	1	1800	10	20	30	40	60	70	80	90	100	120	100	60	36	20	12	8	5	3	2	1	
4541	22067	1800	2200	10	20	40	70	100	110	140	170	200	250	100	60	36	20	12	8	5	3	2	1	
4542	22067	2200	9999	10	30	50	70	120	150	200	240	280	340	100	60	36	20	12	8	5	3	2	1	
4543	22068	1	1800	10	20	30	40	60	70	80	90	100	120	100	60	36	20	12	8	5	3	2	1	
4544	22068	1800	2200	10	20	40	70	100	110	140	170	200	250	100	60	36	20	12	8	5	3	2	1	
4545	22068	2200	9999	10	30	50	70	120	150	200	240	280	340	100	60	36	20	12	8	5	3	2	1	
4546	22069	1	1800	10	20	30	40	60	70	80	90	100	120	100	60	36	20	12	8	5	3	2	1	
4547	22069	1800	2200	10	20	40	70	100	110	140	170	200	250	100	60	36	20	12	8	5	3	2	1	
4548	22069	2200	9999	10	30	50	70	120	150	200	240	280	340	100	60	36	20	12	8	5	3	2	1	
4549	22071	1	1800	10	20	30	40	60	70	80	90	100	120	100	60	36	20	12	8	5	3	2	1	
4550	22071	1800	2200	10	20	40	70	100	110	140	170	200	250	100	60	36	20	12	8	5	3	2	1	
4551	22071	2200	9999	10	30	50	70	120	150	200	240	280	340	100	60	36	20	12	8	5	3	2	1	
4552	22072	1	1800	10	20	30	40	60	70	80	90	100	120	100	60	36	20	12	8	5	3	2	1	
4553	22072	1800	2200	10	20	40	70	100	110	140	170	200	250	100	60	36	20	12	8	5	3	2	1	
4554	22072	2200	9999	10	30	50	70	120	150	200	240	280	340	100	60	36	20	12	8	5	3	2	1	
4555	22079	1	1800	10	20	30	40	60	70	80	90	100	120	100	60	36	20	12	8	5	3	2	1	
4556	22079	1800	2200	10	20	40	70	100	110	140	170	200	250	100	60	36	20	12	8	5	3	2	1	
4557	22079	2200	9999	10	30	50	70	120	150	200	240	280	340	100	60	36	20	12	8	5	3	2	1	
4558	22081	1	1800	10	20	30	40	60	70	80	90	100	120	100	60	36	20	12	8	5	3	2	1	
4559	22081	1800	2200	10	20	40	70	100	110	140	170	200	250	100	60	36	20	12	8	5	3	2	1	
4560	22081	2200	9999	10	30	50	70	120	150	200	240	280	340	100	60	36	20	12	8	5	3	2	1	
4561	22082	1	1800	10	20	30	40	60	70	80	90	100	120	100	60	36	20	12	8	5	3	2	1	
4562	22082	1800	2200	10	20	40	70	100	110	140	170	200	250	100	60	36	20	12	8	5	3	2	1	
4563	22082	2200	9999	10	30	50	70	120	150	200	240	280	340	100	60	36	20	12	8	5	3	2	1	
4564	22083	1	1800	10	20	30	40	60	70	80	90	100	120	100	60	36	20	12	8	5	3	2	1	
4565	22083	1800	2200	10	20	40	70	100	110	140	170	200	250	100	60	36	20	12	8	5	3	2	1	
4566	22083	2200	9999	10	30	50	70	120	150	200	240	280	340	100	60	36	20	12	8	5	3	2	1	
4567	22089	1	1800	10	20	30	40	60	70	80	90	100	120	100	60	36	20	12	8	5	3	2	1	
4568	22089	1800	2200	10	20	40	70	100	110	140	170	200	250	100	60	36	20	12	8	5	3	2	1	
4569	22089	2200	9999	10	30	50	70	120	150	200	240	280	340	100	60	36	20	12	8	5	3	2	1	
4570	22091	1	1800	10	20	30	40	60	70	80	90	100	120	100	60	36	20	12	8	5	3	2	1	
4571	22091	1800	2200	10	20	40	70	100	110	140	170	200	250	100	60	36	20	12	8	5	3	2	1	
4572	22091	2200	9999	10	30	50	70	120	150	200	240	280	340	100	60	36	20	12	8	5	3	2	1	
4573	22092	1	1800	10	20	30	40	60	70	80	90	100	120	100	60	36	20	12	8	5	3	2	1	
4574	22092	1800	2200	10	20	40	70	100	110	140	170	200	250	100	60	36	20	12	8	5	3	2	1	
4575	22092	2200	9999	10	30	50	70	120	150	200	240	280	340	100	60	36	20	12	8	5	3	2	1	
4576	22093	1	1800	10	20	30	40	60	70	80	90	100	120	100	60	36	20	12	8	5	3	2	1	
4577	22093	1800	2200	10	20	40	70	100	110	140	170	200	250	100	60	36	20	12	8	5	3	2	1	
4578	22093	2200	9999	10	30	50	70	120	150	200	240	280	340	100	60	36	20	12	8	5	3	2	1	
4579	22094	1	1800	10	20	30	40	60	70	80	90	100	120	100	60	36	20	12	8	5	3	2	1	
4580	22094	1800	2200	10	20	40	70	100	110	140	170	200	250	100	60	36	20	12	8	5	3	2	1	
4581	22094	2200	9999	10	30	50	70	120	150	200	240	280	340	100	60	36	20	12	8	5	3	2	1	
4582	22099	1	1800	10	20	30	40	60	70	80	90	100	120	100	60	36	20	12	8	5	3	2	1	
4583	22099	1800	2200	10	20	40	70	100	110	140	170	200	250	100	60	36	20	12	8	5	3	2	1	
4584	22099	2200	9999	10	30	50	70	120	150	200	240	280	340	100	60	36	20	12	8	5	3	2	1	
4585	22101	1	1800	10	20	30	40	60	70	80	90	100	120	100	60	36	20	12	8	5	3	2	1	
4586	22101	1800	2200	10	20	40	70	100	110	140	170	200	250	100	60	36	20	12	8	5	3	2	1	
4587	22101	2200	9999	10	30	50	70	120	150	200	240	280	340	100	60	36	20	12	8	5	3	2	1	
4588	22102	1	1800	10	20	30	40	60	70	80	90	100	120	100	60	36	20	12	8	5	3	2	1	
4589	22102	1800	2200	10	20	40	70	100	110	140	170	200	250	100	60	36	20	12	8	5	3	2	1	
4590	22102	2200	9999	10	30	50	70	120	150	200	240	280	340	100	60	36	20	12	8	5	3	2	1	
4591	22103	1	1800	10	20	30	40	60	70	80	90	100	120	100	60	36	20	12	8	5	3	2	1	
4592	22103	1800	2200	10	20	40	70	100	110	140	170	200	250	100	60	36	20	12	8	5	3	2	1	
4593	22103	2200	9999	10	30	50	70	120	150	200	240	280	340	100	60	36	20	12	8	5	3	2	1	
4594	22104	1	1800	10	20	30	40	60	70	80	90	100	120	100	60	36	20	12	8	5	3	2	1	
4595	22104	1800	2200	10	20	40	70	100	110	140	170	200	250	100	60	36	20	12	8	5	3	2	1	
4596	22104	2200	9999	10	30	50	70	120	150	200	240	280	340	100	60	36	20	12	8	5	3	2	1	
4597	22105	1	1800	10	20	30	40	60	70	80	90	100	120	100	60	36	20	12	8	5	3	2	1	
4598	22105	1800	2200	10	20	40	70	100	110	140	170	200	250	100	60	36	20	12	8	5	3	2	1	
4599	22105	2200	9999	10	30	50	70	120	150	200	240	280	340	100	60	36	20	12	8	5	3	2	1	
4600	22109	1	1800	10	20	30	40	60	70	80	90	100	120	100	60	36	20	12	8	5	3	2	1	
4601	22109	1800	2200	10	20	40	70	100	110	140	170	200	250	100	60	36	20	12	8	5	3	2	1	
4602	22109	2200	9999	10	30	50	70	120	150	200	240	280	340	100	60	36	20	12	8	5	3	2	1	
4603	22111	1	1800	10	20	30	40	60	70	80	90	100	120	100	60	36	20	12	8	5	3	2	1	
4604	22111	1800	2200	10	20	40	70	100	110	140	170	200	250	100	60	36	20	12	8	5	3	2	1	
4605	22111	2200	9999	10	30	50	70	120	150	200	240	280	340	100	60	36	20	12	8	5	3	2	1	
4606	22112	1	1800	10	20	30	40	60	70	80	90	100	120	100	60	36	20	12	8	5	3	2	1	
4607	22112	1800	2200	10	20	40	70	100	110	140	170	200	250	100	60	36	20	12	8	5	3	2	1	
4608	22112	2200	9999	10	30	50	70	120	150	200	240	280	340	100	60	36	20	12	8	5	3	2	1	
4609	22113	1	1800	10	20	30	40	60	70	80	90	100	120	100	60	36	20	12	8	5	3	2	1	
4610	22113	1800	2200	10	20	40	70	100	110	140	170	200	250	100	60	36	20	12	8	5	3	2	1	
4611	22113	2200	9999	10	30	50	70	120	150	200	240	280	340	100	60	36	20	12	8	5	3	2	1	
4612	22114	1	1800	10	20	30	40	60	70	80	90	100	120	100	60	36	20	12	8	5	3	2	1	
4613	22114	1800	2200	10	20	40	70	100	110	140	170	200	250	100	60	36	20	12	8	5	3	2	1	
4614	22114	2200	9999	10	30	50	70	120	150	200	240	280	340	100	60	36	20	12	8	5	3	2	1	
4615	22115	1	1800	10	20	30	40	60	70	80	90	100	120	100	60	36	20	12	8	5	3	2	1	
4616	22115	1800	2200	10	20	40	70	100	110	140	170	200	250	100	60	36	20	12	8	5	3	2	1	
4617	22115	2200	9999	10	30	50	70	120	150	200	240	280	340	100	60	36	20	12	8	5	3	2	1	
4618	22116	1	1800	10	20	30	40	60	70	80	90	100	120	100	60	36	20	12	8	5	3	2	1	
4619	22116	1800	2200	10	20	40	70	100	110	140	170	200	250	100	60	36	20	12	8	5	3	2	1	
4620	22116	2200	9999	10	30	50	70	120	150	200	240	280	340	100	60	36	20	12	8	5	3	2	1	
4621	22119	1	1800	10	20	30	40	60	70	80	90	100	120	100	60	36	20	12	8	5	3	2	1	
4622	22119	1800	2200	10	20	40	70	100	110	140	170	200	250	100	60	36	20	12	8	5	3	2	1	
4623	22119	2200	9999	10	30	50	70	120	150	200	240	280	340	100	60	36	20	12	8	5	3	2	1	
4624	22121	1	1800	10	20	30	40	60	70	80	90	100	120	100	60	36	20	12	8	5	3	2	1	
4625	22121	1800	2200	10	20	40	70	100	110	140	170	200	250	100	60	36	20	12	8	5	3	2	1	
4626	22121	2200	9999	10	30	50	70	120	150	200	240	280	340	100	60	36	20	12	8	5	3	2	1	
4627	22122	1	1800	10	20	30	40	60	70	80	90	100	120	100	60	36	20	12	8	5	3	2	1	
4628	22122	1800	2200	10	20	40	70	100	110	140	170	200	250	100	60	36	20	12	8	5	3	2	1	
4629	22122	2200	9999	10	30	50	70	120	150	200	240	280	340	100	60	36	20	12	8	5	3	2	1	
4630	22123	1	1800	10	20	30	40	60	70	80	90	100	120	100	60	36	20	12	8	5	3	2	1	
4631	22123	1800	2200	10	20	40	70	100	110	140	170	200	250	100	60	36	20	12	8	5	3	2	1	
4632	22123	2200	9999	10	30	50	70	120	150	200	240	280	340	100	60	36	20	12	8	5	3	2	1	
4633	22124	1	1800	10	20	30	40	60	70	80	90	100	120	100	60	36	20	12	8	5	3	2	1	
4634	22124	1800	2200	10	20	40	70	100	110	140	170	200	250	100	60	36	20	12	8	5	3	2	1	
4635	22124	2200	9999	10	30	50	70	120	150	200	240	280	340	100	60	36	20	12	8	5	3	2	1	
4636	22125	1	1800	10	20	30	40	60	70	80	90	100	120	100	60	36	20	12	8	5	3	2	1	
4637	22125	1800	2200	10	20	40	70	100	110	140	170	200	250	100	60	36	20	12	8	5	3	2	1	
4638	22125	2200	9999	10	30	50	70	120	150	200	240	280	340	100	60	36	20	12	8	5	3	2	1	
4639	22126	1	1800	10	20	30	40	60	70	80	90	100	120	100	60	36	20	12	8	5	3	2	1	
4640	22126	1800	2200	10	20	40	70	100	110	140	170	200	250	100	60	36	20	12	8	5	3	2	1	
4641	22126	2200	9999	10	30	50	70	120	150	200	240	280	340	100	60	36	20	12	8	5	3	2	1	
4642	22127	1	1800	10	20	30	40	60	70	80	90	100	120	100	60	36	20	12	8	5	3	2	1	
4643	22127	1800	2200	10	20	40	70	100	110	140	170	200	250	100	60	36	20	12	8	5	3	2	1	
4644	22127	2200	9999	10	30	50	70	120	150	200	240	280	340	100	60	36	20	12	8	5	3	2	1	
4645	22129	1	1800	10	20	30	40	60	70	80	90	100	120	100	60	36	20	12	8	5	3	2	1	
4646	22129	1800	2200	10	20	40	70	100	110	140	170	200	250	100	60	36	20	12	8	5	3	2	1	
4647	22129	2200	9999	10	30	50	70	120	150	200	240	280	340	100	60	36	20	12	8	5	3	2	1	
4648	22131	1	1800	10	20	30	40	60	70	80	90	100	120	100	60	36	20	12	8	5	3	2	1	
4649	22131	1800	2200	10	20	40	70	100	110	140	170	200	250	100	60	36	20	12	8	5	3	2	1	
4650	22131	2200	9999	10	30	50	70	120	150	200	240	280	340	100	60	36	20	12	8	5	3	2	1	
4651	22132	1	1800	10	20	30	40	60	70	80	90	100	120	100	60	36	20	12	8	5	3	2	1	
4652	22132	1800	2200	10	20	40	70	100	110	140	170	200	250	100	60	36	20	12	8	5	3	2	1	
4653	22132	2200	9999	10	30	50	70	120	150	200	240	280	340	100	60	36	20	12	8	5	3	2	1	
4654	22133	1	1800	10	20	30	40	60	70	80	90	100	120	100	60	36	20	12	8	5	3	2	1	
4655	22133	1800	2200	10	20	40	70	100	110	140	170	200	250	100	60	36	20	12	8	5	3	2	1	
4656	22133	2200	9999	10	30	50	70	120	150	200	240	280	340	100	60	36	20	12	8	5	3	2	1	
4657	22134	1	1800	10	20	30	40	60	70	80	90	100	120	100	60	36	20	12	8	5	3	2	1	
4658	22134	1800	2200	10	20	40	70	100	110	140	170	200	250	100	60	36	20	12	8	5	3	2	1	
4659	22134	2200	9999	10	30	50	70	120	150	200	240	280	340	100	60	36	20	12	8	5	3	2	1	
4660	22135	1	1800	10	20	30	40	60	70	80	90	100	120	100	60	36	20	12	8	5	3	2	1	
4661	22135	1800	2200	10	20	40	70	100	110	140	170	200	250	100	60	36	20	12	8	5	3	2	1	
4662	22135	2200	9999	10	30	50	70	120	150	200	240	280	340	100	60	36	20	12	8	5	3	2	1	
4663	22136	1	1800	10	20	30	40	60	70	80	90	100	120	100	60	36	20	12	8	5	3	2	1	
4664	22136	1800	2200	10	20	40	70	100	110	140	170	200	250	100	60	36	20	12	8	5	3	2	1	
4665	22136	2200	9999	10	30	50	70	120	150	200	240	280	340	100	60	36	20	12	8	5	3	2	1	
4666	22137	1	1800	10	20	30	40	60	70	80	90	100	120	100	60	36	20	12	8	5	3	2	1	
4667	22137	1800	2200	10	20	40	70	100	110	140	170	200	250	100	60	36	20	12	8	5	3	2	1	
4668	22137	2200	9999	10	30	50	70	120	150	200	240	280	340	100	60	36	20	12	8	5	3	2	1	
4669	22138	1	1800	10	20	30	40	60	70	80	90	100	120	100	60	36	20	12	8	5	3	2	1	
4670	22138	1800	2200	10	20	40	70	100	110	140	170	200	250	100	60	36	20	12	8	5	3	2	1	
4671	22138	2200	9999	10	30	50	70	120	150	200	240	280	340	100	60	36	20	12	8	5	3	2	1	
4672	22139	1	1800	10	20	30	40	60	70	80	90	100	120	100	60	36	20	12	8	5	3	2	1	
4673	22139	1800	2200	10	20	40	70	100	110	140	170	200	250	100	60	36	20	12	8	5	3	2	1	
4674	22139	2200	9999	10	30	50	70	120	150	200	240	280	340	100	60	36	20	12	8	5	3	2	1	
4675	22201	1	1800	10	20	30	40	50	60	70	80	90	100	100	60	36	20	12	8	5	3	2	1	
4676	22201	1800	2200	10	20	40	60	90	100	130	160	190	230	100	60	36	20	12	8	5	3	2	1	
4677	22201	2200	9999	10	20	50	70	110	140	180	220	260	310	100	60	36	20	12	8	5	3	2	1	
4678	22202	1	1800	10	20	30	40	50	60	70	80	90	100	100	60	36	20	12	8	5	3	2	1	
4679	22202	1800	2200	10	20	40	60	90	100	130	160	190	230	100	60	36	20	12	8	5	3	2	1	
4680	22202	2200	9999	10	20	50	70	110	140	180	220	260	310	100	60	36	20	12	8	5	3	2	1	
4681	22203	1	1800	10	20	30	40	50	60	70	80	90	100	100	60	36	20	12	8	5	3	2	1	
4682	22203	1800	2200	10	20	40	60	90	100	130	160	190	230	100	60	36	20	12	8	5	3	2	1	
4683	22203	2200	9999	10	20	50	70	110	140	180	220	260	310	100	60	36	20	12	8	5	3	2	1	
4684	22204	1	1800	10	20	30	40	50	60	70	80	90	100	100	60	36	20	12	8	5	3	2	1	
4685	22204	1800	2200	10	20	40	60	90	100	130	160	190	230	100	60	36	20	12	8	5	3	2	1	
4686	22204	2200	9999	10	20	50	70	110	140	180	220	260	310	100	60	36	20	12	8	5	3	2	1	
4687	22205	1	1800	10	20	30	40	50	60	70	80	90	100	100	60	36	20	12	8	5	3	2	1	
4688	22205	1800	2200	10	20	40	60	90	100	130	160	190	230	100	60	36	20	12	8	5	3	2	1	
4689	22205	2200	9999	10	20	50	70	110	140	180	220	260	310	100	60	36	20	12	8	5	3	2	1	
4690	22206	1	1800	10	20	30	40	50	60	70	80	90	100	100	60	36	20	12	8	5	3	2	1	
4691	22206	1800	2200	10	20	40	60	90	100	130	160	190	230	100	60	36	20	12	8	5	3	2	1	
4692	22206	2200	9999	10	20	50	70	110	140	180	220	260	310	100	60	36	20	12	8	5	3	2	1	
4693	22209	1	1800	10	20	30	40	50	60	70	80	90	100	100	60	36	20	12	8	5	3	2	1	
4694	22209	1800	2200	10	20	40	60	90	100	130	160	190	230	100	60	36	20	12	8	5	3	2	1	
4695	22209	2200	9999	10	20	50	70	110	140	180	220	260	310	100	60	36	20	12	8	5	3	2	1	
4696	22211	1	1800	10	20	30	40	50	60	70	80	90	100	100	60	36	20	12	8	5	3	2	1	
4697	22211	1800	2200	10	20	40	60	90	100	130	160	190	230	100	60	36	20	12	8	5	3	2	1	
4698	22211	2200	9999	10	20	50	70	110	140	180	220	260	310	100	60	36	20	12	8	5	3	2	1	
4699	22212	1	1800	10	20	30	40	50	60	70	80	90	100	100	60	36	20	12	8	5	3	2	1	
4700	22212	1800	2200	10	20	40	60	90	100	130	160	190	230	100	60	36	20	12	8	5	3	2	1	
4701	22212	2200	9999	10	20	50	70	110	140	180	220	260	310	100	60	36	20	12	8	5	3	2	1	
4702	22219	1	1800	10	20	30	40	50	60	70	80	90	100	100	60	36	20	12	8	5	3	2	1	
4703	22219	1800	2200	10	20	40	60	90	100	130	160	190	230	100	60	36	20	12	8	5	3	2	1	
4704	22219	2200	9999	10	20	50	70	110	140	180	220	260	310	100	60	36	20	12	8	5	3	2	1	
4705	22221	1	1800	10	20	30	40	50	60	70	80	90	100	100	60	36	20	12	8	5	3	2	1	
4706	22221	1800	2200	10	20	40	60	90	100	130	160	190	230	100	60	36	20	12	8	5	3	2	1	
4707	22221	2200	9999	10	20	50	70	110	140	180	220	260	310	100	60	36	20	12	8	5	3	2	1	
4708	22222	1	1800	10	20	30	40	50	60	70	80	90	100	100	60	36	20	12	8	5	3	2	1	
4709	22222	1800	2200	10	20	40	60	90	100	130	160	190	230	100	60	36	20	12	8	5	3	2	1	
4710	22222	2200	9999	10	20	50	70	110	140	180	220	260	310	100	60	36	20	12	8	5	3	2	1	
4711	22223	1	1800	10	20	30	40	50	60	70	80	90	100	100	60	36	20	12	8	5	3	2	1	
4712	22223	1800	2200	10	20	40	60	90	100	130	160	190	230	100	60	36	20	12	8	5	3	2	1	
4713	22223	2200	9999	10	20	50	70	110	140	180	220	260	310	100	60	36	20	12	8	5	3	2	1	
4714	22229	1	1800	10	20	30	40	50	60	70	80	90	100	100	60	36	20	12	8	5	3	2	1	
4715	22229	1800	2200	10	20	40	60	90	100	130	160	190	230	100	60	36	20	12	8	5	3	2	1	
4716	22229	2200	9999	10	20	50	70	110	140	180	220	260	310	100	60	36	20	12	8	5	3	2	1	
4717	22231	1	1800	10	20	30	40	50	60	70	80	90	100	100	60	36	20	12	8	5	3	2	1	
4718	22231	1800	2200	10	20	40	60	90	100	130	160	190	230	100	60	36	20	12	8	5	3	2	1	
4719	22231	2200	9999	10	20	50	70	110	140	180	220	260	310	100	60	36	20	12	8	5	3	2	1	
4720	22232	1	1800	10	20	30	40	50	60	70	80	90	100	100	60	36	20	12	8	5	3	2	1	
4721	22232	1800	2200	10	20	40	60	90	100	130	160	190	230	100	60	36	20	12	8	5	3	2	1	
4722	22232	2200	9999	10	20	50	70	110	140	180	220	260	310	100	60	36	20	12	8	5	3	2	1	
4723	22233	1	1800	10	20	30	40	50	60	70	80	90	100	100	60	36	20	12	8	5	3	2	1	
4724	22233	1800	2200	10	20	40	60	90	100	130	160	190	230	100	60	36	20	12	8	5	3	2	1	
4725	22233	2200	9999	10	20	50	70	110	140	180	220	260	310	100	60	36	20	12	8	5	3	2	1	
4726	22234	1	1800	10	20	30	40	50	60	70	80	90	100	100	60	36	20	12	8	5	3	2	1	
4727	22234	1800	2200	10	20	40	60	90	100	130	160	190	230	100	60	36	20	12	8	5	3	2	1	
4728	22234	2200	9999	10	20	50	70	110	140	180	220	260	310	100	60	36	20	12	8	5	3	2	1	
4729	22239	1	1800	10	20	30	40	50	60	70	80	90	100	100	60	36	20	12	8	5	3	2	1	
4730	22239	1800	2200	10	20	40	60	90	100	130	160	190	230	100	60	36	20	12	8	5	3	2	1	
4731	22239	2200	9999	10	20	50	70	110	140	180	220	260	310	100	60	36	20	12	8	5	3	2	1	
4732	22241	1	1800	10	20	30	40	50	60	70	80	90	100	100	60	36	20	12	8	5	3	2	1	
4733	22241	1800	2200	10	20	40	60	90	100	130	160	190	230	100	60	36	20	12	8	5	3	2	1	
4734	22241	2200	9999	10	20	50	70	110	140	180	220	260	310	100	60	36	20	12	8	5	3	2	1	
4735	22242	1	1800	10	20	30	40	50	60	70	80	90	100	100	60	36	20	12	8	5	3	2	1	
4736	22242	1800	2200	10	20	40	60	90	100	130	160	190	230	100	60	36	20	12	8	5	3	2	1	
4737	22242	2200	9999	10	20	50	70	110	140	180	220	260	310	100	60	36	20	12	8	5	3	2	1	
4738	22243	1	1800	10	20	30	40	50	60	70	80	90	100	100	60	36	20	12	8	5	3	2	1	
4739	22243	1800	2200	10	20	40	60	90	100	130	160	190	230	100	60	36	20	12	8	5	3	2	1	
4740	22243	2200	9999	10	20	50	70	110	140	180	220	260	310	100	60	36	20	12	8	5	3	2	1	
4741	22244	1	1800	10	20	30	40	50	60	70	80	90	100	100	60	36	20	12	8	5	3	2	1	
4742	22244	1800	2200	10	20	40	60	90	100	130	160	190	230	100	60	36	20	12	8	5	3	2	1	
4743	22244	2200	9999	10	20	50	70	110	140	180	220	260	310	100	60	36	20	12	8	5	3	2	1	
4744	22245	1	1800	10	20	30	40	50	60	70	80	90	100	100	60	36	20	12	8	5	3	2	1	
4745	22245	1800	2200	10	20	40	60	90	100	130	160	190	230	100	60	36	20	12	8	5	3	2	1	
4746	22245	2200	9999	10	20	50	70	110	140	180	220	260	310	100	60	36	20	12	8	5	3	2	1	
4747	22249	1	1800	10	20	30	40	50	60	70	80	90	100	100	60	36	20	12	8	5	3	2	1	
4748	22249	1800	2200	10	20	40	60	90	100	130	160	190	230	100	60	36	20	12	8	5	3	2	1	
4749	22249	2200	9999	10	20	50	70	110	140	180	220	260	310	100	60	36	20	12	8	5	3	2	1	
4750	22251	1	1800	10	20	30	40	50	60	70	80	90	100	100	60	36	20	12	8	5	3	2	1	
4751	22251	1800	2200	10	20	40	60	90	100	130	160	190	230	100	60	36	20	12	8	5	3	2	1	
4752	22251	2200	9999	10	20	50	70	110	140	180	220	260	310	100	60	36	20	12	8	5	3	2	1	
4753	22252	1	1800	10	20	30	40	50	60	70	80	90	100	100	60	36	20	12	8	5	3	2	1	
4754	22252	1800	2200	10	20	40	60	90	100	130	160	190	230	100	60	36	20	12	8	5	3	2	1	
4755	22252	2200	9999	10	20	50	70	110	140	180	220	260	310	100	60	36	20	12	8	5	3	2	1	
4756	22253	1	1800	10	20	30	40	50	60	70	80	90	100	100	60	36	20	12	8	5	3	2	1	
4757	22253	1800	2200	10	20	40	60	90	100	130	160	190	230	100	60	36	20	12	8	5	3	2	1	
4758	22253	2200	9999	10	20	50	70	110	140	180	220	260	310	100	60	36	20	12	8	5	3	2	1	
4759	22254	1	1800	10	20	30	40	50	60	70	80	90	100	100	60	36	20	12	8	5	3	2	1	
4760	22254	1800	2200	10	20	40	60	90	100	130	160	190	230	100	60	36	20	12	8	5	3	2	1	
4761	22254	2200	9999	10	20	50	70	110	140	180	220	260	310	100	60	36	20	12	8	5	3	2	1	
4762	22255	1	1800	10	20	30	40	50	60	70	80	90	100	100	60	36	20	12	8	5	3	2	1	
4763	22255	1800	2200	10	20	40	60	90	100	130	160	190	230	100	60	36	20	12	8	5	3	2	1	
4764	22255	2200	9999	10	20	50	70	110	140	180	220	260	310	100	60	36	20	12	8	5	3	2	1	
4765	22256	1	1800	10	20	30	40	50	60	70	80	90	100	100	60	36	20	12	8	5	3	2	1	
4766	22256	1800	2200	10	20	40	60	90	100	130	160	190	230	100	60	36	20	12	8	5	3	2	1	
4767	22256	2200	9999	10	20	50	70	110	140	180	220	260	310	100	60	36	20	12	8	5	3	2	1	
4768	22259	1	1800	10	20	30	40	50	60	70	80	90	100	100	60	36	20	12	8	5	3	2	1	
4769	22259	1800	2200	10	20	40	60	90	100	130	160	190	230	100	60	36	20	12	8	5	3	2	1	
4770	22259	2200	9999	10	20	50	70	110	140	180	220	260	310	100	60	36	20	12	8	5	3	2	1	
4771	22261	1	1800	10	20	30	40	50	60	70	80	90	100	100	60	36	20	12	8	5	3	2	1	
4772	22261	1800	2200	10	20	40	60	90	100	130	160	190	230	100	60	36	20	12	8	5	3	2	1	
4773	22261	2200	9999	10	20	50	70	110	140	180	220	260	310	100	60	36	20	12	8	5	3	2	1	
4774	22262	1	1800	10	20	30	40	50	60	70	80	90	100	100	60	36	20	12	8	5	3	2	1	
4775	22262	1800	2200	10	20	40	60	90	100	130	160	190	230	100	60	36	20	12	8	5	3	2	1	
4776	22262	2200	9999	10	20	50	70	110	140	180	220	260	310	100	60	36	20	12	8	5	3	2	1	
4777	22263	1	1800	10	20	30	40	50	60	70	80	90	100	100	60	36	20	12	8	5	3	2	1	
4778	22263	1800	2200	10	20	40	60	90	100	130	160	190	230	100	60	36	20	12	8	5	3	2	1	
4779	22263	2200	9999	10	20	50	70	110	140	180	220	260	310	100	60	36	20	12	8	5	3	2	1	
4780	22264	1	1800	10	20	30	40	50	60	70	80	90	100	100	60	36	20	12	8	5	3	2	1	
4781	22264	1800	2200	10	20	40	60	90	100	130	160	190	230	100	60	36	20	12	8	5	3	2	1	
4782	22264	2200	9999	10	20	50	70	110	140	180	220	260	310	100	60	36	20	12	8	5	3	2	1	
4783	22265	1	1800	10	20	30	40	50	60	70	80	90	100	100	60	36	20	12	8	5	3	2	1	
4784	22265	1800	2200	10	20	40	60	90	100	130	160	190	230	100	60	36	20	12	8	5	3	2	1	
4785	22265	2200	9999	10	20	50	70	110	140	180	220	260	310	100	60	36	20	12	8	5	3	2	1	
4786	22266	1	1800	10	20	30	40	50	60	70	80	90	100	100	60	36	20	12	8	5	3	2	1	
4787	22266	1800	2200	10	20	40	60	90	100	130	160	190	230	100	60	36	20	12	8	5	3	2	1	
4788	22266	2200	9999	10	20	50	70	110	140	180	220	260	310	100	60	36	20	12	8	5	3	2	1	
4789	22267	1	1800	10	20	30	40	50	60	70	80	90	100	100	60	36	20	12	8	5	3	2	1	
4790	22267	1800	2200	10	20	40	60	90	100	130	160	190	230	100	60	36	20	12	8	5	3	2	1	
4791	22267	2200	9999	10	20	50	70	110	140	180	220	260	310	100	60	36	20	12	8	5	3	2	1	
4792	22269	1	1800	10	20	30	40	50	60	70	80	90	100	100	60	36	20	12	8	5	3	2	1	
4793	22269	1800	2200	10	20	40	60	90	100	130	160	190	230	100	60	36	20	12	8	5	3	2	1	
4794	22269	2200	9999	10	20	50	70	110	140	180	220	260	310	100	60	36	20	12	8	5	3	2	1	
4795	22271	1	1800	10	20	30	40	50	60	70	80	90	100	100	60	36	20	12	8	5	3	2	1	
4796	22271	1800	2200	10	20	40	60	90	100	130	160	190	230	100	60	36	20	12	8	5	3	2	1	
4797	22271	2200	9999	10	20	50	70	110	140	180	220	260	310	100	60	36	20	12	8	5	3	2	1	
4798	22272	1	1800	10	20	30	40	50	60	70	80	90	100	100	60	36	20	12	8	5	3	2	1	
4799	22272	1800	2200	10	20	40	60	90	100	130	160	190	230	100	60	36	20	12	8	5	3	2	1	
4800	22272	2200	9999	10	20	50	70	110	140	180	220	260	310	100	60	36	20	12	8	5	3	2	1	
4801	22273	1	1800	10	20	30	40	50	60	70	80	90	100	100	60	36	20	12	8	5	3	2	1	
4802	22273	1800	2200	10	20	40	60	90	100	130	160	190	230	100	60	36	20	12	8	5	3	2	1	
4803	22273	2200	9999	10	20	50	70	110	140	180	220	260	310	100	60	36	20	12	8	5	3	2	1	
4804	22274	1	1800	10	20	30	40	50	60	70	80	90	100	100	60	36	20	12	8	5	3	2	1	
4805	22274	1800	2200	10	20	40	60	90	100	130	160	190	230	100	60	36	20	12	8	5	3	2	1	
4806	22274	2200	9999	10	20	50	70	110	140	180	220	260	310	100	60	36	20	12	8	5	3	2	1	
4807	22275	1	1800	10	20	30	40	50	60	70	80	90	100	100	60	36	20	12	8	5	3	2	1	
4808	22275	1800	2200	10	20	40	60	90	100	130	160	190	230	100	60	36	20	12	8	5	3	2	1	
4809	22275	2200	9999	10	20	50	70	110	140	180	220	260	310	100	60	36	20	12	8	5	3	2	1	
4810	22276	1	1800	10	20	30	40	50	60	70	80	90	100	100	60	36	20	12	8	5	3	2	1	
4811	22276	1800	2200	10	20	40	60	90	100	130	160	190	230	100	60	36	20	12	8	5	3	2	1	
4812	22276	2200	9999	10	20	50	70	110	140	180	220	260	310	100	60	36	20	12	8	5	3	2	1	
4813	22277	1	1800	10	20	30	40	50	60	70	80	90	100	100	60	36	20	12	8	5	3	2	1	
4814	22277	1800	2200	10	20	40	60	90	100	130	160	190	230	100	60	36	20	12	8	5	3	2	1	
4815	22277	2200	9999	10	20	50	70	110	140	180	220	260	310	100	60	36	20	12	8	5	3	2	1	
4816	22278	1	1800	10	20	30	40	50	60	70	80	90	100	100	60	36	20	12	8	5	3	2	1	
4817	22278	1800	2200	10	20	40	60	90	100	130	160	190	230	100	60	36	20	12	8	5	3	2	1	
4818	22278	2200	9999	10	20	50	70	110	140	180	220	260	310	100	60	36	20	12	8	5	3	2	1	
4819	22279	1	1800	10	20	30	40	50	60	70	80	90	100	100	60	36	20	12	8	5	3	2	1	
4820	22279	1800	2200	10	20	40	60	90	100	130	160	190	230	100	60	36	20	12	8	5	3	2	1	
4821	22279	2200	9999	10	20	50	70	110	140	180	220	260	310	100	60	36	20	12	8	5	3	2	1	
4822	22281	1	1800	10	20	30	40	50	60	70	80	90	100	100	60	36	20	12	8	5	3	2	1	
4823	22281	1800	2200	10	20	40	60	90	100	130	160	190	230	100	60	36	20	12	8	5	3	2	1	
4824	22281	2200	9999	10	20	50	70	110	140	180	220	260	310	100	60	36	20	12	8	5	3	2	1	
4825	22282	1	1800	10	20	30	40	50	60	70	80	90	100	100	60	36	20	12	8	5	3	2	1	
4826	22282	1800	2200	10	20	40	60	90	100	130	160	190	230	100	60	36	20	12	8	5	3	2	1	
4827	22282	2200	9999	10	20	50	70	110	140	180	220	260	310	100	60	36	20	12	8	5	3	2	1	
4828	22289	1	1800	10	20	30	40	50	60	70	80	90	100	100	60	36	20	12	8	5	3	2	1	
4829	22289	1800	2200	10	20	40	60	90	100	130	160	190	230	100	60	36	20	12	8	5	3	2	1	
4830	22289	2200	9999	10	20	50	70	110	140	180	220	260	310	100	60	36	20	12	8	5	3	2	1	
4831	22291	1	1800	10	20	30	40	50	60	70	80	90	100	100	60	36	20	12	8	5	3	2	1	
4832	22291	1800	2200	10	20	40	60	90	100	130	160	190	230	100	60	36	20	12	8	5	3	2	1	
4833	22291	2200	9999	10	20	50	70	110	140	180	220	260	310	100	60	36	20	12	8	5	3	2	1	
4834	22292	1	1800	10	20	30	40	50	60	70	80	90	100	100	60	36	20	12	8	5	3	2	1	
4835	22292	1800	2200	10	20	40	60	90	100	130	160	190	230	100	60	36	20	12	8	5	3	2	1	
4836	22292	2200	9999	10	20	50	70	110	140	180	220	260	310	100	60	36	20	12	8	5	3	2	1	
4837	22293	1	1800	10	20	30	40	50	60	70	80	90	100	100	60	36	20	12	8	5	3	2	1	
4838	22293	1800	2200	10	20	40	60	90	100	130	160	190	230	100	60	36	20	12	8	5	3	2	1	
4839	22293	2200	9999	10	20	50	70	110	140	180	220	260	310	100	60	36	20	12	8	5	3	2	1	
4840	22299	1	1800	10	20	30	40	50	60	70	80	90	100	100	60	36	20	12	8	5	3	2	1	
4841	22299	1800	2200	10	20	40	60	90	100	130	160	190	230	100	60	36	20	12	8	5	3	2	1	
4842	22299	2200	9999	10	20	50	70	110	140	180	220	260	310	100	60	36	20	12	8	5	3	2	1	
4843	22301	1	1800	10	20	30	40	50	60	70	80	90	100	100	60	36	20	12	8	5	3	2	1	
4844	22301	1800	2200	10	20	40	60	90	100	130	160	190	230	100	60	36	20	12	8	5	3	2	1	
4845	22301	2200	9999	10	20	50	70	110	140	180	220	260	310	100	60	36	20	12	8	5	3	2	1	
4846	22302	1	1800	10	20	30	40	50	60	70	80	90	100	100	60	36	20	12	8	5	3	2	1	
4847	22302	1800	2200	10	20	40	60	90	100	130	160	190	230	100	60	36	20	12	8	5	3	2	1	
4848	22302	2200	9999	10	20	50	70	110	140	180	220	260	310	100	60	36	20	12	8	5	3	2	1	
4849	22303	1	1800	10	20	30	40	50	60	70	80	90	100	100	60	36	20	12	8	5	3	2	1	
4850	22303	1800	2200	10	20	40	60	90	100	130	160	190	230	100	60	36	20	12	8	5	3	2	1	
4851	22303	2200	9999	10	20	50	70	110	140	180	220	260	310	100	60	36	20	12	8	5	3	2	1	
4852	22304	1	1800	10	20	30	40	50	60	70	80	90	100	100	60	36	20	12	8	5	3	2	1	
4853	22304	1800	2200	10	20	40	60	90	100	130	160	190	230	100	60	36	20	12	8	5	3	2	1	
4854	22304	2200	9999	10	20	50	70	110	140	180	220	260	310	100	60	36	20	12	8	5	3	2	1	
4855	22309	1	1800	10	20	30	40	50	60	70	80	90	100	100	60	36	20	12	8	5	3	2	1	
4856	22309	1800	2200	10	20	40	60	90	100	130	160	190	230	100	60	36	20	12	8	5	3	2	1	
4857	22309	2200	9999	10	20	50	70	110	140	180	220	260	310	100	60	36	20	12	8	5	3	2	1	
4858	22311	1	1800	10	20	30	40	50	60	70	80	90	100	100	60	36	20	12	8	5	3	2	1	
4859	22311	1800	2200	10	20	40	60	90	100	130	160	190	230	100	60	36	20	12	8	5	3	2	1	
4860	22311	2200	9999	10	20	50	70	110	140	180	220	260	310	100	60	36	20	12	8	5	3	2	1	
4861	22312	1	1800	10	20	30	40	50	60	70	80	90	100	100	60	36	20	12	8	5	3	2	1	
4862	22312	1800	2200	10	20	40	60	90	100	130	160	190	230	100	60	36	20	12	8	5	3	2	1	
4863	22312	2200	9999	10	20	50	70	110	140	180	220	260	310	100	60	36	20	12	8	5	3	2	1	
4864	22313	1	1800	10	20	30	40	50	60	70	80	90	100	100	60	36	20	12	8	5	3	2	1	
4865	22313	1800	2200	10	20	40	60	90	100	130	160	190	230	100	60	36	20	12	8	5	3	2	1	
4866	22313	2200	9999	10	20	50	70	110	140	180	220	260	310	100	60	36	20	12	8	5	3	2	1	
4867	22314	1	1800	10	20	30	40	50	60	70	80	90	100	100	60	36	20	12	8	5	3	2	1	
4868	22314	1800	2200	10	20	40	60	90	100	130	160	190	230	100	60	36	20	12	8	5	3	2	1	
4869	22314	2200	9999	10	20	50	70	110	140	180	220	260	310	100	60	36	20	12	8	5	3	2	1	
4870	22315	1	1800	10	20	30	40	50	60	70	80	90	100	100	60	36	20	12	8	5	3	2	1	
4871	22315	1800	2200	10	20	40	60	90	100	130	160	190	230	100	60	36	20	12	8	5	3	2	1	
4872	22315	2200	9999	10	20	50	70	110	140	180	220	260	310	100	60	36	20	12	8	5	3	2	1	
4873	22319	1	1800	10	20	30	40	50	60	70	80	90	100	100	60	36	20	12	8	5	3	2	1	
4874	22319	1800	2200	10	20	40	60	90	100	130	160	190	230	100	60	36	20	12	8	5	3	2	1	
4875	22319	2200	9999	10	20	50	70	110	140	180	220	260	310	100	60	36	20	12	8	5	3	2	1	
4876	22321	1	1800	10	20	30	40	50	60	70	80	90	100	100	60	36	20	12	8	5	3	2	1	
4877	22321	1800	2200	10	20	40	60	90	100	130	160	190	230	100	60	36	20	12	8	5	3	2	1	
4878	22321	2200	9999	10	20	50	70	110	140	180	220	260	310	100	60	36	20	12	8	5	3	2	1	
4879	22322	1	1800	10	20	30	40	50	60	70	80	90	100	100	60	36	20	12	8	5	3	2	1	
4880	22322	1800	2200	10	20	40	60	90	100	130	160	190	230	100	60	36	20	12	8	5	3	2	1	
4881	22322	2200	9999	10	20	50	70	110	140	180	220	260	310	100	60	36	20	12	8	5	3	2	1	
4882	22323	1	1800	10	20	30	40	50	60	70	80	90	100	100	60	36	20	12	8	5	3	2	1	
4883	22323	1800	2200	10	20	40	60	90	100	130	160	190	230	100	60	36	20	12	8	5	3	2	1	
4884	22323	2200	9999	10	20	50	70	110	140	180	220	260	310	100	60	36	20	12	8	5	3	2	1	
4885	22324	1	1800	10	20	30	40	50	60	70	80	90	100	100	60	36	20	12	8	5	3	2	1	
4886	22324	1800	2200	10	20	40	60	90	100	130	160	190	230	100	60	36	20	12	8	5	3	2	1	
4887	22324	2200	9999	10	20	50	70	110	140	180	220	260	310	100	60	36	20	12	8	5	3	2	1	
4888	22325	1	1800	10	20	30	40	50	60	70	80	90	100	100	60	36	20	12	8	5	3	2	1	
4889	22325	1800	2200	10	20	40	60	90	100	130	160	190	230	100	60	36	20	12	8	5	3	2	1	
4890	22325	2200	9999	10	20	50	70	110	140	180	220	260	310	100	60	36	20	12	8	5	3	2	1	
4891	22326	1	1800	10	20	30	40	50	60	70	80	90	100	100	60	36	20	12	8	5	3	2	1	
4892	22326	1800	2200	10	20	40	60	90	100	130	160	190	230	100	60	36	20	12	8	5	3	2	1	
4893	22326	2200	9999	10	20	50	70	110	140	180	220	260	310	100	60	36	20	12	8	5	3	2	1	
4894	22329	1	1800	10	20	30	40	50	60	70	80	90	100	100	60	36	20	12	8	5	3	2	1	
4895	22329	1800	2200	10	20	40	60	90	100	130	160	190	230	100	60	36	20	12	8	5	3	2	1	
4896	22329	2200	9999	10	20	50	70	110	140	180	220	260	310	100	60	36	20	12	8	5	3	2	1	
4897	22331	1	1800	10	20	30	40	50	60	70	80	90	100	100	60	36	20	12	8	5	3	2	1	
4898	22331	1800	2200	10	20	40	60	90	100	130	160	190	230	100	60	36	20	12	8	5	3	2	1	
4899	22331	2200	9999	10	20	50	70	110	140	180	220	260	310	100	60	36	20	12	8	5	3	2	1	
4900	22332	1	1800	10	20	30	40	50	60	70	80	90	100	100	60	36	20	12	8	5	3	2	1	
4901	22332	1800	2200	10	20	40	60	90	100	130	160	190	230	100	60	36	20	12	8	5	3	2	1	
4902	22332	2200	9999	10	20	50	70	110	140	180	220	260	310	100	60	36	20	12	8	5	3	2	1	
4903	22333	1	1800	10	20	30	40	50	60	70	80	90	100	100	60	36	20	12	8	5	3	2	1	
4904	22333	1800	2200	10	20	40	60	90	100	130	160	190	230	100	60	36	20	12	8	5	3	2	1	
4905	22333	2200	9999	10	20	50	70	110	140	180	220	260	310	100	60	36	20	12	8	5	3	2	1	
4906	22334	1	1800	10	20	30	40	50	60	70	80	90	100	100	60	36	20	12	8	5	3	2	1	
4907	22334	1800	2200	10	20	40	60	90	100	130	160	190	230	100	60	36	20	12	8	5	3	2	1	
4908	22334	2200	9999	10	20	50	70	110	140	180	220	260	310	100	60	36	20	12	8	5	3	2	1	
4909	22335	1	1800	10	20	30	40	50	60	70	80	90	100	100	60	36	20	12	8	5	3	2	1	
4910	22335	1800	2200	10	20	40	60	90	100	130	160	190	230	100	60	36	20	12	8	5	3	2	1	
4911	22335	2200	9999	10	20	50	70	110	140	180	220	260	310	100	60	36	20	12	8	5	3	2	1	
4912	22336	1	1800	10	20	30	40	50	60	70	80	90	100	100	60	36	20	12	8	5	3	2	1	
4913	22336	1800	2200	10	20	40	60	90	100	130	160	190	230	100	60	36	20	12	8	5	3	2	1	
4914	22336	2200	9999	10	20	50	70	110	140	180	220	260	310	100	60	36	20	12	8	5	3	2	1	
4915	22337	1	1800	10	20	30	40	50	60	70	80	90	100	100	60	36	20	12	8	5	3	2	1	
4916	22337	1800	2200	10	20	40	60	90	100	130	160	190	230	100	60	36	20	12	8	5	3	2	1	
4917	22337	2200	9999	10	20	50	70	110	140	180	220	260	310	100	60	36	20	12	8	5	3	2	1	
4918	22339	1	1800	10	20	30	40	50	60	70	80	90	100	100	60	36	20	12	8	5	3	2	1	
4919	22339	1800	2200	10	20	40	60	90	100	130	160	190	230	100	60	36	20	12	8	5	3	2	1	
4920	22339	2200	9999	10	20	50	70	110	140	180	220	260	310	100	60	36	20	12	8	5	3	2	1	
4921	22341	1	1800	10	20	30	40	50	60	70	80	90	100	100	60	36	20	12	8	5	3	2	1	
4922	22341	1800	2200	10	20	40	60	90	100	130	160	190	230	100	60	36	20	12	8	5	3	2	1	
4923	22341	2200	9999	10	20	50	70	110	140	180	220	260	310	100	60	36	20	12	8	5	3	2	1	
4924	22342	1	1800	10	20	30	40	50	60	70	80	90	100	100	60	36	20	12	8	5	3	2	1	
4925	22342	1800	2200	10	20	40	60	90	100	130	160	190	230	100	60	36	20	12	8	5	3	2	1	
4926	22342	2200	9999	10	20	50	70	110	140	180	220	260	310	100	60	36	20	12	8	5	3	2	1	
4927	22343	1	1800	10	20	30	40	50	60	70	80	90	100	100	60	36	20	12	8	5	3	2	1	
4928	22343	1800	2200	10	20	40	60	90	100	130	160	190	230	100	60	36	20	12	8	5	3	2	1	
4929	22343	2200	9999	10	20	50	70	110	140	180	220	260	310	100	60	36	20	12	8	5	3	2	1	
4930	22344	1	1800	10	20	30	40	50	60	70	80	90	100	100	60	36	20	12	8	5	3	2	1	
4931	22344	1800	2200	10	20	40	60	90	100	130	160	190	230	100	60	36	20	12	8	5	3	2	1	
4932	22344	2200	9999	10	20	50	70	110	140	180	220	260	310	100	60	36	20	12	8	5	3	2	1	
4933	22345	1	1800	10	20	30	40	50	60	70	80	90	100	100	60	36	20	12	8	5	3	2	1	
4934	22345	1800	2200	10	20	40	60	90	100	130	160	190	230	100	60	36	20	12	8	5	3	2	1	
4935	22345	2200	9999	10	20	50	70	110	140	180	220	260	310	100	60	36	20	12	8	5	3	2	1	
4936	22346	1	1800	10	20	30	40	50	60	70	80	90	100	100	60	36	20	12	8	5	3	2	1	
4937	22346	1800	2200	10	20	40	60	90	100	130	160	190	230	100	60	36	20	12	8	5	3	2	1	
4938	22346	2200	9999	10	20	50	70	110	140	180	220	260	310	100	60	36	20	12	8	5	3	2	1	
4939	22347	1	1800	10	20	30	40	50	60	70	80	90	100	100	60	36	20	12	8	5	3	2	1	
4940	22347	1800	2200	10	20	40	60	90	100	130	160	190	230	100	60	36	20	12	8	5	3	2	1	
4941	22347	2200	9999	10	20	50	70	110	140	180	220	260	310	100	60	36	20	12	8	5	3	2	1	
4942	22348	1	1800	10	20	30	40	50	60	70	80	90	100	100	60	36	20	12	8	5	3	2	1	
4943	22348	1800	2200	10	20	40	60	90	100	130	160	190	230	100	60	36	20	12	8	5	3	2	1	
4944	22348	2200	9999	10	20	50	70	110	140	180	220	260	310	100	60	36	20	12	8	5	3	2	1	
4945	22349	1	1800	10	20	30	40	50	60	70	80	90	100	100	60	36	20	12	8	5	3	2	1	
4946	22349	1800	2200	10	20	40	60	90	100	130	160	190	230	100	60	36	20	12	8	5	3	2	1	
4947	22349	2200	9999	10	20	50	70	110	140	180	220	260	310	100	60	36	20	12	8	5	3	2	1	
4948	22351	1	1800	10	20	30	40	50	60	70	80	90	100	100	60	36	20	12	8	5	3	2	1	
4949	22351	1800	2200	10	20	40	60	90	100	130	160	190	230	100	60	36	20	12	8	5	3	2	1	
4950	22351	2200	9999	10	20	50	70	110	140	180	220	260	310	100	60	36	20	12	8	5	3	2	1	
4951	22352	1	1800	10	20	30	40	50	60	70	80	90	100	100	60	36	20	12	8	5	3	2	1	
4952	22352	1800	2200	10	20	40	60	90	100	130	160	190	230	100	60	36	20	12	8	5	3	2	1	
4953	22352	2200	9999	10	20	50	70	110	140	180	220	260	310	100	60	36	20	12	8	5	3	2	1	
4954	22359	1	1800	10	20	30	40	50	60	70	80	90	100	100	60	36	20	12	8	5	3	2	1	
4955	22359	1800	2200	10	20	40	60	90	100	130	160	190	230	100	60	36	20	12	8	5	3	2	1	
4956	22359	2200	9999	10	20	50	70	110	140	180	220	260	310	100	60	36	20	12	8	5	3	2	1	
4957	22361	1	1800	10	20	30	40	50	60	70	80	90	100	100	60	36	20	12	8	5	3	2	1	
4958	22361	1800	2200	10	20	40	60	90	100	130	160	190	230	100	60	36	20	12	8	5	3	2	1	
4959	22361	2200	9999	10	20	50	70	110	140	180	220	260	310	100	60	36	20	12	8	5	3	2	1	
4960	22362	1	1800	10	20	30	40	50	60	70	80	90	100	100	60	36	20	12	8	5	3	2	1	
4961	22362	1800	2200	10	20	40	60	90	100	130	160	190	230	100	60	36	20	12	8	5	3	2	1	
4962	22362	2200	9999	10	20	50	70	110	140	180	220	260	310	100	60	36	20	12	8	5	3	2	1	
4963	22363	1	1800	10	20	30	40	50	60	70	80	90	100	100	60	36	20	12	8	5	3	2	1	
4964	22363	1800	2200	10	20	40	60	90	100	130	160	190	230	100	60	36	20	12	8	5	3	2	1	
4965	22363	2200	9999	10	20	50	70	110	140	180	220	260	310	100	60	36	20	12	8	5	3	2	1	
4966	22369	1	1800	10	20	30	40	50	60	70	80	90	100	100	60	36	20	12	8	5	3	2	1	
4967	22369	1800	2200	10	20	40	60	90	100	130	160	190	230	100	60	36	20	12	8	5	3	2	1	
4968	22369	2200	9999	10	20	50	70	110	140	180	220	260	310	100	60	36	20	12	8	5	3	2	1	
4969	22371	1	1800	10	20	30	40	50	60	70	80	90	100	100	60	36	20	12	8	5	3	2	1	
4970	22371	1800	2200	10	20	40	60	90	100	130	160	190	230	100	60	36	20	12	8	5	3	2	1	
4971	22371	2200	9999	10	20	50	70	110	140	180	220	260	310	100	60	36	20	12	8	5	3	2	1	
4972	22372	1	1800	10	20	30	40	50	60	70	80	90	100	100	60	36	20	12	8	5	3	2	1	
4973	22372	1800	2200	10	20	40	60	90	100	130	160	190	230	100	60	36	20	12	8	5	3	2	1	
4974	22372	2200	9999	10	20	50	70	110	140	180	220	260	310	100	60	36	20	12	8	5	3	2	1	
4975	22373	1	1800	10	20	30	40	50	60	70	80	90	100	100	60	36	20	12	8	5	3	2	1	
4976	22373	1800	2200	10	20	40	60	90	100	130	160	190	230	100	60	36	20	12	8	5	3	2	1	
4977	22373	2200	9999	10	20	50	70	110	140	180	220	260	310	100	60	36	20	12	8	5	3	2	1	
4978	22374	1	1800	10	20	30	40	50	60	70	80	90	100	100	60	36	20	12	8	5	3	2	1	
4979	22374	1800	2200	10	20	40	60	90	100	130	160	190	230	100	60	36	20	12	8	5	3	2	1	
4980	22374	2200	9999	10	20	50	70	110	140	180	220	260	310	100	60	36	20	12	8	5	3	2	1	
4981	22379	1	1800	10	20	30	40	50	60	70	80	90	100	100	60	36	20	12	8	5	3	2	1	
4982	22379	1800	2200	10	20	40	60	90	100	130	160	190	230	100	60	36	20	12	8	5	3	2	1	
4983	22379	2200	9999	10	20	50	70	110	140	180	220	260	310	100	60	36	20	12	8	5	3	2	1	
4984	22381	1	1800	10	20	30	40	50	60	70	80	90	100	100	60	36	20	12	8	5	3	2	1	
4985	22381	1800	2200	10	20	40	60	90	100	130	160	190	230	100	60	36	20	12	8	5	3	2	1	
4986	22381	2200	9999	10	20	50	70	110	140	180	220	260	310	100	60	36	20	12	8	5	3	2	1	
4987	22382	1	1800	10	20	30	40	50	60	70	80	90	100	100	60	36	20	12	8	5	3	2	1	
4988	22382	1800	2200	10	20	40	60	90	100	130	160	190	230	100	60	36	20	12	8	5	3	2	1	
4989	22382	2200	9999	10	20	50	70	110	140	180	220	260	310	100	60	36	20	12	8	5	3	2	1	
4990	22383	1	1800	10	20	30	40	50	60	70	80	90	100	100	60	36	20	12	8	5	3	2	1	
4991	22383	1800	2200	10	20	40	60	90	100	130	160	190	230	100	60	36	20	12	8	5	3	2	1	
4992	22383	2200	9999	10	20	50	70	110	140	180	220	260	310	100	60	36	20	12	8	5	3	2	1	
4993	22384	1	1800	10	20	30	40	50	60	70	80	90	100	100	60	36	20	12	8	5	3	2	1	
4994	22384	1800	2200	10	20	40	60	90	100	130	160	190	230	100	60	36	20	12	8	5	3	2	1	
4995	22384	2200	9999	10	20	50	70	110	140	180	220	260	310	100	60	36	20	12	8	5	3	2	1	
4996	22385	1	1800	10	20	30	40	50	60	70	80	90	100	100	60	36	20	12	8	5	3	2	1	
4997	22385	1800	2200	10	20	40	60	90	100	130	160	190	230	100	60	36	20	12	8	5	3	2	1	
4998	22385	2200	9999	10	20	50	70	110	140	180	220	260	310	100	60	36	20	12	8	5	3	2	1	
4999	22389	1	1800	10	20	30	40	50	60	70	80	90	100	100	60	36	20	12	8	5	3	2	1	
5000	22389	1800	2200	10	20	40	60	90	100	130	160	190	230	100	60	36	20	12	8	5	3	2	1	
5001	22389	2200	9999	10	20	50	70	110	140	180	220	260	310	100	60	36	20	12	8	5	3	2	1	
5002	22391	1	1800	10	20	30	40	50	60	70	80	90	100	100	60	36	20	12	8	5	3	2	1	
5003	22391	1800	2200	10	20	40	60	90	100	130	160	190	230	100	60	36	20	12	8	5	3	2	1	
5004	22391	2200	9999	10	20	50	70	110	140	180	220	260	310	100	60	36	20	12	8	5	3	2	1	
5005	22392	1	1800	10	20	30	40	50	60	70	80	90	100	100	60	36	20	12	8	5	3	2	1	
5006	22392	1800	2200	10	20	40	60	90	100	130	160	190	230	100	60	36	20	12	8	5	3	2	1	
5007	22392	2200	9999	10	20	50	70	110	140	180	220	260	310	100	60	36	20	12	8	5	3	2	1	
5008	22393	1	1800	10	20	30	40	50	60	70	80	90	100	100	60	36	20	12	8	5	3	2	1	
5009	22393	1800	2200	10	20	40	60	90	100	130	160	190	230	100	60	36	20	12	8	5	3	2	1	
5010	22393	2200	9999	10	20	50	70	110	140	180	220	260	310	100	60	36	20	12	8	5	3	2	1	
5011	22394	1	1800	10	20	30	40	50	60	70	80	90	100	100	60	36	20	12	8	5	3	2	1	
5012	22394	1800	2200	10	20	40	60	90	100	130	160	190	230	100	60	36	20	12	8	5	3	2	1	
5013	22394	2200	9999	10	20	50	70	110	140	180	220	260	310	100	60	36	20	12	8	5	3	2	1	
5014	22395	1	1800	10	20	30	40	50	60	70	80	90	100	100	60	36	20	12	8	5	3	2	1	
5015	22395	1800	2200	10	20	40	60	90	100	130	160	190	230	100	60	36	20	12	8	5	3	2	1	
5016	22395	2200	9999	10	20	50	70	110	140	180	220	260	310	100	60	36	20	12	8	5	3	2	1	
5017	22396	1	1800	10	20	30	40	50	60	70	80	90	100	100	60	36	20	12	8	5	3	2	1	
5018	22396	1800	2200	10	20	40	60	90	100	130	160	190	230	100	60	36	20	12	8	5	3	2	1	
5019	22396	2200	9999	10	20	50	70	110	140	180	220	260	310	100	60	36	20	12	8	5	3	2	1	
5020	22399	1	1800	10	20	30	40	50	60	70	80	90	100	100	60	36	20	12	8	5	3	2	1	
5021	22399	1800	2200	10	20	40	60	90	100	130	160	190	230	100	60	36	20	12	8	5	3	2	1	
5022	22399	2200	9999	10	20	50	70	110	140	180	220	260	310	100	60	36	20	12	8	5	3	2	1	
5023	22401	1	1800	10	20	30	40	50	60	70	80	90	100	100	60	36	20	12	8	5	3	2	1	
5024	22401	1800	2200	10	20	40	60	90	100	130	160	190	230	100	60	36	20	12	8	5	3	2	1	
5025	22401	2200	9999	10	20	50	70	110	140	180	220	260	310	100	60	36	20	12	8	5	3	2	1	
5026	22402	1	1800	10	20	30	40	50	60	70	80	90	100	100	60	36	20	12	8	5	3	2	1	
5027	22402	1800	2200	10	20	40	60	90	100	130	160	190	230	100	60	36	20	12	8	5	3	2	1	
5028	22402	2200	9999	10	20	50	70	110	140	180	220	260	310	100	60	36	20	12	8	5	3	2	1	
5029	22403	1	1800	10	20	30	40	50	60	70	80	90	100	100	60	36	20	12	8	5	3	2	1	
5030	22403	1800	2200	10	20	40	60	90	100	130	160	190	230	100	60	36	20	12	8	5	3	2	1	
5031	22403	2200	9999	10	20	50	70	110	140	180	220	260	310	100	60	36	20	12	8	5	3	2	1	
5032	22404	1	1800	10	20	30	40	50	60	70	80	90	100	100	60	36	20	12	8	5	3	2	1	
5033	22404	1800	2200	10	20	40	60	90	100	130	160	190	230	100	60	36	20	12	8	5	3	2	1	
5034	22404	2200	9999	10	20	50	70	110	140	180	220	260	310	100	60	36	20	12	8	5	3	2	1	
5035	22405	1	1800	10	20	30	40	50	60	70	80	90	100	100	60	36	20	12	8	5	3	2	1	
5036	22405	1800	2200	10	20	40	60	90	100	130	160	190	230	100	60	36	20	12	8	5	3	2	1	
5037	22405	2200	9999	10	20	50	70	110	140	180	220	260	310	100	60	36	20	12	8	5	3	2	1	
5038	22406	1	1800	10	20	30	40	50	60	70	80	90	100	100	60	36	20	12	8	5	3	2	1	
5039	22406	1800	2200	10	20	40	60	90	100	130	160	190	230	100	60	36	20	12	8	5	3	2	1	
5040	22406	2200	9999	10	20	50	70	110	140	180	220	260	310	100	60	36	20	12	8	5	3	2	1	
5041	22407	1	1800	10	20	30	40	50	60	70	80	90	100	100	60	36	20	12	8	5	3	2	1	
5042	22407	1800	2200	10	20	40	60	90	100	130	160	190	230	100	60	36	20	12	8	5	3	2	1	
5043	22407	2200	9999	10	20	50	70	110	140	180	220	260	310	100	60	36	20	12	8	5	3	2	1	
5044	22409	1	1800	10	20	30	40	50	60	70	80	90	100	100	60	36	20	12	8	5	3	2	1	
5045	22409	1800	2200	10	20	40	60	90	100	130	160	190	230	100	60	36	20	12	8	5	3	2	1	
5046	22409	2200	9999	10	20	50	70	110	140	180	220	260	310	100	60	36	20	12	8	5	3	2	1	
5047	22411	1	1800	10	20	30	40	50	60	70	80	90	100	100	60	36	20	12	8	5	3	2	1	
5048	22411	1800	2200	10	20	40	60	90	100	130	160	190	230	100	60	36	20	12	8	5	3	2	1	
5049	22411	2200	9999	10	20	50	70	110	140	180	220	260	310	100	60	36	20	12	8	5	3	2	1	
5050	22412	1	1800	10	20	30	40	50	60	70	80	90	100	100	60	36	20	12	8	5	3	2	1	
5051	22412	1800	2200	10	20	40	60	90	100	130	160	190	230	100	60	36	20	12	8	5	3	2	1	
5052	22412	2200	9999	10	20	50	70	110	140	180	220	260	310	100	60	36	20	12	8	5	3	2	1	
5053	22413	1	1800	10	20	30	40	50	60	70	80	90	100	100	60	36	20	12	8	5	3	2	1	
5054	22413	1800	2200	10	20	40	60	90	100	130	160	190	230	100	60	36	20	12	8	5	3	2	1	
5055	22413	2200	9999	10	20	50	70	110	140	180	220	260	310	100	60	36	20	12	8	5	3	2	1	
5056	22414	1	1800	10	20	30	40	50	60	70	80	90	100	100	60	36	20	12	8	5	3	2	1	
5057	22414	1800	2200	10	20	40	60	90	100	130	160	190	230	100	60	36	20	12	8	5	3	2	1	
5058	22414	2200	9999	10	20	50	70	110	140	180	220	260	310	100	60	36	20	12	8	5	3	2	1	
5059	22415	1	1800	10	20	30	40	50	60	70	80	90	100	100	60	36	20	12	8	5	3	2	1	
5060	22415	1800	2200	10	20	40	60	90	100	130	160	190	230	100	60	36	20	12	8	5	3	2	1	
5061	22415	2200	9999	10	20	50	70	110	140	180	220	260	310	100	60	36	20	12	8	5	3	2	1	
5062	22416	1	1800	10	20	30	40	50	60	70	80	90	100	100	60	36	20	12	8	5	3	2	1	
5063	22416	1800	2200	10	20	40	60	90	100	130	160	190	230	100	60	36	20	12	8	5	3	2	1	
5064	22416	2200	9999	10	20	50	70	110	140	180	220	260	310	100	60	36	20	12	8	5	3	2	1	
5065	22417	1	1800	10	20	30	40	50	60	70	80	90	100	100	60	36	20	12	8	5	3	2	1	
5066	22417	1800	2200	10	20	40	60	90	100	130	160	190	230	100	60	36	20	12	8	5	3	2	1	
5067	22417	2200	9999	10	20	50	70	110	140	180	220	260	310	100	60	36	20	12	8	5	3	2	1	
5068	22418	1	1800	10	20	30	40	50	60	70	80	90	100	100	60	36	20	12	8	5	3	2	1	
5069	22418	1800	2200	10	20	40	60	90	100	130	160	190	230	100	60	36	20	12	8	5	3	2	1	
5070	22418	2200	9999	10	20	50	70	110	140	180	220	260	310	100	60	36	20	12	8	5	3	2	1	
5071	22419	1	1800	10	20	30	40	50	60	70	80	90	100	100	60	36	20	12	8	5	3	2	1	
5072	22419	1800	2200	10	20	40	60	90	100	130	160	190	230	100	60	36	20	12	8	5	3	2	1	
5073	22419	2200	9999	10	20	50	70	110	140	180	220	260	310	100	60	36	20	12	8	5	3	2	1	
5074	22421	1	1800	10	20	30	40	50	60	70	80	90	100	100	60	36	20	12	8	5	3	2	1	
5075	22421	1800	2200	10	20	40	60	90	100	130	160	190	230	100	60	36	20	12	8	5	3	2	1	
5076	22421	2200	9999	10	20	50	70	110	140	180	220	260	310	100	60	36	20	12	8	5	3	2	1	
5077	22422	1	1800	10	20	30	40	50	60	70	80	90	100	100	60	36	20	12	8	5	3	2	1	
5078	22422	1800	2200	10	20	40	60	90	100	130	160	190	230	100	60	36	20	12	8	5	3	2	1	
5079	22422	2200	9999	10	20	50	70	110	140	180	220	260	310	100	60	36	20	12	8	5	3	2	1	
5080	22429	1	1800	10	20	30	40	50	60	70	80	90	100	100	60	36	20	12	8	5	3	2	1	
5081	22429	1800	2200	10	20	40	60	90	100	130	160	190	230	100	60	36	20	12	8	5	3	2	1	
5082	22429	2200	9999	10	20	50	70	110	140	180	220	260	310	100	60	36	20	12	8	5	3	2	1	
5083	22431	1	1800	10	20	30	40	50	60	70	80	90	100	100	60	36	20	12	8	5	3	2	1	
5084	22431	1800	2200	10	20	40	60	90	100	130	160	190	230	100	60	36	20	12	8	5	3	2	1	
5085	22431	2200	9999	10	20	50	70	110	140	180	220	260	310	100	60	36	20	12	8	5	3	2	1	
5086	22432	1	1800	10	20	30	40	50	60	70	80	90	100	100	60	36	20	12	8	5	3	2	1	
5087	22432	1800	2200	10	20	40	60	90	100	130	160	190	230	100	60	36	20	12	8	5	3	2	1	
5088	22432	2200	9999	10	20	50	70	110	140	180	220	260	310	100	60	36	20	12	8	5	3	2	1	
5089	22433	1	1800	10	20	30	40	50	60	70	80	90	100	100	60	36	20	12	8	5	3	2	1	
5090	22433	1800	2200	10	20	40	60	90	100	130	160	190	230	100	60	36	20	12	8	5	3	2	1	
5091	22433	2200	9999	10	20	50	70	110	140	180	220	260	310	100	60	36	20	12	8	5	3	2	1	
5092	22439	1	1800	10	20	30	40	50	60	70	80	90	100	100	60	36	20	12	8	5	3	2	1	
5093	22439	1800	2200	10	20	40	60	90	100	130	160	190	230	100	60	36	20	12	8	5	3	2	1	
5094	22439	2200	9999	10	20	50	70	110	140	180	220	260	310	100	60	36	20	12	8	5	3	2	1	
5095	22441	1	1800	10	20	30	40	50	60	70	80	90	100	100	60	36	20	12	8	5	3	2	1	
5096	22441	1800	2200	10	20	40	60	90	100	130	160	190	230	100	60	36	20	12	8	5	3	2	1	
5097	22441	2200	9999	10	20	50	70	110	140	180	220	260	310	100	60	36	20	12	8	5	3	2	1	
5098	22442	1	1800	10	20	30	40	50	60	70	80	90	100	100	60	36	20	12	8	5	3	2	1	
5099	22442	1800	2200	10	20	40	60	90	100	130	160	190	230	100	60	36	20	12	8	5	3	2	1	
5100	22442	2200	9999	10	20	50	70	110	140	180	220	260	310	100	60	36	20	12	8	5	3	2	1	
5101	22443	1	1800	10	20	30	40	50	60	70	80	90	100	100	60	36	20	12	8	5	3	2	1	
5102	22443	1800	2200	10	20	40	60	90	100	130	160	190	230	100	60	36	20	12	8	5	3	2	1	
5103	22443	2200	9999	10	20	50	70	110	140	180	220	260	310	100	60	36	20	12	8	5	3	2	1	
5104	22444	1	1800	10	20	30	40	50	60	70	80	90	100	100	60	36	20	12	8	5	3	2	1	
5105	22444	1800	2200	10	20	40	60	90	100	130	160	190	230	100	60	36	20	12	8	5	3	2	1	
5106	22444	2200	9999	10	20	50	70	110	140	180	220	260	310	100	60	36	20	12	8	5	3	2	1	
5107	22449	1	1800	10	20	30	40	50	60	70	80	90	100	100	60	36	20	12	8	5	3	2	1	
5108	22449	1800	2200	10	20	40	60	90	100	130	160	190	230	100	60	36	20	12	8	5	3	2	1	
5109	22449	2200	9999	10	20	50	70	110	140	180	220	260	310	100	60	36	20	12	8	5	3	2	1	
5110	22451	1	1800	10	20	30	40	50	60	70	80	90	100	100	60	36	20	12	8	5	3	2	1	
5111	22451	1800	2200	10	20	40	60	90	100	130	160	190	230	100	60	36	20	12	8	5	3	2	1	
5112	22451	2200	9999	10	20	50	70	110	140	180	220	260	310	100	60	36	20	12	8	5	3	2	1	
5113	22452	1	1800	10	20	30	40	50	60	70	80	90	100	100	60	36	20	12	8	5	3	2	1	
5114	22452	1800	2200	10	20	40	60	90	100	130	160	190	230	100	60	36	20	12	8	5	3	2	1	
5115	22452	2200	9999	10	20	50	70	110	140	180	220	260	310	100	60	36	20	12	8	5	3	2	1	
5116	22453	1	1800	10	20	30	40	50	60	70	80	90	100	100	60	36	20	12	8	5	3	2	1	
5117	22453	1800	2200	10	20	40	60	90	100	130	160	190	230	100	60	36	20	12	8	5	3	2	1	
5118	22453	2200	9999	10	20	50	70	110	140	180	220	260	310	100	60	36	20	12	8	5	3	2	1	
5119	22454	1	1800	10	20	30	40	50	60	70	80	90	100	100	60	36	20	12	8	5	3	2	1	
5120	22454	1800	2200	10	20	40	60	90	100	130	160	190	230	100	60	36	20	12	8	5	3	2	1	
5121	22454	2200	9999	10	20	50	70	110	140	180	220	260	310	100	60	36	20	12	8	5	3	2	1	
5122	22455	1	1800	10	20	30	40	50	60	70	80	90	100	100	60	36	20	12	8	5	3	2	1	
5123	22455	1800	2200	10	20	40	60	90	100	130	160	190	230	100	60	36	20	12	8	5	3	2	1	
5124	22455	2200	9999	10	20	50	70	110	140	180	220	260	310	100	60	36	20	12	8	5	3	2	1	
5125	22459	1	1800	10	20	30	40	50	60	70	80	90	100	100	60	36	20	12	8	5	3	2	1	
5126	22459	1800	2200	10	20	40	60	90	100	130	160	190	230	100	60	36	20	12	8	5	3	2	1	
5127	22459	2200	9999	10	20	50	70	110	140	180	220	260	310	100	60	36	20	12	8	5	3	2	1	
5128	22461	1	1800	10	20	30	40	50	60	70	80	90	100	100	60	36	20	12	8	5	3	2	1	
5129	22461	1800	2200	10	20	40	60	90	100	130	160	190	230	100	60	36	20	12	8	5	3	2	1	
5130	22461	2200	9999	10	20	50	70	110	140	180	220	260	310	100	60	36	20	12	8	5	3	2	1	
5131	22462	1	1800	10	20	30	40	50	60	70	80	90	100	100	60	36	20	12	8	5	3	2	1	
5132	22462	1800	2200	10	20	40	60	90	100	130	160	190	230	100	60	36	20	12	8	5	3	2	1	
5133	22462	2200	9999	10	20	50	70	110	140	180	220	260	310	100	60	36	20	12	8	5	3	2	1	
5134	22463	1	1800	10	20	30	40	50	60	70	80	90	100	100	60	36	20	12	8	5	3	2	1	
5135	22463	1800	2200	10	20	40	60	90	100	130	160	190	230	100	60	36	20	12	8	5	3	2	1	
5136	22463	2200	9999	10	20	50	70	110	140	180	220	260	310	100	60	36	20	12	8	5	3	2	1	
5137	22464	1	1800	10	20	30	40	50	60	70	80	90	100	100	60	36	20	12	8	5	3	2	1	
5138	22464	1800	2200	10	20	40	60	90	100	130	160	190	230	100	60	36	20	12	8	5	3	2	1	
5139	22464	2200	9999	10	20	50	70	110	140	180	220	260	310	100	60	36	20	12	8	5	3	2	1	
5140	22465	1	1800	10	20	30	40	50	60	70	80	90	100	100	60	36	20	12	8	5	3	2	1	
5141	22465	1800	2200	10	20	40	60	90	100	130	160	190	230	100	60	36	20	12	8	5	3	2	1	
5142	22465	2200	9999	10	20	50	70	110	140	180	220	260	310	100	60	36	20	12	8	5	3	2	1	
5143	22466	1	1800	10	20	30	40	50	60	70	80	90	100	100	60	36	20	12	8	5	3	2	1	
5144	22466	1800	2200	10	20	40	60	90	100	130	160	190	230	100	60	36	20	12	8	5	3	2	1	
5145	22466	2200	9999	10	20	50	70	110	140	180	220	260	310	100	60	36	20	12	8	5	3	2	1	
5146	22469	1	1800	10	20	30	40	50	60	70	80	90	100	100	60	36	20	12	8	5	3	2	1	
5147	22469	1800	2200	10	20	40	60	90	100	130	160	190	230	100	60	36	20	12	8	5	3	2	1	
5148	22469	2200	9999	10	20	50	70	110	140	180	220	260	310	100	60	36	20	12	8	5	3	2	1	
5149	22471	1	1800	10	20	30	40	50	60	70	80	90	100	100	60	36	20	12	8	5	3	2	1	
5150	22471	1800	2200	10	20	40	60	90	100	130	160	190	230	100	60	36	20	12	8	5	3	2	1	
5151	22471	2200	9999	10	20	50	70	110	140	180	220	260	310	100	60	36	20	12	8	5	3	2	1	
5152	22472	1	1800	10	20	30	40	50	60	70	80	90	100	100	60	36	20	12	8	5	3	2	1	
5153	22472	1800	2200	10	20	40	60	90	100	130	160	190	230	100	60	36	20	12	8	5	3	2	1	
5154	22472	2200	9999	10	20	50	70	110	140	180	220	260	310	100	60	36	20	12	8	5	3	2	1	
5155	22473	1	1800	10	20	30	40	50	60	70	80	90	100	100	60	36	20	12	8	5	3	2	1	
5156	22473	1800	2200	10	20	40	60	90	100	130	160	190	230	100	60	36	20	12	8	5	3	2	1	
5157	22473	2200	9999	10	20	50	70	110	140	180	220	260	310	100	60	36	20	12	8	5	3	2	1	
5158	22474	1	1800	10	20	30	40	50	60	70	80	90	100	100	60	36	20	12	8	5	3	2	1	
5159	22474	1800	2200	10	20	40	60	90	100	130	160	190	230	100	60	36	20	12	8	5	3	2	1	
5160	22474	2200	9999	10	20	50	70	110	140	180	220	260	310	100	60	36	20	12	8	5	3	2	1	
5161	22475	1	1800	10	20	30	40	50	60	70	80	90	100	100	60	36	20	12	8	5	3	2	1	
5162	22475	1800	2200	10	20	40	60	90	100	130	160	190	230	100	60	36	20	12	8	5	3	2	1	
5163	22475	2200	9999	10	20	50	70	110	140	180	220	260	310	100	60	36	20	12	8	5	3	2	1	
5164	22476	1	1800	10	20	30	40	50	60	70	80	90	100	100	60	36	20	12	8	5	3	2	1	
5165	22476	1800	2200	10	20	40	60	90	100	130	160	190	230	100	60	36	20	12	8	5	3	2	1	
5166	22476	2200	9999	10	20	50	70	110	140	180	220	260	310	100	60	36	20	12	8	5	3	2	1	
5167	22477	1	1800	10	20	30	40	50	60	70	80	90	100	100	60	36	20	12	8	5	3	2	1	
5168	22477	1800	2200	10	20	40	60	90	100	130	160	190	230	100	60	36	20	12	8	5	3	2	1	
5169	22477	2200	9999	10	20	50	70	110	140	180	220	260	310	100	60	36	20	12	8	5	3	2	1	
5170	22479	1	1800	10	20	30	40	50	60	70	80	90	100	100	60	36	20	12	8	5	3	2	1	
5171	22479	1800	2200	10	20	40	60	90	100	130	160	190	230	100	60	36	20	12	8	5	3	2	1	
5172	22479	2200	9999	10	20	50	70	110	140	180	220	260	310	100	60	36	20	12	8	5	3	2	1	
5173	22481	1	1800	10	20	30	40	50	60	70	80	90	100	100	60	36	20	12	8	5	3	2	1	
5174	22481	1800	2200	10	20	40	60	90	100	130	160	190	230	100	60	36	20	12	8	5	3	2	1	
5175	22481	2200	9999	10	20	50	70	110	140	180	220	260	310	100	60	36	20	12	8	5	3	2	1	
5176	22482	1	1800	10	20	30	40	50	60	70	80	90	100	100	60	36	20	12	8	5	3	2	1	
5177	22482	1800	2200	10	20	40	60	90	100	130	160	190	230	100	60	36	20	12	8	5	3	2	1	
5178	22482	2200	9999	10	20	50	70	110	140	180	220	260	310	100	60	36	20	12	8	5	3	2	1	
5179	22483	1	1800	10	20	30	40	50	60	70	80	90	100	100	60	36	20	12	8	5	3	2	1	
5180	22483	1800	2200	10	20	40	60	90	100	130	160	190	230	100	60	36	20	12	8	5	3	2	1	
5181	22483	2200	9999	10	20	50	70	110	140	180	220	260	310	100	60	36	20	12	8	5	3	2	1	
5182	22484	1	1800	10	20	30	40	50	60	70	80	90	100	100	60	36	20	12	8	5	3	2	1	
5183	22484	1800	2200	10	20	40	60	90	100	130	160	190	230	100	60	36	20	12	8	5	3	2	1	
5184	22484	2200	9999	10	20	50	70	110	140	180	220	260	310	100	60	36	20	12	8	5	3	2	1	
5185	22485	1	1800	10	20	30	40	50	60	70	80	90	100	100	60	36	20	12	8	5	3	2	1	
5186	22485	1800	2200	10	20	40	60	90	100	130	160	190	230	100	60	36	20	12	8	5	3	2	1	
5187	22485	2200	9999	10	20	50	70	110	140	180	220	260	310	100	60	36	20	12	8	5	3	2	1	
5188	22486	1	1800	10	20	30	40	50	60	70	80	90	100	100	60	36	20	12	8	5	3	2	1	
5189	22486	1800	2200	10	20	40	60	90	100	130	160	190	230	100	60	36	20	12	8	5	3	2	1	
5190	22486	2200	9999	10	20	50	70	110	140	180	220	260	310	100	60	36	20	12	8	5	3	2	1	
5191	22487	1	1800	10	20	30	40	50	60	70	80	90	100	100	60	36	20	12	8	5	3	2	1	
5192	22487	1800	2200	10	20	40	60	90	100	130	160	190	230	100	60	36	20	12	8	5	3	2	1	
5193	22487	2200	9999	10	20	50	70	110	140	180	220	260	310	100	60	36	20	12	8	5	3	2	1	
5194	22488	1	1800	10	20	30	40	50	60	70	80	90	100	100	60	36	20	12	8	5	3	2	1	
5195	22488	1800	2200	10	20	40	60	90	100	130	160	190	230	100	60	36	20	12	8	5	3	2	1	
5196	22488	2200	9999	10	20	50	70	110	140	180	220	260	310	100	60	36	20	12	8	5	3	2	1	
5197	22489	1	1800	10	20	30	40	50	60	70	80	90	100	100	60	36	20	12	8	5	3	2	1	
5198	22489	1800	2200	10	20	40	60	90	100	130	160	190	230	100	60	36	20	12	8	5	3	2	1	
5199	22489	2200	9999	10	20	50	70	110	140	180	220	260	310	100	60	36	20	12	8	5	3	2	1	
5200	22491	1	1800	10	20	30	40	50	60	70	80	90	100	100	60	36	20	12	8	5	3	2	1	
5201	22491	1800	2200	10	20	40	60	90	100	130	160	190	230	100	60	36	20	12	8	5	3	2	1	
5202	22491	2200	9999	10	20	50	70	110	140	180	220	260	310	100	60	36	20	12	8	5	3	2	1	
5203	22492	1	1800	10	20	30	40	50	60	70	80	90	100	100	60	36	20	12	8	5	3	2	1	
5204	22492	1800	2200	10	20	40	60	90	100	130	160	190	230	100	60	36	20	12	8	5	3	2	1	
5205	22492	2200	9999	10	20	50	70	110	140	180	220	260	310	100	60	36	20	12	8	5	3	2	1	
5206	22499	1	1800	10	20	30	40	50	60	70	80	90	100	100	60	36	20	12	8	5	3	2	1	
5207	22499	1800	2200	10	20	40	60	90	100	130	160	190	230	100	60	36	20	12	8	5	3	2	1	
5208	22499	2200	9999	10	20	50	70	110	140	180	220	260	310	100	60	36	20	12	8	5	3	2	1	
5209	22501	1	1800	10	20	30	40	50	60	70	80	90	100	100	60	36	20	12	8	5	3	2	1	
5210	22501	1800	2200	10	20	40	60	90	100	130	160	190	230	100	60	36	20	12	8	5	3	2	1	
5211	22501	2200	9999	10	20	50	70	110	140	180	220	260	310	100	60	36	20	12	8	5	3	2	1	
5212	22502	1	1800	10	20	30	40	50	60	70	80	90	100	100	60	36	20	12	8	5	3	2	1	
5213	22502	1800	2200	10	20	40	60	90	100	130	160	190	230	100	60	36	20	12	8	5	3	2	1	
5214	22502	2200	9999	10	20	50	70	110	140	180	220	260	310	100	60	36	20	12	8	5	3	2	1	
5215	22503	1	1800	10	20	30	40	50	60	70	80	90	100	100	60	36	20	12	8	5	3	2	1	
5216	22503	1800	2200	10	20	40	60	90	100	130	160	190	230	100	60	36	20	12	8	5	3	2	1	
5217	22503	2200	9999	10	20	50	70	110	140	180	220	260	310	100	60	36	20	12	8	5	3	2	1	
5218	22509	1	1800	10	20	30	40	50	60	70	80	90	100	100	60	36	20	12	8	5	3	2	1	
5219	22509	1800	2200	10	20	40	60	90	100	130	160	190	230	100	60	36	20	12	8	5	3	2	1	
5220	22509	2200	9999	10	20	50	70	110	140	180	220	260	310	100	60	36	20	12	8	5	3	2	1	
5221	22511	1	1800	10	20	30	40	50	60	70	80	90	100	100	60	36	20	12	8	5	3	2	1	
5222	22511	1800	2200	10	20	40	60	90	100	130	160	190	230	100	60	36	20	12	8	5	3	2	1	
5223	22511	2200	9999	10	20	50	70	110	140	180	220	260	310	100	60	36	20	12	8	5	3	2	1	
5224	22512	1	1800	10	20	30	40	50	60	70	80	90	100	100	60	36	20	12	8	5	3	2	1	
5225	22512	1800	2200	10	20	40	60	90	100	130	160	190	230	100	60	36	20	12	8	5	3	2	1	
5226	22512	2200	9999	10	20	50	70	110	140	180	220	260	310	100	60	36	20	12	8	5	3	2	1	
5227	22513	1	1800	10	20	30	40	50	60	70	80	90	100	100	60	36	20	12	8	5	3	2	1	
5228	22513	1800	2200	10	20	40	60	90	100	130	160	190	230	100	60	36	20	12	8	5	3	2	1	
5229	22513	2200	9999	10	20	50	70	110	140	180	220	260	310	100	60	36	20	12	8	5	3	2	1	
5230	22514	1	1800	10	20	30	40	50	60	70	80	90	100	100	60	36	20	12	8	5	3	2	1	
5231	22514	1800	2200	10	20	40	60	90	100	130	160	190	230	100	60	36	20	12	8	5	3	2	1	
5232	22514	2200	9999	10	20	50	70	110	140	180	220	260	310	100	60	36	20	12	8	5	3	2	1	
5233	22519	1	1800	10	20	30	40	50	60	70	80	90	100	100	60	36	20	12	8	5	3	2	1	
5234	22519	1800	2200	10	20	40	60	90	100	130	160	190	230	100	60	36	20	12	8	5	3	2	1	
5235	22519	2200	9999	10	20	50	70	110	140	180	220	260	310	100	60	36	20	12	8	5	3	2	1	
5236	22521	1	1800	10	20	30	40	50	60	70	80	90	100	100	60	36	20	12	8	5	3	2	1	
5237	22521	1800	2200	10	20	40	60	90	100	130	160	190	230	100	60	36	20	12	8	5	3	2	1	
5238	22521	2200	9999	10	20	50	70	110	140	180	220	260	310	100	60	36	20	12	8	5	3	2	1	
5239	22522	1	1800	10	20	30	40	50	60	70	80	90	100	100	60	36	20	12	8	5	3	2	1	
5240	22522	1800	2200	10	20	40	60	90	100	130	160	190	230	100	60	36	20	12	8	5	3	2	1	
5241	22522	2200	9999	10	20	50	70	110	140	180	220	260	310	100	60	36	20	12	8	5	3	2	1	
5242	22523	1	1800	10	20	30	40	50	60	70	80	90	100	100	60	36	20	12	8	5	3	2	1	
5243	22523	1800	2200	10	20	40	60	90	100	130	160	190	230	100	60	36	20	12	8	5	3	2	1	
5244	22523	2200	9999	10	20	50	70	110	140	180	220	260	310	100	60	36	20	12	8	5	3	2	1	
5245	22524	1	1800	10	20	30	40	50	60	70	80	90	100	100	60	36	20	12	8	5	3	2	1	
5246	22524	1800	2200	10	20	40	60	90	100	130	160	190	230	100	60	36	20	12	8	5	3	2	1	
5247	22524	2200	9999	10	20	50	70	110	140	180	220	260	310	100	60	36	20	12	8	5	3	2	1	
5248	22525	1	1800	10	20	30	40	50	60	70	80	90	100	100	60	36	20	12	8	5	3	2	1	
5249	22525	1800	2200	10	20	40	60	90	100	130	160	190	230	100	60	36	20	12	8	5	3	2	1	
5250	22525	2200	9999	10	20	50	70	110	140	180	220	260	310	100	60	36	20	12	8	5	3	2	1	
5251	22529	1	1800	10	20	30	40	50	60	70	80	90	100	100	60	36	20	12	8	5	3	2	1	
5252	22529	1800	2200	10	20	40	60	90	100	130	160	190	230	100	60	36	20	12	8	5	3	2	1	
5253	22529	2200	9999	10	20	50	70	110	140	180	220	260	310	100	60	36	20	12	8	5	3	2	1	
5254	22531	1	1800	10	20	30	40	50	60	70	80	90	100	100	60	36	20	12	8	5	3	2	1	
5255	22531	1800	2200	10	20	40	60	90	100	130	160	190	230	100	60	36	20	12	8	5	3	2	1	
5256	22531	2200	9999	10	20	50	70	110	140	180	220	260	310	100	60	36	20	12	8	5	3	2	1	
5257	22532	1	1800	10	20	30	40	50	60	70	80	90	100	100	60	36	20	12	8	5	3	2	1	
5258	22532	1800	2200	10	20	40	60	90	100	130	160	190	230	100	60	36	20	12	8	5	3	2	1	
5259	22532	2200	9999	10	20	50	70	110	140	180	220	260	310	100	60	36	20	12	8	5	3	2	1	
5260	22533	1	1800	10	20	30	40	50	60	70	80	90	100	100	60	36	20	12	8	5	3	2	1	
5261	22533	1800	2200	10	20	40	60	90	100	130	160	190	230	100	60	36	20	12	8	5	3	2	1	
5262	22533	2200	9999	10	20	50	70	110	140	180	220	260	310	100	60	36	20	12	8	5	3	2	1	
5263	22534	1	1800	10	20	30	40	50	60	70	80	90	100	100	60	36	20	12	8	5	3	2	1	
5264	22534	1800	2200	10	20	40	60	90	100	130	160	190	230	100	60	36	20	12	8	5	3	2	1	
5265	22534	2200	9999	10	20	50	70	110	140	180	220	260	310	100	60	36	20	12	8	5	3	2	1	
5266	22535	1	1800	10	20	30	40	50	60	70	80	90	100	100	60	36	20	12	8	5	3	2	1	
5267	22535	1800	2200	10	20	40	60	90	100	130	160	190	230	100	60	36	20	12	8	5	3	2	1	
5268	22535	2200	9999	10	20	50	70	110	140	180	220	260	310	100	60	36	20	12	8	5	3	2	1	
5269	22536	1	1800	10	20	30	40	50	60	70	80	90	100	100	60	36	20	12	8	5	3	2	1	
5270	22536	1800	2200	10	20	40	60	90	100	130	160	190	230	100	60	36	20	12	8	5	3	2	1	
5271	22536	2200	9999	10	20	50	70	110	140	180	220	260	310	100	60	36	20	12	8	5	3	2	1	
5272	22539	1	1800	10	20	30	40	50	60	70	80	90	100	100	60	36	20	12	8	5	3	2	1	
5273	22539	1800	2200	10	20	40	60	90	100	130	160	190	230	100	60	36	20	12	8	5	3	2	1	
5274	22539	2200	9999	10	20	50	70	110	140	180	220	260	310	100	60	36	20	12	8	5	3	2	1	
5275	22541	1	1800	10	20	30	40	50	60	70	80	90	100	100	60	36	20	12	8	5	3	2	1	
5276	22541	1800	2200	10	20	40	60	90	100	130	160	190	230	100	60	36	20	12	8	5	3	2	1	
5277	22541	2200	9999	10	20	50	70	110	140	180	220	260	310	100	60	36	20	12	8	5	3	2	1	
5278	22542	1	1800	10	20	30	40	50	60	70	80	90	100	100	60	36	20	12	8	5	3	2	1	
5279	22542	1800	2200	10	20	40	60	90	100	130	160	190	230	100	60	36	20	12	8	5	3	2	1	
5280	22542	2200	9999	10	20	50	70	110	140	180	220	260	310	100	60	36	20	12	8	5	3	2	1	
5281	22543	1	1800	10	20	30	40	50	60	70	80	90	100	100	60	36	20	12	8	5	3	2	1	
5282	22543	1800	2200	10	20	40	60	90	100	130	160	190	230	100	60	36	20	12	8	5	3	2	1	
5283	22543	2200	9999	10	20	50	70	110	140	180	220	260	310	100	60	36	20	12	8	5	3	2	1	
5284	22544	1	1800	10	20	30	40	50	60	70	80	90	100	100	60	36	20	12	8	5	3	2	1	
5285	22544	1800	2200	10	20	40	60	90	100	130	160	190	230	100	60	36	20	12	8	5	3	2	1	
5286	22544	2200	9999	10	20	50	70	110	140	180	220	260	310	100	60	36	20	12	8	5	3	2	1	
5287	22545	1	1800	10	20	30	40	50	60	70	80	90	100	100	60	36	20	12	8	5	3	2	1	
5288	22545	1800	2200	10	20	40	60	90	100	130	160	190	230	100	60	36	20	12	8	5	3	2	1	
5289	22545	2200	9999	10	20	50	70	110	140	180	220	260	310	100	60	36	20	12	8	5	3	2	1	
5290	22546	1	1800	10	20	30	40	50	60	70	80	90	100	100	60	36	20	12	8	5	3	2	1	
5291	22546	1800	2200	10	20	40	60	90	100	130	160	190	230	100	60	36	20	12	8	5	3	2	1	
5292	22546	2200	9999	10	20	50	70	110	140	180	220	260	310	100	60	36	20	12	8	5	3	2	1	
5293	22547	1	1800	10	20	30	40	50	60	70	80	90	100	100	60	36	20	12	8	5	3	2	1	
5294	22547	1800	2200	10	20	40	60	90	100	130	160	190	230	100	60	36	20	12	8	5	3	2	1	
5295	22547	2200	9999	10	20	50	70	110	140	180	220	260	310	100	60	36	20	12	8	5	3	2	1	
5296	22549	1	1800	10	20	30	40	50	60	70	80	90	100	100	60	36	20	12	8	5	3	2	1	
5297	22549	1800	2200	10	20	40	60	90	100	130	160	190	230	100	60	36	20	12	8	5	3	2	1	
5298	22549	2200	9999	10	20	50	70	110	140	180	220	260	310	100	60	36	20	12	8	5	3	2	1	
5299	22551	1	1800	10	20	30	40	50	60	70	80	90	100	100	60	36	20	12	8	5	3	2	1	
5300	22551	1800	2200	10	20	40	60	90	100	130	160	190	230	100	60	36	20	12	8	5	3	2	1	
5301	22551	2200	9999	10	20	50	70	110	140	180	220	260	310	100	60	36	20	12	8	5	3	2	1	
5302	22552	1	1800	10	20	30	40	50	60	70	80	90	100	100	60	36	20	12	8	5	3	2	1	
5303	22552	1800	2200	10	20	40	60	90	100	130	160	190	230	100	60	36	20	12	8	5	3	2	1	
5304	22552	2200	9999	10	20	50	70	110	140	180	220	260	310	100	60	36	20	12	8	5	3	2	1	
5305	22553	1	1800	10	20	30	40	50	60	70	80	90	100	100	60	36	20	12	8	5	3	2	1	
5306	22553	1800	2200	10	20	40	60	90	100	130	160	190	230	100	60	36	20	12	8	5	3	2	1	
5307	22553	2200	9999	10	20	50	70	110	140	180	220	260	310	100	60	36	20	12	8	5	3	2	1	
5308	22554	1	1800	10	20	30	40	50	60	70	80	90	100	100	60	36	20	12	8	5	3	2	1	
5309	22554	1800	2200	10	20	40	60	90	100	130	160	190	230	100	60	36	20	12	8	5	3	2	1	
5310	22554	2200	9999	10	20	50	70	110	140	180	220	260	310	100	60	36	20	12	8	5	3	2	1	
5311	22555	1	1800	10	20	30	40	50	60	70	80	90	100	100	60	36	20	12	8	5	3	2	1	
5312	22555	1800	2200	10	20	40	60	90	100	130	160	190	230	100	60	36	20	12	8	5	3	2	1	
5313	22555	2200	9999	10	20	50	70	110	140	180	220	260	310	100	60	36	20	12	8	5	3	2	1	
5314	22556	1	1800	10	20	30	40	50	60	70	80	90	100	100	60	36	20	12	8	5	3	2	1	
5315	22556	1800	2200	10	20	40	60	90	100	130	160	190	230	100	60	36	20	12	8	5	3	2	1	
5316	22556	2200	9999	10	20	50	70	110	140	180	220	260	310	100	60	36	20	12	8	5	3	2	1	
5317	22557	1	1800	10	20	30	40	50	60	70	80	90	100	100	60	36	20	12	8	5	3	2	1	
5318	22557	1800	2200	10	20	40	60	90	100	130	160	190	230	100	60	36	20	12	8	5	3	2	1	
5319	22557	2200	9999	10	20	50	70	110	140	180	220	260	310	100	60	36	20	12	8	5	3	2	1	
5320	22558	1	1800	10	20	30	40	50	60	70	80	90	100	100	60	36	20	12	8	5	3	2	1	
5321	22558	1800	2200	10	20	40	60	90	100	130	160	190	230	100	60	36	20	12	8	5	3	2	1	
5322	22558	2200	9999	10	20	50	70	110	140	180	220	260	310	100	60	36	20	12	8	5	3	2	1	
5323	22559	1	1800	10	20	30	40	50	60	70	80	90	100	100	60	36	20	12	8	5	3	2	1	
5324	22559	1800	2200	10	20	40	60	90	100	130	160	190	230	100	60	36	20	12	8	5	3	2	1	
5325	22559	2200	9999	10	20	50	70	110	140	180	220	260	310	100	60	36	20	12	8	5	3	2	1	
5326	22561	1	1800	10	20	30	40	50	60	70	80	90	100	100	60	36	20	12	8	5	3	2	1	
5327	22561	1800	2200	10	20	40	60	90	100	130	160	190	230	100	60	36	20	12	8	5	3	2	1	
5328	22561	2200	9999	10	20	50	70	110	140	180	220	260	310	100	60	36	20	12	8	5	3	2	1	
5329	22562	1	1800	10	20	30	40	50	60	70	80	90	100	100	60	36	20	12	8	5	3	2	1	
5330	22562	1800	2200	10	20	40	60	90	100	130	160	190	230	100	60	36	20	12	8	5	3	2	1	
5331	22562	2200	9999	10	20	50	70	110	140	180	220	260	310	100	60	36	20	12	8	5	3	2	1	
5332	22563	1	1800	10	20	30	40	50	60	70	80	90	100	100	60	36	20	12	8	5	3	2	1	
5333	22563	1800	2200	10	20	40	60	90	100	130	160	190	230	100	60	36	20	12	8	5	3	2	1	
5334	22563	2200	9999	10	20	50	70	110	140	180	220	260	310	100	60	36	20	12	8	5	3	2	1	
5335	22564	1	1800	10	20	30	40	50	60	70	80	90	100	100	60	36	20	12	8	5	3	2	1	
5336	22564	1800	2200	10	20	40	60	90	100	130	160	190	230	100	60	36	20	12	8	5	3	2	1	
5337	22564	2200	9999	10	20	50	70	110	140	180	220	260	310	100	60	36	20	12	8	5	3	2	1	
5338	22565	1	1800	10	20	30	40	50	60	70	80	90	100	100	60	36	20	12	8	5	3	2	1	
5339	22565	1800	2200	10	20	40	60	90	100	130	160	190	230	100	60	36	20	12	8	5	3	2	1	
5340	22565	2200	9999	10	20	50	70	110	140	180	220	260	310	100	60	36	20	12	8	5	3	2	1	
5341	22566	1	1800	10	20	30	40	50	60	70	80	90	100	100	60	36	20	12	8	5	3	2	1	
5342	22566	1800	2200	10	20	40	60	90	100	130	160	190	230	100	60	36	20	12	8	5	3	2	1	
5343	22566	2200	9999	10	20	50	70	110	140	180	220	260	310	100	60	36	20	12	8	5	3	2	1	
5344	22567	1	1800	10	20	30	40	50	60	70	80	90	100	100	60	36	20	12	8	5	3	2	1	
5345	22567	1800	2200	10	20	40	60	90	100	130	160	190	230	100	60	36	20	12	8	5	3	2	1	
5346	22567	2200	9999	10	20	50	70	110	140	180	220	260	310	100	60	36	20	12	8	5	3	2	1	
5347	22569	1	1800	10	20	30	40	50	60	70	80	90	100	100	60	36	20	12	8	5	3	2	1	
5348	22569	1800	2200	10	20	40	60	90	100	130	160	190	230	100	60	36	20	12	8	5	3	2	1	
5349	22569	2200	9999	10	20	50	70	110	140	180	220	260	310	100	60	36	20	12	8	5	3	2	1	
5350	22571	1	1800	10	20	30	40	50	60	70	80	90	100	100	60	36	20	12	8	5	3	2	1	
5351	22571	1800	2200	10	20	40	60	90	100	130	160	190	230	100	60	36	20	12	8	5	3	2	1	
5352	22571	2200	9999	10	20	50	70	110	140	180	220	260	310	100	60	36	20	12	8	5	3	2	1	
5353	22572	1	1800	10	20	30	40	50	60	70	80	90	100	100	60	36	20	12	8	5	3	2	1	
5354	22572	1800	2200	10	20	40	60	90	100	130	160	190	230	100	60	36	20	12	8	5	3	2	1	
5355	22572	2200	9999	10	20	50	70	110	140	180	220	260	310	100	60	36	20	12	8	5	3	2	1	
5356	22573	1	1800	10	20	30	40	50	60	70	80	90	100	100	60	36	20	12	8	5	3	2	1	
5357	22573	1800	2200	10	20	40	60	90	100	130	160	190	230	100	60	36	20	12	8	5	3	2	1	
5358	22573	2200	9999	10	20	50	70	110	140	180	220	260	310	100	60	36	20	12	8	5	3	2	1	
5359	22574	1	1800	10	20	30	40	50	60	70	80	90	100	100	60	36	20	12	8	5	3	2	1	
5360	22574	1800	2200	10	20	40	60	90	100	130	160	190	230	100	60	36	20	12	8	5	3	2	1	
5361	22574	2200	9999	10	20	50	70	110	140	180	220	260	310	100	60	36	20	12	8	5	3	2	1	
5362	22575	1	1800	10	20	30	40	50	60	70	80	90	100	100	60	36	20	12	8	5	3	2	1	
5363	22575	1800	2200	10	20	40	60	90	100	130	160	190	230	100	60	36	20	12	8	5	3	2	1	
5364	22575	2200	9999	10	20	50	70	110	140	180	220	260	310	100	60	36	20	12	8	5	3	2	1	
5365	22576	1	1800	10	20	30	40	50	60	70	80	90	100	100	60	36	20	12	8	5	3	2	1	
5366	22576	1800	2200	10	20	40	60	90	100	130	160	190	230	100	60	36	20	12	8	5	3	2	1	
5367	22576	2200	9999	10	20	50	70	110	140	180	220	260	310	100	60	36	20	12	8	5	3	2	1	
5368	22577	1	1800	10	20	30	40	50	60	70	80	90	100	100	60	36	20	12	8	5	3	2	1	
5369	22577	1800	2200	10	20	40	60	90	100	130	160	190	230	100	60	36	20	12	8	5	3	2	1	
5370	22577	2200	9999	10	20	50	70	110	140	180	220	260	310	100	60	36	20	12	8	5	3	2	1	
5371	22578	1	1800	10	20	30	40	50	60	70	80	90	100	100	60	36	20	12	8	5	3	2	1	
5372	22578	1800	2200	10	20	40	60	90	100	130	160	190	230	100	60	36	20	12	8	5	3	2	1	
5373	22578	2200	9999	10	20	50	70	110	140	180	220	260	310	100	60	36	20	12	8	5	3	2	1	
5374	22579	1	1800	10	20	30	40	50	60	70	80	90	100	100	60	36	20	12	8	5	3	2	1	
5375	22579	1800	2200	10	20	40	60	90	100	130	160	190	230	100	60	36	20	12	8	5	3	2	1	
5376	22579	2200	9999	10	20	50	70	110	140	180	220	260	310	100	60	36	20	12	8	5	3	2	1	
5377	22581	1	1800	10	20	30	40	50	60	70	80	90	100	100	60	36	20	12	8	5	3	2	1	
5378	22581	1800	2200	10	20	40	60	90	100	130	160	190	230	100	60	36	20	12	8	5	3	2	1	
5379	22581	2200	9999	10	20	50	70	110	140	180	220	260	310	100	60	36	20	12	8	5	3	2	1	
5380	22582	1	1800	10	20	30	40	50	60	70	80	90	100	100	60	36	20	12	8	5	3	2	1	
5381	22582	1800	2200	10	20	40	60	90	100	130	160	190	230	100	60	36	20	12	8	5	3	2	1	
5382	22582	2200	9999	10	20	50	70	110	140	180	220	260	310	100	60	36	20	12	8	5	3	2	1	
5383	22589	1	1800	10	20	30	40	50	60	70	80	90	100	100	60	36	20	12	8	5	3	2	1	
5384	22589	1800	2200	10	20	40	60	90	100	130	160	190	230	100	60	36	20	12	8	5	3	2	1	
5385	22589	2200	9999	10	20	50	70	110	140	180	220	260	310	100	60	36	20	12	8	5	3	2	1	
5386	22591	1	1800	10	20	30	40	50	60	70	80	90	100	100	60	36	20	12	8	5	3	2	1	
5387	22591	1800	2200	10	20	40	60	90	100	130	160	190	230	100	60	36	20	12	8	5	3	2	1	
5388	22591	2200	9999	10	20	50	70	110	140	180	220	260	310	100	60	36	20	12	8	5	3	2	1	
5389	22592	1	1800	10	20	30	40	50	60	70	80	90	100	100	60	36	20	12	8	5	3	2	1	
5390	22592	1800	2200	10	20	40	60	90	100	130	160	190	230	100	60	36	20	12	8	5	3	2	1	
5391	22592	2200	9999	10	20	50	70	110	140	180	220	260	310	100	60	36	20	12	8	5	3	2	1	
5392	22593	1	1800	10	20	30	40	50	60	70	80	90	100	100	60	36	20	12	8	5	3	2	1	
5393	22593	1800	2200	10	20	40	60	90	100	130	160	190	230	100	60	36	20	12	8	5	3	2	1	
5394	22593	2200	9999	10	20	50	70	110	140	180	220	260	310	100	60	36	20	12	8	5	3	2	1	
5395	22599	1	1800	10	20	30	40	50	60	70	80	90	100	100	60	36	20	12	8	5	3	2	1	
5396	22599	1800	2200	10	20	40	60	90	100	130	160	190	230	100	60	36	20	12	8	5	3	2	1	
5397	22599	2200	9999	10	20	50	70	110	140	180	220	260	310	100	60	36	20	12	8	5	3	2	1	
5398	22601	1	1800	10	20	30	40	50	60	70	80	90	100	100	60	36	20	12	8	5	3	2	1	
5399	22601	1800	2200	10	20	40	60	90	100	130	160	190	230	100	60	36	20	12	8	5	3	2	1	
5400	22601	2200	9999	10	20	50	70	110	140	180	220	260	310	100	60	36	20	12	8	5	3	2	1	
5401	22602	1	1800	10	20	30	40	50	60	70	80	90	100	100	60	36	20	12	8	5	3	2	1	
5402	22602	1800	2200	10	20	40	60	90	100	130	160	190	230	100	60	36	20	12	8	5	3	2	1	
5403	22602	2200	9999	10	20	50	70	110	140	180	220	260	310	100	60	36	20	12	8	5	3	2	1	
5404	22603	1	1800	10	20	30	40	50	60	70	80	90	100	100	60	36	20	12	8	5	3	2	1	
5405	22603	1800	2200	10	20	40	60	90	100	130	160	190	230	100	60	36	20	12	8	5	3	2	1	
5406	22603	2200	9999	10	20	50	70	110	140	180	220	260	310	100	60	36	20	12	8	5	3	2	1	
5407	22604	1	1800	10	20	30	40	50	60	70	80	90	100	100	60	36	20	12	8	5	3	2	1	
5408	22604	1800	2200	10	20	40	60	90	100	130	160	190	230	100	60	36	20	12	8	5	3	2	1	
5409	22604	2200	9999	10	20	50	70	110	140	180	220	260	310	100	60	36	20	12	8	5	3	2	1	
5410	22609	1	1800	10	20	30	40	50	60	70	80	90	100	100	60	36	20	12	8	5	3	2	1	
5411	22609	1800	2200	10	20	40	60	90	100	130	160	190	230	100	60	36	20	12	8	5	3	2	1	
5412	22609	2200	9999	10	20	50	70	110	140	180	220	260	310	100	60	36	20	12	8	5	3	2	1	
5413	22611	1	1800	10	20	30	40	50	60	70	80	90	100	100	60	36	20	12	8	5	3	2	1	
5414	22611	1800	2200	10	20	40	60	90	100	130	160	190	230	100	60	36	20	12	8	5	3	2	1	
5415	22611	2200	9999	10	20	50	70	110	140	180	220	260	310	100	60	36	20	12	8	5	3	2	1	
5416	22612	1	1800	10	20	30	40	50	60	70	80	90	100	100	60	36	20	12	8	5	3	2	1	
5417	22612	1800	2200	10	20	40	60	90	100	130	160	190	230	100	60	36	20	12	8	5	3	2	1	
5418	22612	2200	9999	10	20	50	70	110	140	180	220	260	310	100	60	36	20	12	8	5	3	2	1	
5419	22613	1	1800	10	20	30	40	50	60	70	80	90	100	100	60	36	20	12	8	5	3	2	1	
5420	22613	1800	2200	10	20	40	60	90	100	130	160	190	230	100	60	36	20	12	8	5	3	2	1	
5421	22613	2200	9999	10	20	50	70	110	140	180	220	260	310	100	60	36	20	12	8	5	3	2	1	
5422	22614	1	1800	10	20	30	40	50	60	70	80	90	100	100	60	36	20	12	8	5	3	2	1	
5423	22614	1800	2200	10	20	40	60	90	100	130	160	190	230	100	60	36	20	12	8	5	3	2	1	
5424	22614	2200	9999	10	20	50	70	110	140	180	220	260	310	100	60	36	20	12	8	5	3	2	1	
5425	22615	1	1800	10	20	30	40	50	60	70	80	90	100	100	60	36	20	12	8	5	3	2	1	
5426	22615	1800	2200	10	20	40	60	90	100	130	160	190	230	100	60	36	20	12	8	5	3	2	1	
5427	22615	2200	9999	10	20	50	70	110	140	180	220	260	310	100	60	36	20	12	8	5	3	2	1	
5428	22619	1	1800	10	20	30	40	50	60	70	80	90	100	100	60	36	20	12	8	5	3	2	1	
5429	22619	1800	2200	10	20	40	60	90	100	130	160	190	230	100	60	36	20	12	8	5	3	2	1	
5430	22619	2200	9999	10	20	50	70	110	140	180	220	260	310	100	60	36	20	12	8	5	3	2	1	
5431	22621	1	1800	10	20	30	40	50	60	70	80	90	100	100	60	36	20	12	8	5	3	2	1	
5432	22621	1800	2200	10	20	40	60	90	100	130	160	190	230	100	60	36	20	12	8	5	3	2	1	
5433	22621	2200	9999	10	20	50	70	110	140	180	220	260	310	100	60	36	20	12	8	5	3	2	1	
5434	22622	1	1800	10	20	30	40	50	60	70	80	90	100	100	60	36	20	12	8	5	3	2	1	
5435	22622	1800	2200	10	20	40	60	90	100	130	160	190	230	100	60	36	20	12	8	5	3	2	1	
5436	22622	2200	9999	10	20	50	70	110	140	180	220	260	310	100	60	36	20	12	8	5	3	2	1	
5437	22623	1	1800	10	20	30	40	50	60	70	80	90	100	100	60	36	20	12	8	5	3	2	1	
5438	22623	1800	2200	10	20	40	60	90	100	130	160	190	230	100	60	36	20	12	8	5	3	2	1	
5439	22623	2200	9999	10	20	50	70	110	140	180	220	260	310	100	60	36	20	12	8	5	3	2	1	
5440	22624	1	1800	10	20	30	40	50	60	70	80	90	100	100	60	36	20	12	8	5	3	2	1	
5441	22624	1800	2200	10	20	40	60	90	100	130	160	190	230	100	60	36	20	12	8	5	3	2	1	
5442	22624	2200	9999	10	20	50	70	110	140	180	220	260	310	100	60	36	20	12	8	5	3	2	1	
5443	22625	1	1800	10	20	30	40	50	60	70	80	90	100	100	60	36	20	12	8	5	3	2	1	
5444	22625	1800	2200	10	20	40	60	90	100	130	160	190	230	100	60	36	20	12	8	5	3	2	1	
5445	22625	2200	9999	10	20	50	70	110	140	180	220	260	310	100	60	36	20	12	8	5	3	2	1	
5446	22626	1	1800	10	20	30	40	50	60	70	80	90	100	100	60	36	20	12	8	5	3	2	1	
5447	22626	1800	2200	10	20	40	60	90	100	130	160	190	230	100	60	36	20	12	8	5	3	2	1	
5448	22626	2200	9999	10	20	50	70	110	140	180	220	260	310	100	60	36	20	12	8	5	3	2	1	
5449	22629	1	1800	10	20	30	40	50	60	70	80	90	100	100	60	36	20	12	8	5	3	2	1	
5450	22629	1800	2200	10	20	40	60	90	100	130	160	190	230	100	60	36	20	12	8	5	3	2	1	
5451	22629	2200	9999	10	20	50	70	110	140	180	220	260	310	100	60	36	20	12	8	5	3	2	1	
5452	22631	1	1800	10	20	30	40	50	60	70	80	90	100	100	60	36	20	12	8	5	3	2	1	
5453	22631	1800	2200	10	20	40	60	90	100	130	160	190	230	100	60	36	20	12	8	5	3	2	1	
5454	22631	2200	9999	10	20	50	70	110	140	180	220	260	310	100	60	36	20	12	8	5	3	2	1	
5455	22632	1	1800	10	20	30	40	50	60	70	80	90	100	100	60	36	20	12	8	5	3	2	1	
5456	22632	1800	2200	10	20	40	60	90	100	130	160	190	230	100	60	36	20	12	8	5	3	2	1	
5457	22632	2200	9999	10	20	50	70	110	140	180	220	260	310	100	60	36	20	12	8	5	3	2	1	
5458	22633	1	1800	10	20	30	40	50	60	70	80	90	100	100	60	36	20	12	8	5	3	2	1	
5459	22633	1800	2200	10	20	40	60	90	100	130	160	190	230	100	60	36	20	12	8	5	3	2	1	
5460	22633	2200	9999	10	20	50	70	110	140	180	220	260	310	100	60	36	20	12	8	5	3	2	1	
5461	22634	1	1800	10	20	30	40	50	60	70	80	90	100	100	60	36	20	12	8	5	3	2	1	
5462	22634	1800	2200	10	20	40	60	90	100	130	160	190	230	100	60	36	20	12	8	5	3	2	1	
5463	22634	2200	9999	10	20	50	70	110	140	180	220	260	310	100	60	36	20	12	8	5	3	2	1	
5464	22635	1	1800	10	20	30	40	50	60	70	80	90	100	100	60	36	20	12	8	5	3	2	1	
5465	22635	1800	2200	10	20	40	60	90	100	130	160	190	230	100	60	36	20	12	8	5	3	2	1	
5466	22635	2200	9999	10	20	50	70	110	140	180	220	260	310	100	60	36	20	12	8	5	3	2	1	
5467	22636	1	1800	10	20	30	40	50	60	70	80	90	100	100	60	36	20	12	8	5	3	2	1	
5468	22636	1800	2200	10	20	40	60	90	100	130	160	190	230	100	60	36	20	12	8	5	3	2	1	
5469	22636	2200	9999	10	20	50	70	110	140	180	220	260	310	100	60	36	20	12	8	5	3	2	1	
5470	22637	1	1800	10	20	30	40	50	60	70	80	90	100	100	60	36	20	12	8	5	3	2	1	
5471	22637	1800	2200	10	20	40	60	90	100	130	160	190	230	100	60	36	20	12	8	5	3	2	1	
5472	22637	2200	9999	10	20	50	70	110	140	180	220	260	310	100	60	36	20	12	8	5	3	2	1	
5473	22639	1	1800	10	20	30	40	50	60	70	80	90	100	100	60	36	20	12	8	5	3	2	1	
5474	22639	1800	2200	10	20	40	60	90	100	130	160	190	230	100	60	36	20	12	8	5	3	2	1	
5475	22639	2200	9999	10	20	50	70	110	140	180	220	260	310	100	60	36	20	12	8	5	3	2	1	
5476	22641	1	1800	10	20	30	40	50	60	70	80	90	100	100	60	36	20	12	8	5	3	2	1	
5477	22641	1800	2200	10	20	40	60	90	100	130	160	190	230	100	60	36	20	12	8	5	3	2	1	
5478	22641	2200	9999	10	20	50	70	110	140	180	220	260	310	100	60	36	20	12	8	5	3	2	1	
5479	22642	1	1800	10	20	30	40	50	60	70	80	90	100	100	60	36	20	12	8	5	3	2	1	
5480	22642	1800	2200	10	20	40	60	90	100	130	160	190	230	100	60	36	20	12	8	5	3	2	1	
5481	22642	2200	9999	10	20	50	70	110	140	180	220	260	310	100	60	36	20	12	8	5	3	2	1	
5482	22643	1	1800	10	20	30	40	50	60	70	80	90	100	100	60	36	20	12	8	5	3	2	1	
5483	22643	1800	2200	10	20	40	60	90	100	130	160	190	230	100	60	36	20	12	8	5	3	2	1	
5484	22643	2200	9999	10	20	50	70	110	140	180	220	260	310	100	60	36	20	12	8	5	3	2	1	
5485	22644	1	1800	10	20	30	40	50	60	70	80	90	100	100	60	36	20	12	8	5	3	2	1	
5486	22644	1800	2200	10	20	40	60	90	100	130	160	190	230	100	60	36	20	12	8	5	3	2	1	
5487	22644	2200	9999	10	20	50	70	110	140	180	220	260	310	100	60	36	20	12	8	5	3	2	1	
5488	22645	1	1800	10	20	30	40	50	60	70	80	90	100	100	60	36	20	12	8	5	3	2	1	
5489	22645	1800	2200	10	20	40	60	90	100	130	160	190	230	100	60	36	20	12	8	5	3	2	1	
5490	22645	2200	9999	10	20	50	70	110	140	180	220	260	310	100	60	36	20	12	8	5	3	2	1	
5491	22646	1	1800	10	20	30	40	50	60	70	80	90	100	100	60	36	20	12	8	5	3	2	1	
5492	22646	1800	2200	10	20	40	60	90	100	130	160	190	230	100	60	36	20	12	8	5	3	2	1	
5493	22646	2200	9999	10	20	50	70	110	140	180	220	260	310	100	60	36	20	12	8	5	3	2	1	
5494	22647	1	1800	10	20	30	40	50	60	70	80	90	100	100	60	36	20	12	8	5	3	2	1	
5495	22647	1800	2200	10	20	40	60	90	100	130	160	190	230	100	60	36	20	12	8	5	3	2	1	
5496	22647	2200	9999	10	20	50	70	110	140	180	220	260	310	100	60	36	20	12	8	5	3	2	1	
5497	22648	1	1800	10	20	30	40	50	60	70	80	90	100	100	60	36	20	12	8	5	3	2	1	
5498	22648	1800	2200	10	20	40	60	90	100	130	160	190	230	100	60	36	20	12	8	5	3	2	1	
5499	22648	2200	9999	10	20	50	70	110	140	180	220	260	310	100	60	36	20	12	8	5	3	2	1	
5500	22649	1	1800	10	20	30	40	50	60	70	80	90	100	100	60	36	20	12	8	5	3	2	1	
5501	22649	1800	2200	10	20	40	60	90	100	130	160	190	230	100	60	36	20	12	8	5	3	2	1	
5502	22649	2200	9999	10	20	50	70	110	140	180	220	260	310	100	60	36	20	12	8	5	3	2	1	
5503	22651	1	1800	10	20	30	40	50	60	70	80	90	100	100	60	36	20	12	8	5	3	2	1	
5504	22651	1800	2200	10	20	40	60	90	100	130	160	190	230	100	60	36	20	12	8	5	3	2	1	
5505	22651	2200	9999	10	20	50	70	110	140	180	220	260	310	100	60	36	20	12	8	5	3	2	1	
5506	22652	1	1800	10	20	30	40	50	60	70	80	90	100	100	60	36	20	12	8	5	3	2	1	
5507	22652	1800	2200	10	20	40	60	90	100	130	160	190	230	100	60	36	20	12	8	5	3	2	1	
5508	22652	2200	9999	10	20	50	70	110	140	180	220	260	310	100	60	36	20	12	8	5	3	2	1	
5509	22659	1	1800	10	20	30	40	50	60	70	80	90	100	100	60	36	20	12	8	5	3	2	1	
5510	22659	1800	2200	10	20	40	60	90	100	130	160	190	230	100	60	36	20	12	8	5	3	2	1	
5511	22659	2200	9999	10	20	50	70	110	140	180	220	260	310	100	60	36	20	12	8	5	3	2	1	
5512	22661	1	1800	10	20	30	40	50	60	70	80	90	100	100	60	36	20	12	8	5	3	2	1	
5513	22661	1800	2200	10	20	40	60	90	100	130	160	190	230	100	60	36	20	12	8	5	3	2	1	
5514	22661	2200	9999	10	20	50	70	110	140	180	220	260	310	100	60	36	20	12	8	5	3	2	1	
5515	22662	1	1800	10	20	30	40	50	60	70	80	90	100	100	60	36	20	12	8	5	3	2	1	
5516	22662	1800	2200	10	20	40	60	90	100	130	160	190	230	100	60	36	20	12	8	5	3	2	1	
5517	22662	2200	9999	10	20	50	70	110	140	180	220	260	310	100	60	36	20	12	8	5	3	2	1	
5518	22663	1	1800	10	20	30	40	50	60	70	80	90	100	100	60	36	20	12	8	5	3	2	1	
5519	22663	1800	2200	10	20	40	60	90	100	130	160	190	230	100	60	36	20	12	8	5	3	2	1	
5520	22663	2200	9999	10	20	50	70	110	140	180	220	260	310	100	60	36	20	12	8	5	3	2	1	
5521	22669	1	1800	10	20	30	40	50	60	70	80	90	100	100	60	36	20	12	8	5	3	2	1	
5522	22669	1800	2200	10	20	40	60	90	100	130	160	190	230	100	60	36	20	12	8	5	3	2	1	
5523	22669	2200	9999	10	20	50	70	110	140	180	220	260	310	100	60	36	20	12	8	5	3	2	1	
5524	22671	1	1800	10	20	30	40	50	60	70	80	90	100	100	60	36	20	12	8	5	3	2	1	
5525	22671	1800	2200	10	20	40	60	90	100	130	160	190	230	100	60	36	20	12	8	5	3	2	1	
5526	22671	2200	9999	10	20	50	70	110	140	180	220	260	310	100	60	36	20	12	8	5	3	2	1	
5527	22672	1	1800	10	20	30	40	50	60	70	80	90	100	100	60	36	20	12	8	5	3	2	1	
5528	22672	1800	2200	10	20	40	60	90	100	130	160	190	230	100	60	36	20	12	8	5	3	2	1	
5529	22672	2200	9999	10	20	50	70	110	140	180	220	260	310	100	60	36	20	12	8	5	3	2	1	
5530	22673	1	1800	10	20	30	40	50	60	70	80	90	100	100	60	36	20	12	8	5	3	2	1	
5531	22673	1800	2200	10	20	40	60	90	100	130	160	190	230	100	60	36	20	12	8	5	3	2	1	
5532	22673	2200	9999	10	20	50	70	110	140	180	220	260	310	100	60	36	20	12	8	5	3	2	1	
5533	22674	1	1800	10	20	30	40	50	60	70	80	90	100	100	60	36	20	12	8	5	3	2	1	
5534	22674	1800	2200	10	20	40	60	90	100	130	160	190	230	100	60	36	20	12	8	5	3	2	1	
5535	22674	2200	9999	10	20	50	70	110	140	180	220	260	310	100	60	36	20	12	8	5	3	2	1	
5536	22679	1	1800	10	20	30	40	50	60	70	80	90	100	100	60	36	20	12	8	5	3	2	1	
5537	22679	1800	2200	10	20	40	60	90	100	130	160	190	230	100	60	36	20	12	8	5	3	2	1	
5538	22679	2200	9999	10	20	50	70	110	140	180	220	260	310	100	60	36	20	12	8	5	3	2	1	
5539	22681	1	1800	10	20	30	40	50	60	70	80	90	100	100	60	36	20	12	8	5	3	2	1	
5540	22681	1800	2200	10	20	40	60	90	100	130	160	190	230	100	60	36	20	12	8	5	3	2	1	
5541	22681	2200	9999	10	20	50	70	110	140	180	220	260	310	100	60	36	20	12	8	5	3	2	1	
5542	22682	1	1800	10	20	30	40	50	60	70	80	90	100	100	60	36	20	12	8	5	3	2	1	
5543	22682	1800	2200	10	20	40	60	90	100	130	160	190	230	100	60	36	20	12	8	5	3	2	1	
5544	22682	2200	9999	10	20	50	70	110	140	180	220	260	310	100	60	36	20	12	8	5	3	2	1	
5545	22683	1	1800	10	20	30	40	50	60	70	80	90	100	100	60	36	20	12	8	5	3	2	1	
5546	22683	1800	2200	10	20	40	60	90	100	130	160	190	230	100	60	36	20	12	8	5	3	2	1	
5547	22683	2200	9999	10	20	50	70	110	140	180	220	260	310	100	60	36	20	12	8	5	3	2	1	
5548	22684	1	1800	10	20	30	40	50	60	70	80	90	100	100	60	36	20	12	8	5	3	2	1	
5549	22684	1800	2200	10	20	40	60	90	100	130	160	190	230	100	60	36	20	12	8	5	3	2	1	
5550	22684	2200	9999	10	20	50	70	110	140	180	220	260	310	100	60	36	20	12	8	5	3	2	1	
5551	22685	1	1800	10	20	30	40	50	60	70	80	90	100	100	60	36	20	12	8	5	3	2	1	
5552	22685	1800	2200	10	20	40	60	90	100	130	160	190	230	100	60	36	20	12	8	5	3	2	1	
5553	22685	2200	9999	10	20	50	70	110	140	180	220	260	310	100	60	36	20	12	8	5	3	2	1	
5554	22689	1	1800	10	20	30	40	50	60	70	80	90	100	100	60	36	20	12	8	5	3	2	1	
5555	22689	1800	2200	10	20	40	60	90	100	130	160	190	230	100	60	36	20	12	8	5	3	2	1	
5556	22689	2200	9999	10	20	50	70	110	140	180	220	260	310	100	60	36	20	12	8	5	3	2	1	
5557	22691	1	1800	10	20	30	40	50	60	70	80	90	100	100	60	36	20	12	8	5	3	2	1	
5558	22691	1800	2200	10	20	40	60	90	100	130	160	190	230	100	60	36	20	12	8	5	3	2	1	
5559	22691	2200	9999	10	20	50	70	110	140	180	220	260	310	100	60	36	20	12	8	5	3	2	1	
5560	22692	1	1800	10	20	30	40	50	60	70	80	90	100	100	60	36	20	12	8	5	3	2	1	
5561	22692	1800	2200	10	20	40	60	90	100	130	160	190	230	100	60	36	20	12	8	5	3	2	1	
5562	22692	2200	9999	10	20	50	70	110	140	180	220	260	310	100	60	36	20	12	8	5	3	2	1	
5563	22693	1	1800	10	20	30	40	50	60	70	80	90	100	100	60	36	20	12	8	5	3	2	1	
5564	22693	1800	2200	10	20	40	60	90	100	130	160	190	230	100	60	36	20	12	8	5	3	2	1	
5565	22693	2200	9999	10	20	50	70	110	140	180	220	260	310	100	60	36	20	12	8	5	3	2	1	
5566	22694	1	1800	10	20	30	40	50	60	70	80	90	100	100	60	36	20	12	8	5	3	2	1	
5567	22694	1800	2200	10	20	40	60	90	100	130	160	190	230	100	60	36	20	12	8	5	3	2	1	
5568	22694	2200	9999	10	20	50	70	110	140	180	220	260	310	100	60	36	20	12	8	5	3	2	1	
5569	22695	1	1800	10	20	30	40	50	60	70	80	90	100	100	60	36	20	12	8	5	3	2	1	
5570	22695	1800	2200	10	20	40	60	90	100	130	160	190	230	100	60	36	20	12	8	5	3	2	1	
5571	22695	2200	9999	10	20	50	70	110	140	180	220	260	310	100	60	36	20	12	8	5	3	2	1	
5572	22696	1	1800	10	20	30	40	50	60	70	80	90	100	100	60	36	20	12	8	5	3	2	1	
5573	22696	1800	2200	10	20	40	60	90	100	130	160	190	230	100	60	36	20	12	8	5	3	2	1	
5574	22696	2200	9999	10	20	50	70	110	140	180	220	260	310	100	60	36	20	12	8	5	3	2	1	
5575	22699	1	1800	10	20	30	40	50	60	70	80	90	100	100	60	36	20	12	8	5	3	2	1	
5576	22699	1800	2200	10	20	40	60	90	100	130	160	190	230	100	60	36	20	12	8	5	3	2	1	
5577	22699	2200	9999	10	20	50	70	110	140	180	220	260	310	100	60	36	20	12	8	5	3	2	1	
5578	22701	1	1800	10	20	30	40	50	60	70	80	90	100	100	60	36	20	12	8	5	3	2	1	
5579	22701	1800	2200	10	20	40	60	90	100	130	160	190	230	100	60	36	20	12	8	5	3	2	1	
5580	22701	2200	9999	10	20	50	70	110	140	180	220	260	310	100	60	36	20	12	8	5	3	2	1	
5581	22702	1	1800	10	20	30	40	50	60	70	80	90	100	100	60	36	20	12	8	5	3	2	1	
5582	22702	1800	2200	10	20	40	60	90	100	130	160	190	230	100	60	36	20	12	8	5	3	2	1	
5583	22702	2200	9999	10	20	50	70	110	140	180	220	260	310	100	60	36	20	12	8	5	3	2	1	
5584	22703	1	1800	10	20	30	40	50	60	70	80	90	100	100	60	36	20	12	8	5	3	2	1	
5585	22703	1800	2200	10	20	40	60	90	100	130	160	190	230	100	60	36	20	12	8	5	3	2	1	
5586	22703	2200	9999	10	20	50	70	110	140	180	220	260	310	100	60	36	20	12	8	5	3	2	1	
5587	22704	1	1800	10	20	30	40	50	60	70	80	90	100	100	60	36	20	12	8	5	3	2	1	
5588	22704	1800	2200	10	20	40	60	90	100	130	160	190	230	100	60	36	20	12	8	5	3	2	1	
5589	22704	2200	9999	10	20	50	70	110	140	180	220	260	310	100	60	36	20	12	8	5	3	2	1	
5590	22705	1	1800	10	20	30	40	50	60	70	80	90	100	100	60	36	20	12	8	5	3	2	1	
5591	22705	1800	2200	10	20	40	60	90	100	130	160	190	230	100	60	36	20	12	8	5	3	2	1	
5592	22705	2200	9999	10	20	50	70	110	140	180	220	260	310	100	60	36	20	12	8	5	3	2	1	
5593	22706	1	1800	10	20	30	40	50	60	70	80	90	100	100	60	36	20	12	8	5	3	2	1	
5594	22706	1800	2200	10	20	40	60	90	100	130	160	190	230	100	60	36	20	12	8	5	3	2	1	
5595	22706	2200	9999	10	20	50	70	110	140	180	220	260	310	100	60	36	20	12	8	5	3	2	1	
5596	22707	1	1800	10	20	30	40	50	60	70	80	90	100	100	60	36	20	12	8	5	3	2	1	
5597	22707	1800	2200	10	20	40	60	90	100	130	160	190	230	100	60	36	20	12	8	5	3	2	1	
5598	22707	2200	9999	10	20	50	70	110	140	180	220	260	310	100	60	36	20	12	8	5	3	2	1	
5599	22709	1	1800	10	20	30	40	50	60	70	80	90	100	100	60	36	20	12	8	5	3	2	1	
5600	22709	1800	2200	10	20	40	60	90	100	130	160	190	230	100	60	36	20	12	8	5	3	2	1	
5601	22709	2200	9999	10	20	50	70	110	140	180	220	260	310	100	60	36	20	12	8	5	3	2	1	
5602	22711	1	1800	10	20	30	40	50	60	70	80	90	100	100	60	36	20	12	8	5	3	2	1	
5603	22711	1800	2200	10	20	40	60	90	100	130	160	190	230	100	60	36	20	12	8	5	3	2	1	
5604	22711	2200	9999	10	20	50	70	110	140	180	220	260	310	100	60	36	20	12	8	5	3	2	1	
5605	22712	1	1800	10	20	30	40	50	60	70	80	90	100	100	60	36	20	12	8	5	3	2	1	
5606	22712	1800	2200	10	20	40	60	90	100	130	160	190	230	100	60	36	20	12	8	5	3	2	1	
5607	22712	2200	9999	10	20	50	70	110	140	180	220	260	310	100	60	36	20	12	8	5	3	2	1	
5608	22713	1	1800	10	20	30	40	50	60	70	80	90	100	100	60	36	20	12	8	5	3	2	1	
5609	22713	1800	2200	10	20	40	60	90	100	130	160	190	230	100	60	36	20	12	8	5	3	2	1	
5610	22713	2200	9999	10	20	50	70	110	140	180	220	260	310	100	60	36	20	12	8	5	3	2	1	
5611	22714	1	1800	10	20	30	40	50	60	70	80	90	100	100	60	36	20	12	8	5	3	2	1	
5612	22714	1800	2200	10	20	40	60	90	100	130	160	190	230	100	60	36	20	12	8	5	3	2	1	
5613	22714	2200	9999	10	20	50	70	110	140	180	220	260	310	100	60	36	20	12	8	5	3	2	1	
5614	22715	1	1800	10	20	30	40	50	60	70	80	90	100	100	60	36	20	12	8	5	3	2	1	
5615	22715	1800	2200	10	20	40	60	90	100	130	160	190	230	100	60	36	20	12	8	5	3	2	1	
5616	22715	2200	9999	10	20	50	70	110	140	180	220	260	310	100	60	36	20	12	8	5	3	2	1	
5617	22716	1	1800	10	20	30	40	50	60	70	80	90	100	100	60	36	20	12	8	5	3	2	1	
5618	22716	1800	2200	10	20	40	60	90	100	130	160	190	230	100	60	36	20	12	8	5	3	2	1	
5619	22716	2200	9999	10	20	50	70	110	140	180	220	260	310	100	60	36	20	12	8	5	3	2	1	
5620	22717	1	1800	10	20	30	40	50	60	70	80	90	100	100	60	36	20	12	8	5	3	2	1	
5621	22717	1800	2200	10	20	40	60	90	100	130	160	190	230	100	60	36	20	12	8	5	3	2	1	
5622	22717	2200	9999	10	20	50	70	110	140	180	220	260	310	100	60	36	20	12	8	5	3	2	1	
5623	22718	1	1800	10	20	30	40	50	60	70	80	90	100	100	60	36	20	12	8	5	3	2	1	
5624	22718	1800	2200	10	20	40	60	90	100	130	160	190	230	100	60	36	20	12	8	5	3	2	1	
5625	22718	2200	9999	10	20	50	70	110	140	180	220	260	310	100	60	36	20	12	8	5	3	2	1	
5626	22719	1	1800	10	20	30	40	50	60	70	80	90	100	100	60	36	20	12	8	5	3	2	1	
5627	22719	1800	2200	10	20	40	60	90	100	130	160	190	230	100	60	36	20	12	8	5	3	2	1	
5628	22719	2200	9999	10	20	50	70	110	140	180	220	260	310	100	60	36	20	12	8	5	3	2	1	
5629	22721	1	1800	10	20	30	40	50	60	70	80	90	100	100	60	36	20	12	8	5	3	2	1	
5630	22721	1800	2200	10	20	40	60	90	100	130	160	190	230	100	60	36	20	12	8	5	3	2	1	
5631	22721	2200	9999	10	20	50	70	110	140	180	220	260	310	100	60	36	20	12	8	5	3	2	1	
5632	22722	1	1800	10	20	30	40	50	60	70	80	90	100	100	60	36	20	12	8	5	3	2	1	
5633	22722	1800	2200	10	20	40	60	90	100	130	160	190	230	100	60	36	20	12	8	5	3	2	1	
5634	22722	2200	9999	10	20	50	70	110	140	180	220	260	310	100	60	36	20	12	8	5	3	2	1	
5635	22729	1	1800	10	20	30	40	50	60	70	80	90	100	100	60	36	20	12	8	5	3	2	1	
5636	22729	1800	2200	10	20	40	60	90	100	130	160	190	230	100	60	36	20	12	8	5	3	2	1	
5637	22729	2200	9999	10	20	50	70	110	140	180	220	260	310	100	60	36	20	12	8	5	3	2	1	
5638	22731	1	1800	10	20	30	40	50	60	70	80	90	100	100	60	36	20	12	8	5	3	2	1	
5639	22731	1800	2200	10	20	40	60	90	100	130	160	190	230	100	60	36	20	12	8	5	3	2	1	
5640	22731	2200	9999	10	20	50	70	110	140	180	220	260	310	100	60	36	20	12	8	5	3	2	1	
5641	22732	1	1800	10	20	30	40	50	60	70	80	90	100	100	60	36	20	12	8	5	3	2	1	
5642	22732	1800	2200	10	20	40	60	90	100	130	160	190	230	100	60	36	20	12	8	5	3	2	1	
5643	22732	2200	9999	10	20	50	70	110	140	180	220	260	310	100	60	36	20	12	8	5	3	2	1	
5644	22733	1	1800	10	20	30	40	50	60	70	80	90	100	100	60	36	20	12	8	5	3	2	1	
5645	22733	1800	2200	10	20	40	60	90	100	130	160	190	230	100	60	36	20	12	8	5	3	2	1	
5646	22733	2200	9999	10	20	50	70	110	140	180	220	260	310	100	60	36	20	12	8	5	3	2	1	
5647	22739	1	1800	10	20	30	40	50	60	70	80	90	100	100	60	36	20	12	8	5	3	2	1	
5648	22739	1800	2200	10	20	40	60	90	100	130	160	190	230	100	60	36	20	12	8	5	3	2	1	
5649	22739	2200	9999	10	20	50	70	110	140	180	220	260	310	100	60	36	20	12	8	5	3	2	1	
5650	22741	1	1800	10	20	30	40	50	60	70	80	90	100	100	60	36	20	12	8	5	3	2	1	
5651	22741	1800	2200	10	20	40	60	90	100	130	160	190	230	100	60	36	20	12	8	5	3	2	1	
5652	22741	2200	9999	10	20	50	70	110	140	180	220	260	310	100	60	36	20	12	8	5	3	2	1	
5653	22742	1	1800	10	20	30	40	50	60	70	80	90	100	100	60	36	20	12	8	5	3	2	1	
5654	22742	1800	2200	10	20	40	60	90	100	130	160	190	230	100	60	36	20	12	8	5	3	2	1	
5655	22742	2200	9999	10	20	50	70	110	140	180	220	260	310	100	60	36	20	12	8	5	3	2	1	
5656	22743	1	1800	10	20	30	40	50	60	70	80	90	100	100	60	36	20	12	8	5	3	2	1	
5657	22743	1800	2200	10	20	40	60	90	100	130	160	190	230	100	60	36	20	12	8	5	3	2	1	
5658	22743	2200	9999	10	20	50	70	110	140	180	220	260	310	100	60	36	20	12	8	5	3	2	1	
5659	22744	1	1800	10	20	30	40	50	60	70	80	90	100	100	60	36	20	12	8	5	3	2	1	
5660	22744	1800	2200	10	20	40	60	90	100	130	160	190	230	100	60	36	20	12	8	5	3	2	1	
5661	22744	2200	9999	10	20	50	70	110	140	180	220	260	310	100	60	36	20	12	8	5	3	2	1	
5662	22749	1	1800	10	20	30	40	50	60	70	80	90	100	100	60	36	20	12	8	5	3	2	1	
5663	22749	1800	2200	10	20	40	60	90	100	130	160	190	230	100	60	36	20	12	8	5	3	2	1	
5664	22749	2200	9999	10	20	50	70	110	140	180	220	260	310	100	60	36	20	12	8	5	3	2	1	
5665	22751	1	1800	10	20	30	40	50	60	70	80	90	100	100	60	36	20	12	8	5	3	2	1	
5666	22751	1800	2200	10	20	40	60	90	100	130	160	190	230	100	60	36	20	12	8	5	3	2	1	
5667	22751	2200	9999	10	20	50	70	110	140	180	220	260	310	100	60	36	20	12	8	5	3	2	1	
5668	22752	1	1800	10	20	30	40	50	60	70	80	90	100	100	60	36	20	12	8	5	3	2	1	
5669	22752	1800	2200	10	20	40	60	90	100	130	160	190	230	100	60	36	20	12	8	5	3	2	1	
5670	22752	2200	9999	10	20	50	70	110	140	180	220	260	310	100	60	36	20	12	8	5	3	2	1	
5671	22753	1	1800	10	20	30	40	50	60	70	80	90	100	100	60	36	20	12	8	5	3	2	1	
5672	22753	1800	2200	10	20	40	60	90	100	130	160	190	230	100	60	36	20	12	8	5	3	2	1	
5673	22753	2200	9999	10	20	50	70	110	140	180	220	260	310	100	60	36	20	12	8	5	3	2	1	
5674	22754	1	1800	10	20	30	40	50	60	70	80	90	100	100	60	36	20	12	8	5	3	2	1	
5675	22754	1800	2200	10	20	40	60	90	100	130	160	190	230	100	60	36	20	12	8	5	3	2	1	
5676	22754	2200	9999	10	20	50	70	110	140	180	220	260	310	100	60	36	20	12	8	5	3	2	1	
5677	22755	1	1800	10	20	30	40	50	60	70	80	90	100	100	60	36	20	12	8	5	3	2	1	
5678	22755	1800	2200	10	20	40	60	90	100	130	160	190	230	100	60	36	20	12	8	5	3	2	1	
5679	22755	2200	9999	10	20	50	70	110	140	180	220	260	310	100	60	36	20	12	8	5	3	2	1	
5680	22759	1	1800	10	20	30	40	50	60	70	80	90	100	100	60	36	20	12	8	5	3	2	1	
5681	22759	1800	2200	10	20	40	60	90	100	130	160	190	230	100	60	36	20	12	8	5	3	2	1	
5682	22759	2200	9999	10	20	50	70	110	140	180	220	260	310	100	60	36	20	12	8	5	3	2	1	
5683	22761	1	1800	10	20	30	40	50	60	70	80	90	100	100	60	36	20	12	8	5	3	2	1	
5684	22761	1800	2200	10	20	40	60	90	100	130	160	190	230	100	60	36	20	12	8	5	3	2	1	
5685	22761	2200	9999	10	20	50	70	110	140	180	220	260	310	100	60	36	20	12	8	5	3	2	1	
5686	22762	1	1800	10	20	30	40	50	60	70	80	90	100	100	60	36	20	12	8	5	3	2	1	
5687	22762	1800	2200	10	20	40	60	90	100	130	160	190	230	100	60	36	20	12	8	5	3	2	1	
5688	22762	2200	9999	10	20	50	70	110	140	180	220	260	310	100	60	36	20	12	8	5	3	2	1	
5689	22763	1	1800	10	20	30	40	50	60	70	80	90	100	100	60	36	20	12	8	5	3	2	1	
5690	22763	1800	2200	10	20	40	60	90	100	130	160	190	230	100	60	36	20	12	8	5	3	2	1	
5691	22763	2200	9999	10	20	50	70	110	140	180	220	260	310	100	60	36	20	12	8	5	3	2	1	
5692	22764	1	1800	10	20	30	40	50	60	70	80	90	100	100	60	36	20	12	8	5	3	2	1	
5693	22764	1800	2200	10	20	40	60	90	100	130	160	190	230	100	60	36	20	12	8	5	3	2	1	
5694	22764	2200	9999	10	20	50	70	110	140	180	220	260	310	100	60	36	20	12	8	5	3	2	1	
5695	22765	1	1800	10	20	30	40	50	60	70	80	90	100	100	60	36	20	12	8	5	3	2	1	
5696	22765	1800	2200	10	20	40	60	90	100	130	160	190	230	100	60	36	20	12	8	5	3	2	1	
5697	22765	2200	9999	10	20	50	70	110	140	180	220	260	310	100	60	36	20	12	8	5	3	2	1	
5698	22766	1	1800	10	20	30	40	50	60	70	80	90	100	100	60	36	20	12	8	5	3	2	1	
5699	22766	1800	2200	10	20	40	60	90	100	130	160	190	230	100	60	36	20	12	8	5	3	2	1	
5700	22766	2200	9999	10	20	50	70	110	140	180	220	260	310	100	60	36	20	12	8	5	3	2	1	
5701	22769	1	1800	10	20	30	40	50	60	70	80	90	100	100	60	36	20	12	8	5	3	2	1	
5702	22769	1800	2200	10	20	40	60	90	100	130	160	190	230	100	60	36	20	12	8	5	3	2	1	
5703	22769	2200	9999	10	20	50	70	110	140	180	220	260	310	100	60	36	20	12	8	5	3	2	1	
5704	22771	1	1800	10	20	30	40	50	60	70	80	90	100	100	60	36	20	12	8	5	3	2	1	
5705	22771	1800	2200	10	20	40	60	90	100	130	160	190	230	100	60	36	20	12	8	5	3	2	1	
5706	22771	2200	9999	10	20	50	70	110	140	180	220	260	310	100	60	36	20	12	8	5	3	2	1	
5707	22772	1	1800	10	20	30	40	50	60	70	80	90	100	100	60	36	20	12	8	5	3	2	1	
5708	22772	1800	2200	10	20	40	60	90	100	130	160	190	230	100	60	36	20	12	8	5	3	2	1	
5709	22772	2200	9999	10	20	50	70	110	140	180	220	260	310	100	60	36	20	12	8	5	3	2	1	
5710	22773	1	1800	10	20	30	40	50	60	70	80	90	100	100	60	36	20	12	8	5	3	2	1	
5711	22773	1800	2200	10	20	40	60	90	100	130	160	190	230	100	60	36	20	12	8	5	3	2	1	
5712	22773	2200	9999	10	20	50	70	110	140	180	220	260	310	100	60	36	20	12	8	5	3	2	1	
5713	22774	1	1800	10	20	30	40	50	60	70	80	90	100	100	60	36	20	12	8	5	3	2	1	
5714	22774	1800	2200	10	20	40	60	90	100	130	160	190	230	100	60	36	20	12	8	5	3	2	1	
5715	22774	2200	9999	10	20	50	70	110	140	180	220	260	310	100	60	36	20	12	8	5	3	2	1	
5716	22775	1	1800	10	20	30	40	50	60	70	80	90	100	100	60	36	20	12	8	5	3	2	1	
5717	22775	1800	2200	10	20	40	60	90	100	130	160	190	230	100	60	36	20	12	8	5	3	2	1	
5718	22775	2200	9999	10	20	50	70	110	140	180	220	260	310	100	60	36	20	12	8	5	3	2	1	
5719	22776	1	1800	10	20	30	40	50	60	70	80	90	100	100	60	36	20	12	8	5	3	2	1	
5720	22776	1800	2200	10	20	40	60	90	100	130	160	190	230	100	60	36	20	12	8	5	3	2	1	
5721	22776	2200	9999	10	20	50	70	110	140	180	220	260	310	100	60	36	20	12	8	5	3	2	1	
5722	22777	1	1800	10	20	30	40	50	60	70	80	90	100	100	60	36	20	12	8	5	3	2	1	
5723	22777	1800	2200	10	20	40	60	90	100	130	160	190	230	100	60	36	20	12	8	5	3	2	1	
5724	22777	2200	9999	10	20	50	70	110	140	180	220	260	310	100	60	36	20	12	8	5	3	2	1	
5725	22779	1	1800	10	20	30	40	50	60	70	80	90	100	100	60	36	20	12	8	5	3	2	1	
5726	22779	1800	2200	10	20	40	60	90	100	130	160	190	230	100	60	36	20	12	8	5	3	2	1	
5727	22779	2200	9999	10	20	50	70	110	140	180	220	260	310	100	60	36	20	12	8	5	3	2	1	
5728	22781	1	1800	10	20	30	40	50	60	70	80	90	100	100	60	36	20	12	8	5	3	2	1	
5729	22781	1800	2200	10	20	40	60	90	100	130	160	190	230	100	60	36	20	12	8	5	3	2	1	
5730	22781	2200	9999	10	20	50	70	110	140	180	220	260	310	100	60	36	20	12	8	5	3	2	1	
5731	22782	1	1800	10	20	30	40	50	60	70	80	90	100	100	60	36	20	12	8	5	3	2	1	
5732	22782	1800	2200	10	20	40	60	90	100	130	160	190	230	100	60	36	20	12	8	5	3	2	1	
5733	22782	2200	9999	10	20	50	70	110	140	180	220	260	310	100	60	36	20	12	8	5	3	2	1	
5734	22783	1	1800	10	20	30	40	50	60	70	80	90	100	100	60	36	20	12	8	5	3	2	1	
5735	22783	1800	2200	10	20	40	60	90	100	130	160	190	230	100	60	36	20	12	8	5	3	2	1	
5736	22783	2200	9999	10	20	50	70	110	140	180	220	260	310	100	60	36	20	12	8	5	3	2	1	
5737	22784	1	1800	10	20	30	40	50	60	70	80	90	100	100	60	36	20	12	8	5	3	2	1	
5738	22784	1800	2200	10	20	40	60	90	100	130	160	190	230	100	60	36	20	12	8	5	3	2	1	
5739	22784	2200	9999	10	20	50	70	110	140	180	220	260	310	100	60	36	20	12	8	5	3	2	1	
5740	22785	1	1800	10	20	30	40	50	60	70	80	90	100	100	60	36	20	12	8	5	3	2	1	
5741	22785	1800	2200	10	20	40	60	90	100	130	160	190	230	100	60	36	20	12	8	5	3	2	1	
5742	22785	2200	9999	10	20	50	70	110	140	180	220	260	310	100	60	36	20	12	8	5	3	2	1	
5743	22786	1	1800	10	20	30	40	50	60	70	80	90	100	100	60	36	20	12	8	5	3	2	1	
5744	22786	1800	2200	10	20	40	60	90	100	130	160	190	230	100	60	36	20	12	8	5	3	2	1	
5745	22786	2200	9999	10	20	50	70	110	140	180	220	260	310	100	60	36	20	12	8	5	3	2	1	
5746	22787	1	1800	10	20	30	40	50	60	70	80	90	100	100	60	36	20	12	8	5	3	2	1	
5747	22787	1800	2200	10	20	40	60	90	100	130	160	190	230	100	60	36	20	12	8	5	3	2	1	
5748	22787	2200	9999	10	20	50	70	110	140	180	220	260	310	100	60	36	20	12	8	5	3	2	1	
5749	22788	1	1800	10	20	30	40	50	60	70	80	90	100	100	60	36	20	12	8	5	3	2	1	
5750	22788	1800	2200	10	20	40	60	90	100	130	160	190	230	100	60	36	20	12	8	5	3	2	1	
5751	22788	2200	9999	10	20	50	70	110	140	180	220	260	310	100	60	36	20	12	8	5	3	2	1	
5752	22789	1	1800	10	20	30	40	50	60	70	80	90	100	100	60	36	20	12	8	5	3	2	1	
5753	22789	1800	2200	10	20	40	60	90	100	130	160	190	230	100	60	36	20	12	8	5	3	2	1	
5754	22789	2200	9999	10	20	50	70	110	140	180	220	260	310	100	60	36	20	12	8	5	3	2	1	
5755	22791	1	1800	10	20	30	40	50	60	70	80	90	100	100	60	36	20	12	8	5	3	2	1	
5756	22791	1800	2200	10	20	40	60	90	100	130	160	190	230	100	60	36	20	12	8	5	3	2	1	
5757	22791	2200	9999	10	20	50	70	110	140	180	220	260	310	100	60	36	20	12	8	5	3	2	1	
5758	22792	1	1800	10	20	30	40	50	60	70	80	90	100	100	60	36	20	12	8	5	3	2	1	
5759	22792	1800	2200	10	20	40	60	90	100	130	160	190	230	100	60	36	20	12	8	5	3	2	1	
5760	22792	2200	9999	10	20	50	70	110	140	180	220	260	310	100	60	36	20	12	8	5	3	2	1	
5761	22799	1	1800	10	20	30	40	50	60	70	80	90	100	100	60	36	20	12	8	5	3	2	1	
5762	22799	1800	2200	10	20	40	60	90	100	130	160	190	230	100	60	36	20	12	8	5	3	2	1	
5763	22799	2200	9999	10	20	50	70	110	140	180	220	260	310	100	60	36	20	12	8	5	3	2	1	
5764	22801	1	1800	10	20	30	40	50	60	70	80	90	100	100	60	36	20	12	8	5	3	2	1	
5765	22801	1800	2200	10	20	40	60	90	100	130	160	190	230	100	60	36	20	12	8	5	3	2	1	
5766	22801	2200	9999	10	20	50	70	110	140	180	220	260	310	100	60	36	20	12	8	5	3	2	1	
5767	22802	1	1800	10	20	30	40	50	60	70	80	90	100	100	60	36	20	12	8	5	3	2	1	
5768	22802	1800	2200	10	20	40	60	90	100	130	160	190	230	100	60	36	20	12	8	5	3	2	1	
5769	22802	2200	9999	10	20	50	70	110	140	180	220	260	310	100	60	36	20	12	8	5	3	2	1	
5770	22803	1	1800	10	20	30	40	50	60	70	80	90	100	100	60	36	20	12	8	5	3	2	1	
5771	22803	1800	2200	10	20	40	60	90	100	130	160	190	230	100	60	36	20	12	8	5	3	2	1	
5772	22803	2200	9999	10	20	50	70	110	140	180	220	260	310	100	60	36	20	12	8	5	3	2	1	
5773	22809	1	1800	10	20	30	40	50	60	70	80	90	100	100	60	36	20	12	8	5	3	2	1	
5774	22809	1800	2200	10	20	40	60	90	100	130	160	190	230	100	60	36	20	12	8	5	3	2	1	
5775	22809	2200	9999	10	20	50	70	110	140	180	220	260	310	100	60	36	20	12	8	5	3	2	1	
5776	22811	1	1800	10	20	30	40	50	60	70	80	90	100	100	60	36	20	12	8	5	3	2	1	
5777	22811	1800	2200	10	20	40	60	90	100	130	160	190	230	100	60	36	20	12	8	5	3	2	1	
5778	22811	2200	9999	10	20	50	70	110	140	180	220	260	310	100	60	36	20	12	8	5	3	2	1	
5779	22812	1	1800	10	20	30	40	50	60	70	80	90	100	100	60	36	20	12	8	5	3	2	1	
5780	22812	1800	2200	10	20	40	60	90	100	130	160	190	230	100	60	36	20	12	8	5	3	2	1	
5781	22812	2200	9999	10	20	50	70	110	140	180	220	260	310	100	60	36	20	12	8	5	3	2	1	
5782	22813	1	1800	10	20	30	40	50	60	70	80	90	100	100	60	36	20	12	8	5	3	2	1	
5783	22813	1800	2200	10	20	40	60	90	100	130	160	190	230	100	60	36	20	12	8	5	3	2	1	
5784	22813	2200	9999	10	20	50	70	110	140	180	220	260	310	100	60	36	20	12	8	5	3	2	1	
5785	22814	1	1800	10	20	30	40	50	60	70	80	90	100	100	60	36	20	12	8	5	3	2	1	
5786	22814	1800	2200	10	20	40	60	90	100	130	160	190	230	100	60	36	20	12	8	5	3	2	1	
5787	22814	2200	9999	10	20	50	70	110	140	180	220	260	310	100	60	36	20	12	8	5	3	2	1	
5788	22819	1	1800	10	20	30	40	50	60	70	80	90	100	100	60	36	20	12	8	5	3	2	1	
5789	22819	1800	2200	10	20	40	60	90	100	130	160	190	230	100	60	36	20	12	8	5	3	2	1	
5790	22819	2200	9999	10	20	50	70	110	140	180	220	260	310	100	60	36	20	12	8	5	3	2	1	
5791	22821	1	1800	10	20	30	40	50	60	70	80	90	100	100	60	36	20	12	8	5	3	2	1	
5792	22821	1800	2200	10	20	40	60	90	100	130	160	190	230	100	60	36	20	12	8	5	3	2	1	
5793	22821	2200	9999	10	20	50	70	110	140	180	220	260	310	100	60	36	20	12	8	5	3	2	1	
5794	22822	1	1800	10	20	30	40	50	60	70	80	90	100	100	60	36	20	12	8	5	3	2	1	
5795	22822	1800	2200	10	20	40	60	90	100	130	160	190	230	100	60	36	20	12	8	5	3	2	1	
5796	22822	2200	9999	10	20	50	70	110	140	180	220	260	310	100	60	36	20	12	8	5	3	2	1	
5797	22823	1	1800	10	20	30	40	50	60	70	80	90	100	100	60	36	20	12	8	5	3	2	1	
5798	22823	1800	2200	10	20	40	60	90	100	130	160	190	230	100	60	36	20	12	8	5	3	2	1	
5799	22823	2200	9999	10	20	50	70	110	140	180	220	260	310	100	60	36	20	12	8	5	3	2	1	
5800	22824	1	1800	10	20	30	40	50	60	70	80	90	100	100	60	36	20	12	8	5	3	2	1	
5801	22824	1800	2200	10	20	40	60	90	100	130	160	190	230	100	60	36	20	12	8	5	3	2	1	
5802	22824	2200	9999	10	20	50	70	110	140	180	220	260	310	100	60	36	20	12	8	5	3	2	1	
5803	22825	1	1800	10	20	30	40	50	60	70	80	90	100	100	60	36	20	12	8	5	3	2	1	
5804	22825	1800	2200	10	20	40	60	90	100	130	160	190	230	100	60	36	20	12	8	5	3	2	1	
5805	22825	2200	9999	10	20	50	70	110	140	180	220	260	310	100	60	36	20	12	8	5	3	2	1	
5806	22829	1	1800	10	20	30	40	50	60	70	80	90	100	100	60	36	20	12	8	5	3	2	1	
5807	22829	1800	2200	10	20	40	60	90	100	130	160	190	230	100	60	36	20	12	8	5	3	2	1	
5808	22829	2200	9999	10	20	50	70	110	140	180	220	260	310	100	60	36	20	12	8	5	3	2	1	
5809	22831	1	1800	10	20	30	40	50	60	70	80	90	100	100	60	36	20	12	8	5	3	2	1	
5810	22831	1800	2200	10	20	40	60	90	100	130	160	190	230	100	60	36	20	12	8	5	3	2	1	
5811	22831	2200	9999	10	20	50	70	110	140	180	220	260	310	100	60	36	20	12	8	5	3	2	1	
5812	22832	1	1800	10	20	30	40	50	60	70	80	90	100	100	60	36	20	12	8	5	3	2	1	
5813	22832	1800	2200	10	20	40	60	90	100	130	160	190	230	100	60	36	20	12	8	5	3	2	1	
5814	22832	2200	9999	10	20	50	70	110	140	180	220	260	310	100	60	36	20	12	8	5	3	2	1	
5815	22833	1	1800	10	20	30	40	50	60	70	80	90	100	100	60	36	20	12	8	5	3	2	1	
5816	22833	1800	2200	10	20	40	60	90	100	130	160	190	230	100	60	36	20	12	8	5	3	2	1	
5817	22833	2200	9999	10	20	50	70	110	140	180	220	260	310	100	60	36	20	12	8	5	3	2	1	
5818	22834	1	1800	10	20	30	40	50	60	70	80	90	100	100	60	36	20	12	8	5	3	2	1	
5819	22834	1800	2200	10	20	40	60	90	100	130	160	190	230	100	60	36	20	12	8	5	3	2	1	
5820	22834	2200	9999	10	20	50	70	110	140	180	220	260	310	100	60	36	20	12	8	5	3	2	1	
5821	22835	1	1800	10	20	30	40	50	60	70	80	90	100	100	60	36	20	12	8	5	3	2	1	
5822	22835	1800	2200	10	20	40	60	90	100	130	160	190	230	100	60	36	20	12	8	5	3	2	1	
5823	22835	2200	9999	10	20	50	70	110	140	180	220	260	310	100	60	36	20	12	8	5	3	2	1	
5824	22836	1	1800	10	20	30	40	50	60	70	80	90	100	100	60	36	20	12	8	5	3	2	1	
5825	22836	1800	2200	10	20	40	60	90	100	130	160	190	230	100	60	36	20	12	8	5	3	2	1	
5826	22836	2200	9999	10	20	50	70	110	140	180	220	260	310	100	60	36	20	12	8	5	3	2	1	
5827	22839	1	1800	10	20	30	40	50	60	70	80	90	100	100	60	36	20	12	8	5	3	2	1	
5828	22839	1800	2200	10	20	40	60	90	100	130	160	190	230	100	60	36	20	12	8	5	3	2	1	
5829	22839	2200	9999	10	20	50	70	110	140	180	220	260	310	100	60	36	20	12	8	5	3	2	1	
5830	22841	1	1800	10	20	30	40	50	60	70	80	90	100	100	60	36	20	12	8	5	3	2	1	
5831	22841	1800	2200	10	20	40	60	90	100	130	160	190	230	100	60	36	20	12	8	5	3	2	1	
5832	22841	2200	9999	10	20	50	70	110	140	180	220	260	310	100	60	36	20	12	8	5	3	2	1	
5833	22842	1	1800	10	20	30	40	50	60	70	80	90	100	100	60	36	20	12	8	5	3	2	1	
5834	22842	1800	2200	10	20	40	60	90	100	130	160	190	230	100	60	36	20	12	8	5	3	2	1	
5835	22842	2200	9999	10	20	50	70	110	140	180	220	260	310	100	60	36	20	12	8	5	3	2	1	
5836	22843	1	1800	10	20	30	40	50	60	70	80	90	100	100	60	36	20	12	8	5	3	2	1	
5837	22843	1800	2200	10	20	40	60	90	100	130	160	190	230	100	60	36	20	12	8	5	3	2	1	
5838	22843	2200	9999	10	20	50	70	110	140	180	220	260	310	100	60	36	20	12	8	5	3	2	1	
5839	22844	1	1800	10	20	30	40	50	60	70	80	90	100	100	60	36	20	12	8	5	3	2	1	
5840	22844	1800	2200	10	20	40	60	90	100	130	160	190	230	100	60	36	20	12	8	5	3	2	1	
5841	22844	2200	9999	10	20	50	70	110	140	180	220	260	310	100	60	36	20	12	8	5	3	2	1	
5842	22845	1	1800	10	20	30	40	50	60	70	80	90	100	100	60	36	20	12	8	5	3	2	1	
5843	22845	1800	2200	10	20	40	60	90	100	130	160	190	230	100	60	36	20	12	8	5	3	2	1	
5844	22845	2200	9999	10	20	50	70	110	140	180	220	260	310	100	60	36	20	12	8	5	3	2	1	
5845	22846	1	1800	10	20	30	40	50	60	70	80	90	100	100	60	36	20	12	8	5	3	2	1	
5846	22846	1800	2200	10	20	40	60	90	100	130	160	190	230	100	60	36	20	12	8	5	3	2	1	
5847	22846	2200	9999	10	20	50	70	110	140	180	220	260	310	100	60	36	20	12	8	5	3	2	1	
5848	22847	1	1800	10	20	30	40	50	60	70	80	90	100	100	60	36	20	12	8	5	3	2	1	
5849	22847	1800	2200	10	20	40	60	90	100	130	160	190	230	100	60	36	20	12	8	5	3	2	1	
5850	22847	2200	9999	10	20	50	70	110	140	180	220	260	310	100	60	36	20	12	8	5	3	2	1	
5851	22849	1	1800	10	20	30	40	50	60	70	80	90	100	100	60	36	20	12	8	5	3	2	1	
5852	22849	1800	2200	10	20	40	60	90	100	130	160	190	230	100	60	36	20	12	8	5	3	2	1	
5853	22849	2200	9999	10	20	50	70	110	140	180	220	260	310	100	60	36	20	12	8	5	3	2	1	
5854	22851	1	1800	10	20	30	40	50	60	70	80	90	100	100	60	36	20	12	8	5	3	2	1	
5855	22851	1800	2200	10	20	40	60	90	100	130	160	190	230	100	60	36	20	12	8	5	3	2	1	
5856	22851	2200	9999	10	20	50	70	110	140	180	220	260	310	100	60	36	20	12	8	5	3	2	1	
5857	22852	1	1800	10	20	30	40	50	60	70	80	90	100	100	60	36	20	12	8	5	3	2	1	
5858	22852	1800	2200	10	20	40	60	90	100	130	160	190	230	100	60	36	20	12	8	5	3	2	1	
5859	22852	2200	9999	10	20	50	70	110	140	180	220	260	310	100	60	36	20	12	8	5	3	2	1	
5860	22853	1	1800	10	20	30	40	50	60	70	80	90	100	100	60	36	20	12	8	5	3	2	1	
5861	22853	1800	2200	10	20	40	60	90	100	130	160	190	230	100	60	36	20	12	8	5	3	2	1	
5862	22853	2200	9999	10	20	50	70	110	140	180	220	260	310	100	60	36	20	12	8	5	3	2	1	
5863	22854	1	1800	10	20	30	40	50	60	70	80	90	100	100	60	36	20	12	8	5	3	2	1	
5864	22854	1800	2200	10	20	40	60	90	100	130	160	190	230	100	60	36	20	12	8	5	3	2	1	
5865	22854	2200	9999	10	20	50	70	110	140	180	220	260	310	100	60	36	20	12	8	5	3	2	1	
5866	22855	1	1800	10	20	30	40	50	60	70	80	90	100	100	60	36	20	12	8	5	3	2	1	
5867	22855	1800	2200	10	20	40	60	90	100	130	160	190	230	100	60	36	20	12	8	5	3	2	1	
5868	22855	2200	9999	10	20	50	70	110	140	180	220	260	310	100	60	36	20	12	8	5	3	2	1	
5869	22856	1	1800	10	20	30	40	50	60	70	80	90	100	100	60	36	20	12	8	5	3	2	1	
5870	22856	1800	2200	10	20	40	60	90	100	130	160	190	230	100	60	36	20	12	8	5	3	2	1	
5871	22856	2200	9999	10	20	50	70	110	140	180	220	260	310	100	60	36	20	12	8	5	3	2	1	
5872	22857	1	1800	10	20	30	40	50	60	70	80	90	100	100	60	36	20	12	8	5	3	2	1	
5873	22857	1800	2200	10	20	40	60	90	100	130	160	190	230	100	60	36	20	12	8	5	3	2	1	
5874	22857	2200	9999	10	20	50	70	110	140	180	220	260	310	100	60	36	20	12	8	5	3	2	1	
5875	22858	1	1800	10	20	30	40	50	60	70	80	90	100	100	60	36	20	12	8	5	3	2	1	
5876	22858	1800	2200	10	20	40	60	90	100	130	160	190	230	100	60	36	20	12	8	5	3	2	1	
5877	22858	2200	9999	10	20	50	70	110	140	180	220	260	310	100	60	36	20	12	8	5	3	2	1	
5878	22859	1	1800	10	20	30	40	50	60	70	80	90	100	100	60	36	20	12	8	5	3	2	1	
5879	22859	1800	2200	10	20	40	60	90	100	130	160	190	230	100	60	36	20	12	8	5	3	2	1	
5880	22859	2200	9999	10	20	50	70	110	140	180	220	260	310	100	60	36	20	12	8	5	3	2	1	
5881	22861	1	1800	10	20	30	40	50	60	70	80	90	100	100	60	36	20	12	8	5	3	2	1	
5882	22861	1800	2200	10	20	40	60	90	100	130	160	190	230	100	60	36	20	12	8	5	3	2	1	
5883	22861	2200	9999	10	20	50	70	110	140	180	220	260	310	100	60	36	20	12	8	5	3	2	1	
5884	22862	1	1800	10	20	30	40	50	60	70	80	90	100	100	60	36	20	12	8	5	3	2	1	
5885	22862	1800	2200	10	20	40	60	90	100	130	160	190	230	100	60	36	20	12	8	5	3	2	1	
5886	22862	2200	9999	10	20	50	70	110	140	180	220	260	310	100	60	36	20	12	8	5	3	2	1	
5887	22869	1	1800	10	20	30	40	50	60	70	80	90	100	100	60	36	20	12	8	5	3	2	1	
5888	22869	1800	2200	10	20	40	60	90	100	130	160	190	230	100	60	36	20	12	8	5	3	2	1	
5889	22869	2200	9999	10	20	50	70	110	140	180	220	260	310	100	60	36	20	12	8	5	3	2	1	
5890	22871	1	1800	10	20	30	40	50	60	70	80	90	100	100	60	36	20	12	8	5	3	2	1	
5891	22871	1800	2200	10	20	40	60	90	100	130	160	190	230	100	60	36	20	12	8	5	3	2	1	
5892	22871	2200	9999	10	20	50	70	110	140	180	220	260	310	100	60	36	20	12	8	5	3	2	1	
5893	22872	1	1800	10	20	30	40	50	60	70	80	90	100	100	60	36	20	12	8	5	3	2	1	
5894	22872	1800	2200	10	20	40	60	90	100	130	160	190	230	100	60	36	20	12	8	5	3	2	1	
5895	22872	2200	9999	10	20	50	70	110	140	180	220	260	310	100	60	36	20	12	8	5	3	2	1	
5896	22873	1	1800	10	20	30	40	50	60	70	80	90	100	100	60	36	20	12	8	5	3	2	1	
5897	22873	1800	2200	10	20	40	60	90	100	130	160	190	230	100	60	36	20	12	8	5	3	2	1	
5898	22873	2200	9999	10	20	50	70	110	140	180	220	260	310	100	60	36	20	12	8	5	3	2	1	
5899	22879	1	1800	10	20	30	40	50	60	70	80	90	100	100	60	36	20	12	8	5	3	2	1	
5900	22879	1800	2200	10	20	40	60	90	100	130	160	190	230	100	60	36	20	12	8	5	3	2	1	
5901	22879	2200	9999	10	20	50	70	110	140	180	220	260	310	100	60	36	20	12	8	5	3	2	1	
5902	22881	1	1800	10	20	30	40	50	60	70	80	90	100	100	60	36	20	12	8	5	3	2	1	
5903	22881	1800	2200	10	20	40	60	90	100	130	160	190	230	100	60	36	20	12	8	5	3	2	1	
5904	22881	2200	9999	10	20	50	70	110	140	180	220	260	310	100	60	36	20	12	8	5	3	2	1	
5905	22882	1	1800	10	20	30	40	50	60	70	80	90	100	100	60	36	20	12	8	5	3	2	1	
5906	22882	1800	2200	10	20	40	60	90	100	130	160	190	230	100	60	36	20	12	8	5	3	2	1	
5907	22882	2200	9999	10	20	50	70	110	140	180	220	260	310	100	60	36	20	12	8	5	3	2	1	
5908	22883	1	1800	10	20	30	40	50	60	70	80	90	100	100	60	36	20	12	8	5	3	2	1	
5909	22883	1800	2200	10	20	40	60	90	100	130	160	190	230	100	60	36	20	12	8	5	3	2	1	
5910	22883	2200	9999	10	20	50	70	110	140	180	220	260	310	100	60	36	20	12	8	5	3	2	1	
5911	22884	1	1800	10	20	30	40	50	60	70	80	90	100	100	60	36	20	12	8	5	3	2	1	
5912	22884	1800	2200	10	20	40	60	90	100	130	160	190	230	100	60	36	20	12	8	5	3	2	1	
5913	22884	2200	9999	10	20	50	70	110	140	180	220	260	310	100	60	36	20	12	8	5	3	2	1	
5914	22889	1	1800	10	20	30	40	50	60	70	80	90	100	100	60	36	20	12	8	5	3	2	1	
5915	22889	1800	2200	10	20	40	60	90	100	130	160	190	230	100	60	36	20	12	8	5	3	2	1	
5916	22889	2200	9999	10	20	50	70	110	140	180	220	260	310	100	60	36	20	12	8	5	3	2	1	
5917	22891	1	1800	10	20	30	40	50	60	70	80	90	100	100	60	36	20	12	8	5	3	2	1	
5918	22891	1800	2200	10	20	40	60	90	100	130	160	190	230	100	60	36	20	12	8	5	3	2	1	
5919	22891	2200	9999	10	20	50	70	110	140	180	220	260	310	100	60	36	20	12	8	5	3	2	1	
5920	22892	1	1800	10	20	30	40	50	60	70	80	90	100	100	60	36	20	12	8	5	3	2	1	
5921	22892	1800	2200	10	20	40	60	90	100	130	160	190	230	100	60	36	20	12	8	5	3	2	1	
5922	22892	2200	9999	10	20	50	70	110	140	180	220	260	310	100	60	36	20	12	8	5	3	2	1	
5923	22893	1	1800	10	20	30	40	50	60	70	80	90	100	100	60	36	20	12	8	5	3	2	1	
5924	22893	1800	2200	10	20	40	60	90	100	130	160	190	230	100	60	36	20	12	8	5	3	2	1	
5925	22893	2200	9999	10	20	50	70	110	140	180	220	260	310	100	60	36	20	12	8	5	3	2	1	
5926	22894	1	1800	10	20	30	40	50	60	70	80	90	100	100	60	36	20	12	8	5	3	2	1	
5927	22894	1800	2200	10	20	40	60	90	100	130	160	190	230	100	60	36	20	12	8	5	3	2	1	
5928	22894	2200	9999	10	20	50	70	110	140	180	220	260	310	100	60	36	20	12	8	5	3	2	1	
5929	22895	1	1800	10	20	30	40	50	60	70	80	90	100	100	60	36	20	12	8	5	3	2	1	
5930	22895	1800	2200	10	20	40	60	90	100	130	160	190	230	100	60	36	20	12	8	5	3	2	1	
5931	22895	2200	9999	10	20	50	70	110	140	180	220	260	310	100	60	36	20	12	8	5	3	2	1	
5932	22899	1	1800	10	20	30	40	50	60	70	80	90	100	100	60	36	20	12	8	5	3	2	1	
5933	22899	1800	2200	10	20	40	60	90	100	130	160	190	230	100	60	36	20	12	8	5	3	2	1	
5934	22899	2200	9999	10	20	50	70	110	140	180	220	260	310	100	60	36	20	12	8	5	3	2	1	
5935	22901	1	1800	10	20	30	40	50	60	70	80	90	100	100	60	36	20	12	8	5	3	2	1	
5936	22901	1800	2200	10	20	40	60	90	100	130	160	190	230	100	60	36	20	12	8	5	3	2	1	
5937	22901	2200	9999	10	20	50	70	110	140	180	220	260	310	100	60	36	20	12	8	5	3	2	1	
5938	22902	1	1800	10	20	30	40	50	60	70	80	90	100	100	60	36	20	12	8	5	3	2	1	
5939	22902	1800	2200	10	20	40	60	90	100	130	160	190	230	100	60	36	20	12	8	5	3	2	1	
5940	22902	2200	9999	10	20	50	70	110	140	180	220	260	310	100	60	36	20	12	8	5	3	2	1	
5941	22903	1	1800	10	20	30	40	50	60	70	80	90	100	100	60	36	20	12	8	5	3	2	1	
5942	22903	1800	2200	10	20	40	60	90	100	130	160	190	230	100	60	36	20	12	8	5	3	2	1	
5943	22903	2200	9999	10	20	50	70	110	140	180	220	260	310	100	60	36	20	12	8	5	3	2	1	
5944	22904	1	1800	10	20	30	40	50	60	70	80	90	100	100	60	36	20	12	8	5	3	2	1	
5945	22904	1800	2200	10	20	40	60	90	100	130	160	190	230	100	60	36	20	12	8	5	3	2	1	
5946	22904	2200	9999	10	20	50	70	110	140	180	220	260	310	100	60	36	20	12	8	5	3	2	1	
5947	22905	1	1800	10	20	30	40	50	60	70	80	90	100	100	60	36	20	12	8	5	3	2	1	
5948	22905	1800	2200	10	20	40	60	90	100	130	160	190	230	100	60	36	20	12	8	5	3	2	1	
5949	22905	2200	9999	10	20	50	70	110	140	180	220	260	310	100	60	36	20	12	8	5	3	2	1	
5950	22906	1	1800	10	20	30	40	50	60	70	80	90	100	100	60	36	20	12	8	5	3	2	1	
5951	22906	1800	2200	10	20	40	60	90	100	130	160	190	230	100	60	36	20	12	8	5	3	2	1	
5952	22906	2200	9999	10	20	50	70	110	140	180	220	260	310	100	60	36	20	12	8	5	3	2	1	
5953	22909	1	1800	10	20	30	40	50	60	70	80	90	100	100	60	36	20	12	8	5	3	2	1	
5954	22909	1800	2200	10	20	40	60	90	100	130	160	190	230	100	60	36	20	12	8	5	3	2	1	
5955	22909	2200	9999	10	20	50	70	110	140	180	220	260	310	100	60	36	20	12	8	5	3	2	1	
5956	22911	1	1800	10	20	30	40	50	60	70	80	90	100	100	60	36	20	12	8	5	3	2	1	
5957	22911	1800	2200	10	20	40	60	90	100	130	160	190	230	100	60	36	20	12	8	5	3	2	1	
5958	22911	2200	9999	10	20	50	70	110	140	180	220	260	310	100	60	36	20	12	8	5	3	2	1	
5959	22912	1	1800	10	20	30	40	50	60	70	80	90	100	100	60	36	20	12	8	5	3	2	1	
5960	22912	1800	2200	10	20	40	60	90	100	130	160	190	230	100	60	36	20	12	8	5	3	2	1	
5961	22912	2200	9999	10	20	50	70	110	140	180	220	260	310	100	60	36	20	12	8	5	3	2	1	
5962	22913	1	1800	10	20	30	40	50	60	70	80	90	100	100	60	36	20	12	8	5	3	2	1	
5963	22913	1800	2200	10	20	40	60	90	100	130	160	190	230	100	60	36	20	12	8	5	3	2	1	
5964	22913	2200	9999	10	20	50	70	110	140	180	220	260	310	100	60	36	20	12	8	5	3	2	1	
5965	22914	1	1800	10	20	30	40	50	60	70	80	90	100	100	60	36	20	12	8	5	3	2	1	
5966	22914	1800	2200	10	20	40	60	90	100	130	160	190	230	100	60	36	20	12	8	5	3	2	1	
5967	22914	2200	9999	10	20	50	70	110	140	180	220	260	310	100	60	36	20	12	8	5	3	2	1	
5968	22915	1	1800	10	20	30	40	50	60	70	80	90	100	100	60	36	20	12	8	5	3	2	1	
5969	22915	1800	2200	10	20	40	60	90	100	130	160	190	230	100	60	36	20	12	8	5	3	2	1	
5970	22915	2200	9999	10	20	50	70	110	140	180	220	260	310	100	60	36	20	12	8	5	3	2	1	
5971	22916	1	1800	10	20	30	40	50	60	70	80	90	100	100	60	36	20	12	8	5	3	2	1	
5972	22916	1800	2200	10	20	40	60	90	100	130	160	190	230	100	60	36	20	12	8	5	3	2	1	
5973	22916	2200	9999	10	20	50	70	110	140	180	220	260	310	100	60	36	20	12	8	5	3	2	1	
5974	22917	1	1800	10	20	30	40	50	60	70	80	90	100	100	60	36	20	12	8	5	3	2	1	
5975	22917	1800	2200	10	20	40	60	90	100	130	160	190	230	100	60	36	20	12	8	5	3	2	1	
5976	22917	2200	9999	10	20	50	70	110	140	180	220	260	310	100	60	36	20	12	8	5	3	2	1	
5977	22919	1	1800	10	20	30	40	50	60	70	80	90	100	100	60	36	20	12	8	5	3	2	1	
5978	22919	1800	2200	10	20	40	60	90	100	130	160	190	230	100	60	36	20	12	8	5	3	2	1	
5979	22919	2200	9999	10	20	50	70	110	140	180	220	260	310	100	60	36	20	12	8	5	3	2	1	
5980	22921	1	1800	10	20	30	40	50	60	70	80	90	100	100	60	36	20	12	8	5	3	2	1	
5981	22921	1800	2200	10	20	40	60	90	100	130	160	190	230	100	60	36	20	12	8	5	3	2	1	
5982	22921	2200	9999	10	20	50	70	110	140	180	220	260	310	100	60	36	20	12	8	5	3	2	1	
5983	22922	1	1800	10	20	30	40	50	60	70	80	90	100	100	60	36	20	12	8	5	3	2	1	
5984	22922	1800	2200	10	20	40	60	90	100	130	160	190	230	100	60	36	20	12	8	5	3	2	1	
5985	22922	2200	9999	10	20	50	70	110	140	180	220	260	310	100	60	36	20	12	8	5	3	2	1	
5986	22923	1	1800	10	20	30	40	50	60	70	80	90	100	100	60	36	20	12	8	5	3	2	1	
5987	22923	1800	2200	10	20	40	60	90	100	130	160	190	230	100	60	36	20	12	8	5	3	2	1	
5988	22923	2200	9999	10	20	50	70	110	140	180	220	260	310	100	60	36	20	12	8	5	3	2	1	
5989	22924	1	1800	10	20	30	40	50	60	70	80	90	100	100	60	36	20	12	8	5	3	2	1	
5990	22924	1800	2200	10	20	40	60	90	100	130	160	190	230	100	60	36	20	12	8	5	3	2	1	
5991	22924	2200	9999	10	20	50	70	110	140	180	220	260	310	100	60	36	20	12	8	5	3	2	1	
5992	22925	1	1800	10	20	30	40	50	60	70	80	90	100	100	60	36	20	12	8	5	3	2	1	
5993	22925	1800	2200	10	20	40	60	90	100	130	160	190	230	100	60	36	20	12	8	5	3	2	1	
5994	22925	2200	9999	10	20	50	70	110	140	180	220	260	310	100	60	36	20	12	8	5	3	2	1	
5995	22926	1	1800	10	20	30	40	50	60	70	80	90	100	100	60	36	20	12	8	5	3	2	1	
5996	22926	1800	2200	10	20	40	60	90	100	130	160	190	230	100	60	36	20	12	8	5	3	2	1	
5997	22926	2200	9999	10	20	50	70	110	140	180	220	260	310	100	60	36	20	12	8	5	3	2	1	
5998	22927	1	1800	10	20	30	40	50	60	70	80	90	100	100	60	36	20	12	8	5	3	2	1	
5999	22927	1800	2200	10	20	40	60	90	100	130	160	190	230	100	60	36	20	12	8	5	3	2	1	
6000	22927	2200	9999	10	20	50	70	110	140	180	220	260	310	100	60	36	20	12	8	5	3	2	1	
6001	22928	1	1800	10	20	30	40	50	60	70	80	90	100	100	60	36	20	12	8	5	3	2	1	
6002	22928	1800	2200	10	20	40	60	90	100	130	160	190	230	100	60	36	20	12	8	5	3	2	1	
6003	22928	2200	9999	10	20	50	70	110	140	180	220	260	310	100	60	36	20	12	8	5	3	2	1	
6004	22929	1	1800	10	20	30	40	50	60	70	80	90	100	100	60	36	20	12	8	5	3	2	1	
6005	22929	1800	2200	10	20	40	60	90	100	130	160	190	230	100	60	36	20	12	8	5	3	2	1	
6006	22929	2200	9999	10	20	50	70	110	140	180	220	260	310	100	60	36	20	12	8	5	3	2	1	
6007	22931	1	1800	10	20	30	40	50	60	70	80	90	100	100	60	36	20	12	8	5	3	2	1	
6008	22931	1800	2200	10	20	40	60	90	100	130	160	190	230	100	60	36	20	12	8	5	3	2	1	
6009	22931	2200	9999	10	20	50	70	110	140	180	220	260	310	100	60	36	20	12	8	5	3	2	1	
6010	22932	1	1800	10	20	30	40	50	60	70	80	90	100	100	60	36	20	12	8	5	3	2	1	
6011	22932	1800	2200	10	20	40	60	90	100	130	160	190	230	100	60	36	20	12	8	5	3	2	1	
6012	22932	2200	9999	10	20	50	70	110	140	180	220	260	310	100	60	36	20	12	8	5	3	2	1	
6013	22939	1	1800	10	20	30	40	50	60	70	80	90	100	100	60	36	20	12	8	5	3	2	1	
6014	22939	1800	2200	10	20	40	60	90	100	130	160	190	230	100	60	36	20	12	8	5	3	2	1	
6015	22939	2200	9999	10	20	50	70	110	140	180	220	260	310	100	60	36	20	12	8	5	3	2	1	
6016	22941	1	1800	10	20	30	40	50	60	70	80	90	100	100	60	36	20	12	8	5	3	2	1	
6017	22941	1800	2200	10	20	40	60	90	100	130	160	190	230	100	60	36	20	12	8	5	3	2	1	
6018	22941	2200	9999	10	20	50	70	110	140	180	220	260	310	100	60	36	20	12	8	5	3	2	1	
6019	22942	1	1800	10	20	30	40	50	60	70	80	90	100	100	60	36	20	12	8	5	3	2	1	
6020	22942	1800	2200	10	20	40	60	90	100	130	160	190	230	100	60	36	20	12	8	5	3	2	1	
6021	22942	2200	9999	10	20	50	70	110	140	180	220	260	310	100	60	36	20	12	8	5	3	2	1	
6022	22949	1	1800	10	20	30	40	50	60	70	80	90	100	100	60	36	20	12	8	5	3	2	1	
6023	22949	1800	2200	10	20	40	60	90	100	130	160	190	230	100	60	36	20	12	8	5	3	2	1	
6024	22949	2200	9999	10	20	50	70	110	140	180	220	260	310	100	60	36	20	12	8	5	3	2	1	
6025	22951	1	1800	10	20	30	40	50	60	70	80	90	100	100	60	36	20	12	8	5	3	2	1	
6026	22951	1800	2200	10	20	40	60	90	100	130	160	190	230	100	60	36	20	12	8	5	3	2	1	
6027	22951	2200	9999	10	20	50	70	110	140	180	220	260	310	100	60	36	20	12	8	5	3	2	1	
6028	22952	1	1800	10	20	30	40	50	60	70	80	90	100	100	60	36	20	12	8	5	3	2	1	
6029	22952	1800	2200	10	20	40	60	90	100	130	160	190	230	100	60	36	20	12	8	5	3	2	1	
6030	22952	2200	9999	10	20	50	70	110	140	180	220	260	310	100	60	36	20	12	8	5	3	2	1	
6031	22953	1	1800	10	20	30	40	50	60	70	80	90	100	100	60	36	20	12	8	5	3	2	1	
6032	22953	1800	2200	10	20	40	60	90	100	130	160	190	230	100	60	36	20	12	8	5	3	2	1	
6033	22953	2200	9999	10	20	50	70	110	140	180	220	260	310	100	60	36	20	12	8	5	3	2	1	
6034	22959	1	1800	10	20	30	40	50	60	70	80	90	100	100	60	36	20	12	8	5	3	2	1	
6035	22959	1800	2200	10	20	40	60	90	100	130	160	190	230	100	60	36	20	12	8	5	3	2	1	
6036	22959	2200	9999	10	20	50	70	110	140	180	220	260	310	100	60	36	20	12	8	5	3	2	1	
6037	22961	1	1800	10	20	30	40	50	60	70	80	90	100	100	60	36	20	12	8	5	3	2	1	
6038	22961	1800	2200	10	20	40	60	90	100	130	160	190	230	100	60	36	20	12	8	5	3	2	1	
6039	22961	2200	9999	10	20	50	70	110	140	180	220	260	310	100	60	36	20	12	8	5	3	2	1	
6040	22962	1	1800	10	20	30	40	50	60	70	80	90	100	100	60	36	20	12	8	5	3	2	1	
6041	22962	1800	2200	10	20	40	60	90	100	130	160	190	230	100	60	36	20	12	8	5	3	2	1	
6042	22962	2200	9999	10	20	50	70	110	140	180	220	260	310	100	60	36	20	12	8	5	3	2	1	
6043	22963	1	1800	10	20	30	40	50	60	70	80	90	100	100	60	36	20	12	8	5	3	2	1	
6044	22963	1800	2200	10	20	40	60	90	100	130	160	190	230	100	60	36	20	12	8	5	3	2	1	
6045	22963	2200	9999	10	20	50	70	110	140	180	220	260	310	100	60	36	20	12	8	5	3	2	1	
6046	22964	1	1800	10	20	30	40	50	60	70	80	90	100	100	60	36	20	12	8	5	3	2	1	
6047	22964	1800	2200	10	20	40	60	90	100	130	160	190	230	100	60	36	20	12	8	5	3	2	1	
6048	22964	2200	9999	10	20	50	70	110	140	180	220	260	310	100	60	36	20	12	8	5	3	2	1	
6049	22969	1	1800	10	20	30	40	50	60	70	80	90	100	100	60	36	20	12	8	5	3	2	1	
6050	22969	1800	2200	10	20	40	60	90	100	130	160	190	230	100	60	36	20	12	8	5	3	2	1	
6051	22969	2200	9999	10	20	50	70	110	140	180	220	260	310	100	60	36	20	12	8	5	3	2	1	
6052	22971	1	1800	10	20	30	40	50	60	70	80	90	100	100	60	36	20	12	8	5	3	2	1	
6053	22971	1800	2200	10	20	40	60	90	100	130	160	190	230	100	60	36	20	12	8	5	3	2	1	
6054	22971	2200	9999	10	20	50	70	110	140	180	220	260	310	100	60	36	20	12	8	5	3	2	1	
6055	22972	1	1800	10	20	30	40	50	60	70	80	90	100	100	60	36	20	12	8	5	3	2	1	
6056	22972	1800	2200	10	20	40	60	90	100	130	160	190	230	100	60	36	20	12	8	5	3	2	1	
6057	22972	2200	9999	10	20	50	70	110	140	180	220	260	310	100	60	36	20	12	8	5	3	2	1	
6058	22973	1	1800	10	20	30	40	50	60	70	80	90	100	100	60	36	20	12	8	5	3	2	1	
6059	22973	1800	2200	10	20	40	60	90	100	130	160	190	230	100	60	36	20	12	8	5	3	2	1	
6060	22973	2200	9999	10	20	50	70	110	140	180	220	260	310	100	60	36	20	12	8	5	3	2	1	
6061	22974	1	1800	10	20	30	40	50	60	70	80	90	100	100	60	36	20	12	8	5	3	2	1	
6062	22974	1800	2200	10	20	40	60	90	100	130	160	190	230	100	60	36	20	12	8	5	3	2	1	
6063	22974	2200	9999	10	20	50	70	110	140	180	220	260	310	100	60	36	20	12	8	5	3	2	1	
6064	22975	1	1800	10	20	30	40	50	60	70	80	90	100	100	60	36	20	12	8	5	3	2	1	
6065	22975	1800	2200	10	20	40	60	90	100	130	160	190	230	100	60	36	20	12	8	5	3	2	1	
6066	22975	2200	9999	10	20	50	70	110	140	180	220	260	310	100	60	36	20	12	8	5	3	2	1	
6067	22979	1	1800	10	20	30	40	50	60	70	80	90	100	100	60	36	20	12	8	5	3	2	1	
6068	22979	1800	2200	10	20	40	60	90	100	130	160	190	230	100	60	36	20	12	8	5	3	2	1	
6069	22979	2200	9999	10	20	50	70	110	140	180	220	260	310	100	60	36	20	12	8	5	3	2	1	
6070	22981	1	1800	10	20	30	40	50	60	70	80	90	100	100	60	36	20	12	8	5	3	2	1	
6071	22981	1800	2200	10	20	40	60	90	100	130	160	190	230	100	60	36	20	12	8	5	3	2	1	
6072	22981	2200	9999	10	20	50	70	110	140	180	220	260	310	100	60	36	20	12	8	5	3	2	1	
6073	22982	1	1800	10	20	30	40	50	60	70	80	90	100	100	60	36	20	12	8	5	3	2	1	
6074	22982	1800	2200	10	20	40	60	90	100	130	160	190	230	100	60	36	20	12	8	5	3	2	1	
6075	22982	2200	9999	10	20	50	70	110	140	180	220	260	310	100	60	36	20	12	8	5	3	2	1	
6076	22983	1	1800	10	20	30	40	50	60	70	80	90	100	100	60	36	20	12	8	5	3	2	1	
6077	22983	1800	2200	10	20	40	60	90	100	130	160	190	230	100	60	36	20	12	8	5	3	2	1	
6078	22983	2200	9999	10	20	50	70	110	140	180	220	260	310	100	60	36	20	12	8	5	3	2	1	
6079	22984	1	1800	10	20	30	40	50	60	70	80	90	100	100	60	36	20	12	8	5	3	2	1	
6080	22984	1800	2200	10	20	40	60	90	100	130	160	190	230	100	60	36	20	12	8	5	3	2	1	
6081	22984	2200	9999	10	20	50	70	110	140	180	220	260	310	100	60	36	20	12	8	5	3	2	1	
6082	22985	1	1800	10	20	30	40	50	60	70	80	90	100	100	60	36	20	12	8	5	3	2	1	
6083	22985	1800	2200	10	20	40	60	90	100	130	160	190	230	100	60	36	20	12	8	5	3	2	1	
6084	22985	2200	9999	10	20	50	70	110	140	180	220	260	310	100	60	36	20	12	8	5	3	2	1	
6085	22986	1	1800	10	20	30	40	50	60	70	80	90	100	100	60	36	20	12	8	5	3	2	1	
6086	22986	1800	2200	10	20	40	60	90	100	130	160	190	230	100	60	36	20	12	8	5	3	2	1	
6087	22986	2200	9999	10	20	50	70	110	140	180	220	260	310	100	60	36	20	12	8	5	3	2	1	
6088	22989	1	1800	10	20	30	40	50	60	70	80	90	100	100	60	36	20	12	8	5	3	2	1	
6089	22989	1800	2200	10	20	40	60	90	100	130	160	190	230	100	60	36	20	12	8	5	3	2	1	
6090	22989	2200	9999	10	20	50	70	110	140	180	220	260	310	100	60	36	20	12	8	5	3	2	1	
6091	22991	1	1800	10	20	30	40	50	60	70	80	90	100	100	60	36	20	12	8	5	3	2	1	
6092	22991	1800	2200	10	20	40	60	90	100	130	160	190	230	100	60	36	20	12	8	5	3	2	1	
6093	22991	2200	9999	10	20	50	70	110	140	180	220	260	310	100	60	36	20	12	8	5	3	2	1	
6094	22992	1	1800	10	20	30	40	50	60	70	80	90	100	100	60	36	20	12	8	5	3	2	1	
6095	22992	1800	2200	10	20	40	60	90	100	130	160	190	230	100	60	36	20	12	8	5	3	2	1	
6096	22992	2200	9999	10	20	50	70	110	140	180	220	260	310	100	60	36	20	12	8	5	3	2	1	
6097	22993	1	1800	10	20	30	40	50	60	70	80	90	100	100	60	36	20	12	8	5	3	2	1	
6098	22993	1800	2200	10	20	40	60	90	100	130	160	190	230	100	60	36	20	12	8	5	3	2	1	
6099	22993	2200	9999	10	20	50	70	110	140	180	220	260	310	100	60	36	20	12	8	5	3	2	1	
6100	22994	1	1800	10	20	30	40	50	60	70	80	90	100	100	60	36	20	12	8	5	3	2	1	
6101	22994	1800	2200	10	20	40	60	90	100	130	160	190	230	100	60	36	20	12	8	5	3	2	1	
6102	22994	2200	9999	10	20	50	70	110	140	180	220	260	310	100	60	36	20	12	8	5	3	2	1	
6103	22995	1	1800	10	20	30	40	50	60	70	80	90	100	100	60	36	20	12	8	5	3	2	1	
6104	22995	1800	2200	10	20	40	60	90	100	130	160	190	230	100	60	36	20	12	8	5	3	2	1	
6105	22995	2200	9999	10	20	50	70	110	140	180	220	260	310	100	60	36	20	12	8	5	3	2	1	
6106	22996	1	1800	10	20	30	40	50	60	70	80	90	100	100	60	36	20	12	8	5	3	2	1	
6107	22996	1800	2200	10	20	40	60	90	100	130	160	190	230	100	60	36	20	12	8	5	3	2	1	
6108	22996	2200	9999	10	20	50	70	110	140	180	220	260	310	100	60	36	20	12	8	5	3	2	1	
6109	22997	1	1800	10	20	30	40	50	60	70	80	90	100	100	60	36	20	12	8	5	3	2	1	
6110	22997	1800	2200	10	20	40	60	90	100	130	160	190	230	100	60	36	20	12	8	5	3	2	1	
6111	22997	2200	9999	10	20	50	70	110	140	180	220	260	310	100	60	36	20	12	8	5	3	2	1	
6112	22999	1	1800	10	20	30	40	50	60	70	80	90	100	100	60	36	20	12	8	5	3	2	1	
6113	22999	1800	2200	10	20	40	60	90	100	130	160	190	230	100	60	36	20	12	8	5	3	2	1	
6114	22999	2200	9999	10	20	50	70	110	140	180	220	260	310	100	60	36	20	12	8	5	3	2	1	
6115	23001	1	1800	10	20	30	40	50	60	70	80	90	100	100	60	36	20	12	8	5	3	2	1	
6116	23001	1800	2200	10	20	40	60	90	100	130	160	190	230	100	60	36	20	12	8	5	3	2	1	
6117	23001	2200	9999	10	20	50	70	110	140	180	220	260	310	100	60	36	20	12	8	5	3	2	1	
6118	23002	1	1800	10	20	30	40	50	60	70	80	90	100	100	60	36	20	12	8	5	3	2	1	
6119	23002	1800	2200	10	20	40	60	90	100	130	160	190	230	100	60	36	20	12	8	5	3	2	1	
6120	23002	2200	9999	10	20	50	70	110	140	180	220	260	310	100	60	36	20	12	8	5	3	2	1	
6121	23003	1	1800	10	20	30	40	50	60	70	80	90	100	100	60	36	20	12	8	5	3	2	1	
6122	23003	1800	2200	10	20	40	60	90	100	130	160	190	230	100	60	36	20	12	8	5	3	2	1	
6123	23003	2200	9999	10	20	50	70	110	140	180	220	260	310	100	60	36	20	12	8	5	3	2	1	
6124	23004	1	1800	10	20	30	40	50	60	70	80	90	100	100	60	36	20	12	8	5	3	2	1	
6125	23004	1800	2200	10	20	40	60	90	100	130	160	190	230	100	60	36	20	12	8	5	3	2	1	
6126	23004	2200	9999	10	20	50	70	110	140	180	220	260	310	100	60	36	20	12	8	5	3	2	1	
6127	23005	1	1800	10	20	30	40	50	60	70	80	90	100	100	60	36	20	12	8	5	3	2	1	
6128	23005	1800	2200	10	20	40	60	90	100	130	160	190	230	100	60	36	20	12	8	5	3	2	1	
6129	23005	2200	9999	10	20	50	70	110	140	180	220	260	310	100	60	36	20	12	8	5	3	2	1	
6130	23006	1	1800	10	20	30	40	50	60	70	80	90	100	100	60	36	20	12	8	5	3	2	1	
6131	23006	1800	2200	10	20	40	60	90	100	130	160	190	230	100	60	36	20	12	8	5	3	2	1	
6132	23006	2200	9999	10	20	50	70	110	140	180	220	260	310	100	60	36	20	12	8	5	3	2	1	
6133	23007	1	1800	10	20	30	40	50	60	70	80	90	100	100	60	36	20	12	8	5	3	2	1	
6134	23007	1800	2200	10	20	40	60	90	100	130	160	190	230	100	60	36	20	12	8	5	3	2	1	
6135	23007	2200	9999	10	20	50	70	110	140	180	220	260	310	100	60	36	20	12	8	5	3	2	1	
6136	23008	1	1800	10	20	30	40	50	60	70	80	90	100	100	60	36	20	12	8	5	3	2	1	
6137	23008	1800	2200	10	20	40	60	90	100	130	160	190	230	100	60	36	20	12	8	5	3	2	1	
6138	23008	2200	9999	10	20	50	70	110	140	180	220	260	310	100	60	36	20	12	8	5	3	2	1	
6139	23009	1	1800	10	20	30	40	50	60	70	80	90	100	100	60	36	20	12	8	5	3	2	1	
6140	23009	1800	2200	10	20	40	60	90	100	130	160	190	230	100	60	36	20	12	8	5	3	2	1	
6141	23009	2200	9999	10	20	50	70	110	140	180	220	260	310	100	60	36	20	12	8	5	3	2	1	
6142	25001	1	1800	10	20	30	40	50	60	70	80	90	100	100	60	36	20	12	8	5	3	2	1	
6143	25001	1800	2200	10	20	40	60	90	100	130	160	190	230	100	60	36	20	12	8	5	3	2	1	
6144	25001	2200	9999	10	20	50	70	110	140	180	220	260	310	100	60	36	20	12	8	5	3	2	1	
6145	25011	1	1800	10	20	30	40	50	60	70	80	90	100	100	60	36	20	12	8	5	3	2	1	
6146	25011	1800	2200	10	20	40	60	90	100	130	160	190	230	100	60	36	20	12	8	5	3	2	1	
6147	25011	2200	9999	10	20	50	70	110	140	180	220	260	310	100	60	36	20	12	8	5	3	2	1	
6148	25021	1	1800	10	20	30	40	50	60	70	80	90	100	100	60	36	20	12	8	5	3	2	1	
6149	25021	1800	2200	10	20	40	60	90	100	130	160	190	230	100	60	36	20	12	8	5	3	2	1	
6150	25021	2200	9999	10	20	50	70	110	140	180	220	260	310	100	60	36	20	12	8	5	3	2	1	
6151	25031	1	1800	10	20	30	40	50	60	70	80	90	100	100	60	36	20	12	8	5	3	2	1	
6152	25031	1800	2200	10	20	40	60	90	100	130	160	190	230	100	60	36	20	12	8	5	3	2	1	
6153	25031	2200	9999	10	20	50	70	110	140	180	220	260	310	100	60	36	20	12	8	5	3	2	1	
6154	25041	1	1800	10	20	30	40	50	60	70	80	90	100	100	60	36	20	12	8	5	3	2	1	
6155	25041	1800	2200	10	20	40	60	90	100	130	160	190	230	100	60	36	20	12	8	5	3	2	1	
6156	25041	2200	9999	10	20	50	70	110	140	180	220	260	310	100	60	36	20	12	8	5	3	2	1	
6157	25051	1	1800	10	20	30	40	50	60	70	80	90	100	100	60	36	20	12	8	5	3	2	1	
6158	25051	1800	2200	10	20	40	60	90	100	130	160	190	230	100	60	36	20	12	8	5	3	2	1	
6159	25051	2200	9999	10	20	50	70	110	140	180	220	260	310	100	60	36	20	12	8	5	3	2	1	
6160	25061	1	1800	10	20	30	40	50	60	70	80	90	100	100	60	36	20	12	8	5	3	2	1	
6161	25061	1800	2200	10	20	40	60	90	100	130	160	190	230	100	60	36	20	12	8	5	3	2	1	
6162	25061	2200	9999	10	20	50	70	110	140	180	220	260	310	100	60	36	20	12	8	5	3	2	1	
6163	25071	1	1800	10	20	30	40	50	60	70	80	90	100	100	60	36	20	12	8	5	3	2	1	
6164	25071	1800	2200	10	20	40	60	90	100	130	160	190	230	100	60	36	20	12	8	5	3	2	1	
6165	25071	2200	9999	10	20	50	70	110	140	180	220	260	310	100	60	36	20	12	8	5	3	2	1	
6166	25081	1	1800	10	20	30	40	50	60	70	80	90	100	100	60	36	20	12	8	5	3	2	1	
6167	25081	1800	2200	10	20	40	60	90	100	130	160	190	230	100	60	36	20	12	8	5	3	2	1	
6168	25081	2200	9999	10	20	50	70	110	140	180	220	260	310	100	60	36	20	12	8	5	3	2	1	
6169	25091	1	1800	10	20	30	40	50	60	70	80	90	100	100	60	36	20	12	8	5	3	2	1	
6170	25091	1800	2200	10	20	40	60	90	100	130	160	190	230	100	60	36	20	12	8	5	3	2	1	
6171	25091	2200	9999	10	20	50	70	110	140	180	220	260	310	100	60	36	20	12	8	5	3	2	1	
6172	25101	1	1800	10	20	30	40	50	60	70	80	90	100	100	60	36	20	12	8	5	3	2	1	
6173	25101	1800	2200	10	20	40	60	90	100	130	160	190	230	100	60	36	20	12	8	5	3	2	1	
6174	25101	2200	9999	10	20	50	70	110	140	180	220	260	310	100	60	36	20	12	8	5	3	2	1	
6175	25111	1	1800	10	20	30	40	50	60	70	80	90	100	100	60	36	20	12	8	5	3	2	1	
6176	25111	1800	2200	10	20	40	60	90	100	130	160	190	230	100	60	36	20	12	8	5	3	2	1	
6177	25111	2200	9999	10	20	50	70	110	140	180	220	260	310	100	60	36	20	12	8	5	3	2	1	
6178	25121	1	1800	10	20	30	40	50	60	70	80	90	100	100	60	36	20	12	8	5	3	2	1	
6179	25121	1800	2200	10	20	40	60	90	100	130	160	190	230	100	60	36	20	12	8	5	3	2	1	
6180	25121	2200	9999	10	20	50	70	110	140	180	220	260	310	100	60	36	20	12	8	5	3	2	1	
6181	25131	1	1800	10	20	30	40	50	60	70	80	90	100	100	60	36	20	12	8	5	3	2	1	
6182	25131	1800	2200	10	20	40	60	90	100	130	160	190	230	100	60	36	20	12	8	5	3	2	1	
6183	25131	2200	9999	10	20	50	70	110	140	180	220	260	310	100	60	36	20	12	8	5	3	2	1	
6184	25141	1	1800	10	20	30	40	50	60	70	80	90	100	100	60	36	20	12	8	5	3	2	1	
6185	25141	1800	2200	10	20	40	60	90	100	130	160	190	230	100	60	36	20	12	8	5	3	2	1	
6186	25141	2200	9999	10	20	50	70	110	140	180	220	260	310	100	60	36	20	12	8	5	3	2	1	
6187	25151	1	1800	10	20	30	40	50	60	70	80	90	100	100	60	36	20	12	8	5	3	2	1	
6188	25151	1800	2200	10	20	40	60	90	100	130	160	190	230	100	60	36	20	12	8	5	3	2	1	
6189	25151	2200	9999	10	20	50	70	110	140	180	220	260	310	100	60	36	20	12	8	5	3	2	1	
6190	25161	1	1800	10	20	30	40	50	60	70	80	90	100	100	60	36	20	12	8	5	3	2	1	
6191	25161	1800	2200	10	20	40	60	90	100	130	160	190	230	100	60	36	20	12	8	5	3	2	1	
6192	25161	2200	9999	10	20	50	70	110	140	180	220	260	310	100	60	36	20	12	8	5	3	2	1	
6193	25171	1	1800	10	20	30	40	50	60	70	80	90	100	100	60	36	20	12	8	5	3	2	1	
6194	25171	1800	2200	10	20	40	60	90	100	130	160	190	230	100	60	36	20	12	8	5	3	2	1	
6195	25171	2200	9999	10	20	50	70	110	140	180	220	260	310	100	60	36	20	12	8	5	3	2	1	
6196	25181	1	1800	10	20	30	40	50	60	70	80	90	100	100	60	36	20	12	8	5	3	2	1	
6197	25181	1800	2200	10	20	40	60	90	100	130	160	190	230	100	60	36	20	12	8	5	3	2	1	
6198	25181	2200	9999	10	20	50	70	110	140	180	220	260	310	100	60	36	20	12	8	5	3	2	1	
6199	25191	1	1800	10	20	30	40	50	60	70	80	90	100	100	60	36	20	12	8	5	3	2	1	
6200	25191	1800	2200	10	20	40	60	90	100	130	160	190	230	100	60	36	20	12	8	5	3	2	1	
6201	25191	2200	9999	10	20	50	70	110	140	180	220	260	310	100	60	36	20	12	8	5	3	2	1	
6202	25201	1	1800	10	20	30	40	50	60	70	80	90	100	100	60	36	20	12	8	5	3	2	1	
6203	25201	1800	2200	10	20	40	60	90	100	130	160	190	230	100	60	36	20	12	8	5	3	2	1	
6204	25201	2200	9999	10	20	50	70	110	140	180	220	260	310	100	60	36	20	12	8	5	3	2	1	
6205	25211	1	1800	10	20	30	40	50	60	70	80	90	100	100	60	36	20	12	8	5	3	2	1	
6206	25211	1800	2200	10	20	40	60	90	100	130	160	190	230	100	60	36	20	12	8	5	3	2	1	
6207	25211	2200	9999	10	20	50	70	110	140	180	220	260	310	100	60	36	20	12	8	5	3	2	1	
6208	25221	1	1800	10	20	30	40	50	60	70	80	90	100	100	60	36	20	12	8	5	3	2	1	
6209	25221	1800	2200	10	20	40	60	90	100	130	160	190	230	100	60	36	20	12	8	5	3	2	1	
6210	25221	2200	9999	10	20	50	70	110	140	180	220	260	310	100	60	36	20	12	8	5	3	2	1	
6211	25231	1	1800	10	20	30	40	50	60	70	80	90	100	100	60	36	20	12	8	5	3	2	1	
6212	25231	1800	2200	10	20	40	60	90	100	130	160	190	230	100	60	36	20	12	8	5	3	2	1	
6213	25231	2200	9999	10	20	50	70	110	140	180	220	260	310	100	60	36	20	12	8	5	3	2	1	
6214	25241	1	1800	10	20	30	40	50	60	70	80	90	100	100	60	36	20	12	8	5	3	2	1	
6215	25241	1800	2200	10	20	40	60	90	100	130	160	190	230	100	60	36	20	12	8	5	3	2	1	
6216	25241	2200	9999	10	20	50	70	110	140	180	220	260	310	100	60	36	20	12	8	5	3	2	1	
6217	25251	1	1800	10	20	30	40	60	70	80	90	100	120	100	60	36	20	12	8	5	3	2	1	
6218	25251	1800	2200	10	20	40	70	100	110	140	170	200	250	100	60	36	20	12	8	5	3	2	1	
6219	25251	2200	9999	10	30	50	70	120	150	200	240	280	340	100	60	36	20	12	8	5	3	2	1	
6220	25261	1	1800	10	20	30	40	60	70	80	90	100	120	100	60	36	20	12	8	5	3	2	1	
6221	25261	1800	2200	10	20	40	70	100	110	140	170	200	250	100	60	36	20	12	8	5	3	2	1	
6222	25261	2200	9999	10	30	50	70	120	150	200	240	280	340	100	60	36	20	12	8	5	3	2	1	
6223	25271	1	1800	10	20	30	40	50	60	70	80	90	100	100	60	36	20	12	8	5	3	2	1	
6224	25271	1800	2200	10	20	40	60	90	100	130	160	190	230	100	60	36	20	12	8	5	3	2	1	
6225	25271	2200	9999	10	20	50	70	110	140	180	220	260	310	100	60	36	20	12	8	5	3	2	1	
6226	25281	1	1800	10	20	30	40	50	60	70	80	90	100	100	60	36	20	12	8	5	3	2	1	
6227	25281	1800	2200	10	20	40	60	90	100	130	160	190	230	100	60	36	20	12	8	5	3	2	1	
6228	25281	2200	9999	10	20	50	70	110	140	180	220	260	310	100	60	36	20	12	8	5	3	2	1	
6229	25291	1	1800	10	20	30	40	50	60	70	80	90	100	100	60	36	20	12	8	5	3	2	1	
6230	25291	1800	2200	10	20	40	60	90	100	130	160	190	230	100	60	36	20	12	8	5	3	2	1	
6231	25291	2200	9999	10	20	50	70	110	140	180	220	260	310	100	60	36	20	12	8	5	3	2	1	
6232	25301	1	1800	10	20	30	40	50	60	70	80	90	100	100	60	36	20	12	8	5	3	2	1	
6233	25301	1800	2200	10	20	40	60	90	100	130	160	190	230	100	60	36	20	12	8	5	3	2	1	
6234	25301	2200	9999	10	20	50	70	110	140	180	220	260	310	100	60	36	20	12	8	5	3	2	1	
6235	25311	1	1800	10	20	30	40	50	60	70	80	90	100	100	60	36	20	12	8	5	3	2	1	
6236	25311	1800	2200	10	20	40	60	90	100	130	160	190	230	100	60	36	20	12	8	5	3	2	1	
6237	25311	2200	9999	10	20	50	70	110	140	180	220	260	310	100	60	36	20	12	8	5	3	2	1	
6238	25321	1	1800	10	20	30	40	50	60	70	80	90	100	100	60	36	20	12	8	5	3	2	1	
6239	25321	1800	2200	10	20	40	60	90	100	130	160	190	230	100	60	36	20	12	8	5	3	2	1	
6240	25321	2200	9999	10	20	50	70	110	140	180	220	260	310	100	60	36	20	12	8	5	3	2	1	
6241	25331	1	1800	10	20	30	40	50	60	70	80	90	100	100	60	36	20	12	8	5	3	2	1	
6242	25331	1800	2200	10	20	40	60	90	100	130	160	190	230	100	60	36	20	12	8	5	3	2	1	
6243	25331	2200	9999	10	20	50	70	110	140	180	220	260	310	100	60	36	20	12	8	5	3	2	1	
6244	25341	1	1800	10	20	30	40	50	60	70	80	90	100	100	60	36	20	12	8	5	3	2	1	
6245	25341	1800	2200	10	20	40	60	90	100	130	160	190	230	100	60	36	20	12	8	5	3	2	1	
6246	25341	2200	9999	10	20	50	70	110	140	180	220	260	310	100	60	36	20	12	8	5	3	2	1	
6247	25351	1	1800	10	20	30	40	50	60	70	80	90	100	100	60	36	20	12	8	5	3	2	1	
6248	25351	1800	2200	10	20	40	60	90	100	130	160	190	230	100	60	36	20	12	8	5	3	2	1	
6249	25351	2200	9999	10	20	50	70	110	140	180	220	260	310	100	60	36	20	12	8	5	3	2	1	
6250	25361	1	1800	10	20	30	40	50	60	70	80	90	100	100	60	36	20	12	8	5	3	2	1	
6251	25361	1800	2200	10	20	40	60	90	100	130	160	190	230	100	60	36	20	12	8	5	3	2	1	
6252	25361	2200	9999	10	20	50	70	110	140	180	220	260	310	100	60	36	20	12	8	5	3	2	1	
6253	25371	1	1800	10	20	30	40	50	60	70	80	90	100	100	60	36	20	12	8	5	3	2	1	
6254	25371	1800	2200	10	20	40	60	90	100	130	160	190	230	100	60	36	20	12	8	5	3	2	1	
6255	25371	2200	9999	10	20	50	70	110	140	180	220	260	310	100	60	36	20	12	8	5	3	2	1	
6256	25381	1	1800	10	20	30	40	50	60	70	80	90	100	100	60	36	20	12	8	5	3	2	1	
6257	25381	1800	2200	10	20	40	60	90	100	130	160	190	230	100	60	36	20	12	8	5	3	2	1	
6258	25381	2200	9999	10	20	50	70	110	140	180	220	260	310	100	60	36	20	12	8	5	3	2	1	
6259	25391	1	1800	10	20	30	40	50	60	70	80	90	100	100	60	36	20	12	8	5	3	2	1	
6260	25391	1800	2200	10	20	40	60	90	100	130	160	190	230	100	60	36	20	12	8	5	3	2	1	
6261	25391	2200	9999	10	20	50	70	110	140	180	220	260	310	100	60	36	20	12	8	5	3	2	1	
6262	25401	1	1800	10	20	30	40	50	60	70	80	90	100	100	60	36	20	12	8	5	3	2	1	
6263	25401	1800	2200	10	20	40	60	90	100	130	160	190	230	100	60	36	20	12	8	5	3	2	1	
6264	25401	2200	9999	10	20	50	70	110	140	180	220	260	310	100	60	36	20	12	8	5	3	2	1	
6265	25411	1	1800	10	20	30	40	50	60	70	80	90	100	100	60	36	20	12	8	5	3	2	1	
6266	25411	1800	2200	10	20	40	60	90	100	130	160	190	230	100	60	36	20	12	8	5	3	2	1	
6267	25411	2200	9999	10	20	50	70	110	140	180	220	260	310	100	60	36	20	12	8	5	3	2	1	
6268	25421	1	1800	10	20	30	40	50	60	70	80	90	100	100	60	36	20	12	8	5	3	2	1	
6269	25421	1800	2200	10	20	40	60	90	100	130	160	190	230	100	60	36	20	12	8	5	3	2	1	
6270	25421	2200	9999	10	20	50	70	110	140	180	220	260	310	100	60	36	20	12	8	5	3	2	1	
6271	25431	1	1800	10	20	30	40	50	60	70	80	90	100	100	60	36	20	12	8	5	3	2	1	
6272	25431	1800	2200	10	20	40	60	90	100	130	160	190	230	100	60	36	20	12	8	5	3	2	1	
6273	25431	2200	9999	10	20	50	70	110	140	180	220	260	310	100	60	36	20	12	8	5	3	2	1	
6274	25441	1	1800	10	20	30	40	50	60	70	80	90	100	100	60	36	20	12	8	5	3	2	1	
6275	25441	1800	2200	10	20	40	60	90	100	130	160	190	230	100	60	36	20	12	8	5	3	2	1	
6276	25441	2200	9999	10	20	50	70	110	140	180	220	260	310	100	60	36	20	12	8	5	3	2	1	
6277	25451	1	1800	10	20	30	40	50	60	70	80	90	100	100	60	36	20	12	8	5	3	2	1	
6278	25451	1800	2200	10	20	40	60	90	100	130	160	190	230	100	60	36	20	12	8	5	3	2	1	
6279	25451	2200	9999	10	20	50	70	110	140	180	220	260	310	100	60	36	20	12	8	5	3	2	1	
6280	25461	1	1800	10	20	30	40	50	60	70	80	90	100	100	60	36	20	12	8	5	3	2	1	
6281	25461	1800	2200	10	20	40	60	90	100	130	160	190	230	100	60	36	20	12	8	5	3	2	1	
6282	25461	2200	9999	10	20	50	70	110	140	180	220	260	310	100	60	36	20	12	8	5	3	2	1	
6283	25471	1	1800	10	20	30	40	50	60	70	80	90	100	100	60	36	20	12	8	5	3	2	1	
6284	25471	1800	2200	10	20	40	60	90	100	130	160	190	230	100	60	36	20	12	8	5	3	2	1	
6285	25471	2200	9999	10	20	50	70	110	140	180	220	260	310	100	60	36	20	12	8	5	3	2	1	
6286	25481	1	1800	10	20	30	40	50	60	70	80	90	100	100	60	36	20	12	8	5	3	2	1	
6287	25481	1800	2200	10	20	40	60	90	100	130	160	190	230	100	60	36	20	12	8	5	3	2	1	
6288	25481	2200	9999	10	20	50	70	110	140	180	220	260	310	100	60	36	20	12	8	5	3	2	1	
6289	25491	1	1800	10	20	30	40	50	60	70	80	90	100	100	60	36	20	12	8	5	3	2	1	
6290	25491	1800	2200	10	20	40	60	90	100	130	160	190	230	100	60	36	20	12	8	5	3	2	1	
6291	25491	2200	9999	10	20	50	70	110	140	180	220	260	310	100	60	36	20	12	8	5	3	2	1	
6292	25501	1	1800	10	20	30	40	50	60	70	80	90	100	100	60	36	20	12	8	5	3	2	1	
6293	25501	1800	2200	10	20	40	60	90	100	130	160	190	230	100	60	36	20	12	8	5	3	2	1	
6294	25501	2200	9999	10	20	50	70	110	140	180	220	260	310	100	60	36	20	12	8	5	3	2	1	
6295	25511	1	1800	10	20	30	40	50	60	70	80	90	100	100	60	36	20	12	8	5	3	2	1	
6296	25511	1800	2200	10	20	40	60	90	100	130	160	190	230	100	60	36	20	12	8	5	3	2	1	
6297	25511	2200	9999	10	20	50	70	110	140	180	220	260	310	100	60	36	20	12	8	5	3	2	1	
6298	25521	1	1800	10	20	30	40	50	60	70	80	90	100	100	60	36	20	12	8	5	3	2	1	
6299	25521	1800	2200	10	20	40	60	90	100	130	160	190	230	100	60	36	20	12	8	5	3	2	1	
6300	25521	2200	9999	10	20	50	70	110	140	180	220	260	310	100	60	36	20	12	8	5	3	2	1	
6301	25531	1	1800	10	20	30	40	50	60	70	80	90	100	100	60	36	20	12	8	5	3	2	1	
6302	25531	1800	2200	10	20	40	60	90	100	130	160	190	230	100	60	36	20	12	8	5	3	2	1	
6303	25531	2200	9999	10	20	50	70	110	140	180	220	260	310	100	60	36	20	12	8	5	3	2	1	
6304	25541	1	1800	10	20	30	40	50	60	70	80	90	100	100	60	36	20	12	8	5	3	2	1	
6305	25541	1800	2200	10	20	40	60	90	100	130	160	190	230	100	60	36	20	12	8	5	3	2	1	
6306	25541	2200	9999	10	20	50	70	110	140	180	220	260	310	100	60	36	20	12	8	5	3	2	1	
6307	25551	1	1800	10	20	30	40	50	60	70	80	90	100	100	60	36	20	12	8	5	3	2	1	
6308	25551	1800	2200	10	20	40	60	90	100	130	160	190	230	100	60	36	20	12	8	5	3	2	1	
6309	25551	2200	9999	10	20	50	70	110	140	180	220	260	310	100	60	36	20	12	8	5	3	2	1	
6310	25561	1	1800	10	20	30	40	60	70	80	90	100	120	100	60	36	20	12	8	5	3	2	1	
6311	25561	1800	2200	10	20	40	70	100	110	140	170	200	250	100	60	36	20	12	8	5	3	2	1	
6312	25561	2200	9999	10	30	50	70	120	150	200	240	280	340	100	60	36	20	12	8	5	3	2	1	
6313	25571	1	1800	10	20	30	40	60	70	80	90	100	120	100	60	36	20	12	8	5	3	2	1	
6314	25571	1800	2200	10	20	40	70	100	110	140	170	200	250	100	60	36	20	12	8	5	3	2	1	
6315	25571	2200	9999	10	30	50	70	120	150	200	240	280	340	100	60	36	20	12	8	5	3	2	1	
6316	25581	1	1800	10	20	30	40	50	60	70	80	90	100	100	60	36	20	12	8	5	3	2	1	
6317	25581	1800	2200	10	20	40	60	90	100	130	160	190	230	100	60	36	20	12	8	5	3	2	1	
6318	25581	2200	9999	10	20	50	70	110	140	180	220	260	310	100	60	36	20	12	8	5	3	2	1	
6319	25591	1	1800	10	20	30	40	50	60	70	80	90	100	100	60	36	20	12	8	5	3	2	1	
6320	25591	1800	2200	10	20	40	60	90	100	130	160	190	230	100	60	36	20	12	8	5	3	2	1	
6321	25591	2200	9999	10	20	50	70	110	140	180	220	260	310	100	60	36	20	12	8	5	3	2	1	
6322	25601	1	1800	10	20	30	40	50	60	70	80	90	100	100	60	36	20	12	8	5	3	2	1	
6323	25601	1800	2200	10	20	40	60	90	100	130	160	190	230	100	60	36	20	12	8	5	3	2	1	
6324	25601	2200	9999	10	20	50	70	110	140	180	220	260	310	100	60	36	20	12	8	5	3	2	1	
6325	25611	1	1800	10	20	30	40	50	60	70	80	90	100	100	60	36	20	12	8	5	3	2	1	
6326	25611	1800	2200	10	20	40	60	90	100	130	160	190	230	100	60	36	20	12	8	5	3	2	1	
6327	25611	2200	9999	10	20	50	70	110	140	180	220	260	310	100	60	36	20	12	8	5	3	2	1	
6328	25621	1	1800	10	20	30	40	50	60	70	80	90	100	100	60	36	20	12	8	5	3	2	1	
6329	25621	1800	2200	10	20	40	60	90	100	130	160	190	230	100	60	36	20	12	8	5	3	2	1	
6330	25621	2200	9999	10	20	50	70	110	140	180	220	260	310	100	60	36	20	12	8	5	3	2	1	
6331	25631	1	1800	10	20	30	40	50	60	70	80	90	100	100	60	36	20	12	8	5	3	2	1	
6332	25631	1800	2200	10	20	40	60	90	100	130	160	190	230	100	60	36	20	12	8	5	3	2	1	
6333	25631	2200	9999	10	20	50	70	110	140	180	220	260	310	100	60	36	20	12	8	5	3	2	1	
6334	25641	1	1800	10	20	30	40	50	60	70	80	90	100	100	60	36	20	12	8	5	3	2	1	
6335	25641	1800	2200	10	20	40	60	90	100	130	160	190	230	100	60	36	20	12	8	5	3	2	1	
6336	25641	2200	9999	10	20	50	70	110	140	180	220	260	310	100	60	36	20	12	8	5	3	2	1	
6337	25651	1	1800	10	20	30	40	50	60	70	80	90	100	100	60	36	20	12	8	5	3	2	1	
6338	25651	1800	2200	10	20	40	60	90	100	130	160	190	230	100	60	36	20	12	8	5	3	2	1	
6339	25651	2200	9999	10	20	50	70	110	140	180	220	260	310	100	60	36	20	12	8	5	3	2	1	
6340	25661	1	1800	10	20	30	40	50	60	70	80	90	100	100	60	36	20	12	8	5	3	2	1	
6341	25661	1800	2200	10	20	40	60	90	100	130	160	190	230	100	60	36	20	12	8	5	3	2	1	
6342	25661	2200	9999	10	20	50	70	110	140	180	220	260	310	100	60	36	20	12	8	5	3	2	1	
6343	25671	1	1800	10	20	30	40	50	60	70	80	90	100	100	60	36	20	12	8	5	3	2	1	
6344	25671	1800	2200	10	20	40	60	90	100	130	160	190	230	100	60	36	20	12	8	5	3	2	1	
6345	25671	2200	9999	10	20	50	70	110	140	180	220	260	310	100	60	36	20	12	8	5	3	2	1	
6346	25681	1	1800	10	20	30	40	50	60	70	80	90	100	100	60	36	20	12	8	5	3	2	1	
6347	25681	1800	2200	10	20	40	60	90	100	130	160	190	230	100	60	36	20	12	8	5	3	2	1	
6348	25681	2200	9999	10	20	50	70	110	140	180	220	260	310	100	60	36	20	12	8	5	3	2	1	
6349	25691	1	1800	10	20	30	40	50	60	70	80	90	100	100	60	36	20	12	8	5	3	2	1	
6350	25691	1800	2200	10	20	40	60	90	100	130	160	190	230	100	60	36	20	12	8	5	3	2	1	
6351	25691	2200	9999	10	20	50	70	110	140	180	220	260	310	100	60	36	20	12	8	5	3	2	1	
6352	25701	1	1800	10	20	30	40	50	60	70	80	90	100	100	60	36	20	12	8	5	3	2	1	
6353	25701	1800	2200	10	20	40	60	90	100	130	160	190	230	100	60	36	20	12	8	5	3	2	1	
6354	25701	2200	9999	10	20	50	70	110	140	180	220	260	310	100	60	36	20	12	8	5	3	2	1	
6355	25711	1	1800	10	20	30	40	50	60	70	80	90	100	100	60	36	20	12	8	5	3	2	1	
6356	25711	1800	2200	10	20	40	60	90	100	130	160	190	230	100	60	36	20	12	8	5	3	2	1	
6357	25711	2200	9999	10	20	50	70	110	140	180	220	260	310	100	60	36	20	12	8	5	3	2	1	
6358	23041	1	1800	10	20	30	40	50	60	70	80	90	100	100	60	36	20	12	8	5	3	2	1	
6359	23041	1800	2200	10	20	40	60	90	100	130	160	190	230	100	60	36	20	12	8	5	3	2	1	
6360	23041	2200	9999	10	20	50	70	110	140	180	220	260	310	100	60	36	20	12	8	5	3	2	1	
6361	23042	1	1800	10	20	30	40	50	60	70	80	90	100	100	60	36	20	12	8	5	3	2	1	
6362	23042	1800	2200	10	20	40	60	90	100	130	160	190	230	100	60	36	20	12	8	5	3	2	1	
6363	23042	2200	9999	10	20	50	70	110	140	180	220	260	310	100	60	36	20	12	8	5	3	2	1	
6364	23049	1	1800	10	20	30	40	50	60	70	80	90	100	100	60	36	20	12	8	5	3	2	1	
6365	23049	1800	2200	10	20	40	60	90	100	130	160	190	230	100	60	36	20	12	8	5	3	2	1	
6366	23049	2200	9999	10	20	50	70	110	140	180	220	260	310	100	60	36	20	12	8	5	3	2	1	
6367	23051	1	1800	10	20	30	40	50	60	70	80	90	100	100	60	36	20	12	8	5	3	2	1	
6368	23051	1800	2200	10	20	40	60	90	100	130	160	190	230	100	60	36	20	12	8	5	3	2	1	
6369	23051	2200	9999	10	20	50	70	110	140	180	220	260	310	100	60	36	20	12	8	5	3	2	1	
6370	23052	1	1800	10	20	30	40	50	60	70	80	90	100	100	60	36	20	12	8	5	3	2	1	
6371	23052	1800	2200	10	20	40	60	90	100	130	160	190	230	100	60	36	20	12	8	5	3	2	1	
6372	23052	2200	9999	10	20	50	70	110	140	180	220	260	310	100	60	36	20	12	8	5	3	2	1	
6373	23053	1	1800	10	20	30	40	50	60	70	80	90	100	100	60	36	20	12	8	5	3	2	1	
6374	23053	1800	2200	10	20	40	60	90	100	130	160	190	230	100	60	36	20	12	8	5	3	2	1	
6375	23053	2200	9999	10	20	50	70	110	140	180	220	260	310	100	60	36	20	12	8	5	3	2	1	
6376	23059	1	1800	10	20	30	40	50	60	70	80	90	100	100	60	36	20	12	8	5	3	2	1	
6377	23059	1800	2200	10	20	40	60	90	100	130	160	190	230	100	60	36	20	12	8	5	3	2	1	
6378	23059	2200	9999	10	20	50	70	110	140	180	220	260	310	100	60	36	20	12	8	5	3	2	1	
6379	23061	1	1800	10	20	30	40	50	60	70	80	90	100	100	60	36	20	12	8	5	3	2	1	
6380	23061	1800	2200	10	20	40	60	90	100	130	160	190	230	100	60	36	20	12	8	5	3	2	1	
6381	23061	2200	9999	10	20	50	70	110	140	180	220	260	310	100	60	36	20	12	8	5	3	2	1	
6382	23062	1	1800	10	20	30	40	50	60	70	80	90	100	100	60	36	20	12	8	5	3	2	1	
6383	23062	1800	2200	10	20	40	60	90	100	130	160	190	230	100	60	36	20	12	8	5	3	2	1	
6384	23062	2200	9999	10	20	50	70	110	140	180	220	260	310	100	60	36	20	12	8	5	3	2	1	
6385	23063	1	1800	10	20	30	40	50	60	70	80	90	100	100	60	36	20	12	8	5	3	2	1	
6386	23063	1800	2200	10	20	40	60	90	100	130	160	190	230	100	60	36	20	12	8	5	3	2	1	
6387	23063	2200	9999	10	20	50	70	110	140	180	220	260	310	100	60	36	20	12	8	5	3	2	1	
6388	23064	1	1800	10	20	30	40	50	60	70	80	90	100	100	60	36	20	12	8	5	3	2	1	
6389	23064	1800	2200	10	20	40	60	90	100	130	160	190	230	100	60	36	20	12	8	5	3	2	1	
6390	23064	2200	9999	10	20	50	70	110	140	180	220	260	310	100	60	36	20	12	8	5	3	2	1	
6391	23069	1	1800	10	20	30	40	50	60	70	80	90	100	100	60	36	20	12	8	5	3	2	1	
6392	23069	1800	2200	10	20	40	60	90	100	130	160	190	230	100	60	36	20	12	8	5	3	2	1	
6393	23069	2200	9999	10	20	50	70	110	140	180	220	260	310	100	60	36	20	12	8	5	3	2	1	
6394	23071	1	1800	10	20	30	40	50	60	70	80	90	100	100	60	36	20	12	8	5	3	2	1	
6395	23071	1800	2200	10	20	40	60	90	100	130	160	190	230	100	60	36	20	12	8	5	3	2	1	
6396	23071	2200	9999	10	20	50	70	110	140	180	220	260	310	100	60	36	20	12	8	5	3	2	1	
6397	23072	1	1800	10	20	30	40	50	60	70	80	90	100	100	60	36	20	12	8	5	3	2	1	
6398	23072	1800	2200	10	20	40	60	90	100	130	160	190	230	100	60	36	20	12	8	5	3	2	1	
6399	23072	2200	9999	10	20	50	70	110	140	180	220	260	310	100	60	36	20	12	8	5	3	2	1	
6400	23073	1	1800	10	20	30	40	50	60	70	80	90	100	100	60	36	20	12	8	5	3	2	1	
6401	23073	1800	2200	10	20	40	60	90	100	130	160	190	230	100	60	36	20	12	8	5	3	2	1	
6402	23073	2200	9999	10	20	50	70	110	140	180	220	260	310	100	60	36	20	12	8	5	3	2	1	
6403	23074	1	1800	10	20	30	40	50	60	70	80	90	100	100	60	36	20	12	8	5	3	2	1	
6404	23074	1800	2200	10	20	40	60	90	100	130	160	190	230	100	60	36	20	12	8	5	3	2	1	
6405	23074	2200	9999	10	20	50	70	110	140	180	220	260	310	100	60	36	20	12	8	5	3	2	1	
6406	23075	1	1800	10	20	30	40	50	60	70	80	90	100	100	60	36	20	12	8	5	3	2	1	
6407	23075	1800	2200	10	20	40	60	90	100	130	160	190	230	100	60	36	20	12	8	5	3	2	1	
6408	23075	2200	9999	10	20	50	70	110	140	180	220	260	310	100	60	36	20	12	8	5	3	2	1	
6409	23079	1	1800	10	20	30	40	50	60	70	80	90	100	100	60	36	20	12	8	5	3	2	1	
6410	23079	1800	2200	10	20	40	60	90	100	130	160	190	230	100	60	36	20	12	8	5	3	2	1	
6411	23079	2200	9999	10	20	50	70	110	140	180	220	260	310	100	60	36	20	12	8	5	3	2	1	
6412	23081	1	1800	10	20	30	40	50	60	70	80	90	100	100	60	36	20	12	8	5	3	2	1	
6413	23081	1800	2200	10	20	40	60	90	100	130	160	190	230	100	60	36	20	12	8	5	3	2	1	
6414	23081	2200	9999	10	20	50	70	110	140	180	220	260	310	100	60	36	20	12	8	5	3	2	1	
6415	23082	1	1800	10	20	30	40	50	60	70	80	90	100	100	60	36	20	12	8	5	3	2	1	
6416	23082	1800	2200	10	20	40	60	90	100	130	160	190	230	100	60	36	20	12	8	5	3	2	1	
6417	23082	2200	9999	10	20	50	70	110	140	180	220	260	310	100	60	36	20	12	8	5	3	2	1	
6418	23083	1	1800	10	20	30	40	50	60	70	80	90	100	100	60	36	20	12	8	5	3	2	1	
6419	23083	1800	2200	10	20	40	60	90	100	130	160	190	230	100	60	36	20	12	8	5	3	2	1	
6420	23083	2200	9999	10	20	50	70	110	140	180	220	260	310	100	60	36	20	12	8	5	3	2	1	
6421	23084	1	1800	10	20	30	40	50	60	70	80	90	100	100	60	36	20	12	8	5	3	2	1	
6422	23084	1800	2200	10	20	40	60	90	100	130	160	190	230	100	60	36	20	12	8	5	3	2	1	
6423	23084	2200	9999	10	20	50	70	110	140	180	220	260	310	100	60	36	20	12	8	5	3	2	1	
6424	23085	1	1800	10	20	30	40	50	60	70	80	90	100	100	60	36	20	12	8	5	3	2	1	
6425	23085	1800	2200	10	20	40	60	90	100	130	160	190	230	100	60	36	20	12	8	5	3	2	1	
6426	23085	2200	9999	10	20	50	70	110	140	180	220	260	310	100	60	36	20	12	8	5	3	2	1	
6427	23086	1	1800	10	20	30	40	50	60	70	80	90	100	100	60	36	20	12	8	5	3	2	1	
6428	23086	1800	2200	10	20	40	60	90	100	130	160	190	230	100	60	36	20	12	8	5	3	2	1	
6429	23086	2200	9999	10	20	50	70	110	140	180	220	260	310	100	60	36	20	12	8	5	3	2	1	
6430	23089	1	1800	10	20	30	40	50	60	70	80	90	100	100	60	36	20	12	8	5	3	2	1	
6431	23089	1800	2200	10	20	40	60	90	100	130	160	190	230	100	60	36	20	12	8	5	3	2	1	
6432	23089	2200	9999	10	20	50	70	110	140	180	220	260	310	100	60	36	20	12	8	5	3	2	1	
6433	23091	1	1800	10	20	30	40	50	60	70	80	90	100	100	60	36	20	12	8	5	3	2	1	
6434	23091	1800	2200	10	20	40	60	90	100	130	160	190	230	100	60	36	20	12	8	5	3	2	1	
6435	23091	2200	9999	10	20	50	70	110	140	180	220	260	310	100	60	36	20	12	8	5	3	2	1	
6436	23092	1	1800	10	20	30	40	50	60	70	80	90	100	100	60	36	20	12	8	5	3	2	1	
6437	23092	1800	2200	10	20	40	60	90	100	130	160	190	230	100	60	36	20	12	8	5	3	2	1	
6438	23092	2200	9999	10	20	50	70	110	140	180	220	260	310	100	60	36	20	12	8	5	3	2	1	
6439	23093	1	1800	10	20	30	40	50	60	70	80	90	100	100	60	36	20	12	8	5	3	2	1	
6440	23093	1800	2200	10	20	40	60	90	100	130	160	190	230	100	60	36	20	12	8	5	3	2	1	
6441	23093	2200	9999	10	20	50	70	110	140	180	220	260	310	100	60	36	20	12	8	5	3	2	1	
6442	23094	1	1800	10	20	30	40	50	60	70	80	90	100	100	60	36	20	12	8	5	3	2	1	
6443	23094	1800	2200	10	20	40	60	90	100	130	160	190	230	100	60	36	20	12	8	5	3	2	1	
6444	23094	2200	9999	10	20	50	70	110	140	180	220	260	310	100	60	36	20	12	8	5	3	2	1	
6445	23095	1	1800	10	20	30	40	50	60	70	80	90	100	100	60	36	20	12	8	5	3	2	1	
6446	23095	1800	2200	10	20	40	60	90	100	130	160	190	230	100	60	36	20	12	8	5	3	2	1	
6447	23095	2200	9999	10	20	50	70	110	140	180	220	260	310	100	60	36	20	12	8	5	3	2	1	
6448	23096	1	1800	10	20	30	40	50	60	70	80	90	100	100	60	36	20	12	8	5	3	2	1	
6449	23096	1800	2200	10	20	40	60	90	100	130	160	190	230	100	60	36	20	12	8	5	3	2	1	
6450	23096	2200	9999	10	20	50	70	110	140	180	220	260	310	100	60	36	20	12	8	5	3	2	1	
6451	23097	1	1800	10	20	30	40	50	60	70	80	90	100	100	60	36	20	12	8	5	3	2	1	
6452	23097	1800	2200	10	20	40	60	90	100	130	160	190	230	100	60	36	20	12	8	5	3	2	1	
6453	23097	2200	9999	10	20	50	70	110	140	180	220	260	310	100	60	36	20	12	8	5	3	2	1	
6454	23099	1	1800	10	20	30	40	50	60	70	80	90	100	100	60	36	20	12	8	5	3	2	1	
6455	23099	1800	2200	10	20	40	60	90	100	130	160	190	230	100	60	36	20	12	8	5	3	2	1	
6456	23099	2200	9999	10	20	50	70	110	140	180	220	260	310	100	60	36	20	12	8	5	3	2	1	
6457	23101	1	1800	10	20	30	40	50	60	70	80	90	100	100	60	36	20	12	8	5	3	2	1	
6458	23101	1800	2200	10	20	40	60	90	100	130	160	190	230	100	60	36	20	12	8	5	3	2	1	
6459	23101	2200	9999	10	20	50	70	110	140	180	220	260	310	100	60	36	20	12	8	5	3	2	1	
6460	23102	1	1800	10	20	30	40	50	60	70	80	90	100	100	60	36	20	12	8	5	3	2	1	
6461	23102	1800	2200	10	20	40	60	90	100	130	160	190	230	100	60	36	20	12	8	5	3	2	1	
6462	23102	2200	9999	10	20	50	70	110	140	180	220	260	310	100	60	36	20	12	8	5	3	2	1	
6463	23103	1	1800	10	20	30	40	50	60	70	80	90	100	100	60	36	20	12	8	5	3	2	1	
6464	23103	1800	2200	10	20	40	60	90	100	130	160	190	230	100	60	36	20	12	8	5	3	2	1	
6465	23103	2200	9999	10	20	50	70	110	140	180	220	260	310	100	60	36	20	12	8	5	3	2	1	
6466	23104	1	1800	10	20	30	40	50	60	70	80	90	100	100	60	36	20	12	8	5	3	2	1	
6467	23104	1800	2200	10	20	40	60	90	100	130	160	190	230	100	60	36	20	12	8	5	3	2	1	
6468	23104	2200	9999	10	20	50	70	110	140	180	220	260	310	100	60	36	20	12	8	5	3	2	1	
6469	23105	1	1800	10	20	30	40	50	60	70	80	90	100	100	60	36	20	12	8	5	3	2	1	
6470	23105	1800	2200	10	20	40	60	90	100	130	160	190	230	100	60	36	20	12	8	5	3	2	1	
6471	23105	2200	9999	10	20	50	70	110	140	180	220	260	310	100	60	36	20	12	8	5	3	2	1	
6472	23106	1	1800	10	20	30	40	50	60	70	80	90	100	100	60	36	20	12	8	5	3	2	1	
6473	23106	1800	2200	10	20	40	60	90	100	130	160	190	230	100	60	36	20	12	8	5	3	2	1	
6474	23106	2200	9999	10	20	50	70	110	140	180	220	260	310	100	60	36	20	12	8	5	3	2	1	
6475	23107	1	1800	10	20	30	40	50	60	70	80	90	100	100	60	36	20	12	8	5	3	2	1	
6476	23107	1800	2200	10	20	40	60	90	100	130	160	190	230	100	60	36	20	12	8	5	3	2	1	
6477	23107	2200	9999	10	20	50	70	110	140	180	220	260	310	100	60	36	20	12	8	5	3	2	1	
6478	23108	1	1800	10	20	30	40	50	60	70	80	90	100	100	60	36	20	12	8	5	3	2	1	
6479	23108	1800	2200	10	20	40	60	90	100	130	160	190	230	100	60	36	20	12	8	5	3	2	1	
6480	23108	2200	9999	10	20	50	70	110	140	180	220	260	310	100	60	36	20	12	8	5	3	2	1	
6481	23109	1	1800	10	20	30	40	50	60	70	80	90	100	100	60	36	20	12	8	5	3	2	1	
6482	23109	1800	2200	10	20	40	60	90	100	130	160	190	230	100	60	36	20	12	8	5	3	2	1	
6483	23109	2200	9999	10	20	50	70	110	140	180	220	260	310	100	60	36	20	12	8	5	3	2	1	
6484	25721	1	1800	10	20	30	40	50	60	70	80	90	100	100	60	36	20	12	8	5	3	2	1	
6485	25721	1800	2200	10	20	40	60	90	100	130	160	190	230	100	60	36	20	12	8	5	3	2	1	
6486	25721	2200	9999	10	20	50	70	110	140	180	220	260	310	100	60	36	20	12	8	5	3	2	1	
6487	25731	1	1800	10	20	30	40	50	60	70	80	90	100	100	60	36	20	12	8	5	3	2	1	
6488	25731	1800	2200	10	20	40	60	90	100	130	160	190	230	100	60	36	20	12	8	5	3	2	1	
6489	25731	2200	9999	10	20	50	70	110	140	180	220	260	310	100	60	36	20	12	8	5	3	2	1	
6490	23111	1	1800	10	20	30	40	50	60	70	80	90	100	100	60	36	20	12	8	5	3	2	1	
6491	23111	1800	2200	10	20	40	60	90	100	130	160	190	230	100	60	36	20	12	8	5	3	2	1	
6492	23111	2200	9999	10	20	50	70	110	140	180	220	260	310	100	60	36	20	12	8	5	3	2	1	
6493	23112	1	1800	10	20	30	40	50	60	70	80	90	100	100	60	36	20	12	8	5	3	2	1	
6494	23112	1800	2200	10	20	40	60	90	100	130	160	190	230	100	60	36	20	12	8	5	3	2	1	
6495	23112	2200	9999	10	20	50	70	110	140	180	220	260	310	100	60	36	20	12	8	5	3	2	1	
6496	23119	1	1800	10	20	30	40	50	60	70	80	90	100	100	60	36	20	12	8	5	3	2	1	
6497	23119	1800	2200	10	20	40	60	90	100	130	160	190	230	100	60	36	20	12	8	5	3	2	1	
6498	23119	2200	9999	10	20	50	70	110	140	180	220	260	310	100	60	36	20	12	8	5	3	2	1	
6499	23121	1	1800	10	20	30	40	50	60	70	80	90	100	100	60	36	20	12	8	5	3	2	1	
6500	23121	1800	2200	10	20	40	60	90	100	130	160	190	230	100	60	36	20	12	8	5	3	2	1	
6501	23121	2200	9999	10	20	50	70	110	140	180	220	260	310	100	60	36	20	12	8	5	3	2	1	
6502	23122	1	1800	10	20	30	40	50	60	70	80	90	100	100	60	36	20	12	8	5	3	2	1	
6503	23122	1800	2200	10	20	40	60	90	100	130	160	190	230	100	60	36	20	12	8	5	3	2	1	
6504	23122	2200	9999	10	20	50	70	110	140	180	220	260	310	100	60	36	20	12	8	5	3	2	1	
6505	23123	1	1800	10	20	30	40	50	60	70	80	90	100	100	60	36	20	12	8	5	3	2	1	
6506	23123	1800	2200	10	20	40	60	90	100	130	160	190	230	100	60	36	20	12	8	5	3	2	1	
6507	23123	2200	9999	10	20	50	70	110	140	180	220	260	310	100	60	36	20	12	8	5	3	2	1	
6508	23129	1	1800	10	20	30	40	50	60	70	80	90	100	100	60	36	20	12	8	5	3	2	1	
6509	23129	1800	2200	10	20	40	60	90	100	130	160	190	230	100	60	36	20	12	8	5	3	2	1	
6510	23129	2200	9999	10	20	50	70	110	140	180	220	260	310	100	60	36	20	12	8	5	3	2	1	
6511	23131	1	1800	10	20	30	40	50	60	70	80	90	100	100	60	36	20	12	8	5	3	2	1	
6512	23131	1800	2200	10	20	40	60	90	100	130	160	190	230	100	60	36	20	12	8	5	3	2	1	
6513	23131	2200	9999	10	20	50	70	110	140	180	220	260	310	100	60	36	20	12	8	5	3	2	1	
6514	23132	1	1800	10	20	30	40	50	60	70	80	90	100	100	60	36	20	12	8	5	3	2	1	
6515	23132	1800	2200	10	20	40	60	90	100	130	160	190	230	100	60	36	20	12	8	5	3	2	1	
6516	23132	2200	9999	10	20	50	70	110	140	180	220	260	310	100	60	36	20	12	8	5	3	2	1	
6517	23133	1	1800	10	20	30	40	50	60	70	80	90	100	100	60	36	20	12	8	5	3	2	1	
6518	23133	1800	2200	10	20	40	60	90	100	130	160	190	230	100	60	36	20	12	8	5	3	2	1	
6519	23133	2200	9999	10	20	50	70	110	140	180	220	260	310	100	60	36	20	12	8	5	3	2	1	
6520	23134	1	1800	10	20	30	40	50	60	70	80	90	100	100	60	36	20	12	8	5	3	2	1	
6521	23134	1800	2200	10	20	40	60	90	100	130	160	190	230	100	60	36	20	12	8	5	3	2	1	
6522	23134	2200	9999	10	20	50	70	110	140	180	220	260	310	100	60	36	20	12	8	5	3	2	1	
6523	23139	1	1800	10	20	30	40	50	60	70	80	90	100	100	60	36	20	12	8	5	3	2	1	
6524	23139	1800	2200	10	20	40	60	90	100	130	160	190	230	100	60	36	20	12	8	5	3	2	1	
6525	23139	2200	9999	10	20	50	70	110	140	180	220	260	310	100	60	36	20	12	8	5	3	2	1	
6526	23141	1	1800	10	20	30	40	50	60	70	80	90	100	100	60	36	20	12	8	5	3	2	1	
6527	23141	1800	2200	10	20	40	60	90	100	130	160	190	230	100	60	36	20	12	8	5	3	2	1	
6528	23141	2200	9999	10	20	50	70	110	140	180	220	260	310	100	60	36	20	12	8	5	3	2	1	
6529	23142	1	1800	10	20	30	40	50	60	70	80	90	100	100	60	36	20	12	8	5	3	2	1	
6530	23142	1800	2200	10	20	40	60	90	100	130	160	190	230	100	60	36	20	12	8	5	3	2	1	
6531	23142	2200	9999	10	20	50	70	110	140	180	220	260	310	100	60	36	20	12	8	5	3	2	1	
6532	23143	1	1800	10	20	30	40	50	60	70	80	90	100	100	60	36	20	12	8	5	3	2	1	
6533	23143	1800	2200	10	20	40	60	90	100	130	160	190	230	100	60	36	20	12	8	5	3	2	1	
6534	23143	2200	9999	10	20	50	70	110	140	180	220	260	310	100	60	36	20	12	8	5	3	2	1	
6535	23144	1	1800	10	20	30	40	50	60	70	80	90	100	100	60	36	20	12	8	5	3	2	1	
6536	23144	1800	2200	10	20	40	60	90	100	130	160	190	230	100	60	36	20	12	8	5	3	2	1	
6537	23144	2200	9999	10	20	50	70	110	140	180	220	260	310	100	60	36	20	12	8	5	3	2	1	
6538	23145	1	1800	10	20	30	40	50	60	70	80	90	100	100	60	36	20	12	8	5	3	2	1	
6539	23145	1800	2200	10	20	40	60	90	100	130	160	190	230	100	60	36	20	12	8	5	3	2	1	
6540	23145	2200	9999	10	20	50	70	110	140	180	220	260	310	100	60	36	20	12	8	5	3	2	1	
6541	23149	1	1800	10	20	30	40	50	60	70	80	90	100	100	60	36	20	12	8	5	3	2	1	
6542	23149	1800	2200	10	20	40	60	90	100	130	160	190	230	100	60	36	20	12	8	5	3	2	1	
6543	23149	2200	9999	10	20	50	70	110	140	180	220	260	310	100	60	36	20	12	8	5	3	2	1	
6544	23151	1	1800	10	20	30	40	50	60	70	80	90	100	100	60	36	20	12	8	5	3	2	1	
6545	23151	1800	2200	10	20	40	60	90	100	130	160	190	230	100	60	36	20	12	8	5	3	2	1	
6546	23151	2200	9999	10	20	50	70	110	140	180	220	260	310	100	60	36	20	12	8	5	3	2	1	
6547	23152	1	1800	10	20	30	40	50	60	70	80	90	100	100	60	36	20	12	8	5	3	2	1	
6548	23152	1800	2200	10	20	40	60	90	100	130	160	190	230	100	60	36	20	12	8	5	3	2	1	
6549	23152	2200	9999	10	20	50	70	110	140	180	220	260	310	100	60	36	20	12	8	5	3	2	1	
6550	23153	1	1800	10	20	30	40	50	60	70	80	90	100	100	60	36	20	12	8	5	3	2	1	
6551	23153	1800	2200	10	20	40	60	90	100	130	160	190	230	100	60	36	20	12	8	5	3	2	1	
6552	23153	2200	9999	10	20	50	70	110	140	180	220	260	310	100	60	36	20	12	8	5	3	2	1	
6553	23154	1	1800	10	20	30	40	50	60	70	80	90	100	100	60	36	20	12	8	5	3	2	1	
6554	23154	1800	2200	10	20	40	60	90	100	130	160	190	230	100	60	36	20	12	8	5	3	2	1	
6555	23154	2200	9999	10	20	50	70	110	140	180	220	260	310	100	60	36	20	12	8	5	3	2	1	
6556	23155	1	1800	10	20	30	40	50	60	70	80	90	100	100	60	36	20	12	8	5	3	2	1	
6557	23155	1800	2200	10	20	40	60	90	100	130	160	190	230	100	60	36	20	12	8	5	3	2	1	
6558	23155	2200	9999	10	20	50	70	110	140	180	220	260	310	100	60	36	20	12	8	5	3	2	1	
6559	23156	1	1800	10	20	30	40	50	60	70	80	90	100	100	60	36	20	12	8	5	3	2	1	
6560	23156	1800	2200	10	20	40	60	90	100	130	160	190	230	100	60	36	20	12	8	5	3	2	1	
6561	23156	2200	9999	10	20	50	70	110	140	180	220	260	310	100	60	36	20	12	8	5	3	2	1	
6562	23159	1	1800	10	20	30	40	50	60	70	80	90	100	100	60	36	20	12	8	5	3	2	1	
6563	23159	1800	2200	10	20	40	60	90	100	130	160	190	230	100	60	36	20	12	8	5	3	2	1	
6564	23159	2200	9999	10	20	50	70	110	140	180	220	260	310	100	60	36	20	12	8	5	3	2	1	
6565	23161	1	1800	10	20	30	40	50	60	70	80	90	100	100	60	36	20	12	8	5	3	2	1	
6566	23161	1800	2200	10	20	40	60	90	100	130	160	190	230	100	60	36	20	12	8	5	3	2	1	
6567	23161	2200	9999	10	20	50	70	110	140	180	220	260	310	100	60	36	20	12	8	5	3	2	1	
6568	23162	1	1800	10	20	30	40	50	60	70	80	90	100	100	60	36	20	12	8	5	3	2	1	
6569	23162	1800	2200	10	20	40	60	90	100	130	160	190	230	100	60	36	20	12	8	5	3	2	1	
6570	23162	2200	9999	10	20	50	70	110	140	180	220	260	310	100	60	36	20	12	8	5	3	2	1	
6571	23163	1	1800	10	20	30	40	50	60	70	80	90	100	100	60	36	20	12	8	5	3	2	1	
6572	23163	1800	2200	10	20	40	60	90	100	130	160	190	230	100	60	36	20	12	8	5	3	2	1	
6573	23163	2200	9999	10	20	50	70	110	140	180	220	260	310	100	60	36	20	12	8	5	3	2	1	
6574	23164	1	1800	10	20	30	40	50	60	70	80	90	100	100	60	36	20	12	8	5	3	2	1	
6575	23164	1800	2200	10	20	40	60	90	100	130	160	190	230	100	60	36	20	12	8	5	3	2	1	
6576	23164	2200	9999	10	20	50	70	110	140	180	220	260	310	100	60	36	20	12	8	5	3	2	1	
6577	23165	1	1800	10	20	30	40	50	60	70	80	90	100	100	60	36	20	12	8	5	3	2	1	
6578	23165	1800	2200	10	20	40	60	90	100	130	160	190	230	100	60	36	20	12	8	5	3	2	1	
6579	23165	2200	9999	10	20	50	70	110	140	180	220	260	310	100	60	36	20	12	8	5	3	2	1	
6580	23166	1	1800	10	20	30	40	50	60	70	80	90	100	100	60	36	20	12	8	5	3	2	1	
6581	23166	1800	2200	10	20	40	60	90	100	130	160	190	230	100	60	36	20	12	8	5	3	2	1	
6582	23166	2200	9999	10	20	50	70	110	140	180	220	260	310	100	60	36	20	12	8	5	3	2	1	
6583	23167	1	1800	10	20	30	40	50	60	70	80	90	100	100	60	36	20	12	8	5	3	2	1	
6584	23167	1800	2200	10	20	40	60	90	100	130	160	190	230	100	60	36	20	12	8	5	3	2	1	
6585	23167	2200	9999	10	20	50	70	110	140	180	220	260	310	100	60	36	20	12	8	5	3	2	1	
6586	23169	1	1800	10	20	30	40	50	60	70	80	90	100	100	60	36	20	12	8	5	3	2	1	
6587	23169	1800	2200	10	20	40	60	90	100	130	160	190	230	100	60	36	20	12	8	5	3	2	1	
6588	23169	2200	9999	10	20	50	70	110	140	180	220	260	310	100	60	36	20	12	8	5	3	2	1	
6589	23171	1	1800	10	20	30	40	50	60	70	80	90	100	100	60	36	20	12	8	5	3	2	1	
6590	23171	1800	2200	10	20	40	60	90	100	130	160	190	230	100	60	36	20	12	8	5	3	2	1	
6591	23171	2200	9999	10	20	50	70	110	140	180	220	260	310	100	60	36	20	12	8	5	3	2	1	
6592	23172	1	1800	10	20	30	40	50	60	70	80	90	100	100	60	36	20	12	8	5	3	2	1	
6593	23172	1800	2200	10	20	40	60	90	100	130	160	190	230	100	60	36	20	12	8	5	3	2	1	
6594	23172	2200	9999	10	20	50	70	110	140	180	220	260	310	100	60	36	20	12	8	5	3	2	1	
6595	23173	1	1800	10	20	30	40	50	60	70	80	90	100	100	60	36	20	12	8	5	3	2	1	
6596	23173	1800	2200	10	20	40	60	90	100	130	160	190	230	100	60	36	20	12	8	5	3	2	1	
6597	23173	2200	9999	10	20	50	70	110	140	180	220	260	310	100	60	36	20	12	8	5	3	2	1	
6598	23174	1	1800	10	20	30	40	50	60	70	80	90	100	100	60	36	20	12	8	5	3	2	1	
6599	23174	1800	2200	10	20	40	60	90	100	130	160	190	230	100	60	36	20	12	8	5	3	2	1	
6600	23174	2200	9999	10	20	50	70	110	140	180	220	260	310	100	60	36	20	12	8	5	3	2	1	
6601	23175	1	1800	10	20	30	40	50	60	70	80	90	100	100	60	36	20	12	8	5	3	2	1	
6602	23175	1800	2200	10	20	40	60	90	100	130	160	190	230	100	60	36	20	12	8	5	3	2	1	
6603	23175	2200	9999	10	20	50	70	110	140	180	220	260	310	100	60	36	20	12	8	5	3	2	1	
6604	23176	1	1800	10	20	30	40	50	60	70	80	90	100	100	60	36	20	12	8	5	3	2	1	
6605	23176	1800	2200	10	20	40	60	90	100	130	160	190	230	100	60	36	20	12	8	5	3	2	1	
6606	23176	2200	9999	10	20	50	70	110	140	180	220	260	310	100	60	36	20	12	8	5	3	2	1	
6607	23177	1	1800	10	20	30	40	50	60	70	80	90	100	100	60	36	20	12	8	5	3	2	1	
6608	23177	1800	2200	10	20	40	60	90	100	130	160	190	230	100	60	36	20	12	8	5	3	2	1	
6609	23177	2200	9999	10	20	50	70	110	140	180	220	260	310	100	60	36	20	12	8	5	3	2	1	
6610	23178	1	1800	10	20	30	40	50	60	70	80	90	100	100	60	36	20	12	8	5	3	2	1	
6611	23178	1800	2200	10	20	40	60	90	100	130	160	190	230	100	60	36	20	12	8	5	3	2	1	
6612	23178	2200	9999	10	20	50	70	110	140	180	220	260	310	100	60	36	20	12	8	5	3	2	1	
6613	23179	1	1800	10	20	30	40	50	60	70	80	90	100	100	60	36	20	12	8	5	3	2	1	
6614	23179	1800	2200	10	20	40	60	90	100	130	160	190	230	100	60	36	20	12	8	5	3	2	1	
6615	23179	2200	9999	10	20	50	70	110	140	180	220	260	310	100	60	36	20	12	8	5	3	2	1	
6616	25741	1	1800	10	20	30	40	50	60	70	80	90	100	100	60	36	20	12	8	5	3	2	1	
6617	25741	1800	2200	10	20	40	60	90	100	130	160	190	230	100	60	36	20	12	8	5	3	2	1	
6618	25741	2200	9999	10	20	50	70	110	140	180	220	260	310	100	60	36	20	12	8	5	3	2	1	
6619	25751	1	1800	10	20	30	40	50	60	70	80	90	100	100	60	36	20	12	8	5	3	2	1	
6620	25751	1800	2200	10	20	40	60	90	100	130	160	190	230	100	60	36	20	12	8	5	3	2	1	
6621	25751	2200	9999	10	20	50	70	110	140	180	220	260	310	100	60	36	20	12	8	5	3	2	1	
6622	23181	1	1800	10	20	30	40	50	60	70	80	90	100	100	60	36	20	12	8	5	3	2	1	
6623	23181	1800	2200	10	20	40	60	90	100	130	160	190	230	100	60	36	20	12	8	5	3	2	1	
6624	23181	2200	9999	10	20	50	70	110	140	180	220	260	310	100	60	36	20	12	8	5	3	2	1	
6625	23182	1	1800	10	20	30	40	50	60	70	80	90	100	100	60	36	20	12	8	5	3	2	1	
6626	23182	1800	2200	10	20	40	60	90	100	130	160	190	230	100	60	36	20	12	8	5	3	2	1	
6627	23182	2200	9999	10	20	50	70	110	140	180	220	260	310	100	60	36	20	12	8	5	3	2	1	
6628	23189	1	1800	10	20	30	40	50	60	70	80	90	100	100	60	36	20	12	8	5	3	2	1	
6629	23189	1800	2200	10	20	40	60	90	100	130	160	190	230	100	60	36	20	12	8	5	3	2	1	
6630	23189	2200	9999	10	20	50	70	110	140	180	220	260	310	100	60	36	20	12	8	5	3	2	1	
6631	23191	1	1800	10	20	30	40	50	60	70	80	90	100	100	60	36	20	12	8	5	3	2	1	
6632	23191	1800	2200	10	20	40	60	90	100	130	160	190	230	100	60	36	20	12	8	5	3	2	1	
6633	23191	2200	9999	10	20	50	70	110	140	180	220	260	310	100	60	36	20	12	8	5	3	2	1	
6634	23192	1	1800	10	20	30	40	50	60	70	80	90	100	100	60	36	20	12	8	5	3	2	1	
6635	23192	1800	2200	10	20	40	60	90	100	130	160	190	230	100	60	36	20	12	8	5	3	2	1	
6636	23192	2200	9999	10	20	50	70	110	140	180	220	260	310	100	60	36	20	12	8	5	3	2	1	
6637	23193	1	1800	10	20	30	40	50	60	70	80	90	100	100	60	36	20	12	8	5	3	2	1	
6638	23193	1800	2200	10	20	40	60	90	100	130	160	190	230	100	60	36	20	12	8	5	3	2	1	
6639	23193	2200	9999	10	20	50	70	110	140	180	220	260	310	100	60	36	20	12	8	5	3	2	1	
6640	23199	1	1800	10	20	30	40	50	60	70	80	90	100	100	60	36	20	12	8	5	3	2	1	
6641	23199	1800	2200	10	20	40	60	90	100	130	160	190	230	100	60	36	20	12	8	5	3	2	1	
6642	23199	2200	9999	10	20	50	70	110	140	180	220	260	310	100	60	36	20	12	8	5	3	2	1	
6643	23201	1	1800	10	20	30	40	50	60	70	80	90	100	100	60	36	20	12	8	5	3	2	1	
6644	23201	1800	2200	10	20	40	60	90	100	130	160	190	230	100	60	36	20	12	8	5	3	2	1	
6645	23201	2200	9999	10	20	50	70	110	140	180	220	260	310	100	60	36	20	12	8	5	3	2	1	
6646	23202	1	1800	10	20	30	40	50	60	70	80	90	100	100	60	36	20	12	8	5	3	2	1	
6647	23202	1800	2200	10	20	40	60	90	100	130	160	190	230	100	60	36	20	12	8	5	3	2	1	
6648	23202	2200	9999	10	20	50	70	110	140	180	220	260	310	100	60	36	20	12	8	5	3	2	1	
6649	23203	1	1800	10	20	30	40	50	60	70	80	90	100	100	60	36	20	12	8	5	3	2	1	
6650	23203	1800	2200	10	20	40	60	90	100	130	160	190	230	100	60	36	20	12	8	5	3	2	1	
6651	23203	2200	9999	10	20	50	70	110	140	180	220	260	310	100	60	36	20	12	8	5	3	2	1	
6652	23204	1	1800	10	20	30	40	50	60	70	80	90	100	100	60	36	20	12	8	5	3	2	1	
6653	23204	1800	2200	10	20	40	60	90	100	130	160	190	230	100	60	36	20	12	8	5	3	2	1	
6654	23204	2200	9999	10	20	50	70	110	140	180	220	260	310	100	60	36	20	12	8	5	3	2	1	
6655	23209	1	1800	10	20	30	40	50	60	70	80	90	100	100	60	36	20	12	8	5	3	2	1	
6656	23209	1800	2200	10	20	40	60	90	100	130	160	190	230	100	60	36	20	12	8	5	3	2	1	
6657	23209	2200	9999	10	20	50	70	110	140	180	220	260	310	100	60	36	20	12	8	5	3	2	1	
6658	23211	1	1800	10	20	30	40	50	60	70	80	90	100	100	60	36	20	12	8	5	3	2	1	
6659	23211	1800	2200	10	20	40	60	90	100	130	160	190	230	100	60	36	20	12	8	5	3	2	1	
6660	23211	2200	9999	10	20	50	70	110	140	180	220	260	310	100	60	36	20	12	8	5	3	2	1	
6661	23212	1	1800	10	20	30	40	50	60	70	80	90	100	100	60	36	20	12	8	5	3	2	1	
6662	23212	1800	2200	10	20	40	60	90	100	130	160	190	230	100	60	36	20	12	8	5	3	2	1	
6663	23212	2200	9999	10	20	50	70	110	140	180	220	260	310	100	60	36	20	12	8	5	3	2	1	
6664	23213	1	1800	10	20	30	40	50	60	70	80	90	100	100	60	36	20	12	8	5	3	2	1	
6665	23213	1800	2200	10	20	40	60	90	100	130	160	190	230	100	60	36	20	12	8	5	3	2	1	
6666	23213	2200	9999	10	20	50	70	110	140	180	220	260	310	100	60	36	20	12	8	5	3	2	1	
6667	23214	1	1800	10	20	30	40	50	60	70	80	90	100	100	60	36	20	12	8	5	3	2	1	
6668	23214	1800	2200	10	20	40	60	90	100	130	160	190	230	100	60	36	20	12	8	5	3	2	1	
6669	23214	2200	9999	10	20	50	70	110	140	180	220	260	310	100	60	36	20	12	8	5	3	2	1	
6670	23215	1	1800	10	20	30	40	50	60	70	80	90	100	100	60	36	20	12	8	5	3	2	1	
6671	23215	1800	2200	10	20	40	60	90	100	130	160	190	230	100	60	36	20	12	8	5	3	2	1	
6672	23215	2200	9999	10	20	50	70	110	140	180	220	260	310	100	60	36	20	12	8	5	3	2	1	
6673	23219	1	1800	10	20	30	40	50	60	70	80	90	100	100	60	36	20	12	8	5	3	2	1	
6674	23219	1800	2200	10	20	40	60	90	100	130	160	190	230	100	60	36	20	12	8	5	3	2	1	
6675	23219	2200	9999	10	20	50	70	110	140	180	220	260	310	100	60	36	20	12	8	5	3	2	1	
6676	23221	1	1800	10	20	30	40	50	60	70	80	90	100	100	60	36	20	12	8	5	3	2	1	
6677	23221	1800	2200	10	20	40	60	90	100	130	160	190	230	100	60	36	20	12	8	5	3	2	1	
6678	23221	2200	9999	10	20	50	70	110	140	180	220	260	310	100	60	36	20	12	8	5	3	2	1	
6679	23222	1	1800	10	20	30	40	50	60	70	80	90	100	100	60	36	20	12	8	5	3	2	1	
6680	23222	1800	2200	10	20	40	60	90	100	130	160	190	230	100	60	36	20	12	8	5	3	2	1	
6681	23222	2200	9999	10	20	50	70	110	140	180	220	260	310	100	60	36	20	12	8	5	3	2	1	
6682	23223	1	1800	10	20	30	40	50	60	70	80	90	100	100	60	36	20	12	8	5	3	2	1	
6683	23223	1800	2200	10	20	40	60	90	100	130	160	190	230	100	60	36	20	12	8	5	3	2	1	
6684	23223	2200	9999	10	20	50	70	110	140	180	220	260	310	100	60	36	20	12	8	5	3	2	1	
6685	23224	1	1800	10	20	30	40	50	60	70	80	90	100	100	60	36	20	12	8	5	3	2	1	
6686	23224	1800	2200	10	20	40	60	90	100	130	160	190	230	100	60	36	20	12	8	5	3	2	1	
6687	23224	2200	9999	10	20	50	70	110	140	180	220	260	310	100	60	36	20	12	8	5	3	2	1	
6688	23225	1	1800	10	20	30	40	50	60	70	80	90	100	100	60	36	20	12	8	5	3	2	1	
6689	23225	1800	2200	10	20	40	60	90	100	130	160	190	230	100	60	36	20	12	8	5	3	2	1	
6690	23225	2200	9999	10	20	50	70	110	140	180	220	260	310	100	60	36	20	12	8	5	3	2	1	
6691	23226	1	1800	10	20	30	40	50	60	70	80	90	100	100	60	36	20	12	8	5	3	2	1	
6692	23226	1800	2200	10	20	40	60	90	100	130	160	190	230	100	60	36	20	12	8	5	3	2	1	
6693	23226	2200	9999	10	20	50	70	110	140	180	220	260	310	100	60	36	20	12	8	5	3	2	1	
6694	23229	1	1800	10	20	30	40	50	60	70	80	90	100	100	60	36	20	12	8	5	3	2	1	
6695	23229	1800	2200	10	20	40	60	90	100	130	160	190	230	100	60	36	20	12	8	5	3	2	1	
6696	23229	2200	9999	10	20	50	70	110	140	180	220	260	310	100	60	36	20	12	8	5	3	2	1	
6697	23231	1	1800	10	20	30	40	50	60	70	80	90	100	100	60	36	20	12	8	5	3	2	1	
6698	23231	1800	2200	10	20	40	60	90	100	130	160	190	230	100	60	36	20	12	8	5	3	2	1	
6699	23231	2200	9999	10	20	50	70	110	140	180	220	260	310	100	60	36	20	12	8	5	3	2	1	
6700	23232	1	1800	10	20	30	40	50	60	70	80	90	100	100	60	36	20	12	8	5	3	2	1	
6701	23232	1800	2200	10	20	40	60	90	100	130	160	190	230	100	60	36	20	12	8	5	3	2	1	
6702	23232	2200	9999	10	20	50	70	110	140	180	220	260	310	100	60	36	20	12	8	5	3	2	1	
6703	23233	1	1800	10	20	30	40	50	60	70	80	90	100	100	60	36	20	12	8	5	3	2	1	
6704	23233	1800	2200	10	20	40	60	90	100	130	160	190	230	100	60	36	20	12	8	5	3	2	1	
6705	23233	2200	9999	10	20	50	70	110	140	180	220	260	310	100	60	36	20	12	8	5	3	2	1	
6706	23234	1	1800	10	20	30	40	50	60	70	80	90	100	100	60	36	20	12	8	5	3	2	1	
6707	23234	1800	2200	10	20	40	60	90	100	130	160	190	230	100	60	36	20	12	8	5	3	2	1	
6708	23234	2200	9999	10	20	50	70	110	140	180	220	260	310	100	60	36	20	12	8	5	3	2	1	
6709	23235	1	1800	10	20	30	40	50	60	70	80	90	100	100	60	36	20	12	8	5	3	2	1	
6710	23235	1800	2200	10	20	40	60	90	100	130	160	190	230	100	60	36	20	12	8	5	3	2	1	
6711	23235	2200	9999	10	20	50	70	110	140	180	220	260	310	100	60	36	20	12	8	5	3	2	1	
6712	23236	1	1800	10	20	30	40	50	60	70	80	90	100	100	60	36	20	12	8	5	3	2	1	
6713	23236	1800	2200	10	20	40	60	90	100	130	160	190	230	100	60	36	20	12	8	5	3	2	1	
6714	23236	2200	9999	10	20	50	70	110	140	180	220	260	310	100	60	36	20	12	8	5	3	2	1	
6715	23237	1	1800	10	20	30	40	50	60	70	80	90	100	100	60	36	20	12	8	5	3	2	1	
6716	23237	1800	2200	10	20	40	60	90	100	130	160	190	230	100	60	36	20	12	8	5	3	2	1	
6717	23237	2200	9999	10	20	50	70	110	140	180	220	260	310	100	60	36	20	12	8	5	3	2	1	
6718	23239	1	1800	10	20	30	40	50	60	70	80	90	100	100	60	36	20	12	8	5	3	2	1	
6719	23239	1800	2200	10	20	40	60	90	100	130	160	190	230	100	60	36	20	12	8	5	3	2	1	
6720	23239	2200	9999	10	20	50	70	110	140	180	220	260	310	100	60	36	20	12	8	5	3	2	1	
6721	23241	1	1800	10	20	30	40	50	60	70	80	90	100	100	60	36	20	12	8	5	3	2	1	
6722	23241	1800	2200	10	20	40	60	90	100	130	160	190	230	100	60	36	20	12	8	5	3	2	1	
6723	23241	2200	9999	10	20	50	70	110	140	180	220	260	310	100	60	36	20	12	8	5	3	2	1	
6724	23242	1	1800	10	20	30	40	50	60	70	80	90	100	100	60	36	20	12	8	5	3	2	1	
6725	23242	1800	2200	10	20	40	60	90	100	130	160	190	230	100	60	36	20	12	8	5	3	2	1	
6726	23242	2200	9999	10	20	50	70	110	140	180	220	260	310	100	60	36	20	12	8	5	3	2	1	
6727	23243	1	1800	10	20	30	40	50	60	70	80	90	100	100	60	36	20	12	8	5	3	2	1	
6728	23243	1800	2200	10	20	40	60	90	100	130	160	190	230	100	60	36	20	12	8	5	3	2	1	
6729	23243	2200	9999	10	20	50	70	110	140	180	220	260	310	100	60	36	20	12	8	5	3	2	1	
6730	23244	1	1800	10	20	30	40	50	60	70	80	90	100	100	60	36	20	12	8	5	3	2	1	
6731	23244	1800	2200	10	20	40	60	90	100	130	160	190	230	100	60	36	20	12	8	5	3	2	1	
6732	23244	2200	9999	10	20	50	70	110	140	180	220	260	310	100	60	36	20	12	8	5	3	2	1	
6733	23245	1	1800	10	20	30	40	50	60	70	80	90	100	100	60	36	20	12	8	5	3	2	1	
6734	23245	1800	2200	10	20	40	60	90	100	130	160	190	230	100	60	36	20	12	8	5	3	2	1	
6735	23245	2200	9999	10	20	50	70	110	140	180	220	260	310	100	60	36	20	12	8	5	3	2	1	
6736	23246	1	1800	10	20	30	40	50	60	70	80	90	100	100	60	36	20	12	8	5	3	2	1	
6737	23246	1800	2200	10	20	40	60	90	100	130	160	190	230	100	60	36	20	12	8	5	3	2	1	
6738	23246	2200	9999	10	20	50	70	110	140	180	220	260	310	100	60	36	20	12	8	5	3	2	1	
6739	23247	1	1800	10	20	30	40	50	60	70	80	90	100	100	60	36	20	12	8	5	3	2	1	
6740	23247	1800	2200	10	20	40	60	90	100	130	160	190	230	100	60	36	20	12	8	5	3	2	1	
6741	23247	2200	9999	10	20	50	70	110	140	180	220	260	310	100	60	36	20	12	8	5	3	2	1	
6742	23248	1	1800	10	20	30	40	50	60	70	80	90	100	100	60	36	20	12	8	5	3	2	1	
6743	23248	1800	2200	10	20	40	60	90	100	130	160	190	230	100	60	36	20	12	8	5	3	2	1	
6744	23248	2200	9999	10	20	50	70	110	140	180	220	260	310	100	60	36	20	12	8	5	3	2	1	
6745	23249	1	1800	10	20	30	40	50	60	70	80	90	100	100	60	36	20	12	8	5	3	2	1	
6746	23249	1800	2200	10	20	40	60	90	100	130	160	190	230	100	60	36	20	12	8	5	3	2	1	
6747	23249	2200	9999	10	20	50	70	110	140	180	220	260	310	100	60	36	20	12	8	5	3	2	1	
6748	23251	1	1800	10	20	30	40	50	60	70	80	90	100	100	60	36	20	12	8	5	3	2	1	
6749	23251	1800	2200	10	20	40	60	90	100	130	160	190	230	100	60	36	20	12	8	5	3	2	1	
6750	23251	2200	9999	10	20	50	70	110	140	180	220	260	310	100	60	36	20	12	8	5	3	2	1	
6751	23252	1	1800	10	20	30	40	50	60	70	80	90	100	100	60	36	20	12	8	5	3	2	1	
6752	23252	1800	2200	10	20	40	60	90	100	130	160	190	230	100	60	36	20	12	8	5	3	2	1	
6753	23252	2200	9999	10	20	50	70	110	140	180	220	260	310	100	60	36	20	12	8	5	3	2	1	
6754	23259	1	1800	10	20	30	40	50	60	70	80	90	100	100	60	36	20	12	8	5	3	2	1	
6755	23259	1800	2200	10	20	40	60	90	100	130	160	190	230	100	60	36	20	12	8	5	3	2	1	
6756	23259	2200	9999	10	20	50	70	110	140	180	220	260	310	100	60	36	20	12	8	5	3	2	1	
6757	23261	1	1800	10	20	30	40	50	60	70	80	90	100	100	60	36	20	12	8	5	3	2	1	
6758	23261	1800	2200	10	20	40	60	90	100	130	160	190	230	100	60	36	20	12	8	5	3	2	1	
6759	23261	2200	9999	10	20	50	70	110	140	180	220	260	310	100	60	36	20	12	8	5	3	2	1	
6760	23262	1	1800	10	20	30	40	50	60	70	80	90	100	100	60	36	20	12	8	5	3	2	1	
6761	23262	1800	2200	10	20	40	60	90	100	130	160	190	230	100	60	36	20	12	8	5	3	2	1	
6762	23262	2200	9999	10	20	50	70	110	140	180	220	260	310	100	60	36	20	12	8	5	3	2	1	
6763	23263	1	1800	10	20	30	40	50	60	70	80	90	100	100	60	36	20	12	8	5	3	2	1	
6764	23263	1800	2200	10	20	40	60	90	100	130	160	190	230	100	60	36	20	12	8	5	3	2	1	
6765	23263	2200	9999	10	20	50	70	110	140	180	220	260	310	100	60	36	20	12	8	5	3	2	1	
6766	23269	1	1800	10	20	30	40	50	60	70	80	90	100	100	60	36	20	12	8	5	3	2	1	
6767	23269	1800	2200	10	20	40	60	90	100	130	160	190	230	100	60	36	20	12	8	5	3	2	1	
6768	23269	2200	9999	10	20	50	70	110	140	180	220	260	310	100	60	36	20	12	8	5	3	2	1	
6769	23271	1	1800	10	20	30	40	50	60	70	80	90	100	100	60	36	20	12	8	5	3	2	1	
6770	23271	1800	2200	10	20	40	60	90	100	130	160	190	230	100	60	36	20	12	8	5	3	2	1	
6771	23271	2200	9999	10	20	50	70	110	140	180	220	260	310	100	60	36	20	12	8	5	3	2	1	
6772	23272	1	1800	10	20	30	40	50	60	70	80	90	100	100	60	36	20	12	8	5	3	2	1	
6773	23272	1800	2200	10	20	40	60	90	100	130	160	190	230	100	60	36	20	12	8	5	3	2	1	
6774	23272	2200	9999	10	20	50	70	110	140	180	220	260	310	100	60	36	20	12	8	5	3	2	1	
6775	23273	1	1800	10	20	30	40	50	60	70	80	90	100	100	60	36	20	12	8	5	3	2	1	
6776	23273	1800	2200	10	20	40	60	90	100	130	160	190	230	100	60	36	20	12	8	5	3	2	1	
6777	23273	2200	9999	10	20	50	70	110	140	180	220	260	310	100	60	36	20	12	8	5	3	2	1	
6778	23274	1	1800	10	20	30	40	50	60	70	80	90	100	100	60	36	20	12	8	5	3	2	1	
6779	23274	1800	2200	10	20	40	60	90	100	130	160	190	230	100	60	36	20	12	8	5	3	2	1	
6780	23274	2200	9999	10	20	50	70	110	140	180	220	260	310	100	60	36	20	12	8	5	3	2	1	
6781	23279	1	1800	10	20	30	40	50	60	70	80	90	100	100	60	36	20	12	8	5	3	2	1	
6782	23279	1800	2200	10	20	40	60	90	100	130	160	190	230	100	60	36	20	12	8	5	3	2	1	
6783	23279	2200	9999	10	20	50	70	110	140	180	220	260	310	100	60	36	20	12	8	5	3	2	1	
6784	23281	1	1800	10	20	30	40	50	60	70	80	90	100	100	60	36	20	12	8	5	3	2	1	
6785	23281	1800	2200	10	20	40	60	90	100	130	160	190	230	100	60	36	20	12	8	5	3	2	1	
6786	23281	2200	9999	10	20	50	70	110	140	180	220	260	310	100	60	36	20	12	8	5	3	2	1	
6787	23282	1	1800	10	20	30	40	50	60	70	80	90	100	100	60	36	20	12	8	5	3	2	1	
6788	23282	1800	2200	10	20	40	60	90	100	130	160	190	230	100	60	36	20	12	8	5	3	2	1	
6789	23282	2200	9999	10	20	50	70	110	140	180	220	260	310	100	60	36	20	12	8	5	3	2	1	
6790	23283	1	1800	10	20	30	40	50	60	70	80	90	100	100	60	36	20	12	8	5	3	2	1	
6791	23283	1800	2200	10	20	40	60	90	100	130	160	190	230	100	60	36	20	12	8	5	3	2	1	
6792	23283	2200	9999	10	20	50	70	110	140	180	220	260	310	100	60	36	20	12	8	5	3	2	1	
6793	23284	1	1800	10	20	30	40	50	60	70	80	90	100	100	60	36	20	12	8	5	3	2	1	
6794	23284	1800	2200	10	20	40	60	90	100	130	160	190	230	100	60	36	20	12	8	5	3	2	1	
6795	23284	2200	9999	10	20	50	70	110	140	180	220	260	310	100	60	36	20	12	8	5	3	2	1	
6796	23285	1	1800	10	20	30	40	50	60	70	80	90	100	100	60	36	20	12	8	5	3	2	1	
6797	23285	1800	2200	10	20	40	60	90	100	130	160	190	230	100	60	36	20	12	8	5	3	2	1	
6798	23285	2200	9999	10	20	50	70	110	140	180	220	260	310	100	60	36	20	12	8	5	3	2	1	
6799	23289	1	1800	10	20	30	40	50	60	70	80	90	100	100	60	36	20	12	8	5	3	2	1	
6800	23289	1800	2200	10	20	40	60	90	100	130	160	190	230	100	60	36	20	12	8	5	3	2	1	
6801	23289	2200	9999	10	20	50	70	110	140	180	220	260	310	100	60	36	20	12	8	5	3	2	1	
6802	23291	1	1800	10	20	30	40	50	60	70	80	90	100	100	60	36	20	12	8	5	3	2	1	
6803	23291	1800	2200	10	20	40	60	90	100	130	160	190	230	100	60	36	20	12	8	5	3	2	1	
6804	23291	2200	9999	10	20	50	70	110	140	180	220	260	310	100	60	36	20	12	8	5	3	2	1	
6805	23292	1	1800	10	20	30	40	50	60	70	80	90	100	100	60	36	20	12	8	5	3	2	1	
6806	23292	1800	2200	10	20	40	60	90	100	130	160	190	230	100	60	36	20	12	8	5	3	2	1	
6807	23292	2200	9999	10	20	50	70	110	140	180	220	260	310	100	60	36	20	12	8	5	3	2	1	
6808	23293	1	1800	10	20	30	40	50	60	70	80	90	100	100	60	36	20	12	8	5	3	2	1	
6809	23293	1800	2200	10	20	40	60	90	100	130	160	190	230	100	60	36	20	12	8	5	3	2	1	
6810	23293	2200	9999	10	20	50	70	110	140	180	220	260	310	100	60	36	20	12	8	5	3	2	1	
6811	23294	1	1800	10	20	30	40	50	60	70	80	90	100	100	60	36	20	12	8	5	3	2	1	
6812	23294	1800	2200	10	20	40	60	90	100	130	160	190	230	100	60	36	20	12	8	5	3	2	1	
6813	23294	2200	9999	10	20	50	70	110	140	180	220	260	310	100	60	36	20	12	8	5	3	2	1	
6814	23295	1	1800	10	20	30	40	50	60	70	80	90	100	100	60	36	20	12	8	5	3	2	1	
6815	23295	1800	2200	10	20	40	60	90	100	130	160	190	230	100	60	36	20	12	8	5	3	2	1	
6816	23295	2200	9999	10	20	50	70	110	140	180	220	260	310	100	60	36	20	12	8	5	3	2	1	
6817	23296	1	1800	10	20	30	40	50	60	70	80	90	100	100	60	36	20	12	8	5	3	2	1	
6818	23296	1800	2200	10	20	40	60	90	100	130	160	190	230	100	60	36	20	12	8	5	3	2	1	
6819	23296	2200	9999	10	20	50	70	110	140	180	220	260	310	100	60	36	20	12	8	5	3	2	1	
6820	23299	1	1800	10	20	30	40	50	60	70	80	90	100	100	60	36	20	12	8	5	3	2	1	
6821	23299	1800	2200	10	20	40	60	90	100	130	160	190	230	100	60	36	20	12	8	5	3	2	1	
6822	23299	2200	9999	10	20	50	70	110	140	180	220	260	310	100	60	36	20	12	8	5	3	2	1	
6823	23301	1	1800	10	20	30	40	50	60	70	80	90	100	100	60	36	20	12	8	5	3	2	1	
6824	23301	1800	2200	10	20	40	60	90	100	130	160	190	230	100	60	36	20	12	8	5	3	2	1	
6825	23301	2200	9999	10	20	50	70	110	140	180	220	260	310	100	60	36	20	12	8	5	3	2	1	
6826	23302	1	1800	10	20	30	40	50	60	70	80	90	100	100	60	36	20	12	8	5	3	2	1	
6827	23302	1800	2200	10	20	40	60	90	100	130	160	190	230	100	60	36	20	12	8	5	3	2	1	
6828	23302	2200	9999	10	20	50	70	110	140	180	220	260	310	100	60	36	20	12	8	5	3	2	1	
6829	23303	1	1800	10	20	30	40	50	60	70	80	90	100	100	60	36	20	12	8	5	3	2	1	
6830	23303	1800	2200	10	20	40	60	90	100	130	160	190	230	100	60	36	20	12	8	5	3	2	1	
6831	23303	2200	9999	10	20	50	70	110	140	180	220	260	310	100	60	36	20	12	8	5	3	2	1	
6832	23304	1	1800	10	20	30	40	50	60	70	80	90	100	100	60	36	20	12	8	5	3	2	1	
6833	23304	1800	2200	10	20	40	60	90	100	130	160	190	230	100	60	36	20	12	8	5	3	2	1	
6834	23304	2200	9999	10	20	50	70	110	140	180	220	260	310	100	60	36	20	12	8	5	3	2	1	
6835	23305	1	1800	10	20	30	40	50	60	70	80	90	100	100	60	36	20	12	8	5	3	2	1	
6836	23305	1800	2200	10	20	40	60	90	100	130	160	190	230	100	60	36	20	12	8	5	3	2	1	
6837	23305	2200	9999	10	20	50	70	110	140	180	220	260	310	100	60	36	20	12	8	5	3	2	1	
6838	23306	1	1800	10	20	30	40	50	60	70	80	90	100	100	60	36	20	12	8	5	3	2	1	
6839	23306	1800	2200	10	20	40	60	90	100	130	160	190	230	100	60	36	20	12	8	5	3	2	1	
6840	23306	2200	9999	10	20	50	70	110	140	180	220	260	310	100	60	36	20	12	8	5	3	2	1	
6841	23307	1	1800	10	20	30	40	50	60	70	80	90	100	100	60	36	20	12	8	5	3	2	1	
6842	23307	1800	2200	10	20	40	60	90	100	130	160	190	230	100	60	36	20	12	8	5	3	2	1	
6843	23307	2200	9999	10	20	50	70	110	140	180	220	260	310	100	60	36	20	12	8	5	3	2	1	
6844	23309	1	1800	10	20	30	40	50	60	70	80	90	100	100	60	36	20	12	8	5	3	2	1	
6845	23309	1800	2200	10	20	40	60	90	100	130	160	190	230	100	60	36	20	12	8	5	3	2	1	
6846	23309	2200	9999	10	20	50	70	110	140	180	220	260	310	100	60	36	20	12	8	5	3	2	1	
6847	23311	1	1800	10	20	30	40	50	60	70	80	90	100	100	60	36	20	12	8	5	3	2	1	
6848	23311	1800	2200	10	20	40	60	90	100	130	160	190	230	100	60	36	20	12	8	5	3	2	1	
6849	23311	2200	9999	10	20	50	70	110	140	180	220	260	310	100	60	36	20	12	8	5	3	2	1	
6850	23312	1	1800	10	20	30	40	50	60	70	80	90	100	100	60	36	20	12	8	5	3	2	1	
6851	23312	1800	2200	10	20	40	60	90	100	130	160	190	230	100	60	36	20	12	8	5	3	2	1	
6852	23312	2200	9999	10	20	50	70	110	140	180	220	260	310	100	60	36	20	12	8	5	3	2	1	
6853	23313	1	1800	10	20	30	40	50	60	70	80	90	100	100	60	36	20	12	8	5	3	2	1	
6854	23313	1800	2200	10	20	40	60	90	100	130	160	190	230	100	60	36	20	12	8	5	3	2	1	
6855	23313	2200	9999	10	20	50	70	110	140	180	220	260	310	100	60	36	20	12	8	5	3	2	1	
6856	23314	1	1800	10	20	30	40	50	60	70	80	90	100	100	60	36	20	12	8	5	3	2	1	
6857	23314	1800	2200	10	20	40	60	90	100	130	160	190	230	100	60	36	20	12	8	5	3	2	1	
6858	23314	2200	9999	10	20	50	70	110	140	180	220	260	310	100	60	36	20	12	8	5	3	2	1	
6859	23315	1	1800	10	20	30	40	50	60	70	80	90	100	100	60	36	20	12	8	5	3	2	1	
6860	23315	1800	2200	10	20	40	60	90	100	130	160	190	230	100	60	36	20	12	8	5	3	2	1	
6861	23315	2200	9999	10	20	50	70	110	140	180	220	260	310	100	60	36	20	12	8	5	3	2	1	
6862	23316	1	1800	10	20	30	40	50	60	70	80	90	100	100	60	36	20	12	8	5	3	2	1	
6863	23316	1800	2200	10	20	40	60	90	100	130	160	190	230	100	60	36	20	12	8	5	3	2	1	
6864	23316	2200	9999	10	20	50	70	110	140	180	220	260	310	100	60	36	20	12	8	5	3	2	1	
6865	23317	1	1800	10	20	30	40	50	60	70	80	90	100	100	60	36	20	12	8	5	3	2	1	
6866	23317	1800	2200	10	20	40	60	90	100	130	160	190	230	100	60	36	20	12	8	5	3	2	1	
6867	23317	2200	9999	10	20	50	70	110	140	180	220	260	310	100	60	36	20	12	8	5	3	2	1	
6868	23318	1	1800	10	20	30	40	50	60	70	80	90	100	100	60	36	20	12	8	5	3	2	1	
6869	23318	1800	2200	10	20	40	60	90	100	130	160	190	230	100	60	36	20	12	8	5	3	2	1	
6870	23318	2200	9999	10	20	50	70	110	140	180	220	260	310	100	60	36	20	12	8	5	3	2	1	
6871	23319	1	1800	10	20	30	40	50	60	70	80	90	100	100	60	36	20	12	8	5	3	2	1	
6872	23319	1800	2200	10	20	40	60	90	100	130	160	190	230	100	60	36	20	12	8	5	3	2	1	
6873	23319	2200	9999	10	20	50	70	110	140	180	220	260	310	100	60	36	20	12	8	5	3	2	1	
6874	25771	1	1800	10	20	30	40	50	60	70	80	90	100	100	60	36	20	12	8	5	3	2	1	
6875	25771	1800	2200	10	20	40	60	90	100	130	160	190	230	100	60	36	20	12	8	5	3	2	1	
6876	25771	2200	9999	10	20	50	70	110	140	180	220	260	310	100	60	36	20	12	8	5	3	2	1	
6877	25781	1	1800	10	20	30	40	50	60	70	80	90	100	100	60	36	20	12	8	5	3	2	1	
6878	25781	1800	2200	10	20	40	60	90	100	130	160	190	230	100	60	36	20	12	8	5	3	2	1	
6879	25781	2200	9999	10	20	50	70	110	140	180	220	260	310	100	60	36	20	12	8	5	3	2	1	
6880	25791	1	1800	10	20	30	40	50	60	70	80	90	100	100	60	36	20	12	8	5	3	2	1	
6881	25791	1800	2200	10	20	40	60	90	100	130	160	190	230	100	60	36	20	12	8	5	3	2	1	
6882	25791	2200	9999	10	20	50	70	110	140	180	220	260	310	100	60	36	20	12	8	5	3	2	1	
6883	25801	1	1800	10	20	30	40	50	60	70	80	90	100	100	60	36	20	12	8	5	3	2	1	
6884	25801	1800	2200	10	20	40	60	90	100	130	160	190	230	100	60	36	20	12	8	5	3	2	1	
6885	25801	2200	9999	10	20	50	70	110	140	180	220	260	310	100	60	36	20	12	8	5	3	2	1	
6916	23331	1	1800	10	20	30	40	50	60	70	80	90	100	100	60	36	20	12	8	5	3	2	1	
6917	23331	1800	2200	10	20	40	60	90	100	130	160	190	230	100	60	36	20	12	8	5	3	2	1	
6918	23331	2200	9999	10	20	50	70	110	140	180	220	260	310	100	60	36	20	12	8	5	3	2	1	
6919	23332	1	1800	10	20	30	40	50	60	70	80	90	100	100	60	36	20	12	8	5	3	2	1	
6920	23332	1800	2200	10	20	40	60	90	100	130	160	190	230	100	60	36	20	12	8	5	3	2	1	
6921	23332	2200	9999	10	20	50	70	110	140	180	220	260	310	100	60	36	20	12	8	5	3	2	1	
6922	23339	1	1800	10	20	30	40	50	60	70	80	90	100	100	60	36	20	12	8	5	3	2	1	
6923	23339	1800	2200	10	20	40	60	90	100	130	160	190	230	100	60	36	20	12	8	5	3	2	1	
6924	23339	2200	9999	10	20	50	70	110	140	180	220	260	310	100	60	36	20	12	8	5	3	2	1	
6925	23341	1	1800	10	20	30	40	50	60	70	80	90	100	100	60	36	20	12	8	5	3	2	1	
6926	23341	1800	2200	10	20	40	60	90	100	130	160	190	230	100	60	36	20	12	8	5	3	2	1	
6927	23341	2200	9999	10	20	50	70	110	140	180	220	260	310	100	60	36	20	12	8	5	3	2	1	
6928	23342	1	1800	10	20	30	40	50	60	70	80	90	100	100	60	36	20	12	8	5	3	2	1	
6929	23342	1800	2200	10	20	40	60	90	100	130	160	190	230	100	60	36	20	12	8	5	3	2	1	
6930	23342	2200	9999	10	20	50	70	110	140	180	220	260	310	100	60	36	20	12	8	5	3	2	1	
6931	23343	1	1800	10	20	30	40	50	60	70	80	90	100	100	60	36	20	12	8	5	3	2	1	
6932	23343	1800	2200	10	20	40	60	90	100	130	160	190	230	100	60	36	20	12	8	5	3	2	1	
6933	23343	2200	9999	10	20	50	70	110	140	180	220	260	310	100	60	36	20	12	8	5	3	2	1	
6934	23349	1	1800	10	20	30	40	50	60	70	80	90	100	100	60	36	20	12	8	5	3	2	1	
6935	23349	1800	2200	10	20	40	60	90	100	130	160	190	230	100	60	36	20	12	8	5	3	2	1	
6936	23349	2200	9999	10	20	50	70	110	140	180	220	260	310	100	60	36	20	12	8	5	3	2	1	
6937	23351	1	1800	10	20	30	40	50	60	70	80	90	100	100	60	36	20	12	8	5	3	2	1	
6938	23351	1800	2200	10	20	40	60	90	100	130	160	190	230	100	60	36	20	12	8	5	3	2	1	
6939	23351	2200	9999	10	20	50	70	110	140	180	220	260	310	100	60	36	20	12	8	5	3	2	1	
6940	23352	1	1800	10	20	30	40	50	60	70	80	90	100	100	60	36	20	12	8	5	3	2	1	
6941	23352	1800	2200	10	20	40	60	90	100	130	160	190	230	100	60	36	20	12	8	5	3	2	1	
6942	23352	2200	9999	10	20	50	70	110	140	180	220	260	310	100	60	36	20	12	8	5	3	2	1	
6943	23353	1	1800	10	20	30	40	50	60	70	80	90	100	100	60	36	20	12	8	5	3	2	1	
6944	23353	1800	2200	10	20	40	60	90	100	130	160	190	230	100	60	36	20	12	8	5	3	2	1	
6945	23353	2200	9999	10	20	50	70	110	140	180	220	260	310	100	60	36	20	12	8	5	3	2	1	
6946	23354	1	1800	10	20	30	40	50	60	70	80	90	100	100	60	36	20	12	8	5	3	2	1	
6947	23354	1800	2200	10	20	40	60	90	100	130	160	190	230	100	60	36	20	12	8	5	3	2	1	
6948	23354	2200	9999	10	20	50	70	110	140	180	220	260	310	100	60	36	20	12	8	5	3	2	1	
6949	23359	1	1800	10	20	30	40	50	60	70	80	90	100	100	60	36	20	12	8	5	3	2	1	
6950	23359	1800	2200	10	20	40	60	90	100	130	160	190	230	100	60	36	20	12	8	5	3	2	1	
6951	23359	2200	9999	10	20	50	70	110	140	180	220	260	310	100	60	36	20	12	8	5	3	2	1	
6952	23361	1	1800	10	20	30	40	50	60	70	80	90	100	100	60	36	20	12	8	5	3	2	1	
6953	23361	1800	2200	10	20	40	60	90	100	130	160	190	230	100	60	36	20	12	8	5	3	2	1	
6954	23361	2200	9999	10	20	50	70	110	140	180	220	260	310	100	60	36	20	12	8	5	3	2	1	
6955	23362	1	1800	10	20	30	40	50	60	70	80	90	100	100	60	36	20	12	8	5	3	2	1	
6956	23362	1800	2200	10	20	40	60	90	100	130	160	190	230	100	60	36	20	12	8	5	3	2	1	
6957	23362	2200	9999	10	20	50	70	110	140	180	220	260	310	100	60	36	20	12	8	5	3	2	1	
6958	23363	1	1800	10	20	30	40	50	60	70	80	90	100	100	60	36	20	12	8	5	3	2	1	
6959	23363	1800	2200	10	20	40	60	90	100	130	160	190	230	100	60	36	20	12	8	5	3	2	1	
6960	23363	2200	9999	10	20	50	70	110	140	180	220	260	310	100	60	36	20	12	8	5	3	2	1	
6961	23364	1	1800	10	20	30	40	50	60	70	80	90	100	100	60	36	20	12	8	5	3	2	1	
6962	23364	1800	2200	10	20	40	60	90	100	130	160	190	230	100	60	36	20	12	8	5	3	2	1	
6963	23364	2200	9999	10	20	50	70	110	140	180	220	260	310	100	60	36	20	12	8	5	3	2	1	
6964	23365	1	1800	10	20	30	40	50	60	70	80	90	100	100	60	36	20	12	8	5	3	2	1	
6965	23365	1800	2200	10	20	40	60	90	100	130	160	190	230	100	60	36	20	12	8	5	3	2	1	
6966	23365	2200	9999	10	20	50	70	110	140	180	220	260	310	100	60	36	20	12	8	5	3	2	1	
6967	23369	1	1800	10	20	30	40	50	60	70	80	90	100	100	60	36	20	12	8	5	3	2	1	
6968	23369	1800	2200	10	20	40	60	90	100	130	160	190	230	100	60	36	20	12	8	5	3	2	1	
6969	23369	2200	9999	10	20	50	70	110	140	180	220	260	310	100	60	36	20	12	8	5	3	2	1	
6970	23371	1	1800	10	20	30	40	50	60	70	80	90	100	100	60	36	20	12	8	5	3	2	1	
6971	23371	1800	2200	10	20	40	60	90	100	130	160	190	230	100	60	36	20	12	8	5	3	2	1	
6972	23371	2200	9999	10	20	50	70	110	140	180	220	260	310	100	60	36	20	12	8	5	3	2	1	
6973	23372	1	1800	10	20	30	40	50	60	70	80	90	100	100	60	36	20	12	8	5	3	2	1	
6974	23372	1800	2200	10	20	40	60	90	100	130	160	190	230	100	60	36	20	12	8	5	3	2	1	
6975	23372	2200	9999	10	20	50	70	110	140	180	220	260	310	100	60	36	20	12	8	5	3	2	1	
6976	23373	1	1800	10	20	30	40	50	60	70	80	90	100	100	60	36	20	12	8	5	3	2	1	
6977	23373	1800	2200	10	20	40	60	90	100	130	160	190	230	100	60	36	20	12	8	5	3	2	1	
6978	23373	2200	9999	10	20	50	70	110	140	180	220	260	310	100	60	36	20	12	8	5	3	2	1	
6979	23374	1	1800	10	20	30	40	50	60	70	80	90	100	100	60	36	20	12	8	5	3	2	1	
6980	23374	1800	2200	10	20	40	60	90	100	130	160	190	230	100	60	36	20	12	8	5	3	2	1	
6981	23374	2200	9999	10	20	50	70	110	140	180	220	260	310	100	60	36	20	12	8	5	3	2	1	
6982	23375	1	1800	10	20	30	40	50	60	70	80	90	100	100	60	36	20	12	8	5	3	2	1	
6983	23375	1800	2200	10	20	40	60	90	100	130	160	190	230	100	60	36	20	12	8	5	3	2	1	
6984	23375	2200	9999	10	20	50	70	110	140	180	220	260	310	100	60	36	20	12	8	5	3	2	1	
6985	23376	1	1800	10	20	30	40	50	60	70	80	90	100	100	60	36	20	12	8	5	3	2	1	
6986	23376	1800	2200	10	20	40	60	90	100	130	160	190	230	100	60	36	20	12	8	5	3	2	1	
6987	23376	2200	9999	10	20	50	70	110	140	180	220	260	310	100	60	36	20	12	8	5	3	2	1	
6988	23379	1	1800	10	20	30	40	50	60	70	80	90	100	100	60	36	20	12	8	5	3	2	1	
6989	23379	1800	2200	10	20	40	60	90	100	130	160	190	230	100	60	36	20	12	8	5	3	2	1	
6990	23379	2200	9999	10	20	50	70	110	140	180	220	260	310	100	60	36	20	12	8	5	3	2	1	
6991	23381	1	1800	10	20	30	40	50	60	70	80	90	100	100	60	36	20	12	8	5	3	2	1	
6992	23381	1800	2200	10	20	40	60	90	100	130	160	190	230	100	60	36	20	12	8	5	3	2	1	
6993	23381	2200	9999	10	20	50	70	110	140	180	220	260	310	100	60	36	20	12	8	5	3	2	1	
6994	23382	1	1800	10	20	30	40	50	60	70	80	90	100	100	60	36	20	12	8	5	3	2	1	
6995	23382	1800	2200	10	20	40	60	90	100	130	160	190	230	100	60	36	20	12	8	5	3	2	1	
6996	23382	2200	9999	10	20	50	70	110	140	180	220	260	310	100	60	36	20	12	8	5	3	2	1	
6997	23383	1	1800	10	20	30	40	50	60	70	80	90	100	100	60	36	20	12	8	5	3	2	1	
6998	23383	1800	2200	10	20	40	60	90	100	130	160	190	230	100	60	36	20	12	8	5	3	2	1	
6999	23383	2200	9999	10	20	50	70	110	140	180	220	260	310	100	60	36	20	12	8	5	3	2	1	
7000	23384	1	1800	10	20	30	40	50	60	70	80	90	100	100	60	36	20	12	8	5	3	2	1	
7001	23384	1800	2200	10	20	40	60	90	100	130	160	190	230	100	60	36	20	12	8	5	3	2	1	
7002	23384	2200	9999	10	20	50	70	110	140	180	220	260	310	100	60	36	20	12	8	5	3	2	1	
7003	23385	1	1800	10	20	30	40	50	60	70	80	90	100	100	60	36	20	12	8	5	3	2	1	
7004	23385	1800	2200	10	20	40	60	90	100	130	160	190	230	100	60	36	20	12	8	5	3	2	1	
7005	23385	2200	9999	10	20	50	70	110	140	180	220	260	310	100	60	36	20	12	8	5	3	2	1	
7006	23386	1	1800	10	20	30	40	50	60	70	80	90	100	100	60	36	20	12	8	5	3	2	1	
7007	23386	1800	2200	10	20	40	60	90	100	130	160	190	230	100	60	36	20	12	8	5	3	2	1	
7008	23386	2200	9999	10	20	50	70	110	140	180	220	260	310	100	60	36	20	12	8	5	3	2	1	
7009	23387	1	1800	10	20	30	40	50	60	70	80	90	100	100	60	36	20	12	8	5	3	2	1	
7010	23387	1800	2200	10	20	40	60	90	100	130	160	190	230	100	60	36	20	12	8	5	3	2	1	
7011	23387	2200	9999	10	20	50	70	110	140	180	220	260	310	100	60	36	20	12	8	5	3	2	1	
7012	23389	1	1800	10	20	30	40	50	60	70	80	90	100	100	60	36	20	12	8	5	3	2	1	
7013	23389	1800	2200	10	20	40	60	90	100	130	160	190	230	100	60	36	20	12	8	5	3	2	1	
7014	23389	2200	9999	10	20	50	70	110	140	180	220	260	310	100	60	36	20	12	8	5	3	2	1	
7015	23391	1	1800	10	20	30	40	50	60	70	80	90	100	100	60	36	20	12	8	5	3	2	1	
7016	23391	1800	2200	10	20	40	60	90	100	130	160	190	230	100	60	36	20	12	8	5	3	2	1	
7017	23391	2200	9999	10	20	50	70	110	140	180	220	260	310	100	60	36	20	12	8	5	3	2	1	
7018	23392	1	1800	10	20	30	40	50	60	70	80	90	100	100	60	36	20	12	8	5	3	2	1	
7019	23392	1800	2200	10	20	40	60	90	100	130	160	190	230	100	60	36	20	12	8	5	3	2	1	
7020	23392	2200	9999	10	20	50	70	110	140	180	220	260	310	100	60	36	20	12	8	5	3	2	1	
7021	23393	1	1800	10	20	30	40	50	60	70	80	90	100	100	60	36	20	12	8	5	3	2	1	
7022	23393	1800	2200	10	20	40	60	90	100	130	160	190	230	100	60	36	20	12	8	5	3	2	1	
7023	23393	2200	9999	10	20	50	70	110	140	180	220	260	310	100	60	36	20	12	8	5	3	2	1	
7024	23394	1	1800	10	20	30	40	50	60	70	80	90	100	100	60	36	20	12	8	5	3	2	1	
7025	23394	1800	2200	10	20	40	60	90	100	130	160	190	230	100	60	36	20	12	8	5	3	2	1	
7026	23394	2200	9999	10	20	50	70	110	140	180	220	260	310	100	60	36	20	12	8	5	3	2	1	
7027	23395	1	1800	10	20	30	40	50	60	70	80	90	100	100	60	36	20	12	8	5	3	2	1	
7028	23395	1800	2200	10	20	40	60	90	100	130	160	190	230	100	60	36	20	12	8	5	3	2	1	
7029	23395	2200	9999	10	20	50	70	110	140	180	220	260	310	100	60	36	20	12	8	5	3	2	1	
7030	23396	1	1800	10	20	30	40	50	60	70	80	90	100	100	60	36	20	12	8	5	3	2	1	
7031	23396	1800	2200	10	20	40	60	90	100	130	160	190	230	100	60	36	20	12	8	5	3	2	1	
7032	23396	2200	9999	10	20	50	70	110	140	180	220	260	310	100	60	36	20	12	8	5	3	2	1	
7033	23397	1	1800	10	20	30	40	50	60	70	80	90	100	100	60	36	20	12	8	5	3	2	1	
7034	23397	1800	2200	10	20	40	60	90	100	130	160	190	230	100	60	36	20	12	8	5	3	2	1	
7035	23397	2200	9999	10	20	50	70	110	140	180	220	260	310	100	60	36	20	12	8	5	3	2	1	
7036	23398	1	1800	10	20	30	40	50	60	70	80	90	100	100	60	36	20	12	8	5	3	2	1	
7037	23398	1800	2200	10	20	40	60	90	100	130	160	190	230	100	60	36	20	12	8	5	3	2	1	
7038	23398	2200	9999	10	20	50	70	110	140	180	220	260	310	100	60	36	20	12	8	5	3	2	1	
7039	23399	1	1800	10	20	30	40	50	60	70	80	90	100	100	60	36	20	12	8	5	3	2	1	
7040	23399	1800	2200	10	20	40	60	90	100	130	160	190	230	100	60	36	20	12	8	5	3	2	1	
7041	23399	2200	9999	10	20	50	70	110	140	180	220	260	310	100	60	36	20	12	8	5	3	2	1	
7042	25811	1	1800	10	20	30	40	50	60	70	80	90	100	100	60	36	20	12	8	5	3	2	1	
7043	25811	1800	2200	10	20	40	60	90	100	130	160	190	230	100	60	36	20	12	8	5	3	2	1	
7044	25811	2200	9999	10	20	50	70	110	140	180	220	260	310	100	60	36	20	12	8	5	3	2	1	
7045	25821	1	1800	10	20	30	40	50	60	70	80	90	100	100	60	36	20	12	8	5	3	2	1	
7046	25821	1800	2200	10	20	40	60	90	100	130	160	190	230	100	60	36	20	12	8	5	3	2	1	
7047	25821	2200	9999	10	20	50	70	110	140	180	220	260	310	100	60	36	20	12	8	5	3	2	1	
7048	23401	1	1800	10	20	30	40	50	60	70	80	90	100	100	60	36	20	12	8	5	3	2	1	
7049	23401	1800	2200	10	20	40	60	90	100	130	160	190	230	100	60	36	20	12	8	5	3	2	1	
7050	23401	2200	9999	10	20	50	70	110	140	180	220	260	310	100	60	36	20	12	8	5	3	2	1	
7051	23402	1	1800	10	20	30	40	50	60	70	80	90	100	100	60	36	20	12	8	5	3	2	1	
7052	23402	1800	2200	10	20	40	60	90	100	130	160	190	230	100	60	36	20	12	8	5	3	2	1	
7053	23402	2200	9999	10	20	50	70	110	140	180	220	260	310	100	60	36	20	12	8	5	3	2	1	
7054	23409	1	1800	10	20	30	40	50	60	70	80	90	100	100	60	36	20	12	8	5	3	2	1	
7055	23409	1800	2200	10	20	40	60	90	100	130	160	190	230	100	60	36	20	12	8	5	3	2	1	
7056	23409	2200	9999	10	20	50	70	110	140	180	220	260	310	100	60	36	20	12	8	5	3	2	1	
7057	23411	1	1800	10	20	30	40	50	60	70	80	90	100	100	60	36	20	12	8	5	3	2	1	
7058	23411	1800	2200	10	20	40	60	90	100	130	160	190	230	100	60	36	20	12	8	5	3	2	1	
7059	23411	2200	9999	10	20	50	70	110	140	180	220	260	310	100	60	36	20	12	8	5	3	2	1	
7060	23412	1	1800	10	20	30	40	50	60	70	80	90	100	100	60	36	20	12	8	5	3	2	1	
7061	23412	1800	2200	10	20	40	60	90	100	130	160	190	230	100	60	36	20	12	8	5	3	2	1	
7062	23412	2200	9999	10	20	50	70	110	140	180	220	260	310	100	60	36	20	12	8	5	3	2	1	
7063	23413	1	1800	10	20	30	40	50	60	70	80	90	100	100	60	36	20	12	8	5	3	2	1	
7064	23413	1800	2200	10	20	40	60	90	100	130	160	190	230	100	60	36	20	12	8	5	3	2	1	
7065	23413	2200	9999	10	20	50	70	110	140	180	220	260	310	100	60	36	20	12	8	5	3	2	1	
7066	23419	1	1800	10	20	30	40	50	60	70	80	90	100	100	60	36	20	12	8	5	3	2	1	
7067	23419	1800	2200	10	20	40	60	90	100	130	160	190	230	100	60	36	20	12	8	5	3	2	1	
7068	23419	2200	9999	10	20	50	70	110	140	180	220	260	310	100	60	36	20	12	8	5	3	2	1	
7069	23421	1	1800	10	20	30	40	50	60	70	80	90	100	100	60	36	20	12	8	5	3	2	1	
7070	23421	1800	2200	10	20	40	60	90	100	130	160	190	230	100	60	36	20	12	8	5	3	2	1	
7071	23421	2200	9999	10	20	50	70	110	140	180	220	260	310	100	60	36	20	12	8	5	3	2	1	
7072	23422	1	1800	10	20	30	40	50	60	70	80	90	100	100	60	36	20	12	8	5	3	2	1	
7073	23422	1800	2200	10	20	40	60	90	100	130	160	190	230	100	60	36	20	12	8	5	3	2	1	
7074	23422	2200	9999	10	20	50	70	110	140	180	220	260	310	100	60	36	20	12	8	5	3	2	1	
7075	23423	1	1800	10	20	30	40	50	60	70	80	90	100	100	60	36	20	12	8	5	3	2	1	
7076	23423	1800	2200	10	20	40	60	90	100	130	160	190	230	100	60	36	20	12	8	5	3	2	1	
7077	23423	2200	9999	10	20	50	70	110	140	180	220	260	310	100	60	36	20	12	8	5	3	2	1	
7078	23424	1	1800	10	20	30	40	50	60	70	80	90	100	100	60	36	20	12	8	5	3	2	1	
7079	23424	1800	2200	10	20	40	60	90	100	130	160	190	230	100	60	36	20	12	8	5	3	2	1	
7080	23424	2200	9999	10	20	50	70	110	140	180	220	260	310	100	60	36	20	12	8	5	3	2	1	
7081	23429	1	1800	10	20	30	40	50	60	70	80	90	100	100	60	36	20	12	8	5	3	2	1	
7082	23429	1800	2200	10	20	40	60	90	100	130	160	190	230	100	60	36	20	12	8	5	3	2	1	
7083	23429	2200	9999	10	20	50	70	110	140	180	220	260	310	100	60	36	20	12	8	5	3	2	1	
7084	23431	1	1800	10	20	30	40	50	60	70	80	90	100	100	60	36	20	12	8	5	3	2	1	
7085	23431	1800	2200	10	20	40	60	90	100	130	160	190	230	100	60	36	20	12	8	5	3	2	1	
7086	23431	2200	9999	10	20	50	70	110	140	180	220	260	310	100	60	36	20	12	8	5	3	2	1	
7087	23432	1	1800	10	20	30	40	50	60	70	80	90	100	100	60	36	20	12	8	5	3	2	1	
7088	23432	1800	2200	10	20	40	60	90	100	130	160	190	230	100	60	36	20	12	8	5	3	2	1	
7089	23432	2200	9999	10	20	50	70	110	140	180	220	260	310	100	60	36	20	12	8	5	3	2	1	
7090	23433	1	1800	10	20	30	40	50	60	70	80	90	100	100	60	36	20	12	8	5	3	2	1	
7091	23433	1800	2200	10	20	40	60	90	100	130	160	190	230	100	60	36	20	12	8	5	3	2	1	
7092	23433	2200	9999	10	20	50	70	110	140	180	220	260	310	100	60	36	20	12	8	5	3	2	1	
7093	23434	1	1800	10	20	30	40	50	60	70	80	90	100	100	60	36	20	12	8	5	3	2	1	
7094	23434	1800	2200	10	20	40	60	90	100	130	160	190	230	100	60	36	20	12	8	5	3	2	1	
7095	23434	2200	9999	10	20	50	70	110	140	180	220	260	310	100	60	36	20	12	8	5	3	2	1	
7096	23435	1	1800	10	20	30	40	50	60	70	80	90	100	100	60	36	20	12	8	5	3	2	1	
7097	23435	1800	2200	10	20	40	60	90	100	130	160	190	230	100	60	36	20	12	8	5	3	2	1	
7098	23435	2200	9999	10	20	50	70	110	140	180	220	260	310	100	60	36	20	12	8	5	3	2	1	
7099	23439	1	1800	10	20	30	40	50	60	70	80	90	100	100	60	36	20	12	8	5	3	2	1	
7100	23439	1800	2200	10	20	40	60	90	100	130	160	190	230	100	60	36	20	12	8	5	3	2	1	
7101	23439	2200	9999	10	20	50	70	110	140	180	220	260	310	100	60	36	20	12	8	5	3	2	1	
7102	23441	1	1800	10	20	30	40	50	60	70	80	90	100	100	60	36	20	12	8	5	3	2	1	
7103	23441	1800	2200	10	20	40	60	90	100	130	160	190	230	100	60	36	20	12	8	5	3	2	1	
7104	23441	2200	9999	10	20	50	70	110	140	180	220	260	310	100	60	36	20	12	8	5	3	2	1	
7105	23442	1	1800	10	20	30	40	50	60	70	80	90	100	100	60	36	20	12	8	5	3	2	1	
7106	23442	1800	2200	10	20	40	60	90	100	130	160	190	230	100	60	36	20	12	8	5	3	2	1	
7107	23442	2200	9999	10	20	50	70	110	140	180	220	260	310	100	60	36	20	12	8	5	3	2	1	
7108	23443	1	1800	10	20	30	40	50	60	70	80	90	100	100	60	36	20	12	8	5	3	2	1	
7109	23443	1800	2200	10	20	40	60	90	100	130	160	190	230	100	60	36	20	12	8	5	3	2	1	
7110	23443	2200	9999	10	20	50	70	110	140	180	220	260	310	100	60	36	20	12	8	5	3	2	1	
7111	23444	1	1800	10	20	30	40	50	60	70	80	90	100	100	60	36	20	12	8	5	3	2	1	
7112	23444	1800	2200	10	20	40	60	90	100	130	160	190	230	100	60	36	20	12	8	5	3	2	1	
7113	23444	2200	9999	10	20	50	70	110	140	180	220	260	310	100	60	36	20	12	8	5	3	2	1	
7114	23445	1	1800	10	20	30	40	50	60	70	80	90	100	100	60	36	20	12	8	5	3	2	1	
7115	23445	1800	2200	10	20	40	60	90	100	130	160	190	230	100	60	36	20	12	8	5	3	2	1	
7116	23445	2200	9999	10	20	50	70	110	140	180	220	260	310	100	60	36	20	12	8	5	3	2	1	
7117	23446	1	1800	10	20	30	40	50	60	70	80	90	100	100	60	36	20	12	8	5	3	2	1	
7118	23446	1800	2200	10	20	40	60	90	100	130	160	190	230	100	60	36	20	12	8	5	3	2	1	
7119	23446	2200	9999	10	20	50	70	110	140	180	220	260	310	100	60	36	20	12	8	5	3	2	1	
7120	23449	1	1800	10	20	30	40	50	60	70	80	90	100	100	60	36	20	12	8	5	3	2	1	
7121	23449	1800	2200	10	20	40	60	90	100	130	160	190	230	100	60	36	20	12	8	5	3	2	1	
7122	23449	2200	9999	10	20	50	70	110	140	180	220	260	310	100	60	36	20	12	8	5	3	2	1	
7123	23451	1	1800	10	20	30	40	50	60	70	80	90	100	100	60	36	20	12	8	5	3	2	1	
7124	23451	1800	2200	10	20	40	60	90	100	130	160	190	230	100	60	36	20	12	8	5	3	2	1	
7125	23451	2200	9999	10	20	50	70	110	140	180	220	260	310	100	60	36	20	12	8	5	3	2	1	
7126	23452	1	1800	10	20	30	40	50	60	70	80	90	100	100	60	36	20	12	8	5	3	2	1	
7127	23452	1800	2200	10	20	40	60	90	100	130	160	190	230	100	60	36	20	12	8	5	3	2	1	
7128	23452	2200	9999	10	20	50	70	110	140	180	220	260	310	100	60	36	20	12	8	5	3	2	1	
7129	23453	1	1800	10	20	30	40	50	60	70	80	90	100	100	60	36	20	12	8	5	3	2	1	
7130	23453	1800	2200	10	20	40	60	90	100	130	160	190	230	100	60	36	20	12	8	5	3	2	1	
7131	23453	2200	9999	10	20	50	70	110	140	180	220	260	310	100	60	36	20	12	8	5	3	2	1	
7132	23454	1	1800	10	20	30	40	50	60	70	80	90	100	100	60	36	20	12	8	5	3	2	1	
7133	23454	1800	2200	10	20	40	60	90	100	130	160	190	230	100	60	36	20	12	8	5	3	2	1	
7134	23454	2200	9999	10	20	50	70	110	140	180	220	260	310	100	60	36	20	12	8	5	3	2	1	
7135	23455	1	1800	10	20	30	40	50	60	70	80	90	100	100	60	36	20	12	8	5	3	2	1	
7136	23455	1800	2200	10	20	40	60	90	100	130	160	190	230	100	60	36	20	12	8	5	3	2	1	
7137	23455	2200	9999	10	20	50	70	110	140	180	220	260	310	100	60	36	20	12	8	5	3	2	1	
7138	23456	1	1800	10	20	30	40	50	60	70	80	90	100	100	60	36	20	12	8	5	3	2	1	
7139	23456	1800	2200	10	20	40	60	90	100	130	160	190	230	100	60	36	20	12	8	5	3	2	1	
7140	23456	2200	9999	10	20	50	70	110	140	180	220	260	310	100	60	36	20	12	8	5	3	2	1	
7141	23457	1	1800	10	20	30	40	50	60	70	80	90	100	100	60	36	20	12	8	5	3	2	1	
7142	23457	1800	2200	10	20	40	60	90	100	130	160	190	230	100	60	36	20	12	8	5	3	2	1	
7143	23457	2200	9999	10	20	50	70	110	140	180	220	260	310	100	60	36	20	12	8	5	3	2	1	
7144	23459	1	1800	10	20	30	40	50	60	70	80	90	100	100	60	36	20	12	8	5	3	2	1	
7145	23459	1800	2200	10	20	40	60	90	100	130	160	190	230	100	60	36	20	12	8	5	3	2	1	
7146	23459	2200	9999	10	20	50	70	110	140	180	220	260	310	100	60	36	20	12	8	5	3	2	1	
7147	23461	1	1800	10	20	30	40	50	60	70	80	90	100	100	60	36	20	12	8	5	3	2	1	
7148	23461	1800	2200	10	20	40	60	90	100	130	160	190	230	100	60	36	20	12	8	5	3	2	1	
7149	23461	2200	9999	10	20	50	70	110	140	180	220	260	310	100	60	36	20	12	8	5	3	2	1	
7150	23462	1	1800	10	20	30	40	50	60	70	80	90	100	100	60	36	20	12	8	5	3	2	1	
7151	23462	1800	2200	10	20	40	60	90	100	130	160	190	230	100	60	36	20	12	8	5	3	2	1	
7152	23462	2200	9999	10	20	50	70	110	140	180	220	260	310	100	60	36	20	12	8	5	3	2	1	
7153	23463	1	1800	10	20	30	40	50	60	70	80	90	100	100	60	36	20	12	8	5	3	2	1	
7154	23463	1800	2200	10	20	40	60	90	100	130	160	190	230	100	60	36	20	12	8	5	3	2	1	
7155	23463	2200	9999	10	20	50	70	110	140	180	220	260	310	100	60	36	20	12	8	5	3	2	1	
7156	23464	1	1800	10	20	30	40	50	60	70	80	90	100	100	60	36	20	12	8	5	3	2	1	
7157	23464	1800	2200	10	20	40	60	90	100	130	160	190	230	100	60	36	20	12	8	5	3	2	1	
7158	23464	2200	9999	10	20	50	70	110	140	180	220	260	310	100	60	36	20	12	8	5	3	2	1	
7159	23465	1	1800	10	20	30	40	50	60	70	80	90	100	100	60	36	20	12	8	5	3	2	1	
7160	23465	1800	2200	10	20	40	60	90	100	130	160	190	230	100	60	36	20	12	8	5	3	2	1	
7161	23465	2200	9999	10	20	50	70	110	140	180	220	260	310	100	60	36	20	12	8	5	3	2	1	
7162	23466	1	1800	10	20	30	40	50	60	70	80	90	100	100	60	36	20	12	8	5	3	2	1	
7163	23466	1800	2200	10	20	40	60	90	100	130	160	190	230	100	60	36	20	12	8	5	3	2	1	
7164	23466	2200	9999	10	20	50	70	110	140	180	220	260	310	100	60	36	20	12	8	5	3	2	1	
7165	23467	1	1800	10	20	30	40	50	60	70	80	90	100	100	60	36	20	12	8	5	3	2	1	
7166	23467	1800	2200	10	20	40	60	90	100	130	160	190	230	100	60	36	20	12	8	5	3	2	1	
7167	23467	2200	9999	10	20	50	70	110	140	180	220	260	310	100	60	36	20	12	8	5	3	2	1	
7168	23468	1	1800	10	20	30	40	50	60	70	80	90	100	100	60	36	20	12	8	5	3	2	1	
7169	23468	1800	2200	10	20	40	60	90	100	130	160	190	230	100	60	36	20	12	8	5	3	2	1	
7170	23468	2200	9999	10	20	50	70	110	140	180	220	260	310	100	60	36	20	12	8	5	3	2	1	
7171	23469	1	1800	10	20	30	40	50	60	70	80	90	100	100	60	36	20	12	8	5	3	2	1	
7172	23469	1800	2200	10	20	40	60	90	100	130	160	190	230	100	60	36	20	12	8	5	3	2	1	
7173	23469	2200	9999	10	20	50	70	110	140	180	220	260	310	100	60	36	20	12	8	5	3	2	1	
7174	25831	1	1800	10	20	30	40	50	60	70	80	90	100	100	60	36	20	12	8	5	3	2	1	
7175	25831	1800	2200	10	20	40	60	90	100	130	160	190	230	100	60	36	20	12	8	5	3	2	1	
7176	25831	2200	9999	10	20	50	70	110	140	180	220	260	310	100	60	36	20	12	8	5	3	2	1	
7177	25841	1	1800	10	20	30	40	50	60	70	80	90	100	100	60	36	20	12	8	5	3	2	1	
7178	25841	1800	2200	10	20	40	60	90	100	130	160	190	230	100	60	36	20	12	8	5	3	2	1	
7179	25841	2200	9999	10	20	50	70	110	140	180	220	260	310	100	60	36	20	12	8	5	3	2	1	
7180	23471	1	1800	10	20	30	40	50	60	70	80	90	100	100	60	36	20	12	8	5	3	2	1	
7181	23471	1800	2200	10	20	40	60	90	100	130	160	190	230	100	60	36	20	12	8	5	3	2	1	
7182	23471	2200	9999	10	20	50	70	110	140	180	220	260	310	100	60	36	20	12	8	5	3	2	1	
7183	23472	1	1800	10	20	30	40	50	60	70	80	90	100	100	60	36	20	12	8	5	3	2	1	
7184	23472	1800	2200	10	20	40	60	90	100	130	160	190	230	100	60	36	20	12	8	5	3	2	1	
7185	23472	2200	9999	10	20	50	70	110	140	180	220	260	310	100	60	36	20	12	8	5	3	2	1	
7186	23479	1	1800	10	20	30	40	50	60	70	80	90	100	100	60	36	20	12	8	5	3	2	1	
7187	23479	1800	2200	10	20	40	60	90	100	130	160	190	230	100	60	36	20	12	8	5	3	2	1	
7188	23479	2200	9999	10	20	50	70	110	140	180	220	260	310	100	60	36	20	12	8	5	3	2	1	
7189	23491	1	1800	10	20	30	40	50	60	70	80	90	100	100	60	36	20	12	8	5	3	2	1	
7190	23491	1800	2200	10	20	40	60	90	100	130	160	190	230	100	60	36	20	12	8	5	3	2	1	
7191	23491	2200	9999	10	20	50	70	110	140	180	220	260	310	100	60	36	20	12	8	5	3	2	1	
7192	23492	1	1800	10	20	30	40	50	60	70	80	90	100	100	60	36	20	12	8	5	3	2	1	
7193	23492	1800	2200	10	20	40	60	90	100	130	160	190	230	100	60	36	20	12	8	5	3	2	1	
7194	23492	2200	9999	10	20	50	70	110	140	180	220	260	310	100	60	36	20	12	8	5	3	2	1	
7195	23499	1	1800	10	20	30	40	50	60	70	80	90	100	100	60	36	20	12	8	5	3	2	1	
7196	23499	1800	2200	10	20	40	60	90	100	130	160	190	230	100	60	36	20	12	8	5	3	2	1	
7197	23499	2200	9999	10	20	50	70	110	140	180	220	260	310	100	60	36	20	12	8	5	3	2	1	
7198	24411	1	1800	10	20	30	40	50	60	70	80	90	100	100	60	36	20	12	8	5	3	2	1	
7199	24411	1800	2200	10	20	40	60	90	100	130	160	190	230	100	60	36	20	12	8	5	3	2	1	
7200	24411	2200	9999	10	20	50	70	110	140	180	220	260	310	100	60	36	20	12	8	5	3	2	1	
7201	24412	1	1800	10	20	30	40	50	60	70	80	90	100	100	60	36	20	12	8	5	3	2	1	
7202	24412	1800	2200	10	20	40	60	90	100	130	160	190	230	100	60	36	20	12	8	5	3	2	1	
7203	24412	2200	9999	10	20	50	70	110	140	180	220	260	310	100	60	36	20	12	8	5	3	2	1	
7204	24419	1	1800	10	20	30	40	50	60	70	80	90	100	100	60	36	20	12	8	5	3	2	1	
7205	24419	1800	2200	10	20	40	60	90	100	130	160	190	230	100	60	36	20	12	8	5	3	2	1	
7206	24419	2200	9999	10	20	50	70	110	140	180	220	260	310	100	60	36	20	12	8	5	3	2	1	
7207	24421	1	1800	10	20	30	40	50	60	70	80	90	100	100	60	36	20	12	8	5	3	2	1	
7208	24421	1800	2200	10	20	40	60	90	100	130	160	190	230	100	60	36	20	12	8	5	3	2	1	
7209	24421	2200	9999	10	20	50	70	110	140	180	220	260	310	100	60	36	20	12	8	5	3	2	1	
7210	24422	1	1800	10	20	30	40	50	60	70	80	90	100	100	60	36	20	12	8	5	3	2	1	
7211	24422	1800	2200	10	20	40	60	90	100	130	160	190	230	100	60	36	20	12	8	5	3	2	1	
7212	24422	2200	9999	10	20	50	70	110	140	180	220	260	310	100	60	36	20	12	8	5	3	2	1	
7213	24429	1	1800	10	20	30	40	50	60	70	80	90	100	100	60	36	20	12	8	5	3	2	1	
7214	24429	1800	2200	10	20	40	60	90	100	130	160	190	230	100	60	36	20	12	8	5	3	2	1	
7215	24429	2200	9999	10	20	50	70	110	140	180	220	260	310	100	60	36	20	12	8	5	3	2	1	
7216	24431	1	1800	10	20	30	40	50	60	70	80	90	100	100	60	36	20	12	8	5	3	2	1	
7217	24431	1800	2200	10	20	40	60	90	100	130	160	190	230	100	60	36	20	12	8	5	3	2	1	
7218	24431	2200	9999	10	20	50	70	110	140	180	220	260	310	100	60	36	20	12	8	5	3	2	1	
7219	24432	1	1800	10	20	30	40	50	60	70	80	90	100	100	60	36	20	12	8	5	3	2	1	
7220	24432	1800	2200	10	20	40	60	90	100	130	160	190	230	100	60	36	20	12	8	5	3	2	1	
7221	24432	2200	9999	10	20	50	70	110	140	180	220	260	310	100	60	36	20	12	8	5	3	2	1	
7222	24439	1	1800	10	20	30	40	50	60	70	80	90	100	100	60	36	20	12	8	5	3	2	1	
7223	24439	1800	2200	10	20	40	60	90	100	130	160	190	230	100	60	36	20	12	8	5	3	2	1	
7224	24439	2200	9999	10	20	50	70	110	140	180	220	260	310	100	60	36	20	12	8	5	3	2	1	
7225	24581	1	1800	10	20	30	40	50	60	70	80	90	100	100	60	36	20	12	8	5	3	2	1	
7226	24581	1800	2200	10	20	40	60	90	100	130	160	190	230	100	60	36	20	12	8	5	3	2	1	
7227	24581	2200	9999	10	20	50	70	110	140	180	220	260	310	100	60	36	20	12	8	5	3	2	1	
7228	24582	1	1800	10	20	30	40	50	60	70	80	90	100	100	60	36	20	12	8	5	3	2	1	
7229	24582	1800	2200	10	20	40	60	90	100	130	160	190	230	100	60	36	20	12	8	5	3	2	1	
7230	24582	2200	9999	10	20	50	70	110	140	180	220	260	310	100	60	36	20	12	8	5	3	2	1	
7231	24589	1	1800	10	20	30	40	50	60	70	80	90	100	100	60	36	20	12	8	5	3	2	1	
7232	24589	1800	2200	10	20	40	60	90	100	130	160	190	230	100	60	36	20	12	8	5	3	2	1	
7233	24589	2200	9999	10	20	50	70	110	140	180	220	260	310	100	60	36	20	12	8	5	3	2	1	
7330	23741	1	1800	10	20	30	40	60	70	80	90	100	120	100	60	36	20	12	8	5	3	2	1	
7331	23741	1800	2200	10	20	40	70	100	110	140	170	200	250	100	60	36	20	12	8	5	3	2	1	
7332	23741	2200	9999	10	30	50	70	120	150	200	240	280	340	100	60	36	20	12	8	5	3	2	1	
7333	23742	1	1800	10	20	30	40	60	70	80	90	100	120	100	60	36	20	12	8	5	3	2	1	
7334	23742	1800	2200	10	20	40	70	100	110	140	170	200	250	100	60	36	20	12	8	5	3	2	1	
7335	23742	2200	9999	10	30	50	70	120	150	200	240	280	340	100	60	36	20	12	8	5	3	2	1	
7336	23743	1	1800	10	20	30	40	60	70	80	90	100	120	100	60	36	20	12	8	5	3	2	1	
7337	23743	1800	2200	10	20	40	70	100	110	140	170	200	250	100	60	36	20	12	8	5	3	2	1	
7338	23743	2200	9999	10	30	50	70	120	150	200	240	280	340	100	60	36	20	12	8	5	3	2	1	
7339	23744	1	1800	10	20	30	40	60	70	80	90	100	120	100	60	36	20	12	8	5	3	2	1	
7340	23744	1800	2200	10	20	40	70	100	110	140	170	200	250	100	60	36	20	12	8	5	3	2	1	
7341	23744	2200	9999	10	30	50	70	120	150	200	240	280	340	100	60	36	20	12	8	5	3	2	1	
7342	23745	1	1800	10	20	30	40	60	70	80	90	100	120	100	60	36	20	12	8	5	3	2	1	
7343	23745	1800	2200	10	20	40	70	100	110	140	170	200	250	100	60	36	20	12	8	5	3	2	1	
7344	23745	2200	9999	10	30	50	70	120	150	200	240	280	340	100	60	36	20	12	8	5	3	2	1	
7345	23749	1	1800	10	20	30	40	60	70	80	90	100	120	100	60	36	20	12	8	5	3	2	1	
7346	23749	1800	2200	10	20	40	70	100	110	140	170	200	250	100	60	36	20	12	8	5	3	2	1	
7347	23749	2200	9999	10	30	50	70	120	150	200	240	280	340	100	60	36	20	12	8	5	3	2	1	
7348	23751	1	1800	10	20	30	40	60	70	80	90	100	120	100	60	36	20	12	8	5	3	2	1	
7349	23751	1800	2200	10	20	40	70	100	110	140	170	200	250	100	60	36	20	12	8	5	3	2	1	
7350	23751	2200	9999	10	30	50	70	120	150	200	240	280	340	100	60	36	20	12	8	5	3	2	1	
7351	23752	1	1800	10	20	30	40	60	70	80	90	100	120	100	60	36	20	12	8	5	3	2	1	
7352	23752	1800	2200	10	20	40	70	100	110	140	170	200	250	100	60	36	20	12	8	5	3	2	1	
7353	23752	2200	9999	10	30	50	70	120	150	200	240	280	340	100	60	36	20	12	8	5	3	2	1	
7354	23753	1	1800	10	20	30	40	60	70	80	90	100	120	100	60	36	20	12	8	5	3	2	1	
7355	23753	1800	2200	10	20	40	70	100	110	140	170	200	250	100	60	36	20	12	8	5	3	2	1	
7356	23753	2200	9999	10	30	50	70	120	150	200	240	280	340	100	60	36	20	12	8	5	3	2	1	
7357	23754	1	1800	10	20	30	40	60	70	80	90	100	120	100	60	36	20	12	8	5	3	2	1	
7358	23754	1800	2200	10	20	40	70	100	110	140	170	200	250	100	60	36	20	12	8	5	3	2	1	
7359	23754	2200	9999	10	30	50	70	120	150	200	240	280	340	100	60	36	20	12	8	5	3	2	1	
7360	23755	1	1800	10	20	30	40	60	70	80	90	100	120	100	60	36	20	12	8	5	3	2	1	
7361	23755	1800	2200	10	20	40	70	100	110	140	170	200	250	100	60	36	20	12	8	5	3	2	1	
7362	23755	2200	9999	10	30	50	70	120	150	200	240	280	340	100	60	36	20	12	8	5	3	2	1	
7363	23756	1	1800	10	20	30	40	60	70	80	90	100	120	100	60	36	20	12	8	5	3	2	1	
7364	23756	1800	2200	10	20	40	70	100	110	140	170	200	250	100	60	36	20	12	8	5	3	2	1	
7365	23756	2200	9999	10	30	50	70	120	150	200	240	280	340	100	60	36	20	12	8	5	3	2	1	
7366	23759	1	1800	10	20	30	40	60	70	80	90	100	120	100	60	36	20	12	8	5	3	2	1	
7367	23759	1800	2200	10	20	40	70	100	110	140	170	200	250	100	60	36	20	12	8	5	3	2	1	
7368	23759	2200	9999	10	30	50	70	120	150	200	240	280	340	100	60	36	20	12	8	5	3	2	1	
7369	23761	1	1800	10	20	30	40	60	70	80	90	100	120	100	60	36	20	12	8	5	3	2	1	
7370	23761	1800	2200	10	20	40	70	100	110	140	170	200	250	100	60	36	20	12	8	5	3	2	1	
7371	23761	2200	9999	10	30	50	70	120	150	200	240	280	340	100	60	36	20	12	8	5	3	2	1	
7372	23762	1	1800	10	20	30	40	60	70	80	90	100	120	100	60	36	20	12	8	5	3	2	1	
7373	23762	1800	2200	10	20	40	70	100	110	140	170	200	250	100	60	36	20	12	8	5	3	2	1	
7374	23762	2200	9999	10	30	50	70	120	150	200	240	280	340	100	60	36	20	12	8	5	3	2	1	
7375	23763	1	1800	10	20	30	40	60	70	80	90	100	120	100	60	36	20	12	8	5	3	2	1	
7376	23763	1800	2200	10	20	40	70	100	110	140	170	200	250	100	60	36	20	12	8	5	3	2	1	
7377	23763	2200	9999	10	30	50	70	120	150	200	240	280	340	100	60	36	20	12	8	5	3	2	1	
7378	23764	1	1800	10	20	30	40	60	70	80	90	100	120	100	60	36	20	12	8	5	3	2	1	
7379	23764	1800	2200	10	20	40	70	100	110	140	170	200	250	100	60	36	20	12	8	5	3	2	1	
7380	23764	2200	9999	10	30	50	70	120	150	200	240	280	340	100	60	36	20	12	8	5	3	2	1	
7381	23765	1	1800	10	20	30	40	60	70	80	90	100	120	100	60	36	20	12	8	5	3	2	1	
7382	23765	1800	2200	10	20	40	70	100	110	140	170	200	250	100	60	36	20	12	8	5	3	2	1	
7383	23765	2200	9999	10	30	50	70	120	150	200	240	280	340	100	60	36	20	12	8	5	3	2	1	
7384	23766	1	1800	10	20	30	40	60	70	80	90	100	120	100	60	36	20	12	8	5	3	2	1	
7385	23766	1800	2200	10	20	40	70	100	110	140	170	200	250	100	60	36	20	12	8	5	3	2	1	
7386	23766	2200	9999	10	30	50	70	120	150	200	240	280	340	100	60	36	20	12	8	5	3	2	1	
7387	23767	1	1800	10	20	30	40	60	70	80	90	100	120	100	60	36	20	12	8	5	3	2	1	
7388	23767	1800	2200	10	20	40	70	100	110	140	170	200	250	100	60	36	20	12	8	5	3	2	1	
7389	23767	2200	9999	10	30	50	70	120	150	200	240	280	340	100	60	36	20	12	8	5	3	2	1	
7390	23769	1	1800	10	20	30	40	60	70	80	90	100	120	100	60	36	20	12	8	5	3	2	1	
7391	23769	1800	2200	10	20	40	70	100	110	140	170	200	250	100	60	36	20	12	8	5	3	2	1	
7392	23769	2200	9999	10	30	50	70	120	150	200	240	280	340	100	60	36	20	12	8	5	3	2	1	
7393	23771	1	1800	10	20	30	40	60	70	80	90	100	120	100	60	36	20	12	8	5	3	2	1	
7394	23771	1800	2200	10	20	40	70	100	110	140	170	200	250	100	60	36	20	12	8	5	3	2	1	
7395	23771	2200	9999	10	30	50	70	120	150	200	240	280	340	100	60	36	20	12	8	5	3	2	1	
7396	23772	1	1800	10	20	30	40	60	70	80	90	100	120	100	60	36	20	12	8	5	3	2	1	
7397	23772	1800	2200	10	20	40	70	100	110	140	170	200	250	100	60	36	20	12	8	5	3	2	1	
7398	23772	2200	9999	10	30	50	70	120	150	200	240	280	340	100	60	36	20	12	8	5	3	2	1	
7399	23773	1	1800	10	20	30	40	60	70	80	90	100	120	100	60	36	20	12	8	5	3	2	1	
7400	23773	1800	2200	10	20	40	70	100	110	140	170	200	250	100	60	36	20	12	8	5	3	2	1	
7401	23773	2200	9999	10	30	50	70	120	150	200	240	280	340	100	60	36	20	12	8	5	3	2	1	
7402	23774	1	1800	10	20	30	40	60	70	80	90	100	120	100	60	36	20	12	8	5	3	2	1	
7403	23774	1800	2200	10	20	40	70	100	110	140	170	200	250	100	60	36	20	12	8	5	3	2	1	
7404	23774	2200	9999	10	30	50	70	120	150	200	240	280	340	100	60	36	20	12	8	5	3	2	1	
7405	23775	1	1800	10	20	30	40	60	70	80	90	100	120	100	60	36	20	12	8	5	3	2	1	
7406	23775	1800	2200	10	20	40	70	100	110	140	170	200	250	100	60	36	20	12	8	5	3	2	1	
7407	23775	2200	9999	10	30	50	70	120	150	200	240	280	340	100	60	36	20	12	8	5	3	2	1	
7408	23776	1	1800	10	20	30	40	60	70	80	90	100	120	100	60	36	20	12	8	5	3	2	1	
7409	23776	1800	2200	10	20	40	70	100	110	140	170	200	250	100	60	36	20	12	8	5	3	2	1	
7410	23776	2200	9999	10	30	50	70	120	150	200	240	280	340	100	60	36	20	12	8	5	3	2	1	
7411	23777	1	1800	10	20	30	40	60	70	80	90	100	120	100	60	36	20	12	8	5	3	2	1	
7412	23777	1800	2200	10	20	40	70	100	110	140	170	200	250	100	60	36	20	12	8	5	3	2	1	
7413	23777	2200	9999	10	30	50	70	120	150	200	240	280	340	100	60	36	20	12	8	5	3	2	1	
7414	23778	1	1800	10	20	30	40	60	70	80	90	100	120	100	60	36	20	12	8	5	3	2	1	
7415	23778	1800	2200	10	20	40	70	100	110	140	170	200	250	100	60	36	20	12	8	5	3	2	1	
7416	23778	2200	9999	10	30	50	70	120	150	200	240	280	340	100	60	36	20	12	8	5	3	2	1	
7417	23779	1	1800	10	20	30	40	60	70	80	90	100	120	100	60	36	20	12	8	5	3	2	1	
7418	23779	1800	2200	10	20	40	70	100	110	140	170	200	250	100	60	36	20	12	8	5	3	2	1	
7419	23779	2200	9999	10	30	50	70	120	150	200	240	280	340	100	60	36	20	12	8	5	3	2	1	
7663	23911	1	1800	10	20	30	40	60	70	80	90	100	120	100	60	36	20	12	8	5	3	2	1	
7664	23911	1800	2200	10	20	40	70	100	110	140	170	200	250	100	60	36	20	12	8	5	3	2	1	
7665	23911	2200	9999	10	30	50	70	120	150	200	240	280	340	100	60	36	20	12	8	5	3	2	1	
7666	23912	1	1800	10	20	30	40	60	70	80	90	100	120	100	60	36	20	12	8	5	3	2	1	
7667	23912	1800	2200	10	20	40	70	100	110	140	170	200	250	100	60	36	20	12	8	5	3	2	1	
7668	23912	2200	9999	10	30	50	70	120	150	200	240	280	340	100	60	36	20	12	8	5	3	2	1	
7669	23919	1	1800	10	20	30	40	60	70	80	90	100	120	100	60	36	20	12	8	5	3	2	1	
7670	23919	1800	2200	10	20	40	70	100	110	140	170	200	250	100	60	36	20	12	8	5	3	2	1	
7671	23919	2200	9999	10	30	50	70	120	150	200	240	280	340	100	60	36	20	12	8	5	3	2	1	
7672	23921	1	1800	10	20	30	40	60	70	80	90	100	120	100	60	36	20	12	8	5	3	2	1	
7673	23921	1800	2200	10	20	40	70	100	110	140	170	200	250	100	60	36	20	12	8	5	3	2	1	
7674	23921	2200	9999	10	30	50	70	120	150	200	240	280	340	100	60	36	20	12	8	5	3	2	1	
7675	23922	1	1800	10	20	30	40	60	70	80	90	100	120	100	60	36	20	12	8	5	3	2	1	
7676	23922	1800	2200	10	20	40	70	100	110	140	170	200	250	100	60	36	20	12	8	5	3	2	1	
7677	23922	2200	9999	10	30	50	70	120	150	200	240	280	340	100	60	36	20	12	8	5	3	2	1	
7678	23923	1	1800	10	20	30	40	60	70	80	90	100	120	100	60	36	20	12	8	5	3	2	1	
7679	23923	1800	2200	10	20	40	70	100	110	140	170	200	250	100	60	36	20	12	8	5	3	2	1	
7680	23923	2200	9999	10	30	50	70	120	150	200	240	280	340	100	60	36	20	12	8	5	3	2	1	
7681	23929	1	1800	10	20	30	40	60	70	80	90	100	120	100	60	36	20	12	8	5	3	2	1	
7682	23929	1800	2200	10	20	40	70	100	110	140	170	200	250	100	60	36	20	12	8	5	3	2	1	
7683	23929	2200	9999	10	30	50	70	120	150	200	240	280	340	100	60	36	20	12	8	5	3	2	1	
7684	23931	1	1800	10	20	30	40	60	70	80	90	100	120	100	60	36	20	12	8	5	3	2	1	
7685	23931	1800	2200	10	20	40	70	100	110	140	170	200	250	100	60	36	20	12	8	5	3	2	1	
7686	23931	2200	9999	10	30	50	70	120	150	200	240	280	340	100	60	36	20	12	8	5	3	2	1	
7687	23932	1	1800	10	20	30	40	60	70	80	90	100	120	100	60	36	20	12	8	5	3	2	1	
7688	23932	1800	2200	10	20	40	70	100	110	140	170	200	250	100	60	36	20	12	8	5	3	2	1	
7689	23932	2200	9999	10	30	50	70	120	150	200	240	280	340	100	60	36	20	12	8	5	3	2	1	
7690	23933	1	1800	10	20	30	40	60	70	80	90	100	120	100	60	36	20	12	8	5	3	2	1	
7691	23933	1800	2200	10	20	40	70	100	110	140	170	200	250	100	60	36	20	12	8	5	3	2	1	
7692	23933	2200	9999	10	30	50	70	120	150	200	240	280	340	100	60	36	20	12	8	5	3	2	1	
7693	23934	1	1800	10	20	30	40	60	70	80	90	100	120	100	60	36	20	12	8	5	3	2	1	
7694	23934	1800	2200	10	20	40	70	100	110	140	170	200	250	100	60	36	20	12	8	5	3	2	1	
7695	23934	2200	9999	10	30	50	70	120	150	200	240	280	340	100	60	36	20	12	8	5	3	2	1	
7696	23939	1	1800	10	20	30	40	60	70	80	90	100	120	100	60	36	20	12	8	5	3	2	1	
7697	23939	1800	2200	10	20	40	70	100	110	140	170	200	250	100	60	36	20	12	8	5	3	2	1	
7698	23939	2200	9999	10	30	50	70	120	150	200	240	280	340	100	60	36	20	12	8	5	3	2	1	
7699	23941	1	1800	10	20	30	40	60	70	80	90	100	120	100	60	36	20	12	8	5	3	2	1	
7700	23941	1800	2200	10	20	40	70	100	110	140	170	200	250	100	60	36	20	12	8	5	3	2	1	
7701	23941	2200	9999	10	30	50	70	120	150	200	240	280	340	100	60	36	20	12	8	5	3	2	1	
7702	23942	1	1800	10	20	30	40	60	70	80	90	100	120	100	60	36	20	12	8	5	3	2	1	
7703	23942	1800	2200	10	20	40	70	100	110	140	170	200	250	100	60	36	20	12	8	5	3	2	1	
7704	23942	2200	9999	10	30	50	70	120	150	200	240	280	340	100	60	36	20	12	8	5	3	2	1	
7705	23943	1	1800	10	20	30	40	60	70	80	90	100	120	100	60	36	20	12	8	5	3	2	1	
7706	23943	1800	2200	10	20	40	70	100	110	140	170	200	250	100	60	36	20	12	8	5	3	2	1	
7707	23943	2200	9999	10	30	50	70	120	150	200	240	280	340	100	60	36	20	12	8	5	3	2	1	
7708	23944	1	1800	10	20	30	40	60	70	80	90	100	120	100	60	36	20	12	8	5	3	2	1	
7709	23944	1800	2200	10	20	40	70	100	110	140	170	200	250	100	60	36	20	12	8	5	3	2	1	
7710	23944	2200	9999	10	30	50	70	120	150	200	240	280	340	100	60	36	20	12	8	5	3	2	1	
7711	23945	1	1800	10	20	30	40	60	70	80	90	100	120	100	60	36	20	12	8	5	3	2	1	
7712	23945	1800	2200	10	20	40	70	100	110	140	170	200	250	100	60	36	20	12	8	5	3	2	1	
7713	23945	2200	9999	10	30	50	70	120	150	200	240	280	340	100	60	36	20	12	8	5	3	2	1	
7714	23949	1	1800	10	20	30	40	60	70	80	90	100	120	100	60	36	20	12	8	5	3	2	1	
7715	23949	1800	2200	10	20	40	70	100	110	140	170	200	250	100	60	36	20	12	8	5	3	2	1	
7716	23949	2200	9999	10	30	50	70	120	150	200	240	280	340	100	60	36	20	12	8	5	3	2	1	
7717	23951	1	1800	10	20	30	40	60	70	80	90	100	120	100	60	36	20	12	8	5	3	2	1	
7718	23951	1800	2200	10	20	40	70	100	110	140	170	200	250	100	60	36	20	12	8	5	3	2	1	
7719	23951	2200	9999	10	30	50	70	120	150	200	240	280	340	100	60	36	20	12	8	5	3	2	1	
7720	23952	1	1800	10	20	30	40	60	70	80	90	100	120	100	60	36	20	12	8	5	3	2	1	
7721	23952	1800	2200	10	20	40	70	100	110	140	170	200	250	100	60	36	20	12	8	5	3	2	1	
7722	23952	2200	9999	10	30	50	70	120	150	200	240	280	340	100	60	36	20	12	8	5	3	2	1	
7723	23953	1	1800	10	20	30	40	60	70	80	90	100	120	100	60	36	20	12	8	5	3	2	1	
7724	23953	1800	2200	10	20	40	70	100	110	140	170	200	250	100	60	36	20	12	8	5	3	2	1	
7725	23953	2200	9999	10	30	50	70	120	150	200	240	280	340	100	60	36	20	12	8	5	3	2	1	
7726	23954	1	1800	10	20	30	40	60	70	80	90	100	120	100	60	36	20	12	8	5	3	2	1	
7727	23954	1800	2200	10	20	40	70	100	110	140	170	200	250	100	60	36	20	12	8	5	3	2	1	
7728	23954	2200	9999	10	30	50	70	120	150	200	240	280	340	100	60	36	20	12	8	5	3	2	1	
7729	23955	1	1800	10	20	30	40	60	70	80	90	100	120	100	60	36	20	12	8	5	3	2	1	
7730	23955	1800	2200	10	20	40	70	100	110	140	170	200	250	100	60	36	20	12	8	5	3	2	1	
7731	23955	2200	9999	10	30	50	70	120	150	200	240	280	340	100	60	36	20	12	8	5	3	2	1	
7732	23956	1	1800	10	20	30	40	60	70	80	90	100	120	100	60	36	20	12	8	5	3	2	1	
7733	23956	1800	2200	10	20	40	70	100	110	140	170	200	250	100	60	36	20	12	8	5	3	2	1	
7734	23956	2200	9999	10	30	50	70	120	150	200	240	280	340	100	60	36	20	12	8	5	3	2	1	
7735	23959	1	1800	10	20	30	40	60	70	80	90	100	120	100	60	36	20	12	8	5	3	2	1	
7736	23959	1800	2200	10	20	40	70	100	110	140	170	200	250	100	60	36	20	12	8	5	3	2	1	
7737	23959	2200	9999	10	30	50	70	120	150	200	240	280	340	100	60	36	20	12	8	5	3	2	1	
7738	23961	1	1800	10	20	30	40	60	70	80	90	100	120	100	60	36	20	12	8	5	3	2	1	
7739	23961	1800	2200	10	20	40	70	100	110	140	170	200	250	100	60	36	20	12	8	5	3	2	1	
7740	23961	2200	9999	10	30	50	70	120	150	200	240	280	340	100	60	36	20	12	8	5	3	2	1	
7741	23962	1	1800	10	20	30	40	60	70	80	90	100	120	100	60	36	20	12	8	5	3	2	1	
7742	23962	1800	2200	10	20	40	70	100	110	140	170	200	250	100	60	36	20	12	8	5	3	2	1	
7743	23962	2200	9999	10	30	50	70	120	150	200	240	280	340	100	60	36	20	12	8	5	3	2	1	
7744	23963	1	1800	10	20	30	40	60	70	80	90	100	120	100	60	36	20	12	8	5	3	2	1	
7745	23963	1800	2200	10	20	40	70	100	110	140	170	200	250	100	60	36	20	12	8	5	3	2	1	
7746	23963	2200	9999	10	30	50	70	120	150	200	240	280	340	100	60	36	20	12	8	5	3	2	1	
7747	23964	1	1800	10	20	30	40	60	70	80	90	100	120	100	60	36	20	12	8	5	3	2	1	
7748	23964	1800	2200	10	20	40	70	100	110	140	170	200	250	100	60	36	20	12	8	5	3	2	1	
7749	23964	2200	9999	10	30	50	70	120	150	200	240	280	340	100	60	36	20	12	8	5	3	2	1	
7750	23965	1	1800	10	20	30	40	60	70	80	90	100	120	100	60	36	20	12	8	5	3	2	1	
7751	23965	1800	2200	10	20	40	70	100	110	140	170	200	250	100	60	36	20	12	8	5	3	2	1	
7752	23965	2200	9999	10	30	50	70	120	150	200	240	280	340	100	60	36	20	12	8	5	3	2	1	
7753	23966	1	1800	10	20	30	40	60	70	80	90	100	120	100	60	36	20	12	8	5	3	2	1	
7754	23966	1800	2200	10	20	40	70	100	110	140	170	200	250	100	60	36	20	12	8	5	3	2	1	
7755	23966	2200	9999	10	30	50	70	120	150	200	240	280	340	100	60	36	20	12	8	5	3	2	1	
7756	23967	1	1800	10	20	30	40	60	70	80	90	100	120	100	60	36	20	12	8	5	3	2	1	
7757	23967	1800	2200	10	20	40	70	100	110	140	170	200	250	100	60	36	20	12	8	5	3	2	1	
7758	23967	2200	9999	10	30	50	70	120	150	200	240	280	340	100	60	36	20	12	8	5	3	2	1	
7759	23969	1	1800	10	20	30	40	60	70	80	90	100	120	100	60	36	20	12	8	5	3	2	1	
7760	23969	1800	2200	10	20	40	70	100	110	140	170	200	250	100	60	36	20	12	8	5	3	2	1	
7761	23969	2200	9999	10	30	50	70	120	150	200	240	280	340	100	60	36	20	12	8	5	3	2	1	
7762	23971	1	1800	10	20	30	40	60	70	80	90	100	120	100	60	36	20	12	8	5	3	2	1	
7763	23971	1800	2200	10	20	40	70	100	110	140	170	200	250	100	60	36	20	12	8	5	3	2	1	
7764	23971	2200	9999	10	30	50	70	120	150	200	240	280	340	100	60	36	20	12	8	5	3	2	1	
7765	23972	1	1800	10	20	30	40	60	70	80	90	100	120	100	60	36	20	12	8	5	3	2	1	
7766	23972	1800	2200	10	20	40	70	100	110	140	170	200	250	100	60	36	20	12	8	5	3	2	1	
7767	23972	2200	9999	10	30	50	70	120	150	200	240	280	340	100	60	36	20	12	8	5	3	2	1	
7768	23973	1	1800	10	20	30	40	60	70	80	90	100	120	100	60	36	20	12	8	5	3	2	1	
7769	23973	1800	2200	10	20	40	70	100	110	140	170	200	250	100	60	36	20	12	8	5	3	2	1	
7770	23973	2200	9999	10	30	50	70	120	150	200	240	280	340	100	60	36	20	12	8	5	3	2	1	
7771	23974	1	1800	10	20	30	40	60	70	80	90	100	120	100	60	36	20	12	8	5	3	2	1	
7772	23974	1800	2200	10	20	40	70	100	110	140	170	200	250	100	60	36	20	12	8	5	3	2	1	
7773	23974	2200	9999	10	30	50	70	120	150	200	240	280	340	100	60	36	20	12	8	5	3	2	1	
7774	23975	1	1800	10	20	30	40	60	70	80	90	100	120	100	60	36	20	12	8	5	3	2	1	
7775	23975	1800	2200	10	20	40	70	100	110	140	170	200	250	100	60	36	20	12	8	5	3	2	1	
7776	23975	2200	9999	10	30	50	70	120	150	200	240	280	340	100	60	36	20	12	8	5	3	2	1	
7777	23976	1	1800	10	20	30	40	60	70	80	90	100	120	100	60	36	20	12	8	5	3	2	1	
7778	23976	1800	2200	10	20	40	70	100	110	140	170	200	250	100	60	36	20	12	8	5	3	2	1	
7779	23976	2200	9999	10	30	50	70	120	150	200	240	280	340	100	60	36	20	12	8	5	3	2	1	
7780	23977	1	1800	10	20	30	40	60	70	80	90	100	120	100	60	36	20	12	8	5	3	2	1	
7781	23977	1800	2200	10	20	40	70	100	110	140	170	200	250	100	60	36	20	12	8	5	3	2	1	
7782	23977	2200	9999	10	30	50	70	120	150	200	240	280	340	100	60	36	20	12	8	5	3	2	1	
7783	23978	1	1800	10	20	30	40	60	70	80	90	100	120	100	60	36	20	12	8	5	3	2	1	
7784	23978	1800	2200	10	20	40	70	100	110	140	170	200	250	100	60	36	20	12	8	5	3	2	1	
7785	23978	2200	9999	10	30	50	70	120	150	200	240	280	340	100	60	36	20	12	8	5	3	2	1	
7786	23979	1	1800	10	20	30	40	60	70	80	90	100	120	100	60	36	20	12	8	5	3	2	1	
7787	23979	1800	2200	10	20	40	70	100	110	140	170	200	250	100	60	36	20	12	8	5	3	2	1	
7788	23979	2200	9999	10	30	50	70	120	150	200	240	280	340	100	60	36	20	12	8	5	3	2	1	
11083	27351	1	1800	10	20	30	40	60	70	80	90	100	120	100	60	36	20	12	8	5	3	2	1	
11084	27351	1800	2200	10	20	40	70	100	110	140	170	200	250	100	60	36	20	12	8	5	3	2	1	
11085	27351	2200	9999	10	30	50	70	120	150	200	240	280	340	100	60	36	20	12	8	5	3	2	1	
11086	27352	1	1800	10	20	30	40	60	70	80	90	100	120	100	60	36	20	12	8	5	3	2	1	
11087	27352	1800	2200	10	20	40	70	100	110	140	170	200	250	100	60	36	20	12	8	5	3	2	1	
11088	27352	2200	9999	10	30	50	70	120	150	200	240	280	340	100	60	36	20	12	8	5	3	2	1	
11089	27359	1	1800	10	20	30	40	60	70	80	90	100	120	100	60	36	20	12	8	5	3	2	1	
11090	27359	1800	2200	10	20	40	70	100	110	140	170	200	250	100	60	36	20	12	8	5	3	2	1	
11091	27359	2200	9999	10	30	50	70	120	150	200	240	280	340	100	60	36	20	12	8	5	3	2	1	
11092	27360	1	1800	10	20	30	40	60	70	80	90	100	120	100	60	36	20	12	8	5	3	2	1	
11093	27360	1800	2200	10	20	40	70	100	110	140	170	200	250	100	60	36	20	12	8	5	3	2	1	
11094	27360	2200	9999	10	30	50	70	120	150	200	240	280	340	100	60	36	20	12	8	5	3	2	1	
11095	27361	1	1800	10	20	30	40	60	70	80	90	100	120	100	60	36	20	12	8	5	3	2	1	
11096	27361	1800	2200	10	20	40	70	100	110	140	170	200	250	100	60	36	20	12	8	5	3	2	1	
11097	27361	2200	9999	10	30	50	70	120	150	200	240	280	340	100	60	36	20	12	8	5	3	2	1	
11098	27362	1	1800	10	20	30	40	60	70	80	90	100	120	100	60	36	20	12	8	5	3	2	1	
11099	27362	1800	2200	10	20	40	70	100	110	140	170	200	250	100	60	36	20	12	8	5	3	2	1	
11100	27362	2200	9999	10	30	50	70	120	150	200	240	280	340	100	60	36	20	12	8	5	3	2	1	
11101	27363	1	1800	10	20	30	40	60	70	80	90	100	120	100	60	36	20	12	8	5	3	2	1	
11102	27363	1800	2200	10	20	40	70	100	110	140	170	200	250	100	60	36	20	12	8	5	3	2	1	
11103	27363	2200	9999	10	30	50	70	120	150	200	240	280	340	100	60	36	20	12	8	5	3	2	1	
11104	27369	1	1800	10	20	30	40	60	70	80	90	100	120	100	60	36	20	12	8	5	3	2	1	
11105	27369	1800	2200	10	20	40	70	100	110	140	170	200	250	100	60	36	20	12	8	5	3	2	1	
11106	27369	2200	9999	10	30	50	70	120	150	200	240	280	340	100	60	36	20	12	8	5	3	2	1	
11107	27370	1	1800	10	20	30	40	60	70	80	90	100	120	100	60	36	20	12	8	5	3	2	1	
11108	27370	1800	2200	10	20	40	70	100	110	140	170	200	250	100	60	36	20	12	8	5	3	2	1	
11109	27370	2200	9999	10	30	50	70	120	150	200	240	280	340	100	60	36	20	12	8	5	3	2	1	
11110	27371	1	1800	10	20	30	40	60	70	80	90	100	120	100	60	36	20	12	8	5	3	2	1	
11111	27371	1800	2200	10	20	40	70	100	110	140	170	200	250	100	60	36	20	12	8	5	3	2	1	
11112	27371	2200	9999	10	30	50	70	120	150	200	240	280	340	100	60	36	20	12	8	5	3	2	1	
11113	27372	1	1800	10	20	30	40	60	70	80	90	100	120	100	60	36	20	12	8	5	3	2	1	
11114	27372	1800	2200	10	20	40	70	100	110	140	170	200	250	100	60	36	20	12	8	5	3	2	1	
11115	27372	2200	9999	10	30	50	70	120	150	200	240	280	340	100	60	36	20	12	8	5	3	2	1	
11116	27373	1	1800	10	20	30	40	60	70	80	90	100	120	100	60	36	20	12	8	5	3	2	1	
11117	27373	1800	2200	10	20	40	70	100	110	140	170	200	250	100	60	36	20	12	8	5	3	2	1	
11118	27373	2200	9999	10	30	50	70	120	150	200	240	280	340	100	60	36	20	12	8	5	3	2	1	
11119	27374	1	1800	10	20	30	40	60	70	80	90	100	120	100	60	36	20	12	8	5	3	2	1	
11120	27374	1800	2200	10	20	40	70	100	110	140	170	200	250	100	60	36	20	12	8	5	3	2	1	
11121	27374	2200	9999	10	30	50	70	120	150	200	240	280	340	100	60	36	20	12	8	5	3	2	1	
11122	27379	1	1800	10	20	30	40	60	70	80	90	100	120	100	60	36	20	12	8	5	3	2	1	
11123	27379	1800	2200	10	20	40	70	100	110	140	170	200	250	100	60	36	20	12	8	5	3	2	1	
11124	27379	2200	9999	10	30	50	70	120	150	200	240	280	340	100	60	36	20	12	8	5	3	2	1	
11125	27380	1	1800	10	20	30	40	60	70	80	90	100	120	100	60	36	20	12	8	5	3	2	1	
11126	27380	1800	2200	10	20	40	70	100	110	140	170	200	250	100	60	36	20	12	8	5	3	2	1	
11127	27380	2200	9999	10	30	50	70	120	150	200	240	280	340	100	60	36	20	12	8	5	3	2	1	
11128	27381	1	1800	10	20	30	40	60	70	80	90	100	120	100	60	36	20	12	8	5	3	2	1	
11129	27381	1800	2200	10	20	40	70	100	110	140	170	200	250	100	60	36	20	12	8	5	3	2	1	
11130	27381	2200	9999	10	30	50	70	120	150	200	240	280	340	100	60	36	20	12	8	5	3	2	1	
11131	27382	1	1800	10	20	30	40	60	70	80	90	100	120	100	60	36	20	12	8	5	3	2	1	
11132	27382	1800	2200	10	20	40	70	100	110	140	170	200	250	100	60	36	20	12	8	5	3	2	1	
11133	27382	2200	9999	10	30	50	70	120	150	200	240	280	340	100	60	36	20	12	8	5	3	2	1	
11134	27383	1	1800	10	20	30	40	60	70	80	90	100	120	100	60	36	20	12	8	5	3	2	1	
11135	27383	1800	2200	10	20	40	70	100	110	140	170	200	250	100	60	36	20	12	8	5	3	2	1	
11136	27383	2200	9999	10	30	50	70	120	150	200	240	280	340	100	60	36	20	12	8	5	3	2	1	
11137	27384	1	1800	10	20	30	40	60	70	80	90	100	120	100	60	36	20	12	8	5	3	2	1	
11138	27384	1800	2200	10	20	40	70	100	110	140	170	200	250	100	60	36	20	12	8	5	3	2	1	
11139	27384	2200	9999	10	30	50	70	120	150	200	240	280	340	100	60	36	20	12	8	5	3	2	1	
11140	27385	1	1800	10	20	30	40	60	70	80	90	100	120	100	60	36	20	12	8	5	3	2	1	
11141	27385	1800	2200	10	20	40	70	100	110	140	170	200	250	100	60	36	20	12	8	5	3	2	1	
11142	27385	2200	9999	10	30	50	70	120	150	200	240	280	340	100	60	36	20	12	8	5	3	2	1	
11143	27389	1	1800	10	20	30	40	60	70	80	90	100	120	100	60	36	20	12	8	5	3	2	1	
11144	27389	1800	2200	10	20	40	70	100	110	140	170	200	250	100	60	36	20	12	8	5	3	2	1	
11145	27389	2200	9999	10	30	50	70	120	150	200	240	280	340	100	60	36	20	12	8	5	3	2	1	
11146	27390	1	1800	10	20	30	40	60	70	80	90	100	120	100	60	36	20	12	8	5	3	2	1	
11147	27390	1800	2200	10	20	40	70	100	110	140	170	200	250	100	60	36	20	12	8	5	3	2	1	
11148	27390	2200	9999	10	30	50	70	120	150	200	240	280	340	100	60	36	20	12	8	5	3	2	1	
11149	27391	1	1800	10	20	30	40	60	70	80	90	100	120	100	60	36	20	12	8	5	3	2	1	
11150	27391	1800	2200	10	20	40	70	100	110	140	170	200	250	100	60	36	20	12	8	5	3	2	1	
11151	27391	2200	9999	10	30	50	70	120	150	200	240	280	340	100	60	36	20	12	8	5	3	2	1	
11152	27392	1	1800	10	20	30	40	60	70	80	90	100	120	100	60	36	20	12	8	5	3	2	1	
11153	27392	1800	2200	10	20	40	70	100	110	140	170	200	250	100	60	36	20	12	8	5	3	2	1	
11154	27392	2200	9999	10	30	50	70	120	150	200	240	280	340	100	60	36	20	12	8	5	3	2	1	
11155	27393	1	1800	10	20	30	40	60	70	80	90	100	120	100	60	36	20	12	8	5	3	2	1	
11156	27393	1800	2200	10	20	40	70	100	110	140	170	200	250	100	60	36	20	12	8	5	3	2	1	
11157	27393	2200	9999	10	30	50	70	120	150	200	240	280	340	100	60	36	20	12	8	5	3	2	1	
11158	27394	1	1800	10	20	30	40	60	70	80	90	100	120	100	60	36	20	12	8	5	3	2	1	
11159	27394	1800	2200	10	20	40	70	100	110	140	170	200	250	100	60	36	20	12	8	5	3	2	1	
11160	27394	2200	9999	10	30	50	70	120	150	200	240	280	340	100	60	36	20	12	8	5	3	2	1	
11161	27395	1	1800	10	20	30	40	60	70	80	90	100	120	100	60	36	20	12	8	5	3	2	1	
11162	27395	1800	2200	10	20	40	70	100	110	140	170	200	250	100	60	36	20	12	8	5	3	2	1	
11163	27395	2200	9999	10	30	50	70	120	150	200	240	280	340	100	60	36	20	12	8	5	3	2	1	
11164	27396	1	1800	10	20	30	40	60	70	80	90	100	120	100	60	36	20	12	8	5	3	2	1	
11165	27396	1800	2200	10	20	40	70	100	110	140	170	200	250	100	60	36	20	12	8	5	3	2	1	
11166	27396	2200	9999	10	30	50	70	120	150	200	240	280	340	100	60	36	20	12	8	5	3	2	1	
11167	27399	1	1800	10	20	30	40	60	70	80	90	100	120	100	60	36	20	12	8	5	3	2	1	
11168	27399	1800	2200	10	20	40	70	100	110	140	170	200	250	100	60	36	20	12	8	5	3	2	1	
11169	27399	2200	9999	10	30	50	70	120	150	200	240	280	340	100	60	36	20	12	8	5	3	2	1	
11170	27400	1	1800	10	20	30	40	60	70	80	90	100	120	100	60	36	20	12	8	5	3	2	1	
11171	27400	1800	2200	10	20	40	70	100	110	140	170	200	250	100	60	36	20	12	8	5	3	2	1	
11172	27400	2200	9999	10	30	50	70	120	150	200	240	280	340	100	60	36	20	12	8	5	3	2	1	
11173	27401	1	1800	10	20	30	40	60	70	80	90	100	120	100	60	36	20	12	8	5	3	2	1	
11174	27401	1800	2200	10	20	40	70	100	110	140	170	200	250	100	60	36	20	12	8	5	3	2	1	
11175	27401	2200	9999	10	30	50	70	120	150	200	240	280	340	100	60	36	20	12	8	5	3	2	1	
11176	27402	1	1800	10	20	30	40	60	70	80	90	100	120	100	60	36	20	12	8	5	3	2	1	
11177	27402	1800	2200	10	20	40	70	100	110	140	170	200	250	100	60	36	20	12	8	5	3	2	1	
11178	27402	2200	9999	10	30	50	70	120	150	200	240	280	340	100	60	36	20	12	8	5	3	2	1	
11179	27403	1	1800	10	20	30	40	60	70	80	90	100	120	100	60	36	20	12	8	5	3	2	1	
11180	27403	1800	2200	10	20	40	70	100	110	140	170	200	250	100	60	36	20	12	8	5	3	2	1	
11181	27403	2200	9999	10	30	50	70	120	150	200	240	280	340	100	60	36	20	12	8	5	3	2	1	
11182	27404	1	1800	10	20	30	40	60	70	80	90	100	120	100	60	36	20	12	8	5	3	2	1	
11183	27404	1800	2200	10	20	40	70	100	110	140	170	200	250	100	60	36	20	12	8	5	3	2	1	
11184	27404	2200	9999	10	30	50	70	120	150	200	240	280	340	100	60	36	20	12	8	5	3	2	1	
11185	27405	1	1800	10	20	30	40	60	70	80	90	100	120	100	60	36	20	12	8	5	3	2	1	
11186	27405	1800	2200	10	20	40	70	100	110	140	170	200	250	100	60	36	20	12	8	5	3	2	1	
11187	27405	2200	9999	10	30	50	70	120	150	200	240	280	340	100	60	36	20	12	8	5	3	2	1	
11188	27406	1	1800	10	20	30	40	60	70	80	90	100	120	100	60	36	20	12	8	5	3	2	1	
11189	27406	1800	2200	10	20	40	70	100	110	140	170	200	250	100	60	36	20	12	8	5	3	2	1	
11190	27406	2200	9999	10	30	50	70	120	150	200	240	280	340	100	60	36	20	12	8	5	3	2	1	
11191	27407	1	1800	10	20	30	40	60	70	80	90	100	120	100	60	36	20	12	8	5	3	2	1	
11192	27407	1800	2200	10	20	40	70	100	110	140	170	200	250	100	60	36	20	12	8	5	3	2	1	
11193	27407	2200	9999	10	30	50	70	120	150	200	240	280	340	100	60	36	20	12	8	5	3	2	1	
11194	27409	1	1800	10	20	30	40	60	70	80	90	100	120	100	60	36	20	12	8	5	3	2	1	
11195	27409	1800	2200	10	20	40	70	100	110	140	170	200	250	100	60	36	20	12	8	5	3	2	1	
11196	27409	2200	9999	10	30	50	70	120	150	200	240	280	340	100	60	36	20	12	8	5	3	2	1	
11197	27410	1	1800	10	20	30	40	60	70	80	90	100	120	100	60	36	20	12	8	5	3	2	1	
11198	27410	1800	2200	10	20	40	70	100	110	140	170	200	250	100	60	36	20	12	8	5	3	2	1	
11199	27410	2200	9999	10	30	50	70	120	150	200	240	280	340	100	60	36	20	12	8	5	3	2	1	
11200	27411	1	1800	10	20	30	40	60	70	80	90	100	120	100	60	36	20	12	8	5	3	2	1	
11201	27411	1800	2200	10	20	40	70	100	110	140	170	200	250	100	60	36	20	12	8	5	3	2	1	
11202	27411	2200	9999	10	30	50	70	120	150	200	240	280	340	100	60	36	20	12	8	5	3	2	1	
11203	27412	1	1800	10	20	30	40	60	70	80	90	100	120	100	60	36	20	12	8	5	3	2	1	
11204	27412	1800	2200	10	20	40	70	100	110	140	170	200	250	100	60	36	20	12	8	5	3	2	1	
11205	27412	2200	9999	10	30	50	70	120	150	200	240	280	340	100	60	36	20	12	8	5	3	2	1	
11206	27413	1	1800	10	20	30	40	60	70	80	90	100	120	100	60	36	20	12	8	5	3	2	1	
11207	27413	1800	2200	10	20	40	70	100	110	140	170	200	250	100	60	36	20	12	8	5	3	2	1	
11208	27413	2200	9999	10	30	50	70	120	150	200	240	280	340	100	60	36	20	12	8	5	3	2	1	
11209	27414	1	1800	10	20	30	40	60	70	80	90	100	120	100	60	36	20	12	8	5	3	2	1	
11210	27414	1800	2200	10	20	40	70	100	110	140	170	200	250	100	60	36	20	12	8	5	3	2	1	
11211	27414	2200	9999	10	30	50	70	120	150	200	240	280	340	100	60	36	20	12	8	5	3	2	1	
11212	27415	1	1800	10	20	30	40	60	70	80	90	100	120	100	60	36	20	12	8	5	3	2	1	
11213	27415	1800	2200	10	20	40	70	100	110	140	170	200	250	100	60	36	20	12	8	5	3	2	1	
11214	27415	2200	9999	10	30	50	70	120	150	200	240	280	340	100	60	36	20	12	8	5	3	2	1	
11215	27416	1	1800	10	20	30	40	60	70	80	90	100	120	100	60	36	20	12	8	5	3	2	1	
11216	27416	1800	2200	10	20	40	70	100	110	140	170	200	250	100	60	36	20	12	8	5	3	2	1	
11217	27416	2200	9999	10	30	50	70	120	150	200	240	280	340	100	60	36	20	12	8	5	3	2	1	
11218	27417	1	1800	10	20	30	40	60	70	80	90	100	120	100	60	36	20	12	8	5	3	2	1	
11219	27417	1800	2200	10	20	40	70	100	110	140	170	200	250	100	60	36	20	12	8	5	3	2	1	
11220	27417	2200	9999	10	30	50	70	120	150	200	240	280	340	100	60	36	20	12	8	5	3	2	1	
11221	27418	1	1800	10	20	30	40	60	70	80	90	100	120	100	60	36	20	12	8	5	3	2	1	
11222	27418	1800	2200	10	20	40	70	100	110	140	170	200	250	100	60	36	20	12	8	5	3	2	1	
11223	27418	2200	9999	10	30	50	70	120	150	200	240	280	340	100	60	36	20	12	8	5	3	2	1	
11224	27419	1	1800	10	20	30	40	60	70	80	90	100	120	100	60	36	20	12	8	5	3	2	1	
11225	27419	1800	2200	10	20	40	70	100	110	140	170	200	250	100	60	36	20	12	8	5	3	2	1	
11226	27419	2200	9999	10	30	50	70	120	150	200	240	280	340	100	60	36	20	12	8	5	3	2	1	
15073	29970	1	1800	10	20	30	40	60	70	80	90	100	120	100	60	36	20	12	8	5	3	2	1	
15074	29970	1800	2200	10	20	40	70	100	110	140	170	200	250	100	60	36	20	12	8	5	3	2	1	
15075	29970	2200	9999	10	30	50	70	120	150	200	240	280	340	100	60	36	20	12	8	5	3	2	1	
15076	29971	1	1800	10	20	30	40	60	70	80	90	100	120	100	60	36	20	12	8	5	3	2	1	
15077	29971	1800	2200	10	20	40	70	100	110	140	170	200	250	100	60	36	20	12	8	5	3	2	1	
15078	29971	2200	9999	10	30	50	70	120	150	200	240	280	340	100	60	36	20	12	8	5	3	2	1	
15079	29972	1	1800	10	20	30	40	60	70	80	90	100	120	100	60	36	20	12	8	5	3	2	1	
15080	29972	1800	2200	10	20	40	70	100	110	140	170	200	250	100	60	36	20	12	8	5	3	2	1	
15081	29972	2200	9999	10	30	50	70	120	150	200	240	280	340	100	60	36	20	12	8	5	3	2	1	
15082	29979	1	1800	10	20	30	40	60	70	80	90	100	120	100	60	36	20	12	8	5	3	2	1	
15083	29979	1800	2200	10	20	40	70	100	110	140	170	200	250	100	60	36	20	12	8	5	3	2	1	
15084	29979	2200	9999	10	30	50	70	120	150	200	240	280	340	100	60	36	20	12	8	5	3	2	1	
15085	29980	1	1800	10	20	30	40	60	70	80	90	100	120	100	60	36	20	12	8	5	3	2	1	
15086	29980	1800	2200	10	20	40	70	100	110	140	170	200	250	100	60	36	20	12	8	5	3	2	1	
15087	29980	2200	9999	10	30	50	70	120	150	200	240	280	340	100	60	36	20	12	8	5	3	2	1	
15088	29981	1	1800	10	20	30	40	60	70	80	90	100	120	100	60	36	20	12	8	5	3	2	1	
15089	29981	1800	2200	10	20	40	70	100	110	140	170	200	250	100	60	36	20	12	8	5	3	2	1	
15090	29981	2200	9999	10	30	50	70	120	150	200	240	280	340	100	60	36	20	12	8	5	3	2	1	
15091	29982	1	1800	10	20	30	40	60	70	80	90	100	120	100	60	36	20	12	8	5	3	2	1	
15092	29982	1800	2200	10	20	40	70	100	110	140	170	200	250	100	60	36	20	12	8	5	3	2	1	
15093	29982	2200	9999	10	30	50	70	120	150	200	240	280	340	100	60	36	20	12	8	5	3	2	1	
15094	29983	1	1800	10	20	30	40	60	70	80	90	100	120	100	60	36	20	12	8	5	3	2	1	
15095	29983	1800	2200	10	20	40	70	100	110	140	170	200	250	100	60	36	20	12	8	5	3	2	1	
15096	29983	2200	9999	10	30	50	70	120	150	200	240	280	340	100	60	36	20	12	8	5	3	2	1	
15097	29989	1	1800	10	20	30	40	60	70	80	90	100	120	100	60	36	20	12	8	5	3	2	1	
15098	29989	1800	2200	10	20	40	70	100	110	140	170	200	250	100	60	36	20	12	8	5	3	2	1	
15099	29989	2200	9999	10	30	50	70	120	150	200	240	280	340	100	60	36	20	12	8	5	3	2	1	
15100	29990	1	1800	10	20	30	40	60	70	80	90	100	120	100	60	36	20	12	8	5	3	2	1	
15101	29990	1800	2200	10	20	40	70	100	110	140	170	200	250	100	60	36	20	12	8	5	3	2	1	
15102	29990	2200	9999	10	30	50	70	120	150	200	240	280	340	100	60	36	20	12	8	5	3	2	1	
15103	29991	1	1800	10	20	30	40	60	70	80	90	100	120	100	60	36	20	12	8	5	3	2	1	
15104	29991	1800	2200	10	20	40	70	100	110	140	170	200	250	100	60	36	20	12	8	5	3	2	1	
15105	29991	2200	9999	10	30	50	70	120	150	200	240	280	340	100	60	36	20	12	8	5	3	2	1	
15106	29992	1	1800	10	20	30	40	60	70	80	90	100	120	100	60	36	20	12	8	5	3	2	1	
15107	29992	1800	2200	10	20	40	70	100	110	140	170	200	250	100	60	36	20	12	8	5	3	2	1	
15108	29992	2200	9999	10	30	50	70	120	150	200	240	280	340	100	60	36	20	12	8	5	3	2	1	
15109	29993	1	1800	10	20	30	40	60	70	80	90	100	120	100	60	36	20	12	8	5	3	2	1	
15110	29993	1800	2200	10	20	40	70	100	110	140	170	200	250	100	60	36	20	12	8	5	3	2	1	
15111	29993	2200	9999	10	30	50	70	120	150	200	240	280	340	100	60	36	20	12	8	5	3	2	1	
15112	29994	1	1800	10	20	30	40	60	70	80	90	100	120	100	60	36	20	12	8	5	3	2	1	
15113	29994	1800	2200	10	20	40	70	100	110	140	170	200	250	100	60	36	20	12	8	5	3	2	1	
15114	29994	2200	9999	10	30	50	70	120	150	200	240	280	340	100	60	36	20	12	8	5	3	2	1	
15115	29999	1	1800	10	20	30	40	60	70	80	90	100	120	100	60	36	20	12	8	5	3	2	1	
15116	29999	1800	2200	10	20	40	70	100	110	140	170	200	250	100	60	36	20	12	8	5	3	2	1	
15117	29999	2200	9999	10	30	50	70	120	150	200	240	280	340	100	60	36	20	12	8	5	3	2	1	
15118	30000	1	1800	10	20	30	40	60	70	80	90	100	120	100	60	36	20	12	8	5	3	2	1	
15119	30000	1800	2200	10	20	40	70	100	110	140	170	200	250	100	60	36	20	12	8	5	3	2	1	
15120	30000	2200	9999	10	30	50	70	120	150	200	240	280	340	100	60	36	20	12	8	5	3	2	1	
15121	30001	1	1800	10	20	30	40	60	70	80	90	100	120	100	60	36	20	12	8	5	3	2	1	
15122	30001	1800	2200	10	20	40	70	100	110	140	170	200	250	100	60	36	20	12	8	5	3	2	1	
15123	30001	2200	9999	10	30	50	70	120	150	200	240	280	340	100	60	36	20	12	8	5	3	2	1	
15124	30002	1	1800	10	20	30	40	60	70	80	90	100	120	100	60	36	20	12	8	5	3	2	1	
15125	30002	1800	2200	10	20	40	70	100	110	140	170	200	250	100	60	36	20	12	8	5	3	2	1	
15126	30002	2200	9999	10	30	50	70	120	150	200	240	280	340	100	60	36	20	12	8	5	3	2	1	
15127	30003	1	1800	10	20	30	40	60	70	80	90	100	120	100	60	36	20	12	8	5	3	2	1	
15128	30003	1800	2200	10	20	40	70	100	110	140	170	200	250	100	60	36	20	12	8	5	3	2	1	
15129	30003	2200	9999	10	30	50	70	120	150	200	240	280	340	100	60	36	20	12	8	5	3	2	1	
15130	30004	1	1800	10	20	30	40	60	70	80	90	100	120	100	60	36	20	12	8	5	3	2	1	
15131	30004	1800	2200	10	20	40	70	100	110	140	170	200	250	100	60	36	20	12	8	5	3	2	1	
15132	30004	2200	9999	10	30	50	70	120	150	200	240	280	340	100	60	36	20	12	8	5	3	2	1	
15133	30005	1	1800	10	20	30	40	60	70	80	90	100	120	100	60	36	20	12	8	5	3	2	1	
15134	30005	1800	2200	10	20	40	70	100	110	140	170	200	250	100	60	36	20	12	8	5	3	2	1	
15135	30005	2200	9999	10	30	50	70	120	150	200	240	280	340	100	60	36	20	12	8	5	3	2	1	
15136	30009	1	1800	10	20	30	40	60	70	80	90	100	120	100	60	36	20	12	8	5	3	2	1	
15137	30009	1800	2200	10	20	40	70	100	110	140	170	200	250	100	60	36	20	12	8	5	3	2	1	
15138	30009	2200	9999	10	30	50	70	120	150	200	240	280	340	100	60	36	20	12	8	5	3	2	1	
15139	30010	1	1800	10	20	30	40	60	70	80	90	100	120	100	60	36	20	12	8	5	3	2	1	
15140	30010	1800	2200	10	20	40	70	100	110	140	170	200	250	100	60	36	20	12	8	5	3	2	1	
15141	30010	2200	9999	10	30	50	70	120	150	200	240	280	340	100	60	36	20	12	8	5	3	2	1	
15142	30011	1	1800	10	20	30	40	60	70	80	90	100	120	100	60	36	20	12	8	5	3	2	1	
15143	30011	1800	2200	10	20	40	70	100	110	140	170	200	250	100	60	36	20	12	8	5	3	2	1	
15144	30011	2200	9999	10	30	50	70	120	150	200	240	280	340	100	60	36	20	12	8	5	3	2	1	
15145	30012	1	1800	10	20	30	40	60	70	80	90	100	120	100	60	36	20	12	8	5	3	2	1	
15146	30012	1800	2200	10	20	40	70	100	110	140	170	200	250	100	60	36	20	12	8	5	3	2	1	
15147	30012	2200	9999	10	30	50	70	120	150	200	240	280	340	100	60	36	20	12	8	5	3	2	1	
15148	30013	1	1800	10	20	30	40	60	70	80	90	100	120	100	60	36	20	12	8	5	3	2	1	
15149	30013	1800	2200	10	20	40	70	100	110	140	170	200	250	100	60	36	20	12	8	5	3	2	1	
15150	30013	2200	9999	10	30	50	70	120	150	200	240	280	340	100	60	36	20	12	8	5	3	2	1	
15151	30014	1	1800	10	20	30	40	60	70	80	90	100	120	100	60	36	20	12	8	5	3	2	1	
15152	30014	1800	2200	10	20	40	70	100	110	140	170	200	250	100	60	36	20	12	8	5	3	2	1	
15153	30014	2200	9999	10	30	50	70	120	150	200	240	280	340	100	60	36	20	12	8	5	3	2	1	
15154	30015	1	1800	10	20	30	40	60	70	80	90	100	120	100	60	36	20	12	8	5	3	2	1	
15155	30015	1800	2200	10	20	40	70	100	110	140	170	200	250	100	60	36	20	12	8	5	3	2	1	
15156	30015	2200	9999	10	30	50	70	120	150	200	240	280	340	100	60	36	20	12	8	5	3	2	1	
15157	30016	1	1800	10	20	30	40	60	70	80	90	100	120	100	60	36	20	12	8	5	3	2	1	
15158	30016	1800	2200	10	20	40	70	100	110	140	170	200	250	100	60	36	20	12	8	5	3	2	1	
15159	30016	2200	9999	10	30	50	70	120	150	200	240	280	340	100	60	36	20	12	8	5	3	2	1	
15160	30019	1	1800	10	20	30	40	60	70	80	90	100	120	100	60	36	20	12	8	5	3	2	1	
15161	30019	1800	2200	10	20	40	70	100	110	140	170	200	250	100	60	36	20	12	8	5	3	2	1	
15162	30019	2200	9999	10	30	50	70	120	150	200	240	280	340	100	60	36	20	12	8	5	3	2	1	
15163	30020	1	1800	10	20	30	40	60	70	80	90	100	120	100	60	36	20	12	8	5	3	2	1	
15164	30020	1800	2200	10	20	40	70	100	110	140	170	200	250	100	60	36	20	12	8	5	3	2	1	
15165	30020	2200	9999	10	30	50	70	120	150	200	240	280	340	100	60	36	20	12	8	5	3	2	1	
15166	30021	1	1800	10	20	30	40	60	70	80	90	100	120	100	60	36	20	12	8	5	3	2	1	
15167	30021	1800	2200	10	20	40	70	100	110	140	170	200	250	100	60	36	20	12	8	5	3	2	1	
15168	30021	2200	9999	10	30	50	70	120	150	200	240	280	340	100	60	36	20	12	8	5	3	2	1	
15169	30022	1	1800	10	20	30	40	60	70	80	90	100	120	100	60	36	20	12	8	5	3	2	1	
15170	30022	1800	2200	10	20	40	70	100	110	140	170	200	250	100	60	36	20	12	8	5	3	2	1	
15171	30022	2200	9999	10	30	50	70	120	150	200	240	280	340	100	60	36	20	12	8	5	3	2	1	
15172	30023	1	1800	10	20	30	40	60	70	80	90	100	120	100	60	36	20	12	8	5	3	2	1	
15173	30023	1800	2200	10	20	40	70	100	110	140	170	200	250	100	60	36	20	12	8	5	3	2	1	
15174	30023	2200	9999	10	30	50	70	120	150	200	240	280	340	100	60	36	20	12	8	5	3	2	1	
15175	30024	1	1800	10	20	30	40	60	70	80	90	100	120	100	60	36	20	12	8	5	3	2	1	
15176	30024	1800	2200	10	20	40	70	100	110	140	170	200	250	100	60	36	20	12	8	5	3	2	1	
15177	30024	2200	9999	10	30	50	70	120	150	200	240	280	340	100	60	36	20	12	8	5	3	2	1	
15178	30025	1	1800	10	20	30	40	60	70	80	90	100	120	100	60	36	20	12	8	5	3	2	1	
15179	30025	1800	2200	10	20	40	70	100	110	140	170	200	250	100	60	36	20	12	8	5	3	2	1	
15180	30025	2200	9999	10	30	50	70	120	150	200	240	280	340	100	60	36	20	12	8	5	3	2	1	
15181	30026	1	1800	10	20	30	40	60	70	80	90	100	120	100	60	36	20	12	8	5	3	2	1	
15182	30026	1800	2200	10	20	40	70	100	110	140	170	200	250	100	60	36	20	12	8	5	3	2	1	
15183	30026	2200	9999	10	30	50	70	120	150	200	240	280	340	100	60	36	20	12	8	5	3	2	1	
15184	30027	1	1800	10	20	30	40	60	70	80	90	100	120	100	60	36	20	12	8	5	3	2	1	
15185	30027	1800	2200	10	20	40	70	100	110	140	170	200	250	100	60	36	20	12	8	5	3	2	1	
15186	30027	2200	9999	10	30	50	70	120	150	200	240	280	340	100	60	36	20	12	8	5	3	2	1	
15187	30029	1	1800	10	20	30	40	60	70	80	90	100	120	100	60	36	20	12	8	5	3	2	1	
15188	30029	1800	2200	10	20	40	70	100	110	140	170	200	250	100	60	36	20	12	8	5	3	2	1	
15189	30029	2200	9999	10	30	50	70	120	150	200	240	280	340	100	60	36	20	12	8	5	3	2	1	
15190	30030	1	1800	10	20	30	40	60	70	80	90	100	120	100	60	36	20	12	8	5	3	2	1	
15191	30030	1800	2200	10	20	40	70	100	110	140	170	200	250	100	60	36	20	12	8	5	3	2	1	
15192	30030	2200	9999	10	30	50	70	120	150	200	240	280	340	100	60	36	20	12	8	5	3	2	1	
15193	30031	1	1800	10	20	30	40	60	70	80	90	100	120	100	60	36	20	12	8	5	3	2	1	
15194	30031	1800	2200	10	20	40	70	100	110	140	170	200	250	100	60	36	20	12	8	5	3	2	1	
15195	30031	2200	9999	10	30	50	70	120	150	200	240	280	340	100	60	36	20	12	8	5	3	2	1	
15196	30032	1	1800	10	20	30	40	60	70	80	90	100	120	100	60	36	20	12	8	5	3	2	1	
15197	30032	1800	2200	10	20	40	70	100	110	140	170	200	250	100	60	36	20	12	8	5	3	2	1	
15198	30032	2200	9999	10	30	50	70	120	150	200	240	280	340	100	60	36	20	12	8	5	3	2	1	
15199	30033	1	1800	10	20	30	40	60	70	80	90	100	120	100	60	36	20	12	8	5	3	2	1	
15200	30033	1800	2200	10	20	40	70	100	110	140	170	200	250	100	60	36	20	12	8	5	3	2	1	
15201	30033	2200	9999	10	30	50	70	120	150	200	240	280	340	100	60	36	20	12	8	5	3	2	1	
15202	30034	1	1800	10	20	30	40	60	70	80	90	100	120	100	60	36	20	12	8	5	3	2	1	
15203	30034	1800	2200	10	20	40	70	100	110	140	170	200	250	100	60	36	20	12	8	5	3	2	1	
15204	30034	2200	9999	10	30	50	70	120	150	200	240	280	340	100	60	36	20	12	8	5	3	2	1	
15205	30035	1	1800	10	20	30	40	60	70	80	90	100	120	100	60	36	20	12	8	5	3	2	1	
15206	30035	1800	2200	10	20	40	70	100	110	140	170	200	250	100	60	36	20	12	8	5	3	2	1	
15207	30035	2200	9999	10	30	50	70	120	150	200	240	280	340	100	60	36	20	12	8	5	3	2	1	
15208	30036	1	1800	10	20	30	40	60	70	80	90	100	120	100	60	36	20	12	8	5	3	2	1	
15209	30036	1800	2200	10	20	40	70	100	110	140	170	200	250	100	60	36	20	12	8	5	3	2	1	
15210	30036	2200	9999	10	30	50	70	120	150	200	240	280	340	100	60	36	20	12	8	5	3	2	1	
15211	30037	1	1800	10	20	30	40	60	70	80	90	100	120	100	60	36	20	12	8	5	3	2	1	
15212	30037	1800	2200	10	20	40	70	100	110	140	170	200	250	100	60	36	20	12	8	5	3	2	1	
15213	30037	2200	9999	10	30	50	70	120	150	200	240	280	340	100	60	36	20	12	8	5	3	2	1	
15214	30038	1	1800	10	20	30	40	60	70	80	90	100	120	100	60	36	20	12	8	5	3	2	1	
15215	30038	1800	2200	10	20	40	70	100	110	140	170	200	250	100	60	36	20	12	8	5	3	2	1	
15216	30038	2200	9999	10	30	50	70	120	150	200	240	280	340	100	60	36	20	12	8	5	3	2	1	
15217	30039	1	1800	10	20	30	40	60	70	80	90	100	120	100	60	36	20	12	8	5	3	2	1	
15218	30039	1800	2200	10	20	40	70	100	110	140	170	200	250	100	60	36	20	12	8	5	3	2	1	
15219	30039	2200	9999	10	30	50	70	120	150	200	240	280	340	100	60	36	20	12	8	5	3	2	1	
16258	30570	1	1800	10	20	30	40	60	70	80	90	100	120	100	60	36	20	12	8	5	3	2	1	
16259	30570	1800	2200	10	20	40	70	100	110	140	170	200	250	100	60	36	20	12	8	5	3	2	1	
16260	30570	2200	9999	10	30	50	70	120	150	200	240	280	340	100	60	36	20	12	8	5	3	2	1	
16261	30571	1	1800	10	20	30	40	60	70	80	90	100	120	100	60	36	20	12	8	5	3	2	1	
16262	30571	1800	2200	10	20	40	70	100	110	140	170	200	250	100	60	36	20	12	8	5	3	2	1	
16263	30571	2200	9999	10	30	50	70	120	150	200	240	280	340	100	60	36	20	12	8	5	3	2	1	
16264	30572	1	1800	10	20	30	40	60	70	80	90	100	120	100	60	36	20	12	8	5	3	2	1	
16265	30572	1800	2200	10	20	40	70	100	110	140	170	200	250	100	60	36	20	12	8	5	3	2	1	
16266	30572	2200	9999	10	30	50	70	120	150	200	240	280	340	100	60	36	20	12	8	5	3	2	1	
16267	30579	1	1800	10	20	30	40	60	70	80	90	100	120	100	60	36	20	12	8	5	3	2	1	
16268	30579	1800	2200	10	20	40	70	100	110	140	170	200	250	100	60	36	20	12	8	5	3	2	1	
16269	30579	2200	9999	10	30	50	70	120	150	200	240	280	340	100	60	36	20	12	8	5	3	2	1	
16270	30580	1	1800	10	20	30	40	60	70	80	90	100	120	100	60	36	20	12	8	5	3	2	1	
16271	30580	1800	2200	10	20	40	70	100	110	140	170	200	250	100	60	36	20	12	8	5	3	2	1	
16272	30580	2200	9999	10	30	50	70	120	150	200	240	280	340	100	60	36	20	12	8	5	3	2	1	
16273	30581	1	1800	10	20	30	40	60	70	80	90	100	120	100	60	36	20	12	8	5	3	2	1	
16274	30581	1800	2200	10	20	40	70	100	110	140	170	200	250	100	60	36	20	12	8	5	3	2	1	
16275	30581	2200	9999	10	30	50	70	120	150	200	240	280	340	100	60	36	20	12	8	5	3	2	1	
16276	30582	1	1800	10	20	30	40	60	70	80	90	100	120	100	60	36	20	12	8	5	3	2	1	
16277	30582	1800	2200	10	20	40	70	100	110	140	170	200	250	100	60	36	20	12	8	5	3	2	1	
16278	30582	2200	9999	10	30	50	70	120	150	200	240	280	340	100	60	36	20	12	8	5	3	2	1	
16279	30583	1	1800	10	20	30	40	60	70	80	90	100	120	100	60	36	20	12	8	5	3	2	1	
16280	30583	1800	2200	10	20	40	70	100	110	140	170	200	250	100	60	36	20	12	8	5	3	2	1	
16281	30583	2200	9999	10	30	50	70	120	150	200	240	280	340	100	60	36	20	12	8	5	3	2	1	
16282	30589	1	1800	10	20	30	40	60	70	80	90	100	120	100	60	36	20	12	8	5	3	2	1	
16283	30589	1800	2200	10	20	40	70	100	110	140	170	200	250	100	60	36	20	12	8	5	3	2	1	
16284	30589	2200	9999	10	30	50	70	120	150	200	240	280	340	100	60	36	20	12	8	5	3	2	1	
16285	30590	1	1800	10	20	30	40	60	70	80	90	100	120	100	60	36	20	12	8	5	3	2	1	
16286	30590	1800	2200	10	20	40	70	100	110	140	170	200	250	100	60	36	20	12	8	5	3	2	1	
16287	30590	2200	9999	10	30	50	70	120	150	200	240	280	340	100	60	36	20	12	8	5	3	2	1	
16288	30591	1	1800	10	20	30	40	60	70	80	90	100	120	100	60	36	20	12	8	5	3	2	1	
16289	30591	1800	2200	10	20	40	70	100	110	140	170	200	250	100	60	36	20	12	8	5	3	2	1	
16290	30591	2200	9999	10	30	50	70	120	150	200	240	280	340	100	60	36	20	12	8	5	3	2	1	
16291	30592	1	1800	10	20	30	40	60	70	80	90	100	120	100	60	36	20	12	8	5	3	2	1	
16292	30592	1800	2200	10	20	40	70	100	110	140	170	200	250	100	60	36	20	12	8	5	3	2	1	
16293	30592	2200	9999	10	30	50	70	120	150	200	240	280	340	100	60	36	20	12	8	5	3	2	1	
16294	30593	1	1800	10	20	30	40	60	70	80	90	100	120	100	60	36	20	12	8	5	3	2	1	
16295	30593	1800	2200	10	20	40	70	100	110	140	170	200	250	100	60	36	20	12	8	5	3	2	1	
16296	30593	2200	9999	10	30	50	70	120	150	200	240	280	340	100	60	36	20	12	8	5	3	2	1	
16297	30594	1	1800	10	20	30	40	60	70	80	90	100	120	100	60	36	20	12	8	5	3	2	1	
16298	30594	1800	2200	10	20	40	70	100	110	140	170	200	250	100	60	36	20	12	8	5	3	2	1	
16299	30594	2200	9999	10	30	50	70	120	150	200	240	280	340	100	60	36	20	12	8	5	3	2	1	
16300	30599	1	1800	10	20	30	40	60	70	80	90	100	120	100	60	36	20	12	8	5	3	2	1	
16301	30599	1800	2200	10	20	40	70	100	110	140	170	200	250	100	60	36	20	12	8	5	3	2	1	
16302	30599	2200	9999	10	30	50	70	120	150	200	240	280	340	100	60	36	20	12	8	5	3	2	1	
16303	30600	1	1800	10	20	30	40	60	70	80	90	100	120	100	60	36	20	12	8	5	3	2	1	
16304	30600	1800	2200	10	20	40	70	100	110	140	170	200	250	100	60	36	20	12	8	5	3	2	1	
16305	30600	2200	9999	10	30	50	70	120	150	200	240	280	340	100	60	36	20	12	8	5	3	2	1	
16306	30601	1	1800	10	20	30	40	60	70	80	90	100	120	100	60	36	20	12	8	5	3	2	1	
16307	30601	1800	2200	10	20	40	70	100	110	140	170	200	250	100	60	36	20	12	8	5	3	2	1	
16308	30601	2200	9999	10	30	50	70	120	150	200	240	280	340	100	60	36	20	12	8	5	3	2	1	
16309	30602	1	1800	10	20	30	40	60	70	80	90	100	120	100	60	36	20	12	8	5	3	2	1	
16310	30602	1800	2200	10	20	40	70	100	110	140	170	200	250	100	60	36	20	12	8	5	3	2	1	
16311	30602	2200	9999	10	30	50	70	120	150	200	240	280	340	100	60	36	20	12	8	5	3	2	1	
16312	30603	1	1800	10	20	30	40	60	70	80	90	100	120	100	60	36	20	12	8	5	3	2	1	
16313	30603	1800	2200	10	20	40	70	100	110	140	170	200	250	100	60	36	20	12	8	5	3	2	1	
16314	30603	2200	9999	10	30	50	70	120	150	200	240	280	340	100	60	36	20	12	8	5	3	2	1	
16315	30604	1	1800	10	20	30	40	60	70	80	90	100	120	100	60	36	20	12	8	5	3	2	1	
16316	30604	1800	2200	10	20	40	70	100	110	140	170	200	250	100	60	36	20	12	8	5	3	2	1	
16317	30604	2200	9999	10	30	50	70	120	150	200	240	280	340	100	60	36	20	12	8	5	3	2	1	
16318	30605	1	1800	10	20	30	40	60	70	80	90	100	120	100	60	36	20	12	8	5	3	2	1	
16319	30605	1800	2200	10	20	40	70	100	110	140	170	200	250	100	60	36	20	12	8	5	3	2	1	
16320	30605	2200	9999	10	30	50	70	120	150	200	240	280	340	100	60	36	20	12	8	5	3	2	1	
16321	30609	1	1800	10	20	30	40	60	70	80	90	100	120	100	60	36	20	12	8	5	3	2	1	
16322	30609	1800	2200	10	20	40	70	100	110	140	170	200	250	100	60	36	20	12	8	5	3	2	1	
16323	30609	2200	9999	10	30	50	70	120	150	200	240	280	340	100	60	36	20	12	8	5	3	2	1	
16324	30610	1	1800	10	20	30	40	60	70	80	90	100	120	100	60	36	20	12	8	5	3	2	1	
16325	30610	1800	2200	10	20	40	70	100	110	140	170	200	250	100	60	36	20	12	8	5	3	2	1	
16326	30610	2200	9999	10	30	50	70	120	150	200	240	280	340	100	60	36	20	12	8	5	3	2	1	
16327	30611	1	1800	10	20	30	40	60	70	80	90	100	120	100	60	36	20	12	8	5	3	2	1	
16328	30611	1800	2200	10	20	40	70	100	110	140	170	200	250	100	60	36	20	12	8	5	3	2	1	
16329	30611	2200	9999	10	30	50	70	120	150	200	240	280	340	100	60	36	20	12	8	5	3	2	1	
16330	30612	1	1800	10	20	30	40	60	70	80	90	100	120	100	60	36	20	12	8	5	3	2	1	
16331	30612	1800	2200	10	20	40	70	100	110	140	170	200	250	100	60	36	20	12	8	5	3	2	1	
16332	30612	2200	9999	10	30	50	70	120	150	200	240	280	340	100	60	36	20	12	8	5	3	2	1	
16333	30613	1	1800	10	20	30	40	60	70	80	90	100	120	100	60	36	20	12	8	5	3	2	1	
16334	30613	1800	2200	10	20	40	70	100	110	140	170	200	250	100	60	36	20	12	8	5	3	2	1	
16335	30613	2200	9999	10	30	50	70	120	150	200	240	280	340	100	60	36	20	12	8	5	3	2	1	
16336	30614	1	1800	10	20	30	40	60	70	80	90	100	120	100	60	36	20	12	8	5	3	2	1	
16337	30614	1800	2200	10	20	40	70	100	110	140	170	200	250	100	60	36	20	12	8	5	3	2	1	
16338	30614	2200	9999	10	30	50	70	120	150	200	240	280	340	100	60	36	20	12	8	5	3	2	1	
16339	30615	1	1800	10	20	30	40	60	70	80	90	100	120	100	60	36	20	12	8	5	3	2	1	
16340	30615	1800	2200	10	20	40	70	100	110	140	170	200	250	100	60	36	20	12	8	5	3	2	1	
16341	30615	2200	9999	10	30	50	70	120	150	200	240	280	340	100	60	36	20	12	8	5	3	2	1	
16342	30616	1	1800	10	20	30	40	60	70	80	90	100	120	100	60	36	20	12	8	5	3	2	1	
16343	30616	1800	2200	10	20	40	70	100	110	140	170	200	250	100	60	36	20	12	8	5	3	2	1	
16344	30616	2200	9999	10	30	50	70	120	150	200	240	280	340	100	60	36	20	12	8	5	3	2	1	
16345	30619	1	1800	10	20	30	40	60	70	80	90	100	120	100	60	36	20	12	8	5	3	2	1	
16346	30619	1800	2200	10	20	40	70	100	110	140	170	200	250	100	60	36	20	12	8	5	3	2	1	
16347	30619	2200	9999	10	30	50	70	120	150	200	240	280	340	100	60	36	20	12	8	5	3	2	1	
16348	30620	1	1800	10	20	30	40	60	70	80	90	100	120	100	60	36	20	12	8	5	3	2	1	
16349	30620	1800	2200	10	20	40	70	100	110	140	170	200	250	100	60	36	20	12	8	5	3	2	1	
16350	30620	2200	9999	10	30	50	70	120	150	200	240	280	340	100	60	36	20	12	8	5	3	2	1	
16351	30621	1	1800	10	20	30	40	60	70	80	90	100	120	100	60	36	20	12	8	5	3	2	1	
16352	30621	1800	2200	10	20	40	70	100	110	140	170	200	250	100	60	36	20	12	8	5	3	2	1	
16353	30621	2200	9999	10	30	50	70	120	150	200	240	280	340	100	60	36	20	12	8	5	3	2	1	
16354	30622	1	1800	10	20	30	40	60	70	80	90	100	120	100	60	36	20	12	8	5	3	2	1	
16355	30622	1800	2200	10	20	40	70	100	110	140	170	200	250	100	60	36	20	12	8	5	3	2	1	
16356	30622	2200	9999	10	30	50	70	120	150	200	240	280	340	100	60	36	20	12	8	5	3	2	1	
16357	30623	1	1800	10	20	30	40	60	70	80	90	100	120	100	60	36	20	12	8	5	3	2	1	
16358	30623	1800	2200	10	20	40	70	100	110	140	170	200	250	100	60	36	20	12	8	5	3	2	1	
16359	30623	2200	9999	10	30	50	70	120	150	200	240	280	340	100	60	36	20	12	8	5	3	2	1	
16360	30624	1	1800	10	20	30	40	60	70	80	90	100	120	100	60	36	20	12	8	5	3	2	1	
16361	30624	1800	2200	10	20	40	70	100	110	140	170	200	250	100	60	36	20	12	8	5	3	2	1	
16362	30624	2200	9999	10	30	50	70	120	150	200	240	280	340	100	60	36	20	12	8	5	3	2	1	
16363	30625	1	1800	10	20	30	40	60	70	80	90	100	120	100	60	36	20	12	8	5	3	2	1	
16364	30625	1800	2200	10	20	40	70	100	110	140	170	200	250	100	60	36	20	12	8	5	3	2	1	
16365	30625	2200	9999	10	30	50	70	120	150	200	240	280	340	100	60	36	20	12	8	5	3	2	1	
16366	30626	1	1800	10	20	30	40	60	70	80	90	100	120	100	60	36	20	12	8	5	3	2	1	
16367	30626	1800	2200	10	20	40	70	100	110	140	170	200	250	100	60	36	20	12	8	5	3	2	1	
16368	30626	2200	9999	10	30	50	70	120	150	200	240	280	340	100	60	36	20	12	8	5	3	2	1	
16369	30627	1	1800	10	20	30	40	60	70	80	90	100	120	100	60	36	20	12	8	5	3	2	1	
16370	30627	1800	2200	10	20	40	70	100	110	140	170	200	250	100	60	36	20	12	8	5	3	2	1	
16371	30627	2200	9999	10	30	50	70	120	150	200	240	280	340	100	60	36	20	12	8	5	3	2	1	
16372	30629	1	1800	10	20	30	40	60	70	80	90	100	120	100	60	36	20	12	8	5	3	2	1	
16373	30629	1800	2200	10	20	40	70	100	110	140	170	200	250	100	60	36	20	12	8	5	3	2	1	
16374	30629	2200	9999	10	30	50	70	120	150	200	240	280	340	100	60	36	20	12	8	5	3	2	1	
16375	30630	1	1800	10	20	30	40	60	70	80	90	100	120	100	60	36	20	12	8	5	3	2	1	
16376	30630	1800	2200	10	20	40	70	100	110	140	170	200	250	100	60	36	20	12	8	5	3	2	1	
16377	30630	2200	9999	10	30	50	70	120	150	200	240	280	340	100	60	36	20	12	8	5	3	2	1	
16378	30631	1	1800	10	20	30	40	60	70	80	90	100	120	100	60	36	20	12	8	5	3	2	1	
16379	30631	1800	2200	10	20	40	70	100	110	140	170	200	250	100	60	36	20	12	8	5	3	2	1	
16380	30631	2200	9999	10	30	50	70	120	150	200	240	280	340	100	60	36	20	12	8	5	3	2	1	
16381	30632	1	1800	10	20	30	40	60	70	80	90	100	120	100	60	36	20	12	8	5	3	2	1	
16382	30632	1800	2200	10	20	40	70	100	110	140	170	200	250	100	60	36	20	12	8	5	3	2	1	
16383	30632	2200	9999	10	30	50	70	120	150	200	240	280	340	100	60	36	20	12	8	5	3	2	1	
16384	30633	1	1800	10	20	30	40	60	70	80	90	100	120	100	60	36	20	12	8	5	3	2	1	
16385	30633	1800	2200	10	20	40	70	100	110	140	170	200	250	100	60	36	20	12	8	5	3	2	1	
16386	30633	2200	9999	10	30	50	70	120	150	200	240	280	340	100	60	36	20	12	8	5	3	2	1	
16387	30634	1	1800	10	20	30	40	60	70	80	90	100	120	100	60	36	20	12	8	5	3	2	1	
16388	30634	1800	2200	10	20	40	70	100	110	140	170	200	250	100	60	36	20	12	8	5	3	2	1	
16389	30634	2200	9999	10	30	50	70	120	150	200	240	280	340	100	60	36	20	12	8	5	3	2	1	
16390	30635	1	1800	10	20	30	40	60	70	80	90	100	120	100	60	36	20	12	8	5	3	2	1	
16391	30635	1800	2200	10	20	40	70	100	110	140	170	200	250	100	60	36	20	12	8	5	3	2	1	
16392	30635	2200	9999	10	30	50	70	120	150	200	240	280	340	100	60	36	20	12	8	5	3	2	1	
16393	30636	1	1800	10	20	30	40	60	70	80	90	100	120	100	60	36	20	12	8	5	3	2	1	
16394	30636	1800	2200	10	20	40	70	100	110	140	170	200	250	100	60	36	20	12	8	5	3	2	1	
16395	30636	2200	9999	10	30	50	70	120	150	200	240	280	340	100	60	36	20	12	8	5	3	2	1	
16396	30637	1	1800	10	20	30	40	60	70	80	90	100	120	100	60	36	20	12	8	5	3	2	1	
16397	30637	1800	2200	10	20	40	70	100	110	140	170	200	250	100	60	36	20	12	8	5	3	2	1	
16398	30637	2200	9999	10	30	50	70	120	150	200	240	280	340	100	60	36	20	12	8	5	3	2	1	
16399	30638	1	1800	10	20	30	40	60	70	80	90	100	120	100	60	36	20	12	8	5	3	2	1	
16400	30638	1800	2200	10	20	40	70	100	110	140	170	200	250	100	60	36	20	12	8	5	3	2	1	
16401	30638	2200	9999	10	30	50	70	120	150	200	240	280	340	100	60	36	20	12	8	5	3	2	1	
16402	30639	1	1800	10	20	30	40	60	70	80	90	100	120	100	60	36	20	12	8	5	3	2	1	
16403	30639	1800	2200	10	20	40	70	100	110	140	170	200	250	100	60	36	20	12	8	5	3	2	1	
16404	30639	2200	9999	10	30	50	70	120	150	200	240	280	340	100	60	36	20	12	8	5	3	2	1	
16405	31401	1	1800	10	20	30	40	60	70	80	90	100	120	100	60	36	20	12	8	5	3	2	1	
16406	31401	1800	2200	10	20	40	70	100	110	140	170	200	250	100	60	36	20	12	8	5	3	2	1	
16407	31401	2200	9999	10	30	50	70	120	150	200	240	280	340	100	60	36	20	12	8	5	3	2	1	
16408	31411	1	1800	10	20	30	40	60	70	80	90	100	120	100	60	36	20	12	8	5	3	2	1	
16409	31411	1800	2200	10	20	40	70	100	110	140	170	200	250	100	60	36	20	12	8	5	3	2	1	
16410	31411	2200	9999	10	30	50	70	120	150	200	240	280	340	100	60	36	20	12	8	5	3	2	1	
16411	31421	1	1800	10	20	30	40	60	70	80	90	100	120	100	60	36	20	12	8	5	3	2	1	
16412	31421	1800	2200	10	20	40	70	100	110	140	170	200	250	100	60	36	20	12	8	5	3	2	1	
16413	31421	2200	9999	10	30	50	70	120	150	200	240	280	340	100	60	36	20	12	8	5	3	2	1	
16414	31431	1	1800	10	20	30	40	60	70	80	90	100	120	100	60	36	20	12	8	5	3	2	1	
16415	31431	1800	2200	10	20	40	70	100	110	140	170	200	250	100	60	36	20	12	8	5	3	2	1	
16416	31431	2200	9999	10	30	50	70	120	150	200	240	280	340	100	60	36	20	12	8	5	3	2	1	
16417	31441	1	1800	10	20	30	40	60	70	80	90	100	120	100	60	36	20	12	8	5	3	2	1	
16418	31441	1800	2200	10	20	40	70	100	110	140	170	200	250	100	60	36	20	12	8	5	3	2	1	
16419	31441	2200	9999	10	30	50	70	120	150	200	240	280	340	100	60	36	20	12	8	5	3	2	1	
16420	31451	1	1800	10	20	30	40	60	70	80	90	100	120	100	60	36	20	12	8	5	3	2	1	
16421	31451	1800	2200	10	20	40	70	100	110	140	170	200	250	100	60	36	20	12	8	5	3	2	1	
16422	31451	2200	9999	10	30	50	70	120	150	200	240	280	340	100	60	36	20	12	8	5	3	2	1	
16423	30870	1	1800	10	20	30	40	60	70	80	90	100	120	100	60	36	20	12	8	5	3	2	1	
16424	30870	1800	2200	10	20	40	70	100	110	140	170	200	250	100	60	36	20	12	8	5	3	2	1	
16425	30870	2200	9999	10	30	50	70	120	150	200	240	280	340	100	60	36	20	12	8	5	3	2	1	
16426	30871	1	1800	10	20	30	40	60	70	80	90	100	120	100	60	36	20	12	8	5	3	2	1	
16427	30871	1800	2200	10	20	40	70	100	110	140	170	200	250	100	60	36	20	12	8	5	3	2	1	
16428	30871	2200	9999	10	30	50	70	120	150	200	240	280	340	100	60	36	20	12	8	5	3	2	1	
16429	30872	1	1800	10	20	30	40	60	70	80	90	100	120	100	60	36	20	12	8	5	3	2	1	
16430	30872	1800	2200	10	20	40	70	100	110	140	170	200	250	100	60	36	20	12	8	5	3	2	1	
16431	30872	2200	9999	10	30	50	70	120	150	200	240	280	340	100	60	36	20	12	8	5	3	2	1	
16432	30879	1	1800	10	20	30	40	60	70	80	90	100	120	100	60	36	20	12	8	5	3	2	1	
16433	30879	1800	2200	10	20	40	70	100	110	140	170	200	250	100	60	36	20	12	8	5	3	2	1	
16434	30879	2200	9999	10	30	50	70	120	150	200	240	280	340	100	60	36	20	12	8	5	3	2	1	
16435	30880	1	1800	10	20	30	40	60	70	80	90	100	120	100	60	36	20	12	8	5	3	2	1	
16436	30880	1800	2200	10	20	40	70	100	110	140	170	200	250	100	60	36	20	12	8	5	3	2	1	
16437	30880	2200	9999	10	30	50	70	120	150	200	240	280	340	100	60	36	20	12	8	5	3	2	1	
16438	30881	1	1800	10	20	30	40	60	70	80	90	100	120	100	60	36	20	12	8	5	3	2	1	
16439	30881	1800	2200	10	20	40	70	100	110	140	170	200	250	100	60	36	20	12	8	5	3	2	1	
16440	30881	2200	9999	10	30	50	70	120	150	200	240	280	340	100	60	36	20	12	8	5	3	2	1	
16441	30882	1	1800	10	20	30	40	60	70	80	90	100	120	100	60	36	20	12	8	5	3	2	1	
16442	30882	1800	2200	10	20	40	70	100	110	140	170	200	250	100	60	36	20	12	8	5	3	2	1	
16443	30882	2200	9999	10	30	50	70	120	150	200	240	280	340	100	60	36	20	12	8	5	3	2	1	
16444	30883	1	1800	10	20	30	40	60	70	80	90	100	120	100	60	36	20	12	8	5	3	2	1	
16445	30883	1800	2200	10	20	40	70	100	110	140	170	200	250	100	60	36	20	12	8	5	3	2	1	
16446	30883	2200	9999	10	30	50	70	120	150	200	240	280	340	100	60	36	20	12	8	5	3	2	1	
16447	30889	1	1800	10	20	30	40	60	70	80	90	100	120	100	60	36	20	12	8	5	3	2	1	
16448	30889	1800	2200	10	20	40	70	100	110	140	170	200	250	100	60	36	20	12	8	5	3	2	1	
16449	30889	2200	9999	10	30	50	70	120	150	200	240	280	340	100	60	36	20	12	8	5	3	2	1	
16450	30890	1	1800	10	20	30	40	60	70	80	90	100	120	100	60	36	20	12	8	5	3	2	1	
16451	30890	1800	2200	10	20	40	70	100	110	140	170	200	250	100	60	36	20	12	8	5	3	2	1	
16452	30890	2200	9999	10	30	50	70	120	150	200	240	280	340	100	60	36	20	12	8	5	3	2	1	
16453	30891	1	1800	10	20	30	40	60	70	80	90	100	120	100	60	36	20	12	8	5	3	2	1	
16454	30891	1800	2200	10	20	40	70	100	110	140	170	200	250	100	60	36	20	12	8	5	3	2	1	
16455	30891	2200	9999	10	30	50	70	120	150	200	240	280	340	100	60	36	20	12	8	5	3	2	1	
16456	30892	1	1800	10	20	30	40	60	70	80	90	100	120	100	60	36	20	12	8	5	3	2	1	
16457	30892	1800	2200	10	20	40	70	100	110	140	170	200	250	100	60	36	20	12	8	5	3	2	1	
16458	30892	2200	9999	10	30	50	70	120	150	200	240	280	340	100	60	36	20	12	8	5	3	2	1	
16459	30893	1	1800	10	20	30	40	60	70	80	90	100	120	100	60	36	20	12	8	5	3	2	1	
16460	30893	1800	2200	10	20	40	70	100	110	140	170	200	250	100	60	36	20	12	8	5	3	2	1	
16461	30893	2200	9999	10	30	50	70	120	150	200	240	280	340	100	60	36	20	12	8	5	3	2	1	
16462	30894	1	1800	10	20	30	40	60	70	80	90	100	120	100	60	36	20	12	8	5	3	2	1	
16463	30894	1800	2200	10	20	40	70	100	110	140	170	200	250	100	60	36	20	12	8	5	3	2	1	
16464	30894	2200	9999	10	30	50	70	120	150	200	240	280	340	100	60	36	20	12	8	5	3	2	1	
16465	30899	1	1800	10	20	30	40	60	70	80	90	100	120	100	60	36	20	12	8	5	3	2	1	
16466	30899	1800	2200	10	20	40	70	100	110	140	170	200	250	100	60	36	20	12	8	5	3	2	1	
16467	30899	2200	9999	10	30	50	70	120	150	200	240	280	340	100	60	36	20	12	8	5	3	2	1	
16468	30900	1	1800	10	20	30	40	60	70	80	90	100	120	100	60	36	20	12	8	5	3	2	1	
16469	30900	1800	2200	10	20	40	70	100	110	140	170	200	250	100	60	36	20	12	8	5	3	2	1	
16470	30900	2200	9999	10	30	50	70	120	150	200	240	280	340	100	60	36	20	12	8	5	3	2	1	
16471	30901	1	1800	10	20	30	40	60	70	80	90	100	120	100	60	36	20	12	8	5	3	2	1	
16472	30901	1800	2200	10	20	40	70	100	110	140	170	200	250	100	60	36	20	12	8	5	3	2	1	
16473	30901	2200	9999	10	30	50	70	120	150	200	240	280	340	100	60	36	20	12	8	5	3	2	1	
16474	30902	1	1800	10	20	30	40	60	70	80	90	100	120	100	60	36	20	12	8	5	3	2	1	
16475	30902	1800	2200	10	20	40	70	100	110	140	170	200	250	100	60	36	20	12	8	5	3	2	1	
16476	30902	2200	9999	10	30	50	70	120	150	200	240	280	340	100	60	36	20	12	8	5	3	2	1	
16477	30903	1	1800	10	20	30	40	60	70	80	90	100	120	100	60	36	20	12	8	5	3	2	1	
16478	30903	1800	2200	10	20	40	70	100	110	140	170	200	250	100	60	36	20	12	8	5	3	2	1	
16479	30903	2200	9999	10	30	50	70	120	150	200	240	280	340	100	60	36	20	12	8	5	3	2	1	
16480	30904	1	1800	10	20	30	40	60	70	80	90	100	120	100	60	36	20	12	8	5	3	2	1	
16481	30904	1800	2200	10	20	40	70	100	110	140	170	200	250	100	60	36	20	12	8	5	3	2	1	
16482	30904	2200	9999	10	30	50	70	120	150	200	240	280	340	100	60	36	20	12	8	5	3	2	1	
16483	30905	1	1800	10	20	30	40	60	70	80	90	100	120	100	60	36	20	12	8	5	3	2	1	
16484	30905	1800	2200	10	20	40	70	100	110	140	170	200	250	100	60	36	20	12	8	5	3	2	1	
16485	30905	2200	9999	10	30	50	70	120	150	200	240	280	340	100	60	36	20	12	8	5	3	2	1	
16486	30909	1	1800	10	20	30	40	60	70	80	90	100	120	100	60	36	20	12	8	5	3	2	1	
16487	30909	1800	2200	10	20	40	70	100	110	140	170	200	250	100	60	36	20	12	8	5	3	2	1	
16488	30909	2200	9999	10	30	50	70	120	150	200	240	280	340	100	60	36	20	12	8	5	3	2	1	
16489	30910	1	1800	10	20	30	40	60	70	80	90	100	120	100	60	36	20	12	8	5	3	2	1	
16490	30910	1800	2200	10	20	40	70	100	110	140	170	200	250	100	60	36	20	12	8	5	3	2	1	
16491	30910	2200	9999	10	30	50	70	120	150	200	240	280	340	100	60	36	20	12	8	5	3	2	1	
16492	30911	1	1800	10	20	30	40	60	70	80	90	100	120	100	60	36	20	12	8	5	3	2	1	
16493	30911	1800	2200	10	20	40	70	100	110	140	170	200	250	100	60	36	20	12	8	5	3	2	1	
16494	30911	2200	9999	10	30	50	70	120	150	200	240	280	340	100	60	36	20	12	8	5	3	2	1	
16495	30912	1	1800	10	20	30	40	60	70	80	90	100	120	100	60	36	20	12	8	5	3	2	1	
16496	30912	1800	2200	10	20	40	70	100	110	140	170	200	250	100	60	36	20	12	8	5	3	2	1	
16497	30912	2200	9999	10	30	50	70	120	150	200	240	280	340	100	60	36	20	12	8	5	3	2	1	
16498	30913	1	1800	10	20	30	40	60	70	80	90	100	120	100	60	36	20	12	8	5	3	2	1	
16499	30913	1800	2200	10	20	40	70	100	110	140	170	200	250	100	60	36	20	12	8	5	3	2	1	
16500	30913	2200	9999	10	30	50	70	120	150	200	240	280	340	100	60	36	20	12	8	5	3	2	1	
16501	30914	1	1800	10	20	30	40	60	70	80	90	100	120	100	60	36	20	12	8	5	3	2	1	
16502	30914	1800	2200	10	20	40	70	100	110	140	170	200	250	100	60	36	20	12	8	5	3	2	1	
16503	30914	2200	9999	10	30	50	70	120	150	200	240	280	340	100	60	36	20	12	8	5	3	2	1	
16504	30915	1	1800	10	20	30	40	60	70	80	90	100	120	100	60	36	20	12	8	5	3	2	1	
16505	30915	1800	2200	10	20	40	70	100	110	140	170	200	250	100	60	36	20	12	8	5	3	2	1	
16506	30915	2200	9999	10	30	50	70	120	150	200	240	280	340	100	60	36	20	12	8	5	3	2	1	
16507	30916	1	1800	10	20	30	40	60	70	80	90	100	120	100	60	36	20	12	8	5	3	2	1	
16508	30916	1800	2200	10	20	40	70	100	110	140	170	200	250	100	60	36	20	12	8	5	3	2	1	
16509	30916	2200	9999	10	30	50	70	120	150	200	240	280	340	100	60	36	20	12	8	5	3	2	1	
16510	30919	1	1800	10	20	30	40	60	70	80	90	100	120	100	60	36	20	12	8	5	3	2	1	
16511	30919	1800	2200	10	20	40	70	100	110	140	170	200	250	100	60	36	20	12	8	5	3	2	1	
16512	30919	2200	9999	10	30	50	70	120	150	200	240	280	340	100	60	36	20	12	8	5	3	2	1	
16513	30920	1	1800	10	20	30	40	60	70	80	90	100	120	100	60	36	20	12	8	5	3	2	1	
16514	30920	1800	2200	10	20	40	70	100	110	140	170	200	250	100	60	36	20	12	8	5	3	2	1	
16515	30920	2200	9999	10	30	50	70	120	150	200	240	280	340	100	60	36	20	12	8	5	3	2	1	
16516	30921	1	1800	10	20	30	40	60	70	80	90	100	120	100	60	36	20	12	8	5	3	2	1	
16517	30921	1800	2200	10	20	40	70	100	110	140	170	200	250	100	60	36	20	12	8	5	3	2	1	
16518	30921	2200	9999	10	30	50	70	120	150	200	240	280	340	100	60	36	20	12	8	5	3	2	1	
16519	30922	1	1800	10	20	30	40	60	70	80	90	100	120	100	60	36	20	12	8	5	3	2	1	
16520	30922	1800	2200	10	20	40	70	100	110	140	170	200	250	100	60	36	20	12	8	5	3	2	1	
16521	30922	2200	9999	10	30	50	70	120	150	200	240	280	340	100	60	36	20	12	8	5	3	2	1	
16522	30923	1	1800	10	20	30	40	60	70	80	90	100	120	100	60	36	20	12	8	5	3	2	1	
16523	30923	1800	2200	10	20	40	70	100	110	140	170	200	250	100	60	36	20	12	8	5	3	2	1	
16524	30923	2200	9999	10	30	50	70	120	150	200	240	280	340	100	60	36	20	12	8	5	3	2	1	
16525	30924	1	1800	10	20	30	40	60	70	80	90	100	120	100	60	36	20	12	8	5	3	2	1	
16526	30924	1800	2200	10	20	40	70	100	110	140	170	200	250	100	60	36	20	12	8	5	3	2	1	
16527	30924	2200	9999	10	30	50	70	120	150	200	240	280	340	100	60	36	20	12	8	5	3	2	1	
16528	30925	1	1800	10	20	30	40	60	70	80	90	100	120	100	60	36	20	12	8	5	3	2	1	
16529	30925	1800	2200	10	20	40	70	100	110	140	170	200	250	100	60	36	20	12	8	5	3	2	1	
16530	30925	2200	9999	10	30	50	70	120	150	200	240	280	340	100	60	36	20	12	8	5	3	2	1	
16531	30926	1	1800	10	20	30	40	60	70	80	90	100	120	100	60	36	20	12	8	5	3	2	1	
16532	30926	1800	2200	10	20	40	70	100	110	140	170	200	250	100	60	36	20	12	8	5	3	2	1	
16533	30926	2200	9999	10	30	50	70	120	150	200	240	280	340	100	60	36	20	12	8	5	3	2	1	
16534	30927	1	1800	10	20	30	40	60	70	80	90	100	120	100	60	36	20	12	8	5	3	2	1	
16535	30927	1800	2200	10	20	40	70	100	110	140	170	200	250	100	60	36	20	12	8	5	3	2	1	
16536	30927	2200	9999	10	30	50	70	120	150	200	240	280	340	100	60	36	20	12	8	5	3	2	1	
16537	30929	1	1800	10	20	30	40	60	70	80	90	100	120	100	60	36	20	12	8	5	3	2	1	
16538	30929	1800	2200	10	20	40	70	100	110	140	170	200	250	100	60	36	20	12	8	5	3	2	1	
16539	30929	2200	9999	10	30	50	70	120	150	200	240	280	340	100	60	36	20	12	8	5	3	2	1	
16540	30930	1	1800	10	20	30	40	60	70	80	90	100	120	100	60	36	20	12	8	5	3	2	1	
16541	30930	1800	2200	10	20	40	70	100	110	140	170	200	250	100	60	36	20	12	8	5	3	2	1	
16542	30930	2200	9999	10	30	50	70	120	150	200	240	280	340	100	60	36	20	12	8	5	3	2	1	
16543	30931	1	1800	10	20	30	40	60	70	80	90	100	120	100	60	36	20	12	8	5	3	2	1	
16544	30931	1800	2200	10	20	40	70	100	110	140	170	200	250	100	60	36	20	12	8	5	3	2	1	
16545	30931	2200	9999	10	30	50	70	120	150	200	240	280	340	100	60	36	20	12	8	5	3	2	1	
16546	30932	1	1800	10	20	30	40	60	70	80	90	100	120	100	60	36	20	12	8	5	3	2	1	
16547	30932	1800	2200	10	20	40	70	100	110	140	170	200	250	100	60	36	20	12	8	5	3	2	1	
16548	30932	2200	9999	10	30	50	70	120	150	200	240	280	340	100	60	36	20	12	8	5	3	2	1	
16549	30933	1	1800	10	20	30	40	60	70	80	90	100	120	100	60	36	20	12	8	5	3	2	1	
16550	30933	1800	2200	10	20	40	70	100	110	140	170	200	250	100	60	36	20	12	8	5	3	2	1	
16551	30933	2200	9999	10	30	50	70	120	150	200	240	280	340	100	60	36	20	12	8	5	3	2	1	
16552	30934	1	1800	10	20	30	40	60	70	80	90	100	120	100	60	36	20	12	8	5	3	2	1	
16553	30934	1800	2200	10	20	40	70	100	110	140	170	200	250	100	60	36	20	12	8	5	3	2	1	
16554	30934	2200	9999	10	30	50	70	120	150	200	240	280	340	100	60	36	20	12	8	5	3	2	1	
16555	30935	1	1800	10	20	30	40	60	70	80	90	100	120	100	60	36	20	12	8	5	3	2	1	
16556	30935	1800	2200	10	20	40	70	100	110	140	170	200	250	100	60	36	20	12	8	5	3	2	1	
16557	30935	2200	9999	10	30	50	70	120	150	200	240	280	340	100	60	36	20	12	8	5	3	2	1	
16558	30936	1	1800	10	20	30	40	60	70	80	90	100	120	100	60	36	20	12	8	5	3	2	1	
16559	30936	1800	2200	10	20	40	70	100	110	140	170	200	250	100	60	36	20	12	8	5	3	2	1	
16560	30936	2200	9999	10	30	50	70	120	150	200	240	280	340	100	60	36	20	12	8	5	3	2	1	
16561	30937	1	1800	10	20	30	40	60	70	80	90	100	120	100	60	36	20	12	8	5	3	2	1	
16562	30937	1800	2200	10	20	40	70	100	110	140	170	200	250	100	60	36	20	12	8	5	3	2	1	
16563	30937	2200	9999	10	30	50	70	120	150	200	240	280	340	100	60	36	20	12	8	5	3	2	1	
16564	30938	1	1800	10	20	30	40	60	70	80	90	100	120	100	60	36	20	12	8	5	3	2	1	
16565	30938	1800	2200	10	20	40	70	100	110	140	170	200	250	100	60	36	20	12	8	5	3	2	1	
16566	30938	2200	9999	10	30	50	70	120	150	200	240	280	340	100	60	36	20	12	8	5	3	2	1	
16567	30939	1	1800	10	20	30	40	60	70	80	90	100	120	100	60	36	20	12	8	5	3	2	1	
16568	30939	1800	2200	10	20	40	70	100	110	140	170	200	250	100	60	36	20	12	8	5	3	2	1	
16569	30939	2200	9999	10	30	50	70	120	150	200	240	280	340	100	60	36	20	12	8	5	3	2	1	
16570	31070	1	1800	10	20	30	40	60	70	80	90	100	120	100	60	36	20	12	8	5	3	2	1	
16571	31070	1800	2200	10	20	40	70	100	110	140	170	200	250	100	60	36	20	12	8	5	3	2	1	
16572	31070	2200	9999	10	30	50	70	120	150	200	240	280	340	100	60	36	20	12	8	5	3	2	1	
16573	31071	1	1800	10	20	30	40	60	70	80	90	100	120	100	60	36	20	12	8	5	3	2	1	
16574	31071	1800	2200	10	20	40	70	100	110	140	170	200	250	100	60	36	20	12	8	5	3	2	1	
16575	31071	2200	9999	10	30	50	70	120	150	200	240	280	340	100	60	36	20	12	8	5	3	2	1	
16576	31072	1	1800	10	20	30	40	60	70	80	90	100	120	100	60	36	20	12	8	5	3	2	1	
16577	31072	1800	2200	10	20	40	70	100	110	140	170	200	250	100	60	36	20	12	8	5	3	2	1	
16578	31072	2200	9999	10	30	50	70	120	150	200	240	280	340	100	60	36	20	12	8	5	3	2	1	
16579	31079	1	1800	10	20	30	40	60	70	80	90	100	120	100	60	36	20	12	8	5	3	2	1	
16580	31079	1800	2200	10	20	40	70	100	110	140	170	200	250	100	60	36	20	12	8	5	3	2	1	
16581	31079	2200	9999	10	30	50	70	120	150	200	240	280	340	100	60	36	20	12	8	5	3	2	1	
16582	31080	1	1800	10	20	30	40	60	70	80	90	100	120	100	60	36	20	12	8	5	3	2	1	
16583	31080	1800	2200	10	20	40	70	100	110	140	170	200	250	100	60	36	20	12	8	5	3	2	1	
16584	31080	2200	9999	10	30	50	70	120	150	200	240	280	340	100	60	36	20	12	8	5	3	2	1	
16585	31081	1	1800	10	20	30	40	60	70	80	90	100	120	100	60	36	20	12	8	5	3	2	1	
16586	31081	1800	2200	10	20	40	70	100	110	140	170	200	250	100	60	36	20	12	8	5	3	2	1	
16587	31081	2200	9999	10	30	50	70	120	150	200	240	280	340	100	60	36	20	12	8	5	3	2	1	
16588	31082	1	1800	10	20	30	40	60	70	80	90	100	120	100	60	36	20	12	8	5	3	2	1	
16589	31082	1800	2200	10	20	40	70	100	110	140	170	200	250	100	60	36	20	12	8	5	3	2	1	
16590	31082	2200	9999	10	30	50	70	120	150	200	240	280	340	100	60	36	20	12	8	5	3	2	1	
16591	31083	1	1800	10	20	30	40	60	70	80	90	100	120	100	60	36	20	12	8	5	3	2	1	
16592	31083	1800	2200	10	20	40	70	100	110	140	170	200	250	100	60	36	20	12	8	5	3	2	1	
16593	31083	2200	9999	10	30	50	70	120	150	200	240	280	340	100	60	36	20	12	8	5	3	2	1	
16594	31089	1	1800	10	20	30	40	60	70	80	90	100	120	100	60	36	20	12	8	5	3	2	1	
16595	31089	1800	2200	10	20	40	70	100	110	140	170	200	250	100	60	36	20	12	8	5	3	2	1	
16596	31089	2200	9999	10	30	50	70	120	150	200	240	280	340	100	60	36	20	12	8	5	3	2	1	
16597	31090	1	1800	10	20	30	40	60	70	80	90	100	120	100	60	36	20	12	8	5	3	2	1	
16598	31090	1800	2200	10	20	40	70	100	110	140	170	200	250	100	60	36	20	12	8	5	3	2	1	
16599	31090	2200	9999	10	30	50	70	120	150	200	240	280	340	100	60	36	20	12	8	5	3	2	1	
16600	31091	1	1800	10	20	30	40	60	70	80	90	100	120	100	60	36	20	12	8	5	3	2	1	
16601	31091	1800	2200	10	20	40	70	100	110	140	170	200	250	100	60	36	20	12	8	5	3	2	1	
16602	31091	2200	9999	10	30	50	70	120	150	200	240	280	340	100	60	36	20	12	8	5	3	2	1	
16603	31092	1	1800	10	20	30	40	60	70	80	90	100	120	100	60	36	20	12	8	5	3	2	1	
16604	31092	1800	2200	10	20	40	70	100	110	140	170	200	250	100	60	36	20	12	8	5	3	2	1	
16605	31092	2200	9999	10	30	50	70	120	150	200	240	280	340	100	60	36	20	12	8	5	3	2	1	
16606	31093	1	1800	10	20	30	40	60	70	80	90	100	120	100	60	36	20	12	8	5	3	2	1	
16607	31093	1800	2200	10	20	40	70	100	110	140	170	200	250	100	60	36	20	12	8	5	3	2	1	
16608	31093	2200	9999	10	30	50	70	120	150	200	240	280	340	100	60	36	20	12	8	5	3	2	1	
16609	31094	1	1800	10	20	30	40	60	70	80	90	100	120	100	60	36	20	12	8	5	3	2	1	
16610	31094	1800	2200	10	20	40	70	100	110	140	170	200	250	100	60	36	20	12	8	5	3	2	1	
16611	31094	2200	9999	10	30	50	70	120	150	200	240	280	340	100	60	36	20	12	8	5	3	2	1	
16612	31099	1	1800	10	20	30	40	60	70	80	90	100	120	100	60	36	20	12	8	5	3	2	1	
16613	31099	1800	2200	10	20	40	70	100	110	140	170	200	250	100	60	36	20	12	8	5	3	2	1	
16614	31099	2200	9999	10	30	50	70	120	150	200	240	280	340	100	60	36	20	12	8	5	3	2	1	
16615	31100	1	1800	10	20	30	40	60	70	80	90	100	120	100	60	36	20	12	8	5	3	2	1	
16616	31100	1800	2200	10	20	40	70	100	110	140	170	200	250	100	60	36	20	12	8	5	3	2	1	
16617	31100	2200	9999	10	30	50	70	120	150	200	240	280	340	100	60	36	20	12	8	5	3	2	1	
16618	31101	1	1800	10	20	30	40	60	70	80	90	100	120	100	60	36	20	12	8	5	3	2	1	
16619	31101	1800	2200	10	20	40	70	100	110	140	170	200	250	100	60	36	20	12	8	5	3	2	1	
16620	31101	2200	9999	10	30	50	70	120	150	200	240	280	340	100	60	36	20	12	8	5	3	2	1	
16621	31102	1	1800	10	20	30	40	60	70	80	90	100	120	100	60	36	20	12	8	5	3	2	1	
16622	31102	1800	2200	10	20	40	70	100	110	140	170	200	250	100	60	36	20	12	8	5	3	2	1	
16623	31102	2200	9999	10	30	50	70	120	150	200	240	280	340	100	60	36	20	12	8	5	3	2	1	
16624	31103	1	1800	10	20	30	40	60	70	80	90	100	120	100	60	36	20	12	8	5	3	2	1	
16625	31103	1800	2200	10	20	40	70	100	110	140	170	200	250	100	60	36	20	12	8	5	3	2	1	
16626	31103	2200	9999	10	30	50	70	120	150	200	240	280	340	100	60	36	20	12	8	5	3	2	1	
16627	31104	1	1800	10	20	30	40	60	70	80	90	100	120	100	60	36	20	12	8	5	3	2	1	
16628	31104	1800	2200	10	20	40	70	100	110	140	170	200	250	100	60	36	20	12	8	5	3	2	1	
16629	31104	2200	9999	10	30	50	70	120	150	200	240	280	340	100	60	36	20	12	8	5	3	2	1	
16630	31105	1	1800	10	20	30	40	60	70	80	90	100	120	100	60	36	20	12	8	5	3	2	1	
16631	31105	1800	2200	10	20	40	70	100	110	140	170	200	250	100	60	36	20	12	8	5	3	2	1	
16632	31105	2200	9999	10	30	50	70	120	150	200	240	280	340	100	60	36	20	12	8	5	3	2	1	
16633	31109	1	1800	10	20	30	40	60	70	80	90	100	120	100	60	36	20	12	8	5	3	2	1	
16634	31109	1800	2200	10	20	40	70	100	110	140	170	200	250	100	60	36	20	12	8	5	3	2	1	
16635	31109	2200	9999	10	30	50	70	120	150	200	240	280	340	100	60	36	20	12	8	5	3	2	1	
16636	31110	1	1800	10	20	30	40	60	70	80	90	100	120	100	60	36	20	12	8	5	3	2	1	
16637	31110	1800	2200	10	20	40	70	100	110	140	170	200	250	100	60	36	20	12	8	5	3	2	1	
16638	31110	2200	9999	10	30	50	70	120	150	200	240	280	340	100	60	36	20	12	8	5	3	2	1	
16639	31111	1	1800	10	20	30	40	60	70	80	90	100	120	100	60	36	20	12	8	5	3	2	1	
16640	31111	1800	2200	10	20	40	70	100	110	140	170	200	250	100	60	36	20	12	8	5	3	2	1	
16641	31111	2200	9999	10	30	50	70	120	150	200	240	280	340	100	60	36	20	12	8	5	3	2	1	
16642	31112	1	1800	10	20	30	40	60	70	80	90	100	120	100	60	36	20	12	8	5	3	2	1	
16643	31112	1800	2200	10	20	40	70	100	110	140	170	200	250	100	60	36	20	12	8	5	3	2	1	
16644	31112	2200	9999	10	30	50	70	120	150	200	240	280	340	100	60	36	20	12	8	5	3	2	1	
16645	31113	1	1800	10	20	30	40	60	70	80	90	100	120	100	60	36	20	12	8	5	3	2	1	
16646	31113	1800	2200	10	20	40	70	100	110	140	170	200	250	100	60	36	20	12	8	5	3	2	1	
16647	31113	2200	9999	10	30	50	70	120	150	200	240	280	340	100	60	36	20	12	8	5	3	2	1	
16648	31114	1	1800	10	20	30	40	60	70	80	90	100	120	100	60	36	20	12	8	5	3	2	1	
16649	31114	1800	2200	10	20	40	70	100	110	140	170	200	250	100	60	36	20	12	8	5	3	2	1	
16650	31114	2200	9999	10	30	50	70	120	150	200	240	280	340	100	60	36	20	12	8	5	3	2	1	
16651	31115	1	1800	10	20	30	40	60	70	80	90	100	120	100	60	36	20	12	8	5	3	2	1	
16652	31115	1800	2200	10	20	40	70	100	110	140	170	200	250	100	60	36	20	12	8	5	3	2	1	
16653	31115	2200	9999	10	30	50	70	120	150	200	240	280	340	100	60	36	20	12	8	5	3	2	1	
16654	31116	1	1800	10	20	30	40	60	70	80	90	100	120	100	60	36	20	12	8	5	3	2	1	
16655	31116	1800	2200	10	20	40	70	100	110	140	170	200	250	100	60	36	20	12	8	5	3	2	1	
16656	31116	2200	9999	10	30	50	70	120	150	200	240	280	340	100	60	36	20	12	8	5	3	2	1	
16657	31119	1	1800	10	20	30	40	60	70	80	90	100	120	100	60	36	20	12	8	5	3	2	1	
16658	31119	1800	2200	10	20	40	70	100	110	140	170	200	250	100	60	36	20	12	8	5	3	2	1	
16659	31119	2200	9999	10	30	50	70	120	150	200	240	280	340	100	60	36	20	12	8	5	3	2	1	
16660	31120	1	1800	10	20	30	40	60	70	80	90	100	120	100	60	36	20	12	8	5	3	2	1	
16661	31120	1800	2200	10	20	40	70	100	110	140	170	200	250	100	60	36	20	12	8	5	3	2	1	
16662	31120	2200	9999	10	30	50	70	120	150	200	240	280	340	100	60	36	20	12	8	5	3	2	1	
16663	31121	1	1800	10	20	30	40	60	70	80	90	100	120	100	60	36	20	12	8	5	3	2	1	
16664	31121	1800	2200	10	20	40	70	100	110	140	170	200	250	100	60	36	20	12	8	5	3	2	1	
16665	31121	2200	9999	10	30	50	70	120	150	200	240	280	340	100	60	36	20	12	8	5	3	2	1	
16666	31122	1	1800	10	20	30	40	60	70	80	90	100	120	100	60	36	20	12	8	5	3	2	1	
16667	31122	1800	2200	10	20	40	70	100	110	140	170	200	250	100	60	36	20	12	8	5	3	2	1	
16668	31122	2200	9999	10	30	50	70	120	150	200	240	280	340	100	60	36	20	12	8	5	3	2	1	
16669	31123	1	1800	10	20	30	40	60	70	80	90	100	120	100	60	36	20	12	8	5	3	2	1	
16670	31123	1800	2200	10	20	40	70	100	110	140	170	200	250	100	60	36	20	12	8	5	3	2	1	
16671	31123	2200	9999	10	30	50	70	120	150	200	240	280	340	100	60	36	20	12	8	5	3	2	1	
16672	31124	1	1800	10	20	30	40	60	70	80	90	100	120	100	60	36	20	12	8	5	3	2	1	
16673	31124	1800	2200	10	20	40	70	100	110	140	170	200	250	100	60	36	20	12	8	5	3	2	1	
16674	31124	2200	9999	10	30	50	70	120	150	200	240	280	340	100	60	36	20	12	8	5	3	2	1	
16675	31125	1	1800	10	20	30	40	60	70	80	90	100	120	100	60	36	20	12	8	5	3	2	1	
16676	31125	1800	2200	10	20	40	70	100	110	140	170	200	250	100	60	36	20	12	8	5	3	2	1	
16677	31125	2200	9999	10	30	50	70	120	150	200	240	280	340	100	60	36	20	12	8	5	3	2	1	
16678	31126	1	1800	10	20	30	40	60	70	80	90	100	120	100	60	36	20	12	8	5	3	2	1	
16679	31126	1800	2200	10	20	40	70	100	110	140	170	200	250	100	60	36	20	12	8	5	3	2	1	
16680	31126	2200	9999	10	30	50	70	120	150	200	240	280	340	100	60	36	20	12	8	5	3	2	1	
16681	31127	1	1800	10	20	30	40	60	70	80	90	100	120	100	60	36	20	12	8	5	3	2	1	
16682	31127	1800	2200	10	20	40	70	100	110	140	170	200	250	100	60	36	20	12	8	5	3	2	1	
16683	31127	2200	9999	10	30	50	70	120	150	200	240	280	340	100	60	36	20	12	8	5	3	2	1	
16684	31129	1	1800	10	20	30	40	60	70	80	90	100	120	100	60	36	20	12	8	5	3	2	1	
16685	31129	1800	2200	10	20	40	70	100	110	140	170	200	250	100	60	36	20	12	8	5	3	2	1	
16686	31129	2200	9999	10	30	50	70	120	150	200	240	280	340	100	60	36	20	12	8	5	3	2	1	
16687	31130	1	1800	10	20	30	40	60	70	80	90	100	120	100	60	36	20	12	8	5	3	2	1	
16688	31130	1800	2200	10	20	40	70	100	110	140	170	200	250	100	60	36	20	12	8	5	3	2	1	
16689	31130	2200	9999	10	30	50	70	120	150	200	240	280	340	100	60	36	20	12	8	5	3	2	1	
16690	31131	1	1800	10	20	30	40	60	70	80	90	100	120	100	60	36	20	12	8	5	3	2	1	
16691	31131	1800	2200	10	20	40	70	100	110	140	170	200	250	100	60	36	20	12	8	5	3	2	1	
16692	31131	2200	9999	10	30	50	70	120	150	200	240	280	340	100	60	36	20	12	8	5	3	2	1	
16693	31132	1	1800	10	20	30	40	60	70	80	90	100	120	100	60	36	20	12	8	5	3	2	1	
16694	31132	1800	2200	10	20	40	70	100	110	140	170	200	250	100	60	36	20	12	8	5	3	2	1	
16695	31132	2200	9999	10	30	50	70	120	150	200	240	280	340	100	60	36	20	12	8	5	3	2	1	
16696	31133	1	1800	10	20	30	40	60	70	80	90	100	120	100	60	36	20	12	8	5	3	2	1	
16697	31133	1800	2200	10	20	40	70	100	110	140	170	200	250	100	60	36	20	12	8	5	3	2	1	
16698	31133	2200	9999	10	30	50	70	120	150	200	240	280	340	100	60	36	20	12	8	5	3	2	1	
16699	31134	1	1800	10	20	30	40	60	70	80	90	100	120	100	60	36	20	12	8	5	3	2	1	
16700	31134	1800	2200	10	20	40	70	100	110	140	170	200	250	100	60	36	20	12	8	5	3	2	1	
16701	31134	2200	9999	10	30	50	70	120	150	200	240	280	340	100	60	36	20	12	8	5	3	2	1	
16702	31135	1	1800	10	20	30	40	60	70	80	90	100	120	100	60	36	20	12	8	5	3	2	1	
16703	31135	1800	2200	10	20	40	70	100	110	140	170	200	250	100	60	36	20	12	8	5	3	2	1	
16704	31135	2200	9999	10	30	50	70	120	150	200	240	280	340	100	60	36	20	12	8	5	3	2	1	
16705	31136	1	1800	10	20	30	40	60	70	80	90	100	120	100	60	36	20	12	8	5	3	2	1	
16706	31136	1800	2200	10	20	40	70	100	110	140	170	200	250	100	60	36	20	12	8	5	3	2	1	
16707	31136	2200	9999	10	30	50	70	120	150	200	240	280	340	100	60	36	20	12	8	5	3	2	1	
16708	31137	1	1800	10	20	30	40	60	70	80	90	100	120	100	60	36	20	12	8	5	3	2	1	
16709	31137	1800	2200	10	20	40	70	100	110	140	170	200	250	100	60	36	20	12	8	5	3	2	1	
16710	31137	2200	9999	10	30	50	70	120	150	200	240	280	340	100	60	36	20	12	8	5	3	2	1	
16711	31138	1	1800	10	20	30	40	60	70	80	90	100	120	100	60	36	20	12	8	5	3	2	1	
16712	31138	1800	2200	10	20	40	70	100	110	140	170	200	250	100	60	36	20	12	8	5	3	2	1	
16713	31138	2200	9999	10	30	50	70	120	150	200	240	280	340	100	60	36	20	12	8	5	3	2	1	
16714	31139	1	1800	10	20	30	40	60	70	80	90	100	120	100	60	36	20	12	8	5	3	2	1	
16715	31139	1800	2200	10	20	40	70	100	110	140	170	200	250	100	60	36	20	12	8	5	3	2	1	
16716	31139	2200	9999	10	30	50	70	120	150	200	240	280	340	100	60	36	20	12	8	5	3	2	1	
16717	24590	1	1800	10	20	30	40	60	70	80	90	100	120	100	60	36	20	12	8	5	3	2	1	
16718	24590	1800	2200	10	20	40	70	100	110	140	170	200	250	100	60	36	20	12	8	5	3	2	1	
16719	24590	2200	9999	10	30	50	70	120	150	200	240	280	340	100	60	36	20	12	8	5	3	2	1	
16720	24591	1	1800	10	20	30	40	60	70	80	90	100	120	100	60	36	20	12	8	5	3	2	1	
16721	24591	1800	2200	10	20	40	70	100	110	140	170	200	250	100	60	36	20	12	8	5	3	2	1	
16722	24591	2200	9999	10	30	50	70	120	150	200	240	280	340	100	60	36	20	12	8	5	3	2	1	
16723	24592	1	1800	10	20	30	40	60	70	80	90	100	120	100	60	36	20	12	8	5	3	2	1	
16724	24592	1800	2200	10	20	40	70	100	110	140	170	200	250	100	60	36	20	12	8	5	3	2	1	
16725	24592	2200	9999	10	30	50	70	120	150	200	240	280	340	100	60	36	20	12	8	5	3	2	1	
16726	24599	1	1800	10	20	30	40	60	70	80	90	100	120	100	60	36	20	12	8	5	3	2	1	
16727	24599	1800	2200	10	20	40	70	100	110	140	170	200	250	100	60	36	20	12	8	5	3	2	1	
16728	24599	2200	9999	10	30	50	70	120	150	200	240	280	340	100	60	36	20	12	8	5	3	2	1	
16729	24600	1	1800	10	20	30	40	60	70	80	90	100	120	100	60	36	20	12	8	5	3	2	1	
16730	24600	1800	2200	10	20	40	70	100	110	140	170	200	250	100	60	36	20	12	8	5	3	2	1	
16731	24600	2200	9999	10	30	50	70	120	150	200	240	280	340	100	60	36	20	12	8	5	3	2	1	
16732	24601	1	1800	10	20	30	40	60	70	80	90	100	120	100	60	36	20	12	8	5	3	2	1	
16733	24601	1800	2200	10	20	40	70	100	110	140	170	200	250	100	60	36	20	12	8	5	3	2	1	
16734	24601	2200	9999	10	30	50	70	120	150	200	240	280	340	100	60	36	20	12	8	5	3	2	1	
16735	24602	1	1800	10	20	30	40	60	70	80	90	100	120	100	60	36	20	12	8	5	3	2	1	
16736	24602	1800	2200	10	20	40	70	100	110	140	170	200	250	100	60	36	20	12	8	5	3	2	1	
16737	24602	2200	9999	10	30	50	70	120	150	200	240	280	340	100	60	36	20	12	8	5	3	2	1	
16738	24603	1	1800	10	20	30	40	60	70	80	90	100	120	100	60	36	20	12	8	5	3	2	1	
16739	24603	1800	2200	10	20	40	70	100	110	140	170	200	250	100	60	36	20	12	8	5	3	2	1	
16740	24603	2200	9999	10	30	50	70	120	150	200	240	280	340	100	60	36	20	12	8	5	3	2	1	
16741	24609	1	1800	10	20	30	40	60	70	80	90	100	120	100	60	36	20	12	8	5	3	2	1	
16742	24609	1800	2200	10	20	40	70	100	110	140	170	200	250	100	60	36	20	12	8	5	3	2	1	
16743	24609	2200	9999	10	30	50	70	120	150	200	240	280	340	100	60	36	20	12	8	5	3	2	1	
16744	24610	1	1800	10	20	30	40	60	70	80	90	100	120	100	60	36	20	12	8	5	3	2	1	
16745	24610	1800	2200	10	20	40	70	100	110	140	170	200	250	100	60	36	20	12	8	5	3	2	1	
16746	24610	2200	9999	10	30	50	70	120	150	200	240	280	340	100	60	36	20	12	8	5	3	2	1	
16747	24611	1	1800	10	20	30	40	60	70	80	90	100	120	100	60	36	20	12	8	5	3	2	1	
16748	24611	1800	2200	10	20	40	70	100	110	140	170	200	250	100	60	36	20	12	8	5	3	2	1	
16749	24611	2200	9999	10	30	50	70	120	150	200	240	280	340	100	60	36	20	12	8	5	3	2	1	
16750	24612	1	1800	10	20	30	40	60	70	80	90	100	120	100	60	36	20	12	8	5	3	2	1	
16751	24612	1800	2200	10	20	40	70	100	110	140	170	200	250	100	60	36	20	12	8	5	3	2	1	
16752	24612	2200	9999	10	30	50	70	120	150	200	240	280	340	100	60	36	20	12	8	5	3	2	1	
16753	24613	1	1800	10	20	30	40	60	70	80	90	100	120	100	60	36	20	12	8	5	3	2	1	
16754	24613	1800	2200	10	20	40	70	100	110	140	170	200	250	100	60	36	20	12	8	5	3	2	1	
16755	24613	2200	9999	10	30	50	70	120	150	200	240	280	340	100	60	36	20	12	8	5	3	2	1	
16756	24614	1	1800	10	20	30	40	60	70	80	90	100	120	100	60	36	20	12	8	5	3	2	1	
16757	24614	1800	2200	10	20	40	70	100	110	140	170	200	250	100	60	36	20	12	8	5	3	2	1	
16758	24614	2200	9999	10	30	50	70	120	150	200	240	280	340	100	60	36	20	12	8	5	3	2	1	
16759	24619	1	1800	10	20	30	40	60	70	80	90	100	120	100	60	36	20	12	8	5	3	2	1	
16760	24619	1800	2200	10	20	40	70	100	110	140	170	200	250	100	60	36	20	12	8	5	3	2	1	
16761	24619	2200	9999	10	30	50	70	120	150	200	240	280	340	100	60	36	20	12	8	5	3	2	1	
16762	24620	1	1800	10	20	30	40	60	70	80	90	100	120	100	60	36	20	12	8	5	3	2	1	
16763	24620	1800	2200	10	20	40	70	100	110	140	170	200	250	100	60	36	20	12	8	5	3	2	1	
16764	24620	2200	9999	10	30	50	70	120	150	200	240	280	340	100	60	36	20	12	8	5	3	2	1	
16765	24621	1	1800	10	20	30	40	60	70	80	90	100	120	100	60	36	20	12	8	5	3	2	1	
16766	24621	1800	2200	10	20	40	70	100	110	140	170	200	250	100	60	36	20	12	8	5	3	2	1	
16767	24621	2200	9999	10	30	50	70	120	150	200	240	280	340	100	60	36	20	12	8	5	3	2	1	
16768	24622	1	1800	10	20	30	40	60	70	80	90	100	120	100	60	36	20	12	8	5	3	2	1	
16769	24622	1800	2200	10	20	40	70	100	110	140	170	200	250	100	60	36	20	12	8	5	3	2	1	
16770	24622	2200	9999	10	30	50	70	120	150	200	240	280	340	100	60	36	20	12	8	5	3	2	1	
16771	24623	1	1800	10	20	30	40	60	70	80	90	100	120	100	60	36	20	12	8	5	3	2	1	
16772	24623	1800	2200	10	20	40	70	100	110	140	170	200	250	100	60	36	20	12	8	5	3	2	1	
16773	24623	2200	9999	10	30	50	70	120	150	200	240	280	340	100	60	36	20	12	8	5	3	2	1	
16774	24624	1	1800	10	20	30	40	60	70	80	90	100	120	100	60	36	20	12	8	5	3	2	1	
16775	24624	1800	2200	10	20	40	70	100	110	140	170	200	250	100	60	36	20	12	8	5	3	2	1	
16776	24624	2200	9999	10	30	50	70	120	150	200	240	280	340	100	60	36	20	12	8	5	3	2	1	
16777	24625	1	1800	10	20	30	40	60	70	80	90	100	120	100	60	36	20	12	8	5	3	2	1	
16778	24625	1800	2200	10	20	40	70	100	110	140	170	200	250	100	60	36	20	12	8	5	3	2	1	
16779	24625	2200	9999	10	30	50	70	120	150	200	240	280	340	100	60	36	20	12	8	5	3	2	1	
16780	24629	1	1800	10	20	30	40	60	70	80	90	100	120	100	60	36	20	12	8	5	3	2	1	
16781	24629	1800	2200	10	20	40	70	100	110	140	170	200	250	100	60	36	20	12	8	5	3	2	1	
16782	24629	2200	9999	10	30	50	70	120	150	200	240	280	340	100	60	36	20	12	8	5	3	2	1	
16783	24630	1	1800	10	20	30	40	60	70	80	90	100	120	100	60	36	20	12	8	5	3	2	1	
16784	24630	1800	2200	10	20	40	70	100	110	140	170	200	250	100	60	36	20	12	8	5	3	2	1	
16785	24630	2200	9999	10	30	50	70	120	150	200	240	280	340	100	60	36	20	12	8	5	3	2	1	
16786	24631	1	1800	10	20	30	40	60	70	80	90	100	120	100	60	36	20	12	8	5	3	2	1	
16787	24631	1800	2200	10	20	40	70	100	110	140	170	200	250	100	60	36	20	12	8	5	3	2	1	
16788	24631	2200	9999	10	30	50	70	120	150	200	240	280	340	100	60	36	20	12	8	5	3	2	1	
16789	24632	1	1800	10	20	30	40	60	70	80	90	100	120	100	60	36	20	12	8	5	3	2	1	
16790	24632	1800	2200	10	20	40	70	100	110	140	170	200	250	100	60	36	20	12	8	5	3	2	1	
16791	24632	2200	9999	10	30	50	70	120	150	200	240	280	340	100	60	36	20	12	8	5	3	2	1	
16792	24633	1	1800	10	20	30	40	60	70	80	90	100	120	100	60	36	20	12	8	5	3	2	1	
16793	24633	1800	2200	10	20	40	70	100	110	140	170	200	250	100	60	36	20	12	8	5	3	2	1	
16794	24633	2200	9999	10	30	50	70	120	150	200	240	280	340	100	60	36	20	12	8	5	3	2	1	
16795	24634	1	1800	10	20	30	40	60	70	80	90	100	120	100	60	36	20	12	8	5	3	2	1	
16796	24634	1800	2200	10	20	40	70	100	110	140	170	200	250	100	60	36	20	12	8	5	3	2	1	
16797	24634	2200	9999	10	30	50	70	120	150	200	240	280	340	100	60	36	20	12	8	5	3	2	1	
16798	24635	1	1800	10	20	30	40	60	70	80	90	100	120	100	60	36	20	12	8	5	3	2	1	
16799	24635	1800	2200	10	20	40	70	100	110	140	170	200	250	100	60	36	20	12	8	5	3	2	1	
16800	24635	2200	9999	10	30	50	70	120	150	200	240	280	340	100	60	36	20	12	8	5	3	2	1	
16801	24636	1	1800	10	20	30	40	60	70	80	90	100	120	100	60	36	20	12	8	5	3	2	1	
16802	24636	1800	2200	10	20	40	70	100	110	140	170	200	250	100	60	36	20	12	8	5	3	2	1	
16803	24636	2200	9999	10	30	50	70	120	150	200	240	280	340	100	60	36	20	12	8	5	3	2	1	
16804	24639	1	1800	10	20	30	40	60	70	80	90	100	120	100	60	36	20	12	8	5	3	2	1	
16805	24639	1800	2200	10	20	40	70	100	110	140	170	200	250	100	60	36	20	12	8	5	3	2	1	
16806	24639	2200	9999	10	30	50	70	120	150	200	240	280	340	100	60	36	20	12	8	5	3	2	1	
16807	24640	1	1800	10	20	30	40	60	70	80	90	100	120	100	60	36	20	12	8	5	3	2	1	
16808	24640	1800	2200	10	20	40	70	100	110	140	170	200	250	100	60	36	20	12	8	5	3	2	1	
16809	24640	2200	9999	10	30	50	70	120	150	200	240	280	340	100	60	36	20	12	8	5	3	2	1	
16810	24641	1	1800	10	20	30	40	60	70	80	90	100	120	100	60	36	20	12	8	5	3	2	1	
16811	24641	1800	2200	10	20	40	70	100	110	140	170	200	250	100	60	36	20	12	8	5	3	2	1	
16812	24641	2200	9999	10	30	50	70	120	150	200	240	280	340	100	60	36	20	12	8	5	3	2	1	
16813	24642	1	1800	10	20	30	40	60	70	80	90	100	120	100	60	36	20	12	8	5	3	2	1	
16814	24642	1800	2200	10	20	40	70	100	110	140	170	200	250	100	60	36	20	12	8	5	3	2	1	
16815	24642	2200	9999	10	30	50	70	120	150	200	240	280	340	100	60	36	20	12	8	5	3	2	1	
16816	24643	1	1800	10	20	30	40	60	70	80	90	100	120	100	60	36	20	12	8	5	3	2	1	
16817	24643	1800	2200	10	20	40	70	100	110	140	170	200	250	100	60	36	20	12	8	5	3	2	1	
16818	24643	2200	9999	10	30	50	70	120	150	200	240	280	340	100	60	36	20	12	8	5	3	2	1	
16819	24644	1	1800	10	20	30	40	60	70	80	90	100	120	100	60	36	20	12	8	5	3	2	1	
16820	24644	1800	2200	10	20	40	70	100	110	140	170	200	250	100	60	36	20	12	8	5	3	2	1	
16821	24644	2200	9999	10	30	50	70	120	150	200	240	280	340	100	60	36	20	12	8	5	3	2	1	
16822	24645	1	1800	10	20	30	40	60	70	80	90	100	120	100	60	36	20	12	8	5	3	2	1	
16823	24645	1800	2200	10	20	40	70	100	110	140	170	200	250	100	60	36	20	12	8	5	3	2	1	
16824	24645	2200	9999	10	30	50	70	120	150	200	240	280	340	100	60	36	20	12	8	5	3	2	1	
16825	24646	1	1800	10	20	30	40	60	70	80	90	100	120	100	60	36	20	12	8	5	3	2	1	
16826	24646	1800	2200	10	20	40	70	100	110	140	170	200	250	100	60	36	20	12	8	5	3	2	1	
16827	24646	2200	9999	10	30	50	70	120	150	200	240	280	340	100	60	36	20	12	8	5	3	2	1	
16828	24647	1	1800	10	20	30	40	60	70	80	90	100	120	100	60	36	20	12	8	5	3	2	1	
16829	24647	1800	2200	10	20	40	70	100	110	140	170	200	250	100	60	36	20	12	8	5	3	2	1	
16830	24647	2200	9999	10	30	50	70	120	150	200	240	280	340	100	60	36	20	12	8	5	3	2	1	
16831	24649	1	1800	10	20	30	40	60	70	80	90	100	120	100	60	36	20	12	8	5	3	2	1	
16832	24649	1800	2200	10	20	40	70	100	110	140	170	200	250	100	60	36	20	12	8	5	3	2	1	
16833	24649	2200	9999	10	30	50	70	120	150	200	240	280	340	100	60	36	20	12	8	5	3	2	1	
16834	24650	1	1800	10	20	30	40	60	70	80	90	100	120	100	60	36	20	12	8	5	3	2	1	
16835	24650	1800	2200	10	20	40	70	100	110	140	170	200	250	100	60	36	20	12	8	5	3	2	1	
16836	24650	2200	9999	10	30	50	70	120	150	200	240	280	340	100	60	36	20	12	8	5	3	2	1	
16837	24651	1	1800	10	20	30	40	60	70	80	90	100	120	100	60	36	20	12	8	5	3	2	1	
16838	24651	1800	2200	10	20	40	70	100	110	140	170	200	250	100	60	36	20	12	8	5	3	2	1	
16839	24651	2200	9999	10	30	50	70	120	150	200	240	280	340	100	60	36	20	12	8	5	3	2	1	
16840	24652	1	1800	10	20	30	40	60	70	80	90	100	120	100	60	36	20	12	8	5	3	2	1	
16841	24652	1800	2200	10	20	40	70	100	110	140	170	200	250	100	60	36	20	12	8	5	3	2	1	
16842	24652	2200	9999	10	30	50	70	120	150	200	240	280	340	100	60	36	20	12	8	5	3	2	1	
16843	24653	1	1800	10	20	30	40	60	70	80	90	100	120	100	60	36	20	12	8	5	3	2	1	
16844	24653	1800	2200	10	20	40	70	100	110	140	170	200	250	100	60	36	20	12	8	5	3	2	1	
16845	24653	2200	9999	10	30	50	70	120	150	200	240	280	340	100	60	36	20	12	8	5	3	2	1	
16846	24654	1	1800	10	20	30	40	60	70	80	90	100	120	100	60	36	20	12	8	5	3	2	1	
16847	24654	1800	2200	10	20	40	70	100	110	140	170	200	250	100	60	36	20	12	8	5	3	2	1	
16848	24654	2200	9999	10	30	50	70	120	150	200	240	280	340	100	60	36	20	12	8	5	3	2	1	
16849	24655	1	1800	10	20	30	40	60	70	80	90	100	120	100	60	36	20	12	8	5	3	2	1	
16850	24655	1800	2200	10	20	40	70	100	110	140	170	200	250	100	60	36	20	12	8	5	3	2	1	
16851	24655	2200	9999	10	30	50	70	120	150	200	240	280	340	100	60	36	20	12	8	5	3	2	1	
16852	24656	1	1800	10	20	30	40	60	70	80	90	100	120	100	60	36	20	12	8	5	3	2	1	
16853	24656	1800	2200	10	20	40	70	100	110	140	170	200	250	100	60	36	20	12	8	5	3	2	1	
16854	24656	2200	9999	10	30	50	70	120	150	200	240	280	340	100	60	36	20	12	8	5	3	2	1	
16855	24657	1	1800	10	20	30	40	60	70	80	90	100	120	100	60	36	20	12	8	5	3	2	1	
16856	24657	1800	2200	10	20	40	70	100	110	140	170	200	250	100	60	36	20	12	8	5	3	2	1	
16857	24657	2200	9999	10	30	50	70	120	150	200	240	280	340	100	60	36	20	12	8	5	3	2	1	
16858	24658	1	1800	10	20	30	40	60	70	80	90	100	120	100	60	36	20	12	8	5	3	2	1	
16859	24658	1800	2200	10	20	40	70	100	110	140	170	200	250	100	60	36	20	12	8	5	3	2	1	
16860	24658	2200	9999	10	30	50	70	120	150	200	240	280	340	100	60	36	20	12	8	5	3	2	1	
16861	24659	1	1800	10	20	30	40	60	70	80	90	100	120	100	60	36	20	12	8	5	3	2	1	
16862	24659	1800	2200	10	20	40	70	100	110	140	170	200	250	100	60	36	20	12	8	5	3	2	1	
16863	24659	2200	9999	10	30	50	70	120	150	200	240	280	340	100	60	36	20	12	8	5	3	2	1	
16864	24661	1	1800	10	20	30	40	60	70	80	90	100	120	100	60	36	20	12	8	5	3	2	1	
16865	24661	1800	2200	10	20	40	70	100	110	140	170	200	250	100	60	36	20	12	8	5	3	2	1	
16866	24661	2200	9999	10	30	50	70	120	150	200	240	280	340	100	60	36	20	12	8	5	3	2	1	
16867	31141	1	1800	10	20	30	40	60	70	80	90	100	120	100	60	36	20	12	8	5	3	2	1	
16868	31141	1800	2200	10	20	40	70	100	110	140	170	200	250	100	60	36	20	12	8	5	3	2	1	
16869	31141	2200	9999	10	30	50	70	120	150	200	240	280	340	100	60	36	20	12	8	5	3	2	1	
16870	31142	1	1800	10	20	30	40	60	70	80	90	100	120	100	60	36	20	12	8	5	3	2	1	
16871	31142	1800	2200	10	20	40	70	100	110	140	170	200	250	100	60	36	20	12	8	5	3	2	1	
16872	31142	2200	9999	10	30	50	70	120	150	200	240	280	340	100	60	36	20	12	8	5	3	2	1	
16873	31149	1	1800	10	20	30	40	60	70	80	90	100	120	100	60	36	20	12	8	5	3	2	1	
16874	31149	1800	2200	10	20	40	70	100	110	140	170	200	250	100	60	36	20	12	8	5	3	2	1	
16875	31149	2200	9999	10	30	50	70	120	150	200	240	280	340	100	60	36	20	12	8	5	3	2	1	
16876	31151	1	1800	10	20	30	40	60	70	80	90	100	120	100	60	36	20	12	8	5	3	2	1	
16877	31151	1800	2200	10	20	40	70	100	110	140	170	200	250	100	60	36	20	12	8	5	3	2	1	
16878	31151	2200	9999	10	30	50	70	120	150	200	240	280	340	100	60	36	20	12	8	5	3	2	1	
16879	31152	1	1800	10	20	30	40	60	70	80	90	100	120	100	60	36	20	12	8	5	3	2	1	
16880	31152	1800	2200	10	20	40	70	100	110	140	170	200	250	100	60	36	20	12	8	5	3	2	1	
16881	31152	2200	9999	10	30	50	70	120	150	200	240	280	340	100	60	36	20	12	8	5	3	2	1	
16882	31153	1	1800	10	20	30	40	60	70	80	90	100	120	100	60	36	20	12	8	5	3	2	1	
16883	31153	1800	2200	10	20	40	70	100	110	140	170	200	250	100	60	36	20	12	8	5	3	2	1	
16884	31153	2200	9999	10	30	50	70	120	150	200	240	280	340	100	60	36	20	12	8	5	3	2	1	
16885	31159	1	1800	10	20	30	40	60	70	80	90	100	120	100	60	36	20	12	8	5	3	2	1	
16886	31159	1800	2200	10	20	40	70	100	110	140	170	200	250	100	60	36	20	12	8	5	3	2	1	
16887	31159	2200	9999	10	30	50	70	120	150	200	240	280	340	100	60	36	20	12	8	5	3	2	1	
16888	31161	1	1800	10	20	30	40	60	70	80	90	100	120	100	60	36	20	12	8	5	3	2	1	
16889	31161	1800	2200	10	20	40	70	100	110	140	170	200	250	100	60	36	20	12	8	5	3	2	1	
16890	31161	2200	9999	10	30	50	70	120	150	200	240	280	340	100	60	36	20	12	8	5	3	2	1	
16891	31162	1	1800	10	20	30	40	60	70	80	90	100	120	100	60	36	20	12	8	5	3	2	1	
16892	31162	1800	2200	10	20	40	70	100	110	140	170	200	250	100	60	36	20	12	8	5	3	2	1	
16893	31162	2200	9999	10	30	50	70	120	150	200	240	280	340	100	60	36	20	12	8	5	3	2	1	
16894	31163	1	1800	10	20	30	40	60	70	80	90	100	120	100	60	36	20	12	8	5	3	2	1	
16895	31163	1800	2200	10	20	40	70	100	110	140	170	200	250	100	60	36	20	12	8	5	3	2	1	
16896	31163	2200	9999	10	30	50	70	120	150	200	240	280	340	100	60	36	20	12	8	5	3	2	1	
16897	31164	1	1800	10	20	30	40	60	70	80	90	100	120	100	60	36	20	12	8	5	3	2	1	
16898	31164	1800	2200	10	20	40	70	100	110	140	170	200	250	100	60	36	20	12	8	5	3	2	1	
16899	31164	2200	9999	10	30	50	70	120	150	200	240	280	340	100	60	36	20	12	8	5	3	2	1	
16900	31169	1	1800	10	20	30	40	60	70	80	90	100	120	100	60	36	20	12	8	5	3	2	1	
16901	31169	1800	2200	10	20	40	70	100	110	140	170	200	250	100	60	36	20	12	8	5	3	2	1	
16902	31169	2200	9999	10	30	50	70	120	150	200	240	280	340	100	60	36	20	12	8	5	3	2	1	
16903	31171	1	1800	10	20	30	40	60	70	80	90	100	120	100	60	36	20	12	8	5	3	2	1	
16904	31171	1800	2200	10	20	40	70	100	110	140	170	200	250	100	60	36	20	12	8	5	3	2	1	
16905	31171	2200	9999	10	30	50	70	120	150	200	240	280	340	100	60	36	20	12	8	5	3	2	1	
16906	31172	1	1800	10	20	30	40	60	70	80	90	100	120	100	60	36	20	12	8	5	3	2	1	
16907	31172	1800	2200	10	20	40	70	100	110	140	170	200	250	100	60	36	20	12	8	5	3	2	1	
16908	31172	2200	9999	10	30	50	70	120	150	200	240	280	340	100	60	36	20	12	8	5	3	2	1	
16909	31173	1	1800	10	20	30	40	60	70	80	90	100	120	100	60	36	20	12	8	5	3	2	1	
16910	31173	1800	2200	10	20	40	70	100	110	140	170	200	250	100	60	36	20	12	8	5	3	2	1	
16911	31173	2200	9999	10	30	50	70	120	150	200	240	280	340	100	60	36	20	12	8	5	3	2	1	
16912	31174	1	1800	10	20	30	40	60	70	80	90	100	120	100	60	36	20	12	8	5	3	2	1	
16913	31174	1800	2200	10	20	40	70	100	110	140	170	200	250	100	60	36	20	12	8	5	3	2	1	
16914	31174	2200	9999	10	30	50	70	120	150	200	240	280	340	100	60	36	20	12	8	5	3	2	1	
16915	31175	1	1800	10	20	30	40	60	70	80	90	100	120	100	60	36	20	12	8	5	3	2	1	
16916	31175	1800	2200	10	20	40	70	100	110	140	170	200	250	100	60	36	20	12	8	5	3	2	1	
16917	31175	2200	9999	10	30	50	70	120	150	200	240	280	340	100	60	36	20	12	8	5	3	2	1	
16918	31179	1	1800	10	20	30	40	60	70	80	90	100	120	100	60	36	20	12	8	5	3	2	1	
16919	31179	1800	2200	10	20	40	70	100	110	140	170	200	250	100	60	36	20	12	8	5	3	2	1	
16920	31179	2200	9999	10	30	50	70	120	150	200	240	280	340	100	60	36	20	12	8	5	3	2	1	
16921	31181	1	1800	10	20	30	40	60	70	80	90	100	120	100	60	36	20	12	8	5	3	2	1	
16922	31181	1800	2200	10	20	40	70	100	110	140	170	200	250	100	60	36	20	12	8	5	3	2	1	
16923	31181	2200	9999	10	30	50	70	120	150	200	240	280	340	100	60	36	20	12	8	5	3	2	1	
16924	31182	1	1800	10	20	30	40	60	70	80	90	100	120	100	60	36	20	12	8	5	3	2	1	
16925	31182	1800	2200	10	20	40	70	100	110	140	170	200	250	100	60	36	20	12	8	5	3	2	1	
16926	31182	2200	9999	10	30	50	70	120	150	200	240	280	340	100	60	36	20	12	8	5	3	2	1	
16927	31183	1	1800	10	20	30	40	60	70	80	90	100	120	100	60	36	20	12	8	5	3	2	1	
16928	31183	1800	2200	10	20	40	70	100	110	140	170	200	250	100	60	36	20	12	8	5	3	2	1	
16929	31183	2200	9999	10	30	50	70	120	150	200	240	280	340	100	60	36	20	12	8	5	3	2	1	
16930	31184	1	1800	10	20	30	40	60	70	80	90	100	120	100	60	36	20	12	8	5	3	2	1	
16931	31184	1800	2200	10	20	40	70	100	110	140	170	200	250	100	60	36	20	12	8	5	3	2	1	
16932	31184	2200	9999	10	30	50	70	120	150	200	240	280	340	100	60	36	20	12	8	5	3	2	1	
16933	31185	1	1800	10	20	30	40	60	70	80	90	100	120	100	60	36	20	12	8	5	3	2	1	
16934	31185	1800	2200	10	20	40	70	100	110	140	170	200	250	100	60	36	20	12	8	5	3	2	1	
16935	31185	2200	9999	10	30	50	70	120	150	200	240	280	340	100	60	36	20	12	8	5	3	2	1	
16936	31186	1	1800	10	20	30	40	60	70	80	90	100	120	100	60	36	20	12	8	5	3	2	1	
16937	31186	1800	2200	10	20	40	70	100	110	140	170	200	250	100	60	36	20	12	8	5	3	2	1	
16938	31186	2200	9999	10	30	50	70	120	150	200	240	280	340	100	60	36	20	12	8	5	3	2	1	
16939	31189	1	1800	10	20	30	40	60	70	80	90	100	120	100	60	36	20	12	8	5	3	2	1	
16940	31189	1800	2200	10	20	40	70	100	110	140	170	200	250	100	60	36	20	12	8	5	3	2	1	
16941	31189	2200	9999	10	30	50	70	120	150	200	240	280	340	100	60	36	20	12	8	5	3	2	1	
16942	31191	1	1800	10	20	30	40	60	70	80	90	100	120	100	60	36	20	12	8	5	3	2	1	
16943	31191	1800	2200	10	20	40	70	100	110	140	170	200	250	100	60	36	20	12	8	5	3	2	1	
16944	31191	2200	9999	10	30	50	70	120	150	200	240	280	340	100	60	36	20	12	8	5	3	2	1	
16945	31192	1	1800	10	20	30	40	60	70	80	90	100	120	100	60	36	20	12	8	5	3	2	1	
16946	31192	1800	2200	10	20	40	70	100	110	140	170	200	250	100	60	36	20	12	8	5	3	2	1	
16947	31192	2200	9999	10	30	50	70	120	150	200	240	280	340	100	60	36	20	12	8	5	3	2	1	
16948	31193	1	1800	10	20	30	40	60	70	80	90	100	120	100	60	36	20	12	8	5	3	2	1	
16949	31193	1800	2200	10	20	40	70	100	110	140	170	200	250	100	60	36	20	12	8	5	3	2	1	
16950	31193	2200	9999	10	30	50	70	120	150	200	240	280	340	100	60	36	20	12	8	5	3	2	1	
16951	31194	1	1800	10	20	30	40	60	70	80	90	100	120	100	60	36	20	12	8	5	3	2	1	
16952	31194	1800	2200	10	20	40	70	100	110	140	170	200	250	100	60	36	20	12	8	5	3	2	1	
16953	31194	2200	9999	10	30	50	70	120	150	200	240	280	340	100	60	36	20	12	8	5	3	2	1	
16954	31195	1	1800	10	20	30	40	60	70	80	90	100	120	100	60	36	20	12	8	5	3	2	1	
16955	31195	1800	2200	10	20	40	70	100	110	140	170	200	250	100	60	36	20	12	8	5	3	2	1	
16956	31195	2200	9999	10	30	50	70	120	150	200	240	280	340	100	60	36	20	12	8	5	3	2	1	
16957	31196	1	1800	10	20	30	40	60	70	80	90	100	120	100	60	36	20	12	8	5	3	2	1	
16958	31196	1800	2200	10	20	40	70	100	110	140	170	200	250	100	60	36	20	12	8	5	3	2	1	
16959	31196	2200	9999	10	30	50	70	120	150	200	240	280	340	100	60	36	20	12	8	5	3	2	1	
16960	31197	1	1800	10	20	30	40	60	70	80	90	100	120	100	60	36	20	12	8	5	3	2	1	
16961	31197	1800	2200	10	20	40	70	100	110	140	170	200	250	100	60	36	20	12	8	5	3	2	1	
16962	31197	2200	9999	10	30	50	70	120	150	200	240	280	340	100	60	36	20	12	8	5	3	2	1	
16963	31199	1	1800	10	20	30	40	60	70	80	90	100	120	100	60	36	20	12	8	5	3	2	1	
16964	31199	1800	2200	10	20	40	70	100	110	140	170	200	250	100	60	36	20	12	8	5	3	2	1	
16965	31199	2200	9999	10	30	50	70	120	150	200	240	280	340	100	60	36	20	12	8	5	3	2	1	
16966	31201	1	1800	10	20	30	40	60	70	80	90	100	120	100	60	36	20	12	8	5	3	2	1	
16967	31201	1800	2200	10	20	40	70	100	110	140	170	200	250	100	60	36	20	12	8	5	3	2	1	
16968	31201	2200	9999	10	30	50	70	120	150	200	240	280	340	100	60	36	20	12	8	5	3	2	1	
16969	31202	1	1800	10	20	30	40	60	70	80	90	100	120	100	60	36	20	12	8	5	3	2	1	
16970	31202	1800	2200	10	20	40	70	100	110	140	170	200	250	100	60	36	20	12	8	5	3	2	1	
16971	31202	2200	9999	10	30	50	70	120	150	200	240	280	340	100	60	36	20	12	8	5	3	2	1	
16972	31203	1	1800	10	20	30	40	60	70	80	90	100	120	100	60	36	20	12	8	5	3	2	1	
16973	31203	1800	2200	10	20	40	70	100	110	140	170	200	250	100	60	36	20	12	8	5	3	2	1	
16974	31203	2200	9999	10	30	50	70	120	150	200	240	280	340	100	60	36	20	12	8	5	3	2	1	
16975	31204	1	1800	10	20	30	40	60	70	80	90	100	120	100	60	36	20	12	8	5	3	2	1	
16976	31204	1800	2200	10	20	40	70	100	110	140	170	200	250	100	60	36	20	12	8	5	3	2	1	
16977	31204	2200	9999	10	30	50	70	120	150	200	240	280	340	100	60	36	20	12	8	5	3	2	1	
16978	31205	1	1800	10	20	30	40	60	70	80	90	100	120	100	60	36	20	12	8	5	3	2	1	
16979	31205	1800	2200	10	20	40	70	100	110	140	170	200	250	100	60	36	20	12	8	5	3	2	1	
16980	31205	2200	9999	10	30	50	70	120	150	200	240	280	340	100	60	36	20	12	8	5	3	2	1	
16981	31206	1	1800	10	20	30	40	60	70	80	90	100	120	100	60	36	20	12	8	5	3	2	1	
16982	31206	1800	2200	10	20	40	70	100	110	140	170	200	250	100	60	36	20	12	8	5	3	2	1	
16983	31206	2200	9999	10	30	50	70	120	150	200	240	280	340	100	60	36	20	12	8	5	3	2	1	
16984	31207	1	1800	10	20	30	40	60	70	80	90	100	120	100	60	36	20	12	8	5	3	2	1	
16985	31207	1800	2200	10	20	40	70	100	110	140	170	200	250	100	60	36	20	12	8	5	3	2	1	
16986	31207	2200	9999	10	30	50	70	120	150	200	240	280	340	100	60	36	20	12	8	5	3	2	1	
16987	31208	1	1800	10	20	30	40	60	70	80	90	100	120	100	60	36	20	12	8	5	3	2	1	
16988	31208	1800	2200	10	20	40	70	100	110	140	170	200	250	100	60	36	20	12	8	5	3	2	1	
16989	31208	2200	9999	10	30	50	70	120	150	200	240	280	340	100	60	36	20	12	8	5	3	2	1	
16990	31209	1	1800	10	20	30	40	60	70	80	90	100	120	100	60	36	20	12	8	5	3	2	1	
16991	31209	1800	2200	10	20	40	70	100	110	140	170	200	250	100	60	36	20	12	8	5	3	2	1	
16992	31209	2200	9999	10	30	50	70	120	150	200	240	280	340	100	60	36	20	12	8	5	3	2	1	
16993	31210	1	1800	10	20	30	40	60	70	80	90	100	120	100	60	36	20	12	8	5	3	2	1	
16994	31210	1800	2200	10	20	40	70	100	110	140	170	200	250	100	60	36	20	12	8	5	3	2	1	
16995	31210	2200	9999	10	30	50	70	120	150	200	240	280	340	100	60	36	20	12	8	5	3	2	1	
16996	31211	1	1800	10	20	30	40	60	70	80	90	100	120	100	60	36	20	12	8	5	3	2	1	
16997	31211	1800	2200	10	20	40	70	100	110	140	170	200	250	100	60	36	20	12	8	5	3	2	1	
16998	31211	2200	9999	10	30	50	70	120	150	200	240	280	340	100	60	36	20	12	8	5	3	2	1	
16999	31212	1	1800	10	20	30	40	60	70	80	90	100	120	100	60	36	20	12	8	5	3	2	1	
17000	31212	1800	2200	10	20	40	70	100	110	140	170	200	250	100	60	36	20	12	8	5	3	2	1	
17001	31212	2200	9999	10	30	50	70	120	150	200	240	280	340	100	60	36	20	12	8	5	3	2	1	
17002	31219	1	1800	10	20	30	40	60	70	80	90	100	120	100	60	36	20	12	8	5	3	2	1	
17003	31219	1800	2200	10	20	40	70	100	110	140	170	200	250	100	60	36	20	12	8	5	3	2	1	
17004	31219	2200	9999	10	30	50	70	120	150	200	240	280	340	100	60	36	20	12	8	5	3	2	1	
17005	31220	1	1800	10	20	30	40	60	70	80	90	100	120	100	60	36	20	12	8	5	3	2	1	
17006	31220	1800	2200	10	20	40	70	100	110	140	170	200	250	100	60	36	20	12	8	5	3	2	1	
17007	31220	2200	9999	10	30	50	70	120	150	200	240	280	340	100	60	36	20	12	8	5	3	2	1	
17008	31221	1	1800	10	20	30	40	60	70	80	90	100	120	100	60	36	20	12	8	5	3	2	1	
17009	31221	1800	2200	10	20	40	70	100	110	140	170	200	250	100	60	36	20	12	8	5	3	2	1	
17010	31221	2200	9999	10	30	50	70	120	150	200	240	280	340	100	60	36	20	12	8	5	3	2	1	
17011	31222	1	1800	10	20	30	40	60	70	80	90	100	120	100	60	36	20	12	8	5	3	2	1	
17012	31222	1800	2200	10	20	40	70	100	110	140	170	200	250	100	60	36	20	12	8	5	3	2	1	
17013	31222	2200	9999	10	30	50	70	120	150	200	240	280	340	100	60	36	20	12	8	5	3	2	1	
17014	31223	1	1800	10	20	30	40	60	70	80	90	100	120	100	60	36	20	12	8	5	3	2	1	
17015	31223	1800	2200	10	20	40	70	100	110	140	170	200	250	100	60	36	20	12	8	5	3	2	1	
17016	31223	2200	9999	10	30	50	70	120	150	200	240	280	340	100	60	36	20	12	8	5	3	2	1	
17017	31239	1	1800	10	20	30	40	60	70	80	90	100	120	100	60	36	20	12	8	5	3	2	1	
17018	31239	1800	2200	10	20	40	70	100	110	140	170	200	250	100	60	36	20	12	8	5	3	2	1	
17019	31239	2200	9999	10	30	50	70	120	150	200	240	280	340	100	60	36	20	12	8	5	3	2	1	
17020	31230	1	1800	10	20	30	40	60	70	80	90	100	120	100	60	36	20	12	8	5	3	2	1	
17021	31230	1800	2200	10	20	40	70	100	110	140	170	200	250	100	60	36	20	12	8	5	3	2	1	
17022	31230	2200	9999	10	30	50	70	120	150	200	240	280	340	100	60	36	20	12	8	5	3	2	1	
17023	31231	1	1800	10	20	30	40	60	70	80	90	100	120	100	60	36	20	12	8	5	3	2	1	
17024	31231	1800	2200	10	20	40	70	100	110	140	170	200	250	100	60	36	20	12	8	5	3	2	1	
17025	31231	2200	9999	10	30	50	70	120	150	200	240	280	340	100	60	36	20	12	8	5	3	2	1	
17026	31232	1	1800	10	20	30	40	60	70	80	90	100	120	100	60	36	20	12	8	5	3	2	1	
17027	31232	1800	2200	10	20	40	70	100	110	140	170	200	250	100	60	36	20	12	8	5	3	2	1	
17028	31232	2200	9999	10	30	50	70	120	150	200	240	280	340	100	60	36	20	12	8	5	3	2	1	
17029	31233	1	1800	10	20	30	40	60	70	80	90	100	120	100	60	36	20	12	8	5	3	2	1	
17030	31233	1800	2200	10	20	40	70	100	110	140	170	200	250	100	60	36	20	12	8	5	3	2	1	
17031	31233	2200	9999	10	30	50	70	120	150	200	240	280	340	100	60	36	20	12	8	5	3	2	1	
17032	31234	1	1800	10	20	30	40	60	70	80	90	100	120	100	60	36	20	12	8	5	3	2	1	
17033	31234	1800	2200	10	20	40	70	100	110	140	170	200	250	100	60	36	20	12	8	5	3	2	1	
17034	31234	2200	9999	10	30	50	70	120	150	200	240	280	340	100	60	36	20	12	8	5	3	2	1	
17035	31239	1	1800	10	20	30	40	60	70	80	90	100	120	100	60	36	20	12	8	5	3	2	1	
17036	31239	1800	2200	10	20	40	70	100	110	140	170	200	250	100	60	36	20	12	8	5	3	2	1	
17037	31239	2200	9999	10	30	50	70	120	150	200	240	280	340	100	60	36	20	12	8	5	3	2	1	
17038	31240	1	1800	10	20	30	40	60	70	80	90	100	120	100	60	36	20	12	8	5	3	2	1	
17039	31240	1800	2200	10	20	40	70	100	110	140	170	200	250	100	60	36	20	12	8	5	3	2	1	
17040	31240	2200	9999	10	30	50	70	120	150	200	240	280	340	100	60	36	20	12	8	5	3	2	1	
17041	31241	1	1800	10	20	30	40	60	70	80	90	100	120	100	60	36	20	12	8	5	3	2	1	
17042	31241	1800	2200	10	20	40	70	100	110	140	170	200	250	100	60	36	20	12	8	5	3	2	1	
17043	31241	2200	9999	10	30	50	70	120	150	200	240	280	340	100	60	36	20	12	8	5	3	2	1	
17044	31242	1	1800	10	20	30	40	60	70	80	90	100	120	100	60	36	20	12	8	5	3	2	1	
17045	31242	1800	2200	10	20	40	70	100	110	140	170	200	250	100	60	36	20	12	8	5	3	2	1	
17046	31242	2200	9999	10	30	50	70	120	150	200	240	280	340	100	60	36	20	12	8	5	3	2	1	
17047	31243	1	1800	10	20	30	40	60	70	80	90	100	120	100	60	36	20	12	8	5	3	2	1	
17048	31243	1800	2200	10	20	40	70	100	110	140	170	200	250	100	60	36	20	12	8	5	3	2	1	
17049	31243	2200	9999	10	30	50	70	120	150	200	240	280	340	100	60	36	20	12	8	5	3	2	1	
17050	31244	1	1800	10	20	30	40	60	70	80	90	100	120	100	60	36	20	12	8	5	3	2	1	
17051	31244	1800	2200	10	20	40	70	100	110	140	170	200	250	100	60	36	20	12	8	5	3	2	1	
17052	31244	2200	9999	10	30	50	70	120	150	200	240	280	340	100	60	36	20	12	8	5	3	2	1	
17053	31245	1	1800	10	20	30	40	60	70	80	90	100	120	100	60	36	20	12	8	5	3	2	1	
17054	31245	1800	2200	10	20	40	70	100	110	140	170	200	250	100	60	36	20	12	8	5	3	2	1	
17055	31245	2200	9999	10	30	50	70	120	150	200	240	280	340	100	60	36	20	12	8	5	3	2	1	
17056	31249	1	1800	10	20	30	40	60	70	80	90	100	120	100	60	36	20	12	8	5	3	2	1	
17057	31249	1800	2200	10	20	40	70	100	110	140	170	200	250	100	60	36	20	12	8	5	3	2	1	
17058	31249	2200	9999	10	30	50	70	120	150	200	240	280	340	100	60	36	20	12	8	5	3	2	1	
17059	31250	1	1800	10	20	30	40	60	70	80	90	100	120	100	60	36	20	12	8	5	3	2	1	
17060	31250	1800	2200	10	20	40	70	100	110	140	170	200	250	100	60	36	20	12	8	5	3	2	1	
17061	31250	2200	9999	10	30	50	70	120	150	200	240	280	340	100	60	36	20	12	8	5	3	2	1	
17062	31251	1	1800	10	20	30	40	60	70	80	90	100	120	100	60	36	20	12	8	5	3	2	1	
17063	31251	1800	2200	10	20	40	70	100	110	140	170	200	250	100	60	36	20	12	8	5	3	2	1	
17064	31251	2200	9999	10	30	50	70	120	150	200	240	280	340	100	60	36	20	12	8	5	3	2	1	
17065	31252	1	1800	10	20	30	40	60	70	80	90	100	120	100	60	36	20	12	8	5	3	2	1	
17066	31252	1800	2200	10	20	40	70	100	110	140	170	200	250	100	60	36	20	12	8	5	3	2	1	
17067	31252	2200	9999	10	30	50	70	120	150	200	240	280	340	100	60	36	20	12	8	5	3	2	1	
17068	31253	1	1800	10	20	30	40	60	70	80	90	100	120	100	60	36	20	12	8	5	3	2	1	
17069	31253	1800	2200	10	20	40	70	100	110	140	170	200	250	100	60	36	20	12	8	5	3	2	1	
17070	31253	2200	9999	10	30	50	70	120	150	200	240	280	340	100	60	36	20	12	8	5	3	2	1	
17071	31254	1	1800	10	20	30	40	60	70	80	90	100	120	100	60	36	20	12	8	5	3	2	1	
17072	31254	1800	2200	10	20	40	70	100	110	140	170	200	250	100	60	36	20	12	8	5	3	2	1	
17073	31254	2200	9999	10	30	50	70	120	150	200	240	280	340	100	60	36	20	12	8	5	3	2	1	
17074	31255	1	1800	10	20	30	40	60	70	80	90	100	120	100	60	36	20	12	8	5	3	2	1	
17075	31255	1800	2200	10	20	40	70	100	110	140	170	200	250	100	60	36	20	12	8	5	3	2	1	
17076	31255	2200	9999	10	30	50	70	120	150	200	240	280	340	100	60	36	20	12	8	5	3	2	1	
17077	31256	1	1800	10	20	30	40	60	70	80	90	100	120	100	60	36	20	12	8	5	3	2	1	
17078	31256	1800	2200	10	20	40	70	100	110	140	170	200	250	100	60	36	20	12	8	5	3	2	1	
17079	31256	2200	9999	10	30	50	70	120	150	200	240	280	340	100	60	36	20	12	8	5	3	2	1	
17080	31259	1	1800	10	20	30	40	60	70	80	90	100	120	100	60	36	20	12	8	5	3	2	1	
17081	31259	1800	2200	10	20	40	70	100	110	140	170	200	250	100	60	36	20	12	8	5	3	2	1	
17082	31259	2200	9999	10	30	50	70	120	150	200	240	280	340	100	60	36	20	12	8	5	3	2	1	
17083	31260	1	1800	10	20	30	40	60	70	80	90	100	120	100	60	36	20	12	8	5	3	2	1	
17084	31260	1800	2200	10	20	40	70	100	110	140	170	200	250	100	60	36	20	12	8	5	3	2	1	
17085	31260	2200	9999	10	30	50	70	120	150	200	240	280	340	100	60	36	20	12	8	5	3	2	1	
17086	31261	1	1800	10	20	30	40	60	70	80	90	100	120	100	60	36	20	12	8	5	3	2	1	
17087	31261	1800	2200	10	20	40	70	100	110	140	170	200	250	100	60	36	20	12	8	5	3	2	1	
17088	31261	2200	9999	10	30	50	70	120	150	200	240	280	340	100	60	36	20	12	8	5	3	2	1	
17089	31262	1	1800	10	20	30	40	60	70	80	90	100	120	100	60	36	20	12	8	5	3	2	1	
17090	31262	1800	2200	10	20	40	70	100	110	140	170	200	250	100	60	36	20	12	8	5	3	2	1	
17091	31262	2200	9999	10	30	50	70	120	150	200	240	280	340	100	60	36	20	12	8	5	3	2	1	
17092	31263	1	1800	10	20	30	40	60	70	80	90	100	120	100	60	36	20	12	8	5	3	2	1	
17093	31263	1800	2200	10	20	40	70	100	110	140	170	200	250	100	60	36	20	12	8	5	3	2	1	
17094	31263	2200	9999	10	30	50	70	120	150	200	240	280	340	100	60	36	20	12	8	5	3	2	1	
17095	31264	1	1800	10	20	30	40	60	70	80	90	100	120	100	60	36	20	12	8	5	3	2	1	
17096	31264	1800	2200	10	20	40	70	100	110	140	170	200	250	100	60	36	20	12	8	5	3	2	1	
17097	31264	2200	9999	10	30	50	70	120	150	200	240	280	340	100	60	36	20	12	8	5	3	2	1	
17098	31265	1	1800	10	20	30	40	60	70	80	90	100	120	100	60	36	20	12	8	5	3	2	1	
17099	31265	1800	2200	10	20	40	70	100	110	140	170	200	250	100	60	36	20	12	8	5	3	2	1	
17100	31265	2200	9999	10	30	50	70	120	150	200	240	280	340	100	60	36	20	12	8	5	3	2	1	
17101	31266	1	1800	10	20	30	40	60	70	80	90	100	120	100	60	36	20	12	8	5	3	2	1	
17102	31266	1800	2200	10	20	40	70	100	110	140	170	200	250	100	60	36	20	12	8	5	3	2	1	
17103	31266	2200	9999	10	30	50	70	120	150	200	240	280	340	100	60	36	20	12	8	5	3	2	1	
17104	31267	1	1800	10	20	30	40	60	70	80	90	100	120	100	60	36	20	12	8	5	3	2	1	
17105	31267	1800	2200	10	20	40	70	100	110	140	170	200	250	100	60	36	20	12	8	5	3	2	1	
17106	31267	2200	9999	10	30	50	70	120	150	200	240	280	340	100	60	36	20	12	8	5	3	2	1	
17107	31269	1	1800	10	20	30	40	60	70	80	90	100	120	100	60	36	20	12	8	5	3	2	1	
17108	31269	1800	2200	10	20	40	70	100	110	140	170	200	250	100	60	36	20	12	8	5	3	2	1	
17109	31269	2200	9999	10	30	50	70	120	150	200	240	280	340	100	60	36	20	12	8	5	3	2	1	
17110	31270	1	1800	10	20	30	40	60	70	80	90	100	120	100	60	36	20	12	8	5	3	2	1	
17111	31270	1800	2200	10	20	40	70	100	110	140	170	200	250	100	60	36	20	12	8	5	3	2	1	
17112	31270	2200	9999	10	30	50	70	120	150	200	240	280	340	100	60	36	20	12	8	5	3	2	1	
17113	31271	1	1800	10	20	30	40	60	70	80	90	100	120	100	60	36	20	12	8	5	3	2	1	
17114	31271	1800	2200	10	20	40	70	100	110	140	170	200	250	100	60	36	20	12	8	5	3	2	1	
17115	31271	2200	9999	10	30	50	70	120	150	200	240	280	340	100	60	36	20	12	8	5	3	2	1	
17116	31272	1	1800	10	20	30	40	60	70	80	90	100	120	100	60	36	20	12	8	5	3	2	1	
17117	31272	1800	2200	10	20	40	70	100	110	140	170	200	250	100	60	36	20	12	8	5	3	2	1	
17118	31272	2200	9999	10	30	50	70	120	150	200	240	280	340	100	60	36	20	12	8	5	3	2	1	
17119	31273	1	1800	10	20	30	40	60	70	80	90	100	120	100	60	36	20	12	8	5	3	2	1	
17120	31273	1800	2200	10	20	40	70	100	110	140	170	200	250	100	60	36	20	12	8	5	3	2	1	
17121	31273	2200	9999	10	30	50	70	120	150	200	240	280	340	100	60	36	20	12	8	5	3	2	1	
17122	31274	1	1800	10	20	30	40	60	70	80	90	100	120	100	60	36	20	12	8	5	3	2	1	
17123	31274	1800	2200	10	20	40	70	100	110	140	170	200	250	100	60	36	20	12	8	5	3	2	1	
17124	31274	2200	9999	10	30	50	70	120	150	200	240	280	340	100	60	36	20	12	8	5	3	2	1	
17125	31275	1	1800	10	20	30	40	60	70	80	90	100	120	100	60	36	20	12	8	5	3	2	1	
17126	31275	1800	2200	10	20	40	70	100	110	140	170	200	250	100	60	36	20	12	8	5	3	2	1	
17127	31275	2200	9999	10	30	50	70	120	150	200	240	280	340	100	60	36	20	12	8	5	3	2	1	
17128	31276	1	1800	10	20	30	40	60	70	80	90	100	120	100	60	36	20	12	8	5	3	2	1	
17129	31276	1800	2200	10	20	40	70	100	110	140	170	200	250	100	60	36	20	12	8	5	3	2	1	
17130	31276	2200	9999	10	30	50	70	120	150	200	240	280	340	100	60	36	20	12	8	5	3	2	1	
17131	31277	1	1800	10	20	30	40	60	70	80	90	100	120	100	60	36	20	12	8	5	3	2	1	
17132	31277	1800	2200	10	20	40	70	100	110	140	170	200	250	100	60	36	20	12	8	5	3	2	1	
17133	31277	2200	9999	10	30	50	70	120	150	200	240	280	340	100	60	36	20	12	8	5	3	2	1	
17134	31278	1	1800	10	20	30	40	60	70	80	90	100	120	100	60	36	20	12	8	5	3	2	1	
17135	31278	1800	2200	10	20	40	70	100	110	140	170	200	250	100	60	36	20	12	8	5	3	2	1	
17136	31278	2200	9999	10	30	50	70	120	150	200	240	280	340	100	60	36	20	12	8	5	3	2	1	
17137	31279	1	1800	10	20	30	40	60	70	80	90	100	120	100	60	36	20	12	8	5	3	2	1	
17138	31279	1800	2200	10	20	40	70	100	110	140	170	200	250	100	60	36	20	12	8	5	3	2	1	
17139	31279	2200	9999	10	30	50	70	120	150	200	240	280	340	100	60	36	20	12	8	5	3	2	1	
17140	24670	1	1800	10	20	30	40	60	70	80	90	100	120	100	60	36	20	12	8	5	3	2	1	
17141	24670	1800	2200	10	20	40	70	100	110	140	170	200	250	100	60	36	20	12	8	5	3	2	1	
17142	24670	2200	9999	10	30	50	70	120	150	200	240	280	340	100	60	36	20	12	8	5	3	2	1	
17143	24671	1	1800	10	20	30	40	60	70	80	90	100	120	100	60	36	20	12	8	5	3	2	1	
17144	24671	1800	2200	10	20	40	70	100	110	140	170	200	250	100	60	36	20	12	8	5	3	2	1	
17145	24671	2200	9999	10	30	50	70	120	150	200	240	280	340	100	60	36	20	12	8	5	3	2	1	
17146	24672	1	1800	10	20	30	40	60	70	80	90	100	120	100	60	36	20	12	8	5	3	2	1	
17147	24672	1800	2200	10	20	40	70	100	110	140	170	200	250	100	60	36	20	12	8	5	3	2	1	
17148	24672	2200	9999	10	30	50	70	120	150	200	240	280	340	100	60	36	20	12	8	5	3	2	1	
17149	24679	1	1800	10	20	30	40	60	70	80	90	100	120	100	60	36	20	12	8	5	3	2	1	
17150	24679	1800	2200	10	20	40	70	100	110	140	170	200	250	100	60	36	20	12	8	5	3	2	1	
17151	24679	2200	9999	10	30	50	70	120	150	200	240	280	340	100	60	36	20	12	8	5	3	2	1	
17152	24680	1	1800	10	20	30	40	60	70	80	90	100	120	100	60	36	20	12	8	5	3	2	1	
17153	24680	1800	2200	10	20	40	70	100	110	140	170	200	250	100	60	36	20	12	8	5	3	2	1	
17154	24680	2200	9999	10	30	50	70	120	150	200	240	280	340	100	60	36	20	12	8	5	3	2	1	
17155	24681	1	1800	10	20	30	40	60	70	80	90	100	120	100	60	36	20	12	8	5	3	2	1	
17156	24681	1800	2200	10	20	40	70	100	110	140	170	200	250	100	60	36	20	12	8	5	3	2	1	
17157	24681	2200	9999	10	30	50	70	120	150	200	240	280	340	100	60	36	20	12	8	5	3	2	1	
17158	24682	1	1800	10	20	30	40	60	70	80	90	100	120	100	60	36	20	12	8	5	3	2	1	
17159	24682	1800	2200	10	20	40	70	100	110	140	170	200	250	100	60	36	20	12	8	5	3	2	1	
17160	24682	2200	9999	10	30	50	70	120	150	200	240	280	340	100	60	36	20	12	8	5	3	2	1	
17161	24683	1	1800	10	20	30	40	60	70	80	90	100	120	100	60	36	20	12	8	5	3	2	1	
17162	24683	1800	2200	10	20	40	70	100	110	140	170	200	250	100	60	36	20	12	8	5	3	2	1	
17163	24683	2200	9999	10	30	50	70	120	150	200	240	280	340	100	60	36	20	12	8	5	3	2	1	
17164	24689	1	1800	10	20	30	40	60	70	80	90	100	120	100	60	36	20	12	8	5	3	2	1	
17165	24689	1800	2200	10	20	40	70	100	110	140	170	200	250	100	60	36	20	12	8	5	3	2	1	
17166	24689	2200	9999	10	30	50	70	120	150	200	240	280	340	100	60	36	20	12	8	5	3	2	1	
17167	24690	1	1800	10	20	30	40	60	70	80	90	100	120	100	60	36	20	12	8	5	3	2	1	
17168	24690	1800	2200	10	20	40	70	100	110	140	170	200	250	100	60	36	20	12	8	5	3	2	1	
17169	24690	2200	9999	10	30	50	70	120	150	200	240	280	340	100	60	36	20	12	8	5	3	2	1	
17170	24691	1	1800	10	20	30	40	60	70	80	90	100	120	100	60	36	20	12	8	5	3	2	1	
17171	24691	1800	2200	10	20	40	70	100	110	140	170	200	250	100	60	36	20	12	8	5	3	2	1	
17172	24691	2200	9999	10	30	50	70	120	150	200	240	280	340	100	60	36	20	12	8	5	3	2	1	
17173	24692	1	1800	10	20	30	40	60	70	80	90	100	120	100	60	36	20	12	8	5	3	2	1	
17174	24692	1800	2200	10	20	40	70	100	110	140	170	200	250	100	60	36	20	12	8	5	3	2	1	
17175	24692	2200	9999	10	30	50	70	120	150	200	240	280	340	100	60	36	20	12	8	5	3	2	1	
17176	24693	1	1800	10	20	30	40	60	70	80	90	100	120	100	60	36	20	12	8	5	3	2	1	
17177	24693	1800	2200	10	20	40	70	100	110	140	170	200	250	100	60	36	20	12	8	5	3	2	1	
17178	24693	2200	9999	10	30	50	70	120	150	200	240	280	340	100	60	36	20	12	8	5	3	2	1	
17179	24694	1	1800	10	20	30	40	60	70	80	90	100	120	100	60	36	20	12	8	5	3	2	1	
17180	24694	1800	2200	10	20	40	70	100	110	140	170	200	250	100	60	36	20	12	8	5	3	2	1	
17181	24694	2200	9999	10	30	50	70	120	150	200	240	280	340	100	60	36	20	12	8	5	3	2	1	
17182	24699	1	1800	10	20	30	40	60	70	80	90	100	120	100	60	36	20	12	8	5	3	2	1	
17183	24699	1800	2200	10	20	40	70	100	110	140	170	200	250	100	60	36	20	12	8	5	3	2	1	
17184	24699	2200	9999	10	30	50	70	120	150	200	240	280	340	100	60	36	20	12	8	5	3	2	1	
17185	24700	1	1800	10	20	30	40	60	70	80	90	100	120	100	60	36	20	12	8	5	3	2	1	
17186	24700	1800	2200	10	20	40	70	100	110	140	170	200	250	100	60	36	20	12	8	5	3	2	1	
17187	24700	2200	9999	10	30	50	70	120	150	200	240	280	340	100	60	36	20	12	8	5	3	2	1	
17188	24701	1	1800	10	20	30	40	60	70	80	90	100	120	100	60	36	20	12	8	5	3	2	1	
17189	24701	1800	2200	10	20	40	70	100	110	140	170	200	250	100	60	36	20	12	8	5	3	2	1	
17190	24701	2200	9999	10	30	50	70	120	150	200	240	280	340	100	60	36	20	12	8	5	3	2	1	
17191	24702	1	1800	10	20	30	40	60	70	80	90	100	120	100	60	36	20	12	8	5	3	2	1	
17192	24702	1800	2200	10	20	40	70	100	110	140	170	200	250	100	60	36	20	12	8	5	3	2	1	
17193	24702	2200	9999	10	30	50	70	120	150	200	240	280	340	100	60	36	20	12	8	5	3	2	1	
17194	24703	1	1800	10	20	30	40	60	70	80	90	100	120	100	60	36	20	12	8	5	3	2	1	
17195	24703	1800	2200	10	20	40	70	100	110	140	170	200	250	100	60	36	20	12	8	5	3	2	1	
17196	24703	2200	9999	10	30	50	70	120	150	200	240	280	340	100	60	36	20	12	8	5	3	2	1	
17197	24704	1	1800	10	20	30	40	60	70	80	90	100	120	100	60	36	20	12	8	5	3	2	1	
17198	24704	1800	2200	10	20	40	70	100	110	140	170	200	250	100	60	36	20	12	8	5	3	2	1	
17199	24704	2200	9999	10	30	50	70	120	150	200	240	280	340	100	60	36	20	12	8	5	3	2	1	
17200	24705	1	1800	10	20	30	40	60	70	80	90	100	120	100	60	36	20	12	8	5	3	2	1	
17201	24705	1800	2200	10	20	40	70	100	110	140	170	200	250	100	60	36	20	12	8	5	3	2	1	
17202	24705	2200	9999	10	30	50	70	120	150	200	240	280	340	100	60	36	20	12	8	5	3	2	1	
17203	24709	1	1800	10	20	30	40	60	70	80	90	100	120	100	60	36	20	12	8	5	3	2	1	
17204	24709	1800	2200	10	20	40	70	100	110	140	170	200	250	100	60	36	20	12	8	5	3	2	1	
17205	24709	2200	9999	10	30	50	70	120	150	200	240	280	340	100	60	36	20	12	8	5	3	2	1	
17206	24710	1	1800	10	20	30	40	60	70	80	90	100	120	100	60	36	20	12	8	5	3	2	1	
17207	24710	1800	2200	10	20	40	70	100	110	140	170	200	250	100	60	36	20	12	8	5	3	2	1	
17208	24710	2200	9999	10	30	50	70	120	150	200	240	280	340	100	60	36	20	12	8	5	3	2	1	
17209	24711	1	1800	10	20	30	40	60	70	80	90	100	120	100	60	36	20	12	8	5	3	2	1	
17210	24711	1800	2200	10	20	40	70	100	110	140	170	200	250	100	60	36	20	12	8	5	3	2	1	
17211	24711	2200	9999	10	30	50	70	120	150	200	240	280	340	100	60	36	20	12	8	5	3	2	1	
17212	24712	1	1800	10	20	30	40	60	70	80	90	100	120	100	60	36	20	12	8	5	3	2	1	
17213	24712	1800	2200	10	20	40	70	100	110	140	170	200	250	100	60	36	20	12	8	5	3	2	1	
17214	24712	2200	9999	10	30	50	70	120	150	200	240	280	340	100	60	36	20	12	8	5	3	2	1	
17215	24713	1	1800	10	20	30	40	60	70	80	90	100	120	100	60	36	20	12	8	5	3	2	1	
17216	24713	1800	2200	10	20	40	70	100	110	140	170	200	250	100	60	36	20	12	8	5	3	2	1	
17217	24713	2200	9999	10	30	50	70	120	150	200	240	280	340	100	60	36	20	12	8	5	3	2	1	
17218	24714	1	1800	10	20	30	40	60	70	80	90	100	120	100	60	36	20	12	8	5	3	2	1	
17219	24714	1800	2200	10	20	40	70	100	110	140	170	200	250	100	60	36	20	12	8	5	3	2	1	
17220	24714	2200	9999	10	30	50	70	120	150	200	240	280	340	100	60	36	20	12	8	5	3	2	1	
17221	24715	1	1800	10	20	30	40	60	70	80	90	100	120	100	60	36	20	12	8	5	3	2	1	
17222	24715	1800	2200	10	20	40	70	100	110	140	170	200	250	100	60	36	20	12	8	5	3	2	1	
17223	24715	2200	9999	10	30	50	70	120	150	200	240	280	340	100	60	36	20	12	8	5	3	2	1	
17224	24716	1	1800	10	20	30	40	60	70	80	90	100	120	100	60	36	20	12	8	5	3	2	1	
17225	24716	1800	2200	10	20	40	70	100	110	140	170	200	250	100	60	36	20	12	8	5	3	2	1	
17226	24716	2200	9999	10	30	50	70	120	150	200	240	280	340	100	60	36	20	12	8	5	3	2	1	
17227	24719	1	1800	10	20	30	40	60	70	80	90	100	120	100	60	36	20	12	8	5	3	2	1	
17228	24719	1800	2200	10	20	40	70	100	110	140	170	200	250	100	60	36	20	12	8	5	3	2	1	
17229	24719	2200	9999	10	30	50	70	120	150	200	240	280	340	100	60	36	20	12	8	5	3	2	1	
17230	24720	1	1800	10	20	30	40	60	70	80	90	100	120	100	60	36	20	12	8	5	3	2	1	
17231	24720	1800	2200	10	20	40	70	100	110	140	170	200	250	100	60	36	20	12	8	5	3	2	1	
17232	24720	2200	9999	10	30	50	70	120	150	200	240	280	340	100	60	36	20	12	8	5	3	2	1	
17233	24721	1	1800	10	20	30	40	60	70	80	90	100	120	100	60	36	20	12	8	5	3	2	1	
17234	24721	1800	2200	10	20	40	70	100	110	140	170	200	250	100	60	36	20	12	8	5	3	2	1	
17235	24721	2200	9999	10	30	50	70	120	150	200	240	280	340	100	60	36	20	12	8	5	3	2	1	
17236	24722	1	1800	10	20	30	40	60	70	80	90	100	120	100	60	36	20	12	8	5	3	2	1	
17237	24722	1800	2200	10	20	40	70	100	110	140	170	200	250	100	60	36	20	12	8	5	3	2	1	
17238	24722	2200	9999	10	30	50	70	120	150	200	240	280	340	100	60	36	20	12	8	5	3	2	1	
17239	24723	1	1800	10	20	30	40	60	70	80	90	100	120	100	60	36	20	12	8	5	3	2	1	
17240	24723	1800	2200	10	20	40	70	100	110	140	170	200	250	100	60	36	20	12	8	5	3	2	1	
17241	24723	2200	9999	10	30	50	70	120	150	200	240	280	340	100	60	36	20	12	8	5	3	2	1	
17242	24724	1	1800	10	20	30	40	60	70	80	90	100	120	100	60	36	20	12	8	5	3	2	1	
17243	24724	1800	2200	10	20	40	70	100	110	140	170	200	250	100	60	36	20	12	8	5	3	2	1	
17244	24724	2200	9999	10	30	50	70	120	150	200	240	280	340	100	60	36	20	12	8	5	3	2	1	
17245	24725	1	1800	10	20	30	40	60	70	80	90	100	120	100	60	36	20	12	8	5	3	2	1	
17246	24725	1800	2200	10	20	40	70	100	110	140	170	200	250	100	60	36	20	12	8	5	3	2	1	
17247	24725	2200	9999	10	30	50	70	120	150	200	240	280	340	100	60	36	20	12	8	5	3	2	1	
17248	24726	1	1800	10	20	30	40	60	70	80	90	100	120	100	60	36	20	12	8	5	3	2	1	
17249	24726	1800	2200	10	20	40	70	100	110	140	170	200	250	100	60	36	20	12	8	5	3	2	1	
17250	24726	2200	9999	10	30	50	70	120	150	200	240	280	340	100	60	36	20	12	8	5	3	2	1	
17251	24727	1	1800	10	20	30	40	60	70	80	90	100	120	100	60	36	20	12	8	5	3	2	1	
17252	24727	1800	2200	10	20	40	70	100	110	140	170	200	250	100	60	36	20	12	8	5	3	2	1	
17253	24727	2200	9999	10	30	50	70	120	150	200	240	280	340	100	60	36	20	12	8	5	3	2	1	
17254	24729	1	1800	10	20	30	40	60	70	80	90	100	120	100	60	36	20	12	8	5	3	2	1	
17255	24729	1800	2200	10	20	40	70	100	110	140	170	200	250	100	60	36	20	12	8	5	3	2	1	
17256	24729	2200	9999	10	30	50	70	120	150	200	240	280	340	100	60	36	20	12	8	5	3	2	1	
17257	24730	1	1800	10	20	30	40	60	70	80	90	100	120	100	60	36	20	12	8	5	3	2	1	
17258	24730	1800	2200	10	20	40	70	100	110	140	170	200	250	100	60	36	20	12	8	5	3	2	1	
17259	24730	2200	9999	10	30	50	70	120	150	200	240	280	340	100	60	36	20	12	8	5	3	2	1	
17260	24731	1	1800	10	20	30	40	60	70	80	90	100	120	100	60	36	20	12	8	5	3	2	1	
17261	24731	1800	2200	10	20	40	70	100	110	140	170	200	250	100	60	36	20	12	8	5	3	2	1	
17262	24731	2200	9999	10	30	50	70	120	150	200	240	280	340	100	60	36	20	12	8	5	3	2	1	
17263	24732	1	1800	10	20	30	40	60	70	80	90	100	120	100	60	36	20	12	8	5	3	2	1	
17264	24732	1800	2200	10	20	40	70	100	110	140	170	200	250	100	60	36	20	12	8	5	3	2	1	
17265	24732	2200	9999	10	30	50	70	120	150	200	240	280	340	100	60	36	20	12	8	5	3	2	1	
17266	24733	1	1800	10	20	30	40	60	70	80	90	100	120	100	60	36	20	12	8	5	3	2	1	
17267	24733	1800	2200	10	20	40	70	100	110	140	170	200	250	100	60	36	20	12	8	5	3	2	1	
17268	24733	2200	9999	10	30	50	70	120	150	200	240	280	340	100	60	36	20	12	8	5	3	2	1	
17269	24734	1	1800	10	20	30	40	60	70	80	90	100	120	100	60	36	20	12	8	5	3	2	1	
17270	24734	1800	2200	10	20	40	70	100	110	140	170	200	250	100	60	36	20	12	8	5	3	2	1	
17271	24734	2200	9999	10	30	50	70	120	150	200	240	280	340	100	60	36	20	12	8	5	3	2	1	
17272	24735	1	1800	10	20	30	40	60	70	80	90	100	120	100	60	36	20	12	8	5	3	2	1	
17273	24735	1800	2200	10	20	40	70	100	110	140	170	200	250	100	60	36	20	12	8	5	3	2	1	
17274	24735	2200	9999	10	30	50	70	120	150	200	240	280	340	100	60	36	20	12	8	5	3	2	1	
17275	24736	1	1800	10	20	30	40	60	70	80	90	100	120	100	60	36	20	12	8	5	3	2	1	
17276	24736	1800	2200	10	20	40	70	100	110	140	170	200	250	100	60	36	20	12	8	5	3	2	1	
17277	24736	2200	9999	10	30	50	70	120	150	200	240	280	340	100	60	36	20	12	8	5	3	2	1	
17278	24737	1	1800	10	20	30	40	60	70	80	90	100	120	100	60	36	20	12	8	5	3	2	1	
17279	24737	1800	2200	10	20	40	70	100	110	140	170	200	250	100	60	36	20	12	8	5	3	2	1	
17280	24737	2200	9999	10	30	50	70	120	150	200	240	280	340	100	60	36	20	12	8	5	3	2	1	
17281	24738	1	1800	10	20	30	40	60	70	80	90	100	120	100	60	36	20	12	8	5	3	2	1	
17282	24738	1800	2200	10	20	40	70	100	110	140	170	200	250	100	60	36	20	12	8	5	3	2	1	
17283	24738	2200	9999	10	30	50	70	120	150	200	240	280	340	100	60	36	20	12	8	5	3	2	1	
17284	24739	1	1800	10	20	30	40	60	70	80	90	100	120	100	60	36	20	12	8	5	3	2	1	
17285	24739	1800	2200	10	20	40	70	100	110	140	170	200	250	100	60	36	20	12	8	5	3	2	1	
17286	24739	2200	9999	10	30	50	70	120	150	200	240	280	340	100	60	36	20	12	8	5	3	2	1	
17287	24741	1	1800	10	20	30	40	60	70	80	90	100	120	100	60	36	20	12	8	5	3	2	1	
17288	24741	1800	2200	10	20	40	70	100	110	140	170	200	250	100	60	36	20	12	8	5	3	2	1	
17289	24741	2200	9999	10	30	50	70	120	150	200	240	280	340	100	60	36	20	12	8	5	3	2	1	
17290	23501	1	1800	10	20	30	40	50	60	70	80	90	100	100	60	36	20	12	8	5	3	2	1	
17291	23501	1800	2200	10	20	40	60	90	100	130	160	190	230	100	60	36	20	12	8	5	3	2	1	
17292	23501	2200	9999	10	20	50	70	110	140	180	220	260	310	100	60	36	20	12	8	5	3	2	1	
17293	23502	1	1800	10	20	30	40	50	60	70	80	90	100	100	60	36	20	12	8	5	3	2	1	
17294	23502	1800	2200	10	20	40	60	90	100	130	160	190	230	100	60	36	20	12	8	5	3	2	1	
17295	23502	2200	9999	10	20	50	70	110	140	180	220	260	310	100	60	36	20	12	8	5	3	2	1	
17296	23509	1	1800	10	20	30	40	50	60	70	80	90	100	100	60	36	20	12	8	5	3	2	1	
17297	23509	1800	2200	10	20	40	60	90	100	130	160	190	230	100	60	36	20	12	8	5	3	2	1	
17298	23509	2200	9999	10	20	50	70	110	140	180	220	260	310	100	60	36	20	12	8	5	3	2	1	
17299	31280	1	1800	10	20	30	40	60	70	80	90	100	120	100	60	36	20	12	8	5	3	2	1	
17300	31280	1800	2200	10	20	40	70	100	110	140	170	200	250	100	60	36	20	12	8	5	3	2	1	
17301	31280	2200	9999	10	30	50	70	120	150	200	240	280	340	100	60	36	20	12	8	5	3	2	1	
17302	31281	1	1800	10	20	30	40	60	70	80	90	100	120	100	60	36	20	12	8	5	3	2	1	
17303	31281	1800	2200	10	20	40	70	100	110	140	170	200	250	100	60	36	20	12	8	5	3	2	1	
17304	31281	2200	9999	10	30	50	70	120	150	200	240	280	340	100	60	36	20	12	8	5	3	2	1	
17305	31282	1	1800	10	20	30	40	60	70	80	90	100	120	100	60	36	20	12	8	5	3	2	1	
17306	31282	1800	2200	10	20	40	70	100	110	140	170	200	250	100	60	36	20	12	8	5	3	2	1	
17307	31282	2200	9999	10	30	50	70	120	150	200	240	280	340	100	60	36	20	12	8	5	3	2	1	
17308	31289	1	1800	10	20	30	40	60	70	80	90	100	120	100	60	36	20	12	8	5	3	2	1	
17309	31289	1800	2200	10	20	40	70	100	110	140	170	200	250	100	60	36	20	12	8	5	3	2	1	
17310	31289	2200	9999	10	30	50	70	120	150	200	240	280	340	100	60	36	20	12	8	5	3	2	1	
17311	31290	1	1800	10	20	30	40	60	70	80	90	100	120	100	60	36	20	12	8	5	3	2	1	
17312	31290	1800	2200	10	20	40	70	100	110	140	170	200	250	100	60	36	20	12	8	5	3	2	1	
17313	31290	2200	9999	10	30	50	70	120	150	200	240	280	340	100	60	36	20	12	8	5	3	2	1	
17314	31291	1	1800	10	20	30	40	60	70	80	90	100	120	100	60	36	20	12	8	5	3	2	1	
17315	31291	1800	2200	10	20	40	70	100	110	140	170	200	250	100	60	36	20	12	8	5	3	2	1	
17316	31291	2200	9999	10	30	50	70	120	150	200	240	280	340	100	60	36	20	12	8	5	3	2	1	
17317	31292	1	1800	10	20	30	40	60	70	80	90	100	120	100	60	36	20	12	8	5	3	2	1	
17318	31292	1800	2200	10	20	40	70	100	110	140	170	200	250	100	60	36	20	12	8	5	3	2	1	
17319	31292	2200	9999	10	30	50	70	120	150	200	240	280	340	100	60	36	20	12	8	5	3	2	1	
17320	31293	1	1800	10	20	30	40	60	70	80	90	100	120	100	60	36	20	12	8	5	3	2	1	
17321	31293	1800	2200	10	20	40	70	100	110	140	170	200	250	100	60	36	20	12	8	5	3	2	1	
17322	31293	2200	9999	10	30	50	70	120	150	200	240	280	340	100	60	36	20	12	8	5	3	2	1	
17323	31299	1	1800	10	20	30	40	60	70	80	90	100	120	100	60	36	20	12	8	5	3	2	1	
17324	31299	1800	2200	10	20	40	70	100	110	140	170	200	250	100	60	36	20	12	8	5	3	2	1	
17325	31299	2200	9999	10	30	50	70	120	150	200	240	280	340	100	60	36	20	12	8	5	3	2	1	
17326	31300	1	1800	10	20	30	40	60	70	80	90	100	120	100	60	36	20	12	8	5	3	2	1	
17327	31300	1800	2200	10	20	40	70	100	110	140	170	200	250	100	60	36	20	12	8	5	3	2	1	
17328	31300	2200	9999	10	30	50	70	120	150	200	240	280	340	100	60	36	20	12	8	5	3	2	1	
17329	31301	1	1800	10	20	30	40	60	70	80	90	100	120	100	60	36	20	12	8	5	3	2	1	
17330	31301	1800	2200	10	20	40	70	100	110	140	170	200	250	100	60	36	20	12	8	5	3	2	1	
17331	31301	2200	9999	10	30	50	70	120	150	200	240	280	340	100	60	36	20	12	8	5	3	2	1	
17332	31302	1	1800	10	20	30	40	60	70	80	90	100	120	100	60	36	20	12	8	5	3	2	1	
17333	31302	1800	2200	10	20	40	70	100	110	140	170	200	250	100	60	36	20	12	8	5	3	2	1	
17334	31302	2200	9999	10	30	50	70	120	150	200	240	280	340	100	60	36	20	12	8	5	3	2	1	
17335	31303	1	1800	10	20	30	40	60	70	80	90	100	120	100	60	36	20	12	8	5	3	2	1	
17336	31303	1800	2200	10	20	40	70	100	110	140	170	200	250	100	60	36	20	12	8	5	3	2	1	
17337	31303	2200	9999	10	30	50	70	120	150	200	240	280	340	100	60	36	20	12	8	5	3	2	1	
17338	31304	1	1800	10	20	30	40	60	70	80	90	100	120	100	60	36	20	12	8	5	3	2	1	
17339	31304	1800	2200	10	20	40	70	100	110	140	170	200	250	100	60	36	20	12	8	5	3	2	1	
17340	31304	2200	9999	10	30	50	70	120	150	200	240	280	340	100	60	36	20	12	8	5	3	2	1	
17341	31309	1	1800	10	20	30	40	60	70	80	90	100	120	100	60	36	20	12	8	5	3	2	1	
17342	31309	1800	2200	10	20	40	70	100	110	140	170	200	250	100	60	36	20	12	8	5	3	2	1	
17343	31309	2200	9999	10	30	50	70	120	150	200	240	280	340	100	60	36	20	12	8	5	3	2	1	
17344	31310	1	1800	10	20	30	40	60	70	80	90	100	120	100	60	36	20	12	8	5	3	2	1	
17345	31310	1800	2200	10	20	40	70	100	110	140	170	200	250	100	60	36	20	12	8	5	3	2	1	
17346	31310	2200	9999	10	30	50	70	120	150	200	240	280	340	100	60	36	20	12	8	5	3	2	1	
17347	31311	1	1800	10	20	30	40	60	70	80	90	100	120	100	60	36	20	12	8	5	3	2	1	
17348	31311	1800	2200	10	20	40	70	100	110	140	170	200	250	100	60	36	20	12	8	5	3	2	1	
17349	31311	2200	9999	10	30	50	70	120	150	200	240	280	340	100	60	36	20	12	8	5	3	2	1	
17350	31312	1	1800	10	20	30	40	60	70	80	90	100	120	100	60	36	20	12	8	5	3	2	1	
17351	31312	1800	2200	10	20	40	70	100	110	140	170	200	250	100	60	36	20	12	8	5	3	2	1	
17352	31312	2200	9999	10	30	50	70	120	150	200	240	280	340	100	60	36	20	12	8	5	3	2	1	
17353	31313	1	1800	10	20	30	40	60	70	80	90	100	120	100	60	36	20	12	8	5	3	2	1	
17354	31313	1800	2200	10	20	40	70	100	110	140	170	200	250	100	60	36	20	12	8	5	3	2	1	
17355	31313	2200	9999	10	30	50	70	120	150	200	240	280	340	100	60	36	20	12	8	5	3	2	1	
17356	31314	1	1800	10	20	30	40	60	70	80	90	100	120	100	60	36	20	12	8	5	3	2	1	
17357	31314	1800	2200	10	20	40	70	100	110	140	170	200	250	100	60	36	20	12	8	5	3	2	1	
17358	31314	2200	9999	10	30	50	70	120	150	200	240	280	340	100	60	36	20	12	8	5	3	2	1	
17359	31315	1	1800	10	20	30	40	60	70	80	90	100	120	100	60	36	20	12	8	5	3	2	1	
17360	31315	1800	2200	10	20	40	70	100	110	140	170	200	250	100	60	36	20	12	8	5	3	2	1	
17361	31315	2200	9999	10	30	50	70	120	150	200	240	280	340	100	60	36	20	12	8	5	3	2	1	
17362	31319	1	1800	10	20	30	40	60	70	80	90	100	120	100	60	36	20	12	8	5	3	2	1	
17363	31319	1800	2200	10	20	40	70	100	110	140	170	200	250	100	60	36	20	12	8	5	3	2	1	
17364	31319	2200	9999	10	30	50	70	120	150	200	240	280	340	100	60	36	20	12	8	5	3	2	1	
17365	31320	1	1800	10	20	30	40	60	70	80	90	100	120	100	60	36	20	12	8	5	3	2	1	
17366	31320	1800	2200	10	20	40	70	100	110	140	170	200	250	100	60	36	20	12	8	5	3	2	1	
17367	31320	2200	9999	10	30	50	70	120	150	200	240	280	340	100	60	36	20	12	8	5	3	2	1	
17368	31321	1	1800	10	20	30	40	60	70	80	90	100	120	100	60	36	20	12	8	5	3	2	1	
17369	31321	1800	2200	10	20	40	70	100	110	140	170	200	250	100	60	36	20	12	8	5	3	2	1	
17370	31321	2200	9999	10	30	50	70	120	150	200	240	280	340	100	60	36	20	12	8	5	3	2	1	
17371	31322	1	1800	10	20	30	40	60	70	80	90	100	120	100	60	36	20	12	8	5	3	2	1	
17372	31322	1800	2200	10	20	40	70	100	110	140	170	200	250	100	60	36	20	12	8	5	3	2	1	
17373	31322	2200	9999	10	30	50	70	120	150	200	240	280	340	100	60	36	20	12	8	5	3	2	1	
17374	31323	1	1800	10	20	30	40	60	70	80	90	100	120	100	60	36	20	12	8	5	3	2	1	
17375	31323	1800	2200	10	20	40	70	100	110	140	170	200	250	100	60	36	20	12	8	5	3	2	1	
17376	31323	2200	9999	10	30	50	70	120	150	200	240	280	340	100	60	36	20	12	8	5	3	2	1	
17377	31324	1	1800	10	20	30	40	60	70	80	90	100	120	100	60	36	20	12	8	5	3	2	1	
17378	31324	1800	2200	10	20	40	70	100	110	140	170	200	250	100	60	36	20	12	8	5	3	2	1	
17379	31324	2200	9999	10	30	50	70	120	150	200	240	280	340	100	60	36	20	12	8	5	3	2	1	
17380	31325	1	1800	10	20	30	40	60	70	80	90	100	120	100	60	36	20	12	8	5	3	2	1	
17381	31325	1800	2200	10	20	40	70	100	110	140	170	200	250	100	60	36	20	12	8	5	3	2	1	
17382	31325	2200	9999	10	30	50	70	120	150	200	240	280	340	100	60	36	20	12	8	5	3	2	1	
17383	31326	1	1800	10	20	30	40	60	70	80	90	100	120	100	60	36	20	12	8	5	3	2	1	
17384	31326	1800	2200	10	20	40	70	100	110	140	170	200	250	100	60	36	20	12	8	5	3	2	1	
17385	31326	2200	9999	10	30	50	70	120	150	200	240	280	340	100	60	36	20	12	8	5	3	2	1	
17386	31329	1	1800	10	20	30	40	60	70	80	90	100	120	100	60	36	20	12	8	5	3	2	1	
17387	31329	1800	2200	10	20	40	70	100	110	140	170	200	250	100	60	36	20	12	8	5	3	2	1	
17388	31329	2200	9999	10	30	50	70	120	150	200	240	280	340	100	60	36	20	12	8	5	3	2	1	
17389	31330	1	1800	10	20	30	40	60	70	80	90	100	120	100	60	36	20	12	8	5	3	2	1	
17390	31330	1800	2200	10	20	40	70	100	110	140	170	200	250	100	60	36	20	12	8	5	3	2	1	
17391	31330	2200	9999	10	30	50	70	120	150	200	240	280	340	100	60	36	20	12	8	5	3	2	1	
17392	31331	1	1800	10	20	30	40	60	70	80	90	100	120	100	60	36	20	12	8	5	3	2	1	
17393	31331	1800	2200	10	20	40	70	100	110	140	170	200	250	100	60	36	20	12	8	5	3	2	1	
17394	31331	2200	9999	10	30	50	70	120	150	200	240	280	340	100	60	36	20	12	8	5	3	2	1	
17395	31332	1	1800	10	20	30	40	60	70	80	90	100	120	100	60	36	20	12	8	5	3	2	1	
17396	31332	1800	2200	10	20	40	70	100	110	140	170	200	250	100	60	36	20	12	8	5	3	2	1	
17397	31332	2200	9999	10	30	50	70	120	150	200	240	280	340	100	60	36	20	12	8	5	3	2	1	
17398	31333	1	1800	10	20	30	40	60	70	80	90	100	120	100	60	36	20	12	8	5	3	2	1	
17399	31333	1800	2200	10	20	40	70	100	110	140	170	200	250	100	60	36	20	12	8	5	3	2	1	
17400	31333	2200	9999	10	30	50	70	120	150	200	240	280	340	100	60	36	20	12	8	5	3	2	1	
17401	31334	1	1800	10	20	30	40	60	70	80	90	100	120	100	60	36	20	12	8	5	3	2	1	
17402	31334	1800	2200	10	20	40	70	100	110	140	170	200	250	100	60	36	20	12	8	5	3	2	1	
17403	31334	2200	9999	10	30	50	70	120	150	200	240	280	340	100	60	36	20	12	8	5	3	2	1	
17404	31335	1	1800	10	20	30	40	60	70	80	90	100	120	100	60	36	20	12	8	5	3	2	1	
17405	31335	1800	2200	10	20	40	70	100	110	140	170	200	250	100	60	36	20	12	8	5	3	2	1	
17406	31335	2200	9999	10	30	50	70	120	150	200	240	280	340	100	60	36	20	12	8	5	3	2	1	
17407	31336	1	1800	10	20	30	40	60	70	80	90	100	120	100	60	36	20	12	8	5	3	2	1	
17408	31336	1800	2200	10	20	40	70	100	110	140	170	200	250	100	60	36	20	12	8	5	3	2	1	
17409	31336	2200	9999	10	30	50	70	120	150	200	240	280	340	100	60	36	20	12	8	5	3	2	1	
17410	31337	1	1800	10	20	30	40	60	70	80	90	100	120	100	60	36	20	12	8	5	3	2	1	
17411	31337	1800	2200	10	20	40	70	100	110	140	170	200	250	100	60	36	20	12	8	5	3	2	1	
17412	31337	2200	9999	10	30	50	70	120	150	200	240	280	340	100	60	36	20	12	8	5	3	2	1	
17413	31339	1	1800	10	20	30	40	60	70	80	90	100	120	100	60	36	20	12	8	5	3	2	1	
17414	31339	1800	2200	10	20	40	70	100	110	140	170	200	250	100	60	36	20	12	8	5	3	2	1	
17415	31339	2200	9999	10	30	50	70	120	150	200	240	280	340	100	60	36	20	12	8	5	3	2	1	
17416	31340	1	1800	10	20	30	40	60	70	80	90	100	120	100	60	36	20	12	8	5	3	2	1	
17417	31340	1800	2200	10	20	40	70	100	110	140	170	200	250	100	60	36	20	12	8	5	3	2	1	
17418	31340	2200	9999	10	30	50	70	120	150	200	240	280	340	100	60	36	20	12	8	5	3	2	1	
17419	31341	1	1800	10	20	30	40	60	70	80	90	100	120	100	60	36	20	12	8	5	3	2	1	
17420	31341	1800	2200	10	20	40	70	100	110	140	170	200	250	100	60	36	20	12	8	5	3	2	1	
17421	31341	2200	9999	10	30	50	70	120	150	200	240	280	340	100	60	36	20	12	8	5	3	2	1	
17422	31342	1	1800	10	20	30	40	60	70	80	90	100	120	100	60	36	20	12	8	5	3	2	1	
17423	31342	1800	2200	10	20	40	70	100	110	140	170	200	250	100	60	36	20	12	8	5	3	2	1	
17424	31342	2200	9999	10	30	50	70	120	150	200	240	280	340	100	60	36	20	12	8	5	3	2	1	
17425	31343	1	1800	10	20	30	40	60	70	80	90	100	120	100	60	36	20	12	8	5	3	2	1	
17426	31343	1800	2200	10	20	40	70	100	110	140	170	200	250	100	60	36	20	12	8	5	3	2	1	
17427	31343	2200	9999	10	30	50	70	120	150	200	240	280	340	100	60	36	20	12	8	5	3	2	1	
17428	31344	1	1800	10	20	30	40	60	70	80	90	100	120	100	60	36	20	12	8	5	3	2	1	
17429	31344	1800	2200	10	20	40	70	100	110	140	170	200	250	100	60	36	20	12	8	5	3	2	1	
17430	31344	2200	9999	10	30	50	70	120	150	200	240	280	340	100	60	36	20	12	8	5	3	2	1	
17431	31345	1	1800	10	20	30	40	60	70	80	90	100	120	100	60	36	20	12	8	5	3	2	1	
17432	31345	1800	2200	10	20	40	70	100	110	140	170	200	250	100	60	36	20	12	8	5	3	2	1	
17433	31345	2200	9999	10	30	50	70	120	150	200	240	280	340	100	60	36	20	12	8	5	3	2	1	
17434	31346	1	1800	10	20	30	40	60	70	80	90	100	120	100	60	36	20	12	8	5	3	2	1	
17435	31346	1800	2200	10	20	40	70	100	110	140	170	200	250	100	60	36	20	12	8	5	3	2	1	
17436	31346	2200	9999	10	30	50	70	120	150	200	240	280	340	100	60	36	20	12	8	5	3	2	1	
17437	31347	1	1800	10	20	30	40	60	70	80	90	100	120	100	60	36	20	12	8	5	3	2	1	
17438	31347	1800	2200	10	20	40	70	100	110	140	170	200	250	100	60	36	20	12	8	5	3	2	1	
17439	31347	2200	9999	10	30	50	70	120	150	200	240	280	340	100	60	36	20	12	8	5	3	2	1	
17440	31348	1	1800	10	20	30	40	60	70	80	90	100	120	100	60	36	20	12	8	5	3	2	1	
17441	31348	1800	2200	10	20	40	70	100	110	140	170	200	250	100	60	36	20	12	8	5	3	2	1	
17442	31348	2200	9999	10	30	50	70	120	150	200	240	280	340	100	60	36	20	12	8	5	3	2	1	
17443	31349	1	1800	10	20	30	40	60	70	80	90	100	120	100	60	36	20	12	8	5	3	2	1	
17444	31349	1800	2200	10	20	40	70	100	110	140	170	200	250	100	60	36	20	12	8	5	3	2	1	
17445	31349	2200	9999	10	30	50	70	120	150	200	240	280	340	100	60	36	20	12	8	5	3	2	1	
17446	24750	1	1800	10	20	30	40	60	70	80	90	100	120	100	60	36	20	12	8	5	3	2	1	
17447	24750	1800	2200	10	20	40	70	100	110	140	170	200	250	100	60	36	20	12	8	5	3	2	1	
17448	24750	2200	9999	10	30	50	70	120	150	200	240	280	340	100	60	36	20	12	8	5	3	2	1	
17449	24751	1	1800	10	20	30	40	60	70	80	90	100	120	100	60	36	20	12	8	5	3	2	1	
17450	24751	1800	2200	10	20	40	70	100	110	140	170	200	250	100	60	36	20	12	8	5	3	2	1	
17451	24751	2200	9999	10	30	50	70	120	150	200	240	280	340	100	60	36	20	12	8	5	3	2	1	
17452	24752	1	1800	10	20	30	40	60	70	80	90	100	120	100	60	36	20	12	8	5	3	2	1	
17453	24752	1800	2200	10	20	40	70	100	110	140	170	200	250	100	60	36	20	12	8	5	3	2	1	
17454	24752	2200	9999	10	30	50	70	120	150	200	240	280	340	100	60	36	20	12	8	5	3	2	1	
17455	24759	1	1800	10	20	30	40	60	70	80	90	100	120	100	60	36	20	12	8	5	3	2	1	
17456	24759	1800	2200	10	20	40	70	100	110	140	170	200	250	100	60	36	20	12	8	5	3	2	1	
17457	24759	2200	9999	10	30	50	70	120	150	200	240	280	340	100	60	36	20	12	8	5	3	2	1	
17458	24760	1	1800	10	20	30	40	60	70	80	90	100	120	100	60	36	20	12	8	5	3	2	1	
17459	24760	1800	2200	10	20	40	70	100	110	140	170	200	250	100	60	36	20	12	8	5	3	2	1	
17460	24760	2200	9999	10	30	50	70	120	150	200	240	280	340	100	60	36	20	12	8	5	3	2	1	
17461	24761	1	1800	10	20	30	40	60	70	80	90	100	120	100	60	36	20	12	8	5	3	2	1	
17462	24761	1800	2200	10	20	40	70	100	110	140	170	200	250	100	60	36	20	12	8	5	3	2	1	
17463	24761	2200	9999	10	30	50	70	120	150	200	240	280	340	100	60	36	20	12	8	5	3	2	1	
17464	24762	1	1800	10	20	30	40	60	70	80	90	100	120	100	60	36	20	12	8	5	3	2	1	
17465	24762	1800	2200	10	20	40	70	100	110	140	170	200	250	100	60	36	20	12	8	5	3	2	1	
17466	24762	2200	9999	10	30	50	70	120	150	200	240	280	340	100	60	36	20	12	8	5	3	2	1	
17467	24763	1	1800	10	20	30	40	60	70	80	90	100	120	100	60	36	20	12	8	5	3	2	1	
17468	24763	1800	2200	10	20	40	70	100	110	140	170	200	250	100	60	36	20	12	8	5	3	2	1	
17469	24763	2200	9999	10	30	50	70	120	150	200	240	280	340	100	60	36	20	12	8	5	3	2	1	
17470	24769	1	1800	10	20	30	40	60	70	80	90	100	120	100	60	36	20	12	8	5	3	2	1	
17471	24769	1800	2200	10	20	40	70	100	110	140	170	200	250	100	60	36	20	12	8	5	3	2	1	
17472	24769	2200	9999	10	30	50	70	120	150	200	240	280	340	100	60	36	20	12	8	5	3	2	1	
17473	24770	1	1800	10	20	30	40	60	70	80	90	100	120	100	60	36	20	12	8	5	3	2	1	
17474	24770	1800	2200	10	20	40	70	100	110	140	170	200	250	100	60	36	20	12	8	5	3	2	1	
17475	24770	2200	9999	10	30	50	70	120	150	200	240	280	340	100	60	36	20	12	8	5	3	2	1	
17476	24771	1	1800	10	20	30	40	60	70	80	90	100	120	100	60	36	20	12	8	5	3	2	1	
17477	24771	1800	2200	10	20	40	70	100	110	140	170	200	250	100	60	36	20	12	8	5	3	2	1	
17478	24771	2200	9999	10	30	50	70	120	150	200	240	280	340	100	60	36	20	12	8	5	3	2	1	
17479	24772	1	1800	10	20	30	40	60	70	80	90	100	120	100	60	36	20	12	8	5	3	2	1	
17480	24772	1800	2200	10	20	40	70	100	110	140	170	200	250	100	60	36	20	12	8	5	3	2	1	
17481	24772	2200	9999	10	30	50	70	120	150	200	240	280	340	100	60	36	20	12	8	5	3	2	1	
17482	24773	1	1800	10	20	30	40	60	70	80	90	100	120	100	60	36	20	12	8	5	3	2	1	
17483	24773	1800	2200	10	20	40	70	100	110	140	170	200	250	100	60	36	20	12	8	5	3	2	1	
17484	24773	2200	9999	10	30	50	70	120	150	200	240	280	340	100	60	36	20	12	8	5	3	2	1	
17485	24774	1	1800	10	20	30	40	60	70	80	90	100	120	100	60	36	20	12	8	5	3	2	1	
17486	24774	1800	2200	10	20	40	70	100	110	140	170	200	250	100	60	36	20	12	8	5	3	2	1	
17487	24774	2200	9999	10	30	50	70	120	150	200	240	280	340	100	60	36	20	12	8	5	3	2	1	
17488	24779	1	1800	10	20	30	40	60	70	80	90	100	120	100	60	36	20	12	8	5	3	2	1	
17489	24779	1800	2200	10	20	40	70	100	110	140	170	200	250	100	60	36	20	12	8	5	3	2	1	
17490	24779	2200	9999	10	30	50	70	120	150	200	240	280	340	100	60	36	20	12	8	5	3	2	1	
17491	24780	1	1800	10	20	30	40	60	70	80	90	100	120	100	60	36	20	12	8	5	3	2	1	
17492	24780	1800	2200	10	20	40	70	100	110	140	170	200	250	100	60	36	20	12	8	5	3	2	1	
17493	24780	2200	9999	10	30	50	70	120	150	200	240	280	340	100	60	36	20	12	8	5	3	2	1	
17494	24781	1	1800	10	20	30	40	60	70	80	90	100	120	100	60	36	20	12	8	5	3	2	1	
17495	24781	1800	2200	10	20	40	70	100	110	140	170	200	250	100	60	36	20	12	8	5	3	2	1	
17496	24781	2200	9999	10	30	50	70	120	150	200	240	280	340	100	60	36	20	12	8	5	3	2	1	
17497	24782	1	1800	10	20	30	40	60	70	80	90	100	120	100	60	36	20	12	8	5	3	2	1	
17498	24782	1800	2200	10	20	40	70	100	110	140	170	200	250	100	60	36	20	12	8	5	3	2	1	
17499	24782	2200	9999	10	30	50	70	120	150	200	240	280	340	100	60	36	20	12	8	5	3	2	1	
17500	24783	1	1800	10	20	30	40	60	70	80	90	100	120	100	60	36	20	12	8	5	3	2	1	
17501	24783	1800	2200	10	20	40	70	100	110	140	170	200	250	100	60	36	20	12	8	5	3	2	1	
17502	24783	2200	9999	10	30	50	70	120	150	200	240	280	340	100	60	36	20	12	8	5	3	2	1	
17503	24784	1	1800	10	20	30	40	60	70	80	90	100	120	100	60	36	20	12	8	5	3	2	1	
17504	24784	1800	2200	10	20	40	70	100	110	140	170	200	250	100	60	36	20	12	8	5	3	2	1	
17505	24784	2200	9999	10	30	50	70	120	150	200	240	280	340	100	60	36	20	12	8	5	3	2	1	
17506	24785	1	1800	10	20	30	40	60	70	80	90	100	120	100	60	36	20	12	8	5	3	2	1	
17507	24785	1800	2200	10	20	40	70	100	110	140	170	200	250	100	60	36	20	12	8	5	3	2	1	
17508	24785	2200	9999	10	30	50	70	120	150	200	240	280	340	100	60	36	20	12	8	5	3	2	1	
17509	24789	1	1800	10	20	30	40	60	70	80	90	100	120	100	60	36	20	12	8	5	3	2	1	
17510	24789	1800	2200	10	20	40	70	100	110	140	170	200	250	100	60	36	20	12	8	5	3	2	1	
17511	24789	2200	9999	10	30	50	70	120	150	200	240	280	340	100	60	36	20	12	8	5	3	2	1	
17512	24790	1	1800	10	20	30	40	60	70	80	90	100	120	100	60	36	20	12	8	5	3	2	1	
17513	24790	1800	2200	10	20	40	70	100	110	140	170	200	250	100	60	36	20	12	8	5	3	2	1	
17514	24790	2200	9999	10	30	50	70	120	150	200	240	280	340	100	60	36	20	12	8	5	3	2	1	
17515	24791	1	1800	10	20	30	40	60	70	80	90	100	120	100	60	36	20	12	8	5	3	2	1	
17516	24791	1800	2200	10	20	40	70	100	110	140	170	200	250	100	60	36	20	12	8	5	3	2	1	
17517	24791	2200	9999	10	30	50	70	120	150	200	240	280	340	100	60	36	20	12	8	5	3	2	1	
17518	24792	1	1800	10	20	30	40	60	70	80	90	100	120	100	60	36	20	12	8	5	3	2	1	
17519	24792	1800	2200	10	20	40	70	100	110	140	170	200	250	100	60	36	20	12	8	5	3	2	1	
17520	24792	2200	9999	10	30	50	70	120	150	200	240	280	340	100	60	36	20	12	8	5	3	2	1	
17521	24793	1	1800	10	20	30	40	60	70	80	90	100	120	100	60	36	20	12	8	5	3	2	1	
17522	24793	1800	2200	10	20	40	70	100	110	140	170	200	250	100	60	36	20	12	8	5	3	2	1	
17523	24793	2200	9999	10	30	50	70	120	150	200	240	280	340	100	60	36	20	12	8	5	3	2	1	
17524	24794	1	1800	10	20	30	40	60	70	80	90	100	120	100	60	36	20	12	8	5	3	2	1	
17525	24794	1800	2200	10	20	40	70	100	110	140	170	200	250	100	60	36	20	12	8	5	3	2	1	
17526	24794	2200	9999	10	30	50	70	120	150	200	240	280	340	100	60	36	20	12	8	5	3	2	1	
17527	24795	1	1800	10	20	30	40	60	70	80	90	100	120	100	60	36	20	12	8	5	3	2	1	
17528	24795	1800	2200	10	20	40	70	100	110	140	170	200	250	100	60	36	20	12	8	5	3	2	1	
17529	24795	2200	9999	10	30	50	70	120	150	200	240	280	340	100	60	36	20	12	8	5	3	2	1	
17530	24796	1	1800	10	20	30	40	60	70	80	90	100	120	100	60	36	20	12	8	5	3	2	1	
17531	24796	1800	2200	10	20	40	70	100	110	140	170	200	250	100	60	36	20	12	8	5	3	2	1	
17532	24796	2200	9999	10	30	50	70	120	150	200	240	280	340	100	60	36	20	12	8	5	3	2	1	
17533	24799	1	1800	10	20	30	40	60	70	80	90	100	120	100	60	36	20	12	8	5	3	2	1	
17534	24799	1800	2200	10	20	40	70	100	110	140	170	200	250	100	60	36	20	12	8	5	3	2	1	
17535	24799	2200	9999	10	30	50	70	120	150	200	240	280	340	100	60	36	20	12	8	5	3	2	1	
17536	24800	1	1800	10	20	30	40	60	70	80	90	100	120	100	60	36	20	12	8	5	3	2	1	
17537	24800	1800	2200	10	20	40	70	100	110	140	170	200	250	100	60	36	20	12	8	5	3	2	1	
17538	24800	2200	9999	10	30	50	70	120	150	200	240	280	340	100	60	36	20	12	8	5	3	2	1	
17539	24801	1	1800	10	20	30	40	60	70	80	90	100	120	100	60	36	20	12	8	5	3	2	1	
17540	24801	1800	2200	10	20	40	70	100	110	140	170	200	250	100	60	36	20	12	8	5	3	2	1	
17541	24801	2200	9999	10	30	50	70	120	150	200	240	280	340	100	60	36	20	12	8	5	3	2	1	
17542	24802	1	1800	10	20	30	40	60	70	80	90	100	120	100	60	36	20	12	8	5	3	2	1	
17543	24802	1800	2200	10	20	40	70	100	110	140	170	200	250	100	60	36	20	12	8	5	3	2	1	
17544	24802	2200	9999	10	30	50	70	120	150	200	240	280	340	100	60	36	20	12	8	5	3	2	1	
17545	24803	1	1800	10	20	30	40	60	70	80	90	100	120	100	60	36	20	12	8	5	3	2	1	
17546	24803	1800	2200	10	20	40	70	100	110	140	170	200	250	100	60	36	20	12	8	5	3	2	1	
17547	24803	2200	9999	10	30	50	70	120	150	200	240	280	340	100	60	36	20	12	8	5	3	2	1	
17548	24804	1	1800	10	20	30	40	60	70	80	90	100	120	100	60	36	20	12	8	5	3	2	1	
17549	24804	1800	2200	10	20	40	70	100	110	140	170	200	250	100	60	36	20	12	8	5	3	2	1	
17550	24804	2200	9999	10	30	50	70	120	150	200	240	280	340	100	60	36	20	12	8	5	3	2	1	
17551	24805	1	1800	10	20	30	40	60	70	80	90	100	120	100	60	36	20	12	8	5	3	2	1	
17552	24805	1800	2200	10	20	40	70	100	110	140	170	200	250	100	60	36	20	12	8	5	3	2	1	
17553	24805	2200	9999	10	30	50	70	120	150	200	240	280	340	100	60	36	20	12	8	5	3	2	1	
17554	24806	1	1800	10	20	30	40	60	70	80	90	100	120	100	60	36	20	12	8	5	3	2	1	
17555	24806	1800	2200	10	20	40	70	100	110	140	170	200	250	100	60	36	20	12	8	5	3	2	1	
17556	24806	2200	9999	10	30	50	70	120	150	200	240	280	340	100	60	36	20	12	8	5	3	2	1	
17557	24807	1	1800	10	20	30	40	60	70	80	90	100	120	100	60	36	20	12	8	5	3	2	1	
17558	24807	1800	2200	10	20	40	70	100	110	140	170	200	250	100	60	36	20	12	8	5	3	2	1	
17559	24807	2200	9999	10	30	50	70	120	150	200	240	280	340	100	60	36	20	12	8	5	3	2	1	
17560	24809	1	1800	10	20	30	40	60	70	80	90	100	120	100	60	36	20	12	8	5	3	2	1	
17561	24809	1800	2200	10	20	40	70	100	110	140	170	200	250	100	60	36	20	12	8	5	3	2	1	
17562	24809	2200	9999	10	30	50	70	120	150	200	240	280	340	100	60	36	20	12	8	5	3	2	1	
17563	24810	1	1800	10	20	30	40	60	70	80	90	100	120	100	60	36	20	12	8	5	3	2	1	
17564	24810	1800	2200	10	20	40	70	100	110	140	170	200	250	100	60	36	20	12	8	5	3	2	1	
17565	24810	2200	9999	10	30	50	70	120	150	200	240	280	340	100	60	36	20	12	8	5	3	2	1	
17566	24811	1	1800	10	20	30	40	60	70	80	90	100	120	100	60	36	20	12	8	5	3	2	1	
17567	24811	1800	2200	10	20	40	70	100	110	140	170	200	250	100	60	36	20	12	8	5	3	2	1	
17568	24811	2200	9999	10	30	50	70	120	150	200	240	280	340	100	60	36	20	12	8	5	3	2	1	
17569	24812	1	1800	10	20	30	40	60	70	80	90	100	120	100	60	36	20	12	8	5	3	2	1	
17570	24812	1800	2200	10	20	40	70	100	110	140	170	200	250	100	60	36	20	12	8	5	3	2	1	
17571	24812	2200	9999	10	30	50	70	120	150	200	240	280	340	100	60	36	20	12	8	5	3	2	1	
17572	24813	1	1800	10	20	30	40	60	70	80	90	100	120	100	60	36	20	12	8	5	3	2	1	
17573	24813	1800	2200	10	20	40	70	100	110	140	170	200	250	100	60	36	20	12	8	5	3	2	1	
17574	24813	2200	9999	10	30	50	70	120	150	200	240	280	340	100	60	36	20	12	8	5	3	2	1	
17575	24814	1	1800	10	20	30	40	60	70	80	90	100	120	100	60	36	20	12	8	5	3	2	1	
17576	24814	1800	2200	10	20	40	70	100	110	140	170	200	250	100	60	36	20	12	8	5	3	2	1	
17577	24814	2200	9999	10	30	50	70	120	150	200	240	280	340	100	60	36	20	12	8	5	3	2	1	
17578	24815	1	1800	10	20	30	40	60	70	80	90	100	120	100	60	36	20	12	8	5	3	2	1	
17579	24815	1800	2200	10	20	40	70	100	110	140	170	200	250	100	60	36	20	12	8	5	3	2	1	
17580	24815	2200	9999	10	30	50	70	120	150	200	240	280	340	100	60	36	20	12	8	5	3	2	1	
17581	24816	1	1800	10	20	30	40	60	70	80	90	100	120	100	60	36	20	12	8	5	3	2	1	
17582	24816	1800	2200	10	20	40	70	100	110	140	170	200	250	100	60	36	20	12	8	5	3	2	1	
17583	24816	2200	9999	10	30	50	70	120	150	200	240	280	340	100	60	36	20	12	8	5	3	2	1	
17584	24817	1	1800	10	20	30	40	60	70	80	90	100	120	100	60	36	20	12	8	5	3	2	1	
17585	24817	1800	2200	10	20	40	70	100	110	140	170	200	250	100	60	36	20	12	8	5	3	2	1	
17586	24817	2200	9999	10	30	50	70	120	150	200	240	280	340	100	60	36	20	12	8	5	3	2	1	
17587	24818	1	1800	10	20	30	40	60	70	80	90	100	120	100	60	36	20	12	8	5	3	2	1	
17588	24818	1800	2200	10	20	40	70	100	110	140	170	200	250	100	60	36	20	12	8	5	3	2	1	
17589	24818	2200	9999	10	30	50	70	120	150	200	240	280	340	100	60	36	20	12	8	5	3	2	1	
17590	24819	1	1800	10	20	30	40	60	70	80	90	100	120	100	60	36	20	12	8	5	3	2	1	
17591	24819	1800	2200	10	20	40	70	100	110	140	170	200	250	100	60	36	20	12	8	5	3	2	1	
17592	24819	2200	9999	10	30	50	70	120	150	200	240	280	340	100	60	36	20	12	8	5	3	2	1	
17593	24821	1	1800	10	20	30	40	60	70	80	90	100	120	100	60	36	20	12	8	5	3	2	1	
17594	24821	1800	2200	10	20	40	70	100	110	140	170	200	250	100	60	36	20	12	8	5	3	2	1	
17595	24821	2200	9999	10	30	50	70	120	150	200	240	280	340	100	60	36	20	12	8	5	3	2	1	
17596	6721	1	1800	10	20	30	40	50	60	70	80	90	100	100	60	36	20	12	8	5	3	2	1	
17597	6721	1800	2200	10	20	40	60	90	100	130	160	190	230	100	60	36	20	12	8	5	3	2	1	
17598	6721	2200	9999	10	20	50	70	110	140	180	220	260	310	100	60	36	20	12	8	5	3	2	1	
17599	6722	1	1800	10	20	30	40	50	60	70	80	90	100	100	60	36	20	12	8	5	3	2	1	
17600	6722	1800	2200	10	20	40	60	90	100	130	160	190	230	100	60	36	20	12	8	5	3	2	1	
17601	6722	2200	9999	10	20	50	70	110	140	180	220	260	310	100	60	36	20	12	8	5	3	2	1	
17602	6723	1	1800	10	20	30	40	50	60	70	80	90	100	100	60	36	20	12	8	5	3	2	1	
17603	6723	1800	2200	10	20	40	60	90	100	130	160	190	230	100	60	36	20	12	8	5	3	2	1	
17604	6723	2200	9999	10	20	50	70	110	140	180	220	260	310	100	60	36	20	12	8	5	3	2	1	
17605	6729	1	1800	10	20	30	40	50	60	70	80	90	100	100	60	36	20	12	8	5	3	2	1	
17606	6729	1800	2200	10	20	40	60	90	100	130	160	190	230	100	60	36	20	12	8	5	3	2	1	
17607	6729	2200	9999	10	20	50	70	110	140	180	220	260	310	100	60	36	20	12	8	5	3	2	1	
17608	24830	1	1800	10	20	30	40	60	70	80	90	100	120	100	60	36	20	12	8	5	3	2	1	
17609	24830	1800	2200	10	20	40	70	100	110	140	170	200	250	100	60	36	20	12	8	5	3	2	1	
17610	24830	2200	9999	10	30	50	70	120	150	200	240	280	340	100	60	36	20	12	8	5	3	2	1	
17611	24831	1	1800	10	20	30	40	60	70	80	90	100	120	100	60	36	20	12	8	5	3	2	1	
17612	24831	1800	2200	10	20	40	70	100	110	140	170	200	250	100	60	36	20	12	8	5	3	2	1	
17613	24831	2200	9999	10	30	50	70	120	150	200	240	280	340	100	60	36	20	12	8	5	3	2	1	
17614	24832	1	1800	10	20	30	40	60	70	80	90	100	120	100	60	36	20	12	8	5	3	2	1	
17615	24832	1800	2200	10	20	40	70	100	110	140	170	200	250	100	60	36	20	12	8	5	3	2	1	
17616	24832	2200	9999	10	30	50	70	120	150	200	240	280	340	100	60	36	20	12	8	5	3	2	1	
17617	24839	1	1800	10	20	30	40	60	70	80	90	100	120	100	60	36	20	12	8	5	3	2	1	
17618	24839	1800	2200	10	20	40	70	100	110	140	170	200	250	100	60	36	20	12	8	5	3	2	1	
17619	24839	2200	9999	10	30	50	70	120	150	200	240	280	340	100	60	36	20	12	8	5	3	2	1	
17620	24840	1	1800	10	20	30	40	60	70	80	90	100	120	100	60	36	20	12	8	5	3	2	1	
17621	24840	1800	2200	10	20	40	70	100	110	140	170	200	250	100	60	36	20	12	8	5	3	2	1	
17622	24840	2200	9999	10	30	50	70	120	150	200	240	280	340	100	60	36	20	12	8	5	3	2	1	
17623	24841	1	1800	10	20	30	40	60	70	80	90	100	120	100	60	36	20	12	8	5	3	2	1	
17624	24841	1800	2200	10	20	40	70	100	110	140	170	200	250	100	60	36	20	12	8	5	3	2	1	
17625	24841	2200	9999	10	30	50	70	120	150	200	240	280	340	100	60	36	20	12	8	5	3	2	1	
17626	24842	1	1800	10	20	30	40	60	70	80	90	100	120	100	60	36	20	12	8	5	3	2	1	
17627	24842	1800	2200	10	20	40	70	100	110	140	170	200	250	100	60	36	20	12	8	5	3	2	1	
17628	24842	2200	9999	10	30	50	70	120	150	200	240	280	340	100	60	36	20	12	8	5	3	2	1	
17629	24843	1	1800	10	20	30	40	60	70	80	90	100	120	100	60	36	20	12	8	5	3	2	1	
17630	24843	1800	2200	10	20	40	70	100	110	140	170	200	250	100	60	36	20	12	8	5	3	2	1	
17631	24843	2200	9999	10	30	50	70	120	150	200	240	280	340	100	60	36	20	12	8	5	3	2	1	
17632	24849	1	1800	10	20	30	40	60	70	80	90	100	120	100	60	36	20	12	8	5	3	2	1	
17633	24849	1800	2200	10	20	40	70	100	110	140	170	200	250	100	60	36	20	12	8	5	3	2	1	
17634	24849	2200	9999	10	30	50	70	120	150	200	240	280	340	100	60	36	20	12	8	5	3	2	1	
17635	24850	1	1800	10	20	30	40	60	70	80	90	100	120	100	60	36	20	12	8	5	3	2	1	
17636	24850	1800	2200	10	20	40	70	100	110	140	170	200	250	100	60	36	20	12	8	5	3	2	1	
17637	24850	2200	9999	10	30	50	70	120	150	200	240	280	340	100	60	36	20	12	8	5	3	2	1	
17638	24851	1	1800	10	20	30	40	60	70	80	90	100	120	100	60	36	20	12	8	5	3	2	1	
17639	24851	1800	2200	10	20	40	70	100	110	140	170	200	250	100	60	36	20	12	8	5	3	2	1	
17640	24851	2200	9999	10	30	50	70	120	150	200	240	280	340	100	60	36	20	12	8	5	3	2	1	
17641	24852	1	1800	10	20	30	40	60	70	80	90	100	120	100	60	36	20	12	8	5	3	2	1	
17642	24852	1800	2200	10	20	40	70	100	110	140	170	200	250	100	60	36	20	12	8	5	3	2	1	
17643	24852	2200	9999	10	30	50	70	120	150	200	240	280	340	100	60	36	20	12	8	5	3	2	1	
17644	24853	1	1800	10	20	30	40	60	70	80	90	100	120	100	60	36	20	12	8	5	3	2	1	
17645	24853	1800	2200	10	20	40	70	100	110	140	170	200	250	100	60	36	20	12	8	5	3	2	1	
17646	24853	2200	9999	10	30	50	70	120	150	200	240	280	340	100	60	36	20	12	8	5	3	2	1	
17647	24854	1	1800	10	20	30	40	60	70	80	90	100	120	100	60	36	20	12	8	5	3	2	1	
17648	24854	1800	2200	10	20	40	70	100	110	140	170	200	250	100	60	36	20	12	8	5	3	2	1	
17649	24854	2200	9999	10	30	50	70	120	150	200	240	280	340	100	60	36	20	12	8	5	3	2	1	
17650	24859	1	1800	10	20	30	40	60	70	80	90	100	120	100	60	36	20	12	8	5	3	2	1	
17651	24859	1800	2200	10	20	40	70	100	110	140	170	200	250	100	60	36	20	12	8	5	3	2	1	
17652	24859	2200	9999	10	30	50	70	120	150	200	240	280	340	100	60	36	20	12	8	5	3	2	1	
17653	24860	1	1800	10	20	30	40	60	70	80	90	100	120	100	60	36	20	12	8	5	3	2	1	
17654	24860	1800	2200	10	20	40	70	100	110	140	170	200	250	100	60	36	20	12	8	5	3	2	1	
17655	24860	2200	9999	10	30	50	70	120	150	200	240	280	340	100	60	36	20	12	8	5	3	2	1	
17656	24861	1	1800	10	20	30	40	60	70	80	90	100	120	100	60	36	20	12	8	5	3	2	1	
17657	24861	1800	2200	10	20	40	70	100	110	140	170	200	250	100	60	36	20	12	8	5	3	2	1	
17658	24861	2200	9999	10	30	50	70	120	150	200	240	280	340	100	60	36	20	12	8	5	3	2	1	
17659	24862	1	1800	10	20	30	40	60	70	80	90	100	120	100	60	36	20	12	8	5	3	2	1	
17660	24862	1800	2200	10	20	40	70	100	110	140	170	200	250	100	60	36	20	12	8	5	3	2	1	
17661	24862	2200	9999	10	30	50	70	120	150	200	240	280	340	100	60	36	20	12	8	5	3	2	1	
17662	24863	1	1800	10	20	30	40	60	70	80	90	100	120	100	60	36	20	12	8	5	3	2	1	
17663	24863	1800	2200	10	20	40	70	100	110	140	170	200	250	100	60	36	20	12	8	5	3	2	1	
17664	24863	2200	9999	10	30	50	70	120	150	200	240	280	340	100	60	36	20	12	8	5	3	2	1	
17665	24864	1	1800	10	20	30	40	60	70	80	90	100	120	100	60	36	20	12	8	5	3	2	1	
17666	24864	1800	2200	10	20	40	70	100	110	140	170	200	250	100	60	36	20	12	8	5	3	2	1	
17667	24864	2200	9999	10	30	50	70	120	150	200	240	280	340	100	60	36	20	12	8	5	3	2	1	
17668	24865	1	1800	10	20	30	40	60	70	80	90	100	120	100	60	36	20	12	8	5	3	2	1	
17669	24865	1800	2200	10	20	40	70	100	110	140	170	200	250	100	60	36	20	12	8	5	3	2	1	
17670	24865	2200	9999	10	30	50	70	120	150	200	240	280	340	100	60	36	20	12	8	5	3	2	1	
17671	24869	1	1800	10	20	30	40	60	70	80	90	100	120	100	60	36	20	12	8	5	3	2	1	
17672	24869	1800	2200	10	20	40	70	100	110	140	170	200	250	100	60	36	20	12	8	5	3	2	1	
17673	24869	2200	9999	10	30	50	70	120	150	200	240	280	340	100	60	36	20	12	8	5	3	2	1	
17674	24870	1	1800	10	20	30	40	60	70	80	90	100	120	100	60	36	20	12	8	5	3	2	1	
17675	24870	1800	2200	10	20	40	70	100	110	140	170	200	250	100	60	36	20	12	8	5	3	2	1	
17676	24870	2200	9999	10	30	50	70	120	150	200	240	280	340	100	60	36	20	12	8	5	3	2	1	
17677	24871	1	1800	10	20	30	40	60	70	80	90	100	120	100	60	36	20	12	8	5	3	2	1	
17678	24871	1800	2200	10	20	40	70	100	110	140	170	200	250	100	60	36	20	12	8	5	3	2	1	
17679	24871	2200	9999	10	30	50	70	120	150	200	240	280	340	100	60	36	20	12	8	5	3	2	1	
17680	24872	1	1800	10	20	30	40	60	70	80	90	100	120	100	60	36	20	12	8	5	3	2	1	
17681	24872	1800	2200	10	20	40	70	100	110	140	170	200	250	100	60	36	20	12	8	5	3	2	1	
17682	24872	2200	9999	10	30	50	70	120	150	200	240	280	340	100	60	36	20	12	8	5	3	2	1	
17683	24873	1	1800	10	20	30	40	60	70	80	90	100	120	100	60	36	20	12	8	5	3	2	1	
17684	24873	1800	2200	10	20	40	70	100	110	140	170	200	250	100	60	36	20	12	8	5	3	2	1	
17685	24873	2200	9999	10	30	50	70	120	150	200	240	280	340	100	60	36	20	12	8	5	3	2	1	
17686	24874	1	1800	10	20	30	40	60	70	80	90	100	120	100	60	36	20	12	8	5	3	2	1	
17687	24874	1800	2200	10	20	40	70	100	110	140	170	200	250	100	60	36	20	12	8	5	3	2	1	
17688	24874	2200	9999	10	30	50	70	120	150	200	240	280	340	100	60	36	20	12	8	5	3	2	1	
17689	24875	1	1800	10	20	30	40	60	70	80	90	100	120	100	60	36	20	12	8	5	3	2	1	
17690	24875	1800	2200	10	20	40	70	100	110	140	170	200	250	100	60	36	20	12	8	5	3	2	1	
17691	24875	2200	9999	10	30	50	70	120	150	200	240	280	340	100	60	36	20	12	8	5	3	2	1	
17692	24876	1	1800	10	20	30	40	60	70	80	90	100	120	100	60	36	20	12	8	5	3	2	1	
17693	24876	1800	2200	10	20	40	70	100	110	140	170	200	250	100	60	36	20	12	8	5	3	2	1	
17694	24876	2200	9999	10	30	50	70	120	150	200	240	280	340	100	60	36	20	12	8	5	3	2	1	
17695	24879	1	1800	10	20	30	40	60	70	80	90	100	120	100	60	36	20	12	8	5	3	2	1	
17696	24879	1800	2200	10	20	40	70	100	110	140	170	200	250	100	60	36	20	12	8	5	3	2	1	
17697	24879	2200	9999	10	30	50	70	120	150	200	240	280	340	100	60	36	20	12	8	5	3	2	1	
17698	24880	1	1800	10	20	30	40	60	70	80	90	100	120	100	60	36	20	12	8	5	3	2	1	
17699	24880	1800	2200	10	20	40	70	100	110	140	170	200	250	100	60	36	20	12	8	5	3	2	1	
17700	24880	2200	9999	10	30	50	70	120	150	200	240	280	340	100	60	36	20	12	8	5	3	2	1	
17701	24881	1	1800	10	20	30	40	60	70	80	90	100	120	100	60	36	20	12	8	5	3	2	1	
17702	24881	1800	2200	10	20	40	70	100	110	140	170	200	250	100	60	36	20	12	8	5	3	2	1	
17703	24881	2200	9999	10	30	50	70	120	150	200	240	280	340	100	60	36	20	12	8	5	3	2	1	
17704	24882	1	1800	10	20	30	40	60	70	80	90	100	120	100	60	36	20	12	8	5	3	2	1	
17705	24882	1800	2200	10	20	40	70	100	110	140	170	200	250	100	60	36	20	12	8	5	3	2	1	
17706	24882	2200	9999	10	30	50	70	120	150	200	240	280	340	100	60	36	20	12	8	5	3	2	1	
17707	24883	1	1800	10	20	30	40	60	70	80	90	100	120	100	60	36	20	12	8	5	3	2	1	
17708	24883	1800	2200	10	20	40	70	100	110	140	170	200	250	100	60	36	20	12	8	5	3	2	1	
17709	24883	2200	9999	10	30	50	70	120	150	200	240	280	340	100	60	36	20	12	8	5	3	2	1	
17710	24884	1	1800	10	20	30	40	60	70	80	90	100	120	100	60	36	20	12	8	5	3	2	1	
17711	24884	1800	2200	10	20	40	70	100	110	140	170	200	250	100	60	36	20	12	8	5	3	2	1	
17712	24884	2200	9999	10	30	50	70	120	150	200	240	280	340	100	60	36	20	12	8	5	3	2	1	
17713	24885	1	1800	10	20	30	40	60	70	80	90	100	120	100	60	36	20	12	8	5	3	2	1	
17714	24885	1800	2200	10	20	40	70	100	110	140	170	200	250	100	60	36	20	12	8	5	3	2	1	
17715	24885	2200	9999	10	30	50	70	120	150	200	240	280	340	100	60	36	20	12	8	5	3	2	1	
17716	24886	1	1800	10	20	30	40	60	70	80	90	100	120	100	60	36	20	12	8	5	3	2	1	
17717	24886	1800	2200	10	20	40	70	100	110	140	170	200	250	100	60	36	20	12	8	5	3	2	1	
17718	24886	2200	9999	10	30	50	70	120	150	200	240	280	340	100	60	36	20	12	8	5	3	2	1	
17719	24887	1	1800	10	20	30	40	60	70	80	90	100	120	100	60	36	20	12	8	5	3	2	1	
17720	24887	1800	2200	10	20	40	70	100	110	140	170	200	250	100	60	36	20	12	8	5	3	2	1	
17721	24887	2200	9999	10	30	50	70	120	150	200	240	280	340	100	60	36	20	12	8	5	3	2	1	
17722	24889	1	1800	10	20	30	40	60	70	80	90	100	120	100	60	36	20	12	8	5	3	2	1	
17723	24889	1800	2200	10	20	40	70	100	110	140	170	200	250	100	60	36	20	12	8	5	3	2	1	
17724	24889	2200	9999	10	30	50	70	120	150	200	240	280	340	100	60	36	20	12	8	5	3	2	1	
17725	24890	1	1800	10	20	30	40	60	70	80	90	100	120	100	60	36	20	12	8	5	3	2	1	
17726	24890	1800	2200	10	20	40	70	100	110	140	170	200	250	100	60	36	20	12	8	5	3	2	1	
17727	24890	2200	9999	10	30	50	70	120	150	200	240	280	340	100	60	36	20	12	8	5	3	2	1	
17728	24891	1	1800	10	20	30	40	60	70	80	90	100	120	100	60	36	20	12	8	5	3	2	1	
17729	24891	1800	2200	10	20	40	70	100	110	140	170	200	250	100	60	36	20	12	8	5	3	2	1	
17730	24891	2200	9999	10	30	50	70	120	150	200	240	280	340	100	60	36	20	12	8	5	3	2	1	
17731	24892	1	1800	10	20	30	40	60	70	80	90	100	120	100	60	36	20	12	8	5	3	2	1	
17732	24892	1800	2200	10	20	40	70	100	110	140	170	200	250	100	60	36	20	12	8	5	3	2	1	
17733	24892	2200	9999	10	30	50	70	120	150	200	240	280	340	100	60	36	20	12	8	5	3	2	1	
17734	24893	1	1800	10	20	30	40	60	70	80	90	100	120	100	60	36	20	12	8	5	3	2	1	
17735	24893	1800	2200	10	20	40	70	100	110	140	170	200	250	100	60	36	20	12	8	5	3	2	1	
17736	24893	2200	9999	10	30	50	70	120	150	200	240	280	340	100	60	36	20	12	8	5	3	2	1	
17737	24894	1	1800	10	20	30	40	60	70	80	90	100	120	100	60	36	20	12	8	5	3	2	1	
17738	24894	1800	2200	10	20	40	70	100	110	140	170	200	250	100	60	36	20	12	8	5	3	2	1	
17739	24894	2200	9999	10	30	50	70	120	150	200	240	280	340	100	60	36	20	12	8	5	3	2	1	
17740	24895	1	1800	10	20	30	40	60	70	80	90	100	120	100	60	36	20	12	8	5	3	2	1	
17741	24895	1800	2200	10	20	40	70	100	110	140	170	200	250	100	60	36	20	12	8	5	3	2	1	
17742	24895	2200	9999	10	30	50	70	120	150	200	240	280	340	100	60	36	20	12	8	5	3	2	1	
17743	24896	1	1800	10	20	30	40	60	70	80	90	100	120	100	60	36	20	12	8	5	3	2	1	
17744	24896	1800	2200	10	20	40	70	100	110	140	170	200	250	100	60	36	20	12	8	5	3	2	1	
17745	24896	2200	9999	10	30	50	70	120	150	200	240	280	340	100	60	36	20	12	8	5	3	2	1	
17746	24897	1	1800	10	20	30	40	60	70	80	90	100	120	100	60	36	20	12	8	5	3	2	1	
17747	24897	1800	2200	10	20	40	70	100	110	140	170	200	250	100	60	36	20	12	8	5	3	2	1	
17748	24897	2200	9999	10	30	50	70	120	150	200	240	280	340	100	60	36	20	12	8	5	3	2	1	
17749	24898	1	1800	10	20	30	40	60	70	80	90	100	120	100	60	36	20	12	8	5	3	2	1	
17750	24898	1800	2200	10	20	40	70	100	110	140	170	200	250	100	60	36	20	12	8	5	3	2	1	
17751	24898	2200	9999	10	30	50	70	120	150	200	240	280	340	100	60	36	20	12	8	5	3	2	1	
17752	24899	1	1800	10	20	30	40	60	70	80	90	100	120	100	60	36	20	12	8	5	3	2	1	
17753	24899	1800	2200	10	20	40	70	100	110	140	170	200	250	100	60	36	20	12	8	5	3	2	1	
17754	24899	2200	9999	10	30	50	70	120	150	200	240	280	340	100	60	36	20	12	8	5	3	2	1	
17755	24910	1	1800	10	20	30	40	60	70	80	90	100	120	100	60	36	20	12	8	5	3	2	1	
17756	24910	1800	2200	10	20	40	70	100	110	140	170	200	250	100	60	36	20	12	8	5	3	2	1	
17757	24910	2200	9999	10	30	50	70	120	150	200	240	280	340	100	60	36	20	12	8	5	3	2	1	
17758	24911	1	1800	10	20	30	40	60	70	80	90	100	120	100	60	36	20	12	8	5	3	2	1	
17759	24911	1800	2200	10	20	40	70	100	110	140	170	200	250	100	60	36	20	12	8	5	3	2	1	
17760	24911	2200	9999	10	30	50	70	120	150	200	240	280	340	100	60	36	20	12	8	5	3	2	1	
17761	24912	1	1800	10	20	30	40	60	70	80	90	100	120	100	60	36	20	12	8	5	3	2	1	
17762	24912	1800	2200	10	20	40	70	100	110	140	170	200	250	100	60	36	20	12	8	5	3	2	1	
17763	24912	2200	9999	10	30	50	70	120	150	200	240	280	340	100	60	36	20	12	8	5	3	2	1	
17764	24919	1	1800	10	20	30	40	60	70	80	90	100	120	100	60	36	20	12	8	5	3	2	1	
17765	24919	1800	2200	10	20	40	70	100	110	140	170	200	250	100	60	36	20	12	8	5	3	2	1	
17766	24919	2200	9999	10	30	50	70	120	150	200	240	280	340	100	60	36	20	12	8	5	3	2	1	
17767	24920	1	1800	10	20	30	40	60	70	80	90	100	120	100	60	36	20	12	8	5	3	2	1	
17768	24920	1800	2200	10	20	40	70	100	110	140	170	200	250	100	60	36	20	12	8	5	3	2	1	
17769	24920	2200	9999	10	30	50	70	120	150	200	240	280	340	100	60	36	20	12	8	5	3	2	1	
17770	24921	1	1800	10	20	30	40	60	70	80	90	100	120	100	60	36	20	12	8	5	3	2	1	
17771	24921	1800	2200	10	20	40	70	100	110	140	170	200	250	100	60	36	20	12	8	5	3	2	1	
17772	24921	2200	9999	10	30	50	70	120	150	200	240	280	340	100	60	36	20	12	8	5	3	2	1	
17773	24922	1	1800	10	20	30	40	60	70	80	90	100	120	100	60	36	20	12	8	5	3	2	1	
17774	24922	1800	2200	10	20	40	70	100	110	140	170	200	250	100	60	36	20	12	8	5	3	2	1	
17775	24922	2200	9999	10	30	50	70	120	150	200	240	280	340	100	60	36	20	12	8	5	3	2	1	
17776	24923	1	1800	10	20	30	40	60	70	80	90	100	120	100	60	36	20	12	8	5	3	2	1	
17777	24923	1800	2200	10	20	40	70	100	110	140	170	200	250	100	60	36	20	12	8	5	3	2	1	
17778	24923	2200	9999	10	30	50	70	120	150	200	240	280	340	100	60	36	20	12	8	5	3	2	1	
17779	24929	1	1800	10	20	30	40	60	70	80	90	100	120	100	60	36	20	12	8	5	3	2	1	
17780	24929	1800	2200	10	20	40	70	100	110	140	170	200	250	100	60	36	20	12	8	5	3	2	1	
17781	24929	2200	9999	10	30	50	70	120	150	200	240	280	340	100	60	36	20	12	8	5	3	2	1	
17782	24930	1	1800	10	20	30	40	60	70	80	90	100	120	100	60	36	20	12	8	5	3	2	1	
17783	24930	1800	2200	10	20	40	70	100	110	140	170	200	250	100	60	36	20	12	8	5	3	2	1	
17784	24930	2200	9999	10	30	50	70	120	150	200	240	280	340	100	60	36	20	12	8	5	3	2	1	
17785	24931	1	1800	10	20	30	40	60	70	80	90	100	120	100	60	36	20	12	8	5	3	2	1	
17786	24931	1800	2200	10	20	40	70	100	110	140	170	200	250	100	60	36	20	12	8	5	3	2	1	
17787	24931	2200	9999	10	30	50	70	120	150	200	240	280	340	100	60	36	20	12	8	5	3	2	1	
17788	24932	1	1800	10	20	30	40	60	70	80	90	100	120	100	60	36	20	12	8	5	3	2	1	
17789	24932	1800	2200	10	20	40	70	100	110	140	170	200	250	100	60	36	20	12	8	5	3	2	1	
17790	24932	2200	9999	10	30	50	70	120	150	200	240	280	340	100	60	36	20	12	8	5	3	2	1	
17791	24933	1	1800	10	20	30	40	60	70	80	90	100	120	100	60	36	20	12	8	5	3	2	1	
17792	24933	1800	2200	10	20	40	70	100	110	140	170	200	250	100	60	36	20	12	8	5	3	2	1	
17793	24933	2200	9999	10	30	50	70	120	150	200	240	280	340	100	60	36	20	12	8	5	3	2	1	
17794	24934	1	1800	10	20	30	40	60	70	80	90	100	120	100	60	36	20	12	8	5	3	2	1	
17795	24934	1800	2200	10	20	40	70	100	110	140	170	200	250	100	60	36	20	12	8	5	3	2	1	
17796	24934	2200	9999	10	30	50	70	120	150	200	240	280	340	100	60	36	20	12	8	5	3	2	1	
17797	24939	1	1800	10	20	30	40	60	70	80	90	100	120	100	60	36	20	12	8	5	3	2	1	
17798	24939	1800	2200	10	20	40	70	100	110	140	170	200	250	100	60	36	20	12	8	5	3	2	1	
17799	24939	2200	9999	10	30	50	70	120	150	200	240	280	340	100	60	36	20	12	8	5	3	2	1	
17800	24940	1	1800	10	20	30	40	60	70	80	90	100	120	100	60	36	20	12	8	5	3	2	1	
17801	24940	1800	2200	10	20	40	70	100	110	140	170	200	250	100	60	36	20	12	8	5	3	2	1	
17802	24940	2200	9999	10	30	50	70	120	150	200	240	280	340	100	60	36	20	12	8	5	3	2	1	
17803	24941	1	1800	10	20	30	40	60	70	80	90	100	120	100	60	36	20	12	8	5	3	2	1	
17804	24941	1800	2200	10	20	40	70	100	110	140	170	200	250	100	60	36	20	12	8	5	3	2	1	
17805	24941	2200	9999	10	30	50	70	120	150	200	240	280	340	100	60	36	20	12	8	5	3	2	1	
17806	24942	1	1800	10	20	30	40	60	70	80	90	100	120	100	60	36	20	12	8	5	3	2	1	
17807	24942	1800	2200	10	20	40	70	100	110	140	170	200	250	100	60	36	20	12	8	5	3	2	1	
17808	24942	2200	9999	10	30	50	70	120	150	200	240	280	340	100	60	36	20	12	8	5	3	2	1	
17809	24943	1	1800	10	20	30	40	60	70	80	90	100	120	100	60	36	20	12	8	5	3	2	1	
17810	24943	1800	2200	10	20	40	70	100	110	140	170	200	250	100	60	36	20	12	8	5	3	2	1	
17811	24943	2200	9999	10	30	50	70	120	150	200	240	280	340	100	60	36	20	12	8	5	3	2	1	
17812	24944	1	1800	10	20	30	40	60	70	80	90	100	120	100	60	36	20	12	8	5	3	2	1	
17813	24944	1800	2200	10	20	40	70	100	110	140	170	200	250	100	60	36	20	12	8	5	3	2	1	
17814	24944	2200	9999	10	30	50	70	120	150	200	240	280	340	100	60	36	20	12	8	5	3	2	1	
17815	24945	1	1800	10	20	30	40	60	70	80	90	100	120	100	60	36	20	12	8	5	3	2	1	
17816	24945	1800	2200	10	20	40	70	100	110	140	170	200	250	100	60	36	20	12	8	5	3	2	1	
17817	24945	2200	9999	10	30	50	70	120	150	200	240	280	340	100	60	36	20	12	8	5	3	2	1	
17818	24949	1	1800	10	20	30	40	60	70	80	90	100	120	100	60	36	20	12	8	5	3	2	1	
17819	24949	1800	2200	10	20	40	70	100	110	140	170	200	250	100	60	36	20	12	8	5	3	2	1	
17820	24949	2200	9999	10	30	50	70	120	150	200	240	280	340	100	60	36	20	12	8	5	3	2	1	
17821	24950	1	1800	10	20	30	40	60	70	80	90	100	120	100	60	36	20	12	8	5	3	2	1	
17822	24950	1800	2200	10	20	40	70	100	110	140	170	200	250	100	60	36	20	12	8	5	3	2	1	
17823	24950	2200	9999	10	30	50	70	120	150	200	240	280	340	100	60	36	20	12	8	5	3	2	1	
17824	24951	1	1800	10	20	30	40	60	70	80	90	100	120	100	60	36	20	12	8	5	3	2	1	
17825	24951	1800	2200	10	20	40	70	100	110	140	170	200	250	100	60	36	20	12	8	5	3	2	1	
17826	24951	2200	9999	10	30	50	70	120	150	200	240	280	340	100	60	36	20	12	8	5	3	2	1	
17827	24952	1	1800	10	20	30	40	60	70	80	90	100	120	100	60	36	20	12	8	5	3	2	1	
17828	24952	1800	2200	10	20	40	70	100	110	140	170	200	250	100	60	36	20	12	8	5	3	2	1	
17829	24952	2200	9999	10	30	50	70	120	150	200	240	280	340	100	60	36	20	12	8	5	3	2	1	
17830	24953	1	1800	10	20	30	40	60	70	80	90	100	120	100	60	36	20	12	8	5	3	2	1	
17831	24953	1800	2200	10	20	40	70	100	110	140	170	200	250	100	60	36	20	12	8	5	3	2	1	
17832	24953	2200	9999	10	30	50	70	120	150	200	240	280	340	100	60	36	20	12	8	5	3	2	1	
17833	24954	1	1800	10	20	30	40	60	70	80	90	100	120	100	60	36	20	12	8	5	3	2	1	
17834	24954	1800	2200	10	20	40	70	100	110	140	170	200	250	100	60	36	20	12	8	5	3	2	1	
17835	24954	2200	9999	10	30	50	70	120	150	200	240	280	340	100	60	36	20	12	8	5	3	2	1	
17836	24955	1	1800	10	20	30	40	60	70	80	90	100	120	100	60	36	20	12	8	5	3	2	1	
17837	24955	1800	2200	10	20	40	70	100	110	140	170	200	250	100	60	36	20	12	8	5	3	2	1	
17838	24955	2200	9999	10	30	50	70	120	150	200	240	280	340	100	60	36	20	12	8	5	3	2	1	
17839	24956	1	1800	10	20	30	40	60	70	80	90	100	120	100	60	36	20	12	8	5	3	2	1	
17840	24956	1800	2200	10	20	40	70	100	110	140	170	200	250	100	60	36	20	12	8	5	3	2	1	
17841	24956	2200	9999	10	30	50	70	120	150	200	240	280	340	100	60	36	20	12	8	5	3	2	1	
17842	24959	1	1800	10	20	30	40	60	70	80	90	100	120	100	60	36	20	12	8	5	3	2	1	
17843	24959	1800	2200	10	20	40	70	100	110	140	170	200	250	100	60	36	20	12	8	5	3	2	1	
17844	24959	2200	9999	10	30	50	70	120	150	200	240	280	340	100	60	36	20	12	8	5	3	2	1	
17845	24960	1	1800	10	20	30	40	60	70	80	90	100	120	100	60	36	20	12	8	5	3	2	1	
17846	24960	1800	2200	10	20	40	70	100	110	140	170	200	250	100	60	36	20	12	8	5	3	2	1	
17847	24960	2200	9999	10	30	50	70	120	150	200	240	280	340	100	60	36	20	12	8	5	3	2	1	
17848	24961	1	1800	10	20	30	40	60	70	80	90	100	120	100	60	36	20	12	8	5	3	2	1	
17849	24961	1800	2200	10	20	40	70	100	110	140	170	200	250	100	60	36	20	12	8	5	3	2	1	
17850	24961	2200	9999	10	30	50	70	120	150	200	240	280	340	100	60	36	20	12	8	5	3	2	1	
17851	24962	1	1800	10	20	30	40	60	70	80	90	100	120	100	60	36	20	12	8	5	3	2	1	
17852	24962	1800	2200	10	20	40	70	100	110	140	170	200	250	100	60	36	20	12	8	5	3	2	1	
17853	24962	2200	9999	10	30	50	70	120	150	200	240	280	340	100	60	36	20	12	8	5	3	2	1	
17854	24963	1	1800	10	20	30	40	60	70	80	90	100	120	100	60	36	20	12	8	5	3	2	1	
17855	24963	1800	2200	10	20	40	70	100	110	140	170	200	250	100	60	36	20	12	8	5	3	2	1	
17856	24963	2200	9999	10	30	50	70	120	150	200	240	280	340	100	60	36	20	12	8	5	3	2	1	
17857	24964	1	1800	10	20	30	40	60	70	80	90	100	120	100	60	36	20	12	8	5	3	2	1	
17858	24964	1800	2200	10	20	40	70	100	110	140	170	200	250	100	60	36	20	12	8	5	3	2	1	
17859	24964	2200	9999	10	30	50	70	120	150	200	240	280	340	100	60	36	20	12	8	5	3	2	1	
17860	24965	1	1800	10	20	30	40	60	70	80	90	100	120	100	60	36	20	12	8	5	3	2	1	
17861	24965	1800	2200	10	20	40	70	100	110	140	170	200	250	100	60	36	20	12	8	5	3	2	1	
17862	24965	2200	9999	10	30	50	70	120	150	200	240	280	340	100	60	36	20	12	8	5	3	2	1	
17863	24966	1	1800	10	20	30	40	60	70	80	90	100	120	100	60	36	20	12	8	5	3	2	1	
17864	24966	1800	2200	10	20	40	70	100	110	140	170	200	250	100	60	36	20	12	8	5	3	2	1	
17865	24966	2200	9999	10	30	50	70	120	150	200	240	280	340	100	60	36	20	12	8	5	3	2	1	
17866	24967	1	1800	10	20	30	40	60	70	80	90	100	120	100	60	36	20	12	8	5	3	2	1	
17867	24967	1800	2200	10	20	40	70	100	110	140	170	200	250	100	60	36	20	12	8	5	3	2	1	
17868	24967	2200	9999	10	30	50	70	120	150	200	240	280	340	100	60	36	20	12	8	5	3	2	1	
17869	24969	1	1800	10	20	30	40	60	70	80	90	100	120	100	60	36	20	12	8	5	3	2	1	
17870	24969	1800	2200	10	20	40	70	100	110	140	170	200	250	100	60	36	20	12	8	5	3	2	1	
17871	24969	2200	9999	10	30	50	70	120	150	200	240	280	340	100	60	36	20	12	8	5	3	2	1	
17872	24970	1	1800	10	20	30	40	60	70	80	90	100	120	100	60	36	20	12	8	5	3	2	1	
17873	24970	1800	2200	10	20	40	70	100	110	140	170	200	250	100	60	36	20	12	8	5	3	2	1	
17874	24970	2200	9999	10	30	50	70	120	150	200	240	280	340	100	60	36	20	12	8	5	3	2	1	
17875	24971	1	1800	10	20	30	40	60	70	80	90	100	120	100	60	36	20	12	8	5	3	2	1	
17876	24971	1800	2200	10	20	40	70	100	110	140	170	200	250	100	60	36	20	12	8	5	3	2	1	
17877	24971	2200	9999	10	30	50	70	120	150	200	240	280	340	100	60	36	20	12	8	5	3	2	1	
17878	24972	1	1800	10	20	30	40	60	70	80	90	100	120	100	60	36	20	12	8	5	3	2	1	
17879	24972	1800	2200	10	20	40	70	100	110	140	170	200	250	100	60	36	20	12	8	5	3	2	1	
17880	24972	2200	9999	10	30	50	70	120	150	200	240	280	340	100	60	36	20	12	8	5	3	2	1	
17881	24973	1	1800	10	20	30	40	60	70	80	90	100	120	100	60	36	20	12	8	5	3	2	1	
17882	24973	1800	2200	10	20	40	70	100	110	140	170	200	250	100	60	36	20	12	8	5	3	2	1	
17883	24973	2200	9999	10	30	50	70	120	150	200	240	280	340	100	60	36	20	12	8	5	3	2	1	
17884	24974	1	1800	10	20	30	40	60	70	80	90	100	120	100	60	36	20	12	8	5	3	2	1	
17885	24974	1800	2200	10	20	40	70	100	110	140	170	200	250	100	60	36	20	12	8	5	3	2	1	
17886	24974	2200	9999	10	30	50	70	120	150	200	240	280	340	100	60	36	20	12	8	5	3	2	1	
17887	24975	1	1800	10	20	30	40	60	70	80	90	100	120	100	60	36	20	12	8	5	3	2	1	
17888	24975	1800	2200	10	20	40	70	100	110	140	170	200	250	100	60	36	20	12	8	5	3	2	1	
17889	24975	2200	9999	10	30	50	70	120	150	200	240	280	340	100	60	36	20	12	8	5	3	2	1	
17890	24976	1	1800	10	20	30	40	60	70	80	90	100	120	100	60	36	20	12	8	5	3	2	1	
17891	24976	1800	2200	10	20	40	70	100	110	140	170	200	250	100	60	36	20	12	8	5	3	2	1	
17892	24976	2200	9999	10	30	50	70	120	150	200	240	280	340	100	60	36	20	12	8	5	3	2	1	
17893	24977	1	1800	10	20	30	40	60	70	80	90	100	120	100	60	36	20	12	8	5	3	2	1	
17894	24977	1800	2200	10	20	40	70	100	110	140	170	200	250	100	60	36	20	12	8	5	3	2	1	
17895	24977	2200	9999	10	30	50	70	120	150	200	240	280	340	100	60	36	20	12	8	5	3	2	1	
17896	24978	1	1800	10	20	30	40	60	70	80	90	100	120	100	60	36	20	12	8	5	3	2	1	
17897	24978	1800	2200	10	20	40	70	100	110	140	170	200	250	100	60	36	20	12	8	5	3	2	1	
17898	24978	2200	9999	10	30	50	70	120	150	200	240	280	340	100	60	36	20	12	8	5	3	2	1	
17899	24979	1	1800	10	20	30	40	60	70	80	90	100	120	100	60	36	20	12	8	5	3	2	1	
17900	24979	1800	2200	10	20	40	70	100	110	140	170	200	250	100	60	36	20	12	8	5	3	2	1	
17901	24979	2200	9999	10	30	50	70	120	150	200	240	280	340	100	60	36	20	12	8	5	3	2	1	
17902	23981	1	1800	10	20	30	40	50	60	70	80	90	100	100	60	36	20	12	8	5	3	2	1	
17903	23981	1800	2200	10	20	40	60	90	100	130	160	190	230	100	60	36	20	12	8	5	3	2	1	
17904	23981	2200	9999	10	20	50	70	110	140	180	220	260	310	100	60	36	20	12	8	5	3	2	1	
17905	23982	1	1800	10	20	30	40	50	60	70	80	90	100	100	60	36	20	12	8	5	3	2	1	
17906	23982	1800	2200	10	20	40	60	90	100	130	160	190	230	100	60	36	20	12	8	5	3	2	1	
17907	23982	2200	9999	10	20	50	70	110	140	180	220	260	310	100	60	36	20	12	8	5	3	2	1	
17908	23989	1	1800	10	20	30	40	50	60	70	80	90	100	100	60	36	20	12	8	5	3	2	1	
17909	23989	1800	2200	10	20	40	60	90	100	130	160	190	230	100	60	36	20	12	8	5	3	2	1	
17910	23989	2200	9999	10	20	50	70	110	140	180	220	260	310	100	60	36	20	12	8	5	3	2	1	
17911	23991	1	1800	10	20	30	40	50	60	70	80	90	100	100	60	36	20	12	8	5	3	2	1	
17912	23991	1800	2200	10	20	40	60	90	100	130	160	190	230	100	60	36	20	12	8	5	3	2	1	
17913	23991	2200	9999	10	20	50	70	110	140	180	220	260	310	100	60	36	20	12	8	5	3	2	1	
17914	23992	1	1800	10	20	30	40	50	60	70	80	90	100	100	60	36	20	12	8	5	3	2	1	
17915	23992	1800	2200	10	20	40	60	90	100	130	160	190	230	100	60	36	20	12	8	5	3	2	1	
17916	23992	2200	9999	10	20	50	70	110	140	180	220	260	310	100	60	36	20	12	8	5	3	2	1	
17917	23993	1	1800	10	20	30	40	50	60	70	80	90	100	100	60	36	20	12	8	5	3	2	1	
17918	23993	1800	2200	10	20	40	60	90	100	130	160	190	230	100	60	36	20	12	8	5	3	2	1	
17919	23993	2200	9999	10	20	50	70	110	140	180	220	260	310	100	60	36	20	12	8	5	3	2	1	
17920	23999	1	1800	10	20	30	40	50	60	70	80	90	100	100	60	36	20	12	8	5	3	2	1	
17921	23999	1800	2200	10	20	40	60	90	100	130	160	190	230	100	60	36	20	12	8	5	3	2	1	
17922	23999	2200	9999	10	20	50	70	110	140	180	220	260	310	100	60	36	20	12	8	5	3	2	1	
17923	24001	1	1800	10	20	30	40	50	60	70	80	90	100	100	60	36	20	12	8	5	3	2	1	
17924	24001	1800	2200	10	20	40	60	90	100	130	160	190	230	100	60	36	20	12	8	5	3	2	1	
17925	24001	2200	9999	10	20	50	70	110	140	180	220	260	310	100	60	36	20	12	8	5	3	2	1	
17926	24002	1	1800	10	20	30	40	50	60	70	80	90	100	100	60	36	20	12	8	5	3	2	1	
17927	24002	1800	2200	10	20	40	60	90	100	130	160	190	230	100	60	36	20	12	8	5	3	2	1	
17928	24002	2200	9999	10	20	50	70	110	140	180	220	260	310	100	60	36	20	12	8	5	3	2	1	
17929	24003	1	1800	10	20	30	40	50	60	70	80	90	100	100	60	36	20	12	8	5	3	2	1	
17930	24003	1800	2200	10	20	40	60	90	100	130	160	190	230	100	60	36	20	12	8	5	3	2	1	
17931	24003	2200	9999	10	20	50	70	110	140	180	220	260	310	100	60	36	20	12	8	5	3	2	1	
17932	24004	1	1800	10	20	30	40	50	60	70	80	90	100	100	60	36	20	12	8	5	3	2	1	
17933	24004	1800	2200	10	20	40	60	90	100	130	160	190	230	100	60	36	20	12	8	5	3	2	1	
17934	24004	2200	9999	10	20	50	70	110	140	180	220	260	310	100	60	36	20	12	8	5	3	2	1	
17935	24009	1	1800	10	20	30	40	50	60	70	80	90	100	100	60	36	20	12	8	5	3	2	1	
17936	24009	1800	2200	10	20	40	60	90	100	130	160	190	230	100	60	36	20	12	8	5	3	2	1	
17937	24009	2200	9999	10	20	50	70	110	140	180	220	260	310	100	60	36	20	12	8	5	3	2	1	
17938	24011	1	1800	10	20	30	40	50	60	70	80	90	100	100	60	36	20	12	8	5	3	2	1	
17939	24011	1800	2200	10	20	40	60	90	100	130	160	190	230	100	60	36	20	12	8	5	3	2	1	
17940	24011	2200	9999	10	20	50	70	110	140	180	220	260	310	100	60	36	20	12	8	5	3	2	1	
17941	24012	1	1800	10	20	30	40	50	60	70	80	90	100	100	60	36	20	12	8	5	3	2	1	
17942	24012	1800	2200	10	20	40	60	90	100	130	160	190	230	100	60	36	20	12	8	5	3	2	1	
17943	24012	2200	9999	10	20	50	70	110	140	180	220	260	310	100	60	36	20	12	8	5	3	2	1	
17944	24013	1	1800	10	20	30	40	50	60	70	80	90	100	100	60	36	20	12	8	5	3	2	1	
17945	24013	1800	2200	10	20	40	60	90	100	130	160	190	230	100	60	36	20	12	8	5	3	2	1	
17946	24013	2200	9999	10	20	50	70	110	140	180	220	260	310	100	60	36	20	12	8	5	3	2	1	
17947	24014	1	1800	10	20	30	40	50	60	70	80	90	100	100	60	36	20	12	8	5	3	2	1	
17948	24014	1800	2200	10	20	40	60	90	100	130	160	190	230	100	60	36	20	12	8	5	3	2	1	
17949	24014	2200	9999	10	20	50	70	110	140	180	220	260	310	100	60	36	20	12	8	5	3	2	1	
17950	24015	1	1800	10	20	30	40	50	60	70	80	90	100	100	60	36	20	12	8	5	3	2	1	
17951	24015	1800	2200	10	20	40	60	90	100	130	160	190	230	100	60	36	20	12	8	5	3	2	1	
17952	24015	2200	9999	10	20	50	70	110	140	180	220	260	310	100	60	36	20	12	8	5	3	2	1	
17953	24019	1	1800	10	20	30	40	50	60	70	80	90	100	100	60	36	20	12	8	5	3	2	1	
17954	24019	1800	2200	10	20	40	60	90	100	130	160	190	230	100	60	36	20	12	8	5	3	2	1	
17955	24019	2200	9999	10	20	50	70	110	140	180	220	260	310	100	60	36	20	12	8	5	3	2	1	
17956	24021	1	1800	10	20	30	40	50	60	70	80	90	100	100	60	36	20	12	8	5	3	2	1	
17957	24021	1800	2200	10	20	40	60	90	100	130	160	190	230	100	60	36	20	12	8	5	3	2	1	
17958	24021	2200	9999	10	20	50	70	110	140	180	220	260	310	100	60	36	20	12	8	5	3	2	1	
17959	24022	1	1800	10	20	30	40	50	60	70	80	90	100	100	60	36	20	12	8	5	3	2	1	
17960	24022	1800	2200	10	20	40	60	90	100	130	160	190	230	100	60	36	20	12	8	5	3	2	1	
17961	24022	2200	9999	10	20	50	70	110	140	180	220	260	310	100	60	36	20	12	8	5	3	2	1	
17962	24023	1	1800	10	20	30	40	50	60	70	80	90	100	100	60	36	20	12	8	5	3	2	1	
17963	24023	1800	2200	10	20	40	60	90	100	130	160	190	230	100	60	36	20	12	8	5	3	2	1	
17964	24023	2200	9999	10	20	50	70	110	140	180	220	260	310	100	60	36	20	12	8	5	3	2	1	
17965	24024	1	1800	10	20	30	40	50	60	70	80	90	100	100	60	36	20	12	8	5	3	2	1	
17966	24024	1800	2200	10	20	40	60	90	100	130	160	190	230	100	60	36	20	12	8	5	3	2	1	
17967	24024	2200	9999	10	20	50	70	110	140	180	220	260	310	100	60	36	20	12	8	5	3	2	1	
17968	24025	1	1800	10	20	30	40	50	60	70	80	90	100	100	60	36	20	12	8	5	3	2	1	
17969	24025	1800	2200	10	20	40	60	90	100	130	160	190	230	100	60	36	20	12	8	5	3	2	1	
17970	24025	2200	9999	10	20	50	70	110	140	180	220	260	310	100	60	36	20	12	8	5	3	2	1	
17971	24026	1	1800	10	20	30	40	50	60	70	80	90	100	100	60	36	20	12	8	5	3	2	1	
17972	24026	1800	2200	10	20	40	60	90	100	130	160	190	230	100	60	36	20	12	8	5	3	2	1	
17973	24026	2200	9999	10	20	50	70	110	140	180	220	260	310	100	60	36	20	12	8	5	3	2	1	
17974	24029	1	1800	10	20	30	40	50	60	70	80	90	100	100	60	36	20	12	8	5	3	2	1	
17975	24029	1800	2200	10	20	40	60	90	100	130	160	190	230	100	60	36	20	12	8	5	3	2	1	
17976	24029	2200	9999	10	20	50	70	110	140	180	220	260	310	100	60	36	20	12	8	5	3	2	1	
17977	24031	1	1800	10	20	30	40	50	60	70	80	90	100	100	60	36	20	12	8	5	3	2	1	
17978	24031	1800	2200	10	20	40	60	90	100	130	160	190	230	100	60	36	20	12	8	5	3	2	1	
17979	24031	2200	9999	10	20	50	70	110	140	180	220	260	310	100	60	36	20	12	8	5	3	2	1	
17980	24032	1	1800	10	20	30	40	50	60	70	80	90	100	100	60	36	20	12	8	5	3	2	1	
17981	24032	1800	2200	10	20	40	60	90	100	130	160	190	230	100	60	36	20	12	8	5	3	2	1	
17982	24032	2200	9999	10	20	50	70	110	140	180	220	260	310	100	60	36	20	12	8	5	3	2	1	
17983	24033	1	1800	10	20	30	40	50	60	70	80	90	100	100	60	36	20	12	8	5	3	2	1	
17984	24033	1800	2200	10	20	40	60	90	100	130	160	190	230	100	60	36	20	12	8	5	3	2	1	
17985	24033	2200	9999	10	20	50	70	110	140	180	220	260	310	100	60	36	20	12	8	5	3	2	1	
17986	24034	1	1800	10	20	30	40	50	60	70	80	90	100	100	60	36	20	12	8	5	3	2	1	
17987	24034	1800	2200	10	20	40	60	90	100	130	160	190	230	100	60	36	20	12	8	5	3	2	1	
17988	24034	2200	9999	10	20	50	70	110	140	180	220	260	310	100	60	36	20	12	8	5	3	2	1	
17989	24035	1	1800	10	20	30	40	50	60	70	80	90	100	100	60	36	20	12	8	5	3	2	1	
17990	24035	1800	2200	10	20	40	60	90	100	130	160	190	230	100	60	36	20	12	8	5	3	2	1	
17991	24035	2200	9999	10	20	50	70	110	140	180	220	260	310	100	60	36	20	12	8	5	3	2	1	
17992	24036	1	1800	10	20	30	40	50	60	70	80	90	100	100	60	36	20	12	8	5	3	2	1	
17993	24036	1800	2200	10	20	40	60	90	100	130	160	190	230	100	60	36	20	12	8	5	3	2	1	
17994	24036	2200	9999	10	20	50	70	110	140	180	220	260	310	100	60	36	20	12	8	5	3	2	1	
17995	24037	1	1800	10	20	30	40	50	60	70	80	90	100	100	60	36	20	12	8	5	3	2	1	
17996	24037	1800	2200	10	20	40	60	90	100	130	160	190	230	100	60	36	20	12	8	5	3	2	1	
17997	24037	2200	9999	10	20	50	70	110	140	180	220	260	310	100	60	36	20	12	8	5	3	2	1	
17998	24039	1	1800	10	20	30	40	50	60	70	80	90	100	100	60	36	20	12	8	5	3	2	1	
17999	24039	1800	2200	10	20	40	60	90	100	130	160	190	230	100	60	36	20	12	8	5	3	2	1	
18000	24039	2200	9999	10	20	50	70	110	140	180	220	260	310	100	60	36	20	12	8	5	3	2	1	
18001	24041	1	1800	10	20	30	40	50	60	70	80	90	100	100	60	36	20	12	8	5	3	2	1	
18002	24041	1800	2200	10	20	40	60	90	100	130	160	190	230	100	60	36	20	12	8	5	3	2	1	
18003	24041	2200	9999	10	20	50	70	110	140	180	220	260	310	100	60	36	20	12	8	5	3	2	1	
18004	24042	1	1800	10	20	30	40	50	60	70	80	90	100	100	60	36	20	12	8	5	3	2	1	
18005	24042	1800	2200	10	20	40	60	90	100	130	160	190	230	100	60	36	20	12	8	5	3	2	1	
18006	24042	2200	9999	10	20	50	70	110	140	180	220	260	310	100	60	36	20	12	8	5	3	2	1	
18007	24043	1	1800	10	20	30	40	50	60	70	80	90	100	100	60	36	20	12	8	5	3	2	1	
18008	24043	1800	2200	10	20	40	60	90	100	130	160	190	230	100	60	36	20	12	8	5	3	2	1	
18009	24043	2200	9999	10	20	50	70	110	140	180	220	260	310	100	60	36	20	12	8	5	3	2	1	
18010	24044	1	1800	10	20	30	40	50	60	70	80	90	100	100	60	36	20	12	8	5	3	2	1	
18011	24044	1800	2200	10	20	40	60	90	100	130	160	190	230	100	60	36	20	12	8	5	3	2	1	
18012	24044	2200	9999	10	20	50	70	110	140	180	220	260	310	100	60	36	20	12	8	5	3	2	1	
18013	24045	1	1800	10	20	30	40	50	60	70	80	90	100	100	60	36	20	12	8	5	3	2	1	
18014	24045	1800	2200	10	20	40	60	90	100	130	160	190	230	100	60	36	20	12	8	5	3	2	1	
18015	24045	2200	9999	10	20	50	70	110	140	180	220	260	310	100	60	36	20	12	8	5	3	2	1	
18016	24046	1	1800	10	20	30	40	50	60	70	80	90	100	100	60	36	20	12	8	5	3	2	1	
18017	24046	1800	2200	10	20	40	60	90	100	130	160	190	230	100	60	36	20	12	8	5	3	2	1	
18018	24046	2200	9999	10	20	50	70	110	140	180	220	260	310	100	60	36	20	12	8	5	3	2	1	
18019	24047	1	1800	10	20	30	40	50	60	70	80	90	100	100	60	36	20	12	8	5	3	2	1	
18020	24047	1800	2200	10	20	40	60	90	100	130	160	190	230	100	60	36	20	12	8	5	3	2	1	
18021	24047	2200	9999	10	20	50	70	110	140	180	220	260	310	100	60	36	20	12	8	5	3	2	1	
18022	24048	1	1800	10	20	30	40	50	60	70	80	90	100	100	60	36	20	12	8	5	3	2	1	
18023	24048	1800	2200	10	20	40	60	90	100	130	160	190	230	100	60	36	20	12	8	5	3	2	1	
18024	24048	2200	9999	10	20	50	70	110	140	180	220	260	310	100	60	36	20	12	8	5	3	2	1	
18025	24049	1	1800	10	20	30	40	50	60	70	80	90	100	100	60	36	20	12	8	5	3	2	1	
18026	24049	1800	2200	10	20	40	60	90	100	130	160	190	230	100	60	36	20	12	8	5	3	2	1	
18027	24049	2200	9999	10	20	50	70	110	140	180	220	260	310	100	60	36	20	12	8	5	3	2	1	
18028	27421	1	1800	10	20	30	40	60	70	80	90	100	120	100	60	36	20	12	8	5	3	2	1	
18029	27421	1800	2200	10	20	40	70	100	110	140	170	200	250	100	60	36	20	12	8	5	3	2	1	
18030	27421	2200	9999	10	30	50	70	120	150	200	240	280	340	100	60	36	20	12	8	5	3	2	1	
18031	27422	1	1800	10	20	30	40	60	70	80	90	100	120	100	60	36	20	12	8	5	3	2	1	
18032	27422	1800	2200	10	20	40	70	100	110	140	170	200	250	100	60	36	20	12	8	5	3	2	1	
18033	27422	2200	9999	10	30	50	70	120	150	200	240	280	340	100	60	36	20	12	8	5	3	2	1	
18034	27429	1	1800	10	20	30	40	60	70	80	90	100	120	100	60	36	20	12	8	5	3	2	1	
18035	27429	1800	2200	10	20	40	70	100	110	140	170	200	250	100	60	36	20	12	8	5	3	2	1	
18036	27429	2200	9999	10	30	50	70	120	150	200	240	280	340	100	60	36	20	12	8	5	3	2	1	
18037	27431	1	1800	10	20	30	40	60	70	80	90	100	120	100	60	36	20	12	8	5	3	2	1	
18038	27431	1800	2200	10	20	40	70	100	110	140	170	200	250	100	60	36	20	12	8	5	3	2	1	
18039	27431	2200	9999	10	30	50	70	120	150	200	240	280	340	100	60	36	20	12	8	5	3	2	1	
18040	27432	1	1800	10	20	30	40	60	70	80	90	100	120	100	60	36	20	12	8	5	3	2	1	
18041	27432	1800	2200	10	20	40	70	100	110	140	170	200	250	100	60	36	20	12	8	5	3	2	1	
18042	27432	2200	9999	10	30	50	70	120	150	200	240	280	340	100	60	36	20	12	8	5	3	2	1	
18043	27433	1	1800	10	20	30	40	60	70	80	90	100	120	100	60	36	20	12	8	5	3	2	1	
18044	27433	1800	2200	10	20	40	70	100	110	140	170	200	250	100	60	36	20	12	8	5	3	2	1	
18045	27433	2200	9999	10	30	50	70	120	150	200	240	280	340	100	60	36	20	12	8	5	3	2	1	
18046	27439	1	1800	10	20	30	40	60	70	80	90	100	120	100	60	36	20	12	8	5	3	2	1	
18047	27439	1800	2200	10	20	40	70	100	110	140	170	200	250	100	60	36	20	12	8	5	3	2	1	
18048	27439	2200	9999	10	30	50	70	120	150	200	240	280	340	100	60	36	20	12	8	5	3	2	1	
18049	27441	1	1800	10	20	30	40	60	70	80	90	100	120	100	60	36	20	12	8	5	3	2	1	
18050	27441	1800	2200	10	20	40	70	100	110	140	170	200	250	100	60	36	20	12	8	5	3	2	1	
18051	27441	2200	9999	10	30	50	70	120	150	200	240	280	340	100	60	36	20	12	8	5	3	2	1	
18052	27442	1	1800	10	20	30	40	60	70	80	90	100	120	100	60	36	20	12	8	5	3	2	1	
18053	27442	1800	2200	10	20	40	70	100	110	140	170	200	250	100	60	36	20	12	8	5	3	2	1	
18054	27442	2200	9999	10	30	50	70	120	150	200	240	280	340	100	60	36	20	12	8	5	3	2	1	
18055	27443	1	1800	10	20	30	40	60	70	80	90	100	120	100	60	36	20	12	8	5	3	2	1	
18056	27443	1800	2200	10	20	40	70	100	110	140	170	200	250	100	60	36	20	12	8	5	3	2	1	
18057	27443	2200	9999	10	30	50	70	120	150	200	240	280	340	100	60	36	20	12	8	5	3	2	1	
18058	27444	1	1800	10	20	30	40	60	70	80	90	100	120	100	60	36	20	12	8	5	3	2	1	
18059	27444	1800	2200	10	20	40	70	100	110	140	170	200	250	100	60	36	20	12	8	5	3	2	1	
18060	27444	2200	9999	10	30	50	70	120	150	200	240	280	340	100	60	36	20	12	8	5	3	2	1	
18061	27449	1	1800	10	20	30	40	60	70	80	90	100	120	100	60	36	20	12	8	5	3	2	1	
18062	27449	1800	2200	10	20	40	70	100	110	140	170	200	250	100	60	36	20	12	8	5	3	2	1	
18063	27449	2200	9999	10	30	50	70	120	150	200	240	280	340	100	60	36	20	12	8	5	3	2	1	
18064	27451	1	1800	10	20	30	40	60	70	80	90	100	120	100	60	36	20	12	8	5	3	2	1	
18065	27451	1800	2200	10	20	40	70	100	110	140	170	200	250	100	60	36	20	12	8	5	3	2	1	
18066	27451	2200	9999	10	30	50	70	120	150	200	240	280	340	100	60	36	20	12	8	5	3	2	1	
18067	27452	1	1800	10	20	30	40	60	70	80	90	100	120	100	60	36	20	12	8	5	3	2	1	
18068	27452	1800	2200	10	20	40	70	100	110	140	170	200	250	100	60	36	20	12	8	5	3	2	1	
18069	27452	2200	9999	10	30	50	70	120	150	200	240	280	340	100	60	36	20	12	8	5	3	2	1	
18070	27453	1	1800	10	20	30	40	60	70	80	90	100	120	100	60	36	20	12	8	5	3	2	1	
18071	27453	1800	2200	10	20	40	70	100	110	140	170	200	250	100	60	36	20	12	8	5	3	2	1	
18072	27453	2200	9999	10	30	50	70	120	150	200	240	280	340	100	60	36	20	12	8	5	3	2	1	
18073	27454	1	1800	10	20	30	40	60	70	80	90	100	120	100	60	36	20	12	8	5	3	2	1	
18074	27454	1800	2200	10	20	40	70	100	110	140	170	200	250	100	60	36	20	12	8	5	3	2	1	
18075	27454	2200	9999	10	30	50	70	120	150	200	240	280	340	100	60	36	20	12	8	5	3	2	1	
18076	27455	1	1800	10	20	30	40	60	70	80	90	100	120	100	60	36	20	12	8	5	3	2	1	
18077	27455	1800	2200	10	20	40	70	100	110	140	170	200	250	100	60	36	20	12	8	5	3	2	1	
18078	27455	2200	9999	10	30	50	70	120	150	200	240	280	340	100	60	36	20	12	8	5	3	2	1	
18079	27459	1	1800	10	20	30	40	60	70	80	90	100	120	100	60	36	20	12	8	5	3	2	1	
18080	27459	1800	2200	10	20	40	70	100	110	140	170	200	250	100	60	36	20	12	8	5	3	2	1	
18081	27459	2200	9999	10	30	50	70	120	150	200	240	280	340	100	60	36	20	12	8	5	3	2	1	
18082	27461	1	1800	10	20	30	40	60	70	80	90	100	120	100	60	36	20	12	8	5	3	2	1	
18083	27461	1800	2200	10	20	40	70	100	110	140	170	200	250	100	60	36	20	12	8	5	3	2	1	
18084	27461	2200	9999	10	30	50	70	120	150	200	240	280	340	100	60	36	20	12	8	5	3	2	1	
18085	27462	1	1800	10	20	30	40	60	70	80	90	100	120	100	60	36	20	12	8	5	3	2	1	
18086	27462	1800	2200	10	20	40	70	100	110	140	170	200	250	100	60	36	20	12	8	5	3	2	1	
18087	27462	2200	9999	10	30	50	70	120	150	200	240	280	340	100	60	36	20	12	8	5	3	2	1	
18088	27463	1	1800	10	20	30	40	60	70	80	90	100	120	100	60	36	20	12	8	5	3	2	1	
18089	27463	1800	2200	10	20	40	70	100	110	140	170	200	250	100	60	36	20	12	8	5	3	2	1	
18090	27463	2200	9999	10	30	50	70	120	150	200	240	280	340	100	60	36	20	12	8	5	3	2	1	
18091	27464	1	1800	10	20	30	40	60	70	80	90	100	120	100	60	36	20	12	8	5	3	2	1	
18092	27464	1800	2200	10	20	40	70	100	110	140	170	200	250	100	60	36	20	12	8	5	3	2	1	
18093	27464	2200	9999	10	30	50	70	120	150	200	240	280	340	100	60	36	20	12	8	5	3	2	1	
18094	27465	1	1800	10	20	30	40	60	70	80	90	100	120	100	60	36	20	12	8	5	3	2	1	
18095	27465	1800	2200	10	20	40	70	100	110	140	170	200	250	100	60	36	20	12	8	5	3	2	1	
18096	27465	2200	9999	10	30	50	70	120	150	200	240	280	340	100	60	36	20	12	8	5	3	2	1	
18097	27466	1	1800	10	20	30	40	60	70	80	90	100	120	100	60	36	20	12	8	5	3	2	1	
18098	27466	1800	2200	10	20	40	70	100	110	140	170	200	250	100	60	36	20	12	8	5	3	2	1	
18099	27466	2200	9999	10	30	50	70	120	150	200	240	280	340	100	60	36	20	12	8	5	3	2	1	
18100	27469	1	1800	10	20	30	40	60	70	80	90	100	120	100	60	36	20	12	8	5	3	2	1	
18101	27469	1800	2200	10	20	40	70	100	110	140	170	200	250	100	60	36	20	12	8	5	3	2	1	
18102	27469	2200	9999	10	30	50	70	120	150	200	240	280	340	100	60	36	20	12	8	5	3	2	1	
18103	27471	1	1800	10	20	30	40	60	70	80	90	100	120	100	60	36	20	12	8	5	3	2	1	
18104	27471	1800	2200	10	20	40	70	100	110	140	170	200	250	100	60	36	20	12	8	5	3	2	1	
18105	27471	2200	9999	10	30	50	70	120	150	200	240	280	340	100	60	36	20	12	8	5	3	2	1	
18106	27472	1	1800	10	20	30	40	60	70	80	90	100	120	100	60	36	20	12	8	5	3	2	1	
18107	27472	1800	2200	10	20	40	70	100	110	140	170	200	250	100	60	36	20	12	8	5	3	2	1	
18108	27472	2200	9999	10	30	50	70	120	150	200	240	280	340	100	60	36	20	12	8	5	3	2	1	
18109	27473	1	1800	10	20	30	40	60	70	80	90	100	120	100	60	36	20	12	8	5	3	2	1	
18110	27473	1800	2200	10	20	40	70	100	110	140	170	200	250	100	60	36	20	12	8	5	3	2	1	
18111	27473	2200	9999	10	30	50	70	120	150	200	240	280	340	100	60	36	20	12	8	5	3	2	1	
18112	27474	1	1800	10	20	30	40	60	70	80	90	100	120	100	60	36	20	12	8	5	3	2	1	
18113	27474	1800	2200	10	20	40	70	100	110	140	170	200	250	100	60	36	20	12	8	5	3	2	1	
18114	27474	2200	9999	10	30	50	70	120	150	200	240	280	340	100	60	36	20	12	8	5	3	2	1	
18115	27475	1	1800	10	20	30	40	60	70	80	90	100	120	100	60	36	20	12	8	5	3	2	1	
18116	27475	1800	2200	10	20	40	70	100	110	140	170	200	250	100	60	36	20	12	8	5	3	2	1	
18117	27475	2200	9999	10	30	50	70	120	150	200	240	280	340	100	60	36	20	12	8	5	3	2	1	
18118	27476	1	1800	10	20	30	40	60	70	80	90	100	120	100	60	36	20	12	8	5	3	2	1	
18119	27476	1800	2200	10	20	40	70	100	110	140	170	200	250	100	60	36	20	12	8	5	3	2	1	
18120	27476	2200	9999	10	30	50	70	120	150	200	240	280	340	100	60	36	20	12	8	5	3	2	1	
18121	27477	1	1800	10	20	30	40	60	70	80	90	100	120	100	60	36	20	12	8	5	3	2	1	
18122	27477	1800	2200	10	20	40	70	100	110	140	170	200	250	100	60	36	20	12	8	5	3	2	1	
18123	27477	2200	9999	10	30	50	70	120	150	200	240	280	340	100	60	36	20	12	8	5	3	2	1	
18124	27479	1	1800	10	20	30	40	60	70	80	90	100	120	100	60	36	20	12	8	5	3	2	1	
18125	27479	1800	2200	10	20	40	70	100	110	140	170	200	250	100	60	36	20	12	8	5	3	2	1	
18126	27479	2200	9999	10	30	50	70	120	150	200	240	280	340	100	60	36	20	12	8	5	3	2	1	
18127	27481	1	1800	10	20	30	40	60	70	80	90	100	120	100	60	36	20	12	8	5	3	2	1	
18128	27481	1800	2200	10	20	40	70	100	110	140	170	200	250	100	60	36	20	12	8	5	3	2	1	
18129	27481	2200	9999	10	30	50	70	120	150	200	240	280	340	100	60	36	20	12	8	5	3	2	1	
18130	27482	1	1800	10	20	30	40	60	70	80	90	100	120	100	60	36	20	12	8	5	3	2	1	
18131	27482	1800	2200	10	20	40	70	100	110	140	170	200	250	100	60	36	20	12	8	5	3	2	1	
18132	27482	2200	9999	10	30	50	70	120	150	200	240	280	340	100	60	36	20	12	8	5	3	2	1	
18133	27483	1	1800	10	20	30	40	60	70	80	90	100	120	100	60	36	20	12	8	5	3	2	1	
18134	27483	1800	2200	10	20	40	70	100	110	140	170	200	250	100	60	36	20	12	8	5	3	2	1	
18135	27483	2200	9999	10	30	50	70	120	150	200	240	280	340	100	60	36	20	12	8	5	3	2	1	
18136	27484	1	1800	10	20	30	40	60	70	80	90	100	120	100	60	36	20	12	8	5	3	2	1	
18137	27484	1800	2200	10	20	40	70	100	110	140	170	200	250	100	60	36	20	12	8	5	3	2	1	
18138	27484	2200	9999	10	30	50	70	120	150	200	240	280	340	100	60	36	20	12	8	5	3	2	1	
18139	27485	1	1800	10	20	30	40	60	70	80	90	100	120	100	60	36	20	12	8	5	3	2	1	
18140	27485	1800	2200	10	20	40	70	100	110	140	170	200	250	100	60	36	20	12	8	5	3	2	1	
18141	27485	2200	9999	10	30	50	70	120	150	200	240	280	340	100	60	36	20	12	8	5	3	2	1	
18142	27486	1	1800	10	20	30	40	60	70	80	90	100	120	100	60	36	20	12	8	5	3	2	1	
18143	27486	1800	2200	10	20	40	70	100	110	140	170	200	250	100	60	36	20	12	8	5	3	2	1	
18144	27486	2200	9999	10	30	50	70	120	150	200	240	280	340	100	60	36	20	12	8	5	3	2	1	
18145	27487	1	1800	10	20	30	40	60	70	80	90	100	120	100	60	36	20	12	8	5	3	2	1	
18146	27487	1800	2200	10	20	40	70	100	110	140	170	200	250	100	60	36	20	12	8	5	3	2	1	
18147	27487	2200	9999	10	30	50	70	120	150	200	240	280	340	100	60	36	20	12	8	5	3	2	1	
18148	27488	1	1800	10	20	30	40	60	70	80	90	100	120	100	60	36	20	12	8	5	3	2	1	
18149	27488	1800	2200	10	20	40	70	100	110	140	170	200	250	100	60	36	20	12	8	5	3	2	1	
18150	27488	2200	9999	10	30	50	70	120	150	200	240	280	340	100	60	36	20	12	8	5	3	2	1	
18151	27489	1	1800	10	20	30	40	60	70	80	90	100	120	100	60	36	20	12	8	5	3	2	1	
18152	27489	1800	2200	10	20	40	70	100	110	140	170	200	250	100	60	36	20	12	8	5	3	2	1	
18153	27489	2200	9999	10	30	50	70	120	150	200	240	280	340	100	60	36	20	12	8	5	3	2	1	
18154	27490	1	1800	10	20	30	40	60	70	80	90	100	120	100	60	36	20	12	8	5	3	2	1	
18155	27490	1800	2200	10	20	40	70	100	110	140	170	200	250	100	60	36	20	12	8	5	3	2	1	
18156	27490	2200	9999	10	30	50	70	120	150	200	240	280	340	100	60	36	20	12	8	5	3	2	1	
18157	27491	1	1800	10	20	30	40	60	70	80	90	100	120	100	60	36	20	12	8	5	3	2	1	
18158	27491	1800	2200	10	20	40	70	100	110	140	170	200	250	100	60	36	20	12	8	5	3	2	1	
18159	27491	2200	9999	10	30	50	70	120	150	200	240	280	340	100	60	36	20	12	8	5	3	2	1	
18160	27492	1	1800	10	20	30	40	60	70	80	90	100	120	100	60	36	20	12	8	5	3	2	1	
18161	27492	1800	2200	10	20	40	70	100	110	140	170	200	250	100	60	36	20	12	8	5	3	2	1	
18162	27492	2200	9999	10	30	50	70	120	150	200	240	280	340	100	60	36	20	12	8	5	3	2	1	
18163	27499	1	1800	10	20	30	40	60	70	80	90	100	120	100	60	36	20	12	8	5	3	2	1	
18164	27499	1800	2200	10	20	40	70	100	110	140	170	200	250	100	60	36	20	12	8	5	3	2	1	
18165	27499	2200	9999	10	30	50	70	120	150	200	240	280	340	100	60	36	20	12	8	5	3	2	1	
18166	27500	1	1800	10	20	30	40	60	70	80	90	100	120	100	60	36	20	12	8	5	3	2	1	
18167	27500	1800	2200	10	20	40	70	100	110	140	170	200	250	100	60	36	20	12	8	5	3	2	1	
18168	27500	2200	9999	10	30	50	70	120	150	200	240	280	340	100	60	36	20	12	8	5	3	2	1	
18169	27501	1	1800	10	20	30	40	60	70	80	90	100	120	100	60	36	20	12	8	5	3	2	1	
18170	27501	1800	2200	10	20	40	70	100	110	140	170	200	250	100	60	36	20	12	8	5	3	2	1	
18171	27501	2200	9999	10	30	50	70	120	150	200	240	280	340	100	60	36	20	12	8	5	3	2	1	
18172	27502	1	1800	10	20	30	40	60	70	80	90	100	120	100	60	36	20	12	8	5	3	2	1	
18173	27502	1800	2200	10	20	40	70	100	110	140	170	200	250	100	60	36	20	12	8	5	3	2	1	
18174	27502	2200	9999	10	30	50	70	120	150	200	240	280	340	100	60	36	20	12	8	5	3	2	1	
18175	27503	1	1800	10	20	30	40	60	70	80	90	100	120	100	60	36	20	12	8	5	3	2	1	
18176	27503	1800	2200	10	20	40	70	100	110	140	170	200	250	100	60	36	20	12	8	5	3	2	1	
18177	27503	2200	9999	10	30	50	70	120	150	200	240	280	340	100	60	36	20	12	8	5	3	2	1	
18178	27509	1	1800	10	20	30	40	60	70	80	90	100	120	100	60	36	20	12	8	5	3	2	1	
18179	27509	1800	2200	10	20	40	70	100	110	140	170	200	250	100	60	36	20	12	8	5	3	2	1	
18180	27509	2200	9999	10	30	50	70	120	150	200	240	280	340	100	60	36	20	12	8	5	3	2	1	
18181	27510	1	1800	10	20	30	40	60	70	80	90	100	120	100	60	36	20	12	8	5	3	2	1	
18182	27510	1800	2200	10	20	40	70	100	110	140	170	200	250	100	60	36	20	12	8	5	3	2	1	
18183	27510	2200	9999	10	30	50	70	120	150	200	240	280	340	100	60	36	20	12	8	5	3	2	1	
18184	27511	1	1800	10	20	30	40	60	70	80	90	100	120	100	60	36	20	12	8	5	3	2	1	
18185	27511	1800	2200	10	20	40	70	100	110	140	170	200	250	100	60	36	20	12	8	5	3	2	1	
18186	27511	2200	9999	10	30	50	70	120	150	200	240	280	340	100	60	36	20	12	8	5	3	2	1	
18187	27512	1	1800	10	20	30	40	60	70	80	90	100	120	100	60	36	20	12	8	5	3	2	1	
18188	27512	1800	2200	10	20	40	70	100	110	140	170	200	250	100	60	36	20	12	8	5	3	2	1	
18189	27512	2200	9999	10	30	50	70	120	150	200	240	280	340	100	60	36	20	12	8	5	3	2	1	
18190	27513	1	1800	10	20	30	40	60	70	80	90	100	120	100	60	36	20	12	8	5	3	2	1	
18191	27513	1800	2200	10	20	40	70	100	110	140	170	200	250	100	60	36	20	12	8	5	3	2	1	
18192	27513	2200	9999	10	30	50	70	120	150	200	240	280	340	100	60	36	20	12	8	5	3	2	1	
18193	27514	1	1800	10	20	30	40	60	70	80	90	100	120	100	60	36	20	12	8	5	3	2	1	
18194	27514	1800	2200	10	20	40	70	100	110	140	170	200	250	100	60	36	20	12	8	5	3	2	1	
18195	27514	2200	9999	10	30	50	70	120	150	200	240	280	340	100	60	36	20	12	8	5	3	2	1	
18196	27519	1	1800	10	20	30	40	60	70	80	90	100	120	100	60	36	20	12	8	5	3	2	1	
18197	27519	1800	2200	10	20	40	70	100	110	140	170	200	250	100	60	36	20	12	8	5	3	2	1	
18198	27519	2200	9999	10	30	50	70	120	150	200	240	280	340	100	60	36	20	12	8	5	3	2	1	
18199	27520	1	1800	10	20	30	40	60	70	80	90	100	120	100	60	36	20	12	8	5	3	2	1	
18200	27520	1800	2200	10	20	40	70	100	110	140	170	200	250	100	60	36	20	12	8	5	3	2	1	
18201	27520	2200	9999	10	30	50	70	120	150	200	240	280	340	100	60	36	20	12	8	5	3	2	1	
18202	27521	1	1800	10	20	30	40	60	70	80	90	100	120	100	60	36	20	12	8	5	3	2	1	
18203	27521	1800	2200	10	20	40	70	100	110	140	170	200	250	100	60	36	20	12	8	5	3	2	1	
18204	27521	2200	9999	10	30	50	70	120	150	200	240	280	340	100	60	36	20	12	8	5	3	2	1	
18205	27522	1	1800	10	20	30	40	60	70	80	90	100	120	100	60	36	20	12	8	5	3	2	1	
18206	27522	1800	2200	10	20	40	70	100	110	140	170	200	250	100	60	36	20	12	8	5	3	2	1	
18207	27522	2200	9999	10	30	50	70	120	150	200	240	280	340	100	60	36	20	12	8	5	3	2	1	
18208	27523	1	1800	10	20	30	40	60	70	80	90	100	120	100	60	36	20	12	8	5	3	2	1	
18209	27523	1800	2200	10	20	40	70	100	110	140	170	200	250	100	60	36	20	12	8	5	3	2	1	
18210	27523	2200	9999	10	30	50	70	120	150	200	240	280	340	100	60	36	20	12	8	5	3	2	1	
18211	27524	1	1800	10	20	30	40	60	70	80	90	100	120	100	60	36	20	12	8	5	3	2	1	
18212	27524	1800	2200	10	20	40	70	100	110	140	170	200	250	100	60	36	20	12	8	5	3	2	1	
18213	27524	2200	9999	10	30	50	70	120	150	200	240	280	340	100	60	36	20	12	8	5	3	2	1	
18214	27525	1	1800	10	20	30	40	60	70	80	90	100	120	100	60	36	20	12	8	5	3	2	1	
18215	27525	1800	2200	10	20	40	70	100	110	140	170	200	250	100	60	36	20	12	8	5	3	2	1	
18216	27525	2200	9999	10	30	50	70	120	150	200	240	280	340	100	60	36	20	12	8	5	3	2	1	
18217	27529	1	1800	10	20	30	40	60	70	80	90	100	120	100	60	36	20	12	8	5	3	2	1	
18218	27529	1800	2200	10	20	40	70	100	110	140	170	200	250	100	60	36	20	12	8	5	3	2	1	
18219	27529	2200	9999	10	30	50	70	120	150	200	240	280	340	100	60	36	20	12	8	5	3	2	1	
18220	27530	1	1800	10	20	30	40	60	70	80	90	100	120	100	60	36	20	12	8	5	3	2	1	
18221	27530	1800	2200	10	20	40	70	100	110	140	170	200	250	100	60	36	20	12	8	5	3	2	1	
18222	27530	2200	9999	10	30	50	70	120	150	200	240	280	340	100	60	36	20	12	8	5	3	2	1	
18223	27531	1	1800	10	20	30	40	60	70	80	90	100	120	100	60	36	20	12	8	5	3	2	1	
18224	27531	1800	2200	10	20	40	70	100	110	140	170	200	250	100	60	36	20	12	8	5	3	2	1	
18225	27531	2200	9999	10	30	50	70	120	150	200	240	280	340	100	60	36	20	12	8	5	3	2	1	
18226	27532	1	1800	10	20	30	40	60	70	80	90	100	120	100	60	36	20	12	8	5	3	2	1	
18227	27532	1800	2200	10	20	40	70	100	110	140	170	200	250	100	60	36	20	12	8	5	3	2	1	
18228	27532	2200	9999	10	30	50	70	120	150	200	240	280	340	100	60	36	20	12	8	5	3	2	1	
18229	27533	1	1800	10	20	30	40	60	70	80	90	100	120	100	60	36	20	12	8	5	3	2	1	
18230	27533	1800	2200	10	20	40	70	100	110	140	170	200	250	100	60	36	20	12	8	5	3	2	1	
18231	27533	2200	9999	10	30	50	70	120	150	200	240	280	340	100	60	36	20	12	8	5	3	2	1	
18232	27534	1	1800	10	20	30	40	60	70	80	90	100	120	100	60	36	20	12	8	5	3	2	1	
18233	27534	1800	2200	10	20	40	70	100	110	140	170	200	250	100	60	36	20	12	8	5	3	2	1	
18234	27534	2200	9999	10	30	50	70	120	150	200	240	280	340	100	60	36	20	12	8	5	3	2	1	
18235	27535	1	1800	10	20	30	40	60	70	80	90	100	120	100	60	36	20	12	8	5	3	2	1	
18236	27535	1800	2200	10	20	40	70	100	110	140	170	200	250	100	60	36	20	12	8	5	3	2	1	
18237	27535	2200	9999	10	30	50	70	120	150	200	240	280	340	100	60	36	20	12	8	5	3	2	1	
18238	27536	1	1800	10	20	30	40	60	70	80	90	100	120	100	60	36	20	12	8	5	3	2	1	
18239	27536	1800	2200	10	20	40	70	100	110	140	170	200	250	100	60	36	20	12	8	5	3	2	1	
18240	27536	2200	9999	10	30	50	70	120	150	200	240	280	340	100	60	36	20	12	8	5	3	2	1	
18241	27539	1	1800	10	20	30	40	60	70	80	90	100	120	100	60	36	20	12	8	5	3	2	1	
18242	27539	1800	2200	10	20	40	70	100	110	140	170	200	250	100	60	36	20	12	8	5	3	2	1	
18243	27539	2200	9999	10	30	50	70	120	150	200	240	280	340	100	60	36	20	12	8	5	3	2	1	
18244	27540	1	1800	10	20	30	40	60	70	80	90	100	120	100	60	36	20	12	8	5	3	2	1	
18245	27540	1800	2200	10	20	40	70	100	110	140	170	200	250	100	60	36	20	12	8	5	3	2	1	
18246	27540	2200	9999	10	30	50	70	120	150	200	240	280	340	100	60	36	20	12	8	5	3	2	1	
18247	27541	1	1800	10	20	30	40	60	70	80	90	100	120	100	60	36	20	12	8	5	3	2	1	
18248	27541	1800	2200	10	20	40	70	100	110	140	170	200	250	100	60	36	20	12	8	5	3	2	1	
18249	27541	2200	9999	10	30	50	70	120	150	200	240	280	340	100	60	36	20	12	8	5	3	2	1	
18250	27542	1	1800	10	20	30	40	60	70	80	90	100	120	100	60	36	20	12	8	5	3	2	1	
18251	27542	1800	2200	10	20	40	70	100	110	140	170	200	250	100	60	36	20	12	8	5	3	2	1	
18252	27542	2200	9999	10	30	50	70	120	150	200	240	280	340	100	60	36	20	12	8	5	3	2	1	
18253	27543	1	1800	10	20	30	40	60	70	80	90	100	120	100	60	36	20	12	8	5	3	2	1	
18254	27543	1800	2200	10	20	40	70	100	110	140	170	200	250	100	60	36	20	12	8	5	3	2	1	
18255	27543	2200	9999	10	30	50	70	120	150	200	240	280	340	100	60	36	20	12	8	5	3	2	1	
18256	27544	1	1800	10	20	30	40	60	70	80	90	100	120	100	60	36	20	12	8	5	3	2	1	
18257	27544	1800	2200	10	20	40	70	100	110	140	170	200	250	100	60	36	20	12	8	5	3	2	1	
18258	27544	2200	9999	10	30	50	70	120	150	200	240	280	340	100	60	36	20	12	8	5	3	2	1	
18259	27545	1	1800	10	20	30	40	60	70	80	90	100	120	100	60	36	20	12	8	5	3	2	1	
18260	27545	1800	2200	10	20	40	70	100	110	140	170	200	250	100	60	36	20	12	8	5	3	2	1	
18261	27545	2200	9999	10	30	50	70	120	150	200	240	280	340	100	60	36	20	12	8	5	3	2	1	
18262	27546	1	1800	10	20	30	40	60	70	80	90	100	120	100	60	36	20	12	8	5	3	2	1	
18263	27546	1800	2200	10	20	40	70	100	110	140	170	200	250	100	60	36	20	12	8	5	3	2	1	
18264	27546	2200	9999	10	30	50	70	120	150	200	240	280	340	100	60	36	20	12	8	5	3	2	1	
18265	27547	1	1800	10	20	30	40	60	70	80	90	100	120	100	60	36	20	12	8	5	3	2	1	
18266	27547	1800	2200	10	20	40	70	100	110	140	170	200	250	100	60	36	20	12	8	5	3	2	1	
18267	27547	2200	9999	10	30	50	70	120	150	200	240	280	340	100	60	36	20	12	8	5	3	2	1	
18268	27549	1	1800	10	20	30	40	60	70	80	90	100	120	100	60	36	20	12	8	5	3	2	1	
18269	27549	1800	2200	10	20	40	70	100	110	140	170	200	250	100	60	36	20	12	8	5	3	2	1	
18270	27549	2200	9999	10	30	50	70	120	150	200	240	280	340	100	60	36	20	12	8	5	3	2	1	
18271	27550	1	1800	10	20	30	40	60	70	80	90	100	120	100	60	36	20	12	8	5	3	2	1	
18272	27550	1800	2200	10	20	40	70	100	110	140	170	200	250	100	60	36	20	12	8	5	3	2	1	
18273	27550	2200	9999	10	30	50	70	120	150	200	240	280	340	100	60	36	20	12	8	5	3	2	1	
18274	27551	1	1800	10	20	30	40	60	70	80	90	100	120	100	60	36	20	12	8	5	3	2	1	
18275	27551	1800	2200	10	20	40	70	100	110	140	170	200	250	100	60	36	20	12	8	5	3	2	1	
18276	27551	2200	9999	10	30	50	70	120	150	200	240	280	340	100	60	36	20	12	8	5	3	2	1	
18277	27552	1	1800	10	20	30	40	60	70	80	90	100	120	100	60	36	20	12	8	5	3	2	1	
18278	27552	1800	2200	10	20	40	70	100	110	140	170	200	250	100	60	36	20	12	8	5	3	2	1	
18279	27552	2200	9999	10	30	50	70	120	150	200	240	280	340	100	60	36	20	12	8	5	3	2	1	
18280	27553	1	1800	10	20	30	40	60	70	80	90	100	120	100	60	36	20	12	8	5	3	2	1	
18281	27553	1800	2200	10	20	40	70	100	110	140	170	200	250	100	60	36	20	12	8	5	3	2	1	
18282	27553	2200	9999	10	30	50	70	120	150	200	240	280	340	100	60	36	20	12	8	5	3	2	1	
18283	27554	1	1800	10	20	30	40	60	70	80	90	100	120	100	60	36	20	12	8	5	3	2	1	
18284	27554	1800	2200	10	20	40	70	100	110	140	170	200	250	100	60	36	20	12	8	5	3	2	1	
18285	27554	2200	9999	10	30	50	70	120	150	200	240	280	340	100	60	36	20	12	8	5	3	2	1	
18286	27555	1	1800	10	20	30	40	60	70	80	90	100	120	100	60	36	20	12	8	5	3	2	1	
18287	27555	1800	2200	10	20	40	70	100	110	140	170	200	250	100	60	36	20	12	8	5	3	2	1	
18288	27555	2200	9999	10	30	50	70	120	150	200	240	280	340	100	60	36	20	12	8	5	3	2	1	
18289	27556	1	1800	10	20	30	40	60	70	80	90	100	120	100	60	36	20	12	8	5	3	2	1	
18290	27556	1800	2200	10	20	40	70	100	110	140	170	200	250	100	60	36	20	12	8	5	3	2	1	
18291	27556	2200	9999	10	30	50	70	120	150	200	240	280	340	100	60	36	20	12	8	5	3	2	1	
18292	27557	1	1800	10	20	30	40	60	70	80	90	100	120	100	60	36	20	12	8	5	3	2	1	
18293	27557	1800	2200	10	20	40	70	100	110	140	170	200	250	100	60	36	20	12	8	5	3	2	1	
18294	27557	2200	9999	10	30	50	70	120	150	200	240	280	340	100	60	36	20	12	8	5	3	2	1	
18295	27558	1	1800	10	20	30	40	60	70	80	90	100	120	100	60	36	20	12	8	5	3	2	1	
18296	27558	1800	2200	10	20	40	70	100	110	140	170	200	250	100	60	36	20	12	8	5	3	2	1	
18297	27558	2200	9999	10	30	50	70	120	150	200	240	280	340	100	60	36	20	12	8	5	3	2	1	
18298	27559	1	1800	10	20	30	40	60	70	80	90	100	120	100	60	36	20	12	8	5	3	2	1	
18299	27559	1800	2200	10	20	40	70	100	110	140	170	200	250	100	60	36	20	12	8	5	3	2	1	
18300	27559	2200	9999	10	30	50	70	120	150	200	240	280	340	100	60	36	20	12	8	5	3	2	1	
18301	27561	1	1800	10	20	30	40	60	70	80	90	100	120	100	60	36	20	12	8	5	3	2	1	
18302	27561	1800	2200	10	20	40	70	100	110	140	170	200	250	100	60	36	20	12	8	5	3	2	1	
18303	27561	2200	9999	10	30	50	70	120	150	200	240	280	340	100	60	36	20	12	8	5	3	2	1	
18304	27570	1	1800	10	20	30	40	60	70	80	90	100	120	100	60	36	20	12	8	5	3	2	1	
18305	27570	1800	2200	10	20	40	70	100	110	140	170	200	250	100	60	36	20	12	8	5	3	2	1	
18306	27570	2200	9999	10	30	50	70	120	150	200	240	280	340	100	60	36	20	12	8	5	3	2	1	
18307	27571	1	1800	10	20	30	40	60	70	80	90	100	120	100	60	36	20	12	8	5	3	2	1	
18308	27571	1800	2200	10	20	40	70	100	110	140	170	200	250	100	60	36	20	12	8	5	3	2	1	
18309	27571	2200	9999	10	30	50	70	120	150	200	240	280	340	100	60	36	20	12	8	5	3	2	1	
18310	27572	1	1800	10	20	30	40	60	70	80	90	100	120	100	60	36	20	12	8	5	3	2	1	
18311	27572	1800	2200	10	20	40	70	100	110	140	170	200	250	100	60	36	20	12	8	5	3	2	1	
18312	27572	2200	9999	10	30	50	70	120	150	200	240	280	340	100	60	36	20	12	8	5	3	2	1	
18313	27579	1	1800	10	20	30	40	60	70	80	90	100	120	100	60	36	20	12	8	5	3	2	1	
18314	27579	1800	2200	10	20	40	70	100	110	140	170	200	250	100	60	36	20	12	8	5	3	2	1	
18315	27579	2200	9999	10	30	50	70	120	150	200	240	280	340	100	60	36	20	12	8	5	3	2	1	
18316	27580	1	1800	10	20	30	40	60	70	80	90	100	120	100	60	36	20	12	8	5	3	2	1	
18317	27580	1800	2200	10	20	40	70	100	110	140	170	200	250	100	60	36	20	12	8	5	3	2	1	
18318	27580	2200	9999	10	30	50	70	120	150	200	240	280	340	100	60	36	20	12	8	5	3	2	1	
18319	27581	1	1800	10	20	30	40	60	70	80	90	100	120	100	60	36	20	12	8	5	3	2	1	
18320	27581	1800	2200	10	20	40	70	100	110	140	170	200	250	100	60	36	20	12	8	5	3	2	1	
18321	27581	2200	9999	10	30	50	70	120	150	200	240	280	340	100	60	36	20	12	8	5	3	2	1	
18322	27582	1	1800	10	20	30	40	60	70	80	90	100	120	100	60	36	20	12	8	5	3	2	1	
18323	27582	1800	2200	10	20	40	70	100	110	140	170	200	250	100	60	36	20	12	8	5	3	2	1	
18324	27582	2200	9999	10	30	50	70	120	150	200	240	280	340	100	60	36	20	12	8	5	3	2	1	
18325	27583	1	1800	10	20	30	40	60	70	80	90	100	120	100	60	36	20	12	8	5	3	2	1	
18326	27583	1800	2200	10	20	40	70	100	110	140	170	200	250	100	60	36	20	12	8	5	3	2	1	
18327	27583	2200	9999	10	30	50	70	120	150	200	240	280	340	100	60	36	20	12	8	5	3	2	1	
18328	27589	1	1800	10	20	30	40	60	70	80	90	100	120	100	60	36	20	12	8	5	3	2	1	
18329	27589	1800	2200	10	20	40	70	100	110	140	170	200	250	100	60	36	20	12	8	5	3	2	1	
18330	27589	2200	9999	10	30	50	70	120	150	200	240	280	340	100	60	36	20	12	8	5	3	2	1	
18331	27590	1	1800	10	20	30	40	60	70	80	90	100	120	100	60	36	20	12	8	5	3	2	1	
18332	27590	1800	2200	10	20	40	70	100	110	140	170	200	250	100	60	36	20	12	8	5	3	2	1	
18333	27590	2200	9999	10	30	50	70	120	150	200	240	280	340	100	60	36	20	12	8	5	3	2	1	
18334	27591	1	1800	10	20	30	40	60	70	80	90	100	120	100	60	36	20	12	8	5	3	2	1	
18335	27591	1800	2200	10	20	40	70	100	110	140	170	200	250	100	60	36	20	12	8	5	3	2	1	
18336	27591	2200	9999	10	30	50	70	120	150	200	240	280	340	100	60	36	20	12	8	5	3	2	1	
18337	27592	1	1800	10	20	30	40	60	70	80	90	100	120	100	60	36	20	12	8	5	3	2	1	
18338	27592	1800	2200	10	20	40	70	100	110	140	170	200	250	100	60	36	20	12	8	5	3	2	1	
18339	27592	2200	9999	10	30	50	70	120	150	200	240	280	340	100	60	36	20	12	8	5	3	2	1	
18340	27593	1	1800	10	20	30	40	60	70	80	90	100	120	100	60	36	20	12	8	5	3	2	1	
18341	27593	1800	2200	10	20	40	70	100	110	140	170	200	250	100	60	36	20	12	8	5	3	2	1	
18342	27593	2200	9999	10	30	50	70	120	150	200	240	280	340	100	60	36	20	12	8	5	3	2	1	
18343	27594	1	1800	10	20	30	40	60	70	80	90	100	120	100	60	36	20	12	8	5	3	2	1	
18344	27594	1800	2200	10	20	40	70	100	110	140	170	200	250	100	60	36	20	12	8	5	3	2	1	
18345	27594	2200	9999	10	30	50	70	120	150	200	240	280	340	100	60	36	20	12	8	5	3	2	1	
18346	27599	1	1800	10	20	30	40	60	70	80	90	100	120	100	60	36	20	12	8	5	3	2	1	
18347	27599	1800	2200	10	20	40	70	100	110	140	170	200	250	100	60	36	20	12	8	5	3	2	1	
18348	27599	2200	9999	10	30	50	70	120	150	200	240	280	340	100	60	36	20	12	8	5	3	2	1	
18349	27600	1	1800	10	20	30	40	60	70	80	90	100	120	100	60	36	20	12	8	5	3	2	1	
18350	27600	1800	2200	10	20	40	70	100	110	140	170	200	250	100	60	36	20	12	8	5	3	2	1	
18351	27600	2200	9999	10	30	50	70	120	150	200	240	280	340	100	60	36	20	12	8	5	3	2	1	
18352	27601	1	1800	10	20	30	40	60	70	80	90	100	120	100	60	36	20	12	8	5	3	2	1	
18353	27601	1800	2200	10	20	40	70	100	110	140	170	200	250	100	60	36	20	12	8	5	3	2	1	
18354	27601	2200	9999	10	30	50	70	120	150	200	240	280	340	100	60	36	20	12	8	5	3	2	1	
18355	27602	1	1800	10	20	30	40	60	70	80	90	100	120	100	60	36	20	12	8	5	3	2	1	
18356	27602	1800	2200	10	20	40	70	100	110	140	170	200	250	100	60	36	20	12	8	5	3	2	1	
18357	27602	2200	9999	10	30	50	70	120	150	200	240	280	340	100	60	36	20	12	8	5	3	2	1	
18358	27603	1	1800	10	20	30	40	60	70	80	90	100	120	100	60	36	20	12	8	5	3	2	1	
18359	27603	1800	2200	10	20	40	70	100	110	140	170	200	250	100	60	36	20	12	8	5	3	2	1	
18360	27603	2200	9999	10	30	50	70	120	150	200	240	280	340	100	60	36	20	12	8	5	3	2	1	
18361	27604	1	1800	10	20	30	40	60	70	80	90	100	120	100	60	36	20	12	8	5	3	2	1	
18362	27604	1800	2200	10	20	40	70	100	110	140	170	200	250	100	60	36	20	12	8	5	3	2	1	
18363	27604	2200	9999	10	30	50	70	120	150	200	240	280	340	100	60	36	20	12	8	5	3	2	1	
18364	27605	1	1800	10	20	30	40	60	70	80	90	100	120	100	60	36	20	12	8	5	3	2	1	
18365	27605	1800	2200	10	20	40	70	100	110	140	170	200	250	100	60	36	20	12	8	5	3	2	1	
18366	27605	2200	9999	10	30	50	70	120	150	200	240	280	340	100	60	36	20	12	8	5	3	2	1	
18367	27609	1	1800	10	20	30	40	60	70	80	90	100	120	100	60	36	20	12	8	5	3	2	1	
18368	27609	1800	2200	10	20	40	70	100	110	140	170	200	250	100	60	36	20	12	8	5	3	2	1	
18369	27609	2200	9999	10	30	50	70	120	150	200	240	280	340	100	60	36	20	12	8	5	3	2	1	
18370	27610	1	1800	10	20	30	40	60	70	80	90	100	120	100	60	36	20	12	8	5	3	2	1	
18371	27610	1800	2200	10	20	40	70	100	110	140	170	200	250	100	60	36	20	12	8	5	3	2	1	
18372	27610	2200	9999	10	30	50	70	120	150	200	240	280	340	100	60	36	20	12	8	5	3	2	1	
18373	27611	1	1800	10	20	30	40	60	70	80	90	100	120	100	60	36	20	12	8	5	3	2	1	
18374	27611	1800	2200	10	20	40	70	100	110	140	170	200	250	100	60	36	20	12	8	5	3	2	1	
18375	27611	2200	9999	10	30	50	70	120	150	200	240	280	340	100	60	36	20	12	8	5	3	2	1	
18376	27612	1	1800	10	20	30	40	60	70	80	90	100	120	100	60	36	20	12	8	5	3	2	1	
18377	27612	1800	2200	10	20	40	70	100	110	140	170	200	250	100	60	36	20	12	8	5	3	2	1	
18378	27612	2200	9999	10	30	50	70	120	150	200	240	280	340	100	60	36	20	12	8	5	3	2	1	
18379	27613	1	1800	10	20	30	40	60	70	80	90	100	120	100	60	36	20	12	8	5	3	2	1	
18380	27613	1800	2200	10	20	40	70	100	110	140	170	200	250	100	60	36	20	12	8	5	3	2	1	
18381	27613	2200	9999	10	30	50	70	120	150	200	240	280	340	100	60	36	20	12	8	5	3	2	1	
18382	27614	1	1800	10	20	30	40	60	70	80	90	100	120	100	60	36	20	12	8	5	3	2	1	
18383	27614	1800	2200	10	20	40	70	100	110	140	170	200	250	100	60	36	20	12	8	5	3	2	1	
18384	27614	2200	9999	10	30	50	70	120	150	200	240	280	340	100	60	36	20	12	8	5	3	2	1	
18385	27615	1	1800	10	20	30	40	60	70	80	90	100	120	100	60	36	20	12	8	5	3	2	1	
18386	27615	1800	2200	10	20	40	70	100	110	140	170	200	250	100	60	36	20	12	8	5	3	2	1	
18387	27615	2200	9999	10	30	50	70	120	150	200	240	280	340	100	60	36	20	12	8	5	3	2	1	
18388	27616	1	1800	10	20	30	40	60	70	80	90	100	120	100	60	36	20	12	8	5	3	2	1	
18389	27616	1800	2200	10	20	40	70	100	110	140	170	200	250	100	60	36	20	12	8	5	3	2	1	
18390	27616	2200	9999	10	30	50	70	120	150	200	240	280	340	100	60	36	20	12	8	5	3	2	1	
18391	27619	1	1800	10	20	30	40	60	70	80	90	100	120	100	60	36	20	12	8	5	3	2	1	
18392	27619	1800	2200	10	20	40	70	100	110	140	170	200	250	100	60	36	20	12	8	5	3	2	1	
18393	27619	2200	9999	10	30	50	70	120	150	200	240	280	340	100	60	36	20	12	8	5	3	2	1	
18394	27620	1	1800	10	20	30	40	60	70	80	90	100	120	100	60	36	20	12	8	5	3	2	1	
18395	27620	1800	2200	10	20	40	70	100	110	140	170	200	250	100	60	36	20	12	8	5	3	2	1	
18396	27620	2200	9999	10	30	50	70	120	150	200	240	280	340	100	60	36	20	12	8	5	3	2	1	
18397	27621	1	1800	10	20	30	40	60	70	80	90	100	120	100	60	36	20	12	8	5	3	2	1	
18398	27621	1800	2200	10	20	40	70	100	110	140	170	200	250	100	60	36	20	12	8	5	3	2	1	
18399	27621	2200	9999	10	30	50	70	120	150	200	240	280	340	100	60	36	20	12	8	5	3	2	1	
18400	27622	1	1800	10	20	30	40	60	70	80	90	100	120	100	60	36	20	12	8	5	3	2	1	
18401	27622	1800	2200	10	20	40	70	100	110	140	170	200	250	100	60	36	20	12	8	5	3	2	1	
18402	27622	2200	9999	10	30	50	70	120	150	200	240	280	340	100	60	36	20	12	8	5	3	2	1	
18403	27623	1	1800	10	20	30	40	60	70	80	90	100	120	100	60	36	20	12	8	5	3	2	1	
18404	27623	1800	2200	10	20	40	70	100	110	140	170	200	250	100	60	36	20	12	8	5	3	2	1	
18405	27623	2200	9999	10	30	50	70	120	150	200	240	280	340	100	60	36	20	12	8	5	3	2	1	
18406	27624	1	1800	10	20	30	40	60	70	80	90	100	120	100	60	36	20	12	8	5	3	2	1	
18407	27624	1800	2200	10	20	40	70	100	110	140	170	200	250	100	60	36	20	12	8	5	3	2	1	
18408	27624	2200	9999	10	30	50	70	120	150	200	240	280	340	100	60	36	20	12	8	5	3	2	1	
18409	27625	1	1800	10	20	30	40	60	70	80	90	100	120	100	60	36	20	12	8	5	3	2	1	
18410	27625	1800	2200	10	20	40	70	100	110	140	170	200	250	100	60	36	20	12	8	5	3	2	1	
18411	27625	2200	9999	10	30	50	70	120	150	200	240	280	340	100	60	36	20	12	8	5	3	2	1	
18412	27626	1	1800	10	20	30	40	60	70	80	90	100	120	100	60	36	20	12	8	5	3	2	1	
18413	27626	1800	2200	10	20	40	70	100	110	140	170	200	250	100	60	36	20	12	8	5	3	2	1	
18414	27626	2200	9999	10	30	50	70	120	150	200	240	280	340	100	60	36	20	12	8	5	3	2	1	
18415	27627	1	1800	10	20	30	40	60	70	80	90	100	120	100	60	36	20	12	8	5	3	2	1	
18416	27627	1800	2200	10	20	40	70	100	110	140	170	200	250	100	60	36	20	12	8	5	3	2	1	
18417	27627	2200	9999	10	30	50	70	120	150	200	240	280	340	100	60	36	20	12	8	5	3	2	1	
18418	27629	1	1800	10	20	30	40	60	70	80	90	100	120	100	60	36	20	12	8	5	3	2	1	
18419	27629	1800	2200	10	20	40	70	100	110	140	170	200	250	100	60	36	20	12	8	5	3	2	1	
18420	27629	2200	9999	10	30	50	70	120	150	200	240	280	340	100	60	36	20	12	8	5	3	2	1	
18421	27630	1	1800	10	20	30	40	60	70	80	90	100	120	100	60	36	20	12	8	5	3	2	1	
18422	27630	1800	2200	10	20	40	70	100	110	140	170	200	250	100	60	36	20	12	8	5	3	2	1	
18423	27630	2200	9999	10	30	50	70	120	150	200	240	280	340	100	60	36	20	12	8	5	3	2	1	
18424	27631	1	1800	10	20	30	40	60	70	80	90	100	120	100	60	36	20	12	8	5	3	2	1	
18425	27631	1800	2200	10	20	40	70	100	110	140	170	200	250	100	60	36	20	12	8	5	3	2	1	
18426	27631	2200	9999	10	30	50	70	120	150	200	240	280	340	100	60	36	20	12	8	5	3	2	1	
18427	27632	1	1800	10	20	30	40	60	70	80	90	100	120	100	60	36	20	12	8	5	3	2	1	
18428	27632	1800	2200	10	20	40	70	100	110	140	170	200	250	100	60	36	20	12	8	5	3	2	1	
18429	27632	2200	9999	10	30	50	70	120	150	200	240	280	340	100	60	36	20	12	8	5	3	2	1	
18430	27633	1	1800	10	20	30	40	60	70	80	90	100	120	100	60	36	20	12	8	5	3	2	1	
18431	27633	1800	2200	10	20	40	70	100	110	140	170	200	250	100	60	36	20	12	8	5	3	2	1	
18432	27633	2200	9999	10	30	50	70	120	150	200	240	280	340	100	60	36	20	12	8	5	3	2	1	
18433	27634	1	1800	10	20	30	40	60	70	80	90	100	120	100	60	36	20	12	8	5	3	2	1	
18434	27634	1800	2200	10	20	40	70	100	110	140	170	200	250	100	60	36	20	12	8	5	3	2	1	
18435	27634	2200	9999	10	30	50	70	120	150	200	240	280	340	100	60	36	20	12	8	5	3	2	1	
18436	27635	1	1800	10	20	30	40	60	70	80	90	100	120	100	60	36	20	12	8	5	3	2	1	
18437	27635	1800	2200	10	20	40	70	100	110	140	170	200	250	100	60	36	20	12	8	5	3	2	1	
18438	27635	2200	9999	10	30	50	70	120	150	200	240	280	340	100	60	36	20	12	8	5	3	2	1	
18439	27636	1	1800	10	20	30	40	60	70	80	90	100	120	100	60	36	20	12	8	5	3	2	1	
18440	27636	1800	2200	10	20	40	70	100	110	140	170	200	250	100	60	36	20	12	8	5	3	2	1	
18441	27636	2200	9999	10	30	50	70	120	150	200	240	280	340	100	60	36	20	12	8	5	3	2	1	
18442	27637	1	1800	10	20	30	40	60	70	80	90	100	120	100	60	36	20	12	8	5	3	2	1	
18443	27637	1800	2200	10	20	40	70	100	110	140	170	200	250	100	60	36	20	12	8	5	3	2	1	
18444	27637	2200	9999	10	30	50	70	120	150	200	240	280	340	100	60	36	20	12	8	5	3	2	1	
18445	27638	1	1800	10	20	30	40	60	70	80	90	100	120	100	60	36	20	12	8	5	3	2	1	
18446	27638	1800	2200	10	20	40	70	100	110	140	170	200	250	100	60	36	20	12	8	5	3	2	1	
18447	27638	2200	9999	10	30	50	70	120	150	200	240	280	340	100	60	36	20	12	8	5	3	2	1	
18448	27639	1	1800	10	20	30	40	60	70	80	90	100	120	100	60	36	20	12	8	5	3	2	1	
18449	27639	1800	2200	10	20	40	70	100	110	140	170	200	250	100	60	36	20	12	8	5	3	2	1	
18450	27639	2200	9999	10	30	50	70	120	150	200	240	280	340	100	60	36	20	12	8	5	3	2	1	
18451	24441	1	1800	10	20	30	40	50	60	70	80	90	100	100	60	36	20	12	8	5	3	2	1	
18452	24441	1800	2200	10	20	40	60	90	100	130	160	190	230	100	60	36	20	12	8	5	3	2	1	
18453	24441	2200	9999	10	20	50	70	110	140	180	220	260	310	100	60	36	20	12	8	5	3	2	1	
18454	24449	1	1800	10	20	30	40	50	60	70	80	90	100	100	60	36	20	12	8	5	3	2	1	
18455	24449	1800	2200	10	20	40	60	90	100	130	160	190	230	100	60	36	20	12	8	5	3	2	1	
18456	24449	2200	9999	10	20	50	70	110	140	180	220	260	310	100	60	36	20	12	8	5	3	2	1	
18457	27640	1	1800	10	20	30	40	60	70	80	90	100	120	100	60	36	20	12	8	5	3	2	1	
18458	27640	1800	2200	10	20	40	70	100	110	140	170	200	250	100	60	36	20	12	8	5	3	2	1	
18459	27640	2200	9999	10	30	50	70	120	150	200	240	280	340	100	60	36	20	12	8	5	3	2	1	
18460	27641	1	1800	10	20	30	40	60	70	80	90	100	120	100	60	36	20	12	8	5	3	2	1	
18461	27641	1800	2200	10	20	40	70	100	110	140	170	200	250	100	60	36	20	12	8	5	3	2	1	
18462	27641	2200	9999	10	30	50	70	120	150	200	240	280	340	100	60	36	20	12	8	5	3	2	1	
18463	27642	1	1800	10	20	30	40	60	70	80	90	100	120	100	60	36	20	12	8	5	3	2	1	
18464	27642	1800	2200	10	20	40	70	100	110	140	170	200	250	100	60	36	20	12	8	5	3	2	1	
18465	27642	2200	9999	10	30	50	70	120	150	200	240	280	340	100	60	36	20	12	8	5	3	2	1	
18466	27649	1	1800	10	20	30	40	60	70	80	90	100	120	100	60	36	20	12	8	5	3	2	1	
18467	27649	1800	2200	10	20	40	70	100	110	140	170	200	250	100	60	36	20	12	8	5	3	2	1	
18468	27649	2200	9999	10	30	50	70	120	150	200	240	280	340	100	60	36	20	12	8	5	3	2	1	
18469	27650	1	1800	10	20	30	40	60	70	80	90	100	120	100	60	36	20	12	8	5	3	2	1	
18470	27650	1800	2200	10	20	40	70	100	110	140	170	200	250	100	60	36	20	12	8	5	3	2	1	
18471	27650	2200	9999	10	30	50	70	120	150	200	240	280	340	100	60	36	20	12	8	5	3	2	1	
18472	27651	1	1800	10	20	30	40	60	70	80	90	100	120	100	60	36	20	12	8	5	3	2	1	
18473	27651	1800	2200	10	20	40	70	100	110	140	170	200	250	100	60	36	20	12	8	5	3	2	1	
18474	27651	2200	9999	10	30	50	70	120	150	200	240	280	340	100	60	36	20	12	8	5	3	2	1	
18475	27652	1	1800	10	20	30	40	60	70	80	90	100	120	100	60	36	20	12	8	5	3	2	1	
18476	27652	1800	2200	10	20	40	70	100	110	140	170	200	250	100	60	36	20	12	8	5	3	2	1	
18477	27652	2200	9999	10	30	50	70	120	150	200	240	280	340	100	60	36	20	12	8	5	3	2	1	
18478	27653	1	1800	10	20	30	40	60	70	80	90	100	120	100	60	36	20	12	8	5	3	2	1	
18479	27653	1800	2200	10	20	40	70	100	110	140	170	200	250	100	60	36	20	12	8	5	3	2	1	
18480	27653	2200	9999	10	30	50	70	120	150	200	240	280	340	100	60	36	20	12	8	5	3	2	1	
18481	27659	1	1800	10	20	30	40	60	70	80	90	100	120	100	60	36	20	12	8	5	3	2	1	
18482	27659	1800	2200	10	20	40	70	100	110	140	170	200	250	100	60	36	20	12	8	5	3	2	1	
18483	27659	2200	9999	10	30	50	70	120	150	200	240	280	340	100	60	36	20	12	8	5	3	2	1	
18484	27660	1	1800	10	20	30	40	60	70	80	90	100	120	100	60	36	20	12	8	5	3	2	1	
18485	27660	1800	2200	10	20	40	70	100	110	140	170	200	250	100	60	36	20	12	8	5	3	2	1	
18486	27660	2200	9999	10	30	50	70	120	150	200	240	280	340	100	60	36	20	12	8	5	3	2	1	
18487	27661	1	1800	10	20	30	40	60	70	80	90	100	120	100	60	36	20	12	8	5	3	2	1	
18488	27661	1800	2200	10	20	40	70	100	110	140	170	200	250	100	60	36	20	12	8	5	3	2	1	
18489	27661	2200	9999	10	30	50	70	120	150	200	240	280	340	100	60	36	20	12	8	5	3	2	1	
18490	27662	1	1800	10	20	30	40	60	70	80	90	100	120	100	60	36	20	12	8	5	3	2	1	
18491	27662	1800	2200	10	20	40	70	100	110	140	170	200	250	100	60	36	20	12	8	5	3	2	1	
18492	27662	2200	9999	10	30	50	70	120	150	200	240	280	340	100	60	36	20	12	8	5	3	2	1	
18493	27663	1	1800	10	20	30	40	60	70	80	90	100	120	100	60	36	20	12	8	5	3	2	1	
18494	27663	1800	2200	10	20	40	70	100	110	140	170	200	250	100	60	36	20	12	8	5	3	2	1	
18495	27663	2200	9999	10	30	50	70	120	150	200	240	280	340	100	60	36	20	12	8	5	3	2	1	
18496	27664	1	1800	10	20	30	40	60	70	80	90	100	120	100	60	36	20	12	8	5	3	2	1	
18497	27664	1800	2200	10	20	40	70	100	110	140	170	200	250	100	60	36	20	12	8	5	3	2	1	
18498	27664	2200	9999	10	30	50	70	120	150	200	240	280	340	100	60	36	20	12	8	5	3	2	1	
18499	27669	1	1800	10	20	30	40	60	70	80	90	100	120	100	60	36	20	12	8	5	3	2	1	
18500	27669	1800	2200	10	20	40	70	100	110	140	170	200	250	100	60	36	20	12	8	5	3	2	1	
18501	27669	2200	9999	10	30	50	70	120	150	200	240	280	340	100	60	36	20	12	8	5	3	2	1	
18502	27670	1	1800	10	20	30	40	60	70	80	90	100	120	100	60	36	20	12	8	5	3	2	1	
18503	27670	1800	2200	10	20	40	70	100	110	140	170	200	250	100	60	36	20	12	8	5	3	2	1	
18504	27670	2200	9999	10	30	50	70	120	150	200	240	280	340	100	60	36	20	12	8	5	3	2	1	
18505	27671	1	1800	10	20	30	40	60	70	80	90	100	120	100	60	36	20	12	8	5	3	2	1	
18506	27671	1800	2200	10	20	40	70	100	110	140	170	200	250	100	60	36	20	12	8	5	3	2	1	
18507	27671	2200	9999	10	30	50	70	120	150	200	240	280	340	100	60	36	20	12	8	5	3	2	1	
18508	27672	1	1800	10	20	30	40	60	70	80	90	100	120	100	60	36	20	12	8	5	3	2	1	
18509	27672	1800	2200	10	20	40	70	100	110	140	170	200	250	100	60	36	20	12	8	5	3	2	1	
18510	27672	2200	9999	10	30	50	70	120	150	200	240	280	340	100	60	36	20	12	8	5	3	2	1	
18511	27673	1	1800	10	20	30	40	60	70	80	90	100	120	100	60	36	20	12	8	5	3	2	1	
18512	27673	1800	2200	10	20	40	70	100	110	140	170	200	250	100	60	36	20	12	8	5	3	2	1	
18513	27673	2200	9999	10	30	50	70	120	150	200	240	280	340	100	60	36	20	12	8	5	3	2	1	
18514	27674	1	1800	10	20	30	40	60	70	80	90	100	120	100	60	36	20	12	8	5	3	2	1	
18515	27674	1800	2200	10	20	40	70	100	110	140	170	200	250	100	60	36	20	12	8	5	3	2	1	
18516	27674	2200	9999	10	30	50	70	120	150	200	240	280	340	100	60	36	20	12	8	5	3	2	1	
18517	27675	1	1800	10	20	30	40	60	70	80	90	100	120	100	60	36	20	12	8	5	3	2	1	
18518	27675	1800	2200	10	20	40	70	100	110	140	170	200	250	100	60	36	20	12	8	5	3	2	1	
18519	27675	2200	9999	10	30	50	70	120	150	200	240	280	340	100	60	36	20	12	8	5	3	2	1	
18520	27679	1	1800	10	20	30	40	60	70	80	90	100	120	100	60	36	20	12	8	5	3	2	1	
18521	27679	1800	2200	10	20	40	70	100	110	140	170	200	250	100	60	36	20	12	8	5	3	2	1	
18522	27679	2200	9999	10	30	50	70	120	150	200	240	280	340	100	60	36	20	12	8	5	3	2	1	
18523	27680	1	1800	10	20	30	40	60	70	80	90	100	120	100	60	36	20	12	8	5	3	2	1	
18524	27680	1800	2200	10	20	40	70	100	110	140	170	200	250	100	60	36	20	12	8	5	3	2	1	
18525	27680	2200	9999	10	30	50	70	120	150	200	240	280	340	100	60	36	20	12	8	5	3	2	1	
18526	27681	1	1800	10	20	30	40	60	70	80	90	100	120	100	60	36	20	12	8	5	3	2	1	
18527	27681	1800	2200	10	20	40	70	100	110	140	170	200	250	100	60	36	20	12	8	5	3	2	1	
18528	27681	2200	9999	10	30	50	70	120	150	200	240	280	340	100	60	36	20	12	8	5	3	2	1	
18529	27682	1	1800	10	20	30	40	60	70	80	90	100	120	100	60	36	20	12	8	5	3	2	1	
18530	27682	1800	2200	10	20	40	70	100	110	140	170	200	250	100	60	36	20	12	8	5	3	2	1	
18531	27682	2200	9999	10	30	50	70	120	150	200	240	280	340	100	60	36	20	12	8	5	3	2	1	
18532	27683	1	1800	10	20	30	40	60	70	80	90	100	120	100	60	36	20	12	8	5	3	2	1	
18533	27683	1800	2200	10	20	40	70	100	110	140	170	200	250	100	60	36	20	12	8	5	3	2	1	
18534	27683	2200	9999	10	30	50	70	120	150	200	240	280	340	100	60	36	20	12	8	5	3	2	1	
18535	27684	1	1800	10	20	30	40	60	70	80	90	100	120	100	60	36	20	12	8	5	3	2	1	
18536	27684	1800	2200	10	20	40	70	100	110	140	170	200	250	100	60	36	20	12	8	5	3	2	1	
18537	27684	2200	9999	10	30	50	70	120	150	200	240	280	340	100	60	36	20	12	8	5	3	2	1	
18538	27685	1	1800	10	20	30	40	60	70	80	90	100	120	100	60	36	20	12	8	5	3	2	1	
18539	27685	1800	2200	10	20	40	70	100	110	140	170	200	250	100	60	36	20	12	8	5	3	2	1	
18540	27685	2200	9999	10	30	50	70	120	150	200	240	280	340	100	60	36	20	12	8	5	3	2	1	
18541	27686	1	1800	10	20	30	40	60	70	80	90	100	120	100	60	36	20	12	8	5	3	2	1	
18542	27686	1800	2200	10	20	40	70	100	110	140	170	200	250	100	60	36	20	12	8	5	3	2	1	
18543	27686	2200	9999	10	30	50	70	120	150	200	240	280	340	100	60	36	20	12	8	5	3	2	1	
18544	27689	1	1800	10	20	30	40	60	70	80	90	100	120	100	60	36	20	12	8	5	3	2	1	
18545	27689	1800	2200	10	20	40	70	100	110	140	170	200	250	100	60	36	20	12	8	5	3	2	1	
18546	27689	2200	9999	10	30	50	70	120	150	200	240	280	340	100	60	36	20	12	8	5	3	2	1	
18547	27690	1	1800	10	20	30	40	60	70	80	90	100	120	100	60	36	20	12	8	5	3	2	1	
18548	27690	1800	2200	10	20	40	70	100	110	140	170	200	250	100	60	36	20	12	8	5	3	2	1	
18549	27690	2200	9999	10	30	50	70	120	150	200	240	280	340	100	60	36	20	12	8	5	3	2	1	
18550	27691	1	1800	10	20	30	40	60	70	80	90	100	120	100	60	36	20	12	8	5	3	2	1	
18551	27691	1800	2200	10	20	40	70	100	110	140	170	200	250	100	60	36	20	12	8	5	3	2	1	
18552	27691	2200	9999	10	30	50	70	120	150	200	240	280	340	100	60	36	20	12	8	5	3	2	1	
18553	27692	1	1800	10	20	30	40	60	70	80	90	100	120	100	60	36	20	12	8	5	3	2	1	
18554	27692	1800	2200	10	20	40	70	100	110	140	170	200	250	100	60	36	20	12	8	5	3	2	1	
18555	27692	2200	9999	10	30	50	70	120	150	200	240	280	340	100	60	36	20	12	8	5	3	2	1	
18556	27693	1	1800	10	20	30	40	60	70	80	90	100	120	100	60	36	20	12	8	5	3	2	1	
18557	27693	1800	2200	10	20	40	70	100	110	140	170	200	250	100	60	36	20	12	8	5	3	2	1	
18558	27693	2200	9999	10	30	50	70	120	150	200	240	280	340	100	60	36	20	12	8	5	3	2	1	
18559	27694	1	1800	10	20	30	40	60	70	80	90	100	120	100	60	36	20	12	8	5	3	2	1	
18560	27694	1800	2200	10	20	40	70	100	110	140	170	200	250	100	60	36	20	12	8	5	3	2	1	
18561	27694	2200	9999	10	30	50	70	120	150	200	240	280	340	100	60	36	20	12	8	5	3	2	1	
18562	27695	1	1800	10	20	30	40	60	70	80	90	100	120	100	60	36	20	12	8	5	3	2	1	
18563	27695	1800	2200	10	20	40	70	100	110	140	170	200	250	100	60	36	20	12	8	5	3	2	1	
18564	27695	2200	9999	10	30	50	70	120	150	200	240	280	340	100	60	36	20	12	8	5	3	2	1	
18565	27696	1	1800	10	20	30	40	60	70	80	90	100	120	100	60	36	20	12	8	5	3	2	1	
18566	27696	1800	2200	10	20	40	70	100	110	140	170	200	250	100	60	36	20	12	8	5	3	2	1	
18567	27696	2200	9999	10	30	50	70	120	150	200	240	280	340	100	60	36	20	12	8	5	3	2	1	
18568	27697	1	1800	10	20	30	40	60	70	80	90	100	120	100	60	36	20	12	8	5	3	2	1	
18569	27697	1800	2200	10	20	40	70	100	110	140	170	200	250	100	60	36	20	12	8	5	3	2	1	
18570	27697	2200	9999	10	30	50	70	120	150	200	240	280	340	100	60	36	20	12	8	5	3	2	1	
18571	27699	1	1800	10	20	30	40	60	70	80	90	100	120	100	60	36	20	12	8	5	3	2	1	
18572	27699	1800	2200	10	20	40	70	100	110	140	170	200	250	100	60	36	20	12	8	5	3	2	1	
18573	27699	2200	9999	10	30	50	70	120	150	200	240	280	340	100	60	36	20	12	8	5	3	2	1	
18574	27700	1	1800	10	20	30	40	60	70	80	90	100	120	100	60	36	20	12	8	5	3	2	1	
18575	27700	1800	2200	10	20	40	70	100	110	140	170	200	250	100	60	36	20	12	8	5	3	2	1	
18576	27700	2200	9999	10	30	50	70	120	150	200	240	280	340	100	60	36	20	12	8	5	3	2	1	
18577	27701	1	1800	10	20	30	40	60	70	80	90	100	120	100	60	36	20	12	8	5	3	2	1	
18578	27701	1800	2200	10	20	40	70	100	110	140	170	200	250	100	60	36	20	12	8	5	3	2	1	
18579	27701	2200	9999	10	30	50	70	120	150	200	240	280	340	100	60	36	20	12	8	5	3	2	1	
18580	27702	1	1800	10	20	30	40	60	70	80	90	100	120	100	60	36	20	12	8	5	3	2	1	
18581	27702	1800	2200	10	20	40	70	100	110	140	170	200	250	100	60	36	20	12	8	5	3	2	1	
18582	27702	2200	9999	10	30	50	70	120	150	200	240	280	340	100	60	36	20	12	8	5	3	2	1	
18583	27703	1	1800	10	20	30	40	60	70	80	90	100	120	100	60	36	20	12	8	5	3	2	1	
18584	27703	1800	2200	10	20	40	70	100	110	140	170	200	250	100	60	36	20	12	8	5	3	2	1	
18585	27703	2200	9999	10	30	50	70	120	150	200	240	280	340	100	60	36	20	12	8	5	3	2	1	
18586	27704	1	1800	10	20	30	40	60	70	80	90	100	120	100	60	36	20	12	8	5	3	2	1	
18587	27704	1800	2200	10	20	40	70	100	110	140	170	200	250	100	60	36	20	12	8	5	3	2	1	
18588	27704	2200	9999	10	30	50	70	120	150	200	240	280	340	100	60	36	20	12	8	5	3	2	1	
18589	27705	1	1800	10	20	30	40	60	70	80	90	100	120	100	60	36	20	12	8	5	3	2	1	
18590	27705	1800	2200	10	20	40	70	100	110	140	170	200	250	100	60	36	20	12	8	5	3	2	1	
18591	27705	2200	9999	10	30	50	70	120	150	200	240	280	340	100	60	36	20	12	8	5	3	2	1	
18592	27706	1	1800	10	20	30	40	60	70	80	90	100	120	100	60	36	20	12	8	5	3	2	1	
18593	27706	1800	2200	10	20	40	70	100	110	140	170	200	250	100	60	36	20	12	8	5	3	2	1	
18594	27706	2200	9999	10	30	50	70	120	150	200	240	280	340	100	60	36	20	12	8	5	3	2	1	
18595	27707	1	1800	10	20	30	40	60	70	80	90	100	120	100	60	36	20	12	8	5	3	2	1	
18596	27707	1800	2200	10	20	40	70	100	110	140	170	200	250	100	60	36	20	12	8	5	3	2	1	
18597	27707	2200	9999	10	30	50	70	120	150	200	240	280	340	100	60	36	20	12	8	5	3	2	1	
18598	27708	1	1800	10	20	30	40	60	70	80	90	100	120	100	60	36	20	12	8	5	3	2	1	
18599	27708	1800	2200	10	20	40	70	100	110	140	170	200	250	100	60	36	20	12	8	5	3	2	1	
18600	27708	2200	9999	10	30	50	70	120	150	200	240	280	340	100	60	36	20	12	8	5	3	2	1	
18601	27709	1	1800	10	20	30	40	60	70	80	90	100	120	100	60	36	20	12	8	5	3	2	1	
18602	27709	1800	2200	10	20	40	70	100	110	140	170	200	250	100	60	36	20	12	8	5	3	2	1	
18603	27709	2200	9999	10	30	50	70	120	150	200	240	280	340	100	60	36	20	12	8	5	3	2	1	
18604	27711	1	1800	10	20	30	40	60	70	80	90	100	120	100	60	36	20	12	8	5	3	2	1	
18605	27711	1800	2200	10	20	40	70	100	110	140	170	200	250	100	60	36	20	12	8	5	3	2	1	
18606	27711	2200	9999	10	30	50	70	120	150	200	240	280	340	100	60	36	20	12	8	5	3	2	1	
18607	27721	1	1800	10	20	30	40	60	70	80	90	100	120	100	60	36	20	12	8	5	3	2	1	
18608	27721	1800	2200	10	20	40	70	100	110	140	170	200	250	100	60	36	20	12	8	5	3	2	1	
18609	27721	2200	9999	10	30	50	70	120	150	200	240	280	340	100	60	36	20	12	8	5	3	2	1	
18610	27731	1	1800	10	20	30	40	60	70	80	90	100	120	100	60	36	20	12	8	5	3	2	1	
18611	27731	1800	2200	10	20	40	70	100	110	140	170	200	250	100	60	36	20	12	8	5	3	2	1	
18612	27731	2200	9999	10	30	50	70	120	150	200	240	280	340	100	60	36	20	12	8	5	3	2	1	
18613	27741	1	1800	10	20	30	40	60	70	80	90	100	120	100	60	36	20	12	8	5	3	2	1	
18614	27741	1800	2200	10	20	40	70	100	110	140	170	200	250	100	60	36	20	12	8	5	3	2	1	
18615	27741	2200	9999	10	30	50	70	120	150	200	240	280	340	100	60	36	20	12	8	5	3	2	1	
18616	30041	1	1800	10	20	30	40	60	70	80	90	100	120	100	60	36	20	12	8	5	3	2	1	
18617	30041	1800	2200	10	20	40	70	100	110	140	170	200	250	100	60	36	20	12	8	5	3	2	1	
18618	30041	2200	9999	10	30	50	70	120	150	200	240	280	340	100	60	36	20	12	8	5	3	2	1	
18619	30042	1	1800	10	20	30	40	60	70	80	90	100	120	100	60	36	20	12	8	5	3	2	1	
18620	30042	1800	2200	10	20	40	70	100	110	140	170	200	250	100	60	36	20	12	8	5	3	2	1	
18621	30042	2200	9999	10	30	50	70	120	150	200	240	280	340	100	60	36	20	12	8	5	3	2	1	
18622	30049	1	1800	10	20	30	40	60	70	80	90	100	120	100	60	36	20	12	8	5	3	2	1	
18623	30049	1800	2200	10	20	40	70	100	110	140	170	200	250	100	60	36	20	12	8	5	3	2	1	
18624	30049	2200	9999	10	30	50	70	120	150	200	240	280	340	100	60	36	20	12	8	5	3	2	1	
18625	30051	1	1800	10	20	30	40	60	70	80	90	100	120	100	60	36	20	12	8	5	3	2	1	
18626	30051	1800	2200	10	20	40	70	100	110	140	170	200	250	100	60	36	20	12	8	5	3	2	1	
18627	30051	2200	9999	10	30	50	70	120	150	200	240	280	340	100	60	36	20	12	8	5	3	2	1	
18628	30052	1	1800	10	20	30	40	60	70	80	90	100	120	100	60	36	20	12	8	5	3	2	1	
18629	30052	1800	2200	10	20	40	70	100	110	140	170	200	250	100	60	36	20	12	8	5	3	2	1	
18630	30052	2200	9999	10	30	50	70	120	150	200	240	280	340	100	60	36	20	12	8	5	3	2	1	
18631	30053	1	1800	10	20	30	40	60	70	80	90	100	120	100	60	36	20	12	8	5	3	2	1	
18632	30053	1800	2200	10	20	40	70	100	110	140	170	200	250	100	60	36	20	12	8	5	3	2	1	
18633	30053	2200	9999	10	30	50	70	120	150	200	240	280	340	100	60	36	20	12	8	5	3	2	1	
18634	30059	1	1800	10	20	30	40	60	70	80	90	100	120	100	60	36	20	12	8	5	3	2	1	
18635	30059	1800	2200	10	20	40	70	100	110	140	170	200	250	100	60	36	20	12	8	5	3	2	1	
18636	30059	2200	9999	10	30	50	70	120	150	200	240	280	340	100	60	36	20	12	8	5	3	2	1	
18637	30061	1	1800	10	20	30	40	60	70	80	90	100	120	100	60	36	20	12	8	5	3	2	1	
18638	30061	1800	2200	10	20	40	70	100	110	140	170	200	250	100	60	36	20	12	8	5	3	2	1	
18639	30061	2200	9999	10	30	50	70	120	150	200	240	280	340	100	60	36	20	12	8	5	3	2	1	
18640	30062	1	1800	10	20	30	40	60	70	80	90	100	120	100	60	36	20	12	8	5	3	2	1	
18641	30062	1800	2200	10	20	40	70	100	110	140	170	200	250	100	60	36	20	12	8	5	3	2	1	
18642	30062	2200	9999	10	30	50	70	120	150	200	240	280	340	100	60	36	20	12	8	5	3	2	1	
18643	30063	1	1800	10	20	30	40	60	70	80	90	100	120	100	60	36	20	12	8	5	3	2	1	
18644	30063	1800	2200	10	20	40	70	100	110	140	170	200	250	100	60	36	20	12	8	5	3	2	1	
18645	30063	2200	9999	10	30	50	70	120	150	200	240	280	340	100	60	36	20	12	8	5	3	2	1	
18646	30064	1	1800	10	20	30	40	60	70	80	90	100	120	100	60	36	20	12	8	5	3	2	1	
18647	30064	1800	2200	10	20	40	70	100	110	140	170	200	250	100	60	36	20	12	8	5	3	2	1	
18648	30064	2200	9999	10	30	50	70	120	150	200	240	280	340	100	60	36	20	12	8	5	3	2	1	
18649	30069	1	1800	10	20	30	40	60	70	80	90	100	120	100	60	36	20	12	8	5	3	2	1	
18650	30069	1800	2200	10	20	40	70	100	110	140	170	200	250	100	60	36	20	12	8	5	3	2	1	
18651	30069	2200	9999	10	30	50	70	120	150	200	240	280	340	100	60	36	20	12	8	5	3	2	1	
18652	30071	1	1800	10	20	30	40	60	70	80	90	100	120	100	60	36	20	12	8	5	3	2	1	
18653	30071	1800	2200	10	20	40	70	100	110	140	170	200	250	100	60	36	20	12	8	5	3	2	1	
18654	30071	2200	9999	10	30	50	70	120	150	200	240	280	340	100	60	36	20	12	8	5	3	2	1	
18655	30072	1	1800	10	20	30	40	60	70	80	90	100	120	100	60	36	20	12	8	5	3	2	1	
18656	30072	1800	2200	10	20	40	70	100	110	140	170	200	250	100	60	36	20	12	8	5	3	2	1	
18657	30072	2200	9999	10	30	50	70	120	150	200	240	280	340	100	60	36	20	12	8	5	3	2	1	
18658	30073	1	1800	10	20	30	40	60	70	80	90	100	120	100	60	36	20	12	8	5	3	2	1	
18659	30073	1800	2200	10	20	40	70	100	110	140	170	200	250	100	60	36	20	12	8	5	3	2	1	
18660	30073	2200	9999	10	30	50	70	120	150	200	240	280	340	100	60	36	20	12	8	5	3	2	1	
18661	30074	1	1800	10	20	30	40	60	70	80	90	100	120	100	60	36	20	12	8	5	3	2	1	
18662	30074	1800	2200	10	20	40	70	100	110	140	170	200	250	100	60	36	20	12	8	5	3	2	1	
18663	30074	2200	9999	10	30	50	70	120	150	200	240	280	340	100	60	36	20	12	8	5	3	2	1	
18664	30075	1	1800	10	20	30	40	60	70	80	90	100	120	100	60	36	20	12	8	5	3	2	1	
18665	30075	1800	2200	10	20	40	70	100	110	140	170	200	250	100	60	36	20	12	8	5	3	2	1	
18666	30075	2200	9999	10	30	50	70	120	150	200	240	280	340	100	60	36	20	12	8	5	3	2	1	
18667	30079	1	1800	10	20	30	40	60	70	80	90	100	120	100	60	36	20	12	8	5	3	2	1	
18668	30079	1800	2200	10	20	40	70	100	110	140	170	200	250	100	60	36	20	12	8	5	3	2	1	
18669	30079	2200	9999	10	30	50	70	120	150	200	240	280	340	100	60	36	20	12	8	5	3	2	1	
18670	30081	1	1800	10	20	30	40	60	70	80	90	100	120	100	60	36	20	12	8	5	3	2	1	
18671	30081	1800	2200	10	20	40	70	100	110	140	170	200	250	100	60	36	20	12	8	5	3	2	1	
18672	30081	2200	9999	10	30	50	70	120	150	200	240	280	340	100	60	36	20	12	8	5	3	2	1	
18673	30082	1	1800	10	20	30	40	60	70	80	90	100	120	100	60	36	20	12	8	5	3	2	1	
18674	30082	1800	2200	10	20	40	70	100	110	140	170	200	250	100	60	36	20	12	8	5	3	2	1	
18675	30082	2200	9999	10	30	50	70	120	150	200	240	280	340	100	60	36	20	12	8	5	3	2	1	
18676	30083	1	1800	10	20	30	40	60	70	80	90	100	120	100	60	36	20	12	8	5	3	2	1	
18677	30083	1800	2200	10	20	40	70	100	110	140	170	200	250	100	60	36	20	12	8	5	3	2	1	
18678	30083	2200	9999	10	30	50	70	120	150	200	240	280	340	100	60	36	20	12	8	5	3	2	1	
18679	30084	1	1800	10	20	30	40	60	70	80	90	100	120	100	60	36	20	12	8	5	3	2	1	
18680	30084	1800	2200	10	20	40	70	100	110	140	170	200	250	100	60	36	20	12	8	5	3	2	1	
18681	30084	2200	9999	10	30	50	70	120	150	200	240	280	340	100	60	36	20	12	8	5	3	2	1	
18682	30085	1	1800	10	20	30	40	60	70	80	90	100	120	100	60	36	20	12	8	5	3	2	1	
18683	30085	1800	2200	10	20	40	70	100	110	140	170	200	250	100	60	36	20	12	8	5	3	2	1	
18684	30085	2200	9999	10	30	50	70	120	150	200	240	280	340	100	60	36	20	12	8	5	3	2	1	
18685	30086	1	1800	10	20	30	40	60	70	80	90	100	120	100	60	36	20	12	8	5	3	2	1	
18686	30086	1800	2200	10	20	40	70	100	110	140	170	200	250	100	60	36	20	12	8	5	3	2	1	
18687	30086	2200	9999	10	30	50	70	120	150	200	240	280	340	100	60	36	20	12	8	5	3	2	1	
18688	30089	1	1800	10	20	30	40	60	70	80	90	100	120	100	60	36	20	12	8	5	3	2	1	
18689	30089	1800	2200	10	20	40	70	100	110	140	170	200	250	100	60	36	20	12	8	5	3	2	1	
18690	30089	2200	9999	10	30	50	70	120	150	200	240	280	340	100	60	36	20	12	8	5	3	2	1	
18691	30091	1	1800	10	20	30	40	60	70	80	90	100	120	100	60	36	20	12	8	5	3	2	1	
18692	30091	1800	2200	10	20	40	70	100	110	140	170	200	250	100	60	36	20	12	8	5	3	2	1	
18693	30091	2200	9999	10	30	50	70	120	150	200	240	280	340	100	60	36	20	12	8	5	3	2	1	
18694	30092	1	1800	10	20	30	40	60	70	80	90	100	120	100	60	36	20	12	8	5	3	2	1	
18695	30092	1800	2200	10	20	40	70	100	110	140	170	200	250	100	60	36	20	12	8	5	3	2	1	
18696	30092	2200	9999	10	30	50	70	120	150	200	240	280	340	100	60	36	20	12	8	5	3	2	1	
18697	30093	1	1800	10	20	30	40	60	70	80	90	100	120	100	60	36	20	12	8	5	3	2	1	
18698	30093	1800	2200	10	20	40	70	100	110	140	170	200	250	100	60	36	20	12	8	5	3	2	1	
18699	30093	2200	9999	10	30	50	70	120	150	200	240	280	340	100	60	36	20	12	8	5	3	2	1	
18700	30094	1	1800	10	20	30	40	60	70	80	90	100	120	100	60	36	20	12	8	5	3	2	1	
18701	30094	1800	2200	10	20	40	70	100	110	140	170	200	250	100	60	36	20	12	8	5	3	2	1	
18702	30094	2200	9999	10	30	50	70	120	150	200	240	280	340	100	60	36	20	12	8	5	3	2	1	
18703	30095	1	1800	10	20	30	40	60	70	80	90	100	120	100	60	36	20	12	8	5	3	2	1	
18704	30095	1800	2200	10	20	40	70	100	110	140	170	200	250	100	60	36	20	12	8	5	3	2	1	
18705	30095	2200	9999	10	30	50	70	120	150	200	240	280	340	100	60	36	20	12	8	5	3	2	1	
18706	30096	1	1800	10	20	30	40	60	70	80	90	100	120	100	60	36	20	12	8	5	3	2	1	
18707	30096	1800	2200	10	20	40	70	100	110	140	170	200	250	100	60	36	20	12	8	5	3	2	1	
18708	30096	2200	9999	10	30	50	70	120	150	200	240	280	340	100	60	36	20	12	8	5	3	2	1	
18709	30097	1	1800	10	20	30	40	60	70	80	90	100	120	100	60	36	20	12	8	5	3	2	1	
18710	30097	1800	2200	10	20	40	70	100	110	140	170	200	250	100	60	36	20	12	8	5	3	2	1	
18711	30097	2200	9999	10	30	50	70	120	150	200	240	280	340	100	60	36	20	12	8	5	3	2	1	
18712	30099	1	1800	10	20	30	40	60	70	80	90	100	120	100	60	36	20	12	8	5	3	2	1	
18713	30099	1800	2200	10	20	40	70	100	110	140	170	200	250	100	60	36	20	12	8	5	3	2	1	
18714	30099	2200	9999	10	30	50	70	120	150	200	240	280	340	100	60	36	20	12	8	5	3	2	1	
18715	30101	1	1800	10	20	30	40	60	70	80	90	100	120	100	60	36	20	12	8	5	3	2	1	
18716	30101	1800	2200	10	20	40	70	100	110	140	170	200	250	100	60	36	20	12	8	5	3	2	1	
18717	30101	2200	9999	10	30	50	70	120	150	200	240	280	340	100	60	36	20	12	8	5	3	2	1	
18718	30102	1	1800	10	20	30	40	60	70	80	90	100	120	100	60	36	20	12	8	5	3	2	1	
18719	30102	1800	2200	10	20	40	70	100	110	140	170	200	250	100	60	36	20	12	8	5	3	2	1	
18720	30102	2200	9999	10	30	50	70	120	150	200	240	280	340	100	60	36	20	12	8	5	3	2	1	
18721	30103	1	1800	10	20	30	40	60	70	80	90	100	120	100	60	36	20	12	8	5	3	2	1	
18722	30103	1800	2200	10	20	40	70	100	110	140	170	200	250	100	60	36	20	12	8	5	3	2	1	
18723	30103	2200	9999	10	30	50	70	120	150	200	240	280	340	100	60	36	20	12	8	5	3	2	1	
18724	30104	1	1800	10	20	30	40	60	70	80	90	100	120	100	60	36	20	12	8	5	3	2	1	
18725	30104	1800	2200	10	20	40	70	100	110	140	170	200	250	100	60	36	20	12	8	5	3	2	1	
18726	30104	2200	9999	10	30	50	70	120	150	200	240	280	340	100	60	36	20	12	8	5	3	2	1	
18727	30105	1	1800	10	20	30	40	60	70	80	90	100	120	100	60	36	20	12	8	5	3	2	1	
18728	30105	1800	2200	10	20	40	70	100	110	140	170	200	250	100	60	36	20	12	8	5	3	2	1	
18729	30105	2200	9999	10	30	50	70	120	150	200	240	280	340	100	60	36	20	12	8	5	3	2	1	
18730	30106	1	1800	10	20	30	40	60	70	80	90	100	120	100	60	36	20	12	8	5	3	2	1	
18731	30106	1800	2200	10	20	40	70	100	110	140	170	200	250	100	60	36	20	12	8	5	3	2	1	
18732	30106	2200	9999	10	30	50	70	120	150	200	240	280	340	100	60	36	20	12	8	5	3	2	1	
18733	30107	1	1800	10	20	30	40	60	70	80	90	100	120	100	60	36	20	12	8	5	3	2	1	
18734	30107	1800	2200	10	20	40	70	100	110	140	170	200	250	100	60	36	20	12	8	5	3	2	1	
18735	30107	2200	9999	10	30	50	70	120	150	200	240	280	340	100	60	36	20	12	8	5	3	2	1	
18736	30108	1	1800	10	20	30	40	60	70	80	90	100	120	100	60	36	20	12	8	5	3	2	1	
18737	30108	1800	2200	10	20	40	70	100	110	140	170	200	250	100	60	36	20	12	8	5	3	2	1	
18738	30108	2200	9999	10	30	50	70	120	150	200	240	280	340	100	60	36	20	12	8	5	3	2	1	
18739	30109	1	1800	10	20	30	40	60	70	80	90	100	120	100	60	36	20	12	8	5	3	2	1	
18740	30109	1800	2200	10	20	40	70	100	110	140	170	200	250	100	60	36	20	12	8	5	3	2	1	
18741	30109	2200	9999	10	30	50	70	120	150	200	240	280	340	100	60	36	20	12	8	5	3	2	1	
18742	30111	1	1800	10	20	30	40	60	70	80	90	100	120	100	60	36	20	12	8	5	3	2	1	
18743	30111	1800	2200	10	20	40	70	100	110	140	170	200	250	100	60	36	20	12	8	5	3	2	1	
18744	30111	2200	9999	10	30	50	70	120	150	200	240	280	340	100	60	36	20	12	8	5	3	2	1	
18745	30112	1	1800	10	20	30	40	60	70	80	90	100	120	100	60	36	20	12	8	5	3	2	1	
18746	30112	1800	2200	10	20	40	70	100	110	140	170	200	250	100	60	36	20	12	8	5	3	2	1	
18747	30112	2200	9999	10	30	50	70	120	150	200	240	280	340	100	60	36	20	12	8	5	3	2	1	
18748	30119	1	1800	10	20	30	40	60	70	80	90	100	120	100	60	36	20	12	8	5	3	2	1	
18749	30119	1800	2200	10	20	40	70	100	110	140	170	200	250	100	60	36	20	12	8	5	3	2	1	
18750	30119	2200	9999	10	30	50	70	120	150	200	240	280	340	100	60	36	20	12	8	5	3	2	1	
18751	30121	1	1800	10	20	30	40	60	70	80	90	100	120	100	60	36	20	12	8	5	3	2	1	
18752	30121	1800	2200	10	20	40	70	100	110	140	170	200	250	100	60	36	20	12	8	5	3	2	1	
18753	30121	2200	9999	10	30	50	70	120	150	200	240	280	340	100	60	36	20	12	8	5	3	2	1	
18754	30122	1	1800	10	20	30	40	60	70	80	90	100	120	100	60	36	20	12	8	5	3	2	1	
18755	30122	1800	2200	10	20	40	70	100	110	140	170	200	250	100	60	36	20	12	8	5	3	2	1	
18756	30122	2200	9999	10	30	50	70	120	150	200	240	280	340	100	60	36	20	12	8	5	3	2	1	
18757	30123	1	1800	10	20	30	40	60	70	80	90	100	120	100	60	36	20	12	8	5	3	2	1	
18758	30123	1800	2200	10	20	40	70	100	110	140	170	200	250	100	60	36	20	12	8	5	3	2	1	
18759	30123	2200	9999	10	30	50	70	120	150	200	240	280	340	100	60	36	20	12	8	5	3	2	1	
18760	30129	1	1800	10	20	30	40	60	70	80	90	100	120	100	60	36	20	12	8	5	3	2	1	
18761	30129	1800	2200	10	20	40	70	100	110	140	170	200	250	100	60	36	20	12	8	5	3	2	1	
18762	30129	2200	9999	10	30	50	70	120	150	200	240	280	340	100	60	36	20	12	8	5	3	2	1	
18763	30131	1	1800	10	20	30	40	60	70	80	90	100	120	100	60	36	20	12	8	5	3	2	1	
18764	30131	1800	2200	10	20	40	70	100	110	140	170	200	250	100	60	36	20	12	8	5	3	2	1	
18765	30131	2200	9999	10	30	50	70	120	150	200	240	280	340	100	60	36	20	12	8	5	3	2	1	
18766	30132	1	1800	10	20	30	40	60	70	80	90	100	120	100	60	36	20	12	8	5	3	2	1	
18767	30132	1800	2200	10	20	40	70	100	110	140	170	200	250	100	60	36	20	12	8	5	3	2	1	
18768	30132	2200	9999	10	30	50	70	120	150	200	240	280	340	100	60	36	20	12	8	5	3	2	1	
18769	30133	1	1800	10	20	30	40	60	70	80	90	100	120	100	60	36	20	12	8	5	3	2	1	
18770	30133	1800	2200	10	20	40	70	100	110	140	170	200	250	100	60	36	20	12	8	5	3	2	1	
18771	30133	2200	9999	10	30	50	70	120	150	200	240	280	340	100	60	36	20	12	8	5	3	2	1	
18772	30134	1	1800	10	20	30	40	60	70	80	90	100	120	100	60	36	20	12	8	5	3	2	1	
18773	30134	1800	2200	10	20	40	70	100	110	140	170	200	250	100	60	36	20	12	8	5	3	2	1	
18774	30134	2200	9999	10	30	50	70	120	150	200	240	280	340	100	60	36	20	12	8	5	3	2	1	
18775	30139	1	1800	10	20	30	40	60	70	80	90	100	120	100	60	36	20	12	8	5	3	2	1	
18776	30139	1800	2200	10	20	40	70	100	110	140	170	200	250	100	60	36	20	12	8	5	3	2	1	
18777	30139	2200	9999	10	30	50	70	120	150	200	240	280	340	100	60	36	20	12	8	5	3	2	1	
18778	30141	1	1800	10	20	30	40	60	70	80	90	100	120	100	60	36	20	12	8	5	3	2	1	
18779	30141	1800	2200	10	20	40	70	100	110	140	170	200	250	100	60	36	20	12	8	5	3	2	1	
18780	30141	2200	9999	10	30	50	70	120	150	200	240	280	340	100	60	36	20	12	8	5	3	2	1	
18781	30142	1	1800	10	20	30	40	60	70	80	90	100	120	100	60	36	20	12	8	5	3	2	1	
18782	30142	1800	2200	10	20	40	70	100	110	140	170	200	250	100	60	36	20	12	8	5	3	2	1	
18783	30142	2200	9999	10	30	50	70	120	150	200	240	280	340	100	60	36	20	12	8	5	3	2	1	
18784	30143	1	1800	10	20	30	40	60	70	80	90	100	120	100	60	36	20	12	8	5	3	2	1	
18785	30143	1800	2200	10	20	40	70	100	110	140	170	200	250	100	60	36	20	12	8	5	3	2	1	
18786	30143	2200	9999	10	30	50	70	120	150	200	240	280	340	100	60	36	20	12	8	5	3	2	1	
18787	30144	1	1800	10	20	30	40	60	70	80	90	100	120	100	60	36	20	12	8	5	3	2	1	
18788	30144	1800	2200	10	20	40	70	100	110	140	170	200	250	100	60	36	20	12	8	5	3	2	1	
18789	30144	2200	9999	10	30	50	70	120	150	200	240	280	340	100	60	36	20	12	8	5	3	2	1	
18790	30145	1	1800	10	20	30	40	60	70	80	90	100	120	100	60	36	20	12	8	5	3	2	1	
18791	30145	1800	2200	10	20	40	70	100	110	140	170	200	250	100	60	36	20	12	8	5	3	2	1	
18792	30145	2200	9999	10	30	50	70	120	150	200	240	280	340	100	60	36	20	12	8	5	3	2	1	
18793	30149	1	1800	10	20	30	40	60	70	80	90	100	120	100	60	36	20	12	8	5	3	2	1	
18794	30149	1800	2200	10	20	40	70	100	110	140	170	200	250	100	60	36	20	12	8	5	3	2	1	
18795	30149	2200	9999	10	30	50	70	120	150	200	240	280	340	100	60	36	20	12	8	5	3	2	1	
18796	30151	1	1800	10	20	30	40	60	70	80	90	100	120	100	60	36	20	12	8	5	3	2	1	
18797	30151	1800	2200	10	20	40	70	100	110	140	170	200	250	100	60	36	20	12	8	5	3	2	1	
18798	30151	2200	9999	10	30	50	70	120	150	200	240	280	340	100	60	36	20	12	8	5	3	2	1	
18799	30152	1	1800	10	20	30	40	60	70	80	90	100	120	100	60	36	20	12	8	5	3	2	1	
18800	30152	1800	2200	10	20	40	70	100	110	140	170	200	250	100	60	36	20	12	8	5	3	2	1	
18801	30152	2200	9999	10	30	50	70	120	150	200	240	280	340	100	60	36	20	12	8	5	3	2	1	
18802	30153	1	1800	10	20	30	40	60	70	80	90	100	120	100	60	36	20	12	8	5	3	2	1	
18803	30153	1800	2200	10	20	40	70	100	110	140	170	200	250	100	60	36	20	12	8	5	3	2	1	
18804	30153	2200	9999	10	30	50	70	120	150	200	240	280	340	100	60	36	20	12	8	5	3	2	1	
18805	30154	1	1800	10	20	30	40	60	70	80	90	100	120	100	60	36	20	12	8	5	3	2	1	
18806	30154	1800	2200	10	20	40	70	100	110	140	170	200	250	100	60	36	20	12	8	5	3	2	1	
18807	30154	2200	9999	10	30	50	70	120	150	200	240	280	340	100	60	36	20	12	8	5	3	2	1	
18808	30155	1	1800	10	20	30	40	60	70	80	90	100	120	100	60	36	20	12	8	5	3	2	1	
18809	30155	1800	2200	10	20	40	70	100	110	140	170	200	250	100	60	36	20	12	8	5	3	2	1	
18810	30155	2200	9999	10	30	50	70	120	150	200	240	280	340	100	60	36	20	12	8	5	3	2	1	
18811	30156	1	1800	10	20	30	40	60	70	80	90	100	120	100	60	36	20	12	8	5	3	2	1	
18812	30156	1800	2200	10	20	40	70	100	110	140	170	200	250	100	60	36	20	12	8	5	3	2	1	
18813	30156	2200	9999	10	30	50	70	120	150	200	240	280	340	100	60	36	20	12	8	5	3	2	1	
18814	30159	1	1800	10	20	30	40	60	70	80	90	100	120	100	60	36	20	12	8	5	3	2	1	
18815	30159	1800	2200	10	20	40	70	100	110	140	170	200	250	100	60	36	20	12	8	5	3	2	1	
18816	30159	2200	9999	10	30	50	70	120	150	200	240	280	340	100	60	36	20	12	8	5	3	2	1	
18817	30161	1	1800	10	20	30	40	60	70	80	90	100	120	100	60	36	20	12	8	5	3	2	1	
18818	30161	1800	2200	10	20	40	70	100	110	140	170	200	250	100	60	36	20	12	8	5	3	2	1	
18819	30161	2200	9999	10	30	50	70	120	150	200	240	280	340	100	60	36	20	12	8	5	3	2	1	
18820	30162	1	1800	10	20	30	40	60	70	80	90	100	120	100	60	36	20	12	8	5	3	2	1	
18821	30162	1800	2200	10	20	40	70	100	110	140	170	200	250	100	60	36	20	12	8	5	3	2	1	
18822	30162	2200	9999	10	30	50	70	120	150	200	240	280	340	100	60	36	20	12	8	5	3	2	1	
18823	30163	1	1800	10	20	30	40	60	70	80	90	100	120	100	60	36	20	12	8	5	3	2	1	
18824	30163	1800	2200	10	20	40	70	100	110	140	170	200	250	100	60	36	20	12	8	5	3	2	1	
18825	30163	2200	9999	10	30	50	70	120	150	200	240	280	340	100	60	36	20	12	8	5	3	2	1	
18826	30164	1	1800	10	20	30	40	60	70	80	90	100	120	100	60	36	20	12	8	5	3	2	1	
18827	30164	1800	2200	10	20	40	70	100	110	140	170	200	250	100	60	36	20	12	8	5	3	2	1	
18828	30164	2200	9999	10	30	50	70	120	150	200	240	280	340	100	60	36	20	12	8	5	3	2	1	
18829	30165	1	1800	10	20	30	40	60	70	80	90	100	120	100	60	36	20	12	8	5	3	2	1	
18830	30165	1800	2200	10	20	40	70	100	110	140	170	200	250	100	60	36	20	12	8	5	3	2	1	
18831	30165	2200	9999	10	30	50	70	120	150	200	240	280	340	100	60	36	20	12	8	5	3	2	1	
18832	30166	1	1800	10	20	30	40	60	70	80	90	100	120	100	60	36	20	12	8	5	3	2	1	
18833	30166	1800	2200	10	20	40	70	100	110	140	170	200	250	100	60	36	20	12	8	5	3	2	1	
18834	30166	2200	9999	10	30	50	70	120	150	200	240	280	340	100	60	36	20	12	8	5	3	2	1	
18835	30167	1	1800	10	20	30	40	60	70	80	90	100	120	100	60	36	20	12	8	5	3	2	1	
18836	30167	1800	2200	10	20	40	70	100	110	140	170	200	250	100	60	36	20	12	8	5	3	2	1	
18837	30167	2200	9999	10	30	50	70	120	150	200	240	280	340	100	60	36	20	12	8	5	3	2	1	
18838	30169	1	1800	10	20	30	40	60	70	80	90	100	120	100	60	36	20	12	8	5	3	2	1	
18839	30169	1800	2200	10	20	40	70	100	110	140	170	200	250	100	60	36	20	12	8	5	3	2	1	
18840	30169	2200	9999	10	30	50	70	120	150	200	240	280	340	100	60	36	20	12	8	5	3	2	1	
18841	30171	1	1800	10	20	30	40	60	70	80	90	100	120	100	60	36	20	12	8	5	3	2	1	
18842	30171	1800	2200	10	20	40	70	100	110	140	170	200	250	100	60	36	20	12	8	5	3	2	1	
18843	30171	2200	9999	10	30	50	70	120	150	200	240	280	340	100	60	36	20	12	8	5	3	2	1	
18844	30172	1	1800	10	20	30	40	60	70	80	90	100	120	100	60	36	20	12	8	5	3	2	1	
18845	30172	1800	2200	10	20	40	70	100	110	140	170	200	250	100	60	36	20	12	8	5	3	2	1	
18846	30172	2200	9999	10	30	50	70	120	150	200	240	280	340	100	60	36	20	12	8	5	3	2	1	
18847	30173	1	1800	10	20	30	40	60	70	80	90	100	120	100	60	36	20	12	8	5	3	2	1	
18848	30173	1800	2200	10	20	40	70	100	110	140	170	200	250	100	60	36	20	12	8	5	3	2	1	
18849	30173	2200	9999	10	30	50	70	120	150	200	240	280	340	100	60	36	20	12	8	5	3	2	1	
18850	30174	1	1800	10	20	30	40	60	70	80	90	100	120	100	60	36	20	12	8	5	3	2	1	
18851	30174	1800	2200	10	20	40	70	100	110	140	170	200	250	100	60	36	20	12	8	5	3	2	1	
18852	30174	2200	9999	10	30	50	70	120	150	200	240	280	340	100	60	36	20	12	8	5	3	2	1	
18853	30175	1	1800	10	20	30	40	60	70	80	90	100	120	100	60	36	20	12	8	5	3	2	1	
18854	30175	1800	2200	10	20	40	70	100	110	140	170	200	250	100	60	36	20	12	8	5	3	2	1	
18855	30175	2200	9999	10	30	50	70	120	150	200	240	280	340	100	60	36	20	12	8	5	3	2	1	
18856	30176	1	1800	10	20	30	40	60	70	80	90	100	120	100	60	36	20	12	8	5	3	2	1	
18857	30176	1800	2200	10	20	40	70	100	110	140	170	200	250	100	60	36	20	12	8	5	3	2	1	
18858	30176	2200	9999	10	30	50	70	120	150	200	240	280	340	100	60	36	20	12	8	5	3	2	1	
18859	30177	1	1800	10	20	30	40	60	70	80	90	100	120	100	60	36	20	12	8	5	3	2	1	
18860	30177	1800	2200	10	20	40	70	100	110	140	170	200	250	100	60	36	20	12	8	5	3	2	1	
18861	30177	2200	9999	10	30	50	70	120	150	200	240	280	340	100	60	36	20	12	8	5	3	2	1	
18862	30178	1	1800	10	20	30	40	60	70	80	90	100	120	100	60	36	20	12	8	5	3	2	1	
18863	30178	1800	2200	10	20	40	70	100	110	140	170	200	250	100	60	36	20	12	8	5	3	2	1	
18864	30178	2200	9999	10	30	50	70	120	150	200	240	280	340	100	60	36	20	12	8	5	3	2	1	
18865	30179	1	1800	10	20	30	40	60	70	80	90	100	120	100	60	36	20	12	8	5	3	2	1	
18866	30179	1800	2200	10	20	40	70	100	110	140	170	200	250	100	60	36	20	12	8	5	3	2	1	
18867	30179	2200	9999	10	30	50	70	120	150	200	240	280	340	100	60	36	20	12	8	5	3	2	1	
18868	27821	1	1800	10	20	30	40	60	70	80	90	100	120	100	60	36	20	12	8	5	3	2	1	
18869	27821	1800	2200	10	20	40	70	100	110	140	170	200	250	100	60	36	20	12	8	5	3	2	1	
18870	27821	2200	9999	10	30	50	70	120	150	200	240	280	340	100	60	36	20	12	8	5	3	2	1	
18871	27822	1	1800	10	20	30	40	60	70	80	90	100	120	100	60	36	20	12	8	5	3	2	1	
18872	27822	1800	2200	10	20	40	70	100	110	140	170	200	250	100	60	36	20	12	8	5	3	2	1	
18873	27822	2200	9999	10	30	50	70	120	150	200	240	280	340	100	60	36	20	12	8	5	3	2	1	
18874	27829	1	1800	10	20	30	40	60	70	80	90	100	120	100	60	36	20	12	8	5	3	2	1	
18875	27829	1800	2200	10	20	40	70	100	110	140	170	200	250	100	60	36	20	12	8	5	3	2	1	
18876	27829	2200	9999	10	30	50	70	120	150	200	240	280	340	100	60	36	20	12	8	5	3	2	1	
18877	27831	1	1800	10	20	30	40	60	70	80	90	100	120	100	60	36	20	12	8	5	3	2	1	
18878	27831	1800	2200	10	20	40	70	100	110	140	170	200	250	100	60	36	20	12	8	5	3	2	1	
18879	27831	2200	9999	10	30	50	70	120	150	200	240	280	340	100	60	36	20	12	8	5	3	2	1	
18880	27832	1	1800	10	20	30	40	60	70	80	90	100	120	100	60	36	20	12	8	5	3	2	1	
18881	27832	1800	2200	10	20	40	70	100	110	140	170	200	250	100	60	36	20	12	8	5	3	2	1	
18882	27832	2200	9999	10	30	50	70	120	150	200	240	280	340	100	60	36	20	12	8	5	3	2	1	
18883	27833	1	1800	10	20	30	40	60	70	80	90	100	120	100	60	36	20	12	8	5	3	2	1	
18884	27833	1800	2200	10	20	40	70	100	110	140	170	200	250	100	60	36	20	12	8	5	3	2	1	
18885	27833	2200	9999	10	30	50	70	120	150	200	240	280	340	100	60	36	20	12	8	5	3	2	1	
18886	27839	1	1800	10	20	30	40	60	70	80	90	100	120	100	60	36	20	12	8	5	3	2	1	
18887	27839	1800	2200	10	20	40	70	100	110	140	170	200	250	100	60	36	20	12	8	5	3	2	1	
18888	27839	2200	9999	10	30	50	70	120	150	200	240	280	340	100	60	36	20	12	8	5	3	2	1	
18889	27841	1	1800	10	20	30	40	60	70	80	90	100	120	100	60	36	20	12	8	5	3	2	1	
18890	27841	1800	2200	10	20	40	70	100	110	140	170	200	250	100	60	36	20	12	8	5	3	2	1	
18891	27841	2200	9999	10	30	50	70	120	150	200	240	280	340	100	60	36	20	12	8	5	3	2	1	
18892	27842	1	1800	10	20	30	40	60	70	80	90	100	120	100	60	36	20	12	8	5	3	2	1	
18893	27842	1800	2200	10	20	40	70	100	110	140	170	200	250	100	60	36	20	12	8	5	3	2	1	
18894	27842	2200	9999	10	30	50	70	120	150	200	240	280	340	100	60	36	20	12	8	5	3	2	1	
18895	27843	1	1800	10	20	30	40	60	70	80	90	100	120	100	60	36	20	12	8	5	3	2	1	
18896	27843	1800	2200	10	20	40	70	100	110	140	170	200	250	100	60	36	20	12	8	5	3	2	1	
18897	27843	2200	9999	10	30	50	70	120	150	200	240	280	340	100	60	36	20	12	8	5	3	2	1	
18898	27844	1	1800	10	20	30	40	60	70	80	90	100	120	100	60	36	20	12	8	5	3	2	1	
18899	27844	1800	2200	10	20	40	70	100	110	140	170	200	250	100	60	36	20	12	8	5	3	2	1	
18900	27844	2200	9999	10	30	50	70	120	150	200	240	280	340	100	60	36	20	12	8	5	3	2	1	
18901	27849	1	1800	10	20	30	40	60	70	80	90	100	120	100	60	36	20	12	8	5	3	2	1	
18902	27849	1800	2200	10	20	40	70	100	110	140	170	200	250	100	60	36	20	12	8	5	3	2	1	
18903	27849	2200	9999	10	30	50	70	120	150	200	240	280	340	100	60	36	20	12	8	5	3	2	1	
18904	27851	1	1800	10	20	30	40	60	70	80	90	100	120	100	60	36	20	12	8	5	3	2	1	
18905	27851	1800	2200	10	20	40	70	100	110	140	170	200	250	100	60	36	20	12	8	5	3	2	1	
18906	27851	2200	9999	10	30	50	70	120	150	200	240	280	340	100	60	36	20	12	8	5	3	2	1	
18907	27852	1	1800	10	20	30	40	60	70	80	90	100	120	100	60	36	20	12	8	5	3	2	1	
18908	27852	1800	2200	10	20	40	70	100	110	140	170	200	250	100	60	36	20	12	8	5	3	2	1	
18909	27852	2200	9999	10	30	50	70	120	150	200	240	280	340	100	60	36	20	12	8	5	3	2	1	
18910	27853	1	1800	10	20	30	40	60	70	80	90	100	120	100	60	36	20	12	8	5	3	2	1	
18911	27853	1800	2200	10	20	40	70	100	110	140	170	200	250	100	60	36	20	12	8	5	3	2	1	
18912	27853	2200	9999	10	30	50	70	120	150	200	240	280	340	100	60	36	20	12	8	5	3	2	1	
18913	27854	1	1800	10	20	30	40	60	70	80	90	100	120	100	60	36	20	12	8	5	3	2	1	
18914	27854	1800	2200	10	20	40	70	100	110	140	170	200	250	100	60	36	20	12	8	5	3	2	1	
18915	27854	2200	9999	10	30	50	70	120	150	200	240	280	340	100	60	36	20	12	8	5	3	2	1	
18916	27855	1	1800	10	20	30	40	60	70	80	90	100	120	100	60	36	20	12	8	5	3	2	1	
18917	27855	1800	2200	10	20	40	70	100	110	140	170	200	250	100	60	36	20	12	8	5	3	2	1	
18918	27855	2200	9999	10	30	50	70	120	150	200	240	280	340	100	60	36	20	12	8	5	3	2	1	
18919	27859	1	1800	10	20	30	40	60	70	80	90	100	120	100	60	36	20	12	8	5	3	2	1	
18920	27859	1800	2200	10	20	40	70	100	110	140	170	200	250	100	60	36	20	12	8	5	3	2	1	
18921	27859	2200	9999	10	30	50	70	120	150	200	240	280	340	100	60	36	20	12	8	5	3	2	1	
18922	27861	1	1800	10	20	30	40	60	70	80	90	100	120	100	60	36	20	12	8	5	3	2	1	
18923	27861	1800	2200	10	20	40	70	100	110	140	170	200	250	100	60	36	20	12	8	5	3	2	1	
18924	27861	2200	9999	10	30	50	70	120	150	200	240	280	340	100	60	36	20	12	8	5	3	2	1	
18925	27862	1	1800	10	20	30	40	60	70	80	90	100	120	100	60	36	20	12	8	5	3	2	1	
18926	27862	1800	2200	10	20	40	70	100	110	140	170	200	250	100	60	36	20	12	8	5	3	2	1	
18927	27862	2200	9999	10	30	50	70	120	150	200	240	280	340	100	60	36	20	12	8	5	3	2	1	
18928	27863	1	1800	10	20	30	40	60	70	80	90	100	120	100	60	36	20	12	8	5	3	2	1	
18929	27863	1800	2200	10	20	40	70	100	110	140	170	200	250	100	60	36	20	12	8	5	3	2	1	
18930	27863	2200	9999	10	30	50	70	120	150	200	240	280	340	100	60	36	20	12	8	5	3	2	1	
18931	27864	1	1800	10	20	30	40	60	70	80	90	100	120	100	60	36	20	12	8	5	3	2	1	
18932	27864	1800	2200	10	20	40	70	100	110	140	170	200	250	100	60	36	20	12	8	5	3	2	1	
18933	27864	2200	9999	10	30	50	70	120	150	200	240	280	340	100	60	36	20	12	8	5	3	2	1	
18934	27865	1	1800	10	20	30	40	60	70	80	90	100	120	100	60	36	20	12	8	5	3	2	1	
18935	27865	1800	2200	10	20	40	70	100	110	140	170	200	250	100	60	36	20	12	8	5	3	2	1	
18936	27865	2200	9999	10	30	50	70	120	150	200	240	280	340	100	60	36	20	12	8	5	3	2	1	
18937	27866	1	1800	10	20	30	40	60	70	80	90	100	120	100	60	36	20	12	8	5	3	2	1	
18938	27866	1800	2200	10	20	40	70	100	110	140	170	200	250	100	60	36	20	12	8	5	3	2	1	
18939	27866	2200	9999	10	30	50	70	120	150	200	240	280	340	100	60	36	20	12	8	5	3	2	1	
18940	27869	1	1800	10	20	30	40	60	70	80	90	100	120	100	60	36	20	12	8	5	3	2	1	
18941	27869	1800	2200	10	20	40	70	100	110	140	170	200	250	100	60	36	20	12	8	5	3	2	1	
18942	27869	2200	9999	10	30	50	70	120	150	200	240	280	340	100	60	36	20	12	8	5	3	2	1	
18943	27871	1	1800	10	20	30	40	60	70	80	90	100	120	100	60	36	20	12	8	5	3	2	1	
18944	27871	1800	2200	10	20	40	70	100	110	140	170	200	250	100	60	36	20	12	8	5	3	2	1	
18945	27871	2200	9999	10	30	50	70	120	150	200	240	280	340	100	60	36	20	12	8	5	3	2	1	
18946	27872	1	1800	10	20	30	40	60	70	80	90	100	120	100	60	36	20	12	8	5	3	2	1	
18947	27872	1800	2200	10	20	40	70	100	110	140	170	200	250	100	60	36	20	12	8	5	3	2	1	
18948	27872	2200	9999	10	30	50	70	120	150	200	240	280	340	100	60	36	20	12	8	5	3	2	1	
18949	27873	1	1800	10	20	30	40	60	70	80	90	100	120	100	60	36	20	12	8	5	3	2	1	
18950	27873	1800	2200	10	20	40	70	100	110	140	170	200	250	100	60	36	20	12	8	5	3	2	1	
18951	27873	2200	9999	10	30	50	70	120	150	200	240	280	340	100	60	36	20	12	8	5	3	2	1	
18952	27874	1	1800	10	20	30	40	60	70	80	90	100	120	100	60	36	20	12	8	5	3	2	1	
18953	27874	1800	2200	10	20	40	70	100	110	140	170	200	250	100	60	36	20	12	8	5	3	2	1	
18954	27874	2200	9999	10	30	50	70	120	150	200	240	280	340	100	60	36	20	12	8	5	3	2	1	
18955	27875	1	1800	10	20	30	40	60	70	80	90	100	120	100	60	36	20	12	8	5	3	2	1	
18956	27875	1800	2200	10	20	40	70	100	110	140	170	200	250	100	60	36	20	12	8	5	3	2	1	
18957	27875	2200	9999	10	30	50	70	120	150	200	240	280	340	100	60	36	20	12	8	5	3	2	1	
18958	27876	1	1800	10	20	30	40	60	70	80	90	100	120	100	60	36	20	12	8	5	3	2	1	
18959	27876	1800	2200	10	20	40	70	100	110	140	170	200	250	100	60	36	20	12	8	5	3	2	1	
18960	27876	2200	9999	10	30	50	70	120	150	200	240	280	340	100	60	36	20	12	8	5	3	2	1	
18961	27877	1	1800	10	20	30	40	60	70	80	90	100	120	100	60	36	20	12	8	5	3	2	1	
18962	27877	1800	2200	10	20	40	70	100	110	140	170	200	250	100	60	36	20	12	8	5	3	2	1	
18963	27877	2200	9999	10	30	50	70	120	150	200	240	280	340	100	60	36	20	12	8	5	3	2	1	
18964	27879	1	1800	10	20	30	40	60	70	80	90	100	120	100	60	36	20	12	8	5	3	2	1	
18965	27879	1800	2200	10	20	40	70	100	110	140	170	200	250	100	60	36	20	12	8	5	3	2	1	
18966	27879	2200	9999	10	30	50	70	120	150	200	240	280	340	100	60	36	20	12	8	5	3	2	1	
18967	27881	1	1800	10	20	30	40	60	70	80	90	100	120	100	60	36	20	12	8	5	3	2	1	
18968	27881	1800	2200	10	20	40	70	100	110	140	170	200	250	100	60	36	20	12	8	5	3	2	1	
18969	27881	2200	9999	10	30	50	70	120	150	200	240	280	340	100	60	36	20	12	8	5	3	2	1	
18970	27882	1	1800	10	20	30	40	60	70	80	90	100	120	100	60	36	20	12	8	5	3	2	1	
18971	27882	1800	2200	10	20	40	70	100	110	140	170	200	250	100	60	36	20	12	8	5	3	2	1	
18972	27882	2200	9999	10	30	50	70	120	150	200	240	280	340	100	60	36	20	12	8	5	3	2	1	
18973	27883	1	1800	10	20	30	40	60	70	80	90	100	120	100	60	36	20	12	8	5	3	2	1	
18974	27883	1800	2200	10	20	40	70	100	110	140	170	200	250	100	60	36	20	12	8	5	3	2	1	
18975	27883	2200	9999	10	30	50	70	120	150	200	240	280	340	100	60	36	20	12	8	5	3	2	1	
18976	27884	1	1800	10	20	30	40	60	70	80	90	100	120	100	60	36	20	12	8	5	3	2	1	
18977	27884	1800	2200	10	20	40	70	100	110	140	170	200	250	100	60	36	20	12	8	5	3	2	1	
18978	27884	2200	9999	10	30	50	70	120	150	200	240	280	340	100	60	36	20	12	8	5	3	2	1	
18979	27885	1	1800	10	20	30	40	60	70	80	90	100	120	100	60	36	20	12	8	5	3	2	1	
18980	27885	1800	2200	10	20	40	70	100	110	140	170	200	250	100	60	36	20	12	8	5	3	2	1	
18981	27885	2200	9999	10	30	50	70	120	150	200	240	280	340	100	60	36	20	12	8	5	3	2	1	
18982	27886	1	1800	10	20	30	40	60	70	80	90	100	120	100	60	36	20	12	8	5	3	2	1	
18983	27886	1800	2200	10	20	40	70	100	110	140	170	200	250	100	60	36	20	12	8	5	3	2	1	
18984	27886	2200	9999	10	30	50	70	120	150	200	240	280	340	100	60	36	20	12	8	5	3	2	1	
18985	27887	1	1800	10	20	30	40	60	70	80	90	100	120	100	60	36	20	12	8	5	3	2	1	
18986	27887	1800	2200	10	20	40	70	100	110	140	170	200	250	100	60	36	20	12	8	5	3	2	1	
18987	27887	2200	9999	10	30	50	70	120	150	200	240	280	340	100	60	36	20	12	8	5	3	2	1	
18988	27888	1	1800	10	20	30	40	60	70	80	90	100	120	100	60	36	20	12	8	5	3	2	1	
18989	27888	1800	2200	10	20	40	70	100	110	140	170	200	250	100	60	36	20	12	8	5	3	2	1	
18990	27888	2200	9999	10	30	50	70	120	150	200	240	280	340	100	60	36	20	12	8	5	3	2	1	
18991	27889	1	1800	10	20	30	40	60	70	80	90	100	120	100	60	36	20	12	8	5	3	2	1	
18992	27889	1800	2200	10	20	40	70	100	110	140	170	200	250	100	60	36	20	12	8	5	3	2	1	
18993	27889	2200	9999	10	30	50	70	120	150	200	240	280	340	100	60	36	20	12	8	5	3	2	1	
18994	27891	1	1800	10	20	30	40	60	70	80	90	100	120	100	60	36	20	12	8	5	3	2	1	
18995	27891	1800	2200	10	20	40	70	100	110	140	170	200	250	100	60	36	20	12	8	5	3	2	1	
18996	27891	2200	9999	10	30	50	70	120	150	200	240	280	340	100	60	36	20	12	8	5	3	2	1	
18997	27750	1	1800	10	20	30	40	60	70	80	90	100	120	100	60	36	20	12	8	5	3	2	1	
18998	27750	1800	2200	10	20	40	70	100	110	140	170	200	250	100	60	36	20	12	8	5	3	2	1	
18999	27750	2200	9999	10	30	50	70	120	150	200	240	280	340	100	60	36	20	12	8	5	3	2	1	
19000	27751	1	1800	10	20	30	40	60	70	80	90	100	120	100	60	36	20	12	8	5	3	2	1	
19001	27751	1800	2200	10	20	40	70	100	110	140	170	200	250	100	60	36	20	12	8	5	3	2	1	
19002	27751	2200	9999	10	30	50	70	120	150	200	240	280	340	100	60	36	20	12	8	5	3	2	1	
19003	27752	1	1800	10	20	30	40	60	70	80	90	100	120	100	60	36	20	12	8	5	3	2	1	
19004	27752	1800	2200	10	20	40	70	100	110	140	170	200	250	100	60	36	20	12	8	5	3	2	1	
19005	27752	2200	9999	10	30	50	70	120	150	200	240	280	340	100	60	36	20	12	8	5	3	2	1	
19006	27759	1	1800	10	20	30	40	60	70	80	90	100	120	100	60	36	20	12	8	5	3	2	1	
19007	27759	1800	2200	10	20	40	70	100	110	140	170	200	250	100	60	36	20	12	8	5	3	2	1	
19008	27759	2200	9999	10	30	50	70	120	150	200	240	280	340	100	60	36	20	12	8	5	3	2	1	
19009	27760	1	1800	10	20	30	40	60	70	80	90	100	120	100	60	36	20	12	8	5	3	2	1	
19010	27760	1800	2200	10	20	40	70	100	110	140	170	200	250	100	60	36	20	12	8	5	3	2	1	
19011	27760	2200	9999	10	30	50	70	120	150	200	240	280	340	100	60	36	20	12	8	5	3	2	1	
19012	27761	1	1800	10	20	30	40	60	70	80	90	100	120	100	60	36	20	12	8	5	3	2	1	
19013	27761	1800	2200	10	20	40	70	100	110	140	170	200	250	100	60	36	20	12	8	5	3	2	1	
19014	27761	2200	9999	10	30	50	70	120	150	200	240	280	340	100	60	36	20	12	8	5	3	2	1	
19015	27762	1	1800	10	20	30	40	60	70	80	90	100	120	100	60	36	20	12	8	5	3	2	1	
19016	27762	1800	2200	10	20	40	70	100	110	140	170	200	250	100	60	36	20	12	8	5	3	2	1	
19017	27762	2200	9999	10	30	50	70	120	150	200	240	280	340	100	60	36	20	12	8	5	3	2	1	
19018	27763	1	1800	10	20	30	40	60	70	80	90	100	120	100	60	36	20	12	8	5	3	2	1	
19019	27763	1800	2200	10	20	40	70	100	110	140	170	200	250	100	60	36	20	12	8	5	3	2	1	
19020	27763	2200	9999	10	30	50	70	120	150	200	240	280	340	100	60	36	20	12	8	5	3	2	1	
19021	27769	1	1800	10	20	30	40	60	70	80	90	100	120	100	60	36	20	12	8	5	3	2	1	
19022	27769	1800	2200	10	20	40	70	100	110	140	170	200	250	100	60	36	20	12	8	5	3	2	1	
19023	27769	2200	9999	10	30	50	70	120	150	200	240	280	340	100	60	36	20	12	8	5	3	2	1	
19024	27770	1	1800	10	20	30	40	60	70	80	90	100	120	100	60	36	20	12	8	5	3	2	1	
19025	27770	1800	2200	10	20	40	70	100	110	140	170	200	250	100	60	36	20	12	8	5	3	2	1	
19026	27770	2200	9999	10	30	50	70	120	150	200	240	280	340	100	60	36	20	12	8	5	3	2	1	
19027	27771	1	1800	10	20	30	40	60	70	80	90	100	120	100	60	36	20	12	8	5	3	2	1	
19028	27771	1800	2200	10	20	40	70	100	110	140	170	200	250	100	60	36	20	12	8	5	3	2	1	
19029	27771	2200	9999	10	30	50	70	120	150	200	240	280	340	100	60	36	20	12	8	5	3	2	1	
19030	27772	1	1800	10	20	30	40	60	70	80	90	100	120	100	60	36	20	12	8	5	3	2	1	
19031	27772	1800	2200	10	20	40	70	100	110	140	170	200	250	100	60	36	20	12	8	5	3	2	1	
19032	27772	2200	9999	10	30	50	70	120	150	200	240	280	340	100	60	36	20	12	8	5	3	2	1	
19033	27773	1	1800	10	20	30	40	60	70	80	90	100	120	100	60	36	20	12	8	5	3	2	1	
19034	27773	1800	2200	10	20	40	70	100	110	140	170	200	250	100	60	36	20	12	8	5	3	2	1	
19035	27773	2200	9999	10	30	50	70	120	150	200	240	280	340	100	60	36	20	12	8	5	3	2	1	
19036	27774	1	1800	10	20	30	40	60	70	80	90	100	120	100	60	36	20	12	8	5	3	2	1	
19037	27774	1800	2200	10	20	40	70	100	110	140	170	200	250	100	60	36	20	12	8	5	3	2	1	
19038	27774	2200	9999	10	30	50	70	120	150	200	240	280	340	100	60	36	20	12	8	5	3	2	1	
19039	27779	1	1800	10	20	30	40	60	70	80	90	100	120	100	60	36	20	12	8	5	3	2	1	
19040	27779	1800	2200	10	20	40	70	100	110	140	170	200	250	100	60	36	20	12	8	5	3	2	1	
19041	27779	2200	9999	10	30	50	70	120	150	200	240	280	340	100	60	36	20	12	8	5	3	2	1	
19042	27780	1	1800	10	20	30	40	60	70	80	90	100	120	100	60	36	20	12	8	5	3	2	1	
19043	27780	1800	2200	10	20	40	70	100	110	140	170	200	250	100	60	36	20	12	8	5	3	2	1	
19044	27780	2200	9999	10	30	50	70	120	150	200	240	280	340	100	60	36	20	12	8	5	3	2	1	
19045	27781	1	1800	10	20	30	40	60	70	80	90	100	120	100	60	36	20	12	8	5	3	2	1	
19046	27781	1800	2200	10	20	40	70	100	110	140	170	200	250	100	60	36	20	12	8	5	3	2	1	
19047	27781	2200	9999	10	30	50	70	120	150	200	240	280	340	100	60	36	20	12	8	5	3	2	1	
19048	27782	1	1800	10	20	30	40	60	70	80	90	100	120	100	60	36	20	12	8	5	3	2	1	
19049	27782	1800	2200	10	20	40	70	100	110	140	170	200	250	100	60	36	20	12	8	5	3	2	1	
19050	27782	2200	9999	10	30	50	70	120	150	200	240	280	340	100	60	36	20	12	8	5	3	2	1	
19051	27783	1	1800	10	20	30	40	60	70	80	90	100	120	100	60	36	20	12	8	5	3	2	1	
19052	27783	1800	2200	10	20	40	70	100	110	140	170	200	250	100	60	36	20	12	8	5	3	2	1	
19053	27783	2200	9999	10	30	50	70	120	150	200	240	280	340	100	60	36	20	12	8	5	3	2	1	
19054	27784	1	1800	10	20	30	40	60	70	80	90	100	120	100	60	36	20	12	8	5	3	2	1	
19055	27784	1800	2200	10	20	40	70	100	110	140	170	200	250	100	60	36	20	12	8	5	3	2	1	
19056	27784	2200	9999	10	30	50	70	120	150	200	240	280	340	100	60	36	20	12	8	5	3	2	1	
19057	27785	1	1800	10	20	30	40	60	70	80	90	100	120	100	60	36	20	12	8	5	3	2	1	
19058	27785	1800	2200	10	20	40	70	100	110	140	170	200	250	100	60	36	20	12	8	5	3	2	1	
19059	27785	2200	9999	10	30	50	70	120	150	200	240	280	340	100	60	36	20	12	8	5	3	2	1	
19060	27789	1	1800	10	20	30	40	60	70	80	90	100	120	100	60	36	20	12	8	5	3	2	1	
19061	27789	1800	2200	10	20	40	70	100	110	140	170	200	250	100	60	36	20	12	8	5	3	2	1	
19062	27789	2200	9999	10	30	50	70	120	150	200	240	280	340	100	60	36	20	12	8	5	3	2	1	
19063	27790	1	1800	10	20	30	40	60	70	80	90	100	120	100	60	36	20	12	8	5	3	2	1	
19064	27790	1800	2200	10	20	40	70	100	110	140	170	200	250	100	60	36	20	12	8	5	3	2	1	
19065	27790	2200	9999	10	30	50	70	120	150	200	240	280	340	100	60	36	20	12	8	5	3	2	1	
19066	27791	1	1800	10	20	30	40	60	70	80	90	100	120	100	60	36	20	12	8	5	3	2	1	
19067	27791	1800	2200	10	20	40	70	100	110	140	170	200	250	100	60	36	20	12	8	5	3	2	1	
19068	27791	2200	9999	10	30	50	70	120	150	200	240	280	340	100	60	36	20	12	8	5	3	2	1	
19069	27792	1	1800	10	20	30	40	60	70	80	90	100	120	100	60	36	20	12	8	5	3	2	1	
19070	27792	1800	2200	10	20	40	70	100	110	140	170	200	250	100	60	36	20	12	8	5	3	2	1	
19071	27792	2200	9999	10	30	50	70	120	150	200	240	280	340	100	60	36	20	12	8	5	3	2	1	
19072	27793	1	1800	10	20	30	40	60	70	80	90	100	120	100	60	36	20	12	8	5	3	2	1	
19073	27793	1800	2200	10	20	40	70	100	110	140	170	200	250	100	60	36	20	12	8	5	3	2	1	
19074	27793	2200	9999	10	30	50	70	120	150	200	240	280	340	100	60	36	20	12	8	5	3	2	1	
19075	27794	1	1800	10	20	30	40	60	70	80	90	100	120	100	60	36	20	12	8	5	3	2	1	
19076	27794	1800	2200	10	20	40	70	100	110	140	170	200	250	100	60	36	20	12	8	5	3	2	1	
19077	27794	2200	9999	10	30	50	70	120	150	200	240	280	340	100	60	36	20	12	8	5	3	2	1	
19078	27795	1	1800	10	20	30	40	60	70	80	90	100	120	100	60	36	20	12	8	5	3	2	1	
19079	27795	1800	2200	10	20	40	70	100	110	140	170	200	250	100	60	36	20	12	8	5	3	2	1	
19080	27795	2200	9999	10	30	50	70	120	150	200	240	280	340	100	60	36	20	12	8	5	3	2	1	
19081	27796	1	1800	10	20	30	40	60	70	80	90	100	120	100	60	36	20	12	8	5	3	2	1	
19082	27796	1800	2200	10	20	40	70	100	110	140	170	200	250	100	60	36	20	12	8	5	3	2	1	
19083	27796	2200	9999	10	30	50	70	120	150	200	240	280	340	100	60	36	20	12	8	5	3	2	1	
19084	27799	1	1800	10	20	30	40	60	70	80	90	100	120	100	60	36	20	12	8	5	3	2	1	
19085	27799	1800	2200	10	20	40	70	100	110	140	170	200	250	100	60	36	20	12	8	5	3	2	1	
19086	27799	2200	9999	10	30	50	70	120	150	200	240	280	340	100	60	36	20	12	8	5	3	2	1	
19087	27800	1	1800	10	20	30	40	60	70	80	90	100	120	100	60	36	20	12	8	5	3	2	1	
19088	27800	1800	2200	10	20	40	70	100	110	140	170	200	250	100	60	36	20	12	8	5	3	2	1	
19089	27800	2200	9999	10	30	50	70	120	150	200	240	280	340	100	60	36	20	12	8	5	3	2	1	
19090	27801	1	1800	10	20	30	40	60	70	80	90	100	120	100	60	36	20	12	8	5	3	2	1	
19091	27801	1800	2200	10	20	40	70	100	110	140	170	200	250	100	60	36	20	12	8	5	3	2	1	
19092	27801	2200	9999	10	30	50	70	120	150	200	240	280	340	100	60	36	20	12	8	5	3	2	1	
19093	27802	1	1800	10	20	30	40	60	70	80	90	100	120	100	60	36	20	12	8	5	3	2	1	
19094	27802	1800	2200	10	20	40	70	100	110	140	170	200	250	100	60	36	20	12	8	5	3	2	1	
19095	27802	2200	9999	10	30	50	70	120	150	200	240	280	340	100	60	36	20	12	8	5	3	2	1	
19096	27803	1	1800	10	20	30	40	60	70	80	90	100	120	100	60	36	20	12	8	5	3	2	1	
19097	27803	1800	2200	10	20	40	70	100	110	140	170	200	250	100	60	36	20	12	8	5	3	2	1	
19098	27803	2200	9999	10	30	50	70	120	150	200	240	280	340	100	60	36	20	12	8	5	3	2	1	
19099	27804	1	1800	10	20	30	40	60	70	80	90	100	120	100	60	36	20	12	8	5	3	2	1	
19100	27804	1800	2200	10	20	40	70	100	110	140	170	200	250	100	60	36	20	12	8	5	3	2	1	
19101	27804	2200	9999	10	30	50	70	120	150	200	240	280	340	100	60	36	20	12	8	5	3	2	1	
19102	27805	1	1800	10	20	30	40	60	70	80	90	100	120	100	60	36	20	12	8	5	3	2	1	
19103	27805	1800	2200	10	20	40	70	100	110	140	170	200	250	100	60	36	20	12	8	5	3	2	1	
19104	27805	2200	9999	10	30	50	70	120	150	200	240	280	340	100	60	36	20	12	8	5	3	2	1	
19105	27806	1	1800	10	20	30	40	60	70	80	90	100	120	100	60	36	20	12	8	5	3	2	1	
19106	27806	1800	2200	10	20	40	70	100	110	140	170	200	250	100	60	36	20	12	8	5	3	2	1	
19107	27806	2200	9999	10	30	50	70	120	150	200	240	280	340	100	60	36	20	12	8	5	3	2	1	
19108	27807	1	1800	10	20	30	40	60	70	80	90	100	120	100	60	36	20	12	8	5	3	2	1	
19109	27807	1800	2200	10	20	40	70	100	110	140	170	200	250	100	60	36	20	12	8	5	3	2	1	
19110	27807	2200	9999	10	30	50	70	120	150	200	240	280	340	100	60	36	20	12	8	5	3	2	1	
19111	27809	1	1800	10	20	30	40	60	70	80	90	100	120	100	60	36	20	12	8	5	3	2	1	
19112	27809	1800	2200	10	20	40	70	100	110	140	170	200	250	100	60	36	20	12	8	5	3	2	1	
19113	27809	2200	9999	10	30	50	70	120	150	200	240	280	340	100	60	36	20	12	8	5	3	2	1	
19114	27810	1	1800	10	20	30	40	60	70	80	90	100	120	100	60	36	20	12	8	5	3	2	1	
19115	27810	1800	2200	10	20	40	70	100	110	140	170	200	250	100	60	36	20	12	8	5	3	2	1	
19116	27810	2200	9999	10	30	50	70	120	150	200	240	280	340	100	60	36	20	12	8	5	3	2	1	
19117	27811	1	1800	10	20	30	40	60	70	80	90	100	120	100	60	36	20	12	8	5	3	2	1	
19118	27811	1800	2200	10	20	40	70	100	110	140	170	200	250	100	60	36	20	12	8	5	3	2	1	
19119	27811	2200	9999	10	30	50	70	120	150	200	240	280	340	100	60	36	20	12	8	5	3	2	1	
19120	27812	1	1800	10	20	30	40	60	70	80	90	100	120	100	60	36	20	12	8	5	3	2	1	
19121	27812	1800	2200	10	20	40	70	100	110	140	170	200	250	100	60	36	20	12	8	5	3	2	1	
19122	27812	2200	9999	10	30	50	70	120	150	200	240	280	340	100	60	36	20	12	8	5	3	2	1	
19123	27813	1	1800	10	20	30	40	60	70	80	90	100	120	100	60	36	20	12	8	5	3	2	1	
19124	27813	1800	2200	10	20	40	70	100	110	140	170	200	250	100	60	36	20	12	8	5	3	2	1	
19125	27813	2200	9999	10	30	50	70	120	150	200	240	280	340	100	60	36	20	12	8	5	3	2	1	
19126	27814	1	1800	10	20	30	40	60	70	80	90	100	120	100	60	36	20	12	8	5	3	2	1	
19127	27814	1800	2200	10	20	40	70	100	110	140	170	200	250	100	60	36	20	12	8	5	3	2	1	
19128	27814	2200	9999	10	30	50	70	120	150	200	240	280	340	100	60	36	20	12	8	5	3	2	1	
19129	27815	1	1800	10	20	30	40	60	70	80	90	100	120	100	60	36	20	12	8	5	3	2	1	
19130	27815	1800	2200	10	20	40	70	100	110	140	170	200	250	100	60	36	20	12	8	5	3	2	1	
19131	27815	2200	9999	10	30	50	70	120	150	200	240	280	340	100	60	36	20	12	8	5	3	2	1	
19132	27816	1	1800	10	20	30	40	60	70	80	90	100	120	100	60	36	20	12	8	5	3	2	1	
19133	27816	1800	2200	10	20	40	70	100	110	140	170	200	250	100	60	36	20	12	8	5	3	2	1	
19134	27816	2200	9999	10	30	50	70	120	150	200	240	280	340	100	60	36	20	12	8	5	3	2	1	
19135	27817	1	1800	10	20	30	40	60	70	80	90	100	120	100	60	36	20	12	8	5	3	2	1	
19136	27817	1800	2200	10	20	40	70	100	110	140	170	200	250	100	60	36	20	12	8	5	3	2	1	
19137	27817	2200	9999	10	30	50	70	120	150	200	240	280	340	100	60	36	20	12	8	5	3	2	1	
19138	27818	1	1800	10	20	30	40	60	70	80	90	100	120	100	60	36	20	12	8	5	3	2	1	
19139	27818	1800	2200	10	20	40	70	100	110	140	170	200	250	100	60	36	20	12	8	5	3	2	1	
19140	27818	2200	9999	10	30	50	70	120	150	200	240	280	340	100	60	36	20	12	8	5	3	2	1	
19141	27819	1	1800	10	20	30	40	60	70	80	90	100	120	100	60	36	20	12	8	5	3	2	1	
19142	27819	1800	2200	10	20	40	70	100	110	140	170	200	250	100	60	36	20	12	8	5	3	2	1	
19143	27819	2200	9999	10	30	50	70	120	150	200	240	280	340	100	60	36	20	12	8	5	3	2	1	
19144	27901	1	1800	10	20	30	40	60	70	80	90	100	120	100	60	36	20	12	8	5	3	2	1	
19145	27901	1800	2200	10	20	40	70	100	110	140	170	200	250	100	60	36	20	12	8	5	3	2	1	
19146	27901	2200	9999	10	30	50	70	120	150	200	240	280	340	100	60	36	20	12	8	5	3	2	1	
19147	27911	1	1800	10	20	30	40	60	70	80	90	100	120	100	60	36	20	12	8	5	3	2	1	
19148	27911	1800	2200	10	20	40	70	100	110	140	170	200	250	100	60	36	20	12	8	5	3	2	1	
19149	27911	2200	9999	10	30	50	70	120	150	200	240	280	340	100	60	36	20	12	8	5	3	2	1	
19150	27921	1	1800	10	20	30	40	60	70	80	90	100	120	100	60	36	20	12	8	5	3	2	1	
19151	27921	1800	2200	10	20	40	70	100	110	140	170	200	250	100	60	36	20	12	8	5	3	2	1	
19152	27921	2200	9999	10	30	50	70	120	150	200	240	280	340	100	60	36	20	12	8	5	3	2	1	
19153	30941	1	1800	10	20	30	40	60	70	80	90	100	120	100	60	36	20	12	8	5	3	2	1	
19154	30941	1800	2200	10	20	40	70	100	110	140	170	200	250	100	60	36	20	12	8	5	3	2	1	
19155	30941	2200	9999	10	30	50	70	120	150	200	240	280	340	100	60	36	20	12	8	5	3	2	1	
19156	30942	1	1800	10	20	30	40	60	70	80	90	100	120	100	60	36	20	12	8	5	3	2	1	
19157	30942	1800	2200	10	20	40	70	100	110	140	170	200	250	100	60	36	20	12	8	5	3	2	1	
19158	30942	2200	9999	10	30	50	70	120	150	200	240	280	340	100	60	36	20	12	8	5	3	2	1	
19159	30949	1	1800	10	20	30	40	60	70	80	90	100	120	100	60	36	20	12	8	5	3	2	1	
19160	30949	1800	2200	10	20	40	70	100	110	140	170	200	250	100	60	36	20	12	8	5	3	2	1	
19161	30949	2200	9999	10	30	50	70	120	150	200	240	280	340	100	60	36	20	12	8	5	3	2	1	
19162	30951	1	1800	10	20	30	40	60	70	80	90	100	120	100	60	36	20	12	8	5	3	2	1	
19163	30951	1800	2200	10	20	40	70	100	110	140	170	200	250	100	60	36	20	12	8	5	3	2	1	
19164	30951	2200	9999	10	30	50	70	120	150	200	240	280	340	100	60	36	20	12	8	5	3	2	1	
19165	30952	1	1800	10	20	30	40	60	70	80	90	100	120	100	60	36	20	12	8	5	3	2	1	
19166	30952	1800	2200	10	20	40	70	100	110	140	170	200	250	100	60	36	20	12	8	5	3	2	1	
19167	30952	2200	9999	10	30	50	70	120	150	200	240	280	340	100	60	36	20	12	8	5	3	2	1	
19168	30953	1	1800	10	20	30	40	60	70	80	90	100	120	100	60	36	20	12	8	5	3	2	1	
19169	30953	1800	2200	10	20	40	70	100	110	140	170	200	250	100	60	36	20	12	8	5	3	2	1	
19170	30953	2200	9999	10	30	50	70	120	150	200	240	280	340	100	60	36	20	12	8	5	3	2	1	
19171	30959	1	1800	10	20	30	40	60	70	80	90	100	120	100	60	36	20	12	8	5	3	2	1	
19172	30959	1800	2200	10	20	40	70	100	110	140	170	200	250	100	60	36	20	12	8	5	3	2	1	
19173	30959	2200	9999	10	30	50	70	120	150	200	240	280	340	100	60	36	20	12	8	5	3	2	1	
19174	30961	1	1800	10	20	30	40	60	70	80	90	100	120	100	60	36	20	12	8	5	3	2	1	
19175	30961	1800	2200	10	20	40	70	100	110	140	170	200	250	100	60	36	20	12	8	5	3	2	1	
19176	30961	2200	9999	10	30	50	70	120	150	200	240	280	340	100	60	36	20	12	8	5	3	2	1	
19177	30962	1	1800	10	20	30	40	60	70	80	90	100	120	100	60	36	20	12	8	5	3	2	1	
19178	30962	1800	2200	10	20	40	70	100	110	140	170	200	250	100	60	36	20	12	8	5	3	2	1	
19179	30962	2200	9999	10	30	50	70	120	150	200	240	280	340	100	60	36	20	12	8	5	3	2	1	
19180	30963	1	1800	10	20	30	40	60	70	80	90	100	120	100	60	36	20	12	8	5	3	2	1	
19181	30963	1800	2200	10	20	40	70	100	110	140	170	200	250	100	60	36	20	12	8	5	3	2	1	
19182	30963	2200	9999	10	30	50	70	120	150	200	240	280	340	100	60	36	20	12	8	5	3	2	1	
19183	30964	1	1800	10	20	30	40	60	70	80	90	100	120	100	60	36	20	12	8	5	3	2	1	
19184	30964	1800	2200	10	20	40	70	100	110	140	170	200	250	100	60	36	20	12	8	5	3	2	1	
19185	30964	2200	9999	10	30	50	70	120	150	200	240	280	340	100	60	36	20	12	8	5	3	2	1	
19186	30969	1	1800	10	20	30	40	60	70	80	90	100	120	100	60	36	20	12	8	5	3	2	1	
19187	30969	1800	2200	10	20	40	70	100	110	140	170	200	250	100	60	36	20	12	8	5	3	2	1	
19188	30969	2200	9999	10	30	50	70	120	150	200	240	280	340	100	60	36	20	12	8	5	3	2	1	
19189	30971	1	1800	10	20	30	40	60	70	80	90	100	120	100	60	36	20	12	8	5	3	2	1	
19190	30971	1800	2200	10	20	40	70	100	110	140	170	200	250	100	60	36	20	12	8	5	3	2	1	
19191	30971	2200	9999	10	30	50	70	120	150	200	240	280	340	100	60	36	20	12	8	5	3	2	1	
19192	30972	1	1800	10	20	30	40	60	70	80	90	100	120	100	60	36	20	12	8	5	3	2	1	
19193	30972	1800	2200	10	20	40	70	100	110	140	170	200	250	100	60	36	20	12	8	5	3	2	1	
19194	30972	2200	9999	10	30	50	70	120	150	200	240	280	340	100	60	36	20	12	8	5	3	2	1	
19195	30973	1	1800	10	20	30	40	60	70	80	90	100	120	100	60	36	20	12	8	5	3	2	1	
19196	30973	1800	2200	10	20	40	70	100	110	140	170	200	250	100	60	36	20	12	8	5	3	2	1	
19197	30973	2200	9999	10	30	50	70	120	150	200	240	280	340	100	60	36	20	12	8	5	3	2	1	
19198	30974	1	1800	10	20	30	40	60	70	80	90	100	120	100	60	36	20	12	8	5	3	2	1	
19199	30974	1800	2200	10	20	40	70	100	110	140	170	200	250	100	60	36	20	12	8	5	3	2	1	
19200	30974	2200	9999	10	30	50	70	120	150	200	240	280	340	100	60	36	20	12	8	5	3	2	1	
19201	30975	1	1800	10	20	30	40	60	70	80	90	100	120	100	60	36	20	12	8	5	3	2	1	
19202	30975	1800	2200	10	20	40	70	100	110	140	170	200	250	100	60	36	20	12	8	5	3	2	1	
19203	30975	2200	9999	10	30	50	70	120	150	200	240	280	340	100	60	36	20	12	8	5	3	2	1	
19204	30979	1	1800	10	20	30	40	60	70	80	90	100	120	100	60	36	20	12	8	5	3	2	1	
19205	30979	1800	2200	10	20	40	70	100	110	140	170	200	250	100	60	36	20	12	8	5	3	2	1	
19206	30979	2200	9999	10	30	50	70	120	150	200	240	280	340	100	60	36	20	12	8	5	3	2	1	
19207	30981	1	1800	10	20	30	40	60	70	80	90	100	120	100	60	36	20	12	8	5	3	2	1	
19208	30981	1800	2200	10	20	40	70	100	110	140	170	200	250	100	60	36	20	12	8	5	3	2	1	
19209	30981	2200	9999	10	30	50	70	120	150	200	240	280	340	100	60	36	20	12	8	5	3	2	1	
19210	30982	1	1800	10	20	30	40	60	70	80	90	100	120	100	60	36	20	12	8	5	3	2	1	
19211	30982	1800	2200	10	20	40	70	100	110	140	170	200	250	100	60	36	20	12	8	5	3	2	1	
19212	30982	2200	9999	10	30	50	70	120	150	200	240	280	340	100	60	36	20	12	8	5	3	2	1	
19213	30983	1	1800	10	20	30	40	60	70	80	90	100	120	100	60	36	20	12	8	5	3	2	1	
19214	30983	1800	2200	10	20	40	70	100	110	140	170	200	250	100	60	36	20	12	8	5	3	2	1	
19215	30983	2200	9999	10	30	50	70	120	150	200	240	280	340	100	60	36	20	12	8	5	3	2	1	
19216	30984	1	1800	10	20	30	40	60	70	80	90	100	120	100	60	36	20	12	8	5	3	2	1	
19217	30984	1800	2200	10	20	40	70	100	110	140	170	200	250	100	60	36	20	12	8	5	3	2	1	
19218	30984	2200	9999	10	30	50	70	120	150	200	240	280	340	100	60	36	20	12	8	5	3	2	1	
19219	30985	1	1800	10	20	30	40	60	70	80	90	100	120	100	60	36	20	12	8	5	3	2	1	
19220	30985	1800	2200	10	20	40	70	100	110	140	170	200	250	100	60	36	20	12	8	5	3	2	1	
19221	30985	2200	9999	10	30	50	70	120	150	200	240	280	340	100	60	36	20	12	8	5	3	2	1	
19222	30986	1	1800	10	20	30	40	60	70	80	90	100	120	100	60	36	20	12	8	5	3	2	1	
19223	30986	1800	2200	10	20	40	70	100	110	140	170	200	250	100	60	36	20	12	8	5	3	2	1	
19224	30986	2200	9999	10	30	50	70	120	150	200	240	280	340	100	60	36	20	12	8	5	3	2	1	
19225	30989	1	1800	10	20	30	40	60	70	80	90	100	120	100	60	36	20	12	8	5	3	2	1	
19226	30989	1800	2200	10	20	40	70	100	110	140	170	200	250	100	60	36	20	12	8	5	3	2	1	
19227	30989	2200	9999	10	30	50	70	120	150	200	240	280	340	100	60	36	20	12	8	5	3	2	1	
19228	30991	1	1800	10	20	30	40	60	70	80	90	100	120	100	60	36	20	12	8	5	3	2	1	
19229	30991	1800	2200	10	20	40	70	100	110	140	170	200	250	100	60	36	20	12	8	5	3	2	1	
19230	30991	2200	9999	10	30	50	70	120	150	200	240	280	340	100	60	36	20	12	8	5	3	2	1	
19231	30992	1	1800	10	20	30	40	60	70	80	90	100	120	100	60	36	20	12	8	5	3	2	1	
19232	30992	1800	2200	10	20	40	70	100	110	140	170	200	250	100	60	36	20	12	8	5	3	2	1	
19233	30992	2200	9999	10	30	50	70	120	150	200	240	280	340	100	60	36	20	12	8	5	3	2	1	
19234	30993	1	1800	10	20	30	40	60	70	80	90	100	120	100	60	36	20	12	8	5	3	2	1	
19235	30993	1800	2200	10	20	40	70	100	110	140	170	200	250	100	60	36	20	12	8	5	3	2	1	
19236	30993	2200	9999	10	30	50	70	120	150	200	240	280	340	100	60	36	20	12	8	5	3	2	1	
19237	30994	1	1800	10	20	30	40	60	70	80	90	100	120	100	60	36	20	12	8	5	3	2	1	
19238	30994	1800	2200	10	20	40	70	100	110	140	170	200	250	100	60	36	20	12	8	5	3	2	1	
19239	30994	2200	9999	10	30	50	70	120	150	200	240	280	340	100	60	36	20	12	8	5	3	2	1	
19240	30995	1	1800	10	20	30	40	60	70	80	90	100	120	100	60	36	20	12	8	5	3	2	1	
19241	30995	1800	2200	10	20	40	70	100	110	140	170	200	250	100	60	36	20	12	8	5	3	2	1	
19242	30995	2200	9999	10	30	50	70	120	150	200	240	280	340	100	60	36	20	12	8	5	3	2	1	
19243	30996	1	1800	10	20	30	40	60	70	80	90	100	120	100	60	36	20	12	8	5	3	2	1	
19244	30996	1800	2200	10	20	40	70	100	110	140	170	200	250	100	60	36	20	12	8	5	3	2	1	
19245	30996	2200	9999	10	30	50	70	120	150	200	240	280	340	100	60	36	20	12	8	5	3	2	1	
19246	30997	1	1800	10	20	30	40	60	70	80	90	100	120	100	60	36	20	12	8	5	3	2	1	
19247	30997	1800	2200	10	20	40	70	100	110	140	170	200	250	100	60	36	20	12	8	5	3	2	1	
19248	30997	2200	9999	10	30	50	70	120	150	200	240	280	340	100	60	36	20	12	8	5	3	2	1	
19249	30999	1	1800	10	20	30	40	60	70	80	90	100	120	100	60	36	20	12	8	5	3	2	1	
19250	30999	1800	2200	10	20	40	70	100	110	140	170	200	250	100	60	36	20	12	8	5	3	2	1	
19251	30999	2200	9999	10	30	50	70	120	150	200	240	280	340	100	60	36	20	12	8	5	3	2	1	
19252	31001	1	1800	10	20	30	40	60	70	80	90	100	120	100	60	36	20	12	8	5	3	2	1	
19253	31001	1800	2200	10	20	40	70	100	110	140	170	200	250	100	60	36	20	12	8	5	3	2	1	
19254	31001	2200	9999	10	30	50	70	120	150	200	240	280	340	100	60	36	20	12	8	5	3	2	1	
19255	31002	1	1800	10	20	30	40	60	70	80	90	100	120	100	60	36	20	12	8	5	3	2	1	
19256	31002	1800	2200	10	20	40	70	100	110	140	170	200	250	100	60	36	20	12	8	5	3	2	1	
19257	31002	2200	9999	10	30	50	70	120	150	200	240	280	340	100	60	36	20	12	8	5	3	2	1	
19258	31003	1	1800	10	20	30	40	60	70	80	90	100	120	100	60	36	20	12	8	5	3	2	1	
19259	31003	1800	2200	10	20	40	70	100	110	140	170	200	250	100	60	36	20	12	8	5	3	2	1	
19260	31003	2200	9999	10	30	50	70	120	150	200	240	280	340	100	60	36	20	12	8	5	3	2	1	
19261	31004	1	1800	10	20	30	40	60	70	80	90	100	120	100	60	36	20	12	8	5	3	2	1	
19262	31004	1800	2200	10	20	40	70	100	110	140	170	200	250	100	60	36	20	12	8	5	3	2	1	
19263	31004	2200	9999	10	30	50	70	120	150	200	240	280	340	100	60	36	20	12	8	5	3	2	1	
19264	31005	1	1800	10	20	30	40	60	70	80	90	100	120	100	60	36	20	12	8	5	3	2	1	
19265	31005	1800	2200	10	20	40	70	100	110	140	170	200	250	100	60	36	20	12	8	5	3	2	1	
19266	31005	2200	9999	10	30	50	70	120	150	200	240	280	340	100	60	36	20	12	8	5	3	2	1	
19267	31006	1	1800	10	20	30	40	60	70	80	90	100	120	100	60	36	20	12	8	5	3	2	1	
19268	31006	1800	2200	10	20	40	70	100	110	140	170	200	250	100	60	36	20	12	8	5	3	2	1	
19269	31006	2200	9999	10	30	50	70	120	150	200	240	280	340	100	60	36	20	12	8	5	3	2	1	
19270	31007	1	1800	10	20	30	40	60	70	80	90	100	120	100	60	36	20	12	8	5	3	2	1	
19271	31007	1800	2200	10	20	40	70	100	110	140	170	200	250	100	60	36	20	12	8	5	3	2	1	
19272	31007	2200	9999	10	30	50	70	120	150	200	240	280	340	100	60	36	20	12	8	5	3	2	1	
19273	31008	1	1800	10	20	30	40	60	70	80	90	100	120	100	60	36	20	12	8	5	3	2	1	
19274	31008	1800	2200	10	20	40	70	100	110	140	170	200	250	100	60	36	20	12	8	5	3	2	1	
19275	31008	2200	9999	10	30	50	70	120	150	200	240	280	340	100	60	36	20	12	8	5	3	2	1	
19276	31009	1	1800	10	20	30	40	60	70	80	90	100	120	100	60	36	20	12	8	5	3	2	1	
19277	31009	1800	2200	10	20	40	70	100	110	140	170	200	250	100	60	36	20	12	8	5	3	2	1	
19278	31009	2200	9999	10	30	50	70	120	150	200	240	280	340	100	60	36	20	12	8	5	3	2	1	
19279	31011	1	1800	10	20	30	40	60	70	80	90	100	120	100	60	36	20	12	8	5	3	2	1	
19280	31011	1800	2200	10	20	40	70	100	110	140	170	200	250	100	60	36	20	12	8	5	3	2	1	
19281	31011	2200	9999	10	30	50	70	120	150	200	240	280	340	100	60	36	20	12	8	5	3	2	1	
19282	31021	1	1800	10	20	30	40	60	70	80	90	100	120	100	60	36	20	12	8	5	3	2	1	
19283	31021	1800	2200	10	20	40	70	100	110	140	170	200	250	100	60	36	20	12	8	5	3	2	1	
19284	31021	2200	9999	10	30	50	70	120	150	200	240	280	340	100	60	36	20	12	8	5	3	2	1	
19285	31031	1	1800	10	20	30	40	60	70	80	90	100	120	100	60	36	20	12	8	5	3	2	1	
19286	31031	1800	2200	10	20	40	70	100	110	140	170	200	250	100	60	36	20	12	8	5	3	2	1	
19287	31031	2200	9999	10	30	50	70	120	150	200	240	280	340	100	60	36	20	12	8	5	3	2	1	
19288	31041	1	1800	10	20	30	40	60	70	80	90	100	120	100	60	36	20	12	8	5	3	2	1	
19289	31041	1800	2200	10	20	40	70	100	110	140	170	200	250	100	60	36	20	12	8	5	3	2	1	
19290	31041	2200	9999	10	30	50	70	120	150	200	240	280	340	100	60	36	20	12	8	5	3	2	1	
19291	6731	1	1800	10	20	30	40	60	70	80	90	100	120	100	60	36	20	12	8	5	3	2	1	
19292	6731	1800	2200	10	20	40	70	100	110	140	170	200	250	100	60	36	20	12	8	5	3	2	1	
19293	6731	2200	9999	10	30	50	70	120	150	200	240	280	340	100	60	36	20	12	8	5	3	2	1	
19294	6732	1	1800	10	20	30	40	60	70	80	90	100	120	100	60	36	20	12	8	5	3	2	1	
19295	6732	1800	2200	10	20	40	70	100	110	140	170	200	250	100	60	36	20	12	8	5	3	2	1	
19296	6732	2200	9999	10	30	50	70	120	150	200	240	280	340	100	60	36	20	12	8	5	3	2	1	
19297	6739	1	1800	10	20	30	40	60	70	80	90	100	120	100	60	36	20	12	8	5	3	2	1	
19298	6739	1800	2200	10	20	40	70	100	110	140	170	200	250	100	60	36	20	12	8	5	3	2	1	
19299	6739	2200	9999	10	30	50	70	120	150	200	240	280	340	100	60	36	20	12	8	5	3	2	1	
19300	6741	1	1800	10	20	30	40	60	70	80	90	100	120	100	60	36	20	12	8	5	3	2	1	
19301	6741	1800	2200	10	20	40	70	100	110	140	170	200	250	100	60	36	20	12	8	5	3	2	1	
19302	6741	2200	9999	10	30	50	70	120	150	200	240	280	340	100	60	36	20	12	8	5	3	2	1	
19303	6742	1	1800	10	20	30	40	60	70	80	90	100	120	100	60	36	20	12	8	5	3	2	1	
19304	6742	1800	2200	10	20	40	70	100	110	140	170	200	250	100	60	36	20	12	8	5	3	2	1	
19305	6742	2200	9999	10	30	50	70	120	150	200	240	280	340	100	60	36	20	12	8	5	3	2	1	
19306	6743	1	1800	10	20	30	40	60	70	80	90	100	120	100	60	36	20	12	8	5	3	2	1	
19307	6743	1800	2200	10	20	40	70	100	110	140	170	200	250	100	60	36	20	12	8	5	3	2	1	
19308	6743	2200	9999	10	30	50	70	120	150	200	240	280	340	100	60	36	20	12	8	5	3	2	1	
19309	6749	1	1800	10	20	30	40	60	70	80	90	100	120	100	60	36	20	12	8	5	3	2	1	
19310	6749	1800	2200	10	20	40	70	100	110	140	170	200	250	100	60	36	20	12	8	5	3	2	1	
19311	6749	2200	9999	10	30	50	70	120	150	200	240	280	340	100	60	36	20	12	8	5	3	2	1	
19312	6751	1	1800	10	20	30	40	60	70	80	90	100	120	100	60	36	20	12	8	5	3	2	1	
19313	6751	1800	2200	10	20	40	70	100	110	140	170	200	250	100	60	36	20	12	8	5	3	2	1	
19314	6751	2200	9999	10	30	50	70	120	150	200	240	280	340	100	60	36	20	12	8	5	3	2	1	
19315	6752	1	1800	10	20	30	40	60	70	80	90	100	120	100	60	36	20	12	8	5	3	2	1	
19316	6752	1800	2200	10	20	40	70	100	110	140	170	200	250	100	60	36	20	12	8	5	3	2	1	
19317	6752	2200	9999	10	30	50	70	120	150	200	240	280	340	100	60	36	20	12	8	5	3	2	1	
19318	6753	1	1800	10	20	30	40	60	70	80	90	100	120	100	60	36	20	12	8	5	3	2	1	
19319	6753	1800	2200	10	20	40	70	100	110	140	170	200	250	100	60	36	20	12	8	5	3	2	1	
19320	6753	2200	9999	10	30	50	70	120	150	200	240	280	340	100	60	36	20	12	8	5	3	2	1	
19321	6754	1	1800	10	20	30	40	60	70	80	90	100	120	100	60	36	20	12	8	5	3	2	1	
19322	6754	1800	2200	10	20	40	70	100	110	140	170	200	250	100	60	36	20	12	8	5	3	2	1	
19323	6754	2200	9999	10	30	50	70	120	150	200	240	280	340	100	60	36	20	12	8	5	3	2	1	
19324	6759	1	1800	10	20	30	40	60	70	80	90	100	120	100	60	36	20	12	8	5	3	2	1	
19325	6759	1800	2200	10	20	40	70	100	110	140	170	200	250	100	60	36	20	12	8	5	3	2	1	
19326	6759	2200	9999	10	30	50	70	120	150	200	240	280	340	100	60	36	20	12	8	5	3	2	1	
19327	6761	1	1800	10	20	30	40	60	70	80	90	100	120	100	60	36	20	12	8	5	3	2	1	
19328	6761	1800	2200	10	20	40	70	100	110	140	170	200	250	100	60	36	20	12	8	5	3	2	1	
19329	6761	2200	9999	10	30	50	70	120	150	200	240	280	340	100	60	36	20	12	8	5	3	2	1	
19330	6762	1	1800	10	20	30	40	60	70	80	90	100	120	100	60	36	20	12	8	5	3	2	1	
19331	6762	1800	2200	10	20	40	70	100	110	140	170	200	250	100	60	36	20	12	8	5	3	2	1	
19332	6762	2200	9999	10	30	50	70	120	150	200	240	280	340	100	60	36	20	12	8	5	3	2	1	
19333	6763	1	1800	10	20	30	40	60	70	80	90	100	120	100	60	36	20	12	8	5	3	2	1	
19334	6763	1800	2200	10	20	40	70	100	110	140	170	200	250	100	60	36	20	12	8	5	3	2	1	
19335	6763	2200	9999	10	30	50	70	120	150	200	240	280	340	100	60	36	20	12	8	5	3	2	1	
19336	6764	1	1800	10	20	30	40	60	70	80	90	100	120	100	60	36	20	12	8	5	3	2	1	
19337	6764	1800	2200	10	20	40	70	100	110	140	170	200	250	100	60	36	20	12	8	5	3	2	1	
19338	6764	2200	9999	10	30	50	70	120	150	200	240	280	340	100	60	36	20	12	8	5	3	2	1	
19339	6765	1	1800	10	20	30	40	60	70	80	90	100	120	100	60	36	20	12	8	5	3	2	1	
19340	6765	1800	2200	10	20	40	70	100	110	140	170	200	250	100	60	36	20	12	8	5	3	2	1	
19341	6765	2200	9999	10	30	50	70	120	150	200	240	280	340	100	60	36	20	12	8	5	3	2	1	
19342	6769	1	1800	10	20	30	40	60	70	80	90	100	120	100	60	36	20	12	8	5	3	2	1	
19343	6769	1800	2200	10	20	40	70	100	110	140	170	200	250	100	60	36	20	12	8	5	3	2	1	
19344	6769	2200	9999	10	30	50	70	120	150	200	240	280	340	100	60	36	20	12	8	5	3	2	1	
19345	6771	1	1800	10	20	30	40	60	70	80	90	100	120	100	60	36	20	12	8	5	3	2	1	
19346	6771	1800	2200	10	20	40	70	100	110	140	170	200	250	100	60	36	20	12	8	5	3	2	1	
19347	6771	2200	9999	10	30	50	70	120	150	200	240	280	340	100	60	36	20	12	8	5	3	2	1	
19348	6772	1	1800	10	20	30	40	60	70	80	90	100	120	100	60	36	20	12	8	5	3	2	1	
19349	6772	1800	2200	10	20	40	70	100	110	140	170	200	250	100	60	36	20	12	8	5	3	2	1	
19350	6772	2200	9999	10	30	50	70	120	150	200	240	280	340	100	60	36	20	12	8	5	3	2	1	
19351	6773	1	1800	10	20	30	40	60	70	80	90	100	120	100	60	36	20	12	8	5	3	2	1	
19352	6773	1800	2200	10	20	40	70	100	110	140	170	200	250	100	60	36	20	12	8	5	3	2	1	
19353	6773	2200	9999	10	30	50	70	120	150	200	240	280	340	100	60	36	20	12	8	5	3	2	1	
19354	6774	1	1800	10	20	30	40	60	70	80	90	100	120	100	60	36	20	12	8	5	3	2	1	
19355	6774	1800	2200	10	20	40	70	100	110	140	170	200	250	100	60	36	20	12	8	5	3	2	1	
19356	6774	2200	9999	10	30	50	70	120	150	200	240	280	340	100	60	36	20	12	8	5	3	2	1	
19357	6775	1	1800	10	20	30	40	60	70	80	90	100	120	100	60	36	20	12	8	5	3	2	1	
19358	6775	1800	2200	10	20	40	70	100	110	140	170	200	250	100	60	36	20	12	8	5	3	2	1	
19359	6775	2200	9999	10	30	50	70	120	150	200	240	280	340	100	60	36	20	12	8	5	3	2	1	
19360	6776	1	1800	10	20	30	40	60	70	80	90	100	120	100	60	36	20	12	8	5	3	2	1	
19361	6776	1800	2200	10	20	40	70	100	110	140	170	200	250	100	60	36	20	12	8	5	3	2	1	
19362	6776	2200	9999	10	30	50	70	120	150	200	240	280	340	100	60	36	20	12	8	5	3	2	1	
19363	6779	1	1800	10	20	30	40	60	70	80	90	100	120	100	60	36	20	12	8	5	3	2	1	
19364	6779	1800	2200	10	20	40	70	100	110	140	170	200	250	100	60	36	20	12	8	5	3	2	1	
19365	6779	2200	9999	10	30	50	70	120	150	200	240	280	340	100	60	36	20	12	8	5	3	2	1	
19366	6781	1	1800	10	20	30	40	60	70	80	90	100	120	100	60	36	20	12	8	5	3	2	1	
19367	6781	1800	2200	10	20	40	70	100	110	140	170	200	250	100	60	36	20	12	8	5	3	2	1	
19368	6781	2200	9999	10	30	50	70	120	150	200	240	280	340	100	60	36	20	12	8	5	3	2	1	
19369	6782	1	1800	10	20	30	40	60	70	80	90	100	120	100	60	36	20	12	8	5	3	2	1	
19370	6782	1800	2200	10	20	40	70	100	110	140	170	200	250	100	60	36	20	12	8	5	3	2	1	
19371	6782	2200	9999	10	30	50	70	120	150	200	240	280	340	100	60	36	20	12	8	5	3	2	1	
19372	6783	1	1800	10	20	30	40	60	70	80	90	100	120	100	60	36	20	12	8	5	3	2	1	
19373	6783	1800	2200	10	20	40	70	100	110	140	170	200	250	100	60	36	20	12	8	5	3	2	1	
19374	6783	2200	9999	10	30	50	70	120	150	200	240	280	340	100	60	36	20	12	8	5	3	2	1	
19375	6784	1	1800	10	20	30	40	60	70	80	90	100	120	100	60	36	20	12	8	5	3	2	1	
19376	6784	1800	2200	10	20	40	70	100	110	140	170	200	250	100	60	36	20	12	8	5	3	2	1	
19377	6784	2200	9999	10	30	50	70	120	150	200	240	280	340	100	60	36	20	12	8	5	3	2	1	
19378	6785	1	1800	10	20	30	40	60	70	80	90	100	120	100	60	36	20	12	8	5	3	2	1	
19379	6785	1800	2200	10	20	40	70	100	110	140	170	200	250	100	60	36	20	12	8	5	3	2	1	
19380	6785	2200	9999	10	30	50	70	120	150	200	240	280	340	100	60	36	20	12	8	5	3	2	1	
19381	6786	1	1800	10	20	30	40	60	70	80	90	100	120	100	60	36	20	12	8	5	3	2	1	
19382	6786	1800	2200	10	20	40	70	100	110	140	170	200	250	100	60	36	20	12	8	5	3	2	1	
19383	6786	2200	9999	10	30	50	70	120	150	200	240	280	340	100	60	36	20	12	8	5	3	2	1	
19384	6787	1	1800	10	20	30	40	60	70	80	90	100	120	100	60	36	20	12	8	5	3	2	1	
19385	6787	1800	2200	10	20	40	70	100	110	140	170	200	250	100	60	36	20	12	8	5	3	2	1	
19386	6787	2200	9999	10	30	50	70	120	150	200	240	280	340	100	60	36	20	12	8	5	3	2	1	
19387	6789	1	1800	10	20	30	40	60	70	80	90	100	120	100	60	36	20	12	8	5	3	2	1	
19388	6789	1800	2200	10	20	40	70	100	110	140	170	200	250	100	60	36	20	12	8	5	3	2	1	
19389	6789	2200	9999	10	30	50	70	120	150	200	240	280	340	100	60	36	20	12	8	5	3	2	1	
19390	6791	1	1800	10	20	30	40	60	70	80	90	100	120	100	60	36	20	12	8	5	3	2	1	
19391	6791	1800	2200	10	20	40	70	100	110	140	170	200	250	100	60	36	20	12	8	5	3	2	1	
19392	6791	2200	9999	10	30	50	70	120	150	200	240	280	340	100	60	36	20	12	8	5	3	2	1	
19393	6792	1	1800	10	20	30	40	60	70	80	90	100	120	100	60	36	20	12	8	5	3	2	1	
19394	6792	1800	2200	10	20	40	70	100	110	140	170	200	250	100	60	36	20	12	8	5	3	2	1	
19395	6792	2200	9999	10	30	50	70	120	150	200	240	280	340	100	60	36	20	12	8	5	3	2	1	
19396	6793	1	1800	10	20	30	40	60	70	80	90	100	120	100	60	36	20	12	8	5	3	2	1	
19397	6793	1800	2200	10	20	40	70	100	110	140	170	200	250	100	60	36	20	12	8	5	3	2	1	
19398	6793	2200	9999	10	30	50	70	120	150	200	240	280	340	100	60	36	20	12	8	5	3	2	1	
19399	6794	1	1800	10	20	30	40	60	70	80	90	100	120	100	60	36	20	12	8	5	3	2	1	
19400	6794	1800	2200	10	20	40	70	100	110	140	170	200	250	100	60	36	20	12	8	5	3	2	1	
19401	6794	2200	9999	10	30	50	70	120	150	200	240	280	340	100	60	36	20	12	8	5	3	2	1	
19402	6795	1	1800	10	20	30	40	60	70	80	90	100	120	100	60	36	20	12	8	5	3	2	1	
19403	6795	1800	2200	10	20	40	70	100	110	140	170	200	250	100	60	36	20	12	8	5	3	2	1	
19404	6795	2200	9999	10	30	50	70	120	150	200	240	280	340	100	60	36	20	12	8	5	3	2	1	
19405	6796	1	1800	10	20	30	40	60	70	80	90	100	120	100	60	36	20	12	8	5	3	2	1	
19406	6796	1800	2200	10	20	40	70	100	110	140	170	200	250	100	60	36	20	12	8	5	3	2	1	
19407	6796	2200	9999	10	30	50	70	120	150	200	240	280	340	100	60	36	20	12	8	5	3	2	1	
19408	6797	1	1800	10	20	30	40	60	70	80	90	100	120	100	60	36	20	12	8	5	3	2	1	
19409	6797	1800	2200	10	20	40	70	100	110	140	170	200	250	100	60	36	20	12	8	5	3	2	1	
19410	6797	2200	9999	10	30	50	70	120	150	200	240	280	340	100	60	36	20	12	8	5	3	2	1	
19411	6798	1	1800	10	20	30	40	60	70	80	90	100	120	100	60	36	20	12	8	5	3	2	1	
19412	6798	1800	2200	10	20	40	70	100	110	140	170	200	250	100	60	36	20	12	8	5	3	2	1	
19413	6798	2200	9999	10	30	50	70	120	150	200	240	280	340	100	60	36	20	12	8	5	3	2	1	
19414	6799	1	1800	10	20	30	40	60	70	80	90	100	120	100	60	36	20	12	8	5	3	2	1	
19415	6799	1800	2200	10	20	40	70	100	110	140	170	200	250	100	60	36	20	12	8	5	3	2	1	
19416	6799	2200	9999	10	30	50	70	120	150	200	240	280	340	100	60	36	20	12	8	5	3	2	1	
19417	30180	1	1800	10	20	30	40	60	70	80	90	100	120	100	60	36	20	12	8	5	3	2	1	
19418	30180	1800	2200	10	20	40	70	100	110	140	170	200	250	100	60	36	20	12	8	5	3	2	1	
19419	30180	2200	9999	10	30	50	70	120	150	200	240	280	340	100	60	36	20	12	8	5	3	2	1	
19420	30181	1	1800	10	20	30	40	60	70	80	90	100	120	100	60	36	20	12	8	5	3	2	1	
19421	30181	1800	2200	10	20	40	70	100	110	140	170	200	250	100	60	36	20	12	8	5	3	2	1	
19422	30181	2200	9999	10	30	50	70	120	150	200	240	280	340	100	60	36	20	12	8	5	3	2	1	
19423	30182	1	1800	10	20	30	40	60	70	80	90	100	120	100	60	36	20	12	8	5	3	2	1	
19424	30182	1800	2200	10	20	40	70	100	110	140	170	200	250	100	60	36	20	12	8	5	3	2	1	
19425	30182	2200	9999	10	30	50	70	120	150	200	240	280	340	100	60	36	20	12	8	5	3	2	1	
19426	30189	1	1800	10	20	30	40	60	70	80	90	100	120	100	60	36	20	12	8	5	3	2	1	
19427	30189	1800	2200	10	20	40	70	100	110	140	170	200	250	100	60	36	20	12	8	5	3	2	1	
19428	30189	2200	9999	10	30	50	70	120	150	200	240	280	340	100	60	36	20	12	8	5	3	2	1	
19429	30190	1	1800	10	20	30	40	60	70	80	90	100	120	100	60	36	20	12	8	5	3	2	1	
19430	30190	1800	2200	10	20	40	70	100	110	140	170	200	250	100	60	36	20	12	8	5	3	2	1	
19431	30190	2200	9999	10	30	50	70	120	150	200	240	280	340	100	60	36	20	12	8	5	3	2	1	
19432	30191	1	1800	10	20	30	40	60	70	80	90	100	120	100	60	36	20	12	8	5	3	2	1	
19433	30191	1800	2200	10	20	40	70	100	110	140	170	200	250	100	60	36	20	12	8	5	3	2	1	
19434	30191	2200	9999	10	30	50	70	120	150	200	240	280	340	100	60	36	20	12	8	5	3	2	1	
19435	30192	1	1800	10	20	30	40	60	70	80	90	100	120	100	60	36	20	12	8	5	3	2	1	
19436	30192	1800	2200	10	20	40	70	100	110	140	170	200	250	100	60	36	20	12	8	5	3	2	1	
19437	30192	2200	9999	10	30	50	70	120	150	200	240	280	340	100	60	36	20	12	8	5	3	2	1	
19438	30193	1	1800	10	20	30	40	60	70	80	90	100	120	100	60	36	20	12	8	5	3	2	1	
19439	30193	1800	2200	10	20	40	70	100	110	140	170	200	250	100	60	36	20	12	8	5	3	2	1	
19440	30193	2200	9999	10	30	50	70	120	150	200	240	280	340	100	60	36	20	12	8	5	3	2	1	
19441	30199	1	1800	10	20	30	40	60	70	80	90	100	120	100	60	36	20	12	8	5	3	2	1	
19442	30199	1800	2200	10	20	40	70	100	110	140	170	200	250	100	60	36	20	12	8	5	3	2	1	
19443	30199	2200	9999	10	30	50	70	120	150	200	240	280	340	100	60	36	20	12	8	5	3	2	1	
19444	30200	1	1800	10	20	30	40	60	70	80	90	100	120	100	60	36	20	12	8	5	3	2	1	
19445	30200	1800	2200	10	20	40	70	100	110	140	170	200	250	100	60	36	20	12	8	5	3	2	1	
19446	30200	2200	9999	10	30	50	70	120	150	200	240	280	340	100	60	36	20	12	8	5	3	2	1	
19447	30201	1	1800	10	20	30	40	60	70	80	90	100	120	100	60	36	20	12	8	5	3	2	1	
19448	30201	1800	2200	10	20	40	70	100	110	140	170	200	250	100	60	36	20	12	8	5	3	2	1	
19449	30201	2200	9999	10	30	50	70	120	150	200	240	280	340	100	60	36	20	12	8	5	3	2	1	
19450	30202	1	1800	10	20	30	40	60	70	80	90	100	120	100	60	36	20	12	8	5	3	2	1	
19451	30202	1800	2200	10	20	40	70	100	110	140	170	200	250	100	60	36	20	12	8	5	3	2	1	
19452	30202	2200	9999	10	30	50	70	120	150	200	240	280	340	100	60	36	20	12	8	5	3	2	1	
19453	30203	1	1800	10	20	30	40	60	70	80	90	100	120	100	60	36	20	12	8	5	3	2	1	
19454	30203	1800	2200	10	20	40	70	100	110	140	170	200	250	100	60	36	20	12	8	5	3	2	1	
19455	30203	2200	9999	10	30	50	70	120	150	200	240	280	340	100	60	36	20	12	8	5	3	2	1	
19456	30204	1	1800	10	20	30	40	60	70	80	90	100	120	100	60	36	20	12	8	5	3	2	1	
19457	30204	1800	2200	10	20	40	70	100	110	140	170	200	250	100	60	36	20	12	8	5	3	2	1	
19458	30204	2200	9999	10	30	50	70	120	150	200	240	280	340	100	60	36	20	12	8	5	3	2	1	
19459	30209	1	1800	10	20	30	40	60	70	80	90	100	120	100	60	36	20	12	8	5	3	2	1	
19460	30209	1800	2200	10	20	40	70	100	110	140	170	200	250	100	60	36	20	12	8	5	3	2	1	
19461	30209	2200	9999	10	30	50	70	120	150	200	240	280	340	100	60	36	20	12	8	5	3	2	1	
19462	30210	1	1800	10	20	30	40	60	70	80	90	100	120	100	60	36	20	12	8	5	3	2	1	
19463	30210	1800	2200	10	20	40	70	100	110	140	170	200	250	100	60	36	20	12	8	5	3	2	1	
19464	30210	2200	9999	10	30	50	70	120	150	200	240	280	340	100	60	36	20	12	8	5	3	2	1	
19465	30211	1	1800	10	20	30	40	60	70	80	90	100	120	100	60	36	20	12	8	5	3	2	1	
19466	30211	1800	2200	10	20	40	70	100	110	140	170	200	250	100	60	36	20	12	8	5	3	2	1	
19467	30211	2200	9999	10	30	50	70	120	150	200	240	280	340	100	60	36	20	12	8	5	3	2	1	
19468	30212	1	1800	10	20	30	40	60	70	80	90	100	120	100	60	36	20	12	8	5	3	2	1	
19469	30212	1800	2200	10	20	40	70	100	110	140	170	200	250	100	60	36	20	12	8	5	3	2	1	
19470	30212	2200	9999	10	30	50	70	120	150	200	240	280	340	100	60	36	20	12	8	5	3	2	1	
19471	30213	1	1800	10	20	30	40	60	70	80	90	100	120	100	60	36	20	12	8	5	3	2	1	
19472	30213	1800	2200	10	20	40	70	100	110	140	170	200	250	100	60	36	20	12	8	5	3	2	1	
19473	30213	2200	9999	10	30	50	70	120	150	200	240	280	340	100	60	36	20	12	8	5	3	2	1	
19474	30214	1	1800	10	20	30	40	60	70	80	90	100	120	100	60	36	20	12	8	5	3	2	1	
19475	30214	1800	2200	10	20	40	70	100	110	140	170	200	250	100	60	36	20	12	8	5	3	2	1	
19476	30214	2200	9999	10	30	50	70	120	150	200	240	280	340	100	60	36	20	12	8	5	3	2	1	
19477	30215	1	1800	10	20	30	40	60	70	80	90	100	120	100	60	36	20	12	8	5	3	2	1	
19478	30215	1800	2200	10	20	40	70	100	110	140	170	200	250	100	60	36	20	12	8	5	3	2	1	
19479	30215	2200	9999	10	30	50	70	120	150	200	240	280	340	100	60	36	20	12	8	5	3	2	1	
19480	30219	1	1800	10	20	30	40	60	70	80	90	100	120	100	60	36	20	12	8	5	3	2	1	
19481	30219	1800	2200	10	20	40	70	100	110	140	170	200	250	100	60	36	20	12	8	5	3	2	1	
19482	30219	2200	9999	10	30	50	70	120	150	200	240	280	340	100	60	36	20	12	8	5	3	2	1	
19483	30220	1	1800	10	20	30	40	60	70	80	90	100	120	100	60	36	20	12	8	5	3	2	1	
19484	30220	1800	2200	10	20	40	70	100	110	140	170	200	250	100	60	36	20	12	8	5	3	2	1	
19485	30220	2200	9999	10	30	50	70	120	150	200	240	280	340	100	60	36	20	12	8	5	3	2	1	
19486	30221	1	1800	10	20	30	40	60	70	80	90	100	120	100	60	36	20	12	8	5	3	2	1	
19487	30221	1800	2200	10	20	40	70	100	110	140	170	200	250	100	60	36	20	12	8	5	3	2	1	
19488	30221	2200	9999	10	30	50	70	120	150	200	240	280	340	100	60	36	20	12	8	5	3	2	1	
19489	30222	1	1800	10	20	30	40	60	70	80	90	100	120	100	60	36	20	12	8	5	3	2	1	
19490	30222	1800	2200	10	20	40	70	100	110	140	170	200	250	100	60	36	20	12	8	5	3	2	1	
19491	30222	2200	9999	10	30	50	70	120	150	200	240	280	340	100	60	36	20	12	8	5	3	2	1	
19492	30223	1	1800	10	20	30	40	60	70	80	90	100	120	100	60	36	20	12	8	5	3	2	1	
19493	30223	1800	2200	10	20	40	70	100	110	140	170	200	250	100	60	36	20	12	8	5	3	2	1	
19494	30223	2200	9999	10	30	50	70	120	150	200	240	280	340	100	60	36	20	12	8	5	3	2	1	
19495	30224	1	1800	10	20	30	40	60	70	80	90	100	120	100	60	36	20	12	8	5	3	2	1	
19496	30224	1800	2200	10	20	40	70	100	110	140	170	200	250	100	60	36	20	12	8	5	3	2	1	
19497	30224	2200	9999	10	30	50	70	120	150	200	240	280	340	100	60	36	20	12	8	5	3	2	1	
19498	30225	1	1800	10	20	30	40	60	70	80	90	100	120	100	60	36	20	12	8	5	3	2	1	
19499	30225	1800	2200	10	20	40	70	100	110	140	170	200	250	100	60	36	20	12	8	5	3	2	1	
19500	30225	2200	9999	10	30	50	70	120	150	200	240	280	340	100	60	36	20	12	8	5	3	2	1	
19501	30226	1	1800	10	20	30	40	60	70	80	90	100	120	100	60	36	20	12	8	5	3	2	1	
19502	30226	1800	2200	10	20	40	70	100	110	140	170	200	250	100	60	36	20	12	8	5	3	2	1	
19503	30226	2200	9999	10	30	50	70	120	150	200	240	280	340	100	60	36	20	12	8	5	3	2	1	
19504	30229	1	1800	10	20	30	40	60	70	80	90	100	120	100	60	36	20	12	8	5	3	2	1	
19505	30229	1800	2200	10	20	40	70	100	110	140	170	200	250	100	60	36	20	12	8	5	3	2	1	
19506	30229	2200	9999	10	30	50	70	120	150	200	240	280	340	100	60	36	20	12	8	5	3	2	1	
19507	30230	1	1800	10	20	30	40	60	70	80	90	100	120	100	60	36	20	12	8	5	3	2	1	
19508	30230	1800	2200	10	20	40	70	100	110	140	170	200	250	100	60	36	20	12	8	5	3	2	1	
19509	30230	2200	9999	10	30	50	70	120	150	200	240	280	340	100	60	36	20	12	8	5	3	2	1	
19510	30231	1	1800	10	20	30	40	60	70	80	90	100	120	100	60	36	20	12	8	5	3	2	1	
19511	30231	1800	2200	10	20	40	70	100	110	140	170	200	250	100	60	36	20	12	8	5	3	2	1	
19512	30231	2200	9999	10	30	50	70	120	150	200	240	280	340	100	60	36	20	12	8	5	3	2	1	
19513	30232	1	1800	10	20	30	40	60	70	80	90	100	120	100	60	36	20	12	8	5	3	2	1	
19514	30232	1800	2200	10	20	40	70	100	110	140	170	200	250	100	60	36	20	12	8	5	3	2	1	
19515	30232	2200	9999	10	30	50	70	120	150	200	240	280	340	100	60	36	20	12	8	5	3	2	1	
19516	30233	1	1800	10	20	30	40	60	70	80	90	100	120	100	60	36	20	12	8	5	3	2	1	
19517	30233	1800	2200	10	20	40	70	100	110	140	170	200	250	100	60	36	20	12	8	5	3	2	1	
19518	30233	2200	9999	10	30	50	70	120	150	200	240	280	340	100	60	36	20	12	8	5	3	2	1	
19519	30234	1	1800	10	20	30	40	60	70	80	90	100	120	100	60	36	20	12	8	5	3	2	1	
19520	30234	1800	2200	10	20	40	70	100	110	140	170	200	250	100	60	36	20	12	8	5	3	2	1	
19521	30234	2200	9999	10	30	50	70	120	150	200	240	280	340	100	60	36	20	12	8	5	3	2	1	
19522	30235	1	1800	10	20	30	40	60	70	80	90	100	120	100	60	36	20	12	8	5	3	2	1	
19523	30235	1800	2200	10	20	40	70	100	110	140	170	200	250	100	60	36	20	12	8	5	3	2	1	
19524	30235	2200	9999	10	30	50	70	120	150	200	240	280	340	100	60	36	20	12	8	5	3	2	1	
19525	30236	1	1800	10	20	30	40	60	70	80	90	100	120	100	60	36	20	12	8	5	3	2	1	
19526	30236	1800	2200	10	20	40	70	100	110	140	170	200	250	100	60	36	20	12	8	5	3	2	1	
19527	30236	2200	9999	10	30	50	70	120	150	200	240	280	340	100	60	36	20	12	8	5	3	2	1	
19528	30237	1	1800	10	20	30	40	60	70	80	90	100	120	100	60	36	20	12	8	5	3	2	1	
19529	30237	1800	2200	10	20	40	70	100	110	140	170	200	250	100	60	36	20	12	8	5	3	2	1	
19530	30237	2200	9999	10	30	50	70	120	150	200	240	280	340	100	60	36	20	12	8	5	3	2	1	
19531	30239	1	1800	10	20	30	40	60	70	80	90	100	120	100	60	36	20	12	8	5	3	2	1	
19532	30239	1800	2200	10	20	40	70	100	110	140	170	200	250	100	60	36	20	12	8	5	3	2	1	
19533	30239	2200	9999	10	30	50	70	120	150	200	240	280	340	100	60	36	20	12	8	5	3	2	1	
19534	30240	1	1800	10	20	30	40	60	70	80	90	100	120	100	60	36	20	12	8	5	3	2	1	
19535	30240	1800	2200	10	20	40	70	100	110	140	170	200	250	100	60	36	20	12	8	5	3	2	1	
19536	30240	2200	9999	10	30	50	70	120	150	200	240	280	340	100	60	36	20	12	8	5	3	2	1	
19537	30241	1	1800	10	20	30	40	60	70	80	90	100	120	100	60	36	20	12	8	5	3	2	1	
19538	30241	1800	2200	10	20	40	70	100	110	140	170	200	250	100	60	36	20	12	8	5	3	2	1	
19539	30241	2200	9999	10	30	50	70	120	150	200	240	280	340	100	60	36	20	12	8	5	3	2	1	
19540	30242	1	1800	10	20	30	40	60	70	80	90	100	120	100	60	36	20	12	8	5	3	2	1	
19541	30242	1800	2200	10	20	40	70	100	110	140	170	200	250	100	60	36	20	12	8	5	3	2	1	
19542	30242	2200	9999	10	30	50	70	120	150	200	240	280	340	100	60	36	20	12	8	5	3	2	1	
19543	30243	1	1800	10	20	30	40	60	70	80	90	100	120	100	60	36	20	12	8	5	3	2	1	
19544	30243	1800	2200	10	20	40	70	100	110	140	170	200	250	100	60	36	20	12	8	5	3	2	1	
19545	30243	2200	9999	10	30	50	70	120	150	200	240	280	340	100	60	36	20	12	8	5	3	2	1	
19546	30244	1	1800	10	20	30	40	60	70	80	90	100	120	100	60	36	20	12	8	5	3	2	1	
19547	30244	1800	2200	10	20	40	70	100	110	140	170	200	250	100	60	36	20	12	8	5	3	2	1	
19548	30244	2200	9999	10	30	50	70	120	150	200	240	280	340	100	60	36	20	12	8	5	3	2	1	
19549	30245	1	1800	10	20	30	40	60	70	80	90	100	120	100	60	36	20	12	8	5	3	2	1	
19550	30245	1800	2200	10	20	40	70	100	110	140	170	200	250	100	60	36	20	12	8	5	3	2	1	
19551	30245	2200	9999	10	30	50	70	120	150	200	240	280	340	100	60	36	20	12	8	5	3	2	1	
19552	30246	1	1800	10	20	30	40	60	70	80	90	100	120	100	60	36	20	12	8	5	3	2	1	
19553	30246	1800	2200	10	20	40	70	100	110	140	170	200	250	100	60	36	20	12	8	5	3	2	1	
19554	30246	2200	9999	10	30	50	70	120	150	200	240	280	340	100	60	36	20	12	8	5	3	2	1	
19555	30247	1	1800	10	20	30	40	60	70	80	90	100	120	100	60	36	20	12	8	5	3	2	1	
19556	30247	1800	2200	10	20	40	70	100	110	140	170	200	250	100	60	36	20	12	8	5	3	2	1	
19557	30247	2200	9999	10	30	50	70	120	150	200	240	280	340	100	60	36	20	12	8	5	3	2	1	
19558	30248	1	1800	10	20	30	40	60	70	80	90	100	120	100	60	36	20	12	8	5	3	2	1	
19559	30248	1800	2200	10	20	40	70	100	110	140	170	200	250	100	60	36	20	12	8	5	3	2	1	
19560	30248	2200	9999	10	30	50	70	120	150	200	240	280	340	100	60	36	20	12	8	5	3	2	1	
19561	30249	1	1800	10	20	30	40	60	70	80	90	100	120	100	60	36	20	12	8	5	3	2	1	
19562	30249	1800	2200	10	20	40	70	100	110	140	170	200	250	100	60	36	20	12	8	5	3	2	1	
19563	30249	2200	9999	10	30	50	70	120	150	200	240	280	340	100	60	36	20	12	8	5	3	2	1	
19564	30251	1	1800	10	20	30	40	60	70	80	90	100	120	100	60	36	20	12	8	5	3	2	1	
19565	30251	1800	2200	10	20	40	70	100	110	140	170	200	250	100	60	36	20	12	8	5	3	2	1	
19566	30251	2200	9999	10	30	50	70	120	150	200	240	280	340	100	60	36	20	12	8	5	3	2	1	
19567	30261	1	1800	10	20	30	40	60	70	80	90	100	120	100	60	36	20	12	8	5	3	2	1	
19568	30261	1800	2200	10	20	40	70	100	110	140	170	200	250	100	60	36	20	12	8	5	3	2	1	
19569	30261	2200	9999	10	30	50	70	120	150	200	240	280	340	100	60	36	20	12	8	5	3	2	1	
19570	30271	1	1800	10	20	30	40	60	70	80	90	100	120	100	60	36	20	12	8	5	3	2	1	
19571	30271	1800	2200	10	20	40	70	100	110	140	170	200	250	100	60	36	20	12	8	5	3	2	1	
19572	30271	2200	9999	10	30	50	70	120	150	200	240	280	340	100	60	36	20	12	8	5	3	2	1	
19573	30281	1	1800	10	20	30	40	60	70	80	90	100	120	100	60	36	20	12	8	5	3	2	1	
19574	30281	1800	2200	10	20	40	70	100	110	140	170	200	250	100	60	36	20	12	8	5	3	2	1	
19575	30281	2200	9999	10	30	50	70	120	150	200	240	280	340	100	60	36	20	12	8	5	3	2	1	
