INT	INT	INT	INT	INT	INT	INT	INT
nIdx	Item	Level	str	spr	con	int	dex
0	70600000	1	30	20	15	10	15	
1	70600000	2	60	40	30	20	30	
2	70600000	3	90	60	45	30	45	
3	70600000	4	120	80	60	40	60	
4	70600000	5	150	100	75	50	75	
5	70600000	6	180	120	90	60	90	
6	70600000	7	210	140	105	70	105	
7	70600000	8	240	160	120	80	120	
8	70600000	9	270	180	135	90	135	
9	70600000	10	300	200	150	100	150	
10	70600000	11	330	220	165	110	165	
11	70600000	12	360	240	180	120	180	
12	70600000	13	390	260	195	130	195	
13	70600000	14	420	280	210	140	210	
14	70600000	15	450	300	225	150	225	
15	70600000	16	480	320	240	160	240	
16	70600000	17	510	340	255	170	255	
17	70600000	18	540	360	270	180	270	
18	70600000	19	570	380	285	190	285	
19	70600000	20	600	400	300	200	300	
20	70600000	21	630	420	315	210	315	
21	70600000	22	660	440	330	220	330	
22	70600000	23	690	460	345	230	345	
23	70600000	24	720	480	360	240	360	
24	70600000	25	750	500	375	250	375	
25	70600000	26	780	520	390	260	390	
26	70600000	27	810	540	405	270	405	
27	70600000	28	840	560	420	280	420	
28	70600000	29	870	580	435	290	435	
29	70600000	30	900	600	450	300	450	
30	70600000	31	930	620	465	310	465	
31	70600000	32	960	640	480	320	480	
32	70600000	33	990	660	495	330	495	
33	70600000	34	1020	680	510	340	510	
34	70600000	35	1050	700	525	350	525	
35	70600000	36	1080	720	540	360	540	
36	70600000	37	1110	740	555	370	555	
37	70600000	38	1140	760	570	380	570	
38	70600000	39	1170	780	585	390	585	
39	70600000	40	1200	800	600	400	600	
40	70600000	41	1230	820	615	410	615	
41	70600000	42	1260	840	630	420	630	
42	70600000	43	1290	860	645	430	645	
43	70600000	44	1320	880	660	440	660	
44	70600000	45	1350	900	675	450	675	
45	70600000	46	1380	920	690	460	690	
46	70600000	47	1410	940	705	470	705	
47	70600000	48	1440	960	720	480	720	
48	70600000	49	1470	980	735	490	735	
49	70600000	50	1500	1000	750	500	750	
50	70600000	51	1530	1020	765	510	765	
51	70600000	52	1560	1040	780	520	780	
52	70600000	53	1590	1060	795	530	795	
53	70600000	54	1620	1080	810	540	810	
54	70600000	55	1650	1100	825	550	825	
55	70600000	56	1680	1120	840	560	840	
56	70600000	57	1710	1140	855	570	855	
57	70600000	58	1740	1160	870	580	870	
58	70600000	59	1770	1180	885	590	885	
59	70600000	60	1800	1200	900	600	900	
60	70600000	61	1830	1220	915	610	915	
61	70600000	62	1860	1240	930	620	930	
62	70600000	63	1890	1260	945	630	945	
63	70600000	64	1920	1280	960	640	960	
64	70600000	65	1950	1300	975	650	975	
65	70600000	66	1980	1320	990	660	990	
66	70600000	67	2010	1340	1005	670	1005	
67	70600000	68	2040	1360	1020	680	1020	
68	70600000	69	2070	1380	1035	690	1035	
69	70600000	70	2100	1400	1050	700	1050	
70	70600000	71	2130	1420	1065	710	1065	
71	70600000	72	2160	1440	1080	720	1080	
72	70600000	73	2190	1460	1095	730	1095	
73	70600000	74	2220	1480	1110	740	1110	
74	70600000	75	2250	1500	1125	750	1125	
75	70600000	76	2280	1520	1140	760	1140	
76	70600000	77	2310	1540	1155	770	1155	
77	70600000	78	2340	1560	1170	780	1170	
78	70600000	79	2370	1580	1185	790	1185	
79	70600000	80	2400	1600	1200	800	1200	
80	70600000	81	2430	1620	1215	810	1215	
81	70600000	82	2460	1640	1230	820	1230	
82	70600000	83	2490	1660	1245	830	1245	
83	70600000	84	2520	1680	1260	840	1260	
84	70600000	85	2550	1700	1275	850	1275	
85	70600000	86	2580	1720	1290	860	1290	
86	70600000	87	2610	1740	1305	870	1305	
87	70600000	88	2640	1760	1320	880	1320	
88	70600000	89	2670	1780	1335	890	1335	
89	70600000	90	2700	1800	1350	900	1350	
90	70600000	91	2730	1820	1365	910	1365	
91	70600000	92	2760	1840	1380	920	1380	
92	70600000	93	2790	1860	1395	930	1395	
93	70600000	94	2820	1880	1410	940	1410	
94	70600000	95	2850	1900	1425	950	1425	
95	70600000	96	2880	1920	1440	960	1440	
96	70600000	97	2910	1940	1455	970	1455	
97	70600000	98	2940	1960	1470	980	1470	
98	70600000	99	2970	1980	1485	990	1485	
99	70600000	100	3000	2000	1500	1000	1500	
100	70600001	1	15	30	20	10	15	
101	70600001	2	30	60	40	20	30	
102	70600001	3	45	90	60	30	45	
103	70600001	4	60	120	80	40	60	
104	70600001	5	75	150	100	50	75	
105	70600001	6	90	180	120	60	90	
106	70600001	7	105	210	140	70	105	
107	70600001	8	120	240	160	80	120	
108	70600001	9	135	270	180	90	135	
109	70600001	10	150	300	200	100	150	
110	70600001	11	165	330	220	110	165	
111	70600001	12	180	360	240	120	180	
112	70600001	13	195	390	260	130	195	
113	70600001	14	210	420	280	140	210	
114	70600001	15	225	450	300	150	225	
115	70600001	16	240	480	320	160	240	
116	70600001	17	255	510	340	170	255	
117	70600001	18	270	540	360	180	270	
118	70600001	19	285	570	380	190	285	
119	70600001	20	300	600	400	200	300	
120	70600001	21	315	630	420	210	315	
121	70600001	22	330	660	440	220	330	
122	70600001	23	345	690	460	230	345	
123	70600001	24	360	720	480	240	360	
124	70600001	25	375	750	500	250	375	
125	70600001	26	390	780	520	260	390	
126	70600001	27	405	810	540	270	405	
127	70600001	28	420	840	560	280	420	
128	70600001	29	435	870	580	290	435	
129	70600001	30	450	900	600	300	450	
130	70600001	31	465	930	620	310	465	
131	70600001	32	480	960	640	320	480	
132	70600001	33	495	990	660	330	495	
133	70600001	34	510	1020	680	340	510	
134	70600001	35	525	1050	700	350	525	
135	70600001	36	540	1080	720	360	540	
136	70600001	37	555	1110	740	370	555	
137	70600001	38	570	1140	760	380	570	
138	70600001	39	585	1170	780	390	585	
139	70600001	40	600	1200	800	400	600	
140	70600001	41	615	1230	820	410	615	
141	70600001	42	630	1260	840	420	630	
142	70600001	43	645	1290	860	430	645	
143	70600001	44	660	1320	880	440	660	
144	70600001	45	675	1350	900	450	675	
145	70600001	46	690	1380	920	460	690	
146	70600001	47	705	1410	940	470	705	
147	70600001	48	720	1440	960	480	720	
148	70600001	49	735	1470	980	490	735	
149	70600001	50	750	1500	1000	500	750	
150	70600001	51	765	1530	1020	510	765	
151	70600001	52	780	1560	1040	520	780	
152	70600001	53	795	1590	1060	530	795	
153	70600001	54	810	1620	1080	540	810	
154	70600001	55	825	1650	1100	550	825	
155	70600001	56	840	1680	1120	560	840	
156	70600001	57	855	1710	1140	570	855	
157	70600001	58	870	1740	1160	580	870	
158	70600001	59	885	1770	1180	590	885	
159	70600001	60	900	1800	1200	600	900	
160	70600001	61	915	1830	1220	610	915	
161	70600001	62	930	1860	1240	620	930	
162	70600001	63	945	1890	1260	630	945	
163	70600001	64	960	1920	1280	640	960	
164	70600001	65	975	1950	1300	650	975	
165	70600001	66	990	1980	1320	660	990	
166	70600001	67	1005	2010	1340	670	1005	
167	70600001	68	1020	2040	1360	680	1020	
168	70600001	69	1035	2070	1380	690	1035	
169	70600001	70	1050	2100	1400	700	1050	
170	70600001	71	1065	2130	1420	710	1065	
171	70600001	72	1080	2160	1440	720	1080	
172	70600001	73	1095	2190	1460	730	1095	
173	70600001	74	1110	2220	1480	740	1110	
174	70600001	75	1125	2250	1500	750	1125	
175	70600001	76	1140	2280	1520	760	1140	
176	70600001	77	1155	2310	1540	770	1155	
177	70600001	78	1170	2340	1560	780	1170	
178	70600001	79	1185	2370	1580	790	1185	
179	70600001	80	1200	2400	1600	800	1200	
180	70600001	81	1215	2430	1620	810	1215	
181	70600001	82	1230	2460	1640	820	1230	
182	70600001	83	1245	2490	1660	830	1245	
183	70600001	84	1260	2520	1680	840	1260	
184	70600001	85	1275	2550	1700	850	1275	
185	70600001	86	1290	2580	1720	860	1290	
186	70600001	87	1305	2610	1740	870	1305	
187	70600001	88	1320	2640	1760	880	1320	
188	70600001	89	1335	2670	1780	890	1335	
189	70600001	90	1350	2700	1800	900	1350	
190	70600001	91	1365	2730	1820	910	1365	
191	70600001	92	1380	2760	1840	920	1380	
192	70600001	93	1395	2790	1860	930	1395	
193	70600001	94	1410	2820	1880	940	1410	
194	70600001	95	1425	2850	1900	950	1425	
195	70600001	96	1440	2880	1920	960	1440	
196	70600001	97	1455	2910	1940	970	1455	
197	70600001	98	1470	2940	1960	980	1470	
198	70600001	99	1485	2970	1980	990	1485	
199	70600001	100	1500	3000	2000	1000	1500	
200	70600002	1	30	10	15	15	20	
201	70600002	2	60	20	30	30	40	
202	70600002	3	90	30	45	45	60	
203	70600002	4	120	40	60	60	80	
204	70600002	5	150	50	75	75	100	
205	70600002	6	180	60	90	90	120	
206	70600002	7	210	70	105	105	140	
207	70600002	8	240	80	120	120	160	
208	70600002	9	270	90	135	135	180	
209	70600002	10	300	100	150	150	200	
210	70600002	11	330	110	165	165	220	
211	70600002	12	360	120	180	180	240	
212	70600002	13	390	130	195	195	260	
213	70600002	14	420	140	210	210	280	
214	70600002	15	450	150	225	225	300	
215	70600002	16	480	160	240	240	320	
216	70600002	17	510	170	255	255	340	
217	70600002	18	540	180	270	270	360	
218	70600002	19	570	190	285	285	380	
219	70600002	20	600	200	300	300	400	
220	70600002	21	630	210	315	315	420	
221	70600002	22	660	220	330	330	440	
222	70600002	23	690	230	345	345	460	
223	70600002	24	720	240	360	360	480	
224	70600002	25	750	250	375	375	500	
225	70600002	26	780	260	390	390	520	
226	70600002	27	810	270	405	405	540	
227	70600002	28	840	280	420	420	560	
228	70600002	29	870	290	435	435	580	
229	70600002	30	900	300	450	450	600	
230	70600002	31	930	310	465	465	620	
231	70600002	32	960	320	480	480	640	
232	70600002	33	990	330	495	495	660	
233	70600002	34	1020	340	510	510	680	
234	70600002	35	1050	350	525	525	700	
235	70600002	36	1080	360	540	540	720	
236	70600002	37	1110	370	555	555	740	
237	70600002	38	1140	380	570	570	760	
238	70600002	39	1170	390	585	585	780	
239	70600002	40	1200	400	600	600	800	
240	70600002	41	1230	410	615	615	820	
241	70600002	42	1260	420	630	630	840	
242	70600002	43	1290	430	645	645	860	
243	70600002	44	1320	440	660	660	880	
244	70600002	45	1350	450	675	675	900	
245	70600002	46	1380	460	690	690	920	
246	70600002	47	1410	470	705	705	940	
247	70600002	48	1440	480	720	720	960	
248	70600002	49	1470	490	735	735	980	
249	70600002	50	1500	500	750	750	1000	
250	70600002	51	1530	510	765	765	1020	
251	70600002	52	1560	520	780	780	1040	
252	70600002	53	1590	530	795	795	1060	
253	70600002	54	1620	540	810	810	1080	
254	70600002	55	1650	550	825	825	1100	
255	70600002	56	1680	560	840	840	1120	
256	70600002	57	1710	570	855	855	1140	
257	70600002	58	1740	580	870	870	1160	
258	70600002	59	1770	590	885	885	1180	
259	70600002	60	1800	600	900	900	1200	
260	70600002	61	1830	610	915	915	1220	
261	70600002	62	1860	620	930	930	1240	
262	70600002	63	1890	630	945	945	1260	
263	70600002	64	1920	640	960	960	1280	
264	70600002	65	1950	650	975	975	1300	
265	70600002	66	1980	660	990	990	1320	
266	70600002	67	2010	670	1005	1005	1340	
267	70600002	68	2040	680	1020	1020	1360	
268	70600002	69	2070	690	1035	1035	1380	
269	70600002	70	2100	700	1050	1050	1400	
270	70600002	71	2130	710	1065	1065	1420	
271	70600002	72	2160	720	1080	1080	1440	
272	70600002	73	2190	730	1095	1095	1460	
273	70600002	74	2220	740	1110	1110	1480	
274	70600002	75	2250	750	1125	1125	1500	
275	70600002	76	2280	760	1140	1140	1520	
276	70600002	77	2310	770	1155	1155	1540	
277	70600002	78	2340	780	1170	1170	1560	
278	70600002	79	2370	790	1185	1185	1580	
279	70600002	80	2400	800	1200	1200	1600	
280	70600002	81	2430	810	1215	1215	1620	
281	70600002	82	2460	820	1230	1230	1640	
282	70600002	83	2490	830	1245	1245	1660	
283	70600002	84	2520	840	1260	1260	1680	
284	70600002	85	2550	850	1275	1275	1700	
285	70600002	86	2580	860	1290	1290	1720	
286	70600002	87	2610	870	1305	1305	1740	
287	70600002	88	2640	880	1320	1320	1760	
288	70600002	89	2670	890	1335	1335	1780	
289	70600002	90	2700	900	1350	1350	1800	
290	70600002	91	2730	910	1365	1365	1820	
291	70600002	92	2760	920	1380	1380	1840	
292	70600002	93	2790	930	1395	1395	1860	
293	70600002	94	2820	940	1410	1410	1880	
294	70600002	95	2850	950	1425	1425	1900	
295	70600002	96	2880	960	1440	1440	1920	
296	70600002	97	2910	970	1455	1455	1940	
297	70600002	98	2940	980	1470	1470	1960	
298	70600002	99	2970	990	1485	1485	1980	
299	70600002	100	3000	1000	1500	1500	2000	
300	70600003	1	10	30	20	15	15	
301	70600003	2	20	60	40	30	30	
302	70600003	3	30	90	60	45	45	
303	70600003	4	40	120	80	60	60	
304	70600003	5	50	150	100	75	75	
305	70600003	6	60	180	120	90	90	
306	70600003	7	70	210	140	105	105	
307	70600003	8	80	240	160	120	120	
308	70600003	9	90	270	180	135	135	
309	70600003	10	100	300	200	150	150	
310	70600003	11	110	330	220	165	165	
311	70600003	12	120	360	240	180	180	
312	70600003	13	130	390	260	195	195	
313	70600003	14	140	420	280	210	210	
314	70600003	15	150	450	300	225	225	
315	70600003	16	160	480	320	240	240	
316	70600003	17	170	510	340	255	255	
317	70600003	18	180	540	360	270	270	
318	70600003	19	190	570	380	285	285	
319	70600003	20	200	600	400	300	300	
320	70600003	21	210	630	420	315	315	
321	70600003	22	220	660	440	330	330	
322	70600003	23	230	690	460	345	345	
323	70600003	24	240	720	480	360	360	
324	70600003	25	250	750	500	375	375	
325	70600003	26	260	780	520	390	390	
326	70600003	27	270	810	540	405	405	
327	70600003	28	280	840	560	420	420	
328	70600003	29	290	870	580	435	435	
329	70600003	30	300	900	600	450	450	
330	70600003	31	310	930	620	465	465	
331	70600003	32	320	960	640	480	480	
332	70600003	33	330	990	660	495	495	
333	70600003	34	340	1020	680	510	510	
334	70600003	35	350	1050	700	525	525	
335	70600003	36	360	1080	720	540	540	
336	70600003	37	370	1110	740	555	555	
337	70600003	38	380	1140	760	570	570	
338	70600003	39	390	1170	780	585	585	
339	70600003	40	400	1200	800	600	600	
340	70600003	41	410	1230	820	615	615	
341	70600003	42	420	1260	840	630	630	
342	70600003	43	430	1290	860	645	645	
343	70600003	44	440	1320	880	660	660	
344	70600003	45	450	1350	900	675	675	
345	70600003	46	460	1380	920	690	690	
346	70600003	47	470	1410	940	705	705	
347	70600003	48	480	1440	960	720	720	
348	70600003	49	490	1470	980	735	735	
349	70600003	50	500	1500	1000	750	750	
350	70600003	51	510	1530	1020	765	765	
351	70600003	52	520	1560	1040	780	780	
352	70600003	53	530	1590	1060	795	795	
353	70600003	54	540	1620	1080	810	810	
354	70600003	55	550	1650	1100	825	825	
355	70600003	56	560	1680	1120	840	840	
356	70600003	57	570	1710	1140	855	855	
357	70600003	58	580	1740	1160	870	870	
358	70600003	59	590	1770	1180	885	885	
359	70600003	60	600	1800	1200	900	900	
360	70600003	61	610	1830	1220	915	915	
361	70600003	62	620	1860	1240	930	930	
362	70600003	63	630	1890	1260	945	945	
363	70600003	64	640	1920	1280	960	960	
364	70600003	65	650	1950	1300	975	975	
365	70600003	66	660	1980	1320	990	990	
366	70600003	67	670	2010	1340	1005	1005	
367	70600003	68	680	2040	1360	1020	1020	
368	70600003	69	690	2070	1380	1035	1035	
369	70600003	70	700	2100	1400	1050	1050	
370	70600003	71	710	2130	1420	1065	1065	
371	70600003	72	720	2160	1440	1080	1080	
372	70600003	73	730	2190	1460	1095	1095	
373	70600003	74	740	2220	1480	1110	1110	
374	70600003	75	750	2250	1500	1125	1125	
375	70600003	76	760	2280	1520	1140	1140	
376	70600003	77	770	2310	1540	1155	1155	
377	70600003	78	780	2340	1560	1170	1170	
378	70600003	79	790	2370	1580	1185	1185	
379	70600003	80	800	2400	1600	1200	1200	
380	70600003	81	810	2430	1620	1215	1215	
381	70600003	82	820	2460	1640	1230	1230	
382	70600003	83	830	2490	1660	1245	1245	
383	70600003	84	840	2520	1680	1260	1260	
384	70600003	85	850	2550	1700	1275	1275	
385	70600003	86	860	2580	1720	1290	1290	
386	70600003	87	870	2610	1740	1305	1305	
387	70600003	88	880	2640	1760	1320	1320	
388	70600003	89	890	2670	1780	1335	1335	
389	70600003	90	900	2700	1800	1350	1350	
390	70600003	91	910	2730	1820	1365	1365	
391	70600003	92	920	2760	1840	1380	1380	
392	70600003	93	930	2790	1860	1395	1395	
393	70600003	94	940	2820	1880	1410	1410	
394	70600003	95	950	2850	1900	1425	1425	
395	70600003	96	960	2880	1920	1440	1440	
396	70600003	97	970	2910	1940	1455	1455	
397	70600003	98	980	2940	1960	1470	1470	
398	70600003	99	990	2970	1980	1485	1485	
399	70600003	100	1000	3000	2000	1500	1500	
400	70600004	1	15	20	30	10	15	
401	70600004	2	30	40	60	20	30	
402	70600004	3	45	60	90	30	45	
403	70600004	4	60	80	120	40	60	
404	70600004	5	75	100	150	50	75	
405	70600004	6	90	120	180	60	90	
406	70600004	7	105	140	210	70	105	
407	70600004	8	120	160	240	80	120	
408	70600004	9	135	180	270	90	135	
409	70600004	10	150	200	300	100	150	
410	70600004	11	165	220	330	110	165	
411	70600004	12	180	240	360	120	180	
412	70600004	13	195	260	390	130	195	
413	70600004	14	210	280	420	140	210	
414	70600004	15	225	300	450	150	225	
415	70600004	16	240	320	480	160	240	
416	70600004	17	255	340	510	170	255	
417	70600004	18	270	360	540	180	270	
418	70600004	19	285	380	570	190	285	
419	70600004	20	300	400	600	200	300	
420	70600004	21	315	420	630	210	315	
421	70600004	22	330	440	660	220	330	
422	70600004	23	345	460	690	230	345	
423	70600004	24	360	480	720	240	360	
424	70600004	25	375	500	750	250	375	
425	70600004	26	390	520	780	260	390	
426	70600004	27	405	540	810	270	405	
427	70600004	28	420	560	840	280	420	
428	70600004	29	435	580	870	290	435	
429	70600004	30	450	600	900	300	450	
430	70600004	31	465	620	930	310	465	
431	70600004	32	480	640	960	320	480	
432	70600004	33	495	660	990	330	495	
433	70600004	34	510	680	1020	340	510	
434	70600004	35	525	700	1050	350	525	
435	70600004	36	540	720	1080	360	540	
436	70600004	37	555	740	1110	370	555	
437	70600004	38	570	760	1140	380	570	
438	70600004	39	585	780	1170	390	585	
439	70600004	40	600	800	1200	400	600	
440	70600004	41	615	820	1230	410	615	
441	70600004	42	630	840	1260	420	630	
442	70600004	43	645	860	1290	430	645	
443	70600004	44	660	880	1320	440	660	
444	70600004	45	675	900	1350	450	675	
445	70600004	46	690	920	1380	460	690	
446	70600004	47	705	940	1410	470	705	
447	70600004	48	720	960	1440	480	720	
448	70600004	49	735	980	1470	490	735	
449	70600004	50	750	1000	1500	500	750	
450	70600004	51	765	1020	1530	510	765	
451	70600004	52	780	1040	1560	520	780	
452	70600004	53	795	1060	1590	530	795	
453	70600004	54	810	1080	1620	540	810	
454	70600004	55	825	1100	1650	550	825	
455	70600004	56	840	1120	1680	560	840	
456	70600004	57	855	1140	1710	570	855	
457	70600004	58	870	1160	1740	580	870	
458	70600004	59	885	1180	1770	590	885	
459	70600004	60	900	1200	1800	600	900	
460	70600004	61	915	1220	1830	610	915	
461	70600004	62	930	1240	1860	620	930	
462	70600004	63	945	1260	1890	630	945	
463	70600004	64	960	1280	1920	640	960	
464	70600004	65	975	1300	1950	650	975	
465	70600004	66	990	1320	1980	660	990	
466	70600004	67	1005	1340	2010	670	1005	
467	70600004	68	1020	1360	2040	680	1020	
468	70600004	69	1035	1380	2070	690	1035	
469	70600004	70	1050	1400	2100	700	1050	
470	70600004	71	1065	1420	2130	710	1065	
471	70600004	72	1080	1440	2160	720	1080	
472	70600004	73	1095	1460	2190	730	1095	
473	70600004	74	1110	1480	2220	740	1110	
474	70600004	75	1125	1500	2250	750	1125	
475	70600004	76	1140	1520	2280	760	1140	
476	70600004	77	1155	1540	2310	770	1155	
477	70600004	78	1170	1560	2340	780	1170	
478	70600004	79	1185	1580	2370	790	1185	
479	70600004	80	1200	1600	2400	800	1200	
480	70600004	81	1215	1620	2430	810	1215	
481	70600004	82	1230	1640	2460	820	1230	
482	70600004	83	1245	1660	2490	830	1245	
483	70600004	84	1260	1680	2520	840	1260	
484	70600004	85	1275	1700	2550	850	1275	
485	70600004	86	1290	1720	2580	860	1290	
486	70600004	87	1305	1740	2610	870	1305	
487	70600004	88	1320	1760	2640	880	1320	
488	70600004	89	1335	1780	2670	890	1335	
489	70600004	90	1350	1800	2700	900	1350	
490	70600004	91	1365	1820	2730	910	1365	
491	70600004	92	1380	1840	2760	920	1380	
492	70600004	93	1395	1860	2790	930	1395	
493	70600004	94	1410	1880	2820	940	1410	
494	70600004	95	1425	1900	2850	950	1425	
495	70600004	96	1440	1920	2880	960	1440	
496	70600004	97	1455	1940	2910	970	1455	
497	70600004	98	1470	1960	2940	980	1470	
498	70600004	99	1485	1980	2970	990	1485	
499	70600004	100	1500	2000	3000	1000	1500	
500	70600005	1	20	15	10	10	15	
501	70600005	2	40	30	20	20	30	
502	70600005	3	60	45	30	30	45	
503	70600005	4	80	60	40	40	60	
504	70600005	5	100	75	50	50	75	
505	70600005	6	120	90	60	60	90	
506	70600005	7	140	105	70	70	105	
507	70600005	8	160	120	80	80	120	
508	70600005	9	180	135	90	90	135	
509	70600005	10	200	150	100	100	150	
510	70600005	11	220	165	110	110	165	
511	70600005	12	240	180	120	120	180	
512	70600005	13	260	195	130	130	195	
513	70600005	14	280	210	140	140	210	
514	70600005	15	300	225	150	150	225	
515	70600005	16	320	240	160	160	240	
516	70600005	17	340	255	170	170	255	
517	70600005	18	360	270	180	180	270	
518	70600005	19	380	285	190	190	285	
519	70600005	20	400	300	200	200	300	
520	70600005	21	420	315	210	210	315	
521	70600005	22	440	330	220	220	330	
522	70600005	23	460	345	230	230	345	
523	70600005	24	480	360	240	240	360	
524	70600005	25	500	375	250	250	375	
525	70600005	26	520	390	260	260	390	
526	70600005	27	540	405	270	270	405	
527	70600005	28	560	420	280	280	420	
528	70600005	29	580	435	290	290	435	
529	70600005	30	600	450	300	300	450	
530	70600005	31	620	465	310	310	465	
531	70600005	32	640	480	320	320	480	
532	70600005	33	660	495	330	330	495	
533	70600005	34	680	510	340	340	510	
534	70600005	35	700	525	350	350	525	
535	70600005	36	720	540	360	360	540	
536	70600005	37	740	555	370	370	555	
537	70600005	38	760	570	380	380	570	
538	70600005	39	780	585	390	390	585	
539	70600005	40	800	600	400	400	600	
540	70600005	41	820	615	410	410	615	
541	70600005	42	840	630	420	420	630	
542	70600005	43	860	645	430	430	645	
543	70600005	44	880	660	440	440	660	
544	70600005	45	900	675	450	450	675	
545	70600005	46	920	690	460	460	690	
546	70600005	47	940	705	470	470	705	
547	70600005	48	960	720	480	480	720	
548	70600005	49	980	735	490	490	735	
549	70600005	50	1000	750	500	500	750	
550	70600005	51	1020	765	510	510	765	
551	70600005	52	1040	780	520	520	780	
552	70600005	53	1060	795	530	530	795	
553	70600005	54	1080	810	540	540	810	
554	70600005	55	1100	825	550	550	825	
555	70600005	56	1120	840	560	560	840	
556	70600005	57	1140	855	570	570	855	
557	70600005	58	1160	870	580	580	870	
558	70600005	59	1180	885	590	590	885	
559	70600005	60	1200	900	600	600	900	
560	70600005	61	1220	915	610	610	915	
561	70600005	62	1240	930	620	620	930	
562	70600005	63	1260	945	630	630	945	
563	70600005	64	1280	960	640	640	960	
564	70600005	65	1300	975	650	650	975	
565	70600005	66	1320	990	660	660	990	
566	70600005	67	1340	1005	670	670	1005	
567	70600005	68	1360	1020	680	680	1020	
568	70600005	69	1380	1035	690	690	1035	
569	70600005	70	1400	1050	700	700	1050	
570	70600005	71	1420	1065	710	710	1065	
571	70600005	72	1440	1080	720	720	1080	
572	70600005	73	1460	1095	730	730	1095	
573	70600005	74	1480	1110	740	740	1110	
574	70600005	75	1500	1125	750	750	1125	
575	70600005	76	1520	1140	760	760	1140	
576	70600005	77	1540	1155	770	770	1155	
577	70600005	78	1560	1170	780	780	1170	
578	70600005	79	1580	1185	790	790	1185	
579	70600005	80	1600	1200	800	800	1200	
580	70600005	81	1620	1215	810	810	1215	
581	70600005	82	1640	1230	820	820	1230	
582	70600005	83	1660	1245	830	830	1245	
583	70600005	84	1680	1260	840	840	1260	
584	70600005	85	1700	1275	850	850	1275	
585	70600005	86	1720	1290	860	860	1290	
586	70600005	87	1740	1305	870	870	1305	
587	70600005	88	1760	1320	880	880	1320	
588	70600005	89	1780	1335	890	890	1335	
589	70600005	90	1800	1350	900	900	1350	
590	70600005	91	1820	1365	910	910	1365	
591	70600005	92	1840	1380	920	920	1380	
592	70600005	93	1860	1395	930	930	1395	
593	70600005	94	1880	1410	940	940	1410	
594	70600005	95	1900	1425	950	950	1425	
595	70600005	96	1920	1440	960	960	1440	
596	70600005	97	1940	1455	970	970	1455	
597	70600005	98	1960	1470	980	980	1470	
598	70600005	99	1980	1485	990	990	1485	
599	70600005	100	2000	1500	1000	1000	1500	
600	70600006	1	10	20	15	10	15	
601	70600006	2	20	40	30	20	30	
602	70600006	3	30	60	45	30	45	
603	70600006	4	40	80	60	40	60	
604	70600006	5	50	100	75	50	75	
605	70600006	6	60	120	90	60	90	
606	70600006	7	70	140	105	70	105	
607	70600006	8	80	160	120	80	120	
608	70600006	9	90	180	135	90	135	
609	70600006	10	100	200	150	100	150	
610	70600006	11	110	220	165	110	165	
611	70600006	12	120	240	180	120	180	
612	70600006	13	130	260	195	130	195	
613	70600006	14	140	280	210	140	210	
614	70600006	15	150	300	225	150	225	
615	70600006	16	160	320	240	160	240	
616	70600006	17	170	340	255	170	255	
617	70600006	18	180	360	270	180	270	
618	70600006	19	190	380	285	190	285	
619	70600006	20	200	400	300	200	300	
620	70600006	21	210	420	315	210	315	
621	70600006	22	220	440	330	220	330	
622	70600006	23	230	460	345	230	345	
623	70600006	24	240	480	360	240	360	
624	70600006	25	250	500	375	250	375	
625	70600006	26	260	520	390	260	390	
626	70600006	27	270	540	405	270	405	
627	70600006	28	280	560	420	280	420	
628	70600006	29	290	580	435	290	435	
629	70600006	30	300	600	450	300	450	
630	70600006	31	310	620	465	310	465	
631	70600006	32	320	640	480	320	480	
632	70600006	33	330	660	495	330	495	
633	70600006	34	340	680	510	340	510	
634	70600006	35	350	700	525	350	525	
635	70600006	36	360	720	540	360	540	
636	70600006	37	370	740	555	370	555	
637	70600006	38	380	760	570	380	570	
638	70600006	39	390	780	585	390	585	
639	70600006	40	400	800	600	400	600	
640	70600006	41	410	820	615	410	615	
641	70600006	42	420	840	630	420	630	
642	70600006	43	430	860	645	430	645	
643	70600006	44	440	880	660	440	660	
644	70600006	45	450	900	675	450	675	
645	70600006	46	460	920	690	460	690	
646	70600006	47	470	940	705	470	705	
647	70600006	48	480	960	720	480	720	
648	70600006	49	490	980	735	490	735	
649	70600006	50	500	1000	750	500	750	
650	70600006	51	510	1020	765	510	765	
651	70600006	52	520	1040	780	520	780	
652	70600006	53	530	1060	795	530	795	
653	70600006	54	540	1080	810	540	810	
654	70600006	55	550	1100	825	550	825	
655	70600006	56	560	1120	840	560	840	
656	70600006	57	570	1140	855	570	855	
657	70600006	58	580	1160	870	580	870	
658	70600006	59	590	1180	885	590	885	
659	70600006	60	600	1200	900	600	900	
660	70600006	61	610	1220	915	610	915	
661	70600006	62	620	1240	930	620	930	
662	70600006	63	630	1260	945	630	945	
663	70600006	64	640	1280	960	640	960	
664	70600006	65	650	1300	975	650	975	
665	70600006	66	660	1320	990	660	990	
666	70600006	67	670	1340	1005	670	1005	
667	70600006	68	680	1360	1020	680	1020	
668	70600006	69	690	1380	1035	690	1035	
669	70600006	70	700	1400	1050	700	1050	
670	70600006	71	710	1420	1065	710	1065	
671	70600006	72	720	1440	1080	720	1080	
672	70600006	73	730	1460	1095	730	1095	
673	70600006	74	740	1480	1110	740	1110	
674	70600006	75	750	1500	1125	750	1125	
675	70600006	76	760	1520	1140	760	1140	
676	70600006	77	770	1540	1155	770	1155	
677	70600006	78	780	1560	1170	780	1170	
678	70600006	79	790	1580	1185	790	1185	
679	70600006	80	800	1600	1200	800	1200	
680	70600006	81	810	1620	1215	810	1215	
681	70600006	82	820	1640	1230	820	1230	
682	70600006	83	830	1660	1245	830	1245	
683	70600006	84	840	1680	1260	840	1260	
684	70600006	85	850	1700	1275	850	1275	
685	70600006	86	860	1720	1290	860	1290	
686	70600006	87	870	1740	1305	870	1305	
687	70600006	88	880	1760	1320	880	1320	
688	70600006	89	890	1780	1335	890	1335	
689	70600006	90	900	1800	1350	900	1350	
690	70600006	91	910	1820	1365	910	1365	
691	70600006	92	920	1840	1380	920	1380	
692	70600006	93	930	1860	1395	930	1395	
693	70600006	94	940	1880	1410	940	1410	
694	70600006	95	950	1900	1425	950	1425	
695	70600006	96	960	1920	1440	960	1440	
696	70600006	97	970	1940	1455	970	1455	
697	70600006	98	980	1960	1470	980	1470	
698	70600006	99	990	1980	1485	990	1485	
699	70600006	100	1000	2000	1500	1000	1500	
700	70600007	1	20	10	15	10	15	
701	70600007	2	40	20	30	20	30	
702	70600007	3	60	30	45	30	45	
703	70600007	4	80	40	60	40	60	
704	70600007	5	100	50	75	50	75	
705	70600007	6	120	60	90	60	90	
706	70600007	7	140	70	105	70	105	
707	70600007	8	160	80	120	80	120	
708	70600007	9	180	90	135	90	135	
709	70600007	10	200	100	150	100	150	
710	70600007	11	220	110	165	110	165	
711	70600007	12	240	120	180	120	180	
712	70600007	13	260	130	195	130	195	
713	70600007	14	280	140	210	140	210	
714	70600007	15	300	150	225	150	225	
715	70600007	16	320	160	240	160	240	
716	70600007	17	340	170	255	170	255	
717	70600007	18	360	180	270	180	270	
718	70600007	19	380	190	285	190	285	
719	70600007	20	400	200	300	200	300	
720	70600007	21	420	210	315	210	315	
721	70600007	22	440	220	330	220	330	
722	70600007	23	460	230	345	230	345	
723	70600007	24	480	240	360	240	360	
724	70600007	25	500	250	375	250	375	
725	70600007	26	520	260	390	260	390	
726	70600007	27	540	270	405	270	405	
727	70600007	28	560	280	420	280	420	
728	70600007	29	580	290	435	290	435	
729	70600007	30	600	300	450	300	450	
730	70600007	31	620	310	465	310	465	
731	70600007	32	640	320	480	320	480	
732	70600007	33	660	330	495	330	495	
733	70600007	34	680	340	510	340	510	
734	70600007	35	700	350	525	350	525	
735	70600007	36	720	360	540	360	540	
736	70600007	37	740	370	555	370	555	
737	70600007	38	760	380	570	380	570	
738	70600007	39	780	390	585	390	585	
739	70600007	40	800	400	600	400	600	
740	70600007	41	820	410	615	410	615	
741	70600007	42	840	420	630	420	630	
742	70600007	43	860	430	645	430	645	
743	70600007	44	880	440	660	440	660	
744	70600007	45	900	450	675	450	675	
745	70600007	46	920	460	690	460	690	
746	70600007	47	940	470	705	470	705	
747	70600007	48	960	480	720	480	720	
748	70600007	49	980	490	735	490	735	
749	70600007	50	1000	500	750	500	750	
750	70600007	51	1020	510	765	510	765	
751	70600007	52	1040	520	780	520	780	
752	70600007	53	1060	530	795	530	795	
753	70600007	54	1080	540	810	540	810	
754	70600007	55	1100	550	825	550	825	
755	70600007	56	1120	560	840	560	840	
756	70600007	57	1140	570	855	570	855	
757	70600007	58	1160	580	870	580	870	
758	70600007	59	1180	590	885	590	885	
759	70600007	60	1200	600	900	600	900	
760	70600007	61	1220	610	915	610	915	
761	70600007	62	1240	620	930	620	930	
762	70600007	63	1260	630	945	630	945	
763	70600007	64	1280	640	960	640	960	
764	70600007	65	1300	650	975	650	975	
765	70600007	66	1320	660	990	660	990	
766	70600007	67	1340	670	1005	670	1005	
767	70600007	68	1360	680	1020	680	1020	
768	70600007	69	1380	690	1035	690	1035	
769	70600007	70	1400	700	1050	700	1050	
770	70600007	71	1420	710	1065	710	1065	
771	70600007	72	1440	720	1080	720	1080	
772	70600007	73	1460	730	1095	730	1095	
773	70600007	74	1480	740	1110	740	1110	
774	70600007	75	1500	750	1125	750	1125	
775	70600007	76	1520	760	1140	760	1140	
776	70600007	77	1540	770	1155	770	1155	
777	70600007	78	1560	780	1170	780	1170	
778	70600007	79	1580	790	1185	790	1185	
779	70600007	80	1600	800	1200	800	1200	
780	70600007	81	1620	810	1215	810	1215	
781	70600007	82	1640	820	1230	820	1230	
782	70600007	83	1660	830	1245	830	1245	
783	70600007	84	1680	840	1260	840	1260	
784	70600007	85	1700	850	1275	850	1275	
785	70600007	86	1720	860	1290	860	1290	
786	70600007	87	1740	870	1305	870	1305	
787	70600007	88	1760	880	1320	880	1320	
788	70600007	89	1780	890	1335	890	1335	
789	70600007	90	1800	900	1350	900	1350	
790	70600007	91	1820	910	1365	910	1365	
791	70600007	92	1840	920	1380	920	1380	
792	70600007	93	1860	930	1395	930	1395	
793	70600007	94	1880	940	1410	940	1410	
794	70600007	95	1900	950	1425	950	1425	
795	70600007	96	1920	960	1440	960	1440	
796	70600007	97	1940	970	1455	970	1455	
797	70600007	98	1960	980	1470	980	1470	
798	70600007	99	1980	990	1485	990	1485	
799	70600007	100	2000	1000	1500	1000	1500	
800	70600008	1	15	20	15	10	10	
801	70600008	2	30	40	30	20	20	
802	70600008	3	45	60	45	30	30	
803	70600008	4	60	80	60	40	40	
804	70600008	5	75	100	75	50	50	
805	70600008	6	90	120	90	60	60	
806	70600008	7	105	140	105	70	70	
807	70600008	8	120	160	120	80	80	
808	70600008	9	135	180	135	90	90	
809	70600008	10	150	200	150	100	100	
810	70600008	11	165	220	165	110	110	
811	70600008	12	180	240	180	120	120	
812	70600008	13	195	260	195	130	130	
813	70600008	14	210	280	210	140	140	
814	70600008	15	225	300	225	150	150	
815	70600008	16	240	320	240	160	160	
816	70600008	17	255	340	255	170	170	
817	70600008	18	270	360	270	180	180	
818	70600008	19	285	380	285	190	190	
819	70600008	20	300	400	300	200	200	
820	70600008	21	315	420	315	210	210	
821	70600008	22	330	440	330	220	220	
822	70600008	23	345	460	345	230	230	
823	70600008	24	360	480	360	240	240	
824	70600008	25	375	500	375	250	250	
825	70600008	26	390	520	390	260	260	
826	70600008	27	405	540	405	270	270	
827	70600008	28	420	560	420	280	280	
828	70600008	29	435	580	435	290	290	
829	70600008	30	450	600	450	300	300	
830	70600008	31	465	620	465	310	310	
831	70600008	32	480	640	480	320	320	
832	70600008	33	495	660	495	330	330	
833	70600008	34	510	680	510	340	340	
834	70600008	35	525	700	525	350	350	
835	70600008	36	540	720	540	360	360	
836	70600008	37	555	740	555	370	370	
837	70600008	38	570	760	570	380	380	
838	70600008	39	585	780	585	390	390	
839	70600008	40	600	800	600	400	400	
840	70600008	41	615	820	615	410	410	
841	70600008	42	630	840	630	420	420	
842	70600008	43	645	860	645	430	430	
843	70600008	44	660	880	660	440	440	
844	70600008	45	675	900	675	450	450	
845	70600008	46	690	920	690	460	460	
846	70600008	47	705	940	705	470	470	
847	70600008	48	720	960	720	480	480	
848	70600008	49	735	980	735	490	490	
849	70600008	50	750	1000	750	500	500	
850	70600008	51	765	1020	765	510	510	
851	70600008	52	780	1040	780	520	520	
852	70600008	53	795	1060	795	530	530	
853	70600008	54	810	1080	810	540	540	
854	70600008	55	825	1100	825	550	550	
855	70600008	56	840	1120	840	560	560	
856	70600008	57	855	1140	855	570	570	
857	70600008	58	870	1160	870	580	580	
858	70600008	59	885	1180	885	590	590	
859	70600008	60	900	1200	900	600	600	
860	70600008	61	915	1220	915	610	610	
861	70600008	62	930	1240	930	620	620	
862	70600008	63	945	1260	945	630	630	
863	70600008	64	960	1280	960	640	640	
864	70600008	65	975	1300	975	650	650	
865	70600008	66	990	1320	990	660	660	
866	70600008	67	1005	1340	1005	670	670	
867	70600008	68	1020	1360	1020	680	680	
868	70600008	69	1035	1380	1035	690	690	
869	70600008	70	1050	1400	1050	700	700	
870	70600008	71	1065	1420	1065	710	710	
871	70600008	72	1080	1440	1080	720	720	
872	70600008	73	1095	1460	1095	730	730	
873	70600008	74	1110	1480	1110	740	740	
874	70600008	75	1125	1500	1125	750	750	
875	70600008	76	1140	1520	1140	760	760	
876	70600008	77	1155	1540	1155	770	770	
877	70600008	78	1170	1560	1170	780	780	
878	70600008	79	1185	1580	1185	790	790	
879	70600008	80	1200	1600	1200	800	800	
880	70600008	81	1215	1620	1215	810	810	
881	70600008	82	1230	1640	1230	820	820	
882	70600008	83	1245	1660	1245	830	830	
883	70600008	84	1260	1680	1260	840	840	
884	70600008	85	1275	1700	1275	850	850	
885	70600008	86	1290	1720	1290	860	860	
886	70600008	87	1305	1740	1305	870	870	
887	70600008	88	1320	1760	1320	880	880	
888	70600008	89	1335	1780	1335	890	890	
889	70600008	90	1350	1800	1350	900	900	
890	70600008	91	1365	1820	1365	910	910	
891	70600008	92	1380	1840	1380	920	920	
892	70600008	93	1395	1860	1395	930	930	
893	70600008	94	1410	1880	1410	940	940	
894	70600008	95	1425	1900	1425	950	950	
895	70600008	96	1440	1920	1440	960	960	
896	70600008	97	1455	1940	1455	970	970	
897	70600008	98	1470	1960	1470	980	980	
898	70600008	99	1485	1980	1485	990	990	
899	70600008	100	1500	2000	1500	1000	1000	
900	70600009	1	15	15	20	10	10	
901	70600009	2	30	30	40	20	20	
902	70600009	3	45	45	60	30	30	
903	70600009	4	60	60	80	40	40	
904	70600009	5	75	75	100	50	50	
905	70600009	6	90	90	120	60	60	
906	70600009	7	105	105	140	70	70	
907	70600009	8	120	120	160	80	80	
908	70600009	9	135	135	180	90	90	
909	70600009	10	150	150	200	100	100	
910	70600009	11	165	165	220	110	110	
911	70600009	12	180	180	240	120	120	
912	70600009	13	195	195	260	130	130	
913	70600009	14	210	210	280	140	140	
914	70600009	15	225	225	300	150	150	
915	70600009	16	240	240	320	160	160	
916	70600009	17	255	255	340	170	170	
917	70600009	18	270	270	360	180	180	
918	70600009	19	285	285	380	190	190	
919	70600009	20	300	300	400	200	200	
920	70600009	21	315	315	420	210	210	
921	70600009	22	330	330	440	220	220	
922	70600009	23	345	345	460	230	230	
923	70600009	24	360	360	480	240	240	
924	70600009	25	375	375	500	250	250	
925	70600009	26	390	390	520	260	260	
926	70600009	27	405	405	540	270	270	
927	70600009	28	420	420	560	280	280	
928	70600009	29	435	435	580	290	290	
929	70600009	30	450	450	600	300	300	
930	70600009	31	465	465	620	310	310	
931	70600009	32	480	480	640	320	320	
932	70600009	33	495	495	660	330	330	
933	70600009	34	510	510	680	340	340	
934	70600009	35	525	525	700	350	350	
935	70600009	36	540	540	720	360	360	
936	70600009	37	555	555	740	370	370	
937	70600009	38	570	570	760	380	380	
938	70600009	39	585	585	780	390	390	
939	70600009	40	600	600	800	400	400	
940	70600009	41	615	615	820	410	410	
941	70600009	42	630	630	840	420	420	
942	70600009	43	645	645	860	430	430	
943	70600009	44	660	660	880	440	440	
944	70600009	45	675	675	900	450	450	
945	70600009	46	690	690	920	460	460	
946	70600009	47	705	705	940	470	470	
947	70600009	48	720	720	960	480	480	
948	70600009	49	735	735	980	490	490	
949	70600009	50	750	750	1000	500	500	
950	70600009	51	765	765	1020	510	510	
951	70600009	52	780	780	1040	520	520	
952	70600009	53	795	795	1060	530	530	
953	70600009	54	810	810	1080	540	540	
954	70600009	55	825	825	1100	550	550	
955	70600009	56	840	840	1120	560	560	
956	70600009	57	855	855	1140	570	570	
957	70600009	58	870	870	1160	580	580	
958	70600009	59	885	885	1180	590	590	
959	70600009	60	900	900	1200	600	600	
960	70600009	61	915	915	1220	610	610	
961	70600009	62	930	930	1240	620	620	
962	70600009	63	945	945	1260	630	630	
963	70600009	64	960	960	1280	640	640	
964	70600009	65	975	975	1300	650	650	
965	70600009	66	990	990	1320	660	660	
966	70600009	67	1005	1005	1340	670	670	
967	70600009	68	1020	1020	1360	680	680	
968	70600009	69	1035	1035	1380	690	690	
969	70600009	70	1050	1050	1400	700	700	
970	70600009	71	1065	1065	1420	710	710	
971	70600009	72	1080	1080	1440	720	720	
972	70600009	73	1095	1095	1460	730	730	
973	70600009	74	1110	1110	1480	740	740	
974	70600009	75	1125	1125	1500	750	750	
975	70600009	76	1140	1140	1520	760	760	
976	70600009	77	1155	1155	1540	770	770	
977	70600009	78	1170	1170	1560	780	780	
978	70600009	79	1185	1185	1580	790	790	
979	70600009	80	1200	1200	1600	800	800	
980	70600009	81	1215	1215	1620	810	810	
981	70600009	82	1230	1230	1640	820	820	
982	70600009	83	1245	1245	1660	830	830	
983	70600009	84	1260	1260	1680	840	840	
984	70600009	85	1275	1275	1700	850	850	
985	70600009	86	1290	1290	1720	860	860	
986	70600009	87	1305	1305	1740	870	870	
987	70600009	88	1320	1320	1760	880	880	
988	70600009	89	1335	1335	1780	890	890	
989	70600009	90	1350	1350	1800	900	900	
990	70600009	91	1365	1365	1820	910	910	
991	70600009	92	1380	1380	1840	920	920	
992	70600009	93	1395	1395	1860	930	930	
993	70600009	94	1410	1410	1880	940	940	
994	70600009	95	1425	1425	1900	950	950	
995	70600009	96	1440	1440	1920	960	960	
996	70600009	97	1455	1455	1940	970	970	
997	70600009	98	1470	1470	1960	980	980	
998	70600009	99	1485	1485	1980	990	990	
999	70600009	100	1500	1500	2000	1000	1000	
1000	70600010	1	15	15	10	5	5	
1001	70600010	2	30	30	20	10	10	
1002	70600010	3	45	45	30	15	15	
1003	70600010	4	60	60	40	20	20	
1004	70600010	5	75	75	50	25	25	
1005	70600010	6	90	90	60	30	30	
1006	70600010	7	105	105	70	35	35	
1007	70600010	8	120	120	80	40	40	
1008	70600010	9	135	135	90	45	45	
1009	70600010	10	150	150	100	50	50	
1010	70600010	11	165	165	110	55	55	
1011	70600010	12	180	180	120	60	60	
1012	70600010	13	195	195	130	65	65	
1013	70600010	14	210	210	140	70	70	
1014	70600010	15	225	225	150	75	75	
1015	70600010	16	240	240	160	80	80	
1016	70600010	17	255	255	170	85	85	
1017	70600010	18	270	270	180	90	90	
1018	70600010	19	285	285	190	95	95	
1019	70600010	20	300	300	200	100	100	
1020	70600010	21	315	315	210	105	105	
1021	70600010	22	330	330	220	110	110	
1022	70600010	23	345	345	230	115	115	
1023	70600010	24	360	360	240	120	120	
1024	70600010	25	375	375	250	125	125	
1025	70600010	26	390	390	260	130	130	
1026	70600010	27	405	405	270	135	135	
1027	70600010	28	420	420	280	140	140	
1028	70600010	29	435	435	290	145	145	
1029	70600010	30	450	450	300	150	150	
1030	70600010	31	465	465	310	155	155	
1031	70600010	32	480	480	320	160	160	
1032	70600010	33	495	495	330	165	165	
1033	70600010	34	510	510	340	170	170	
1034	70600010	35	525	525	350	175	175	
1035	70600010	36	540	540	360	180	180	
1036	70600010	37	555	555	370	185	185	
1037	70600010	38	570	570	380	190	190	
1038	70600010	39	585	585	390	195	195	
1039	70600010	40	600	600	400	200	200	
1040	70600010	41	615	615	410	205	205	
1041	70600010	42	630	630	420	210	210	
1042	70600010	43	645	645	430	215	215	
1043	70600010	44	660	660	440	220	220	
1044	70600010	45	675	675	450	225	225	
1045	70600010	46	690	690	460	230	230	
1046	70600010	47	705	705	470	235	235	
1047	70600010	48	720	720	480	240	240	
1048	70600010	49	735	735	490	245	245	
1049	70600010	50	750	750	500	250	250	
1050	70600010	51	765	765	510	255	255	
1051	70600010	52	780	780	520	260	260	
1052	70600010	53	795	795	530	265	265	
1053	70600010	54	810	810	540	270	270	
1054	70600010	55	825	825	550	275	275	
1055	70600010	56	840	840	560	280	280	
1056	70600010	57	855	855	570	285	285	
1057	70600010	58	870	870	580	290	290	
1058	70600010	59	885	885	590	295	295	
1059	70600010	60	900	900	600	300	300	
1060	70600010	61	915	915	610	305	305	
1061	70600010	62	930	930	620	310	310	
1062	70600010	63	945	945	630	315	315	
1063	70600010	64	960	960	640	320	320	
1064	70600010	65	975	975	650	325	325	
1065	70600010	66	990	990	660	330	330	
1066	70600010	67	1005	1005	670	335	335	
1067	70600010	68	1020	1020	680	340	340	
1068	70600010	69	1035	1035	690	345	345	
1069	70600010	70	1050	1050	700	350	350	
1070	70600010	71	1065	1065	710	355	355	
1071	70600010	72	1080	1080	720	360	360	
1072	70600010	73	1095	1095	730	365	365	
1073	70600010	74	1110	1110	740	370	370	
1074	70600010	75	1125	1125	750	375	375	
1075	70600010	76	1140	1140	760	380	380	
1076	70600010	77	1155	1155	770	385	385	
1077	70600010	78	1170	1170	780	390	390	
1078	70600010	79	1185	1185	790	395	395	
1079	70600010	80	1200	1200	800	400	400	
1080	70600010	81	1215	1215	810	405	405	
1081	70600010	82	1230	1230	820	410	410	
1082	70600010	83	1245	1245	830	415	415	
1083	70600010	84	1260	1260	840	420	420	
1084	70600010	85	1275	1275	850	425	425	
1085	70600010	86	1290	1290	860	430	430	
1086	70600010	87	1305	1305	870	435	435	
1087	70600010	88	1320	1320	880	440	440	
1088	70600010	89	1335	1335	890	445	445	
1089	70600010	90	1350	1350	900	450	450	
1090	70600010	91	1365	1365	910	455	455	
1091	70600010	92	1380	1380	920	460	460	
1092	70600010	93	1395	1395	930	465	465	
1093	70600010	94	1410	1410	940	470	470	
1094	70600010	95	1425	1425	950	475	475	
1095	70600010	96	1440	1440	960	480	480	
1096	70600010	97	1455	1455	970	485	485	
1097	70600010	98	1470	1470	980	490	490	
1098	70600010	99	1485	1485	990	495	495	
1099	70600010	100	1500	1500	1000	500	500	
1100	70600011	1	15	15	10	5	5	
1101	70600011	2	30	30	20	10	10	
1102	70600011	3	45	45	30	15	15	
1103	70600011	4	60	60	40	20	20	
1104	70600011	5	75	75	50	25	25	
1105	70600011	6	90	90	60	30	30	
1106	70600011	7	105	105	70	35	35	
1107	70600011	8	120	120	80	40	40	
1108	70600011	9	135	135	90	45	45	
1109	70600011	10	150	150	100	50	50	
1110	70600011	11	165	165	110	55	55	
1111	70600011	12	180	180	120	60	60	
1112	70600011	13	195	195	130	65	65	
1113	70600011	14	210	210	140	70	70	
1114	70600011	15	225	225	150	75	75	
1115	70600011	16	240	240	160	80	80	
1116	70600011	17	255	255	170	85	85	
1117	70600011	18	270	270	180	90	90	
1118	70600011	19	285	285	190	95	95	
1119	70600011	20	300	300	200	100	100	
1120	70600011	21	315	315	210	105	105	
1121	70600011	22	330	330	220	110	110	
1122	70600011	23	345	345	230	115	115	
1123	70600011	24	360	360	240	120	120	
1124	70600011	25	375	375	250	125	125	
1125	70600011	26	390	390	260	130	130	
1126	70600011	27	405	405	270	135	135	
1127	70600011	28	420	420	280	140	140	
1128	70600011	29	435	435	290	145	145	
1129	70600011	30	450	450	300	150	150	
1130	70600011	31	465	465	310	155	155	
1131	70600011	32	480	480	320	160	160	
1132	70600011	33	495	495	330	165	165	
1133	70600011	34	510	510	340	170	170	
1134	70600011	35	525	525	350	175	175	
1135	70600011	36	540	540	360	180	180	
1136	70600011	37	555	555	370	185	185	
1137	70600011	38	570	570	380	190	190	
1138	70600011	39	585	585	390	195	195	
1139	70600011	40	600	600	400	200	200	
1140	70600011	41	615	615	410	205	205	
1141	70600011	42	630	630	420	210	210	
1142	70600011	43	645	645	430	215	215	
1143	70600011	44	660	660	440	220	220	
1144	70600011	45	675	675	450	225	225	
1145	70600011	46	690	690	460	230	230	
1146	70600011	47	705	705	470	235	235	
1147	70600011	48	720	720	480	240	240	
1148	70600011	49	735	735	490	245	245	
1149	70600011	50	750	750	500	250	250	
1150	70600011	51	765	765	510	255	255	
1151	70600011	52	780	780	520	260	260	
1152	70600011	53	795	795	530	265	265	
1153	70600011	54	810	810	540	270	270	
1154	70600011	55	825	825	550	275	275	
1155	70600011	56	840	840	560	280	280	
1156	70600011	57	855	855	570	285	285	
1157	70600011	58	870	870	580	290	290	
1158	70600011	59	885	885	590	295	295	
1159	70600011	60	900	900	600	300	300	
1160	70600011	61	915	915	610	305	305	
1161	70600011	62	930	930	620	310	310	
1162	70600011	63	945	945	630	315	315	
1163	70600011	64	960	960	640	320	320	
1164	70600011	65	975	975	650	325	325	
1165	70600011	66	990	990	660	330	330	
1166	70600011	67	1005	1005	670	335	335	
1167	70600011	68	1020	1020	680	340	340	
1168	70600011	69	1035	1035	690	345	345	
1169	70600011	70	1050	1050	700	350	350	
1170	70600011	71	1065	1065	710	355	355	
1171	70600011	72	1080	1080	720	360	360	
1172	70600011	73	1095	1095	730	365	365	
1173	70600011	74	1110	1110	740	370	370	
1174	70600011	75	1125	1125	750	375	375	
1175	70600011	76	1140	1140	760	380	380	
1176	70600011	77	1155	1155	770	385	385	
1177	70600011	78	1170	1170	780	390	390	
1178	70600011	79	1185	1185	790	395	395	
1179	70600011	80	1200	1200	800	400	400	
1180	70600011	81	1215	1215	810	405	405	
1181	70600011	82	1230	1230	820	410	410	
1182	70600011	83	1245	1245	830	415	415	
1183	70600011	84	1260	1260	840	420	420	
1184	70600011	85	1275	1275	850	425	425	
1185	70600011	86	1290	1290	860	430	430	
1186	70600011	87	1305	1305	870	435	435	
1187	70600011	88	1320	1320	880	440	440	
1188	70600011	89	1335	1335	890	445	445	
1189	70600011	90	1350	1350	900	450	450	
1190	70600011	91	1365	1365	910	455	455	
1191	70600011	92	1380	1380	920	460	460	
1192	70600011	93	1395	1395	930	465	465	
1193	70600011	94	1410	1410	940	470	470	
1194	70600011	95	1425	1425	950	475	475	
1195	70600011	96	1440	1440	960	480	480	
1196	70600011	97	1455	1455	970	485	485	
1197	70600011	98	1470	1470	980	490	490	
1198	70600011	99	1485	1485	990	495	495	
1199	70600011	100	1500	1500	1000	500	500	
1200	70600012	1	5	10	15	5	15	
1201	70600012	2	10	20	30	10	30	
1202	70600012	3	15	30	45	15	45	
1203	70600012	4	20	40	60	20	60	
1204	70600012	5	25	50	75	25	75	
1205	70600012	6	30	60	90	30	90	
1206	70600012	7	35	70	105	35	105	
1207	70600012	8	40	80	120	40	120	
1208	70600012	9	45	90	135	45	135	
1209	70600012	10	50	100	150	50	150	
1210	70600012	11	55	110	165	55	165	
1211	70600012	12	60	120	180	60	180	
1212	70600012	13	65	130	195	65	195	
1213	70600012	14	70	140	210	70	210	
1214	70600012	15	75	150	225	75	225	
1215	70600012	16	80	160	240	80	240	
1216	70600012	17	85	170	255	85	255	
1217	70600012	18	90	180	270	90	270	
1218	70600012	19	95	190	285	95	285	
1219	70600012	20	100	200	300	100	300	
1220	70600012	21	105	210	315	105	315	
1221	70600012	22	110	220	330	110	330	
1222	70600012	23	115	230	345	115	345	
1223	70600012	24	120	240	360	120	360	
1224	70600012	25	125	250	375	125	375	
1225	70600012	26	130	260	390	130	390	
1226	70600012	27	135	270	405	135	405	
1227	70600012	28	140	280	420	140	420	
1228	70600012	29	145	290	435	145	435	
1229	70600012	30	150	300	450	150	450	
1230	70600012	31	155	310	465	155	465	
1231	70600012	32	160	320	480	160	480	
1232	70600012	33	165	330	495	165	495	
1233	70600012	34	170	340	510	170	510	
1234	70600012	35	175	350	525	175	525	
1235	70600012	36	180	360	540	180	540	
1236	70600012	37	185	370	555	185	555	
1237	70600012	38	190	380	570	190	570	
1238	70600012	39	195	390	585	195	585	
1239	70600012	40	200	400	600	200	600	
1240	70600012	41	205	410	615	205	615	
1241	70600012	42	210	420	630	210	630	
1242	70600012	43	215	430	645	215	645	
1243	70600012	44	220	440	660	220	660	
1244	70600012	45	225	450	675	225	675	
1245	70600012	46	230	460	690	230	690	
1246	70600012	47	235	470	705	235	705	
1247	70600012	48	240	480	720	240	720	
1248	70600012	49	245	490	735	245	735	
1249	70600012	50	250	500	750	250	750	
1250	70600012	51	255	510	765	255	765	
1251	70600012	52	260	520	780	260	780	
1252	70600012	53	265	530	795	265	795	
1253	70600012	54	270	540	810	270	810	
1254	70600012	55	275	550	825	275	825	
1255	70600012	56	280	560	840	280	840	
1256	70600012	57	285	570	855	285	855	
1257	70600012	58	290	580	870	290	870	
1258	70600012	59	295	590	885	295	885	
1259	70600012	60	300	600	900	300	900	
1260	70600012	61	305	610	915	305	915	
1261	70600012	62	310	620	930	310	930	
1262	70600012	63	315	630	945	315	945	
1263	70600012	64	320	640	960	320	960	
1264	70600012	65	325	650	975	325	975	
1265	70600012	66	330	660	990	330	990	
1266	70600012	67	335	670	1005	335	1005	
1267	70600012	68	340	680	1020	340	1020	
1268	70600012	69	345	690	1035	345	1035	
1269	70600012	70	350	700	1050	350	1050	
1270	70600012	71	355	710	1065	355	1065	
1271	70600012	72	360	720	1080	360	1080	
1272	70600012	73	365	730	1095	365	1095	
1273	70600012	74	370	740	1110	370	1110	
1274	70600012	75	375	750	1125	375	1125	
1275	70600012	76	380	760	1140	380	1140	
1276	70600012	77	385	770	1155	385	1155	
1277	70600012	78	390	780	1170	390	1170	
1278	70600012	79	395	790	1185	395	1185	
1279	70600012	80	400	800	1200	400	1200	
1280	70600012	81	405	810	1215	405	1215	
1281	70600012	82	410	820	1230	410	1230	
1282	70600012	83	415	830	1245	415	1245	
1283	70600012	84	420	840	1260	420	1260	
1284	70600012	85	425	850	1275	425	1275	
1285	70600012	86	430	860	1290	430	1290	
1286	70600012	87	435	870	1305	435	1305	
1287	70600012	88	440	880	1320	440	1320	
1288	70600012	89	445	890	1335	445	1335	
1289	70600012	90	450	900	1350	450	1350	
1290	70600012	91	455	910	1365	455	1365	
1291	70600012	92	460	920	1380	460	1380	
1292	70600012	93	465	930	1395	465	1395	
1293	70600012	94	470	940	1410	470	1410	
1294	70600012	95	475	950	1425	475	1425	
1295	70600012	96	480	960	1440	480	1440	
1296	70600012	97	485	970	1455	485	1455	
1297	70600012	98	490	980	1470	490	1470	
1298	70600012	99	495	990	1485	495	1485	
1299	70600012	100	500	1000	1500	500	1500	
1300	70600013	1	15	10	15	5	5	
1301	70600013	2	30	20	30	10	10	
1302	70600013	3	45	30	45	15	15	
1303	70600013	4	60	40	60	20	20	
1304	70600013	5	75	50	75	25	25	
1305	70600013	6	90	60	90	30	30	
1306	70600013	7	105	70	105	35	35	
1307	70600013	8	120	80	120	40	40	
1308	70600013	9	135	90	135	45	45	
1309	70600013	10	150	100	150	50	50	
1310	70600013	11	165	110	165	55	55	
1311	70600013	12	180	120	180	60	60	
1312	70600013	13	195	130	195	65	65	
1313	70600013	14	210	140	210	70	70	
1314	70600013	15	225	150	225	75	75	
1315	70600013	16	240	160	240	80	80	
1316	70600013	17	255	170	255	85	85	
1317	70600013	18	270	180	270	90	90	
1318	70600013	19	285	190	285	95	95	
1319	70600013	20	300	200	300	100	100	
1320	70600013	21	315	210	315	105	105	
1321	70600013	22	330	220	330	110	110	
1322	70600013	23	345	230	345	115	115	
1323	70600013	24	360	240	360	120	120	
1324	70600013	25	375	250	375	125	125	
1325	70600013	26	390	260	390	130	130	
1326	70600013	27	405	270	405	135	135	
1327	70600013	28	420	280	420	140	140	
1328	70600013	29	435	290	435	145	145	
1329	70600013	30	450	300	450	150	150	
1330	70600013	31	465	310	465	155	155	
1331	70600013	32	480	320	480	160	160	
1332	70600013	33	495	330	495	165	165	
1333	70600013	34	510	340	510	170	170	
1334	70600013	35	525	350	525	175	175	
1335	70600013	36	540	360	540	180	180	
1336	70600013	37	555	370	555	185	185	
1337	70600013	38	570	380	570	190	190	
1338	70600013	39	585	390	585	195	195	
1339	70600013	40	600	400	600	200	200	
1340	70600013	41	615	410	615	205	205	
1341	70600013	42	630	420	630	210	210	
1342	70600013	43	645	430	645	215	215	
1343	70600013	44	660	440	660	220	220	
1344	70600013	45	675	450	675	225	225	
1345	70600013	46	690	460	690	230	230	
1346	70600013	47	705	470	705	235	235	
1347	70600013	48	720	480	720	240	240	
1348	70600013	49	735	490	735	245	245	
1349	70600013	50	750	500	750	250	250	
1350	70600013	51	765	510	765	255	255	
1351	70600013	52	780	520	780	260	260	
1352	70600013	53	795	530	795	265	265	
1353	70600013	54	810	540	810	270	270	
1354	70600013	55	825	550	825	275	275	
1355	70600013	56	840	560	840	280	280	
1356	70600013	57	855	570	855	285	285	
1357	70600013	58	870	580	870	290	290	
1358	70600013	59	885	590	885	295	295	
1359	70600013	60	900	600	900	300	300	
1360	70600013	61	915	610	915	305	305	
1361	70600013	62	930	620	930	310	310	
1362	70600013	63	945	630	945	315	315	
1363	70600013	64	960	640	960	320	320	
1364	70600013	65	975	650	975	325	325	
1365	70600013	66	990	660	990	330	330	
1366	70600013	67	1005	670	1005	335	335	
1367	70600013	68	1020	680	1020	340	340	
1368	70600013	69	1035	690	1035	345	345	
1369	70600013	70	1050	700	1050	350	350	
1370	70600013	71	1065	710	1065	355	355	
1371	70600013	72	1080	720	1080	360	360	
1372	70600013	73	1095	730	1095	365	365	
1373	70600013	74	1110	740	1110	370	370	
1374	70600013	75	1125	750	1125	375	375	
1375	70600013	76	1140	760	1140	380	380	
1376	70600013	77	1155	770	1155	385	385	
1377	70600013	78	1170	780	1170	390	390	
1378	70600013	79	1185	790	1185	395	395	
1379	70600013	80	1200	800	1200	400	400	
1380	70600013	81	1215	810	1215	405	405	
1381	70600013	82	1230	820	1230	410	410	
1382	70600013	83	1245	830	1245	415	415	
1383	70600013	84	1260	840	1260	420	420	
1384	70600013	85	1275	850	1275	425	425	
1385	70600013	86	1290	860	1290	430	430	
1386	70600013	87	1305	870	1305	435	435	
1387	70600013	88	1320	880	1320	440	440	
1388	70600013	89	1335	890	1335	445	445	
1389	70600013	90	1350	900	1350	450	450	
1390	70600013	91	1365	910	1365	455	455	
1391	70600013	92	1380	920	1380	460	460	
1392	70600013	93	1395	930	1395	465	465	
1393	70600013	94	1410	940	1410	470	470	
1394	70600013	95	1425	950	1425	475	475	
1395	70600013	96	1440	960	1440	480	480	
1396	70600013	97	1455	970	1455	485	485	
1397	70600013	98	1470	980	1470	490	490	
1398	70600013	99	1485	990	1485	495	495	
1399	70600013	100	1500	1000	1500	500	500	
1400	70600014	1	5	15	15	5	10	
1401	70600014	2	10	30	30	10	20	
1402	70600014	3	15	45	45	15	30	
1403	70600014	4	20	60	60	20	40	
1404	70600014	5	25	75	75	25	50	
1405	70600014	6	30	90	90	30	60	
1406	70600014	7	35	105	105	35	70	
1407	70600014	8	40	120	120	40	80	
1408	70600014	9	45	135	135	45	90	
1409	70600014	10	50	150	150	50	100	
1410	70600014	11	55	165	165	55	110	
1411	70600014	12	60	180	180	60	120	
1412	70600014	13	65	195	195	65	130	
1413	70600014	14	70	210	210	70	140	
1414	70600014	15	75	225	225	75	150	
1415	70600014	16	80	240	240	80	160	
1416	70600014	17	85	255	255	85	170	
1417	70600014	18	90	270	270	90	180	
1418	70600014	19	95	285	285	95	190	
1419	70600014	20	100	300	300	100	200	
1420	70600014	21	105	315	315	105	210	
1421	70600014	22	110	330	330	110	220	
1422	70600014	23	115	345	345	115	230	
1423	70600014	24	120	360	360	120	240	
1424	70600014	25	125	375	375	125	250	
1425	70600014	26	130	390	390	130	260	
1426	70600014	27	135	405	405	135	270	
1427	70600014	28	140	420	420	140	280	
1428	70600014	29	145	435	435	145	290	
1429	70600014	30	150	450	450	150	300	
1430	70600014	31	155	465	465	155	310	
1431	70600014	32	160	480	480	160	320	
1432	70600014	33	165	495	495	165	330	
1433	70600014	34	170	510	510	170	340	
1434	70600014	35	175	525	525	175	350	
1435	70600014	36	180	540	540	180	360	
1436	70600014	37	185	555	555	185	370	
1437	70600014	38	190	570	570	190	380	
1438	70600014	39	195	585	585	195	390	
1439	70600014	40	200	600	600	200	400	
1440	70600014	41	205	615	615	205	410	
1441	70600014	42	210	630	630	210	420	
1442	70600014	43	215	645	645	215	430	
1443	70600014	44	220	660	660	220	440	
1444	70600014	45	225	675	675	225	450	
1445	70600014	46	230	690	690	230	460	
1446	70600014	47	235	705	705	235	470	
1447	70600014	48	240	720	720	240	480	
1448	70600014	49	245	735	735	245	490	
1449	70600014	50	250	750	750	250	500	
1450	70600014	51	255	765	765	255	510	
1451	70600014	52	260	780	780	260	520	
1452	70600014	53	265	795	795	265	530	
1453	70600014	54	270	810	810	270	540	
1454	70600014	55	275	825	825	275	550	
1455	70600014	56	280	840	840	280	560	
1456	70600014	57	285	855	855	285	570	
1457	70600014	58	290	870	870	290	580	
1458	70600014	59	295	885	885	295	590	
1459	70600014	60	300	900	900	300	600	
1460	70600014	61	305	915	915	305	610	
1461	70600014	62	310	930	930	310	620	
1462	70600014	63	315	945	945	315	630	
1463	70600014	64	320	960	960	320	640	
1464	70600014	65	325	975	975	325	650	
1465	70600014	66	330	990	990	330	660	
1466	70600014	67	335	1005	1005	335	670	
1467	70600014	68	340	1020	1020	340	680	
1468	70600014	69	345	1035	1035	345	690	
1469	70600014	70	350	1050	1050	350	700	
1470	70600014	71	355	1065	1065	355	710	
1471	70600014	72	360	1080	1080	360	720	
1472	70600014	73	365	1095	1095	365	730	
1473	70600014	74	370	1110	1110	370	740	
1474	70600014	75	375	1125	1125	375	750	
1475	70600014	76	380	1140	1140	380	760	
1476	70600014	77	385	1155	1155	385	770	
1477	70600014	78	390	1170	1170	390	780	
1478	70600014	79	395	1185	1185	395	790	
1479	70600014	80	400	1200	1200	400	800	
1480	70600014	81	405	1215	1215	405	810	
1481	70600014	82	410	1230	1230	410	820	
1482	70600014	83	415	1245	1245	415	830	
1483	70600014	84	420	1260	1260	420	840	
1484	70600014	85	425	1275	1275	425	850	
1485	70600014	86	430	1290	1290	430	860	
1486	70600014	87	435	1305	1305	435	870	
1487	70600014	88	440	1320	1320	440	880	
1488	70600014	89	445	1335	1335	445	890	
1489	70600014	90	450	1350	1350	450	900	
1490	70600014	91	455	1365	1365	455	910	
1491	70600014	92	460	1380	1380	460	920	
1492	70600014	93	465	1395	1395	465	930	
1493	70600014	94	470	1410	1410	470	940	
1494	70600014	95	475	1425	1425	475	950	
1495	70600014	96	480	1440	1440	480	960	
1496	70600014	97	485	1455	1455	485	970	
1497	70600014	98	490	1470	1470	490	980	
1498	70600014	99	495	1485	1485	495	990	
1499	70600014	100	500	1500	1500	500	1000	
1500	70600015	1	30	30	25	15	20	
1501	70600015	2	60	60	50	30	40	
1502	70600015	3	90	90	75	45	60	
1503	70600015	4	120	120	100	60	80	
1504	70600015	5	150	150	125	75	100	
1505	70600015	6	180	180	150	90	120	
1506	70600015	7	210	210	175	105	140	
1507	70600015	8	240	240	200	120	160	
1508	70600015	9	270	270	225	135	180	
1509	70600015	10	300	300	250	150	200	
1510	70600015	11	330	330	275	165	220	
1511	70600015	12	360	360	300	180	240	
1512	70600015	13	390	390	325	195	260	
1513	70600015	14	420	420	350	210	280	
1514	70600015	15	450	450	375	225	300	
1515	70600015	16	480	480	400	240	320	
1516	70600015	17	510	510	425	255	340	
1517	70600015	18	540	540	450	270	360	
1518	70600015	19	570	570	475	285	380	
1519	70600015	20	600	600	500	300	400	
1520	70600015	21	630	630	525	315	420	
1521	70600015	22	660	660	550	330	440	
1522	70600015	23	690	690	575	345	460	
1523	70600015	24	720	720	600	360	480	
1524	70600015	25	750	750	625	375	500	
1525	70600015	26	780	780	650	390	520	
1526	70600015	27	810	810	675	405	540	
1527	70600015	28	840	840	700	420	560	
1528	70600015	29	870	870	725	435	580	
1529	70600015	30	900	900	750	450	600	
1530	70600015	31	930	930	775	465	620	
1531	70600015	32	960	960	800	480	640	
1532	70600015	33	990	990	825	495	660	
1533	70600015	34	1020	1020	850	510	680	
1534	70600015	35	1050	1050	875	525	700	
1535	70600015	36	1080	1080	900	540	720	
1536	70600015	37	1110	1110	925	555	740	
1537	70600015	38	1140	1140	950	570	760	
1538	70600015	39	1170	1170	975	585	780	
1539	70600015	40	1200	1200	1000	600	800	
1540	70600015	41	1230	1230	1025	615	820	
1541	70600015	42	1260	1260	1050	630	840	
1542	70600015	43	1290	1290	1075	645	860	
1543	70600015	44	1320	1320	1100	660	880	
1544	70600015	45	1350	1350	1125	675	900	
1545	70600015	46	1380	1380	1150	690	920	
1546	70600015	47	1410	1410	1175	705	940	
1547	70600015	48	1440	1440	1200	720	960	
1548	70600015	49	1470	1470	1225	735	980	
1549	70600015	50	1500	1500	1250	750	1000	
1550	70600015	51	1530	1530	1275	765	1020	
1551	70600015	52	1560	1560	1300	780	1040	
1552	70600015	53	1590	1590	1325	795	1060	
1553	70600015	54	1620	1620	1350	810	1080	
1554	70600015	55	1650	1650	1375	825	1100	
1555	70600015	56	1680	1680	1400	840	1120	
1556	70600015	57	1710	1710	1425	855	1140	
1557	70600015	58	1740	1740	1450	870	1160	
1558	70600015	59	1770	1770	1475	885	1180	
1559	70600015	60	1800	1800	1500	900	1200	
1560	70600015	61	1830	1830	1525	915	1220	
1561	70600015	62	1860	1860	1550	930	1240	
1562	70600015	63	1890	1890	1575	945	1260	
1563	70600015	64	1920	1920	1600	960	1280	
1564	70600015	65	1950	1950	1625	975	1300	
1565	70600015	66	1980	1980	1650	990	1320	
1566	70600015	67	2010	2010	1675	1005	1340	
1567	70600015	68	2040	2040	1700	1020	1360	
1568	70600015	69	2070	2070	1725	1035	1380	
1569	70600015	70	2100	2100	1750	1050	1400	
1570	70600015	71	2130	2130	1775	1065	1420	
1571	70600015	72	2160	2160	1800	1080	1440	
1572	70600015	73	2190	2190	1825	1095	1460	
1573	70600015	74	2220	2220	1850	1110	1480	
1574	70600015	75	2250	2250	1875	1125	1500	
1575	70600015	76	2280	2280	1900	1140	1520	
1576	70600015	77	2310	2310	1925	1155	1540	
1577	70600015	78	2340	2340	1950	1170	1560	
1578	70600015	79	2370	2370	1975	1185	1580	
1579	70600015	80	2400	2400	2000	1200	1600	
1580	70600015	81	2430	2430	2025	1215	1620	
1581	70600015	82	2460	2460	2050	1230	1640	
1582	70600015	83	2490	2490	2075	1245	1660	
1583	70600015	84	2520	2520	2100	1260	1680	
1584	70600015	85	2550	2550	2125	1275	1700	
1585	70600015	86	2580	2580	2150	1290	1720	
1586	70600015	87	2610	2610	2175	1305	1740	
1587	70600015	88	2640	2640	2200	1320	1760	
1588	70600015	89	2670	2670	2225	1335	1780	
1589	70600015	90	2700	2700	2250	1350	1800	
1590	70600015	91	2730	2730	2275	1365	1820	
1591	70600015	92	2760	2760	2300	1380	1840	
1592	70600015	93	2790	2790	2325	1395	1860	
1593	70600015	94	2820	2820	2350	1410	1880	
1594	70600015	95	2850	2850	2375	1425	1900	
1595	70600015	96	2880	2880	2400	1440	1920	
1596	70600015	97	2910	2910	2425	1455	1940	
1597	70600015	98	2940	2940	2450	1470	1960	
1598	70600015	99	2970	2970	2475	1485	1980	
1599	70600015	100	3000	3000	2500	1500	2000	
1600	70600016	1	30	30	25	15	20	
1601	70600016	2	60	60	50	30	40	
1602	70600016	3	90	90	75	45	60	
1603	70600016	4	120	120	100	60	80	
1604	70600016	5	150	150	125	75	100	
1605	70600016	6	180	180	150	90	120	
1606	70600016	7	210	210	175	105	140	
1607	70600016	8	240	240	200	120	160	
1608	70600016	9	270	270	225	135	180	
1609	70600016	10	300	300	250	150	200	
1610	70600016	11	330	330	275	165	220	
1611	70600016	12	360	360	300	180	240	
1612	70600016	13	390	390	325	195	260	
1613	70600016	14	420	420	350	210	280	
1614	70600016	15	450	450	375	225	300	
1615	70600016	16	480	480	400	240	320	
1616	70600016	17	510	510	425	255	340	
1617	70600016	18	540	540	450	270	360	
1618	70600016	19	570	570	475	285	380	
1619	70600016	20	600	600	500	300	400	
1620	70600016	21	630	630	525	315	420	
1621	70600016	22	660	660	550	330	440	
1622	70600016	23	690	690	575	345	460	
1623	70600016	24	720	720	600	360	480	
1624	70600016	25	750	750	625	375	500	
1625	70600016	26	780	780	650	390	520	
1626	70600016	27	810	810	675	405	540	
1627	70600016	28	840	840	700	420	560	
1628	70600016	29	870	870	725	435	580	
1629	70600016	30	900	900	750	450	600	
1630	70600016	31	930	930	775	465	620	
1631	70600016	32	960	960	800	480	640	
1632	70600016	33	990	990	825	495	660	
1633	70600016	34	1020	1020	850	510	680	
1634	70600016	35	1050	1050	875	525	700	
1635	70600016	36	1080	1080	900	540	720	
1636	70600016	37	1110	1110	925	555	740	
1637	70600016	38	1140	1140	950	570	760	
1638	70600016	39	1170	1170	975	585	780	
1639	70600016	40	1200	1200	1000	600	800	
1640	70600016	41	1230	1230	1025	615	820	
1641	70600016	42	1260	1260	1050	630	840	
1642	70600016	43	1290	1290	1075	645	860	
1643	70600016	44	1320	1320	1100	660	880	
1644	70600016	45	1350	1350	1125	675	900	
1645	70600016	46	1380	1380	1150	690	920	
1646	70600016	47	1410	1410	1175	705	940	
1647	70600016	48	1440	1440	1200	720	960	
1648	70600016	49	1470	1470	1225	735	980	
1649	70600016	50	1500	1500	1250	750	1000	
1650	70600016	51	1530	1530	1275	765	1020	
1651	70600016	52	1560	1560	1300	780	1040	
1652	70600016	53	1590	1590	1325	795	1060	
1653	70600016	54	1620	1620	1350	810	1080	
1654	70600016	55	1650	1650	1375	825	1100	
1655	70600016	56	1680	1680	1400	840	1120	
1656	70600016	57	1710	1710	1425	855	1140	
1657	70600016	58	1740	1740	1450	870	1160	
1658	70600016	59	1770	1770	1475	885	1180	
1659	70600016	60	1800	1800	1500	900	1200	
1660	70600016	61	1830	1830	1525	915	1220	
1661	70600016	62	1860	1860	1550	930	1240	
1662	70600016	63	1890	1890	1575	945	1260	
1663	70600016	64	1920	1920	1600	960	1280	
1664	70600016	65	1950	1950	1625	975	1300	
1665	70600016	66	1980	1980	1650	990	1320	
1666	70600016	67	2010	2010	1675	1005	1340	
1667	70600016	68	2040	2040	1700	1020	1360	
1668	70600016	69	2070	2070	1725	1035	1380	
1669	70600016	70	2100	2100	1750	1050	1400	
1670	70600016	71	2130	2130	1775	1065	1420	
1671	70600016	72	2160	2160	1800	1080	1440	
1672	70600016	73	2190	2190	1825	1095	1460	
1673	70600016	74	2220	2220	1850	1110	1480	
1674	70600016	75	2250	2250	1875	1125	1500	
1675	70600016	76	2280	2280	1900	1140	1520	
1676	70600016	77	2310	2310	1925	1155	1540	
1677	70600016	78	2340	2340	1950	1170	1560	
1678	70600016	79	2370	2370	1975	1185	1580	
1679	70600016	80	2400	2400	2000	1200	1600	
1680	70600016	81	2430	2430	2025	1215	1620	
1681	70600016	82	2460	2460	2050	1230	1640	
1682	70600016	83	2490	2490	2075	1245	1660	
1683	70600016	84	2520	2520	2100	1260	1680	
1684	70600016	85	2550	2550	2125	1275	1700	
1685	70600016	86	2580	2580	2150	1290	1720	
1686	70600016	87	2610	2610	2175	1305	1740	
1687	70600016	88	2640	2640	2200	1320	1760	
1688	70600016	89	2670	2670	2225	1335	1780	
1689	70600016	90	2700	2700	2250	1350	1800	
1690	70600016	91	2730	2730	2275	1365	1820	
1691	70600016	92	2760	2760	2300	1380	1840	
1692	70600016	93	2790	2790	2325	1395	1860	
1693	70600016	94	2820	2820	2350	1410	1880	
1694	70600016	95	2850	2850	2375	1425	1900	
1695	70600016	96	2880	2880	2400	1440	1920	
1696	70600016	97	2910	2910	2425	1455	1940	
1697	70600016	98	2940	2940	2450	1470	1960	
1698	70600016	99	2970	2970	2475	1485	1980	
1699	70600016	100	3000	3000	2500	1500	2000	
1700	70600017	1	30	30	25	15	20	
1701	70600017	2	60	60	50	30	40	
1702	70600017	3	90	90	75	45	60	
1703	70600017	4	120	120	100	60	80	
1704	70600017	5	150	150	125	75	100	
1705	70600017	6	180	180	150	90	120	
1706	70600017	7	210	210	175	105	140	
1707	70600017	8	240	240	200	120	160	
1708	70600017	9	270	270	225	135	180	
1709	70600017	10	300	300	250	150	200	
1710	70600017	11	330	330	275	165	220	
1711	70600017	12	360	360	300	180	240	
1712	70600017	13	390	390	325	195	260	
1713	70600017	14	420	420	350	210	280	
1714	70600017	15	450	450	375	225	300	
1715	70600017	16	480	480	400	240	320	
1716	70600017	17	510	510	425	255	340	
1717	70600017	18	540	540	450	270	360	
1718	70600017	19	570	570	475	285	380	
1719	70600017	20	600	600	500	300	400	
1720	70600017	21	630	630	525	315	420	
1721	70600017	22	660	660	550	330	440	
1722	70600017	23	690	690	575	345	460	
1723	70600017	24	720	720	600	360	480	
1724	70600017	25	750	750	625	375	500	
1725	70600017	26	780	780	650	390	520	
1726	70600017	27	810	810	675	405	540	
1727	70600017	28	840	840	700	420	560	
1728	70600017	29	870	870	725	435	580	
1729	70600017	30	900	900	750	450	600	
1730	70600017	31	930	930	775	465	620	
1731	70600017	32	960	960	800	480	640	
1732	70600017	33	990	990	825	495	660	
1733	70600017	34	1020	1020	850	510	680	
1734	70600017	35	1050	1050	875	525	700	
1735	70600017	36	1080	1080	900	540	720	
1736	70600017	37	1110	1110	925	555	740	
1737	70600017	38	1140	1140	950	570	760	
1738	70600017	39	1170	1170	975	585	780	
1739	70600017	40	1200	1200	1000	600	800	
1740	70600017	41	1230	1230	1025	615	820	
1741	70600017	42	1260	1260	1050	630	840	
1742	70600017	43	1290	1290	1075	645	860	
1743	70600017	44	1320	1320	1100	660	880	
1744	70600017	45	1350	1350	1125	675	900	
1745	70600017	46	1380	1380	1150	690	920	
1746	70600017	47	1410	1410	1175	705	940	
1747	70600017	48	1440	1440	1200	720	960	
1748	70600017	49	1470	1470	1225	735	980	
1749	70600017	50	1500	1500	1250	750	1000	
1750	70600017	51	1530	1530	1275	765	1020	
1751	70600017	52	1560	1560	1300	780	1040	
1752	70600017	53	1590	1590	1325	795	1060	
1753	70600017	54	1620	1620	1350	810	1080	
1754	70600017	55	1650	1650	1375	825	1100	
1755	70600017	56	1680	1680	1400	840	1120	
1756	70600017	57	1710	1710	1425	855	1140	
1757	70600017	58	1740	1740	1450	870	1160	
1758	70600017	59	1770	1770	1475	885	1180	
1759	70600017	60	1800	1800	1500	900	1200	
1760	70600017	61	1830	1830	1525	915	1220	
1761	70600017	62	1860	1860	1550	930	1240	
1762	70600017	63	1890	1890	1575	945	1260	
1763	70600017	64	1920	1920	1600	960	1280	
1764	70600017	65	1950	1950	1625	975	1300	
1765	70600017	66	1980	1980	1650	990	1320	
1766	70600017	67	2010	2010	1675	1005	1340	
1767	70600017	68	2040	2040	1700	1020	1360	
1768	70600017	69	2070	2070	1725	1035	1380	
1769	70600017	70	2100	2100	1750	1050	1400	
1770	70600017	71	2130	2130	1775	1065	1420	
1771	70600017	72	2160	2160	1800	1080	1440	
1772	70600017	73	2190	2190	1825	1095	1460	
1773	70600017	74	2220	2220	1850	1110	1480	
1774	70600017	75	2250	2250	1875	1125	1500	
1775	70600017	76	2280	2280	1900	1140	1520	
1776	70600017	77	2310	2310	1925	1155	1540	
1777	70600017	78	2340	2340	1950	1170	1560	
1778	70600017	79	2370	2370	1975	1185	1580	
1779	70600017	80	2400	2400	2000	1200	1600	
1780	70600017	81	2430	2430	2025	1215	1620	
1781	70600017	82	2460	2460	2050	1230	1640	
1782	70600017	83	2490	2490	2075	1245	1660	
1783	70600017	84	2520	2520	2100	1260	1680	
1784	70600017	85	2550	2550	2125	1275	1700	
1785	70600017	86	2580	2580	2150	1290	1720	
1786	70600017	87	2610	2610	2175	1305	1740	
1787	70600017	88	2640	2640	2200	1320	1760	
1788	70600017	89	2670	2670	2225	1335	1780	
1789	70600017	90	2700	2700	2250	1350	1800	
1790	70600017	91	2730	2730	2275	1365	1820	
1791	70600017	92	2760	2760	2300	1380	1840	
1792	70600017	93	2790	2790	2325	1395	1860	
1793	70600017	94	2820	2820	2350	1410	1880	
1794	70600017	95	2850	2850	2375	1425	1900	
1795	70600017	96	2880	2880	2400	1440	1920	
1796	70600017	97	2910	2910	2425	1455	1940	
1797	70600017	98	2940	2940	2450	1470	1960	
1798	70600017	99	2970	2970	2475	1485	1980	
1799	70600017	100	3000	3000	2500	1500	2000	
1800	70600018	1	30	30	25	15	20	
1801	70600018	2	60	60	50	30	40	
1802	70600018	3	90	90	75	45	60	
1803	70600018	4	120	120	100	60	80	
1804	70600018	5	150	150	125	75	100	
1805	70600018	6	180	180	150	90	120	
1806	70600018	7	210	210	175	105	140	
1807	70600018	8	240	240	200	120	160	
1808	70600018	9	270	270	225	135	180	
1809	70600018	10	300	300	250	150	200	
1810	70600018	11	330	330	275	165	220	
1811	70600018	12	360	360	300	180	240	
1812	70600018	13	390	390	325	195	260	
1813	70600018	14	420	420	350	210	280	
1814	70600018	15	450	450	375	225	300	
1815	70600018	16	480	480	400	240	320	
1816	70600018	17	510	510	425	255	340	
1817	70600018	18	540	540	450	270	360	
1818	70600018	19	570	570	475	285	380	
1819	70600018	20	600	600	500	300	400	
1820	70600018	21	630	630	525	315	420	
1821	70600018	22	660	660	550	330	440	
1822	70600018	23	690	690	575	345	460	
1823	70600018	24	720	720	600	360	480	
1824	70600018	25	750	750	625	375	500	
1825	70600018	26	780	780	650	390	520	
1826	70600018	27	810	810	675	405	540	
1827	70600018	28	840	840	700	420	560	
1828	70600018	29	870	870	725	435	580	
1829	70600018	30	900	900	750	450	600	
1830	70600018	31	930	930	775	465	620	
1831	70600018	32	960	960	800	480	640	
1832	70600018	33	990	990	825	495	660	
1833	70600018	34	1020	1020	850	510	680	
1834	70600018	35	1050	1050	875	525	700	
1835	70600018	36	1080	1080	900	540	720	
1836	70600018	37	1110	1110	925	555	740	
1837	70600018	38	1140	1140	950	570	760	
1838	70600018	39	1170	1170	975	585	780	
1839	70600018	40	1200	1200	1000	600	800	
1840	70600018	41	1230	1230	1025	615	820	
1841	70600018	42	1260	1260	1050	630	840	
1842	70600018	43	1290	1290	1075	645	860	
1843	70600018	44	1320	1320	1100	660	880	
1844	70600018	45	1350	1350	1125	675	900	
1845	70600018	46	1380	1380	1150	690	920	
1846	70600018	47	1410	1410	1175	705	940	
1847	70600018	48	1440	1440	1200	720	960	
1848	70600018	49	1470	1470	1225	735	980	
1849	70600018	50	1500	1500	1250	750	1000	
1850	70600018	51	1530	1530	1275	765	1020	
1851	70600018	52	1560	1560	1300	780	1040	
1852	70600018	53	1590	1590	1325	795	1060	
1853	70600018	54	1620	1620	1350	810	1080	
1854	70600018	55	1650	1650	1375	825	1100	
1855	70600018	56	1680	1680	1400	840	1120	
1856	70600018	57	1710	1710	1425	855	1140	
1857	70600018	58	1740	1740	1450	870	1160	
1858	70600018	59	1770	1770	1475	885	1180	
1859	70600018	60	1800	1800	1500	900	1200	
1860	70600018	61	1830	1830	1525	915	1220	
1861	70600018	62	1860	1860	1550	930	1240	
1862	70600018	63	1890	1890	1575	945	1260	
1863	70600018	64	1920	1920	1600	960	1280	
1864	70600018	65	1950	1950	1625	975	1300	
1865	70600018	66	1980	1980	1650	990	1320	
1866	70600018	67	2010	2010	1675	1005	1340	
1867	70600018	68	2040	2040	1700	1020	1360	
1868	70600018	69	2070	2070	1725	1035	1380	
1869	70600018	70	2100	2100	1750	1050	1400	
1870	70600018	71	2130	2130	1775	1065	1420	
1871	70600018	72	2160	2160	1800	1080	1440	
1872	70600018	73	2190	2190	1825	1095	1460	
1873	70600018	74	2220	2220	1850	1110	1480	
1874	70600018	75	2250	2250	1875	1125	1500	
1875	70600018	76	2280	2280	1900	1140	1520	
1876	70600018	77	2310	2310	1925	1155	1540	
1877	70600018	78	2340	2340	1950	1170	1560	
1878	70600018	79	2370	2370	1975	1185	1580	
1879	70600018	80	2400	2400	2000	1200	1600	
1880	70600018	81	2430	2430	2025	1215	1620	
1881	70600018	82	2460	2460	2050	1230	1640	
1882	70600018	83	2490	2490	2075	1245	1660	
1883	70600018	84	2520	2520	2100	1260	1680	
1884	70600018	85	2550	2550	2125	1275	1700	
1885	70600018	86	2580	2580	2150	1290	1720	
1886	70600018	87	2610	2610	2175	1305	1740	
1887	70600018	88	2640	2640	2200	1320	1760	
1888	70600018	89	2670	2670	2225	1335	1780	
1889	70600018	90	2700	2700	2250	1350	1800	
1890	70600018	91	2730	2730	2275	1365	1820	
1891	70600018	92	2760	2760	2300	1380	1840	
1892	70600018	93	2790	2790	2325	1395	1860	
1893	70600018	94	2820	2820	2350	1410	1880	
1894	70600018	95	2850	2850	2375	1425	1900	
1895	70600018	96	2880	2880	2400	1440	1920	
1896	70600018	97	2910	2910	2425	1455	1940	
1897	70600018	98	2940	2940	2450	1470	1960	
1898	70600018	99	2970	2970	2475	1485	1980	
1899	70600018	100	3000	3000	2500	1500	2000	
1900	70600019	1	30	30	25	15	20	
1901	70600019	2	60	60	50	30	40	
1902	70600019	3	90	90	75	45	60	
1903	70600019	4	120	120	100	60	80	
1904	70600019	5	150	150	125	75	100	
1905	70600019	6	180	180	150	90	120	
1906	70600019	7	210	210	175	105	140	
1907	70600019	8	240	240	200	120	160	
1908	70600019	9	270	270	225	135	180	
1909	70600019	10	300	300	250	150	200	
1910	70600019	11	330	330	275	165	220	
1911	70600019	12	360	360	300	180	240	
1912	70600019	13	390	390	325	195	260	
1913	70600019	14	420	420	350	210	280	
1914	70600019	15	450	450	375	225	300	
1915	70600019	16	480	480	400	240	320	
1916	70600019	17	510	510	425	255	340	
1917	70600019	18	540	540	450	270	360	
1918	70600019	19	570	570	475	285	380	
1919	70600019	20	600	600	500	300	400	
1920	70600019	21	630	630	525	315	420	
1921	70600019	22	660	660	550	330	440	
1922	70600019	23	690	690	575	345	460	
1923	70600019	24	720	720	600	360	480	
1924	70600019	25	750	750	625	375	500	
1925	70600019	26	780	780	650	390	520	
1926	70600019	27	810	810	675	405	540	
1927	70600019	28	840	840	700	420	560	
1928	70600019	29	870	870	725	435	580	
1929	70600019	30	900	900	750	450	600	
1930	70600019	31	930	930	775	465	620	
1931	70600019	32	960	960	800	480	640	
1932	70600019	33	990	990	825	495	660	
1933	70600019	34	1020	1020	850	510	680	
1934	70600019	35	1050	1050	875	525	700	
1935	70600019	36	1080	1080	900	540	720	
1936	70600019	37	1110	1110	925	555	740	
1937	70600019	38	1140	1140	950	570	760	
1938	70600019	39	1170	1170	975	585	780	
1939	70600019	40	1200	1200	1000	600	800	
1940	70600019	41	1230	1230	1025	615	820	
1941	70600019	42	1260	1260	1050	630	840	
1942	70600019	43	1290	1290	1075	645	860	
1943	70600019	44	1320	1320	1100	660	880	
1944	70600019	45	1350	1350	1125	675	900	
1945	70600019	46	1380	1380	1150	690	920	
1946	70600019	47	1410	1410	1175	705	940	
1947	70600019	48	1440	1440	1200	720	960	
1948	70600019	49	1470	1470	1225	735	980	
1949	70600019	50	1500	1500	1250	750	1000	
1950	70600019	51	1530	1530	1275	765	1020	
1951	70600019	52	1560	1560	1300	780	1040	
1952	70600019	53	1590	1590	1325	795	1060	
1953	70600019	54	1620	1620	1350	810	1080	
1954	70600019	55	1650	1650	1375	825	1100	
1955	70600019	56	1680	1680	1400	840	1120	
1956	70600019	57	1710	1710	1425	855	1140	
1957	70600019	58	1740	1740	1450	870	1160	
1958	70600019	59	1770	1770	1475	885	1180	
1959	70600019	60	1800	1800	1500	900	1200	
1960	70600019	61	1830	1830	1525	915	1220	
1961	70600019	62	1860	1860	1550	930	1240	
1962	70600019	63	1890	1890	1575	945	1260	
1963	70600019	64	1920	1920	1600	960	1280	
1964	70600019	65	1950	1950	1625	975	1300	
1965	70600019	66	1980	1980	1650	990	1320	
1966	70600019	67	2010	2010	1675	1005	1340	
1967	70600019	68	2040	2040	1700	1020	1360	
1968	70600019	69	2070	2070	1725	1035	1380	
1969	70600019	70	2100	2100	1750	1050	1400	
1970	70600019	71	2130	2130	1775	1065	1420	
1971	70600019	72	2160	2160	1800	1080	1440	
1972	70600019	73	2190	2190	1825	1095	1460	
1973	70600019	74	2220	2220	1850	1110	1480	
1974	70600019	75	2250	2250	1875	1125	1500	
1975	70600019	76	2280	2280	1900	1140	1520	
1976	70600019	77	2310	2310	1925	1155	1540	
1977	70600019	78	2340	2340	1950	1170	1560	
1978	70600019	79	2370	2370	1975	1185	1580	
1979	70600019	80	2400	2400	2000	1200	1600	
1980	70600019	81	2430	2430	2025	1215	1620	
1981	70600019	82	2460	2460	2050	1230	1640	
1982	70600019	83	2490	2490	2075	1245	1660	
1983	70600019	84	2520	2520	2100	1260	1680	
1984	70600019	85	2550	2550	2125	1275	1700	
1985	70600019	86	2580	2580	2150	1290	1720	
1986	70600019	87	2610	2610	2175	1305	1740	
1987	70600019	88	2640	2640	2200	1320	1760	
1988	70600019	89	2670	2670	2225	1335	1780	
1989	70600019	90	2700	2700	2250	1350	1800	
1990	70600019	91	2730	2730	2275	1365	1820	
1991	70600019	92	2760	2760	2300	1380	1840	
1992	70600019	93	2790	2790	2325	1395	1860	
1993	70600019	94	2820	2820	2350	1410	1880	
1994	70600019	95	2850	2850	2375	1425	1900	
1995	70600019	96	2880	2880	2400	1440	1920	
1996	70600019	97	2910	2910	2425	1455	1940	
1997	70600019	98	2940	2940	2450	1470	1960	
1998	70600019	99	2970	2970	2475	1485	1980	
1999	70600019	100	3000	3000	2500	1500	2000	
2000	70600020	1	30	30	25	15	20	
2001	70600020	2	60	60	50	30	40	
2002	70600020	3	90	90	75	45	60	
2003	70600020	4	120	120	100	60	80	
2004	70600020	5	150	150	125	75	100	
2005	70600020	6	180	180	150	90	120	
2006	70600020	7	210	210	175	105	140	
2007	70600020	8	240	240	200	120	160	
2008	70600020	9	270	270	225	135	180	
2009	70600020	10	300	300	250	150	200	
2010	70600020	11	330	330	275	165	220	
2011	70600020	12	360	360	300	180	240	
2012	70600020	13	390	390	325	195	260	
2013	70600020	14	420	420	350	210	280	
2014	70600020	15	450	450	375	225	300	
2015	70600020	16	480	480	400	240	320	
2016	70600020	17	510	510	425	255	340	
2017	70600020	18	540	540	450	270	360	
2018	70600020	19	570	570	475	285	380	
2019	70600020	20	600	600	500	300	400	
2020	70600020	21	630	630	525	315	420	
2021	70600020	22	660	660	550	330	440	
2022	70600020	23	690	690	575	345	460	
2023	70600020	24	720	720	600	360	480	
2024	70600020	25	750	750	625	375	500	
2025	70600020	26	780	780	650	390	520	
2026	70600020	27	810	810	675	405	540	
2027	70600020	28	840	840	700	420	560	
2028	70600020	29	870	870	725	435	580	
2029	70600020	30	900	900	750	450	600	
2030	70600020	31	930	930	775	465	620	
2031	70600020	32	960	960	800	480	640	
2032	70600020	33	990	990	825	495	660	
2033	70600020	34	1020	1020	850	510	680	
2034	70600020	35	1050	1050	875	525	700	
2035	70600020	36	1080	1080	900	540	720	
2036	70600020	37	1110	1110	925	555	740	
2037	70600020	38	1140	1140	950	570	760	
2038	70600020	39	1170	1170	975	585	780	
2039	70600020	40	1200	1200	1000	600	800	
2040	70600020	41	1230	1230	1025	615	820	
2041	70600020	42	1260	1260	1050	630	840	
2042	70600020	43	1290	1290	1075	645	860	
2043	70600020	44	1320	1320	1100	660	880	
2044	70600020	45	1350	1350	1125	675	900	
2045	70600020	46	1380	1380	1150	690	920	
2046	70600020	47	1410	1410	1175	705	940	
2047	70600020	48	1440	1440	1200	720	960	
2048	70600020	49	1470	1470	1225	735	980	
2049	70600020	50	1500	1500	1250	750	1000	
2050	70600020	51	1530	1530	1275	765	1020	
2051	70600020	52	1560	1560	1300	780	1040	
2052	70600020	53	1590	1590	1325	795	1060	
2053	70600020	54	1620	1620	1350	810	1080	
2054	70600020	55	1650	1650	1375	825	1100	
2055	70600020	56	1680	1680	1400	840	1120	
2056	70600020	57	1710	1710	1425	855	1140	
2057	70600020	58	1740	1740	1450	870	1160	
2058	70600020	59	1770	1770	1475	885	1180	
2059	70600020	60	1800	1800	1500	900	1200	
2060	70600020	61	1830	1830	1525	915	1220	
2061	70600020	62	1860	1860	1550	930	1240	
2062	70600020	63	1890	1890	1575	945	1260	
2063	70600020	64	1920	1920	1600	960	1280	
2064	70600020	65	1950	1950	1625	975	1300	
2065	70600020	66	1980	1980	1650	990	1320	
2066	70600020	67	2010	2010	1675	1005	1340	
2067	70600020	68	2040	2040	1700	1020	1360	
2068	70600020	69	2070	2070	1725	1035	1380	
2069	70600020	70	2100	2100	1750	1050	1400	
2070	70600020	71	2130	2130	1775	1065	1420	
2071	70600020	72	2160	2160	1800	1080	1440	
2072	70600020	73	2190	2190	1825	1095	1460	
2073	70600020	74	2220	2220	1850	1110	1480	
2074	70600020	75	2250	2250	1875	1125	1500	
2075	70600020	76	2280	2280	1900	1140	1520	
2076	70600020	77	2310	2310	1925	1155	1540	
2077	70600020	78	2340	2340	1950	1170	1560	
2078	70600020	79	2370	2370	1975	1185	1580	
2079	70600020	80	2400	2400	2000	1200	1600	
2080	70600020	81	2430	2430	2025	1215	1620	
2081	70600020	82	2460	2460	2050	1230	1640	
2082	70600020	83	2490	2490	2075	1245	1660	
2083	70600020	84	2520	2520	2100	1260	1680	
2084	70600020	85	2550	2550	2125	1275	1700	
2085	70600020	86	2580	2580	2150	1290	1720	
2086	70600020	87	2610	2610	2175	1305	1740	
2087	70600020	88	2640	2640	2200	1320	1760	
2088	70600020	89	2670	2670	2225	1335	1780	
2089	70600020	90	2700	2700	2250	1350	1800	
2090	70600020	91	2730	2730	2275	1365	1820	
2091	70600020	92	2760	2760	2300	1380	1840	
2092	70600020	93	2790	2790	2325	1395	1860	
2093	70600020	94	2820	2820	2350	1410	1880	
2094	70600020	95	2850	2850	2375	1425	1900	
2095	70600020	96	2880	2880	2400	1440	1920	
2096	70600020	97	2910	2910	2425	1455	1940	
2097	70600020	98	2940	2940	2450	1470	1960	
2098	70600020	99	2970	2970	2475	1485	1980	
2099	70600020	100	3000	3000	2500	1500	2000	
2100	70600021	1	30	30	25	15	20	
2101	70600021	2	60	60	50	30	40	
2102	70600021	3	90	90	75	45	60	
2103	70600021	4	120	120	100	60	80	
2104	70600021	5	150	150	125	75	100	
2105	70600021	6	180	180	150	90	120	
2106	70600021	7	210	210	175	105	140	
2107	70600021	8	240	240	200	120	160	
2108	70600021	9	270	270	225	135	180	
2109	70600021	10	300	300	250	150	200	
2110	70600021	11	330	330	275	165	220	
2111	70600021	12	360	360	300	180	240	
2112	70600021	13	390	390	325	195	260	
2113	70600021	14	420	420	350	210	280	
2114	70600021	15	450	450	375	225	300	
2115	70600021	16	480	480	400	240	320	
2116	70600021	17	510	510	425	255	340	
2117	70600021	18	540	540	450	270	360	
2118	70600021	19	570	570	475	285	380	
2119	70600021	20	600	600	500	300	400	
2120	70600021	21	630	630	525	315	420	
2121	70600021	22	660	660	550	330	440	
2122	70600021	23	690	690	575	345	460	
2123	70600021	24	720	720	600	360	480	
2124	70600021	25	750	750	625	375	500	
2125	70600021	26	780	780	650	390	520	
2126	70600021	27	810	810	675	405	540	
2127	70600021	28	840	840	700	420	560	
2128	70600021	29	870	870	725	435	580	
2129	70600021	30	900	900	750	450	600	
2130	70600021	31	930	930	775	465	620	
2131	70600021	32	960	960	800	480	640	
2132	70600021	33	990	990	825	495	660	
2133	70600021	34	1020	1020	850	510	680	
2134	70600021	35	1050	1050	875	525	700	
2135	70600021	36	1080	1080	900	540	720	
2136	70600021	37	1110	1110	925	555	740	
2137	70600021	38	1140	1140	950	570	760	
2138	70600021	39	1170	1170	975	585	780	
2139	70600021	40	1200	1200	1000	600	800	
2140	70600021	41	1230	1230	1025	615	820	
2141	70600021	42	1260	1260	1050	630	840	
2142	70600021	43	1290	1290	1075	645	860	
2143	70600021	44	1320	1320	1100	660	880	
2144	70600021	45	1350	1350	1125	675	900	
2145	70600021	46	1380	1380	1150	690	920	
2146	70600021	47	1410	1410	1175	705	940	
2147	70600021	48	1440	1440	1200	720	960	
2148	70600021	49	1470	1470	1225	735	980	
2149	70600021	50	1500	1500	1250	750	1000	
2150	70600021	51	1530	1530	1275	765	1020	
2151	70600021	52	1560	1560	1300	780	1040	
2152	70600021	53	1590	1590	1325	795	1060	
2153	70600021	54	1620	1620	1350	810	1080	
2154	70600021	55	1650	1650	1375	825	1100	
2155	70600021	56	1680	1680	1400	840	1120	
2156	70600021	57	1710	1710	1425	855	1140	
2157	70600021	58	1740	1740	1450	870	1160	
2158	70600021	59	1770	1770	1475	885	1180	
2159	70600021	60	1800	1800	1500	900	1200	
2160	70600021	61	1830	1830	1525	915	1220	
2161	70600021	62	1860	1860	1550	930	1240	
2162	70600021	63	1890	1890	1575	945	1260	
2163	70600021	64	1920	1920	1600	960	1280	
2164	70600021	65	1950	1950	1625	975	1300	
2165	70600021	66	1980	1980	1650	990	1320	
2166	70600021	67	2010	2010	1675	1005	1340	
2167	70600021	68	2040	2040	1700	1020	1360	
2168	70600021	69	2070	2070	1725	1035	1380	
2169	70600021	70	2100	2100	1750	1050	1400	
2170	70600021	71	2130	2130	1775	1065	1420	
2171	70600021	72	2160	2160	1800	1080	1440	
2172	70600021	73	2190	2190	1825	1095	1460	
2173	70600021	74	2220	2220	1850	1110	1480	
2174	70600021	75	2250	2250	1875	1125	1500	
2175	70600021	76	2280	2280	1900	1140	1520	
2176	70600021	77	2310	2310	1925	1155	1540	
2177	70600021	78	2340	2340	1950	1170	1560	
2178	70600021	79	2370	2370	1975	1185	1580	
2179	70600021	80	2400	2400	2000	1200	1600	
2180	70600021	81	2430	2430	2025	1215	1620	
2181	70600021	82	2460	2460	2050	1230	1640	
2182	70600021	83	2490	2490	2075	1245	1660	
2183	70600021	84	2520	2520	2100	1260	1680	
2184	70600021	85	2550	2550	2125	1275	1700	
2185	70600021	86	2580	2580	2150	1290	1720	
2186	70600021	87	2610	2610	2175	1305	1740	
2187	70600021	88	2640	2640	2200	1320	1760	
2188	70600021	89	2670	2670	2225	1335	1780	
2189	70600021	90	2700	2700	2250	1350	1800	
2190	70600021	91	2730	2730	2275	1365	1820	
2191	70600021	92	2760	2760	2300	1380	1840	
2192	70600021	93	2790	2790	2325	1395	1860	
2193	70600021	94	2820	2820	2350	1410	1880	
2194	70600021	95	2850	2850	2375	1425	1900	
2195	70600021	96	2880	2880	2400	1440	1920	
2196	70600021	97	2910	2910	2425	1455	1940	
2197	70600021	98	2940	2940	2450	1470	1960	
2198	70600021	99	2970	2970	2475	1485	1980	
2199	70600021	100	3000	3000	2500	1500	2000	
2200	70600022	1	30	30	25	15	20	
2201	70600022	2	60	60	50	30	40	
2202	70600022	3	90	90	75	45	60	
2203	70600022	4	120	120	100	60	80	
2204	70600022	5	150	150	125	75	100	
2205	70600022	6	180	180	150	90	120	
2206	70600022	7	210	210	175	105	140	
2207	70600022	8	240	240	200	120	160	
2208	70600022	9	270	270	225	135	180	
2209	70600022	10	300	300	250	150	200	
2210	70600022	11	330	330	275	165	220	
2211	70600022	12	360	360	300	180	240	
2212	70600022	13	390	390	325	195	260	
2213	70600022	14	420	420	350	210	280	
2214	70600022	15	450	450	375	225	300	
2215	70600022	16	480	480	400	240	320	
2216	70600022	17	510	510	425	255	340	
2217	70600022	18	540	540	450	270	360	
2218	70600022	19	570	570	475	285	380	
2219	70600022	20	600	600	500	300	400	
2220	70600022	21	630	630	525	315	420	
2221	70600022	22	660	660	550	330	440	
2222	70600022	23	690	690	575	345	460	
2223	70600022	24	720	720	600	360	480	
2224	70600022	25	750	750	625	375	500	
2225	70600022	26	780	780	650	390	520	
2226	70600022	27	810	810	675	405	540	
2227	70600022	28	840	840	700	420	560	
2228	70600022	29	870	870	725	435	580	
2229	70600022	30	900	900	750	450	600	
2230	70600022	31	930	930	775	465	620	
2231	70600022	32	960	960	800	480	640	
2232	70600022	33	990	990	825	495	660	
2233	70600022	34	1020	1020	850	510	680	
2234	70600022	35	1050	1050	875	525	700	
2235	70600022	36	1080	1080	900	540	720	
2236	70600022	37	1110	1110	925	555	740	
2237	70600022	38	1140	1140	950	570	760	
2238	70600022	39	1170	1170	975	585	780	
2239	70600022	40	1200	1200	1000	600	800	
2240	70600022	41	1230	1230	1025	615	820	
2241	70600022	42	1260	1260	1050	630	840	
2242	70600022	43	1290	1290	1075	645	860	
2243	70600022	44	1320	1320	1100	660	880	
2244	70600022	45	1350	1350	1125	675	900	
2245	70600022	46	1380	1380	1150	690	920	
2246	70600022	47	1410	1410	1175	705	940	
2247	70600022	48	1440	1440	1200	720	960	
2248	70600022	49	1470	1470	1225	735	980	
2249	70600022	50	1500	1500	1250	750	1000	
2250	70600022	51	1530	1530	1275	765	1020	
2251	70600022	52	1560	1560	1300	780	1040	
2252	70600022	53	1590	1590	1325	795	1060	
2253	70600022	54	1620	1620	1350	810	1080	
2254	70600022	55	1650	1650	1375	825	1100	
2255	70600022	56	1680	1680	1400	840	1120	
2256	70600022	57	1710	1710	1425	855	1140	
2257	70600022	58	1740	1740	1450	870	1160	
2258	70600022	59	1770	1770	1475	885	1180	
2259	70600022	60	1800	1800	1500	900	1200	
2260	70600022	61	1830	1830	1525	915	1220	
2261	70600022	62	1860	1860	1550	930	1240	
2262	70600022	63	1890	1890	1575	945	1260	
2263	70600022	64	1920	1920	1600	960	1280	
2264	70600022	65	1950	1950	1625	975	1300	
2265	70600022	66	1980	1980	1650	990	1320	
2266	70600022	67	2010	2010	1675	1005	1340	
2267	70600022	68	2040	2040	1700	1020	1360	
2268	70600022	69	2070	2070	1725	1035	1380	
2269	70600022	70	2100	2100	1750	1050	1400	
2270	70600022	71	2130	2130	1775	1065	1420	
2271	70600022	72	2160	2160	1800	1080	1440	
2272	70600022	73	2190	2190	1825	1095	1460	
2273	70600022	74	2220	2220	1850	1110	1480	
2274	70600022	75	2250	2250	1875	1125	1500	
2275	70600022	76	2280	2280	1900	1140	1520	
2276	70600022	77	2310	2310	1925	1155	1540	
2277	70600022	78	2340	2340	1950	1170	1560	
2278	70600022	79	2370	2370	1975	1185	1580	
2279	70600022	80	2400	2400	2000	1200	1600	
2280	70600022	81	2430	2430	2025	1215	1620	
2281	70600022	82	2460	2460	2050	1230	1640	
2282	70600022	83	2490	2490	2075	1245	1660	
2283	70600022	84	2520	2520	2100	1260	1680	
2284	70600022	85	2550	2550	2125	1275	1700	
2285	70600022	86	2580	2580	2150	1290	1720	
2286	70600022	87	2610	2610	2175	1305	1740	
2287	70600022	88	2640	2640	2200	1320	1760	
2288	70600022	89	2670	2670	2225	1335	1780	
2289	70600022	90	2700	2700	2250	1350	1800	
2290	70600022	91	2730	2730	2275	1365	1820	
2291	70600022	92	2760	2760	2300	1380	1840	
2292	70600022	93	2790	2790	2325	1395	1860	
2293	70600022	94	2820	2820	2350	1410	1880	
2294	70600022	95	2850	2850	2375	1425	1900	
2295	70600022	96	2880	2880	2400	1440	1920	
2296	70600022	97	2910	2910	2425	1455	1940	
2297	70600022	98	2940	2940	2450	1470	1960	
2298	70600022	99	2970	2970	2475	1485	1980	
2299	70600022	100	3000	3000	2500	1500	2000	
2300	70600023	1	30	30	25	15	20	
2301	70600023	2	60	60	50	30	40	
2302	70600023	3	90	90	75	45	60	
2303	70600023	4	120	120	100	60	80	
2304	70600023	5	150	150	125	75	100	
2305	70600023	6	180	180	150	90	120	
2306	70600023	7	210	210	175	105	140	
2307	70600023	8	240	240	200	120	160	
2308	70600023	9	270	270	225	135	180	
2309	70600023	10	300	300	250	150	200	
2310	70600023	11	330	330	275	165	220	
2311	70600023	12	360	360	300	180	240	
2312	70600023	13	390	390	325	195	260	
2313	70600023	14	420	420	350	210	280	
2314	70600023	15	450	450	375	225	300	
2315	70600023	16	480	480	400	240	320	
2316	70600023	17	510	510	425	255	340	
2317	70600023	18	540	540	450	270	360	
2318	70600023	19	570	570	475	285	380	
2319	70600023	20	600	600	500	300	400	
2320	70600023	21	630	630	525	315	420	
2321	70600023	22	660	660	550	330	440	
2322	70600023	23	690	690	575	345	460	
2323	70600023	24	720	720	600	360	480	
2324	70600023	25	750	750	625	375	500	
2325	70600023	26	780	780	650	390	520	
2326	70600023	27	810	810	675	405	540	
2327	70600023	28	840	840	700	420	560	
2328	70600023	29	870	870	725	435	580	
2329	70600023	30	900	900	750	450	600	
2330	70600023	31	930	930	775	465	620	
2331	70600023	32	960	960	800	480	640	
2332	70600023	33	990	990	825	495	660	
2333	70600023	34	1020	1020	850	510	680	
2334	70600023	35	1050	1050	875	525	700	
2335	70600023	36	1080	1080	900	540	720	
2336	70600023	37	1110	1110	925	555	740	
2337	70600023	38	1140	1140	950	570	760	
2338	70600023	39	1170	1170	975	585	780	
2339	70600023	40	1200	1200	1000	600	800	
2340	70600023	41	1230	1230	1025	615	820	
2341	70600023	42	1260	1260	1050	630	840	
2342	70600023	43	1290	1290	1075	645	860	
2343	70600023	44	1320	1320	1100	660	880	
2344	70600023	45	1350	1350	1125	675	900	
2345	70600023	46	1380	1380	1150	690	920	
2346	70600023	47	1410	1410	1175	705	940	
2347	70600023	48	1440	1440	1200	720	960	
2348	70600023	49	1470	1470	1225	735	980	
2349	70600023	50	1500	1500	1250	750	1000	
2350	70600023	51	1530	1530	1275	765	1020	
2351	70600023	52	1560	1560	1300	780	1040	
2352	70600023	53	1590	1590	1325	795	1060	
2353	70600023	54	1620	1620	1350	810	1080	
2354	70600023	55	1650	1650	1375	825	1100	
2355	70600023	56	1680	1680	1400	840	1120	
2356	70600023	57	1710	1710	1425	855	1140	
2357	70600023	58	1740	1740	1450	870	1160	
2358	70600023	59	1770	1770	1475	885	1180	
2359	70600023	60	1800	1800	1500	900	1200	
2360	70600023	61	1830	1830	1525	915	1220	
2361	70600023	62	1860	1860	1550	930	1240	
2362	70600023	63	1890	1890	1575	945	1260	
2363	70600023	64	1920	1920	1600	960	1280	
2364	70600023	65	1950	1950	1625	975	1300	
2365	70600023	66	1980	1980	1650	990	1320	
2366	70600023	67	2010	2010	1675	1005	1340	
2367	70600023	68	2040	2040	1700	1020	1360	
2368	70600023	69	2070	2070	1725	1035	1380	
2369	70600023	70	2100	2100	1750	1050	1400	
2370	70600023	71	2130	2130	1775	1065	1420	
2371	70600023	72	2160	2160	1800	1080	1440	
2372	70600023	73	2190	2190	1825	1095	1460	
2373	70600023	74	2220	2220	1850	1110	1480	
2374	70600023	75	2250	2250	1875	1125	1500	
2375	70600023	76	2280	2280	1900	1140	1520	
2376	70600023	77	2310	2310	1925	1155	1540	
2377	70600023	78	2340	2340	1950	1170	1560	
2378	70600023	79	2370	2370	1975	1185	1580	
2379	70600023	80	2400	2400	2000	1200	1600	
2380	70600023	81	2430	2430	2025	1215	1620	
2381	70600023	82	2460	2460	2050	1230	1640	
2382	70600023	83	2490	2490	2075	1245	1660	
2383	70600023	84	2520	2520	2100	1260	1680	
2384	70600023	85	2550	2550	2125	1275	1700	
2385	70600023	86	2580	2580	2150	1290	1720	
2386	70600023	87	2610	2610	2175	1305	1740	
2387	70600023	88	2640	2640	2200	1320	1760	
2388	70600023	89	2670	2670	2225	1335	1780	
2389	70600023	90	2700	2700	2250	1350	1800	
2390	70600023	91	2730	2730	2275	1365	1820	
2391	70600023	92	2760	2760	2300	1380	1840	
2392	70600023	93	2790	2790	2325	1395	1860	
2393	70600023	94	2820	2820	2350	1410	1880	
2394	70600023	95	2850	2850	2375	1425	1900	
2395	70600023	96	2880	2880	2400	1440	1920	
2396	70600023	97	2910	2910	2425	1455	1940	
2397	70600023	98	2940	2940	2450	1470	1960	
2398	70600023	99	2970	2970	2475	1485	1980	
2399	70600023	100	3000	3000	2500	1500	2000	
2400	70600024	1	30	30	25	15	20	
2401	70600024	2	60	60	50	30	40	
2402	70600024	3	90	90	75	45	60	
2403	70600024	4	120	120	100	60	80	
2404	70600024	5	150	150	125	75	100	
2405	70600024	6	180	180	150	90	120	
2406	70600024	7	210	210	175	105	140	
2407	70600024	8	240	240	200	120	160	
2408	70600024	9	270	270	225	135	180	
2409	70600024	10	300	300	250	150	200	
2410	70600024	11	330	330	275	165	220	
2411	70600024	12	360	360	300	180	240	
2412	70600024	13	390	390	325	195	260	
2413	70600024	14	420	420	350	210	280	
2414	70600024	15	450	450	375	225	300	
2415	70600024	16	480	480	400	240	320	
2416	70600024	17	510	510	425	255	340	
2417	70600024	18	540	540	450	270	360	
2418	70600024	19	570	570	475	285	380	
2419	70600024	20	600	600	500	300	400	
2420	70600024	21	630	630	525	315	420	
2421	70600024	22	660	660	550	330	440	
2422	70600024	23	690	690	575	345	460	
2423	70600024	24	720	720	600	360	480	
2424	70600024	25	750	750	625	375	500	
2425	70600024	26	780	780	650	390	520	
2426	70600024	27	810	810	675	405	540	
2427	70600024	28	840	840	700	420	560	
2428	70600024	29	870	870	725	435	580	
2429	70600024	30	900	900	750	450	600	
2430	70600024	31	930	930	775	465	620	
2431	70600024	32	960	960	800	480	640	
2432	70600024	33	990	990	825	495	660	
2433	70600024	34	1020	1020	850	510	680	
2434	70600024	35	1050	1050	875	525	700	
2435	70600024	36	1080	1080	900	540	720	
2436	70600024	37	1110	1110	925	555	740	
2437	70600024	38	1140	1140	950	570	760	
2438	70600024	39	1170	1170	975	585	780	
2439	70600024	40	1200	1200	1000	600	800	
2440	70600024	41	1230	1230	1025	615	820	
2441	70600024	42	1260	1260	1050	630	840	
2442	70600024	43	1290	1290	1075	645	860	
2443	70600024	44	1320	1320	1100	660	880	
2444	70600024	45	1350	1350	1125	675	900	
2445	70600024	46	1380	1380	1150	690	920	
2446	70600024	47	1410	1410	1175	705	940	
2447	70600024	48	1440	1440	1200	720	960	
2448	70600024	49	1470	1470	1225	735	980	
2449	70600024	50	1500	1500	1250	750	1000	
2450	70600024	51	1530	1530	1275	765	1020	
2451	70600024	52	1560	1560	1300	780	1040	
2452	70600024	53	1590	1590	1325	795	1060	
2453	70600024	54	1620	1620	1350	810	1080	
2454	70600024	55	1650	1650	1375	825	1100	
2455	70600024	56	1680	1680	1400	840	1120	
2456	70600024	57	1710	1710	1425	855	1140	
2457	70600024	58	1740	1740	1450	870	1160	
2458	70600024	59	1770	1770	1475	885	1180	
2459	70600024	60	1800	1800	1500	900	1200	
2460	70600024	61	1830	1830	1525	915	1220	
2461	70600024	62	1860	1860	1550	930	1240	
2462	70600024	63	1890	1890	1575	945	1260	
2463	70600024	64	1920	1920	1600	960	1280	
2464	70600024	65	1950	1950	1625	975	1300	
2465	70600024	66	1980	1980	1650	990	1320	
2466	70600024	67	2010	2010	1675	1005	1340	
2467	70600024	68	2040	2040	1700	1020	1360	
2468	70600024	69	2070	2070	1725	1035	1380	
2469	70600024	70	2100	2100	1750	1050	1400	
2470	70600024	71	2130	2130	1775	1065	1420	
2471	70600024	72	2160	2160	1800	1080	1440	
2472	70600024	73	2190	2190	1825	1095	1460	
2473	70600024	74	2220	2220	1850	1110	1480	
2474	70600024	75	2250	2250	1875	1125	1500	
2475	70600024	76	2280	2280	1900	1140	1520	
2476	70600024	77	2310	2310	1925	1155	1540	
2477	70600024	78	2340	2340	1950	1170	1560	
2478	70600024	79	2370	2370	1975	1185	1580	
2479	70600024	80	2400	2400	2000	1200	1600	
2480	70600024	81	2430	2430	2025	1215	1620	
2481	70600024	82	2460	2460	2050	1230	1640	
2482	70600024	83	2490	2490	2075	1245	1660	
2483	70600024	84	2520	2520	2100	1260	1680	
2484	70600024	85	2550	2550	2125	1275	1700	
2485	70600024	86	2580	2580	2150	1290	1720	
2486	70600024	87	2610	2610	2175	1305	1740	
2487	70600024	88	2640	2640	2200	1320	1760	
2488	70600024	89	2670	2670	2225	1335	1780	
2489	70600024	90	2700	2700	2250	1350	1800	
2490	70600024	91	2730	2730	2275	1365	1820	
2491	70600024	92	2760	2760	2300	1380	1840	
2492	70600024	93	2790	2790	2325	1395	1860	
2493	70600024	94	2820	2820	2350	1410	1880	
2494	70600024	95	2850	2850	2375	1425	1900	
2495	70600024	96	2880	2880	2400	1440	1920	
2496	70600024	97	2910	2910	2425	1455	1940	
2497	70600024	98	2940	2940	2450	1470	1960	
2498	70600024	99	2970	2970	2475	1485	1980	
2499	70600024	100	3000	3000	2500	1500	2000	
2500	70600025	1	30	30	25	15	20	
2501	70600025	2	60	60	50	30	40	
2502	70600025	3	90	90	75	45	60	
2503	70600025	4	120	120	100	60	80	
2504	70600025	5	150	150	125	75	100	
2505	70600025	6	180	180	150	90	120	
2506	70600025	7	210	210	175	105	140	
2507	70600025	8	240	240	200	120	160	
2508	70600025	9	270	270	225	135	180	
2509	70600025	10	300	300	250	150	200	
2510	70600025	11	330	330	275	165	220	
2511	70600025	12	360	360	300	180	240	
2512	70600025	13	390	390	325	195	260	
2513	70600025	14	420	420	350	210	280	
2514	70600025	15	450	450	375	225	300	
2515	70600025	16	480	480	400	240	320	
2516	70600025	17	510	510	425	255	340	
2517	70600025	18	540	540	450	270	360	
2518	70600025	19	570	570	475	285	380	
2519	70600025	20	600	600	500	300	400	
2520	70600025	21	630	630	525	315	420	
2521	70600025	22	660	660	550	330	440	
2522	70600025	23	690	690	575	345	460	
2523	70600025	24	720	720	600	360	480	
2524	70600025	25	750	750	625	375	500	
2525	70600025	26	780	780	650	390	520	
2526	70600025	27	810	810	675	405	540	
2527	70600025	28	840	840	700	420	560	
2528	70600025	29	870	870	725	435	580	
2529	70600025	30	900	900	750	450	600	
2530	70600025	31	930	930	775	465	620	
2531	70600025	32	960	960	800	480	640	
2532	70600025	33	990	990	825	495	660	
2533	70600025	34	1020	1020	850	510	680	
2534	70600025	35	1050	1050	875	525	700	
2535	70600025	36	1080	1080	900	540	720	
2536	70600025	37	1110	1110	925	555	740	
2537	70600025	38	1140	1140	950	570	760	
2538	70600025	39	1170	1170	975	585	780	
2539	70600025	40	1200	1200	1000	600	800	
2540	70600025	41	1230	1230	1025	615	820	
2541	70600025	42	1260	1260	1050	630	840	
2542	70600025	43	1290	1290	1075	645	860	
2543	70600025	44	1320	1320	1100	660	880	
2544	70600025	45	1350	1350	1125	675	900	
2545	70600025	46	1380	1380	1150	690	920	
2546	70600025	47	1410	1410	1175	705	940	
2547	70600025	48	1440	1440	1200	720	960	
2548	70600025	49	1470	1470	1225	735	980	
2549	70600025	50	1500	1500	1250	750	1000	
2550	70600025	51	1530	1530	1275	765	1020	
2551	70600025	52	1560	1560	1300	780	1040	
2552	70600025	53	1590	1590	1325	795	1060	
2553	70600025	54	1620	1620	1350	810	1080	
2554	70600025	55	1650	1650	1375	825	1100	
2555	70600025	56	1680	1680	1400	840	1120	
2556	70600025	57	1710	1710	1425	855	1140	
2557	70600025	58	1740	1740	1450	870	1160	
2558	70600025	59	1770	1770	1475	885	1180	
2559	70600025	60	1800	1800	1500	900	1200	
2560	70600025	61	1830	1830	1525	915	1220	
2561	70600025	62	1860	1860	1550	930	1240	
2562	70600025	63	1890	1890	1575	945	1260	
2563	70600025	64	1920	1920	1600	960	1280	
2564	70600025	65	1950	1950	1625	975	1300	
2565	70600025	66	1980	1980	1650	990	1320	
2566	70600025	67	2010	2010	1675	1005	1340	
2567	70600025	68	2040	2040	1700	1020	1360	
2568	70600025	69	2070	2070	1725	1035	1380	
2569	70600025	70	2100	2100	1750	1050	1400	
2570	70600025	71	2130	2130	1775	1065	1420	
2571	70600025	72	2160	2160	1800	1080	1440	
2572	70600025	73	2190	2190	1825	1095	1460	
2573	70600025	74	2220	2220	1850	1110	1480	
2574	70600025	75	2250	2250	1875	1125	1500	
2575	70600025	76	2280	2280	1900	1140	1520	
2576	70600025	77	2310	2310	1925	1155	1540	
2577	70600025	78	2340	2340	1950	1170	1560	
2578	70600025	79	2370	2370	1975	1185	1580	
2579	70600025	80	2400	2400	2000	1200	1600	
2580	70600025	81	2430	2430	2025	1215	1620	
2581	70600025	82	2460	2460	2050	1230	1640	
2582	70600025	83	2490	2490	2075	1245	1660	
2583	70600025	84	2520	2520	2100	1260	1680	
2584	70600025	85	2550	2550	2125	1275	1700	
2585	70600025	86	2580	2580	2150	1290	1720	
2586	70600025	87	2610	2610	2175	1305	1740	
2587	70600025	88	2640	2640	2200	1320	1760	
2588	70600025	89	2670	2670	2225	1335	1780	
2589	70600025	90	2700	2700	2250	1350	1800	
2590	70600025	91	2730	2730	2275	1365	1820	
2591	70600025	92	2760	2760	2300	1380	1840	
2592	70600025	93	2790	2790	2325	1395	1860	
2593	70600025	94	2820	2820	2350	1410	1880	
2594	70600025	95	2850	2850	2375	1425	1900	
2595	70600025	96	2880	2880	2400	1440	1920	
2596	70600025	97	2910	2910	2425	1455	1940	
2597	70600025	98	2940	2940	2450	1470	1960	
2598	70600025	99	2970	2970	2475	1485	1980	
2599	70600025	100	3000	3000	2500	1500	2000	
