INT	INT	INT	STRING	STRING	INT	INT	INT	INT	INT	INT	INT	INT	INT	INT	INT	INT	STRING	STRING	STRING	STRING	STRING	INT	INT	INT	INT	INT	INT	INT	INT	INT	INT	INT	INT	INT	INT	STRING	INT	INT	INT	FLOAT	FLOAT	INT	INT	INT	INT	INT	INT	INT	INT	INT	INT	FLOAT	FLOAT	INT	INT	INT	INT	INT	INT	INT	INT	INT	INT	INT	INT	INT	INT	INT	INT	INT	INT	INT	INT	STRING	INT	FLOAT	INT	INT	INT	INT
ID,(技能系的ID)	策划专用ID	门派	技能名字$1$	图标名字	技能的心法等级限制	招式类型	需要拿武器	受限于控制1	受限于控制2	受限于骑乘/变身	心法ID	心法级数修正参数	是否是远程技能	是否打断上一个正在执行的技能	技能类型	冷却ID	起手特效	起手特效绑定点	起手音xiao	引导/聚气动作组ID 序列	发招动作组ID序列	环境特效ID	所选的目标必须是活的还是死的	技能类型按使用者划分	主动技能还是被动技能	鼠标点选操作类型	珍兽技能发动类型 0:主人手动点选,1:AI自动执行,2:增强自身属性的被动技能	技能发动几率,只对珍兽技能有效	珍兽技能类型,0:物功,1:法功,2:护主,3:防御,4:复仇;	珍兽技能产生的效果ID	技能组ID	技能组等级	是否直接学会	使用前是否需要学会	子弹ID	子弹发射点	预留	目标选择逻辑	动作时间(ms)	最小射程(m)	最大射程(m)	技能友好度,=0为中性技能,>0为正面技能,<0为 负面技能	目标和使用者阵营关系	目标类型	是否仅对队友有效。注:队友珍兽算作队友。1为只对队友有效,0为无此限制。 	连续攻击次数或引导的时间间隔(ms)	是否自动连续释放	命中率	会心率	角色的攻击速度是否影响技能的冷却时间。	激活时间	范围半径	角度参量	范围搜索的目标个数	中断或激活珍兽攻击	中断或激活自动释放技能	延迟时间	心法1级对应的实际技能ID	心法2级对应的实际技能ID	心法3级对应的实际技能ID	心法4级对应的实际技能ID	心法5级对应的实际技能ID	心法6级对应的实际技能ID	心法7级对应的实际技能ID	心法8级对应的实际技能ID	心法9级对应的实际技能ID	心法10级对应的实际技能ID	心法11级对应的实际技能ID	心法12级对应的实际技能ID	心法13级对应的实际技能ID	心法14级对应的实际技能ID	心法15级对应的实际技能ID	心法16级对应的实际技能ID	技能描述$1$	是否显示打击名	干扰时间百分比	干扰几率	干扰时间浮动百分比	预留	是否七情刃技能
0	0	-1	普通攻击	TaskTools2_13	-1	0	0	1	1	1	-1	-1	0	0	2	50					162;163;164	-1	0	0	0	1	-1	-1	-1	-1	-1	-1	-1	1	-1		-1	5	1200	0	2	-1	1	-1	0	0	1	-1	-1	1	-1	0	0	0	2	1	600	0	0	0	0	0	0	0	0	0	0	0	0	0	0	0	0	江湖上流传甚广，人人会使的武功招式。	0	0.1	50	10	1	0
1	0	-1	捕兽	PetSkill2_4	-1	0	0	1	0	1	-1	-1	-1	0	0	91				188	0	-1	0	0	0	1	-1	-1	-1	-1	-1	-1	-1	1	-1		-1	5	1200	0	8	0	-1	-1	0	0	0	100	-1	0	-1	0	0	0	1	1	0	1	1	1	1	1	1	1	1	1	1	1	1	1	1	1	1	捕捉一只没有主人的珍兽。捕捉成功的话，你就可以成为它的主人。	0	0.1	50	10	1	0
2	0	-1	珍兽出战	PetSkill3_7	-1	0	0	1	0	1	-1	-1	-1	0	0	92				143	152	-1	0	3	0	0	-1	-1	-1	-1	-1	-1	-1	1	-1		-1	0	1200	-1	-1	0	-1	-1	0	0	0	100	-1	0	-1	0	0	0	0	1	0	2	2	2	2	2	2	2	2	2	2	2	2	2	2	2	2	召唤你的珍兽，使你的战斗能力大幅提升。	0	0.3	50	10	1	0
3	0	-1	打开	Food_1	-1	0	0	1	0	1	-1	-1	-1	0	0	93				88	88	-1	0	3	0	1	-1	-1	-1	-1	-1	-1	-1	0	-1	 	-1	5	1200	0	1	0	-1	-1	0	0	0	100	-1	0	-1	0	0	0	0	0	0	3	3	3	3	3	3	3	3	3	3	3	3	3	3	3	3	打开宝箱	0	1	200	0	1	0
21	0	-1	召唤坐骑	RideHeader1_1	-1	0	0	1	0	0	-1	-1	-1	0	0	50				143	-1	-1	0	0	0	0	-1	-1	-1	-1	-1	-1	-1	1	-1	 	-1	0	0	-1	-1	1	0	-1	0	0	0	100	-1	0	-1	0	0	0	0	1	0	21	21	21	21	21	21	21	21	21	21	21	21	21	21	21	21	召唤你的坐骑，使你的移动速度大幅提升。	0	0.1	50	10	1	0
22	0	-1	返回大理城	TaskTools4_1	-1	0	0	1	1	1	-1	-1	-1	0	0	51				143	143	-1	0	0	0	0	-1	-1	-1	-1	-1	-1	-1	1	-1	 	-1	0	1200	-1	-1	1	0	-1	0	0	0	100	-1	0	-1	0	0	0	0	1	0	22	22	22	22	22	22	22	22	22	22	22	22	22	22	22	22	使你回到大理城五华坛。	0	0.1	50	10	1	0
23	0	0	少林轻功	Shoes2_5	-1	2	0	1	0	1	-1	-1	-1	0	2	49					411;412;413	-1	0	0	0	2	-1	-1	-1	-1	-1	-1	-1	1	-1		-1	0	1200	0	15	0	0	-1	0	0	0	100	-1	0	-1	0	0	0	0	1	0	23	23	23	23	23	23	23	23	23	23	23	23	23	23	23	23	少林独门轻功。使用之后可令你身轻如燕，踏雪无痕。	0	0.1	50	10	1	0
24	0	1	明教轻功	Shoes2_5	-1	2	0	1	0	1	-1	-1	-1	0	2	49					408;409;410	-1	0	0	0	2	-1	-1	-1	-1	-1	-1	-1	1	-1		-1	0	1200	0	15	0	0	-1	0	0	0	100	-1	0	-1	0	0	0	0	1	0	24	24	24	24	24	24	24	24	24	24	24	24	24	24	24	24	明教独门轻功。使用之后可令你身轻如燕，踏雪无痕。	0	0.1	50	10	1	0
25	0	2	丐帮轻功	Shoes2_5	-1	2	0	1	0	1	-1	-1	-1	0	2	49					411;412;413	-1	0	0	0	2	-1	-1	-1	-1	-1	-1	-1	1	-1		-1	0	1200	0	15	0	0	-1	0	0	0	100	-1	0	-1	0	0	0	0	1	0	25	25	25	25	25	25	25	25	25	25	25	25	25	25	25	25	丐帮独门轻功。使用之后可令你身轻如燕，踏雪无痕。	0	0.1	50	10	1	0
26	0	3	武当轻功	Shoes2_5	-1	2	0	1	0	1	-1	-1	-1	0	2	49					414;415;416	-1	0	0	0	2	-1	-1	-1	-1	-1	-1	-1	1	-1		-1	0	1200	0	15	0	0	-1	0	0	0	100	-1	0	-1	0	0	0	0	1	0	26	26	26	26	26	26	26	26	26	26	26	26	26	26	26	26	武当独门轻功。使用之后可令你身轻如燕，踏雪无痕。	0	0.1	50	10	1	0
27	0	4	峨嵋轻功	Shoes2_5	-1	2	0	1	0	1	-1	-1	-1	0	2	49					417;418;419	-1	0	0	0	2	-1	-1	-1	-1	-1	-1	-1	1	-1		-1	0	1200	0	15	0	0	-1	0	0	0	100	-1	0	-1	0	0	0	0	1	0	27	27	27	27	27	27	27	27	27	27	27	27	27	27	27	27	峨嵋独门轻功。使用之后可令你身轻如燕，踏雪无痕。	0	0.1	50	10	1	0
28	0	5	星宿轻功	Shoes2_5	-1	2	0	1	0	1	-1	-1	-1	0	2	49					420;421;422	-1	0	0	0	2	-1	-1	-1	-1	-1	-1	-1	1	-1		-1	0	1200	0	15	0	0	-1	0	0	0	100	-1	0	-1	0	0	0	0	1	0	28	28	28	28	28	28	28	28	28	28	28	28	28	28	28	28	星宿独门轻功。使用之后可令你身轻如燕，踏雪无痕。	0	0.1	50	10	1	0
29	0	6	大理轻功	Shoes2_5	-1	2	0	1	0	1	-1	-1	-1	0	2	49					423;424;425	-1	0	0	0	2	-1	-1	-1	-1	-1	-1	-1	1	-1		-1	0	1200	0	15	0	0	-1	0	0	0	100	-1	0	-1	0	0	0	0	1	0	29	29	29	29	29	29	29	29	29	29	29	29	29	29	29	29	天龙独门轻功。使用之后可令你身轻如燕，踏雪无痕。	0	0.1	50	10	1	0
30	0	7	天山轻功	Shoes2_5	-1	2	0	1	0	1	-1	-1	-1	0	2	49					426;427;428	-1	0	0	0	2	-1	-1	-1	-1	-1	-1	-1	1	-1		-1	0	1200	0	15	0	0	-1	0	0	0	100	-1	0	-1	0	0	0	0	1	0	30	30	30	30	30	30	30	30	30	30	30	30	30	30	30	30	天山独门轻功。使用之后可令你身轻如燕，踏雪无痕。	0	0.1	50	10	1	0
31	0	8	逍遥轻功	Shoes2_5	-1	2	0	1	0	1	-1	-1	-1	0	2	49					426;427;428	-1	0	0	0	2	-1	-1	-1	-1	-1	-1	-1	1	-1		-1	0	1200	0	15	0	0	-1	0	0	0	100	-1	0	-1	0	0	0	0	1	0	31	31	31	31	31	31	31	31	31	31	31	31	31	31	31	31	逍遥独门轻功。使用之后可令你身轻如燕，踏雪无痕。	0	0.1	50	10	1	0
32	0	-1	扫地	Food_1	-1	0	0	1	0	1	-1	-1	-1	-1	0	50				150	151	-1	0	0	0	0	-1	-1	-1	-1	-1	-1	-1	0	-1		-1	0	1200	-1	-1	0	0	-1	0	0	0	100	-1	0	-1	0	0	0	0	1	0	32	32	32	32	32	32	32	32	32	32	32	32	32	32	32	32		0	0.1	50	10	1	0
33	0	-1	进行中	Food_1	-1	0	0	1	0	1	-1	-1	-1	-1	0	50				143	143	-1	0	0	0	0	-1	-1	-1	-1	-1	-1	-1	0	-1		-1	0	1200	-1	-1	0	0	-1	0	0	0	100	-1	0	-1	0	0	0	0	1	0	33	33	33	33	33	33	33	33	33	33	33	33	33	33	33	33		0	0.1	50	10	1	0
34	0	-1	新手轻功	Shoes2_4	-1	2	0	1	0	1	-1	-1	-1	0	2	49					168;169;170	-1	0	0	0	2	-1	-1	-1	-1	-1	-1	-1	1	-1		-1	0	1200	0	15	0	0	-1	0	0	0	100	-1	0	-1	0	0	0	0	1	0	34	34	34	34	34	34	34	34	34	34	34	34	34	34	34	34	江湖上流传甚广，人人会使的轻功招式。	0	0.1	50	10	1	0
35	0	-1	打坐	MenpaiLiveSkill2_7	-1	0	0	1	0	1	-1	-1	-1	0	1	100				6	6	-1	0	0	0	0	-1	-1	-1	-1	-1	-1	-1	1	-1		-1	0	1200	-1	-1	1	0	-1	0	3000	0	100	-1	0	-1	0	0	0	0	1	0	35	35	35	35	35	35	35	35	35	35	35	35	35	35	35	35	静坐冥思，吐故纳新。使用之后可以缓慢回复你的血和气。	0	0.1	50	10	1	0
36	0	-1	回城	Food_1	-1	0	0	1	0	1	-1	-1	-1	-1	0	101				143	143	-1	0	0	0	0	-1	-1	-1	-1	-1	-1	-1	1	-1		-1	0	1200	-1	-1	0	0	-1	0	0	0	100	-1	0	-1	0	0	0	0	1	0	36	36	36	36	36	36	36	36	36	36	36	36	36	36	36	36		0	0.1	50	10	1	0
37	0	-1	落马箭	CommonLiveSkill2_2	-1	0	0	1	1	1	-1	-1	1	0	2	112					282	-1	0	0	0	1	-1	-1	-1	-1	-1	-1	-1	1	117	身体受击点	-1	5	600	0	15	-1	1	-1	0	0	0	100	-1	0	-1	0	0	0	0	0	600	37	37	37	37	37	37	37	37	37	37	37	37	37	37	37	37	射人先射马，擒贼先擒王，要想打败敌人，先要把他打落马下。	1	0.1	50	10	1	0
38	38	-1	收集签名	Food_1	-1	0	0	1	1	1	-1	-1	1	0	1	-1	吟唱em	身体中心点		587	587	-1	0	3	0	1	-1	-1	-1	-1	-1	-1	-1	0	-1		-1	5	1200	0	15	0	-1	-1	0	1000	0	100	-1	0	-1	0	0	0	0	0	0	38	38	38	38	38	38	38	38	38	38	38	38	38	38	38	38	收集好友签名	0	0.1	50	10	1	0
39	39	-1	打探消息	Food_1	-1	0	0	1	1	1	-1	-1	-1	0	0	-1				495	495	-1	0	3	0	0	-1	-1	-1	-1	-1	-1	-1	0	-1	 	-1	0	1200	-1	-1	1	0	-1	0	0	0	100	-1	0	-1	0	0	0	0	0	0	39	39	39	39	39	39	39	39	39	39	39	39	39	39	39	39	打探消息	0	0.1	50	10	1	0
40	40	-1	引魔	Food_1	-1	0	0	1	1	1	-1	-1	-1	0	0	-1				495	495	-1	0	3	0	0	-1	-1	-1	-1	-1	-1	-1	0	-1	 	-1	0	1200	-1	-1	1	0	-1	0	0	0	100	-1	0	-1	0	0	0	0	0	0	40	40	40	40	40	40	40	40	40	40	40	40	40	40	40	40	引魔	0	0.1	50	10	1	0
41	41	-1	爱神之箭	Food_1	-1	0	0	1	0	1	-1	-1	1	0	0	-1				722	723	-1	0	3	0	1	-1	-1	-1	-1	-1	-1	-1	0	118	身体受击点	-1	5	1200	0	15	-1	-1	0	0	0	0	100	-1	0	-1	0	0	0	0	0	0	41	41	41	41	41	41	41	41	41	41	41	41	41	41	41	41		0	0.1	50	10	1	0
42	42	-1	种植中	Food_1	-1	0	0	1	0	1	-1	-1	-1	0	0	-1				143	143	-1	0	3	0	0	-1	-1	-1	-1	-1	-1	-1	0	-1	 	-1	0	1200	-1	-1	1	0	-1	0	0	0	100	-1	0	-1	0	0	0	0	0	0	42	42	42	42	42	42	42	42	42	42	42	42	42	42	42	42		0	0.1	50	10	1	0
43	43	-1	采矿	Food_1	-1	0	0	1	1	1	-1	-1	-1	0	0	-1				143	143	-1	0	0	0	0	-1	-1	-1	-1	-1	-1	-1	0	-1	 	-1	0	1200	-1	-1	1	0	-1	0	0	0	100	-1	0	-1	0	0	0	0	0	0	43	43	43	43	43	43	43	43	43	43	43	43	43	43	43	43		0	1	200	0	1	0
44	44	-1	祭旗	Food_2	-1	0	0	1	1	1	-1	-1	-1	0	0	-1				143	143	-1	0	0	0	0	-1	-1	-1	-1	-1	-1	-1	0	-1	 	-1	0	1200	-1	-1	1	0	-1	0	0	0	100	-1	0	-1	0	0	0	0	0	0	44	44	44	44	44	44	44	44	44	44	44	44	44	44	44	44		0	0.5	100	10	1	0
45	45	-1	月老葫芦	Food_1	-1	0	0	1	1	1	-1	-1	-1	0	0	-1				495	495	-1	0	3	0	0	-1	-1	-1	-1	-1	-1	-1	0	-1	 	-1	0	1200	-1	-1	1	0	-1	0	0	0	100	-1	0	-1	0	0	0	0	0	0	45	45	45	45	45	45	45	45	45	45	45	45	45	45	45	45	月老葫芦	0	0.1	50	10	1	0
46	0	-1	点石成金	Food_1	-1	0	0	1	0	0	-1	-1	-1	0	2	117					-1	-1	0	3	0	0	-1	-1	-1	-1	-1	-1	-1	0	-1	 	-1	0	0	-1	-1	1	0	-1	0	0	0	100	-1	0	-1	0	0	0	0	0	0	46	46	46	46	46	46	46	46	46	46	46	46	46	46	46	46		0	0.1	50	10	1	0
47	47	-1	许愿	Food_1	-1	0	0	1	1	1	-1	-1	-1	0	0	-1				495	495	-1	0	3	0	0	-1	-1	-1	-1	-1	-1	-1	0	-1	 	-1	0	1200	-1	-1	1	0	-1	0	0	0	100	-1	0	-1	0	0	0	0	0	0	47	47	47	47	47	47	47	47	47	47	47	47	47	47	47	47		0	0.1	50	10	1	0
48	48	-1	封魔	Food_1	-1	0	0	1	1	1	-1	-1	-1	0	0	-1				495	495	-1	0	3	0	0	-1	-1	-1	-1	-1	-1	-1	0	-1	 	-1	0	1200	-1	-1	1	0	-1	0	0	0	100	-1	0	-1	0	0	0	0	0	0	48	48	48	48	48	48	48	48	48	48	48	48	48	48	48	48		0	0	0	0	1	0
49	0	-1	使用潜能果	Food_1	-1	0	0	1	0	1	-1	-1	-1	0	2	119					-1	-1	0	3	0	0	-1	-1	-1	-1	-1	-1	-1	0	-1	 	-1	0	0	-1	-1	1	0	-1	0	0	0	100	-1	0	-1	0	0	0	0	0	0	49	49	49	49	49	49	49	49	49	49	49	49	49	49	49	49		0	0.1	50	10	1	0
50	0	-1	豪杰聚义包	Food_1	-1	0	0	1	0	1	-1	-1	-1	0	2	120					-1	-1	0	3	0	0	-1	-1	-1	-1	-1	-1	-1	0	-1	 	-1	0	0	-1	-1	1	0	-1	0	0	0	100	-1	0	-1	0	0	0	0	0	0	50	50	50	50	50	50	50	50	50	50	50	50	50	50	50	50		0	0.1	50	10	1	0
51	0	-1	标准吃血(瞬发)	Food_1	-1	0	0	1	0	0	-1	-1	-1	0	2	80					-1	-1	0	3	0	0	-1	-1	-1	-1	-1	-1	-1	0	-1	 	-1	0	0	-1	-1	1	0	-1	0	0	0	100	-1	0	-1	0	0	0	0	0	0	101	101	101	101	101	101	101	101	101	101	101	101	101	101	101	101		0	0.1	50	10	1	0
52	0	-1	进餐	Food_1	-1	0	0	1	0	1	-1	-1	-1	0	1	74				186	186	-1	0	3	0	0	-1	-1	-1	-1	-1	-1	-1	0	-1	 	-1	0	1200	-1	-1	1	0	-1	0	3000	0	100	-1	0	-1	0	0	0	0	0	0	102	102	102	102	102	102	102	102	102	102	102	102	102	102	102	102		0	0.1	50	10	1	0
53	0	-1	使用药膏	Food_1	-1	0	0	1	0	1	-1	-1	-1	0	1	81				143	143	-1	0	3	0	1	-1	-1	-1	-1	-1	-1	-1	0	-1	 	-1	5	1200	0	5	1	0	-1	0	3000	0	100	-1	0	-1	0	0	0	0	0	0	103	103	103	103	103	103	103	103	103	103	103	103	103	103	103	103		0	0.1	50	10	1	0
54	0	-1	召唤坐骑	Food_1	-1	0	0	1	0	0	-1	-1	-1	0	0	50				143	-1	-1	0	3	0	0	-1	-1	-1	-1	-1	-1	-1	0	-1	 	-1	0	0	-1	-1	1	0	-1	0	0	0	100	-1	0	-1	0	0	0	0	0	0	104	104	104	104	104	104	104	104	104	104	104	104	104	104	104	104		0	0.1	50	10	1	0
55	0	-1	学习	Food_1	-1	0	0	1	0	1	-1	-1	-1	0	0	50				143	124	-1	0	3	0	0	-1	-1	-1	-1	-1	-1	-1	0	-1	 	-1	0	1200	-1	-1	1	0	-1	0	0	0	100	-1	0	-1	0	0	0	0	0	0	105	105	105	105	105	105	105	105	105	105	105	105	105	105	105	105		0	0.1	50	10	1	0
56	0	-1	标准喂养珍兽	Food_1	-1	0	0	1	0	1	-1	-1	-1	0	2	50					-1	-1	0	3	0	0	-1	-1	-1	-1	-1	-1	-1	0	-1	 	-1	1	0	0	5	1	0	-1	0	0	0	100	-1	0	-1	0	0	0	0	0	0	106	106	106	106	106	106	106	106	106	106	106	106	106	106	106	106		0	0.1	50	10	1	0
57	0	-1	标准瞬发使用物品	Food_1	-1	0	0	1	0	1	-1	-1	-1	0	2	50					143	-1	0	3	0	0	-1	-1	-1	-1	-1	-1	-1	0	-1	 	-1	0	1200	-1	-1	0	0	-1	0	0	0	100	-1	0	-1	0	0	0	0	0	0	107	107	107	107	107	107	107	107	107	107	107	107	107	107	107	107		0	0.1	50	10	1	0
58	0	-1	操作中	Food_1	-1	0	0	1	0	1	-1	-1	-1	0	0	50				143	143	-1	0	3	0	0	-1	-1	-1	-1	-1	-1	-1	0	-1	 	-1	0	1200	-1	-1	1	0	-1	0	0	0	100	-1	0	-1	0	0	0	0	0	0	108	108	108	108	108	108	108	108	108	108	108	108	108	108	108	108		0	0.1	50	10	1	0
59	0	-1	进餐	Food_1	-1	0	0	1	0	1	-1	-1	-1	0	1	74				186	186	-1	0	3	0	0	-1	-1	-1	-1	-1	-1	-1	0	-1	 	-1	0	1200	-1	-1	1	0	-1	0	3000	0	100	-1	0	-1	0	0	0	0	0	0	109	109	109	109	109	109	109	109	109	109	109	109	109	109	109	109		0	0.1	50	10	1	0
60	0	-1	进餐	Food_1	-1	0	0	1	0	1	-1	-1	-1	0	1	74				186	186	-1	0	3	0	0	-1	-1	-1	-1	-1	-1	-1	0	-1	 	-1	0	1200	-1	-1	1	0	-1	0	3000	0	100	-1	0	-1	0	0	0	0	0	0	110	110	110	110	110	110	110	110	110	110	110	110	110	110	110	110		0	0.1	50	10	1	0
61	0	-1	进餐	Food_1	-1	0	0	1	0	1	-1	-1	-1	0	1	74				186	186	-1	0	3	0	0	-1	-1	-1	-1	-1	-1	-1	0	-1	 	-1	0	1200	-1	-1	1	0	-1	0	3000	0	100	-1	0	-1	0	0	0	0	0	0	111	111	111	111	111	111	111	111	111	111	111	111	111	111	111	111		0	0.1	50	10	1	0
62	0	-1	进餐	Food_1	-1	0	0	1	0	1	-1	-1	-1	0	1	74				186	186	-1	0	3	0	0	-1	-1	-1	-1	-1	-1	-1	0	-1	 	-1	0	1200	-1	-1	1	0	-1	0	3000	0	100	-1	0	-1	0	0	0	0	0	0	112	112	112	112	112	112	112	112	112	112	112	112	112	112	112	112		0	0.1	50	10	1	0
63	0	-1	使用中	Food_1	-1	0	0	1	0	1	-1	-1	-1	0	0	75				143	143	-1	0	3	0	0	-1	-1	-1	-1	-1	-1	-1	0	-1	 	-1	0	1200	-1	-1	1	0	-1	0	0	0	100	-1	0	-1	0	0	0	0	0	0	113	113	113	113	113	113	113	113	113	113	113	113	113	113	113	113		0	1	100	0	1	0
64	0	-1	打扫中	Food_1	-1	0	0	1	0	1	-1	-1	-1	0	0	75				491	491	-1	0	0	0	0	-1	-1	-1	-1	-1	-1	-1	0	-1	 	-1	0	1200	-1	-1	1	0	-1	0	0	0	100	-1	0	-1	0	0	0	0	0	0	114	114	114	114	114	114	114	114	114	114	114	114	114	114	114	114		0	0.1	50	10	1	0
65	0	-1	取火中	Food_1	-1	0	0	1	0	1	-1	-1	-1	0	0	75				492	492	-1	0	0	0	0	-1	-1	-1	-1	-1	-1	-1	0	-1	 	-1	0	1600	-1	-1	1	0	-1	0	0	0	100	-1	0	-1	0	0	0	0	0	0	115	115	115	115	115	115	115	115	115	115	115	115	115	115	115	115		0	0.1	50	10	1	0
66	0	-1	打酒中	Food_1	-1	0	0	1	0	1	-1	-1	-1	0	0	75				493	493	-1	0	0	0	0	-1	-1	-1	-1	-1	-1	-1	0	-1	 	-1	0	1600	-1	-1	1	0	-1	0	0	0	100	-1	0	-1	0	0	0	0	0	0	116	116	116	116	116	116	116	116	116	116	116	116	116	116	116	116		0	0.1	50	10	1	0
67	0	-1	采集中	Food_1	-1	0	0	1	0	1	-1	-1	-1	0	0	75				494	494	-1	0	0	0	0	-1	-1	-1	-1	-1	-1	-1	0	-1	 	-1	0	1600	-1	-1	1	0	-1	0	0	0	100	-1	0	-1	0	0	0	0	0	0	117	117	117	117	117	117	117	117	117	117	117	117	117	117	117	117		0	0.1	50	10	1	0
68	0	-1	喂养中	Food_1	-1	0	0	1	0	1	-1	-1	-1	0	0	75				495	495	-1	0	0	0	0	-1	-1	-1	-1	-1	-1	-1	0	-1	 	-1	0	1600	-1	-1	1	0	-1	0	0	0	100	-1	0	-1	0	0	0	0	0	0	118	118	118	118	118	118	118	118	118	118	118	118	118	118	118	118		0	0.1	50	10	1	0
69	0	-1	喂养中	Food_1	-1	0	0	1	0	1	-1	-1	-1	0	0	75				496	496	-1	0	0	0	0	-1	-1	-1	-1	-1	-1	-1	0	-1	 	-1	0	1600	-1	-1	1	0	-1	0	0	0	100	-1	0	-1	0	0	0	0	0	0	119	119	119	119	119	119	119	119	119	119	119	119	119	119	119	119		0	0.1	50	10	1	0
70	0	-1	试炼中	Food_1	-1	0	0	1	0	1	-1	-1	-1	0	0	75				497	497	-1	0	0	0	0	-1	-1	-1	-1	-1	-1	-1	0	-1	 	-1	0	600	-1	-1	1	0	-1	0	0	0	100	-1	0	-1	0	0	0	0	0	0	120	120	120	120	120	120	120	120	120	120	120	120	120	120	120	120		0	0.1	50	10	1	0
71	0	-1	灌水中	Food_1	-1	0	0	1	0	1	-1	-1	-1	0	0	75				498	498	-1	0	0	0	0	-1	-1	-1	-1	-1	-1	-1	0	-1	 	-1	0	1600	-1	-1	1	0	-1	0	0	0	100	-1	0	-1	0	0	0	0	0	0	121	121	121	121	121	121	121	121	121	121	121	121	121	121	121	121		0	0.1	50	10	1	0
72	0	-1	读取中	Food_1	-1	0	0	1	0	1	-1	-1	-1	0	0	75				499	499	-1	0	0	0	0	-1	-1	-1	-1	-1	-1	-1	0	-1	 	-1	0	2000	-1	-1	1	0	-1	0	0	0	100	-1	0	-1	0	0	0	0	0	0	122	122	122	122	122	122	122	122	122	122	122	122	122	122	122	122		0	0.1	50	10	1	0
73	0	-1	标准吃兰(瞬发)	Food_1	-1	0	0	1	0	0	-1	-1	-1	0	2	76					-1	-1	0	3	0	0	-1	-1	-1	-1	-1	-1	-1	0	-1	 	-1	0	0	-1	-1	1	0	-1	0	0	0	100	-1	0	-1	0	0	0	0	0	0	123	123	123	123	123	123	123	123	123	123	123	123	123	123	123	123		0	0.1	50	10	1	0
74	0	-1	标准吃师门药(瞬发)	Food_1	-1	0	0	1	0	0	-1	-1	-1	0	2	77					-1	-1	0	3	0	0	-1	-1	-1	-1	-1	-1	-1	0	-1	 	-1	0	0	-1	-1	1	0	-1	0	0	0	100	-1	0	-1	0	0	0	0	0	0	124	124	124	124	124	124	124	124	124	124	124	124	124	124	124	124		0	0.1	50	10	1	0
75	0	-1	门派召集令	Food_1	-1	0	0	1	0	1	-1	-1	-1	0	0	99				118	118	-1	0	3	0	0	-1	-1	-1	-1	-1	-1	-1	0	-1		-1	0	1200	-1	-1	0	-1	-1	0	0	0	100	-1	0	-1	0	0	0	0	0	0	125	125	125	125	125	125	125	125	125	125	125	125	125	125	125	125		0	0.1	50	10	1	0
76	0	-1	聚气使用物品	Food_1	-1	0	0	1	0	1	-1	-1	-1	0	0	78				118	118	-1	0	3	0	0	-1	-1	-1	-1	-1	-1	-1	0	-1		-1	0	1200	-1	-1	0	-1	-1	0	0	0	100	-1	0	-1	0	0	0	0	0	0	126	126	126	126	126	126	126	126	126	126	126	126	126	126	126	126		0	0.1	50	10	1	0
77	0	-1	放烟花(抬手)	Food_1	-1	0	0	1	0	1	-1	-1	-1	0	2	74					192	-1	0	3	0	0	-1	-1	-1	-1	-1	-1	-1	0	-1	 	-1	0	1200	-1	-1	1	0	-1	0	0	0	100	-1	0	-1	0	0	0	0	0	0	127	127	127	127	127	127	127	127	127	127	127	127	127	127	127	127		0	0.1	50	10	1	0
78	0	-1	使用无CD物品	Food_1	-1	0	0	1	0	1	-1	-1	-1	0	2	79					-1	-1	0	3	0	0	-1	-1	-1	-1	-1	-1	-1	0	-1	 	-1	0	0	-1	-1	1	0	-1	0	0	0	100	-1	0	-1	0	0	0	0	0	0	128	128	128	128	128	128	128	128	128	128	128	128	128	128	128	128		0	0.1	50	10	1	0
79	0	-1	扔雪球	Food_1	-1	0	0	1	0	1	-1	-1	0	0	0	83				89	90	-1	0	3	0	1	-1	-1	-1	-1	-1	-1	-1	0	116	身体受击点	-1	5	1200	0	15	-1	-1	-1	0	0	0	100	-1	0	-1	0	0	0	0	0	0	129	129	129	129	129	129	129	129	129	129	129	129	129	129	129	129		0	0.1	50	10	1	0
80	0	-1	标准吃血(人民币瞬发)	Food_1	-1	0	0	1	0	0	-1	-1	-1	0	2	84					-1	-1	0	3	0	0	-1	-1	-1	-1	-1	-1	-1	0	-1	 	-1	0	0	-1	-1	1	0	-1	0	0	0	100	-1	0	-1	0	0	0	0	0	0	130	130	130	130	130	130	130	130	130	130	130	130	130	130	130	130		0	0.1	50	10	1	0
81	0	-1	标准吃兰(人民币瞬发)	Food_1	-1	0	0	1	0	0	-1	-1	-1	0	2	85					-1	-1	0	3	0	0	-1	-1	-1	-1	-1	-1	-1	0	-1	 	-1	0	0	-1	-1	1	0	-1	0	0	0	100	-1	0	-1	0	0	0	0	0	0	131	131	131	131	131	131	131	131	131	131	131	131	131	131	131	131		0	0.1	50	10	1	0
82	0	-1	对目标使用物品（瞬发）	Food_1	-1	0	0	1	0	1	-1	-1	-1	0	2	86					-1	-1	0	3	0	1	-1	-1	-1	-1	-1	-1	-1	0	-1	 	-1	5	0	0	8	-1	0	-1	0	0	0	100	-1	0	-1	0	0	0	0	0	0	132	132	132	132	132	132	132	132	132	132	132	132	132	132	132	132		0	0.1	50	10	1	0
83	0	-1	对地点使用物品（瞬发）	Food_1	-1	0	0	1	0	1	-1	-1	-1	0	2	87					-1	-1	0	3	0	2	-1	-1	-1	-1	-1	-1	-1	0	-1	 	-1	0	0	0	12	-1	0	-1	0	0	0	100	-1	0	-1	0	0	0	0	0	0	133	133	133	133	133	133	133	133	133	133	133	133	133	133	133	133		0	0.1	50	10	1	0
84	0	-1	对地点使用炸弹（瞬发）	Food_1	-1	0	0	1	0	1	-1	-1	-1	0	2	88					-1	-1	0	3	0	2	-1	-1	-1	-1	-1	-1	-1	0	-1	 	-1	7	0	0	12	-1	0	-1	0	0	0	100	-1	0	-1	6	360	-1	0	0	0	134	134	134	134	134	134	134	134	134	134	134	134	134	134	134	134		0	0.1	50	10	1	0
85	0	-1	使用小喇叭（瞬发）	Food_1	-1	0	0	1	0	0	-1	-1	-1	0	2	89					-1	-1	0	3	0	0	-1	-1	-1	-1	-1	-1	-1	0	-1	 	-1	0	0	-1	-1	1	0	-1	0	0	0	100	-1	0	-1	0	0	0	0	0	0	135	135	135	135	135	135	135	135	135	135	135	135	135	135	135	135		0	0.1	50	10	1	0
86	0	-1	使用技能书（瞬发）	Food_1	-1	0	0	1	0	0	-1	-1	-1	0	2	90					-1	-1	0	3	0	0	-1	-1	-1	-1	-1	-1	-1	0	-1	 	-1	8	0	-1	-1	1	0	1	0	0	0	100	-1	0	-1	0	0	0	0	0	0	136	136	136	136	136	136	136	136	136	136	136	136	136	136	136	136		0	0.1	50	10	1	0
87	0	-1	对敌对目标使用物品(3分钟CD)（瞬发）	Food_1	-1	0	0	1	0	1	-1	-1	-1	0	2	111					-1	-1	0	3	0	1	-1	-1	-1	-1	-1	-1	-1	0	-1	 	-1	5	0	0	8	0	1	-1	0	0	0	100	-1	0	-1	0	0	0	0	0	0	137	137	137	137	137	137	137	137	137	137	137	137	137	137	137	137		0	0.1	50	10	1	0
88	0	-1	对所有目标使用物品(3分钟CD)（瞬发）	Food_1	-1	0	0	1	0	1	-1	-1	-1	0	2	111					-1	-1	0	3	0	1	-1	-1	-1	-1	-1	-1	-1	0	-1	 	-1	5	0	0	8	0	-1	-1	0	0	0	100	-1	0	-1	0	0	0	0	0	0	138	138	138	138	138	138	138	138	138	138	138	138	138	138	138	138		0	0.1	50	10	1	0
89	0	-1	自己使用物品(3分钟CD)（瞬发）	Food_1	-1	0	0	1	0	1	-1	-1	-1	0	2	111					-1	-1	0	3	0	0	-1	-1	-1	-1	-1	-1	-1	0	-1	 	-1	0	0	-1	-1	1	0	-1	0	0	0	100	-1	0	-1	0	0	0	0	0	0	139	139	139	139	139	139	139	139	139	139	139	139	139	139	139	139		0	0.1	50	10	1	0
90	0	-1	对全关系目标使用无CD物品	Food_1	-1	0	0	1	0	1	-1	-1	-1	0	2	79					-1	-1	0	3	0	0	-1	-1	-1	-1	-1	-1	-1	0	-1	 	-1	0	0	-1	-1	1	-1	-1	0	0	0	100	-1	0	-1	0	0	0	0	0	0	128	128	128	128	128	128	128	128	128	128	128	128	128	128	128	128		0	0.1	50	10	1	0
91	0	-1	对全关系目标使用物品（瞬发）	Food_1	-1	0	0	1	0	1	-1	-1	-1	0	2	86					-1	-1	0	3	0	1	-1	-1	-1	-1	-1	-1	-1	0	-1	 	-1	5	0	0	8	-1	-1	-1	0	0	0	100	-1	0	-1	0	0	0	0	0	0	132	132	132	132	132	132	132	132	132	132	132	132	132	132	132	132		0	0.1	50	10	1	0
92	0	-1	骑马时能够使用NPC功能	Food_1	-1	0	0	0	0	0	-1	-1	-1	0	2	90					-1	-1	0	3	0	0	-1	-1	-1	-1	-1	-1	-1	0	-1	 	-1	8	0	-1	-1	1	0	1	0	0	0	100	-1	0	-1	0	0	0	0	0	0	136	136	136	136	136	136	136	136	136	136	136	136	136	136	136	136		0	0.1	50	10	1	0
93	0	-1	对自己使用范围增益（60分钟CD）	Food_1	-1	0	0	1	1	1	-1	-1	-1	1	2	122					744	-1	0	0	0	0	-1	-1	-1	-1	-1	-1	-1	0	-1		-1	0	0	-1	-1	1	-1	-1	1	0	0	100	-1	0	-1	0	0	0	0	0	0	140	140	140	140	140	140	140	140	140	140	140	140	140	140	140	140	老友归来使用道具的群体增益技能调用	0	0.1	50	10	1	0
94	0	-1	召唤武魂	PetSkill3_7	-1	0	0	1	0	1	-1	-1	-1	0	0	92				143	152	-1	0	3	0	0	-1	-1	-1	-1	-1	-1	-1	1	-1		-1	0	1200	-1	-1	0	-1	-1	0	0	0	100	-1	0	-1	0	0	0	0	1	0	141	141	141	141	141	141	141	141	141	141	141	141	141	141	141	141	召唤武魂	0	1	100	10	1	0
96	0	-1	元宝石灰包	Food_1	-1	0	0	1	0	1	-1	-1	-1	0	2	123					90	-1	0	3	0	1	-1	-1	-1	-1	-1	-1	-1	0	-1	 	-1	5	0	0	15	0	1	-1	0	0	0	100	-1	0	-1	0	0	0	0	0	0	142	142	142	142	142	142	142	142	142	142	142	142	142	142	142	142		0	0.1	50	10	1	0
97	0	-1	闪耀圣诞星	TaskTools12_4	-1	0	0	1	0	1	-1	-1	0	0	2	124					90	-1	0	3	0	1	-1	-1	-1	-1	-1	-1	-1	0	139	身体受击点	-1	5	0	0	15	-1	-1	-1	0	0	0	100	-1	0	-1	0	0	0	0	0	0	143	143	143	143	143	143	143	143	143	143	143	143	143	143	143	143		0	0.1	50	10	1	0
98	0	-1	磨制年糕	Food_1	-1	0	0	1	0	1	-1	-1	-1	0	0	125				118	118	-1	0	3	0	1	-1	-1	-1	-1	-1	-1	-1	0	-1		-1	5	1200	-1	15	0	0	0	0	0	0	100	-1	0	-1	0	0	0	0	0	0	144	144	144	144	144	144	144	144	144	144	144	144	144	144	144	144		0	0.1	50	10	1	0
99	0	-1	鲜花幼苗施肥	CircularTaskTool8_11	-1	0	0	1	1	1	-1	-1	1	0	0	126	吟唱em	身体中心点		591	587	-1	0	3	0	1	-1	-1	-1	-1	-1	-1	-1	0	-1		-1	5	1200	0	15	0	-1	-1	0	0	0	100	-1	0	-1	0	0	0	0	0	0	145	145	145	145	145	145	145	145	145	145	145	145	145	145	145	145	鲜花幼苗施肥	1	0.5	100	10	1	0
100	0	-1	使用鲜花的种子	CircularTaskTool8_10	-1	0	0	1	0	1	-1	-1	0	0	0	127				143	-1	-1	0	3	0	0	-1	-1	-1	-1	-1	-1	-1	0	-1		-1	0	0	0	-1	1	0	-1	0	0	0	100	-1	0	-1	0	0	0	0	0	0	146	146	146	146	146	146	146	146	146	146	146	146	146	146	146	146	种植鲜花的幼苗	0	0.1	50	10	1	0
101	0	-1	扔福香包	Food_1	-1	0	0	1	0	1	-1	-1	0	0	0	128				752	753	-1	0	3	0	1	-1	-1	-1	-1	-1	-1	-1	0	138	身体受击点	-1	5	1200	0	15	-1	-1	-1	0	0	0	100	-1	0	-1	0	0	0	0	0	0	147	147	147	147	147	147	147	147	147	147	147	147	147	147	147	147		0	0.1	50	10	1	0
102	0	-1	祈年	Food_1	-1	0	0	1	1	1	-1	-1	-1	0	0	-1				495	495	-1	0	3	0	0	-1	-1	-1	-1	-1	-1	-1	0	-1	 	-1	0	1200	-1	-1	1	0	-1	0	0	0	100	-1	0	-1	0	0	0	0	0	0	148	148	148	148	148	148	148	148	148	148	148	148	148	148	148	148		0	0.1	50	10	1	0
103	38	-1	求爱中	Food_1	-1	0	0	1	1	1	-1	-1	1	0	1	-1	吟唱em	身体中心点		587	587	-1	0	3	0	1	-1	-1	-1	-1	-1	-1	-1	0	-1		-1	5	1200	0	15	0	-1	-1	0	1000	0	100	-1	0	-1	0	0	0	0	0	0	51	51	51	51	51	51	51	51	51	51	51	51	51	51	51	51	收集好友签名	0	0.1	50	10	1	0
105	0	-1	浇花中	Food_1	-1	0	0	1	0	1	-1	-1	-1	0	0	75				773	773	-1	0	0	0	0	-1	-1	-1	-1	-1	-1	-1	0	-1	 	-1	0	1600	-1	-1	1	0	-1	0	0	0	100	-1	0	-1	0	0	0	0	0	0	149	149	149	149	149	149	149	149	149	149	149	149	149	149	149	149		0	0.1	50	10	1	0
106	0	-1	瞬发使用物品（6小时CD）	Food_1	-1	0	0	1	0	1	-1	-1	-1	0	2	131					143	-1	0	3	0	0	-1	-1	-1	-1	-1	-1	-1	0	-1	 	-1	0	1200	-1	-1	0	0	-1	0	0	0	100	-1	0	-1	0	0	0	0	0	0	150	150	150	150	150	150	150	150	150	150	150	150	150	150	150	150		0	0.1	50	10	1	0
107	0	-1	瞬发使用物品（6小时CD）	Food_1	-1	0	0	1	0	1	-1	-1	-1	0	2	131					143	-1	0	3	0	0	-1	-1	-1	-1	-1	-1	-1	0	-1	 	-1	0	1200	-1	-1	0	0	-1	0	0	0	100	-1	0	-1	0	0	0	0	0	0	151	151	151	151	151	151	151	151	151	151	151	151	151	151	151	151		0	0.1	50	10	1	0
108	0	-1	收集勇气	Food_1	-1	0	0	1	1	1	-1	-1	1	0	1	132	吟唱em	身体中心点		587	587	-1	0	3	0	1	-1	-1	-1	-1	-1	-1	-1	0	-1		-1	5	1200	0	15	0	-1	-1	0	1000	0	100	-1	0	-1	0	0	0	0	0	0	152	152	152	152	152	152	152	152	152	152	152	152	152	152	152	152	收集勇气	0	0.1	50	10	1	0
109	0	-1	放出祈福气球	Food_1	-1	0	0	1	0	1	-1	-1	-1	0	0	-1				118	118	-1	0	3	0	0	-1	-1	-1	-1	-1	-1	-1	0	-1		-1	0	1200	-1	-1	0	-1	-1	0	0	0	100	-1	0	-1	0	0	0	0	0	0	153	153	153	153	153	153	153	153	153	153	153	153	153	153	153	153	放出祈福气球	0	0.1	50	10	1	0
110	0	10	曼陀山庄轻功	Shoes2_5	-1	2	0	1	0	1	-1	-1	-1	0	2	49					408;409;410	-1	0	0	0	2	-1	-1	-1	-1	-1	-1	-1	1	-1		-1	0	1200	0	15	0	0	-1	0	0	0	100	-1	0	-1	0	0	0	0	1	0	97	97	97	97	97	97	97	97	97	97	97	97	97	97	97	97	曼陀山庄独门轻功。使用之后可令你身轻如燕，踏雪无痕。	0	0.1	50	10	1	0
112	0	-1	使用九转大还丹	Food_1	-1	0	0	1	0	1	-1	-1	-1	0	2	134					-1	-1	0	3	0	0	-1	-1	-1	-1	-1	-1	-1	0	-1	 	-1	0	0	-1	-1	1	0	-1	0	0	0	100	-1	0	-1	0	0	0	0	0	0	52	52	52	52	52	52	52	52	52	52	52	52	52	52	52	52		0	0.1	50	10	1	0
114	0	-1	吃粽子	Food_1	-1	0	0	1	0	1	-1	-1	-1	0	0	-1				118	118	-1	0	3	0	0	-1	-1	-1	-1	-1	-1	-1	0	-1		-1	0	1200	-1	-1	0	-1	-1	0	0	0	100	-1	0	-1	0	0	0	0	0	0	156	156	156	156	156	156	156	156	156	156	156	156	156	156	156	156	吃粽子	0	0.1	50	10	1	0
115	53	-1	踏青忆屈原	Food_1	-1	0	0	1	1	1	-1	-1	-1	0	0	-1				495	495	-1	0	3	0	0	-1	-1	-1	-1	-1	-1	-1	0	-1	 	-1	0	1200	-1	-1	1	0	-1	0	0	0	100	-1	0	-1	0	0	0	0	0	0	53	53	53	53	53	53	53	53	53	53	53	53	53	53	53	53	端午踏青指南使用后的技能调用	0	0.1	50	10	1	0
116	0	-1	正在使用中	Food_1	-1	0	0	1	0	1	-1	-1	-1	0	1	174				1412	1412	-1	0	3	0	0	-1	-1	-1	-1	-1	-1	-1	0	-1	 	-1	0	1200	-1	-1	1	0	-1	0	1000	0	100	-1	0	-1	0	0	0	0	0	0	31502	31502	31502	31502	31502	31502	31502	31502	31502	31502	31502	31502	31502	31502	31502	31502	流霞枝	0	1	100	0	1	0
117	0	-1	使用中	Food_1	-1	0	0	1	0	1	-1	-1	-1	0	0	75				143	143	-1	0	3	0	0	-1	-1	-1	-1	-1	-1	-1	0	-1	 	-1	0	1200	-1	-1	1	0	-1	0	0	0	100	-1	0	-1	0	0	0	0	0	0	31503	31503	31503	31503	31503	31503	31503	31503	31503	31503	31503	31503	31503	31503	31503	31503	新定位符	0	1	100	0	1	0
118	0	-1	正在使用中	Food_1	-1	0	0	1	0	1	-1	-1	-1	0	0	187				143	143	-1	0	3	0	0	-1	-1	-1	-1	-1	-1	-1	0	-1	 	-1	0	1200	-1	-1	1	0	-1	0	0	0	100	-1	0	-1	0	0	0	0	0	0	31504	31504	31504	31504	31504	31504	31504	31504	31504	31504	31504	31504	31504	31504	31504	31504	正在放出小猫玩具	0	1	100	0	1	0
119	0	-1	正在使用中	Food_1	-1	0	0	1	0	1	-1	-1	-1	0	0	119				143	143	-1	0	3	0	0	-1	-1	-1	-1	-1	-1	-1	0	-1	 	-1	0	1200	-1	-1	1	0	-1	0	0	0	100	-1	0	-1	0	0	0	0	0	0	31505	31505	31505	31505	31505	31505	31505	31505	31505	31505	31505	31505	31505	31505	31505	31505	正在放出料理锅	0	1	100	0	1	0
120	0	-1	正在传送中	Food_1	-1	0	0	1	0	1	-1	-1	-1	0	0	209				143	143	-1	0	3	0	0	-1	-1	-1	-1	-1	-1	-1	0	-1		-1	0	1200	-1	-1	1	0	-1	0	0	0	100	-1	0	-1	0	0	0	0	0	0	31506	31506	31506	31506	31506	31506	31506	31506	31506	31506	31506	31506	31506	31506	31506	31506	接受队伍传送	0	1	100	0	1	0
121	0	-1	超级石灰包	Weapon2Skill1_4	-1	1	0	1	1	1	-1	-1	1	0	2	175					1422	-1	0	3	0	2	-1	-1	-1	-1	-1	-1	-1	-1	-1		-1	7	1200	0	15	0	-1	-1	0	0	0	100	-1	0	-1	5	360	5	0	0	0	31507	31507	31507	31507	31507	31507	31507	31507	31507	31507	31507	31507	31507	31507	31507	31507	超级石灰包	1	0	0	0	1	0
122	0	-1	使用金钱镖	Weapon2Skill1_4	-1	1	0	1	1	1	-1	-1	1	0	2	176					1421	-1	0	3	0	1	-1	-1	-1	-1	-1	-1	-1	-1	-1		-1	5	1200	0	15	-1	-1	-1	0	0	0	100	-1	0	-1	0	0	0	0	0	0	31509	31509	31509	31509	31509	31509	31509	31509	31509	31509	31509	31509	31509	31509	31509	31509	火铳	1	0	0	0	1	0
123	0	-1	标准吃炼药60	Food_1	-1	0	0	1	0	0	-1	-1	-1	0	2	179					-1	-1	0	3	0	0	-1	-1	-1	-1	-1	-1	-1	0	-1	 	-1	0	0	-1	-1	1	0	-1	0	0	0	100	-1	0	-1	0	0	0	0	0	0	31515	31515	31515	31515	31515	31515	31515	31515	31515	31515	31515	31515	31515	31515	31515	31515	炼药	0	0.1	50	10	1	0
124	0	-1	正在使用中	Food_1	-1	0	0	1	0	1	-1	-1	-1	0	1	174				1413	1413	-1	0	3	0	0	-1	-1	-1	-1	-1	-1	-1	0	-1	 	-1	0	1200	-1	-1	1	0	-1	0	1000	0	100	-1	0	-1	0	0	0	0	0	0	31521	31521	31521	31521	31521	31521	31521	31521	31521	31521	31521	31521	31521	31521	31521	31521	流焰银台	0	1	100	0	1	0
125	0	-1	正在使用中	Food_2	-1	0	0	1	0	1	-1	-1	-1	0	1	174				1414	1414	-1	0	3	0	0	-1	-1	-1	-1	-1	-1	-1	0	-1	 	-1	0	1200	-1	-1	1	0	-1	0	1000	0	100	-1	0	-1	0	0	0	0	0	0	31519	31519	31519	31519	31519	31519	31519	31519	31519	31519	31519	31519	31519	31519	31519	31519	流焰金台	0	1	100	0	1	0
126	0	-1	进餐	Food_1	-1	0	0	1	0	1	-1	-1	-1	0	1	180				186	186	-1	0	3	0	0	-1	-1	-1	-1	-1	-1	-1	0	-1	 	-1	0	1200	-1	-1	1	0	-1	0	3000	0	100	-1	0	-1	0	0	0	0	0	0	31522	31522	31522	31522	31522	31522	31522	31522	31522	31522	31522	31522	31522	31522	31522	31522	进餐	0	0.1	50	10	1	0
127	0	-1	星火石	Food_1	-1	0	0	0	0	0	-1	-1	-1	0	2	177					-1	-1	0	3	0	0	-1	-1	-1	-1	-1	-1	-1	0	-1		-1	0	0	-1	-1	1	0	-1	0	0	0	100	-1	0	-1	5	0	0	0	0	0	31523	31523	31523	31523	31523	31523	31523	31523	31523	31523	31523	31523	31523	31523	31523	31523	星火石	0	0.1	50	10	1	0
128	0	-1	彩绘纸鸢	Food_1	-1	0	0	0	0	0	-1	-1	-1	0	2	178					-1	-1	0	3	0	0	-1	-1	-1	-1	-1	-1	-1	0	-1		-1	0	0	-1	-1	1	0	-1	0	0	0	100	-1	0	-1	0	0	0	0	0	0	31524	31524	31524	31524	31524	31524	31524	31524	31524	31524	31524	31524	31524	31524	31524	31524	彩绘纸鸢	0	0.1	50	10	1	0
129	0	-1	标准吃炼药血	Food_1	-1	0	0	1	0	0	-1	-1	-1	0	2	181					-1	-1	0	3	0	0	-1	-1	-1	-1	-1	-1	-1	0	-1	 	-1	0	0	-1	-1	1	0	-1	0	0	0	100	-1	0	-1	0	0	0	0	0	0	31515	31515	31515	31515	31515	31515	31515	31515	31515	31515	31515	31515	31515	31515	31515	31515	炼药解控	0	0.1	50	10	1	0
130	0	-1	标准吃炼药气	Food_1	-1	0	0	1	0	0	-1	-1	-1	0	2	196					-1	-1	0	3	0	0	-1	-1	-1	-1	-1	-1	-1	0	-1	 	-1	0	0	-1	-1	1	0	-1	0	0	0	100	-1	0	-1	0	0	0	0	0	0	31515	31515	31515	31515	31515	31515	31515	31515	31515	31515	31515	31515	31515	31515	31515	31515	炼药	0	0.1	50	10	1	0
131	0	-1	标准吃炼药隐身	Food_1	-1	0	0	1	0	0	-1	-1	-1	0	2	200					-1	-1	0	3	0	0	-1	-1	-1	-1	-1	-1	-1	0	-1	 	-1	0	0	-1	-1	1	0	-1	0	0	0	100	-1	0	-1	0	0	0	0	0	0	31515	31515	31515	31515	31515	31515	31515	31515	31515	31515	31515	31515	31515	31515	31515	31515	炼药	0	0.1	50	10	1	0
132	0	-1	标准吃炼药封穴	Food_1	-1	0	0	0	0	0	-1	-1	-1	0	2	201					-1	-1	0	3	0	0	-1	-1	-1	-1	-1	-1	-1	0	-1	 	-1	0	0	-1	-1	1	0	-1	0	0	0	100	-1	0	-1	0	0	0	0	0	0	31515	31515	31515	31515	31515	31515	31515	31515	31515	31515	31515	31515	31515	31515	31515	31515	炼药	0	0.1	50	10	1	0
133	0	-1	标准吃炼药麻痹	Food_1	-1	0	0	0	0	0	-1	-1	-1	0	2	202					-1	-1	0	3	0	0	-1	-1	-1	-1	-1	-1	-1	0	-1	 	-1	0	0	-1	-1	1	0	-1	0	0	0	100	-1	0	-1	0	0	0	0	0	0	31515	31515	31515	31515	31515	31515	31515	31515	31515	31515	31515	31515	31515	31515	31515	31515	炼药	0	0.1	50	10	1	0
134	0	-1	标准吃炼药失明	Food_1	-1	0	0	0	0	0	-1	-1	-1	0	2	203					-1	-1	0	3	0	0	-1	-1	-1	-1	-1	-1	-1	0	-1	 	-1	0	0	-1	-1	1	0	-1	0	0	0	100	-1	0	-1	0	0	0	0	0	0	31515	31515	31515	31515	31515	31515	31515	31515	31515	31515	31515	31515	31515	31515	31515	31515	炼药	0	0.1	50	10	1	0
135	0	-1	标准吃炼药散功	Food_1	-1	0	0	0	0	0	-1	-1	-1	0	2	204					-1	-1	0	3	0	0	-1	-1	-1	-1	-1	-1	-1	0	-1	 	-1	0	0	-1	-1	1	0	-1	0	0	0	100	-1	0	-1	0	0	0	0	0	0	31515	31515	31515	31515	31515	31515	31515	31515	31515	31515	31515	31515	31515	31515	31515	31515	炼药	0	0.1	50	10	1	0
136	0	-1	敲钟	Food_1	-1	0	0	1	1	1	-1	-1	-1	0	0	145				495	495	-1	0	3	0	1	-1	-1	-1	-1	-1	-1	-1	0	-1	 	-1	5	1200	0	5	0	-1	-1	0	0	0	100	-1	0	-1	0	0	0	0	0	0	166	166	166	166	166	166	166	166	166	166	166	166	166	166	166	166	敲钟	0	0.1	50	10	1	0
137	0	-1	标准吃炼药封印	Food_1	-1	0	0	0	0	0	-1	-1	-1	0	2	205					-1	-1	0	3	0	0	-1	-1	-1	-1	-1	-1	-1	0	-1	 	-1	0	0	-1	-1	1	0	-1	0	0	0	100	-1	0	-1	0	0	0	0	0	0	31515	31515	31515	31515	31515	31515	31515	31515	31515	31515	31515	31515	31515	31515	31515	31515	炼药	0	0.1	50	10	1	0
138	0	-1	标准吃炼药无敌	Food_1	-1	0	0	1	0	0	-1	-1	-1	0	2	206					-1	-1	0	3	0	0	-1	-1	-1	-1	-1	-1	-1	0	-1	 	-1	0	0	-1	-1	1	0	-1	0	0	0	100	-1	0	-1	0	0	0	0	0	0	31515	31515	31515	31515	31515	31515	31515	31515	31515	31515	31515	31515	31515	31515	31515	31515	炼药	0	0.1	50	10	1	0
139	0	-1	标准吃炼药复活	Food_1	-1	0	0	1	0	0	-1	-1	-1	0	2	207					-1	-1	0	3	0	0	-1	-1	-1	-1	-1	-1	-1	0	-1	 	-1	0	0	-1	-1	1	0	-1	0	0	0	100	-1	0	-1	0	0	0	0	0	0	31515	31515	31515	31515	31515	31515	31515	31515	31515	31515	31515	31515	31515	31515	31515	31515	炼药	0	0.1	50	10	1	0
143	143	-1	取消变身	FBSkill_1_6	-1	0	0	0	0	0	-1	-1	50	0	0	50				143	-1	-1	0	0	0	0	-1	-1	-1	-1	-1	-1	-1	0	-1		-1	0	0	-1	-1	1	0	-1	0	1	0	100	-1	0	-1	0	0	0	0	1	0	171	171	171	171	171	171	171	171	171	171	171	171	171	171	171	171	取消变身	0	0.1	50	10	1	0
156	156	-1	传送中	Food_1	-1	0	0	1	0	1	-1	-1	-1	0	0	75				143	143	-1	0	3	0	0	-1	-1	-1	-1	-1	-1	-1	0	-1		-1	0	1200	-1	-1	1	0	-1	0	0	0	100	-1	0	-1	0	0	0	0	0	0	190	190	190	190	190	190	190	190	190	190	190	190	190	190	190	190	使用遁地符箓	0	1	100	0	1	0
176	0	-1	赠送冬青	Food_1	-1	0	0	1	1	1	-1	-1	0	0	0	-1				495	495	-1	0	3	0	1	-1	-1	-1	-1	-1	-1	-1	0	-1		-1	5	1200	0	5	0	0	-1	0	0	0	100	-1	0	-1	0	0	0	0	0	0	227	227	227	227	227	227	227	227	227	227	227	227	227	227	227	227	赠送冬青	0	1	100	0	1	0
177	0	-1	使用中	Food_1	-1	0	0	1	1	1	-1	-1	0	0	0	-1				495	495	-1	0	3	0	1	-1	-1	-1	-1	-1	-1	-1	0	-1		-1	5	1200	0	3	0	0	-1	0	0	0	100	-1	0	-1	0	0	0	0	0	0	180	180	180	180	180	180	180	180	180	180	180	180	180	180	180	180	使用中	0	0.1	50	10	1	0
178	0	-1	放烟花(高级)	Food_1	-1	0	0	1	0	1	-1	-1	-1	0	2	162					192	-1	0	3	0	0	-1	-1	-1	-1	-1	-1	-1	0	-1		-1	0	1200	-1	-1	1	0	-1	0	0	0	100	-1	0	-1	0	0	0	0	0	0	228	228	228	228	228	228	228	228	228	228	228	228	228	228	228	228		0	0.1	50	10	1	0
197	197	-1	坐骑上可使用非战斗无CD物品	Food_1	-1	0	0	0	0	0	-1	-1	-1	0	2	79					-1	-1	0	3	0	0	-1	-1	-1	-1	-1	-1	-1	0	-1		-1	0	0	-1	-1	1	0	-1	0	0	0	100	-1	0	-1	0	0	0	0	0	0	128	128	128	128	128	128	128	128	128	128	128	128	128	128	128	128		0	0.1	50	10	1	0
240	0	-1	幸福雪球	Food_1	-1	0	0	1	0	1	-1	-1	1	0	2	83					90	-1	0	3	0	1	-1	-1	-1	-1	-1	-1	-1	0	116	身体受击点	-1	5	1200	0	15	-1	-1	-1	0	0	0	100	-1	0	-1	0	0	0	0	0	0	240	240	240	240	240	240	240	240	240	240	240	240	240	240	240	240		0	0.1	50	10	1	0
241	0	-1	外功护体	FightSkillXinShou_8	-1	0	0	1	1	1	-1	-1	0	0	2	100					229	-1	0	0	0	0	-1	-1	-1	-1	-1	-1	-1	1	-1		-1	0	1200	-1	-1	1	0	-1	0	0	0	100	-1	0	-1	0	0	0	0	0	0	241	241	241	241	241	241	241	241	241	241	241	241	241	241	241	241	少林新手技能，使用之后可以减少你受到的外功攻击伤害。	0	0.1	50	10	1	0
242	100	-1	奋力打击	FightSkillXinShou_3	-1	0	1	1	1	1	-1	-1	0	0	2	101					242	-1	0	0	0	1	-1	-1	-1	-1	-1	-1	-1	1	-1		-1	5	1200	0	2	-1	1	-1	0	0	0	-1	-1	0	-1	0	0	0	2	0	600	242	242	242	242	242	242	242	242	242	242	242	242	242	242	242	242	明教新手技能，使用之后可以近距离打击你的目标。	0	0.1	50	10	1	0
243	200	-1	要害攻击	FightSkillXinShou_9	-1	0	1	1	1	1	-1	-1	0	0	2	102					261	-1	0	0	0	1	-1	-1	-1	-1	-1	-1	-1	1	-1		-1	5	1200	0	2	-1	1	-1	0	0	0	-1	-1	0	-1	0	0	0	2	0	600	243	243	243	243	243	243	243	243	243	243	243	243	243	243	243	243	丐帮新手技能，使用之后可以近距离打击你的目标。	0	0.1	50	10	1	0
244	300	-1	内劲攻击	FightSkillXinShou_4	-1	0	1	1	1	1	-1	-1	0	0	2	103					282	-1	0	0	0	1	-1	-1	-1	-1	-1	-1	-1	1	43	身体受击点	-1	5	600	0	15	-1	1	-1	0	0	0	-1	-1	0	-1	0	0	0	2	0	1000	244	244	244	244	244	244	244	244	244	244	244	244	244	244	244	244	武当新手技能，使用之后可以远距离打击你的目标。	0	0.1	50	10	1	0
245	400	-1	初级治疗	FightSkillXinShou_2	-1	0	0	1	1	1	-1	-1	0	0	0	104				404	310	-1	0	0	0	0	-1	-1	-1	-1	-1	-1	-1	1	-1		-1	0	1200	-1	-1	1	0	-1	0	0	0	100	-1	0	-1	0	0	0	0	0	0	245	245	245	245	245	245	245	245	245	245	245	245	245	245	245	245	峨嵋新手技能，使用之后可以回复你自己的血量。	0	0.1	50	10	1	0
246	500	-1	内功护体	FightSkillXinShou_5	-1	0	0	1	1	1	-1	-1	0	0	2	105					313	-1	0	0	0	0	-1	-1	-1	-1	-1	-1	-1	1	-1		-1	0	1200	-1	-1	1	0	-1	0	0	0	100	-1	0	-1	0	0	0	0	0	0	246	246	246	246	246	246	246	246	246	246	246	246	246	246	246	246	星宿新手技能，使用之后可以减少你受到的内功攻击伤害。	0	0.1	50	10	1	0
247	600	-1	破绽攻击	FightSkillXinShou_6	-1	0	1	1	1	1	-1	-1	0	0	2	106					343	-1	0	0	0	1	-1	-1	-1	-1	-1	-1	-1	1	-1		-1	5	1200	0	15	-1	1	-1	0	0	0	-1	-1	0	-1	0	0	0	2	0	1000	247	247	247	247	247	247	247	247	247	247	247	247	247	247	247	247	大理新手技能，使用之后可以远距离打击你的目标。	0	0.1	50	10	1	0
248	700	-1	初级隐遁	FightSkillXinShou_1	-1	0	0	1	1	1	-1	-1	0	0	2	107					367	-1	0	0	0	0	-1	-1	-1	-1	-1	-1	-1	1	-1		-1	0	1200	-1	-1	1	0	-1	0	0	0	100	-1	0	-1	0	0	0	1	0	0	248	248	248	248	248	248	248	248	248	248	248	248	248	248	248	248	天山新手技能，使用之后可以使你的敌人失去目标。	0	0.1	50	10	1	0
249	800	-1	燃烧陷阱	FightSkillXinShou_7	-1	0	0	1	1	1	-1	-1	0	0	0	108				385	386	-1	0	0	0	0	-1	-1	-1	-1	-1	-1	-1	1	-1		-1	0	1200	-1	-1	0	-1	-1	0	0	0	100	-1	0	-1	0	0	0	0	0	0	249	249	249	249	249	249	249	249	249	249	249	249	249	249	249	249	逍遥新手技能，使用之后可以埋下一个燃烧陷阱。	0	0.1	50	10	1	0
250	1211	-1	同气连枝	fuqiskill_1	-1	0	0	1	1	1	-1	-1	-1	0	2	110	吟唱em	身体中心点			592	-1	0	0	0	1	-1	-1	-1	-1	-1	-1	-1	1	-1		-1	5	300	0	15	1	0	0	0	0	0	100	-1	0	-1	0	0	0	0	0	0	250	250	250	250	250	250	250	250	250	250	250	250	250	250	250	250	使用之后可以回复配偶的血。	1	0.5	100	10	1	0
251	1212	-1	同气连枝	fuqiskill_1	-1	0	0	1	1	1	-1	-1	-1	0	2	110	吟唱em	身体中心点			592	-1	0	0	0	1	-1	-1	-1	-1	-1	-1	-1	1	-1		-1	5	300	0	15	1	0	0	0	0	0	100	-1	0	-1	0	0	0	0	0	0	251	251	251	251	251	251	251	251	251	251	251	251	251	251	251	251	使用之后可以回复配偶的血。	1	0.5	100	10	1	0
252	1213	-1	同气连枝	fuqiskill_1	-1	0	0	1	1	1	-1	-1	-1	0	2	110	吟唱em	身体中心点			592	-1	0	0	0	1	-1	-1	-1	-1	-1	-1	-1	1	-1		-1	5	300	0	15	1	0	0	0	0	0	100	-1	0	-1	0	0	0	0	0	0	252	252	252	252	252	252	252	252	252	252	252	252	252	252	252	252	使用之后可以回复配偶的血。	1	0.5	100	10	1	0
253	1214	-1	同气连枝	fuqiskill_1	-1	0	0	1	1	1	-1	-1	-1	0	2	110	吟唱em	身体中心点			592	-1	0	0	0	1	-1	-1	-1	-1	-1	-1	-1	1	-1		-1	5	300	0	15	1	0	0	0	0	0	100	-1	0	-1	0	0	0	0	0	0	253	253	253	253	253	253	253	253	253	253	253	253	253	253	253	253	使用之后可以回复配偶的血。	1	0.5	100	10	1	0
254	1215	-1	同气连枝	fuqiskill_1	-1	0	0	1	1	1	-1	-1	-1	0	2	110	吟唱em	身体中心点			592	-1	0	0	0	1	-1	-1	-1	-1	-1	-1	-1	1	-1		-1	5	300	0	15	1	0	0	0	0	0	100	-1	0	-1	0	0	0	0	0	0	254	254	254	254	254	254	254	254	254	254	254	254	254	254	254	254	使用之后可以回复配偶的血。	1	0.5	100	10	1	0
255	1221	-1	天长地久	fuqiskill_2	-1	0	0	1	1	1	-1	-1	-1	0	0	95	吟唱em	身体中心点		593	594	-1	1	0	0	1	-1	-1	-1	-1	-1	-1	-1	1	-1		-1	5	300	0	5	1	0	0	0	0	0	100	-1	0	-1	0	0	0	0	0	0	255	255	255	255	255	255	255	255	255	255	255	255	255	255	255	255	使用之后可以复活死去的配偶。	1	0.1	50	10	1	0
256	1222	-1	天长地久	fuqiskill_2	-1	0	0	1	1	1	-1	-1	-1	0	0	95	吟唱em	身体中心点		593	594	-1	1	0	0	1	-1	-1	-1	-1	-1	-1	-1	1	-1		-1	5	300	0	5	1	0	0	0	0	0	100	-1	0	-1	0	0	0	0	0	0	256	256	256	256	256	256	256	256	256	256	256	256	256	256	256	256	使用之后可以复活死去的配偶。	1	0.1	50	10	1	0
257	1223	-1	天长地久	fuqiskill_2	-1	0	0	1	1	1	-1	-1	-1	0	0	95	吟唱em	身体中心点		593	594	-1	1	0	0	1	-1	-1	-1	-1	-1	-1	-1	1	-1		-1	5	300	0	5	1	0	0	0	0	0	100	-1	0	-1	0	0	0	0	0	0	257	257	257	257	257	257	257	257	257	257	257	257	257	257	257	257	使用之后可以复活死去的配偶。	1	0.1	50	10	1	0
258	1224	-1	天长地久	fuqiskill_2	-1	0	0	1	1	1	-1	-1	-1	0	0	95	吟唱em	身体中心点		593	594	-1	1	0	0	1	-1	-1	-1	-1	-1	-1	-1	1	-1		-1	5	300	0	5	1	0	0	0	0	0	100	-1	0	-1	0	0	0	0	0	0	258	258	258	258	258	258	258	258	258	258	258	258	258	258	258	258	使用之后可以复活死去的配偶。	1	0.1	50	10	1	0
259	1225	-1	天长地久	fuqiskill_2	-1	0	0	1	1	1	-1	-1	-1	0	0	95	吟唱em	身体中心点		593	594	-1	1	0	0	1	-1	-1	-1	-1	-1	-1	-1	1	-1		-1	5	300	0	5	1	0	0	0	0	0	100	-1	0	-1	0	0	0	0	0	0	259	259	259	259	259	259	259	259	259	259	259	259	259	259	259	259	使用之后可以复活死去的配偶。	1	0.1	50	10	1	0
260	1201	-1	心心相印	fuqiskill_4	-1	0	0	1	1	1	-1	-1	0	0	2	109					270	-1	0	0	0	1	-1	-1	-1	-1	-1	-1	-1	1	-1		-1	5	1200	0	15	1	0	-1	0	0	0	100	-1	0	-1	0	0	0	0	0	0	260	260	260	260	260	260	260	260	260	260	260	260	260	260	260	260	使用之后提升目标的体力。只能对你心心相印的爱人使用。	0	0.1	50	10	1	0
261	1202	-1	心心相印	fuqiskill_4	-1	0	0	1	1	1	-1	-1	0	0	2	109					270	-1	0	0	0	1	-1	-1	-1	-1	-1	-1	-1	1	-1		-1	5	1200	0	15	1	0	-1	0	0	0	100	-1	0	-1	0	0	0	0	0	0	261	261	261	261	261	261	261	261	261	261	261	261	261	261	261	261	使用之后提升目标的体力。只能对你心心相印的爱人使用。	0	0.1	50	10	1	0
262	1203	-1	心心相印	fuqiskill_4	-1	0	0	1	1	1	-1	-1	0	0	2	109					270	-1	0	0	0	1	-1	-1	-1	-1	-1	-1	-1	1	-1		-1	5	1200	0	15	1	0	-1	0	0	0	100	-1	0	-1	0	0	0	0	0	0	262	262	262	262	262	262	262	262	262	262	262	262	262	262	262	262	使用之后提升目标的体力。只能对你心心相印的爱人使用。	0	0.1	50	10	1	0
263	1204	-1	心心相印	fuqiskill_4	-1	0	0	1	1	1	-1	-1	0	0	2	109					270	-1	0	0	0	1	-1	-1	-1	-1	-1	-1	-1	1	-1		-1	5	1200	0	15	1	0	-1	0	0	0	100	-1	0	-1	0	0	0	0	0	0	263	263	263	263	263	263	263	263	263	263	263	263	263	263	263	263	使用之后提升目标的体力。只能对你心心相印的爱人使用。	0	0.1	50	10	1	0
264	1205	-1	心心相印	fuqiskill_4	-1	0	0	1	1	1	-1	-1	0	0	2	109					270	-1	0	0	0	1	-1	-1	-1	-1	-1	-1	-1	1	-1		-1	5	1200	0	15	1	0	-1	0	0	0	100	-1	0	-1	0	0	0	0	0	0	264	264	264	264	264	264	264	264	264	264	264	264	264	264	264	264	使用之后提升目标的体力。只能对你心心相印的爱人使用。	0	0.1	50	10	1	0
265	1206	-1	心心相印	fuqiskill_4	-1	0	0	1	1	1	-1	-1	0	0	2	109					270	-1	0	0	0	1	-1	-1	-1	-1	-1	-1	-1	1	-1		-1	5	1200	0	15	1	0	-1	0	0	0	100	-1	0	-1	0	0	0	0	0	0	265	265	265	265	265	265	265	265	265	265	265	265	265	265	265	265	使用之后提升目标的体力。只能对你心心相印的爱人使用。	0	0.1	50	10	1	0
266	1207	-1	心心相印	fuqiskill_4	-1	0	0	1	1	1	-1	-1	0	0	2	109					270	-1	0	0	0	1	-1	-1	-1	-1	-1	-1	-1	1	-1		-1	5	1200	0	15	1	0	-1	0	0	0	100	-1	0	-1	0	0	0	0	0	0	266	266	266	266	266	266	266	266	266	266	266	266	266	266	266	266	使用之后提升目标的体力。只能对你心心相印的爱人使用。	0	0.1	50	10	1	0
267	1208	-1	心心相印	fuqiskill_4	-1	0	0	1	1	1	-1	-1	0	0	2	109					270	-1	0	0	0	1	-1	-1	-1	-1	-1	-1	-1	1	-1		-1	5	1200	0	15	1	0	-1	0	0	0	100	-1	0	-1	0	0	0	0	0	0	267	267	267	267	267	267	267	267	267	267	267	267	267	267	267	267	使用之后提升目标的体力。只能对你心心相印的爱人使用。	0	0.1	50	10	1	0
268	1209	-1	心心相印	fuqiskill_4	-1	0	0	1	1	1	-1	-1	0	0	2	109					270	-1	0	0	0	1	-1	-1	-1	-1	-1	-1	-1	1	-1		-1	5	1200	0	15	1	0	-1	0	0	0	100	-1	0	-1	0	0	0	0	0	0	268	268	268	268	268	268	268	268	268	268	268	268	268	268	268	268	使用之后提升目标的体力。只能对你心心相印的爱人使用。	0	0.1	50	10	1	0
269	1226	-1	形影不离	fuqiskill_3	-1	0	0	1	1	1	-1	-1	-1	0	0	113	吟唱em	身体中心点		593	594	-1	0	0	0	0	-1	-1	-1	-1	-1	-1	-1	1	-1		-1	0	300	-1	-1	1	0	0	0	0	0	100	-1	0	-1	0	0	0	0	0	0	269	269	269	269	269	269	269	269	269	269	269	269	269	269	269	269	传送至配偶身边，夫妻必须在同场景内才能使用。	1	0.1	50	10	1	0
270	1227	-1	形影不离	fuqiskill_3	-1	0	0	1	1	1	-1	-1	-1	0	0	113	吟唱em	身体中心点		593	594	-1	0	0	0	0	-1	-1	-1	-1	-1	-1	-1	1	-1		-1	0	300	-1	-1	1	0	0	0	0	0	100	-1	0	-1	0	0	0	0	0	0	270	270	270	270	270	270	270	270	270	270	270	270	270	270	270	270	传送至配偶身边，夫妻必须在同场景内才能使用。	1	0.1	50	10	1	0
271	1228	-1	形影不离	fuqiskill_3	-1	0	0	1	1	1	-1	-1	-1	0	0	113	吟唱em	身体中心点		593	594	-1	0	0	0	0	-1	-1	-1	-1	-1	-1	-1	1	-1		-1	0	300	-1	-1	1	0	0	0	0	0	100	-1	0	-1	0	0	0	0	0	0	271	271	271	271	271	271	271	271	271	271	271	271	271	271	271	271	传送至配偶身边，夫妻必须在同场景内才能使用。	1	0.1	50	10	1	0
272	1229	-1	形影不离	fuqiskill_3	-1	0	0	1	1	1	-1	-1	-1	0	0	113	吟唱em	身体中心点		593	594	-1	0	0	0	0	-1	-1	-1	-1	-1	-1	-1	1	-1		-1	0	300	-1	-1	1	0	0	0	0	0	100	-1	0	-1	0	0	0	0	0	0	272	272	272	272	272	272	272	272	272	272	272	272	272	272	272	272	传送至配偶身边，夫妻必须在同场景内才能使用。	1	0.1	50	10	1	0
273	1230	-1	形影不离	fuqiskill_3	-1	0	0	1	1	1	-1	-1	-1	0	0	113	吟唱em	身体中心点		593	594	-1	0	0	0	0	-1	-1	-1	-1	-1	-1	-1	1	-1		-1	0	300	-1	-1	1	0	0	0	0	0	100	-1	0	-1	0	0	0	0	0	0	273	273	273	273	273	273	273	273	273	273	273	273	273	273	273	273	传送至配偶身边，夫妻必须在同场景内才能使用。	1	0.1	50	10	1	0
274	1231	-1	暗器投掷	FabaoSkill_1	-1	0	0	1	1	1	-1	-1	1	0	2	114					725	-1	0	0	0	1	-1	-1	-1	-1	-1	-1	1	1	120	身体受击点	-1	5	600	0	15	-1	1	-1	0	0	0	-1	-1	0	-1	0	0	0	2	0	1000	274	274	274	274	274	274	274	274	274	274	274	274	274	274	274	274	使用暗器攻击对手，出其不意，攻其不备。	1	0.1	50	10	1	0
275	1232	-1	暗器打穴	FabaoSkill_2	-1	0	0	1	1	1	-1	-1	1	0	2	115					726	-1	0	0	0	1	-1	-1	-1	-1	-1	-1	1	1	121	身体受击点	-1	5	600	0	15	-1	1	-1	0	0	0	-1	-1	0	-1	0	0	0	2	0	1000	275	275	275	275	275	275	275	275	275	275	275	275	275	275	275	275	使用暗器制约对手，斗智不斗力，四两拨千斤。	1	0.1	50	10	1	0
276	1233	-1	暗器护体	FabaoSkill_3	-1	0	0	1	1	1	-1	-1	-1	0	2	116					727	-1	0	0	0	0	-1	-1	-1	-1	-1	-1	1	1	-1		-1	0	1200	0	15	1	0	-1	0	0	0	100	-1	0	-1	0	0	0	0	0	0	276	276	276	276	276	276	276	276	276	276	276	276	276	276	276	276	使用暗器防护，与敌相搏，先求不败，后求制胜。	1	0.1	50	10	1	0
277	0	-1	命魂护体	FightSkillMantuo1_10	-1	0	0	1	1	1	-1	-1	0	0	2	138					802	-1	0	0	0	0	-1	-1	-1	-1	-1	-1	-1	1	-1		-1	0	1200	-1	-1	1	0	-1	0	0	0	100	-1	0	-1	0	0	0	0	0	0	239	239	239	239	239	239	239	239	239	239	239	239	239	239	239	239	曼陀山庄新手技能，使用之后可增加自身血上限。	0	0.1	50	10	1	0
278	0	-1	万宝随身换	CircularTaskTool43_2	-1	0	0	0	0	0	-1	-1	-1	0	2	140					-1	-1	0	0	0	0	-1	-1	-1	-1	-1	-1	-1	1	-1		-1	0	1200	-1	-1	1	0	-1	0	0	0	100	-1	0	-1	0	0	0	0	0	0	278	278	278	278	278	278	278	278	278	278	278	278	278	278	278	278	万宝随身换	1	0.1	50	10	1	0
281	1	0	伏虎拳	FightSkillShaoLin1_1	1	1	1	1	1	1	1	0	0	0	2	-1					500	-1	0	0	0	1	-1	-1	-1	-1	-1	-1	1	1	-1		-1	5	800	0	2	-1	1	-1	0	0	1	-1	-1	1	-1	0	0	0	2	1	400	281	282	283	284	285	286	287	288	289	290	291	292	15001	15002	15003	15004	少林弟子的入门功夫。使用之后可以连续对目标造成伤害。	0	0.1	50	10	1	0
282	2	0	金刚伏魔圈	FightSkillShaoLin1_2	10	0	1	1	1	1	1	0	0	0	2	53	吟唱sl	身体中心点			501	-1	0	0	0	0	-1	-1	-1	-1	-1	-1	1	1	-1		-1	4	1600	-1	-1	-1	1	-1	0	0	0	85	-1	1	-1	5	360	10	2	0	800	293	294	295	296	297	298	299	300	301	302	303	304	15011	15012	15013	15014	少林绝技之一，如金刚出世，降伏群魔。使用之后可以对近身多个敌人造成大量伤害。	1	0.1	50	10	1	0
283	3	0	大力金刚掌	FightSkillShaoLin1_3	45	0	1	1	1	1	2	0	0	0	2	54	吟唱sl	身体中心点			502	-1	0	0	0	1	-1	-1	-1	-1	-1	-1	1	1	-1		-1	5	1200	0	2	-1	1	-1	0	0	0	-1	-1	1	-1	0	0	0	2	2	600	305	306	307	308	309	310	311	312	313	314	315	316	15021	15022	15023	15024	少林绝技之一，是玄慈方丈的得意功夫。使用之后可以对目标造成大量玄属性伤害。	1	0.1	50	10	1	0
284	4	0	一苇渡江	FightSkillShaoLin1_4	20	0	0	1	1	1	2	0	-1	0	2	55	吟唱sl	身体中心点			503	-1	0	0	0	0	-1	-1	-1	-1	-1	-1	1	1	-1		-1	0	300	-1	-1	1	0	-1	0	0	0	100	-1	0	-1	0	0	0	0	0	0	317	318	319	320	321	322	323	324	325	326	327	328	15031	15032	15033	15034	相传为达摩祖师渡江时所创。使用之后可以使你步履如飞，移动速度大幅提高。	1	0.1	50	10	1	0
285	5	0	拈花指	FightSkillShaoLin1_5	30	0	1	1	1	1	2	0	0	0	2	56	吟唱sl	身体中心点			504	-1	0	0	0	1	-1	-1	-1	-1	-1	-1	1	1	-1		-1	5	300	0	2	-1	1	-1	0	0	0	-1	-1	0	-1	0	0	0	2	0	150	329	330	331	332	333	334	335	336	337	338	339	340	15041	15042	15043	15044	少林绝技之一，是玄渡大师的得意功夫。使用之后可以使目标陷入散功状态。	1	0.1	50	10	1	0
286	6	0	罗汉阵	FightSkillShaoLin1_6	40	0	0	1	1	1	2	0	-1	0	2	57	吟唱sl	身体中心点			505	-1	0	0	0	0	-1	-1	-1	-1	-1	-1	1	1	-1		-1	4	1200	-1	-1	1	0	-1	1	0	0	100	-1	0	-1	7	360	12	0	0	0	341	342	343	344	345	346	347	348	349	350	351	352	15051	15052	15053	15054	少林弟子并肩作战时排布的阵法。使用之后可以提升附近队友的外功防御力。	1	0.1	50	10	1	0
287	7	0	狮子吼	FightSkillShaoLin1_7	20	0	0	1	1	1	3	0	-1	0	2	58	吟唱sl	身体中心点			506	-1	0	0	0	0	-1	-1	-1	-1	-1	-1	1	1	-1		-1	4	1200	-1	-1	1	1	2	0	0	0	100	-1	0	-1	7	360	4	2	0	0	353	354	355	356	357	358	359	360	361	362	363	364	15061	15062	15063	15064	少林绝技之一，兼具扰乱敌人和震慑敌人的效果。使用之后可以吸引附近的怪物攻击你。	1	0.1	50	10	1	0
288	8	0	袈裟伏魔功	FightSkillShaoLin1_8	30	0	0	1	1	1	3	0	-1	0	2	59	吟唱sl	身体中心点			507	-1	0	0	0	1	-1	-1	-1	-1	-1	-1	1	1	-1		-1	5	1200	0	15	1	0	-1	0	0	0	100	-1	0	-1	0	0	0	0	0	0	365	366	367	368	369	370	371	372	373	374	375	376	15071	15072	15073	15074	少林绝技之一，是玄慈方丈的得意功夫。使用之后可以解除友方目标的不良状态。	1	0.1	50	10	1	0
289	9	0	礼敬如来	FightSkillShaoLin1_9	40	0	0	1	1	1	3	0	-1	0	2	60	吟唱sl	身体中心点			508	-1	0	0	0	0	-1	-1	-1	-1	-1	-1	1	1	-1		-1	0	1200	-1	-1	1	0	-1	0	0	0	100	-1	0	-1	0	0	0	0	0	0	377	378	379	380	381	382	383	384	385	386	387	388	15081	15082	15083	15084	蕴含禅宗至高佛法的武功。使用之后可以将敌人的攻击反弹回去。	1	0.1	50	10	1	0
290	10	0	金钟罩	FightSkillShaoLin1_10	1	0	0	0	0	0	4	0	-1	0	2	-1					-1	-1	0	0	1	0	-1	-1	-1	-1	-1	-1	1	1	-1		-1	0	0	-1	-1	1	0	0	0	0	0	100	0	0	-1	0	0	0	0	0	0	389	390	391	392	393	394	395	396	397	398	399	400	15091	15092	15093	15094	使你从防具中获得的外功防御力大幅提高。	0	0.1	50	10	1	0
291	11	0	摩诃无量	FightSkillShaoLin1_11	1	0	1	1	1	1	4	0	0	0	2	61	吟唱sl	身体中心点			509	-1	0	0	0	1	-1	-1	-1	-1	-1	-1	1	1	-1		-1	5	1200	0	2	-1	1	-1	0	0	0	-1	-1	1	-1	0	0	0	2	2	0	401	402	403	404	405	406	407	408	409	410	411	412	15101	15102	15103	15104	少林绝技之一，是玄难大师的得意功夫。使用之后对目标造成大量伤害，并使其陷入破绽状态。	1	0.1	50	10	1	0
292	12	0	铁布衫	FightSkillShaoLin1_12	30	0	0	1	1	1	4	0	-1	0	0	62	吟唱sl	身体中心点		510	511	-1	0	0	0	0	-1	-1	-1	-1	-1	-1	1	1	-1		-1	0	300	-1	-1	1	0	-1	0	0	0	100	-1	0	-1	0	0	0	0	0	0	413	414	415	416	417	418	419	420	421	422	423	424	15111	15112	15113	15114	少林绝技之一，是玄澄大师的得意功夫。使用之后使你摆出防御型姿态。	1	0.1	50	10	1	0
293	13	0	百无禁忌	FightSkillShaoLin1_13	50	0	0	1	1	1	4	0	-1	0	2	63	吟唱sl	身体中心点			512	-1	0	0	0	0	-1	-1	-1	-1	-1	-1	1	1	-1		-1	0	1200	-1	-1	1	0	-1	0	0	0	100	-1	0	-1	0	0	0	0	1	0	425	426	427	428	429	430	431	432	433	434	435	436	15121	15122	15123	15124	繁琐的佛门禁忌不再对你生效。使用之后可以使你免疫一切负面效果。只有在铁布衫姿态下才能使用。	1	0.1	50	10	1	0
294	14	0	破衲功	FightSkillShaoLin1_14	1	0	0	0	0	0	5	0	-1	0	2	-1					-1	-1	0	0	1	0	-1	-1	-1	-1	-1	-1	1	1	-1		-1	0	0	-1	-1	1	0	0	0	0	0	100	0	0	-1	0	0	0	0	0	0	437	438	439	440	441	442	443	444	445	446	447	448	15131	15132	15133	15134	使你从刀斧、枪棒类武器中获得的外功攻击力大幅提高。	0	0.1	50	10	1	0
295	15	0	一拍两散	FightSkillShaoLin1_15	1	0	1	1	1	1	5	0	0	0	2	64	吟唱sl	身体中心点			513	-1	0	0	0	1	-1	-1	-1	-1	-1	-1	1	1	-1		-1	5	1200	0	2	-1	1	-1	0	0	0	-1	-1	1	-1	0	0	0	2	2	600	449	450	451	452	453	454	455	456	457	458	459	460	15141	15142	15143	15144	少林绝技之一，是玄寂大师的得意功夫。使用之后对目标造成大量伤害，并使其陷入僵硬状态。	1	0.1	50	10	1	0
296	16	0	韦陀杵	FightSkillShaoLin1_16	30	0	0	1	1	1	5	0	-1	0	0	62	吟唱sl	身体中心点		514	515	-1	0	0	0	0	-1	-1	-1	-1	-1	-1	1	1	-1		-1	0	300	-1	-1	1	0	-1	0	0	0	100	-1	0	-1	0	0	0	0	1	0	461	462	463	464	465	466	467	468	469	470	471	472	15151	15152	15153	15154	少林绝技之一，是玄悲大师的得意功夫。使用之后使你摆出攻击型姿态。	1	0.1	50	10	1	0
297	17	0	气贯长虹	FightSkillShaoLin2_1	50	0	0	1	1	1	5	0	-1	0	2	66	吟唱sl	身体中心点			516	-1	0	0	0	0	-1	-1	-1	-1	-1	-1	1	1	-1		-1	0	1200	-1	-1	1	0	-1	0	0	0	100	-1	0	-1	0	0	0	0	0	0	473	474	475	476	477	478	479	480	481	482	483	484	15161	15162	15163	15164	充沛的佛门真气贯注你的全身。使用之后可以使你的会心一击率提高。只有在韦陀杵姿态下才能使用。	1	0.1	50	10	1	0
298	18	0	如来神掌	FightSkillShaoLin2_2	10	0	1	1	1	1	6	0	-1	0	2	67	吟唱sl	身体中心点			517	-1	0	0	0	1	-1	-1	-1	-1	-1	-1	1	1	-1		-1	5	300	0	2	-1	1	-1	0	0	0	-1	-1	0	-1	0	0	0	2	2	150	485	486	487	488	489	490	491	492	493	494	495	496	15171	15172	15173	15174	神功不知从何而来，亦不知其去向。使用之后可以对目标发动撼天动地的一击。	1	0.1	50	10	1	0
299	19	0	明镜台	FightSkillShaoLin2_3	30	0	0	0	0	1	6	0	-1	0	2	68	吟唱sl	身体中心点			518	-1	0	0	0	0	-1	-1	-1	-1	-1	-1	1	1	-1		-1	0	300	-1	-1	1	0	-1	0	0	0	100	-1	0	-1	0	0	0	0	0	0	497	498	499	500	501	502	503	504	505	506	507	508	15181	15182	15183	15184	菩提本无树，明镜亦非台。使用之后可以使你不再受到失明效果的影响。	1	0.1	50	10	1	0
300	20	0	金刚不坏体	FightSkillShaoLin2_4	60	0	0	1	1	1	6	0	-1	0	2	69	吟唱sl	身体中心点			519	-1	0	0	0	0	-1	-1	-1	-1	-1	-1	1	1	-1		-1	0	300	-1	-1	1	0	-1	0	0	0	100	-1	0	-1	0	0	0	0	0	0	509	510	511	512	513	514	515	516	517	518	519	520	15191	15192	15193	15194	少林绝技之一，是先贤晦明大师的得意功夫。使用之后使敌人只能对你造成一半伤害。	1	0.1	50	10	1	0
301	21	0	易筋锻骨	FightSkillShaoLin2_5	1	0	0	1	1	1	55	0	-1	0	2	70	吟唱sl	身体中心点			707	-1	0	0	0	0	-1	-1	-1	-1	-1	-1	0	1	-1		-1	0	1200	-1	-1	1	0	-1	0	0	0	100	-1	0	-1	0	0	0	0	0	0	521	522	523	524	525	526	527	528	529	530	531	532	15201	15202	15203	15204	少林第一绝学易筋经中所载的神功。使用之后可以提升你的血上限并回复大量血。	1	0.1	50	10	1	0
302	22	0	弥勒护身	FightSkillShaoLin2_6	1	0	0	1	1	1	1	0	-1	0	2	71	吟唱sl	身体中心点			698	-1	0	0	0	1	-1	-1	-1	-1	-1	-1	1	1	-1		-1	5	1200	0	15	1	0	-1	0	0	0	100	-1	0	-1	0	0	0	0	0	0	533	534	535	536	537	538	539	540	541	542	543	544	15211	15212	15213	15214	少林弟子给予朋友的关怀。使用之后可以提升友方目标的体力。	1	0.1	50	10	1	0
303	23	0	倒转乾坤	FightSkillShaoLin2_7	1	0	0	1	1	1	55	0	-1	0	2	71	吟唱sl	身体中心点			698	-1	0	0	0	1	-1	-1	-1	-1	-1	-1	0	1	-1		-1	5	1200	0	15	1	0	-1	0	0	0	100	-1	0	-1	0	0	0	0	0	0	545	546	547	548	549	550	551	552	553	554	555	556	15221	15222	15223	15224	少林弟子给予朋友的关怀。使用之后可以提升友方目标的技能伤害。	1	0.1	50	10	1	0
304	24	0	灭此朝食	MenpaiLiveSkill2_9	1	0	0	1	1	1	3	0	-1	0	2	72	吟唱sl	身体中心点			506	-1	0	0	0	0	-1	-1	-1	-1	-1	-1	0	1	-1		-1	4	1200	-1	-1	-1	1	2	0	0	0	100	-1	0	-1	7	360	6	2	0	0	557	558	559	560	561	562	563	564	565	566	567	568	15231	15232	15233	15234	少林绝技之一，兼具扰乱敌人和震慑敌人的效果。使用之后可以吸引附近的怪物攻击你。	1	0.1	50	10	1	0
305	25	0	调虎离山	MenpaiLiveSkill2_11	1	0	0	1	1	1	55	0	-1	0	2	73	吟唱sl	身体中心点			698	-1	0	0	0	1	-1	-1	-1	-1	-1	-1	0	1	-1		-1	5	1200	0	15	-1	1	2	0	0	0	100	-1	0	-1	0	0	0	2	0	0	569	570	571	572	573	574	575	576	577	578	579	580	15241	15242	15243	15244	少林绝技之一，兼具扰乱敌人和震慑敌人的效果。使用之后可以迫使怪物将攻击目标转向你。	1	0.1	50	10	1	0
306	26	0	慈航普度	FightSkillShaoLin2_8	1	0	1	1	1	1	55	0	-1	0	2	118	吟唱sl	身体中心点			735	-1	0	0	0	1	-1	-1	-1	-1	-1	-1	0	1	122	身体受击点	-1	5	1200	0	15	1	0	0	0	0	0	100	-1	0	-1	0	0	0	0	0	0	20801	20802	20803	20804	20805	20806	20807	20808	20809	20810	20811	20812	20813	20814	20815	20816	由佛门中的无相神功、般若大能两者相糅合，形成的一种至奇、至秘、至奥、至绝的功夫。以一己之身为他人承受伤害，令敌无隙可乘。	1	0.1	50	10	1	0
307	27	0	玄印悟佛	FightSkillshipotianjing_6	1	0	1	1	1	1	72	0	0	0	2	133	吟唱sl	身体中心点			755	-1	0	0	0	1	-1	-1	-1	-1	-1	-1	0	1	-1		-1	5	1200	0	2	-1	1	-1	0	0	0	100	-1	1	-1	0	0	0	2	2	600	581	582	583	584	585	586	587	588	589	590	591	592	593	594	595	596	武林至高绝学，根据自己的心法、修炼评分与目标的心法、修炼的评分差值决定所能造成的伤害。	1	0.1	50	10	1	0
308	28	0	慈心悲悯	FightSkillkunxiansuo_6	1	0	1	1	1	1	72	0	0	0	2	130	吟唱sl	身体中心点			754	-1	0	0	0	1	-1	-1	-1	-1	-1	-1	0	1	-1		-1	5	300	0	2	-1	1	-1	0	0	0	100	-1	0	-1	0	0	0	2	2	150	597	598	599	600	601	602	603	604	605	606	607	608	609	610	611	612	武林至高绝学，根据自己的心法、修炼评分与目标的心法、修炼的评分差值决定你对目标的强力控制时间。	1	0.1	50	10	1	0
311	101	1	摧心掌	FightSkillMingJiao_1	1	1	1	1	1	1	7	0	0	0	2	-1					520	-1	0	0	0	1	-1	-1	-1	-1	-1	-1	1	1	-1		-1	5	800	0	2	-1	1	-1	0	0	1	-1	-1	1	-1	0	0	0	2	1	400	641	642	643	644	645	646	647	648	649	650	651	652	15251	15252	15253	15254	明教弟子的入门功夫。使用之后可以连续对目标造成伤害。	0	0.1	50	10	1	0
312	102	1	血战八方	FightSkillMingJiao_2	10	0	1	1	1	1	7	0	0	0	2	53	吟唱mj	身体中心点			521	-1	0	0	0	0	-1	-1	-1	-1	-1	-1	1	1	-1		-1	4	1600	-1	-1	-1	1	-1	0	0	0	90	-1	1	-1	5	360	10	2	0	800	653	654	655	656	657	658	659	660	661	662	663	664	15261	15262	15263	15264	拼死血战，一招七伤的霸道功夫。使用之后可以对近身多个敌人造成大量伤害。	1	0.1	50	10	1	0
313	103	1	炎龙无双	FightSkillMingJiao_3	45	0	1	1	1	1	8	0	0	0	2	54	吟唱mj	身体中心点			522	-1	0	0	0	1	-1	-1	-1	-1	-1	-1	1	1	-1		-1	5	1200	0	2	-1	1	-1	0	0	0	-1	-1	1	-1	0	0	0	2	2	600	665	666	667	668	669	670	671	672	673	674	675	676	15271	15272	15273	15274	明教绝技之一，是吕师襄圣使的得意功夫。使用之后可以对目标造成大量火属性伤害。	1	0.1	50	10	1	0
314	104	1	葵花逐日	FightSkillMingJiao_4	20	0	0	1	1	1	8	0	-1	0	2	55	吟唱mj	身体中心点			523	-1	0	0	0	0	-1	-1	-1	-1	-1	-1	1	1	-1		-1	0	300	-1	-1	1	0	-1	0	0	0	100	-1	0	-1	0	0	0	0	0	0	677	678	679	680	681	682	683	684	685	686	687	688	15281	15282	15283	15284	葵花秘笈中秘载的轻功。使用之后可以使你形如鬼魅，移动速度大幅度提高。	1	0.1	50	10	1	0
315	105	1	葵花点穴手	FightSkillMingJiao_5	30	0	1	1	1	1	8	0	-1	0	2	56	吟唱mj	身体中心点			524	-1	0	0	0	1	-1	-1	-1	-1	-1	-1	1	1	-1		-1	5	300	0	2	-1	1	-1	0	0	0	-1	-1	0	-1	0	0	0	2	0	150	689	690	691	692	693	694	695	696	697	698	699	700	15291	15292	15293	15294	葵花秘笈中秘载的武功。使用之后可以使目标陷入封穴状态。	1	0.1	50	10	1	0
316	106	1	葵花向阳	FightSkillMingJiao_6	40	0	0	1	1	1	8	0	-1	0	2	57	吟唱mj	身体中心点			525	-1	0	0	0	0	-1	-1	-1	-1	-1	-1	1	1	-1		-1	4	1200	-1	-1	1	0	-1	1	0	0	100	-1	0	-1	7	360	12	0	0	0	701	702	703	704	705	706	707	708	709	710	711	712	15301	15302	15303	15304	葵花秘笈中秘载的武功。使用之后可以提升附近队友的外功攻击力。	1	0.1	50	10	1	0
317	107	1	怒发冲冠	FightSkillMingJiao_7	20	0	0	1	1	1	9	0	-1	0	2	58	吟唱mj	身体中心点			526	-1	0	0	0	0	-1	-1	-1	-1	-1	-1	1	1	-1		-1	0	1200	-1	-1	1	0	-1	0	0	0	100	-1	0	-1	0	0	0	0	0	0	713	714	715	716	717	718	719	720	721	722	723	724	15311	15312	15313	15314	天地挪移法第一层心法，进入攻守之境界。使用之后使你的外功攻击力提高，外功防御力下降。	1	0.1	50	10	1	0
318	108	1	李代桃僵	FightSkillMingJiao_8	30	0	0	1	1	1	9	0	-1	0	2	59	吟唱mj	身体中心点			527	-1	0	0	0	1	-1	-1	-1	-1	-1	-1	1	1	-1		-1	5	1200	0	15	1	0	-1	1	0	0	100	-1	0	-1	0	0	0	0	0	0	725	726	727	728	729	730	731	732	733	734	735	736	15321	15322	15323	15324	天地挪移法第三层心法，进入生死之境界。使用之后使你在死亡后可以自行复活。	1	0.1	50	10	1	0
319	109	1	斗转星移	FightSkillMingJiao_9	40	0	1	1	1	1	9	0	-1	0	2	60	吟唱mj	身体中心点			528	-1	0	0	0	1	-1	-1	-1	-1	-1	-1	1	1	-1		-1	5	1200	0	2	-1	1	-1	0	0	0	100	-1	0	-1	0	0	0	2	2	0	737	738	739	740	741	742	743	744	745	746	747	748	15331	15332	15333	15334	天地挪移法第六层心法，进入是非之境界。使用之后可以对目标造成伤害，并使其怒气下降。	1	0.1	50	10	1	0
320	110	1	激流甲	FightSkillMingJiao_10	1	0	0	0	0	0	10	0	-1	0	2	-1					-1	-1	0	0	1	0	-1	-1	-1	-1	-1	-1	1	1	-1		-1	0	0	-1	-1	1	0	0	0	0	0	100	0	0	-1	0	0	0	0	0	0	749	750	751	752	753	754	755	756	757	758	759	760	15341	15342	15343	15344	使你从防具中获得的外功防御力大幅提高。	0	0.1	50	10	1	0
321	111	1	水淹七军	FightSkillMingJiao_11	1	0	1	1	1	1	10	0	-1	0	2	61	吟唱mj	身体中心点			533	-1	0	0	0	1	-1	-1	-1	-1	-1	-1	1	1	-1		-1	5	1200	0	2	-1	1	-1	0	0	0	-1	-1	0	-1	0	0	0	2	2	600	761	762	763	764	765	766	767	768	769	770	771	772	15351	15352	15353	15354	明教绝技之一，是林世长教主的得意功夫。使用之后可以对目标造成大量伤害，并使其陷入虚弱状态。	1	0.1	50	10	1	0
322	112	1	水神下凡	FightSkillMingJiao_12	30	0	0	1	1	1	10	0	-1	0	0	62	吟唱mj	身体中心点		534	535	-1	0	0	0	0	-1	-1	-1	-1	-1	-1	1	1	-1		-1	0	300	-1	-1	1	0	-1	0	0	0	100	-1	0	-1	0	0	0	0	0	0	773	774	775	776	777	778	779	780	781	782	783	784	15361	15362	15363	15364	水神共工从天而降，带着洪水的气息附身在你身上。使用之后使你摆出防御型姿态。	1	0.1	50	10	1	0
323	113	1	长生水	FightSkillMingJiao_13	50	0	0	1	1	1	10	0	-1	0	2	63	吟唱mj	身体中心点			532	-1	0	0	0	0	-1	-1	-1	-1	-1	-1	1	1	-1		-1	0	300	-1	-1	1	0	-1	1	0	0	100	-1	0	-1	0	0	0	0	0	0	785	786	787	788	789	790	791	792	793	794	795	796	15371	15372	15373	15374	以长生之水洗净你的身心。使用之后可以解除你受到的持续掉血效果。只有在水神下凡姿态下才能使用。	1	0.1	50	10	1	0
324	114	1	烈焰刀	FightSkillMingJiao_14	1	0	0	0	0	0	11	0	-1	0	2	-1					-1	-1	0	0	1	0	-1	-1	-1	-1	-1	-1	1	1	-1		-1	0	0	-1	-1	1	0	0	0	0	0	100	0	0	-1	0	0	0	0	0	0	797	798	799	800	801	802	803	804	805	806	807	808	15381	15382	15383	15384	使你从刀斧、枪棒类武器中获得的外功攻击力大幅提高。	0	0.1	50	10	1	0
325	115	1	火烧赤壁	FightSkillMingJiao_15	1	0	1	1	1	1	11	0	0	0	2	64	吟唱mj	身体中心点			529	-1	0	0	0	1	-1	-1	-1	-1	-1	-1	1	1	-1		-1	5	1200	0	2	-1	1	-1	0	0	0	-1	-1	1	-1	0	0	0	2	2	600	809	810	811	812	813	814	815	816	817	818	819	820	15391	15392	15393	15394	明教绝技之一，是吕师襄圣使的得意功夫。使用之后可以对目标造成大量伤害，并使其陷入灼烧状态。	1	0.1	50	10	1	0
326	116	1	火神下凡	FightSkillMingJiao_16	30	0	0	1	1	1	11	0	-1	0	0	62	吟唱mj	身体中心点		530	531	-1	0	0	0	0	-1	-1	-1	-1	-1	-1	1	1	-1		-1	0	300	-1	-1	1	0	-1	0	0	0	100	-1	0	-1	0	0	0	0	0	0	821	822	823	824	825	826	827	828	829	830	831	832	15401	15402	15403	15404	火神祝融从天而降，带着烈火的气息附身在你身上。使用之后使你摆出攻击型姿态。	1	0.1	50	10	1	0
327	117	1	地狱火	FightSkillMingJiao1_1	50	0	1	1	1	1	11	0	-1	0	2	66	吟唱mj	身体中心点			536	-1	0	0	0	0	-1	-1	-1	-1	-1	-1	1	1	-1		-1	4	300	-1	-1	-1	1	-1	0	0	0	-1	-1	0	-1	5	360	4	1	1	150	833	834	835	836	837	838	839	840	841	842	843	844	15411	15412	15413	15414	以地狱之火焚烧你的敌人。使用之后可以使近身多个敌人陷入昏迷状态。只有在火神下凡姿态下才能使用。	1	0.1	50	10	1	0
328	118	1	火焰连环斩	FightSkillMingJiao1_2	10	0	1	1	1	1	12	0	0	0	2	67	吟唱mj	身体中心点			537	-1	0	0	0	1	-1	-1	-1	-1	-1	-1	1	1	-1		-1	5	300	0	2	-1	1	-1	0	0	0	-1	-1	0	-1	0	0	0	2	2	150	845	846	847	848	849	850	851	852	853	854	855	856	15421	15422	15423	15424	明教绝技之一，是庞万春圣使的得意功夫。使用之后可以对目标发动毁天灭地的一击。	1	0.1	50	10	1	0
329	119	1	坐地求全	FightSkillMingJiao1_3	30	0	0	0	0	1	12	0	-1	0	2	68	吟唱mj	身体中心点			538	-1	0	0	0	0	-1	-1	-1	-1	-1	-1	1	1	-1		-1	0	300	-1	-1	1	0	-1	0	0	0	100	-1	0	-1	0	0	0	0	0	0	857	858	859	860	861	862	863	864	865	866	867	868	15431	15432	15433	15434	圣火令中秘载的古波斯武功。使用之后可以使你不再受到散功效果的影响。	1	0.1	50	10	1	0
330	120	1	无中生有	FightSkillMingJiao1_4	60	0	0	1	1	1	12	0	-1	0	2	69	吟唱mj	身体中心点			539	-1	0	0	0	0	-1	-1	-1	-1	-1	-1	1	1	-1		-1	0	300	-1	-1	1	0	-1	0	0	0	100	-1	0	-1	0	0	0	0	0	0	869	870	871	872	873	874	875	876	877	878	879	880	15441	15442	15443	15444	山中老人霍山遗留的神功，人挡杀人，佛挡杀佛。使用之后可以使你的攻击忽略目标防御力。	1	0.1	50	10	1	0
331	121	1	纯阳无极	FightSkillMingJiao1_5	1	0	0	1	1	1	56	0	-1	0	2	70	吟唱mj	身体中心点			708	-1	0	0	0	0	-1	-1	-1	-1	-1	-1	0	1	-1		-1	0	1200	-1	-1	1	0	-1	0	0	0	100	-1	0	-1	0	0	0	0	0	0	881	882	883	884	885	886	887	888	889	890	891	892	15451	15452	15453	15454	天下武学至宝九阳天书中所载的神功。使用之后可以提升你的火属性伤害和抗火能力。	1	0.1	50	10	1	0
332	122	1	葵花神力	FightSkillMingJiao1_6	1	0	0	1	1	1	7	0	-1	0	2	71	吟唱mj	身体中心点			699	-1	0	0	0	1	-1	-1	-1	-1	-1	-1	1	1	-1		-1	5	1200	0	15	1	0	-1	0	0	0	100	-1	0	-1	0	0	0	0	0	0	893	894	895	896	897	898	899	900	901	902	903	904	15461	15462	15463	15464	明教弟子给予朋友的关怀。使用之后可以提升友方目标的力量。	1	0.1	50	10	1	0
333	123	1	举火烧天	FightSkillMingJiao1_7	1	0	0	1	1	1	56	0	-1	0	2	71	吟唱mj	身体中心点			699	-1	0	0	0	1	-1	-1	-1	-1	-1	-1	0	1	-1		-1	5	1200	0	15	1	0	-1	0	0	0	100	-1	0	-1	0	0	0	0	0	0	905	906	907	908	909	910	911	912	913	914	915	916	15471	15472	15473	15474	明教弟子给予朋友的关怀。使用之后可以提升友方目标的技能伤害。	1	0.1	50	10	1	0
334	334	1	烽火连城	FightSkillMingJiao1_8	1	1	1	1	1	1	56	0	1	0	2	72	吟唱mj	身体中心点			734	-1	0	0	0	1	-1	-1	-1	-1	-1	-1	0	1	-1		-1	5	1200	0	15	-1	1	0	0	0	0	100	-1	0	-1	0	0	0	2	2	800	20601	20602	20603	20604	20605	20606	20607	20608	20609	20610	20611	20612	20613	20614	20615	20616	九阳天书中秘载的绝技，用烈火灼乱敌人心智，使用之后可以将敌人眩晕并将其拉到自己身边。	1	0.1	50	10	1	0
335	335	1	怒火连斩	FightSkillMingJiao1_9	1	0	0	1	1	1	56	0	-1	0	2	73	吟唱mj	身体中心点			741	-1	0	0	0	0	-1	-1	-1	-1	-1	-1	0	1	-1		-1	0	1200	-1	-1	1	0	-1	0	0	0	100	-1	0	-1	0	0	0	0	0	0	20967	20968	20969	20970	20971	20972	20973	20974	20975	20976	20977	20978	20979	20980	20981	20982	九阳天书中秘载的绝学，使用后越战越勇，造成伤害递增，并可在攻击中提高自身的移动速度。	1	0.1	50	10	1	0
336	336	1	天火燃穹	FightSkillshipotianjing_4	1	0	1	1	1	1	73	0	0	0	2	133	吟唱mj	身体中心点			782	-1	0	0	0	1	-1	-1	-1	-1	-1	-1	0	1	-1		-1	5	1200	0	2	-1	1	-1	0	0	0	100	-1	0	-1	0	0	0	2	2	0	917	918	919	920	921	922	923	924	925	926	927	928	929	930	931	932	武林至高绝学，根据自己的心法、修炼评分与目标的心法、修炼的评分差值决定所能造成的伤害。	1	0.1	50	10	1	0
337	337	1	焚焰绕身	FightSkillkunxiansuo_4	1	0	1	1	1	1	73	0	0	0	2	130	吟唱mj	身体中心点			781	-1	0	0	0	1	-1	-1	-1	-1	-1	-1	0	1	-1		-1	5	1200	0	2	-1	1	-1	0	0	0	100	-1	0	-1	0	0	0	2	2	0	933	934	935	936	937	938	939	940	941	942	943	944	945	946	947	948	武林至高绝学，根据自己的心法、修炼评分与目标的心法、修炼的评分差值决定你对目标的强力控制时间。	1	0.1	50	10	1	0
341	201	2	蟠龙击	FightSkillGaiBang1_1	1	1	1	1	1	1	13	0	0	0	2	-1					540	-1	0	0	0	1	-1	-1	-1	-1	-1	-1	1	1	-1		-1	5	800	0	2	-1	1	-1	0	0	1	-1	-1	0	-1	0	0	0	2	1	400	1001	1002	1003	1004	1005	1006	1007	1008	1009	1010	1011	1012	15481	15482	15483	15484	丐帮弟子的入门功夫。使用之后可以连续对目标造成伤害。	0	0.1	50	10	1	0
342	202	2	千里横行	FightSkillGaiBang1_2	10	0	1	1	1	1	13	0	0	0	2	53	吟唱gb	身体中心点			541	-1	0	0	0	0	-1	-1	-1	-1	-1	-1	1	1	-1		-1	4	1600	-1	-1	-1	1	-1	0	0	0	95	-1	0	-1	8	360	15	2	0	800	1013	1014	1015	1016	1017	1018	1019	1020	1021	1022	1023	1024	15491	15492	15493	15494	横行千里，所向披靡的王道功夫。使用之后可以对近身多个敌人造成大量伤害。	1	0.1	50	10	1	0
343	203	2	冲阵斩将	FightSkillGaiBang1_3	45	0	1	1	1	1	14	0	0	0	2	54	吟唱gb	身体中心点			542	-1	0	0	0	1	-1	-1	-1	-1	-1	-1	1	1	-1		-1	5	1200	0	2	-1	1	-1	0	0	0	-1	-1	0	-1	0	0	0	2	2	600	1025	1026	1027	1028	1029	1030	1031	1032	1033	1034	1035	1036	15501	15502	15503	15504	丐帮绝技之一，是奚三祁长老的得意功夫。使用之后可以对目标造成大量毒属性伤害。	1	0.1	50	10	1	0
344	204	2	八步赶蟾	FightSkillGaiBang1_4	20	0	0	1	1	1	14	0	-1	0	2	55	吟唱gb	身体中心点			543	-1	0	0	0	0	-1	-1	-1	-1	-1	-1	1	1	-1		-1	0	300	-1	-1	1	0	-1	0	0	0	100	-1	0	-1	0	0	0	0	0	0	1037	1038	1039	1040	1041	1042	1043	1044	1045	1046	1047	1048	15511	15512	15513	15514	武林中极为经典的地堂轻功。使用之后传说可以八步之内追上月中金蟾。	1	0.1	50	10	1	0
345	205	2	雪泥鸿爪	FightSkillGaiBang1_5	30	0	1	1	1	1	14	0	0	0	2	56	吟唱gb	身体中心点			544	-1	0	0	0	1	-1	-1	-1	-1	-1	-1	1	1	-1		-1	5	300	0	2	-1	1	-1	0	0	0	-1	-1	0	-1	0	0	0	2	0	0	1049	1050	1051	1052	1053	1054	1055	1056	1057	1058	1059	1060	15521	15522	15523	15524	突如其来的一击，如雪泥鸿爪，了无痕迹。使用之后可以使目标陷入散功状态。	1	0.1	50	10	1	0
346	206	2	粘衣十八跌	FightSkillGaiBang1_6	40	0	0	1	1	1	14	0	-1	0	2	57	吟唱gb	身体中心点			545	-1	0	0	0	0	-1	-1	-1	-1	-1	-1	1	1	-1		-1	4	1200	-1	-1	1	0	-1	1	0	0	100	-1	0	-1	7	360	12	0	0	0	1061	1062	1063	1064	1065	1066	1067	1068	1069	1070	1071	1072	15531	15532	15533	15534	丐帮绝技之一，是白世镜长老的得意功夫。使用之后可以提升附近队友的闪避率。	1	0.1	50	10	1	0
347	207	2	飞龙在天	FightSkillGaiBang1_7	10	0	1	1	1	1	15	0	0	0	2	58	吟唱gb	身体中心点			546	-1	0	0	0	1	-1	-1	-1	-1	-1	-1	1	1	-1		-1	5	1200	0	5	-1	1	-1	0	0	0	-1	-1	0	-1	0	0	0	2	2	600	1073	1074	1075	1076	1077	1078	1079	1080	1081	1082	1083	1084	15541	15542	15543	15544	降龙十八掌第二掌，双掌连环，令敌人避无可避。使用之后可以对目标造成大量伤害。	1	0.1	50	10	1	0
348	208	2	潜龙勿用	FightSkillGaiBang1_8	30	0	1	1	1	1	15	0	0	0	2	59	吟唱gb	身体中心点			547	-1	0	0	0	0	-1	-1	-1	-1	-1	-1	1	1	-1		-1	4	300	-1	-1	-1	1	-1	0	0	0	100	-1	0	-1	5	360	4	2	1	0	1085	1086	1087	1088	1089	1090	1091	1092	1093	1094	1095	1096	15551	15552	15553	15554	降龙十八掌第四掌，掌风凌厉，刺人双目。使用之后可以使近身多个敌人陷入失明状态。	1	0.1	50	10	1	0
349	209	2	见龙在田	FightSkillGaiBang1_9	40	0	0	1	1	1	15	0	-1	0	2	60	吟唱gb	身体中心点			548	-1	0	0	0	0	-1	-1	-1	-1	-1	-1	1	1	-1		-1	0	1200	-1	-1	1	0	-1	0	0	0	100	-1	0	-1	0	0	0	0	0	0	1097	1098	1099	1100	1101	1102	1103	1104	1105	1106	1107	1108	15561	15562	15563	15564	降龙十八掌第九掌，可以震伤敌人心脉。使用之后可以使你获得见龙在田状态，以后攻击目标时可以使其陷入中毒状态。	1	0.1	50	10	1	0
350	210	2	将军令	FightSkillGaiBang1_10	1	0	0	0	0	0	16	0	-1	0	2	-1					-1	-1	0	0	1	0	-1	-1	-1	-1	-1	-1	1	1	-1		-1	0	0	-1	-1	1	0	0	0	0	0	100	0	0	-1	0	0	0	0	0	0	1109	1110	1111	1112	1113	1114	1115	1116	1117	1118	1119	1120	15581	15582	15583	15584	使你从防具中获得的外功防御力大幅提高。	0	0.1	50	10	1	0
351	211	2	青龙出水	FightSkillGaiBang1_11	1	0	1	1	1	1	16	0	0	0	2	61	吟唱gb	身体中心点			549	-1	0	0	0	1	-1	-1	-1	-1	-1	-1	1	1	-1		-1	5	1200	0	2	-1	1	-1	0	0	0	-1	-1	0	-1	0	0	0	2	2	600	1121	1122	1123	1124	1125	1126	1127	1128	1129	1130	1131	1132	15571	15572	15573	15574	丐帮绝技之一，是宋慈长老的得意功夫。使用之后可以对目标造成大量伤害，并使你回复少量血。	1	0.1	50	10	1	0
352	212	2	擒龙式	FightSkillGaiBang1_12	30	0	0	1	1	1	16	0	-1	0	0	62	吟唱gb	身体中心点		550	551	-1	0	0	0	0	-1	-1	-1	-1	-1	-1	1	1	-1		-1	0	300	-1	-1	1	0	-1	0	0	0	100	-1	0	-1	0	0	0	0	0	0	1133	1134	1135	1136	1137	1138	1139	1140	1141	1142	1143	1144	15591	15592	15593	15594	丐帮绝技之一，是陈孤雁长老的得意功夫。使用之后使你摆出防御型姿态。	1	0.1	50	10	1	0
353	213	2	沛然有雨	FightSkillGaiBang1_13	50	0	0	1	1	1	16	0	-1	0	2	63	吟唱gb	身体中心点			552	-1	0	0	0	0	-1	-1	-1	-1	-1	-1	1	1	-1		-1	0	300	-1	-1	1	0	-1	0	0	0	100	-1	0	-1	0	0	0	0	0	0	1145	1146	1147	1148	1149	1150	1151	1152	1153	1154	1155	1156	15601	15602	15603	15604	清风徐来，沛然有雨。使用之后可以解除你受到的虚弱效果。只有在擒龙式姿态下才能使用。	1	0.1	50	10	1	0
354	214	2	破虏令	FightSkillGaiBang1_14	1	0	0	0	0	0	17	0	-1	0	2	-1					-1	-1	0	0	1	0	-1	-1	-1	-1	-1	-1	1	1	-1		-1	0	0	-1	-1	1	0	0	0	0	0	100	0	0	-1	0	0	0	0	0	0	1157	1158	1159	1160	1161	1162	1163	1164	1165	1166	1167	1168	15671	15672	15673	15674	使你从刀斧、枪棒类武器中获得的外功攻击力大幅提高。	0	0.1	50	10	1	0
355	215	2	震惊百里	FightSkillGaiBang1_15	1	0	1	1	1	1	17	0	-1	0	2	64	吟唱gb	身体中心点			553	-1	0	0	0	1	-1	-1	-1	-1	-1	-1	1	1	-1		-1	5	1200	0	2	-1	1	-1	0	0	0	-1	-1	0	-1	0	0	0	2	2	600	1169	1170	1171	1172	1173	1174	1175	1176	1177	1178	1179	1180	15631	15632	15633	15634	丐帮绝技之一，是吕章长老的得意功夫。使用之后可以对目标造成大量伤害。	1	0.1	50	10	1	0
356	216	2	控鹤式	FightSkillGaiBang1_16	30	0	0	1	1	1	17	0	-1	0	0	62	吟唱gb	身体中心点		554	555	-1	0	0	0	0	-1	-1	-1	-1	-1	-1	1	1	-1		-1	0	300	-1	-1	1	0	-1	0	0	0	100	-1	0	-1	0	0	0	0	0	0	1181	1182	1183	1184	1185	1186	1187	1188	1189	1190	1191	1192	15621	15622	15623	15624	丐帮绝技之一，是吴长风长老的得意功夫。使用之后使你摆出攻击型姿态。	1	0.1	50	10	1	0
357	217	2	履霜冰至	FightSkillGaiBang_1	50	0	0	1	1	1	17	0	-1	0	2	66	吟唱gb	身体中心点			556	-1	0	0	0	0	-1	-1	-1	-1	-1	-1	1	1	-1		-1	0	300	-1	-1	1	0	-1	0	0	0	100	-1	0	-1	0	0	0	0	1	0	1193	1194	1195	1196	1197	1198	1199	1200	1201	1202	1203	1204	15611	15612	15613	15614	山雨欲来，履霜冰至。使用之后可以使你下一次攻击必然打出会心一击。只有在控鹤式姿态下才能使用。	1	0.1	50	10	1	0
358	218	2	亢龙有悔	FightSkillGaiBang_2	10	0	1	1	1	1	18	0	0	0	2	67	吟唱gb	身体中心点			557	-1	0	0	0	1	-1	-1	-1	-1	-1	-1	1	1	-1		-1	5	300	0	2	-1	1	-1	0	0	0	-1	-1	0	-1	0	0	0	2	2	150	1205	1206	1207	1208	1209	1210	1211	1212	1213	1214	1215	1216	15641	15642	15643	15644	降龙十八掌中最为刚猛凌厉的一招。使用之后可以对目标发动天崩地裂的一击。	1	0.1	50	10	1	0
359	219	2	神龙摆尾	FightSkillGaiBang_3	30	0	0	0	0	1	18	0	-1	0	2	68	吟唱gb	身体中心点			558	-1	0	0	0	0	-1	-1	-1	-1	-1	-1	1	1	-1		-1	0	300	-1	-1	1	0	-1	0	0	0	100	-1	0	-1	0	0	0	0	0	0	1217	1218	1219	1220	1221	1222	1223	1224	1225	1226	1227	1228	15651	15652	15653	15654	降龙十八掌中反败为胜的绝招。使用之后使你不再受到定身和昏迷效果的影响。	1	0.1	50	10	1	0
360	220	2	龙战于野	FightSkillGaiBang_4	60	0	0	1	1	1	18	0	-1	0	2	69	吟唱gb	身体中心点			559	-1	0	0	0	0	-1	-1	-1	-1	-1	-1	1	1	-1		-1	0	300	-1	-1	1	0	-1	0	0	0	100	-1	0	-1	0	0	0	0	0	0	1229	1230	1231	1232	1233	1234	1235	1236	1237	1238	1239	1240	15661	15662	15663	15664	降龙十八掌第十五掌，龙战于野，其血玄黄。使用之后可以使你的闪避率大幅提高。	1	0.1	50	10	1	0
361	221	2	天下无狗	FightSkillGaiBang_5	1	0	1	1	1	1	57	0	0	0	2	70	吟唱gb	身体中心点			709	-1	0	0	0	0	-1	-1	-1	-1	-1	-1	0	1	-1		-1	4	1600	-1	-1	-1	1	-1	0	0	0	95	-1	0	-1	5	360	10	2	0	800	1241	1242	1243	1244	1245	1246	1247	1248	1249	1250	1251	1252	15681	15682	15683	15684	丐帮绝世神功打狗棒法中的绝招。使用之后可以对近身多个敌人发动灭顶一击。	1	0.1	50	10	1	0
362	222	2	如影随形	FightSkillGaiBang_6	1	0	0	1	1	1	13	0	-1	0	2	71	吟唱gb	身体中心点			700	-1	0	0	0	1	-1	-1	-1	-1	-1	-1	1	1	-1		-1	5	1200	0	15	1	0	-1	0	0	0	100	-1	0	-1	0	0	0	0	0	0	1253	1254	1255	1256	1257	1258	1259	1260	1261	1262	1263	1264	15691	15692	15693	15694	丐帮弟子给予朋友的关怀，使用之后可以提升友方目标的身法。	1	0.1	50	10	1	0
363	223	2	拨草寻蛇	FightSkillGaiBang_7	1	0	0	1	1	1	57	0	-1	0	2	71	吟唱gb	身体中心点			700	-1	0	0	0	1	-1	-1	-1	-1	-1	-1	0	1	-1		-1	5	1200	0	15	1	0	-1	0	0	0	100	-1	0	-1	0	0	0	0	0	0	1265	1266	1267	1268	1269	1270	1271	1272	1273	1274	1275	1276	15701	15702	15703	15704	丐帮弟子给予朋友的关怀，使用之后可以提升友方目标的技能伤害。	1	0.1	50	10	1	0
364	224	2	棒打狗头	FightSkillGaiBang_9	1	1	1	1	1	1	57	0	1	0	2	72	吟唱gb	身体中心点			720	-1	0	0	0	1	-1	-1	-1	-1	-1	-1	0	1	-1		-1	5	1200	0	15	-1	1	-1	0	0	0	100	-1	0	-1	0	0	0	2	2	800	1277	1278	1279	1280	1281	1282	1283	1284	1285	1286	1287	1288	15705	15706	15707	15708	丐帮绝世神功打狗棒法中的秒招，使用之后可以瞬间靠近敌人发动猛烈的攻击。	1	0.1	50	10	1	0
365	225	2	横扫乾坤	FightSkillGaiBang_10	1	0	1	1	1	1	57	0	-1	0	2	73	吟唱gb	身体中心点			738	-1	0	0	0	0	-1	-1	-1	-1	-1	-1	0	1	-1		-1	0	1200	-1	-1	1	0	-1	0	0	0	100	-1	0	-1	0	0	0	0	1	0	21301	21302	21303	21304	21305	21306	21307	21308	21309	21310	21311	21312	21313	21314	21315	21316	丐帮绝世神功打狗棒法中的霸道招式，冲入敌阵后使用，如入无人之境。	1	0.1	50	10	1	0
366	226	2	地沉陷痕	FightSkillshipotianjing_2	1	0	1	1	1	1	74	0	0	0	2	133	吟唱gb	身体中心点			784	-1	0	0	0	1	-1	-1	-1	-1	-1	-1	0	1	-1		-1	5	1200	0	2	-1	1	-1	0	0	0	100	-1	0	-1	0	0	0	2	2	600	1289	1290	1291	1292	1293	1294	1295	1296	1297	1298	1299	1300	1301	1302	1303	1304	武林至高绝学，根据自己的心法、修炼评分与目标的心法、修炼的评分差值决定所能造成的伤害。	1	0.1	50	10	1	0
367	227	2	裂土牢笼	FightSkillkunxiansuo_2	1	0	1	1	1	1	74	0	0	0	2	130	吟唱gb	身体中心点			783	-1	0	0	0	1	-1	-1	-1	-1	-1	-1	0	1	-1		-1	5	1200	0	2	-1	1	-1	0	0	0	100	-1	0	-1	0	0	0	2	2	600	1305	1306	1307	1308	1309	1310	1311	1312	1313	1314	1315	1316	1317	1318	1319	1320	武林至高绝学，根据自己的心法、修炼评分与目标的心法、修炼的评分差值决定你对目标的强力控制时间。	1	0.1	50	10	1	0
371	301	3	八卦掌	FightSkillWuDang1_1	1	1	1	1	1	1	19	0	1	0	2	-1	吟唱wd	身体中心点			560	-1	0	0	0	1	-1	-1	-1	-1	-1	-1	1	1	92	身体受击点	-1	5	800	0	15	-1	1	-1	0	0	1	-1	-1	0	-1	0	0	0	2	1	1000	1361	1362	1363	1364	1365	1366	1367	1368	1369	1370	1371	1372	15711	15712	15713	15714	武当弟子的入门功夫。使用之后可以连续对目标造成伤害。	0	0.1	50	10	1	0
372	302	3	真武七截阵	FightSkillWuDang1_2	20	0	1	1	1	1	19	0	-1	0	2	53	吟唱wd	身体中心点			561	-1	0	0	0	0	-1	-1	-1	-1	-1	-1	1	1	-1		-1	4	1000	-1	-1	-1	1	-1	0	0	0	95	-1	0	-1	5	360	10	2	0	0	1373	1374	1375	1376	1377	1378	1379	1380	1381	1382	1383	1384	15721	15722	15723	15724	武当绝技之一，是林灵素道长的得意功夫。使用之后可以发动剑阵，对近身多个敌人造成大量伤害。	1	0.1	50	10	1	0
373	303	3	两仪剑	FightSkillWuDang1_3	45	0	1	1	1	1	20	0	1	0	1	58	吟唱wd	身体中心点		562	562	-1	0	0	0	1	-1	-1	-1	-1	-1	-1	1	1	-1		-1	5	600	0	15	-1	1	-1	0	1000	0	100	0	0	-1	0	0	0	2	2	0	1385	1386	1387	1388	1389	1390	1391	1392	1393	1394	1395	1396	15771	15772	15773	15774	毫无破绽的一击，阴阳相生相济，威力深藏不露。使用之后可以持续对目标造成大量伤害。	1	0.1	50	10	1	0
374	304	3	三环套月	FightSkillWuDang1_4	20	0	1	1	1	1	20	0	1	0	2	55	吟唱wd	身体中心点			563	-1	0	0	0	2	-1	-1	-1	-1	-1	-1	1	1	3	身体受击点	-1	7	300	0	15	-1	1	-1	0	0	0	100	-1	0	-1	5	360	6	2	0	0	1397	1398	1399	1400	1401	1402	1403	1404	1405	1406	1407	1408	15741	15742	15743	15744	连环三剑，如柔丝缠身，连绵不绝。使用之后可以使近身多个敌人陷入僵硬状态。	1	0.1	50	10	1	0
375	305	3	揽雀尾	FightSkillWuDang1_5	30	0	1	1	1	1	20	0	1	0	2	56	吟唱wd	身体中心点			565	-1	0	0	0	1	-1	-1	-1	-1	-1	-1	1	1	104	身体受击点	-1	5	300	0	15	-1	1	-1	0	0	0	100	-1	0	-1	0	0	0	1	1	1000	1409	1410	1411	1412	1413	1414	1415	1416	1417	1418	1419	1420	15751	15752	15753	15754	武当绝技之一，是张玄素真人的得意功夫。使用之后可以使目标陷入昏迷状态。	1	0.1	50	10	1	0
376	306	3	天罡北斗阵	FightSkillWuDang1_6	40	0	0	1	1	1	20	0	-1	0	2	57	吟唱wd	身体中心点			566	-1	0	0	0	0	-1	-1	-1	-1	-1	-1	1	1	-1		-1	0	1200	-1	-1	1	0	-1	0	0	0	100	-1	0	-1	0	0	0	0	0	0	1421	1422	1423	1424	1425	1426	1427	1428	1429	1430	1431	1432	15761	15762	15763	15764	武当弟子并肩作战时排布的阵法。使用之后可以大幅提高你的气上限。	1	0.1	50	10	1	0
377	307	3	天马飞瀑	FightSkillWuDang1_7	10	0	1	1	1	1	21	0	1	0	0	54	吟唱wd	身体中心点		567	568	-1	0	0	0	1	-1	-1	-1	-1	-1	-1	1	1	82	身体受击点	-1	5	300	0	15	-1	1	-1	0	0	0	100	0	0	-1	0	0	0	2	0	0	1433	1434	1435	1436	1437	1438	1439	1440	1441	1442	1443	1444	15731	15732	15733	15734	一剑破空，如天马飞跃天瀑，仙风优雅而势不可当。使用之后可以对目标造成大量玄伤害。	1	0.1	50	10	1	0
378	308	3	如封似闭	FightSkillWuDang1_8	30	0	1	1	1	1	21	0	1	0	1	59	吟唱wd	身体中心点		569	569	-1	0	0	0	1	-1	-1	-1	-1	-1	-1	1	1	-1		-1	5	600	0	15	-1	1	-1	0	1000	0	100	0	0	-1	0	0	0	2	0	0	1445	1446	1447	1448	1449	1450	1451	1452	1453	1454	1455	1456	15781	15782	15783	15784	太极圆转，面面若存，如封百脉，似闭天门。使用之后可以使目标陷入定身状态。	1	0.1	50	10	1	0
379	309	3	梯云纵	FightSkillWuDang1_9	40	0	0	1	1	1	21	0	-1	0	2	60	吟唱wd	身体中心点			570	-1	0	0	0	6	-1	-1	-1	-1	-1	-1	1	1	-1		-1	0	300	0	20	1	0	-1	0	0	0	100	-1	0	-1	0	0	0	0	0	0	1457	1458	1459	1460	1461	1462	1463	1464	1465	1466	1467	1468	15871	15872	15873	15874	武当弟子独步天下的神妙轻功。使用之后可以使你瞬间移动到你选中的位置。	1	0.1	50	10	1	0
380	310	3	虎抱头	FightSkillWuDang1_10	1	0	0	0	0	0	22	0	-1	0	2	-1					-1	-1	0	0	1	0	-1	-1	-1	-1	-1	-1	1	1	-1		-1	0	0	-1	-1	1	0	0	0	0	0	100	0	0	-1	0	0	0	0	0	0	1469	1470	1471	1472	1473	1474	1475	1476	1477	1478	1479	1480	15881	15882	15883	15884	使你从防具中获得的内功防御力大幅提高。	0	0.1	50	10	1	0
381	311	3	仙人指路	FightSkillWuDang1_11	1	0	1	1	1	1	22	0	1	0	2	61	吟唱wd	身体中心点			571	-1	0	0	0	1	-1	-1	-1	-1	-1	-1	1	1	83	身体受击点	-1	5	600	0	15	-1	1	-1	0	0	0	-1	-1	0	-1	0	0	0	2	2	1000	1481	1482	1483	1484	1485	1486	1487	1488	1489	1490	1491	1492	15791	15792	15793	15794	避实就虚的一击，直取敌人要害。使用之后可以对目标造成大量伤害，并使其陷入破绽状态。	1	0.1	50	10	1	0
382	312	3	挑帘式	FightSkillWuDang1_12	30	0	0	1	1	1	22	0	-1	0	0	62	吟唱wd	身体中心点		572	573	-1	0	0	0	0	-1	-1	-1	-1	-1	-1	1	1	-1		-1	0	300	-1	-1	1	0	-1	0	0	0	100	-1	0	-1	0	0	0	0	0	0	1493	1494	1495	1496	1497	1498	1499	1500	1501	1502	1503	1504	15801	15802	15803	15804	仙人挑帘，蓄势待发。使用之后使你摆出防御型姿态。	1	0.1	50	10	1	0
383	313	3	流星赶月	FightSkillWuDang1_13	50	0	0	1	1	1	22	0	-1	0	0	63	吟唱wd	身体中心点		574	575	-1	0	0	0	0	-1	-1	-1	-1	-1	-1	1	1	-1		-1	0	300	-1	-1	1	0	-1	0	0	0	100	-1	0	-1	0	0	0	0	0	0	1505	1506	1507	1508	1509	1510	1511	1512	1513	1514	1515	1516	15811	15812	15813	15814	武当绝技之一，可以以内功分担受到的伤害。使用之后可以降低你受到的伤害，但你会因此而损失一定的气。只有在挑帘式姿态下才能使用。	1	0.1	50	10	1	0
384	314	3	懒扎衣	FightSkillWuDang1_14	1	0	0	0	0	0	23	0	-1	0	2	-1					-1	-1	0	0	1	0	-1	-1	-1	-1	-1	-1	1	1	-1		-1	0	0	-1	-1	1	0	0	0	0	0	100	0	0	-1	0	0	0	0	0	0	1517	1518	1519	1520	1521	1522	1523	1524	1525	1526	1527	1528	15891	15892	15893	15894	使你从单短、双短类武器中获得的内功攻击力大幅提高。	0	0.1	50	10	1	0
385	315	3	玉女穿梭	FightSkillWuDang1_15	1	0	1	1	1	1	23	0	1	0	2	64	吟唱wd	身体中心点			576	-1	0	0	0	1	-1	-1	-1	-1	-1	-1	1	1	84	身体受击点	-1	5	600	0	15	-1	1	-1	0	0	0	-1	-1	0	-1	0	0	0	2	2	1000	1529	1530	1531	1532	1533	1534	1535	1536	1537	1538	1539	1540	15821	15822	15823	15824	悄无声息的一击，扰乱敌人心神。使用之后可以对目标造成大量伤害，并使其陷入定身状态。	1	0.1	50	10	1	0
386	316	3	斜飞式	FightSkillWuDang1_16	30	0	0	1	1	1	23	0	-1	0	0	62	吟唱wd	身体中心点		577	578	-1	0	0	0	0	-1	-1	-1	-1	-1	-1	1	1	-1		-1	0	300	-1	-1	1	0	-1	0	0	0	100	-1	0	-1	0	0	0	0	0	0	1541	1542	1543	1544	1545	1546	1547	1548	1549	1550	1551	1552	15831	15832	15833	15834	玉女斜飞，锋芒毕露。使用之后使你摆出攻击型姿态。	1	0.1	50	10	1	0
387	317	3	白鹤亮翅	FightSkillWuDang2_1	50	0	0	1	1	1	23	0	-1	0	2	66	吟唱wd	身体中心点			579	-1	0	0	0	0	-1	-1	-1	-1	-1	-1	1	1	-1		-1	0	300	-1	-1	1	0	-1	0	0	0	100	-1	0	-1	0	0	0	0	0	0	1553	1554	1555	1556	1557	1558	1559	1560	1561	1562	1563	1564	15841	15842	15843	15844	武当绝技之一，是张玄素真人的得意功夫。使用之后可以使你造成的伤害大幅提高，但消耗的气也会相应大幅提高。只有在斜飞式姿态下才能使用。	1	0.1	50	10	1	0
388	318	3	太渊十三剑	FightSkillWuDang2_2	10	0	1	1	1	1	24	0	1	0	2	67	吟唱wd	身体中心点			580	-1	0	0	0	1	-1	-1	-1	-1	-1	-1	1	1	-1		-1	5	300	0	15	-1	1	-1	0	0	0	80	-1	0	-1	0	0	0	2	2	0	1565	1566	1567	1568	1569	1570	1571	1572	1573	1574	1575	1576	15851	15852	15853	15854	怒气化剑，直刺神门，十三剑快如一剑。使用之后可以对目标发动迅捷无伦的一击。	1	0.1	50	10	1	0
389	319	3	无懈可击	FightSkillWuDang2_3	30	0	0	0	0	1	24	0	-1	0	2	68	吟唱wd	身体中心点			581	-1	0	0	0	0	-1	-1	-1	-1	-1	-1	1	1	-1		-1	0	300	-1	-1	1	0	-1	0	0	0	100	-1	0	-1	0	0	0	0	0	0	1577	1578	1579	1580	1581	1582	1583	1584	1585	1586	1587	1588	15861	15862	15863	15864	道家真气鼓荡流转，护住周身穴位。使用之后可以使你不再受到封穴效果的影响。	1	0.1	50	10	1	0
390	320	3	游刃有余	FightSkillWuDang2_4	60	0	0	1	1	1	24	0	-1	0	2	69	吟唱wd	身体中心点			582	-1	0	0	0	0	-1	-1	-1	-1	-1	-1	1	1	-1		-1	0	300	-1	-1	1	0	-1	0	0	0	100	-1	0	-1	0	0	0	0	0	0	1589	1590	1591	1592	1593	1594	1595	1596	1597	1598	1599	1600	15901	15902	15903	15904	武学之最高境界，技进乎艺，艺进乎道。使用之后可以使你所有门派武功的冷却时间结束。	1	0.1	50	10	1	0
391	321	3	天外飞仙	FightSkillWuDang2_5	1	0	1	1	1	1	58	0	1	0	2	70	吟唱wd	身体中心点			710	-1	0	0	0	1	-1	-1	-1	-1	-1	-1	0	1	109	身体受击点	-1	5	300	0	15	-1	1	-1	0	0	0	-1	-1	1	-1	0	0	0	2	2	1000	1601	1602	1603	1604	1605	1606	1607	1608	1609	1610	1611	1612	15911	15912	15913	15914	月圆之夜，紫禁之巅，一剑西来，天外飞仙。使用之后可以对目标发动完美的一击，造成巨大的玄伤害，并使其陷入麻痹状态。	1	0.1	50	10	1	0
392	322	3	犀牛望月	FightSkillWuDang2_6	1	0	0	1	1	1	19	0	-1	0	2	71	吟唱wd	身体中心点			701	-1	0	0	0	1	-1	-1	-1	-1	-1	-1	1	1	-1		-1	5	1200	0	15	1	0	-1	0	0	0	100	-1	0	-1	0	0	0	0	0	0	1613	1614	1615	1616	1617	1618	1619	1620	1621	1622	1623	1624	15921	15922	15923	15924	武当弟子给予朋友的关怀，使用之后可以提升友方目标的灵气。	1	0.1	50	10	1	0
393	323	3	空明式	FightSkillWuDang2_7	1	0	0	1	1	1	58	0	-1	0	2	71	吟唱wd	身体中心点			701	-1	0	0	0	1	-1	-1	-1	-1	-1	-1	0	1	-1		-1	5	1200	0	15	1	0	-1	0	0	0	100	-1	0	-1	0	0	0	0	0	0	1625	1626	1627	1628	1629	1630	1631	1632	1633	1634	1635	1636	15931	15932	15933	15934	武当弟子给予朋友的关怀，使用之后可以提升友方目标的技能伤害。	1	0.1	50	10	1	0
394	394	3	仙风道骨	FightSkillWuDang2_8	1	0	0	1	1	1	58	0	-1	0	2	72	吟唱wd	身体中心点			730	-1	0	0	0	0	-1	-1	-1	-1	-1	-1	0	1	-1		-1	0	300	-1	-1	-1	0	0	0	0	0	100	-1	0	-1	0	0	0	0	0	0	20201	20202	20203	20204	20205	20206	20207	20208	20209	20210	20211	20212	20213	20214	20215	20216	将先天真气汇聚于丹田，隐约进入升仙状态，短时间提升自己的内功防御。	1	0.1	50	10	1	0
395	395	3	七星聚首	FightSkillWuDang2_9	1	0	1	1	1	1	58	0	1	0	2	73	吟唱wd	身体中心点			743	-1	0	0	0	2	-1	-1	-1	-1	-1	-1	0	1	125		-1	7	300	0	15	-1	1	-1	0	0	0	100	-1	0	-1	7	360	10	0	0	600	21001	21002	21003	21004	21005	21006	21007	21008	21009	21010	21011	21012	21013	21014	21015	21016	武当绝技之一，是林灵素道长的得意功夫。使用之后可对多个敌方目标造成伤害并陷入麻痹状态。	1	0.1	50	10	1	0
396	431	3	宙耀七星	FightSkillshipotianjing_8	1	0	1	1	1	1	75	0	1	0	2	133	吟唱wd	身体中心点			786	-1	0	0	0	1	-1	-1	-1	-1	-1	-1	0	1	147	身体受击点	-1	5	600	0	15	-1	1	-1	0	0	0	100	-1	0	-1	0	0	0	2	2	1000	1637	1638	1639	1640	1641	1642	1643	1644	1645	1646	1647	1648	1649	1650	1651	1652	武林至高绝学，根据自己的心法、修炼评分与目标的心法、修炼的评分差值决定所能造成的伤害。	1	0.1	50	10	1	0
397	467	3	八卦映薇	FightSkillkunxiansuo_8	1	0	1	1	1	1	75	0	1	0	2	130	吟唱wd	身体中心点			785	-1	0	0	0	1	-1	-1	-1	-1	-1	-1	0	1	146	身体受击点	-1	5	600	0	15	-1	1	-1	0	0	0	100	-1	0	-1	0	0	0	2	2	1000	1653	1654	1655	1656	1657	1658	1659	1660	1661	1662	1663	1664	1665	1666	1667	1668	武林至高绝学，根据自己的心法、修炼评分与目标的心法、修炼的评分差值决定你对目标的强力控制时间。	1	0.1	50	10	1	0
401	401	4	貂蝉拜月	FightSkillEMei1_1	1	1	1	1	1	1	25	0	1	0	2	-1	吟唱em	身体中心点			583	-1	0	0	0	1	-1	-1	-1	-1	-1	-1	1	1	93	身体受击点	-1	5	800	0	15	-1	1	-1	0	0	1	-1	-1	0	-1	0	0	0	2	1	1000	1721	1722	1723	1724	1725	1726	1727	1728	1729	1730	1731	1732	15951	15952	15953	15954	峨嵋弟子的入门功夫。使用之后可以连续对目标造成伤害。	0	0.1	50	10	1	0
402	402	4	昭君出塞	FightSkillEMei1_2	10	0	1	1	1	1	25	0	1	0	2	53	吟唱em	身体中心点			584	-1	0	0	0	2	-1	-1	-1	-1	-1	-1	1	1	87	身体受击点	-1	7	300	0	15	0	1	-1	0	0	0	100	-1	0	-1	6	360	6	0	0	0	1733	1734	1735	1736	1737	1738	1739	1740	1741	1742	1743	1744	15961	15962	15963	15964	峨嵋绝技之一，是孟青青掌门的得意功夫。使用之后可以给目标区域内的多个敌人加上峨嵋标记，使其被峨嵋技能击中时受到额外的伤害。	1	0.1	50	10	1	0
403	403	4	西子捧心	FightSkillEMei1_3	45	0	1	1	1	1	26	0	1	0	0	54	吟唱em	身体中心点		585	586	-1	0	0	0	1	-1	-1	-1	-1	-1	-1	1	1	85	身体受击点	-1	5	300	0	15	-1	1	-1	0	0	0	100	-1	0	-1	0	0	0	2	2	1000	1745	1746	1747	1748	1749	1750	1751	1752	1753	1754	1755	1756	15971	15972	15973	15974	峨嵋绝技之一，身姿绰约有如西子。使用之后可以对目标造成大量冰属性伤害。	1	0.1	50	10	1	0
404	404	4	金顶绵掌	FightSkillEMei1_4	1	0	1	1	1	1	26	0	1	0	1	55	吟唱em	身体中心点		587	587	-1	0	0	0	1	-1	-1	-1	-1	-1	-1	1	1	-1		-1	5	600	0	15	-1	1	-1	0	2000	0	100	0	0	-1	0	0	0	2	0	0	1757	1758	1759	1760	1761	1762	1763	1764	1765	1766	1767	1768	15941	15942	15943	15944	掌力犹如长江大河，汹涌不绝。使用之后可以持续对目标造成大量伤害。	1	0.1	50	10	1	0
405	405	4	月落西山	FightSkillEMei1_5	30	0	1	1	1	1	26	0	1	0	2	56	吟唱em	身体中心点			588	-1	0	0	0	0	-1	-1	-1	-1	-1	-1	1	1	-1		-1	4	1200	-1	-1	-1	1	-1	0	0	0	100	-1	0	-1	5	360	4	2	0	0	1769	1770	1771	1772	1773	1774	1775	1776	1777	1778	1779	1780	15981	15982	15983	15984	月落西山后，朝霞满天红。使用之后可以使近身多个敌人陷入失明状态。	1	0.1	50	10	1	0
406	406	4	佛光普照	FightSkillEMei1_6	40	0	1	1	1	1	26	0	-1	0	0	57	吟唱em	身体中心点		589	590	-1	0	0	0	0	-1	-1	-1	-1	-1	-1	1	1	-1		-1	4	300	-1	-1	1	0	-1	1	0	0	100	-1	0	-1	7	360	12	0	0	0	1781	1782	1783	1784	1785	1786	1787	1788	1789	1790	1791	1792	15991	15992	15993	15994	源于佛门心法，佛光西来，普照天下众生。使用之后可以大量回复附近队友的血。	1	0	0	0	1	0
407	407	4	冲虚养气	FightSkillEMei1_7	20	0	0	1	1	1	27	0	-1	0	0	58	吟唱em	身体中心点		591	592	-1	0	0	0	1	-1	-1	-1	-1	-1	-1	1	1	-1		-1	5	300	0	15	1	0	-1	0	0	0	100	-1	0	-1	0	0	0	0	0	0	1793	1794	1795	1796	1797	1798	1799	1800	1801	1802	1803	1804	16001	16002	16003	16004	源于道家心法，虚怀若谷，冲虚而不盈实。使用之后可以大量回复友方目标的血。	1	0.5	100	10	1	0
408	408	4	起死回生	FightSkillEMei1_8	30	0	0	1	1	1	27	0	-1	0	0	59	吟唱em	身体中心点		593	594	-1	1	0	0	1	-1	-1	-1	-1	-1	-1	1	1	-1		-1	5	300	0	2	1	0	0	0	0	0	100	-1	0	-1	0	0	0	0	0	0	1805	1806	1807	1808	1809	1810	1811	1812	1813	1814	1815	1816	16011	16012	16013	16014	峨嵋绝技之一，妙手神医阎王敌。使用之后可以使一个死去的玩家复活。	1	0.1	50	10	1	0
409	409	4	延年益寿	FightSkillEMei1_9	40	0	0	1	1	1	27	0	-1	0	0	60	吟唱em	身体中心点		595	596	-1	0	0	0	0	-1	-1	-1	-1	-1	-1	1	1	-1		-1	0	300	-1	-1	1	0	-1	0	0	0	100	-1	0	-1	0	0	0	0	0	0	1817	1818	1819	1820	1821	1822	1823	1824	1825	1826	1827	1828	16021	16022	16023	16024	峨嵋绝技之一，是孟青青掌门的得意功夫。使用之后可以创造一个真气护体护住全身，为你抵御各种伤害。	1	0.1	50	10	1	0
410	410	4	窈窕淑女	FightSkillEMei1_10	1	0	0	0	0	0	28	0	-1	0	2	-1					-1	-1	0	0	1	0	-1	-1	-1	-1	-1	-1	1	1	-1		-1	0	0	-1	-1	1	0	0	0	0	0	100	0	0	-1	0	0	0	0	0	0	1829	1830	1831	1832	1833	1834	1835	1836	1837	1838	1839	1840	16111	16112	16113	16114	使你从防具中获得的内功防御力大幅提高。	0	0.1	50	10	1	0
411	411	4	回天术	FightSkillEMei1_11	10	0	0	1	1	1	28	0	-1	0	2	61	吟唱em	身体中心点			597	-1	0	0	0	0	-1	-1	-1	-1	-1	-1	1	1	-1		-1	0	1200	0	15	1	0	-1	0	0	0	100	-1	0	-1	0	0	0	0	0	0	1841	1842	1843	1844	1845	1846	1847	1848	1849	1850	1851	1852	16031	16032	16033	16034	以内功打通奇经八脉，使真气自然流转。使用之后可以持续回复你的血。	1	0.1	50	10	1	0
412	412	4	绝剑式	FightSkillEMei1_12	30	0	0	1	1	1	28	0	-1	0	0	62	吟唱em	身体中心点		598	599	-1	0	0	0	0	-1	-1	-1	-1	-1	-1	1	1	-1		-1	0	300	-1	-1	1	0	-1	0	0	0	100	-1	0	-1	0	0	0	0	0	0	1853	1854	1855	1856	1857	1858	1859	1860	1861	1862	1863	1864	16041	16042	16043	16044	淑女剑法绝技。使用后使你摆出防御型姿态。	1	0.1	50	10	1	0
413	413	4	护心诀	FightSkillEMei1_13	50	0	0	1	1	1	28	0	-1	0	2	63	吟唱em	身体中心点			600	-1	0	0	0	0	-1	-1	-1	-1	-1	-1	1	1	-1		-1	0	1200	-1	-1	1	0	-1	0	0	0	100	-1	0	-1	0	0	0	0	0	0	1865	1866	1867	1868	1869	1870	1871	1872	1873	1874	1875	1876	16121	16122	16123	16124	峨嵋绝技之一，是孟青青掌门的得意功夫。使用之后可以使你恢复一定的气。只有在绝剑式姿态下才能使用。	1	0.1	50	10	1	0
414	414	4	君子好逑	FightSkillEMei1_14	1	0	0	0	0	0	29	0	-1	0	2	-1					-1	-1	0	0	1	0	-1	-1	-1	-1	-1	-1	1	1	-1		-1	0	0	-1	-1	1	0	0	0	0	0	100	0	0	-1	0	0	0	0	0	0	1877	1878	1879	1880	1881	1882	1883	1884	1885	1886	1887	1888	16131	16132	16133	16134	使你从单短、双短类武器中获得的内功攻击力大幅提高。	0	0.1	50	10	1	0
415	415	4	障眼法	FightSkillEMei1_15	1	0	1	1	1	1	29	0	1	0	2	64	吟唱em	身体中心点			601	-1	0	0	0	1	-1	-1	-1	-1	-1	-1	1	1	86	身体受击点	-1	5	600	0	15	-1	1	-1	0	0	0	80	-1	0	-1	0	0	0	2	2	1000	1889	1890	1891	1892	1893	1894	1895	1896	1897	1898	1899	1900	16051	16052	16053	16054	峨嵋绝技之一，精光四射，灼人双目。使用之后可以对目标造成大量伤害，并使其陷入失明状态。	1	0.1	50	10	1	0
416	416	4	灭剑式	FightSkillEMei1_16	30	0	0	1	1	1	29	0	-1	0	0	62	吟唱em	身体中心点		602	603	-1	0	0	0	0	-1	-1	-1	-1	-1	-1	1	1	-1		-1	0	300	-1	-1	1	0	-1	0	0	0	100	-1	0	-1	0	0	0	0	0	0	1901	1902	1903	1904	1905	1906	1907	1908	1909	1910	1911	1912	16061	16062	16063	16064	君子剑法绝技，使用后使你摆出攻击型姿态。	1	0.1	50	10	1	0
417	417	4	斩情诀	FightSkillEMei2_1	50	0	0	1	1	1	29	0	-1	0	2	66	吟唱em	身体中心点			604	-1	0	0	0	0	-1	-1	-1	-1	-1	-1	1	1	-1		-1	0	1200	0	15	1	0	-1	0	0	0	100	-1	0	-1	0	0	0	0	0	0	1913	1914	1915	1916	1917	1918	1919	1920	1921	1922	1923	1924	16071	16072	16073	16074	泛舟五湖十年梦，西子无剑斩柔情。使用之后可以使西子捧心的蓄力时间大幅减少。	1	0.1	50	10	1	0
418	418	4	拖泥带水	FightSkillEMei2_2	10	0	1	1	1	1	30	0	-1	0	2	67	吟唱em	身体中心点			605	-1	0	0	0	1	-1	-1	-1	-1	-1	-1	1	1	-1		-1	5	300	0	15	-1	1	-1	0	0	0	80	-1	0	-1	0	0	0	2	2	1000	1925	1926	1927	1928	1929	1930	1931	1932	1933	1934	1935	1936	16081	16082	16083	16084	黯然销魂者，唯别而已矣。使用之后可以对目标发动鬼哭神号的一击。	1	0.1	50	10	1	0
419	419	4	行尸走肉	FightSkillEMei2_3	30	0	0	0	0	1	30	0	-1	0	2	68	吟唱em	身体中心点			606	-1	0	0	0	0	-1	-1	-1	-1	-1	-1	1	1	-1		-1	0	300	-1	-1	1	0	-1	0	0	0	100	-1	0	-1	0	0	0	0	0	0	1937	1938	1939	1940	1941	1942	1943	1944	1945	1946	1947	1948	16091	16092	16093	16094	伊人不复在，影徒随我身。使用之后可以使你不再受到围困、定身效果的影响。	1	0.1	50	10	1	0
420	420	4	呆若木鸡	FightSkillEMei2_4	60	0	0	1	1	1	30	0	-1	0	2	69	吟唱em	身体中心点			607	-1	0	0	0	0	-1	-1	-1	-1	-1	-1	1	1	-1		-1	0	300	-1	-1	1	0	-1	0	0	0	100	-1	0	-1	0	0	0	0	0	0	1949	1950	1951	1952	1953	1954	1955	1956	1957	1958	1959	1960	16101	16102	16103	16104	黯然销魂到极致之境，天地万物又与我何干？使用之后使你不会受到任何伤害，但也不能使用任何武功。	1	0.1	50	10	1	0
421	421	4	九阴神爪	FightSkillEMei2_5	1	0	1	1	1	1	59	0	1	0	2	70	吟唱em	身体中心点			711	-1	0	0	0	1	-1	-1	-1	-1	-1	-1	0	1	110	身体受击点	-1	5	600	0	15	-1	1	-1	0	0	0	-1	-1	1	-1	0	0	0	2	2	1000	1961	1962	1963	1964	1965	1966	1967	1968	1969	1970	1971	1972	16141	16142	16143	16144	天下武学至宝九阴天书中所载的神功。使用之后可以对目标发动穿心刺骨的一击，并使其陷入流血状态。	1	0.1	50	10	1	0
422	422	4	坐怀不乱	FightSkillEMei2_6	1	0	0	1	1	1	25	0	-1	0	2	71	吟唱em	身体中心点			702	-1	0	0	0	1	-1	-1	-1	-1	-1	-1	1	1	-1		-1	5	1200	0	15	1	0	-1	0	0	0	100	-1	0	-1	0	0	0	0	0	0	1973	1974	1975	1976	1977	1978	1979	1980	1981	1982	1983	1984	16151	16152	16153	16154	峨嵋弟子给予朋友的关怀，使用之后可以提升友方目标的定力。	1	0.1	50	10	1	0
423	423	4	金针渡劫	FightSkillEMei2_7	1	0	0	1	1	1	27	0	-1	0	2	72	吟唱em	身体中心点			592	-1	-1	0	0	1	-1	-1	-1	-1	-1	-1	0	1	-1		-1	5	300	0	15	1	0	-1	0	0	0	100	-1	0	-1	0	0	0	0	0	0	1985	1986	1987	1988	1989	1990	1991	1992	1993	1994	1995	1996	16161	16162	16163	16164	源于《灵疏》，金针通脉养气，疏密于开。选中目标之后可以迅速回复该目标的血。	1	0	0	0	1	0
424	424	4	清心普善咒	FightSkillEMei2_8	1	0	0	1	1	1	59	0	-1	0	0	73	吟唱em	身体中心点		591	592	-1	0	0	0	1	-1	-1	-1	-1	-1	-1	0	1	-1		-1	5	300	0	15	1	0	-1	0	0	0	100	-1	0	-1	0	0	0	0	0	0	1997	1998	1999	2000	2001	2002	2003	2004	2005	2006	2007	2008	16171	16172	16173	16174	清灵之声，使人心情舒缓，有回春之功效。使用之后可以大量回复附近队友的血。	1	0	0	0	1	0
425	425	4	九阴毒龙功	FightSkillEMei2_9	1	0	0	1	1	1	59	0	-1	0	2	71	吟唱em	身体中心点			702	-1	0	0	0	1	-1	-1	-1	-1	-1	-1	0	1	-1		-1	5	1200	0	15	1	0	-1	0	0	0	100	-1	0	-1	0	0	0	0	0	0	2009	2010	2011	2012	2013	2014	2015	2016	2017	2018	2019	2020	16181	16182	16183	16184	峨嵋弟子给予朋友的关怀，使用之后可以提升友方目标的技能伤害。	1	0.1	50	10	1	0
426	426	4	春花秋月	FightSkillEMei2_11	1	0	1	1	1	1	59	0	1	0	0	118	吟唱em	身体中心点			737	-1	0	0	0	1	-1	-1	-1	-1	-1	-1	0	1	-1		-1	5	300	0	15	0	-1	-1	0	0	0	100	-1	0	-1	0	0	0	0	2	0	21201	21202	21203	21204	21205	21206	21207	21208	21209	21210	21211	21212	21213	21214	21215	21216	峨嵋绝技之一，是孟青青掌门的得意功夫。即可回复友方目标的血，也可对敌方目标造成伤害。	1	0.5	100	10	1	0
427	427	4	混江破崖	FightSkillshipotianjing_1	1	0	1	1	1	1	76	0	1	0	2	133	吟唱em	身体中心点			788	-1	0	0	0	1	-1	-1	-1	-1	-1	-1	0	1	149	身体受击点	-1	5	800	0	15	-1	1	-1	0	0	0	100	-1	0	-1	0	0	0	2	2	1000	2021	2022	2023	2024	2025	2026	2027	2028	2029	2030	2031	2032	2033	2034	2035	2036	武林至高绝学，根据自己的心法、修炼评分与目标的心法、修炼的评分差值决定所能造成的伤害。	1	0.1	50	10	1	0
428	428	4	幽漩沉舟	FightSkillkunxiansuo_1	1	0	1	1	1	1	76	0	1	0	2	130	吟唱em	身体中心点			787	-1	0	0	0	1	-1	-1	-1	-1	-1	-1	0	1	148	身体受击点	-1	5	800	0	15	-1	1	-1	0	0	0	100	-1	0	-1	0	0	0	2	2	1000	2037	2038	2039	2040	2041	2042	2043	2044	2045	2046	2047	2048	2049	2050	2051	2052	武林至高绝学，根据自己的心法、修炼评分与目标的心法、修炼的评分差值决定你对目标的强力控制时间。	1	0.1	50	10	1	0
431	501	5	蓝砂手	FightSkillXinXiu1_1	1	1	1	1	1	1	31	0	1	0	2	-1	吟唱xx	身体中心点			608	-1	0	0	0	1	-1	-1	-1	-1	-1	-1	1	1	94	身体受击点	-1	5	800	0	15	-1	1	-1	0	0	1	-1	-1	0	-1	0	0	0	2	1	1000	2081	2082	2083	2084	2085	2086	2087	2088	2089	2090	2091	2092	16191	16192	16193	16194	星宿弟子的入门功夫。使用之后可以连续对目标造成伤害。	0	0.1	50	10	1	0
432	502	5	连珠腐尸毒	FightSkillXinXiu1_2	10	0	1	1	1	1	31	0	-1	0	1	53	吟唱xx	身体中心点		609	609	-1	0	0	0	0	-1	-1	-1	-1	-1	-1	1	1	-1		-1	4	600	-1	-1	-1	1	-1	0	2000	0	85	-1	0	-1	7	360	6	2	0	0	2093	2094	2095	2096	2097	2098	2099	2100	2101	2102	2103	2104	16201	16202	16203	16204	星宿绝技之一，是丁春秋老仙的得意功夫。使用之后可以对近身多个敌人造成大量伤害。	1	0.1	50	10	1	0
433	503	5	幽冥神掌	FightSkillXinXiu1_3	45	0	1	1	1	1	32	0	1	0	0	54	吟唱xx	身体中心点		610	611	-1	0	0	0	1	-1	-1	-1	-1	-1	-1	1	1	102	身体受击点	-1	5	300	0	15	-1	1	-1	0	0	0	80	-1	0	-1	0	0	0	2	2	1000	2105	2106	2107	2108	2109	2110	2111	2112	2113	2114	2115	2116	16211	16212	16213	16214	同时蕴含着玄冰之力与冥毒之力的一击。使用之后可以对目标造成大量毒属性伤害。	1	0.1	50	10	1	0
434	504	5	蝎尾针	FightSkillXinXiu1_4	20	0	1	1	1	1	32	0	-1	0	2	55	吟唱xx	身体中心点			612	-1	0	0	0	1	-1	-1	-1	-1	-1	-1	1	1	22	身体受击点	-1	5	300	0	15	-1	1	-1	0	0	0	100	-1	0	-1	0	0	0	2	0	1000	2117	2118	2119	2120	2121	2122	2123	2124	2125	2126	2127	2128	16221	16222	16223	16224	蝎尾闪电般的一刺。使用之后可以使目标陷入僵硬状态。	1	0.1	50	10	1	0
435	505	5	毒蟾功	FightSkillXinXiu1_5	30	0	1	1	1	1	32	0	1	0	0	56	吟唱xx	身体中心点		613	614	-1	0	0	0	1	-1	-1	-1	-1	-1	-1	1	1	106	身体受击点	-1	5	300	0	15	-1	1	-1	0	0	0	100	-1	0	-1	0	0	0	2	0	1000	2129	2130	2131	2132	2133	2134	2135	2136	2137	2138	2139	2140	16231	16232	16233	16234	星宿绝技之一，是丁春秋老仙的得意功夫。使用之后可以使目标陷入失明状态。	1	0.1	50	10	1	0
436	506	5	蜈蚣阵	FightSkillXinXiu1_6	40	0	0	1	1	1	32	0	-1	0	2	57	吟唱xx	身体中心点			615	-1	0	0	0	0	-1	-1	-1	-1	-1	-1	1	1	-1		-1	4	1200	-1	-1	1	0	-1	1	0	0	100	-1	0	-1	7	360	12	0	0	0	2141	2142	2143	2144	2145	2146	2147	2148	2149	2150	2151	2152	16241	16242	16243	16244	星宿弟子并肩作战时排布的阵法。使用之后可以提升附近队友的内功防御力。	1	0.1	50	10	1	0
437	507	5	笑里藏刀	FightSkillXinXiu1_7	20	0	1	1	1	1	33	0	1	0	1	58	吟唱xx	身体中心点		616	616	-1	0	0	0	1	-1	-1	-1	-1	-1	-1	1	1	-1		-1	5	600	0	15	-1	1	-1	0	1000	0	100	0	0	-1	0	0	0	2	0	0	2153	2154	2155	2156	2157	2158	2159	2160	2161	2162	2163	2164	16251	16252	16253	16254	极为霸道的毒药。使用之后可以吸取目标的血，转化为自己的血。	1	0.1	50	10	1	0
438	508	5	谈笑自若	FightSkillXinXiu1_8	30	0	0	1	1	1	33	0	-1	0	2	59	吟唱xx	身体中心点			617	-1	0	0	0	0	-1	-1	-1	-1	-1	-1	1	1	-1		-1	0	1200	-1	-1	1	0	-1	0	0	0	100	-1	0	-1	0	0	0	0	0	0	2165	2166	2167	2168	2169	2170	2171	2172	2173	2174	2175	2176	16261	16262	16263	16264	极为玄妙的毒药。使用之后可以使笑里藏刀效果不会被打断。	1	0.1	50	10	1	0
439	509	5	含笑九泉	FightSkillXinXiu1_9	40	0	0	1	1	1	33	0	-1	0	0	60	吟唱xx	身体中心点		618	619	-1	0	0	0	0	-1	-1	-1	-1	-1	-1	1	1	-1		-1	0	300	-1	-1	1	0	-1	0	0	0	100	-1	0	-1	0	0	0	0	0	0	2177	2178	2179	2180	2181	2182	2183	2184	2185	2186	2187	2188	16271	16272	16273	16274	极为恐怖的毒药。使用之后使你在死亡后可以自行复活。	1	0.1	50	10	1	0
440	510	5	木甲术	FightSkillXinXiu1_10	1	0	0	0	0	0	34	0	-1	0	2	-1					-1	-1	0	0	1	0	-1	-1	-1	-1	-1	-1	1	1	-1		-1	0	0	-1	-1	1	0	0	0	0	0	100	0	0	-1	0	0	0	0	0	0	2189	2190	2191	2192	2193	2194	2195	2196	2197	2198	2199	2200	16291	16292	16293	16294	使你从防具中获得的内功防御力大幅提高。	0	0.1	50	10	1	0
441	511	5	青蛇毒掌	FightSkillXinXiu1_11	1	0	1	1	1	1	34	0	-1	0	2	61	吟唱xx	身体中心点			620	-1	0	0	0	1	-1	-1	-1	-1	-1	-1	1	1	105	身体受击点	-1	5	600	0	15	-1	1	-1	0	0	0	100	-1	0	-1	0	0	0	2	2	1000	2201	2202	2203	2204	2205	2206	2207	2208	2209	2210	2211	2212	16281	16282	16283	16284	吸取南诏千年蛇精的毒性才能练成的神功。使用之后可以对目标造成大量伤害，并使其陷入僵硬状态。	1	0.1	50	10	1	0
442	512	5	木遁	FightSkillXinXiu1_12	30	0	0	1	1	1	34	0	-1	0	0	62	吟唱xx	身体中心点		621	622	-1	0	0	0	0	-1	-1	-1	-1	-1	-1	1	1	-1		-1	0	300	-1	-1	1	0	-1	0	0	0	100	-1	0	-1	0	0	0	0	0	0	2213	2214	2215	2216	2217	2218	2219	2220	2221	2222	2223	2224	16301	16302	16303	16304	利用神木的力量来改变身形。使用之后使你摆出防御型姿态。	1	0.1	50	10	1	0
443	513	5	指鹿为马	FightSkillXinXiu1_13	50	0	1	1	1	1	34	0	1	0	1	63	吟唱xx	身体中心点		623	623	-1	0	0	0	1	-1	-1	-1	-1	-1	-1	1	1	-1		-1	5	600	0	15	-1	1	0	0	1000	0	100	0	0	-1	0	0	0	0	0	0	2225	2226	2227	2228	2229	2230	2231	2232	2233	2234	2235	2236	16371	16372	16373	16374	星宿绝技之一，是丁春秋老仙的得意功夫。使用后可以使目标怒气降低，并使你的怒气提高。只有在木遁姿态下才能使用。	1	0.1	50	10	1	0
444	514	5	淬毒术	FightSkillXinXiu1_14	1	0	0	0	0	0	35	0	-1	0	2	-1					-1	-1	0	0	1	0	-1	-1	-1	-1	-1	-1	1	1	-1		-1	0	0	-1	-1	1	0	0	0	0	0	100	0	0	-1	0	0	0	0	0	0	2237	2238	2239	2240	2241	2242	2243	2244	2245	2246	2247	2248	16381	16382	16383	16384	使你从单短、双短类武器中获得的内功攻击力大幅提高。	0	0.1	50	10	1	0
445	515	5	冰蚕毒掌	FightSkillXinXiu1_15	1	0	1	1	1	1	35	0	1	0	2	64	吟唱xx	身体中心点			624	-1	0	0	0	1	-1	-1	-1	-1	-1	-1	1	1	88	身体受击点	-1	5	600	0	15	-1	1	-1	0	0	0	100	0	0	-1	0	0	0	0	2	1000	2249	2250	2251	2252	2253	2254	2255	2256	2257	2258	2259	2260	16311	16312	16313	16314	吸取雪山千年冰蚕的毒性才能练成的神功。使用之后可以对目标造成大量伤害，并使其陷入破绽状态。	1	0.1	50	10	1	0
446	516	5	水遁	FightSkillXinXiu1_16	30	0	0	1	1	1	35	0	-1	0	0	62	吟唱xx	身体中心点		625	626	-1	0	0	0	0	-1	-1	-1	-1	-1	-1	1	1	-1		-1	0	300	-1	-1	1	0	-1	0	0	0	100	-1	0	-1	0	0	0	0	0	0	2261	2262	2263	2264	2265	2266	2267	2268	2269	2270	2271	2272	16321	16322	16323	16324	利用圣水的力量来改变身形。使用之后使你摆出攻击型姿态。	1	0.1	50	10	1	0
447	517	5	经脉逆行	FightSkillXinXiu2_1	50	0	0	1	1	1	35	0	-1	0	2	66	吟唱xx	身体中心点			627	-1	0	0	0	0	-1	-1	-1	-1	-1	-1	1	1	-1		-1	0	300	-1	-1	1	0	-1	0	0	0	100	-1	0	-1	0	0	0	0	0	0	2273	2274	2275	2276	2277	2278	2279	2280	2281	2282	2283	2284	16331	16332	16333	16334	用自己的鲜血来摧动内力。使用之后你的血减少，你的气增加。只有在水遁姿态下才能使用。	1	0.1	50	10	1	0
448	518	5	玉碎昆岗	FightSkillXinXiu2_2	10	0	1	1	1	1	36	0	-1	0	2	67	吟唱xx	身体中心点			628	-1	0	0	0	0	-1	-1	-1	-1	-1	-1	1	1	-1		-1	4	300	-1	-1	-1	1	-1	0	0	0	100	-1	0	-1	5	360	6	2	2	0	2285	2286	2287	2288	2289	2290	2291	2292	2293	2294	2295	2296	16341	16342	16343	16344	拼命第一式。使用之后可以对近身多个敌人造成巨大伤害。	1	0.1	50	10	1	0
449	519	5	金石俱焚	FightSkillXinXiu2_3	30	0	0	0	0	1	36	0	-1	0	2	68	吟唱xx	身体中心点			629	-1	0	0	0	0	-1	-1	-1	-1	-1	-1	1	1	-1		-1	0	300	-1	-1	1	0	-1	0	0	0	100	-1	0	-1	0	0	0	0	0	0	2297	2298	2299	2300	2301	2302	2303	2304	2305	2306	2307	2308	16351	16352	16353	16354	拼命第二式。使用之后可以使你不再受到昏迷、围困状态的影响。	1	0.1	50	10	1	0
450	520	5	天地同寿	FightSkillXinXiu2_4	60	0	1	1	1	1	36	0	-1	0	2	69	吟唱xx	身体中心点			630	-1	0	0	0	1	-1	-1	-1	-1	-1	-1	1	1	103	身体受击点	-1	5	300	0	15	-1	1	-1	0	0	0	100	-1	0	-1	0	0	0	2	2	0	2309	2310	2311	2312	2313	2314	2315	2316	2317	2318	2319	2320	16361	16362	16363	16364	拼命第三式。使用之后可以对目标发动毁灭性的打击，使其陷入灭顶之灾。	1	0.1	50	10	1	0
451	521	5	化骨绵掌	FightSkillXinXiu2_5	1	0	1	1	1	1	60	0	1	0	2	70	吟唱xx	身体中心点			712	-1	0	0	0	1	-1	-1	-1	-1	-1	-1	0	1	111	身体受击点	-1	5	300	0	15	-1	1	-1	0	0	0	-1	-1	1	-1	0	0	0	2	2	0	2321	2322	2323	2324	2325	2326	2327	2328	2329	2330	2331	2332	16391	16392	16393	16394	江湖上谈之色变的神功，化功大法中的绝技。使用之后可以对目标发动腐筋蚀骨的一击，并使其力量和灵气降低。	1	0.1	50	10	1	0
452	522	5	百毒不侵	FightSkillXinXiu2_6	1	0	0	1	1	1	31	0	-1	0	2	71	吟唱xx	身体中心点			703	-1	0	0	0	1	-1	-1	-1	-1	-1	-1	1	1	-1		-1	5	1200	0	15	1	0	-1	0	0	0	100	-1	0	-1	0	0	0	0	0	0	2333	2334	2335	2336	2337	2338	2339	2340	2341	2342	2343	2344	16401	16402	16403	16404	星宿弟子给予朋友的关怀，使用之后可以提升友方目标的抗毒能力。	1	0.1	50	10	1	0
453	523	5	化血神毒	FightSkillXinXiu2_7	1	0	0	1	1	1	60	0	-1	0	2	71	吟唱xx	身体中心点			703	-1	0	0	0	1	-1	-1	-1	-1	-1	-1	0	1	-1		-1	5	1200	0	15	1	0	-1	0	0	0	100	-1	0	-1	0	0	0	0	0	0	2345	2346	2347	2348	2349	2350	2351	2352	2353	2354	2355	2356	16411	16412	16413	16414	星宿弟子给予朋友的关怀，使用之后可以提升友方目标的技能伤害。	1	0.1	50	10	1	0
454	454	5	含笑半步癫	FightSkillXinXiu2_8	1	0	1	1	1	1	60	0	1	0	2	72	吟唱xx	身体中心点			731	-1	0	0	0	1	-1	-1	-1	-1	-1	-1	0	1	-1		-1	5	300	0	15	-1	1	-1	0	0	0	100	-1	0	-1	0	0	0	2	2	0	20301	20302	20303	20304	20305	20306	20307	20308	20309	20310	20311	20312	20313	20314	20315	20316	星宿最强的毒功，吞噬中毒者的功力。中毒者会间歇的受到封穴效果。	1	0.1	50	10	1	0
455	501	5	一日丧命散	FightSkillXinXiu2_9	1	0	1	1	1	1	60	0	1	0	2	73	吟唱xx	身体中心点			739	-1	0	0	0	1	-1	-1	-1	-1	-1	-1	0	1	124	身体受击点	-1	5	600	0	15	-1	1	-1	0	0	0	100	-1	0	-1	0	0	0	2	2	1000	21317	21318	21319	21320	21321	21322	21323	21324	21325	21326	21327	21328	21329	21330	21331	21332	星宿最阴毒的毒药。中毒者会给自己的盟友带来一片混乱。	1	0.1	50	10	1	0
456	502	5	荒野幽魂	FightSkillshipotianjing_10	1	0	1	1	1	1	77	0	1	0	2	133	吟唱xx	身体中心点			790	-1	0	0	0	1	-1	-1	-1	-1	-1	-1	0	1	151	身体受击点	-1	5	600	0	15	-1	1	-1	0	0	0	100	-1	0	-1	0	0	0	2	2	1000	2357	2358	2359	2360	2361	2362	2363	2364	2365	2366	2367	2368	2369	2370	2371	2372	武林至高绝学，根据自己的心法、修炼评分与目标的心法、修炼的评分差值决定所能造成的伤害。	1	0.1	50	10	1	0
457	503	5	黯幡困灵	FightSkillkunxiansuo_10	1	0	1	1	1	1	77	0	1	0	2	130	吟唱xx	身体中心点			789	-1	0	0	0	1	-1	-1	-1	-1	-1	-1	0	1	150	身体受击点	-1	5	600	0	15	-1	1	-1	0	0	0	100	-1	0	-1	0	0	0	2	2	1000	2373	2374	2375	2376	2377	2378	2379	2380	2381	2382	2383	2384	2385	2386	2387	2388	武林至高绝学，根据自己的心法、修炼评分与目标的心法、修炼的评分差值决定你对目标的强力控制时间。	1	0.1	50	10	1	0
461	601	6	正阳手	FightSkillDaLi_1	1	1	1	1	1	1	37	0	1	0	2	-1	吟唱dl	身体中心点			631	-1	0	0	0	1	-1	-1	-1	-1	-1	-1	1	1	95	身体受击点	-1	5	800	0	15	-1	1	-1	0	0	1	-1	-1	0	-1	0	0	0	2	1	1000	2441	2442	2443	2444	2445	2446	2447	2448	2449	2450	2451	2452	16421	16422	16423	16424	天龙弟子的入门功夫。使用之后可以连续对目标造成伤害。	0	0.1	50	10	1	0
462	602	6	三阳开泰	FightSkillDaLi_2	10	0	1	1	1	1	37	0	-1	0	1	53	吟唱dl	身体中心点		632	632	-1	0	0	0	0	-1	-1	-1	-1	-1	-1	1	1	-1		-1	4	600	-1	-1	-1	1	-1	0	1000	0	100	-1	0	-1	5	360	4	2	0	0	2453	2454	2455	2456	2457	2458	2459	2460	2461	2462	2463	2464	16431	16432	16433	16434	天龙绝技之一，是本相大师的得意功夫。使用之后可以对近身多个敌人造成大量伤害。	1	0.1	50	10	1	0
463	603	6	一阳指	FightSkillDaLi_3	45	0	1	1	1	1	38	0	1	0	2	54	吟唱dl	身体中心点			633	-1	0	0	0	1	-1	-1	-1	-1	-1	-1	1	1	11	身体受击点	-1	5	600	0	15	-1	1	-1	0	0	0	-1	-1	0	-1	0	0	0	2	2	1000	2465	2466	2467	2468	2469	2470	2471	2472	2473	2474	2475	2476	16441	16442	16443	16444	大理段氏武学的象征。使用之后可以对对目标造成巨大伤害。	1	0.1	50	10	1	0
464	604	6	衔枚疾走	FightSkillDaLi_4	20	0	0	1	1	1	38	0	-1	0	2	55	吟唱dl	身体中心点			634	-1	0	0	0	0	-1	-1	-1	-1	-1	-1	1	1	-1		-1	0	300	-1	-1	1	0	-1	0	0	0	100	-1	0	-1	0	0	0	0	0	0	2477	2478	2479	2480	2481	2482	2483	2484	2485	2486	2487	2488	16451	16452	16453	16454	源自段思平行军时所用的兵法。使用之后可以使你的移动速度大幅提高。	1	0.1	50	10	1	0
465	605	6	八门金锁	FightSkillDaLi_5	30	0	1	1	1	1	38	0	1	0	2	56	吟唱dl	身体中心点			635	-1	0	0	0	1	-1	-1	-1	-1	-1	-1	1	1	-1		-1	5	300	0	15	-1	1	-1	0	0	0	-1	-1	0	-1	0	0	0	2	2	1000	2489	2490	2491	2492	2493	2494	2495	2496	2497	2498	2499	2500	16461	16462	16463	16464	源自段思平布阵时所用的兵法。使用之后可以使目标陷入定身状态。	1	0.1	50	10	1	0
466	606	6	以逸待劳	FightSkillDaLi_6	40	0	0	1	1	1	38	0	-1	0	2	57	吟唱dl	身体中心点			636	-1	0	0	0	0	-1	-1	-1	-1	-1	-1	1	1	-1		-1	4	1200	-1	-1	1	0	-1	1	0	0	100	-1	0	-1	7	360	12	0	0	0	2501	2502	2503	2504	2505	2506	2507	2508	2509	2510	2511	2512	16471	16472	16473	16474	源自段思平野战时所用的兵法。使用之后可以提升附近队友的命中率。	1	0.1	50	10	1	0
467	607	6	指点江山	FightSkillDaLi_7	10	0	1	1	1	1	39	0	1	0	2	58	吟唱dl	身体中心点			637	-1	0	0	0	1	-1	-1	-1	-1	-1	-1	1	1	-1		-1	5	300	0	15	-1	1	-1	0	0	0	100	-1	0	-1	0	0	0	2	2	1000	2513	2514	2515	2516	2517	2518	2519	2520	2521	2522	2523	2524	16481	16482	16483	16484	天龙绝技之一，是本因方丈的得意功夫。使用之后可以给目标加上天龙标记，使其被击中时受到额外的伤害。	1	0.1	50	10	1	0
468	608	6	天罡正气	FightSkillDaLi_8	30	0	0	1	1	1	39	0	-1	0	2	59	吟唱dl	身体中心点			638	-1	0	0	0	0	-1	-1	-1	-1	-1	-1	1	1	-1		-1	0	1200	-1	-1	1	0	-1	0	0	0	100	-1	0	-1	0	0	0	0	0	0	2525	2526	2527	2528	2529	2530	2531	2532	2533	2534	2535	2536	16491	16492	16493	16494	凛凛天罡正气，何惧邪魔外道。使用之后可以提升你的所有抗性。	1	0.1	50	10	1	0
469	609	6	静影沉璧	FightSkillDaLi_9	40	0	1	1	1	1	39	0	1	0	2	60	吟唱dl	身体中心点			639	-1	0	0	0	1	-1	-1	-1	-1	-1	-1	1	1	8	身体受击点	-1	5	300	0	15	-1	1	-1	0	0	0	100	-1	0	-1	0	0	0	2	2	1000	2537	2538	2539	2540	2541	2542	2543	2544	2545	2546	2547	2548	16501	16502	16503	16504	天龙绝技之一，是本观大师的得意功夫。使用之后可以对目标造成伤害，并使其损失大量的气。	1	0.1	50	10	1	0
470	610	6	涂漆术	FightSkillDaLi_10	1	0	0	0	0	0	40	0	-1	0	2	-1					-1	-1	0	0	1	0	-1	-1	-1	-1	-1	-1	1	1	-1		-1	0	0	-1	-1	1	0	0	0	0	0	100	0	0	-1	0	0	0	0	0	0	2549	2550	2551	2552	2553	2554	2555	2556	2557	2558	2559	2560	16541	16542	16543	16544	使你从防具中获得的内、外功防御力大幅提高。	0	0.1	50	10	1	0
471	611	6	欲擒故纵	FightSkillDaLi_11	1	0	1	1	1	1	40	0	1	0	2	61	吟唱dl	身体中心点			640	-1	0	0	0	1	-1	-1	-1	-1	-1	-1	1	1	89	身体受击点	-1	5	600	0	15	-1	1	-1	0	0	0	-1	-1	0	-1	0	0	0	2	2	1000	2561	2562	2563	2564	2565	2566	2567	2568	2569	2570	2571	2572	16511	16512	16513	16514	天龙绝技之一，是本参大师的得意功夫。使用之后可以对目标造成大量伤害，并使其陷入破绽状态。	1	0.1	50	10	1	0
472	612	6	截拳式	FightSkillDaLi_12	30	0	0	1	1	1	40	0	1	0	0	62	吟唱dl	身体中心点		641	642	-1	0	0	0	0	-1	-1	-1	-1	-1	-1	1	1	-1		-1	0	300	-1	-1	1	0	-1	0	0	0	100	-1	0	-1	0	0	0	0	0	0	2573	2574	2575	2576	2577	2578	2579	2580	2581	2582	2583	2584	16521	16522	16523	16524	气度雍容，处乱不惊。使用之后使你摆出防御型姿态。	1	0.1	50	10	1	0
473	613	6	白虹贯日	FightSkillDaLi_13	50	0	0	1	1	1	40	0	1	0	2	63	吟唱dl	身体中心点			643	-1	0	0	0	0	-1	-1	-1	-1	-1	-1	1	1	-1		-1	0	300	-1	-1	1	0	-1	0	0	0	100	-1	0	-1	0	0	0	0	0	0	2585	2586	2587	2588	2589	2590	2591	2592	2593	2594	2595	2596	16531	16532	16533	16534	君王临阵，白虹贯日。使用之后可以解除你受到的破绽效果。只有在截拳式姿态下才能使用。	1	0.1	50	10	1	0
474	614	6	磨砺术	FightSkillDaLi_14	1	0	0	0	0	0	41	0	-1	0	2	-1					-1	-1	0	0	1	0	-1	-1	-1	-1	-1	-1	1	1	-1		-1	0	0	-1	-1	1	0	0	0	0	0	100	0	0	-1	0	0	0	0	0	0	2597	2598	2599	2600	2601	2602	2603	2604	2605	2606	2607	2608	16551	16552	16553	16554	使你从扇、环类武器中获得的内、外功攻击力大幅提高。	0	0.1	50	10	1	0
475	615	6	雪拥蓝关	FightSkillDaLi_15	1	0	1	1	1	1	41	0	1	0	2	64	吟唱dl	身体中心点			644	-1	0	0	0	1	-1	-1	-1	-1	-1	-1	1	1	90	身体受击点	-1	5	600	0	15	-1	1	-1	0	0	0	-1	-1	0	-1	0	0	0	2	2	1000	2609	2610	2611	2612	2613	2614	2615	2616	2617	2618	2619	2620	16561	16562	16563	16564	天龙绝技之一，是本因方丈的得意功夫。使用之后可以对目标造成大量伤害，并使其陷入封穴状态。	1	0.1	50	10	1	0
476	616	6	破剑式	FightSkillDaLi_16	30	0	0	1	1	1	41	0	-1	0	0	62	吟唱dl	身体中心点		645	646	-1	0	0	0	0	-1	-1	-1	-1	-1	-1	1	1	-1		-1	0	300	-1	-1	1	0	-1	0	0	0	100	-1	0	-1	0	0	0	0	0	0	2621	2622	2623	2624	2625	2626	2627	2628	2629	2630	2631	2632	16571	16572	16573	16574	王者风范，势如破竹。使用之后使你摆出攻击型姿态。	1	0.1	50	10	1	0
477	617	6	金玉满堂	FightSkillDaLi1_1	50	0	0	1	1	1	41	0	-1	0	2	66	吟唱dl	身体中心点			647	-1	0	0	0	0	-1	-1	-1	-1	-1	-1	1	1	-1		-1	0	1200	-1	-1	1	0	-1	0	0	0	100	-1	0	-1	0	0	0	0	0	0	2633	2634	2635	2636	2637	2638	2639	2640	2641	2642	2643	2644	16581	16582	16583	16584	君王之礼，金玉满堂。使用之后可以提升你的会心一击率。只有在破剑式姿态下才能使用。	1	0.1	50	10	1	0
478	618	6	万岳朝宗	FightSkillDaLi1_2	10	0	1	1	1	1	42	0	1	0	2	67	吟唱dl	身体中心点			648	-1	0	0	0	1	-1	-1	-1	-1	-1	-1	1	1	99	身体受击点	-1	5	300	0	15	-1	1	-1	0	0	0	-1	-1	0	-1	0	0	0	2	2	1000	2645	2646	2647	2648	2649	2650	2651	2652	2653	2654	2655	2656	16591	16592	16593	16594	真气纵横捭阖，如高山仰止，令万岳朝宗。使用之后可以对目标发动充满王霸之气的一击。	1	0.1	50	10	1	0
479	619	6	非枯非荣	FightSkillDaLi1_3	30	0	0	0	0	1	42	0	-1	0	2	68	吟唱dl	身体中心点			649	-1	0	0	0	0	-1	-1	-1	-1	-1	-1	1	1	-1		-1	0	300	-1	-1	1	0	-1	0	0	0	100	-1	0	-1	0	0	0	0	0	0	2657	2658	2659	2660	2661	2662	2663	2664	2665	2666	2667	2668	16601	16602	16603	16604	天龙绝技之一，是枯荣大师的得意武功。使用之后可以使你不再受到散功、封穴状态的影响。	1	0.1	50	10	1	0
480	620	6	百步穿杨	FightSkillDaLi1_4	60	0	0	1	1	1	42	0	-1	0	2	69	吟唱dl	身体中心点			650	-1	0	0	0	0	-1	-1	-1	-1	-1	-1	1	1	-1		-1	0	300	-1	-1	1	0	-1	0	0	0	100	-1	0	-1	0	0	0	0	0	0	2669	2670	2671	2672	2673	2674	2675	2676	2677	2678	2679	2680	16611	16612	16613	16614	天龙真气激荡全身，如百步穿杨，例不虚发。使用之后可以使你所有技能的命中率提升到极致。	1	0.1	50	10	1	0
481	621	6	少泽剑	FightSkillDaLi1_5	1	0	1	1	1	1	61	0	1	0	2	70	吟唱dl	身体中心点			713	-1	0	0	0	1	-1	-1	-1	-1	-1	-1	0	1	-1		-1	5	300	0	15	-1	1	-1	0	0	0	-1	-1	1	-1	0	0	0	2	2	0	2681	2682	2683	2684	2685	2686	2687	2688	2689	2690	2691	2692	16621	16622	16623	16624	天下第一剑法六脉神剑中最灵活的一剑。使用之后可以对目标发动石破天惊的一击，并使其陷入破绽状态。	1	0.1	50	10	1	0
482	622	6	正气浩然	FightSkillDaLi1_6	1	0	0	1	1	1	37	0	-1	0	2	71	吟唱dl	身体中心点			704	-1	0	0	0	1	-1	-1	-1	-1	-1	-1	1	1	-1		-1	5	1200	0	15	1	0	-1	0	0	0	100	-1	0	-1	0	0	0	0	0	0	2693	2694	2695	2696	2697	2698	2699	2700	2701	2702	2703	2704	16631	16632	16633	16634	天龙弟子给予朋友的关怀，使用之后可以提升友方目标的抗玄能力。	1	0.1	50	10	1	0
483	623	6	商阳剑(废)	FightSkillDaLi1_7	1	0	0	1	1	1	61	0	-1	0	2	72	吟唱dl	身体中心点			704	-1	0	0	0	1	-1	-1	-1	-1	-1	-1	0	1	-1		-1	5	1200	0	15	1	0	-1	0	0	0	100	-1	0	-1	0	0	0	0	0	0	2705	2706	2707	2708	2709	2710	2711	2712	2713	2714	2715	2716	16641	16642	16643	16644	天龙弟子给予朋友的关怀，使用之后可以提升友方目标的技能伤害。	1	0.1	50	10	1	0
484	624	6	中冲剑	FightSkillDaLi1_8	30	0	0	1	1	1	61	0	1	0	0	73	吟唱dl	身体中心点		716	717	-1	0	0	0	1	-1	-1	-1	-1	-1	-1	0	1	-1		-1	5	300	0	15	-1	1	-1	0	0	0	100	-1	1	-1	0	0	0	2	2	100	2717	2718	2719	2720	2721	2722	2723	2724	2725	2726	2727	2728	16651	16652	16653	16654	天下第一剑法六脉神剑中最具威力的一剑。积攒气力之后可以对目标发动石破天惊的一击。	1	0.1	50	10	1	0
487	624	6	商阳剑	FightSkillDaLi1_12	1	0	1	1	1	1	61	0	1	0	2	73	吟唱dl	身体中心点			728	-1	0	0	0	1	-1	-1	-1	-1	-1	-1	0	1	-1		-1	5	300	0	15	-1	1	-1	0	0	0	-1	-1	1	-1	0	0	0	2	2	0	20401	20402	20403	20404	20405	20406	20407	20408	20409	20410	20411	20412	20413	20414	20415	20416	六脉神剑中最凶猛的一剑。中剑者的经脉会被剑劲所噬，若不疾走将剑劲散出，将受到极大损伤。	1	0.1	50	10	1	0
488	624	6	中冲剑	FightSkillDaLi2_1	1	0	1	1	1	1	61	0	1	0	2	118	吟唱dl	身体中心点			736	-1	0	0	0	1	-1	-1	-1	-1	-1	-1	0	1	123	身体受击点	-1	5	300	0	15	-1	1	-1	0	0	0	100	-1	1	-1	0	0	0	2	2	0	20417	20418	20419	20420	20421	20422	20423	20424	20425	20426	20427	20428	20429	20430	20431	20432	大理段氏的武功传世绝学，运功后以右手中指点穴，出指可缓可快。与敌挣搏凶险之际，用此指法可破坏敌之抗性平衡，实为克敌保身的妙术。	1	0.1	50	10	1	0
489	624	6	黄龙怒鸣	FightSkillshipotianjing_5	1	0	1	1	1	1	78	0	1	0	2	133	吟唱dl	身体中心点			792	-1	0	0	0	1	-1	-1	-1	-1	-1	-1	0	1	153	身体受击点	-1	5	600	0	15	-1	1	-1	0	0	0	100	-1	0	-1	0	0	0	2	2	1000	2766	2767	2768	2769	2770	2771	2772	2773	2774	2775	2776	2777	2778	2779	2780	2781	武林至高绝学，根据自己的心法、修炼评分与目标的心法、修炼的评分差值决定所能造成的伤害。	1	0.1	50	10	1	0
490	624	6	龙盘斗里	FightSkillkunxiansuo_5	1	0	1	1	1	1	78	0	1	0	2	130	吟唱dl	身体中心点			791	-1	0	0	0	1	-1	-1	-1	-1	-1	-1	0	1	152	身体受击点	-1	5	600	0	15	-1	1	-1	0	0	0	100	-1	0	-1	0	0	0	2	2	1000	2782	2783	2784	2785	2786	2787	2788	2789	2790	2791	2792	2793	2794	2795	2796	2797	武林至高绝学，根据自己的心法、修炼评分与目标的心法、修炼的评分差值决定你对目标的强力控制时间。	1	0.1	50	10	1	0
491	701	7	雁南飞	FightSkillTianShan_1	1	1	1	1	1	1	43	0	0	0	2	-1					651	-1	0	0	0	1	-1	-1	-1	-1	-1	-1	1	1	-1		-1	5	800	0	2	-1	1	-1	0	0	1	-1	-1	0	-1	0	0	0	2	1	400	2801	2802	2803	2804	2805	2806	2807	2808	2809	2810	2811	2812	16681	16682	16683	16684	天山弟子的入门功夫。使用之后可以连续对目标造成伤害。	0	0.1	50	10	1	0
492	702	7	鹰击长空	FightSkillTianShan_2	10	0	1	1	1	1	43	0	-1	0	2	53	吟唱ts	身体中心点			652	-1	0	0	0	0	-1	-1	-1	-1	-1	-1	1	1	-1		-1	4	1600	-1	-1	-1	1	-1	0	0	0	95	-1	0	-1	5	360	10	2	0	800	2813	2814	2815	2816	2817	2818	2819	2820	2821	2822	2823	2824	16691	16692	16693	16694	天山绝技之一，如苍鹰展翅搏击长空。使用之后可以对近身多个敌人造成大量伤害。	1	0.1	50	10	1	0
493	703	7	凤舞九天	FightSkillTianShan_3	45	0	1	1	1	1	44	0	0	0	2	54	吟唱ts	身体中心点			653	-1	0	0	0	1	-1	-1	-1	-1	-1	-1	1	1	-1		-1	5	1200	0	2	-1	1	-1	0	0	0	-1	-1	0	-1	0	0	0	2	2	600	2825	2826	2827	2828	2829	2830	2831	2832	2833	2834	2835	2836	16701	16702	16703	16704	天山绝技之一，如凤凰翱翔于九天之上。使用之后可以对目标造成大量冰属性伤害。	1	0.1	50	10	1	0
494	704	7	白驹过隙	FightSkillTianShan_4	20	0	0	1	1	1	44	0	-1	0	2	55	吟唱ts	身体中心点			654	-1	0	0	0	0	-1	-1	-1	-1	-1	-1	1	1	-1		-1	0	300	-1	-1	1	0	-1	0	0	0	100	-1	0	-1	0	0	0	0	0	0	2837	2838	2839	2840	2841	2842	2843	2844	2845	2846	2847	2848	16711	16712	16713	16714	弹指一挥间，白驹过隙时。使用之后可以使你凭虚御风，移动速度大幅提高。	1	0.1	50	10	1	0
495	705	7	铁锁横江	FightSkillTianShan_5	30	0	1	1	1	1	44	0	0	0	2	56	吟唱ts	身体中心点			655	-1	0	0	0	1	-1	-1	-1	-1	-1	-1	1	1	-1		-1	5	300	0	2	-1	1	-1	0	0	0	-1	-1	0	-1	0	0	0	2	0	150	2849	2850	2851	2852	2853	2854	2855	2856	2857	2858	2859	2860	16721	16722	16723	16724	千寻铁锁沉江底，一片降帆出石头。使用之后可以使你的目标陷入定身状态。	1	0.1	50	10	1	0
496	706	7	十面埋伏	FightSkillTianShan_6	40	0	0	1	1	1	44	0	-1	0	0	57	吟唱ts	身体中心点		656	657	-1	0	0	0	0	-1	-1	-1	-1	-1	-1	1	1	-1		-1	4	300	-1	-1	1	0	-1	1	0	0	100	-1	0	-1	7	360	12	1	0	0	2861	2862	2863	2864	2865	2866	2867	2868	2869	2870	2871	2872	16731	16732	16733	16734	即令对手强似霸王，也会在十面埋伏之下灰飞烟灭。使用之后可以使附近队友获得隐身状态。	1	0.1	50	10	1	0
497	707	7	金蝉脱壳	FightSkillTianShan_7	20	0	0	1	1	1	45	0	-1	0	0	58	吟唱ts	身体中心点		658	659	-1	0	0	0	0	-1	-1	-1	-1	-1	-1	1	1	-1		-1	0	300	-1	-1	1	0	-1	0	0	0	100	-1	0	-1	0	0	0	1	0	0	2873	2874	2875	2876	2877	2878	2879	2880	2881	2882	2883	2884	16741	16742	16743	16744	隐蔽自己的身形与气息，如金蝉脱壳而去。使用之后可以使你获得隐身状态。	1	0.1	50	10	1	0
498	708	7	移花接木	FightSkillTianShan_8	30	0	0	1	1	1	45	0	-1	0	2	59	吟唱ts	身体中心点			660	-1	0	0	0	0	-1	-1	-1	-1	-1	-1	1	1	-1		-1	0	300	-1	-1	1	0	-1	0	0	0	100	-1	0	-1	0	0	0	0	0	0	2885	2886	2887	2888	2889	2890	2891	2892	2893	2894	2895	2896	16671	16672	16673	16674	天山绝技之一，是天山童姥的得意功夫。使用之后可以使你的攻击对目标附近的敌人也造成伤害。	1	0.1	50	10	1	0
499	709	7	兰花点穴手	FightSkillTianShan_9	40	0	1	1	1	1	45	0	-1	0	2	60	吟唱ts	身体中心点			661	-1	0	0	0	1	-1	-1	-1	-1	-1	-1	1	1	-1		-1	5	300	0	2	-1	1	-1	0	0	0	-1	-1	0	-1	0	0	0	2	0	0	2897	2898	2899	2900	2901	2902	2903	2904	2905	2906	2907	2908	16661	16662	16663	16664	宛如一阵兰花的清香随风而至，制敌于不知不觉之间。使用之后可以使你的目标陷入封穴状态。只有在隐身状态下才能使用。	1	0.1	50	10	1	0
500	710	7	凝霜甲	FightSkillTianShan_10	1	0	0	0	0	0	46	0	-1	0	2	-1						-1	0	0	1	0	-1	-1	-1	-1	-1	-1	1	1	-1		-1	0	0	-1	-1	1	0	0	0	0	0	100	0	0	-1	0	0	0	0	0	0	2909	2910	2911	2912	2913	2914	2915	2916	2917	2918	2919	2920	16751	16752	16753	16754	使你从防具中获得的外功防御力大幅提高。	0	0.1	50	10	1	0
501	711	7	雪花六出	FightSkillTianShan_11	1	0	1	1	1	1	46	0	0	0	2	61	吟唱ts	身体中心点			662	-1	0	0	0	1	-1	-1	-1	-1	-1	-1	1	1	-1		-1	5	1200	0	2	-1	1	-1	0	0	0	80	-1	0	-1	0	0	0	2	2	600	2921	2922	2923	2924	2925	2926	2927	2928	2929	2930	2931	2932	16761	16762	16763	16764	寒冷澈骨的一击。使用之后可以对目标造成大量伤害，并使你的会心一击率提高。	1	0.1	50	10	1	0
502	712	7	融雪式	FightSkillTianShan_12	30	0	0	1	1	1	46	0	-1	0	0	62	吟唱ts	身体中心点		663	664	-1	0	0	0	0	-1	-1	-1	-1	-1	-1	1	1	-1		-1	0	300	-1	-1	1	0	-1	0	0	0	100	-1	0	-1	0	0	0	0	0	0	2933	2934	2935	2936	2937	2938	2939	2940	2941	2942	2943	2944	16771	16772	16773	16774	六阳融雪功的真气运行心法。使用之后可以使你摆出防御型姿态。	1	0.1	50	10	1	0
503	713	7	踏雪无痕	FightSkillTianShan_13	50	0	0	1	1	1	46	0	-1	0	2	63	吟唱ts	身体中心点			665	-1	0	0	0	6	-1	-1	-1	-1	-1	-1	1	1	-1		-1	0	300	0	20	1	0	-1	0	0	0	100	-1	0	-1	0	0	0	0	0	0	2945	2946	2947	2948	2949	2950	2951	2952	2953	2954	2955	2956	16781	16782	16783	16784	天山绝技之一，是天山童姥的得意功夫。使用之后可以使你瞬间移动到你选定的位置，并获得隐身状态。只有在融雪式姿态下才能使用。	1	0.1	50	10	1	0
504	714	7	疏影扇	FightSkillTianShan_14	1	0	0	0	0	0	47	0	-1	0	2	-1						-1	0	0	1	0	-1	-1	-1	-1	-1	-1	1	1	-1		-1	0	0	-1	-1	1	0	0	0	0	0	100	0	0	-1	0	0	0	0	0	0	2957	2958	2959	2960	2961	2962	2963	2964	2965	2966	2967	2968	16791	16792	16793	16794	使你从扇、环类武器中获得的外功攻击力大幅提高。	0	0.1	50	10	1	0
505	715	7	梅花三弄	FightSkillTianShan_15	1	0	1	1	1	1	47	0	0	0	2	64	吟唱ts	身体中心点			666	-1	0	0	0	1	-1	-1	-1	-1	-1	-1	1	1	-1		-1	5	1200	0	2	-1	1	-1	0	0	0	80	-1	0	-1	0	0	0	2	2	600	2969	2970	2971	2972	2973	2974	2975	2976	2977	2978	2979	2980	16801	16802	16803	16804	快若惊鸿的一击。使用之后可以对目标造成大量伤害，并使其陷入僵硬状态。	1	0.1	50	10	1	0
506	716	7	折梅式	FightSkillTianShan_16	30	0	0	1	1	1	47	0	-1	0	0	62	吟唱ts	身体中心点		667	668	-1	0	0	0	0	-1	-1	-1	-1	-1	-1	1	1	-1		-1	0	300	-1	-1	1	0	-1	0	0	0	100	-1	0	-1	0	0	0	0	0	0	2981	2982	2983	2984	2985	2986	2987	2988	2989	2990	2991	2992	16811	16812	16813	16814	天山折梅手的真气运行心法。使用之后可以使你摆出攻击型姿态。	1	0.1	50	10	1	0
507	717	7	寒梅怒放	FightSkillTianShan1_1	50	1	1	1	1	1	47	0	0	0	2	66	吟唱ts	身体中心点			669	-1	0	0	0	1	-1	-1	-1	-1	-1	-1	1	1	80	身体受击点	-1	5	1200	0	15	-1	1	-1	0	0	0	-1	-1	0	-1	0	0	0	2	0	1000	2993	2994	2995	2996	2997	2998	2999	3000	3001	3002	3003	3004	16821	16822	16823	16824	天山绝技之一，是天山童姥的得意功夫。使用之后有一定的机会发动连击。	1	0.1	50	10	1	0
508	718	7	阳歌天钧	FightSkillTianShan1_2	10	1	1	1	1	1	48	0	0	0	2	67	吟唱ts	身体中心点			670	-1	0	0	0	1	-1	-1	-1	-1	-1	-1	1	1	-1		-1	5	300	0	2	-1	1	-1	0	0	0	80	-1	0	-1	0	0	0	2	2	150	3005	3006	3007	3008	3009	3010	3011	3012	3013	3014	3015	3016	16831	16832	16833	16834	天山六阳掌第一式。使用之后可以直接对目标造成巨大伤害。	1	0.1	50	10	1	0
509	719	7	阳春白雪	FightSkillTianShan1_3	30	0	0	0	0	1	48	0	-1	0	2	68	吟唱ts	身体中心点			671	-1	0	0	0	0	-1	-1	-1	-1	-1	-1	1	1	-1		-1	0	300	-1	-1	1	0	-1	0	0	0	100	-1	0	-1	0	0	0	0	0	0	3017	3018	3019	3020	3021	3022	3023	3024	3025	3026	3027	3028	16841	16842	16843	16844	天山六阳掌第三式。使用之后可以使你不再受到失明状态的影响。	1	0.1	50	10	1	0
510	720	7	阳关三叠	FightSkillTianShan1_4	60	0	0	1	1	1	48	0	-1	0	2	69	吟唱ts	身体中心点			672	-1	0	0	0	0	-1	-1	-1	-1	-1	-1	1	1	-1		-1	0	300	-1	-1	1	0	-1	0	0	0	100	-1	0	-1	0	0	0	0	0	0	3029	3030	3031	3032	3033	3034	3035	3036	3037	3038	3039	3040	16851	16852	16853	16854	天山六阳掌第六式。使用之后可以使你所有技能的会心一击率提升到极致。	1	0.1	50	10	1	0
511	721	7	同生共死	FightSkillTianShan1_5	1	0	1	1	1	1	62	0	1	0	2	70	吟唱ts	身体中心点			714	-1	0	0	0	1	-1	-1	-1	-1	-1	-1	0	1	108	身体受击点	-1	5	1200	0	15	-1	1	-1	0	0	0	-1	-1	1	-1	0	0	0	2	2	1000	3041	3042	3043	3044	3045	3046	3047	3048	3049	3050	3051	3052	16861	16862	16863	16864	令江湖人士闻风丧胆的生死符绝学。使用之后可以对目标发动求生不得，求死不能的一击，并使其陷入封穴状态。但你会因此损失一定的血。	1	0.1	50	10	1	0
512	722	7	冰肌玉骨	FightSkillTianShan1_6	1	0	0	1	1	1	43	0	-1	0	2	71	吟唱ts	身体中心点			705	-1	0	0	0	1	-1	-1	-1	-1	-1	-1	1	1	-1		-1	5	1200	0	15	1	0	-1	0	0	0	100	-1	0	-1	0	0	0	0	0	0	3053	3054	3055	3056	3057	3058	3059	3060	3061	3062	3063	3064	16871	16872	16873	16874	天山弟子给予朋友的关怀，使用之后可以提升友方目标的抗冰能力。	1	0.1	50	10	1	0
513	723	7	天地明灭	FightSkillTianShan1_7	1	0	0	1	1	1	62	0	-1	0	2	72	吟唱ts	身体中心点			705	-1	0	0	0	1	-1	-1	-1	-1	-1	-1	0	1	-1		-1	5	1200	0	15	1	0	-1	0	0	0	100	-1	0	-1	0	0	0	0	0	0	3065	3066	3067	3068	3069	3070	3071	3072	3073	3074	3075	3076	16881	16882	16883	16884	天山弟子给予朋友的关怀，使用之后可以提升友方目标的技能伤害。	1	0.1	50	10	1	0
514	724	7	柳暗花明	MenpaiLiveSkill2_10	1	0	0	1	1	1	45	0	-1	0	0	73	吟唱ts	身体中心点		656	705	-1	0	0	0	1	-1	-1	-1	-1	-1	-1	0	1	-1		-1	5	1200	0	15	1	0	-1	1	0	0	100	-1	0	-1	0	0	0	0	0	0	3077	3078	3079	3080	3081	3082	3083	3084	3085	3086	3087	3088	16891	16892	16893	16894	天山弟子给予朋友的关怀，使用之后可以令友方目标隐身。	1	1	100	0	1	0
515	725	7	天地明灭	FightSkillTianShan1_8	1	1	1	1	1	1	62	0	1	0	2	72	吟唱ts	身体中心点			729	-1	0	0	0	1	-1	-1	-1	-1	-1	-1	0	1	-1		-1	5	1200	0	15	0	-1	0	0	0	0	100	-1	0	-1	0	0	0	2	2	500	20701	20702	20703	20704	20705	20706	20707	20708	20709	20710	20711	20712	20713	20714	20715	20716	天山神技，以超绝的速度，将自己与目标互换位置。	1	0.1	50	10	1	0
516	726	7	冰凝霜华	FightSkillTianShan1_9	1	0	1	1	1	1	62	0	-1	0	2	118	吟唱ts	身体中心点			742	-1	0	0	0	1	-1	-1	-1	-1	-1	-1	0	1	-1		-1	5	300	0	2	-1	-1	-1	0	0	0	100	-1	0	-1	0	0	0	1	0	0	21101	21102	21103	21104	21105	21106	21107	21108	21109	21110	21111	21112	21113	21114	21115	21116	天山神技，制敌于不知不觉之间。使用之后可以使你的目标陷入冷冻状态。只有在隐身状态下才能使用。	1	0.1	50	10	1	0
517	727	7	洪涛碧浪	FightSkillshipotianjing_7	1	0	1	1	1	1	79	0	0	0	2	133	吟唱ts	身体中心点			794	-1	0	0	0	1	-1	-1	-1	-1	-1	-1	0	1	-1		-1	5	300	0	2	-1	1	-1	0	0	0	100	-1	0	-1	0	0	0	2	2	150	3089	3090	3091	3092	3093	3094	3095	3096	3097	3098	3099	3100	3101	3102	3103	3104	武林至高绝学，根据自己的心法、修炼评分与目标的心法、修炼的评分差值决定所能造成的伤害。	1	0.1	50	10	1	0
518	728	7	泗水围城	FightSkillkunxiansuo_7	1	0	1	1	1	1	79	0	0	0	2	130	吟唱ts	身体中心点			793	-1	0	0	0	1	-1	-1	-1	-1	-1	-1	0	1	-1		-1	5	300	0	2	-1	1	-1	0	0	0	100	-1	0	-1	0	0	0	2	2	150	3105	3106	3107	3108	3109	3110	3111	3112	3113	3114	3115	3116	3117	3118	3119	3120	武林至高绝学，根据自己的心法、修炼评分与目标的心法、修炼的评分差值决定你对目标的强力控制时间。	1	0.1	50	10	1	0
521	801	8	落英剑	FightSkillXiaoYao_1	1	1	1	1	1	1	49	0	1	0	2	-1	吟唱xy	身体中心点			673	-1	0	0	0	1	-1	-1	-1	-1	-1	-1	1	1	96	身体受击点	-1	5	800	0	15	-1	1	-1	0	0	1	-1	-1	0	-1	0	0	0	2	1	1000	3161	3162	3163	3164	3165	3166	3167	3168	3169	3170	3171	3172	16901	16902	16903	16904	逍遥弟子的入门功夫。使用之后可以连续对目标造成伤害。	0	0.1	50	10	1	0
522	802	8	桃花阵	FightSkillXiaoYao_2	1	0	0	1	1	1	49	0	-1	0	0	53	吟唱xy	身体中心点		674	675	-1	0	0	0	0	-1	-1	-1	-1	-1	-1	1	1	-1		-1	0	300	-1	-1	0	-1	-1	0	0	0	100	-1	0	-1	0	0	0	0	0	0	3173	3174	3175	3176	3177	3178	3179	3180	3181	3182	3183	3184	16911	16912	16913	16914	逍遥绝技之一，是苏星河先生的得意功夫。使用之后可以放置陷阱，对触动陷阱的多个敌人造成大量伤害。	1	0.1	50	10	1	0
523	803	8	弹指神功	FightSkillXiaoYao_3	45	0	1	1	1	1	50	0	1	0	2	54	吟唱xy	身体中心点			676	-1	0	0	0	1	-1	-1	-1	-1	-1	-1	1	1	101	身体受击点	-1	5	1200	0	15	-1	1	-1	0	0	0	-1	-1	0	-1	0	0	0	2	2	1000	3185	3186	3187	3188	3189	3190	3191	3192	3193	3194	3195	3196	16921	16922	16923	16924	轻盈优雅而暗藏杀机的一击。使用之后可以直接对目标造成大量的火属性伤害。	1	0.1	50	10	1	0
524	804	8	凌波微步	FightSkillXiaoYao_4	20	0	0	1	1	1	50	0	-1	0	2	55	吟唱xy	身体中心点			677	-1	0	0	0	6	-1	-1	-1	-1	-1	-1	1	1	-1		-1	0	300	0	20	1	0	-1	0	0	0	100	-1	0	-1	0	0	0	0	0	0	3197	3198	3199	3200	3201	3202	3203	3204	3205	3206	3207	3208	16931	16932	16933	16934	天下第一轻功，逍遥派独步天下的神奇武学。使用之后可以使你瞬间移动到你选定的位置。	1	0.1	50	10	1	0
525	805	8	画地为牢	FightSkillXiaoYao_5	30	0	1	1	1	1	50	0	1	0	2	56	吟唱xy	身体中心点			678	-1	0	0	0	1	-1	-1	-1	-1	-1	-1	1	1	16	身体受击点	-1	5	300	0	15	-1	1	-1	0	0	0	-1	-1	0	-1	0	0	0	0	0	1000	3209	3210	3211	3212	3213	3214	3215	3216	3217	3218	3219	3220	16941	16942	16943	16944	遁甲天书秘载的绝学。使用之后可以使目标陷入围困状态。	1	0.1	50	10	1	0
526	806	8	云体风身	FightSkillXiaoYao_6	40	0	0	1	1	1	50	0	-1	0	2	57	吟唱xy	身体中心点			680	-1	0	0	0	0	-1	-1	-1	-1	-1	-1	1	1	-1		-1	4	300	-1	-1	1	0	-1	1	0	0	100	-1	0	-1	7	360	12	0	0	0	3221	3222	3223	3224	3225	3226	3227	3228	3229	3230	3231	3232	16951	16952	16953	16954	逍遥弟子并肩作战时排布的阵法。使用之后可以提升附近队友的会心一击几率。	1	0.1	50	10	1	0
527	807	8	八阵图	FightSkillXiaoYao_7	20	0	0	1	1	1	51	0	-1	0	0	58	吟唱xy	身体中心点		681	682	-1	0	0	0	0	-1	-1	-1	-1	-1	-1	1	1	-1		-1	0	300	-1	-1	0	-1	-1	0	0	0	100	-1	0	-1	0	0	0	0	0	0	3233	3234	3235	3236	3237	3238	3239	3240	3241	3242	3243	3244	16961	16962	16963	16964	逍遥绝技之一，是苏星河先生的得意功夫。使用之后可以放置陷阱，对触动陷阱的多个敌人造成大量伤害，并使其陷入散功状态。	1	0.1	50	10	1	0
528	808	8	火眼金睛	FightSkillXiaoYao_8	30	0	0	1	1	1	51	0	-1	0	0	59	吟唱xy	身体中心点		683	684	-1	0	0	0	0	-1	-1	-1	-1	-1	-1	1	1	-1		-1	0	300	-1	-1	1	-1	-1	0	0	0	100	-1	0	-1	0	0	0	0	0	0	3245	3246	3247	3248	3249	3250	3251	3252	3253	3254	3255	3256	16971	16972	16973	16974	太平要术秘载的绝学。使用之后可以使你侦测陷阱的能力大幅提高并增加自身的定力。	1	0.1	50	10	1	0
529	809	8	诛仙阵	FightSkillXiaoYao_9	40	0	0	1	1	1	51	0	-1	0	0	60	吟唱xy	身体中心点		685	686	-1	0	0	0	0	-1	-1	-1	-1	-1	-1	1	1	-1		-1	0	300	-1	-1	0	-1	-1	0	0	0	100	-1	0	-1	0	0	0	0	0	0	3257	3258	3259	3260	3261	3262	3263	3264	3265	3266	3267	3268	17051	17052	17053	17054	逍遥绝技之一，是苏星河先生的得意功夫。使用之后可以放置陷阱，对触动陷阱的多个敌人造成大量伤害。	1	0.1	50	10	1	0
530	810	8	百鸟朝凤	FightSkillXiaoYao_10	1	0	0	0	0	0	52	0	-1	0	2	-1					-1	-1	0	0	1	0	-1	-1	-1	-1	-1	-1	1	1	-1		-1	0	0	-1	-1	1	0	0	0	0	0	100	0	0	-1	0	0	0	0	0	0	3269	3270	3271	3272	3273	3274	3275	3276	3277	3278	3279	3280	17061	17062	17063	17064	使你从防具中获得的内功防御力大幅提高。	0	0.1	50	10	1	0
531	811	8	高山流水	FightSkillXiaoYao_11	20	0	1	1	1	1	52	0	-1	0	2	61	吟唱xy	身体中心点			687	-1	0	0	0	0	-1	-1	-1	-1	-1	-1	1	1	-1		-1	0	300	-1	-1	0	-1	-1	0	0	0	100	-1	0	-1	13	360	-1	0	0	0	3281	3282	3283	3284	3285	3286	3287	3288	3289	3290	3291	3292	17071	17072	17073	17074	用高山流水的音律控制陷阱的开启。使用之后可以直接发动已经放置好的八阵图陷阱。	1	0.1	50	10	1	0
532	812	8	大风歌	FightSkillXiaoYao_12	30	0	0	1	1	1	52	0	-1	0	0	62	吟唱xy	身体中心点		688	689	-1	0	0	0	0	-1	-1	-1	-1	-1	-1	1	1	-1		-1	0	300	-1	-1	1	-1	-1	0	0	0	100	-1	0	-1	0	0	0	0	0	0	3293	3294	3295	3296	3297	3298	3299	3300	3301	3302	3303	3304	16991	16992	16993	16994	伴随着大风歌的音律施展武功。使用之后可以使你摆出防御型姿态。	1	0.1	50	10	1	0
533	813	8	潇湘夜雨	FightSkillXiaoYao_13	50	0	1	1	1	1	52	0	1	0	2	63	吟唱xy	身体中心点			690	-1	0	0	0	1	-1	-1	-1	-1	-1	-1	1	1	107	身体受击点	-1	5	600	0	15	-1	1	-1	0	0	0	100	-1	0	-1	0	0	0	2	0	1000	3305	3306	3307	3308	3309	3310	3311	3312	3313	3314	3315	3316	16981	16982	16983	16984	如潇湘夜雨随风入夜，迷人双眼。使用之后可以对目标造成大量伤害，并使其陷入失明状态。只有在大风歌姿态下才能使用。	1	0.1	50	10	1	0
534	814	8	万壑松风	FightSkillXiaoYao_14	1	0	0	0	0	0	53	0	-1	0	2	-1					-1	-1	0	0	1	0	-1	-1	-1	-1	-1	-1	1	1	-1		-1	0	0	-1	-1	1	0	0	0	0	0	100	0	0	-1	0	0	0	0	0	0	3317	3318	3319	3320	3321	3322	3323	3324	3325	3326	3327	3328	17081	17082	17083	17084	使你从扇、环类武器中获得的内功攻击力大幅提高。	0	0.1	50	10	1	0
535	815	8	溪山行旅	FightSkillXiaoYao_15	1	0	1	1	1	1	53	0	1	0	2	64	吟唱xy	身体中心点			691	-1	0	0	0	1	-1	-1	-1	-1	-1	-1	1	1	91	身体受击点	-1	5	600	0	15	-1	1	-1	0	0	0	-1	-1	0	-1	0	0	0	2	2	1000	3329	3330	3331	3332	3333	3334	3335	3336	3337	3338	3339	3340	17001	17002	17003	17004	用溪山行旅的画意发出潇洒的一击。使用之后可以对目标造成大量伤害，并使其陷入虚弱状态。	1	0.1	50	10	1	0
536	816	8	洛神图	FightSkillXiaoYao_16	30	0	0	1	1	1	53	0	-1	0	0	62	吟唱xy	身体中心点		692	693	-1	0	0	0	0	-1	-1	-1	-1	-1	-1	1	1	-1		-1	0	300	-1	-1	1	-1	-1	0	0	0	100	-1	0	-1	0	0	0	0	0	0	3341	3342	3343	3344	3345	3346	3347	3348	3349	3350	3351	3352	17091	17092	17093	17094	伴随着洛神图的画意施展武功。使用之后可以使你摆出攻击型姿态。	1	0.1	50	10	1	0
537	817	8	江行初雪	FightSkillXiaoYao1_1	40	0	0	1	1	1	53	0	-1	0	2	66	吟唱xy	身体中心点			694	-1	0	0	0	0	-1	-1	-1	-1	-1	-1	1	1	-1		-1	0	1200	-1	-1	1	-1	-1	0	0	0	100	-1	0	-1	0	0	0	0	0	0	3353	3354	3355	3356	3357	3358	3359	3360	3361	3362	3363	3364	17011	17012	17013	17014	逍遥绝技之一，是苏星河先生的得意功夫。使用之后可以使你放置诛仙阵的时间大幅减少。只有在洛神图姿态下才能使用。	1	0.1	50	10	1	0
538	818	8	排山倒海	FightSkillXiaoYao1_2	10	0	1	1	1	1	54	0	1	0	2	67	吟唱xy	身体中心点			695	-1	0	0	0	1	-1	-1	-1	-1	-1	-1	1	1	97	身体受击点	-1	5	300	0	15	-1	1	-1	0	0	0	-1	-1	0	-1	0	0	0	2	2	1000	3365	3366	3367	3368	3369	3370	3371	3372	3373	3374	3375	3376	17021	17022	17023	17024	惊涛掌法第一式。使用之后可以对目标发动风雨大至，排山倒海的一击，并使其损失大量的气。	1	0.1	50	10	1	0
539	819	8	波澜不惊	FightSkillXiaoYao1_3	30	0	0	0	0	1	54	0	-1	0	2	68	吟唱xy	身体中心点			696	-1	0	0	0	0	-1	-1	-1	-1	-1	-1	1	1	-1		-1	0	300	-1	-1	1	-1	-1	0	0	0	100	-1	0	-1	0	0	0	0	0	0	3377	3378	3379	3380	3381	3382	3383	3384	3385	3386	3387	3388	17031	17032	17033	17034	惊涛掌法第五式。使用之后可以使你不再受到散功状态的影响。	1	0.1	50	10	1	0
540	820	8	惊涛骇浪	FightSkillXiaoYao1_4	60	0	1	1	1	1	54	0	-1	0	2	69	吟唱xy	身体中心点			697	-1	0	0	0	0	-1	-1	-1	-1	-1	-1	1	1	-1		-1	4	300	-1	-1	-1	1	-1	0	0	0	100	-1	0	-1	5	360	6	2	0	0	3389	3390	3391	3392	3393	3394	3395	3396	3397	3398	3399	3400	17041	17042	17043	17044	惊涛掌法第十三式。使用之后可以使近身多个敌人陷入散功状态。	1	0.1	50	10	1	0
541	821	8	鲲跃北溟	FightSkillXiaoYao1_5	1	0	1	1	1	1	63	0	1	0	2	70	吟唱xy	身体中心点			715	-1	0	0	0	1	-1	-1	-1	-1	-1	-1	0	1	19	身体受击点	-1	5	300	0	15	-1	1	-1	0	0	0	-1	-1	1	-1	0	0	0	2	2	0	3401	3402	3403	3404	3405	3406	3407	3408	3409	3410	3411	3412	17101	17102	17103	17104	北冥神功中最具杀伤力的一击。使用之后可以对目标发动吞噬天地的一击，对其气血造成大量伤害，并使部分伤害转化为自己的气血。	1	0.1	50	10	1	0
542	822	8	墨守成规	FightSkillXiaoYao1_6	1	0	0	1	1	1	49	0	-1	0	2	71	吟唱xy	身体中心点			706	-1	0	0	0	1	-1	-1	-1	-1	-1	-1	1	1	-1		-1	5	1200	0	15	1	0	-1	0	0	0	100	-1	0	-1	0	0	0	0	0	0	3413	3414	3415	3416	3417	3418	3419	3420	3421	3422	3423	3424	17111	17112	17113	17114	逍遥弟子给予朋友的关怀，使用之后可以提升友方目标的抗火能力。	1	0.1	50	10	1	0
543	823	8	颠动沧溟	FightSkillXiaoYao1_7	1	0	0	1	1	1	63	0	-1	0	2	71	吟唱xy	身体中心点			706	-1	0	0	0	1	-1	-1	-1	-1	-1	-1	0	1	-1		-1	5	1200	0	15	1	0	-1	0	0	0	100	-1	0	-1	0	0	0	0	0	0	3425	3426	3427	3428	3429	3430	3431	3432	3433	3434	3435	3436	17121	17122	17123	17124	逍遥弟子给予朋友的关怀，使用之后可以提升友方目标的技能伤害。	1	0.1	50	10	1	0
544	802	8	定海神针	FightSkillXiaoYao1_8	1	0	0	1	1	1	63	0	-1	0	0	72	吟唱xy	身体中心点		733	732	-1	0	0	0	0	-1	-1	-1	-1	-1	-1	0	1	-1		-1	0	300	-1	-1	0	-1	-1	0	0	0	100	-1	0	-1	0	0	0	0	0	0	20501	20502	20503	20504	20505	20506	20507	20508	20509	20510	20511	20512	20513	20514	20515	20516	根据传说中的东海之宝，研究出的陷阱。靠近者会感受到东海凶猛波涛的威力。	1	0.1	50	10	1	0
545	806	8	步步生花	FightSkillXiaoYao1_9	1	0	0	1	1	1	63	0	-1	0	2	73	吟唱xy	身体中心点			740	-1	0	0	0	0	-1	-1	-1	-1	-1	-1	0	1	-1		-1	0	300	-1	-1	1	0	-1	1	0	0	100	-1	0	-1	0	0	0	0	0	0	20983	20984	20985	20986	20987	20988	20989	20990	20991	20992	20993	20994	20995	20996	20997	20998	逍遥绝技之一，是苏星河先生的得意功夫。使用之后可以在一段时间内连续在脚下自动释放伤害陷阱。	1	0.1	50	10	1	0
546	806	8	宇越星现	FightSkillshipotianjing_9	1	0	1	1	1	1	80	0	1	0	2	133	吟唱xy	身体中心点			796	-1	0	0	0	1	-1	-1	-1	-1	-1	-1	0	1	157	身体受击点	-1	5	1200	0	15	-1	1	-1	0	0	0	100	-1	0	-1	0	0	0	2	2	1000	3437	3438	3439	3440	3441	3442	3443	3444	3445	3446	3447	3448	3449	3450	3451	3452	武林至高绝学，根据自己的心法、修炼评分与目标的心法、修炼的评分差值决定所能造成的伤害。	1	0.1	50	10	1	0
547	806	8	紫雾扰心	FightSkillkunxiansuo_9	1	0	1	1	1	1	80	0	1	0	2	130	吟唱xy	身体中心点			795	-1	0	0	0	1	-1	-1	-1	-1	-1	-1	0	1	156	身体受击点	-1	5	1200	0	15	-1	1	-1	0	0	0	100	-1	0	-1	0	0	0	2	2	1000	3453	3454	3455	3456	3457	3458	3459	3460	3461	3462	3463	3464	3465	3466	3467	3468	武林至高绝学，根据自己的心法、修炼评分与目标的心法、修炼的评分差值决定你对目标的强力控制时间。	1	0.1	50	10	1	0
549	1009	-1	啮魂大法	Food_1	-1	0	0	1	1	1	-1	0	-1	0	2	8					165	-1	0	1	0	0	-1	-1	-1	-1	-1	-1	-1	-1	-1		-1	4	1200	-1	-1	-1	1	-1	0	0	0	100	-1	0	-1	5	360	6	-1	0	600	4540	4541	4542	4543	4544	4545	4546	4547	4548	4549	4550	4551	4552	4553	4554	4555		1	0.1	50	10	1	0
550	1011	-1	吸血大法	Food_1	-1	0	0	1	1	1	-1	0	-1	0	2	10					461	-1	0	1	0	0	-1	-1	-1	-1	-1	-1	-1	-1	-1		-1	4	1200	-1	-1	-1	1	-1	0	0	0	100	-1	0	-1	5	360	6	-1	0	600	4556	4557	4558	4559	4560	4561	4562	4563	4564	4565	4566	4567	4568	4569	4570	4571		1	0.1	50	10	1	0
551	1001	-1	高级打击	Food_1	-1	0	0	1	1	1	-1	0	0	0	2	0					450	-1	0	1	0	1	-1	-1	-1	-1	-1	-1	-1	-1	-1		-1	5	1200	0	2	-1	1	-1	0	0	0	-1	-1	0	-1	0	0	0	-1	0	600	3521	3522	3523	3524	3525	3526	3527	3528	3529	3530	3531	3532	12001	12002	12003	12004	近身攻击加物理伤害(NPC)	1	0.1	50	10	1	0
552	1002	-1	暗器投掷	Food_1	-1	0	0	1	0	1	-1	0	1	0	2	1					451	-1	0	1	0	1	-1	-1	-1	-1	-1	-1	-1	-1	1	身体受击点	-1	5	1200	0	15	-1	1	-1	0	0	0	-1	-1	0	-1	0	0	0	-1	0	1000	3533	3533	3533	3533	3533	3533	3533	3533	3533	3533	3533	3533	3533	3533	3533	3533	远程普通攻击(NPC)	0	0.1	50	10	1	0
553	1003	-1	寒冰咒	Food_1	-1	0	0	1	1	1	-1	0	1	0	2	2					452	-1	0	1	0	1	-1	-1	-1	-1	-1	-1	-1	-1	35	身体受击点	-1	5	1200	0	15	-1	1	-1	0	0	0	-1	-1	0	-1	0	0	0	-1	0	1000	3545	3546	3547	3548	3549	3550	3551	3552	3553	3554	3555	3556	12011	12012	12013	12014	远程冰攻加强(NPC)	1	0.1	50	10	1	0
554	1004	-1	烈火咒	Food_1	-1	0	0	1	1	1	-1	0	1	0	2	3					453	-1	0	1	0	1	-1	-1	-1	-1	-1	-1	-1	-1	36	身体受击点	-1	5	1200	0	15	-1	1	-1	0	0	0	-1	-1	0	-1	0	0	0	-1	0	1000	3557	3558	3559	3560	3561	3562	3563	3564	3565	3566	3567	3568	12021	12022	12023	12024	远程火攻加强(NPC)	1	0.1	50	10	1	0
555	1005	-1	玄雷咒	Food_1	-1	0	0	1	1	1	-1	0	1	0	2	4					454	-1	0	1	0	1	-1	-1	-1	-1	-1	-1	-1	-1	38	身体受击点	-1	5	1200	0	15	-1	1	-1	0	0	0	-1	-1	0	-1	0	0	0	-1	0	1000	3569	3570	3571	3572	3573	3574	3575	3576	3577	3578	3579	3580	12031	12032	12033	12034	远程玄攻加强(NPC)	1	0.1	50	10	1	0
556	1006	-1	血毒咒	Food_1	-1	0	0	1	1	1	-1	0	1	0	2	5					455	-1	0	1	0	1	-1	-1	-1	-1	-1	-1	-1	-1	37	身体受击点	-1	5	1200	0	15	-1	1	-1	0	0	0	-1	-1	0	-1	0	0	0	-1	0	1000	3581	3582	3583	3584	3585	3586	3587	3588	3589	3590	3591	3592	12041	12042	12043	12044	远程毒攻加强(NPC)	1	0.1	50	10	1	0
557	1007	-1	冰爆	Food_1	-1	0	0	1	1	1	-1	0	-1	0	2	6					456	-1	0	1	0	0	-1	-1	-1	-1	-1	-1	-1	-1	-1		-1	4	1200	-1	-1	-1	1	-1	0	0	0	-1	-1	0	-1	5	360	6	-1	0	600	3593	3594	3595	3596	3597	3598	3599	3600	3601	3602	3603	3604	12051	12052	12053	12054	冰系群攻(NPC)	1	0.1	50	10	1	0
558	1008	-1	火爆	Food_1	-1	0	0	1	1	1	-1	0	-1	0	2	7					457	-1	0	1	0	0	-1	-1	-1	-1	-1	-1	-1	-1	-1		-1	4	1200	-1	-1	-1	1	-1	0	0	0	-1	-1	0	-1	5	360	6	-1	0	600	3605	3606	3607	3608	3609	3610	3611	3612	3613	3614	3615	3616	12061	12062	12063	12064	火系群攻	1	0.1	50	10	1	0
559	1009	-1	雷爆	Food_1	-1	0	0	1	1	1	-1	0	-1	0	2	8					458	-1	0	1	0	0	-1	-1	-1	-1	-1	-1	-1	-1	-1		-1	4	1200	-1	-1	-1	1	-1	0	0	0	-1	-1	0	-1	5	360	6	-1	0	600	3617	3618	3619	3620	3621	3622	3623	3624	3625	3626	3627	3628	12071	12072	12073	12074	玄系群攻	1	0.1	50	10	1	0
560	1010	-1	毒爆	Food_1	-1	0	0	1	1	1	-1	0	-1	0	2	9					459	-1	0	1	0	0	-1	-1	-1	-1	-1	-1	-1	-1	-1		-1	4	1200	-1	-1	-1	1	-1	0	0	0	-1	-1	0	-1	5	360	6	-1	0	600	3629	3630	3631	3632	3633	3634	3635	3636	3637	3638	3639	3640	12081	12082	12083	12084	毒系群攻	1	0.1	50	10	1	0
561	1011	-1	群魔乱舞	Food_1	-1	1	0	1	1	1	-1	0	-1	0	0	10				460	461	-1	0	1	0	0	-1	-1	-1	-1	-1	-1	-1	-1	-1		-1	4	1200	-1	-1	-1	1	-1	0	3	0	100	-1	0	-1	5	360	-1	-1	0	600	3641	3642	3643	3644	3645	3646	3647	3648	3649	3650	3651	3652	12091	12092	12093	12094	群魔乱舞	1	0.1	50	10	1	0
562	1012	-1	震地攻击	Food_1	-1	1	0	1	1	1	-1	0	-1	0	0	11				462	463	-1	0	1	0	0	-1	-1	-1	-1	-1	-1	-1	-1	-1		-1	4	1200	-1	-1	-1	1	-1	0	3	0	100	-1	0	-1	5	360	-1	-1	0	600	3653	3654	3655	3656	3657	3658	3659	3660	3661	3662	3663	3664	12101	12102	12103	12104	群魔乱舞	1	0.1	50	10	1	0
563	1013	-1	封穴	Food_1	-1	0	0	1	1	1	-1	0	0	0	2	12					464	-1	0	1	0	1	-1	-1	-1	-1	-1	-1	-1	-1	-1		-1	5	1200	0	2	-1	1	-1	0	0	0	-1	-1	0	-1	0	0	0	-1	0	600	3665	3666	3667	3668	3669	3670	3671	3672	3673	3674	3675	3676	12111	12112	12113	12114	封穴(NPC)	1	0.1	50	10	1	0
564	1014	-1	麻痹	Food_1	-1	0	0	1	1	1	-1	0	0	0	2	13					465	-1	0	1	0	1	-1	-1	-1	-1	-1	-1	-1	-1	-1		-1	5	1200	0	2	-1	1	-1	0	0	0	-1	-1	0	-1	0	0	0	-1	0	600	3677	3678	3679	3680	3681	3682	3683	3684	3685	3686	3687	3688	12121	12122	12123	12124	麻痹(NPC)	1	0.1	50	10	1	0
566	1016	-1	围困	Food_1	-1	0	0	1	1	1	-1	0	-1	0	2	14					466	-1	0	1	0	1	-1	-1	-1	-1	-1	-1	-1	-1	-1		-1	5	1200	0	2	-1	1	-1	0	0	0	-1	-1	0	-1	0	0	0	-1	0	600	3701	3702	3703	3704	3705	3706	3707	3708	3709	3710	3711	3712	12131	12132	12133	12134	围困	1	0.1	50	10	1	0
567	1017	-1	石化	Food_1	-1	0	0	1	1	1	-1	0	-1	0	2	15					467	-1	0	1	0	1	-1	-1	-1	-1	-1	-1	-1	-1	-1		-1	5	1200	0	2	-1	1	-1	0	0	0	-1	-1	0	-1	0	0	0	-1	0	600	3713	3714	3715	3716	3717	3718	3719	3720	3721	3722	3723	3724	12141	12142	12143	12144	石化	1	0.1	50	10	1	0
568	1018	-1	失明	Food_1	-1	0	0	1	1	1	-1	0	-1	0	2	16					468	-1	0	1	0	1	-1	-1	-1	-1	-1	-1	-1	-1	-1		-1	5	1200	0	2	-1	1	-1	0	0	0	-1	-1	0	-1	0	0	0	-1	0	600	3725	3726	3727	3728	3729	3730	3731	3732	3733	3734	3735	3736	12151	12152	12153	12154	失明	1	0.1	50	10	1	0
569	1019	-1	恐惧	Food_1	-1	0	0	1	1	1	-1	0	-1	0	2	17					469	-1	0	1	0	1	-1	-1	-1	-1	-1	-1	-1	-1	-1		-1	5	1200	0	2	-1	1	-1	0	0	0	-1	-1	0	-1	0	0	0	-1	0	600	3737	3738	3739	3740	3741	3742	3743	3744	3745	3746	3747	3748	12161	12162	12163	12164	恐惧	1	0.1	50	10	1	0
570	1020	-1	寸步难移	Food_1	-1	0	0	1	1	1	-1	0	-1	0	2	18					470	-1	0	1	0	1	-1	-1	-1	-1	-1	-1	-1	-1	-1		-1	5	1200	0	2	-1	1	-1	0	0	0	-1	-1	0	-1	0	0	0	-1	0	600	3749	3750	3751	3752	3753	3754	3755	3756	3757	3758	3759	3760	12171	12172	12173	12174	寸步难移	1	0.1	50	10	1	0
571	1021	-1	缠绕	Food_1	-1	0	0	1	1	1	-1	0	-1	0	2	19					471	-1	0	1	0	1	-1	-1	-1	-1	-1	-1	-1	-1	-1		-1	5	1200	0	2	-1	1	-1	0	0	0	-1	-1	0	-1	0	0	0	-1	0	600	3761	3762	3763	3764	3765	3766	3767	3768	3769	3770	3771	3772	12181	12182	12183	12184	缠绕	1	0.1	50	10	1	0
572	1022	-1	就擒	Food_1	-1	0	0	1	1	1	-1	0	-1	0	2	20					472	-1	0	1	0	1	-1	-1	-1	-1	-1	-1	-1	-1	-1		-1	5	1200	0	2	-1	1	-1	0	0	0	-1	-1	0	-1	0	0	0	-1	0	600	3773	3774	3775	3776	3777	3778	3779	3780	3781	3782	3783	3784	12191	12192	12193	12194	就擒	1	0.1	50	10	1	0
573	1023	-1	死缠烂打	Food_1	-1	0	0	1	1	1	-1	0	-1	0	2	21					473	-1	0	1	0	1	-1	-1	-1	-1	-1	-1	-1	-1	-1		-1	5	1200	0	2	-1	1	-1	0	0	0	-1	-1	0	-1	0	0	0	-1	0	600	3785	3786	3787	3788	3789	3790	3791	3792	3793	3794	3795	3796	12201	12202	12203	12204	近身减速(NPC)	1	0.1	50	10	1	0
574	1024	-1	软弱无力	Food_1	-1	0	0	1	1	1	-1	0	-1	0	2	22					474	-1	0	1	0	1	-1	-1	-1	-1	-1	-1	-1	-1	-1		-1	5	1200	0	15	-1	1	-1	0	0	0	-1	-1	0	-1	0	0	0	-1	0	600	3797	3798	3799	3800	3801	3802	3803	3804	3805	3806	3807	3808	12211	12212	12213	12214	虚弱效果，降低内外功攻击	1	0.1	50	10	1	0
575	1025	-1	反应迟钝	Food_1	-1	0	0	1	1	1	-1	0	-1	0	2	23					475	-1	0	1	0	1	-1	-1	-1	-1	-1	-1	-1	-1	-1		-1	5	1200	0	15	-1	1	-1	0	0	0	-1	-1	0	-1	0	0	0	-1	0	600	3809	3810	3811	3812	3813	3814	3815	3816	3817	3818	3819	3820	12221	12222	12223	12224	虚弱效果，降低身法	1	0.1	50	10	1	0
576	1026	-1	身体虚弱	Food_1	-1	0	0	1	1	1	-1	0	-1	0	2	24					476	-1	0	1	0	1	-1	-1	-1	-1	-1	-1	-1	-1	-1		-1	5	1200	0	15	-1	1	-1	0	0	0	-1	-1	0	-1	0	0	0	-1	0	600	3821	3822	3823	3824	3825	3826	3827	3828	3829	3830	3831	3832	12231	12232	12233	12234	虚弱效果，降低血上限和气上限	1	0.1	50	10	1	0
577	1027	-1	无精打采	Food_1	-1	0	0	1	1	1	-1	0	-1	0	2	25					477	-1	0	1	0	1	-1	-1	-1	-1	-1	-1	-1	-1	-1		-1	5	1200	0	15	-1	1	-1	0	0	0	-1	-1	0	-1	0	0	0	-1	0	600	3833	3834	3835	3836	3837	3838	3839	3840	3841	3842	3843	3844	12241	12242	12243	12244	虚弱效果，降低体力和定力	1	0.1	50	10	1	0
578	1028	-1	内力外泄	Food_1	-1	0	0	1	1	1	-1	0	-1	0	2	26					478	-1	0	1	0	1	-1	-1	-1	-1	-1	-1	-1	-1	-1		-1	5	1200	0	15	-1	1	-1	0	0	0	-1	-1	0	-1	0	0	0	-1	0	600	3845	3846	3847	3848	3849	3850	3851	3852	3853	3854	3855	3856	12251	12252	12253	12254	虚弱效果，降低力量和灵气	1	0.1	50	10	1	0
579	1029	-1	弱不禁风	Food_1	-1	0	0	1	1	1	-1	0	-1	0	2	27					479	-1	0	1	0	1	-1	-1	-1	-1	-1	-1	-1	-1	-1		-1	5	1200	0	15	-1	1	-1	0	0	0	-1	-1	0	-1	0	0	0	-1	0	600	3857	3858	3859	3860	3861	3862	3863	3864	3865	3866	3867	3868	12261	12262	12263	12264	破绽效果，降低内外功防御	1	0.1	50	10	1	0
580	1030	-1	噬血	Food_1	-1	0	0	1	1	1	-1	0	-1	0	2	28					480	-1	0	1	0	1	-1	-1	-1	-1	-1	-1	-1	-1	-1		-1	5	1200	0	2	-1	1	-1	0	0	0	-1	-1	0	-1	0	0	0	-1	0	600	3869	3870	3871	3872	3873	3874	3875	3876	3877	3878	3879	3880	12271	12272	12273	12274	噬血(NPC)	1	0.1	50	10	1	0
581	1031	-1	中毒	Food_1	-1	0	0	1	1	1	-1	0	-1	0	2	29					481	-1	0	1	0	1	-1	-1	-1	-1	-1	-1	-1	-1	-1		-1	5	1200	0	2	-1	1	-1	0	0	0	-1	-1	0	-1	0	0	0	-1	0	600	3881	3882	3883	3884	3885	3886	3887	3888	3889	3890	3891	3892	12281	12282	12283	12284	中毒(NPC)	1	0.1	50	10	1	0
582	1032	-1	治疗	Food_1	-1	0	0	1	1	1	-1	0	-1	0	2	30					482	-1	0	1	0	0	-1	-1	-1	-1	-1	-1	-1	-1	-1		-1	0	1200	-1	-1	1	0	-1	0	0	0	100	-1	0	-1	0	0	0	-1	0	0	3893	3894	3895	3896	3897	3898	3899	3900	3901	3902	3903	3904	12291	12292	12293	12294	瞬发自我治疗(NPC)	1	0.1	50	10	1	0
583	1033	-1	净化	Food_1	-1	0	0	0	0	1	-1	0	-1	0	2	31					483	-1	0	1	0	0	-1	-1	-1	-1	-1	-1	-1	-1	-1		-1	0	1200	-1	-1	1	0	-1	1	0	0	100	-1	0	-1	0	0	0	-1	0	0	3905	3906	3907	3908	3909	3910	3911	3912	3913	3914	3915	3916	12301	12302	12303	12304	瞬发驱散SOT，DOT(NPC)	1	0.1	50	10	1	0
584	1034	-1	嗜血	Food_1	-1	0	0	1	1	1	-1	0	-1	0	2	32					484	-1	0	1	0	0	-1	-1	-1	-1	-1	-1	-1	-1	-1		-1	0	1200	-1	-1	1	0	-1	1	0	0	100	-1	0	-1	0	0	0	-1	0	0	3917	3918	3919	3920	3921	3922	3923	3924	3925	3926	3927	3928	12311	12312	12313	12314	增加物攻(NPC)	1	0.1	50	10	1	0
585	1035	-1	石肤	Food_1	-1	0	0	1	1	1	-1	0	-1	0	2	33					485	-1	0	1	0	0	-1	-1	-1	-1	-1	-1	-1	-1	-1		-1	0	1200	-1	-1	1	0	-1	1	0	0	100	-1	0	-1	0	0	0	-1	0	0	3929	3930	3931	3932	3933	3934	3935	3936	3937	3938	3939	3940	12321	12322	12323	12324	SOT增加防御(NPC)	1	0.1	50	10	1	0
586	1036	-1	开膛	Food_1	-1	0	0	1	1	1	-1	0	-1	0	2	34					486	-1	0	1	0	1	-1	-1	-1	-1	-1	-1	-1	-1	-1		-1	5	1200	0	2	-1	1	-1	0	0	0	-1	-1	0	-1	0	0	0	-1	0	600	3941	3941	3941	3941	3941	3941	3941	3941	3941	3941	3941	3941	3941	3941	3941	3941	开膛	1	0.1	50	10	1	0
587	1037	-1	破抗	Food_1	-1	0	0	1	1	1	-1	0	-1	0	2	35					487	-1	0	1	0	1	-1	-1	-1	-1	-1	-1	-1	-1	-1		-1	5	1200	0	15	-1	1	-1	0	0	0	-1	-1	0	-1	0	0	0	-1	0	600	3953	3954	3955	3956	3957	3958	3959	3960	3961	3962	3963	3964	12331	12332	12333	12334	SOT削弱抗性(NPC)	1	0.1	50	10	1	0
588	1038	-1	烈爪狂击	Food_1	-1	1	0	1	1	1	-1	0	0	0	2	36					488	-1	0	1	0	1	-1	-1	-1	-1	-1	-1	-1	-1	-1		-1	5	1200	0	2	-1	1	-1	0	3	0	-1	-1	0	-1	0	0	0	-1	0	600	3965	3966	3967	3968	3969	3970	3971	3972	3973	3974	3975	3976	12341	12342	12343	12344	近身外功攻击(兽形)	1	0.1	50	10	1	0
589	1039	-1	灵芝九转	Food_1	-1	1	0	1	1	1	-1	0	-1	0	0	37				489	490	-1	0	1	0	0	-1	-1	-1	-1	-1	-1	-1	-1	-1		-1	0	1200	-1	-1	1	0	-1	0	0	0	100	-1	0	-1	0	0	0	-1	0	0	3977	3977	3977	3977	3977	3977	3977	3977	3977	3977	3977	3977	3977	3977	3977	3977	聚气自我治疗(50％)	1	0	0	0	1	0
590	1040	-1	利牙咆哮	Food_1	-1	0	0	1	1	1	-1	0	-1	0	2	38					491	-1	0	1	0	0	-1	-1	-1	-1	-1	-1	-1	-1	-1		-1	4	1200	-1	-1	-1	1	-1	0	0	0	-1	-1	0	-1	5	360	6	-1	0	600	3989	3990	3991	3992	3993	3994	3995	3996	3997	3998	3999	4000	12351	12352	12353	12354	群体近身外功攻击(兽形)	1	0.1	50	10	1	0
591	1041	-1	致命打击	Food_1	-1	0	0	1	1	1	-1	0	0	0	2	39					492	-1	0	1	0	1	-1	-1	-1	-1	-1	-1	-1	-1	-1		-1	5	1200	0	2	-1	1	-1	0	0	0	-1	-1	0	-1	0	0	0	-1	0	600	4001	4002	4003	4004	4005	4006	4007	4008	4009	4010	4011	4012	12361	12362	12363	12364	近身外功攻击(人形)	1	0.1	50	10	1	0
592	1042	-1	排山倒海	Food_1	-1	0	0	1	1	1	-1	0	-1	0	2	40					493	-1	0	1	0	0	-1	-1	-1	-1	-1	-1	-1	-1	-1		-1	4	1200	-1	-1	-1	1	-1	0	0	0	-1	-1	0	-1	5	360	6	-1	0	600	4013	4014	4015	4016	4017	4018	4019	4020	4021	4022	4023	4024	12371	12372	12373	12374	群体外功攻击(人形)	1	0.1	50	10	1	0
593	1043	-1	毒灵爪	Food_1	-1	0	0	1	1	1	-1	0	0	0	2	41					494	-1	0	1	0	1	-1	-1	-1	-1	-1	-1	-1	-1	-1		-1	5	1200	0	2	-1	1	-1	0	0	0	-1	-1	0	-1	0	0	0	-1	0	600	4025	4026	4027	4028	4029	4030	4031	4032	4033	4034	4035	4036	12381	12382	12383	12384	近身外功攻击+中毒(傀儡)	1	0.1	50	10	1	0
594	1044	-1	百草仙露	Food_1	-1	0	0	1	1	1	-1	0	-1	0	0	42				495	496	-1	0	1	0	0	-1	-1	-1	-1	-1	-1	-1	-1	-1		-1	0	1200	-1	-1	1	0	-1	0	0	0	100	-1	0	-1	0	0	0	-1	0	0	4037	4037	4037	4037	4037	4037	4037	4037	4037	4037	4037	4037	4037	4037	4037	4037	聚气自我治疗(100％)	1	0.1	50	10	1	0
595	1045	-1	毒液击	Food_1	-1	0	0	1	1	1	-1	0	1	0	2	43					497	-1	0	1	0	1	-1	-1	-1	-1	-1	-1	-1	-1	37	身体受击点	-1	5	1200	0	15	-1	1	-1	0	0	0	-1	-1	0	-1	0	0	0	-1	0	1000	4049	4050	4051	4052	4053	4054	4055	4056	4057	4058	4059	4060	12391	12392	12393	12394	远程毒攻击+中毒(虫形)	1	0.1	50	10	1	0
596	1046	-1	毒丝缠绕	Food_1	-1	0	0	1	1	1	-1	0	-1	0	2	44					498	-1	0	1	0	0	-1	-1	-1	-1	-1	-1	-1	-1	-1		-1	4	1200	-1	-1	-1	1	-1	0	0	0	-1	-1	0	-1	5	360	6	-1	0	600	4061	4062	4063	4064	4065	4066	4067	4068	4069	4070	4071	4072	12401	12402	12403	12404	群体定身+中毒（蜘蛛）	1	0.1	50	10	1	0
597	1047	-1	冰精一掷	Food_1	-1	0	0	1	1	1	-1	0	1	0	2	45					499	-1	0	1	0	1	-1	-1	-1	-1	-1	-1	-1	-1	35	身体受击点	-1	5	1200	0	15	-1	1	-1	0	0	0	-1	-1	0	-1	0	0	0	-1	0	1000	4073	4074	4075	4076	4077	4078	4079	4080	4081	4082	4083	4084	12411	12412	12413	12414	远程冰攻+围困（妖）	1	0.1	50	10	1	0
598	1048	-1	心魔毕现	Food_1	-1	0	0	1	1	1	-1	0	1	0	2	46					500	-1	0	1	0	1	-1	-1	-1	-1	-1	-1	-1	-1	-1		-1	5	1200	0	15	-1	1	-1	0	0	0	-1	-1	0	-1	0	0	0	-1	0	600	4085	4086	4087	4088	4089	4090	4091	4092	4093	4094	4095	4096	12421	12422	12423	12424	远程内功攻击+破绽	1	0.1	50	10	1	0
599	1049	-1	如梦幻像	Food_1	-1	0	0	1	1	1	-1	0	-1	0	2	47					501	-1	0	1	0	0	-1	-1	-1	-1	-1	-1	-1	-1	-1		-1	4	1200	-1	-1	-1	1	-1	0	0	0	-1	-1	0	-1	5	360	6	-1	0	600	4097	4098	4099	4100	4101	4102	4103	4104	4105	4106	4107	4108	12431	12432	12433	12434	群体失明+诅咒	1	0.1	50	10	1	0
600	1050	-1	虚幻斩	Food_1	-1	0	0	1	1	1	-1	0	1	0	2	48					502	-1	0	1	0	1	-1	-1	-1	-1	-1	-1	-1	-1	-1		-1	5	1200	0	15	-1	1	-1	0	0	0	-1	-1	0	-1	0	0	0	-1	0	600	4109	4110	4111	4112	4113	4114	4115	4116	4117	4118	4119	4120	12441	12442	12443	12444	远程内功攻击	1	0.1	50	10	1	0
601	1051	-1	虚幻破	Food_1	-1	0	0	1	1	1	-1	0	-1	0	2	49					503	-1	0	1	0	0	-1	-1	-1	-1	-1	-1	-1	-1	-1		-1	4	1200	-1	-1	-1	1	-1	0	0	0	-1	-1	0	-1	9	360	8	-1	0	600	4121	4122	4123	4124	4125	4126	4127	4128	4129	4130	4131	4132	12451	12452	12453	12454	群体内功攻击	1	0.1	50	10	1	0
602	1052	-1	大雪崩	Food_1	-1	1	0	1	1	1	-1	0	-1	0	0	51				504	505	-1	0	1	0	0	-1	-1	-1	-1	-1	-1	-1	-1	-1		-1	4	1200	-1	-1	-1	1	-1	0	5	0	100	-1	0	-1	9	360	-1	-1	0	600	4133	4134	4135	4136	4137	4138	4139	4140	4141	4142	4143	4144	12461	12462	12463	12464	群体冰攻击（妖）	1	0.1	50	10	1	0
603	1053	-1	兽王怒吼	Food_1	-1	0	0	1	1	1	-1	0	-1	0	2	52					506	-1	0	1	0	0	-1	-1	-1	-1	-1	-1	-1	-1	-1		-1	4	1200	-1	-1	-1	1	-1	0	0	0	100	-1	0	-1	9	360	8	-1	0	600	4145	4146	4147	4148	4149	4150	4151	4152	4153	4154	4155	4156	12471	12472	12473	12474	群体恐惧（兽形）	1	0.1	50	10	1	0
604	1054	-1	妙手回春	Food_1	-1	0	0	1	1	1	-1	0	-1	0	0	53				507	508	-1	0	1	0	0	-1	-1	-1	-1	-1	-1	-1	-1	-1		-1	4	1200	-1	-1	1	0	-1	0	0	0	100	-1	0	-1	9	360	-1	-1	0	0	4157	4158	4159	4160	4161	4162	4163	4164	4165	4166	4167	4168	12481	12482	12483	12484	群体治疗	1	0.1	50	10	1	0
605	1055	-1	天罗地网	Food_1	-1	0	0	1	1	1	-1	0	-1	0	2	54					509	-1	0	1	0	0	-1	-1	-1	-1	-1	-1	-1	-1	-1		-1	4	1200	-1	-1	-1	1	-1	0	0	0	100	-1	0	-1	5	360	6	-1	0	600	4169	4170	4171	4172	4173	4174	4175	4176	4177	4178	4179	4180	12491	12492	12493	12494	群体围困（傀儡）	1	0.1	50	10	1	0
606	1056	-1	玉石俱焚	Food_1	-1	0	0	1	1	1	-1	0	-1	0	0	55				510	511	-1	0	1	0	0	-1	-1	-1	-1	-1	-1	-1	-1	-1		-1	4	1200	-1	-1	-1	1	-1	0	0	0	100	-1	0	-1	5	360	6	-1	0	600	4181	4182	4183	4184	4185	4186	4187	4188	4189	4190	4191	4192	12501	12502	12503	12504	自爆	1	0.1	50	10	1	0
607	1057	-1	失魂落魄	Food_1	-1	0	0	1	1	1	-1	0	0	0	2	56					512	-1	0	1	0	1	-1	-1	-1	-1	-1	-1	-1	-1	-1		-1	5	1200	0	2	-1	1	-1	0	0	0	-1	-1	0	-1	0	0	0	-1	0	600	4193	4194	4195	4196	4197	4198	4199	4200	4201	4202	4203	4204	12511	12512	12513	12514	近身单体散功	1	0.1	50	10	1	0
608	1058	-1	十香软筋	Food_1	-1	0	0	1	1	1	-1	0	-1	0	2	57					513	-1	0	1	0	0	-1	-1	-1	-1	-1	-1	-1	-1	-1		-1	4	1200	-1	-1	-1	1	-1	0	0	0	100	-1	0	-1	5	360	6	-1	0	600	4205	4206	4207	4208	4209	4210	4211	4212	4213	4214	4215	4216	12521	12522	12523	12524	群体散功	1	0.1	50	10	1	0
609	1059	-1	撕裂	Food_1	-1	0	0	1	1	1	-1	0	-1	0	2	58					514	-1	0	1	0	1	-1	-1	-1	-1	-1	-1	-1	-1	-1		-1	5	1200	0	2	-1	1	-1	0	0	0	-1	-1	0	-1	0	0	0	-1	0	600	4217	4218	4219	4220	4221	4222	4223	4224	4225	4226	4227	4228	12531	12532	12533	12534	撕裂持续掉血	1	0.1	50	10	1	0
610	1060	-1	烈焰炼狱	Food_1	-1	1	0	1	1	1	-1	0	-1	0	0	59				515	516	-1	0	1	0	0	-1	-1	-1	-1	-1	-1	-1	-1	-1		-1	4	1200	-1	-1	-1	1	-1	0	5	0	100	-1	0	-1	9	360	-1	-1	0	600	4229	4230	4231	4232	4233	4234	4235	4236	4237	4238	4239	4240	12541	12542	12543	12544	群体火攻击	1	0.1	50	10	1	0
611	1061	-1	爪击	Food_1	-1	0	0	1	0	1	-1	-1	0	0	2	50					162;163;164	-1	0	1	0	1	-1	-1	-1	-1	-1	-1	0	-1	-1		-1	5	1200	0	2	-1	1	-1	0	0	1	-1	-1	1	-1	0	0	0	2	1	600	4241	4242	4243	4244	4245	4246	4247	4248	4249	4250	4251	4252	12551	12552	12553	12554	普通攻击	0	0.1	50	10	1	0
612	1062	-1	斩击	Food_1	-1	0	0	1	0	1	-1	-1	0	0	2	50					162;163;164	-1	0	1	0	1	-1	-1	-1	-1	-1	-1	0	-1	-1		-1	5	1200	0	2	-1	1	-1	0	0	1	-1	-1	1	-1	0	0	0	2	1	600	4253	4254	4255	4256	4257	4258	4259	4260	4261	4262	4263	4264	12561	12562	12563	12564	普通攻击	0	0.1	50	10	1	0
613	1063	-1	掌击	Food_1	-1	0	0	1	0	1	-1	-1	0	0	2	50					162;163;164	-1	0	1	0	1	-1	-1	-1	-1	-1	-1	0	-1	-1		-1	5	1200	0	2	-1	1	-1	0	0	1	-1	-1	1	-1	0	0	0	2	1	600	4265	4266	4267	4268	4269	4270	4271	4272	4273	4274	4275	4276	12571	12572	12573	12574	普通攻击	0	0.1	50	10	1	0
614	1064	-1	痛击	Food_1	-1	0	0	1	0	1	-1	-1	0	0	2	50					162;163;164	-1	0	1	0	1	-1	-1	-1	-1	-1	-1	0	-1	-1		-1	5	1200	0	15	-1	1	-1	0	0	1	-1	-1	1	-1	0	0	0	2	1	600	4277	4278	4279	4280	4281	4282	4283	4284	4285	4286	4287	4288	12581	12582	12583	12584	普通攻击	0	0.1	50	10	1	0
615	1065	-1	狂雷天牢	Food_1	-1	1	0	1	1	1	-1	0	-1	0	0	60				521	522	-1	0	1	0	0	-1	-1	-1	-1	-1	-1	-1	-1	-1		-1	4	1200	-1	-1	-1	1	-1	0	5	0	100	-1	0	-1	9	360	-1	-1	0	600	4289	4290	4291	4292	4293	4294	4295	4296	4297	4298	4299	4300	12591	12592	12593	12594	群体玄攻击	1	0.1	50	10	1	0
616	1066	-1	诅咒	Food_1	-1	0	0	1	1	1	-1	0	0	0	2	61					523	-1	0	1	0	1	-1	-1	-1	-1	-1	-1	-1	-1	-1		-1	5	1200	0	15	-1	1	-1	0	0	0	-1	-1	0	-1	0	0	0	-1	0	600	4301	4302	4303	4304	4305	4306	4307	4308	4309	4310	4311	4312	12601	12602	12603	12604	诅咒	1	0.1	50	10	1	0
617	1067	-1	灼烧	Food_1	-1	0	0	1	1	1	-1	0	0	0	2	62					524	-1	0	1	0	1	-1	-1	-1	-1	-1	-1	-1	-1	-1		-1	5	1200	0	15	-1	1	-1	0	0	0	-1	-1	0	-1	0	0	0	-1	0	600	4313	4314	4315	4316	4317	4318	4319	4320	4321	4322	4323	4324	12611	12612	12613	12614	灼烧	1	0.1	50	10	1	0
618	1068	-1	腐蚀	Food_1	-1	0	0	1	1	1	-1	0	0	0	2	63					525	-1	0	1	0	1	-1	-1	-1	-1	-1	-1	-1	-1	-1		-1	5	1200	0	15	-1	1	-1	0	0	0	-1	-1	0	-1	0	0	0	-1	0	600	4325	4326	4327	4328	4329	4330	4331	4332	4333	4334	4335	4336	12621	12622	12623	12624	腐蚀	1	0.1	50	10	1	0
619	1069	-1	遁天入地	Food_1	-1	0	0	1	1	1	-1	0	0	0	0	64				526	527	-1	0	1	0	0	-1	-1	-1	-1	-1	-1	-1	-1	-1		-1	0	1200	-1	-1	-1	0	-1	0	0	0	-1	-1	0	-1	0	0	0	-1	0	0	4337	4338	4339	4340	4341	4342	4343	4344	4345	4346	4347	4348	12631	12632	12633	12634	隐身	1	0.1	50	10	1	0
620	1070	-1	举步维艰	Food_1	-1	0	0	1	1	1	-1	0	-1	0	2	65					473	-1	0	1	0	1	-1	-1	-1	-1	-1	-1	-1	-1	-1		-1	5	1200	0	15	-1	1	-1	0	0	0	-1	-1	0	-1	0	0	0	-1	0	600	4349	4349	4349	4349	4349	4349	4349	4349	4349	4349	4349	4349	4349	4349	4349	4349	远程减速(NPC)	1	0.1	50	10	1	0
621	1071	-1	群魔乱舞	Food_1	-1	1	0	1	1	1	-1	0	-1	0	0	66				460	461	-1	0	1	0	0	-1	-1	-1	-1	-1	-1	-1	-1	-1		-1	4	1200	-1	-1	-1	1	-1	0	3	0	100	-1	0	-1	5	360	-1	-1	0	600	3641	3642	3643	3644	3645	3646	3647	3648	3649	3650	3651	3652	12091	12092	12093	12094	群魔乱舞	1	0	0	0	1	0
622	1072	-1	震地攻击	Food_1	-1	1	0	1	1	1	-1	0	-1	0	0	67				462	463	-1	0	1	0	0	-1	-1	-1	-1	-1	-1	-1	-1	-1		-1	4	1200	-1	-1	-1	1	-1	0	3	0	100	-1	0	-1	5	360	-1	-1	0	600	3653	3654	3655	3656	3657	3658	3659	3660	3661	3662	3663	3664	12101	12102	12103	12104	群魔乱舞	1	0	0	0	1	0
623	1073	-1	大雪崩	Food_1	-1	1	0	1	1	1	-1	0	-1	0	0	68				504	505	-1	0	1	0	0	-1	-1	-1	-1	-1	-1	-1	-1	-1		-1	4	1200	-1	-1	-1	1	-1	0	5	0	100	-1	0	-1	9	360	-1	-1	0	600	4133	4134	4135	4136	4137	4138	4139	4140	4141	4142	4143	4144	12461	12462	12463	12464	群体冰攻击（妖）	1	0	0	0	1	0
624	1074	-1	烈焰炼狱	Food_1	-1	1	0	1	1	1	-1	0	-1	0	0	69				515	516	-1	0	1	0	0	-1	-1	-1	-1	-1	-1	-1	-1	-1		-1	4	1200	-1	-1	-1	1	-1	0	5	0	100	-1	0	-1	9	360	-1	-1	0	600	4229	4230	4231	4232	4233	4234	4235	4236	4237	4238	4239	4240	12541	12542	12543	12544	群体火攻击	1	0	0	0	1	0
625	1075	-1	狂雷天牢	Food_1	-1	1	0	1	1	1	-1	0	-1	0	0	70				521	522	-1	0	1	0	0	-1	-1	-1	-1	-1	-1	-1	-1	-1		-1	4	1200	-1	-1	-1	1	-1	0	5	0	100	-1	0	-1	9	360	-1	-1	0	600	4289	4290	4291	4292	4293	4294	4295	4296	4297	4298	4299	4300	12591	12592	12593	12594	群体玄攻击	1	0	0	0	1	0
626	1076	-1	高级冰爆	Food_1	-1	0	0	1	1	1	-1	0	-1	0	2	71					456	-1	0	1	0	0	-1	-1	-1	-1	-1	-1	-1	-1	-1		-1	4	1200	-1	-1	-1	1	-1	0	0	0	-1	-1	0	-1	9	360	-1	-1	0	600	4350	4351	4352	4353	4354	4355	4356	4357	4358	4359	4360	4361	12641	12642	12643	12644	冰系群攻(NPC)	1	0.1	50	10	1	0
627	1077	-1	冰天雪地	Food_1	-1	1	0	1	1	1	-1	0	-1	0	0	72				504	505	-1	0	1	0	0	-1	-1	-1	-1	-1	-1	-1	-1	-1		-1	4	1200	-1	-1	-1	1	-1	0	5	0	100	-1	0	-1	9	360	-1	-1	0	600	4362	4363	4364	4365	4366	4367	4368	4369	4370	4371	4372	4373	12651	12652	12653	12654	群体冰攻击（妖）	1	0	0	0	1	0
628	1078	-1	狂暴	Food_1	-1	0	0	1	1	1	-1	0	-1	0	2	73					485	-1	0	1	0	0	-1	-1	-1	-1	-1	-1	-1	-1	-1		-1	0	1200	-1	-1	1	0	-1	1	0	0	100	-1	0	-1	0	0	0	-1	0	0	4374	4375	4376	4377	4378	4379	4380	4381	4382	4383	4384	4385	12661	12662	12663	12664	自己加攻击加会心	1	0.1	50	10	1	0
629	1079	-1	断筋攻击	Food_1	-1	0	0	1	1	1	-1	0	0	0	2	74					162;163;164	-1	0	1	0	1	-1	-1	-1	-1	-1	-1	-1	-1	-1		-1	5	1200	0	2	-1	1	-1	0	0	0	-1	-1	0	-1	0	0	0	-1	0	0	4386	4386	4386	4386	4386	4386	4386	4386	4386	4386	4386	4386	4386	4386	4386	4386	普通攻击有30%几率减速	0	0	0	0	1	0
630	1080	-1	兽王咆哮	Food_1	-1	0	0	1	1	1	-1	0	-1	0	2	75					506	-1	0	1	0	0	-1	-1	-1	-1	-1	-1	-1	-1	-1		-1	4	1200	-1	-1	-1	1	-1	0	0	0	100	-1	0	-1	9	360	8	-1	0	0	4387	4387	4387	4387	4387	4387	4387	4387	4387	4387	4387	4387	4387	4387	4387	4387	群体嘲讽	1	0.1	50	10	1	0
631	1081	-1	高级破绽	Food_1	-1	0	0	1	1	1	-1	0	-1	0	2	76					501	-1	0	1	0	0	-1	-1	-1	-1	-1	-1	-1	-1	-1		-1	4	1200	-1	-1	-1	1	-1	0	0	0	100	-1	0	-1	9	360	8	-1	0	0	3857	3858	3859	3860	3861	3862	3863	3864	3865	3866	3867	3868	12261	12262	12263	12264	群体破绽-防御	1	0.1	50	10	1	0
632	1082	-1	高级虚弱	Food_1	-1	0	0	1	1	1	-1	0	-1	0	2	77					501	-1	0	1	0	0	-1	-1	-1	-1	-1	-1	-1	-1	-1		-1	4	1200	-1	-1	-1	1	-1	0	0	0	100	-1	0	-1	9	360	8	-1	0	0	3797	3798	3799	3800	3801	3802	3803	3804	3805	3806	3807	3808	12211	12212	12213	12214	群体虚弱-攻击	1	0.1	50	10	1	0
633	1083	-1	高级猛击	Food_1	-1	0	0	1	1	1	-1	0	0	0	2	78					599	-1	0	1	0	1	-1	-1	-1	-1	-1	-1	-1	-1	-1		-1	5	1200	0	2	-1	1	-1	0	0	0	-1	-1	0	-1	0	0	0	-1	0	0	4388	4389	4390	4391	4392	4393	4394	4395	4396	4397	4398	4399	12671	12672	12673	12674	单体外攻	1	0	0	0	1	0
634	1084	-1	高级连击	Food_1	-1	0	0	1	1	1	-1	0	0	0	2	79					603	-1	0	1	0	1	-1	-1	-1	-1	-1	-1	-1	-1	-1		-1	5	1200	0	2	-1	1	-1	0	0	0	-1	-1	0	-1	0	0	0	-1	0	0	4400	4400	4400	4400	4400	4400	4400	4400	4400	4400	4400	4400	4400	4400	4400	4400	单体连击	1	0	0	0	1	0
635	1085	-1	高级治疗	Food_1	-1	0	0	1	1	1	-1	0	-1	0	2	80					482	-1	0	1	0	0	-1	-1	-1	-1	-1	-1	-1	-1	-1		-1	0	1200	-1	-1	1	0	-1	0	0	0	100	-1	0	-1	0	0	0	-1	0	0	4401	4401	4401	4401	4401	4401	4401	4401	4401	4401	4401	4401	4401	4401	4401	4401	瞬发自我治疗(NPC)	1	0.1	50	10	1	0
636	1086	-1	晃眼	Food_1	-1	0	0	1	1	1	-1	0	-1	0	2	81					501	-1	0	1	0	0	-1	-1	-1	-1	-1	-1	-1	-1	-1		-1	4	1200	-1	-1	-1	1	-1	0	0	0	-1	-1	0	-1	10	360	-1	-1	0	600	4402	4402	4402	4402	4402	4402	4402	4402	4402	4402	4402	4402	4402	4402	4402	4402	群体失明	1	0.1	50	10	1	0
637	1087	-1	透视	Food_1	-1	0	0	0	0	1	-1	0	-1	0	2	82					483	-1	0	1	0	0	-1	-1	-1	-1	-1	-1	-1	-1	-1		-1	0	1200	-1	-1	1	0	-1	1	0	0	100	-1	0	-1	0	0	0	-1	0	0	4403	4403	4403	4403	4403	4403	4403	4403	4403	4403	4403	4403	4403	4403	4403	4403	自己反隐	1	0.1	50	10	1	0
638	1088	-1	猫拳	Food_1	-1	0	0	1	1	1	-1	0	-1	0	2	83					503	-1	0	1	0	0	-1	-1	-1	-1	-1	-1	-1	-1	-1		-1	4	1200	-1	-1	-1	1	-1	0	0	0	-1	-1	0	-1	15	360	-1	-1	0	600	4404	4405	4406	4407	4408	4409	4410	4411	4412	4413	4414	4415	12681	12682	12683	12684	群体内功攻击	1	0.1	50	10	1	0
639	1089	-1	神佑	Food_1	-1	0	0	0	0	1	-1	0	-1	0	2	84					483	-1	0	1	0	0	-1	-1	-1	-1	-1	-1	-1	-1	-1		-1	0	1200	-1	-1	1	0	-1	1	0	0	100	-1	0	-1	0	0	0	-1	0	0	4416	4416	4416	4416	4416	4416	4416	4416	4416	4416	4416	4416	4416	4416	4416	4416	自己无敌	1	0.1	50	10	1	0
640	1090	-1	看门	Food_1	-1	0	0	1	1	1	-1	0	-1	0	2	85					501	-1	0	1	0	0	-1	-1	-1	-1	-1	-1	-1	-1	-1		-1	4	1200	-1	-1	-1	1	-1	0	0	0	-1	-1	0	-1	10	360	-1	-1	0	600	4417	4417	4417	4417	4417	4417	4417	4417	4417	4417	4417	4417	4417	4417	4417	4417	群体减速	1	0.1	50	10	1	0
641	1091	-1	五雷轰顶	Food_1	-1	0	0	1	1	1	-1	0	-1	0	2	86					522	-1	0	1	0	0	-1	-1	-1	-1	-1	-1	-1	-1	-1		-1	4	1200	-1	-1	-1	1	-1	0	0	0	-1	-1	0	-1	8	360	-1	-1	0	600	4418	4419	4420	4421	4422	4423	4424	4425	4426	4427	4428	4429	12691	12692	12693	12694	玄系群攻	1	0.1	50	10	1	0
642	1083	-1	猛击	Food_1	-1	0	0	1	1	1	-1	0	0	0	2	87					599	-1	0	1	0	1	-1	-1	-1	-1	-1	-1	-1	-1	-1		-1	5	1200	0	2	-1	1	-1	0	0	0	-1	-1	0	-1	0	0	0	-1	0	0	4430	4431	4432	4433	4434	4435	4436	4437	4438	4439	4440	4441	12701	12702	12703	12704	单体外攻	1	0	0	0	1	0
643	1093	-1	拱猪	Food_1	-1	0	0	1	1	1	-1	0	1	0	2	88					607	-1	0	1	0	1	-1	-1	-1	-1	-1	-1	-1	-1	-1		-1	5	1200	0	15	-1	1	-1	0	0	0	100	-1	0	-1	0	0	0	-1	0	0	4442	4442	4442	4442	4442	4442	4442	4442	4442	4442	4442	4442	4442	4442	4442	4442	内外攻减8000点	1	0.1	50	10	1	0
644	1094	-1	闹猫	Food_1	-1	0	0	1	1	1	-1	0	1	0	2	89					465	-1	0	1	0	1	-1	-1	-1	-1	-1	-1	-1	-1	-1		-1	5	1200	0	15	-1	1	-1	0	0	0	100	-1	0	-1	0	0	0	-1	0	0	4443	4443	4443	4443	4443	4443	4443	4443	4443	4443	4443	4443	4443	4443	4443	4443	麻痹20秒(NPC)	1	0.1	50	10	1	0
645	1095	-1	晃眼	Food_1	-1	0	0	1	1	1	-1	0	-1	0	2	81					501	-1	0	1	0	0	-1	-1	-1	-1	-1	-1	-1	-1	-1		-1	4	1200	-1	-1	-1	1	-1	0	0	0	-1	-1	0	-1	15	360	-1	-1	0	600	4444	4444	4444	4444	4444	4444	4444	4444	4444	4444	4444	4444	4444	4444	4444	4444	群体失明	1	0.1	50	10	1	0
646	1009	-1	乾坤一掷	Food_1	-1	0	0	1	1	1	-1	0	-1	0	2	8					165	-1	0	1	0	0	-1	-1	-1	-1	-1	-1	-1	-1	-1		-1	4	1200	-1	-1	-1	1	-1	0	0	0	-1	-1	0	-1	5	360	6	-1	0	600	3617	3618	3619	3620	3621	3622	3623	3624	3625	3626	3627	3628	12071	12072	12073	12074	玄系群攻	1	0.1	50	10	1	0
647	1019	-1	蜀犬吠日	Food_1	-1	0	0	1	1	1	-1	0	-1	0	2	17					469	-1	0	1	0	0	-1	-1	-1	-1	-1	-1	-1	-1	-1		-1	4	1200	-1	-1	-1	1	-1	0	0	0	100	-1	0	-1	5	360	3	-1	0	600	4490	4490	4490	4490	4490	4490	4490	4490	4490	4490	4490	4490	4490	4490	4490	4490	恐惧	1	0.1	50	10	1	0
648	1011	-1	群魔乱舞	Food_1	-1	0	0	1	1	1	-1	0	-1	0	2	10					461	-1	0	1	0	0	-1	-1	-1	-1	-1	-1	-1	-1	-1		-1	4	1200	-1	-1	-1	1	-1	0	0	0	100	-1	0	-1	5	360	-1	-1	0	600	4491	4492	4493	4494	4495	4496	4497	4498	4499	4500	4501	4502	4503	4504	4505	4506	群魔乱舞	1	0.1	50	10	1	0
649	1039	-1	高级治疗	Food_1	-1	0	0	1	1	1	-1	0	-1	0	2	37					490	-1	0	1	0	0	-1	-1	-1	-1	-1	-1	-1	-1	-1		-1	0	1200	-1	-1	1	0	-1	0	0	0	100	-1	0	-1	0	0	0	-1	0	0	4507	4507	4507	4507	4507	4507	4507	4507	4507	4507	4507	4507	4507	4507	4507	4507	聚气自我治疗(50％)	1	0	0	0	1	0
650	1045	-1	噬心毒功	Food_1	-1	0	0	1	1	1	-1	0	-1	0	2	43					497	-1	0	1	0	0	-1	-1	-1	-1	-1	-1	-1	-1	-1		-1	4	1200	-1	-1	-1	1	-1	0	0	0	100	-1	0	-1	5	360	6	-1	0	600	4508	4509	4510	4511	4512	4513	4514	4515	4516	4517	4518	4519	4520	4521	4522	4523	远程毒攻击+中毒(虫形)	1	0.1	50	10	1	0
651	1061	-1	利爪邪功	Food_1	-1	0	0	1	1	1	-1	0	-1	0	2	50					164	-1	0	1	0	0	-1	-1	-1	-1	-1	-1	-1	-1	-1		-1	4	1200	-1	-1	-1	1	-1	0	0	0	100	-1	0	-1	5	360	6	-1	0	600	4524	4525	4526	4527	4528	4529	4530	4531	4532	4533	4534	4535	4536	4537	4538	4539		1	0.1	50	10	1	0
652	1102	-1	冰精	PetSkill2_13	-1	0	0	1	1	1	-1	0	-1	0	2	0					528	-1	0	2	1	0	2	100	-1	-1	1	0	-1	-1	-1		-1	0	1200	-1	-1	0	0	-1	0	0	0	100	-1	0	-1	0	0	0	-1	0	0	4733	4733	4733	4733	4733	4733	4733	4733	4733	4733	4733	4733	4733	4733	4733	4733	冰精之兽，生于极寒，喜冰畏火	1	0.1	50	10	1	0
653	1103	-1	火灵	PetSkill2_14	-1	0	0	1	1	1	-1	0	-1	0	2	0					529	-1	0	2	1	0	2	100	-1	-1	1	0	-1	-1	-1		-1	0	1200	-1	-1	0	0	-1	0	0	0	100	-1	0	-1	0	0	0	-1	0	0	4745	4745	4745	4745	4745	4745	4745	4745	4745	4745	4745	4745	4745	4745	4745	4745	火灵之兽，诞于炙焰，食火惧冰	1	0.1	50	10	1	0
654	1104	-1	毒蛊	PetSkill3_3	-1	0	0	1	1	1	-1	0	-1	0	2	0					530	-1	0	2	1	0	2	100	-1	-1	1	0	-1	-1	-1		-1	0	1200	-1	-1	0	0	-1	0	0	0	100	-1	0	-1	0	0	0	-1	0	0	4757	4757	4757	4757	4757	4757	4757	4757	4757	4757	4757	4757	4757	4757	4757	4757	毒蛊之兽，食蛇吞蝎，喜毒畏玄	1	0.1	50	10	1	0
655	1105	-1	玄兽	PetSkill3_8	-1	0	0	1	1	1	-1	0	-1	0	2	0					531	-1	0	2	1	0	2	100	-1	-1	1	0	-1	-1	-1		-1	0	1200	-1	-1	0	0	-1	0	0	0	100	-1	0	-1	0	0	0	-1	0	0	4769	4769	4769	4769	4769	4769	4769	4769	4769	4769	4769	4769	4769	4769	4769	4769	玄之灵兽，不避玄雷，尤惧百毒	1	0.1	50	10	1	0
656	1106	-1	迟钝	PetSkill1_7	-1	0	0	1	1	1	-1	0	-1	0	2	0					532	-1	0	2	1	0	2	100	-1	-1	2	0	-1	-1	-1		-1	0	1200	-1	-1	1	0	-1	0	0	0	100	-1	0	-1	0	0	0	-1	0	0	4781	4781	4781	4781	4781	4781	4781	4781	4781	4781	4781	4781	4781	4781	4781	4781	钝者，身宽体厚，不善攻避	1	0.1	50	10	1	0
657	1107	-1	狡猾	PetSkill3_6	-1	0	0	1	1	1	-1	0	-1	0	2	0					533	-1	0	2	1	0	2	100	-1	-1	2	0	-1	-1	-1		-1	0	1200	-1	-1	1	0	-1	0	0	0	100	-1	0	-1	0	0	0	-1	0	0	4793	4793	4793	4793	4793	4793	4793	4793	4793	4793	4793	4793	4793	4793	4793	4793	狡者，长攻避，短乎守势	1	0.1	50	10	1	0
658	1108	-1	憨厚	PetSkill3_7	-1	0	0	1	1	1	-1	0	-1	0	2	0					534	-1	0	2	1	0	2	100	-1	-1	2	0	-1	-1	-1		-1	0	1200	-1	-1	1	0	-1	0	0	0	100	-1	0	-1	0	0	0	-1	0	0	4805	4805	4805	4805	4805	4805	4805	4805	4805	4805	4805	4805	4805	4805	4805	4805	憨者，善守乎，攻难锐也	1	0.1	50	10	1	0
659	1109	-1	拼命	PetSkill3_5	-1	0	0	1	1	1	-1	0	-1	0	2	0					535	-1	0	2	1	0	2	100	-1	-1	2	0	-1	-1	-1		-1	0	1200	-1	-1	1	0	-1	0	0	0	100	-1	0	-1	0	0	0	-1	0	0	4817	4817	4817	4817	4817	4817	4817	4817	4817	4817	4817	4817	4817	4817	4817	4817	勇者，不顾己身，其战必锐	1	0.1	50	10	1	0
660	1110	-1	法魂	PetSkill3_9	-1	0	0	1	1	1	-1	0	-1	0	2	0					536	-1	0	2	1	0	2	100	-1	-1	2	0	-1	-1	-1		-1	0	1200	-1	-1	1	0	-1	0	0	0	100	-1	0	-1	0	0	0	-1	0	0	4829	4829	4829	4829	4829	4829	4829	4829	4829	4829	4829	4829	4829	4829	4829	4829	智者，击敌之要，不齿力拼	1	0.1	50	10	1	0
661	1111	-1	蛮力	PetSkill3_10	-1	0	0	1	1	1	-1	0	-1	0	2	0					537	-1	0	2	1	0	2	100	-1	-1	2	0	-1	-1	-1		-1	0	1200	-1	-1	1	0	-1	0	0	0	100	-1	0	-1	0	0	0	-1	0	0	4841	4841	4841	4841	4841	4841	4841	4841	4841	4841	4841	4841	4841	4841	4841	4841	蛮者，奋于力战，无谋亦可	1	0.1	50	10	1	0
662	1112	-1	借力	PetSkill3_13	-1	0	0	1	1	1	-1	0	-1	0	2	0					538	-1	0	2	1	0	2	100	-1	-1	3	0	-1	-1	-1		-1	3	1200	-1	-1	1	0	-1	0	0	0	100	-1	0	-1	0	0	0	-1	0	0	4853	4854	4855	4856	4857	4858	4859	4860	4861	4862	4863	4864	18001	18002	18003	18004	弼其主，神力善战	1	0.1	50	10	1	0
663	1113	-1	高级借力	PetSkill3_14	-1	0	0	1	1	1	-1	0	-1	0	2	0					539	-1	0	2	1	0	2	100	-1	-1	3	1	-1	-1	-1		-1	3	1200	-1	-1	1	0	-1	0	0	0	100	-1	0	-1	0	0	0	-1	0	0	4865	4866	4867	4868	4869	4870	4871	4872	4873	4874	4875	4876	18011	18012	18013	18014	弼其主，神力善战	1	0.1	50	10	1	0
664	1114	-1	移魂	PetSkill1_5	-1	0	0	1	1	1	-1	0	-1	0	2	0					540	-1	0	2	1	0	2	100	-1	-1	4	0	-1	-1	-1		-1	3	1200	-1	-1	1	0	-1	0	0	0	100	-1	0	-1	0	0	0	-1	0	0	4877	4878	4879	4880	4881	4882	4883	4884	4885	4886	4887	4888	18021	18022	18023	18024	辅其主，定力非凡	1	0.1	50	10	1	0
665	1115	-1	高级移魂	PetSkill1_6	-1	0	0	1	1	1	-1	0	-1	0	2	0					541	-1	0	2	1	0	2	100	-1	-1	4	1	-1	-1	-1		-1	3	1200	-1	-1	1	0	-1	0	0	0	100	-1	0	-1	0	0	0	-1	0	0	4889	4890	4891	4892	4893	4894	4895	4896	4897	4898	4899	4900	18031	18032	18033	18034	辅其主，定力非凡	1	0.1	50	10	1	0
666	1116	-1	瞬影	PetSkill3_15	-1	0	0	1	1	1	-1	0	-1	0	2	0					542	-1	0	2	1	0	2	100	-1	-1	5	0	-1	-1	-1		-1	3	1200	-1	-1	1	0	-1	0	0	0	100	-1	0	-1	0	0	0	-1	0	0	4901	4902	4903	4904	4905	4906	4907	4908	4909	4910	4911	4912	18041	18042	18043	18044	弼其主，身法大进	1	0.1	50	10	1	0
667	1117	-1	高级瞬影	PetSkill3_16	-1	0	0	1	1	1	-1	0	-1	0	2	0					543	-1	0	2	1	0	2	100	-1	-1	5	1	-1	-1	-1		-1	3	1200	-1	-1	1	0	-1	0	0	0	100	-1	0	-1	0	0	0	-1	0	0	4913	4914	4915	4916	4917	4918	4919	4920	4921	4922	4923	4924	18051	18052	18053	18054	弼其主，身法大进	1	0.1	50	10	1	0
668	1118	-1	强身	PetSkill1_3	-1	0	0	1	1	1	-1	0	-1	0	2	0					544	-1	0	2	1	0	2	100	-1	-1	6	0	-1	-1	-1		-1	3	1200	-1	-1	1	0	-1	0	0	0	100	-1	0	-1	0	0	0	-1	0	0	4925	4926	4927	4928	4929	4930	4931	4932	4933	4934	4935	4936	18061	18062	18063	18064	佐其主，体力过人	1	0.1	50	10	1	0
669	1119	-1	高级强身	PetSkill1_4	-1	0	0	1	1	1	-1	0	-1	0	2	0					545	-1	0	2	1	0	2	100	-1	-1	6	1	-1	-1	-1		-1	3	1200	-1	-1	1	0	-1	0	0	0	100	-1	0	-1	0	0	0	-1	0	0	4937	4938	4939	4940	4941	4942	4943	4944	4945	4946	4947	4948	18071	18072	18073	18074	佐其主，体力过人	1	0.1	50	10	1	0
670	1120	-1	凝神	PetSkill3_1	-1	0	0	1	1	1	-1	0	-1	0	2	0					546	-1	0	2	1	0	2	100	-1	-1	7	0	-1	-1	-1		-1	3	1200	-1	-1	1	0	-1	0	0	0	100	-1	0	-1	0	0	0	-1	0	0	4949	4950	4951	4952	4953	4954	4955	4956	4957	4958	4959	4960	18081	18082	18083	18084	佑其主，灵气逼人	1	0.1	50	10	1	0
671	1121	-1	高级凝神	PetSkill3_2	-1	0	0	1	1	1	-1	0	-1	0	2	0					547	-1	0	2	1	0	2	100	-1	-1	7	1	-1	-1	-1		-1	3	1200	-1	-1	1	0	-1	0	0	0	100	-1	0	-1	0	0	0	-1	0	0	4961	4962	4963	4964	4965	4966	4967	4968	4969	4970	4971	4972	18091	18092	18093	18094	佑其主，灵气逼人	1	0.1	50	10	1	0
672	1122	-1	极冰凝杀	PetSkill7_7	-1	0	0	1	1	1	-1	0	1	0	2	1					548	-1	0	2	0	2	0	-1	-1	-1	25	1	-1	-1	39		-1	7	1200	0	15	-1	1	-1	0	0	0	-1	-1	0	-1	5	360	6	-1	0	600	4973	4974	4975	4976	4977	4978	4979	4980	4981	4982	4983	4984	18101	18102	18103	18104	极寒之冰，封妖除魔，敌必灭之	1	0.1	50	10	1	0
673	1123	-1	劫火焚杀	PetSkill1_8	-1	0	0	1	1	1	-1	0	1	0	2	1					549	-1	0	2	0	2	0	-1	-1	-1	25	1	-1	-1	40		-1	7	1200	0	15	-1	1	-1	0	0	0	-1	-1	0	-1	5	360	6	-1	0	600	4985	4986	4987	4988	4989	4990	4991	4992	4993	4994	4995	4996	18111	18112	18113	18114	地狱之火，应劫而生，敌必焚之	1	0.1	50	10	1	0
674	1124	-1	腐毒蚀杀	PetSkill7_8	-1	0	0	1	1	1	-1	0	1	0	2	1					550	-1	0	2	0	2	0	-1	-1	-1	25	1	-1	-1	42		-1	7	1200	0	15	-1	1	-1	0	0	0	-1	-1	0	-1	5	360	6	-1	0	600	4997	4998	4999	5000	5001	5002	5003	5004	5005	5006	5007	5008	18121	18122	18123	18124	万蛊之毒，腐筋蚀骨，敌无幸矣	1	0.1	50	10	1	0
675	1125	-1	玄雷击杀	PetSkill3_4	-1	0	0	1	1	1	-1	0	1	0	2	1					551	-1	0	2	0	2	0	-1	-1	-1	25	1	-1	-1	41		-1	7	1200	0	15	-1	1	-1	0	0	0	-1	-1	0	-1	5	360	6	-1	0	600	5009	5010	5011	5012	5013	5014	5015	5016	5017	5018	5019	5020	18131	18132	18133	18134	九天玄雷，破穹而至，敌难存矣	1	0.1	50	10	1	0
676	1126	-1	血爆	PetSkill4_13	-1	0	0	1	1	1	-1	0	-1	0	2	1					552	-1	0	2	0	0	0	-1	-1	-1	25	1	-1	-1	-1		-1	4	1200	-1	-1	-1	1	-1	0	0	0	-1	-1	0	-1	5	360	6	-1	0	600	5021	5022	5023	5024	5025	5026	5027	5028	5029	5030	5031	5032	18141	18142	18143	18144	血肉之躯，逆经而爆，奋勇伤敌	1	0.1	50	10	1	0
677	1127	-1	高级血爆	PetSkill4_14	-1	0	0	1	1	1	-1	0	-1	0	2	1					553	-1	0	2	0	0	0	-1	-1	-1	25	1	-1	-1	-1		-1	4	1200	-1	-1	-1	1	-1	0	0	0	-1	-1	0	-1	5	360	6	-1	0	600	5033	5034	5035	5036	5037	5038	5039	5040	5041	5042	5043	5044	18151	18152	18153	18154	血肉之躯，逆经而爆，奋勇伤敌	1	0.1	50	10	1	0
678	1128	-1	圣爆	PetSkill4_3	-1	0	0	1	1	1	-1	0	-1	0	2	1					554	-1	0	2	0	0	0	-1	-1	-1	25	1	-1	-1	-1		-1	4	1200	-1	-1	1	0	-1	0	0	0	100	-1	0	-1	7	360	6	-1	0	0	5045	5046	5047	5048	5049	5050	5051	5052	5053	5054	5055	5056	18161	18162	18163	18164	慈悲在心，普渡众生	1	0.1	50	10	1	0
679	1129	-1	高级圣爆	PetSkill4_4	-1	0	0	1	1	1	-1	0	-1	0	2	1					555	-1	0	2	0	0	0	-1	-1	-1	25	1	-1	-1	-1		-1	4	1200	-1	-1	1	0	-1	0	0	0	100	-1	0	-1	7	360	6	-1	0	0	5057	5058	5059	5060	5061	5062	5063	5064	5065	5066	5067	5068	18171	18172	18173	18174	慈悲在心，普渡众生	1	0.1	50	10	1	0
680	1130	-1	冰爆	PetSkill4_7	-1	0	0	1	1	1	-1	0	-1	0	2	1					556	-1	0	2	0	0	0	-1	-1	-1	25	1	-1	-1	-1		-1	4	1200	-1	-1	-1	1	-1	0	0	0	-1	-1	0	-1	5	360	6	-1	0	600	5069	5069	5069	5069	5069	5069	5069	5069	5069	5069	5069	5069	5069	5069	5069	5069	寒气透体，凝水成冰，封妖困魔	1	0.1	50	10	1	0
681	1131	-1	高级冰爆	PetSkill4_8	-1	0	0	1	1	1	-1	0	-1	0	2	1					557	-1	0	2	0	0	0	-1	-1	-1	25	1	-1	-1	-1		-1	4	1200	-1	-1	-1	1	-1	0	0	0	-1	-1	0	-1	5	360	6	-1	0	600	5081	5081	5081	5081	5081	5081	5081	5081	5081	5081	5081	5081	5081	5081	5081	5081	寒气透体，凝水成冰，封妖困魔	1	0.1	50	10	1	0
682	1132	-1	净化	PetSkill1_15	-1	0	0	0	0	1	-1	0	-1	0	2	9					558	-1	0	2	0	0	0	-1	-1	-1	8	1	-1	-1	-1		-1	3	1200	-1	-1	1	0	-1	0	0	0	100	-1	0	-1	0	0	0	-1	0	0	5093	5093	5093	5093	5093	5093	5093	5093	5093	5093	5093	5093	5093	5093	5093	5093	护其主，排其忧，解其难	1	0.1	50	10	1	0
683	1133	-1	高级净化	PetSkill1_16	-1	0	0	0	0	1	-1	0	-1	0	2	9					559	-1	0	2	0	0	0	-1	-1	-1	8	1	-1	-1	-1		-1	3	1200	-1	-1	1	0	-1	0	0	0	100	-1	0	-1	0	0	0	-1	0	0	5105	5105	5105	5105	5105	5105	5105	5105	5105	5105	5105	5105	5105	5105	5105	5105	护其主，排其忧，解其难	1	0.1	50	10	1	0
684	1134	-1	重生	PetSkill5_13	-1	0	0	1	1	1	-1	0	-1	0	2	9					560	-1	0	2	0	0	0	-1	-1	-1	8	1	-1	-1	-1		-1	0	1200	-1	-1	1	0	-1	0	0	0	100	-1	0	-1	0	0	0	-1	0	0	5117	5117	5117	5117	5117	5117	5117	5117	5117	5117	5117	5117	5117	5117	5117	5117	魂不离体，死而不亡	1	0.1	50	10	1	0
685	1135	-1	高级重生	PetSkill5_14	-1	0	0	1	1	1	-1	0	-1	0	2	9					561	-1	0	2	0	0	0	-1	-1	-1	8	1	-1	-1	-1		-1	0	1200	-1	-1	1	0	-1	0	0	0	100	-1	0	-1	0	0	0	-1	0	0	5129	5129	5129	5129	5129	5129	5129	5129	5129	5129	5129	5129	5129	5129	5129	5129	魂不离体，死而不亡	1	0.1	50	10	1	0
686	1136	-1	共生	PetSkill1_11	-1	0	0	1	1	1	-1	0	-1	0	2	9					562	-1	0	2	0	0	0	-1	-1	-1	8	1	-1	-1	-1		-1	0	1200	-1	-1	1	0	-1	0	0	0	100	-1	0	-1	0	0	0	-1	0	0	5141	5141	5141	5141	5141	5141	5141	5141	5141	5141	5141	5141	5141	5141	5141	5141	魂系其主，同生共死	1	0.1	50	10	1	0
687	1137	-1	高级共生	PetSkill1_12	-1	0	0	1	1	1	-1	0	-1	0	2	9					563	-1	0	2	0	0	0	-1	-1	-1	8	1	-1	-1	-1		-1	0	1200	-1	-1	1	0	-1	0	0	0	100	-1	0	-1	0	0	0	-1	0	0	5153	5153	5153	5153	5153	5153	5153	5153	5153	5153	5153	5153	5153	5153	5153	5153	魂系其主，同生共死	1	0.1	50	10	1	0
688	1138	-1	治疗	PetSkill4_11	-1	0	0	1	1	1	-1	0	-1	0	2	9					564	-1	0	2	0	0	0	-1	-1	-1	8	1	-1	-1	-1		-1	0	1200	-1	-1	1	0	-1	0	0	0	100	-1	0	-1	0	0	0	-1	0	0	5165	5166	5167	5168	5169	5170	5171	5172	5173	5174	5175	5176	18181	18182	18183	18184	内息流转，生生不灭	1	0.1	50	10	1	0
689	1139	-1	高级治疗	PetSkill4_12	-1	0	0	1	1	1	-1	0	-1	0	2	9					565	-1	0	2	0	0	0	-1	-1	-1	8	1	-1	-1	-1		-1	0	1200	-1	-1	1	0	-1	0	0	0	100	-1	0	-1	0	0	0	-1	0	0	5177	5178	5179	5180	5181	5182	5183	5184	5185	5186	5187	5188	18191	18192	18193	18194	内息流转，生生不灭	1	0.1	50	10	1	0
690	1140	-1	肉墙	PetSkill2_9	-1	0	0	1	1	1	-1	0	-1	0	2	9					566	-1	0	2	0	0	0	-1	-1	-1	8	1	-1	-1	-1		-1	3	1200	-1	-1	1	0	-1	0	0	0	100	-1	0	-1	0	0	0	-1	0	0	5189	5189	5189	5189	5189	5189	5189	5189	5189	5189	5189	5189	5189	5189	5189	5189	护其主，代其身，虽死无怨	1	0.1	50	10	1	0
691	1141	-1	高级肉墙	PetSkill2_10	-1	0	0	1	1	1	-1	0	-1	0	2	9					567	-1	0	2	0	0	0	-1	-1	-1	8	1	-1	-1	-1		-1	3	1200	-1	-1	1	0	-1	0	0	0	100	-1	0	-1	0	0	0	-1	0	0	5201	5201	5201	5201	5201	5201	5201	5201	5201	5201	5201	5201	5201	5201	5201	5201	护其主，代其身，虽死无怨	1	0.1	50	10	1	0
692	1142	-1	神佑	PetSkill4_1	-1	0	0	1	1	1	-1	0	-1	0	2	9					568	-1	0	2	0	0	0	-1	-1	-1	8	1	-1	-1	-1		-1	3	1200	-1	-1	1	0	-1	0	0	0	100	-1	0	-1	0	0	0	-1	0	0	5213	5213	5213	5213	5213	5213	5213	5213	5213	5213	5213	5213	5213	5213	5213	5213	其心至诚，则神佑其主	1	0.1	50	10	1	0
693	1143	-1	高级神佑	PetSkill4_2	-1	0	0	1	1	1	-1	0	-1	0	2	9					569	-1	0	2	0	0	0	-1	-1	-1	8	1	-1	-1	-1		-1	3	1200	-1	-1	1	0	-1	0	0	0	100	-1	0	-1	0	0	0	-1	0	0	5225	5225	5225	5225	5225	5225	5225	5225	5225	5225	5225	5225	5225	5225	5225	5225	其心至诚，则神佑其主	1	0.1	50	10	1	0
694	1144	-1	嗜血	PetSkill7_1	-1	0	0	1	1	1	-1	0	-1	0	2	9					570	-1	0	2	0	0	0	-1	-1	-1	8	1	-1	-1	-1		-1	0	1200	-1	-1	1	0	-1	0	0	0	100	-1	0	-1	0	0	0	-1	0	0	5237	5237	5237	5237	5237	5237	5237	5237	5237	5237	5237	5237	5237	5237	5237	5237	沸其热血，燃其斗志	1	0.1	50	10	1	0
695	1145	-1	高级嗜血	PetSkill7_2	-1	0	0	1	1	1	-1	0	-1	0	2	9					571	-1	0	2	0	0	0	-1	-1	-1	8	1	-1	-1	-1		-1	0	1200	-1	-1	1	0	-1	0	0	0	100	-1	0	-1	0	0	0	-1	0	0	5249	5249	5249	5249	5249	5249	5249	5249	5249	5249	5249	5249	5249	5249	5249	5249	沸其热血，燃其斗志	1	0.1	50	10	1	0
696	1146	-1	血祭	PetSkill1_9	-1	0	0	1	1	1	-1	0	-1	0	2	9					572	-1	0	2	0	0	0	-1	-1	-1	8	1	-1	-1	-1		-1	0	1200	-1	-1	1	0	-1	0	0	0	100	-1	0	-1	0	0	0	-1	0	0	5261	5261	5261	5261	5261	5261	5261	5261	5261	5261	5261	5261	5261	5261	5261	5261	魂系其主，以血换气	1	0.1	50	10	1	0
697	1147	-1	高级血祭	PetSkill1_10	-1	0	0	1	1	1	-1	0	-1	0	2	9					573	-1	0	2	0	0	0	-1	-1	-1	8	1	-1	-1	-1		-1	0	1200	-1	-1	1	0	-1	0	0	0	100	-1	0	-1	0	0	0	-1	0	0	5273	5273	5273	5273	5273	5273	5273	5273	5273	5273	5273	5273	5273	5273	5273	5273	魂系其主，以血换气	1	0.1	50	10	1	0
698	1148	-1	伪装	PetSkill5_6	-1	0	0	1	1	1	-1	0	-1	0	2	9					574	-1	0	2	0	0	0	-1	-1	-1	8	1	-1	-1	-1		-1	0	1200	-1	-1	1	0	-1	0	0	0	100	-1	0	-1	0	0	0	-1	0	0	5285	5285	5285	5285	5285	5285	5285	5285	5285	5285	5285	5285	5285	5285	5285	5285	蔽其气息，隐其身形	1	0.1	50	10	1	0
699	1149	-1	高级伪装	PetSkill5_5	-1	0	0	1	1	1	-1	0	-1	0	2	9					575	-1	0	2	0	0	0	-1	-1	-1	8	1	-1	-1	-1		-1	0	1200	-1	-1	1	0	-1	0	0	0	100	-1	0	-1	0	0	0	-1	0	0	5297	5297	5297	5297	5297	5297	5297	5297	5297	5297	5297	5297	5297	5297	5297	5297	蔽其气息，隐其身形	1	0.1	50	10	1	0
700	1150	-1	附身	PetSkill2_5	-1	0	0	1	1	1	-1	0	-1	0	1	1				576	576	-1	0	2	0	1	0	-1	-1	-1	25	1	-1	-1	-1		-1	5	1200	0	15	-1	1	-1	0	2000	0	100	-1	0	-1	0	0	0	-1	0	0	5309	5309	5309	5309	5309	5309	5309	5309	5309	5309	5309	5309	5309	5309	5309	5309	魂附其体，欲动不能	1	0.1	50	10	1	0
701	1151	-1	高级附身	PetSkill2_6	-1	0	0	1	1	1	-1	0	-1	0	1	1				577	577	-1	0	2	0	1	0	-1	-1	-1	25	1	-1	-1	-1		-1	5	1200	0	15	-1	1	-1	0	2000	0	100	-1	0	-1	0	0	0	-1	0	0	5321	5321	5321	5321	5321	5321	5321	5321	5321	5321	5321	5321	5321	5321	5321	5321	魂附其体，欲动不能	1	0.1	50	10	1	0
702	1152	-1	寒冰咒	PetSkill5_9	-1	0	0	1	1	1	-1	0	1	0	2	0					578	-1	0	2	1	1	1	10	1	-1	9	0	-1	-1	112	身体受击点	-1	5	1200	0	15	-1	1	-1	0	0	0	-1	-1	0	-1	0	0	0	-1	0	1000	5333	5334	5335	5336	5337	5338	5339	5340	5341	5342	5343	5344	18201	18202	18203	18204	刺骨寒冰，伤敌无情	1	0.1	50	10	1	0
703	1153	-1	烈火咒	PetSkill5_10	-1	0	0	1	1	1	-1	0	1	0	2	0					579	-1	0	2	1	1	1	10	1	-1	9	0	-1	-1	113	身体受击点	-1	5	1200	0	15	-1	1	-1	0	0	0	-1	-1	0	-1	0	0	0	-1	0	1000	5345	5346	5347	5348	5349	5350	5351	5352	5353	5354	5355	5356	18211	18212	18213	18214	熊熊烈火，伤敌无情	1	0.1	50	10	1	0
704	1154	-1	血毒咒	PetSkill5_11	-1	0	0	1	1	1	-1	0	1	0	2	0					580	-1	0	2	1	1	1	10	1	-1	9	0	-1	-1	115	身体受击点	-1	5	1200	0	15	-1	1	-1	0	0	0	-1	-1	0	-1	0	0	0	-1	0	1000	5357	5358	5359	5360	5361	5362	5363	5364	5365	5366	5367	5368	18221	18222	18223	18224	腐血之毒，伤敌无情	1	0.1	50	10	1	0
705	1155	-1	玄雷咒	PetSkill5_12	-1	0	0	1	1	1	-1	0	1	0	2	0					581	-1	0	2	1	1	1	10	1	-1	9	0	-1	-1	114	身体受击点	-1	5	1200	0	15	-1	1	-1	0	0	0	-1	-1	0	-1	0	0	0	-1	0	1000	5369	5370	5371	5372	5373	5374	5375	5376	5377	5378	5379	5380	18231	18232	18233	18234	破天玄雷，伤敌无情	1	0.1	50	10	1	0
706	1156	-1	反击	PetSkill1_1	-1	0	0	1	1	1	-1	0	-1	0	2	0					582	-1	0	2	1	0	2	-1	4	-1	10	0	-1	-1	-1		-1	0	1200	-1	-1	1	0	-1	0	0	0	100	-1	0	-1	0	0	0	-1	0	0	5381	5381	5381	5381	5381	5381	5381	5381	5381	5381	5381	5381	5381	5381	5381	5381	精明如斯者，睚眦必报也	1	0.1	50	10	1	0
707	1157	-1	高级反击	PetSkill1_2	-1	0	0	1	1	1	-1	0	-1	0	2	0					583	-1	0	2	1	0	2	-1	4	-1	10	1	-1	-1	-1		-1	0	1200	-1	-1	1	0	-1	0	0	0	100	-1	0	-1	0	0	0	-1	0	0	5393	5393	5393	5393	5393	5393	5393	5393	5393	5393	5393	5393	5393	5393	5393	5393	精明如斯者，睚眦必报也	1	0.1	50	10	1	0
708	1158	-1	吸血	PetSkill5_15	-1	0	0	1	1	1	-1	0	-1	0	2	0					584	-1	0	2	1	0	2	-1	4	-1	11	0	-1	-1	-1		-1	0	1200	-1	-1	1	0	-1	0	0	0	100	-1	0	-1	0	0	0	-1	0	0	5405	5405	5405	5405	5405	5405	5405	5405	5405	5405	5405	5405	5405	5405	5405	5405	敌之精血，化为己用	1	0.1	50	10	1	0
709	1159	-1	高级吸血	PetSkill5_16	-1	0	0	1	1	1	-1	0	-1	0	2	0					585	-1	0	2	1	0	2	-1	4	-1	11	1	-1	-1	-1		-1	0	1200	-1	-1	1	0	-1	0	0	0	100	-1	0	-1	0	0	0	-1	0	0	5417	5417	5417	5417	5417	5417	5417	5417	5417	5417	5417	5417	5417	5417	5417	5417	敌之精血，化为己用	1	0.1	50	10	1	0
710	1160	-1	反震	PetSkill1_13	-1	0	0	1	1	1	-1	0	-1	0	2	0					586	-1	0	2	1	0	2	-1	4	-1	12	0	-1	-1	-1		-1	0	1200	-1	-1	1	0	-1	0	0	0	100	-1	0	-1	0	0	0	-1	0	0	5429	5429	5429	5429	5429	5429	5429	5429	5429	5429	5429	5429	5429	5429	5429	5429	精明如斯者，攻之必受其震也	1	0.1	50	10	1	0
711	1161	-1	高级反震	PetSkill1_14	-1	0	0	1	1	1	-1	0	-1	0	2	0					587	-1	0	2	1	0	2	-1	4	-1	12	1	-1	-1	-1		-1	0	1200	-1	-1	1	0	-1	0	0	0	100	-1	0	-1	0	0	0	-1	0	0	5441	5441	5441	5441	5441	5441	5441	5441	5441	5441	5441	5441	5441	5441	5441	5441	精明如斯者，攻之必受其震也	1	0.1	50	10	1	0
712	1162	-1	灵动	PetSkill4_9	-1	0	0	1	1	1	-1	0	-1	0	2	0					588	-1	0	2	1	0	2	-1	3	-1	13	0	-1	-1	-1		-1	0	1200	-1	-1	1	0	-1	0	0	0	100	-1	0	-1	0	0	0	-1	0	0	5453	5453	5453	5453	5453	5453	5453	5453	5453	5453	5453	5453	5453	5453	5453	5453	灵动如风者，沾其一角亦难矣	1	0.1	50	10	1	0
713	1163	-1	高级灵动	PetSkill4_10	-1	0	0	1	1	1	-1	0	-1	0	2	0					589	-1	0	2	1	0	2	-1	3	-1	13	1	-1	-1	-1		-1	0	1200	-1	-1	1	0	-1	0	0	0	100	-1	0	-1	0	0	0	-1	0	0	5465	5465	5465	5465	5465	5465	5465	5465	5465	5465	5465	5465	5465	5465	5465	5465	灵动如风者，沾其一角亦难矣	1	0.1	50	10	1	0
714	1164	-1	吸气	PetSkill2_7	-1	0	0	1	1	1	-1	0	-1	0	2	0					590	-1	0	2	1	0	2	-1	3	-1	14	0	-1	-1	-1		-1	0	1200	-1	-1	1	0	-1	0	0	0	100	-1	0	-1	0	0	0	-1	0	0	5477	5477	5477	5477	5477	5477	5477	5477	5477	5477	5477	5477	5477	5477	5477	5477	化敌之气，百技难施	1	0.1	50	10	1	0
715	1165	-1	高级吸气	PetSkill2_8	-1	0	0	1	1	1	-1	0	-1	0	2	0					591	-1	0	2	1	0	2	-1	3	-1	14	1	-1	-1	-1		-1	0	1200	-1	-1	1	0	-1	0	0	0	100	-1	0	-1	0	0	0	-1	0	0	5489	5489	5489	5489	5489	5489	5489	5489	5489	5489	5489	5489	5489	5489	5489	5489	化敌之气，百技难施	1	0.1	50	10	1	0
716	1166	-1	打怒	PetSkill4_5	-1	0	0	1	1	1	-1	0	-1	0	2	0					592	-1	0	2	1	0	2	-1	3	-1	15	0	-1	-1	-1		-1	0	1200	-1	-1	1	0	-1	0	0	0	100	-1	0	-1	0	0	0	-1	0	0	5501	5501	5501	5501	5501	5501	5501	5501	5501	5501	5501	5501	5501	5501	5501	5501	满腔怒火，消于无形	1	0.1	50	10	1	0
717	1167	-1	高级打怒	PetSkill4_6	-1	0	0	1	1	1	-1	0	-1	0	2	0					593	-1	0	2	1	0	2	-1	3	-1	15	1	-1	-1	-1		-1	0	1200	-1	-1	1	0	-1	0	0	0	100	-1	0	-1	0	0	0	-1	0	0	5513	5513	5513	5513	5513	5513	5513	5513	5513	5513	5513	5513	5513	5513	5513	5513	满腔怒火，消于无形	1	0.1	50	10	1	0
718	1168	-1	忠心	PetSkill5_1	-1	0	0	1	1	1	-1	0	-1	0	2	0					594	-1	0	2	1	0	2	-1	2	192	16	0	-1	-1	-1		-1	3	1200	-1	-1	1	0	-1	0	0	0	100	-1	0	-1	0	0	0	-1	0	0	5525	5525	5525	5525	5525	5525	5525	5525	5525	5525	5525	5525	5525	5525	5525	5525	忠其主，虽千刀万刃，亦代为受之	1	0.1	50	10	1	0
719	1169	-1	高级忠心	PetSkill5_2	-1	0	0	1	1	1	-1	0	-1	0	2	0					595	-1	0	2	1	0	2	-1	2	192	16	1	-1	-1	-1		-1	3	1200	-1	-1	1	0	-1	0	0	0	100	-1	0	-1	0	0	0	-1	0	0	5537	5537	5537	5537	5537	5537	5537	5537	5537	5537	5537	5537	5537	5537	5537	5537	忠其主，虽千刀万刃，亦代为受之	1	0.1	50	10	1	0
720	1170	-1	灵气	PetSkill5_3	-1	0	0	1	1	1	-1	0	-1	0	2	0					596	-1	0	2	1	0	2	-1	2	192	17	0	-1	-1	-1		-1	3	1200	-1	-1	1	0	-1	0	0	0	100	-1	0	-1	0	0	0	-1	0	0	5549	5549	5549	5549	5549	5549	5549	5549	5549	5549	5549	5549	5549	5549	5549	5549	天地灵气，集于一身，其主亦荣	1	0.1	50	10	1	0
721	1171	-1	高级灵气	PetSkill5_4	-1	0	0	1	1	1	-1	0	-1	0	2	0					597	-1	0	2	1	0	2	-1	2	192	17	1	-1	-1	-1		-1	3	1200	-1	-1	1	0	-1	0	0	0	100	-1	0	-1	0	0	0	-1	0	0	5561	5561	5561	5561	5561	5561	5561	5561	5561	5561	5561	5561	5561	5561	5561	5561	天地灵气，集于一身，其主亦荣	1	0.1	50	10	1	0
722	1172	-1	猛击	PetSkill2_15	-1	0	0	1	1	1	-1	0	0	0	2	3					598	-1	0	2	1	1	1	10	0	-1	18	0	-1	-1	-1		-1	5	1200	0	2	-1	1	-1	0	0	0	-1	-1	0	-1	0	0	0	-1	0	600	5573	5574	5575	5576	5577	5578	5579	5580	5581	5582	5583	5584	18241	18242	18243	18244	千钧之力，毕其一击	1	0.1	50	10	1	0
723	1173	-1	高级猛击	PetSkill2_16	-1	0	0	1	1	1	-1	0	0	0	2	3					599	-1	0	2	1	1	1	10	0	-1	18	1	-1	-1	-1		-1	5	1200	0	2	-1	1	-1	0	0	0	-1	-1	0	-1	0	0	0	-1	0	600	5585	5586	5587	5588	5589	5590	5591	5592	5593	5594	5595	5596	18251	18252	18253	18254	千钧之力，毕其一击	1	0.1	50	10	1	0
724	1174	-1	识破	PetSkill5_7	-1	0	0	1	1	1	-1	0	-1	0	2	0					600	-1	0	2	1	0	2	-1	-1	-1	19	0	-1	-1	-1		-1	3	1200	-1	-1	1	0	-1	0	0	0	100	-1	0	-1	0	0	0	-1	0	0	5597	5598	5599	5600	5601	5602	5603	5604	5605	5606	5607	5608	18261	18262	18263	18264	双目似电，魑魅魍魉，无所遁形	1	0.1	50	10	1	0
725	1175	-1	高级识破	PetSkill5_8	-1	0	0	1	1	1	-1	0	-1	0	2	0					601	-1	0	2	1	0	2	-1	-1	-1	19	1	-1	-1	-1		-1	3	1200	-1	-1	1	0	-1	0	0	0	100	-1	0	-1	0	0	0	-1	0	0	5609	5610	5611	5612	5613	5614	5615	5616	5617	5618	5619	5620	18271	18272	18273	18274	双目似电，魑魅魍魉，无所遁形	1	0.1	50	10	1	0
726	1176	-1	连击	PetSkill6_1	-1	0	0	1	1	1	-1	0	0	0	2	4					602	-1	0	2	1	1	1	10	0	-1	20	0	-1	-1	-1		-1	5	1200	0	15	-1	1	-1	0	0	0	100	-1	0	-1	0	0	0	-1	0	600	5621	5622	5623	5624	5625	5626	5627	5628	5629	5630	5631	5632	18281	18282	18283	18284	寻机觅时，出手如风	1	0.1	50	10	1	0
727	1177	-1	高级连击	PetSkill6_2	-1	0	0	1	1	1	-1	0	0	0	2	4					603	-1	0	2	1	1	1	15	0	-1	20	1	-1	-1	-1		-1	5	1200	0	15	-1	1	-1	0	0	0	100	-1	0	-1	0	0	0	-1	0	600	5633	5634	5635	5636	5637	5638	5639	5640	5641	5642	5643	5644	18291	18292	18293	18294	寻机觅时，出手如风	1	0.1	50	10	1	0
728	1178	-1	痛击	PetSkill6_3	-1	0	0	1	1	1	-1	0	0	0	2	5					604	-1	0	2	1	1	1	10	1	-1	21	0	-1	-1	-1		-1	5	1200	0	15	-1	1	-1	0	0	0	-1	-1	0	-1	0	0	0	-1	0	1000	5645	5646	5647	5648	5649	5650	5651	5652	5653	5654	5655	5656	18301	18302	18303	18304	集气蓄力，击敌之痛	1	0.1	50	10	1	0
729	1179	-1	高级痛击	PetSkill6_4	-1	0	0	1	1	1	-1	0	0	0	2	5					605	-1	0	2	1	1	1	10	1	-1	21	1	-1	-1	-1		-1	5	1200	0	15	-1	1	-1	0	0	0	-1	-1	0	-1	0	0	0	-1	0	1000	5657	5658	5659	5660	5661	5662	5663	5664	5665	5666	5667	5668	18311	18312	18313	18314	集气蓄力，击敌之痛	1	0.1	50	10	1	0
730	1180	-1	虚弱	PetSkill6_5	-1	0	0	1	1	1	-1	0	0	0	2	6					606	-1	0	2	1	1	1	8	3	-1	22	0	-1	-1	-1		-1	5	1200	0	15	-1	1	-1	0	0	0	100	-1	0	-1	0	0	0	-1	0	600	5669	5670	5671	5672	5673	5674	5675	5676	5677	5678	5679	5680	18321	18322	18323	18324	虚之弱之，敌不足畏也	1	0.1	50	10	1	0
731	1181	-1	高级虚弱	PetSkill6_6	-1	0	0	1	1	1	-1	0	0	0	2	6					607	-1	0	2	1	1	1	12	3	-1	22	1	-1	-1	-1		-1	5	1200	0	15	-1	1	-1	0	0	0	100	-1	0	-1	0	0	0	-1	0	600	5681	5682	5683	5684	5685	5686	5687	5688	5689	5690	5691	5692	18331	18332	18333	18334	虚之弱之，敌不足畏也	1	0.1	50	10	1	0
732	1182	-1	破绽	PetSkill6_7	-1	0	0	1	1	1	-1	0	0	0	2	7					608	-1	0	2	1	1	1	8	3	-1	23	0	-1	-1	-1		-1	5	1200	0	15	-1	1	-1	0	0	0	100	-1	0	-1	0	0	0	-1	0	600	5693	5694	5695	5696	5697	5698	5699	5700	5701	5702	5703	5704	18341	18342	18343	18344	觅敌破绽，一鼓而歼	1	0.1	50	10	1	0
733	1183	-1	高级破绽	PetSkill6_8	-1	0	0	1	1	1	-1	0	0	0	2	7					609	-1	0	2	1	1	1	12	3	-1	23	1	-1	-1	-1		-1	5	1200	0	15	-1	1	-1	0	0	0	100	-1	0	-1	0	0	0	-1	0	600	5705	5706	5707	5708	5709	5710	5711	5712	5713	5714	5715	5716	18351	18352	18353	18354	觅敌破绽，一鼓而歼	1	0.1	50	10	1	0
734	1184	-1	摔绊	PetSkill6_15	-1	0	0	1	1	1	-1	0	-1	0	2	8					610	-1	0	2	1	1	1	8	4	-1	24	0	-1	-1	-1		-1	5	1200	0	15	-1	1	-1	0	0	0	100	-1	0	-1	0	0	0	-1	0	600	5717	5718	5719	5720	5721	5722	5723	5724	5725	5726	5727	5728	18361	18362	18363	18364	绊其足，欲行也难	1	0.1	50	10	1	0
735	1185	-1	高级摔绊	PetSkill6_16	-1	0	0	1	1	1	-1	0	-1	0	2	8					611	-1	0	2	1	1	1	16	4	-1	24	1	-1	-1	-1		-1	5	1200	0	15	-1	1	-1	0	0	0	100	-1	0	-1	0	0	0	-1	0	600	5729	5730	5731	5732	5733	5734	5735	5736	5737	5738	5739	5740	18371	18372	18373	18374	绊其足，欲行也难	1	0.1	50	10	1	0
736	1186	-1	解穴	PetSkill6_10	-1	0	0	1	1	1	-1	0	0	0	2	9					612	-1	0	2	0	0	0	-1	-1	-1	8	1	-1	-1	-1		-1	3	1200	0	15	1	0	-1	0	0	0	100	-1	0	-1	0	0	0	-1	0	0	5741	5742	5743	5744	5745	5746	5747	5748	5749	5750	5751	5752	18381	18382	18383	18384	护其主，封其穴亦可解之	1	0.1	50	10	1	0
737	1187	-1	清醒	PetSkill6_11	-1	0	0	1	1	1	-1	0	0	0	2	9					613	-1	0	2	0	0	0	-1	-1	-1	8	1	-1	-1	-1		-1	3	1200	0	15	1	0	-1	0	0	0	100	-1	0	-1	0	0	0	-1	0	0	5753	5754	5755	5756	5757	5758	5759	5760	5761	5762	5763	5764	18391	18392	18393	18394	护其主，虽昏睡亦能醒之	1	0.1	50	10	1	0
738	1188	-1	明目	PetSkill6_12	-1	0	0	1	1	1	-1	0	0	0	2	9					614	-1	0	2	0	0	0	-1	-1	-1	8	1	-1	-1	-1		-1	3	1200	0	15	1	0	-1	0	0	0	100	-1	0	-1	0	0	0	-1	0	0	5765	5766	5767	5768	5769	5770	5771	5772	5773	5774	5775	5776	18401	18402	18403	18404	护其主，明其目，祛其盲	1	0.1	50	10	1	0
739	1189	-1	轻灵	PetSkill6_13	-1	0	0	1	1	1	-1	0	0	0	2	9					615	-1	0	2	0	0	0	-1	-1	-1	8	1	-1	-1	-1		-1	3	1200	0	15	1	0	-1	0	0	0	100	-1	0	-1	0	0	0	-1	0	0	5777	5778	5779	5780	5781	5782	5783	5784	5785	5786	5787	5788	18411	18412	18413	18414	护其主，活其筋骨，去其僵硬	1	0.1	50	10	1	0
740	1190	-1	固元	PetSkill6_9	-1	0	0	1	1	1	-1	0	0	0	2	9					616	-1	0	2	0	0	0	-1	-1	-1	8	1	-1	-1	-1		-1	3	1200	0	15	1	0	-1	0	0	0	100	-1	0	-1	0	0	0	-1	0	0	5789	5790	5791	5792	5793	5794	5795	5796	5797	5798	5799	5800	18421	18422	18423	18424	护其主，固其本元，免其散功	1	0.1	50	10	1	0
741	1191	-1	洒脱	PetSkill6_14	-1	0	0	1	1	1	-1	0	0	0	2	9					617	-1	0	2	0	0	0	-1	-1	-1	8	1	-1	-1	-1		-1	3	1200	0	15	1	0	-1	0	0	0	100	-1	0	-1	0	0	0	-1	0	0	5801	5802	5803	5804	5805	5806	5807	5808	5809	5810	5811	5812	18431	18432	18433	18434	护其主，难定其身	1	0.1	50	10	1	0
742	1192	-1	冰天雪地	MenpaiLiveSkill2_14	-1	0	0	1	1	1	-1	0	1	0	2	1					548	-1	0	2	0	2	0	-1	-1	-1	25	1	-1	-1	39		-1	7	1200	0	15	-1	1	-1	0	0	0	-1	-1	0	-1	5	360	6	-1	0	600	5813	5814	5815	5816	5817	5818	5819	5820	5821	5822	5823	5824	18441	18442	18443	18444	极寒之冰，封妖除魔，敌必灭之	1	0.1	50	10	1	0
743	1193	-1	烈火燎原	MenpaiLiveSkill2_13	-1	0	0	1	1	1	-1	0	1	0	2	1					549	-1	0	2	0	2	0	-1	-1	-1	25	1	-1	-1	40		-1	7	1200	0	15	-1	1	-1	0	0	0	-1	-1	0	-1	5	360	6	-1	0	600	5825	5826	5827	5828	5829	5830	5831	5832	5833	5834	5835	5836	18451	18452	18453	18454	地狱之火，应劫而生，敌必焚之	1	0.1	50	10	1	0
744	1194	-1	血毒万里	MenpaiLiveSkill2_16	-1	0	0	1	1	1	-1	0	1	0	2	1					550	-1	0	2	0	2	0	-1	-1	-1	25	1	-1	-1	42		-1	7	1200	0	15	-1	1	-1	0	0	0	-1	-1	0	-1	5	360	6	-1	0	600	5837	5838	5839	5840	5841	5842	5843	5844	5845	5846	5847	5848	18461	18462	18463	18464	万蛊之毒，腐筋蚀骨，敌无幸矣	1	0.1	50	10	1	0
745	1195	-1	五雷轰顶	MenpaiLiveSkill2_15	-1	0	0	1	1	1	-1	0	1	0	2	1					551	-1	0	2	0	2	0	-1	-1	-1	25	1	-1	-1	41		-1	7	1200	0	15	-1	1	-1	0	0	0	-1	-1	0	-1	5	360	6	-1	0	600	5849	5850	5851	5852	5853	5854	5855	5856	5857	5858	5859	5860	18471	18472	18473	18474	九天玄雷，破穹而至，敌难存矣	1	0.1	50	10	1	0
746	1196	-1	打破	Cloth4_13	-1	0	0	1	1	1	-1	0	0	0	2	1					617	-1	0	2	0	0	0	-1	-1	-1	25	1	-1	-1	-1		-1	3	1200	0	15	1	0	-1	0	0	0	100	-1	0	-1	0	0	0	-1	0	0	5861	5862	5863	5864	5865	5866	5867	5868	5869	5870	5871	5872	18481	18482	18483	18484	护其主，难困其身	1	0.1	50	10	1	0
747	1197	-1	咆哮	PetSkill4_15	-1	0	0	1	1	1	-1	0	-1	0	2	1					618	-1	0	2	0	0	0	-1	-1	-1	25	1	-1	-1	-1		-1	4	1200	-1	-1	-1	1	-1	0	0	0	100	-1	0	-1	15	360	20	-1	0	600	5873	5874	5875	5876	5877	5878	5879	5880	5881	5882	5883	5884	18491	18492	18493	18494	猛兽怒吼，慑敌胆魄	1	0.1	50	10	1	0
748	1198	-1	修罗咒	Food_1	-1	0	0	1	1	1	-1	0	-1	0	2	81					459	-1	0	1	0	0	-1	-1	-1	-1	-1	-1	-1	-1	-1		-1	4	1200	-1	-1	-1	1	-1	0	0	0	100	-1	0	-1	9	360	8	-1	0	0	3519	3519	3519	3519	3519	3519	3519	3519	3519	3519	3519	3519	3519	3519	3519	3519	修罗咒	1	0.1	50	10	1	0
749	1199	-1	龟壳	Food_1	-1	0	0	0	0	1	-1	0	-1	0	2	82					483	-1	0	1	0	0	-1	-1	-1	-1	-1	-1	-1	-1	-1		-1	0	1200	-1	-1	1	0	-1	1	0	0	100	-1	0	-1	0	0	0	-1	0	0	3520	3520	3520	3520	3520	3520	3520	3520	3520	3520	3520	3520	3520	3520	3520	3520	龟壳	1	0.1	50	10	1	0
750	1200	-1	天罚	Food_1	-1	0	0	1	1	1	-1	0	-1	0	2	83					505	-1	0	1	0	0	-1	-1	-1	-1	-1	-1	-1	-1	-1		-1	4	1200	-1	-1	-1	1	-1	0	0	0	100	-1	0	-1	16	360	10	-1	0	0	3517	3517	3517	3517	3517	3517	3517	3517	3517	3517	3517	3517	3517	3517	3517	3517	天罚	1	0.1	50	10	1	0
751	1201	-1	龟息	Food_1	-1	0	0	1	1	1	-1	0	-1	0	2	84					463	-1	0	1	0	0	-1	-1	-1	-1	-1	-1	-1	-1	-1		-1	4	1200	-1	-1	-1	1	-1	0	0	0	100	-1	0	-1	16	360	10	-1	0	0	3518	3518	3518	3518	3518	3518	3518	3518	3518	3518	3518	3518	3518	3518	3518	3518	龙龟定身	1	0.1	50	10	1	0
752	1202	-1	冰魂	PetSkill7_4	-1	0	0	1	1	1	-1	0	-1	0	2	0					528	-1	0	2	1	0	2	100	-1	-1	1	1	-1	-1	-1		-1	0	1200	-1	-1	0	0	-1	0	0	0	100	-1	0	-1	0	0	0	-1	0	0	5885	5885	5885	5885	5885	5885	5885	5885	5885	5885	5885	5885	5885	5885	5885	5885	冰之魂魄，冰中之王	1	0.1	50	10	1	0
753	1203	-1	火魂	PetSkill7_6	-1	0	0	1	1	1	-1	0	-1	0	2	0					529	-1	0	2	1	0	2	100	-1	-1	1	1	-1	-1	-1		-1	0	1200	-1	-1	0	0	-1	0	0	0	100	-1	0	-1	0	0	0	-1	0	0	5886	5886	5886	5886	5886	5886	5886	5886	5886	5886	5886	5886	5886	5886	5886	5886	火之魂魄，火中之王	1	0.1	50	10	1	0
754	1204	-1	毒魂	PetSkill7_5	-1	0	0	1	1	1	-1	0	-1	0	2	0					530	-1	0	2	1	0	2	100	-1	-1	1	1	-1	-1	-1		-1	0	1200	-1	-1	0	0	-1	0	0	0	100	-1	0	-1	0	0	0	-1	0	0	5887	5887	5887	5887	5887	5887	5887	5887	5887	5887	5887	5887	5887	5887	5887	5887	毒之魂魄，毒中之王	1	0.1	50	10	1	0
755	1205	-1	玄魂	PetSkill7_3	-1	0	0	1	1	1	-1	0	-1	0	2	0					531	-1	0	2	1	0	2	100	-1	-1	1	1	-1	-1	-1		-1	0	1200	-1	-1	0	0	-1	0	0	0	100	-1	0	-1	0	0	0	-1	0	0	5888	5888	5888	5888	5888	5888	5888	5888	5888	5888	5888	5888	5888	5888	5888	5888	玄之魂魄，玄中之王	1	0.1	50	10	1	0
760	101	10	余音袅袅	FightSkillMantuo_1	1	1	1	1	1	1	64	0	1	0	2	-1					776	-1	0	0	0	1	-1	-1	-1	-1	-1	-1	1	1	174	身体受击点	-1	5	800	0	15	-1	1	-1	0	0	1	-1	-1	0	-1	0	0	0	2	1	700	25000	25001	25002	25003	25004	25005	25006	25007	25008	25009	25010	25011	25012	25013	25014	25015	曼陀山庄弟子的入门功夫。使用之后可以连续对目标造成伤害。	0	0	0	0	1	0
761	102	10	寒江雪	FightSkillMantuo_2	10	0	1	1	1	1	64	0	1	0	2	53					765	-1	0	0	0	1	-1	-1	-1	-1	-1	-1	1	1	173	身体受击点	-1	6	1000	0	15	-1	1	-1	0	0	0	-1	-1	0	-1	6	360	5	0	0	1000	25016	25017	25018	25019	25020	25021	25022	25023	25024	25025	25026	25027	25028	25029	25030	25031	孤舟蓑笠翁，独钓寒江雪。使用之后可对范围内目标造成伤害，并使目标陷入僵硬状态。	1	0	0	0	1	0
762	103	10	望穿秋水	FightSkillMantuo_3	1	0	0	1	1	1	64	0	-1	0	2	71					767	-1	0	0	0	1	-1	-1	-1	-1	-1	-1	1	1	-1		-1	5	800	0	15	1	0	-1	0	0	0	100	-1	0	-1	0	0	0	0	0	0	25032	25033	25034	25035	25036	25037	25038	25039	25040	25041	25042	25043	25044	25045	25046	25047	琅嬛玉简内记载的一无名门派的绝学。使用之后可提升目标命中。	1	0	0	0	1	0
763	104	10	碣石调	FightSkillMantuo_4	45	0	1	1	1	1	65	0	1	0	2	54					757	-1	0	0	0	1	-1	-1	-1	-1	-1	-1	1	1	178	身体受击点	-1	5	900	0	15	-1	1	-1	0	0	0	-1	-1	0	-1	0	0	0	2	2	1000	25048	25049	25050	25051	25052	25053	25054	25055	25056	25057	25058	25059	25060	25061	25062	25063	相传为最早的一篇琴谱，曲调古朴悠远。使用之后可以对目标造成大量伤害。	1	0	0	0	1	0
764	105	10	列子御风	FightSkillMantuo_5	20	0	0	1	1	1	65	0	-1	0	2	55					763	-1	0	0	0	6	-1	-1	-1	-1	-1	-1	1	1	-1		-1	0	300	0	8	1	0	-1	0	0	0	100	-1	0	-1	0	0	0	0	0	0	25064	25065	25066	25067	25068	25069	25070	25071	25072	25073	25074	25075	25076	25077	25078	25079	《残谱通考》内收录的一篇清逸琴谱。使用之后可瞬间移动。	1	0	0	0	1	0
765	106	10	醉花·芳菲时	FightSkillMantuo_6	30	0	1	1	1	1	65	0	1	0	2	56					766	-1	0	0	0	1	-1	-1	-1	-1	-1	-1	1	1	177	身体受击点	-1	5	800	0	15	-1	1	-1	0	0	0	-1	-1	0	-1	0	0	0	2	2	1000	25080	25081	25082	25083	25084	25085	25086	25087	25088	25089	25090	25091	25092	25093	25094	25095	曼陀山庄独有的流芳诀，可借醉花之意御敌。需凭借曼陀花施为，使用之后可对目标造成大量伤害，并使目标麻痹。	1	0	0	0	1	0
766	107	10	天风环佩	FightSkillMantuo_7	40	0	0	1	1	1	65	0	-1	0	2	57					758	-1	0	0	0	0	-1	-1	-1	-1	-1	-1	1	1	-1		-1	4	800	-1	-1	1	0	-1	1	0	0	100	-1	0	-1	7	360	12	0	0	0	25096	25097	25098	25099	25100	25101	25102	25103	25104	25105	25106	25107	25108	25109	25110	25111	《残谱通考》内收录的一篇玄妙琴谱。使用之后可提升范围内友方的身法。	1	0	0	0	1	0
767	108	10	拈花·眼儿媚	FightSkillMantuo_8	20	0	1	1	1	1	66	0	-1	0	2	58					777	-1	0	0	0	1	-1	-1	-1	-1	-1	-1	1	1	179	身体受击点	-1	5	900	0	15	-1	1	-1	0	0	0	-1	-1	0	-1	0	0	0	2	2	1000	25112	25113	25114	25115	25116	25117	25118	25119	25120	25121	25122	25123	25124	25125	25126	25127	曼陀山庄独有的流芳诀，可借拈花之意御敌。需凭借曼陀花施为，使用之后可对目标造成大量伤害，并使目标陷入破绽状态。	1	0	0	0	1	0
768	109	10	葬花·暮春吟	FightSkillMantuo_9	30	0	1	1	1	1	66	0	1	0	2	59					771	-1	0	0	0	1	-1	-1	-1	-1	-1	-1	1	1	176	身体受击点	-1	5	800	0	15	-1	1	-1	0	0	0	-1	100	0	-1	0	0	0	2	2	0	25336	25337	25338	25339	25340	25341	25342	25343	25344	25345	25346	25347	25348	25349	25350	25351	曼陀山庄独有的流芳诀，可借葬花之意御敌。需凭借曼陀花施为，使用之后可对目标造成会心一击。	1	0	0	0	1	0
769	110	10	凉风有信	FightSkillMantuo_10	40	0	1	1	1	1	66	0	-1	0	2	60					780	-1	0	0	0	1	-1	-1	-1	-1	-1	-1	1	1	180	身体受击点	-1	5	800	0	15	-1	1	-1	0	0	0	-1	-1	0	-1	0	0	0	2	2	100	25352	25353	25354	25355	25356	25357	25358	25359	25360	25361	25362	25363	25364	25365	25366	25367	凉风有信，秋月无边。使用之后可对目标造成大量伤害，助曼陀花生长。	1	0	0	0	1	0
770	111	10	心无旁骛	FightSkillMantuo_11	1	0	0	0	0	0	67	0	-1	0	2	-1					-1	-1	0	0	1	0	-1	-1	-1	-1	-1	-1	1	1	-1		-1	0	300	-1	-1	1	0	0	0	0	0	100	0	0	-1	0	0	0	0	0	0	25128	25129	25130	25131	25132	25133	25134	25135	25136	25137	25138	25139	25140	25141	25142	25143	使你从防具中获得的内功防御力大幅提高。	0	0	0	0	1	0
771	112	10	长相思	FightSkillMantuo_12	1	0	1	1	1	1	67	0	-1	0	2	61					772	-1	0	0	0	1	-1	-1	-1	-1	-1	-1	1	1	181	身体受击点	-1	5	1000	0	15	-1	1	-1	0	0	0	-1	-1	0	-1	0	0	0	2	2	0	25144	25145	25146	25147	25148	25149	25150	25151	25152	25153	25154	25155	25156	25157	25158	25159	入我相思门，知我相思苦。使用之后可对目标造成伤害，并使目标陷入虚弱状态。	1	0	0	0	1	0
772	113	10	抱香枝头	FightSkillMantuo_13	30	0	0	1	1	1	67	0	-1	0	0	62				801	770	-1	0	0	0	0	-1	-1	-1	-1	-1	-1	1	1	-1		-1	0	800	-1	-1	1	0	-1	0	0	0	100	-1	0	-1	0	0	0	0	0	0	25160	25161	25162	25163	25164	25165	25166	25167	25168	25169	25170	25171	25172	25173	25174	25175	宁可枝头抱香死，不曾吹落北风中。使用之后使你摆出防御型姿态。	1	0.1	50	10	1	0
773	114	10	拾花·落红有情	FightSkillMantuo_14	50	0	0	1	1	1	67	0	0	0	2	63					774	-1	0	0	0	0	-1	-1	-1	-1	-1	-1	1	1	-1		-1	0	800	-1	-1	1	0	-1	0	0	0	100	-1	0	-1	0	0	0	0	0	1000	25320	25321	25322	25323	25324	25325	25326	25327	25328	25329	25330	25331	25332	25333	25334	25335	曼陀山庄独有的流芳诀，可借拾花之意回复。需凭借曼陀花施为，使用之后可瞬间回复血量。	1	0	0	0	1	0
774	115	10	斫琴法式	FightSkillMantuo_15	1	0	0	0	0	0	68	0	-1	0	2	-1					-1	-1	0	0	1	0	-1	-1	-1	-1	-1	-1	1	1	-1		-1	0	1200	-1	-1	1	0	0	0	0	0	100	0	0	-1	0	0	0	0	0	0	25176	25177	25178	25179	25180	25181	25182	25183	25184	25185	25186	25187	25188	25189	25190	25191	使你从琴类武器中获得的内功攻击力大幅提高。	0	0	0	0	1	0
775	116	10	如梦令	FightSkillMantuo_16	1	0	1	1	1	1	68	0	1	0	2	64					759	-1	0	0	0	1	-1	-1	-1	-1	-1	-1	1	1	182	身体受击点	-1	5	800	0	15	-1	1	-1	0	0	0	-1	-1	0	-1	0	0	0	2	2	1000	25192	25193	25194	25195	25196	25197	25198	25199	25200	25201	25202	25203	25204	25205	25206	25207	如梦繁华，如梦缥缈。使用之后可对目标造成伤害，并使目标陷入失明状态。	1	0	0	0	1	0
776	117	10	一曲春晓	FightSkillMantuo1_1	30	0	0	1	1	1	68	0	-1	0	0	62				800	768	-1	0	0	0	0	-1	-1	-1	-1	-1	-1	1	1	-1		-1	0	800	-1	-1	1	0	-1	0	0	0	100	-1	0	-1	0	0	0	0	0	0	25208	25209	25210	25211	25212	25213	25214	25215	25216	25217	25218	25219	25220	25221	25222	25223	曼陀山庄绝学之一，使用后使你摆出攻击型姿态。	1	0.1	50	10	1	0
777	114	10	沁园春	FightSkillMantuo1_2	50	0	0	1	1	1	68	0	0	0	2	65					775	-1	0	0	0	0	-1	-1	-1	-1	-1	-1	1	1	-1		-1	0	800	-1	-1	1	0	0	0	0	0	100	100	0	-1	0	0	0	0	0	1000	25224	25225	25226	25227	25228	25229	25230	25231	25232	25233	25234	25235	25236	25237	25238	25239	《琅琊旧典》所录秘术，使用之后可助曼陀花生长。	1	0	0	0	1	0
778	119	10	并蒂生	FightSkillMantuo1_3	10	0	0	1	1	1	69	0	0	0	2	67					779	-1	0	0	0	0	-1	-1	-1	-1	-1	-1	1	1	-1		-1	0	800	0	2	1	0	-1	0	0	0	100	-1	0	-1	0	0	0	0	0	0	25240	25241	25242	25243	25244	25245	25246	25247	25248	25249	25250	25251	25252	25253	25254	25255	曼陀山庄绝学之一，使用之后可助曼陀花生长。	1	0	0	0	1	0
779	120	10	风入松	FightSkillMantuo1_4	30	0	0	0	0	1	69	0	-1	0	2	68					761	-1	0	0	0	0	-1	-1	-1	-1	-1	-1	1	1	-1		-1	0	800	-1	-1	1	0	-1	0	0	0	100	-1	0	-1	0	0	0	0	0	0	25256	25257	25258	25259	25260	25261	25262	25263	25264	25265	25266	25267	25268	25269	25270	25271	嵇康后人赠予王语嫣的琴谱。使用之后可解除自身封穴状态。	1	0	0	0	1	0
780	121	10	广陵散	FightSkillMantuo1_5	60	0	1	1	1	1	69	0	0	0	2	69					778	-1	0	0	0	0	-1	-1	-1	-1	-1	-1	1	1	-1		-1	0	800	0	2	1	-1	-1	0	0	0	100	-1	0	-1	0	0	0	0	0	0	25304	25305	25306	25307	25308	25309	25310	25311	25312	25313	25314	25315	25316	25317	25318	25319	嵇康所著琴曲，威力巨大。使用之后可以连续对目标造成巨大伤害。	1	0	0	0	1	0
784	125	10	问花·无计留春	FightSkillMantuo1_6	1	0	1	1	1	1	70	0	1	0	2	72					799	-1	0	0	0	1	-1	-1	-1	-1	-1	-1	0	1	183	身体受击点	-1	5	1200	0	15	-1	1	-1	0	0	0	-1	-1	0	-1	0	0	0	2	2	1000	25368	25369	25370	25371	25372	25373	25374	25375	25376	25377	25378	25379	25380	25381	25382	25383	曼陀山庄独有的流芳诀，可借问花之意御敌。需凭借曼陀花施为，使用之后可对目标造成大量伤害，并使目标陷入虚弱状态。	1	0	0	0	1	0
785	126	10	弦弄花影	FightSkillMantuo1_7	1	0	1	1	1	1	70	0	1	0	2	133					798	-1	0	0	0	1	-1	-1	-1	-1	-1	-1	0	1	184	身体受击点	-1	5	1000	0	15	-1	1	-1	0	0	0	-1	-1	0	-1	0	0	0	2	2	1000	25272	25273	25274	25275	25276	25277	25278	25279	25280	25281	25282	25283	25284	25285	25286	25287	曼陀山庄绝学之一，将琴曲与百花相合。使用之后可进入花影状态。花影状态下，施为御花之术所需的曼陀花减少。	1	0	0	0	1	0
786	127	10	飞花·乱红深处	FightSkillMantuo1_8	1	0	1	1	1	1	70	0	1	0	2	130					797	-1	0	0	0	0	-1	-1	-1	-1	-1	-1	0	1	-1		-1	4	1200	0	10	-1	1	0	0	0	0	100	-1	0	-1	10	360	6	0	0	1000	25288	25289	25290	25291	25292	25293	25294	25295	25296	25297	25298	25299	25300	25301	25302	25303	曼陀山庄独有的流芳诀，可借飞花之意御敌。需凭借曼陀花施为，使用之后可对范围内玩家目标吸血造成伤害，并使目标陷入减速麻痹状态。	1	0	0	0	1	0
787	128	10	列子御风	FightSkillMantuo1_9	20	0	0	1	1	1	65	0	-1	0	2	98					763	-1	0	0	0	6	-1	-1	-1	-1	-1	-1	1	1	-1		-1	0	300	0	8	1	0	-1	0	0	0	100	-1	0	-1	0	0	0	0	0	0	30324	30325	30326	30327	30328	30329	30330	30331	30332	30333	30334	30335	30336	30337	30338	30339	《残谱通考》内收录的一篇清逸琴谱。使用之后可瞬间移动。	1	0	0	0	1	0
1001	1001	-1	铁锁横江	Food_1	-1	0	0	1	1	1	-1	0	0	0	2	0					162;163;164	-1	0	1	0	1	-1	-1	-1	-1	-1	-1	-1	-1	-1		-1	5	1200	0	1	-1	1	-1	0	0	0	-1	-1	0	-1	0	0	0	0	0	0	10001	10001	10001	10001	10001	10001	10001	10001	10001	10001	10001	10001	10001	10001	10001	10001	普通攻击外加定身效果	0	0	0	0	1	0
1002	1002	-1	火烧赤壁	Food_1	-1	0	0	1	1	1	-1	0	-1	0	2	1					485	-1	0	1	0	0	-1	-1	-1	-1	-1	-1	-1	-1	-1		-1	0	1200	-1	-1	1	0	-1	1	0	0	100	-1	0	-1	0	0	0	-1	0	0	10002	10003	10004	10005	10006	10007	10008	10009	10010	10011	10012	10013	12711	12712	12713	12714	给自己加上持续火攻和DeBuff的光环	1	0	0	0	1	0
1003	1003	-1	风火连城	Food_1	-1	0	0	1	1	1	-1	0	-1	0	2	2					621	-1	0	1	0	0	-1	-1	-1	-1	-1	-1	-1	-1	-1		-1	4	1200	-1	-1	-1	1	-1	0	0	0	-1	-1	0	-1	12	360	-1	-1	0	600	10014	10015	10016	10017	10018	10019	10020	10021	10022	10023	10024	10025	12721	12722	12723	12724	群体虚弱内功攻击	1	0	0	0	1	0
1004	1004	-1	蛟龙乱舞	Food_1	-1	0	0	1	1	1	-1	0	-1	0	2	3					485	-1	0	1	0	0	-1	-1	-1	-1	-1	-1	-1	-1	-1		-1	0	1200	-1	-1	1	0	-1	1	0	0	100	-1	0	-1	0	0	0	-1	0	0	10026	10027	10028	10029	10030	10031	10032	10033	10034	10035	10036	10037	12731	12732	12733	12734	给自己加上持续火攻的光环	1	0	0	0	1	0
1005	1005	-1	蛟龙出水	Food_1	-1	0	0	1	1	1	-1	0	-1	0	2	4					621	-1	0	1	0	0	-1	-1	-1	-1	-1	-1	-1	-1	-1		-1	4	1200	-1	-1	-1	1	-1	0	0	0	-1	-1	0	-1	15	360	-1	-1	0	600	10038	10038	10038	10038	10038	10038	10038	10038	10038	10038	10038	10038	10038	10038	10038	10038	群体Debuff	1	0	0	0	1	0
1006	1006	-1	蜃龙乱舞	Food_1	-1	0	0	1	1	1	-1	0	-1	0	2	5					485	-1	0	1	0	0	-1	-1	-1	-1	-1	-1	-1	-1	-1		-1	0	1200	-1	-1	1	0	-1	1	0	0	100	-1	0	-1	0	0	0	-1	0	0	10039	10039	10039	10039	10039	10039	10039	10039	10039	10039	10039	10039	10039	10039	10039	10039	给自己加上持续减速的光环	1	0	0	0	1	0
1007	1007	-1	海市蜃楼	Food_1	-1	0	0	1	1	1	-1	0	-1	0	2	6					621	-1	0	1	0	0	-1	-1	-1	-1	-1	-1	-1	-1	-1		-1	4	1200	-1	-1	-1	1	-1	0	0	0	-1	-1	0	-1	15	360	-1	-1	0	600	10040	10041	10042	10043	10044	10045	10046	10047	10048	10049	10050	10051	12741	12742	12743	12744	群体Debuff	1	0	0	0	1	0
1008	1008	-1	连弩塔攻击	Food_1	-1	0	0	0	0	1	-1	0	-1	0	2	1					461	-1	0	1	0	0	-1	-1	-1	-1	-1	-1	-1	-1	-1		-1	4	1200	-1	-1	-1	1	-1	0	0	0	100	-1	0	-1	20	360	-1	-1	0	600	10060	10061	10062	10063	10064	10065	10066	10067	10068	10069	10070	10071	12751	12752	12753	12754	连弩塔攻击	0	0	0	0	1	0
1009	1009	-1	守御塔减速	Food_1	-1	0	0	0	0	1	-1	0	-1	0	2	1					461	-1	0	1	0	0	-1	-1	-1	-1	-1	-1	-1	-1	-1		-1	4	1200	-1	-1	-1	1	-1	0	0	0	100	-1	0	-1	20	360	-1	-1	0	600	10072	10072	10072	10072	10072	10072	10072	10072	10072	10072	10072	10072	10072	10072	10072	10072	守御塔虚弱	0	0	0	0	1	0
1010	1010	-1	治疗塔加血	Food_1	-1	0	0	0	0	1	-1	0	-1	0	2	1					461	-1	0	1	0	0	-1	-1	-1	-1	-1	-1	-1	-1	-1		-1	4	1200	-1	-1	1	0	-1	0	0	0	100	-1	0	-1	20	360	-1	-1	0	0	10073	10074	10075	10076	10077	10078	10079	10080	10081	10082	10083	10084	12761	12762	12763	12764	治疗塔加血	0	0	0	0	1	0
1011	1011	-1	不堪一击	Food_1	-1	0	0	1	0	1	-1	0	1	0	2	88					474	-1	0	1	0	1	-1	-1	-1	-1	-1	-1	-1	-1	22	身体受击点	-1	5	1200	0	15	-1	1	-1	0	0	0	-1	-1	0	-1	0	0	0	-1	0	0	10085	10086	10087	10088	10089	10090	10091	10092	10093	10094	10095	10096	12771	12772	12773	12774	会心防御破绽	1	0.1	50	10	1	0
1012	1012	-1	一阳指	Food_1	-1	0	0	1	0	1	-1	0	1	0	2	89					451	-1	0	1	0	1	-1	-1	-1	-1	-1	-1	-1	-1	11	身体受击点	-1	5	1200	0	15	-1	1	-1	0	0	0	-1	-1	0	-1	0	0	0	-1	0	600	10097	10098	10099	10100	10101	10102	10103	10104	10105	10106	10107	10108	12781	12782	12783	12784	单远内功攻击	1	0.1	50	10	1	0
1013	1013	-1	火焰刀	Food_1	-1	0	0	1	0	1	-1	0	1	0	2	90					451	-1	0	1	0	1	-1	-1	-1	-1	-1	-1	-1	-1	-1		-1	5	1200	0	15	-1	1	-1	0	0	0	-1	-1	0	-1	0	0	0	-1	0	200	10109	10110	10111	10112	10113	10114	10115	10116	10117	10118	10119	10120	12791	12792	12793	12794	单远火系攻击	1	0.1	50	10	1	0
1014	1014	-1	六脉神剑	Food_1	-1	0	0	1	0	1	-1	0	1	0	2	50					451	-1	0	1	0	1	-1	-1	-1	-1	-1	-1	-1	-1	-1		-1	5	1200	0	15	-1	1	-1	0	0	0	-1	-1	0	-1	0	0	0	-1	0	0	10121	10121	10121	10121	10121	10121	10121	10121	10121	10121	10121	10121	10121	10121	10121	10121	段誉使不出的六脉神剑	1	0.1	50	10	1	0
1015	1015	-1	六脉神剑	Food_1	-1	0	0	1	0	1	-1	0	1	0	2	50					451	-1	0	1	0	1	-1	-1	-1	-1	-1	-1	-1	-1	95	身体受击点	-1	5	1200	0	15	-1	1	-1	0	0	0	-1	-1	0	-1	0	0	0	-1	0	300	10122	10123	10124	10125	10126	10127	10128	10129	10130	10131	10132	10133	12801	12802	12803	12804	段誉全力出手的六脉神剑	1	0.1	50	10	1	0
1016	1016	-1	斗转星移	Food_1	-1	0	0	1	1	1	-1	0	-1	0	2	91					485	-1	0	1	0	0	-1	-1	-1	-1	-1	-1	-1	-1	-1		-1	0	1200	-1	-1	1	0	-1	1	0	0	100	-1	0	-1	0	0	0	-1	0	0	10134	10134	10134	10134	10134	10134	10134	10134	10134	10134	10134	10134	10134	10134	10134	10134	伤害反弹盾	1	0.1	50	10	1	0
1017	1017	-1	悲酥清风	Food_1	-1	0	0	0	0	1	-1	0	-1	0	2	92					503	-1	0	1	0	0	-1	-1	-1	-1	-1	-1	-1	-1	-1		-1	4	1200	-1	-1	-1	1	-1	0	0	0	100	-1	0	-1	20	360	-1	-1	0	0	10135	10135	10135	10135	10135	10135	10135	10135	10135	10135	10135	10135	10135	10135	10135	10135	悲酥清风群体散功	1	0.1	50	10	1	0
1018	1018	-1	狂暴	Food_1	-1	0	0	1	1	1	-1	0	-1	0	2	93					485	-1	0	1	0	0	-1	-1	-1	-1	-1	-1	-1	-1	-1		-1	0	1200	-1	-1	1	0	-1	1	0	0	100	-1	0	-1	0	0	0	-1	0	0	10136	10136	10136	10136	10136	10136	10136	10136	10136	10136	10136	10136	10136	10136	10136	10136	攻击力增加防御力减弱	1	0.1	50	10	1	0
1019	1019	-1	百发不中	Food_1	-1	0	0	1	1	1	-1	0	-1	0	2	2					468	-1	0	1	0	1	-1	-1	-1	-1	-1	-1	-1	-1	-1		-1	5	1200	0	15	-1	1	-1	0	0	0	100	-1	0	-1	0	0	0	-1	0	600	10137	10138	10139	10140	10141	10142	10143	10144	10145	10146	10147	10148	12811	12812	12813	12814	百发不中，失之准矣	1	0.1	50	10	1	0
1020	1020	-1	憨厚	Food_1	-1	0	0	1	1	1	-1	0	-1	0	2	2					534	-1	0	1	0	0	-1	-1	-1	-1	-1	-1	-1	-1	-1		-1	0	1200	-1	-1	1	0	-1	0	0	0	100	-1	0	-1	0	0	0	-1	0	0	10149	10149	10149	10149	10149	10149	10149	10149	10149	10149	10149	10149	10149	10149	10149	10149	憨者，善守乎，攻难锐也	1	0.1	50	10	1	0
1021	1021	-1	拼命	Food_1	-1	0	0	1	1	1	-1	0	-1	0	2	2					535	-1	0	1	0	0	-1	-1	-1	-1	-1	-1	-1	-1	-1		-1	0	1200	-1	-1	1	0	-1	0	0	0	100	-1	0	-1	0	0	0	-1	0	0	10150	10151	10152	10153	10154	10155	10156	10157	10158	10159	10160	10161	12821	12822	12823	12824	勇者，不顾己身，其战必锐	1	0.1	50	10	1	0
1022	1022	-1	狂暴	Food_1	-1	0	0	1	1	1	-1	0	-1	0	2	2					537	-1	0	1	0	0	-1	-1	-1	-1	-1	-1	-1	-1	-1		-1	0	1200	-1	-1	1	0	-1	0	0	0	100	-1	0	-1	0	0	0	-1	0	0	10162	10162	10162	10162	10162	10162	10162	10162	10162	10162	10162	10162	10162	10162	10162	10162	狂暴者，奋于力战，无谋亦可	1	0.1	50	10	1	0
1023	1023	-1	参合指	Food_1	-1	0	0	1	1	1	-1	0	1	0	2	94					451	-1	0	1	0	1	-1	-1	-1	-1	-1	-1	-1	-1	80	身体受击点	-1	5	1200	0	15	-1	1	-1	0	0	0	-1	-1	0	-1	0	0	0	-1	0	600	10163	10164	10165	10166	10167	10168	10169	10170	10171	10172	10173	10174	12831	12832	12833	12834	单远内外功攻击	1	0.1	50	10	1	0
1024	1024	-1	哪里走	Food_1	-1	0	0	0	0	1	-1	-1	-1	0	2	54					193	-1	0	1	0	0	-1	-1	-1	-1	-1	-1	-1	-1	-1	 	-1	0	1200	-1	-1	-1	1	-1	0	0	0	100	-1	0	-1	0	0	0	0	0	0	128	128	128	128	128	128	128	128	128	128	128	128	128	128	128	128	所有玩家除少林以外定身10秒， 20秒冷却时间	1	0.1	50	10	1	0
1025	1025	-1	悬枢之痛	Food_1	-1	0	0	0	0	1	-1	-1	-1	0	2	55					193	-1	0	1	0	0	-1	-1	-1	-1	-1	-1	-1	-1	-1	 	-1	0	1200	-1	-1	1	0	-1	0	0	0	100	-1	0	-1	0	0	0	0	0	0	128	128	128	128	128	128	128	128	128	128	128	128	128	128	128	128		1	0.1	50	10	1	0
1026	1026	-1	气海之痛	Food_1	-1	0	0	0	0	1	-1	-1	-1	0	2	55					193	-1	0	1	0	0	-1	-1	-1	-1	-1	-1	-1	-1	-1	 	-1	0	1200	-1	-1	1	0	-1	0	0	0	100	-1	0	-1	0	0	0	0	0	0	128	128	128	128	128	128	128	128	128	128	128	128	128	128	128	128		1	0.1	50	10	1	0
1027	1027	-1	丝竹空之痛	Food_1	-1	0	0	0	0	1	-1	-1	-1	0	2	55					193	-1	0	1	0	0	-1	-1	-1	-1	-1	-1	-1	-1	-1	 	-1	0	1200	-1	-1	1	0	-1	0	0	0	100	-1	0	-1	0	0	0	0	0	0	128	128	128	128	128	128	128	128	128	128	128	128	128	128	128	128		1	0.1	50	10	1	0
1028	1028	-1	土遁	Food_1	-1	0	0	0	0	1	-1	-1	-1	0	0	54				195	-1	-1	0	1	0	0	-1	-1	-1	-1	-1	-1	-1	-1	-1		-1	0	1200	-1	-1	1	0	-1	0	0	0	100	-1	0	-1	0	0	0	0	0	0	10184	10184	10184	10184	10184	10184	10184	10184	10184	10184	10184	10184	10184	10184	10184	10184	桑土公隐身无敌	1	0.1	50	10	1	0
1029	1029	-1	牛毛毒针	Food_1	-1	0	0	0	0	1	-1	-1	-1	0	0	55				193	194	-1	0	1	0	0	-1	-1	-1	-1	-1	-1	-1	-1	-1	 	-1	4	1200	-1	-1	-1	1	-1	0	0	0	100	-1	0	-1	15	360	12	0	0	0	10182	10182	10182	10182	10182	10182	10182	10182	10182	10182	10182	10182	10182	10182	10182	10182	群体毒AOE	1	0	0	0	1	0
1030	1030	-1	金灯万盏	Food_1	-1	0	0	0	0	1	-1	-1	-1	0	2	56					193	-1	0	1	0	0	-1	-1	-1	-1	-1	-1	-1	-1	-1		-1	4	1200	-1	-1	-1	1	-1	0	0	0	-1	-1	0	-1	20	360	12	0	0	0	10183	10183	10183	10183	10183	10183	10183	10183	10183	10183	10183	10183	10183	10183	10183	10183	乌老大技能	1	0.1	50	10	1	0
1031	1031	-1	绿波香露	Food_1	-1	0	0	0	0	1	-1	-1	-1	0	2	57					194	-1	0	1	0	0	-1	-1	-1	-1	-1	-1	-1	-1	-1		-1	5	1200	-1	-1	-1	1	-1	0	0	0	-1	-1	0	-1	0	0	0	0	0	0	128	128	128	128	128	128	128	128	128	128	128	128	128	128	128	128	毒伤陷阱	1	0.1	50	10	1	0
1032	1032	-1	麻痹毒药	Food_1	-1	0	0	0	0	1	-1	-1	-1	0	2	54					162	-1	0	1	0	0	-1	-1	-1	-1	-1	-1	-1	-1	-1	 	-1	0	1200	-1	-1	-1	1	-1	0	0	0	100	-1	0	-1	0	0	0	0	0	0	128	128	128	128	128	128	128	128	128	128	128	128	128	128	128	128	毒DOT	1	0.1	50	10	1	0
1033	1033	-1	剑芒	Food_1	-1	0	0	0	0	1	-1	-1	-1	0	2	54					195	-1	0	1	0	0	-1	-1	-1	-1	-1	-1	-1	-1	-1	 	-1	5	1200	-1	-1	-1	1	-1	0	0	0	100	-1	0	-1	0	0	0	0	0	0	128	128	128	128	128	128	128	128	128	128	128	128	128	128	128	128	接近MAX HP的伤害技能，程序实现。此处是空技能。	1	0.1	50	10	1	0
1034	1034	-1	金甲	Food_1	-1	0	0	0	0	1	-1	-1	-1	0	2	54					193	-1	0	1	0	0	-1	-1	-1	-1	-1	-1	-1	-1	-1		-1	0	1200	-1	-1	1	0	-1	0	0	0	100	-1	0	-1	0	0	0	0	0	0	10179	10179	10179	10179	10179	10179	10179	10179	10179	10179	10179	10179	10179	10179	10179	10179	外功免疫	1	0.1	50	10	1	0
1035	1035	-1	明镜	Food_1	-1	0	0	0	0	1	-1	-1	-1	0	2	54					193	-1	0	1	0	0	-1	-1	-1	-1	-1	-1	-1	-1	-1		-1	0	1200	-1	-1	1	0	-1	0	0	0	100	-1	0	-1	0	0	0	0	0	0	10180	10180	10180	10180	10180	10180	10180	10180	10180	10180	10180	10180	10180	10180	10180	10180	内功免疫	1	0.1	50	10	1	0
1036	1036	-1	兄弟	Food_1	-1	0	0	0	0	1	-1	-1	-1	0	2	54					194	-1	0	1	0	0	-1	-1	-1	-1	-1	-1	-1	-1	-1		-1	0	1200	-1	-1	1	0	-1	0	0	0	100	-1	0	-1	0	0	0	0	0	0	128	128	128	128	128	128	128	128	128	128	128	128	128	128	128	128	双子有一个挂掉时另一个加BUFF	0	0.1	50	10	1	0
1037	1037	-1	暗雷	Food_1	-1	0	0	0	0	1	-1	-1	-1	0	2	54					193	-1	0	1	0	0	-1	-1	-1	-1	-1	-1	-1	-1	-1	 	-1	5	1200	-1	-1	-1	1	-1	0	0	0	100	-1	0	-1	0	0	0	0	0	0	128	128	128	128	128	128	128	128	128	128	128	128	128	128	128	128	十秒后爆炸，空技能	1	0.1	50	10	1	0
1038	1038	-1	精算	Food_1	-1	0	0	0	0	1	-1	-1	-1	0	2	55					193	-1	0	1	0	0	-1	-1	-1	-1	-1	-1	-1	-1	-1		-1	0	1200	-1	-1	1	0	-1	0	0	0	100	-1	0	-1	0	0	0	-1	0	0	10185	10185	10185	10185	10185	10185	10185	10185	10185	10185	10185	10185	10185	10185	10185	10185	只受内外功攻击中较小的一个	1	0.1	50	10	1	0
1039	1039	-1	不平道人普攻(远程)	FightSkillDaLi_1	-1	0	0	0	0	1	-1	-1	1	0	2	-1					196	-1	0	1	0	0	-1	-1	-1	-1	-1	-1	-1	-1	95	身体受击点	-1	5	1200	0	15	-1	1	-1	0	0	1	-1	-1	0	-1	0	0	0	2	1	1000	10186	10186	10186	10186	10186	10186	10186	10186	10186	10186	10186	10186	10186	10186	10186	10186	远程普攻	0	0.1	50	10	1	0
1040	1040	-1	有趣	Food_1	-1	0	0	0	0	1	-1	-1	-1	0	2	54					194	-1	0	1	0	0	-1	-1	-1	-1	-1	-1	-1	-1	-1	 	-1	0	1200	-1	-1	-1	1	-1	0	0	0	100	-1	0	-1	0	0	0	0	0	0	128	128	128	128	128	128	128	128	128	128	128	128	128	128	128	128		1	0.1	50	10	1	0
1041	1041	-1	震慑	Food_1	-1	0	0	0	0	1	-1	-1	-1	0	2	54					194	-1	0	1	0	0	-1	-1	-1	-1	-1	-1	-1	-1	-1	 	-1	0	1200	-1	-1	-1	1	-1	0	0	0	100	-1	0	-1	0	0	0	0	0	0	128	128	128	128	128	128	128	128	128	128	128	128	128	128	128	128		1	0.1	50	10	1	0
1042	1042	-1	小无相功	Food_1	-1	0	0	0	0	1	-1	-1	-1	0	2	54					200	-1	0	1	0	0	-1	-1	-1	-1	-1	-1	-1	-1	-1	 	-1	0	1200	-1	-1	-1	1	-1	0	0	0	100	-1	0	-1	0	0	0	0	0	0	128	128	128	128	128	128	128	128	128	128	128	128	128	128	128	128		1	0.1	50	10	1	0
1043	1043	-1	剑舞	Food_1	-1	0	0	0	0	1	-1	-1	-1	0	2	54					194	-1	0	1	0	0	-1	-1	-1	-1	-1	-1	-1	-1	-1	 	-1	0	15000	-1	-1	-1	1	-1	0	0	0	100	-1	0	-1	0	0	0	0	0	0	10188	10188	10188	10188	10188	10188	10188	10188	10188	10188	10188	10188	10188	10188	10188	10188	剑舞(紫)	1	0.1	50	10	1	0
1044	1044	-1	剑舞	Food_1	-1	0	0	0	0	1	-1	-1	-1	0	2	54					195	-1	0	1	0	0	-1	-1	-1	-1	-1	-1	-1	-1	-1	 	-1	0	15000	-1	-1	-1	1	-1	0	0	0	100	-1	0	-1	0	0	0	0	0	0	10189	10189	10189	10189	10189	10189	10189	10189	10189	10189	10189	10189	10189	10189	10189	10189	剑舞(红)	1	0.1	50	10	1	0
1045	1045	-1	剑舞	Food_1	-1	0	0	0	0	1	-1	-1	-1	0	2	54					196	-1	0	1	0	0	-1	-1	-1	-1	-1	-1	-1	-1	-1	 	-1	0	15000	-1	-1	-1	1	-1	0	0	0	100	-1	0	-1	0	0	0	0	0	0	10190	10190	10190	10190	10190	10190	10190	10190	10190	10190	10190	10190	10190	10190	10190	10190	剑舞(白)	1	0.1	50	10	1	0
1046	1046	-1	剑舞	Food_1	-1	0	0	0	0	1	-1	-1	-1	0	2	54					197	-1	0	1	0	0	-1	-1	-1	-1	-1	-1	-1	-1	-1	 	-1	0	15000	-1	-1	-1	1	-1	0	0	0	100	-1	0	-1	0	0	0	0	0	0	10191	10191	10191	10191	10191	10191	10191	10191	10191	10191	10191	10191	10191	10191	10191	10191	剑舞(黄)	1	0.1	50	10	1	0
1047	1047	-1	剑舞	Food_1	-1	0	0	0	0	1	-1	-1	-1	0	2	54					198	-1	0	1	0	0	-1	-1	-1	-1	-1	-1	-1	-1	-1	 	-1	0	15000	-1	-1	-1	1	-1	0	0	0	100	-1	0	-1	0	0	0	0	0	0	10192	10192	10192	10192	10192	10192	10192	10192	10192	10192	10192	10192	10192	10192	10192	10192	剑舞(蓝)	1	0.1	50	10	1	0
1048	1048	-1	剑舞	Food_1	-1	0	0	0	0	1	-1	-1	-1	0	2	54					199	-1	0	1	0	0	-1	-1	-1	-1	-1	-1	-1	-1	-1	 	-1	0	15000	-1	-1	-1	1	-1	0	0	0	100	-1	0	-1	0	0	0	0	0	0	10193	10193	10193	10193	10193	10193	10193	10193	10193	10193	10193	10193	10193	10193	10193	10193	剑舞(绿)	1	0.1	50	10	1	0
1049	1049	-1	洒脱	Food_1	-1	0	0	0	0	1	-1	-1	-1	0	2	55					-1	-1	0	1	0	0	-1	-1	-1	-1	-1	-1	-1	-1	-1		-1	0	1200	-1	-1	1	0	-1	0	0	0	100	-1	0	-1	0	0	0	-1	0	0	10187	10187	10187	10187	10187	10187	10187	10187	10187	10187	10187	10187	10187	10187	10187	10185	只受内外功攻击中较小的一个	1	0.1	50	10	1	0
1050	1050	-1	寒冰	Food_3	-1	0	0	0	0	1	-1	-1	-1	0	2	54					193	-1	0	1	0	0	-1	-1	-1	-1	-1	-1	-1	-1	-1	 	-1	0	1200	-1	-1	-1	1	-1	0	0	0	100	-1	0	-1	0	0	0	0	0	0	128	128	128	128	128	128	128	128	128	128	128	128	128	128	128	128		1	0.1	50	10	1	0
1051	1051	-1	一刀斩	Food_1	-1	0	0	1	1	1	-1	0	-1	0	2	40					493	-1	0	1	0	0	-1	-1	-1	-1	-1	-1	-1	-1	-1		-1	4	1200	-1	-1	-1	1	-1	0	0	0	100	-1	0	-1	5	360	-1	-1	0	600	10194	10194	10194	10194	10194	10194	10194	10194	10194	10194	10194	10194	10194	10194	10194	10194	群体外功攻击	1	0.1	50	10	1	0
1052	1052	-1	旋风斩	Food_1	-1	1	0	1	1	1	-1	0	-1	0	0	10				460	461	-1	0	1	0	0	-1	-1	-1	-1	-1	-1	-1	-1	-1		-1	4	1200	-1	-1	-1	1	-1	0	0	0	100	-1	0	-1	5	360	-1	-1	0	600	10195	10195	10195	10195	10195	10195	10195	10195	10195	10195	10195	10195	10195	10195	10195	10195	旋风斩群功	1	0.1	50	10	1	0
1053	1053	-1	洪棘咒	Food_1	-1	0	0	1	1	1	-1	0	-1	0	2	40					493	-1	0	1	0	0	-1	-1	-1	-1	-1	-1	-1	-1	-1		-1	4	1200	-1	-1	-1	1	-1	0	0	0	100	-1	0	-1	5	360	-1	-1	0	600	10196	10196	10196	10196	10196	10196	10196	10196	10196	10196	10196	10196	10196	10196	10196	10196	群体外功攻击	1	0.1	50	10	1	0
1054	1054	-1	烈焰炼狱	Food_1	-1	1	0	1	1	1	-1	0	-1	0	0	69				515	516	-1	0	1	0	0	-1	-1	-1	-1	-1	-1	-1	-1	-1		-1	4	1200	-1	-1	-1	1	-1	0	0	0	100	-1	0	-1	9	360	-1	-1	0	600	10197	10197	10197	10197	10197	10197	10197	10197	10197	10197	10197	10197	10197	10197	10197	10197	群体火攻击	1	0	0	0	1	0
1056	1056	-1	猫拳	Food_1	-1	0	0	1	1	1	-1	0	-1	0	2	83					503	-1	0	1	0	0	-1	-1	-1	-1	-1	-1	-1	-1	-1		-1	4	1200	-1	-1	-1	1	-1	0	0	0	-1	-1	0	-1	15	360	-1	-1	0	600	4407	4407	4407	4407	4407	4407	4407	4407	4407	4407	4407	4407	4407	4407	4407	4407	群体内功攻击	1	0.1	50	10	1	0
1057	1057	-1	闹猫	Food_1	-1	0	0	1	1	1	-1	0	1	0	2	89					465	-1	0	1	0	1	-1	-1	-1	-1	-1	-1	-1	-1	-1		-1	5	1200	0	15	-1	1	-1	0	0	0	100	-1	0	-1	0	0	0	-1	0	0	4445	4445	4445	4445	4445	4445	4445	4445	4445	4445	4445	4445	4445	4445	4445	4445	麻痹10秒(NPC)	1	0.1	50	10	1	0
1067	1067	-1	落星塔攻击	Food_1	-1	0	0	0	0	1	-1	0	-1	0	2	1					162	-1	0	1	0	0	-1	-1	-1	-1	-1	-1	-1	-1	-1		-1	4	1200	-1	-1	-1	1	-1	0	0	0	100	-1	0	-1	15	360	15	-1	0	600	4455	4455	4455	4455	4455	4455	4455	4455	4455	4455	4455	4455	4455	4455	4455	4455		0	0	0	0	1	0
1068	1068	-1	焚香塔减防御加攻击	Food_1	-1	0	0	0	0	1	-1	0	-1	0	2	2						-1	0	1	0	0	-1	-1	-1	-1	-1	-1	-1	-1	-1		-1	4	0	-1	-1	-1	1	-1	0	0	0	100	-1	0	-1	15	360	15	-1	0	600	4456	4456	4456	4456	4456	4456	4456	4456	4456	4456	4456	4456	4456	4456	4456	4456		0	0	0	0	1	0
1069	1069	-1	焚香塔减防御	Food_1	-1	0	0	0	0	1	-1	0	-1	0	2	3					163	-1	0	1	0	0	-1	-1	-1	-1	-1	-1	-1	-1	-1		-1	4	1200	-1	-1	1	0	-1	0	0	0	100	-1	0	-1	15	360	15	-1	0	0	4457	4457	4457	4457	4457	4457	4457	4457	4457	4457	4457	4457	4457	4457	4457	4457		0	0	0	0	1	0
1070	1070	-1	斩妖剑	Food_1	-1	0	0	1	1	1	-1	-1	1	1	2	87					724	-1	0	3	0	1	-1	-1	-1	-1	-1	-1	-1	0	119	身体受击点	-1	5	1000	0	15	-1	-1	2	0	0	0	100	-1	0	-1	0	0	0	0	0	0	10332	10332	10332	10332	10332	10332	10332	10332	10332	10332	10332	10332	10332	10332	10332	10332		0	0.1	50	10	1	0
1083	1083	-1	吉祥如意	Food_1	-1	0	0	1	0	1	-1	-1	-1	0	0	75				491	491	-1	0	0	0	0	-1	-1	-1	-1	-1	-1	-1	0	-1	 	-1	0	1200	-1	-1	1	0	-1	0	0	0	100	-1	0	-1	0	0	0	0	0	0	10333	10333	10333	10333	10333	10333	10333	10333	10333	10333	10333	10333	10333	10333	10333	10333	打扫中（高级）	0	0.1	50	10	1	0
1084	1084	-1	吉祥如意	Food_1	-1	0	0	1	0	1	-1	-1	-1	0	0	75				492	492	-1	0	0	0	0	-1	-1	-1	-1	-1	-1	-1	0	-1	 	-1	0	1600	-1	-1	1	0	-1	0	0	0	100	-1	0	-1	0	0	0	0	0	0	10334	10334	10334	10334	10334	10334	10334	10334	10334	10334	10334	10334	10334	10334	10334	10334	取火中（高级）	0	0.1	50	10	1	0
1085	1085	-1	吉祥如意	Food_1	-1	0	0	1	0	1	-1	-1	-1	0	0	75				493	493	-1	0	0	0	0	-1	-1	-1	-1	-1	-1	-1	0	-1	 	-1	0	1600	-1	-1	1	0	-1	0	0	0	100	-1	0	-1	0	0	0	0	0	0	10335	10335	10335	10335	10335	10335	10335	10335	10335	10335	10335	10335	10335	10335	10335	10335	打酒中（高级）	0	0.1	50	10	1	0
1086	1086	-1	吉祥如意	Food_1	-1	0	0	1	0	1	-1	-1	-1	0	0	75				494	494	-1	0	0	0	0	-1	-1	-1	-1	-1	-1	-1	0	-1	 	-1	0	1600	-1	-1	1	0	-1	0	0	0	100	-1	0	-1	0	0	0	0	0	0	10336	10336	10336	10336	10336	10336	10336	10336	10336	10336	10336	10336	10336	10336	10336	10336	采集中（高级）	0	0.1	50	10	1	0
1087	1087	-1	吉祥如意	Food_1	-1	0	0	1	0	1	-1	-1	-1	0	0	75				495	495	-1	0	0	0	0	-1	-1	-1	-1	-1	-1	-1	0	-1	 	-1	0	1600	-1	-1	1	0	-1	0	0	0	100	-1	0	-1	0	0	0	0	0	0	10337	10337	10337	10337	10337	10337	10337	10337	10337	10337	10337	10337	10337	10337	10337	10337	喂养中（高级）	0	0.1	50	10	1	0
1088	1088	-1	吉祥如意	Food_1	-1	0	0	1	0	1	-1	-1	-1	0	0	75				496	496	-1	0	0	0	0	-1	-1	-1	-1	-1	-1	-1	0	-1	 	-1	0	1600	-1	-1	1	0	-1	0	0	0	100	-1	0	-1	0	0	0	0	0	0	10338	10338	10338	10338	10338	10338	10338	10338	10338	10338	10338	10338	10338	10338	10338	10338	喂养中（高级）	0	0.1	50	10	1	0
1089	1089	-1	吉祥如意	Food_1	-1	0	0	1	0	1	-1	-1	-1	0	0	75				497	497	-1	0	0	0	0	-1	-1	-1	-1	-1	-1	-1	0	-1	 	-1	0	600	-1	-1	1	0	-1	0	0	0	100	-1	0	-1	0	0	0	0	0	0	10339	10339	10339	10339	10339	10339	10339	10339	10339	10339	10339	10339	10339	10339	10339	10339	试炼中（高级）	0	0.1	50	10	1	0
1090	1090	-1	吉祥如意	Food_1	-1	0	0	1	0	1	-1	-1	-1	0	0	75				498	498	-1	0	0	0	0	-1	-1	-1	-1	-1	-1	-1	0	-1	 	-1	0	1600	-1	-1	1	0	-1	0	0	0	100	-1	0	-1	0	0	0	0	0	0	10340	10340	10340	10340	10340	10340	10340	10340	10340	10340	10340	10340	10340	10340	10340	10340	灌水中（高级）	0	0.1	50	10	1	0
1091	1091	-1	吉祥如意	Food_1	-1	0	0	1	0	1	-1	-1	-1	0	0	75				499	499	-1	0	0	0	0	-1	-1	-1	-1	-1	-1	-1	0	-1	 	-1	0	2000	-1	-1	1	0	-1	0	0	0	100	-1	0	-1	0	0	0	0	0	0	10341	10341	10341	10341	10341	10341	10341	10341	10341	10341	10341	10341	10341	10341	10341	10341	读取中（高级）	0	0.1	50	10	1	0
1092	1092	-1	燃放一枚鞭炮	Food_1	-1	0	0	1	1	1	-1	-1	-1	1	0	87				143	192	-1	0	0	0	0	-1	-1	-1	-1	-1	-1	-1	0	-1		-1	4	1000	-1	-1	-1	1	2	0	0	0	100	-1	0	-1	5	360	2	0	0	0	10342	10342	10342	10342	10342	10342	10342	10342	10342	10342	10342	10342	10342	10342	10342	10342	燃放一枚鞭炮	0	0.1	50	10	1	0
1093	1093	-1	燃放一挂鞭炮	Food_1	-1	0	0	1	1	1	-1	-1	-1	1	0	87				143	192	-1	0	0	0	0	-1	-1	-1	-1	-1	-1	-1	0	-1		-1	4	1000	-1	-1	-1	1	2	0	0	0	100	-1	0	-1	5	360	2	0	0	0	10343	10343	10343	10343	10343	10343	10343	10343	10343	10343	10343	10343	10343	10343	10343	10343	燃放一挂鞭炮	0	0.1	50	10	1	0
1094	1094	-1	年兽说话	Food_1	-1	0	0	0	0	0	-1	-1	-1	1	2	88					-1	-1	0	1	0	0	-1	-1	-1	-1	-1	-1	-1	0	-1		-1	0	1000	-1	-1	-1	-1	-1	0	0	0	-1	-1	0	-1	0	0	-1	-1	0	0	10344	10344	10344	10344	10344	10344	10344	10344	10344	10344	10344	10344	10344	10344	10344	10344	空技能	0	0.1	50	10	1	0
1095	1095	-1	犯兽·困	Food_1	-1	0	0	0	0	1	-1	0	1	0	2	89					451	-1	0	1	0	0	-1	-1	-1	-1	-1	-1	-1	-1	-1		-1	4	1200	-1	-1	-1	1	0	0	0	0	100	-1	0	-1	8	360	6	-1	0	600	10345	10345	10345	10345	10345	10345	10345	10345	10345	10345	10345	10345	10345	10345	10345	10345	炸弹人围困	1	0.1	50	10	1	0
1096	1096	-1	犯兽·迟	Food_1	-1	0	0	0	0	1	-1	0	1	0	2	89					451	-1	0	1	0	0	-1	-1	-1	-1	-1	-1	-1	-1	-1		-1	4	1200	-1	-1	-1	1	0	0	0	0	100	-1	0	-1	8	360	6	-1	0	600	10346	10346	10346	10346	10346	10346	10346	10346	10346	10346	10346	10346	10346	10346	10346	10346	炸弹人减速	1	0.1	50	10	1	0
1097	1097	-1	犯兽·变	Food_1	-1	0	0	0	0	1	-1	0	1	0	2	89					451	-1	0	1	0	0	-1	-1	-1	-1	-1	-1	-1	-1	-1		-1	4	1200	-1	-1	-1	1	0	0	0	0	100	-1	0	-1	8	360	6	-1	0	600	10347	10347	10347	10347	10347	10347	10347	10347	10347	10347	10347	10347	10347	10347	10347	10347	炸弹人变身	1	0.1	50	10	1	0
1098	1098	-1	犯兽·变	Food_1	-1	0	0	0	0	1	-1	0	1	0	2	89					451	-1	0	1	0	0	-1	-1	-1	-1	-1	-1	-1	-1	-1		-1	4	1200	-1	-1	-1	1	0	0	0	0	100	-1	0	-1	8	360	6	-1	0	600	10348	10348	10348	10348	10348	10348	10348	10348	10348	10348	10348	10348	10348	10348	10348	10348	炸弹人变身	1	0.1	50	10	1	0
1099	1099	-1	犯兽·变	Food_1	-1	0	0	0	0	1	-1	0	1	0	2	89					451	-1	0	1	0	0	-1	-1	-1	-1	-1	-1	-1	-1	-1		-1	4	1200	-1	-1	-1	1	0	0	0	0	100	-1	0	-1	8	360	6	-1	0	600	10349	10349	10349	10349	10349	10349	10349	10349	10349	10349	10349	10349	10349	10349	10349	10349	炸弹人变身	1	0.1	50	10	1	0
1100	1100	-1	爆裂	Food_1	-1	0	0	1	1	1	-1	-1	1	0	0	87				0	129	-1	0	1	0	0	-1	-1	-1	-1	-1	-1	-1	0	-1		-1	4	1200	-1	-1	-1	-1	-1	0	0	0	100	-1	0	-1	5	360	10	0	0	0	10350	10350	10350	10350	10350	10350	10350	10350	10350	10350	10352	10353	10354	10354	10354	10354	爆裂	1	0	0	0	1	0
1101	1101	-1	山神的力量	Food_1	-1	0	0	1	0	1	-1	-1	-1	0	2	90					129	-1	0	1	0	0	-1	-1	-1	-1	-1	-1	-1	0	-1	 	-1	0	1200	-1	-1	1	1	-1	0	0	0	100	-1	0	-1	0	0	0	0	0	0	128	128	128	128	128	128	128	128	128	128	128	128	128	128	128	128		1	0.1	50	10	1	0
1102	1102	-1	山神的愤怒	Food_1	-1	0	0	1	1	1	-1	-1	1	0	2	89					129	-1	0	1	0	0	-1	-1	-1	-1	-1	-1	-1	0	-1		-1	0	1200	-1	-1	1	1	-1	0	0	0	100	-1	0	-1	7.5	360	12	0	0	0	10351	10351	10351	10351	10351	10351	10351	10351	10351	10355	10356	10357	10357	10357	10357	10357		1	0.1	50	10	1	0
1103	1103	-1	山神的守候	Food_1	-1	0	0	1	0	1	-1	-1	-1	0	2	90					129	-1	0	1	0	0	-1	-1	-1	-1	-1	-1	-1	0	-1	 	-1	0	1200	-1	-1	1	1	-1	0	0	0	100	-1	0	-1	0	0	0	0	0	0	128	128	128	128	128	128	128	128	128	128	128	128	128	128	128	128		1	0.1	50	10	1	0
1110	1110	-1	牛毛毒针	Food_1	-1	0	0	0	0	1	-1	-1	-1	0	0	55				193	194	-1	0	1	0	0	-1	-1	-1	-1	-1	-1	-1	-1	-1	 	-1	4	1200	-1	-1	-1	1	-1	0	0	0	100	-1	0	-1	15	360	12	0	0	0	10360	10360	10360	10360	10360	10360	10360	10360	10360	10360	10360	10360	10360	10360	10360	10360	群体毒AOE	1	0	0	0	1	0
1111	1111	-1	金灯万盏	Food_1	-1	0	0	0	0	1	-1	-1	-1	0	2	56					193	-1	0	1	0	0	-1	-1	-1	-1	-1	-1	-1	-1	-1		-1	4	1200	-1	-1	-1	1	-1	0	0	0	-1	-1	0	-1	20	360	12	0	0	0	10361	10361	10361	10361	10361	10361	10361	10361	10361	10361	10361	10361	10361	10361	10361	10361	乌老大技能	1	0.1	50	10	1	0
1112	1112	-1	麻痹毒药	Food_1	-1	0	0	0	0	1	-1	-1	-1	0	2	54					162	-1	0	1	0	0	-1	-1	-1	-1	-1	-1	-1	-1	-1	 	-1	0	1200	-1	-1	-1	1	-1	0	0	0	100	-1	0	-1	0	0	0	0	0	0	128	128	128	128	128	128	128	128	128	128	128	128	128	128	128	128	毒DOT	1	0.1	50	10	1	0
1113	1113	-1	绿波香露	Food_1	-1	0	0	0	0	1	-1	-1	-1	0	2	57					194	-1	0	1	0	0	-1	-1	-1	-1	-1	-1	-1	-1	-1		-1	5	1200	-1	-1	-1	1	-1	0	0	0	-1	-1	0	-1	0	0	0	0	0	0	128	128	128	128	128	128	128	128	128	128	128	128	128	128	128	128	毒伤陷阱	1	0.1	50	10	1	0
1114	1114	-1	暗雷	Food_1	-1	0	0	0	0	1	-1	-1	-1	0	2	54					193	-1	0	1	0	0	-1	-1	-1	-1	-1	-1	-1	-1	-1	 	-1	5	1200	-1	-1	-1	1	-1	0	0	0	100	-1	0	-1	0	0	0	0	0	0	128	128	128	128	128	128	128	128	128	128	128	128	128	128	128	128	十秒后爆炸，空技能	1	0.1	50	10	1	0
1115	1115	-1	寒冰	Food_3	-1	0	0	0	0	1	-1	-1	-1	0	2	54					193	-1	0	1	0	0	-1	-1	-1	-1	-1	-1	-1	-1	-1	 	-1	0	1200	-1	-1	-1	1	-1	0	0	0	100	-1	0	-1	0	0	0	0	0	0	128	128	128	128	128	128	128	128	128	128	128	128	128	128	128	128		1	0.1	50	10	1	0
1116	1116	-1	超级借力（1级）	PetSkill8_16	-1	0	0	1	1	1	-1	0	-1	0	2	0					539	-1	0	2	1	0	2	100	-1	-1	3	2	-1	-1	-1		-1	3	1200	-1	-1	1	0	-1	0	0	0	100	-1	0	-1	0	0	0	-1	0	0	18495	18496	18497	18498	18499	18500	18501	18502	18503	18504	18505	18506	18507	18508	18509	18510	弼其主，神力善战	1	0.1	50	10	1	0
1117	1117	-1	超级借力（2级）	PetSkill8_16	-1	0	0	1	1	1	-1	0	-1	0	2	0					539	-1	0	2	1	0	2	100	-1	-1	3	3	-1	-1	-1		-1	3	1200	-1	-1	1	0	-1	0	0	0	100	-1	0	-1	0	0	0	-1	0	0	18511	18512	18513	18514	18515	18516	18517	18518	18519	18520	18521	18522	18523	18524	18525	18526	弼其主，神力善战	1	0.1	50	10	1	0
1118	1118	-1	超级借力（3级）	PetSkill8_16	-1	0	0	1	1	1	-1	0	-1	0	2	0					539	-1	0	2	1	0	2	100	-1	-1	3	4	-1	-1	-1		-1	3	1200	-1	-1	1	0	-1	0	0	0	100	-1	0	-1	0	0	0	-1	0	0	18527	18528	18529	18530	18531	18532	18533	18534	18535	18536	18537	18538	18539	18540	18541	18542	弼其主，神力善战	1	0.1	50	10	1	0
1119	1119	-1	超级借力（4级）	PetSkill8_16	-1	0	0	1	1	1	-1	0	-1	0	2	0					539	-1	0	2	1	0	2	100	-1	-1	3	5	-1	-1	-1		-1	3	1200	-1	-1	1	0	-1	0	0	0	100	-1	0	-1	0	0	0	-1	0	0	18543	18544	18545	18546	18547	18548	18549	18550	18551	18552	18553	18554	18555	18556	18557	18558	弼其主，神力善战	1	0.1	50	10	1	0
1120	1120	-1	超级借力（5级）	PetSkill8_16	-1	0	0	1	1	1	-1	0	-1	0	2	0					539	-1	0	2	1	0	2	100	-1	-1	3	6	-1	-1	-1		-1	3	1200	-1	-1	1	0	-1	0	0	0	100	-1	0	-1	0	0	0	-1	0	0	18559	18560	18561	18562	18563	18564	18565	18566	18567	18568	18569	18570	18571	18572	18573	18574	弼其主，神力善战	1	0.1	50	10	1	0
1121	1121	-1	超级借力（6级）	PetSkill8_16	-1	0	0	1	1	1	-1	0	-1	0	2	0					539	-1	0	2	1	0	2	100	-1	-1	3	7	-1	-1	-1		-1	3	1200	-1	-1	1	0	-1	0	0	0	100	-1	0	-1	0	0	0	-1	0	0	18575	18576	18577	18578	18579	18580	18581	18582	18583	18584	18585	18586	18587	18588	18589	18590	弼其主，神力善战	1	0.1	50	10	1	0
1122	1122	-1	超级借力（7级）	PetSkill8_16	-1	0	0	1	1	1	-1	0	-1	0	2	0					539	-1	0	2	1	0	2	100	-1	-1	3	8	-1	-1	-1		-1	3	1200	-1	-1	1	0	-1	0	0	0	100	-1	0	-1	0	0	0	-1	0	0	18591	18592	18593	18594	18595	18596	18597	18598	18599	18600	18601	18602	18603	18604	18605	18606	弼其主，神力善战	1	0.1	50	10	1	0
1123	1123	-1	超级借力（8级）	PetSkill8_16	-1	0	0	1	1	1	-1	0	-1	0	2	0					539	-1	0	2	1	0	2	100	-1	-1	3	9	-1	-1	-1		-1	3	1200	-1	-1	1	0	-1	0	0	0	100	-1	0	-1	0	0	0	-1	0	0	18607	18608	18609	18610	18611	18612	18613	18614	18615	18616	18617	18618	18619	18620	18621	18622	弼其主，神力善战	1	0.1	50	10	1	0
1124	1124	-1	超级借力（9级）	PetSkill8_16	-1	0	0	1	1	1	-1	0	-1	0	2	0					539	-1	0	2	1	0	2	100	-1	-1	3	10	-1	-1	-1		-1	3	1200	-1	-1	1	0	-1	0	0	0	100	-1	0	-1	0	0	0	-1	0	0	18623	18624	18625	18626	18627	18628	18629	18630	18631	18632	18633	18634	18635	18636	18637	18638	弼其主，神力善战	1	0.1	50	10	1	0
1125	1125	-1	超级移魂(1级)	PetSkill8_7	-1	0	0	1	1	1	-1	0	-1	0	2	0					541	-1	0	2	1	0	2	100	-1	-1	4	2	-1	-1	-1		-1	3	1200	-1	-1	1	0	-1	0	0	0	100	-1	0	-1	0	0	0	-1	0	0	18639	18640	18641	18642	18643	18644	18645	18646	18647	18648	18649	18650	18651	18652	18653	18654	辅其主，定力非凡	1	0.1	50	10	1	0
1126	1126	-1	超级移魂(2级)	PetSkill8_7	-1	0	0	1	1	1	-1	0	-1	0	2	0					541	-1	0	2	1	0	2	100	-1	-1	4	3	-1	-1	-1		-1	3	1200	-1	-1	1	0	-1	0	0	0	100	-1	0	-1	0	0	0	-1	0	0	18655	18656	18657	18658	18659	18660	18661	18662	18663	18664	18665	18666	18667	18668	18669	18670	辅其主，定力非凡	1	0.1	50	10	1	0
1127	1127	-1	超级移魂(3级)	PetSkill8_7	-1	0	0	1	1	1	-1	0	-1	0	2	0					541	-1	0	2	1	0	2	100	-1	-1	4	4	-1	-1	-1		-1	3	1200	-1	-1	1	0	-1	0	0	0	100	-1	0	-1	0	0	0	-1	0	0	18671	18672	18673	18674	18675	18676	18677	18678	18679	18680	18681	18682	18683	18684	18685	18686	辅其主，定力非凡	1	0.1	50	10	1	0
1128	1128	-1	超级移魂(4级)	PetSkill8_7	-1	0	0	1	1	1	-1	0	-1	0	2	0					541	-1	0	2	1	0	2	100	-1	-1	4	5	-1	-1	-1		-1	3	1200	-1	-1	1	0	-1	0	0	0	100	-1	0	-1	0	0	0	-1	0	0	18687	18688	18689	18690	18691	18692	18693	18694	18695	18696	18697	18698	18699	18700	18701	18702	辅其主，定力非凡	1	0.1	50	10	1	0
1129	1129	-1	超级移魂(5级)	PetSkill8_7	-1	0	0	1	1	1	-1	0	-1	0	2	0					541	-1	0	2	1	0	2	100	-1	-1	4	6	-1	-1	-1		-1	3	1200	-1	-1	1	0	-1	0	0	0	100	-1	0	-1	0	0	0	-1	0	0	18703	18704	18705	18706	18707	18708	18709	18710	18711	18712	18713	18714	18715	18716	18717	18718	辅其主，定力非凡	1	0.1	50	10	1	0
1130	1130	-1	超级移魂(6级)	PetSkill8_7	-1	0	0	1	1	1	-1	0	-1	0	2	0					541	-1	0	2	1	0	2	100	-1	-1	4	7	-1	-1	-1		-1	3	1200	-1	-1	1	0	-1	0	0	0	100	-1	0	-1	0	0	0	-1	0	0	18719	18720	18721	18722	18723	18724	18725	18726	18727	18728	18729	18730	18731	18732	18733	18734	辅其主，定力非凡	1	0.1	50	10	1	0
1131	1131	-1	超级移魂(7级)	PetSkill8_7	-1	0	0	1	1	1	-1	0	-1	0	2	0					541	-1	0	2	1	0	2	100	-1	-1	4	8	-1	-1	-1		-1	3	1200	-1	-1	1	0	-1	0	0	0	100	-1	0	-1	0	0	0	-1	0	0	18735	18736	18737	18738	18739	18740	18741	18742	18743	18744	18745	18746	18747	18748	18749	18750	辅其主，定力非凡	1	0.1	50	10	1	0
1132	1132	-1	超级移魂(8级)	PetSkill8_7	-1	0	0	1	1	1	-1	0	-1	0	2	0					541	-1	0	2	1	0	2	100	-1	-1	4	9	-1	-1	-1		-1	3	1200	-1	-1	1	0	-1	0	0	0	100	-1	0	-1	0	0	0	-1	0	0	18751	18752	18753	18754	18755	18756	18757	18758	18759	18760	18761	18762	18763	18764	18765	18766	辅其主，定力非凡	1	0.1	50	10	1	0
1133	1133	-1	超级移魂(9级)	PetSkill8_7	-1	0	0	1	1	1	-1	0	-1	0	2	0					541	-1	0	2	1	0	2	100	-1	-1	4	10	-1	-1	-1		-1	3	1200	-1	-1	1	0	-1	0	0	0	100	-1	0	-1	0	0	0	-1	0	0	18767	18768	18769	18770	18771	18772	18773	18774	18775	18776	18777	18778	18779	18780	18781	18782	辅其主，定力非凡	1	0.1	50	10	1	0
1134	1134	-1	超级瞬影(1级)	PetSkill8_14	-1	0	0	1	1	1	-1	0	-1	0	2	0					543	-1	0	2	1	0	2	100	-1	-1	5	2	-1	-1	-1		-1	3	1200	-1	-1	1	0	-1	0	0	0	100	-1	0	-1	0	0	0	-1	0	0	18783	18784	18785	18786	18787	18788	18789	18790	18791	18792	18793	18794	18795	18796	18797	18798	弼其主，身法大进	1	0.1	50	10	1	0
1135	1135	-1	超级瞬影(2级)	PetSkill8_14	-1	0	0	1	1	1	-1	0	-1	0	2	0					543	-1	0	2	1	0	2	100	-1	-1	5	3	-1	-1	-1		-1	3	1200	-1	-1	1	0	-1	0	0	0	100	-1	0	-1	0	0	0	-1	0	0	18799	18800	18801	18802	18803	18804	18805	18806	18807	18808	18809	18810	18811	18812	18813	18814	弼其主，身法大进	1	0.1	50	10	1	0
1136	1136	-1	超级瞬影(3级)	PetSkill8_14	-1	0	0	1	1	1	-1	0	-1	0	2	0					543	-1	0	2	1	0	2	100	-1	-1	5	4	-1	-1	-1		-1	3	1200	-1	-1	1	0	-1	0	0	0	100	-1	0	-1	0	0	0	-1	0	0	18815	18816	18817	18818	18819	18820	18821	18822	18823	18824	18825	18826	18827	18828	18829	18830	弼其主，身法大进	1	0.1	50	10	1	0
1137	1137	-1	超级瞬影(4级)	PetSkill8_14	-1	0	0	1	1	1	-1	0	-1	0	2	0					543	-1	0	2	1	0	2	100	-1	-1	5	5	-1	-1	-1		-1	3	1200	-1	-1	1	0	-1	0	0	0	100	-1	0	-1	0	0	0	-1	0	0	18831	18832	18833	18834	18835	18836	18837	18838	18839	18840	18841	18842	18843	18844	18845	18846	弼其主，身法大进	1	0.1	50	10	1	0
1138	1138	-1	超级瞬影(5级)	PetSkill8_14	-1	0	0	1	1	1	-1	0	-1	0	2	0					543	-1	0	2	1	0	2	100	-1	-1	5	6	-1	-1	-1		-1	3	1200	-1	-1	1	0	-1	0	0	0	100	-1	0	-1	0	0	0	-1	0	0	18847	18848	18849	18850	18851	18852	18853	18854	18855	18856	18857	18858	18859	18860	18861	18862	弼其主，身法大进	1	0.1	50	10	1	0
1139	1139	-1	超级瞬影(6级)	PetSkill8_14	-1	0	0	1	1	1	-1	0	-1	0	2	0					543	-1	0	2	1	0	2	100	-1	-1	5	7	-1	-1	-1		-1	3	1200	-1	-1	1	0	-1	0	0	0	100	-1	0	-1	0	0	0	-1	0	0	18863	18864	18865	18866	18867	18868	18869	18870	18871	18872	18873	18874	18875	18876	18877	18878	弼其主，身法大进	1	0.1	50	10	1	0
1140	1140	-1	超级瞬影(7级)	PetSkill8_14	-1	0	0	1	1	1	-1	0	-1	0	2	0					543	-1	0	2	1	0	2	100	-1	-1	5	8	-1	-1	-1		-1	3	1200	-1	-1	1	0	-1	0	0	0	100	-1	0	-1	0	0	0	-1	0	0	18879	18880	18881	18882	18883	18884	18885	18886	18887	18888	18889	18890	18891	18892	18893	18894	弼其主，身法大进	1	0.1	50	10	1	0
1141	1141	-1	超级瞬影(8级)	PetSkill8_14	-1	0	0	1	1	1	-1	0	-1	0	2	0					543	-1	0	2	1	0	2	100	-1	-1	5	9	-1	-1	-1		-1	3	1200	-1	-1	1	0	-1	0	0	0	100	-1	0	-1	0	0	0	-1	0	0	18895	18896	18897	18898	18899	18900	18901	18902	18903	18904	18905	18906	18907	18908	18909	18910	弼其主，身法大进	1	0.1	50	10	1	0
1142	1142	-1	超级瞬影(9级)	PetSkill8_14	-1	0	0	1	1	1	-1	0	-1	0	2	0					543	-1	0	2	1	0	2	100	-1	-1	5	10	-1	-1	-1		-1	3	1200	-1	-1	1	0	-1	0	0	0	100	-1	0	-1	0	0	0	-1	0	0	18911	18912	18913	18914	18915	18916	18917	18918	18919	18920	18921	18922	18923	18924	18925	18926	弼其主，身法大进	1	0.1	50	10	1	0
1143	1143	-1	超级强身(1级)	PetSkill8_11	-1	0	0	1	1	1	-1	0	-1	0	2	0					545	-1	0	2	1	0	2	100	-1	-1	6	2	-1	-1	-1		-1	3	1200	-1	-1	1	0	-1	0	0	0	100	-1	0	-1	0	0	0	-1	0	0	18927	18928	18929	18930	18931	18932	18933	18934	18935	18936	18937	18938	18939	18940	18941	18942	佐其主，体力过人	1	0.1	50	10	1	0
1144	1144	-1	超级强身(2级)	PetSkill8_11	-1	0	0	1	1	1	-1	0	-1	0	2	0					545	-1	0	2	1	0	2	100	-1	-1	6	3	-1	-1	-1		-1	3	1200	-1	-1	1	0	-1	0	0	0	100	-1	0	-1	0	0	0	-1	0	0	18943	18944	18945	18946	18947	18948	18949	18950	18951	18952	18953	18954	18955	18956	18957	18958	佐其主，体力过人	1	0.1	50	10	1	0
1145	1145	-1	超级强身(3级)	PetSkill8_11	-1	0	0	1	1	1	-1	0	-1	0	2	0					545	-1	0	2	1	0	2	100	-1	-1	6	4	-1	-1	-1		-1	3	1200	-1	-1	1	0	-1	0	0	0	100	-1	0	-1	0	0	0	-1	0	0	18959	18960	18961	18962	18963	18964	18965	18966	18967	18968	18969	18970	18971	18972	18973	18974	佐其主，体力过人	1	0.1	50	10	1	0
1146	1146	-1	超级强身(4级)	PetSkill8_11	-1	0	0	1	1	1	-1	0	-1	0	2	0					545	-1	0	2	1	0	2	100	-1	-1	6	5	-1	-1	-1		-1	3	1200	-1	-1	1	0	-1	0	0	0	100	-1	0	-1	0	0	0	-1	0	0	18975	18976	18977	18978	18979	18980	18981	18982	18983	18984	18985	18986	18987	18988	18989	18990	佐其主，体力过人	1	0.1	50	10	1	0
1147	1147	-1	超级强身(5级)	PetSkill8_11	-1	0	0	1	1	1	-1	0	-1	0	2	0					545	-1	0	2	1	0	2	100	-1	-1	6	6	-1	-1	-1		-1	3	1200	-1	-1	1	0	-1	0	0	0	100	-1	0	-1	0	0	0	-1	0	0	18991	18992	18993	18994	18995	18996	18997	18998	18999	19000	19001	19002	19003	19004	19005	19006	佐其主，体力过人	1	0.1	50	10	1	0
1148	1148	-1	超级强身(6级)	PetSkill8_11	-1	0	0	1	1	1	-1	0	-1	0	2	0					545	-1	0	2	1	0	2	100	-1	-1	6	7	-1	-1	-1		-1	3	1200	-1	-1	1	0	-1	0	0	0	100	-1	0	-1	0	0	0	-1	0	0	19007	19008	19009	19010	19011	19012	19013	19014	19015	19016	19017	19018	19019	19020	19021	19022	佐其主，体力过人	1	0.1	50	10	1	0
1149	1149	-1	超级强身(7级)	PetSkill8_11	-1	0	0	1	1	1	-1	0	-1	0	2	0					545	-1	0	2	1	0	2	100	-1	-1	6	8	-1	-1	-1		-1	3	1200	-1	-1	1	0	-1	0	0	0	100	-1	0	-1	0	0	0	-1	0	0	19023	19024	19025	19026	19027	19028	19029	19030	19031	19032	19033	19034	19035	19036	19037	19038	佐其主，体力过人	1	0.1	50	10	1	0
1150	1150	-1	超级强身(8级)	PetSkill8_11	-1	0	0	1	1	1	-1	0	-1	0	2	0					545	-1	0	2	1	0	2	100	-1	-1	6	9	-1	-1	-1		-1	3	1200	-1	-1	1	0	-1	0	0	0	100	-1	0	-1	0	0	0	-1	0	0	19039	19040	19041	19042	19043	19044	19045	19046	19047	19048	19049	19050	19051	19052	19053	19054	佐其主，体力过人	1	0.1	50	10	1	0
1151	1151	-1	超级强身(9级)	PetSkill8_11	-1	0	0	1	1	1	-1	0	-1	0	2	0					545	-1	0	2	1	0	2	100	-1	-1	6	10	-1	-1	-1		-1	3	1200	-1	-1	1	0	-1	0	0	0	100	-1	0	-1	0	0	0	-1	0	0	19055	19056	19057	19058	19059	19060	19061	19062	19063	19064	19065	19066	19067	19068	19069	19070	佐其主，体力过人	1	0.1	50	10	1	0
1152	1152	-1	超级凝神（1级）	PetSkill8_4	-1	0	0	1	1	1	-1	0	-1	0	2	0					547	-1	0	2	1	0	2	100	-1	-1	7	2	-1	-1	-1		-1	3	1200	-1	-1	1	0	-1	0	0	0	100	-1	0	-1	0	0	0	-1	0	0	19071	19072	19073	19074	19075	19076	19077	19078	19079	19080	19081	19082	19083	19084	19085	19086	佑其主，灵气逼人	1	0.1	50	10	1	0
1153	1153	-1	超级凝神（2级）	PetSkill8_4	-1	0	0	1	1	1	-1	0	-1	0	2	0					547	-1	0	2	1	0	2	100	-1	-1	7	3	-1	-1	-1		-1	3	1200	-1	-1	1	0	-1	0	0	0	100	-1	0	-1	0	0	0	-1	0	0	19087	19088	19089	19090	19091	19092	19093	19094	19095	19096	19097	19098	19099	19100	19101	19102	佑其主，灵气逼人	1	0.1	50	10	1	0
1154	1154	-1	超级凝神（3级）	PetSkill8_4	-1	0	0	1	1	1	-1	0	-1	0	2	0					547	-1	0	2	1	0	2	100	-1	-1	7	4	-1	-1	-1		-1	3	1200	-1	-1	1	0	-1	0	0	0	100	-1	0	-1	0	0	0	-1	0	0	19103	19104	19105	19106	19107	19108	19109	19110	19111	19112	19113	19114	19115	19116	19117	19118	佑其主，灵气逼人	1	0.1	50	10	1	0
1155	1155	-1	超级凝神（4级）	PetSkill8_4	-1	0	0	1	1	1	-1	0	-1	0	2	0					547	-1	0	2	1	0	2	100	-1	-1	7	5	-1	-1	-1		-1	3	1200	-1	-1	1	0	-1	0	0	0	100	-1	0	-1	0	0	0	-1	0	0	19119	19120	19121	19122	19123	19124	19125	19126	19127	19128	19129	19130	19131	19132	19133	19134	佑其主，灵气逼人	1	0.1	50	10	1	0
1156	1156	-1	超级凝神（5级）	PetSkill8_4	-1	0	0	1	1	1	-1	0	-1	0	2	0					547	-1	0	2	1	0	2	100	-1	-1	7	6	-1	-1	-1		-1	3	1200	-1	-1	1	0	-1	0	0	0	100	-1	0	-1	0	0	0	-1	0	0	19135	19136	19137	19138	19139	19140	19141	19142	19143	19144	19145	19146	19147	19148	19149	19150	佑其主，灵气逼人	1	0.1	50	10	1	0
1157	1157	-1	超级凝神（6级）	PetSkill8_4	-1	0	0	1	1	1	-1	0	-1	0	2	0					547	-1	0	2	1	0	2	100	-1	-1	7	7	-1	-1	-1		-1	3	1200	-1	-1	1	0	-1	0	0	0	100	-1	0	-1	0	0	0	-1	0	0	19151	19152	19153	19154	19155	19156	19157	19158	19159	19160	19161	19162	19163	19164	19165	19166	佑其主，灵气逼人	1	0.1	50	10	1	0
1158	1158	-1	超级凝神（7级）	PetSkill8_4	-1	0	0	1	1	1	-1	0	-1	0	2	0					547	-1	0	2	1	0	2	100	-1	-1	7	8	-1	-1	-1		-1	3	1200	-1	-1	1	0	-1	0	0	0	100	-1	0	-1	0	0	0	-1	0	0	19167	19168	19169	19170	19171	19172	19173	19174	19175	19176	19177	19178	19179	19180	19181	19182	佑其主，灵气逼人	1	0.1	50	10	1	0
1159	1159	-1	超级凝神（8级）	PetSkill8_4	-1	0	0	1	1	1	-1	0	-1	0	2	0					547	-1	0	2	1	0	2	100	-1	-1	7	9	-1	-1	-1		-1	3	1200	-1	-1	1	0	-1	0	0	0	100	-1	0	-1	0	0	0	-1	0	0	19183	19184	19185	19186	19187	19188	19189	19190	19191	19192	19193	19194	19195	19196	19197	19198	佑其主，灵气逼人	1	0.1	50	10	1	0
1160	1160	-1	超级凝神（9级）	PetSkill8_4	-1	0	0	1	1	1	-1	0	-1	0	2	0					547	-1	0	2	1	0	2	100	-1	-1	7	10	-1	-1	-1		-1	3	1200	-1	-1	1	0	-1	0	0	0	100	-1	0	-1	0	0	0	-1	0	0	19199	19200	19201	19202	19203	19204	19205	19206	19207	19208	19209	19210	19211	19212	19213	19214	佑其主，灵气逼人	1	0.1	50	10	1	0
1161	1161	-1	冰罡（1级）	PetSkill8_2	-1	0	0	1	1	1	-1	0	-1	0	2	0					528	-1	0	2	1	0	2	100	-1	-1	1	2	-1	-1	-1		-1	0	1200	-1	-1	0	0	-1	0	0	0	100	-1	0	-1	0	0	0	-1	0	0	19215	19215	19215	19215	19215	19215	19215	19215	19215	19215	19215	19215	19215	19215	19215	19215	冰之魂魄，冰中之王	1	0.1	50	10	1	0
1162	1162	-1	冰罡（2级）	PetSkill8_2	-1	0	0	1	1	1	-1	0	-1	0	2	0					528	-1	0	2	1	0	2	100	-1	-1	1	3	-1	-1	-1		-1	0	1200	-1	-1	0	0	-1	0	0	0	100	-1	0	-1	0	0	0	-1	0	0	19216	19216	19216	19216	19216	19216	19216	19216	19216	19216	19216	19216	19216	19216	19216	19216	冰之魂魄，冰中之王	1	0.1	50	10	1	0
1163	1163	-1	冰罡（3级）	PetSkill8_2	-1	0	0	1	1	1	-1	0	-1	0	2	0					528	-1	0	2	1	0	2	100	-1	-1	1	4	-1	-1	-1		-1	0	1200	-1	-1	0	0	-1	0	0	0	100	-1	0	-1	0	0	0	-1	0	0	19217	19217	19217	19217	19217	19217	19217	19217	19217	19217	19217	19217	19217	19217	19217	19217	冰之魂魄，冰中之王	1	0.1	50	10	1	0
1164	1164	-1	冰罡（4级）	PetSkill8_2	-1	0	0	1	1	1	-1	0	-1	0	2	0					528	-1	0	2	1	0	2	100	-1	-1	1	5	-1	-1	-1		-1	0	1200	-1	-1	0	0	-1	0	0	0	100	-1	0	-1	0	0	0	-1	0	0	19218	19218	19218	19218	19218	19218	19218	19218	19218	19218	19218	19218	19218	19218	19218	19218	冰之魂魄，冰中之王	1	0.1	50	10	1	0
1165	1165	-1	冰罡（5级）	PetSkill8_2	-1	0	0	1	1	1	-1	0	-1	0	2	0					528	-1	0	2	1	0	2	100	-1	-1	1	6	-1	-1	-1		-1	0	1200	-1	-1	0	0	-1	0	0	0	100	-1	0	-1	0	0	0	-1	0	0	19219	19219	19219	19219	19219	19219	19219	19219	19219	19219	19219	19219	19219	19219	19219	19219	冰之魂魄，冰中之王	1	0.1	50	10	1	0
1166	1166	-1	冰罡（6级）	PetSkill8_2	-1	0	0	1	1	1	-1	0	-1	0	2	0					528	-1	0	2	1	0	2	100	-1	-1	1	7	-1	-1	-1		-1	0	1200	-1	-1	0	0	-1	0	0	0	100	-1	0	-1	0	0	0	-1	0	0	19220	19220	19220	19220	19220	19220	19220	19220	19220	19220	19220	19220	19220	19220	19220	19220	冰之魂魄，冰中之王	1	0.1	50	10	1	0
1167	1167	-1	冰罡（7级）	PetSkill8_2	-1	0	0	1	1	1	-1	0	-1	0	2	0					528	-1	0	2	1	0	2	100	-1	-1	1	8	-1	-1	-1		-1	0	1200	-1	-1	0	0	-1	0	0	0	100	-1	0	-1	0	0	0	-1	0	0	19221	19221	19221	19221	19221	19221	19221	19221	19221	19221	19221	19221	19221	19221	19221	19221	冰之魂魄，冰中之王	1	0.1	50	10	1	0
1168	1168	-1	冰罡（8级）	PetSkill8_2	-1	0	0	1	1	1	-1	0	-1	0	2	0					528	-1	0	2	1	0	2	100	-1	-1	1	9	-1	-1	-1		-1	0	1200	-1	-1	0	0	-1	0	0	0	100	-1	0	-1	0	0	0	-1	0	0	19222	19222	19222	19222	19222	19222	19222	19222	19222	19222	19222	19222	19222	19222	19222	19222	冰之魂魄，冰中之王	1	0.1	50	10	1	0
1169	1169	-1	冰罡（9级）	PetSkill8_2	-1	0	0	1	1	1	-1	0	-1	0	2	0					528	-1	0	2	1	0	2	100	-1	-1	1	10	-1	-1	-1		-1	0	1200	-1	-1	0	0	-1	0	0	0	100	-1	0	-1	0	0	0	-1	0	0	19223	19223	19223	19223	19223	19223	19223	19223	19223	19223	19223	19223	19223	19223	19223	19223	冰之魂魄，冰中之王	1	0.1	50	10	1	0
1170	1170	-1	火罡（1级）	PetSkill9_4	-1	0	0	1	1	1	-1	0	-1	0	2	0					529	-1	0	2	1	0	2	100	-1	-1	1	2	-1	-1	-1		-1	0	1200	-1	-1	0	0	-1	0	0	0	100	-1	0	-1	0	0	0	-1	0	0	19224	19224	19224	19224	19224	19224	19224	19224	19224	19224	19224	19224	19224	19224	19224	19224	火之魂魄，火中之王	1	0.1	50	10	1	0
1171	1171	-1	火罡（2级）	PetSkill9_4	-1	0	0	1	1	1	-1	0	-1	0	2	0					529	-1	0	2	1	0	2	100	-1	-1	1	3	-1	-1	-1		-1	0	1200	-1	-1	0	0	-1	0	0	0	100	-1	0	-1	0	0	0	-1	0	0	19225	19225	19225	19225	19225	19225	19225	19225	19225	19225	19225	19225	19225	19225	19225	19225	火之魂魄，火中之王	1	0.1	50	10	1	0
1172	1172	-1	火罡（3级）	PetSkill9_4	-1	0	0	1	1	1	-1	0	-1	0	2	0					529	-1	0	2	1	0	2	100	-1	-1	1	4	-1	-1	-1		-1	0	1200	-1	-1	0	0	-1	0	0	0	100	-1	0	-1	0	0	0	-1	0	0	19226	19226	19226	19226	19226	19226	19226	19226	19226	19226	19226	19226	19226	19226	19226	19226	火之魂魄，火中之王	1	0.1	50	10	1	0
1173	1173	-1	火罡（4级）	PetSkill9_4	-1	0	0	1	1	1	-1	0	-1	0	2	0					529	-1	0	2	1	0	2	100	-1	-1	1	5	-1	-1	-1		-1	0	1200	-1	-1	0	0	-1	0	0	0	100	-1	0	-1	0	0	0	-1	0	0	19227	19227	19227	19227	19227	19227	19227	19227	19227	19227	19227	19227	19227	19227	19227	19227	火之魂魄，火中之王	1	0.1	50	10	1	0
1174	1174	-1	火罡（5级）	PetSkill9_4	-1	0	0	1	1	1	-1	0	-1	0	2	0					529	-1	0	2	1	0	2	100	-1	-1	1	6	-1	-1	-1		-1	0	1200	-1	-1	0	0	-1	0	0	0	100	-1	0	-1	0	0	0	-1	0	0	19228	19228	19228	19228	19228	19228	19228	19228	19228	19228	19228	19228	19228	19228	19228	19228	火之魂魄，火中之王	1	0.1	50	10	1	0
1175	1175	-1	火罡（6级）	PetSkill9_4	-1	0	0	1	1	1	-1	0	-1	0	2	0					529	-1	0	2	1	0	2	100	-1	-1	1	7	-1	-1	-1		-1	0	1200	-1	-1	0	0	-1	0	0	0	100	-1	0	-1	0	0	0	-1	0	0	19229	19229	19229	19229	19229	19229	19229	19229	19229	19229	19229	19229	19229	19229	19229	19229	火之魂魄，火中之王	1	0.1	50	10	1	0
1176	1176	-1	火罡（7级）	PetSkill9_4	-1	0	0	1	1	1	-1	0	-1	0	2	0					529	-1	0	2	1	0	2	100	-1	-1	1	8	-1	-1	-1		-1	0	1200	-1	-1	0	0	-1	0	0	0	100	-1	0	-1	0	0	0	-1	0	0	19230	19230	19230	19230	19230	19230	19230	19230	19230	19230	19230	19230	19230	19230	19230	19230	火之魂魄，火中之王	1	0.1	50	10	1	0
1177	1177	-1	火罡（8级）	PetSkill9_4	-1	0	0	1	1	1	-1	0	-1	0	2	0					529	-1	0	2	1	0	2	100	-1	-1	1	9	-1	-1	-1		-1	0	1200	-1	-1	0	0	-1	0	0	0	100	-1	0	-1	0	0	0	-1	0	0	19231	19231	19231	19231	19231	19231	19231	19231	19231	19231	19231	19231	19231	19231	19231	19231	火之魂魄，火中之王	1	0.1	50	10	1	0
1178	1178	-1	火罡（9级）	PetSkill9_4	-1	0	0	1	1	1	-1	0	-1	0	2	0					529	-1	0	2	1	0	2	100	-1	-1	1	10	-1	-1	-1		-1	0	1200	-1	-1	0	0	-1	0	0	0	100	-1	0	-1	0	0	0	-1	0	0	19232	19232	19232	19232	19232	19232	19232	19232	19232	19232	19232	19232	19232	19232	19232	19232	火之魂魄，火中之王	1	0.1	50	10	1	0
1179	1179	-1	毒罡（1级）	PetSkill8_5	-1	0	0	1	1	1	-1	0	-1	0	2	0					530	-1	0	2	1	0	2	100	-1	-1	1	2	-1	-1	-1		-1	0	1200	-1	-1	0	0	-1	0	0	0	100	-1	0	-1	0	0	0	-1	0	0	19233	19233	19233	19233	19233	19233	19233	19233	19233	19233	19233	19233	19233	19233	19233	19233	毒之魂魄，毒中之王	1	0.1	50	10	1	0
1180	1180	-1	毒罡（2级）	PetSkill8_5	-1	0	0	1	1	1	-1	0	-1	0	2	0					530	-1	0	2	1	0	2	100	-1	-1	1	3	-1	-1	-1		-1	0	1200	-1	-1	0	0	-1	0	0	0	100	-1	0	-1	0	0	0	-1	0	0	19234	19234	19234	19234	19234	19234	19234	19234	19234	19234	19234	19234	19234	19234	19234	19234	毒之魂魄，毒中之王	1	0.1	50	10	1	0
1181	1181	-1	毒罡（3级）	PetSkill8_5	-1	0	0	1	1	1	-1	0	-1	0	2	0					530	-1	0	2	1	0	2	100	-1	-1	1	4	-1	-1	-1		-1	0	1200	-1	-1	0	0	-1	0	0	0	100	-1	0	-1	0	0	0	-1	0	0	19235	19235	19235	19235	19235	19235	19235	19235	19235	19235	19235	19235	19235	19235	19235	19235	毒之魂魄，毒中之王	1	0.1	50	10	1	0
1182	1182	-1	毒罡（4级）	PetSkill8_5	-1	0	0	1	1	1	-1	0	-1	0	2	0					530	-1	0	2	1	0	2	100	-1	-1	1	5	-1	-1	-1		-1	0	1200	-1	-1	0	0	-1	0	0	0	100	-1	0	-1	0	0	0	-1	0	0	19236	19236	19236	19236	19236	19236	19236	19236	19236	19236	19236	19236	19236	19236	19236	19236	毒之魂魄，毒中之王	1	0.1	50	10	1	0
1183	1183	-1	毒罡（5级）	PetSkill8_5	-1	0	0	1	1	1	-1	0	-1	0	2	0					530	-1	0	2	1	0	2	100	-1	-1	1	6	-1	-1	-1		-1	0	1200	-1	-1	0	0	-1	0	0	0	100	-1	0	-1	0	0	0	-1	0	0	19237	19237	19237	19237	19237	19237	19237	19237	19237	19237	19237	19237	19237	19237	19237	19237	毒之魂魄，毒中之王	1	0.1	50	10	1	0
1184	1184	-1	毒罡（6级）	PetSkill8_5	-1	0	0	1	1	1	-1	0	-1	0	2	0					530	-1	0	2	1	0	2	100	-1	-1	1	7	-1	-1	-1		-1	0	1200	-1	-1	0	0	-1	0	0	0	100	-1	0	-1	0	0	0	-1	0	0	19238	19238	19238	19238	19238	19238	19238	19238	19238	19238	19238	19238	19238	19238	19238	19238	毒之魂魄，毒中之王	1	0.1	50	10	1	0
1185	1185	-1	毒罡（7级）	PetSkill8_5	-1	0	0	1	1	1	-1	0	-1	0	2	0					530	-1	0	2	1	0	2	100	-1	-1	1	8	-1	-1	-1		-1	0	1200	-1	-1	0	0	-1	0	0	0	100	-1	0	-1	0	0	0	-1	0	0	19239	19239	19239	19239	19239	19239	19239	19239	19239	19239	19239	19239	19239	19239	19239	19239	毒之魂魄，毒中之王	1	0.1	50	10	1	0
1186	1186	-1	毒罡（8级）	PetSkill8_5	-1	0	0	1	1	1	-1	0	-1	0	2	0					530	-1	0	2	1	0	2	100	-1	-1	1	9	-1	-1	-1		-1	0	1200	-1	-1	0	0	-1	0	0	0	100	-1	0	-1	0	0	0	-1	0	0	19240	19240	19240	19240	19240	19240	19240	19240	19240	19240	19240	19240	19240	19240	19240	19240	毒之魂魄，毒中之王	1	0.1	50	10	1	0
1187	1187	-1	毒罡（9级）	PetSkill8_5	-1	0	0	1	1	1	-1	0	-1	0	2	0					530	-1	0	2	1	0	2	100	-1	-1	1	10	-1	-1	-1		-1	0	1200	-1	-1	0	0	-1	0	0	0	100	-1	0	-1	0	0	0	-1	0	0	19241	19241	19241	19241	19241	19241	19241	19241	19241	19241	19241	19241	19241	19241	19241	19241	毒之魂魄，毒中之王	1	0.1	50	10	1	0
1188	1188	-1	玄罡（1级）	PetSkill9_1	-1	0	0	1	1	1	-1	0	-1	0	2	0					531	-1	0	2	1	0	2	100	-1	-1	1	2	-1	-1	-1		-1	0	1200	-1	-1	0	0	-1	0	0	0	100	-1	0	-1	0	0	0	-1	0	0	19242	19242	19242	19242	19242	19242	19242	19242	19242	19242	19242	19242	19242	19242	19242	19242	玄之魂魄，玄中之王	1	0.1	50	10	1	0
1189	1189	-1	玄罡（2级）	PetSkill9_1	-1	0	0	1	1	1	-1	0	-1	0	2	0					531	-1	0	2	1	0	2	100	-1	-1	1	3	-1	-1	-1		-1	0	1200	-1	-1	0	0	-1	0	0	0	100	-1	0	-1	0	0	0	-1	0	0	19243	19243	19243	19243	19243	19243	19243	19243	19243	19243	19243	19243	19243	19243	19243	19243	玄之魂魄，玄中之王	1	0.1	50	10	1	0
1190	1190	-1	玄罡（3级）	PetSkill9_1	-1	0	0	1	1	1	-1	0	-1	0	2	0					531	-1	0	2	1	0	2	100	-1	-1	1	4	-1	-1	-1		-1	0	1200	-1	-1	0	0	-1	0	0	0	100	-1	0	-1	0	0	0	-1	0	0	19244	19244	19244	19244	19244	19244	19244	19244	19244	19244	19244	19244	19244	19244	19244	19244	玄之魂魄，玄中之王	1	0.1	50	10	1	0
1191	1191	-1	玄罡（4级）	PetSkill9_1	-1	0	0	1	1	1	-1	0	-1	0	2	0					531	-1	0	2	1	0	2	100	-1	-1	1	5	-1	-1	-1		-1	0	1200	-1	-1	0	0	-1	0	0	0	100	-1	0	-1	0	0	0	-1	0	0	19245	19245	19245	19245	19245	19245	19245	19245	19245	19245	19245	19245	19245	19245	19245	19245	玄之魂魄，玄中之王	1	0.1	50	10	1	0
1192	1192	-1	玄罡（5级）	PetSkill9_1	-1	0	0	1	1	1	-1	0	-1	0	2	0					531	-1	0	2	1	0	2	100	-1	-1	1	6	-1	-1	-1		-1	0	1200	-1	-1	0	0	-1	0	0	0	100	-1	0	-1	0	0	0	-1	0	0	19246	19246	19246	19246	19246	19246	19246	19246	19246	19246	19246	19246	19246	19246	19246	19246	玄之魂魄，玄中之王	1	0.1	50	10	1	0
1193	1193	-1	玄罡（6级）	PetSkill9_1	-1	0	0	1	1	1	-1	0	-1	0	2	0					531	-1	0	2	1	0	2	100	-1	-1	1	7	-1	-1	-1		-1	0	1200	-1	-1	0	0	-1	0	0	0	100	-1	0	-1	0	0	0	-1	0	0	19247	19247	19247	19247	19247	19247	19247	19247	19247	19247	19247	19247	19247	19247	19247	19247	玄之魂魄，玄中之王	1	0.1	50	10	1	0
1194	1194	-1	玄罡（7级）	PetSkill9_1	-1	0	0	1	1	1	-1	0	-1	0	2	0					531	-1	0	2	1	0	2	100	-1	-1	1	8	-1	-1	-1		-1	0	1200	-1	-1	0	0	-1	0	0	0	100	-1	0	-1	0	0	0	-1	0	0	19248	19248	19248	19248	19248	19248	19248	19248	19248	19248	19248	19248	19248	19248	19248	19248	玄之魂魄，玄中之王	1	0.1	50	10	1	0
1195	1195	-1	玄罡（8级）	PetSkill9_1	-1	0	0	1	1	1	-1	0	-1	0	2	0					531	-1	0	2	1	0	2	100	-1	-1	1	9	-1	-1	-1		-1	0	1200	-1	-1	0	0	-1	0	0	0	100	-1	0	-1	0	0	0	-1	0	0	19249	19249	19249	19249	19249	19249	19249	19249	19249	19249	19249	19249	19249	19249	19249	19249	玄之魂魄，玄中之王	1	0.1	50	10	1	0
1196	1196	-1	玄罡（9级）	PetSkill9_1	-1	0	0	1	1	1	-1	0	-1	0	2	0					531	-1	0	2	1	0	2	100	-1	-1	1	10	-1	-1	-1		-1	0	1200	-1	-1	0	0	-1	0	0	0	100	-1	0	-1	0	0	0	-1	0	0	19250	19250	19250	19250	19250	19250	19250	19250	19250	19250	19250	19250	19250	19250	19250	19250	玄之魂魄，玄中之王	1	0.1	50	10	1	0
1197	1197	-1	大智若愚（1级）	PetSkill8_1	-1	0	0	1	1	1	-1	0	-1	0	2	0					532	-1	0	2	1	0	2	100	-1	-1	2	2	-1	-1	-1		-1	0	1200	-1	-1	1	0	-1	0	0	0	100	-1	0	-1	0	0	0	-1	0	0	19251	19251	19251	19251	19251	19251	19251	19251	19251	19251	19251	19251	19251	19251	19251	19251	钝者，身宽体厚，不善攻避	1	0.1	50	10	1	0
1198	1198	-1	大智若愚（2级）	PetSkill8_1	-1	0	0	1	1	1	-1	0	-1	0	2	0					532	-1	0	2	1	0	2	100	-1	-1	2	3	-1	-1	-1		-1	0	1200	-1	-1	1	0	-1	0	0	0	100	-1	0	-1	0	0	0	-1	0	0	19252	19252	19252	19252	19252	19252	19252	19252	19252	19252	19252	19252	19252	19252	19252	19252	钝者，身宽体厚，不善攻避	1	0.1	50	10	1	0
1199	1199	-1	大智若愚（3级）	PetSkill8_1	-1	0	0	1	1	1	-1	0	-1	0	2	0					532	-1	0	2	1	0	2	100	-1	-1	2	4	-1	-1	-1		-1	0	1200	-1	-1	1	0	-1	0	0	0	100	-1	0	-1	0	0	0	-1	0	0	19253	19253	19253	19253	19253	19253	19253	19253	19253	19253	19253	19253	19253	19253	19253	19253	钝者，身宽体厚，不善攻避	1	0.1	50	10	1	0
1200	1200	-1	大智若愚（4级）	PetSkill8_1	-1	0	0	1	1	1	-1	0	-1	0	2	0					532	-1	0	2	1	0	2	100	-1	-1	2	5	-1	-1	-1		-1	0	1200	-1	-1	1	0	-1	0	0	0	100	-1	0	-1	0	0	0	-1	0	0	19254	19254	19254	19254	19254	19254	19254	19254	19254	19254	19254	19254	19254	19254	19254	19254	钝者，身宽体厚，不善攻避	1	0.1	50	10	1	0
1201	1201	-1	大智若愚（5级）	PetSkill8_1	-1	0	0	1	1	1	-1	0	-1	0	2	0					532	-1	0	2	1	0	2	100	-1	-1	2	6	-1	-1	-1		-1	0	1200	-1	-1	1	0	-1	0	0	0	100	-1	0	-1	0	0	0	-1	0	0	19255	19255	19255	19255	19255	19255	19255	19255	19255	19255	19255	19255	19255	19255	19255	19255	钝者，身宽体厚，不善攻避	1	0.1	50	10	1	0
1202	1202	-1	大智若愚（6级）	PetSkill8_1	-1	0	0	1	1	1	-1	0	-1	0	2	0					532	-1	0	2	1	0	2	100	-1	-1	2	7	-1	-1	-1		-1	0	1200	-1	-1	1	0	-1	0	0	0	100	-1	0	-1	0	0	0	-1	0	0	19256	19256	19256	19256	19256	19256	19256	19256	19256	19256	19256	19256	19256	19256	19256	19256	钝者，身宽体厚，不善攻避	1	0.1	50	10	1	0
1203	1203	-1	大智若愚（7级）	PetSkill8_1	-1	0	0	1	1	1	-1	0	-1	0	2	0					532	-1	0	2	1	0	2	100	-1	-1	2	8	-1	-1	-1		-1	0	1200	-1	-1	1	0	-1	0	0	0	100	-1	0	-1	0	0	0	-1	0	0	19257	19257	19257	19257	19257	19257	19257	19257	19257	19257	19257	19257	19257	19257	19257	19257	钝者，身宽体厚，不善攻避	1	0.1	50	10	1	0
1204	1204	-1	大智若愚（8级）	PetSkill8_1	-1	0	0	1	1	1	-1	0	-1	0	2	0					532	-1	0	2	1	0	2	100	-1	-1	2	9	-1	-1	-1		-1	0	1200	-1	-1	1	0	-1	0	0	0	100	-1	0	-1	0	0	0	-1	0	0	19258	19258	19258	19258	19258	19258	19258	19258	19258	19258	19258	19258	19258	19258	19258	19258	钝者，身宽体厚，不善攻避	1	0.1	50	10	1	0
1205	1205	-1	大智若愚（9级）	PetSkill8_1	-1	0	0	1	1	1	-1	0	-1	0	2	0					532	-1	0	2	1	0	2	100	-1	-1	2	10	-1	-1	-1		-1	0	1200	-1	-1	1	0	-1	0	0	0	100	-1	0	-1	0	0	0	-1	0	0	19259	19259	19259	19259	19259	19259	19259	19259	19259	19259	19259	19259	19259	19259	19259	19259	钝者，身宽体厚，不善攻避	1	0.1	50	10	1	0
1206	1206	-1	古灵精怪（1级）	PetSkill9_3	-1	0	0	1	1	1	-1	0	-1	0	2	0					533	-1	0	2	1	0	2	100	-1	-1	2	1	-1	-1	-1		-1	0	1200	-1	-1	1	0	-1	0	0	0	100	-1	0	-1	0	0	0	-1	0	0	19260	19260	19260	19260	19260	19260	19260	19260	19260	19260	19260	19260	19260	19260	19260	19260	狡者，长攻避，短乎守势	1	0.1	50	10	1	0
1207	1207	-1	古灵精怪（2级）	PetSkill9_3	-1	0	0	1	1	1	-1	0	-1	0	2	0					533	-1	0	2	1	0	2	100	-1	-1	2	2	-1	-1	-1		-1	0	1200	-1	-1	1	0	-1	0	0	0	100	-1	0	-1	0	0	0	-1	0	0	19261	19261	19261	19261	19261	19261	19261	19261	19261	19261	19261	19261	19261	19261	19261	19261	狡者，长攻避，短乎守势	1	0.1	50	10	1	0
1208	1208	-1	古灵精怪（3级）	PetSkill9_3	-1	0	0	1	1	1	-1	0	-1	0	2	0					533	-1	0	2	1	0	2	100	-1	-1	2	3	-1	-1	-1		-1	0	1200	-1	-1	1	0	-1	0	0	0	100	-1	0	-1	0	0	0	-1	0	0	19262	19262	19262	19262	19262	19262	19262	19262	19262	19262	19262	19262	19262	19262	19262	19262	狡者，长攻避，短乎守势	1	0.1	50	10	1	0
1209	1209	-1	古灵精怪（4级）	PetSkill9_3	-1	0	0	1	1	1	-1	0	-1	0	2	0					533	-1	0	2	1	0	2	100	-1	-1	2	4	-1	-1	-1		-1	0	1200	-1	-1	1	0	-1	0	0	0	100	-1	0	-1	0	0	0	-1	0	0	19263	19263	19263	19263	19263	19263	19263	19263	19263	19263	19263	19263	19263	19263	19263	19263	狡者，长攻避，短乎守势	1	0.1	50	10	1	0
1210	1210	-1	古灵精怪（5级）	PetSkill9_3	-1	0	0	1	1	1	-1	0	-1	0	2	0					533	-1	0	2	1	0	2	100	-1	-1	2	5	-1	-1	-1		-1	0	1200	-1	-1	1	0	-1	0	0	0	100	-1	0	-1	0	0	0	-1	0	0	19264	19264	19264	19264	19264	19264	19264	19264	19264	19264	19264	19264	19264	19264	19264	19264	狡者，长攻避，短乎守势	1	0.1	50	10	1	0
1211	1211	-1	古灵精怪（6级）	PetSkill9_3	-1	0	0	1	1	1	-1	0	-1	0	2	0					533	-1	0	2	1	0	2	100	-1	-1	2	6	-1	-1	-1		-1	0	1200	-1	-1	1	0	-1	0	0	0	100	-1	0	-1	0	0	0	-1	0	0	19265	19265	19265	19265	19265	19265	19265	19265	19265	19265	19265	19265	19265	19265	19265	19265	狡者，长攻避，短乎守势	1	0.1	50	10	1	0
1212	1212	-1	古灵精怪（7级）	PetSkill9_3	-1	0	0	1	1	1	-1	0	-1	0	2	0					533	-1	0	2	1	0	2	100	-1	-1	2	7	-1	-1	-1		-1	0	1200	-1	-1	1	0	-1	0	0	0	100	-1	0	-1	0	0	0	-1	0	0	19266	19266	19266	19266	19266	19266	19266	19266	19266	19266	19266	19266	19266	19266	19266	19266	狡者，长攻避，短乎守势	1	0.1	50	10	1	0
1213	1213	-1	古灵精怪（8级）	PetSkill9_3	-1	0	0	1	1	1	-1	0	-1	0	2	0					533	-1	0	2	1	0	2	100	-1	-1	2	8	-1	-1	-1		-1	0	1200	-1	-1	1	0	-1	0	0	0	100	-1	0	-1	0	0	0	-1	0	0	19267	19267	19267	19267	19267	19267	19267	19267	19267	19267	19267	19267	19267	19267	19267	19267	狡者，长攻避，短乎守势	1	0.1	50	10	1	0
1214	1214	-1	古灵精怪（9级）	PetSkill9_3	-1	0	0	1	1	1	-1	0	-1	0	2	0					533	-1	0	2	1	0	2	100	-1	-1	2	9	-1	-1	-1		-1	0	1200	-1	-1	1	0	-1	0	0	0	100	-1	0	-1	0	0	0	-1	0	0	19268	19268	19268	19268	19268	19268	19268	19268	19268	19268	19268	19268	19268	19268	19268	19268	狡者，长攻避，短乎守势	1	0.1	50	10	1	0
1215	1215	-1	粗中有细（1级）	PetSkill8_12	-1	0	0	1	1	1	-1	0	-1	0	2	0					534	-1	0	2	1	0	2	100	-1	-1	2	1	-1	-1	-1		-1	0	1200	-1	-1	1	0	-1	0	0	0	100	-1	0	-1	0	0	0	-1	0	0	19269	19269	19269	19269	19269	19269	19269	19269	19269	19269	19269	19269	19269	19269	19269	19269	憨者，善守乎，攻难锐也	1	0.1	50	10	1	0
1216	1216	-1	粗中有细（2级）	PetSkill8_12	-1	0	0	1	1	1	-1	0	-1	0	2	0					534	-1	0	2	1	0	2	100	-1	-1	2	2	-1	-1	-1		-1	0	1200	-1	-1	1	0	-1	0	0	0	100	-1	0	-1	0	0	0	-1	0	0	19270	19270	19270	19270	19270	19270	19270	19270	19270	19270	19270	19270	19270	19270	19270	19270	憨者，善守乎，攻难锐也	1	0.1	50	10	1	0
1217	1217	-1	粗中有细（3级）	PetSkill8_12	-1	0	0	1	1	1	-1	0	-1	0	2	0					534	-1	0	2	1	0	2	100	-1	-1	2	3	-1	-1	-1		-1	0	1200	-1	-1	1	0	-1	0	0	0	100	-1	0	-1	0	0	0	-1	0	0	19271	19271	19271	19271	19271	19271	19271	19271	19271	19271	19271	19271	19271	19271	19271	19271	憨者，善守乎，攻难锐也	1	0.1	50	10	1	0
1218	1218	-1	粗中有细（4级）	PetSkill8_12	-1	0	0	1	1	1	-1	0	-1	0	2	0					534	-1	0	2	1	0	2	100	-1	-1	2	4	-1	-1	-1		-1	0	1200	-1	-1	1	0	-1	0	0	0	100	-1	0	-1	0	0	0	-1	0	0	19272	19272	19272	19272	19272	19272	19272	19272	19272	19272	19272	19272	19272	19272	19272	19272	憨者，善守乎，攻难锐也	1	0.1	50	10	1	0
1219	1219	-1	粗中有细（5级）	PetSkill8_12	-1	0	0	1	1	1	-1	0	-1	0	2	0					534	-1	0	2	1	0	2	100	-1	-1	2	5	-1	-1	-1		-1	0	1200	-1	-1	1	0	-1	0	0	0	100	-1	0	-1	0	0	0	-1	0	0	19273	19273	19273	19273	19273	19273	19273	19273	19273	19273	19273	19273	19273	19273	19273	19273	憨者，善守乎，攻难锐也	1	0.1	50	10	1	0
1220	1220	-1	粗中有细（6级）	PetSkill8_12	-1	0	0	1	1	1	-1	0	-1	0	2	0					534	-1	0	2	1	0	2	100	-1	-1	2	6	-1	-1	-1		-1	0	1200	-1	-1	1	0	-1	0	0	0	100	-1	0	-1	0	0	0	-1	0	0	19274	19274	19274	19274	19274	19274	19274	19274	19274	19274	19274	19274	19274	19274	19274	19274	憨者，善守乎，攻难锐也	1	0.1	50	10	1	0
1221	1221	-1	粗中有细（7级）	PetSkill8_12	-1	0	0	1	1	1	-1	0	-1	0	2	0					534	-1	0	2	1	0	2	100	-1	-1	2	7	-1	-1	-1		-1	0	1200	-1	-1	1	0	-1	0	0	0	100	-1	0	-1	0	0	0	-1	0	0	19275	19275	19275	19275	19275	19275	19275	19275	19275	19275	19275	19275	19275	19275	19275	19275	憨者，善守乎，攻难锐也	1	0.1	50	10	1	0
1222	1222	-1	粗中有细（8级）	PetSkill8_12	-1	0	0	1	1	1	-1	0	-1	0	2	0					534	-1	0	2	1	0	2	100	-1	-1	2	8	-1	-1	-1		-1	0	1200	-1	-1	1	0	-1	0	0	0	100	-1	0	-1	0	0	0	-1	0	0	19276	19276	19276	19276	19276	19276	19276	19276	19276	19276	19276	19276	19276	19276	19276	19276	憨者，善守乎，攻难锐也	1	0.1	50	10	1	0
1223	1223	-1	粗中有细（9级）	PetSkill8_12	-1	0	0	1	1	1	-1	0	-1	0	2	0					534	-1	0	2	1	0	2	100	-1	-1	2	9	-1	-1	-1		-1	0	1200	-1	-1	1	0	-1	0	0	0	100	-1	0	-1	0	0	0	-1	0	0	19277	19277	19277	19277	19277	19277	19277	19277	19277	19277	19277	19277	19277	19277	19277	19277	憨者，善守乎，攻难锐也	1	0.1	50	10	1	0
1224	1224	-1	拼死相搏（1级）	PetSkill9_2	-1	0	0	1	1	1	-1	0	-1	0	2	0					535	-1	0	2	1	0	2	100	-1	-1	2	1	-1	-1	-1		-1	0	1200	-1	-1	1	0	-1	0	0	0	100	-1	0	-1	0	0	0	-1	0	0	19278	19278	19278	19278	19278	19278	19278	19278	19278	19278	19278	19278	19278	19278	19278	19278	勇者，不顾己身，其战必锐	1	0.1	50	10	1	0
1225	1225	-1	拼死相搏（2级）	PetSkill9_2	-1	0	0	1	1	1	-1	0	-1	0	2	0					535	-1	0	2	1	0	2	100	-1	-1	2	2	-1	-1	-1		-1	0	1200	-1	-1	1	0	-1	0	0	0	100	-1	0	-1	0	0	0	-1	0	0	19279	19279	19279	19279	19279	19279	19279	19279	19279	19279	19279	19279	19279	19279	19279	19279	勇者，不顾己身，其战必锐	1	0.1	50	10	1	0
1226	1226	-1	拼死相搏（3级）	PetSkill9_2	-1	0	0	1	1	1	-1	0	-1	0	2	0					535	-1	0	2	1	0	2	100	-1	-1	2	3	-1	-1	-1		-1	0	1200	-1	-1	1	0	-1	0	0	0	100	-1	0	-1	0	0	0	-1	0	0	19280	19280	19280	19280	19280	19280	19280	19280	19280	19280	19280	19280	19280	19280	19280	19280	勇者，不顾己身，其战必锐	1	0.1	50	10	1	0
1227	1227	-1	拼死相搏（4级）	PetSkill9_2	-1	0	0	1	1	1	-1	0	-1	0	2	0					535	-1	0	2	1	0	2	100	-1	-1	2	4	-1	-1	-1		-1	0	1200	-1	-1	1	0	-1	0	0	0	100	-1	0	-1	0	0	0	-1	0	0	19281	19281	19281	19281	19281	19281	19281	19281	19281	19281	19281	19281	19281	19281	19281	19281	勇者，不顾己身，其战必锐	1	0.1	50	10	1	0
1228	1228	-1	拼死相搏（5级）	PetSkill9_2	-1	0	0	1	1	1	-1	0	-1	0	2	0					535	-1	0	2	1	0	2	100	-1	-1	2	5	-1	-1	-1		-1	0	1200	-1	-1	1	0	-1	0	0	0	100	-1	0	-1	0	0	0	-1	0	0	19282	19282	19282	19282	19282	19282	19282	19282	19282	19282	19282	19282	19282	19282	19282	19282	勇者，不顾己身，其战必锐	1	0.1	50	10	1	0
1229	1229	-1	拼死相搏（6级）	PetSkill9_2	-1	0	0	1	1	1	-1	0	-1	0	2	0					535	-1	0	2	1	0	2	100	-1	-1	2	6	-1	-1	-1		-1	0	1200	-1	-1	1	0	-1	0	0	0	100	-1	0	-1	0	0	0	-1	0	0	19283	19283	19283	19283	19283	19283	19283	19283	19283	19283	19283	19283	19283	19283	19283	19283	勇者，不顾己身，其战必锐	1	0.1	50	10	1	0
1230	1230	-1	拼死相搏（7级）	PetSkill9_2	-1	0	0	1	1	1	-1	0	-1	0	2	0					535	-1	0	2	1	0	2	100	-1	-1	2	7	-1	-1	-1		-1	0	1200	-1	-1	1	0	-1	0	0	0	100	-1	0	-1	0	0	0	-1	0	0	19284	19284	19284	19284	19284	19284	19284	19284	19284	19284	19284	19284	19284	19284	19284	19284	勇者，不顾己身，其战必锐	1	0.1	50	10	1	0
1231	1231	-1	拼死相搏（8级）	PetSkill9_2	-1	0	0	1	1	1	-1	0	-1	0	2	0					535	-1	0	2	1	0	2	100	-1	-1	2	8	-1	-1	-1		-1	0	1200	-1	-1	1	0	-1	0	0	0	100	-1	0	-1	0	0	0	-1	0	0	19285	19285	19285	19285	19285	19285	19285	19285	19285	19285	19285	19285	19285	19285	19285	19285	勇者，不顾己身，其战必锐	1	0.1	50	10	1	0
1232	1232	-1	拼死相搏（9级）	PetSkill9_2	-1	0	0	1	1	1	-1	0	-1	0	2	0					535	-1	0	2	1	0	2	100	-1	-1	2	9	-1	-1	-1		-1	0	1200	-1	-1	1	0	-1	0	0	0	100	-1	0	-1	0	0	0	-1	0	0	19286	19286	19286	19286	19286	19286	19286	19286	19286	19286	19286	19286	19286	19286	19286	19286	勇者，不顾己身，其战必锐	1	0.1	50	10	1	0
1233	1233	-1	神游四海（1级）	PetSkill9_6	-1	0	0	1	1	1	-1	0	-1	0	2	0					536	-1	0	2	1	0	2	100	-1	-1	2	1	-1	-1	-1		-1	0	1200	-1	-1	1	0	-1	0	0	0	100	-1	0	-1	0	0	0	-1	0	0	19287	19287	19287	19287	19287	19287	19287	19287	19287	19287	19287	19287	19287	19287	19287	19287	智者，击敌之要，不齿力拼	1	0.1	50	10	1	0
1234	1234	-1	神游四海（2级）	PetSkill9_6	-1	0	0	1	1	1	-1	0	-1	0	2	0					536	-1	0	2	1	0	2	100	-1	-1	2	2	-1	-1	-1		-1	0	1200	-1	-1	1	0	-1	0	0	0	100	-1	0	-1	0	0	0	-1	0	0	19288	19288	19288	19288	19288	19288	19288	19288	19288	19288	19288	19288	19288	19288	19288	19288	智者，击敌之要，不齿力拼	1	0.1	50	10	1	0
1235	1235	-1	神游四海（3级）	PetSkill9_6	-1	0	0	1	1	1	-1	0	-1	0	2	0					536	-1	0	2	1	0	2	100	-1	-1	2	3	-1	-1	-1		-1	0	1200	-1	-1	1	0	-1	0	0	0	100	-1	0	-1	0	0	0	-1	0	0	19289	19289	19289	19289	19289	19289	19289	19289	19289	19289	19289	19289	19289	19289	19289	19289	智者，击敌之要，不齿力拼	1	0.1	50	10	1	0
1236	1236	-1	神游四海（4级）	PetSkill9_6	-1	0	0	1	1	1	-1	0	-1	0	2	0					536	-1	0	2	1	0	2	100	-1	-1	2	4	-1	-1	-1		-1	0	1200	-1	-1	1	0	-1	0	0	0	100	-1	0	-1	0	0	0	-1	0	0	19290	19290	19290	19290	19290	19290	19290	19290	19290	19290	19290	19290	19290	19290	19290	19290	智者，击敌之要，不齿力拼	1	0.1	50	10	1	0
1237	1237	-1	神游四海（5级）	PetSkill9_6	-1	0	0	1	1	1	-1	0	-1	0	2	0					536	-1	0	2	1	0	2	100	-1	-1	2	5	-1	-1	-1		-1	0	1200	-1	-1	1	0	-1	0	0	0	100	-1	0	-1	0	0	0	-1	0	0	19291	19291	19291	19291	19291	19291	19291	19291	19291	19291	19291	19291	19291	19291	19291	19291	智者，击敌之要，不齿力拼	1	0.1	50	10	1	0
1238	1238	-1	神游四海（6级）	PetSkill9_6	-1	0	0	1	1	1	-1	0	-1	0	2	0					536	-1	0	2	1	0	2	100	-1	-1	2	6	-1	-1	-1		-1	0	1200	-1	-1	1	0	-1	0	0	0	100	-1	0	-1	0	0	0	-1	0	0	19292	19292	19292	19292	19292	19292	19292	19292	19292	19292	19292	19292	19292	19292	19292	19292	智者，击敌之要，不齿力拼	1	0.1	50	10	1	0
1239	1239	-1	神游四海（7级）	PetSkill9_6	-1	0	0	1	1	1	-1	0	-1	0	2	0					536	-1	0	2	1	0	2	100	-1	-1	2	7	-1	-1	-1		-1	0	1200	-1	-1	1	0	-1	0	0	0	100	-1	0	-1	0	0	0	-1	0	0	19293	19293	19293	19293	19293	19293	19293	19293	19293	19293	19293	19293	19293	19293	19293	19293	智者，击敌之要，不齿力拼	1	0.1	50	10	1	0
1240	1240	-1	神游四海（8级）	PetSkill9_6	-1	0	0	1	1	1	-1	0	-1	0	2	0					536	-1	0	2	1	0	2	100	-1	-1	2	8	-1	-1	-1		-1	0	1200	-1	-1	1	0	-1	0	0	0	100	-1	0	-1	0	0	0	-1	0	0	19294	19294	19294	19294	19294	19294	19294	19294	19294	19294	19294	19294	19294	19294	19294	19294	智者，击敌之要，不齿力拼	1	0.1	50	10	1	0
1241	1241	-1	神游四海（9级）	PetSkill9_6	-1	0	0	1	1	1	-1	0	-1	0	2	0					536	-1	0	2	1	0	2	100	-1	-1	2	9	-1	-1	-1		-1	0	1200	-1	-1	1	0	-1	0	0	0	100	-1	0	-1	0	0	0	-1	0	0	19295	19295	19295	19295	19295	19295	19295	19295	19295	19295	19295	19295	19295	19295	19295	19295	智者，击敌之要，不齿力拼	1	0.1	50	10	1	0
1242	1242	-1	力拔山河（1级）	PetSkill9_9	-1	0	0	1	1	1	-1	0	-1	0	2	0					537	-1	0	2	1	0	2	100	-1	-1	2	1	-1	-1	-1		-1	0	1200	-1	-1	1	0	-1	0	0	0	100	-1	0	-1	0	0	0	-1	0	0	19296	19296	19296	19296	19296	19296	19296	19296	19296	19296	19296	19296	19296	19296	19296	19296	蛮者，奋于力战，无谋亦可	1	0.1	50	10	1	0
1243	1243	-1	力拔山河（2级）	PetSkill9_9	-1	0	0	1	1	1	-1	0	-1	0	2	0					537	-1	0	2	1	0	2	100	-1	-1	2	2	-1	-1	-1		-1	0	1200	-1	-1	1	0	-1	0	0	0	100	-1	0	-1	0	0	0	-1	0	0	19297	19297	19297	19297	19297	19297	19297	19297	19297	19297	19297	19297	19297	19297	19297	19297	蛮者，奋于力战，无谋亦可	1	0.1	50	10	1	0
1244	1244	-1	力拔山河（3级）	PetSkill9_9	-1	0	0	1	1	1	-1	0	-1	0	2	0					537	-1	0	2	1	0	2	100	-1	-1	2	3	-1	-1	-1		-1	0	1200	-1	-1	1	0	-1	0	0	0	100	-1	0	-1	0	0	0	-1	0	0	19298	19298	19298	19298	19298	19298	19298	19298	19298	19298	19298	19298	19298	19298	19298	19298	蛮者，奋于力战，无谋亦可	1	0.1	50	10	1	0
1245	1245	-1	力拔山河（4级）	PetSkill9_9	-1	0	0	1	1	1	-1	0	-1	0	2	0					537	-1	0	2	1	0	2	100	-1	-1	2	4	-1	-1	-1		-1	0	1200	-1	-1	1	0	-1	0	0	0	100	-1	0	-1	0	0	0	-1	0	0	19299	19299	19299	19299	19299	19299	19299	19299	19299	19299	19299	19299	19299	19299	19299	19299	蛮者，奋于力战，无谋亦可	1	0.1	50	10	1	0
1246	1246	-1	力拔山河（5级）	PetSkill9_9	-1	0	0	1	1	1	-1	0	-1	0	2	0					537	-1	0	2	1	0	2	100	-1	-1	2	5	-1	-1	-1		-1	0	1200	-1	-1	1	0	-1	0	0	0	100	-1	0	-1	0	0	0	-1	0	0	19300	19300	19300	19300	19300	19300	19300	19300	19300	19300	19300	19300	19300	19300	19300	19300	蛮者，奋于力战，无谋亦可	1	0.1	50	10	1	0
1247	1247	-1	力拔山河（6级）	PetSkill9_9	-1	0	0	1	1	1	-1	0	-1	0	2	0					537	-1	0	2	1	0	2	100	-1	-1	2	6	-1	-1	-1		-1	0	1200	-1	-1	1	0	-1	0	0	0	100	-1	0	-1	0	0	0	-1	0	0	19301	19301	19301	19301	19301	19301	19301	19301	19301	19301	19301	19301	19301	19301	19301	19301	蛮者，奋于力战，无谋亦可	1	0.1	50	10	1	0
1248	1248	-1	力拔山河（7级）	PetSkill9_9	-1	0	0	1	1	1	-1	0	-1	0	2	0					537	-1	0	2	1	0	2	100	-1	-1	2	7	-1	-1	-1		-1	0	1200	-1	-1	1	0	-1	0	0	0	100	-1	0	-1	0	0	0	-1	0	0	19302	19302	19302	19302	19302	19302	19302	19302	19302	19302	19302	19302	19302	19302	19302	19302	蛮者，奋于力战，无谋亦可	1	0.1	50	10	1	0
1249	1249	-1	力拔山河（8级）	PetSkill9_9	-1	0	0	1	1	1	-1	0	-1	0	2	0					537	-1	0	2	1	0	2	100	-1	-1	2	8	-1	-1	-1		-1	0	1200	-1	-1	1	0	-1	0	0	0	100	-1	0	-1	0	0	0	-1	0	0	19303	19303	19303	19303	19303	19303	19303	19303	19303	19303	19303	19303	19303	19303	19303	19303	蛮者，奋于力战，无谋亦可	1	0.1	50	10	1	0
1250	1250	-1	力拔山河（9级）	PetSkill9_9	-1	0	0	1	1	1	-1	0	-1	0	2	0					537	-1	0	2	1	0	2	100	-1	-1	2	9	-1	-1	-1		-1	0	1200	-1	-1	1	0	-1	0	0	0	100	-1	0	-1	0	0	0	-1	0	0	19304	19304	19304	19304	19304	19304	19304	19304	19304	19304	19304	19304	19304	19304	19304	19304	蛮者，奋于力战，无谋亦可	1	0.1	50	10	1	0
1251	1251	-1	超级痛击（1级）	PetSkill8_3	-1	0	0	1	1	1	-1	0	0	0	2	5					605	-1	0	2	1	1	1	10	1	-1	21	2	-1	-1	-1		-1	5	1200	0	15	-1	1	-1	0	0	0	-1	-1	0	-1	0	0	0	-1	0	1000	19305	19306	19307	19308	19309	19310	19311	19312	19313	19314	19315	19316	19317	19318	19319	19320	集气蓄力，击敌之痛	1	0.1	50	10	1	0
1252	1252	-1	超级痛击（2级）	PetSkill8_3	-1	0	0	1	1	1	-1	0	0	0	2	5					605	-1	0	2	1	1	1	10	1	-1	21	3	-1	-1	-1		-1	5	1200	0	15	-1	1	-1	0	0	0	-1	-1	0	-1	0	0	0	-1	0	1000	19321	19322	19323	19324	19325	19326	19327	19328	19329	19330	19331	19332	19333	19334	19335	19336	集气蓄力，击敌之痛	1	0.1	50	10	1	0
1253	1253	-1	超级痛击（3级）	PetSkill8_3	-1	0	0	1	1	1	-1	0	0	0	2	5					605	-1	0	2	1	1	1	10	1	-1	21	4	-1	-1	-1		-1	5	1200	0	15	-1	1	-1	0	0	0	-1	-1	0	-1	0	0	0	-1	0	1000	19337	19338	19339	19340	19341	19342	19343	19344	19345	19346	19347	19348	19349	19350	19351	19352	集气蓄力，击敌之痛	1	0.1	50	10	1	0
1254	1254	-1	超级痛击（4级）	PetSkill8_3	-1	0	0	1	1	1	-1	0	0	0	2	5					605	-1	0	2	1	1	1	10	1	-1	21	5	-1	-1	-1		-1	5	1200	0	15	-1	1	-1	0	0	0	-1	-1	0	-1	0	0	0	-1	0	1000	19353	19354	19355	19356	19357	19358	19359	19360	19361	19362	19363	19364	19365	19366	19367	19368	集气蓄力，击敌之痛	1	0.1	50	10	1	0
1255	1255	-1	超级痛击（5级）	PetSkill8_3	-1	0	0	1	1	1	-1	0	0	0	2	5					605	-1	0	2	1	1	1	10	1	-1	21	6	-1	-1	-1		-1	5	1200	0	15	-1	1	-1	0	0	0	-1	-1	0	-1	0	0	0	-1	0	1000	19369	19370	19371	19372	19373	19374	19375	19376	19377	19378	19379	19380	19381	19382	19383	19384	集气蓄力，击敌之痛	1	0.1	50	10	1	0
1256	1256	-1	超级痛击（6级）	PetSkill8_3	-1	0	0	1	1	1	-1	0	0	0	2	5					605	-1	0	2	1	1	1	10	1	-1	21	7	-1	-1	-1		-1	5	1200	0	15	-1	1	-1	0	0	0	-1	-1	0	-1	0	0	0	-1	0	1000	19385	19386	19387	19388	19389	19390	19391	19392	19393	19394	19395	19396	19397	19398	19399	19400	集气蓄力，击敌之痛	1	0.1	50	10	1	0
1257	1257	-1	超级痛击（7级）	PetSkill8_3	-1	0	0	1	1	1	-1	0	0	0	2	5					605	-1	0	2	1	1	1	10	1	-1	21	8	-1	-1	-1		-1	5	1200	0	15	-1	1	-1	0	0	0	-1	-1	0	-1	0	0	0	-1	0	1000	19401	19402	19403	19404	19405	19406	19407	19408	19409	19410	19411	19412	19413	19414	19415	19416	集气蓄力，击敌之痛	1	0.1	50	10	1	0
1258	1258	-1	超级痛击（8级）	PetSkill8_3	-1	0	0	1	1	1	-1	0	0	0	2	5					605	-1	0	2	1	1	1	10	1	-1	21	9	-1	-1	-1		-1	5	1200	0	15	-1	1	-1	0	0	0	-1	-1	0	-1	0	0	0	-1	0	1000	19417	19418	19419	19420	19421	19422	19423	19424	19425	19426	19427	19428	19429	19430	19431	19432	集气蓄力，击敌之痛	1	0.1	50	10	1	0
1259	1259	-1	超级痛击（9级）	PetSkill8_3	-1	0	0	1	1	1	-1	0	0	0	2	5					605	-1	0	2	1	1	1	10	1	-1	21	10	-1	-1	-1		-1	5	1200	0	15	-1	1	-1	0	0	0	-1	-1	0	-1	0	0	0	-1	0	1000	19433	19434	19435	19436	19437	19438	19439	19440	19441	19442	19443	19444	19445	19446	19447	19448	集气蓄力，击敌之痛	1	0.1	50	10	1	0
1260	1260	-1	超级猛击（1级）	PetSkill8_6	-1	0	0	1	1	1	-1	0	0	0	2	3					599	-1	0	2	1	1	1	10	0	-1	18	2	-1	-1	-1		-1	5	1200	0	2	-1	1	-1	0	0	0	-1	-1	0	-1	0	0	0	-1	0	600	19449	19450	19451	19452	19453	19454	19455	19456	19457	19458	19459	19460	19461	19462	19463	19464	千钧之力，毕其一击	1	0.1	50	10	1	0
1261	1261	-1	超级猛击（2级）	PetSkill8_6	-1	0	0	1	1	1	-1	0	0	0	2	3					599	-1	0	2	1	1	1	10	0	-1	18	3	-1	-1	-1		-1	5	1200	0	2	-1	1	-1	0	0	0	-1	-1	0	-1	0	0	0	-1	0	600	19465	19466	19467	19468	19469	19470	19471	19472	19473	19474	19475	19476	19477	19478	19479	19480	千钧之力，毕其一击	1	0.1	50	10	1	0
1262	1262	-1	超级猛击（3级）	PetSkill8_6	-1	0	0	1	1	1	-1	0	0	0	2	3					599	-1	0	2	1	1	1	10	0	-1	18	4	-1	-1	-1		-1	5	1200	0	2	-1	1	-1	0	0	0	-1	-1	0	-1	0	0	0	-1	0	600	19481	19482	19483	19484	19485	19486	19487	19488	19489	19490	19491	19492	19493	19494	19495	19496	千钧之力，毕其一击	1	0.1	50	10	1	0
1263	1263	-1	超级猛击（4级）	PetSkill8_6	-1	0	0	1	1	1	-1	0	0	0	2	3					599	-1	0	2	1	1	1	10	0	-1	18	5	-1	-1	-1		-1	5	1200	0	2	-1	1	-1	0	0	0	-1	-1	0	-1	0	0	0	-1	0	600	19497	19498	19499	19500	19501	19502	19503	19504	19505	19506	19507	19508	19509	19510	19511	19512	千钧之力，毕其一击	1	0.1	50	10	1	0
1264	1264	-1	超级猛击（5级）	PetSkill8_6	-1	0	0	1	1	1	-1	0	0	0	2	3					599	-1	0	2	1	1	1	10	0	-1	18	6	-1	-1	-1		-1	5	1200	0	2	-1	1	-1	0	0	0	-1	-1	0	-1	0	0	0	-1	0	600	19513	19514	19515	19516	19517	19518	19519	19520	19521	19522	19523	19524	19525	19526	19527	19528	千钧之力，毕其一击	1	0.1	50	10	1	0
1265	1265	-1	超级猛击（6级）	PetSkill8_6	-1	0	0	1	1	1	-1	0	0	0	2	3					599	-1	0	2	1	1	1	10	0	-1	18	7	-1	-1	-1		-1	5	1200	0	2	-1	1	-1	0	0	0	-1	-1	0	-1	0	0	0	-1	0	600	19529	19530	19531	19532	19533	19534	19535	19536	19537	19538	19539	19540	19541	19542	19543	19544	千钧之力，毕其一击	1	0.1	50	10	1	0
1266	1266	-1	超级猛击（7级）	PetSkill8_6	-1	0	0	1	1	1	-1	0	0	0	2	3					599	-1	0	2	1	1	1	10	0	-1	18	8	-1	-1	-1		-1	5	1200	0	2	-1	1	-1	0	0	0	-1	-1	0	-1	0	0	0	-1	0	600	19545	19546	19547	19548	19549	19550	19551	19552	19553	19554	19555	19556	19557	19558	19559	19560	千钧之力，毕其一击	1	0.1	50	10	1	0
1267	1267	-1	超级猛击（8级）	PetSkill8_6	-1	0	0	1	1	1	-1	0	0	0	2	3					599	-1	0	2	1	1	1	10	0	-1	18	9	-1	-1	-1		-1	5	1200	0	2	-1	1	-1	0	0	0	-1	-1	0	-1	0	0	0	-1	0	600	19561	19562	19563	19564	19565	19566	19567	19568	19569	19570	19571	19572	19573	19574	19575	19576	千钧之力，毕其一击	1	0.1	50	10	1	0
1268	1268	-1	超级猛击（9级）	PetSkill8_6	-1	0	0	1	1	1	-1	0	0	0	2	3					599	-1	0	2	1	1	1	10	0	-1	18	10	-1	-1	-1		-1	5	1200	0	2	-1	1	-1	0	0	0	-1	-1	0	-1	0	0	0	-1	0	600	19577	19578	19579	19580	19581	19582	19583	19584	19585	19586	19587	19588	19589	19590	19591	19592	千钧之力，毕其一击	1	0.1	50	10	1	0
1269	1269	-1	极冰咒（1级）	PetSkill9_10	-1	0	0	1	1	1	-1	0	1	0	2	0					452	-1	0	2	1	1	1	10	1	-1	9	1	-1	-1	35	身体受击点	-1	5	1200	0	15	-1	1	-1	0	0	0	-1	-1	0	-1	0	0	0	-1	0	1000	19593	19594	19595	19596	19597	19598	19599	19600	19601	19602	19603	19604	19605	19606	19607	19608	远程冰攻加强(NPC)	1	0.1	50	10	1	0
1270	1270	-1	极冰咒（2级）	PetSkill9_10	-1	0	0	1	1	1	-1	0	1	0	2	0					452	-1	0	2	1	1	1	10	1	-1	9	2	-1	-1	35	身体受击点	-1	5	1200	0	15	-1	1	-1	0	0	0	-1	-1	0	-1	0	0	0	-1	0	1000	19609	19610	19611	19612	19613	19614	19615	19616	19617	19618	19619	19620	19621	19622	19623	19624	远程冰攻加强(NPC)	1	0.1	50	10	1	0
1271	1271	-1	极冰咒（3级）	PetSkill9_10	-1	0	0	1	1	1	-1	0	1	0	2	0					452	-1	0	2	1	1	1	10	1	-1	9	3	-1	-1	35	身体受击点	-1	5	1200	0	15	-1	1	-1	0	0	0	-1	-1	0	-1	0	0	0	-1	0	1000	19625	19626	19627	19628	19629	19630	19631	19632	19633	19634	19635	19636	19637	19638	19639	19640	远程冰攻加强(NPC)	1	0.1	50	10	1	0
1272	1272	-1	极冰咒（4级）	PetSkill9_10	-1	0	0	1	1	1	-1	0	1	0	2	0					452	-1	0	2	1	1	1	10	1	-1	9	4	-1	-1	35	身体受击点	-1	5	1200	0	15	-1	1	-1	0	0	0	-1	-1	0	-1	0	0	0	-1	0	1000	19641	19642	19643	19644	19645	19646	19647	19648	19649	19650	19651	19652	19653	19654	19655	19656	远程冰攻加强(NPC)	1	0.1	50	10	1	0
1273	1273	-1	极冰咒（5级）	PetSkill9_10	-1	0	0	1	1	1	-1	0	1	0	2	0					452	-1	0	2	1	1	1	10	1	-1	9	5	-1	-1	35	身体受击点	-1	5	1200	0	15	-1	1	-1	0	0	0	-1	-1	0	-1	0	0	0	-1	0	1000	19657	19658	19659	19660	19661	19662	19663	19664	19665	19666	19667	19668	19669	19670	19671	19672	远程冰攻加强(NPC)	1	0.1	50	10	1	0
1274	1274	-1	极冰咒（6级）	PetSkill9_10	-1	0	0	1	1	1	-1	0	1	0	2	0					452	-1	0	2	1	1	1	10	1	-1	9	6	-1	-1	35	身体受击点	-1	5	1200	0	15	-1	1	-1	0	0	0	-1	-1	0	-1	0	0	0	-1	0	1000	19673	19674	19675	19676	19677	19678	19679	19680	19681	19682	19683	19684	19685	19686	19687	19688	远程冰攻加强(NPC)	1	0.1	50	10	1	0
1275	1275	-1	极冰咒（7级）	PetSkill9_10	-1	0	0	1	1	1	-1	0	1	0	2	0					452	-1	0	2	1	1	1	10	1	-1	9	7	-1	-1	35	身体受击点	-1	5	1200	0	15	-1	1	-1	0	0	0	-1	-1	0	-1	0	0	0	-1	0	1000	19689	19690	19691	19692	19693	19694	19695	19696	19697	19698	19699	19700	19701	19702	19703	19704	远程冰攻加强(NPC)	1	0.1	50	10	1	0
1276	1276	-1	极冰咒（8级）	PetSkill9_10	-1	0	0	1	1	1	-1	0	1	0	2	0					452	-1	0	2	1	1	1	10	1	-1	9	8	-1	-1	35	身体受击点	-1	5	1200	0	15	-1	1	-1	0	0	0	-1	-1	0	-1	0	0	0	-1	0	1000	19705	19706	19707	19708	19709	19710	19711	19712	19713	19714	19715	19716	19717	19718	19719	19720	远程冰攻加强(NPC)	1	0.1	50	10	1	0
1277	1277	-1	极冰咒（9级）	PetSkill9_10	-1	0	0	1	1	1	-1	0	1	0	2	0					452	-1	0	2	1	1	1	10	1	-1	9	9	-1	-1	35	身体受击点	-1	5	1200	0	15	-1	1	-1	0	0	0	-1	-1	0	-1	0	0	0	-1	0	1000	19721	19722	19723	19724	19725	19726	19727	19728	19729	19730	19731	19732	19733	19734	19735	19736	远程冰攻加强(NPC)	1	0.1	50	10	1	0
1278	1278	-1	冥火咒（1级）	PetSkill9_8	-1	0	0	1	1	1	-1	0	1	0	2	0					453	-1	0	2	1	1	1	10	1	-1	9	1	-1	-1	36	身体受击点	-1	5	1200	0	15	-1	1	-1	0	0	0	-1	-1	0	-1	0	0	0	-1	0	1000	19737	19738	19739	19740	19741	19742	19743	19744	19745	19746	19747	19748	19749	19750	19751	19752	远程火攻加强(NPC)	1	0.1	50	10	1	0
1279	1279	-1	冥火咒（2级）	PetSkill9_8	-1	0	0	1	1	1	-1	0	1	0	2	0					453	-1	0	2	1	1	1	10	1	-1	9	2	-1	-1	36	身体受击点	-1	5	1200	0	15	-1	1	-1	0	0	0	-1	-1	0	-1	0	0	0	-1	0	1000	19753	19754	19755	19756	19757	19758	19759	19760	19761	19762	19763	19764	19765	19766	19767	19768	远程火攻加强(NPC)	1	0.1	50	10	1	0
1280	1280	-1	冥火咒（3级）	PetSkill9_8	-1	0	0	1	1	1	-1	0	1	0	2	0					453	-1	0	2	1	1	1	10	1	-1	9	3	-1	-1	36	身体受击点	-1	5	1200	0	15	-1	1	-1	0	0	0	-1	-1	0	-1	0	0	0	-1	0	1000	19769	19770	19771	19772	19773	19774	19775	19776	19777	19778	19779	19780	19781	19782	19783	19784	远程火攻加强(NPC)	1	0.1	50	10	1	0
1281	1281	-1	冥火咒（4级）	PetSkill9_8	-1	0	0	1	1	1	-1	0	1	0	2	0					453	-1	0	2	1	1	1	10	1	-1	9	4	-1	-1	36	身体受击点	-1	5	1200	0	15	-1	1	-1	0	0	0	-1	-1	0	-1	0	0	0	-1	0	1000	19785	19786	19787	19788	19789	19790	19791	19792	19793	19794	19795	19796	19797	19798	19799	19800	远程火攻加强(NPC)	1	0.1	50	10	1	0
1282	1282	-1	冥火咒（5级）	PetSkill9_8	-1	0	0	1	1	1	-1	0	1	0	2	0					453	-1	0	2	1	1	1	10	1	-1	9	5	-1	-1	36	身体受击点	-1	5	1200	0	15	-1	1	-1	0	0	0	-1	-1	0	-1	0	0	0	-1	0	1000	19801	19802	19803	19804	19805	19806	19807	19808	19809	19810	19811	19812	19813	19814	19815	19816	远程火攻加强(NPC)	1	0.1	50	10	1	0
1283	1283	-1	冥火咒（6级）	PetSkill9_8	-1	0	0	1	1	1	-1	0	1	0	2	0					453	-1	0	2	1	1	1	10	1	-1	9	6	-1	-1	36	身体受击点	-1	5	1200	0	15	-1	1	-1	0	0	0	-1	-1	0	-1	0	0	0	-1	0	1000	19817	19818	19819	19820	19821	19822	19823	19824	19825	19826	19827	19828	19829	19830	19831	19832	远程火攻加强(NPC)	1	0.1	50	10	1	0
1284	1284	-1	冥火咒（7级）	PetSkill9_8	-1	0	0	1	1	1	-1	0	1	0	2	0					453	-1	0	2	1	1	1	10	1	-1	9	7	-1	-1	36	身体受击点	-1	5	1200	0	15	-1	1	-1	0	0	0	-1	-1	0	-1	0	0	0	-1	0	1000	19833	19834	19835	19836	19837	19838	19839	19840	19841	19842	19843	19844	19845	19846	19847	19848	远程火攻加强(NPC)	1	0.1	50	10	1	0
1285	1285	-1	冥火咒（8级）	PetSkill9_8	-1	0	0	1	1	1	-1	0	1	0	2	0					453	-1	0	2	1	1	1	10	1	-1	9	8	-1	-1	36	身体受击点	-1	5	1200	0	15	-1	1	-1	0	0	0	-1	-1	0	-1	0	0	0	-1	0	1000	19849	19850	19851	19852	19853	19854	19855	19856	19857	19858	19859	19860	19861	19862	19863	19864	远程火攻加强(NPC)	1	0.1	50	10	1	0
1286	1286	-1	冥火咒（9级）	PetSkill9_8	-1	0	0	1	1	1	-1	0	1	0	2	0					453	-1	0	2	1	1	1	10	1	-1	9	9	-1	-1	36	身体受击点	-1	5	1200	0	15	-1	1	-1	0	0	0	-1	-1	0	-1	0	0	0	-1	0	1000	19865	19866	19867	19868	19869	19870	19871	19872	19873	19874	19875	19876	19877	19878	19879	19880	远程火攻加强(NPC)	1	0.1	50	10	1	0
1287	1287	-1	天雷咒（1级）	PetSkill9_5	-1	0	0	1	1	1	-1	0	1	0	2	0					454	-1	0	2	1	1	1	10	1	-1	9	1	-1	-1	38	身体受击点	-1	5	1200	0	15	-1	1	-1	0	0	0	-1	-1	0	-1	0	0	0	-1	0	1000	19881	19882	19883	19884	19885	19886	19887	19888	19889	19890	19891	19892	19893	19894	19895	19896	远程玄攻加强(NPC)	1	0.1	50	10	1	0
1288	1288	-1	天雷咒（2级）	PetSkill9_5	-1	0	0	1	1	1	-1	0	1	0	2	0					454	-1	0	2	1	1	1	10	1	-1	9	2	-1	-1	38	身体受击点	-1	5	1200	0	15	-1	1	-1	0	0	0	-1	-1	0	-1	0	0	0	-1	0	1000	19897	19898	19899	19900	19901	19902	19903	19904	19905	19906	19907	19908	19909	19910	19911	19912	远程玄攻加强(NPC)	1	0.1	50	10	1	0
1289	1289	-1	天雷咒（3级）	PetSkill9_5	-1	0	0	1	1	1	-1	0	1	0	2	0					454	-1	0	2	1	1	1	10	1	-1	9	3	-1	-1	38	身体受击点	-1	5	1200	0	15	-1	1	-1	0	0	0	-1	-1	0	-1	0	0	0	-1	0	1000	19913	19914	19915	19916	19917	19918	19919	19920	19921	19922	19923	19924	19925	19926	19927	19928	远程玄攻加强(NPC)	1	0.1	50	10	1	0
1290	1290	-1	天雷咒（4级）	PetSkill9_5	-1	0	0	1	1	1	-1	0	1	0	2	0					454	-1	0	2	1	1	1	10	1	-1	9	4	-1	-1	38	身体受击点	-1	5	1200	0	15	-1	1	-1	0	0	0	-1	-1	0	-1	0	0	0	-1	0	1000	19929	19930	19931	19932	19933	19934	19935	19936	19937	19938	19939	19940	19941	19942	19943	19944	远程玄攻加强(NPC)	1	0.1	50	10	1	0
1291	1291	-1	天雷咒（5级）	PetSkill9_5	-1	0	0	1	1	1	-1	0	1	0	2	0					454	-1	0	2	1	1	1	10	1	-1	9	5	-1	-1	38	身体受击点	-1	5	1200	0	15	-1	1	-1	0	0	0	-1	-1	0	-1	0	0	0	-1	0	1000	19945	19946	19947	19948	19949	19950	19951	19952	19953	19954	19955	19956	19957	19958	19959	19960	远程玄攻加强(NPC)	1	0.1	50	10	1	0
1292	1292	-1	天雷咒（6级）	PetSkill9_5	-1	0	0	1	1	1	-1	0	1	0	2	0					454	-1	0	2	1	1	1	10	1	-1	9	6	-1	-1	38	身体受击点	-1	5	1200	0	15	-1	1	-1	0	0	0	-1	-1	0	-1	0	0	0	-1	0	1000	19961	19962	19963	19964	19965	19966	19967	19968	19969	19970	19971	19972	19973	19974	19975	19976	远程玄攻加强(NPC)	1	0.1	50	10	1	0
1293	1293	-1	天雷咒（7级）	PetSkill9_5	-1	0	0	1	1	1	-1	0	1	0	2	0					454	-1	0	2	1	1	1	10	1	-1	9	7	-1	-1	38	身体受击点	-1	5	1200	0	15	-1	1	-1	0	0	0	-1	-1	0	-1	0	0	0	-1	0	1000	19977	19978	19979	19980	19981	19982	19983	19984	19985	19986	19987	19988	19989	19990	19991	19992	远程玄攻加强(NPC)	1	0.1	50	10	1	0
1294	1294	-1	天雷咒（8级）	PetSkill9_5	-1	0	0	1	1	1	-1	0	1	0	2	0					454	-1	0	2	1	1	1	10	1	-1	9	8	-1	-1	38	身体受击点	-1	5	1200	0	15	-1	1	-1	0	0	0	-1	-1	0	-1	0	0	0	-1	0	1000	19993	19994	19995	19996	19997	19998	19999	20000	20001	20002	20003	20004	20005	20006	20007	20008	远程玄攻加强(NPC)	1	0.1	50	10	1	0
1295	1295	-1	天雷咒（9级）	PetSkill9_5	-1	0	0	1	1	1	-1	0	1	0	2	0					454	-1	0	2	1	1	1	10	1	-1	9	9	-1	-1	38	身体受击点	-1	5	1200	0	15	-1	1	-1	0	0	0	-1	-1	0	-1	0	0	0	-1	0	1000	20009	20010	20011	20012	20013	20014	20015	20016	20017	20018	20019	20020	20021	20022	20023	20024	远程玄攻加强(NPC)	1	0.1	50	10	1	0
1296	1296	-1	嗜毒咒（1级）	PetSkill9_7	-1	0	0	1	1	1	-1	0	1	0	2	0					455	-1	0	2	1	1	1	10	1	-1	9	1	-1	-1	37	身体受击点	-1	5	1200	0	15	-1	1	-1	0	0	0	-1	-1	0	-1	0	0	0	-1	0	1000	20025	20026	20027	20028	20029	20030	20031	20032	20033	20034	20035	20036	20037	20038	20039	20040	远程毒攻加强(NPC)	1	0.1	50	10	1	0
1297	1297	-1	嗜毒咒（2级）	PetSkill9_7	-1	0	0	1	1	1	-1	0	1	0	2	0					455	-1	0	2	1	1	1	10	1	-1	9	2	-1	-1	37	身体受击点	-1	5	1200	0	15	-1	1	-1	0	0	0	-1	-1	0	-1	0	0	0	-1	0	1000	20041	20042	20043	20044	20045	20046	20047	20048	20049	20050	20051	20052	20053	20054	20055	20056	远程毒攻加强(NPC)	1	0.1	50	10	1	0
1298	1298	-1	嗜毒咒（3级）	PetSkill9_7	-1	0	0	1	1	1	-1	0	1	0	2	0					455	-1	0	2	1	1	1	10	1	-1	9	3	-1	-1	37	身体受击点	-1	5	1200	0	15	-1	1	-1	0	0	0	-1	-1	0	-1	0	0	0	-1	0	1000	20057	20058	20059	20060	20061	20062	20063	20064	20065	20066	20067	20068	20069	20070	20071	20072	远程毒攻加强(NPC)	1	0.1	50	10	1	0
1299	1299	-1	嗜毒咒（4级）	PetSkill9_7	-1	0	0	1	1	1	-1	0	1	0	2	0					455	-1	0	2	1	1	1	10	1	-1	9	4	-1	-1	37	身体受击点	-1	5	1200	0	15	-1	1	-1	0	0	0	-1	-1	0	-1	0	0	0	-1	0	1000	20073	20074	20075	20076	20077	20078	20079	20080	20081	20082	20083	20084	20085	20086	20087	20088	远程毒攻加强(NPC)	1	0.1	50	10	1	0
1300	1300	-1	嗜毒咒（5级）	PetSkill9_7	-1	0	0	1	1	1	-1	0	1	0	2	0					455	-1	0	2	1	1	1	10	1	-1	9	5	-1	-1	37	身体受击点	-1	5	1200	0	15	-1	1	-1	0	0	0	-1	-1	0	-1	0	0	0	-1	0	1000	20089	20090	20091	20092	20093	20094	20095	20096	20097	20098	20099	20100	20101	20102	20103	20104	远程毒攻加强(NPC)	1	0.1	50	10	1	0
1301	1301	-1	嗜毒咒（6级）	PetSkill9_7	-1	0	0	1	1	1	-1	0	1	0	2	0					455	-1	0	2	1	1	1	10	1	-1	9	6	-1	-1	37	身体受击点	-1	5	1200	0	15	-1	1	-1	0	0	0	-1	-1	0	-1	0	0	0	-1	0	1000	20105	20106	20107	20108	20109	20110	20111	20112	20113	20114	20115	20116	20117	20118	20119	20120	远程毒攻加强(NPC)	1	0.1	50	10	1	0
1302	1302	-1	嗜毒咒（7级）	PetSkill9_7	-1	0	0	1	1	1	-1	0	1	0	2	0					455	-1	0	2	1	1	1	10	1	-1	9	7	-1	-1	37	身体受击点	-1	5	1200	0	15	-1	1	-1	0	0	0	-1	-1	0	-1	0	0	0	-1	0	1000	20121	20122	20123	20124	20125	20126	20127	20128	20129	20130	20131	20132	20133	20134	20135	20136	远程毒攻加强(NPC)	1	0.1	50	10	1	0
1303	1303	-1	嗜毒咒（8级）	PetSkill9_7	-1	0	0	1	1	1	-1	0	1	0	2	0					455	-1	0	2	1	1	1	10	1	-1	9	8	-1	-1	37	身体受击点	-1	5	1200	0	15	-1	1	-1	0	0	0	-1	-1	0	-1	0	0	0	-1	0	1000	20137	20138	20139	20140	20141	20142	20143	20144	20145	20146	20147	20148	20149	20150	20151	20152	远程毒攻加强(NPC)	1	0.1	50	10	1	0
1304	1304	-1	嗜毒咒（9级）	PetSkill9_7	-1	0	0	1	1	1	-1	0	1	0	2	0					455	-1	0	2	1	1	1	10	1	-1	9	9	-1	-1	37	身体受击点	-1	5	1200	0	15	-1	1	-1	0	0	0	-1	-1	0	-1	0	0	0	-1	0	1000	20153	20154	20155	20156	20157	20158	20159	20160	20161	20162	20163	20164	20165	20166	20167	20168	远程毒攻加强(NPC)	1	0.1	50	10	1	0
1305	1305	-1	妖星聚义	Food_1	-1	0	0	0	0	1	-1	-1	-1	0	0	0				540	618	-1	0	1	1	0	-1	-1	-1	-1	-1	-1	-1	-1	-1	 	-1	4	1200	0	10	-1	1	-1	0	0	0	100	-1	0	-1	6	360	12	0	0	0	20169	20169	20169	20169	20169	20169	20169	20169	20169	20169	20169	20169	20169	20169	20169	20169		1	0	0	0	1	0
1306	1306	-1	神行逆转	Food_1	-1	0	0	0	0	1	-1	-1	-1	0	2	0					541	-1	0	1	1	0	-1	-1	-1	-1	-1	-1	-1	-1	-1		-1	5	1200	0	15	-1	1	1	0	0	0	100	-1	0	-1	0	0	0	0	0	0	20170	20170	20170	20170	20170	20170	20170	20170	20170	20170	20170	20170	20170	20170	20170	20170		1	0	0	0	1	0
1307	1307	-1	天罡皇气	Food_1	-1	0	0	0	0	1	-1	-1	-1	0	0	0				165	167	-1	0	1	1	0	-1	-1	-1	-1	-1	-1	-1	-1	-1	 	-1	0	1200	-1	-1	1	0	-1	0	0	0	100	-1	0	-1	0	0	0	0	0	0	20171	20171	20171	20171	20171	20171	20171	20171	20171	20171	20171	20171	20171	20171	20171	20171		1	0	0	0	1	0
1308	1308	-1	天罡霸气	Food_1	-1	0	0	0	0	1	-1	-1	-1	0	0	0				165	166	-1	0	1	1	0	-1	-1	-1	-1	-1	-1	-1	-1	-1		-1	0	1200	-1	-1	1	0	-1	0	0	0	100	-1	0	-1	0	0	0	0	0	0	20172	20172	20172	20172	20172	20172	20172	20172	20172	20172	20172	20172	20172	20172	20172	20172		1	0	0	0	1	0
1309	1309	-1	天人五衰	Food_1	-1	0	0	0	0	1	-1	-1	-1	0	2	0					540	-1	0	1	1	0	-1	-1	-1	-1	-1	-1	-1	-1	-1	 	-1	0	1200	-1	-1	-1	0	-1	0	0	0	100	-1	0	-1	0	0	0	0	0	0	20173	20173	20173	20173	20173	20173	20173	20173	20173	20173	20173	20173	20173	20173	20173	20173		1	0	0	0	1	0
1310	1310	-1	杀气瘟疫	Food_1	-1	0	0	0	0	1	-1	-1	-1	0	2	0					541	-1	0	1	1	0	-1	-1	-1	-1	-1	-1	-1	-1	-1	 	-1	5	1200	-1	-1	-1	0	-1	0	0	0	100	-1	0	-1	0	0	0	0	0	0	20174	20174	20174	20174	20174	20174	20174	20174	20174	20174	20174	20174	20174	20174	20174	20174		1	0	0	0	1	0
1311	1311	-1	杀气爆发	Food_1	-1	0	0	0	0	1	-1	-1	-1	0	2	0					540	-1	0	1	1	0	-1	-1	-1	-1	-1	-1	-1	-1	-1	 	-1	0	1200	-1	-1	1	0	-1	0	0	0	100	-1	0	-1	0	0	0	0	0	0	20175	20175	20175	20175	20175	20175	20175	20175	20175	20175	20175	20175	20175	20175	20175	20175		1	0	0	0	1	0
1312	1312	-1	天煞孤星	Food_1	-1	0	0	0	0	1	-1	-1	-1	0	2	0					540	-1	0	1	1	0	-1	-1	-1	-1	-1	-1	-1	-1	-1	 	-1	0	1200	-1	-1	-1	0	-1	0	0	0	100	-1	0	-1	0	0	0	0	0	0	20176	20176	20176	20176	20176	20177	20178	20179	20180	20181	20182	20183	20184	20185	20186	20187		1	0	0	0	1	0
1313	1313	-1	狂风铲	Food_1	-1	0	0	0	0	1	-1	-1	-1	1	2	0					541	-1	0	1	1	0	-1	-1	-1	-1	-1	-1	-1	-1	-1		-1	5	1200	0	2	-1	0	1	0	0	0	100	-1	0	-1	0	0	0	0	0	0	20188	20188	20188	20188	20188	20188	20188	20188	20188	20188	20188	20188	20188	20188	20188	20188		1	0	0	0	1	0
1314	1314	-1	生门	Food_1	-1	0	0	0	0	1	-1	-1	-1	0	0	0					543	-1	0	1	1	0	-1	-1	-1	-1	-1	-1	-1	-1	-1	 	-1	4	1200	-1	-1	-1	1	-1	0	0	0	100	-1	0	-1	5	360	12	0	0	0	20189	20189	20189	20189	20189	20189	20189	20189	20189	20189	20189	20189	20189	20189	20189	20189		1	0	0	0	1	0
1315	1315	-1	灭世刀阵	Food_1	-1	0	0	0	0	1	-1	-1	-1	0	2	0					542	-1	0	1	1	0	-1	-1	-1	-1	-1	-1	-1	-1	-1		-1	4	1200	-1	-1	-1	1	-1	0	0	0	100	-1	0	-1	15	360	12	0	0	0	20190	20190	20190	20190	20190	20190	20190	20190	20190	20190	20190	20190	20190	20190	20190	20190		1	0.1	50	10	1	0
1316	1316	-1	黄龙吼	Food_1	-1	0	0	0	0	1	-1	-1	-1	0	2	0					541	-1	0	1	1	0	-1	-1	-1	-1	-1	-1	-1	-1	-1	 	-1	4	1200	-1	-1	-1	1	-1	0	0	0	100	-1	0	-1	5	360	12	0	0	0	20191	20191	20191	20191	20191	20191	20191	20191	20191	20191	20191	20191	20191	20191	20191	20191		1	0.1	50	10	1	0
1317	1317	-1	寒冰真气	Food_1	-1	0	0	0	0	1	-1	-1	-1	0	2	0					541	-1	0	1	1	0	-1	-1	-1	-1	-1	-1	-1	-1	-1	 	-1	4	1200	-1	-1	-1	1	-1	0	0	0	100	-1	0	-1	15	360	12	0	0	0	20900	20900	20900	20900	20900	20901	20902	20903	20904	20905	20906	20907	20908	20909	20910	20911		1	0.1	50	10	1	0
1318	1318	-1	腐骨穿心	Food_1	-1	0	0	0	0	1	-1	-1	-1	0	2	0					540	-1	0	1	1	0	-1	-1	-1	-1	-1	-1	-1	-1	-1	 	-1	4	1200	-1	-1	-1	1	-1	0	0	0	100	-1	0	-1	15	360	12	0	0	0	20912	20912	20912	20912	20912	20913	20914	20915	20916	20917	20918	20919	20920	20921	20922	20923		1	0.1	50	10	1	0
1319	1319	-1	火烧大名府	Food_1	-1	0	0	0	0	1	-1	-1	-1	0	2	0					540	-1	0	1	1	0	-1	-1	-1	-1	-1	-1	-1	-1	-1	 	-1	4	1200	-1	-1	-1	1	-1	0	0	0	100	-1	0	-1	15	360	12	0	0	0	20924	20924	20924	20924	20924	20925	20926	20927	20928	20929	20930	20931	20932	20933	20934	20935		1	0.1	50	10	1	0
1320	1320	-1	雷霆万钧	Food_1	-1	0	0	0	0	1	-1	-1	-1	0	2	0					540	-1	0	1	1	0	-1	-1	-1	-1	-1	-1	-1	-1	-1	 	-1	4	1200	-1	-1	-1	1	-1	0	0	0	100	-1	0	-1	15	360	12	0	0	0	20936	20936	20936	20936	20936	20937	20938	20939	20940	20941	20942	20943	20944	20945	20946	20947		1	0.1	50	10	1	0
1321	1321	-1	分身符	Food_1	-1	0	0	0	0	1	-1	-1	-1	0	2	0					165	-1	0	1	1	0	-1	-1	-1	-1	-1	-1	-1	-1	-1	 	-1	0	1200	-1	-1	0	-1	-1	0	0	0	100	-1	0	-1	0	0	0	0	0	0	20948	20948	20948	20948	20948	20948	20948	20948	20948	20948	20948	20948	20948	20948	20948	20948		1	0	0	0	1	0
1322	1322	-1	定身符	Food_1	-1	0	0	0	0	1	-1	-1	-1	0	2	0					165	-1	0	1	1	0	-1	-1	-1	-1	-1	-1	-1	-1	-1	 	-1	5	1200	-1	-1	-1	1	-1	0	0	0	100	-1	0	-1	0	0	0	0	0	0	20949	20949	20949	20949	20949	20949	20949	20949	20949	20949	20949	20949	20949	20949	20949	20949		1	0	0	0	1	0
1323	1323	-1	破绽符	Food_1	-1	0	0	0	0	1	-1	-1	-1	0	2	0					165	-1	0	1	1	0	-1	-1	-1	-1	-1	-1	-1	-1	-1	 	-1	5	1200	-1	-1	-1	1	-1	0	0	0	100	-1	0	-1	0	0	0	0	0	0	20950	20950	20950	20950	20950	20950	20950	20950	20950	20950	20950	20950	20950	20950	20950	20950		1	0	0	0	1	0
1324	1324	-1	灼烧符	Food_1	-1	0	0	0	0	1	-1	-1	-1	0	2	0					165	-1	0	1	1	0	-1	-1	-1	-1	-1	-1	-1	-1	-1	 	-1	5	1200	-1	-1	-1	1	-1	0	0	0	100	-1	0	-1	0	0	0	0	0	0	20951	20951	20951	20951	20951	20951	20951	20951	20951	20951	20951	20951	20951	20951	20951	20951		1	0	0	0	1	0
1325	1321	-1	天罡阵	Food_1	-1	0	0	0	0	1	-1	-1	-1	0	2	0					540	-1	0	1	1	0	-1	-1	-1	-1	-1	-1	-1	-1	-1	 	-1	0	1200	-1	-1	0	1	-1	0	0	0	100	-1	0	-1	15	360	12	0	0	0	128	128	128	128	128	128	128	128	128	128	128	128	128	128	128	128		1	0.1	50	10	1	0
1326	1322	-1	地煞阵	Food_1	-1	0	0	0	0	1	-1	-1	-1	0	2	0					540	-1	0	1	1	0	-1	-1	-1	-1	-1	-1	-1	-1	-1	 	-1	0	1200	-1	-1	0	1	-1	0	0	0	100	-1	0	-1	15	360	12	0	0	0	128	128	128	128	128	128	128	128	128	128	128	128	128	128	128	128		1	0.1	50	10	1	0
1327	1323	-1	人亡阵	Food_1	-1	0	0	0	0	1	-1	-1	-1	0	2	0					540	-1	0	1	1	0	-1	-1	-1	-1	-1	-1	-1	-1	-1	 	-1	0	1200	-1	-1	0	1	-1	0	0	0	100	-1	0	-1	15	360	12	0	0	0	128	128	128	128	128	128	128	128	128	128	128	128	128	128	128	128		1	0.1	50	10	1	0
1328	1324	-1	强化阵	Food_1	-1	0	0	0	0	1	-1	-1	-1	0	2	0					540	-1	0	1	1	0	-1	-1	-1	-1	-1	-1	-1	-1	-1	 	-1	0	1200	-1	-1	0	1	-1	0	0	0	100	-1	0	-1	15	360	12	0	0	0	128	128	128	128	128	128	128	128	128	128	128	128	128	128	128	128		1	0.1	50	10	1	0
1360	1023	-1	死缠烂打	Food_1	-1	0	0	1	1	1	-1	0	-1	0	2	21					473	-1	0	1	0	1	-1	-1	-1	-1	-1	-1	-1	-1	-1		-1	5	1200	0	2	-1	1	-1	0	0	0	-1	-1	0	-1	0	0	0	-1	0	600	12655	12655	12655	12655	12655	12655	12655	12655	12655	12655	12655	12655	12655	12655	12655	12655	近身减速(NPC)	1	0.1	50	10	1	0
1361	1329	-1	清逸之魂（1级）	WuhunSkill1_1	-1	0	0	0	0	0	-1	0	-1	0	2	-1						-1	0	0	1	0	-1	-1	-1	-1	-1	-1	-1	1	-1		-1	0	0	-1	-1	1	0	0	0	0	0	100	0	0	-1	0	0	0	0	0	0	21333	21334	21335	21336	21337	21338	21339	21340	21341	21342	21343	21344	21344	21344	21344	21344	扇环	0	0.1	50	10	1	0
1362	1330	-1	清逸之魂（2级）	WuhunSkill1_1	-1	0	0	0	0	0	-1	0	-1	0	2	-1						-1	0	0	1	0	-1	-1	-1	-1	-1	-1	-1	1	-1		-1	0	0	-1	-1	1	0	0	0	0	0	100	0	0	-1	0	0	0	0	0	0	21345	21346	21347	21348	21349	21350	21351	21352	21353	21354	21355	21356	21356	21356	21356	21356	扇环	0	0.1	50	10	1	0
1363	1331	-1	清逸之魂（3级）	WuhunSkill1_1	-1	0	0	0	0	0	-1	0	-1	0	2	-1						-1	0	0	1	0	-1	-1	-1	-1	-1	-1	-1	1	-1		-1	0	0	-1	-1	1	0	0	0	0	0	100	0	0	-1	0	0	0	0	0	0	21357	21358	21359	21360	21361	21362	21363	21364	21365	21366	21367	21368	21368	21368	21368	21368	扇环	0	0.1	50	10	1	0
1364	1332	-1	清逸之魂（4级）	WuhunSkill1_1	-1	0	0	0	0	0	-1	0	-1	0	2	-1						-1	0	0	1	0	-1	-1	-1	-1	-1	-1	-1	1	-1		-1	0	0	-1	-1	1	0	0	0	0	0	100	0	0	-1	0	0	0	0	0	0	21369	21370	21371	21372	21373	21374	21375	21376	21377	21378	21379	21380	21380	21380	21380	21380	扇环	0	0.1	50	10	1	0
1365	1333	-1	清逸之魂（5级）	WuhunSkill1_1	-1	0	0	0	0	0	-1	0	-1	0	2	-1						-1	0	0	1	0	-1	-1	-1	-1	-1	-1	-1	1	-1		-1	0	0	-1	-1	1	0	0	0	0	0	100	0	0	-1	0	0	0	0	0	0	21381	21382	21383	21384	21385	21386	21387	21388	21389	21390	21391	21392	21392	21392	21392	21392	扇环	0	0.1	50	10	1	0
1366	1334	-1	清逸之魂（6级）	WuhunSkill1_1	-1	0	0	0	0	0	-1	0	-1	0	2	-1						-1	0	0	1	0	-1	-1	-1	-1	-1	-1	-1	1	-1		-1	0	0	-1	-1	1	0	0	0	0	0	100	0	0	-1	0	0	0	0	0	0	21393	21394	21395	21396	21397	21398	21399	21400	21401	21402	21403	21404	21404	21404	21404	21404	扇环	0	0.1	50	10	1	0
1367	1335	-1	寒锋之魂（1级）	WuhunSkill1_2	-1	0	0	0	0	0	-1	0	-1	0	2	-1						-1	0	0	1	0	-1	-1	-1	-1	-1	-1	-1	1	-1		-1	0	0	-1	-1	1	0	0	0	0	0	100	0	0	-1	0	0	0	0	0	0	21405	21406	21407	21408	21409	21410	21411	21412	21413	21414	21415	21416	21416	21416	21416	21416	单双短	0	0.1	50	10	1	0
1368	1336	-1	寒锋之魂（2级）	WuhunSkill1_2	-1	0	0	0	0	0	-1	0	-1	0	2	-1						-1	0	0	1	0	-1	-1	-1	-1	-1	-1	-1	1	-1		-1	0	0	-1	-1	1	0	0	0	0	0	100	0	0	-1	0	0	0	0	0	0	21417	21418	21419	21420	21421	21422	21423	21424	21425	21426	21427	21428	21428	21428	21428	21428	单双短	0	0.1	50	10	1	0
1369	1337	-1	寒锋之魂（3级）	WuhunSkill1_2	-1	0	0	0	0	0	-1	0	-1	0	2	-1						-1	0	0	1	0	-1	-1	-1	-1	-1	-1	-1	1	-1		-1	0	0	-1	-1	1	0	0	0	0	0	100	0	0	-1	0	0	0	0	0	0	21429	21430	21431	21432	21433	21434	21435	21436	21437	21438	21439	21440	21440	21440	21440	21440	单双短	0	0.1	50	10	1	0
1370	1338	-1	寒锋之魂（4级）	WuhunSkill1_2	-1	0	0	0	0	0	-1	0	-1	0	2	-1						-1	0	0	1	0	-1	-1	-1	-1	-1	-1	-1	1	-1		-1	0	0	-1	-1	1	0	0	0	0	0	100	0	0	-1	0	0	0	0	0	0	21441	21442	21443	21444	21445	21446	21447	21448	21449	21450	21451	21452	21452	21452	21452	21452	单双短	0	0.1	50	10	1	0
1371	1339	-1	寒锋之魂（5级）	WuhunSkill1_2	-1	0	0	0	0	0	-1	0	-1	0	2	-1						-1	0	0	1	0	-1	-1	-1	-1	-1	-1	-1	1	-1		-1	0	0	-1	-1	1	0	0	0	0	0	100	0	0	-1	0	0	0	0	0	0	21453	21454	21455	21456	21457	21458	21459	21460	21461	21462	21463	21464	21464	21464	21464	21464	单双短	0	0.1	50	10	1	0
1372	1340	-1	寒锋之魂（6级）	WuhunSkill1_2	-1	0	0	0	0	0	-1	0	-1	0	2	-1						-1	0	0	1	0	-1	-1	-1	-1	-1	-1	-1	1	-1		-1	0	0	-1	-1	1	0	0	0	0	0	100	0	0	-1	0	0	0	0	0	0	21465	21466	21467	21468	21469	21470	21471	21472	21473	21474	21475	21476	21476	21476	21476	21476	单双短	0	0.1	50	10	1	0
1373	1341	-1	武勇之魂（1级）	WuhunSkill1_3	-1	0	0	0	0	0	-1	0	-1	0	2	-1						-1	0	0	1	0	-1	-1	-1	-1	-1	-1	-1	1	-1		-1	0	0	-1	-1	1	0	0	0	0	0	100	0	0	-1	0	0	0	0	0	0	21477	21478	21479	21480	21481	21482	21483	21484	21485	21486	21487	21488	21488	21488	21488	21488	长兵器	0	0.1	50	10	1	0
1374	1342	-1	武勇之魂（2级）	WuhunSkill1_3	-1	0	0	0	0	0	-1	0	-1	0	2	-1						-1	0	0	1	0	-1	-1	-1	-1	-1	-1	-1	1	-1		-1	0	0	-1	-1	1	0	0	0	0	0	100	0	0	-1	0	0	0	0	0	0	21489	21490	21491	21492	21493	21494	21495	21496	21497	21498	21499	21500	21500	21500	21500	21500	长兵器	0	0.1	50	10	1	0
1375	1343	-1	武勇之魂（3级）	WuhunSkill1_3	-1	0	0	0	0	0	-1	0	-1	0	2	-1						-1	0	0	1	0	-1	-1	-1	-1	-1	-1	-1	1	-1		-1	0	0	-1	-1	1	0	0	0	0	0	100	0	0	-1	0	0	0	0	0	0	21501	21502	21503	21504	21505	21506	21507	21508	21509	21510	21511	21512	21512	21512	21512	21512	长兵器	0	0.1	50	10	1	0
1376	1344	-1	武勇之魂（4级）	WuhunSkill1_3	-1	0	0	0	0	0	-1	0	-1	0	2	-1						-1	0	0	1	0	-1	-1	-1	-1	-1	-1	-1	1	-1		-1	0	0	-1	-1	1	0	0	0	0	0	100	0	0	-1	0	0	0	0	0	0	21513	21514	21515	21516	21517	21518	21519	21520	21521	21522	21523	21524	21524	21524	21524	21524	长兵器	0	0.1	50	10	1	0
1377	1345	-1	武勇之魂（5级）	WuhunSkill1_3	-1	0	0	0	0	0	-1	0	-1	0	2	-1						-1	0	0	1	0	-1	-1	-1	-1	-1	-1	-1	1	-1		-1	0	0	-1	-1	1	0	0	0	0	0	100	0	0	-1	0	0	0	0	0	0	21525	21526	21527	21528	21529	21530	21531	21532	21533	21534	21535	21536	21536	21536	21536	21536	长兵器	0	0.1	50	10	1	0
1378	1346	-1	武勇之魂（6级）	WuhunSkill1_3	-1	0	0	0	0	0	-1	0	-1	0	2	-1						-1	0	0	1	0	-1	-1	-1	-1	-1	-1	-1	1	-1		-1	0	0	-1	-1	1	0	0	0	0	0	100	0	0	-1	0	0	0	0	0	0	21537	21538	21539	21540	21541	21542	21543	21544	21545	21546	21547	21548	21548	21548	21548	21548	长兵器	0	0.1	50	10	1	0
1379	1347	-1	御体之魂（1级）	WuhunSkill1_4	-1	0	0	0	0	0	-1	0	-1	0	2	-1						-1	0	0	1	0	-1	-1	-1	-1	-1	-1	-1	1	-1		-1	0	0	-1	-1	1	0	0	0	0	0	100	0	0	-1	0	0	0	0	0	0	21549	21550	21551	21552	21553	21554	21555	21556	21557	21558	21559	21560	21560	21560	21560	21560	使你从防具中获得的内、外功防御力大幅提高。	0	0.1	50	10	1	0
1380	1348	-1	御体之魂（2级）	WuhunSkill1_4	-1	0	0	0	0	0	-1	0	-1	0	2	-1						-1	0	0	1	0	-1	-1	-1	-1	-1	-1	-1	1	-1		-1	0	0	-1	-1	1	0	0	0	0	0	100	0	0	-1	0	0	0	0	0	0	21561	21562	21563	21564	21565	21566	21567	21568	21569	21570	21571	21572	21572	21572	21572	21572	使你从防具中获得的内、外功防御力大幅提高。	0	0.1	50	10	1	0
1381	1349	-1	御体之魂（3级）	WuhunSkill1_4	-1	0	0	0	0	0	-1	0	-1	0	2	-1						-1	0	0	1	0	-1	-1	-1	-1	-1	-1	-1	1	-1		-1	0	0	-1	-1	1	0	0	0	0	0	100	0	0	-1	0	0	0	0	0	0	21573	21574	21575	21576	21577	21578	21579	21580	21581	21582	21583	21584	21584	21584	21584	21584	使你从防具中获得的内、外功防御力大幅提高。	0	0.1	50	10	1	0
1382	1350	-1	御体之魂（4级）	WuhunSkill1_4	-1	0	0	0	0	0	-1	0	-1	0	2	-1						-1	0	0	1	0	-1	-1	-1	-1	-1	-1	-1	1	-1		-1	0	0	-1	-1	1	0	0	0	0	0	100	0	0	-1	0	0	0	0	0	0	21585	21586	21587	21588	21589	21590	21591	21592	21593	21594	21595	21596	21596	21596	21596	21596	使你从防具中获得的内、外功防御力大幅提高。	0	0.1	50	10	1	0
1383	1351	-1	御体之魂（5级）	WuhunSkill1_4	-1	0	0	0	0	0	-1	0	-1	0	2	-1						-1	0	0	1	0	-1	-1	-1	-1	-1	-1	-1	1	-1		-1	0	0	-1	-1	1	0	0	0	0	0	100	0	0	-1	0	0	0	0	0	0	21597	21598	21599	21600	21601	21602	21603	21604	21605	21606	21607	21608	21608	21608	21608	21608	使你从防具中获得的内、外功防御力大幅提高。	0	0.1	50	10	1	0
1384	1352	-1	御体之魂（6级）	WuhunSkill1_4	-1	0	0	0	0	0	-1	0	-1	0	2	-1						-1	0	0	1	0	-1	-1	-1	-1	-1	-1	-1	1	-1		-1	0	0	-1	-1	1	0	0	0	0	0	100	0	0	-1	0	0	0	0	0	0	21609	21610	21611	21612	21613	21614	21615	21616	21617	21618	21619	21620	21620	21620	21620	21620	使你从防具中获得的内、外功防御力大幅提高。	0	0.1	50	10	1	0
1385	1353	-1	凝力之魂（1级）	FightSkillXinXiu1_1	-1	0	0	1	1	1	-1	0	-1	0	2	120					617	-1	0	0	0	0	-1	-1	-1	-1	-1	-1	-1	1	-1		-1	0	1200	-1	-1	1	0	-1	0	0	0	100	-1	0	-1	0	0	0	0	0	0	21621	21622	21623	21624	21625	21626	21627	21628	21629	21630	21631	21632	21632	21632	21632	21632	力量	1	0.1	50	10	1	0
1386	1354	-1	凝力之魂（2级）	FightSkillXinXiu1_1	-1	0	0	1	1	1	-1	0	-1	0	2	120					617	-1	0	0	0	0	-1	-1	-1	-1	-1	-1	-1	1	-1		-1	0	1200	-1	-1	1	0	-1	0	0	0	100	-1	0	-1	0	0	0	0	0	0	21633	21634	21635	21636	21637	21638	21639	21640	21641	21642	21643	21644	21644	21644	21644	21644		1	0.1	50	10	1	0
1387	1355	-1	凝力之魂（3级）	FightSkillXinXiu1_1	-1	0	0	1	1	1	-1	0	-1	0	2	120					617	-1	0	0	0	0	-1	-1	-1	-1	-1	-1	-1	1	-1		-1	0	1200	-1	-1	1	0	-1	0	0	0	100	-1	0	-1	0	0	0	0	0	0	21645	21646	21647	21648	21649	21650	21651	21652	21653	21654	21655	21656	21656	21656	21656	21656		1	0.1	50	10	1	0
1388	1356	-1	凝力之魂（4级）	FightSkillXinXiu1_1	-1	0	0	1	1	1	-1	0	-1	0	2	120					617	-1	0	0	0	0	-1	-1	-1	-1	-1	-1	-1	1	-1		-1	0	1200	-1	-1	1	0	-1	0	0	0	100	-1	0	-1	0	0	0	0	0	0	21657	21658	21659	21660	21661	21662	21663	21664	21665	21666	21667	21668	21668	21668	21668	21668		1	0.1	50	10	1	0
1389	1357	-1	凝力之魂（5级）	FightSkillXinXiu1_1	-1	0	0	1	1	1	-1	0	-1	0	2	120					617	-1	0	0	0	0	-1	-1	-1	-1	-1	-1	-1	1	-1		-1	0	1200	-1	-1	1	0	-1	0	0	0	100	-1	0	-1	0	0	0	0	0	0	21669	21670	21671	21672	21673	21674	21675	21676	21677	21678	21679	21680	21680	21680	21680	21680		1	0.1	50	10	1	0
1390	1358	-1	凝力之魂（6级）	FightSkillXinXiu1_1	-1	0	0	1	1	1	-1	0	-1	0	2	120					617	-1	0	0	0	0	-1	-1	-1	-1	-1	-1	-1	1	-1		-1	0	1200	-1	-1	1	0	-1	0	0	0	100	-1	0	-1	0	0	0	0	0	0	21681	21682	21683	21684	21685	21686	21687	21688	21689	21690	21691	21692	21692	21692	21692	21692		1	0.1	50	10	1	0
1391	1359	-1	聚灵之魂（1级）	FightSkillXinXiu1_2	-1	0	0	1	1	1	-1	0	-1	0	2	120					617	-1	0	0	0	0	-1	-1	-1	-1	-1	-1	-1	1	-1		-1	0	1200	-1	-1	1	0	-1	0	0	0	100	-1	0	-1	0	0	0	0	0	0	21693	21694	21695	21696	21697	21698	21699	21700	21701	21702	21703	21704	21704	21704	21704	21704	灵气	1	0.1	50	10	1	0
1392	1360	-1	聚灵之魂（2级）	FightSkillXinXiu1_2	-1	0	0	1	1	1	-1	0	-1	0	2	120					617	-1	0	0	0	0	-1	-1	-1	-1	-1	-1	-1	1	-1		-1	0	1200	-1	-1	1	0	-1	0	0	0	100	-1	0	-1	0	0	0	0	0	0	21705	21706	21707	21708	21709	21710	21711	21712	21713	21714	21715	21716	21716	21716	21716	21716		1	0.1	50	10	1	0
1393	1361	-1	聚灵之魂（3级）	FightSkillXinXiu1_2	-1	0	0	1	1	1	-1	0	-1	0	2	120					617	-1	0	0	0	0	-1	-1	-1	-1	-1	-1	-1	1	-1		-1	0	1200	-1	-1	1	0	-1	0	0	0	100	-1	0	-1	0	0	0	0	0	0	21717	21718	21719	21720	21721	21722	21723	21724	21725	21726	21727	21728	21728	21728	21728	21728		1	0.1	50	10	1	0
1394	1362	-1	聚灵之魂（4级）	FightSkillXinXiu1_2	-1	0	0	1	1	1	-1	0	-1	0	2	120					617	-1	0	0	0	0	-1	-1	-1	-1	-1	-1	-1	1	-1		-1	0	1200	-1	-1	1	0	-1	0	0	0	100	-1	0	-1	0	0	0	0	0	0	21729	21730	21731	21732	21733	21734	21735	21736	21737	21738	21739	21740	21740	21740	21740	21740		1	0.1	50	10	1	0
1395	1363	-1	聚灵之魂（5级）	FightSkillXinXiu1_2	-1	0	0	1	1	1	-1	0	-1	0	2	120					617	-1	0	0	0	0	-1	-1	-1	-1	-1	-1	-1	1	-1		-1	0	1200	-1	-1	1	0	-1	0	0	0	100	-1	0	-1	0	0	0	0	0	0	21741	21742	21743	21744	21745	21746	21747	21748	21749	21750	21751	21752	21752	21752	21752	21752		1	0.1	50	10	1	0
1396	1364	-1	聚灵之魂（6级）	FightSkillXinXiu1_2	-1	0	0	1	1	1	-1	0	-1	0	2	120					617	-1	0	0	0	0	-1	-1	-1	-1	-1	-1	-1	1	-1		-1	0	1200	-1	-1	1	0	-1	0	0	0	100	-1	0	-1	0	0	0	0	0	0	21753	21754	21755	21756	21757	21758	21759	21760	21761	21762	21763	21764	21764	21764	21764	21764		1	0.1	50	10	1	0
1397	1365	-1	强体之魂（1级）	FightSkillXinXiu1_3	-1	0	0	1	1	1	-1	0	-1	0	2	120					617	-1	0	0	0	0	-1	-1	-1	-1	-1	-1	-1	1	-1		-1	0	1200	-1	-1	1	0	-1	0	0	0	100	-1	0	-1	0	0	0	0	0	0	21765	21766	21767	21768	21769	21770	21771	21772	21773	21774	21775	21776	21776	21776	21776	21776	体力	1	0.1	50	10	1	0
1398	1366	-1	强体之魂（2级）	FightSkillXinXiu1_3	-1	0	0	1	1	1	-1	0	-1	0	2	120					617	-1	0	0	0	0	-1	-1	-1	-1	-1	-1	-1	1	-1		-1	0	1200	-1	-1	1	0	-1	0	0	0	100	-1	0	-1	0	0	0	0	0	0	21777	21778	21779	21780	21781	21782	21783	21784	21785	21786	21787	21788	21788	21788	21788	21788		1	0.1	50	10	1	0
1399	1367	-1	强体之魂（3级）	FightSkillXinXiu1_3	-1	0	0	1	1	1	-1	0	-1	0	2	120					617	-1	0	0	0	0	-1	-1	-1	-1	-1	-1	-1	1	-1		-1	0	1200	-1	-1	1	0	-1	0	0	0	100	-1	0	-1	0	0	0	0	0	0	21789	21790	21791	21792	21793	21794	21795	21796	21797	21798	21799	21800	21800	21800	21800	21800		1	0.1	50	10	1	0
1400	1368	-1	强体之魂（4级）	FightSkillXinXiu1_3	-1	0	0	1	1	1	-1	0	-1	0	2	120					617	-1	0	0	0	0	-1	-1	-1	-1	-1	-1	-1	1	-1		-1	0	1200	-1	-1	1	0	-1	0	0	0	100	-1	0	-1	0	0	0	0	0	0	21801	21802	21803	21804	21805	21806	21807	21808	21809	21810	21811	21812	21812	21812	21812	21812		1	0.1	50	10	1	0
1401	1369	-1	强体之魂（5级）	FightSkillXinXiu1_3	-1	0	0	1	1	1	-1	0	-1	0	2	120					617	-1	0	0	0	0	-1	-1	-1	-1	-1	-1	-1	1	-1		-1	0	1200	-1	-1	1	0	-1	0	0	0	100	-1	0	-1	0	0	0	0	0	0	21813	21814	21815	21816	21817	21818	21819	21820	21821	21822	21823	21824	21824	21824	21824	21824		1	0.1	50	10	1	0
1402	1370	-1	强体之魂（6级）	FightSkillXinXiu1_3	-1	0	0	1	1	1	-1	0	-1	0	2	120					617	-1	0	0	0	0	-1	-1	-1	-1	-1	-1	-1	1	-1		-1	0	1200	-1	-1	1	0	-1	0	0	0	100	-1	0	-1	0	0	0	0	0	0	21825	21826	21827	21828	21829	21830	21831	21832	21833	21834	21835	21836	21836	21836	21836	21836		1	0.1	50	10	1	0
1403	1371	-1	固定之魂（1级）	FightSkillXinXiu1_4	-1	0	0	1	1	1	-1	0	-1	0	2	120					617	-1	0	0	0	0	-1	-1	-1	-1	-1	-1	-1	1	-1		-1	0	1200	-1	-1	1	0	-1	0	0	0	100	-1	0	-1	0	0	0	0	0	0	21837	21838	21839	21840	21841	21842	21843	21844	21845	21846	21847	21848	21848	21848	21848	21848	定力	1	0.1	50	10	1	0
1404	1372	-1	固定之魂（2级）	FightSkillXinXiu1_4	-1	0	0	1	1	1	-1	0	-1	0	2	120					617	-1	0	0	0	0	-1	-1	-1	-1	-1	-1	-1	1	-1		-1	0	1200	-1	-1	1	0	-1	0	0	0	100	-1	0	-1	0	0	0	0	0	0	21849	21850	21851	21852	21853	21854	21855	21856	21857	21858	21859	21860	21860	21860	21860	21860		1	0.1	50	10	1	0
1405	1373	-1	固定之魂（3级）	FightSkillXinXiu1_4	-1	0	0	1	1	1	-1	0	-1	0	2	120					617	-1	0	0	0	0	-1	-1	-1	-1	-1	-1	-1	1	-1		-1	0	1200	-1	-1	1	0	-1	0	0	0	100	-1	0	-1	0	0	0	0	0	0	21861	21862	21863	21864	21865	21866	21867	21868	21869	21870	21871	21872	21872	21872	21872	21872		1	0.1	50	10	1	0
1406	1374	-1	固定之魂（4级）	FightSkillXinXiu1_4	-1	0	0	1	1	1	-1	0	-1	0	2	120					617	-1	0	0	0	0	-1	-1	-1	-1	-1	-1	-1	1	-1		-1	0	1200	-1	-1	1	0	-1	0	0	0	100	-1	0	-1	0	0	0	0	0	0	21873	21874	21875	21876	21877	21878	21879	21880	21881	21882	21883	21884	21884	21884	21884	21884		1	0.1	50	10	1	0
1407	1375	-1	固定之魂（5级）	FightSkillXinXiu1_4	-1	0	0	1	1	1	-1	0	-1	0	2	120					617	-1	0	0	0	0	-1	-1	-1	-1	-1	-1	-1	1	-1		-1	0	1200	-1	-1	1	0	-1	0	0	0	100	-1	0	-1	0	0	0	0	0	0	21885	21886	21887	21888	21889	21890	21891	21892	21893	21894	21895	21896	21896	21896	21896	21896		1	0.1	50	10	1	0
1408	1376	-1	固定之魂（6级）	FightSkillXinXiu1_4	-1	0	0	1	1	1	-1	0	-1	0	2	120					617	-1	0	0	0	0	-1	-1	-1	-1	-1	-1	-1	1	-1		-1	0	1200	-1	-1	1	0	-1	0	0	0	100	-1	0	-1	0	0	0	0	0	0	21897	21898	21899	21900	21901	21902	21903	21904	21905	21906	21907	21908	21908	21908	21908	21908		1	0.1	50	10	1	0
1409	1377	-1	游身之魂（1级）	FightSkillXinXiu1_5	-1	0	0	1	1	1	-1	0	-1	0	2	120					617	-1	0	0	0	0	-1	-1	-1	-1	-1	-1	-1	1	-1		-1	0	1200	-1	-1	1	0	-1	0	0	0	100	-1	0	-1	0	0	0	0	0	0	21909	21910	21911	21912	21913	21914	21915	21916	21917	21918	21919	21920	21920	21920	21920	21920	身法	1	0.1	50	10	1	0
1410	1378	-1	游身之魂（2级）	FightSkillXinXiu1_5	-1	0	0	1	1	1	-1	0	-1	0	2	120					617	-1	0	0	0	0	-1	-1	-1	-1	-1	-1	-1	1	-1		-1	0	1200	-1	-1	1	0	-1	0	0	0	100	-1	0	-1	0	0	0	0	0	0	21921	21922	21923	21924	21925	21926	21927	21928	21929	21930	21931	21932	21932	21932	21932	21932		1	0.1	50	10	1	0
1411	1379	-1	游身之魂（3级）	FightSkillXinXiu1_5	-1	0	0	1	1	1	-1	0	-1	0	2	120					617	-1	0	0	0	0	-1	-1	-1	-1	-1	-1	-1	1	-1		-1	0	1200	-1	-1	1	0	-1	0	0	0	100	-1	0	-1	0	0	0	0	0	0	21933	21934	21935	21936	21937	21938	21939	21940	21941	21942	21943	21944	21944	21944	21944	21944		1	0.1	50	10	1	0
1412	1380	-1	游身之魂（4级）	FightSkillXinXiu1_5	-1	0	0	1	1	1	-1	0	-1	0	2	120					617	-1	0	0	0	0	-1	-1	-1	-1	-1	-1	-1	1	-1		-1	0	1200	-1	-1	1	0	-1	0	0	0	100	-1	0	-1	0	0	0	0	0	0	21945	21946	21947	21948	21949	21950	21951	21952	21953	21954	21955	21956	21956	21956	21956	21956		1	0.1	50	10	1	0
1413	1381	-1	游身之魂（5级）	FightSkillXinXiu1_5	-1	0	0	1	1	1	-1	0	-1	0	2	120					617	-1	0	0	0	0	-1	-1	-1	-1	-1	-1	-1	1	-1		-1	0	1200	-1	-1	1	0	-1	0	0	0	100	-1	0	-1	0	0	0	0	0	0	21957	21958	21959	21960	21961	21962	21963	21964	21965	21966	21967	21968	21968	21968	21968	21968		1	0.1	50	10	1	0
1414	1382	-1	游身之魂（6级）	FightSkillXinXiu1_5	-1	0	0	1	1	1	-1	0	-1	0	2	120					617	-1	0	0	0	0	-1	-1	-1	-1	-1	-1	-1	1	-1		-1	0	1200	-1	-1	1	0	-1	0	0	0	100	-1	0	-1	0	0	0	0	0	0	21969	21970	21971	21972	21973	21974	21975	21976	21977	21978	21979	21980	21980	21980	21980	21980		1	0.1	50	10	1	0
1415	1365	-1	厉刚之魂（1级）	WuhunSkill2_3	-1	0	0	1	1	1	-1	0	-1	0	2	120					745	-1	0	0	0	0	-1	-1	-1	-1	-1	-1	-1	1	-1		-1	0	1200	-1	-1	1	0	-1	0	0	0	100	-1	0	-1	0	0	0	0	0	0	22485	22486	22487	22488	22489	22490	22491	22492	22493	22494	22495	22496	22496	22496	22496	22496	外功	1	0.1	50	10	1	0
1416	1366	-1	厉刚之魂（2级）	WuhunSkill2_3	-1	0	0	1	1	1	-1	0	-1	0	2	120					745	-1	0	0	0	0	-1	-1	-1	-1	-1	-1	-1	1	-1		-1	0	1200	-1	-1	1	0	-1	0	0	0	100	-1	0	-1	0	0	0	0	0	0	22497	22498	22499	22500	22501	22502	22503	22504	22505	22506	22507	22508	22508	22508	22508	22508		1	0.1	50	10	1	0
1417	1367	-1	厉刚之魂（3级）	WuhunSkill2_3	-1	0	0	1	1	1	-1	0	-1	0	2	120					745	-1	0	0	0	0	-1	-1	-1	-1	-1	-1	-1	1	-1		-1	0	1200	-1	-1	1	0	-1	0	0	0	100	-1	0	-1	0	0	0	0	0	0	22509	22510	22511	22512	22513	22514	22515	22516	22517	22518	22519	22520	22520	22520	22520	22520		1	0.1	50	10	1	0
1418	1368	-1	厉刚之魂（4级）	WuhunSkill2_3	-1	0	0	1	1	1	-1	0	-1	0	2	120					745	-1	0	0	0	0	-1	-1	-1	-1	-1	-1	-1	1	-1		-1	0	1200	-1	-1	1	0	-1	0	0	0	100	-1	0	-1	0	0	0	0	0	0	22521	22522	22523	22524	22525	22526	22527	22528	22529	22530	22531	22532	22532	22532	22532	22532		1	0.1	50	10	1	0
1419	1369	-1	厉刚之魂（5级）	WuhunSkill2_3	-1	0	0	1	1	1	-1	0	-1	0	2	120					745	-1	0	0	0	0	-1	-1	-1	-1	-1	-1	-1	1	-1		-1	0	1200	-1	-1	1	0	-1	0	0	0	100	-1	0	-1	0	0	0	0	0	0	22533	22534	22535	22536	22537	22538	22539	22540	22541	22542	22543	22544	22544	22544	22544	22544		1	0.1	50	10	1	0
1420	1370	-1	厉刚之魂（6级）	WuhunSkill2_3	-1	0	0	1	1	1	-1	0	-1	0	2	120					745	-1	0	0	0	0	-1	-1	-1	-1	-1	-1	-1	1	-1		-1	0	1200	-1	-1	1	0	-1	0	0	0	100	-1	0	-1	0	0	0	0	0	0	22545	22546	22547	22548	22549	22550	22551	22552	22553	22554	22555	22556	22556	22556	22556	22556		1	0.1	50	10	1	0
1421	1371	-1	旋柔之魂（1级）	WuhunSkill2_4	-1	0	0	1	1	1	-1	0	-1	0	2	120					745	-1	0	0	0	0	-1	-1	-1	-1	-1	-1	-1	1	-1		-1	0	1200	-1	-1	1	0	-1	0	0	0	100	-1	0	-1	0	0	0	0	0	0	22557	22558	22559	22560	22561	22562	22563	22564	22565	22566	22567	22568	22568	22568	22568	22568	内功	1	0.1	50	10	1	0
1422	1372	-1	旋柔之魂（2级）	WuhunSkill2_4	-1	0	0	1	1	1	-1	0	-1	0	2	120					745	-1	0	0	0	0	-1	-1	-1	-1	-1	-1	-1	1	-1		-1	0	1200	-1	-1	1	0	-1	0	0	0	100	-1	0	-1	0	0	0	0	0	0	22569	22570	22571	22572	22573	22574	22575	22576	22577	22578	22579	22580	22580	22580	22580	22580		1	0.1	50	10	1	0
1423	1373	-1	旋柔之魂（3级）	WuhunSkill2_4	-1	0	0	1	1	1	-1	0	-1	0	2	120					745	-1	0	0	0	0	-1	-1	-1	-1	-1	-1	-1	1	-1		-1	0	1200	-1	-1	1	0	-1	0	0	0	100	-1	0	-1	0	0	0	0	0	0	22581	22582	22583	22584	22585	22586	22587	22588	22589	22590	22591	22592	22592	22592	22592	22592		1	0.1	50	10	1	0
1424	1374	-1	旋柔之魂（4级）	WuhunSkill2_4	-1	0	0	1	1	1	-1	0	-1	0	2	120					745	-1	0	0	0	0	-1	-1	-1	-1	-1	-1	-1	1	-1		-1	0	1200	-1	-1	1	0	-1	0	0	0	100	-1	0	-1	0	0	0	0	0	0	22593	22594	22595	22596	22597	22598	22599	22600	22601	22602	22603	22604	22604	22604	22604	22604		1	0.1	50	10	1	0
1425	1375	-1	旋柔之魂（5级）	WuhunSkill2_4	-1	0	0	1	1	1	-1	0	-1	0	2	120					745	-1	0	0	0	0	-1	-1	-1	-1	-1	-1	-1	1	-1		-1	0	1200	-1	-1	1	0	-1	0	0	0	100	-1	0	-1	0	0	0	0	0	0	22605	22606	22607	22608	22609	22610	22611	22612	22613	22614	22615	22616	22616	22616	22616	22616		1	0.1	50	10	1	0
1426	1376	-1	旋柔之魂（6级）	WuhunSkill2_4	-1	0	0	1	1	1	-1	0	-1	0	2	120					745	-1	0	0	0	0	-1	-1	-1	-1	-1	-1	-1	1	-1		-1	0	1200	-1	-1	1	0	-1	0	0	0	100	-1	0	-1	0	0	0	0	0	0	22617	22618	22619	22620	22621	22622	22623	22624	22625	22626	22627	22628	22628	22628	22628	22628		1	0.1	50	10	1	0
1427	1377	-1	武韧之魂（1级）	WuhunSkill2_5	-1	0	0	1	1	1	-1	0	-1	0	2	120					745	-1	0	0	0	0	-1	-1	-1	-1	-1	-1	-1	1	-1		-1	0	1200	-1	-1	1	0	-1	0	0	0	100	-1	0	-1	0	0	0	0	0	0	22629	22630	22631	22632	22633	22634	22635	22636	22637	22638	22639	22640	22640	22640	22640	22640	外防	1	0.1	50	10	1	0
1428	1378	-1	武韧之魂（2级）	WuhunSkill2_5	-1	0	0	1	1	1	-1	0	-1	0	2	120					745	-1	0	0	0	0	-1	-1	-1	-1	-1	-1	-1	1	-1		-1	0	1200	-1	-1	1	0	-1	0	0	0	100	-1	0	-1	0	0	0	0	0	0	22641	22642	22643	22644	22645	22646	22647	22648	22649	22650	22651	22652	22652	22652	22652	22652		1	0.1	50	10	1	0
1429	1379	-1	武韧之魂（3级）	WuhunSkill2_5	-1	0	0	1	1	1	-1	0	-1	0	2	120					745	-1	0	0	0	0	-1	-1	-1	-1	-1	-1	-1	1	-1		-1	0	1200	-1	-1	1	0	-1	0	0	0	100	-1	0	-1	0	0	0	0	0	0	22653	22654	22655	22656	22657	22658	22659	22660	22661	22662	22663	22664	22664	22664	22664	22664		1	0.1	50	10	1	0
1430	1380	-1	武韧之魂（4级）	WuhunSkill2_5	-1	0	0	1	1	1	-1	0	-1	0	2	120					745	-1	0	0	0	0	-1	-1	-1	-1	-1	-1	-1	1	-1		-1	0	1200	-1	-1	1	0	-1	0	0	0	100	-1	0	-1	0	0	0	0	0	0	22665	22666	22667	22668	22669	22670	22671	22672	22673	22674	22675	22676	22676	22676	22676	22676		1	0.1	50	10	1	0
1431	1381	-1	武韧之魂（5级）	WuhunSkill2_5	-1	0	0	1	1	1	-1	0	-1	0	2	120					745	-1	0	0	0	0	-1	-1	-1	-1	-1	-1	-1	1	-1		-1	0	1200	-1	-1	1	0	-1	0	0	0	100	-1	0	-1	0	0	0	0	0	0	22677	22678	22679	22680	22681	22682	22683	22684	22685	22686	22687	22688	22688	22688	22688	22688		1	0.1	50	10	1	0
1432	1382	-1	武韧之魂（6级）	WuhunSkill2_5	-1	0	0	1	1	1	-1	0	-1	0	2	120					745	-1	0	0	0	0	-1	-1	-1	-1	-1	-1	-1	1	-1		-1	0	1200	-1	-1	1	0	-1	0	0	0	100	-1	0	-1	0	0	0	0	0	0	22689	22690	22691	22692	22693	22694	22695	22696	22697	22698	22699	22700	22700	22700	22700	22700		1	0.1	50	10	1	0
1433	1365	-1	阴绵之魂（1级）	WuhunSkill2_6	-1	0	0	1	1	1	-1	0	-1	0	2	120					745	-1	0	0	0	0	-1	-1	-1	-1	-1	-1	-1	1	-1		-1	0	1200	-1	-1	1	0	-1	0	0	0	100	-1	0	-1	0	0	0	0	0	0	22701	22702	22703	22704	22705	22706	22707	22708	22709	22710	22711	22712	22712	22712	22712	22712	内防	1	0.1	50	10	1	0
1434	1366	-1	阴绵之魂（2级）	WuhunSkill2_6	-1	0	0	1	1	1	-1	0	-1	0	2	120					745	-1	0	0	0	0	-1	-1	-1	-1	-1	-1	-1	1	-1		-1	0	1200	-1	-1	1	0	-1	0	0	0	100	-1	0	-1	0	0	0	0	0	0	22713	22714	22715	22716	22717	22718	22719	22720	22721	22722	22723	22724	22724	22724	22724	22724		1	0.1	50	10	1	0
1435	1367	-1	阴绵之魂（3级）	WuhunSkill2_6	-1	0	0	1	1	1	-1	0	-1	0	2	120					745	-1	0	0	0	0	-1	-1	-1	-1	-1	-1	-1	1	-1		-1	0	1200	-1	-1	1	0	-1	0	0	0	100	-1	0	-1	0	0	0	0	0	0	22725	22726	22727	22728	22729	22730	22731	22732	22733	22734	22735	22736	22736	22736	22736	22736		1	0.1	50	10	1	0
1436	1368	-1	阴绵之魂（4级）	WuhunSkill2_6	-1	0	0	1	1	1	-1	0	-1	0	2	120					745	-1	0	0	0	0	-1	-1	-1	-1	-1	-1	-1	1	-1		-1	0	1200	-1	-1	1	0	-1	0	0	0	100	-1	0	-1	0	0	0	0	0	0	22737	22738	22739	22740	22741	22742	22743	22744	22745	22746	22747	22748	22748	22748	22748	22748		1	0.1	50	10	1	0
1437	1369	-1	阴绵之魂（5级）	WuhunSkill2_6	-1	0	0	1	1	1	-1	0	-1	0	2	120					745	-1	0	0	0	0	-1	-1	-1	-1	-1	-1	-1	1	-1		-1	0	1200	-1	-1	1	0	-1	0	0	0	100	-1	0	-1	0	0	0	0	0	0	22749	22750	22751	22752	22753	22754	22755	22756	22757	22758	22759	22760	22760	22760	22760	22760		1	0.1	50	10	1	0
1438	1370	-1	阴绵之魂（6级）	WuhunSkill2_6	-1	0	0	1	1	1	-1	0	-1	0	2	120					745	-1	0	0	0	0	-1	-1	-1	-1	-1	-1	-1	1	-1		-1	0	1200	-1	-1	1	0	-1	0	0	0	100	-1	0	-1	0	0	0	0	0	0	22761	22762	22763	22764	22765	22766	22767	22768	22769	22770	22771	22772	22772	22772	22772	22772		1	0.1	50	10	1	0
1439	1371	-1	星准之魂（1级）	WuhunSkill2_7	-1	0	0	1	1	1	-1	0	-1	0	2	120					745	-1	0	0	0	0	-1	-1	-1	-1	-1	-1	-1	1	-1		-1	0	1200	-1	-1	1	0	-1	0	0	0	100	-1	0	-1	0	0	0	0	0	0	22773	22774	22775	22776	22777	22778	22779	22780	22781	22782	22783	22784	22784	22784	22784	22784	命中	1	0.1	50	10	1	0
1440	1372	-1	星准之魂（2级）	WuhunSkill2_7	-1	0	0	1	1	1	-1	0	-1	0	2	120					745	-1	0	0	0	0	-1	-1	-1	-1	-1	-1	-1	1	-1		-1	0	1200	-1	-1	1	0	-1	0	0	0	100	-1	0	-1	0	0	0	0	0	0	22785	22786	22787	22788	22789	22790	22791	22792	22793	22794	22795	22796	22796	22796	22796	22796		1	0.1	50	10	1	0
1441	1373	-1	星准之魂（3级）	WuhunSkill2_7	-1	0	0	1	1	1	-1	0	-1	0	2	120					745	-1	0	0	0	0	-1	-1	-1	-1	-1	-1	-1	1	-1		-1	0	1200	-1	-1	1	0	-1	0	0	0	100	-1	0	-1	0	0	0	0	0	0	22797	22798	22799	22800	22801	22802	22803	22804	22805	22806	22807	22808	22808	22808	22808	22808		1	0.1	50	10	1	0
1442	1374	-1	星准之魂（4级）	WuhunSkill2_7	-1	0	0	1	1	1	-1	0	-1	0	2	120					745	-1	0	0	0	0	-1	-1	-1	-1	-1	-1	-1	1	-1		-1	0	1200	-1	-1	1	0	-1	0	0	0	100	-1	0	-1	0	0	0	0	0	0	22809	22810	22811	22812	22813	22814	22815	22816	22817	22818	22819	22820	22820	22820	22820	22820		1	0.1	50	10	1	0
1443	1375	-1	星准之魂（5级）	WuhunSkill2_7	-1	0	0	1	1	1	-1	0	-1	0	2	120					745	-1	0	0	0	0	-1	-1	-1	-1	-1	-1	-1	1	-1		-1	0	1200	-1	-1	1	0	-1	0	0	0	100	-1	0	-1	0	0	0	0	0	0	22821	22822	22823	22824	22825	22826	22827	22828	22829	22830	22831	22832	22832	22832	22832	22832		1	0.1	50	10	1	0
1444	1376	-1	星准之魂（6级）	WuhunSkill2_7	-1	0	0	1	1	1	-1	0	-1	0	2	120					745	-1	0	0	0	0	-1	-1	-1	-1	-1	-1	-1	1	-1		-1	0	1200	-1	-1	1	0	-1	0	0	0	100	-1	0	-1	0	0	0	0	0	0	22833	22834	22835	22836	22837	22838	22839	22840	22841	22842	22843	22844	22844	22844	22844	22844		1	0.1	50	10	1	0
1445	1377	-1	灵洒之魂（1级）	WuhunSkill2_8	-1	0	0	1	1	1	-1	0	-1	0	2	120					745	-1	0	0	0	0	-1	-1	-1	-1	-1	-1	-1	1	-1		-1	0	1200	-1	-1	1	0	-1	0	0	0	100	-1	0	-1	0	0	0	0	0	0	22845	22846	22847	22848	22849	22850	22851	22852	22853	22854	22855	22856	22856	22856	22856	22856	回避	1	0.1	50	10	1	0
1446	1378	-1	灵洒之魂（2级）	WuhunSkill2_8	-1	0	0	1	1	1	-1	0	-1	0	2	120					745	-1	0	0	0	0	-1	-1	-1	-1	-1	-1	-1	1	-1		-1	0	1200	-1	-1	1	0	-1	0	0	0	100	-1	0	-1	0	0	0	0	0	0	22857	22858	22859	22860	22861	22862	22863	22864	22865	22866	22867	22868	22868	22868	22868	22868		1	0.1	50	10	1	0
1447	1379	-1	灵洒之魂（3级）	WuhunSkill2_8	-1	0	0	1	1	1	-1	0	-1	0	2	120					745	-1	0	0	0	0	-1	-1	-1	-1	-1	-1	-1	1	-1		-1	0	1200	-1	-1	1	0	-1	0	0	0	100	-1	0	-1	0	0	0	0	0	0	22869	22870	22871	22872	22873	22874	22875	22876	22877	22878	22879	22880	22880	22880	22880	22880		1	0.1	50	10	1	0
1448	1380	-1	灵洒之魂（4级）	WuhunSkill2_8	-1	0	0	1	1	1	-1	0	-1	0	2	120					745	-1	0	0	0	0	-1	-1	-1	-1	-1	-1	-1	1	-1		-1	0	1200	-1	-1	1	0	-1	0	0	0	100	-1	0	-1	0	0	0	0	0	0	22881	22882	22883	22884	22885	22886	22887	22888	22889	22890	22891	22892	22892	22892	22892	22892		1	0.1	50	10	1	0
1449	1381	-1	灵洒之魂（5级）	WuhunSkill2_8	-1	0	0	1	1	1	-1	0	-1	0	2	120					745	-1	0	0	0	0	-1	-1	-1	-1	-1	-1	-1	1	-1		-1	0	1200	-1	-1	1	0	-1	0	0	0	100	-1	0	-1	0	0	0	0	0	0	22893	22894	22895	22896	22897	22898	22899	22900	22901	22902	22903	22904	22904	22904	22904	22904		1	0.1	50	10	1	0
1450	1382	-1	灵洒之魂（6级）	WuhunSkill2_8	-1	0	0	1	1	1	-1	0	-1	0	2	120					745	-1	0	0	0	0	-1	-1	-1	-1	-1	-1	-1	1	-1		-1	0	1200	-1	-1	1	0	-1	0	0	0	100	-1	0	-1	0	0	0	0	0	0	22905	22906	22907	22908	22909	22910	22911	22912	22913	22914	22915	22916	22916	22916	22916	22916		1	0.1	50	10	1	0
1451	1353	-1	乏力之魂（1级）	FightSkillTianShan_1	-1	0	0	1	1	1	-1	0	-1	0	2	120					617	-1	0	0	0	0	-1	-1	-1	-1	-1	-1	-1	1	-1		-1	0	1200	-1	-1	1	0	-1	0	0	0	100	-1	0	-1	0	0	0	0	0	0	22053	22054	22055	22056	22057	22058	22059	22060	22061	22062	22063	22064	22064	22064	22064	22064	力量降低	1	0.1	50	10	1	0
1452	1354	-1	乏力之魂（2级）	FightSkillTianShan_1	-1	0	0	1	1	1	-1	0	-1	0	2	120					617	-1	0	0	0	0	-1	-1	-1	-1	-1	-1	-1	1	-1		-1	0	1200	-1	-1	1	0	-1	0	0	0	100	-1	0	-1	0	0	0	0	0	0	22065	22066	22067	22068	22069	22070	22071	22072	22073	22074	22075	22076	22076	22076	22076	22076		1	0.1	50	10	1	0
1453	1355	-1	乏力之魂（3级）	FightSkillTianShan_1	-1	0	0	1	1	1	-1	0	-1	0	2	120					617	-1	0	0	0	0	-1	-1	-1	-1	-1	-1	-1	1	-1		-1	0	1200	-1	-1	1	0	-1	0	0	0	100	-1	0	-1	0	0	0	0	0	0	22077	22078	22079	22080	22081	22082	22083	22084	22085	22086	22087	22088	22088	22088	22088	22088		1	0.1	50	10	1	0
1454	1356	-1	乏力之魂（4级）	FightSkillTianShan_1	-1	0	0	1	1	1	-1	0	-1	0	2	120					617	-1	0	0	0	0	-1	-1	-1	-1	-1	-1	-1	1	-1		-1	0	1200	-1	-1	1	0	-1	0	0	0	100	-1	0	-1	0	0	0	0	0	0	22089	22090	22091	22092	22093	22094	22095	22096	22097	22098	22099	22100	22100	22100	22100	22100		1	0.1	50	10	1	0
1455	1357	-1	乏力之魂（5级）	FightSkillTianShan_1	-1	0	0	1	1	1	-1	0	-1	0	2	120					617	-1	0	0	0	0	-1	-1	-1	-1	-1	-1	-1	1	-1		-1	0	1200	-1	-1	1	0	-1	0	0	0	100	-1	0	-1	0	0	0	0	0	0	22101	22102	22103	22104	22105	22106	22107	22108	22109	22110	22111	22112	22112	22112	22112	22112		1	0.1	50	10	1	0
1456	1358	-1	乏力之魂（6级）	FightSkillTianShan_1	-1	0	0	1	1	1	-1	0	-1	0	2	120					617	-1	0	0	0	0	-1	-1	-1	-1	-1	-1	-1	1	-1		-1	0	1200	-1	-1	1	0	-1	0	0	0	100	-1	0	-1	0	0	0	0	0	0	22113	22114	22115	22116	22117	22118	22119	22120	22121	22122	22123	22124	22124	22124	22124	22124		1	0.1	50	10	1	0
1457	1359	-1	灭灵之魂（1级）	FightSkillTianShan_2	-1	0	0	1	1	1	-1	0	-1	0	2	120					617	-1	0	0	0	0	-1	-1	-1	-1	-1	-1	-1	1	-1		-1	0	1200	-1	-1	1	0	-1	0	0	0	100	-1	0	-1	0	0	0	0	0	0	22125	22126	22127	22128	22129	22130	22131	22132	22133	22134	22135	22136	22136	22136	22136	22136	灵气降低	1	0.1	50	10	1	0
1458	1360	-1	灭灵之魂（2级）	FightSkillTianShan_2	-1	0	0	1	1	1	-1	0	-1	0	2	120					617	-1	0	0	0	0	-1	-1	-1	-1	-1	-1	-1	1	-1		-1	0	1200	-1	-1	1	0	-1	0	0	0	100	-1	0	-1	0	0	0	0	0	0	22137	22138	22139	22140	22141	22142	22143	22144	22145	22146	22147	22148	22148	22148	22148	22148		1	0.1	50	10	1	0
1459	1361	-1	灭灵之魂（3级）	FightSkillTianShan_2	-1	0	0	1	1	1	-1	0	-1	0	2	120					617	-1	0	0	0	0	-1	-1	-1	-1	-1	-1	-1	1	-1		-1	0	1200	-1	-1	1	0	-1	0	0	0	100	-1	0	-1	0	0	0	0	0	0	22149	22150	22151	22152	22153	22154	22155	22156	22157	22158	22159	22160	22160	22160	22160	22160		1	0.1	50	10	1	0
1460	1362	-1	灭灵之魂（4级）	FightSkillTianShan_2	-1	0	0	1	1	1	-1	0	-1	0	2	120					617	-1	0	0	0	0	-1	-1	-1	-1	-1	-1	-1	1	-1		-1	0	1200	-1	-1	1	0	-1	0	0	0	100	-1	0	-1	0	0	0	0	0	0	22161	22162	22163	22164	22165	22166	22167	22168	22169	22170	22171	22172	22172	22172	22172	22172		1	0.1	50	10	1	0
1461	1363	-1	灭灵之魂（5级）	FightSkillTianShan_2	-1	0	0	1	1	1	-1	0	-1	0	2	120					617	-1	0	0	0	0	-1	-1	-1	-1	-1	-1	-1	1	-1		-1	0	1200	-1	-1	1	0	-1	0	0	0	100	-1	0	-1	0	0	0	0	0	0	22173	22174	22175	22176	22177	22178	22179	22180	22181	22182	22183	22184	22184	22184	22184	22184		1	0.1	50	10	1	0
1462	1364	-1	灭灵之魂（6级）	FightSkillTianShan_2	-1	0	0	1	1	1	-1	0	-1	0	2	120					617	-1	0	0	0	0	-1	-1	-1	-1	-1	-1	-1	1	-1		-1	0	1200	-1	-1	1	0	-1	0	0	0	100	-1	0	-1	0	0	0	0	0	0	22185	22186	22187	22188	22189	22190	22191	22192	22193	22194	22195	22196	22196	22196	22196	22196		1	0.1	50	10	1	0
1463	1365	-1	破体之魂（1级）	FightSkillTianShan_3	-1	0	0	1	1	1	-1	0	-1	0	2	120					617	-1	0	0	0	0	-1	-1	-1	-1	-1	-1	-1	1	-1		-1	0	1200	-1	-1	1	0	-1	0	0	0	100	-1	0	-1	0	0	0	0	0	0	22197	22198	22199	22200	22201	22202	22203	22204	22205	22206	22207	22208	22208	22208	22208	22208	体力降低	1	0.1	50	10	1	0
1464	1366	-1	破体之魂（2级）	FightSkillTianShan_3	-1	0	0	1	1	1	-1	0	-1	0	2	120					617	-1	0	0	0	0	-1	-1	-1	-1	-1	-1	-1	1	-1		-1	0	1200	-1	-1	1	0	-1	0	0	0	100	-1	0	-1	0	0	0	0	0	0	22209	22210	22211	22212	22213	22214	22215	22216	22217	22218	22219	22220	22220	22220	22220	22220		1	0.1	50	10	1	0
1465	1367	-1	破体之魂（3级）	FightSkillTianShan_3	-1	0	0	1	1	1	-1	0	-1	0	2	120					617	-1	0	0	0	0	-1	-1	-1	-1	-1	-1	-1	1	-1		-1	0	1200	-1	-1	1	0	-1	0	0	0	100	-1	0	-1	0	0	0	0	0	0	22221	22222	22223	22224	22225	22226	22227	22228	22229	22230	22231	22232	22232	22232	22232	22232		1	0.1	50	10	1	0
1466	1368	-1	破体之魂（4级）	FightSkillTianShan_3	-1	0	0	1	1	1	-1	0	-1	0	2	120					617	-1	0	0	0	0	-1	-1	-1	-1	-1	-1	-1	1	-1		-1	0	1200	-1	-1	1	0	-1	0	0	0	100	-1	0	-1	0	0	0	0	0	0	22233	22234	22235	22236	22237	22238	22239	22240	22241	22242	22243	22244	22244	22244	22244	22244		1	0.1	50	10	1	0
1467	1369	-1	破体之魂（5级）	FightSkillTianShan_3	-1	0	0	1	1	1	-1	0	-1	0	2	120					617	-1	0	0	0	0	-1	-1	-1	-1	-1	-1	-1	1	-1		-1	0	1200	-1	-1	1	0	-1	0	0	0	100	-1	0	-1	0	0	0	0	0	0	22245	22246	22247	22248	22249	22250	22251	22252	22253	22254	22255	22256	22256	22256	22256	22256		1	0.1	50	10	1	0
1468	1370	-1	破体之魂（6级）	FightSkillTianShan_3	-1	0	0	1	1	1	-1	0	-1	0	2	120					617	-1	0	0	0	0	-1	-1	-1	-1	-1	-1	-1	1	-1		-1	0	1200	-1	-1	1	0	-1	0	0	0	100	-1	0	-1	0	0	0	0	0	0	22257	22258	22259	22260	22261	22262	22263	22264	22265	22266	22267	22268	22268	22268	22268	22268		1	0.1	50	10	1	0
1469	1371	-1	乱定之魂（1级）	FightSkillDaLi_1	-1	0	0	1	1	1	-1	0	-1	0	2	120					617	-1	0	0	0	0	-1	-1	-1	-1	-1	-1	-1	1	-1		-1	0	1200	-1	-1	1	0	-1	0	0	0	100	-1	0	-1	0	0	0	0	0	0	22269	22270	22271	22272	22273	22274	22275	22276	22277	22278	22279	22280	22280	22280	22280	22280	定力降低	1	0.1	50	10	1	0
1470	1372	-1	乱定之魂（2级）	FightSkillDaLi_1	-1	0	0	1	1	1	-1	0	-1	0	2	120					617	-1	0	0	0	0	-1	-1	-1	-1	-1	-1	-1	1	-1		-1	0	1200	-1	-1	1	0	-1	0	0	0	100	-1	0	-1	0	0	0	0	0	0	22281	22282	22283	22284	22285	22286	22287	22288	22289	22290	22291	22292	22292	22292	22292	22292		1	0.1	50	10	1	0
1471	1373	-1	乱定之魂（3级）	FightSkillDaLi_1	-1	0	0	1	1	1	-1	0	-1	0	2	120					617	-1	0	0	0	0	-1	-1	-1	-1	-1	-1	-1	1	-1		-1	0	1200	-1	-1	1	0	-1	0	0	0	100	-1	0	-1	0	0	0	0	0	0	22293	22294	22295	22296	22297	22298	22299	22300	22301	22302	22303	22304	22304	22304	22304	22304		1	0.1	50	10	1	0
1472	1374	-1	乱定之魂（4级）	FightSkillDaLi_1	-1	0	0	1	1	1	-1	0	-1	0	2	120					617	-1	0	0	0	0	-1	-1	-1	-1	-1	-1	-1	1	-1		-1	0	1200	-1	-1	1	0	-1	0	0	0	100	-1	0	-1	0	0	0	0	0	0	22305	22306	22307	22308	22309	22310	22311	22312	22313	22314	22315	22316	22316	22316	22316	22316		1	0.1	50	10	1	0
1473	1375	-1	乱定之魂（5级）	FightSkillDaLi_1	-1	0	0	1	1	1	-1	0	-1	0	2	120					617	-1	0	0	0	0	-1	-1	-1	-1	-1	-1	-1	1	-1		-1	0	1200	-1	-1	1	0	-1	0	0	0	100	-1	0	-1	0	0	0	0	0	0	22317	22318	22319	22320	22321	22322	22323	22324	22325	22326	22327	22328	22328	22328	22328	22328		1	0.1	50	10	1	0
1474	1376	-1	乱定之魂（6级）	FightSkillDaLi_1	-1	0	0	1	1	1	-1	0	-1	0	2	120					617	-1	0	0	0	0	-1	-1	-1	-1	-1	-1	-1	1	-1		-1	0	1200	-1	-1	1	0	-1	0	0	0	100	-1	0	-1	0	0	0	0	0	0	22329	22330	22331	22332	22333	22334	22335	22336	22337	22338	22339	22340	22340	22340	22340	22340		1	0.1	50	10	1	0
1475	1377	-1	重身之魂（1级）	FightSkillDaLi_2	-1	0	0	1	1	1	-1	0	-1	0	2	120					617	-1	0	0	0	0	-1	-1	-1	-1	-1	-1	-1	1	-1		-1	0	1200	-1	-1	1	0	-1	0	0	0	100	-1	0	-1	0	0	0	0	0	0	22341	22342	22343	22344	22345	22346	22347	22348	22349	22350	22351	22352	22352	22352	22352	22352	身法降低	1	0.1	50	10	1	0
1476	1378	-1	重身之魂（2级）	FightSkillDaLi_2	-1	0	0	1	1	1	-1	0	-1	0	2	120					617	-1	0	0	0	0	-1	-1	-1	-1	-1	-1	-1	1	-1		-1	0	1200	-1	-1	1	0	-1	0	0	0	100	-1	0	-1	0	0	0	0	0	0	22353	22354	22355	22356	22357	22358	22359	22360	22361	22362	22363	22364	22364	22364	22364	22364		1	0.1	50	10	1	0
1477	1379	-1	重身之魂（3级）	FightSkillDaLi_2	-1	0	0	1	1	1	-1	0	-1	0	2	120					617	-1	0	0	0	0	-1	-1	-1	-1	-1	-1	-1	1	-1		-1	0	1200	-1	-1	1	0	-1	0	0	0	100	-1	0	-1	0	0	0	0	0	0	22365	22366	22367	22368	22369	22370	22371	22372	22373	22374	22375	22376	22376	22376	22376	22376		1	0.1	50	10	1	0
1478	1380	-1	重身之魂（4级）	FightSkillDaLi_2	-1	0	0	1	1	1	-1	0	-1	0	2	120					617	-1	0	0	0	0	-1	-1	-1	-1	-1	-1	-1	1	-1		-1	0	1200	-1	-1	1	0	-1	0	0	0	100	-1	0	-1	0	0	0	0	0	0	22377	22378	22379	22380	22381	22382	22383	22384	22385	22386	22387	22388	22388	22388	22388	22388		1	0.1	50	10	1	0
1479	1381	-1	重身之魂（5级）	FightSkillDaLi_2	-1	0	0	1	1	1	-1	0	-1	0	2	120					617	-1	0	0	0	0	-1	-1	-1	-1	-1	-1	-1	1	-1		-1	0	1200	-1	-1	1	0	-1	0	0	0	100	-1	0	-1	0	0	0	0	0	0	22389	22390	22391	22392	22393	22394	22395	22396	22397	22398	22399	22400	22400	22400	22400	22400		1	0.1	50	10	1	0
1480	1382	-1	重身之魂（6级）	FightSkillDaLi_2	-1	0	0	1	1	1	-1	0	-1	0	2	120					617	-1	0	0	0	0	-1	-1	-1	-1	-1	-1	-1	1	-1		-1	0	1200	-1	-1	1	0	-1	0	0	0	100	-1	0	-1	0	0	0	0	0	0	22401	22402	22403	22404	22405	22406	22407	22408	22409	22410	22411	22412	22412	22412	22412	22412		1	0.1	50	10	1	0
1481	1365	-1	断刚之魂（1级）	WuhunSkill2_9	-1	0	0	1	1	1	-1	0	-1	0	2	120					745	-1	0	0	0	0	-1	-1	-1	-1	-1	-1	-1	1	-1		-1	0	1200	-1	-1	1	0	-1	0	0	0	100	-1	0	-1	0	0	0	0	0	0	22917	22918	22919	22920	22921	22922	22923	22924	22925	22926	22927	22928	22928	22928	22928	22928	外功降低	1	0.1	50	10	1	0
1482	1366	-1	断刚之魂（2级）	WuhunSkill2_9	-1	0	0	1	1	1	-1	0	-1	0	2	120					745	-1	0	0	0	0	-1	-1	-1	-1	-1	-1	-1	1	-1		-1	0	1200	-1	-1	1	0	-1	0	0	0	100	-1	0	-1	0	0	0	0	0	0	22929	22930	22931	22932	22933	22934	22935	22936	22937	22938	22939	22940	22940	22940	22940	22940		1	0.1	50	10	1	0
1483	1367	-1	断刚之魂（3级）	WuhunSkill2_9	-1	0	0	1	1	1	-1	0	-1	0	2	120					745	-1	0	0	0	0	-1	-1	-1	-1	-1	-1	-1	1	-1		-1	0	1200	-1	-1	1	0	-1	0	0	0	100	-1	0	-1	0	0	0	0	0	0	22941	22942	22943	22944	22945	22946	22947	22948	22949	22950	22951	22952	22952	22952	22952	22952		1	0.1	50	10	1	0
1484	1368	-1	断刚之魂（4级）	WuhunSkill2_9	-1	0	0	1	1	1	-1	0	-1	0	2	120					745	-1	0	0	0	0	-1	-1	-1	-1	-1	-1	-1	1	-1		-1	0	1200	-1	-1	1	0	-1	0	0	0	100	-1	0	-1	0	0	0	0	0	0	22953	22954	22955	22956	22957	22958	22959	22960	22961	22962	22963	22964	22964	22964	22964	22964		1	0.1	50	10	1	0
1485	1369	-1	断刚之魂（5级）	WuhunSkill2_9	-1	0	0	1	1	1	-1	0	-1	0	2	120					745	-1	0	0	0	0	-1	-1	-1	-1	-1	-1	-1	1	-1		-1	0	1200	-1	-1	1	0	-1	0	0	0	100	-1	0	-1	0	0	0	0	0	0	22965	22966	22967	22968	22969	22970	22971	22972	22973	22974	22975	22976	22976	22976	22976	22976		1	0.1	50	10	1	0
1486	1370	-1	断刚之魂（6级）	WuhunSkill2_9	-1	0	0	1	1	1	-1	0	-1	0	2	120					745	-1	0	0	0	0	-1	-1	-1	-1	-1	-1	-1	1	-1		-1	0	1200	-1	-1	1	0	-1	0	0	0	100	-1	0	-1	0	0	0	0	0	0	22977	22978	22979	22980	22981	22982	22983	22984	22985	22986	22987	22988	22988	22988	22988	22988		1	0.1	50	10	1	0
1487	1371	-1	裂柔之魂（1级）	WuhunSkill2_10	-1	0	0	1	1	1	-1	0	-1	0	2	120					745	-1	0	0	0	0	-1	-1	-1	-1	-1	-1	-1	1	-1		-1	0	1200	-1	-1	1	0	-1	0	0	0	100	-1	0	-1	0	0	0	0	0	0	22989	22990	22991	22992	22993	22994	22995	22996	22997	22998	22999	23000	23000	23000	23000	23000	内功降低	1	0.1	50	10	1	0
1488	1372	-1	裂柔之魂（2级）	WuhunSkill2_10	-1	0	0	1	1	1	-1	0	-1	0	2	120					745	-1	0	0	0	0	-1	-1	-1	-1	-1	-1	-1	1	-1		-1	0	1200	-1	-1	1	0	-1	0	0	0	100	-1	0	-1	0	0	0	0	0	0	23001	23002	23003	23004	23005	23006	23007	23008	23009	23010	23011	23012	23012	23012	23012	23012		1	0.1	50	10	1	0
1489	1373	-1	裂柔之魂（3级）	WuhunSkill2_10	-1	0	0	1	1	1	-1	0	-1	0	2	120					745	-1	0	0	0	0	-1	-1	-1	-1	-1	-1	-1	1	-1		-1	0	1200	-1	-1	1	0	-1	0	0	0	100	-1	0	-1	0	0	0	0	0	0	23013	23014	23015	23016	23017	23018	23019	23020	23021	23022	23023	23024	23024	23024	23024	23024		1	0.1	50	10	1	0
1490	1374	-1	裂柔之魂（4级）	WuhunSkill2_10	-1	0	0	1	1	1	-1	0	-1	0	2	120					745	-1	0	0	0	0	-1	-1	-1	-1	-1	-1	-1	1	-1		-1	0	1200	-1	-1	1	0	-1	0	0	0	100	-1	0	-1	0	0	0	0	0	0	23025	23026	23027	23028	23029	23030	23031	23032	23033	23034	23035	23036	23036	23036	23036	23036		1	0.1	50	10	1	0
1491	1375	-1	裂柔之魂（5级）	WuhunSkill2_10	-1	0	0	1	1	1	-1	0	-1	0	2	120					745	-1	0	0	0	0	-1	-1	-1	-1	-1	-1	-1	1	-1		-1	0	1200	-1	-1	1	0	-1	0	0	0	100	-1	0	-1	0	0	0	0	0	0	23037	23038	23039	23040	23041	23042	23043	23044	23045	23046	23047	23048	23048	23048	23048	23048		1	0.1	50	10	1	0
1492	1376	-1	裂柔之魂（6级）	WuhunSkill2_10	-1	0	0	1	1	1	-1	0	-1	0	2	120					745	-1	0	0	0	0	-1	-1	-1	-1	-1	-1	-1	1	-1		-1	0	1200	-1	-1	1	0	-1	0	0	0	100	-1	0	-1	0	0	0	0	0	0	23049	23050	23051	23052	23053	23054	23055	23056	23057	23058	23059	23060	23060	23060	23060	23060		1	0.1	50	10	1	0
1493	1377	-1	黯韧之魂（1级）	WuhunSkill2_11	-1	0	0	1	1	1	-1	0	-1	0	2	120					745	-1	0	0	0	0	-1	-1	-1	-1	-1	-1	-1	1	-1		-1	0	1200	-1	-1	1	0	-1	0	0	0	100	-1	0	-1	0	0	0	0	0	0	23061	23062	23063	23064	23065	23066	23067	23068	23069	23070	23071	23072	23072	23072	23072	23072	外防降低	1	0.1	50	10	1	0
1494	1378	-1	黯韧之魂（2级）	WuhunSkill2_11	-1	0	0	1	1	1	-1	0	-1	0	2	120					745	-1	0	0	0	0	-1	-1	-1	-1	-1	-1	-1	1	-1		-1	0	1200	-1	-1	1	0	-1	0	0	0	100	-1	0	-1	0	0	0	0	0	0	23073	23074	23075	23076	23077	23078	23079	23080	23081	23082	23083	23084	23084	23084	23084	23084		1	0.1	50	10	1	0
1495	1379	-1	黯韧之魂（3级）	WuhunSkill2_11	-1	0	0	1	1	1	-1	0	-1	0	2	120					745	-1	0	0	0	0	-1	-1	-1	-1	-1	-1	-1	1	-1		-1	0	1200	-1	-1	1	0	-1	0	0	0	100	-1	0	-1	0	0	0	0	0	0	23085	23086	23087	23088	23089	23090	23091	23092	23093	23094	23095	23096	23096	23096	23096	23096		1	0.1	50	10	1	0
1496	1380	-1	黯韧之魂（4级）	WuhunSkill2_11	-1	0	0	1	1	1	-1	0	-1	0	2	120					745	-1	0	0	0	0	-1	-1	-1	-1	-1	-1	-1	1	-1		-1	0	1200	-1	-1	1	0	-1	0	0	0	100	-1	0	-1	0	0	0	0	0	0	23097	23098	23099	23100	23101	23102	23103	23104	23105	23106	23107	23108	23108	23108	23108	23108		1	0.1	50	10	1	0
1497	1381	-1	黯韧之魂（5级）	WuhunSkill2_11	-1	0	0	1	1	1	-1	0	-1	0	2	120					745	-1	0	0	0	0	-1	-1	-1	-1	-1	-1	-1	1	-1		-1	0	1200	-1	-1	1	0	-1	0	0	0	100	-1	0	-1	0	0	0	0	0	0	23109	23110	23111	23112	23113	23114	23115	23116	23117	23118	23119	23120	23120	23120	23120	23120		1	0.1	50	10	1	0
1498	1382	-1	黯韧之魂（6级）	WuhunSkill2_11	-1	0	0	1	1	1	-1	0	-1	0	2	120					745	-1	0	0	0	0	-1	-1	-1	-1	-1	-1	-1	1	-1		-1	0	1200	-1	-1	1	0	-1	0	0	0	100	-1	0	-1	0	0	0	0	0	0	23121	23122	23123	23124	23125	23126	23127	23128	23129	23130	23131	23132	23132	23132	23132	23132		1	0.1	50	10	1	0
1499	1365	-1	刺绵之魂（1级）	WuhunSkill2_12	-1	0	0	1	1	1	-1	0	-1	0	2	120					745	-1	0	0	0	0	-1	-1	-1	-1	-1	-1	-1	1	-1		-1	0	1200	-1	-1	1	0	-1	0	0	0	100	-1	0	-1	0	0	0	0	0	0	23133	23134	23135	23136	23137	23138	23139	23140	23141	23142	23143	23144	23144	23144	23144	23144	内防降低	1	0.1	50	10	1	0
1500	1366	-1	刺绵之魂（2级）	WuhunSkill2_12	-1	0	0	1	1	1	-1	0	-1	0	2	120					745	-1	0	0	0	0	-1	-1	-1	-1	-1	-1	-1	1	-1		-1	0	1200	-1	-1	1	0	-1	0	0	0	100	-1	0	-1	0	0	0	0	0	0	23145	23146	23147	23148	23149	23150	23151	23152	23153	23154	23155	23156	23156	23156	23156	23156		1	0.1	50	10	1	0
1501	1367	-1	刺绵之魂（3级）	WuhunSkill2_12	-1	0	0	1	1	1	-1	0	-1	0	2	120					745	-1	0	0	0	0	-1	-1	-1	-1	-1	-1	-1	1	-1		-1	0	1200	-1	-1	1	0	-1	0	0	0	100	-1	0	-1	0	0	0	0	0	0	23157	23158	23159	23160	23161	23162	23163	23164	23165	23166	23167	23168	23168	23168	23168	23168		1	0.1	50	10	1	0
1502	1368	-1	刺绵之魂（4级）	WuhunSkill2_12	-1	0	0	1	1	1	-1	0	-1	0	2	120					745	-1	0	0	0	0	-1	-1	-1	-1	-1	-1	-1	1	-1		-1	0	1200	-1	-1	1	0	-1	0	0	0	100	-1	0	-1	0	0	0	0	0	0	23169	23170	23171	23172	23173	23174	23175	23176	23177	23178	23179	23180	23180	23180	23180	23180		1	0.1	50	10	1	0
1503	1369	-1	刺绵之魂（5级）	WuhunSkill2_12	-1	0	0	1	1	1	-1	0	-1	0	2	120					745	-1	0	0	0	0	-1	-1	-1	-1	-1	-1	-1	1	-1		-1	0	1200	-1	-1	1	0	-1	0	0	0	100	-1	0	-1	0	0	0	0	0	0	23181	23182	23183	23184	23185	23186	23187	23188	23189	23190	23191	23192	23192	23192	23192	23192		1	0.1	50	10	1	0
1504	1370	-1	刺绵之魂（6级）	WuhunSkill2_12	-1	0	0	1	1	1	-1	0	-1	0	2	120					745	-1	0	0	0	0	-1	-1	-1	-1	-1	-1	-1	1	-1		-1	0	1200	-1	-1	1	0	-1	0	0	0	100	-1	0	-1	0	0	0	0	0	0	23193	23194	23195	23196	23197	23198	23199	23200	23201	23202	23203	23204	23204	23204	23204	23204		1	0.1	50	10	1	0
1505	1371	-1	扰准之魂（1级）	WuhunSkill2_13	-1	0	0	1	1	1	-1	0	-1	0	2	120					745	-1	0	0	0	0	-1	-1	-1	-1	-1	-1	-1	1	-1		-1	0	1200	-1	-1	1	0	-1	0	0	0	100	-1	0	-1	0	0	0	0	0	0	23205	23206	23207	23208	23209	23210	23211	23212	23213	23214	23215	23216	23216	23216	23216	23216	命中降低	1	0.1	50	10	1	0
1506	1372	-1	扰准之魂（2级）	WuhunSkill2_13	-1	0	0	1	1	1	-1	0	-1	0	2	120					745	-1	0	0	0	0	-1	-1	-1	-1	-1	-1	-1	1	-1		-1	0	1200	-1	-1	1	0	-1	0	0	0	100	-1	0	-1	0	0	0	0	0	0	23217	23218	23219	23220	23221	23222	23223	23224	23225	23226	23227	23228	23228	23228	23228	23228		1	0.1	50	10	1	0
1507	1373	-1	扰准之魂（3级）	WuhunSkill2_13	-1	0	0	1	1	1	-1	0	-1	0	2	120					745	-1	0	0	0	0	-1	-1	-1	-1	-1	-1	-1	1	-1		-1	0	1200	-1	-1	1	0	-1	0	0	0	100	-1	0	-1	0	0	0	0	0	0	23229	23230	23231	23232	23233	23234	23235	23236	23237	23238	23239	23240	23240	23240	23240	23240		1	0.1	50	10	1	0
1508	1374	-1	扰准之魂（4级）	WuhunSkill2_13	-1	0	0	1	1	1	-1	0	-1	0	2	120					745	-1	0	0	0	0	-1	-1	-1	-1	-1	-1	-1	1	-1		-1	0	1200	-1	-1	1	0	-1	0	0	0	100	-1	0	-1	0	0	0	0	0	0	23241	23242	23243	23244	23245	23246	23247	23248	23249	23250	23251	23252	23252	23252	23252	23252		1	0.1	50	10	1	0
1509	1375	-1	扰准之魂（5级）	WuhunSkill2_13	-1	0	0	1	1	1	-1	0	-1	0	2	120					745	-1	0	0	0	0	-1	-1	-1	-1	-1	-1	-1	1	-1		-1	0	1200	-1	-1	1	0	-1	0	0	0	100	-1	0	-1	0	0	0	0	0	0	23253	23254	23255	23256	23257	23258	23259	23260	23261	23262	23263	23264	23264	23264	23264	23264		1	0.1	50	10	1	0
1510	1376	-1	扰准之魂（6级）	WuhunSkill2_13	-1	0	0	1	1	1	-1	0	-1	0	2	120					745	-1	0	0	0	0	-1	-1	-1	-1	-1	-1	-1	1	-1		-1	0	1200	-1	-1	1	0	-1	0	0	0	100	-1	0	-1	0	0	0	0	0	0	23265	23266	23267	23268	23269	23270	23271	23272	23273	23274	23275	23276	23276	23276	23276	23276		1	0.1	50	10	1	0
1511	1377	-1	绝洒之魂（1级）	WuhunSkill2_14	-1	0	0	1	1	1	-1	0	-1	0	2	120					745	-1	0	0	0	0	-1	-1	-1	-1	-1	-1	-1	1	-1		-1	0	1200	-1	-1	1	0	-1	0	0	0	100	-1	0	-1	0	0	0	0	0	0	23277	23278	23279	23280	23281	23282	23283	23284	23285	23286	23287	23288	23288	23288	23288	23288	回避降低	1	0.1	50	10	1	0
1512	1378	-1	绝洒之魂（2级）	WuhunSkill2_14	-1	0	0	1	1	1	-1	0	-1	0	2	120					745	-1	0	0	0	0	-1	-1	-1	-1	-1	-1	-1	1	-1		-1	0	1200	-1	-1	1	0	-1	0	0	0	100	-1	0	-1	0	0	0	0	0	0	23289	23290	23291	23292	23293	23294	23295	23296	23297	23298	23299	23300	23300	23300	23300	23300		1	0.1	50	10	1	0
1513	1379	-1	绝洒之魂（3级）	WuhunSkill2_14	-1	0	0	1	1	1	-1	0	-1	0	2	120					745	-1	0	0	0	0	-1	-1	-1	-1	-1	-1	-1	1	-1		-1	0	1200	-1	-1	1	0	-1	0	0	0	100	-1	0	-1	0	0	0	0	0	0	23301	23302	23303	23304	23305	23306	23307	23308	23309	23310	23311	23312	23312	23312	23312	23312		1	0.1	50	10	1	0
1514	1380	-1	绝洒之魂（4级）	WuhunSkill2_14	-1	0	0	1	1	1	-1	0	-1	0	2	120					745	-1	0	0	0	0	-1	-1	-1	-1	-1	-1	-1	1	-1		-1	0	1200	-1	-1	1	0	-1	0	0	0	100	-1	0	-1	0	0	0	0	0	0	23313	23314	23315	23316	23317	23318	23319	23320	23321	23322	23323	23324	23324	23324	23324	23324		1	0.1	50	10	1	0
1515	1381	-1	绝洒之魂（5级）	WuhunSkill2_14	-1	0	0	1	1	1	-1	0	-1	0	2	120					745	-1	0	0	0	0	-1	-1	-1	-1	-1	-1	-1	1	-1		-1	0	1200	-1	-1	1	0	-1	0	0	0	100	-1	0	-1	0	0	0	0	0	0	23325	23326	23327	23328	23329	23330	23331	23332	23333	23334	23335	23336	23336	23336	23336	23336		1	0.1	50	10	1	0
1516	1382	-1	绝洒之魂（6级）	WuhunSkill2_14	-1	0	0	1	1	1	-1	0	-1	0	2	120					745	-1	0	0	0	0	-1	-1	-1	-1	-1	-1	-1	1	-1		-1	0	1200	-1	-1	1	0	-1	0	0	0	100	-1	0	-1	0	0	0	0	0	0	23337	23338	23339	23340	23341	23342	23343	23344	23345	23346	23347	23348	23348	23348	23348	23348		1	0.1	50	10	1	0
1517	1353	-1	强击之魂（1级）	WuhunSkill2_15	-1	0	0	1	1	1	-1	0	-1	0	2	120					745	-1	0	0	0	0	-1	-1	-1	-1	-1	-1	-1	1	-1		-1	0	1200	-1	-1	1	0	-1	0	0	0	100	-1	0	-1	0	0	0	0	0	0	23349	23350	23351	23352	23353	23354	23355	23356	23357	23358	23359	23360	23360	23360	23360	23360	直接伤害	1	0.1	50	10	1	0
1518	1354	-1	强击之魂（2级）	WuhunSkill2_15	-1	0	0	1	1	1	-1	0	-1	0	2	120					745	-1	0	0	0	0	-1	-1	-1	-1	-1	-1	-1	1	-1		-1	0	1200	-1	-1	1	0	-1	0	0	0	100	-1	0	-1	0	0	0	0	0	0	23361	23362	23363	23364	23365	23366	23367	23368	23369	23370	23371	23372	23372	23372	23372	23372		1	0.1	50	10	1	0
1519	1355	-1	强击之魂（3级）	WuhunSkill2_15	-1	0	0	1	1	1	-1	0	-1	0	2	120					745	-1	0	0	0	0	-1	-1	-1	-1	-1	-1	-1	1	-1		-1	0	1200	-1	-1	1	0	-1	0	0	0	100	-1	0	-1	0	0	0	0	0	0	23373	23374	23375	23376	23377	23378	23379	23380	23381	23382	23383	23384	23384	23384	23384	23384		1	0.1	50	10	1	0
1520	1356	-1	强击之魂（4级）	WuhunSkill2_15	-1	0	0	1	1	1	-1	0	-1	0	2	120					745	-1	0	0	0	0	-1	-1	-1	-1	-1	-1	-1	1	-1		-1	0	1200	-1	-1	1	0	-1	0	0	0	100	-1	0	-1	0	0	0	0	0	0	23385	23386	23387	23388	23389	23390	23391	23392	23393	23394	23395	23396	23396	23396	23396	23396		1	0.1	50	10	1	0
1521	1357	-1	强击之魂（5级）	WuhunSkill2_15	-1	0	0	1	1	1	-1	0	-1	0	2	120					745	-1	0	0	0	0	-1	-1	-1	-1	-1	-1	-1	1	-1		-1	0	1200	-1	-1	1	0	-1	0	0	0	100	-1	0	-1	0	0	0	0	0	0	23397	23398	23399	23400	23401	23402	23403	23404	23405	23406	23407	23408	23408	23408	23408	23408		1	0.1	50	10	1	0
1522	1358	-1	强击之魂（6级）	WuhunSkill2_15	-1	0	0	1	1	1	-1	0	-1	0	2	120					745	-1	0	0	0	0	-1	-1	-1	-1	-1	-1	-1	1	-1		-1	0	1200	-1	-1	1	0	-1	0	0	0	100	-1	0	-1	0	0	0	0	0	0	23409	23410	23411	23412	23413	23414	23415	23416	23417	23418	23419	23420	23420	23420	23420	23420		1	0.1	50	10	1	0
1523	1359	-1	绝气之魂（1级）	WuhunSkill2_16	-1	0	0	1	1	1	-1	0	-1	0	2	120					745	-1	0	0	0	0	-1	-1	-1	-1	-1	-1	-1	1	-1		-1	0	1200	-1	-1	1	0	-1	0	0	0	100	-1	0	-1	0	0	0	0	0	0	23421	23422	23423	23424	23425	23426	23427	23428	23429	23430	23431	23432	23432	23432	23432	23432	打气	1	0.1	50	10	1	0
1524	1360	-1	绝气之魂（2级）	WuhunSkill2_16	-1	0	0	1	1	1	-1	0	-1	0	2	120					745	-1	0	0	0	0	-1	-1	-1	-1	-1	-1	-1	1	-1		-1	0	1200	-1	-1	1	0	-1	0	0	0	100	-1	0	-1	0	0	0	0	0	0	23433	23434	23435	23436	23437	23438	23439	23440	23441	23442	23443	23444	23444	23444	23444	23444		1	0.1	50	10	1	0
1525	1361	-1	绝气之魂（3级）	WuhunSkill2_16	-1	0	0	1	1	1	-1	0	-1	0	2	120					745	-1	0	0	0	0	-1	-1	-1	-1	-1	-1	-1	1	-1		-1	0	1200	-1	-1	1	0	-1	0	0	0	100	-1	0	-1	0	0	0	0	0	0	23445	23446	23447	23448	23449	23450	23451	23452	23453	23454	23455	23456	23456	23456	23456	23456		1	0.1	50	10	1	0
1526	1362	-1	绝气之魂（4级）	WuhunSkill2_16	-1	0	0	1	1	1	-1	0	-1	0	2	120					745	-1	0	0	0	0	-1	-1	-1	-1	-1	-1	-1	1	-1		-1	0	1200	-1	-1	1	0	-1	0	0	0	100	-1	0	-1	0	0	0	0	0	0	23457	23458	23459	23460	23461	23462	23463	23464	23465	23466	23467	23468	23468	23468	23468	23468		1	0.1	50	10	1	0
1527	1363	-1	绝气之魂（5级）	WuhunSkill2_16	-1	0	0	1	1	1	-1	0	-1	0	2	120					745	-1	0	0	0	0	-1	-1	-1	-1	-1	-1	-1	1	-1		-1	0	1200	-1	-1	1	0	-1	0	0	0	100	-1	0	-1	0	0	0	0	0	0	23469	23470	23471	23472	23473	23474	23475	23476	23477	23478	23479	23480	23480	23480	23480	23480		1	0.1	50	10	1	0
1528	1364	-1	绝气之魂（6级）	WuhunSkill2_16	-1	0	0	1	1	1	-1	0	-1	0	2	120					745	-1	0	0	0	0	-1	-1	-1	-1	-1	-1	-1	1	-1		-1	0	1200	-1	-1	1	0	-1	0	0	0	100	-1	0	-1	0	0	0	0	0	0	23481	23482	23483	23484	23485	23486	23487	23488	23489	23490	23491	23492	23492	23492	23492	23492		1	0.1	50	10	1	0
1529	1365	-1	尚武之魂（1级）	WuhunSkill3_1	-1	0	0	1	1	1	-1	0	-1	0	2	120					745	-1	0	0	0	0	-1	-1	-1	-1	-1	-1	-1	1	-1		-1	0	1200	-1	-1	1	0	-1	0	0	0	100	-1	0	-1	0	0	0	0	0	0	21981	21982	21983	21984	21985	21986	21987	21988	21989	21990	21991	21992	21992	21992	21992	21992	全属性上升	1	0.1	50	10	1	0
1530	1366	-1	尚武之魂（2级）	WuhunSkill3_1	-1	0	0	1	1	1	-1	0	-1	0	2	120					745	-1	0	0	0	0	-1	-1	-1	-1	-1	-1	-1	1	-1		-1	0	1200	-1	-1	1	0	-1	0	0	0	100	-1	0	-1	0	0	0	0	0	0	21993	21994	21995	21996	21997	21998	21999	22000	22001	22002	22003	22004	22004	22004	22004	22004		1	0.1	50	10	1	0
1531	1367	-1	尚武之魂（3级）	WuhunSkill3_1	-1	0	0	1	1	1	-1	0	-1	0	2	120					745	-1	0	0	0	0	-1	-1	-1	-1	-1	-1	-1	1	-1		-1	0	1200	-1	-1	1	0	-1	0	0	0	100	-1	0	-1	0	0	0	0	0	0	22005	22006	22007	22008	22009	22010	22011	22012	22013	22014	22015	22016	22016	22016	22016	22016		1	0.1	50	10	1	0
1532	1368	-1	尚武之魂（4级）	WuhunSkill3_1	-1	0	0	1	1	1	-1	0	-1	0	2	120					745	-1	0	0	0	0	-1	-1	-1	-1	-1	-1	-1	1	-1		-1	0	1200	-1	-1	1	0	-1	0	0	0	100	-1	0	-1	0	0	0	0	0	0	22017	22018	22019	22020	22021	22022	22023	22024	22025	22026	22027	22028	22028	22028	22028	22028		1	0.1	50	10	1	0
1533	1369	-1	尚武之魂（5级）	WuhunSkill3_1	-1	0	0	1	1	1	-1	0	-1	0	2	120					745	-1	0	0	0	0	-1	-1	-1	-1	-1	-1	-1	1	-1		-1	0	1200	-1	-1	1	0	-1	0	0	0	100	-1	0	-1	0	0	0	0	0	0	22029	22030	22031	22032	22033	22034	22035	22036	22037	22038	22039	22040	22040	22040	22040	22040		1	0.1	50	10	1	0
1534	1370	-1	尚武之魂（6级）	WuhunSkill3_1	-1	0	0	1	1	1	-1	0	-1	0	2	120					745	-1	0	0	0	0	-1	-1	-1	-1	-1	-1	-1	1	-1		-1	0	1200	-1	-1	1	0	-1	0	0	0	100	-1	0	-1	0	0	0	0	0	0	22041	22042	22043	22044	22045	22046	22047	22048	22049	22050	22051	22052	22052	22052	22052	22052		1	0.1	50	10	1	0
1535	1371	-1	绝情之魂（1级）	WuhunSkill3_2	-1	0	0	1	1	1	-1	0	-1	0	2	120					745	-1	0	0	0	0	-1	-1	-1	-1	-1	-1	-1	1	-1		-1	0	1200	-1	-1	1	0	-1	0	0	0	100	-1	0	-1	0	0	0	0	0	0	22413	22414	22415	22416	22417	22418	22419	22420	22421	22422	22423	22424	22424	22424	22424	22424	全属性降低	1	0.1	50	10	1	0
1536	1372	-1	绝情之魂（2级）	WuhunSkill3_2	-1	0	0	1	1	1	-1	0	-1	0	2	120					745	-1	0	0	0	0	-1	-1	-1	-1	-1	-1	-1	1	-1		-1	0	1200	-1	-1	1	0	-1	0	0	0	100	-1	0	-1	0	0	0	0	0	0	22425	22426	22427	22428	22429	22430	22431	22432	22433	22434	22435	22436	22436	22436	22436	22436		1	0.1	50	10	1	0
1537	1373	-1	绝情之魂（3级）	WuhunSkill3_2	-1	0	0	1	1	1	-1	0	-1	0	2	120					745	-1	0	0	0	0	-1	-1	-1	-1	-1	-1	-1	1	-1		-1	0	1200	-1	-1	1	0	-1	0	0	0	100	-1	0	-1	0	0	0	0	0	0	22437	22438	22439	22440	22441	22442	22443	22444	22445	22446	22447	22448	22448	22448	22448	22448		1	0.1	50	10	1	0
1538	1374	-1	绝情之魂（4级）	WuhunSkill3_2	-1	0	0	1	1	1	-1	0	-1	0	2	120					745	-1	0	0	0	0	-1	-1	-1	-1	-1	-1	-1	1	-1		-1	0	1200	-1	-1	1	0	-1	0	0	0	100	-1	0	-1	0	0	0	0	0	0	22449	22450	22451	22452	22453	22454	22455	22456	22457	22458	22459	22460	22460	22460	22460	22460		1	0.1	50	10	1	0
1539	1375	-1	绝情之魂（5级）	WuhunSkill3_2	-1	0	0	1	1	1	-1	0	-1	0	2	120					745	-1	0	0	0	0	-1	-1	-1	-1	-1	-1	-1	1	-1		-1	0	1200	-1	-1	1	0	-1	0	0	0	100	-1	0	-1	0	0	0	0	0	0	22461	22462	22463	22464	22465	22466	22467	22468	22469	22470	22471	22472	22472	22472	22472	22472		1	0.1	50	10	1	0
1540	1376	-1	绝情之魂（6级）	WuhunSkill3_2	-1	0	0	1	1	1	-1	0	-1	0	2	120					745	-1	0	0	0	0	-1	-1	-1	-1	-1	-1	-1	1	-1		-1	0	1200	-1	-1	1	0	-1	0	0	0	100	-1	0	-1	0	0	0	0	0	0	22473	22474	22475	22476	22477	22478	22479	22480	22481	22482	22483	22484	22484	22484	22484	22484		1	0.1	50	10	1	0
1541	1231	-1	刚猛重击（1级）	WuhunSkill1_5	-1	0	0	1	1	1	-1	-1	1	0	2	121					751	-1	0	0	0	1	-1	-1	-1	-1	-1	-1	-1	1	126	身体受击点	-1	5	600	0	15	-1	1	-1	0	0	0	100	-1	0	-1	0	0	0	2	0	1800	23997	23998	23999	24000	24001	24002	24003	24004	24005	24006	24007	24008	24008	24008	24008	24008	单体外功	1	0.1	50	10	1	0
1542	1231	-1	刚猛重击（2级）	WuhunSkill1_5	-1	0	0	1	1	1	-1	-1	1	0	2	121					751	-1	0	0	0	1	-1	-1	-1	-1	-1	-1	-1	1	126	身体受击点	-1	5	600	0	15	-1	1	-1	0	0	0	100	-1	0	-1	0	0	0	2	0	1800	24009	24010	24011	24012	24013	24014	24015	24016	24017	24018	24019	24020	24020	24020	24020	24020		1	0.1	50	10	1	0
1543	1231	-1	刚猛重击（3级）	WuhunSkill1_5	-1	0	0	1	1	1	-1	-1	1	0	2	121					751	-1	0	0	0	1	-1	-1	-1	-1	-1	-1	-1	1	126	身体受击点	-1	5	600	0	15	-1	1	-1	0	0	0	100	-1	0	-1	0	0	0	2	0	1800	24021	24022	24023	24024	24025	24026	24027	24028	24029	24030	24031	24032	24032	24032	24032	24032		1	0.1	50	10	1	0
1544	1231	-1	刚猛重击（4级）	WuhunSkill1_5	-1	0	0	1	1	1	-1	-1	1	0	2	121					751	-1	0	0	0	1	-1	-1	-1	-1	-1	-1	-1	1	126	身体受击点	-1	5	600	0	15	-1	1	-1	0	0	0	100	-1	0	-1	0	0	0	2	0	1800	24033	24034	24035	24036	24037	24038	24039	24040	24041	24042	24043	24044	24044	24044	24044	24044		1	0.1	50	10	1	0
1545	1231	-1	刚猛重击（5级）	WuhunSkill1_5	-1	0	0	1	1	1	-1	-1	1	0	2	121					751	-1	0	0	0	1	-1	-1	-1	-1	-1	-1	-1	1	126	身体受击点	-1	5	600	0	15	-1	1	-1	0	0	0	100	-1	0	-1	0	0	0	2	0	1800	24045	24046	24047	24048	24049	24050	24051	24052	24053	24054	24055	24056	24056	24056	24056	24056		1	0.1	50	10	1	0
1546	1231	-1	刚猛重击（6级）	WuhunSkill1_5	-1	0	0	1	1	1	-1	-1	1	0	2	121					751	-1	0	0	0	1	-1	-1	-1	-1	-1	-1	-1	1	126	身体受击点	-1	5	600	0	15	-1	1	-1	0	0	0	100	-1	0	-1	0	0	0	2	0	1800	24057	24058	24059	24060	24061	24062	24063	24064	24065	24066	24067	24068	24068	24068	24068	24068		1	0.1	50	10	1	0
1547	1231	-1	柔蛇突袭（1级）	WuhunSkill1_6	-1	0	0	1	1	1	-1	-1	1	0	2	121					751	-1	0	0	0	1	-1	-1	-1	-1	-1	-1	-1	1	126	身体受击点	-1	5	600	0	15	-1	1	-1	0	0	0	100	-1	0	-1	0	0	0	2	0	1800	24069	24070	24071	24072	24073	24074	24075	24076	24077	24078	24079	24080	24080	24080	24080	24080	单体内功	1	0.1	50	10	1	0
1548	1231	-1	柔蛇突袭（2级）	WuhunSkill1_6	-1	0	0	1	1	1	-1	-1	1	0	2	121					751	-1	0	0	0	1	-1	-1	-1	-1	-1	-1	-1	1	126	身体受击点	-1	5	600	0	15	-1	1	-1	0	0	0	100	-1	0	-1	0	0	0	2	0	1800	24081	24082	24083	24084	24085	24086	24087	24088	24089	24090	24091	24092	24092	24092	24092	24092		1	0.1	50	10	1	0
1549	1231	-1	柔蛇突袭（3级）	WuhunSkill1_6	-1	0	0	1	1	1	-1	-1	1	0	2	121					751	-1	0	0	0	1	-1	-1	-1	-1	-1	-1	-1	1	126	身体受击点	-1	5	600	0	15	-1	1	-1	0	0	0	100	-1	0	-1	0	0	0	2	0	1800	24093	24094	24095	24096	24097	24098	24099	24100	24101	24102	24103	24104	24104	24104	24104	24104		1	0.1	50	10	1	0
1550	1231	-1	柔蛇突袭（4级）	WuhunSkill1_6	-1	0	0	1	1	1	-1	-1	1	0	2	121					751	-1	0	0	0	1	-1	-1	-1	-1	-1	-1	-1	1	126	身体受击点	-1	5	600	0	15	-1	1	-1	0	0	0	100	-1	0	-1	0	0	0	2	0	1800	24105	24106	24107	24108	24109	24110	24111	24112	24113	24114	24115	24116	24116	24116	24116	24116		1	0.1	50	10	1	0
1551	1231	-1	柔蛇突袭（5级）	WuhunSkill1_6	-1	0	0	1	1	1	-1	-1	1	0	2	121					751	-1	0	0	0	1	-1	-1	-1	-1	-1	-1	-1	1	126	身体受击点	-1	5	600	0	15	-1	1	-1	0	0	0	100	-1	0	-1	0	0	0	2	0	1800	24117	24118	24119	24120	24121	24122	24123	24124	24125	24126	24127	24128	24128	24128	24128	24128		1	0.1	50	10	1	0
1552	1231	-1	柔蛇突袭（6级）	WuhunSkill1_6	-1	0	0	1	1	1	-1	-1	1	0	2	121					751	-1	0	0	0	1	-1	-1	-1	-1	-1	-1	-1	1	126	身体受击点	-1	5	600	0	15	-1	1	-1	0	0	0	100	-1	0	-1	0	0	0	2	0	1800	24129	24130	24131	24132	24133	24134	24135	24136	24137	24138	24139	24140	24140	24140	24140	24140		1	0.1	50	10	1	0
1553	1231	-1	寒冰穿刺（1级）	WuhunSkill1_7	-1	0	0	1	1	1	-1	-1	1	0	2	121					750	-1	0	0	0	1	-1	-1	-1	-1	-1	-1	-1	1	127	身体受击点	-1	5	600	0	15	-1	1	-1	0	0	0	100	-1	0	-1	0	0	0	2	0	1800	24141	24142	24143	24144	24145	24146	24147	24148	24149	24150	24151	24152	24152	24152	24152	24152	单冰	1	0.1	50	10	1	0
1554	1231	-1	寒冰穿刺（2级）	WuhunSkill1_7	-1	0	0	1	1	1	-1	-1	1	0	2	121					750	-1	0	0	0	1	-1	-1	-1	-1	-1	-1	-1	1	127	身体受击点	-1	5	600	0	15	-1	1	-1	0	0	0	100	-1	0	-1	0	0	0	2	0	1800	24153	24154	24155	24156	24157	24158	24159	24160	24161	24162	24163	24164	24164	24164	24164	24164		1	0.1	50	10	1	0
1555	1231	-1	寒冰穿刺（3级）	WuhunSkill1_7	-1	0	0	1	1	1	-1	-1	1	0	2	121					750	-1	0	0	0	1	-1	-1	-1	-1	-1	-1	-1	1	127	身体受击点	-1	5	600	0	15	-1	1	-1	0	0	0	100	-1	0	-1	0	0	0	2	0	1800	24165	24166	24167	24168	24169	24170	24171	24172	24173	24174	24175	24176	24176	24176	24176	24176		1	0.1	50	10	1	0
1556	1231	-1	寒冰穿刺（4级）	WuhunSkill1_7	-1	0	0	1	1	1	-1	-1	1	0	2	121					750	-1	0	0	0	1	-1	-1	-1	-1	-1	-1	-1	1	127	身体受击点	-1	5	600	0	15	-1	1	-1	0	0	0	100	-1	0	-1	0	0	0	2	0	1800	24177	24178	24179	24180	24181	24182	24183	24184	24185	24186	24187	24188	24188	24188	24188	24188		1	0.1	50	10	1	0
1557	1231	-1	寒冰穿刺（5级）	WuhunSkill1_7	-1	0	0	1	1	1	-1	-1	1	0	2	121					750	-1	0	0	0	1	-1	-1	-1	-1	-1	-1	-1	1	127	身体受击点	-1	5	600	0	15	-1	1	-1	0	0	0	100	-1	0	-1	0	0	0	2	0	1800	24189	24190	24191	24192	24193	24194	24195	24196	24197	24198	24199	24200	24200	24200	24200	24200		1	0.1	50	10	1	0
1558	1231	-1	寒冰穿刺（6级）	WuhunSkill1_7	-1	0	0	1	1	1	-1	-1	1	0	2	121					750	-1	0	0	0	1	-1	-1	-1	-1	-1	-1	-1	1	127	身体受击点	-1	5	600	0	15	-1	1	-1	0	0	0	100	-1	0	-1	0	0	0	2	0	1800	24201	24202	24203	24204	24205	24206	24207	24208	24209	24210	24211	24212	24212	24212	24212	24212		1	0.1	50	10	1	0
1559	1231	-1	烈焰灼身（1级）	WuhunSkill1_8	-1	0	0	1	1	1	-1	-1	1	0	2	121					747	-1	0	0	0	1	-1	-1	-1	-1	-1	-1	-1	1	128	身体受击点	-1	5	600	0	15	-1	1	-1	0	0	0	100	-1	0	-1	0	0	0	2	0	1800	24213	24214	24215	24216	24217	24218	24219	24220	24221	24222	24223	24224	24224	24224	24224	24224	单火	1	0.1	50	10	1	0
1560	1231	-1	烈焰灼身（2级）	WuhunSkill1_8	-1	0	0	1	1	1	-1	-1	1	0	2	121					747	-1	0	0	0	1	-1	-1	-1	-1	-1	-1	-1	1	128	身体受击点	-1	5	600	0	15	-1	1	-1	0	0	0	100	-1	0	-1	0	0	0	2	0	1800	24225	24226	24227	24228	24229	24230	24231	24232	24233	24234	24235	24236	24236	24236	24236	24236		1	0.1	50	10	1	0
1561	1231	-1	烈焰灼身（3级）	WuhunSkill1_8	-1	0	0	1	1	1	-1	-1	1	0	2	121					747	-1	0	0	0	1	-1	-1	-1	-1	-1	-1	-1	1	128	身体受击点	-1	5	600	0	15	-1	1	-1	0	0	0	100	-1	0	-1	0	0	0	2	0	1800	24237	24238	24239	24240	24241	24242	24243	24244	24245	24246	24247	24248	24248	24248	24248	24248		1	0.1	50	10	1	0
1562	1231	-1	烈焰灼身（4级）	WuhunSkill1_8	-1	0	0	1	1	1	-1	-1	1	0	2	121					747	-1	0	0	0	1	-1	-1	-1	-1	-1	-1	-1	1	128	身体受击点	-1	5	600	0	15	-1	1	-1	0	0	0	100	-1	0	-1	0	0	0	2	0	1800	24249	24250	24251	24252	24253	24254	24255	24256	24257	24258	24259	24260	24260	24260	24260	24260		1	0.1	50	10	1	0
1563	1231	-1	烈焰灼身（5级）	WuhunSkill1_8	-1	0	0	1	1	1	-1	-1	1	0	2	121					747	-1	0	0	0	1	-1	-1	-1	-1	-1	-1	-1	1	128	身体受击点	-1	5	600	0	15	-1	1	-1	0	0	0	100	-1	0	-1	0	0	0	2	0	1800	24261	24262	24263	24264	24265	24266	24267	24268	24269	24270	24271	24272	24272	24272	24272	24272		1	0.1	50	10	1	0
1564	1231	-1	烈焰灼身（6级）	WuhunSkill1_8	-1	0	0	1	1	1	-1	-1	1	0	2	121					747	-1	0	0	0	1	-1	-1	-1	-1	-1	-1	-1	1	128	身体受击点	-1	5	600	0	15	-1	1	-1	0	0	0	100	-1	0	-1	0	0	0	2	0	1800	24273	24274	24275	24276	24277	24278	24279	24280	24281	24282	24283	24284	24284	24284	24284	24284		1	0.1	50	10	1	0
1565	1231	-1	天雷轰顶（1级）	WuhunSkill1_9	-1	0	0	1	1	1	-1	-1	1	0	2	121					748	-1	0	0	0	1	-1	-1	-1	-1	-1	-1	-1	1	129	身体受击点	-1	5	600	0	15	-1	1	-1	0	0	0	100	-1	0	-1	0	0	0	2	0	1800	24285	24286	24287	24288	24289	24290	24291	24292	24293	24294	24295	24296	24296	24296	24296	24296	单玄	1	0.1	50	10	1	0
1566	1231	-1	天雷轰顶（2级）	WuhunSkill1_9	-1	0	0	1	1	1	-1	-1	1	0	2	121					748	-1	0	0	0	1	-1	-1	-1	-1	-1	-1	-1	1	129	身体受击点	-1	5	600	0	15	-1	1	-1	0	0	0	100	-1	0	-1	0	0	0	2	0	1800	24297	24298	24299	24300	24301	24302	24303	24304	24305	24306	24307	24308	24308	24308	24308	24308		1	0.1	50	10	1	0
1567	1231	-1	天雷轰顶（3级）	WuhunSkill1_9	-1	0	0	1	1	1	-1	-1	1	0	2	121					748	-1	0	0	0	1	-1	-1	-1	-1	-1	-1	-1	1	129	身体受击点	-1	5	600	0	15	-1	1	-1	0	0	0	100	-1	0	-1	0	0	0	2	0	1800	24309	24310	24311	24312	24313	24314	24315	24316	24317	24318	24319	24320	24320	24320	24320	24320		1	0.1	50	10	1	0
1568	1231	-1	天雷轰顶（4级）	WuhunSkill1_9	-1	0	0	1	1	1	-1	-1	1	0	2	121					748	-1	0	0	0	1	-1	-1	-1	-1	-1	-1	-1	1	129	身体受击点	-1	5	600	0	15	-1	1	-1	0	0	0	100	-1	0	-1	0	0	0	2	0	1800	24321	24322	24323	24324	24325	24326	24327	24328	24329	24330	24331	24332	24332	24332	24332	24332		1	0.1	50	10	1	0
1569	1231	-1	天雷轰顶（5级）	WuhunSkill1_9	-1	0	0	1	1	1	-1	-1	1	0	2	121					748	-1	0	0	0	1	-1	-1	-1	-1	-1	-1	-1	1	129	身体受击点	-1	5	600	0	15	-1	1	-1	0	0	0	100	-1	0	-1	0	0	0	2	0	1800	24333	24334	24335	24336	24337	24338	24339	24340	24341	24342	24343	24344	24344	24344	24344	24344		1	0.1	50	10	1	0
1570	1231	-1	天雷轰顶（6级）	WuhunSkill1_9	-1	0	0	1	1	1	-1	-1	1	0	2	121					748	-1	0	0	0	1	-1	-1	-1	-1	-1	-1	-1	1	129	身体受击点	-1	5	600	0	15	-1	1	-1	0	0	0	100	-1	0	-1	0	0	0	2	0	1800	24345	24346	24347	24348	24349	24350	24351	24352	24353	24354	24355	24356	24356	24356	24356	24356		1	0.1	50	10	1	0
1571	1231	-1	雾腐蚀毒（1级）	WuhunSkill1_10	-1	0	0	1	1	1	-1	-1	1	0	2	121					749	-1	0	0	0	1	-1	-1	-1	-1	-1	-1	-1	1	130	身体受击点	-1	5	600	0	15	-1	1	-1	0	0	0	100	-1	0	-1	0	0	0	2	0	1800	24357	24358	24359	24360	24361	24362	24363	24364	24365	24366	24367	24368	24368	24368	24368	24368	单毒	1	0.1	50	10	1	0
1572	1231	-1	雾腐蚀毒（2级）	WuhunSkill1_10	-1	0	0	1	1	1	-1	-1	1	0	2	121					749	-1	0	0	0	1	-1	-1	-1	-1	-1	-1	-1	1	130	身体受击点	-1	5	600	0	15	-1	1	-1	0	0	0	100	-1	0	-1	0	0	0	2	0	1800	24369	24370	24371	24372	24373	24374	24375	24376	24377	24378	24379	24380	24380	24380	24380	24380		1	0.1	50	10	1	0
1573	1231	-1	雾腐蚀毒（3级）	WuhunSkill1_10	-1	0	0	1	1	1	-1	-1	1	0	2	121					749	-1	0	0	0	1	-1	-1	-1	-1	-1	-1	-1	1	130	身体受击点	-1	5	600	0	15	-1	1	-1	0	0	0	100	-1	0	-1	0	0	0	2	0	1800	24381	24382	24383	24384	24385	24386	24387	24388	24389	24390	24391	24392	24392	24392	24392	24392		1	0.1	50	10	1	0
1574	1231	-1	雾腐蚀毒（4级）	WuhunSkill1_10	-1	0	0	1	1	1	-1	-1	1	0	2	121					749	-1	0	0	0	1	-1	-1	-1	-1	-1	-1	-1	1	130	身体受击点	-1	5	600	0	15	-1	1	-1	0	0	0	100	-1	0	-1	0	0	0	2	0	1800	24393	24394	24395	24396	24397	24398	24399	24400	24401	24402	24403	24404	24404	24404	24404	24404		1	0.1	50	10	1	0
1575	1231	-1	雾腐蚀毒（5级）	WuhunSkill1_10	-1	0	0	1	1	1	-1	-1	1	0	2	121					749	-1	0	0	0	1	-1	-1	-1	-1	-1	-1	-1	1	130	身体受击点	-1	5	600	0	15	-1	1	-1	0	0	0	100	-1	0	-1	0	0	0	2	0	1800	24405	24406	24407	24408	24409	24410	24411	24412	24413	24414	24415	24416	24416	24416	24416	24416		1	0.1	50	10	1	0
1576	1231	-1	雾腐蚀毒（6级）	WuhunSkill1_10	-1	0	0	1	1	1	-1	-1	1	0	2	121					749	-1	0	0	0	1	-1	-1	-1	-1	-1	-1	-1	1	130	身体受击点	-1	5	600	0	15	-1	1	-1	0	0	0	100	-1	0	-1	0	0	0	2	0	1800	24417	24418	24419	24420	24421	24422	24423	24424	24425	24426	24427	24428	24428	24428	24428	24428		1	0.1	50	10	1	0
1577	1231	-1	雷霆猛击（1级）	WuhunSkill1_11	-1	0	0	1	1	1	-1	-1	1	0	2	121					746	-1	0	0	0	1	-1	-1	-1	-1	-1	-1	-1	1	131	身体受击点	-1	5	600	0	15	-1	1	-1	0	0	0	100	-1	0	-1	0	0	0	2	0	1800	24429	24430	24431	24432	24433	24434	24435	24436	24437	24438	24439	24440	24440	24440	24440	24440	直伤	1	0.1	50	10	1	0
1578	1231	-1	雷霆猛击（2级）	WuhunSkill1_11	-1	0	0	1	1	1	-1	-1	1	0	2	121					746	-1	0	0	0	1	-1	-1	-1	-1	-1	-1	-1	1	131	身体受击点	-1	5	600	0	15	-1	1	-1	0	0	0	100	-1	0	-1	0	0	0	2	0	1800	24441	24442	24443	24444	24445	24446	24447	24448	24449	24450	24451	24452	24452	24452	24452	24452		1	0.1	50	10	1	0
1579	1231	-1	雷霆猛击（3级）	WuhunSkill1_11	-1	0	0	1	1	1	-1	-1	1	0	2	121					746	-1	0	0	0	1	-1	-1	-1	-1	-1	-1	-1	1	131	身体受击点	-1	5	600	0	15	-1	1	-1	0	0	0	100	-1	0	-1	0	0	0	2	0	1800	24453	24454	24455	24456	24457	24458	24459	24460	24461	24462	24463	24464	24464	24464	24464	24464		1	0.1	50	10	1	0
1580	1231	-1	雷霆猛击（4级）	WuhunSkill1_11	-1	0	0	1	1	1	-1	-1	1	0	2	121					746	-1	0	0	0	1	-1	-1	-1	-1	-1	-1	-1	1	131	身体受击点	-1	5	600	0	15	-1	1	-1	0	0	0	100	-1	0	-1	0	0	0	2	0	1800	24465	24466	24467	24468	24469	24470	24471	24472	24473	24474	24475	24476	24476	24476	24476	24476		1	0.1	50	10	1	0
1581	1231	-1	雷霆猛击（5级）	WuhunSkill1_11	-1	0	0	1	1	1	-1	-1	1	0	2	121					746	-1	0	0	0	1	-1	-1	-1	-1	-1	-1	-1	1	131	身体受击点	-1	5	600	0	15	-1	1	-1	0	0	0	100	-1	0	-1	0	0	0	2	0	1800	24477	24478	24479	24480	24481	24482	24483	24484	24485	24486	24487	24488	24488	24488	24488	24488		1	0.1	50	10	1	0
1582	1231	-1	雷霆猛击（6级）	WuhunSkill1_11	-1	0	0	1	1	1	-1	-1	1	0	2	121					746	-1	0	0	0	1	-1	-1	-1	-1	-1	-1	-1	1	131	身体受击点	-1	5	600	0	15	-1	1	-1	0	0	0	100	-1	0	-1	0	0	0	2	0	1800	24489	24490	24491	24492	24493	24494	24495	24496	24497	24498	24499	24500	24500	24500	24500	24500		1	0.1	50	10	1	0
1583	1231	-1	灭世八方（1级）	WuhunSkill1_12	-1	0	0	1	1	1	-1	-1	1	0	2	121					751	-1	0	0	0	1	-1	-1	-1	-1	-1	-1	-1	1	132	身体受击点	-1	5	600	0	15	-1	1	-1	0	0	0	100	-1	0	-1	0	0	0	2	0	1500	23493	23494	23495	23496	23497	23498	23499	23500	23501	23502	23503	23504	23504	23504	23504	23504	群体外功	1	0.1	50	10	1	0
1584	1231	-1	灭世八方（2级）	WuhunSkill1_12	-1	0	0	1	1	1	-1	-1	1	0	2	121					751	-1	0	0	0	1	-1	-1	-1	-1	-1	-1	-1	1	132	身体受击点	-1	5	600	0	15	-1	1	-1	0	0	0	100	-1	0	-1	0	0	0	2	0	1500	23505	23506	23507	23508	23509	23510	23511	23512	23513	23514	23515	23516	23516	23516	23516	23516		1	0.1	50	10	1	0
1585	1231	-1	灭世八方（3级）	WuhunSkill1_12	-1	0	0	1	1	1	-1	-1	1	0	2	121					751	-1	0	0	0	1	-1	-1	-1	-1	-1	-1	-1	1	132	身体受击点	-1	5	600	0	15	-1	1	-1	0	0	0	100	-1	0	-1	0	0	0	2	0	1500	23517	23518	23519	23520	23521	23522	23523	23524	23525	23526	23527	23528	23528	23528	23528	23528		1	0.1	50	10	1	0
1586	1231	-1	灭世八方（4级）	WuhunSkill1_12	-1	0	0	1	1	1	-1	-1	1	0	2	121					751	-1	0	0	0	1	-1	-1	-1	-1	-1	-1	-1	1	132	身体受击点	-1	5	600	0	15	-1	1	-1	0	0	0	100	-1	0	-1	0	0	0	2	0	1500	23529	23530	23531	23532	23533	23534	23535	23536	23537	23538	23539	23540	23540	23540	23540	23540		1	0.1	50	10	1	0
1587	1231	-1	灭世八方（5级）	WuhunSkill1_12	-1	0	0	1	1	1	-1	-1	1	0	2	121					751	-1	0	0	0	1	-1	-1	-1	-1	-1	-1	-1	1	132	身体受击点	-1	5	600	0	15	-1	1	-1	0	0	0	100	-1	0	-1	0	0	0	2	0	1500	23541	23542	23543	23544	23545	23546	23547	23548	23549	23550	23551	23552	23552	23552	23552	23552		1	0.1	50	10	1	0
1588	1231	-1	灭世八方（6级）	WuhunSkill1_12	-1	0	0	1	1	1	-1	-1	1	0	2	121					751	-1	0	0	0	1	-1	-1	-1	-1	-1	-1	-1	1	132	身体受击点	-1	5	600	0	15	-1	1	-1	0	0	0	100	-1	0	-1	0	0	0	2	0	1500	23553	23554	23555	23556	23557	23558	23559	23560	23561	23562	23563	23564	23564	23564	23564	23564		1	0.1	50	10	1	0
1589	1231	-1	绝境散杀（1级）	WuhunSkill1_13	-1	0	0	1	1	1	-1	-1	1	0	2	121					751	-1	0	0	0	1	-1	-1	-1	-1	-1	-1	-1	1	132	身体受击点	-1	5	600	0	15	-1	1	-1	0	0	0	100	-1	0	-1	0	0	0	2	0	1500	23565	23566	23567	23568	23569	23570	23571	23572	23573	23574	23575	23576	23576	23576	23576	23576	群体内功	1	0.1	50	10	1	0
1590	1231	-1	绝境散杀（2级）	WuhunSkill1_13	-1	0	0	1	1	1	-1	-1	1	0	2	121					751	-1	0	0	0	1	-1	-1	-1	-1	-1	-1	-1	1	132	身体受击点	-1	5	600	0	15	-1	1	-1	0	0	0	100	-1	0	-1	0	0	0	2	0	1500	23577	23578	23579	23580	23581	23582	23583	23584	23585	23586	23587	23588	23588	23588	23588	23588		1	0.1	50	10	1	0
1591	1231	-1	绝境散杀（3级）	WuhunSkill1_13	-1	0	0	1	1	1	-1	-1	1	0	2	121					751	-1	0	0	0	1	-1	-1	-1	-1	-1	-1	-1	1	132	身体受击点	-1	5	600	0	15	-1	1	-1	0	0	0	100	-1	0	-1	0	0	0	2	0	1500	23589	23590	23591	23592	23593	23594	23595	23596	23597	23598	23599	23600	23600	23600	23600	23600		1	0.1	50	10	1	0
1592	1231	-1	绝境散杀（4级）	WuhunSkill1_13	-1	0	0	1	1	1	-1	-1	1	0	2	121					751	-1	0	0	0	1	-1	-1	-1	-1	-1	-1	-1	1	132	身体受击点	-1	5	600	0	15	-1	1	-1	0	0	0	100	-1	0	-1	0	0	0	2	0	1500	23601	23602	23603	23604	23605	23606	23607	23608	23609	23610	23611	23612	23612	23612	23612	23612		1	0.1	50	10	1	0
1593	1231	-1	绝境散杀（5级）	WuhunSkill1_13	-1	0	0	1	1	1	-1	-1	1	0	2	121					751	-1	0	0	0	1	-1	-1	-1	-1	-1	-1	-1	1	132	身体受击点	-1	5	600	0	15	-1	1	-1	0	0	0	100	-1	0	-1	0	0	0	2	0	1500	23613	23614	23615	23616	23617	23618	23619	23620	23621	23622	23623	23624	23624	23624	23624	23624		1	0.1	50	10	1	0
1594	1231	-1	绝境散杀（6级）	WuhunSkill1_13	-1	0	0	1	1	1	-1	-1	1	0	2	121					751	-1	0	0	0	1	-1	-1	-1	-1	-1	-1	-1	1	132	身体受击点	-1	5	600	0	15	-1	1	-1	0	0	0	100	-1	0	-1	0	0	0	2	0	1500	23625	23626	23627	23628	23629	23630	23631	23632	23633	23634	23635	23636	23636	23636	23636	23636		1	0.1	50	10	1	0
1595	1231	-1	冰封万里（1级）	WuhunSkill1_14	-1	0	0	1	1	1	-1	-1	1	0	2	121					750	-1	0	0	0	1	-1	-1	-1	-1	-1	-1	-1	1	133	身体受击点	-1	5	600	0	15	-1	1	-1	0	0	0	100	-1	0	-1	0	0	0	2	0	1500	23637	23638	23639	23640	23641	23642	23643	23644	23645	23646	23647	23648	23648	23648	23648	23648	群冰	1	0.1	50	10	1	0
1596	1231	-1	冰封万里（2级）	WuhunSkill1_14	-1	0	0	1	1	1	-1	-1	1	0	2	121					750	-1	0	0	0	1	-1	-1	-1	-1	-1	-1	-1	1	133	身体受击点	-1	5	600	0	15	-1	1	-1	0	0	0	100	-1	0	-1	0	0	0	2	0	1500	23649	23650	23651	23652	23653	23654	23655	23656	23657	23658	23659	23660	23660	23660	23660	23660		1	0.1	50	10	1	0
1597	1231	-1	冰封万里（3级）	WuhunSkill1_14	-1	0	0	1	1	1	-1	-1	1	0	2	121					750	-1	0	0	0	1	-1	-1	-1	-1	-1	-1	-1	1	133	身体受击点	-1	5	600	0	15	-1	1	-1	0	0	0	100	-1	0	-1	0	0	0	2	0	1500	23661	23662	23663	23664	23665	23666	23667	23668	23669	23670	23671	23672	23672	23672	23672	23672		1	0.1	50	10	1	0
1598	1231	-1	冰封万里（4级）	WuhunSkill1_14	-1	0	0	1	1	1	-1	-1	1	0	2	121					750	-1	0	0	0	1	-1	-1	-1	-1	-1	-1	-1	1	133	身体受击点	-1	5	600	0	15	-1	1	-1	0	0	0	100	-1	0	-1	0	0	0	2	0	1500	23673	23674	23675	23676	23677	23678	23679	23680	23681	23682	23683	23684	23684	23684	23684	23684		1	0.1	50	10	1	0
1599	1231	-1	冰封万里（5级）	WuhunSkill1_14	-1	0	0	1	1	1	-1	-1	1	0	2	121					750	-1	0	0	0	1	-1	-1	-1	-1	-1	-1	-1	1	133	身体受击点	-1	5	600	0	15	-1	1	-1	0	0	0	100	-1	0	-1	0	0	0	2	0	1500	23685	23686	23687	23688	23689	23690	23691	23692	23693	23694	23695	23696	23696	23696	23696	23696		1	0.1	50	10	1	0
1600	1231	-1	冰封万里（6级）	WuhunSkill1_14	-1	0	0	1	1	1	-1	-1	1	0	2	121					750	-1	0	0	0	1	-1	-1	-1	-1	-1	-1	-1	1	133	身体受击点	-1	5	600	0	15	-1	1	-1	0	0	0	100	-1	0	-1	0	0	0	2	0	1500	23697	23698	23699	23700	23701	23702	23703	23704	23705	23706	23707	23708	23708	23708	23708	23708		1	0.1	50	10	1	0
1601	1231	-1	天火燎原（1级）	WuhunSkill1_15	-1	0	0	1	1	1	-1	-1	1	0	2	121					747	-1	0	0	0	1	-1	-1	-1	-1	-1	-1	-1	1	134	身体受击点	-1	5	600	0	15	-1	1	-1	0	0	0	100	-1	0	-1	0	0	0	2	0	1500	23709	23710	23711	23712	23713	23714	23715	23716	23717	23718	23719	23720	23720	23720	23720	23720	群火	1	0.1	50	10	1	0
1602	1231	-1	天火燎原（2级）	WuhunSkill1_15	-1	0	0	1	1	1	-1	-1	1	0	2	121					747	-1	0	0	0	1	-1	-1	-1	-1	-1	-1	-1	1	134	身体受击点	-1	5	600	0	15	-1	1	-1	0	0	0	100	-1	0	-1	0	0	0	2	0	1500	23721	23722	23723	23724	23725	23726	23727	23728	23729	23730	23731	23732	23732	23732	23732	23732		1	0.1	50	10	1	0
1603	1231	-1	天火燎原（3级）	WuhunSkill1_15	-1	0	0	1	1	1	-1	-1	1	0	2	121					747	-1	0	0	0	1	-1	-1	-1	-1	-1	-1	-1	1	134	身体受击点	-1	5	600	0	15	-1	1	-1	0	0	0	100	-1	0	-1	0	0	0	2	0	1500	23733	23734	23735	23736	23737	23738	23739	23740	23741	23742	23743	23744	23744	23744	23744	23744		1	0.1	50	10	1	0
1604	1231	-1	天火燎原（4级）	WuhunSkill1_15	-1	0	0	1	1	1	-1	-1	1	0	2	121					747	-1	0	0	0	1	-1	-1	-1	-1	-1	-1	-1	1	134	身体受击点	-1	5	600	0	15	-1	1	-1	0	0	0	100	-1	0	-1	0	0	0	2	0	1500	23745	23746	23747	23748	23749	23750	23751	23752	23753	23754	23755	23756	23756	23756	23756	23756		1	0.1	50	10	1	0
1605	1231	-1	天火燎原（5级）	WuhunSkill1_15	-1	0	0	1	1	1	-1	-1	1	0	2	121					747	-1	0	0	0	1	-1	-1	-1	-1	-1	-1	-1	1	134	身体受击点	-1	5	600	0	15	-1	1	-1	0	0	0	100	-1	0	-1	0	0	0	2	0	1500	23757	23758	23759	23760	23761	23762	23763	23764	23765	23766	23767	23768	23768	23768	23768	23768		1	0.1	50	10	1	0
1606	1231	-1	天火燎原（6级）	WuhunSkill1_15	-1	0	0	1	1	1	-1	-1	1	0	2	121					747	-1	0	0	0	1	-1	-1	-1	-1	-1	-1	-1	1	134	身体受击点	-1	5	600	0	15	-1	1	-1	0	0	0	100	-1	0	-1	0	0	0	2	0	1500	23769	23770	23771	23772	23773	23774	23775	23776	23777	23778	23779	23780	23780	23780	23780	23780		1	0.1	50	10	1	0
1607	1231	-1	狂雷天降（1级）	WuhunSkill1_16	-1	0	0	1	1	1	-1	-1	1	0	2	121					748	-1	0	0	0	1	-1	-1	-1	-1	-1	-1	-1	1	135	身体受击点	-1	5	600	0	15	-1	1	-1	0	0	0	100	-1	0	-1	0	0	0	2	0	1500	23781	23782	23783	23784	23785	23786	23787	23788	23789	23790	23791	23792	23792	23792	23792	23792	群玄	1	0.1	50	10	1	0
1608	1231	-1	狂雷天降（2级）	WuhunSkill1_16	-1	0	0	1	1	1	-1	-1	1	0	2	121					748	-1	0	0	0	1	-1	-1	-1	-1	-1	-1	-1	1	135	身体受击点	-1	5	600	0	15	-1	1	-1	0	0	0	100	-1	0	-1	0	0	0	2	0	1500	23793	23794	23795	23796	23797	23798	23799	23800	23801	23802	23803	23804	23804	23804	23804	23804		1	0.1	50	10	1	0
1609	1231	-1	狂雷天降（3级）	WuhunSkill1_16	-1	0	0	1	1	1	-1	-1	1	0	2	121					748	-1	0	0	0	1	-1	-1	-1	-1	-1	-1	-1	1	135	身体受击点	-1	5	600	0	15	-1	1	-1	0	0	0	100	-1	0	-1	0	0	0	2	0	1500	23805	23806	23807	23808	23809	23810	23811	23812	23813	23814	23815	23816	23816	23816	23816	23816		1	0.1	50	10	1	0
1610	1231	-1	狂雷天降（4级）	WuhunSkill1_16	-1	0	0	1	1	1	-1	-1	1	0	2	121					748	-1	0	0	0	1	-1	-1	-1	-1	-1	-1	-1	1	135	身体受击点	-1	5	600	0	15	-1	1	-1	0	0	0	100	-1	0	-1	0	0	0	2	0	1500	23817	23818	23819	23820	23821	23822	23823	23824	23825	23826	23827	23828	23828	23828	23828	23828		1	0.1	50	10	1	0
1611	1231	-1	狂雷天降（5级）	WuhunSkill1_16	-1	0	0	1	1	1	-1	-1	1	0	2	121					748	-1	0	0	0	1	-1	-1	-1	-1	-1	-1	-1	1	135	身体受击点	-1	5	600	0	15	-1	1	-1	0	0	0	100	-1	0	-1	0	0	0	2	0	1500	23829	23830	23831	23832	23833	23834	23835	23836	23837	23838	23839	23840	23840	23840	23840	23840		1	0.1	50	10	1	0
1612	1231	-1	狂雷天降（6级）	WuhunSkill1_16	-1	0	0	1	1	1	-1	-1	1	0	2	121					748	-1	0	0	0	1	-1	-1	-1	-1	-1	-1	-1	1	135	身体受击点	-1	5	600	0	15	-1	1	-1	0	0	0	100	-1	0	-1	0	0	0	2	0	1500	23841	23842	23843	23844	23845	23846	23847	23848	23849	23850	23851	23852	23852	23852	23852	23852		1	0.1	50	10	1	0
1613	1231	-1	剧毒瘟疫（1级）	WuhunSkill2_1	-1	0	0	1	1	1	-1	-1	1	0	2	121					749	-1	0	0	0	1	-1	-1	-1	-1	-1	-1	-1	1	136	身体受击点	-1	5	600	0	15	-1	1	-1	0	0	0	100	-1	0	-1	0	0	0	2	0	1500	23853	23854	23855	23856	23857	23858	23859	23860	23861	23862	23863	23864	23864	23864	23864	23864	群毒	1	0.1	50	10	1	0
1614	1231	-1	剧毒瘟疫（2级）	WuhunSkill2_1	-1	0	0	1	1	1	-1	-1	1	0	2	121					749	-1	0	0	0	1	-1	-1	-1	-1	-1	-1	-1	1	136	身体受击点	-1	5	600	0	15	-1	1	-1	0	0	0	100	-1	0	-1	0	0	0	2	0	1500	23865	23866	23867	23868	23869	23870	23871	23872	23873	23874	23875	23876	23876	23876	23876	23876		1	0.1	50	10	1	0
1615	1231	-1	剧毒瘟疫（3级）	WuhunSkill2_1	-1	0	0	1	1	1	-1	-1	1	0	2	121					749	-1	0	0	0	1	-1	-1	-1	-1	-1	-1	-1	1	136	身体受击点	-1	5	600	0	15	-1	1	-1	0	0	0	100	-1	0	-1	0	0	0	2	0	1500	23877	23878	23879	23880	23881	23882	23883	23884	23885	23886	23887	23888	23888	23888	23888	23888		1	0.1	50	10	1	0
1616	1231	-1	剧毒瘟疫（4级）	WuhunSkill2_1	-1	0	0	1	1	1	-1	-1	1	0	2	121					749	-1	0	0	0	1	-1	-1	-1	-1	-1	-1	-1	1	136	身体受击点	-1	5	600	0	15	-1	1	-1	0	0	0	100	-1	0	-1	0	0	0	2	0	1500	23889	23890	23891	23892	23893	23894	23895	23896	23897	23898	23899	23900	23900	23900	23900	23900		1	0.1	50	10	1	0
1617	1231	-1	剧毒瘟疫（5级）	WuhunSkill2_1	-1	0	0	1	1	1	-1	-1	1	0	2	121					749	-1	0	0	0	1	-1	-1	-1	-1	-1	-1	-1	1	136	身体受击点	-1	5	600	0	15	-1	1	-1	0	0	0	100	-1	0	-1	0	0	0	2	0	1500	23901	23902	23903	23904	23905	23906	23907	23908	23909	23910	23911	23912	23912	23912	23912	23912		1	0.1	50	10	1	0
1618	1231	-1	剧毒瘟疫（6级）	WuhunSkill2_1	-1	0	0	1	1	1	-1	-1	1	0	2	121					749	-1	0	0	0	1	-1	-1	-1	-1	-1	-1	-1	1	136	身体受击点	-1	5	600	0	15	-1	1	-1	0	0	0	100	-1	0	-1	0	0	0	2	0	1500	23913	23914	23915	23916	23917	23918	23919	23920	23921	23922	23923	23924	23924	23924	23924	23924		1	0.1	50	10	1	0
1619	1231	-1	怒涛连击（1级）	WuhunSkill2_2	-1	0	0	1	1	1	-1	-1	1	0	2	121					746	-1	0	0	0	1	-1	-1	-1	-1	-1	-1	-1	1	137	身体受击点	-1	5	600	0	15	-1	1	-1	0	0	0	100	-1	0	-1	0	0	0	2	0	1500	23925	23926	23927	23928	23929	23930	23931	23932	23933	23934	23935	23936	23936	23936	23936	23936	群直伤	1	0.1	50	10	1	0
1620	1231	-1	怒涛连击（2级）	WuhunSkill2_2	-1	0	0	1	1	1	-1	-1	1	0	2	121					746	-1	0	0	0	1	-1	-1	-1	-1	-1	-1	-1	1	137	身体受击点	-1	5	600	0	15	-1	1	-1	0	0	0	100	-1	0	-1	0	0	0	2	0	1500	23937	23938	23939	23940	23941	23942	23943	23944	23945	23946	23947	23948	23948	23948	23948	23948		1	0.1	50	10	1	0
1621	1231	-1	怒涛连击（3级）	WuhunSkill2_2	-1	0	0	1	1	1	-1	-1	1	0	2	121					746	-1	0	0	0	1	-1	-1	-1	-1	-1	-1	-1	1	137	身体受击点	-1	5	600	0	15	-1	1	-1	0	0	0	100	-1	0	-1	0	0	0	2	0	1500	23949	23950	23951	23952	23953	23954	23955	23956	23957	23958	23959	23960	23960	23960	23960	23960		1	0.1	50	10	1	0
1622	1231	-1	怒涛连击（4级）	WuhunSkill2_2	-1	0	0	1	1	1	-1	-1	1	0	2	121					746	-1	0	0	0	1	-1	-1	-1	-1	-1	-1	-1	1	137	身体受击点	-1	5	600	0	15	-1	1	-1	0	0	0	100	-1	0	-1	0	0	0	2	0	1500	23961	23962	23963	23964	23965	23966	23967	23968	23969	23970	23971	23972	23972	23972	23972	23972		1	0.1	50	10	1	0
1623	1231	-1	怒涛连击（5级）	WuhunSkill2_2	-1	0	0	1	1	1	-1	-1	1	0	2	121					746	-1	0	0	0	1	-1	-1	-1	-1	-1	-1	-1	1	137	身体受击点	-1	5	600	0	15	-1	1	-1	0	0	0	100	-1	0	-1	0	0	0	2	0	1500	23973	23974	23975	23976	23977	23978	23979	23980	23981	23982	23983	23984	23984	23984	23984	23984		1	0.1	50	10	1	0
1624	1231	-1	怒涛连击（6级）	WuhunSkill2_2	-1	0	0	1	1	1	-1	-1	1	0	2	121					746	-1	0	0	0	1	-1	-1	-1	-1	-1	-1	-1	1	137	身体受击点	-1	5	600	0	15	-1	1	-1	0	0	0	100	-1	0	-1	0	0	0	2	0	1500	23985	23986	23987	23988	23989	23990	23991	23992	23993	23994	23995	23996	23996	23996	23996	23996		1	0.1	50	10	1	0
1625	1625	-1	笔走龙蛇	Food_1	-1	0	0	0	0	1	-1	-1	-1	0	2	100					541	-1	0	1	1	0	-1	-1	-1	-1	-1	-1	-1	-1	-1	 	-1	5	1200	-1	-1	-1	1	-1	0	0	0	100	-1	0	-1	15	360	12	0	0	0	26000	26000	26000	26000	26000	26000	26000	26001	26002	26003	26004	26005	26005	26005	26005	26005	单	1	0.1	50	10	1	0
1626	1626	-1	墨洒八方	Food_1	-1	0	0	0	0	1	-1	-1	-1	0	2	101					540	-1	0	1	1	0	-1	-1	-1	-1	-1	-1	-1	-1	-1	 	-1	4	1200	-1	-1	-1	1	-1	0	0	0	100	-1	0	-1	17	360	12	0	0	0	26006	26006	26006	26006	26006	26006	26006	26007	26008	26009	26010	26011	26011	26011	26011	26011	群	1	0	0	0	1	0
1627	1627	-1	将进酒	Food_1	-1	0	0	0	0	1	-1	-1	-1	0	2	102					541	-1	0	1	1	0	-1	-1	-1	-1	-1	-1	-1	-1	-1	 	-1	0	1200	-1	-1	0	1	-1	0	0	0	100	-1	0	-1	15	360	12	0	0	0	128	128	128	128	128	128	128	128	128	128	128	128	128	128	128	128	空技能	1	0.1	50	10	1	0
1628	1628	-1	神来之笔	Food_1	-1	0	0	0	0	1	-1	-1	-1	0	2	103					540	-1	0	1	1	0	-1	-1	-1	-1	-1	-1	-1	-1	-1	 	-1	0	1200	-1	-1	0	1	-1	0	0	0	100	-1	0	-1	15	360	12	0	0	0	128	128	128	128	128	128	128	128	128	128	128	128	128	128	128	128	空技能	1	0.1	50	10	1	0
1629	1629	-1	弦外之音	Food_1	-1	0	0	0	0	1	-1	-1	-1	0	2	104					541	-1	0	1	1	0	-1	-1	-1	-1	-1	-1	-1	-1	-1	 	-1	5	1200	-1	-1	-1	1	-1	0	0	0	100	-1	0	-1	15	360	12	0	0	0	26012	26012	26012	26012	26012	26012	26012	26013	26014	26015	26016	26017	26017	26017	26017	26017	单	1	0.1	50	10	1	0
1630	1630	-1	绕梁三日	Food_1	-1	0	0	0	0	1	-1	-1	-1	0	2	105					540	-1	0	1	1	0	-1	-1	-1	-1	-1	-1	-1	-1	-1	 	-1	4	1200	-1	-1	-1	1	-1	0	0	0	100	-1	0	-1	17	360	12	0	0	0	26018	26018	26018	26018	26018	26018	26018	26019	26020	26021	26022	26023	26023	26023	26023	26023	群	1	0	0	0	1	0
1631	1631	-1	烛影摇红	Food_1	-1	0	0	0	0	1	-1	-1	-1	0	2	106					541	-1	0	1	1	0	-1	-1	-1	-1	-1	-1	-1	-1	-1	 	-1	0	1200	-1	-1	0	1	-1	0	0	0	100	-1	0	-1	15	360	12	0	0	0	128	128	128	128	128	128	128	128	128	128	128	128	128	128	128	128	空技能	1	0.1	50	10	1	0
1632	1632	-1	金色狂舞	WuhunSkill2_5	-1	0	0	0	0	1	-1	-1	-1	0	2	108					540	-1	0	1	0	0	-1	-1	-1	-1	-1	-1	-1	1	-1		-1	0	1200	-1	-1	1	0	-1	0	0	0	100	-1	0	-1	0	0	0	0	0	0	26024	26024	26024	26024	26024	26024	26024	26025	26026	26027	26028	26029	26029	26029	26029	26029	BOSS自身技能	1	0.1	50	10	1	0
1633	1633	-1	花落痕	Food_1	-1	0	0	0	0	1	-1	-1	-1	0	2	100					541	-1	0	1	1	0	-1	-1	-1	-1	-1	-1	-1	-1	-1	 	-1	5	1200	-1	-1	-1	1	-1	0	0	0	100	-1	0	-1	15	360	12	0	0	0	26030	26030	26030	26030	26030	26030	26030	26031	26032	26033	26034	26035	26035	26035	26035	26035	单	1	0.1	50	10	1	0
1634	1634	-1	飞雪依然	Food_1	-1	0	0	0	0	1	-1	-1	-1	0	2	101					540	-1	0	1	1	0	-1	-1	-1	-1	-1	-1	-1	-1	-1	 	-1	4	1200	-1	-1	-1	1	-1	0	0	0	100	-1	0	-1	17	360	12	0	0	0	26036	26036	26036	26036	26036	26036	26036	26037	26038	26039	26040	26041	26041	26041	26041	26041	群	1	0	0	0	1	0
1635	1635	-1	墨虎招来	Food_1	-1	0	0	0	0	1	-1	-1	-1	0	2	102					540	-1	0	1	1	0	-1	-1	-1	-1	-1	-1	-1	-1	-1	 	-1	0	1200	-1	-1	0	1	-1	0	0	0	100	-1	0	-1	15	360	12	0	0	0	128	128	128	128	128	128	128	128	128	128	128	128	128	128	128	128	空技能	1	0.1	50	10	1	0
1636	1636	-1	青鹰招来	Food_1	-1	0	0	0	0	1	-1	-1	-1	0	2	102					540	-1	0	1	1	0	-1	-1	-1	-1	-1	-1	-1	-1	-1	 	-1	0	1200	-1	-1	0	1	-1	0	0	0	100	-1	0	-1	15	360	12	0	0	0	128	128	128	128	128	128	128	128	128	128	128	128	128	128	128	128	空技能	1	0.1	50	10	1	0
1637	1637	-1	三峰流云	Food_1	-1	0	0	0	0	1	-1	-1	-1	0	2	102					540	-1	0	1	1	0	-1	-1	-1	-1	-1	-1	-1	-1	-1	 	-1	0	1200	-1	-1	0	1	-1	0	0	0	100	-1	0	-1	15	360	12	0	0	0	128	128	128	128	128	128	128	128	128	128	128	128	128	128	128	128	空技能	1	0.1	50	10	1	0
1638	1638	-1	黑白双陨	Food_1	-1	0	0	0	0	1	-1	-1	-1	0	2	104					541	-1	0	1	1	0	-1	-1	-1	-1	-1	-1	-1	-1	-1	 	-1	5	1200	-1	-1	-1	1	-1	0	0	0	100	-1	0	-1	15	360	12	0	0	0	26042	26042	26042	26042	26042	26042	26042	26043	26044	26045	26046	26047	26047	26047	26047	26047	单	1	0.1	50	10	1	0
1639	1639	-1	星罗棋布	Food_1	-1	0	0	0	0	1	-1	-1	-1	0	2	105					540	-1	0	1	1	0	-1	-1	-1	-1	-1	-1	-1	-1	-1	 	-1	4	1200	-1	-1	-1	1	-1	0	0	0	100	-1	0	-1	17	360	12	0	0	0	26048	26048	26048	26048	26048	26048	26048	26049	26050	26051	26052	26053	26053	26053	26053	26053	群	1	0	0	0	1	0
1640	1640	-1	谋定天下	Food_1	-1	0	0	0	0	1	-1	-1	-1	0	2	102					540	-1	0	1	1	0	-1	-1	-1	-1	-1	-1	-1	-1	-1	 	-1	0	1200	-1	-1	0	1	-1	0	0	0	100	-1	0	-1	15	360	12	0	0	0	128	128	128	128	128	128	128	128	128	128	128	128	128	128	128	128	空技能	1	0.1	50	10	1	0
1641	1641	-1	将军令	Food_1	-1	0	0	0	0	1	-1	-1	-1	0	2	102					540	-1	0	1	1	0	-1	-1	-1	-1	-1	-1	-1	-1	-1	 	-1	0	1200	-1	-1	0	1	-1	0	0	0	100	-1	0	-1	15	360	12	0	0	0	128	128	128	128	128	128	128	128	128	128	128	128	128	128	128	128	空技能	1	0.1	50	10	1	0
1642	1642	-1	弃車保帅	Food_1	-1	0	0	0	0	1	-1	-1	-1	0	2	102					540	-1	0	1	1	0	-1	-1	-1	-1	-1	-1	-1	-1	-1	 	-1	0	1200	-1	-1	0	1	-1	0	0	0	100	-1	0	-1	15	360	12	0	0	0	128	128	128	128	128	128	128	128	128	128	128	128	128	128	128	128	空技能	1	0.1	50	10	1	0
1643	1643	-1	十步一杀	Food_1	-1	0	0	0	0	1	-1	-1	-1	0	2	102					540	-1	0	1	1	0	-1	-1	-1	-1	-1	-1	-1	-1	-1	 	-1	0	1200	-1	-1	0	1	-1	0	0	0	100	-1	0	-1	15	360	12	0	0	0	128	128	128	128	128	128	128	128	128	128	128	128	128	128	128	128	空技能	1	0.1	50	10	1	0
1652	0	-1	融魂	FightSkillXinShou_11	-1	0	0	1	1	1	-1	-1	-1	0	0	92				143	894	-1	0	3	0	0	-1	-1	-1	-1	-1	-1	-1	-1	-1		-1	0	1200	-1	-1	0	-1	-1	0	0	0	-1	0	-1	0	0	0	0	0	1	0	8000	8000	8000	8000	8000	8000	8000	8000	8000	8000	8000	8000	8000	8000	8000	8000	融魂	0	0.3	50	10	1	0
2977	2977	-1	正在搜寻宝物	Food_1	-1	0	0	1	1	1	-1	-1	0	0	0	-1				913	913	-1	0	3	0	0	-1	-1	-1	-1	-1	-1	-1	0	-1		-1	0	1200	-1	-1	1	-1	-1	0	0	0	100	-1	0	-1	0	0	0	0	0	0	29553	29553	29553	29553	29553	29553	29553	29553	29553	29553	29553	29553	29553	29553	29553	29553	正在搜寻宝物	0	0.1	50	10	1	0
2978	2978	-1	制作元宵	Food_1	-1	0	0	1	1	1	-1	-1	0	0	2	197					1114	-1	0	3	0	1	-1	-1	-1	-1	-1	-1	-1	0	-1		-1	5	5200	0	15	1	-1	-1	0	0	0	100	-1	0	-1	0	0	0	0	0	0	29658	29658	29658	29658	29658	29658	29658	29658	29658	29658	29658	29658	29658	29658	29658	29658	制作元宵	0	0.1	50	10	1	0
3185	3185	-1	金	FightSkillvalentine_1	-1	0	0	0	0	1	-1	-1	-1	0	2	-1					1107	-1	0	0	0	0	-1	-1	-1	-1	-1	-1	-1	0	-1		-1	0	1700	-1	-1	1	0	-1	0	0	0	100	-1	0	-1	0	0	0	0	0	0	29855	29855	29855	29855	29855	29855	29855	29855	29855	29855	29855	29855	29855	29855	29855	29855	“金风玉露一相逢，便胜却人间无数”。#r与心爱之人一起，按照诗句顺序，依次使用燃放烟花技能进行祈愿。	0	0.1	50	10	1	0
3186	3186	-1	风	FightSkillvalentine_2	-1	0	0	0	0	1	-1	-1	-1	0	2	-1					1107	-1	0	0	0	0	-1	-1	-1	-1	-1	-1	-1	0	-1		-1	0	1700	-1	-1	1	0	-1	0	0	0	100	-1	0	-1	0	0	0	0	0	0	29856	29856	29856	29856	29856	29856	29856	29856	29856	29856	29856	29856	29856	29856	29856	29856	“金风玉露一相逢，便胜却人间无数”。#r与心爱之人一起，按照诗句顺序，依次使用燃放烟花技能进行祈愿。	0	0.1	50	10	1	0
3187	3187	-1	玉	FightSkillvalentine_3	-1	0	0	0	0	1	-1	-1	-1	0	2	-1					1107	-1	0	0	0	0	-1	-1	-1	-1	-1	-1	-1	0	-1		-1	0	1700	-1	-1	1	0	-1	0	0	0	100	-1	0	-1	0	0	0	0	0	0	29857	29857	29857	29857	29857	29857	29857	29857	29857	29857	29857	29857	29857	29857	29857	29857	“金风玉露一相逢，便胜却人间无数”。#r与心爱之人一起，按照诗句顺序，依次使用燃放烟花技能进行祈愿。	0	0.1	50	10	1	0
3188	3188	-1	露	FightSkillvalentine_4	-1	0	0	0	0	1	-1	-1	-1	0	2	-1					1107	-1	0	0	0	0	-1	-1	-1	-1	-1	-1	-1	0	-1		-1	0	1700	-1	-1	1	0	-1	0	0	0	100	-1	0	-1	0	0	0	0	0	0	29858	29858	29858	29858	29858	29858	29858	29858	29858	29858	29858	29858	29858	29858	29858	29858	“金风玉露一相逢，便胜却人间无数”。#r与心爱之人一起，按照诗句顺序，依次使用燃放烟花技能进行祈愿。	0	0.1	50	10	1	0
3189	3189	-1	一	FightSkillvalentine_5	-1	0	0	0	0	1	-1	-1	-1	0	2	-1					1107	-1	0	0	0	0	-1	-1	-1	-1	-1	-1	-1	0	-1		-1	0	1700	-1	-1	1	0	-1	0	0	0	100	-1	0	-1	0	0	0	0	0	0	29859	29859	29859	29859	29859	29859	29859	29859	29859	29859	29859	29859	29859	29859	29859	29859	“金风玉露一相逢，便胜却人间无数”。#r与心爱之人一起，按照诗句顺序，依次使用燃放烟花技能进行祈愿。	0	0.1	50	10	1	0
3190	3190	-1	相	FightSkillvalentine_6	-1	0	0	0	0	1	-1	-1	-1	0	2	-1					1107	-1	0	0	0	0	-1	-1	-1	-1	-1	-1	-1	0	-1		-1	0	1700	-1	-1	1	0	-1	0	0	0	100	-1	0	-1	0	0	0	0	0	0	29860	29860	29860	29860	29860	29860	29860	29860	29860	29860	29860	29860	29860	29860	29860	29860	“金风玉露一相逢，便胜却人间无数”。#r与心爱之人一起，按照诗句顺序，依次使用燃放烟花技能进行祈愿。	0	0.1	50	10	1	0
3191	3191	-1	逢	FightSkillvalentine_7	-1	0	0	0	0	1	-1	-1	-1	0	2	-1					1107	-1	0	0	0	0	-1	-1	-1	-1	-1	-1	-1	0	-1		-1	0	1700	-1	-1	1	0	-1	0	0	0	100	-1	0	-1	0	0	0	0	0	0	29861	29861	29861	29861	29861	29861	29861	29861	29861	29861	29861	29861	29861	29861	29861	29861	“金风玉露一相逢，便胜却人间无数”。#r与心爱之人一起，按照诗句顺序，依次使用燃放烟花技能进行祈愿。	0	0.1	50	10	1	0
3192	3192	-1	便	FightSkillvalentine_8	-1	0	0	0	0	1	-1	-1	-1	0	2	-1					1107	-1	0	0	0	0	-1	-1	-1	-1	-1	-1	-1	0	-1		-1	0	1700	-1	-1	1	0	-1	0	0	0	100	-1	0	-1	0	0	0	0	0	0	29862	29862	29862	29862	29862	29862	29862	29862	29862	29862	29862	29862	29862	29862	29862	29862	“金风玉露一相逢，便胜却人间无数”。#r与心爱之人一起，按照诗句顺序，依次使用燃放烟花技能进行祈愿。	0	0.1	50	10	1	0
3193	3193	-1	胜	FightSkillvalentine_9	-1	0	0	0	0	1	-1	-1	-1	0	2	-1					1107	-1	0	0	0	0	-1	-1	-1	-1	-1	-1	-1	0	-1		-1	0	1700	-1	-1	1	0	-1	0	0	0	100	-1	0	-1	0	0	0	0	0	0	29863	29863	29863	29863	29863	29863	29863	29863	29863	29863	29863	29863	29863	29863	29863	29863	“金风玉露一相逢，便胜却人间无数”。#r与心爱之人一起，按照诗句顺序，依次使用燃放烟花技能进行祈愿。	0	0.1	50	10	1	0
3194	3194	-1	却	FightSkillvalentine_10	-1	0	0	0	0	1	-1	-1	-1	0	2	-1					1107	-1	0	0	0	0	-1	-1	-1	-1	-1	-1	-1	0	-1		-1	0	1700	-1	-1	1	0	-1	0	0	0	100	-1	0	-1	0	0	0	0	0	0	29864	29864	29864	29864	29864	29864	29864	29864	29864	29864	29864	29864	29864	29864	29864	29864	“金风玉露一相逢，便胜却人间无数”。#r与心爱之人一起，按照诗句顺序，依次使用燃放烟花技能进行祈愿。	0	0.1	50	10	1	0
3195	3195	-1	人	FightSkillvalentine_11	-1	0	0	0	0	1	-1	-1	-1	0	2	-1					1107	-1	0	0	0	0	-1	-1	-1	-1	-1	-1	-1	0	-1		-1	0	1700	-1	-1	1	0	-1	0	0	0	100	-1	0	-1	0	0	0	0	0	0	29865	29865	29865	29865	29865	29865	29865	29865	29865	29865	29865	29865	29865	29865	29865	29865	“金风玉露一相逢，便胜却人间无数”。#r与心爱之人一起，按照诗句顺序，依次使用燃放烟花技能进行祈愿。	0	0.1	50	10	1	0
3196	3196	-1	间	FightSkillvalentine_12	-1	0	0	0	0	1	-1	-1	-1	0	2	-1					1107	-1	0	0	0	0	-1	-1	-1	-1	-1	-1	-1	0	-1		-1	0	1700	-1	-1	1	0	-1	0	0	0	100	-1	0	-1	0	0	0	0	0	0	29866	29866	29866	29866	29866	29866	29866	29866	29866	29866	29866	29866	29866	29866	29866	29866	“金风玉露一相逢，便胜却人间无数”。#r与心爱之人一起，按照诗句顺序，依次使用燃放烟花技能进行祈愿。	0	0.1	50	10	1	0
3197	3197	-1	无	FightSkillvalentine_13	-1	0	0	0	0	1	-1	-1	-1	0	2	-1					-1	-1	0	0	0	0	-1	-1	-1	-1	-1	-1	-1	0	-1		-1	0	0	-1	-1	1	0	-1	0	0	0	100	-1	0	-1	0	0	0	0	0	0	29867	29867	29867	29867	29867	29867	29867	29867	29867	29867	29867	29867	29867	29867	29867	29867	“金风玉露一相逢，便胜却人间无数”。#r与心爱之人一起，按照诗句顺序，依次使用燃放烟花技能进行祈愿。	0	0.1	50	10	1	0
3198	3198	-1	数	FightSkillvalentine_14	-1	0	0	0	0	1	-1	-1	-1	0	2	-1					-1	-1	0	0	0	0	-1	-1	-1	-1	-1	-1	-1	0	-1		-1	0	0	-1	-1	1	0	-1	0	0	0	100	-1	0	-1	0	0	0	0	0	0	29868	29868	29868	29868	29868	29868	29868	29868	29868	29868	29868	29868	29868	29868	29868	29868	“金风玉露一相逢，便胜却人间无数”。#r与心爱之人一起，按照诗句顺序，依次使用燃放烟花技能进行祈愿。	0	0.1	50	10	1	0
3199	3199	-1	身	FightSkillvalentine_15	-1	0	0	0	0	1	-1	-1	-1	0	2	-1					1107	-1	0	0	0	0	-1	-1	-1	-1	-1	-1	-1	0	-1		-1	0	1700	-1	-1	1	0	-1	0	0	0	100	-1	0	-1	0	0	0	0	0	0	29869	29869	29869	29869	29869	29869	29869	29869	29869	29869	29869	29869	29869	29869	29869	29869	“身无彩凤双飞翼，心有灵犀一点通”。#r与心爱之人一起，按照诗句顺序，依次使用燃放烟花技能进行祈愿。	0	0.1	50	10	1	0
3200	3200	-1	无	FightSkillvalentine_16	-1	0	0	0	0	1	-1	-1	-1	0	2	-1					1107	-1	0	0	0	0	-1	-1	-1	-1	-1	-1	-1	0	-1		-1	0	1700	-1	-1	1	0	-1	0	0	0	100	-1	0	-1	0	0	0	0	0	0	29870	29870	29870	29870	29870	29870	29870	29870	29870	29870	29870	29870	29870	29870	29870	29870	“身无彩凤双飞翼，心有灵犀一点通”。#r与心爱之人一起，按照诗句顺序，依次使用燃放烟花技能进行祈愿。	0	0.1	50	10	1	0
3201	3201	-1	彩	FightSkillvalentine1_1	-1	0	0	0	0	1	-1	-1	-1	0	2	-1					1107	-1	0	0	0	0	-1	-1	-1	-1	-1	-1	-1	0	-1		-1	0	1700	-1	-1	1	0	-1	0	0	0	100	-1	0	-1	0	0	0	0	0	0	29871	29871	29871	29871	29871	29871	29871	29871	29871	29871	29871	29871	29871	29871	29871	29871	“身无彩凤双飞翼，心有灵犀一点通”。#r与心爱之人一起，按照诗句顺序，依次使用燃放烟花技能进行祈愿。	0	0.1	50	10	1	0
3202	3202	-1	凤	FightSkillvalentine1_2	-1	0	0	0	0	1	-1	-1	-1	0	2	-1					1107	-1	0	0	0	0	-1	-1	-1	-1	-1	-1	-1	0	-1		-1	0	1700	-1	-1	1	0	-1	0	0	0	100	-1	0	-1	0	0	0	0	0	0	29872	29872	29872	29872	29872	29872	29872	29872	29872	29872	29872	29872	29872	29872	29872	29872	“身无彩凤双飞翼，心有灵犀一点通”。#r与心爱之人一起，按照诗句顺序，依次使用燃放烟花技能进行祈愿。	0	0.1	50	10	1	0
3203	3203	-1	双	FightSkillvalentine1_3	-1	0	0	0	0	1	-1	-1	-1	0	2	-1					1107	-1	0	0	0	0	-1	-1	-1	-1	-1	-1	-1	0	-1		-1	0	1700	-1	-1	1	0	-1	0	0	0	100	-1	0	-1	0	0	0	0	0	0	29873	29873	29873	29873	29873	29873	29873	29873	29873	29873	29873	29873	29873	29873	29873	29873	“身无彩凤双飞翼，心有灵犀一点通”。#r与心爱之人一起，按照诗句顺序，依次使用燃放烟花技能进行祈愿。	0	0.1	50	10	1	0
3204	3204	-1	飞	FightSkillvalentine1_4	-1	0	0	0	0	1	-1	-1	-1	0	2	-1					1107	-1	0	0	0	0	-1	-1	-1	-1	-1	-1	-1	0	-1		-1	0	1700	-1	-1	1	0	-1	0	0	0	100	-1	0	-1	0	0	0	0	0	0	29874	29874	29874	29874	29874	29874	29874	29874	29874	29874	29874	29874	29874	29874	29874	29874	“身无彩凤双飞翼，心有灵犀一点通”。#r与心爱之人一起，按照诗句顺序，依次使用燃放烟花技能进行祈愿。	0	0.1	50	10	1	0
3205	3205	-1	翼	FightSkillvalentine1_5	-1	0	0	0	0	1	-1	-1	-1	0	2	-1					1107	-1	0	0	0	0	-1	-1	-1	-1	-1	-1	-1	0	-1		-1	0	1700	-1	-1	1	0	-1	0	0	0	100	-1	0	-1	0	0	0	0	0	0	29875	29875	29875	29875	29875	29875	29875	29875	29875	29875	29875	29875	29875	29875	29875	29875	“身无彩凤双飞翼，心有灵犀一点通”。#r与心爱之人一起，按照诗句顺序，依次使用燃放烟花技能进行祈愿。	0	0.1	50	10	1	0
3206	3206	-1	心	FightSkillvalentine1_6	-1	0	0	0	0	1	-1	-1	-1	0	2	-1					1107	-1	0	0	0	0	-1	-1	-1	-1	-1	-1	-1	0	-1		-1	0	1700	-1	-1	1	0	-1	0	0	0	100	-1	0	-1	0	0	0	0	0	0	29876	29876	29876	29876	29876	29876	29876	29876	29876	29876	29876	29876	29876	29876	29876	29876	“身无彩凤双飞翼，心有灵犀一点通”。#r与心爱之人一起，按照诗句顺序，依次使用燃放烟花技能进行祈愿。	0	0.1	50	10	1	0
3207	3207	-1	有	FightSkillvalentine1_7	-1	0	0	0	0	1	-1	-1	-1	0	2	-1					1107	-1	0	0	0	0	-1	-1	-1	-1	-1	-1	-1	0	-1		-1	0	1700	-1	-1	1	0	-1	0	0	0	100	-1	0	-1	0	0	0	0	0	0	29877	29877	29877	29877	29877	29877	29877	29877	29877	29877	29877	29877	29877	29877	29877	29877	“身无彩凤双飞翼，心有灵犀一点通”。#r与心爱之人一起，按照诗句顺序，依次使用燃放烟花技能进行祈愿。	0	0.1	50	10	1	0
3208	3208	-1	灵	FightSkillvalentine1_8	-1	0	0	0	0	1	-1	-1	-1	0	2	-1					1107	-1	0	0	0	0	-1	-1	-1	-1	-1	-1	-1	0	-1		-1	0	1700	-1	-1	1	0	-1	0	0	0	100	-1	0	-1	0	0	0	0	0	0	29878	29878	29878	29878	29878	29878	29878	29878	29878	29878	29878	29878	29878	29878	29878	29878	“身无彩凤双飞翼，心有灵犀一点通”。#r与心爱之人一起，按照诗句顺序，依次使用燃放烟花技能进行祈愿。	0	0.1	50	10	1	0
3209	3209	-1	犀	FightSkillvalentine1_9	-1	0	0	0	0	1	-1	-1	-1	0	2	-1					1107	-1	0	0	0	0	-1	-1	-1	-1	-1	-1	-1	0	-1		-1	0	1700	-1	-1	1	0	-1	0	0	0	100	-1	0	-1	0	0	0	0	0	0	29879	29879	29879	29879	29879	29879	29879	29879	29879	29879	29879	29879	29879	29879	29879	29879	“身无彩凤双飞翼，心有灵犀一点通”。#r与心爱之人一起，按照诗句顺序，依次使用燃放烟花技能进行祈愿。	0	0.1	50	10	1	0
3210	3210	-1	一	FightSkillvalentine1_10	-1	0	0	0	0	1	-1	-1	-1	0	2	-1					1107	-1	0	0	0	0	-1	-1	-1	-1	-1	-1	-1	0	-1		-1	0	1700	-1	-1	1	0	-1	0	0	0	100	-1	0	-1	0	0	0	0	0	0	29880	29880	29880	29880	29880	29880	29880	29880	29880	29880	29880	29880	29880	29880	29880	29880	“身无彩凤双飞翼，心有灵犀一点通”。#r与心爱之人一起，按照诗句顺序，依次使用燃放烟花技能进行祈愿。	0	0.1	50	10	1	0
3211	3211	-1	点	FightSkillvalentine1_11	-1	0	0	0	0	1	-1	-1	-1	0	2	-1					-1	-1	0	0	0	0	-1	-1	-1	-1	-1	-1	-1	0	-1		-1	0	0	-1	-1	1	0	-1	0	0	0	100	-1	0	-1	0	0	0	0	0	0	29881	29881	29881	29881	29881	29881	29881	29881	29881	29881	29881	29881	29881	29881	29881	29881	“身无彩凤双飞翼，心有灵犀一点通”。#r与心爱之人一起，按照诗句顺序，依次使用燃放烟花技能进行祈愿。	0	0.1	50	10	1	0
3212	3212	-1	通	FightSkillvalentine1_12	-1	0	0	0	0	1	-1	-1	-1	0	2	-1					-1	-1	0	0	0	0	-1	-1	-1	-1	-1	-1	-1	0	-1		-1	0	0	-1	-1	1	0	-1	0	0	0	100	-1	0	-1	0	0	0	0	0	0	29882	29882	29882	29882	29882	29882	29882	29882	29882	29882	29882	29882	29882	29882	29882	29882	“身无彩凤双飞翼，心有灵犀一点通”。#r与心爱之人一起，按照诗句顺序，依次使用燃放烟花技能进行祈愿。	0	0.1	50	10	1	0
3213	3213	-1	曾	FightSkillvalentine1_13	-1	0	0	0	0	1	-1	-1	-1	0	2	-1					1107	-1	0	0	0	0	-1	-1	-1	-1	-1	-1	-1	0	-1		-1	0	1700	-1	-1	1	0	-1	0	0	0	100	-1	0	-1	0	0	0	0	0	0	29883	29883	29883	29883	29883	29883	29883	29883	29883	29883	29883	29883	29883	29883	29883	29883	“曾经沧海难为水，除却巫山不是云”。#r与心爱之人一起，按照诗句顺序，依次使用燃放烟花技能进行祈愿。	0	0.1	50	10	1	0
3214	3214	-1	经	FightSkillvalentine1_14	-1	0	0	0	0	1	-1	-1	-1	0	2	-1					1107	-1	0	0	0	0	-1	-1	-1	-1	-1	-1	-1	0	-1		-1	0	1700	-1	-1	1	0	-1	0	0	0	100	-1	0	-1	0	0	0	0	0	0	29884	29884	29884	29884	29884	29884	29884	29884	29884	29884	29884	29884	29884	29884	29884	29884	“曾经沧海难为水，除却巫山不是云”。#r与心爱之人一起，按照诗句顺序，依次使用燃放烟花技能进行祈愿。	0	0.1	50	10	1	0
3215	3215	-1	沧	FightSkillvalentine1_15	-1	0	0	0	0	1	-1	-1	-1	0	2	-1					1107	-1	0	0	0	0	-1	-1	-1	-1	-1	-1	-1	0	-1		-1	0	1700	-1	-1	1	0	-1	0	0	0	100	-1	0	-1	0	0	0	0	0	0	29885	29885	29885	29885	29885	29885	29885	29885	29885	29885	29885	29885	29885	29885	29885	29885	“曾经沧海难为水，除却巫山不是云”。#r与心爱之人一起，按照诗句顺序，依次使用燃放烟花技能进行祈愿。	0	0.1	50	10	1	0
3216	3216	-1	海	FightSkillvalentine1_16	-1	0	0	0	0	1	-1	-1	-1	0	2	-1					1107	-1	0	0	0	0	-1	-1	-1	-1	-1	-1	-1	0	-1		-1	0	1700	-1	-1	1	0	-1	0	0	0	100	-1	0	-1	0	0	0	0	0	0	29886	29886	29886	29886	29886	29886	29886	29886	29886	29886	29886	29886	29886	29886	29886	29886	“曾经沧海难为水，除却巫山不是云”。#r与心爱之人一起，按照诗句顺序，依次使用燃放烟花技能进行祈愿。	0	0.1	50	10	1	0
3217	3217	-1	难	FightSkillvalentine2_1	-1	0	0	0	0	1	-1	-1	-1	0	2	-1					1107	-1	0	0	0	0	-1	-1	-1	-1	-1	-1	-1	0	-1		-1	0	1700	-1	-1	1	0	-1	0	0	0	100	-1	0	-1	0	0	0	0	0	0	29887	29887	29887	29887	29887	29887	29887	29887	29887	29887	29887	29887	29887	29887	29887	29887	“曾经沧海难为水，除却巫山不是云”。#r与心爱之人一起，按照诗句顺序，依次使用燃放烟花技能进行祈愿。	0	0.1	50	10	1	0
3218	3218	-1	为	FightSkillvalentine2_2	-1	0	0	0	0	1	-1	-1	-1	0	2	-1					1107	-1	0	0	0	0	-1	-1	-1	-1	-1	-1	-1	0	-1		-1	0	1700	-1	-1	1	0	-1	0	0	0	100	-1	0	-1	0	0	0	0	0	0	29888	29888	29888	29888	29888	29888	29888	29888	29888	29888	29888	29888	29888	29888	29888	29888	“曾经沧海难为水，除却巫山不是云”。#r与心爱之人一起，按照诗句顺序，依次使用燃放烟花技能进行祈愿。	0	0.1	50	10	1	0
3219	3219	-1	水	FightSkillvalentine2_3	-1	0	0	0	0	1	-1	-1	-1	0	2	-1					1107	-1	0	0	0	0	-1	-1	-1	-1	-1	-1	-1	0	-1		-1	0	1700	-1	-1	1	0	-1	0	0	0	100	-1	0	-1	0	0	0	0	0	0	29889	29889	29889	29889	29889	29889	29889	29889	29889	29889	29889	29889	29889	29889	29889	29889	“曾经沧海难为水，除却巫山不是云”。#r与心爱之人一起，按照诗句顺序，依次使用燃放烟花技能进行祈愿。	0	0.1	50	10	1	0
3220	3220	-1	除	FightSkillvalentine2_4	-1	0	0	0	0	1	-1	-1	-1	0	2	-1					1107	-1	0	0	0	0	-1	-1	-1	-1	-1	-1	-1	0	-1		-1	0	1700	-1	-1	1	0	-1	0	0	0	100	-1	0	-1	0	0	0	0	0	0	29890	29890	29890	29890	29890	29890	29890	29890	29890	29890	29890	29890	29890	29890	29890	29890	“曾经沧海难为水，除却巫山不是云”。#r与心爱之人一起，按照诗句顺序，依次使用燃放烟花技能进行祈愿。	0	0.1	50	10	1	0
3221	3221	-1	却	FightSkillvalentine2_5	-1	0	0	0	0	1	-1	-1	-1	0	2	-1					1107	-1	0	0	0	0	-1	-1	-1	-1	-1	-1	-1	0	-1		-1	0	1700	-1	-1	1	0	-1	0	0	0	100	-1	0	-1	0	0	0	0	0	0	29891	29891	29891	29891	29891	29891	29891	29891	29891	29891	29891	29891	29891	29891	29891	29891	“曾经沧海难为水，除却巫山不是云”。#r与心爱之人一起，按照诗句顺序，依次使用燃放烟花技能进行祈愿。	0	0.1	50	10	1	0
3222	3222	-1	巫	FightSkillvalentine2_6	-1	0	0	0	0	1	-1	-1	-1	0	2	-1					1107	-1	0	0	0	0	-1	-1	-1	-1	-1	-1	-1	0	-1		-1	0	1700	-1	-1	1	0	-1	0	0	0	100	-1	0	-1	0	0	0	0	0	0	29892	29892	29892	29892	29892	29892	29892	29892	29892	29892	29892	29892	29892	29892	29892	29892	“曾经沧海难为水，除却巫山不是云”。#r与心爱之人一起，按照诗句顺序，依次使用燃放烟花技能进行祈愿。	0	0.1	50	10	1	0
3223	3223	-1	山	FightSkillvalentine2_7	-1	0	0	0	0	1	-1	-1	-1	0	2	-1					1107	-1	0	0	0	0	-1	-1	-1	-1	-1	-1	-1	0	-1		-1	0	1700	-1	-1	1	0	-1	0	0	0	100	-1	0	-1	0	0	0	0	0	0	29893	29893	29893	29893	29893	29893	29893	29893	29893	29893	29893	29893	29893	29893	29893	29893	“曾经沧海难为水，除却巫山不是云”。#r与心爱之人一起，按照诗句顺序，依次使用燃放烟花技能进行祈愿。	0	0.1	50	10	1	0
3224	3224	-1	不	FightSkillvalentine2_8	-1	0	0	0	0	1	-1	-1	-1	0	2	-1					1107	-1	0	0	0	0	-1	-1	-1	-1	-1	-1	-1	0	-1		-1	0	1700	-1	-1	1	0	-1	0	0	0	100	-1	0	-1	0	0	0	0	0	0	29894	29894	29894	29894	29894	29894	29894	29894	29894	29894	29894	29894	29894	29894	29894	29894	“曾经沧海难为水，除却巫山不是云”。#r与心爱之人一起，按照诗句顺序，依次使用燃放烟花技能进行祈愿。	0	0.1	50	10	1	0
3225	3225	-1	是	FightSkillvalentine2_9	-1	0	0	0	0	1	-1	-1	-1	0	2	-1					-1	-1	0	0	0	0	-1	-1	-1	-1	-1	-1	-1	0	-1		-1	0	0	-1	-1	1	0	-1	0	0	0	100	-1	0	-1	0	0	0	0	0	0	29895	29895	29895	29895	29895	29895	29895	29895	29895	29895	29895	29895	29895	29895	29895	29895	“曾经沧海难为水，除却巫山不是云”。#r与心爱之人一起，按照诗句顺序，依次使用燃放烟花技能进行祈愿。	0	0.1	50	10	1	0
3226	3226	-1	云	FightSkillvalentine2_10	-1	0	0	0	0	1	-1	-1	-1	0	2	-1					-1	-1	0	0	0	0	-1	-1	-1	-1	-1	-1	-1	0	-1		-1	0	0	-1	-1	1	0	-1	0	0	0	100	-1	0	-1	0	0	0	0	0	0	29896	29896	29896	29896	29896	29896	29896	29896	29896	29896	29896	29896	29896	29896	29896	29896	“曾经沧海难为水，除却巫山不是云”。#r与心爱之人一起，按照诗句顺序，依次使用燃放烟花技能进行祈愿。	0	0.1	50	10	1	0
3227	3227	-1	冲锋	Test_1	-1	0	0	1	1	1	-1	-1	1	0	0	102				166		-1	0	1	0	0	-1	-1	-1	-1	-1	-1	-1	-1	-1		-1	4	1200	0	30	-1	1	0	0	0	0	100	-1	0	-1	0	0	0	2	0	0	29897	29897	29897	29897	29897	29897	29897	29897	29897	29897	29897	29897	29897	29897	29897	29897	冲锋	1	0.1	0	0	1	0
3228	3228	-1	聚力锁链	Test_1	-1	0	0	1	1	1	-1	-1	1	0	2	102						-1	0	1	0	1	-1	-1	-1	-1	-1	-1	-1	-1	-1		-1	5	1200	0	30	-1	1	-1	0	0	0	100	-1	0	-1	0	0	0	0	0	0	29898	29898	29898	29898	29898	29898	29898	29898	29898	29898	29898	29898	29898	29898	29898	29898	聚力锁链	1	0.1	0	0	1	0
3229	3229	-1	玄臂裂地	Test_1	-1	0	0	1	1	1	-1	-1	1	0	0	102				165	168	-1	0	1	0	0	-1	-1	-1	-1	-1	-1	-1	-1	-1		-1	4	1200	0	30	-1	1	0	0	0	0	100	-1	0	-1	0	0	0	2	0	0	29899	29899	29899	29899	29899	29899	29899	29899	29899	29899	29899	29899	29899	29899	29899	29899	玄臂裂地	1	0.1	0	0	1	0
3230	3230	-1	毒瘴分身	Test_1	-1	0	0	1	1	1	-1	-1	1	0	2	102					165	-1	0	1	0	0	-1	-1	-1	-1	-1	-1	-1	-1	-1		-1	5	1200	0	2	-1	1	0	0	0	0	100	-1	0	-1	0	0	0	2	0	0	29900	29900	29900	29900	29900	29900	29900	29900	29900	29900	29900	29900	29900	29900	29900	29900	毒瘴分身	1	0.1	0	0	1	0
3231	3231	-1	鬼影梦魇	Test_1	-1	0	0	1	1	1	-1	-1	1	0	2	102					166	-1	0	1	0	0	-1	-1	-1	-1	-1	-1	-1	-1	-1		-1	5	1200	0	30	-1	1	0	0	0	0	100	-1	0	-1	0	0	0	2	0	0	29901	29901	29901	29901	29901	29901	29901	29901	29901	29901	29901	29901	29901	29901	29901	29901	鬼影梦魇	1	0.1	0	0	1	0
3232	3232	-1	毒煞阵	Test_1	-1	0	0	1	1	1	-1	-1	1	0	0	102				167	168	-1	0	1	0	0	-1	-1	-1	-1	-1	-1	-1	-1	-1		-1	4	1200	0	30	-1	1	0	0	0	0	100	-1	0	-1	0	0	0	2	0	0	29902	29902	29902	29902	29902	29902	29902	29902	29902	29902	29902	29902	29902	29902	29902	29902	毒煞阵	1	0.1	0	0	1	0
3233	3233	-1	契丹力士1	Test_1	-1	0	0	1	1	1	-1	-1	1	2	2	102					166	-1	0	1	0	0	-1	-1	-1	-1	-1	-1	-1	-1	-1		-1	4	1200	0	30	-1	1	0	0	0	0	100	-1	0	-1	0	0	0	2	0	0	29903	29903	29903	29903	29903	29903	29903	29903	29903	29903	29903	29903	29903	29903	29903	29903	契丹力士1	0	0.1	0	0	1	0
3234	3234	-1	契丹力士2	Test_1	-1	0	0	1	1	1	-1	-1	1	2	2	102					167	-1	0	1	0	0	-1	-1	-1	-1	-1	-1	-1	-1	-1		-1	4	1200	0	30	-1	1	0	0	0	0	100	-1	0	-1	0	0	0	2	0	0	29904	29904	29904	29904	29904	29904	29904	29904	29904	29904	29904	29904	29904	29904	29904	29904	契丹力士2	0	0.1	0	0	1	0
3235	3235	-1	白狼魂	Test_1	-1	0	0	1	1	1	-1	-1	1	0	0	102				165		-1	0	1	0	0	-1	-1	-1	-1	-1	-1	-1	-1	-1		-1	4	1200	0	10	-1	1	0	0	0	0	100	-1	0	-1	0	0	0	2	0	0	29905	29905	29905	29905	29905	29905	29905	29905	29905	29905	29905	29905	29905	29905	29905	29905	白狼魂	1	0.1	0	0	1	0
3236	3236	-1	苍原棘刺	Test_1	-1	0	0	1	1	1	-1	-1	1	0	2	102				168		-1	0	1	0	0	-1	-1	-1	-1	-1	-1	-1	-1	-1		-1	5	1200	0	20	-1	1	0	0	0	0	100	-1	0	-1	0	0	0	2	0	0	29906	29906	29906	29906	29906	29906	29906	29906	29906	29906	29906	29906	29906	29906	29906	29906	苍原棘刺	1	0.1	0	0	1	0
3237	3237	-1	鹰翔霆击	Test_1	-1	0	0	1	1	1	-1	-1	1	0	0	102				167	166	-1	0	1	0	0	-1	-1	-1	-1	-1	-1	-1	-1	-1		-1	4	1200	0	30	-1	1	0	0	0	0	100	-1	0	-1	0	0	0	2	0	0	29907	29907	29907	29907	29907	29907	29907	29907	29907	29907	29907	29907	29907	29907	29907	29907	鹰翔霆击	1	0.1	0	0	1	0
3238	3238	-1	填入	PetSkill3_7	-1	0	0	1	0	1	-1	-1	-1	0	0	92				143	152	-1	0	3	0	0	-1	-1	-1	-1	-1	-1	-1	1	-1		-1	0	1200	-1	-1	0	-1	-1	0	0	0	100	-1	0	-1	0	0	0	0	1	0	29908	29908	29908	29908	29908	29908	29908	29908	29908	29908	29908	29908	29908	29908	29908	29908	填入	0	1	100	10	1	0
3239	3239	-1	死尸	Food_1	-1	0	0	1	1	1	-1	-1	1	0	0	102				1	26	-1	0	1	0	0	-1	-1	-1	-1	-1	-1	-1	-1	-1	 	-1	4	1600	0	3	-1	1	0	0	0	0	100	-1	0	-1	0	0	0	2	0	0	29909	29909	29909	29909	29909	29909	29909	29909	29909	29909	29909	29909	29909	29909	29909	29909	死尸	0	0.1	50	10	1	0
3240	3240	-1	以气化刃	Test_1	-1	0	0	1	1	1	-1	-1	1	0	0	102				165		-1	0	1	0	0	-1	-1	-1	-1	-1	-1	-1	-1	-1		-1	4	1200	0	30	-1	1	0	0	0	0	100	-1	0	-1	0	0	0	2	0	0	29910	29910	29910	29910	29910	29910	29910	29910	29910	29910	29910	29910	29910	29910	29910	29910	以气化刃	1	0.1	0	0	1	0
3241	3241	-1	千刃刀阵	Test_1	-1	0	0	1	1	1	-1	-1	1	0	2	102				166		-1	0	1	0	0	-1	-1	-1	-1	-1	-1	-1	-1	-1		-1	4	1200	0	30	-1	1	0	0	0	0	100	-1	0	-1	0	0	0	2	0	0	29911	29911	29911	29911	29911	29911	29911	29911	29911	29911	29911	29911	29911	29911	29911	29911	千刃刀阵	1	0.1	0	0	1	0
3242	3242	-1	万刃纵横	Test_1	-1	0	0	1	1	1	-1	-1	1	0	0	102				167		-1	0	1	0	0	-1	-1	-1	-1	-1	-1	-1	-1	-1		-1	4	1200	0	30	-1	1	0	0	0	0	100	-1	0	-1	0	0	0	2	0	0	29912	29912	29912	29912	29912	29912	29912	29912	29912	29912	29912	29912	29912	29912	29912	29912	万刃纵横	1	0.1	0	0	1	0
3243	3243	-1	打开牢笼	PetSkill3_7	-1	0	0	1	0	1	-1	-1	-1	0	0	-1				143	1127	-1	0	3	0	1	-1	-1	-1	-1	-1	-1	-1	-1	-1		-1	5	1200	4	4	0	-1	-1	0	0	0	100	-1	0	-1	0	0	0	0	0	0	29913	29913	29913	29913	29913	29913	29913	29913	29913	29913	29913	29913	29913	29913	29913	29913	打开牢笼	0	0.1	33	10	1	0
3244	3244	-1	致命打击	Test_1	-1	0	0	0	0	0	-1	-1	0	0	0	102				166	165	-1	0	1	0	0	-1	-1	-1	-1	-1	-1	-1	-1	-1		-1	4	1200	0	5	-1	1	0	0	0	0	100	-1	0	-1	0	0	0	0	0	0	29914	29914	29914	29914	29914	29914	29914	29914	29914	29914	29914	29914	29914	29914	29914	29914	致命打击	1	0.1	0	0	1	0
3245	3245	-1	乔装	PetSkill3_7	-1	0	0	0	0	0	-1	-1	0	0	0	-1				1127	1127	-1	0	0	0	0	-1	-1	-1	-1	-1	-1	-1	0	-1		-1	5	1200	0	3	0	-1	-1	0	0	0	100	-1	0	-1	0	0	0	0	0	0	29915	29915	29915	29915	29915	29915	29915	29915	29915	29915	29915	29915	29915	29915	29915	29915	乔装	0	0.1	33	0	1	0
3246	3246	-1	聚力锁链	Test_1	-1	0	0	1	1	1	-1	-1	1	0	0	102				171	170	-1	0	1	0	1	-1	-1	-1	-1	-1	-1	-1	-1	-1		-1	5	1200	0	30	-1	1	-1	0	0	0	100	-1	0	-1	0	0	0	2	0	0	29916	29916	29916	29916	29916	29916	29916	29916	29916	29916	29916	29916	29916	29916	29916	29916	聚力锁链	1	0.1	0	0	1	0
3247	3247	-1	宋辽箭塔空攻击	Food_1	-1	0	0	0	0	1	-1	0	-1	0	2	1					461	-1	0	1	0	0	-1	-1	-1	-1	-1	-1	-1	-1	162	身体受击点	-1	4	1200	-1	-1	-1	1	-1	0	0	0	100	-1	0	-1	20	360	-1	-1	0	600	29917	29917	29917	29917	29917	29917	29917	29917	29917	29917	29917	29917	29917	29917	29917	29917	宋辽箭塔空攻击	0	0	0	0	1	0
3248	3248	-1	致命打击	Test_1	-1	0	0	0	0	0	-1	-1	0	0	0	102				166	165	-1	0	1	0	0	-1	-1	-1	-1	-1	-1	-1	-1	-1		-1	4	1200	0	5	-1	1	0	0	0	0	100	-1	0	-1	0	0	0	0	0	0	29918	29918	29918	29918	29918	29918	29918	29918	29918	29918	29918	29918	29918	29918	29918	29918	致命打击	1	0.1	0	0	1	0
3249	3249	-1	舍命一击	FightSkillDaLi_1	-1	0	0	0	0	1	-1	-1	1	0	2	102					165	-1	0	1	0	0	-1	-1	-1	-1	-1	-1	-1	-1	-1	身体受击点	-1	5	1200	0	15	-1	1	0	0	0	0	100	-1	0	-1	0	0	0	0	0	0	29919	29919	29919	29919	29919	29919	29919	29919	29919	29919	29919	29919	29919	29919	29919	29919	舍命一击	1	0	0	0	1	0
3250	3250	-1	所向披靡	Test_1	-1	0	0	0	0	1	-1	-1	1	0	0	102				166	167	-1	0	1	0	0	-1	-1	-1	-1	-1	-1	-1	-1	-1		-1	4	1200	0	15	-1	1	0	0	0	0	100	-1	0	-1	0	0	0	0	0	0	29920	29920	29920	29920	29920	29920	29920	29920	29920	29920	29920	29920	29920	29920	29920	29920	所向披靡	1	0	0	0	1	0
3251	3251	-1	霸业千秋	FightSkillTianShan_2	-1	0	0	0	0	1	-1	0	-1	0	2	102					165	-1	0	1	0	0	-1	-1	-1	-1	-1	-1	1	1	-1		-1	4	1600	-1	-1	-1	1	0	0	0	0	100	-1	0	-1	5	360	60	0	0	0	29923	29923	29923	29923	29923	29923	29923	29923	29923	29923	29923	29923	29923	29923	29923	29923	霸业千秋	1	0	0	0	1	0
3252	3252	-1	天子之怒	Test_1	-1	0	0	1	1	1	-1	-1	1	0	0	102				166	167	-1	0	1	0	0	-1	-1	-1	-1	-1	-1	-1	-1	-1		-1	4	1200	0	15	-1	1	0	0	0	0	100	-1	0	-1	0	0	0	0	0	0	29924	29924	29924	29924	29924	29924	29924	29924	29924	29924	29924	29924	29924	29924	29924	29924	天子之怒	1	0	0	0	1	0
3253	3253	-1	火焰围剿	Test_1	-1	0	0	1	1	1	-1	-1	1	0	0	102				168	169	-1	0	1	0	0	-1	-1	-1	-1	-1	-1	-1	-1	-1		-1	4	1200	0	15	-1	1	0	0	0	0	100	-1	0	-1	0	0	0	0	0	0	29925	29925	29925	29925	29925	29925	29925	29925	29925	29925	29925	29925	29925	29925	29925	29925	火焰围剿	1	0	0	0	1	0
3256	3256	-1	马车飞驰	FabaoSkill_5	-1	0	0	0	0	0	-1	-1	-1	0	2	129						-1	0	0	0	0	-1	-1	-1	-1	-1	-1	-1	0	-1		-1	0	300	-1	-1	1	0	-1	0	0	0	100	-1	0	-1	0	0	0	0	0	0	29922	29922	29922	29922	29922	29922	29922	29922	29922	29922	29922	29922	29922	29922	29922	29922	获得80%的加速效果，持续8秒，冷却时间10秒	1	0	0	0	1	0
3257	3257	-1	打开宝盒	PetSkill3_7	-1	0	0	1	0	1	-1	-1	-1	0	0	-1				143	1127	-1	0	3	0	1	-1	-1	-1	-1	-1	-1	-1	-1	-1		-1	5	1200	0	3	0	-1	-1	0	0	0	100	-1	0	-1	0	0	0	0	0	0	29926	29926	29926	29926	29926	29926	29926	29926	29926	29926	29926	29926	29926	29926	29926	29926	打开宝盒	0	0.1	33	10	1	0
3258	3258	-1	泛崇光	FightSkillXiaoYao_6	-1	0	0	1	0	0	-1	-1	-1	0	2	60	吟唱xy	身体中心点			680	-1	0	3	0	0	-1	-1	-1	-1	-1	-1	-1	0	-1		-1	4	300	-1	-1	1	0	-1	1	0	0	100	-1	0	-1	7	360	12	0	0	0	29927	29927	29927	29927	29927	29927	29927	29927	29927	29927	29927	29927	29927	29927	29927	29927	泛崇光（30天）	1	0.1	50	10	1	0
3259	3259	-1	泛崇光	FightSkillXiaoYao_6	-1	0	0	1	0	0	-1	-1	-1	0	2	60	吟唱xy	身体中心点			680	-1	0	3	0	0	-1	-1	-1	-1	-1	-1	-1	0	-1		-1	4	300	-1	-1	1	0	-1	1	0	0	100	-1	0	-1	7	360	12	0	0	0	29928	29928	29928	29928	29928	29928	29928	29928	29928	29928	29928	29928	29928	29928	29928	29928	泛崇光（90天）	1	0.1	50	10	1	0
3260	3260	-1	繁锦梦	FightSkillXiaoYao_7	-1	0	0	1	0	0	-1	-1	-1	0	2	60	吟唱xy	身体中心点			680	-1	0	3	0	0	-1	-1	-1	-1	-1	-1	-1	0	-1		-1	4	300	-1	-1	1	0	-1	1	0	0	100	-1	0	-1	7	360	12	0	0	0	29929	29929	29929	29929	29929	29929	29929	29929	29929	29929	29929	29929	29929	29929	29929	29929	繁锦梦（30天）	1	0.1	50	10	1	0
3261	3261	-1	繁锦梦	FightSkillXiaoYao_7	-1	0	0	1	0	0	-1	-1	-1	0	2	60	吟唱xy	身体中心点			680	-1	0	3	0	0	-1	-1	-1	-1	-1	-1	-1	0	-1		-1	4	300	-1	-1	1	0	-1	1	0	0	100	-1	0	-1	7	360	12	0	0	0	29930	29930	29930	29930	29930	29930	29930	29930	29930	29930	29930	29930	29930	29930	29930	29930	繁锦梦（90天）	1	0.1	50	10	1	0
3262	3262	-1	繁锦梦	FightSkillXiaoYao_7	-1	0	0	1	0	0	-1	-1	-1	0	2	60	吟唱xy	身体中心点			680	-1	0	3	0	0	-1	-1	-1	-1	-1	-1	-1	0	-1		-1	4	300	-1	-1	1	0	-1	1	0	0	100	-1	0	-1	7	360	12	0	0	0	29931	29931	29931	29931	29931	29931	29931	29931	29931	29931	29931	29931	29931	29931	29931	29931	繁锦梦（180天）	1	0.1	50	10	1	0
3263	3263	-1	繁锦梦	FightSkillXiaoYao_7	-1	0	0	1	0	0	-1	-1	-1	0	2	60	吟唱xy	身体中心点			680	-1	0	3	0	0	-1	-1	-1	-1	-1	-1	-1	0	-1		-1	4	300	-1	-1	1	0	-1	1	0	0	100	-1	0	-1	7	360	12	0	0	0	29932	29932	29932	29932	29932	29932	29932	29932	29932	29932	29932	29932	29932	29932	29932	29932	繁锦梦（360天）	1	0.1	50	10	1	0
3264	3264	-1	打开常伴江湖宝箱	PetSkill3_7	-1	0	0	1	0	1	-1	-1	-1	0	0	-1				143	143	-1	0	3	0	1	-1	-1	-1	-1	-1	-1	-1	-1	-1		-1	5	1200	0	2	0	-1	-1	0	0	0	100	-1	0	-1	0	0	0	0	0	0	29933	29933	29933	29933	29933	29933	29933	29933	29933	29933	29933	29933	29933	29933	29933	29933	打开常伴江湖宝箱	0	0.1	33	10	1	0
3265	3265	-1	参悟	Food_1	-1	0	0	1	1	1	-1	-1	1	0	1	-1	吟唱em	身体中心点		1128	1128	-1	0	3	0	0	-1	-1	-1	-1	-1	-1	-1	0	-1		-1	5	1200	0	15	0	-1	-1	0	1000	0	100	-1	0	-1	0	0	0	0	0	0	29934	29934	29934	29934	29934	29934	29934	29934	29934	29934	29934	29934	29934	29934	29934	29934	参悟	0	0	0	0	1	0
3266	3266	0	伏虎拳	FightSkillShaoLin1_1	1	1	1	1	1	1	-1	-1	1	0	2	-1					500	-1	0	0	0	1	-1	-1	-1	-1	-1	-1	1	1	163	身体受击点	-1	5	800	0	15	-1	1	-1	0	0	1	100	-1	0	-1	0	0	0	2	1	1000	29935	29935	29935	29935	29935	29935	29935	29935	29935	29935	29935	29935	29935	29935	29935	29935	少林弟子的入门功夫。使用之后可以连续对目标造成伤害。	0	0.1	50	10	1	0
3267	3267	2	蟠龙击	FightSkillGaiBang1_1	1	1	1	1	1	1	-1	-1	1	0	2	-1					540	-1	0	0	0	1	-1	-1	-1	-1	-1	-1	1	1	164	身体受击点	-1	5	800	0	15	-1	1	-1	0	0	1	100	-1	0	-1	0	0	0	2	1	1000	29936	29936	29936	29936	29936	29936	29936	29936	29936	29936	29936	29936	29936	29936	29936	29936	丐帮弟子的入门功夫。使用之后可以连续对目标造成伤害。	0	0.1	50	10	1	0
3268	3268	7	雁南飞	FightSkillTianShan_1	1	1	1	1	1	1	-1	-1	1	0	2	-1					651	-1	0	0	0	1	-1	-1	-1	-1	-1	-1	1	1	165	身体受击点	-1	5	800	0	15	-1	1	-1	0	0	1	100	-1	0	-1	0	0	0	2	1	1000	29937	29937	29937	29937	29937	29937	29937	29937	29937	29937	29937	29937	29937	29937	29937	29937	天山弟子的入门功夫。使用之后可以连续对目标造成伤害。	0	0.1	50	10	1	0
3269	3269	1	摧心掌	FightSkillMingJiao_1	1	1	1	1	1	1	-1	-1	1	0	2	-1					520	-1	0	0	0	1	-1	-1	-1	-1	-1	-1	1	1	166	身体受击点	-1	5	800	0	15	-1	1	-1	0	0	1	100	-1	0	-1	0	0	0	2	1	1000	29938	29938	29938	29938	29938	29938	29938	29938	29938	29938	29938	29938	29938	29938	29938	29938	明教弟子的入门功夫。使用之后可以连续对目标造成伤害。	0	0.1	50	10	1	0
3270	3270	-1	采集	Food_1	-1	0	0	1	0	1	-1	-1	-1	0	0	-1				143	143	-1	0	0	0	0	-1	-1	-1	-1	-1	-1	-1	0	-1	 	-1	5	1200	0	3	0	-1	-1	0	0	0	100	-1	0	-1	0	0	0	0	0	0	29939	29939	29939	29939	29939	29939	29939	29939	29939	29939	29939	29939	29939	29939	29939	29939	采集	0	0	0	0	1	0
3271	3271	-1	采集	Food_1	-1	0	0	1	0	1	-1	-1	-1	0	0	-1				143	143	-1	0	0	0	0	-1	-1	-1	-1	-1	-1	-1	0	-1	 	-1	5	1200	0	3	0	-1	-1	0	0	0	100	-1	0	-1	0	0	0	0	0	0	29940	29940	29940	29940	29940	29940	29940	29940	29940	29940	29940	29940	29940	29940	29940	29940	采集	0	0	0	0	1	0
3272	3272	-1	调息	Food_1	-1	0	0	1	0	1	-1	-1	-1	0	0	-1				6	6	-1	0	3	0	0	-1	-1	-1	-1	-1	-1	-1	0	-1	 	-1	0	1200	0	3	0	-1	-1	0	0	0	100	-1	0	-1	0	0	0	0	0	0	29941	29941	29941	29941	29941	29941	29941	29941	29941	29941	29941	29941	29941	29941	29941	29941	打坐技能	0	0	0	0	1	0
3273	3273	-1	绘画中	Food_1	-1	0	0	1	0	1	-1	-1	-1	0	0	-1				143	143	-1	0	3	0	0	-1	-1	-1	-1	-1	-1	-1	0	-1	 	-1	0	1200	0	3	0	-1	-1	0	0	0	100	-1	0	-1	0	0	0	0	0	0	29942	29942	29942	29942	29942	29942	29942	29942	29942	29942	29942	29942	29942	29942	29942	29942	绘画中	0	0	0	0	1	0
3274	3274	-1	大力金刚掌	FightSkillShaoLin1_3	-1	0	0	1	1	1	-1	-1	0	0	2	135	吟唱sl	身体中心点			502	-1	0	1	0	1	-1	-1	-1	-1	-1	-1	-1	0	-1		-1	5	1200	0	2	-1	1	-1	0	0	0	100	-1	0	-1	0	0	0	0	0	0	29943	29943	29943	29943	29943	29943	29943	29943	29943	29943	29943	29943	29943	29943	29943	29943	少林绝技之一，是玄慈方丈的得意功夫。使用之后可以对目标造成大量玄属性伤害。	1	0.1	50	10	1	0
3275	3275	-1	摩诃无量	FightSkillShaoLin1_11	-1	0	0	1	1	1	-1	-1	0	0	2	135	吟唱sl	身体中心点			509	-1	0	1	0	1	-1	-1	-1	-1	-1	-1	-1	0	-1		-1	5	1200	0	2	-1	1	-1	0	0	0	100	-1	0	-1	0	0	0	0	0	0	29944	29944	29944	29944	29944	29944	29944	29944	29944	29944	29944	29944	29944	29944	29944	29944	少林绝技之一，是玄难大师的得意功夫。使用之后对目标造成大量伤害，并使其陷入破绽状态。	1	0.1	50	10	1	0
3276	3276	-1	蟠龙击	FightSkillGaiBang1_1	-1	1	0	1	1	1	-1	-1	0	0	2	135					540	-1	0	1	0	1	-1	-1	-1	-1	-1	-1	-1	0	-1		-1	5	800	0	2	-1	1	-1	0	0	0	100	-1	0	-1	0	0	0	0	0	0	29945	29945	29945	29945	29945	29945	29945	29945	29945	29945	29945	29945	29945	29945	29945	29945	丐帮弟子的入门功夫。使用之后可以连续对目标造成伤害。	1	0.1	50	10	1	0
3277	3277	-1	震惊百里	FightSkillGaiBang1_15	-1	0	0	1	1	1	-1	-1	-1	0	2	135	吟唱gb	身体中心点			553	-1	0	1	0	1	-1	-1	-1	-1	-1	-1	-1	0	-1		-1	5	1200	0	2	-1	1	-1	0	0	0	100	-1	0	-1	0	0	0	0	0	0	29946	29946	29946	29946	29946	29946	29946	29946	29946	29946	29946	29946	29946	29946	29946	29946	丐帮绝技之一，是吕章长老的得意功夫。使用之后可以对目标造成大量伤害。	1	0.1	50	10	1	0
3278	3278	-1	摧心掌	FightSkillMingJiao_1	-1	1	0	1	1	1	-1	-1	0	0	2	135					520	-1	0	1	0	1	-1	-1	-1	-1	-1	-1	-1	0	-1		-1	5	800	0	2	-1	1	-1	0	0	0	100	-1	0	-1	0	0	0	0	0	0	29947	29947	29947	29947	29947	29947	29947	29947	29947	29947	29947	29947	29947	29947	29947	29947	明教弟子的入门功夫。使用之后可以连续对目标造成伤害。	1	0.1	50	10	1	0
3279	3279	-1	火烧赤壁	FightSkillMingJiao_15	-1	0	0	1	1	1	-1	-1	0	0	2	135	吟唱mj	身体中心点			529	-1	0	1	0	1	-1	-1	-1	-1	-1	-1	-1	0	-1		-1	5	1200	0	2	-1	1	-1	0	0	0	100	-1	0	-1	0	0	0	0	0	0	29948	29948	29948	29948	29948	29948	29948	29948	29948	29948	29948	29948	29948	29948	29948	29948	明教绝技之一，是吕师襄圣使的得意功夫。使用之后可以对目标造成大量伤害，并使其陷入灼烧状态。	1	0.1	50	10	1	0
3280	3280	-1	仙人指路	FightSkillWuDang1_11	-1	0	0	1	1	1	-1	-1	1	0	2	135	吟唱wd	身体中心点			571	-1	0	1	0	1	-1	-1	-1	-1	-1	-1	-1	0	83	身体受击点	-1	5	600	0	15	-1	1	-1	0	0	0	100	-1	0	-1	0	0	0	0	0	0	29949	29949	29949	29949	29949	29949	29949	29949	29949	29949	29949	29949	29949	29949	29949	29949	避实就虚的一击，直取敌人要害。使用之后可以对目标造成大量伤害，并使其陷入破绽状态。	1	0.1	50	10	1	0
3281	3281	-1	两仪剑	FightSkillWuDang1_3	-1	0	0	1	1	1	-1	-1	1	0	1	135	吟唱wd	身体中心点		562	562	-1	0	1	0	1	-1	-1	-1	-1	-1	-1	-1	0	-1		-1	5	600	0	15	-1	1	-1	0	1000	0	100	-1	0	-1	0	0	0	0	0	0	29950	29950	29950	29950	29950	29950	29950	29950	29950	29950	29950	29950	29950	29950	29950	29950	毫无破绽的一击，阴阳相生相济，威力深藏不露。使用之后可以持续对目标造成大量伤害。	1	0.1	50	10	1	0
3282	3282	-1	正阳手	FightSkillDaLi_1	-1	1	0	1	1	1	-1	-1	1	0	2	135	吟唱dl	身体中心点			631	-1	0	1	0	1	-1	-1	-1	-1	-1	-1	-1	0	95	身体受击点	-1	5	800	0	15	-1	1	-1	0	0	0	100	-1	0	-1	0	0	0	0	0	0	29951	29951	29951	29951	29951	29951	29951	29951	29951	29951	29951	29951	29951	29951	29951	29951	天龙弟子的入门功夫。使用之后可以连续对目标造成伤害。	1	0.1	50	10	1	0
3283	3283	-1	一阳指	FightSkillDaLi_3	-1	0	0	1	1	1	-1	-1	1	0	2	135	吟唱dl	身体中心点			633	-1	0	1	0	1	-1	-1	-1	-1	-1	-1	-1	0	11	身体受击点	-1	5	600	0	15	-1	1	-1	0	0	0	100	-1	0	-1	0	0	0	0	0	0	29952	29952	29952	29952	29952	29952	29952	29952	29952	29952	29952	29952	29952	29952	29952	29952	大理段氏武学的象征。使用之后可以对对目标造成巨大伤害。	1	0.1	50	10	1	0
3284	3284	-1	落英剑	FightSkillXiaoYao_1	-1	1	0	1	1	1	-1	-1	1	0	2	135	吟唱xy	身体中心点			673	-1	0	1	0	1	-1	-1	-1	-1	-1	-1	-1	0	96	身体受击点	-1	5	800	0	15	-1	1	-1	0	0	0	100	-1	0	-1	0	0	0	0	0	0	29953	29953	29953	29953	29953	29953	29953	29953	29953	29953	29953	29953	29953	29953	29953	29953	逍遥弟子的入门功夫。使用之后可以连续对目标造成伤害。	1	0.1	50	10	1	0
3285	3285	-1	溪山行旅	FightSkillXiaoYao_15	-1	0	0	1	1	1	-1	-1	1	0	2	135	吟唱xy	身体中心点			691	-1	0	1	0	1	-1	-1	-1	-1	-1	-1	-1	0	91	身体受击点	-1	5	600	0	15	-1	1	-1	0	0	0	100	-1	0	-1	0	0	0	0	0	0	29954	29954	29954	29954	29954	29954	29954	29954	29954	29954	29954	29954	29954	29954	29954	29954	用溪山行旅的画意发出潇洒的一击。使用之后可以对目标造成大量伤害，并使其陷入虚弱状态。	1	0.1	50	10	1	0
3286	3286	-1	西子捧心	FightSkillEMei1_3	-1	0	0	1	1	1	-1	-1	1	0	0	135	吟唱em	身体中心点		585	586	-1	0	1	0	1	-1	-1	-1	-1	-1	-1	-1	0	85	身体受击点	-1	5	300	0	15	-1	1	-1	0	0	0	100	-1	0	-1	0	0	0	0	0	0	29955	29955	29955	29955	29955	29955	29955	29955	29955	29955	29955	29955	29955	29955	29955	29955	峨嵋绝技之一，身姿绰约有如西子。使用之后可以对目标造成大量冰属性伤害。	1	0.1	50	10	1	0
3287	3287	-1	金顶绵掌	FightSkillEMei1_4	-1	0	0	1	1	1	-1	-1	1	0	1	135	吟唱em	身体中心点		587	587	-1	0	1	0	1	-1	-1	-1	-1	-1	-1	-1	0	-1		-1	5	600	0	15	-1	1	-1	0	1000	0	100	-1	0	-1	0	0	0	0	0	0	29956	29956	29956	29956	29956	29956	29956	29956	29956	29956	29956	29956	29956	29956	29956	29956	掌力犹如长江大河，汹涌不绝。使用之后可以持续对目标造成大量伤害。	1	0.1	50	10	1	0
3288	3288	-1	蓝砂手	FightSkillXinXiu1_1	-1	1	0	1	1	1	-1	-1	1	0	2	135	吟唱xx	身体中心点			608	-1	0	1	0	1	-1	-1	-1	-1	-1	-1	-1	0	94	身体受击点	-1	5	800	0	15	-1	1	-1	0	0	0	100	-1	0	-1	0	0	0	0	0	0	29957	29957	29957	29957	29957	29957	29957	29957	29957	29957	29957	29957	29957	29957	29957	29957	星宿弟子的入门功夫。使用之后可以连续对目标造成伤害。	1	0.1	50	10	1	0
3289	3289	-1	青蛇毒掌	FightSkillXinXiu1_11	-1	0	0	1	1	1	-1	-1	-1	0	2	135	吟唱xx	身体中心点			620	-1	0	1	0	1	-1	-1	-1	-1	-1	-1	-1	0	105	身体受击点	-1	5	600	0	15	-1	1	-1	0	0	0	100	-1	0	-1	0	0	0	0	0	0	29958	29958	29958	29958	29958	29958	29958	29958	29958	29958	29958	29958	29958	29958	29958	29958	吸取南诏千年蛇精的毒性才能练成的神功。使用之后可以对目标造成大量伤害，并使其陷入僵硬状态。	1	0.1	50	10	1	0
3290	3290	-1	梅花三弄	FightSkillTianShan_15	-1	0	0	1	1	1	-1	-1	0	0	2	135	吟唱ts	身体中心点			666	-1	0	1	0	1	-1	-1	-1	-1	-1	-1	-1	0	-1		-1	5	1200	0	2	-1	1	-1	0	0	0	100	-1	0	-1	0	0	0	0	0	0	29959	29959	29959	29959	29959	29959	29959	29959	29959	29959	29959	29959	29959	29959	29959	29959	快若惊鸿的一击。使用之后可以对目标造成大量伤害，并使其陷入僵硬状态。	1	0.1	50	10	1	0
3291	3291	-1	雪花六出	FightSkillTianShan_11	-1	0	0	1	1	1	-1	-1	0	0	2	135	吟唱ts	身体中心点			662	-1	0	1	0	1	-1	-1	-1	-1	-1	-1	-1	0	-1		-1	5	1200	0	2	-1	1	-1	0	0	0	100	-1	0	-1	0	0	0	0	0	0	29960	29960	29960	29960	29960	29960	29960	29960	29960	29960	29960	29960	29960	29960	29960	29960	寒冷澈骨的一击。使用之后可以对目标造成大量伤害，并使你的会心一击率提高。	1	0.1	50	10	1	0
3292	3292	-1	传功	Food_1	-1	0	0	1	0	1	-1	-1	-1	0	1	-1				1129	1129	-1	0	3	0	1	-1	-1	-1	-1	-1	-1	-1	0	-1	 	-1	5	1200	0	3	0	-1	-1	0	1000	0	100	-1	0	-1	0	0	0	0	0	0	29961	29961	29961	29961	29961	29961	29961	29961	29961	29961	29961	29961	29961	29961	29961	29961	传功	0	0	0	0	1	0
3293	3293	1	不死不休	TalentSkillMingJiao2_6	-1	0	1	1	1	1	-1	-1	-1	0	2	150	吟唱mj	身体中心点			524	-1	0	0	0	1	-1	-1	-1	-1	-1	-1	0	1	-1		-1	5	300	0	2	-1	1	-1	0	0	0	-1	-1	0	-1	0	0	0	0	0	0	29962	29962	29962	29962	29962	29962	29962	29962	29962	29962	29962	29962	29962	29962	29962	29962	明教门派中天罗流派的绝顶神功之一。使用之后可大幅提升自身对目标的命中率。	1	0.1	50	10	1	0
3294	3294	0	狮子吼	FightSkillShaoLin1_7	-1	0	0	1	1	1	3	0	-1	0	2	58	吟唱sl	身体中心点			506	-1	0	0	0	0	-1	-1	-1	-1	-1	-1	1	1	-1		-1	4	1200	-1	-1	1	1	0	0	0	0	100	-1	0	-1	7	360	5	2	0	0	29963	29963	29963	29963	29963	29963	29963	29963	29963	29963	29963	29963	29963	29963	29963	29963	少林绝技之一，兼具扰乱敌人和震慑敌人的效果。使用之后可以吸引附近的怪物攻击你。	1	0.1	50	10	1	0
3295	3295	1	地狱火	FightSkillMingJiao1_1	-1	0	1	1	1	1	11	0	-1	0	2	66	吟唱mj	身体中心点			536	-1	0	0	0	0	-1	-1	-1	-1	-1	-1	1	1	-1		-1	4	300	-1	-1	-1	1	-1	0	0	0	-1	-1	0	-1	5	360	5	1	1	150	29964	29964	29964	29964	29964	29964	29964	29964	29964	29964	29964	29964	29964	29964	29964	29964	以地狱之火焚烧你的敌人。使用之后可以使近身多个敌人陷入昏迷状态。只有在火神下凡姿态下才能使用。	1	0.1	50	10	1	0
3296	3296	1	冥星照顶	TalentSkillXingXiu2_3	-1	0	0	1	1	1	-1	-1	-1	0	0	-1	吟唱mj	身体中心点			524	-1	0	0	0	0	-1	-1	-1	-1	-1	-1	0	1	-1		-1	0	300	-1	-1	1	0	-1	0	0	0	100	-1	0	-1	0	0	0	0	0	0	29965	29965	29965	29965	29965	29965	29965	29965	29965	29965	29965	29965	29965	29965	29965	29965	星宿门派中寒冥流派的顶级招式。使用之后站定时间越长，造成伤害越高。	1	0.1	50	10	1	0
3344	3344	-1	任务4技能1	TaskTools2_13	-1	0	0	1	1	1	-1	-1	0	0	2	136					165	-1	0	0	0	1	-1	-1	-1	-1	-1	-1	-1	1	-1		-1	5	1200	0	2	-1	1	-1	0	0	1	-1	-1	1	-1	0	0	0	0	0	600	0	0	0	0	0	0	0	0	0	0	0	0	0	0	0	0	任务4技能1	0	0.1	50	10	1	0
3345	3345	-1	任务4技能2	TaskTools2_13	-1	0	0	1	1	1	-1	-1	0	0	2	136					165	-1	0	0	0	1	-1	-1	-1	-1	-1	-1	-1	1	-1		-1	5	1200	0	2	-1	1	-1	0	0	1	-1	-1	1	-1	0	0	0	0	0	600	0	0	0	0	0	0	0	0	0	0	0	0	0	0	0	0	任务4技能2	0	0.1	50	10	1	0
3346	3346	-1	任务4技能3	TaskTools2_13	-1	0	0	1	1	1	-1	-1	0	0	2	136					165	-1	0	0	0	1	-1	-1	-1	-1	-1	-1	-1	1	-1		-1	5	1200	0	2	-1	1	-1	0	0	1	-1	-1	1	-1	0	0	0	0	0	600	0	0	0	0	0	0	0	0	0	0	0	0	0	0	0	0	任务4技能3	0	0.1	50	10	1	0
3347	3347	-1	正在加火	Food_1	-1	0	0	1	0	1	-1	-1	-1	0	0	99				118	118	-1	0	3	0	1	-1	-1	-1	-1	-1	-1	-1	0	-1	 	-1	5	1200	0	3	0	-1	-1	0	0	0	100	-1	0	-1	0	0	0	0	0	0	29966	29966	29966	29966	29966	29966	29966	29966	29966	29966	29966	29966	29966	29966	29966	29966	正在加火	0	0.1	50	10	1	0
3348	3348	-1	正在放置火鸡	Food_1	-1	0	0	1	0	1	-1	-1	-1	0	0	99				118	118	-1	0	3	0	1	-1	-1	-1	-1	-1	-1	-1	0	-1		-1	0	1200	0	3	0	-1	-1	0	0	0	100	-1	0	-1	0	0	0	0	0	0	29967	29967	29967	29967	29967	29967	29967	29967	29967	29967	29967	29967	29967	29967	29967	29967	正在放置火鸡	0	0.1	50	10	1	0
3349	3349	-1	开启识破机关	Test_1	-1	0	0	1	1	1	-1	-1	1	1	0	-1				143	143	-1	0	0	0	1	-1	-1	-1	-1	-1	-1	-1	0	-1		-1	5	1200	0	2	0	-1	-1	0	0	0	100	-1	0	-1	0	0	0	0	0	0	29968	29968	29968	29968	29968	29968	29968	29968	29968	29968	29968	29968	29968	29968	29968	29968	开启识破机关	0	0	50	10	1	0
3350	3350	-1	小人儿快跑	FabaoSkill_6	-1	0	0	0	0	0	-1	-1	-1	0	2	129						-1	0	0	0	0	-1	-1	-1	-1	-1	-1	-1	0	-1		-1	0	300	-1	-1	1	0	-1	0	0	0	100	-1	0	-1	0	0	0	0	0	0	30016	30016	30016	30016	30016	30016	30016	30016	30016	30016	30016	30016	30016	30016	30016	30016	使用后获得50%的移动速度加成。	1	0	0	0	1	0
3351	3351	-1	打开采福宝箱	PetSkill3_7	-1	0	0	1	0	1	-1	-1	-1	0	0	-1				143	143	-1	0	3	0	1	-1	-1	-1	-1	-1	-1	-1	-1	-1		-1	5	1200	0	2	0	-1	-1	0	0	0	100	-1	0	-1	0	0	0	0	0	0	30017	30017	30017	30017	30017	30017	30017	30017	30017	30017	30017	30017	30017	30017	30017	30017	打开采福宝箱	0	0.1	33	10	1	0
3352	3352	-1	阴阳无咎	Test_1	-1	0	0	1	1	1	-1	-1	1	0	2	102				166		-1	0	1	0	0	-1	-1	-1	-1	-1	-1	-1	-1	-1		-1	4	1200	0	30	-1	1	-1	0	0	0	100	-1	0	-1	0	0	0	0	0	0	30018	30018	30018	30018	30018	30018	30018	30018	30018	30018	30018	30018	30018	30018	30018	30018	阴阳无咎	1	0	0	0	1	0
3353	3353	-1	荼蘼花事了	Test_1	-1	0	0	1	1	1	-1	-1	1	0	0	102				167		-1	0	1	0	0	-1	-1	-1	-1	-1	-1	-1	-1	-1		-1	4	1200	0	15	-1	1	-1	0	0	0	100	-1	0	-1	0	0	0	0	0	0	30019	30019	30019	30019	30019	30019	30019	30019	30019	30019	30019	30019	30019	30019	30019	30019	荼蘼花事了	1	0	0	0	1	0
3354	3354	-1	一叶摄心	Test_1	-1	0	0	1	1	1	-1	-1	1	0	0	102				165		-1	0	1	0	0	-1	-1	-1	-1	-1	-1	-1	-1	-1		-1	4	1200	0	30	-1	1	-1	0	0	0	100	-1	0	-1	0	0	0	0	0	0	30020	30020	30020	30020	30020	30020	30020	30020	30020	30020	30020	30020	30020	30020	30020	30020	一叶摄心	1	0	0	0	1	0
3355	3355	-1	流芳谢春风	Test_1	-1	0	0	1	1	1	-1	-1	1	0	0	102				166	168	-1	0	1	0	0	-1	-1	-1	-1	-1	-1	-1	-1	-1		-1	5	1000	0	30	-1	1	0	0	0	0	100	-1	0	-1	0	0	0	0	0	0	30021	30021	30021	30021	30021	30021	30021	30021	30021	30021	30021	30021	30021	30021	30021	30021	流芳谢春风	1	0	0	0	1	0
3356	3356	-1	阴阳环	FightSkillEMei1_3	-1	0	0	1	1	1	-1	-1	1	0	0	135				166		-1	0	1	0	0	-1	-1	-1	-1	-1	-1	-1	-1	-1		-1	4	1200	0	30	-1	1	-1	0	0	0	100	-1	0	-1	0	0	0	0	0	0	30022	30022	30022	30022	30022	30022	30022	30022	30022	30022	30022	30022	30022	30022	30022	30022	阴阳环	0	0	0	0	1	0
3357	3357	-1	阴阳有时	Test_1	-1	0	0	1	1	1	-1	-1	1	0	0	102				165		-1	0	1	0	0	-1	-1	-1	-1	-1	-1	-1	-1	-1		-1	4	1200	0	30	-1	1	-1	0	0	0	100	-1	0	-1	0	0	0	0	0	0	30023	30023	30023	30023	30023	30023	30023	30023	30023	30023	30023	30023	30023	30023	30023	30023	阴阳有时	1	0	0	0	1	0
3358	3358	-1	灵狐暴走	Test_1	-1	0	0	1	1	1	-1	-1	1	0	0	102				167	168	-1	0	1	0	0	-1	-1	-1	-1	-1	-1	-1	-1	-1		-1	4	1200	0	50	-1	1	-1	0	0	0	100	-1	0	-1	0	0	0	0	0	0	30024	30024	30024	30024	30024	30024	30024	30024	30024	30024	30024	30024	30024	30024	30024	30024	灵狐暴走	1	0	0	0	1	0
3359	3359	-1	蛮牛出动	Test_1	-1	0	0	1	1	1	-1	-1	1	0	0	102				166		-1	0	1	0	0	-1	-1	-1	-1	-1	-1	-1	-1	-1		-1	5	1200	0	10	-1	1	-1	0	0	0	100	-1	0	-1	0	0	0	0	0	0	30025	30025	30025	30025	30025	30025	30025	30025	30025	30025	30025	30025	30025	30025	30025	30025	蛮牛出动	1	0	0	0	1	0
3360	3360	-1	虎啸山林	Test_1	-1	0	0	1	1	1	-1	-1	1	0	0	102				165	169	-1	0	1	0	0	-1	-1	-1	-1	-1	-1	-1	-1	-1		-1	4	1200	0	20	-1	1	-1	0	0	0	100	-1	0	-1	0	0	0	0	0	0	30026	30026	30026	30026	30026	30026	30026	30026	30026	30026	30026	30026	30026	30026	30026	30026	虎啸山林	1	0	0	0	1	0
3361	3361	-1	牛鸡冲击波	Test_1	-1	0	0	1	1	1	-1	-1	1	0	0	102				167	166	-1	0	1	0	0	-1	-1	-1	-1	-1	-1	-1	-1	-1		-1	4	1200	0	20	-1	1	-1	0	0	0	100	-1	0	-1	0	0	0	0	0	0	30027	30027	30027	30027	30027	30027	30027	30027	30027	30027	30027	30027	30027	30027	30027	30027	牛鸡冲击波	0	0	0	0	1	0
3362	3362	-1	米子爆炸动作	Test_2	-1	0	0	1	1	1	-1	-1	1	0	0	102				167		-1	0	1	0	0	-1	-1	-1	-1	-1	-1	-1	-1	-1		-1	0	1200	-1	-1	-1	0	-1	0	0	0	100	-1	0	-1	0	0	0	0	0	0	30028	30028	30028	30028	30028	30028	30028	30028	30028	30028	30028	30028	30028	30028	30028	30028	米子爆炸动作	1	0	0	0	1	0
3363	3363	-1	蓬尾千幻	Test_1	-1	0	0	1	1	1	-1	-1	1	0	0	102				167		-1	0	1	0	0	-1	-1	-1	-1	-1	-1	-1	-1	-1		-1	4	1200	0	10	-1	1	-1	0	0	0	100	-1	0	-1	0	0	0	0	0	0	30029	30029	30029	30029	30029	30029	30029	30029	30029	30029	30029	30029	30029	30029	30029	30029	蓬尾千幻	1	0	0	0	1	0
3364	3364	-1	同舟共济	Test_1	-1	0	0	1	1	1	-1	-1	1	0	0	102				165		-1	0	1	0	0	-1	-1	-1	-1	-1	-1	-1	-1	-1		-1	4	1200	0	20	-1	1	-1	0	0	0	100	-1	0	-1	0	0	0	0	0	0	30030	30030	30030	30030	30030	30030	30030	30030	30030	30030	30030	30030	30030	30030	30030	30030	同舟共济	1	0	0	0	1	0
3365	3365	-1	云断烟	Test_1	-1	0	0	1	1	1	-1	-1	1	0	0	102				165		-1	0	1	0	0	-1	-1	-1	-1	-1	-1	-1	-1	-1		-1	4	1200	0	10	-1	1	-1	0	0	0	100	-1	0	-1	0	0	0	0	0	0	30031	30031	30031	30031	30031	30031	30031	30031	30031	30031	30031	30031	30031	30031	30031	30031	云断烟	1	0	0	0	1	0
3366	3366	-1	如是我闻	Test_1	-1	0	0	1	1	1	-1	-1	1	0	0	102				166		-1	0	1	0	0	-1	-1	-1	-1	-1	-1	-1	-1	-1		-1	4	1200	0	50	-1	1	-1	0	0	0	100	-1	0	-1	0	0	0	0	0	0	30032	30032	30032	30032	30032	30032	30032	30032	30032	30032	30032	30032	30032	30032	30032	30032	如是我闻	1	0	0	0	1	0
3367	3367	-1	同舟共济	Test_1	-1	0	0	1	1	1	-1	-1	1	0	0	102				165		-1	0	1	0	0	-1	-1	-1	-1	-1	-1	-1	-1	-1		-1	4	1200	0	40	-1	1	-1	0	0	0	100	-1	0	-1	0	0	0	0	0	0	30033	30033	30033	30033	30033	30033	30033	30033	30033	30033	30033	30033	30033	30033	30033	30033	同舟共济	1	0	0	0	1	0
3368	3368	-1	左扫尾	Test_1	-1	0	0	1	1	1	-1	-1	1	0	0	102				168		-1	0	1	0	0	-1	-1	-1	-1	-1	-1	-1	-1	-1		-1	4	1200	0	40	-1	1	-1	0	0	0	100	-1	0	-1	0	0	0	0	0	0	30034	30034	30034	30034	30034	30034	30034	30034	30034	30034	30034	30034	30034	30034	30034	30034	左扫尾	0	0	0	0	1	0
3369	3369	-1	右扫尾	Test_1	-1	0	0	1	1	1	-1	-1	1	0	0	102				169		-1	0	1	0	0	-1	-1	-1	-1	-1	-1	-1	-1	-1		-1	4	1200	0	40	-1	1	-1	0	0	0	100	-1	0	-1	0	0	0	0	0	0	30035	30035	30035	30035	30035	30035	30035	30035	30035	30035	30035	30035	30035	30035	30035	30035	右扫尾	0	0	0	0	1	0
3371	3371	-1	荼蘼花动作	CircularTaskTool94_3	-1	0	0	1	1	1	-1	-1	1	0	0	102				166	168	-1	0	1	0	0	-1	-1	-1	-1	-1	-1	-1	-1	-1		-1	5	1000	0	30	-1	1	0	0	0	0	100	-1	0	-1	0	0	0	0	0	0	30037	30037	30037	30037	30037	30037	30037	30037	30037	30037	30037	30037	30037	30037	30037	30037	荼蘼花动作	0	0	0	0	1	0
3372	3372	-1	如是我闻	Test_1	-1	0	0	1	1	1	-1	-1	1	0	0	102				166		-1	0	1	0	0	-1	-1	-1	-1	-1	-1	-1	-1	-1		-1	4	1200	0	50	-1	1	-1	0	0	0	100	-1	0	-1	0	0	0	0	0	0	30038	30038	30038	30038	30038	30038	30038	30038	30038	30038	30038	30038	30038	30038	30038	30038	如是我闻	1	0	0	0	1	0
3373	3373	-1	大乱斗	CircularTaskTool94_3	-1	0	0	0	0	0	-1	-1	-1	0	2	129				167	168	-1	0	0	0	0	-1	-1	-1	-1	-1	-1	-1	0	-1		-1	0	1500	-1	-1	1	0	-1	0	0	0	100	-1	0	-1	0	0	0	0	0	0	30039	30039	30039	30039	30039	30039	30039	30039	30039	30039	30039	30039	30039	30039	30039	30039	大乱斗	1	0	0	0	1	0
3454	3454	-1	感知小糖果	CommonLiveSkill3_8	-1	0	0	1	1	0	-1	-1	-1	0	2	151					-1	-1	0	0	0	0	-1	-1	-1	-1	-1	-1	-1	0	-1		-1	0	0	-1	-1	1	0	-1	0	0	0	100	-1	0	-1	0	0	0	0	0	0	30120	30120	30120	30120	30120	30120	30120	30120	30120	30120	30120	30120	30120	30120	30120	30120	使用后您可快速查看小糖果位置。	1	0	0	0	1	0
3455	3455	-1	奋起	CircularTaskTool94_1	-1	0	0	0	0	0	-1	-1	-1	0	2	129					167	-1	0	0	0	0	-1	-1	-1	-1	-1	-1	-1	0	-1		-1	0	1500	-1	-1	1	0	-1	0	0	0	100	-1	0	-1	0	0	0	0	0	0	30121	30121	30121	30121	30121	30121	30121	30121	30121	30121	30121	30121	30121	30121	30121	30121	动若游龙，稳如青松，疾如闪电，潇洒稳健。	1	0	0	0	1	0
3456	3456	-1	惊跃	CircularTaskTool94_2	-1	0	0	0	0	0	-1	-1	-1	0	2	129					166	-1	0	0	0	0	-1	-1	-1	-1	-1	-1	-1	0	-1		-1	0	1500	-1	-1	1	0	-1	0	0	0	100	-1	0	-1	0	0	0	0	0	0	30122	30122	30122	30122	30122	30122	30122	30122	30122	30122	30122	30122	30122	30122	30122	30122	行云流水，气吞山河，虎步生风，势如破竹。	1	0	0	0	1	0
3457	3457	-1	施礼	CircularTaskTool94_3	-1	0	0	0	0	0	-1	-1	-1	0	2	129					165	-1	0	0	0	0	-1	-1	-1	-1	-1	-1	-1	0	-1		-1	0	1500	-1	-1	1	0	-1	0	0	0	100	-1	0	-1	0	0	0	0	0	0	30123	30123	30123	30123	30123	30123	30123	30123	30123	30123	30123	30123	30123	30123	30123	30123	轻如飞腾，重如霹雳，点头作揖，施礼致敬。	1	0	0	0	1	0
3458	3458	-1	吃我一钱	Food_1	-1	0	0	0	0	0	-1	-1	1	0	2	78					165	-1	0	1	0	0	-1	-1	-1	-1	-1	-1	-1	0	167	特效点尾巴	-1	5	1200	0	15	-1	1	0	0	0	0	100	-1	0	-1	0	0	0	0	0	0	30124	30124	30124	30124	30124	30124	30124	30124	30124	30124	30124	30124	30124	30124	30124	30124	吃我一钱	1	0	0	0	1	0
3459	3459	-1	万贯千金	Food_1	-1	0	0	0	0	0	-1	-1	1	0	2	100					166	-1	0	1	0	0	-1	-1	-1	-1	-1	-1	-1	0	-1	 	-1	4	1200	0	15	-1	1	0	0	0	0	100	-1	0	-1	5	360	6	0	0	0	30125	30125	30125	30125	30125	30125	30125	30125	30125	30125	30125	30125	30125	30125	30125	30125	万贯千金	1	0	0	0	1	0
3460	3460	-1	打开年兽秘宝	PetSkill3_7	-1	0	0	1	0	1	-1	-1	-1	0	0	-1				143	143	-1	0	3	0	1	-1	-1	-1	-1	-1	-1	-1	-1	-1		-1	5	1200	0	2	0	-1	-1	0	0	0	100	-1	0	-1	0	0	0	0	0	0	30126	30126	30126	30126	30126	30126	30126	30126	30126	30126	30126	30126	30126	30126	30126	30126	打开年兽秘宝	0	0.1	33	10	1	0
3461	3461	-1	查看绣球坐标	CircularTaskTool93_16	-1	0	0	1	1	0	-1	-1	-1	0	2	151					-1	-1	0	0	0	0	-1	-1	-1	-1	-1	-1	-1	0	-1		-1	0	0	-1	-1	1	0	-1	0	0	0	100	-1	0	-1	0	0	0	0	0	0	30127	30127	30127	30127	30127	30127	30127	30127	30127	30127	30127	30127	30127	30127	30127	30127	使用后您可快速查看绣球位置。	0	0	0	0	1	0
3462	3462	-1	正在扫除	Food_1	-1	0	0	1	0	1	-1	-1	-1	0	0	-1				1131		-1	0	3	0	0	-1	-1	-1	-1	-1	-1	-1	0	-1	 	-1	0	1200	0	3	0	-1	-1	0	0	0	100	-1	0	-1	0	0	0	0	0	0	30128	30128	30128	30128	30128	30128	30128	30128	30128	30128	30128	30128	30128	30128	30128	30128	正在扫除	0	0	0	0	1	0
3463	3463	-1	逆鳞	PetSoulSkill2_1	-1	0	0	1	1	1	-1	0	-1	0	2	165					568	-1	0	2	0	0	0	-1	-1	-1	26	1	-1	-1	-1		-1	3	1200	-1	-1	1	0	0	0	0	0	100	-1	0	-1	0	0	0	-1	0	0	30129	30129	30129	30129	30129	30129	30129	30129	30129	30129	30129	30129	30129	30129	30129	30129	#cFFCC99龙之逆鳞，触者必伤#r#cFFCC00手动技 单体保护#r冷却时间 300秒#r减少主人当前受到的封穴、麻痹、散功、封印、失明技能效果0.5秒#r#c54FF00（放出珍兽后，可以在快捷栏中使用）#r#W技能跟随#G魂境阶级#W的提升而增强	1	0	0	0	1	0
3464	3464	-1	逆鳞	PetSoulSkill2_1	-1	0	0	1	1	1	-1	0	-1	0	2	165					568	-1	0	2	0	0	0	-1	-1	-1	26	1	-1	-1	-1		-1	3	1200	-1	-1	1	0	0	0	0	0	100	-1	0	-1	0	0	0	-1	0	0	30130	30130	30130	30130	30130	30130	30130	30130	30130	30130	30130	30130	30130	30130	30130	30130	#cFFCC99龙之逆鳞，触者必伤#r#cFFCC00手动技 单体保护#r冷却时间 300秒#r减少主人当前受到的封穴、麻痹、散功、封印、失明技能效果0.9秒#r#c54FF00（放出珍兽后，可以在快捷栏中使用）#r#W技能跟随#G魂境阶级#W的提升而增强	1	0	0	0	1	0
3465	3465	-1	逆鳞	PetSoulSkill2_1	-1	0	0	1	1	1	-1	0	-1	0	2	165					568	-1	0	2	0	0	0	-1	-1	-1	26	1	-1	-1	-1		-1	3	1200	-1	-1	1	0	0	0	0	0	100	-1	0	-1	0	0	0	-1	0	0	30131	30131	30131	30131	30131	30131	30131	30131	30131	30131	30131	30131	30131	30131	30131	30131	#cFFCC99龙之逆鳞，触者必伤#r#cFFCC00手动技 单体保护#r冷却时间 300秒#r减少主人当前受到的封穴、麻痹、散功、封印、失明技能效果1.3秒#r#c54FF00（放出珍兽后，可以在快捷栏中使用）#r#W技能跟随#G魂境阶级#W的提升而增强	1	0	0	0	1	0
3466	3466	-1	逆鳞	PetSoulSkill2_1	-1	0	0	1	1	1	-1	0	-1	0	2	165					568	-1	0	2	0	0	0	-1	-1	-1	26	1	-1	-1	-1		-1	3	1200	-1	-1	1	0	0	0	0	0	100	-1	0	-1	0	0	0	-1	0	0	30132	30132	30132	30132	30132	30132	30132	30132	30132	30132	30132	30132	30132	30132	30132	30132	#cFFCC99龙之逆鳞，触者必伤#r#cFFCC00手动技 单体保护#r冷却时间 300秒#r减少主人当前受到的封穴、麻痹、散功、封印、失明技能效果1.8秒#r#c54FF00（放出珍兽后，可以在快捷栏中使用）#r#W技能跟随#G魂境阶级#W的提升而增强	1	0	0	0	1	0
3467	3467	-1	逆鳞	PetSoulSkill2_1	-1	0	0	1	1	1	-1	0	-1	0	2	165					568	-1	0	2	0	0	0	-1	-1	-1	26	1	-1	-1	-1		-1	3	1200	-1	-1	1	0	0	0	0	0	100	-1	0	-1	0	0	0	-1	0	0	30133	30133	30133	30133	30133	30133	30133	30133	30133	30133	30133	30133	30133	30133	30133	30133	#cFFCC99龙之逆鳞，触者必伤#r#cFFCC00手动技 单体保护#r冷却时间 300秒#r减少主人当前受到的封穴、麻痹、散功、封印、失明技能效果2.3秒#r#c54FF00（放出珍兽后，可以在快捷栏中使用）#r#W技能跟随#G魂境阶级#W的提升而增强	1	0	0	0	1	0
3468	3468	-1	逆鳞	PetSoulSkill2_1	-1	0	0	1	1	1	-1	0	-1	0	2	165					568	-1	0	2	0	0	0	-1	-1	-1	26	1	-1	-1	-1		-1	3	1200	-1	-1	1	0	0	0	0	0	100	-1	0	-1	0	0	0	-1	0	0	30134	30134	30134	30134	30134	30134	30134	30134	30134	30134	30134	30134	30134	30134	30134	30134	#cFFCC99龙之逆鳞，触者必伤#r#cFFCC00手动技 单体保护#r冷却时间 300秒#r减少主人当前受到的封穴、麻痹、散功、封印、失明技能效果3秒#r#c54FF00（放出珍兽后，可以在快捷栏中使用）#r#W技能跟随#G魂境阶级#W的提升而增强	1	0	0	0	1	0
3469	3469	-1	镇伏	PetSoulSkill2_12	-1	0	0	1	1	1	-1	0	-1	0	2	165					619	-1	0	2	0	0	0	-1	-1	-1	26	1	-1	-1	-1		-1	4	1200	-1	-1	-1	1	-1	0	0	0	100	-1	0	-1	10	360	10	-1	0	0	30135	30135	30135	30135	30135	30135	30135	30135	30135	30135	30135	30135	30135	30135	30135	30135	#cFFCC99承天远志，镇伏尘魂#r#cFFCC00手动技 群体虚弱#r冷却时间 120秒#r减弱周围10米范围内的最多10个敌对目标，使其对珍兽造成的伤害降低10%，持续10秒#r#c54FF00（放出珍兽后，可以在快捷栏中使用）#r#W技能跟随#G魂境阶级#W的提升而增强	1	0	0	0	1	0
3470	3470	-1	镇伏	PetSoulSkill2_12	-1	0	0	1	1	1	-1	0	-1	0	2	165					619	-1	0	2	0	0	0	-1	-1	-1	26	1	-1	-1	-1		-1	4	1200	-1	-1	-1	1	-1	0	0	0	100	-1	0	-1	10	360	10	-1	0	0	30136	30136	30136	30136	30136	30136	30136	30136	30136	30136	30136	30136	30136	30136	30136	30136	#cFFCC99承天远志，镇伏尘魂#r#cFFCC00手动技 群体虚弱#r冷却时间 120秒#r减弱周围10米范围内的最多10个敌对目标，使其对珍兽造成的伤害降低20%，持续10秒#r#c54FF00（放出珍兽后，可以在快捷栏中使用）#r#W技能跟随#G魂境阶级#W的提升而增强	1	0	0	0	1	0
3471	3471	-1	镇伏	PetSoulSkill2_12	-1	0	0	1	1	1	-1	0	-1	0	2	165					619	-1	0	2	0	0	0	-1	-1	-1	26	1	-1	-1	-1		-1	4	1200	-1	-1	-1	1	-1	0	0	0	100	-1	0	-1	10	360	10	-1	0	0	30137	30137	30137	30137	30137	30137	30137	30137	30137	30137	30137	30137	30137	30137	30137	30137	#cFFCC99承天远志，镇伏尘魂#r#cFFCC00手动技 群体虚弱#r冷却时间 120秒#r减弱周围10米范围内的最多10个敌对目标，使其对珍兽造成的伤害降低31%，持续10秒#r#c54FF00（放出珍兽后，可以在快捷栏中使用）#r#W技能跟随#G魂境阶级#W的提升而增强	1	0	0	0	1	0
3472	3472	-1	镇伏	PetSoulSkill2_12	-1	0	0	1	1	1	-1	0	-1	0	2	165					619	-1	0	2	0	0	0	-1	-1	-1	26	1	-1	-1	-1		-1	4	1200	-1	-1	-1	1	-1	0	0	0	100	-1	0	-1	10	360	10	-1	0	0	30138	30138	30138	30138	30138	30138	30138	30138	30138	30138	30138	30138	30138	30138	30138	30138	#cFFCC99承天远志，镇伏尘魂#r#cFFCC00手动技 群体虚弱#r冷却时间 120秒#r减弱周围10米范围内的最多10个敌对目标，使其对珍兽造成的伤害降低43%，持续10秒#r#c54FF00（放出珍兽后，可以在快捷栏中使用）#r#W技能跟随#G魂境阶级#W的提升而增强	1	0	0	0	1	0
3473	3473	-1	镇伏	PetSoulSkill2_12	-1	0	0	1	1	1	-1	0	-1	0	2	165					619	-1	0	2	0	0	0	-1	-1	-1	26	1	-1	-1	-1		-1	4	1200	-1	-1	-1	1	-1	0	0	0	100	-1	0	-1	10	360	10	-1	0	0	30139	30139	30139	30139	30139	30139	30139	30139	30139	30139	30139	30139	30139	30139	30139	30139	#cFFCC99承天远志，镇伏尘魂#r#cFFCC00手动技 群体虚弱#r冷却时间 120秒#r减弱周围10米范围内的最多10个敌对目标，使其对珍兽造成的伤害降低55%，持续10秒#r#c54FF00（放出珍兽后，可以在快捷栏中使用）#r#W技能跟随#G魂境阶级#W的提升而增强	1	0	0	0	1	0
3474	3474	-1	镇伏	PetSoulSkill2_12	-1	0	0	1	1	1	-1	0	-1	0	2	165					619	-1	0	2	0	0	0	-1	-1	-1	26	1	-1	-1	-1		-1	4	1200	-1	-1	-1	1	-1	0	0	0	100	-1	0	-1	10	360	10	-1	0	0	30140	30140	30140	30140	30140	30140	30140	30140	30140	30140	30140	30140	30140	30140	30140	30140	#cFFCC99承天远志，镇伏尘魂#r#cFFCC00手动技 群体虚弱#r冷却时间 120秒#r减弱周围10米范围内的最多10个敌对目标，使其对珍兽造成的伤害降低70%，持续10秒#r#c54FF00（放出珍兽后，可以在快捷栏中使用）#r#W技能跟随#G魂境阶级#W的提升而增强	1	0	0	0	1	0
3475	3475	-1	慑天	PetSoulSkill2_6	-1	0	0	1	1	1	-1	0	-1	0	2	165					162	-1	0	2	1	0	1	-1	-1	-1	26	1	-1	-1	-1		-1	1	1200	-1	-1	1	0	1	0	0	0	100	-1	0	-1	0	0	0	-1	0	0	30141	30141	30141	30141	30141	30141	30141	30141	30141	30141	30141	30141	30141	30141	30141	30141	#cFFCC99岚开云驻，且待君临#r#cFFCC00自身特性 继承主人2%的内外功攻击、4%的命中和1%的血上限#r#c54FF00（自动作用）#r#W技能跟随#G魂境阶级#W的提升而增强	1	0	0	0	1	0
3476	3476	-1	慑天	PetSoulSkill2_6	-1	0	0	1	1	1	-1	0	-1	0	2	165					162	-1	0	2	1	0	1	-1	-1	-1	26	1	-1	-1	-1		-1	1	1200	-1	-1	1	0	1	0	0	0	100	-1	0	-1	0	0	0	-1	0	0	30142	30142	30142	30142	30142	30142	30142	30142	30142	30142	30142	30142	30142	30142	30142	30142	#cFFCC99岚开云驻，且待君临#r#cFFCC00自身特性 继承主人4%的内外功攻击、8%的命中和2%的血上限#r#c54FF00（自动作用）#r#W技能跟随#G魂境阶级#W的提升而增强	1	0	0	0	1	0
3477	3477	-1	慑天	PetSoulSkill2_6	-1	0	0	1	1	1	-1	0	-1	0	2	165					162	-1	0	2	1	0	1	-1	-1	-1	26	1	-1	-1	-1		-1	1	1200	-1	-1	1	0	1	0	0	0	100	-1	0	-1	0	0	0	-1	0	0	30143	30143	30143	30143	30143	30143	30143	30143	30143	30143	30143	30143	30143	30143	30143	30143	#cFFCC99岚开云驻，且待君临#r#cFFCC00自身特性 继承主人7%的内外功攻击、13%的命中和3%的血上限#r#c54FF00（自动作用）#r#W技能跟随#G魂境阶级#W的提升而增强	1	0	0	0	1	0
3478	3478	-1	慑天	PetSoulSkill2_6	-1	0	0	1	1	1	-1	0	-1	0	2	165					162	-1	0	2	1	0	1	-1	-1	-1	26	1	-1	-1	-1		-1	1	1200	-1	-1	1	0	1	0	0	0	100	-1	0	-1	0	0	0	-1	0	0	30144	30144	30144	30144	30144	30144	30144	30144	30144	30144	30144	30144	30144	30144	30144	30144	#cFFCC99岚开云驻，且待君临#r#cFFCC00自身特性 继承主人11%的内外功攻击、19%的命中和5%的血上限#r#c54FF00（自动作用）#r#W技能跟随#G魂境阶级#W的提升而增强	1	0	0	0	1	0
3479	3479	-1	慑天	PetSoulSkill2_6	-1	0	0	1	1	1	-1	0	-1	0	2	165					162	-1	0	2	1	0	1	-1	-1	-1	26	1	-1	-1	-1		-1	1	1200	-1	-1	1	0	1	0	0	0	100	-1	0	-1	0	0	0	-1	0	0	30145	30145	30145	30145	30145	30145	30145	30145	30145	30145	30145	30145	30145	30145	30145	30145	#cFFCC99岚开云驻，且待君临#r#cFFCC00自身特性 继承主人15%的内外功攻击、26%的命中和7%的血上限#r#c54FF00（自动作用）#r#W技能跟随#G魂境阶级#W的提升而增强	1	0	0	0	1	0
3480	3480	-1	慑天	PetSoulSkill2_6	-1	0	0	1	1	1	-1	0	-1	0	2	165					162	-1	0	2	1	0	1	-1	-1	-1	26	1	-1	-1	-1		-1	1	1200	-1	-1	1	0	1	0	0	0	100	-1	0	-1	0	0	0	-1	0	0	30146	30146	30146	30146	30146	30146	30146	30146	30146	30146	30146	30146	30146	30146	30146	30146	#cFFCC99岚开云驻，且待君临#r#cFFCC00自身特性 继承主人20%的内外功攻击、35%的命中和10%的血上限#r#c54FF00（自动作用）#r#W技能跟随#G魂境阶级#W的提升而增强	1	0	0	0	1	0
3481	3481	-1	涅槃	PetSoulSkill2_2	-1	0	0	1	1	1	-1	0	-1	0	2	165					162	-1	0	2	1	0	1	-1	-1	-1	26	1	-1	-1	-1		-1	1	1200	-1	-1	1	0	1	0	0	0	100	-1	0	-1	0	0	0	-1	0	0	30147	30147	30147	30147	30147	30147	30147	30147	30147	30147	30147	30147	30147	30147	30147	30147	#cFFCC99烈焰为引，斯年一筹#r#cFFCC00自身特性 死亡后可立即复活，并重置原冷却时间在2分钟及以内的珍兽技能冷却，同时力量、灵气、体力、定力、身法各增加10点，持续5秒，每200秒可触发1次#r#c54FF00（自动作用）#r#W技能跟随#G魂境阶级#W的提升而增强	1	0	0	0	1	0
3482	3482	-1	涅槃	PetSoulSkill2_2	-1	0	0	1	1	1	-1	0	-1	0	2	165					162	-1	0	2	1	0	1	-1	-1	-1	26	1	-1	-1	-1		-1	1	1200	-1	-1	1	0	1	0	0	0	100	-1	0	-1	0	0	0	-1	0	0	30148	30148	30148	30148	30148	30148	30148	30148	30148	30148	30148	30148	30148	30148	30148	30148	#cFFCC99烈焰为引，斯年一筹#r#cFFCC00自身特性 死亡后可立即复活，并重置原冷却时间在2分钟及以内的珍兽技能冷却，同时力量、灵气、体力、定力、身法各增加20点，持续10秒，每200秒可触发1次#r#c54FF00（自动作用）#r#W技能跟随#G魂境阶级#W的提升而增强	1	0	0	0	1	0
3483	3483	-1	涅槃	PetSoulSkill2_2	-1	0	0	1	1	1	-1	0	-1	0	2	165					162	-1	0	2	1	0	1	-1	-1	-1	26	1	-1	-1	-1		-1	1	1200	-1	-1	1	0	1	0	0	0	100	-1	0	-1	0	0	0	-1	0	0	30149	30149	30149	30149	30149	30149	30149	30149	30149	30149	30149	30149	30149	30149	30149	30149	#cFFCC99烈焰为引，斯年一筹#r#cFFCC00自身特性 死亡后可立即复活，并重置原冷却时间在2分钟及以内的珍兽技能冷却，同时力量、灵气、体力、定力、身法各增加35点，持续15秒，每200秒可触发1次#r#c54FF00（自动作用）#r#W技能跟随#G魂境阶级#W的提升而增强	1	0	0	0	1	0
3484	3484	-1	涅槃	PetSoulSkill2_2	-1	0	0	1	1	1	-1	0	-1	0	2	165					162	-1	0	2	1	0	1	-1	-1	-1	26	1	-1	-1	-1		-1	1	1200	-1	-1	1	0	1	0	0	0	100	-1	0	-1	0	0	0	-1	0	0	30150	30150	30150	30150	30150	30150	30150	30150	30150	30150	30150	30150	30150	30150	30150	30150	#cFFCC99烈焰为引，斯年一筹#r#cFFCC00自身特性 死亡后可立即复活，并重置原冷却时间在2分钟及以内的珍兽技能冷却，同时力量、灵气、体力、定力、身法各增加50点，持续20秒，每200秒可触发1次#r#c54FF00（自动作用）#r#W技能跟随#G魂境阶级#W的提升而增强	1	0	0	0	1	0
3485	3485	-1	涅槃	PetSoulSkill2_2	-1	0	0	1	1	1	-1	0	-1	0	2	165					162	-1	0	2	1	0	1	-1	-1	-1	26	1	-1	-1	-1		-1	1	1200	-1	-1	1	0	1	0	0	0	100	-1	0	-1	0	0	0	-1	0	0	30151	30151	30151	30151	30151	30151	30151	30151	30151	30151	30151	30151	30151	30151	30151	30151	#cFFCC99烈焰为引，斯年一筹#r#cFFCC00自身特性 死亡后可立即复活，并重置原冷却时间在2分钟及以内的珍兽技能冷却，同时力量、灵气、体力、定力、身法各增加70点，持续25秒，每200秒可触发1次#r#c54FF00（自动作用）#r#W技能跟随#G魂境阶级#W的提升而增强	1	0	0	0	1	0
3486	3486	-1	涅槃	PetSoulSkill2_2	-1	0	0	1	1	1	-1	0	-1	0	2	165					162	-1	0	2	1	0	1	-1	-1	-1	26	1	-1	-1	-1		-1	1	1200	-1	-1	1	0	1	0	0	0	100	-1	0	-1	0	0	0	-1	0	0	30152	30152	30152	30152	30152	30152	30152	30152	30152	30152	30152	30152	30152	30152	30152	30152	#cFFCC99烈焰为引，斯年一筹#r#cFFCC00自身特性 死亡后可立即复活，并重置原冷却时间在2分钟及以内的珍兽技能冷却，同时力量、灵气、体力、定力、身法各增加100点，持续30秒，每200秒可触发1次#r#c54FF00（自动作用）#r#W技能跟随#G魂境阶级#W的提升而增强	1	0	0	0	1	0
3487	3487	-1	千幻	PetSoulSkill2_3	-1	0	0	1	1	1	-1	0	-1	0	2	165					620	-1	0	2	0	0	0	-1	-1	-1	26	1	-1	-1	-1		-1	4	1200	-1	-1	-1	1	1	0	0	0	100	-1	0	-1	10	360	12	-1	0	0	30153	30153	30153	30153	30153	30153	30153	30153	30153	30153	30153	30153	30153	30153	30153	30153	#cFFCC99千幻现世，万籁皆宁#r#cFFCC00手动技 群体伤害 群体散功#r冷却时间 120秒#r对周围10米范围内的最多12个敌对珍兽目标造成一次普攻伤害，并按照对方珍兽兽魂类型造成散功效果，神兽1秒，荒兽3秒，灵兽5秒，无兽魂7秒#r#c54FF00（放出珍兽后，可以在快捷栏中使用）#r#W技能跟随#G魂境阶级#W的提升而增强	1	0	0	0	1	0
3488	3488	-1	千幻	PetSoulSkill2_3	-1	0	0	1	1	1	-1	0	-1	0	2	165					620	-1	0	2	0	0	0	-1	-1	-1	26	1	-1	-1	-1		-1	4	1200	-1	-1	-1	1	1	0	0	0	100	-1	0	-1	10	360	12	-1	0	0	30154	30154	30154	30154	30154	30154	30154	30154	30154	30154	30154	30154	30154	30154	30154	30154	#cFFCC99千幻现世，万籁皆宁#r#cFFCC00手动技 群体伤害 群体散功#r冷却时间 120秒#r对周围10米范围内的最多12个敌对珍兽目标造成一次普攻伤害，并按照对方珍兽兽魂类型造成散功效果，神兽2秒，荒兽4秒，灵兽6秒，无兽魂8秒#r#c54FF00（放出珍兽后，可以在快捷栏中使用）#r#W技能跟随#G魂境阶级#W的提升而增强	1	0	0	0	1	0
3489	3489	-1	千幻	PetSoulSkill2_3	-1	0	0	1	1	1	-1	0	-1	0	2	165					620	-1	0	2	0	0	0	-1	-1	-1	26	1	-1	-1	-1		-1	4	1200	-1	-1	-1	1	1	0	0	0	100	-1	0	-1	10	360	12	-1	0	0	30155	30155	30155	30155	30155	30155	30155	30155	30155	30155	30155	30155	30155	30155	30155	30155	#cFFCC99千幻现世，万籁皆宁#r#cFFCC00手动技 群体伤害 群体散功#r冷却时间 120秒#r对周围10米范围内的最多12个敌对珍兽目标造成一次普攻伤害，并按照对方珍兽兽魂类型造成散功效果，神兽3秒，荒兽5秒，灵兽7秒，无兽魂9秒#r#c54FF00（放出珍兽后，可以在快捷栏中使用）#r#W技能跟随#G魂境阶级#W的提升而增强	1	0	0	0	1	0
3490	3490	-1	千幻	PetSoulSkill2_3	-1	0	0	1	1	1	-1	0	-1	0	2	165					620	-1	0	2	0	0	0	-1	-1	-1	26	1	-1	-1	-1		-1	4	1200	-1	-1	-1	1	1	0	0	0	100	-1	0	-1	10	360	12	-1	0	0	30156	30156	30156	30156	30156	30156	30156	30156	30156	30156	30156	30156	30156	30156	30156	30156	#cFFCC99千幻现世，万籁皆宁#r#cFFCC00手动技 群体伤害 群体散功#r冷却时间 120秒#r对周围10米范围内的最多12个敌对珍兽目标造成一次普攻伤害，并按照对方珍兽兽魂类型造成散功效果，神兽4秒，荒兽6秒，灵兽8秒，无兽魂10秒#r#c54FF00（放出珍兽后，可以在快捷栏中使用）#r#W技能跟随#G魂境阶级#W的提升而增强	1	0	0	0	1	0
3491	3491	-1	千幻	PetSoulSkill2_3	-1	0	0	1	1	1	-1	0	-1	0	2	165					620	-1	0	2	0	0	0	-1	-1	-1	26	1	-1	-1	-1		-1	4	1200	-1	-1	-1	1	1	0	0	0	100	-1	0	-1	10	360	12	-1	0	0	30157	30157	30157	30157	30157	30157	30157	30157	30157	30157	30157	30157	30157	30157	30157	30157	#cFFCC99千幻现世，万籁皆宁#r#cFFCC00手动技 群体伤害 群体散功#r冷却时间 120秒#r对周围10米范围内的最多12个敌对珍兽目标造成一次普攻伤害，并按照对方珍兽兽魂类型造成散功效果，神兽5秒，荒兽7秒，灵兽9秒，无兽魂11秒#r#c54FF00（放出珍兽后，可以在快捷栏中使用）#r#W技能跟随#G魂境阶级#W的提升而增强	1	0	0	0	1	0
3492	3492	-1	千幻	PetSoulSkill2_3	-1	0	0	1	1	1	-1	0	-1	0	2	165					620	-1	0	2	0	0	0	-1	-1	-1	26	1	-1	-1	-1		-1	4	1200	-1	-1	-1	1	1	0	0	0	100	-1	0	-1	10	360	12	-1	0	0	30158	30158	30158	30158	30158	30158	30158	30158	30158	30158	30158	30158	30158	30158	30158	30158	#cFFCC99千幻现世，万籁皆宁#r#cFFCC00手动技 群体伤害 群体散功#r冷却时间 120秒#r对周围10米范围内的最多12个敌对珍兽目标造成一次普攻伤害，并按照对方珍兽兽魂类型造成散功效果，神兽6秒，荒兽8秒，灵兽10秒，无兽魂12秒#r#c54FF00（放出珍兽后，可以在快捷栏中使用）#r#W技能跟随#G魂境阶级#W的提升而增强	1	0	0	0	1	0
3493	3493	-1	溯洄	PetSoulSkill2_8	-1	0	0	1	1	1	-1	0	-1	0	2	165					162	-1	0	2	1	0	1	-1	-1	-1	26	1	-1	-1	-1		-1	1	1200	-1	-1	1	0	1	0	0	0	100	-1	0	-1	0	0	0	-1	0	0	30159	30159	30159	30159	30159	30159	30159	30159	30159	30159	30159	30159	30159	30159	30159	30159	#cFFCC99纵逝不亡，溯洄不离#r#cFFCC00自身特性 死亡后可使主人在2秒内的任何状态下，瞬发召唤1只珍兽，且使召唤出的珍兽无敌2秒#r#c54FF00（自动作用）#r#W技能跟随#G魂境阶级#W的提升而增强	1	0	0	0	1	0
3494	3494	-1	溯洄	PetSoulSkill2_8	-1	0	0	1	1	1	-1	0	-1	0	2	165					162	-1	0	2	1	0	1	-1	-1	-1	26	1	-1	-1	-1		-1	1	1200	-1	-1	1	0	1	0	0	0	100	-1	0	-1	0	0	0	-1	0	0	30160	30160	30160	30160	30160	30160	30160	30160	30160	30160	30160	30160	30160	30160	30160	30160	#cFFCC99纵逝不亡，溯洄不离#r#cFFCC00自身特性 死亡后可使主人在4秒内的任何状态下，瞬发召唤1只珍兽，且使召唤出的珍兽无敌2秒#r#c54FF00（自动作用）#r#W技能跟随#G魂境阶级#W的提升而增强	1	0	0	0	1	0
3495	3495	-1	溯洄	PetSoulSkill2_8	-1	0	0	1	1	1	-1	0	-1	0	2	165					162	-1	0	2	1	0	1	-1	-1	-1	26	1	-1	-1	-1		-1	1	1200	-1	-1	1	0	1	0	0	0	100	-1	0	-1	0	0	0	-1	0	0	30161	30161	30161	30161	30161	30161	30161	30161	30161	30161	30161	30161	30161	30161	30161	30161	#cFFCC99纵逝不亡，溯洄不离#r#cFFCC00自身特性 死亡后可使主人在6秒内的任何状态下，瞬发召唤1只珍兽，且使召唤出的珍兽无敌2秒#r#c54FF00（自动作用）#r#W技能跟随#G魂境阶级#W的提升而增强	1	0	0	0	1	0
3496	3496	-1	溯洄	PetSoulSkill2_8	-1	0	0	1	1	1	-1	0	-1	0	2	165					162	-1	0	2	1	0	1	-1	-1	-1	26	1	-1	-1	-1		-1	1	1200	-1	-1	1	0	1	0	0	0	100	-1	0	-1	0	0	0	-1	0	0	30162	30162	30162	30162	30162	30162	30162	30162	30162	30162	30162	30162	30162	30162	30162	30162	#cFFCC99纵逝不亡，溯洄不离#r#cFFCC00自身特性 死亡后可使主人在8秒内的任何状态下，瞬发召唤1只珍兽，且使召唤出的珍兽无敌2秒#r#c54FF00（自动作用）#r#W技能跟随#G魂境阶级#W的提升而增强	1	0	0	0	1	0
3497	3497	-1	溯洄	PetSoulSkill2_8	-1	0	0	1	1	1	-1	0	-1	0	2	165					162	-1	0	2	1	0	1	-1	-1	-1	26	1	-1	-1	-1		-1	1	1200	-1	-1	1	0	1	0	0	0	100	-1	0	-1	0	0	0	-1	0	0	30163	30163	30163	30163	30163	30163	30163	30163	30163	30163	30163	30163	30163	30163	30163	30163	#cFFCC99纵逝不亡，溯洄不离#r#cFFCC00自身特性 死亡后可使主人在11秒内的任何状态下，瞬发召唤1只珍兽，且使召唤出的珍兽无敌2秒#r#c54FF00（自动作用）#r#W技能跟随#G魂境阶级#W的提升而增强	1	0	0	0	1	0
3498	3498	-1	溯洄	PetSoulSkill2_8	-1	0	0	1	1	1	-1	0	-1	0	2	165					162	-1	0	2	1	0	1	-1	-1	-1	26	1	-1	-1	-1		-1	1	1200	-1	-1	1	0	1	0	0	0	100	-1	0	-1	0	0	0	-1	0	0	30164	30164	30164	30164	30164	30164	30164	30164	30164	30164	30164	30164	30164	30164	30164	30164	#cFFCC99纵逝不亡，溯洄不离#r#cFFCC00自身特性 死亡后可使主人在15秒内的任何状态下，瞬发召唤1只珍兽，且使召唤出的珍兽无敌2秒#r#c54FF00（自动作用）#r#W技能跟随#G魂境阶级#W的提升而增强	1	0	0	0	1	0
3499	3499	-1	萦舞	PetSoulSkill1_16	-1	0	0	1	1	1	-1	0	-1	0	2	165					568	-1	0	2	0	0	0	-1	-1	-1	26	1	-1	-1	-1		-1	3	1200	-1	-1	1	0	0	0	0	0	100	-1	0	-1	0	0	0	-1	0	0	30165	30165	30165	30165	30165	30165	30165	30165	30165	30165	30165	30165	30165	30165	30165	30165	#cFFCC99翩然灵散，赠君桃源#r#cFFCC00手动技 单体保护#r冷却时间 300秒#r牺牲自己，使主人进入无敌、围困状态，持续2秒#r#c54FF00（放出珍兽后，可以在快捷栏中使用）#r#W技能跟随#G魂境阶级#W的提升而增强	1	0	0	0	1	0
3500	3500	-1	萦舞	PetSoulSkill1_16	-1	0	0	1	1	1	-1	0	-1	0	2	165					568	-1	0	2	0	0	0	-1	-1	-1	26	1	-1	-1	-1		-1	3	1200	-1	-1	1	0	0	0	0	0	100	-1	0	-1	0	0	0	-1	0	0	30166	30166	30166	30166	30166	30166	30166	30166	30166	30166	30166	30166	30166	30166	30166	30166	#cFFCC99翩然灵散，赠君桃源#r#cFFCC00手动技 单体保护#r冷却时间 300秒#r牺牲自己，使主人进入无敌、围困状态，持续4秒#r#c54FF00（放出珍兽后，可以在快捷栏中使用）#r#W技能跟随#G魂境阶级#W的提升而增强	1	0	0	0	1	0
3501	3501	-1	萦舞	PetSoulSkill1_16	-1	0	0	1	1	1	-1	0	-1	0	2	165					568	-1	0	2	0	0	0	-1	-1	-1	26	1	-1	-1	-1		-1	3	1200	-1	-1	1	0	0	0	0	0	100	-1	0	-1	0	0	0	-1	0	0	30167	30167	30167	30167	30167	30167	30167	30167	30167	30167	30167	30167	30167	30167	30167	30167	#cFFCC99翩然灵散，赠君桃源#r#cFFCC00手动技 单体保护#r冷却时间 300秒#r牺牲自己，使主人进入无敌、围困状态，持续6秒#r#c54FF00（放出珍兽后，可以在快捷栏中使用）#r#W技能跟随#G魂境阶级#W的提升而增强	1	0	0	0	1	0
3502	3502	-1	萦舞	PetSoulSkill1_16	-1	0	0	1	1	1	-1	0	-1	0	2	165					568	-1	0	2	0	0	0	-1	-1	-1	26	1	-1	-1	-1		-1	3	1200	-1	-1	1	0	0	0	0	0	100	-1	0	-1	0	0	0	-1	0	0	30168	30168	30168	30168	30168	30168	30168	30168	30168	30168	30168	30168	30168	30168	30168	30168	#cFFCC99翩然灵散，赠君桃源#r#cFFCC00手动技 单体保护#r冷却时间 300秒#r牺牲自己，使主人进入无敌、围困状态，持续8秒#r#c54FF00（放出珍兽后，可以在快捷栏中使用）#r#W技能跟随#G魂境阶级#W的提升而增强	1	0	0	0	1	0
3503	3503	-1	萦舞	PetSoulSkill1_16	-1	0	0	1	1	1	-1	0	-1	0	2	165					568	-1	0	2	0	0	0	-1	-1	-1	26	1	-1	-1	-1		-1	3	1200	-1	-1	1	0	0	0	0	0	100	-1	0	-1	0	0	0	-1	0	0	30169	30169	30169	30169	30169	30169	30169	30169	30169	30169	30169	30169	30169	30169	30169	30169	#cFFCC99翩然灵散，赠君桃源#r#cFFCC00手动技 单体保护#r冷却时间 300秒#r牺牲自己，使主人进入无敌、围困状态，持续11秒#r#c54FF00（放出珍兽后，可以在快捷栏中使用）#r#W技能跟随#G魂境阶级#W的提升而增强	1	0	0	0	1	0
3504	3504	-1	萦舞	PetSoulSkill1_16	-1	0	0	1	1	1	-1	0	-1	0	2	165					568	-1	0	2	0	0	0	-1	-1	-1	26	1	-1	-1	-1		-1	3	1200	-1	-1	1	0	0	0	0	0	100	-1	0	-1	0	0	0	-1	0	0	30170	30170	30170	30170	30170	30170	30170	30170	30170	30170	30170	30170	30170	30170	30170	30170	#cFFCC99翩然灵散，赠君桃源#r#cFFCC00手动技 单体保护#r冷却时间 300秒#r牺牲自己，使主人进入无敌、围困状态，持续15秒#r#c54FF00（放出珍兽后，可以在快捷栏中使用）#r#W技能跟随#G魂境阶级#W的提升而增强	1	0	0	0	1	0
3505	3505	-1	寻影	PetSoulSkill2_11	-1	0	0	1	1	1	-1	0	-1	0	2	165					162	-1	0	2	0	1	0	-1	-1	-1	26	1	-1	-1	-1		-1	5	1200	-1	-1	-1	1	0	0	0	0	100	-1	0	-1	0	0	0	-1	0	0	30171	30171	30171	30171	30171	30171	30171	30171	30171	30171	30171	30171	30171	30171	30171	30171	#cFFCC99莫可隐迹，莫可逃离#r#cFFCC00手动技 单体控制#r冷却时间 120秒#r标记目标，使目标无法隐身，无法使用传送道具，无法回城。切换场景消失，持续5秒#r#c54FF00（放出珍兽后，可以在快捷栏中使用）#r#W技能跟随#G魂境阶级#W的提升而增强	1	0	0	0	1	0
3506	3506	-1	寻影	PetSoulSkill2_11	-1	0	0	1	1	1	-1	0	-1	0	2	165					162	-1	0	2	0	1	0	-1	-1	-1	26	1	-1	-1	-1		-1	5	1200	-1	-1	-1	1	0	0	0	0	100	-1	0	-1	0	0	0	-1	0	0	30172	30172	30172	30172	30172	30172	30172	30172	30172	30172	30172	30172	30172	30172	30172	30172	#cFFCC99莫可隐迹，莫可逃离#r#cFFCC00手动技 单体控制#r冷却时间 120秒#r标记目标，使目标无法隐身，无法使用传送道具，无法回城。切换场景消失，持续10秒#r#c54FF00（放出珍兽后，可以在快捷栏中使用）#r#W技能跟随#G魂境阶级#W的提升而增强	1	0	0	0	1	0
3507	3507	-1	寻影	PetSoulSkill2_11	-1	0	0	1	1	1	-1	0	-1	0	2	165					162	-1	0	2	0	1	0	-1	-1	-1	26	1	-1	-1	-1		-1	5	1200	-1	-1	-1	1	0	0	0	0	100	-1	0	-1	0	0	0	-1	0	0	30173	30173	30173	30173	30173	30173	30173	30173	30173	30173	30173	30173	30173	30173	30173	30173	#cFFCC99莫可隐迹，莫可逃离#r#cFFCC00手动技 单体控制#r冷却时间 120秒#r标记目标，使目标无法隐身，无法使用传送道具，无法回城。切换场景消失，持续15秒#r#c54FF00（放出珍兽后，可以在快捷栏中使用）#r#W技能跟随#G魂境阶级#W的提升而增强	1	0	0	0	1	0
3508	3508	-1	寻影	PetSoulSkill2_11	-1	0	0	1	1	1	-1	0	-1	0	2	165					162	-1	0	2	0	1	0	-1	-1	-1	26	1	-1	-1	-1		-1	5	1200	-1	-1	-1	1	0	0	0	0	100	-1	0	-1	0	0	0	-1	0	0	30174	30174	30174	30174	30174	30174	30174	30174	30174	30174	30174	30174	30174	30174	30174	30174	#cFFCC99莫可隐迹，莫可逃离#r#cFFCC00手动技 单体控制#r冷却时间 120秒#r标记目标，使目标无法隐身，无法使用传送道具，无法回城。切换场景消失，持续20秒#r#c54FF00（放出珍兽后，可以在快捷栏中使用）#r#W技能跟随#G魂境阶级#W的提升而增强	1	0	0	0	1	0
3509	3509	-1	寻影	PetSoulSkill2_11	-1	0	0	1	1	1	-1	0	-1	0	2	165					162	-1	0	2	0	1	0	-1	-1	-1	26	1	-1	-1	-1		-1	5	1200	-1	-1	-1	1	0	0	0	0	100	-1	0	-1	0	0	0	-1	0	0	30175	30175	30175	30175	30175	30175	30175	30175	30175	30175	30175	30175	30175	30175	30175	30175	#cFFCC99莫可隐迹，莫可逃离#r#cFFCC00手动技 单体控制#r冷却时间 120秒#r标记目标，使目标无法隐身，无法使用传送道具，无法回城。切换场景消失，持续30秒#r#c54FF00（放出珍兽后，可以在快捷栏中使用）#r#W技能跟随#G魂境阶级#W的提升而增强	1	0	0	0	1	0
3510	3510	-1	寻影	PetSoulSkill2_11	-1	0	0	1	1	1	-1	0	-1	0	2	165					162	-1	0	2	0	1	0	-1	-1	-1	26	1	-1	-1	-1		-1	5	1200	-1	-1	-1	1	0	0	0	0	100	-1	0	-1	0	0	0	-1	0	0	30176	30176	30176	30176	30176	30176	30176	30176	30176	30176	30176	30176	30176	30176	30176	30176	#cFFCC99莫可隐迹，莫可逃离#r#cFFCC00手动技 单体控制#r冷却时间 120秒#r标记目标，使目标无法隐身，无法使用传送道具，无法回城。切换场景消失，持续40秒#r#c54FF00（放出珍兽后，可以在快捷栏中使用）#r#W技能跟随#G魂境阶级#W的提升而增强	1	0	0	0	1	0
3511	3511	-1	夕照	PetSoulSkill1_9	-1	0	0	1	1	1	-1	0	-1	0	2	165					162	-1	0	2	1	0	1	-1	-1	-1	26	1	-1	-1	-1		-1	1	1200	-1	-1	1	0	1	0	0	0	100	-1	0	-1	0	0	0	-1	0	0	30177	30177	30177	30177	30177	30177	30177	30177	30177	30177	30177	30177	30177	30177	30177	30177	#cFFCC99风霜相迫，夕照相迎#r#cFFCC00自身特性 受到致命一击时，免疫此次伤害，并获得有5000生命值的护盾，护盾承受100%伤害，同时不受控制，每200秒可触发1次#r#c54FF00（自动作用）#r#W技能跟随#G魂境阶级#W的提升而增强	1	0	0	0	1	0
3512	3512	-1	夕照	PetSoulSkill1_9	-1	0	0	1	1	1	-1	0	-1	0	2	165					162	-1	0	2	1	0	1	-1	-1	-1	26	1	-1	-1	-1		-1	1	1200	-1	-1	1	0	1	0	0	0	100	-1	0	-1	0	0	0	-1	0	0	30178	30178	30178	30178	30178	30178	30178	30178	30178	30178	30178	30178	30178	30178	30178	30178	#cFFCC99风霜相迫，夕照相迎#r#cFFCC00自身特性 受到致命一击时，免疫此次伤害，并获得有10000生命值的护盾，护盾承受100%伤害，同时不受控制，每200秒可触发1次#r#c54FF00（自动作用）#r#W技能跟随#G魂境阶级#W的提升而增强	1	0	0	0	1	0
3513	3513	-1	夕照	PetSoulSkill1_9	-1	0	0	1	1	1	-1	0	-1	0	2	165					162	-1	0	2	1	0	1	-1	-1	-1	26	1	-1	-1	-1		-1	1	1200	-1	-1	1	0	1	0	0	0	100	-1	0	-1	0	0	0	-1	0	0	30179	30179	30179	30179	30179	30179	30179	30179	30179	30179	30179	30179	30179	30179	30179	30179	#cFFCC99风霜相迫，夕照相迎#r#cFFCC00自身特性 受到致命一击时，免疫此次伤害，并获得有15000生命值的护盾，护盾承受100%伤害，同时不受控制，每200秒可触发1次#r#c54FF00（自动作用）#r#W技能跟随#G魂境阶级#W的提升而增强	1	0	0	0	1	0
3514	3514	-1	夕照	PetSoulSkill1_9	-1	0	0	1	1	1	-1	0	-1	0	2	165					162	-1	0	2	1	0	1	-1	-1	-1	26	1	-1	-1	-1		-1	1	1200	-1	-1	1	0	1	0	0	0	100	-1	0	-1	0	0	0	-1	0	0	30180	30180	30180	30180	30180	30180	30180	30180	30180	30180	30180	30180	30180	30180	30180	30180	#cFFCC99风霜相迫，夕照相迎#r#cFFCC00自身特性 受到致命一击时，免疫此次伤害，并获得有20000生命值的护盾，护盾承受100%伤害，同时不受控制，每200秒可触发1次#r#c54FF00（自动作用）#r#W技能跟随#G魂境阶级#W的提升而增强	1	0	0	0	1	0
3515	3515	-1	夕照	PetSoulSkill1_9	-1	0	0	1	1	1	-1	0	-1	0	2	165					162	-1	0	2	1	0	1	-1	-1	-1	26	1	-1	-1	-1		-1	1	1200	-1	-1	1	0	1	0	0	0	100	-1	0	-1	0	0	0	-1	0	0	30181	30181	30181	30181	30181	30181	30181	30181	30181	30181	30181	30181	30181	30181	30181	30181	#cFFCC99风霜相迫，夕照相迎#r#cFFCC00自身特性 受到致命一击时，免疫此次伤害，并获得有30000生命值的护盾，护盾承受100%伤害，同时不受控制，每200秒可触发1次#r#c54FF00（自动作用）#r#W技能跟随#G魂境阶级#W的提升而增强	1	0	0	0	1	0
3516	3516	-1	夕照	PetSoulSkill1_9	-1	0	0	1	1	1	-1	0	-1	0	2	165					162	-1	0	2	1	0	1	-1	-1	-1	26	1	-1	-1	-1		-1	1	1200	-1	-1	1	0	1	0	0	0	100	-1	0	-1	0	0	0	-1	0	0	30182	30182	30182	30182	30182	30182	30182	30182	30182	30182	30182	30182	30182	30182	30182	30182	#cFFCC99风霜相迫，夕照相迎#r#cFFCC00自身特性 受到致命一击时，免疫此次伤害，并获得有40000生命值的护盾，护盾承受100%伤害，同时不受控制，每200秒可触发1次#r#c54FF00（自动作用）#r#W技能跟随#G魂境阶级#W的提升而增强	1	0	0	0	1	0
3517	3517	-1	灵犀	PetSoulSkill1_14	-1	0	0	1	1	1	-1	0	-1	0	2	165					568	-1	0	2	0	0	0	-1	-1	-1	26	1	-1	-1	-1		-1	3	1200	-1	-1	1	0	0	0	0	0	100	-1	0	-1	0	0	0	-1	0	0	30183	30183	30183	30183	30183	30183	30183	30183	30183	30183	30183	30183	30183	30183	30183	30183	#cFFCC99灵犀一念，心共婵娟#r#cFFCC00手动技 单体强化#r冷却时间 120秒#r增加主人1%命中率，减少主人1%闪避率，持续15秒#r#c54FF00（放出珍兽后，可以在快捷栏中使用）#r#W技能跟随#G魂境阶级#W的提升而增强	1	0	0	0	1	0
3518	3518	-1	灵犀	PetSoulSkill1_14	-1	0	0	1	1	1	-1	0	-1	0	2	165					568	-1	0	2	0	0	0	-1	-1	-1	26	1	-1	-1	-1		-1	3	1200	-1	-1	1	0	0	0	0	0	100	-1	0	-1	0	0	0	-1	0	0	30184	30184	30184	30184	30184	30184	30184	30184	30184	30184	30184	30184	30184	30184	30184	30184	#cFFCC99灵犀一念，心共婵娟#r#cFFCC00手动技 单体强化#r冷却时间 120秒#r增加主人2%命中率，减少主人2%闪避率，持续15秒#r#c54FF00（放出珍兽后，可以在快捷栏中使用）#r#W技能跟随#G魂境阶级#W的提升而增强	1	0	0	0	1	0
3519	3519	-1	灵犀	PetSoulSkill1_14	-1	0	0	1	1	1	-1	0	-1	0	2	165					568	-1	0	2	0	0	0	-1	-1	-1	26	1	-1	-1	-1		-1	3	1200	-1	-1	1	0	0	0	0	0	100	-1	0	-1	0	0	0	-1	0	0	30185	30185	30185	30185	30185	30185	30185	30185	30185	30185	30185	30185	30185	30185	30185	30185	#cFFCC99灵犀一念，心共婵娟#r#cFFCC00手动技 单体强化#r冷却时间 120秒#r增加主人3%命中率，减少主人3%闪避率，持续15秒#r#c54FF00（放出珍兽后，可以在快捷栏中使用）#r#W技能跟随#G魂境阶级#W的提升而增强	1	0	0	0	1	0
3520	3520	-1	灵犀	PetSoulSkill1_14	-1	0	0	1	1	1	-1	0	-1	0	2	165					568	-1	0	2	0	0	0	-1	-1	-1	26	1	-1	-1	-1		-1	3	1200	-1	-1	1	0	0	0	0	0	100	-1	0	-1	0	0	0	-1	0	0	30186	30186	30186	30186	30186	30186	30186	30186	30186	30186	30186	30186	30186	30186	30186	30186	#cFFCC99灵犀一念，心共婵娟#r#cFFCC00手动技 单体强化#r冷却时间 120秒#r增加主人5%命中率，减少主人5%闪避率，持续15秒#r#c54FF00（放出珍兽后，可以在快捷栏中使用）#r#W技能跟随#G魂境阶级#W的提升而增强	1	0	0	0	1	0
3521	3521	-1	灵犀	PetSoulSkill1_14	-1	0	0	1	1	1	-1	0	-1	0	2	165					568	-1	0	2	0	0	0	-1	-1	-1	26	1	-1	-1	-1		-1	3	1200	-1	-1	1	0	0	0	0	0	100	-1	0	-1	0	0	0	-1	0	0	30187	30187	30187	30187	30187	30187	30187	30187	30187	30187	30187	30187	30187	30187	30187	30187	#cFFCC99灵犀一念，心共婵娟#r#cFFCC00手动技 单体强化#r冷却时间 120秒#r增加主人7%命中率，减少主人7%闪避率，持续15秒#r#c54FF00（放出珍兽后，可以在快捷栏中使用）#r#W技能跟随#G魂境阶级#W的提升而增强	1	0	0	0	1	0
3522	3522	-1	灵犀	PetSoulSkill1_14	-1	0	0	1	1	1	-1	0	-1	0	2	165					568	-1	0	2	0	0	0	-1	-1	-1	26	1	-1	-1	-1		-1	3	1200	-1	-1	1	0	0	0	0	0	100	-1	0	-1	0	0	0	-1	0	0	30188	30188	30188	30188	30188	30188	30188	30188	30188	30188	30188	30188	30188	30188	30188	30188	#cFFCC99灵犀一念，心共婵娟#r#cFFCC00手动技 单体强化#r冷却时间 120秒#r增加主人10%命中率，减少主人10%闪避率，持续15秒#r#c54FF00（放出珍兽后，可以在快捷栏中使用）#r#W技能跟随#G魂境阶级#W的提升而增强	1	0	0	0	1	0
3523	3523	-1	撼岳	PetSoulSkill1_7	-1	0	0	1	1	1	-1	0	-1	0	2	165					621	-1	0	2	0	0	0	-1	-1	-1	26	1	-1	-1	-1		-1	4	1200	-1	-1	-1	1	-1	0	0	0	100	-1	0	-1	6	360	10	-1	0	0	30189	30189	30189	30189	30189	30189	30189	30189	30189	30189	30189	30189	30189	30189	30189	30189	#cFFCC99列缺霹雳，丘峦崩摧#r#cFFCC00手动技 群体攻击#r冷却时间 120秒#r对自身6米范围内最多10个目标造成一次100%的伤害#r#c54FF00（放出珍兽后，可以在快捷栏中使用）#r#W技能跟随#G魂境阶级#W的提升而增强	1	0	0	0	1	0
3524	3524	-1	撼岳	PetSoulSkill1_7	-1	0	0	1	1	1	-1	0	-1	0	2	165					621	-1	0	2	0	0	0	-1	-1	-1	26	1	-1	-1	-1		-1	4	1200	-1	-1	-1	1	-1	0	0	0	100	-1	0	-1	6	360	10	-1	0	0	30190	30190	30190	30190	30190	30190	30190	30190	30190	30190	30190	30190	30190	30190	30190	30190	#cFFCC99列缺霹雳，丘峦崩摧#r#cFFCC00手动技 群体攻击#r冷却时间 120秒#r对自身6米范围内最多10个目标造成一次110%的伤害#r#c54FF00（放出珍兽后，可以在快捷栏中使用）#r#W技能跟随#G魂境阶级#W的提升而增强	1	0	0	0	1	0
3525	3525	-1	撼岳	PetSoulSkill1_7	-1	0	0	1	1	1	-1	0	-1	0	2	165					621	-1	0	2	0	0	0	-1	-1	-1	26	1	-1	-1	-1		-1	4	1200	-1	-1	-1	1	-1	0	0	0	100	-1	0	-1	6	360	10	-1	0	0	30191	30191	30191	30191	30191	30191	30191	30191	30191	30191	30191	30191	30191	30191	30191	30191	#cFFCC99列缺霹雳，丘峦崩摧#r#cFFCC00手动技 群体攻击#r冷却时间 120秒#r对自身6米范围内最多10个目标造成一次125%的伤害#r#c54FF00（放出珍兽后，可以在快捷栏中使用）#r#W技能跟随#G魂境阶级#W的提升而增强	1	0	0	0	1	0
3526	3526	-1	撼岳	PetSoulSkill1_7	-1	0	0	1	1	1	-1	0	-1	0	2	165					621	-1	0	2	0	0	0	-1	-1	-1	26	1	-1	-1	-1		-1	4	1200	-1	-1	-1	1	-1	0	0	0	100	-1	0	-1	6	360	10	-1	0	0	30192	30192	30192	30192	30192	30192	30192	30192	30192	30192	30192	30192	30192	30192	30192	30192	#cFFCC99列缺霹雳，丘峦崩摧#r#cFFCC00手动技 群体攻击#r冷却时间 120秒#r对自身6米范围内最多10个目标造成一次145%的伤害#r#c54FF00（放出珍兽后，可以在快捷栏中使用）#r#W技能跟随#G魂境阶级#W的提升而增强	1	0	0	0	1	0
3527	3527	-1	撼岳	PetSoulSkill1_7	-1	0	0	1	1	1	-1	0	-1	0	2	165					621	-1	0	2	0	0	0	-1	-1	-1	26	1	-1	-1	-1		-1	4	1200	-1	-1	-1	1	-1	0	0	0	100	-1	0	-1	6	360	10	-1	0	0	30193	30193	30193	30193	30193	30193	30193	30193	30193	30193	30193	30193	30193	30193	30193	30193	#cFFCC99列缺霹雳，丘峦崩摧#r#cFFCC00手动技 群体攻击#r冷却时间 120秒#r对自身6米范围内最多10个目标造成一次170%的伤害#r#c54FF00（放出珍兽后，可以在快捷栏中使用）#r#W技能跟随#G魂境阶级#W的提升而增强	1	0	0	0	1	0
3528	3528	-1	撼岳	PetSoulSkill1_7	-1	0	0	1	1	1	-1	0	-1	0	2	165					621	-1	0	2	0	0	0	-1	-1	-1	26	1	-1	-1	-1		-1	4	1200	-1	-1	-1	1	-1	0	0	0	100	-1	0	-1	6	360	10	-1	0	0	30194	30194	30194	30194	30194	30194	30194	30194	30194	30194	30194	30194	30194	30194	30194	30194	#cFFCC99列缺霹雳，丘峦崩摧#r#cFFCC00手动技 群体攻击#r冷却时间 120秒#r对自身6米范围内最多10个目标造成一次200%的伤害#r#c54FF00（放出珍兽后，可以在快捷栏中使用）#r#W技能跟随#G魂境阶级#W的提升而增强	1	0	0	0	1	0
3529	3529	-1	逐风	PetSoulSkill2_14	-1	0	0	1	1	1	-1	0	-1	0	2	165					568	-1	0	2	0	0	0	-1	-1	-1	26	1	-1	-1	-1		-1	3	1200	-1	-1	1	0	0	0	0	0	100	-1	0	-1	0	0	0	-1	0	0	30195	30195	30195	30195	30195	30195	30195	30195	30195	30195	30195	30195	30195	30195	30195	30195	#cFFCC99逐风广陌，万里一息#r#cFFCC00手动技 单体强化#r冷却时间 200秒#r提高主人移动速度15%，持续10秒#r#c54FF00（放出珍兽后，可以在快捷栏中使用）#r#W技能跟随#G魂境阶级#W的提升而增强	1	0	0	0	1	0
3530	3530	-1	逐风	PetSoulSkill2_14	-1	0	0	1	1	1	-1	0	-1	0	2	165					568	-1	0	2	0	0	0	-1	-1	-1	26	1	-1	-1	-1		-1	3	1200	-1	-1	1	0	0	0	0	0	100	-1	0	-1	0	0	0	-1	0	0	30196	30196	30196	30196	30196	30196	30196	30196	30196	30196	30196	30196	30196	30196	30196	30196	#cFFCC99逐风广陌，万里一息#r#cFFCC00手动技 单体强化#r冷却时间 200秒#r提高主人移动速度20%，持续10秒#r#c54FF00（放出珍兽后，可以在快捷栏中使用）#r#W技能跟随#G魂境阶级#W的提升而增强	1	0	0	0	1	0
3531	3531	-1	逐风	PetSoulSkill2_14	-1	0	0	1	1	1	-1	0	-1	0	2	165					568	-1	0	2	0	0	0	-1	-1	-1	26	1	-1	-1	-1		-1	3	1200	-1	-1	1	0	0	0	0	0	100	-1	0	-1	0	0	0	-1	0	0	30197	30197	30197	30197	30197	30197	30197	30197	30197	30197	30197	30197	30197	30197	30197	30197	#cFFCC99逐风广陌，万里一息#r#cFFCC00手动技 单体强化#r冷却时间 200秒#r提高主人移动速度25%，持续10秒#r#c54FF00（放出珍兽后，可以在快捷栏中使用）#r#W技能跟随#G魂境阶级#W的提升而增强	1	0	0	0	1	0
3532	3532	-1	逐风	PetSoulSkill2_14	-1	0	0	1	1	1	-1	0	-1	0	2	165					568	-1	0	2	0	0	0	-1	-1	-1	26	1	-1	-1	-1		-1	3	1200	-1	-1	1	0	0	0	0	0	100	-1	0	-1	0	0	0	-1	0	0	30198	30198	30198	30198	30198	30198	30198	30198	30198	30198	30198	30198	30198	30198	30198	30198	#cFFCC99逐风广陌，万里一息#r#cFFCC00手动技 单体强化#r冷却时间 200秒#r提高主人移动速度30%，持续10秒#r#c54FF00（放出珍兽后，可以在快捷栏中使用）#r#W技能跟随#G魂境阶级#W的提升而增强	1	0	0	0	1	0
3533	3533	-1	逐风	PetSoulSkill2_14	-1	0	0	1	1	1	-1	0	-1	0	2	165					568	-1	0	2	0	0	0	-1	-1	-1	26	1	-1	-1	-1		-1	3	1200	-1	-1	1	0	0	0	0	0	100	-1	0	-1	0	0	0	-1	0	0	30199	30199	30199	30199	30199	30199	30199	30199	30199	30199	30199	30199	30199	30199	30199	30199	#cFFCC99逐风广陌，万里一息#r#cFFCC00手动技 单体强化#r冷却时间 200秒#r提高主人移动速度35%，持续10秒#r#c54FF00（放出珍兽后，可以在快捷栏中使用）#r#W技能跟随#G魂境阶级#W的提升而增强	1	0	0	0	1	0
3534	3534	-1	逐风	PetSoulSkill2_14	-1	0	0	1	1	1	-1	0	-1	0	2	165					568	-1	0	2	0	0	0	-1	-1	-1	26	1	-1	-1	-1		-1	3	1200	-1	-1	1	0	0	0	0	0	100	-1	0	-1	0	0	0	-1	0	0	30200	30200	30200	30200	30200	30200	30200	30200	30200	30200	30200	30200	30200	30200	30200	30200	#cFFCC99逐风广陌，万里一息#r#cFFCC00手动技 单体强化#r冷却时间 200秒#r提高主人移动速度40%，持续10秒#r#c54FF00（放出珍兽后，可以在快捷栏中使用）#r#W技能跟随#G魂境阶级#W的提升而增强	1	0	0	0	1	0
3535	3535	-1	悲秋	PetSoulSkill1_3	-1	0	0	1	1	1	-1	0	-1	0	1	165				0	-1	-1	0	2	0	1	0	-1	-1	-1	26	1	-1	-1	-1		-1	5	1200	-1	-1	-1	1	1	0	3000	0	100	-1	0	-1	0	0	0	2	0	0	30201	30201	30201	30201	30201	30201	30201	30201	30201	30201	30201	30201	30201	30201	30201	30201	#cFFCC99商风叶落，寒蝉不鸣#r#cFFCC00手动技 单体控制#r冷却时间 120秒#r只能对敌对珍兽使用，使自身和目标无法移动，无法攻击，无法使用技能，持续3秒#r#c54FF00（放出珍兽后，可以在快捷栏中使用）#r#W技能跟随#G魂境阶级#W的提升而增强	1	0.1	50	10	1	0
3536	3536	-1	悲秋	PetSoulSkill1_3	-1	0	0	1	1	1	-1	0	-1	0	1	165				0	-1	-1	0	2	0	1	0	-1	-1	-1	26	1	-1	-1	-1		-1	5	1200	-1	-1	-1	1	1	0	5000	0	100	-1	0	-1	0	0	0	2	0	0	30202	30202	30202	30202	30202	30202	30202	30202	30202	30202	30202	30202	30202	30202	30202	30202	#cFFCC99商风叶落，寒蝉不鸣#r#cFFCC00手动技 单体控制#r冷却时间 120秒#r只能对敌对珍兽使用，使自身和目标无法移动，无法攻击，无法使用技能，持续5秒#r#c54FF00（放出珍兽后，可以在快捷栏中使用）#r#W技能跟随#G魂境阶级#W的提升而增强	1	0.1	50	10	1	0
3537	3537	-1	悲秋	PetSoulSkill1_3	-1	0	0	1	1	1	-1	0	-1	0	1	165				0	-1	-1	0	2	0	1	0	-1	-1	-1	26	1	-1	-1	-1		-1	5	1200	-1	-1	-1	1	1	0	7000	0	100	-1	0	-1	0	0	0	2	0	0	30203	30203	30203	30203	30203	30203	30203	30203	30203	30203	30203	30203	30203	30203	30203	30203	#cFFCC99商风叶落，寒蝉不鸣#r#cFFCC00手动技 单体控制#r冷却时间 120秒#r只能对敌对珍兽使用，使自身和目标无法移动，无法攻击，无法使用技能，持续7秒#r#c54FF00（放出珍兽后，可以在快捷栏中使用）#r#W技能跟随#G魂境阶级#W的提升而增强	1	0.1	50	10	1	0
3538	3538	-1	悲秋	PetSoulSkill1_3	-1	0	0	1	1	1	-1	0	-1	0	1	165				0	-1	-1	0	2	0	1	0	-1	-1	-1	26	1	-1	-1	-1		-1	5	1200	-1	-1	-1	1	1	0	9000	0	100	-1	0	-1	0	0	0	2	0	0	30204	30204	30204	30204	30204	30204	30204	30204	30204	30204	30204	30204	30204	30204	30204	30204	#cFFCC99商风叶落，寒蝉不鸣#r#cFFCC00手动技 单体控制#r冷却时间 120秒#r只能对敌对珍兽使用，使自身和目标无法移动，无法攻击，无法使用技能，持续9秒#r#c54FF00（放出珍兽后，可以在快捷栏中使用）#r#W技能跟随#G魂境阶级#W的提升而增强	1	0.1	50	10	1	0
3539	3539	-1	悲秋	PetSoulSkill1_3	-1	0	0	1	1	1	-1	0	-1	0	1	165				0	-1	-1	0	2	0	1	0	-1	-1	-1	26	1	-1	-1	-1		-1	5	1200	-1	-1	-1	1	1	0	12000	0	100	-1	0	-1	0	0	0	2	0	0	30205	30205	30205	30205	30205	30205	30205	30205	30205	30205	30205	30205	30205	30205	30205	30205	#cFFCC99商风叶落，寒蝉不鸣#r#cFFCC00手动技 单体控制#r冷却时间 120秒#r只能对敌对珍兽使用，使自身和目标无法移动，无法攻击，无法使用技能，持续12秒#r#c54FF00（放出珍兽后，可以在快捷栏中使用）#r#W技能跟随#G魂境阶级#W的提升而增强	1	0.1	50	10	1	0
3540	3540	-1	悲秋	PetSoulSkill1_3	-1	0	0	1	1	1	-1	0	-1	0	1	165				0	-1	-1	0	2	0	1	0	-1	-1	-1	26	1	-1	-1	-1		-1	5	1200	-1	-1	-1	1	1	0	15000	0	100	-1	0	-1	0	0	0	2	0	0	30206	30206	30206	30206	30206	30206	30206	30206	30206	30206	30206	30206	30206	30206	30206	30206	#cFFCC99商风叶落，寒蝉不鸣#r#cFFCC00手动技 单体控制#r冷却时间 120秒#r只能对敌对珍兽使用，使自身和目标无法移动，无法攻击，无法使用技能，持续15秒#r#c54FF00（放出珍兽后，可以在快捷栏中使用）#r#W技能跟随#G魂境阶级#W的提升而增强	1	0.1	50	10	1	0
3541	3541	-1	煞月	PetSoulSkill2_5	-1	0	0	1	1	1	-1	0	-1	0	2	165					162	-1	0	2	1	0	1	-1	-1	-1	26	1	-1	-1	-1		-1	1	1200	-1	-1	1	0	1	0	0	0	100	-1	0	-1	0	0	0	-1	0	0	30207	30207	30207	30207	30207	30207	30207	30207	30207	30207	30207	30207	30207	30207	30207	30207	#cFFCC99血月之时，狂煞之刻#r#cFFCC00自身特性 血量低于50%时，造成的伤害提高5%#r#c54FF00（自动作用）#r#W技能跟随#G魂境阶级#W的提升而增强	1	0	0	0	1	0
3542	3542	-1	煞月	PetSoulSkill2_5	-1	0	0	1	1	1	-1	0	-1	0	2	165					162	-1	0	2	1	0	1	-1	-1	-1	26	1	-1	-1	-1		-1	1	1200	-1	-1	1	0	1	0	0	0	100	-1	0	-1	0	0	0	-1	0	0	30208	30208	30208	30208	30208	30208	30208	30208	30208	30208	30208	30208	30208	30208	30208	30208	#cFFCC99血月之时，狂煞之刻#r#cFFCC00自身特性 血量低于50%时，造成的伤害提高10%#r#c54FF00（自动作用）#r#W技能跟随#G魂境阶级#W的提升而增强	1	0	0	0	1	0
3543	3543	-1	煞月	PetSoulSkill2_5	-1	0	0	1	1	1	-1	0	-1	0	2	165					162	-1	0	2	1	0	1	-1	-1	-1	26	1	-1	-1	-1		-1	1	1200	-1	-1	1	0	1	0	0	0	100	-1	0	-1	0	0	0	-1	0	0	30209	30209	30209	30209	30209	30209	30209	30209	30209	30209	30209	30209	30209	30209	30209	30209	#cFFCC99血月之时，狂煞之刻#r#cFFCC00自身特性 血量低于50%时，造成的伤害提高16%#r#c54FF00（自动作用）#r#W技能跟随#G魂境阶级#W的提升而增强	1	0	0	0	1	0
3544	3544	-1	煞月	PetSoulSkill2_5	-1	0	0	1	1	1	-1	0	-1	0	2	165					162	-1	0	2	1	0	1	-1	-1	-1	26	1	-1	-1	-1		-1	1	1200	-1	-1	1	0	1	0	0	0	100	-1	0	-1	0	0	0	-1	0	0	30210	30210	30210	30210	30210	30210	30210	30210	30210	30210	30210	30210	30210	30210	30210	30210	#cFFCC99血月之时，狂煞之刻#r#cFFCC00自身特性 血量低于50%时，造成的伤害提高24%#r#c54FF00（自动作用）#r#W技能跟随#G魂境阶级#W的提升而增强	1	0	0	0	1	0
3545	3545	-1	煞月	PetSoulSkill2_5	-1	0	0	1	1	1	-1	0	-1	0	2	165					162	-1	0	2	1	0	1	-1	-1	-1	26	1	-1	-1	-1		-1	1	1200	-1	-1	1	0	1	0	0	0	100	-1	0	-1	0	0	0	-1	0	0	30211	30211	30211	30211	30211	30211	30211	30211	30211	30211	30211	30211	30211	30211	30211	30211	#cFFCC99血月之时，狂煞之刻#r#cFFCC00自身特性 血量低于50%时，造成的伤害提高35%#r#c54FF00（自动作用）#r#W技能跟随#G魂境阶级#W的提升而增强	1	0	0	0	1	0
3546	3546	-1	煞月	PetSoulSkill2_5	-1	0	0	1	1	1	-1	0	-1	0	2	165					162	-1	0	2	1	0	1	-1	-1	-1	26	1	-1	-1	-1		-1	1	1200	-1	-1	1	0	1	0	0	0	100	-1	0	-1	0	0	0	-1	0	0	30212	30212	30212	30212	30212	30212	30212	30212	30212	30212	30212	30212	30212	30212	30212	30212	#cFFCC99血月之时，狂煞之刻#r#cFFCC00自身特性 血量低于50%时，造成的伤害提高50%#r#c54FF00（自动作用）#r#W技能跟随#G魂境阶级#W的提升而增强	1	0	0	0	1	0
3547	3547	-1	兽魂爆发	PetSoulSkill2_15	-1	0	0	1	0	1	-1	-1	-1	0	2	137					162	-1	0	0	0	0	-1	-1	-1	-1	-1	-1	-1	1	-1	 	-1	1	1200	-1	-1	0	-1	-1	0	0	0	100	-1	0	-1	0	0	0	0	1	0	30213	30213	30213	30213	30213	30213	30213	30213	30213	30213	30213	30213	30213	30213	30213	30213		1	0	0	0	1	0
3551	3551	-1	三思而行	CircularTaskTool96_6	-1	0	0	0	0	0	-1	-1	-1	0	2	129					23	-1	0	0	0	0	-1	-1	-1	-1	-1	-1	-1	0	-1		-1	0	880	-1	-1	1	0	-1	0	0	0	100	-1	0	-1	0	0	0	0	0	0	30216	30216	30216	30216	30216	30216	30216	30216	30216	30216	30216	30216	30216	30216	30216	30216	端居无言，飒踏澄静。	1	0	0	0	1	0
3552	3552	-1	顺其自然	CircularTaskTool96_4	-1	0	0	0	0	0	-1	-1	-1	0	2	129					24	-1	0	0	0	0	-1	-1	-1	-1	-1	-1	-1	0	-1		-1	0	2760	-1	-1	1	0	-1	0	0	0	100	-1	0	-1	0	0	0	0	0	0	30217	30217	30217	30217	30217	30217	30217	30217	30217	30217	30217	30217	30217	30217	30217	30217	天行有常，无为而无不为。	1	0	0	0	1	0
3553	3553	-1	随心所欲	CircularTaskTool96_7	-1	0	0	0	0	0	-1	-1	-1	0	2	129					1	-1	0	0	0	0	-1	-1	-1	-1	-1	-1	-1	0	-1		-1	0	5200	-1	-1	1	0	-1	0	0	0	100	-1	0	-1	0	0	0	0	0	0	30218	30218	30218	30218	30218	30218	30218	30218	30218	30218	30218	30218	30218	30218	30218	30218	清风自来，不拘绳墨。	1	0	0	0	1	0
3554	3554	-1	攘臂而起	CircularTaskTool96_5	-1	0	0	0	0	0	-1	-1	-1	0	2	129					167	-1	0	0	0	0	-1	-1	-1	-1	-1	-1	-1	0	-1		-1	0	1600	-1	-1	1	0	-1	0	0	0	100	-1	0	-1	0	0	0	0	0	0	30219	30219	30219	30219	30219	30219	30219	30219	30219	30219	30219	30219	30219	30219	30219	30219	心绪激荡，有意难平。	1	0	0	0	1	0
3555	3555	-1	三思而行	CircularTaskTool96_6	-1	0	0	0	0	0	-1	-1	-1	0	2	129					23	-1	0	0	0	0	-1	-1	-1	-1	-1	-1	-1	0	-1		-1	0	800	-1	-1	1	0	-1	0	0	0	100	-1	0	-1	0	0	0	0	0	0	30220	30220	30220	30220	30220	30220	30220	30220	30220	30220	30220	30220	30220	30220	30220	30220	端居无言，飒踏澄静。	1	0	0	0	1	0
3556	3556	-1	顺其自然	CircularTaskTool96_4	-1	0	0	0	0	0	-1	-1	-1	0	2	129					24	-1	0	0	0	0	-1	-1	-1	-1	-1	-1	-1	0	-1		-1	0	1400	-1	-1	1	0	-1	0	0	0	100	-1	0	-1	0	0	0	0	0	0	30221	30221	30221	30221	30221	30221	30221	30221	30221	30221	30221	30221	30221	30221	30221	30221	天行有常，无为而无不为。	1	0	0	0	1	0
3557	3557	-1	随心所欲	CircularTaskTool96_7	-1	0	0	0	0	0	-1	-1	-1	0	2	129					2	-1	0	0	0	0	-1	-1	-1	-1	-1	-1	-1	0	-1		-1	0	4000	-1	-1	1	0	-1	0	0	0	100	-1	0	-1	0	0	0	0	0	0	30222	30222	30222	30222	30222	30222	30222	30222	30222	30222	30222	30222	30222	30222	30222	30222	清风自来，不拘绳墨。	1	0	0	0	1	0
3558	3558	-1	攘臂而起	CircularTaskTool96_5	-1	0	0	0	0	0	-1	-1	-1	0	2	129					166	-1	0	0	0	0	-1	-1	-1	-1	-1	-1	-1	0	-1		-1	0	1600	-1	-1	1	0	-1	0	0	0	100	-1	0	-1	0	0	0	0	0	0	30223	30223	30223	30223	30223	30223	30223	30223	30223	30223	30223	30223	30223	30223	30223	30223	心绪激荡，有意难平。	1	0	0	0	1	0
3559	3559	-1	三思而行	CircularTaskTool96_6	-1	0	0	0	0	0	-1	-1	-1	0	2	129					23	-1	0	0	0	0	-1	-1	-1	-1	-1	-1	-1	0	-1		-1	0	880	-1	-1	1	0	-1	0	0	0	100	-1	0	-1	0	0	0	0	0	0	30224	30224	30224	30224	30224	30224	30224	30224	30224	30224	30224	30224	30224	30224	30224	30224	端居无言，飒踏澄静。	1	0	0	0	1	0
3560	3560	-1	顺其自然	CircularTaskTool96_4	-1	0	0	0	0	0	-1	-1	-1	0	2	129					24	-1	0	0	0	0	-1	-1	-1	-1	-1	-1	-1	0	-1		-1	0	1440	-1	-1	1	0	-1	0	0	0	100	-1	0	-1	0	0	0	0	0	0	30225	30225	30225	30225	30225	30225	30225	30225	30225	30225	30225	30225	30225	30225	30225	30225	天行有常，无为而无不为。	1	0	0	0	1	0
3561	3561	-1	随心所欲	CircularTaskTool96_7	-1	0	0	0	0	0	-1	-1	-1	0	2	129					2	-1	0	0	0	0	-1	-1	-1	-1	-1	-1	-1	0	-1		-1	0	3400	-1	-1	1	0	-1	0	0	0	100	-1	0	-1	0	0	0	0	0	0	30226	30226	30226	30226	30226	30226	30226	30226	30226	30226	30226	30226	30226	30226	30226	30226	清风自来，不拘绳墨。	1	0	0	0	1	0
3562	3562	-1	攘臂而起	CircularTaskTool96_5	-1	0	0	0	0	0	-1	-1	-1	0	2	129					166	-1	0	0	0	0	-1	-1	-1	-1	-1	-1	-1	0	-1		-1	0	1800	-1	-1	1	0	-1	0	0	0	100	-1	0	-1	0	0	0	0	0	0	30227	30227	30227	30227	30227	30227	30227	30227	30227	30227	30227	30227	30227	30227	30227	30227	心绪激荡，有意难平。	1	0	0	0	1	0
3563	3563	-1	正在进行探索	Food_1	-1	0	0	1	0	1	-1	-1	-1	0	0	99				118	118	-1	0	3	0	0	-1	-1	-1	-1	-1	-1	-1	0	-1	 	-1	0	1200	0	3	0	-1	-1	0	0	0	100	-1	0	-1	0	0	0	0	0	0	30228	30228	30228	30228	30228	30228	30228	30228	30228	30228	30228	30228	30228	30228	30228	30228	正在进行探索	0	0	0	0	1	0
3564	3564	-1	心魔技能1	Food_1	-1	0	0	0	0	0	-1	-1	1	0	2	78					165	-1	0	1	0	0	-1	-1	-1	-1	-1	-1	-1	0	0		-1	5	1200	0	15	-1	1	0	0	0	0	100	-1	0	-1	0	0	0	0	0	0	30229	30229	30229	30229	30229	30229	30229	30229	30229	30229	30229	30229	30229	30229	30229	30229	心魔技能1	1	0	0	0	1	0
3565	3565	-1	八荒之息	Test_1	-1	0	0	1	1	1	-1	-1	1	0	0	102				165		-1	0	1	0	0	-1	-1	-1	-1	-1	-1	-1	-1	-1		-1	4	1200	0	15	-1	1	0	0	0	0	100	-1	0	-1	0	0	0	2	0	0	30230	30230	30230	30230	30230	30230	30230	30230	30230	30230	30230	30230	30230	30230	30230	30230	神兽之火	1	0	0	0	1	0
3566	3566	-1	百荒纵魂	Test_1	-1	0	0	1	1	1	-1	-1	1	0	0	102				166		-1	0	1	0	0	-1	-1	-1	-1	-1	-1	-1	-1	-1		-1	4	1200	0	15	-1	1	0	0	0	0	100	-1	0	-1	0	0	0	2	0	0	30231	30231	30231	30231	30231	30231	30231	30231	30231	30231	30231	30231	30231	30231	30231	30231	圣兽之魂	1	0	0	0	1	0
3567	3567	-1	怒断苍生	Test_1	-1	0	0	1	1	1	-1	-1	1	0	0	102				167	168	-1	0	1	0	0	-1	-1	-1	-1	-1	-1	-1	-1	-1		-1	4	1200	0	15	-1	1	0	0	0	0	100	-1	0	-1	0	0	0	2	0	0	30232	30232	30232	30232	30232	30232	30232	30232	30232	30232	30232	30232	30232	30232	30232	30232	圣兽之魂交叉	1	0	0	0	1	0
3568	3568	-1	星驰	PetSoulSkill2_9	-1	0	0	1	1	1	-1	0	-1	0	2	165					568	-1	0	2	1	0	1	-1	-1	-1	26	1	-1	-1	-1		-1	3	1200	-1	-1	1	0	0	0	0	0	100	-1	0	-1	0	0	0	-1	0	0	30233	30233	30233	30233	30233	30233	30233	30233	30233	30233	30233	30233	30233	30233	30233	30233	#cFFCC99星驰岁转，望朔已迭#r#cFFCC00辅主特技 主人受到的减速效果，时间减免10%#r#c54FF00（自动作用）#r#W技能跟随#G魂境阶级#W的提升而增强	1	0	0	0	1	0
3569	3569	-1	星驰	PetSoulSkill2_9	-1	0	0	1	1	1	-1	0	-1	0	2	165					568	-1	0	2	1	0	1	-1	-1	-1	26	1	-1	-1	-1		-1	3	1200	-1	-1	1	0	0	0	0	0	100	-1	0	-1	0	0	0	-1	0	0	30234	30234	30234	30234	30234	30234	30234	30234	30234	30234	30234	30234	30234	30234	30234	30234	#cFFCC99星驰岁转，望朔已迭#r#cFFCC00辅主特技 主人受到的减速效果，时间减免15%#r#c54FF00（自动作用）#r#W技能跟随#G魂境阶级#W的提升而增强	1	0	0	0	1	0
3570	3570	-1	星驰	PetSoulSkill2_9	-1	0	0	1	1	1	-1	0	-1	0	2	165					568	-1	0	2	1	0	1	-1	-1	-1	26	1	-1	-1	-1		-1	3	1200	-1	-1	1	0	0	0	0	0	100	-1	0	-1	0	0	0	-1	0	0	30235	30235	30235	30235	30235	30235	30235	30235	30235	30235	30235	30235	30235	30235	30235	30235	#cFFCC99星驰岁转，望朔已迭#r#cFFCC00辅主特技 主人受到的减速效果，时间减免20%#r#c54FF00（自动作用）#r#W技能跟随#G魂境阶级#W的提升而增强	1	0	0	0	1	0
3571	3571	-1	星驰	PetSoulSkill2_9	-1	0	0	1	1	1	-1	0	-1	0	2	165					568	-1	0	2	1	0	1	-1	-1	-1	26	1	-1	-1	-1		-1	3	1200	-1	-1	1	0	0	0	0	0	100	-1	0	-1	0	0	0	-1	0	0	30236	30236	30236	30236	30236	30236	30236	30236	30236	30236	30236	30236	30236	30236	30236	30236	#cFFCC99星驰岁转，望朔已迭#r#cFFCC00辅主特技 主人受到的减速效果，时间减免30%#r#c54FF00（自动作用）#r#W技能跟随#G魂境阶级#W的提升而增强	1	0	0	0	1	0
3572	3572	-1	星驰	PetSoulSkill2_9	-1	0	0	1	1	1	-1	0	-1	0	2	165					568	-1	0	2	1	0	1	-1	-1	-1	26	1	-1	-1	-1		-1	3	1200	-1	-1	1	0	0	0	0	0	100	-1	0	-1	0	0	0	-1	0	0	30237	30237	30237	30237	30237	30237	30237	30237	30237	30237	30237	30237	30237	30237	30237	30237	#cFFCC99星驰岁转，望朔已迭#r#cFFCC00辅主特技 主人受到的减速效果，时间减免40%#r#c54FF00（自动作用）#r#W技能跟随#G魂境阶级#W的提升而增强	1	0	0	0	1	0
3573	3573	-1	星驰	PetSoulSkill2_9	-1	0	0	1	1	1	-1	0	-1	0	2	165					568	-1	0	2	1	0	1	-1	-1	-1	26	1	-1	-1	-1		-1	3	1200	-1	-1	1	0	0	0	0	0	100	-1	0	-1	0	0	0	-1	0	0	30238	30238	30238	30238	30238	30238	30238	30238	30238	30238	30238	30238	30238	30238	30238	30238	#cFFCC99星驰岁转，望朔已迭#r#cFFCC00辅主特技 主人受到的减速效果，时间减免55%#r#c54FF00（自动作用）#r#W技能跟随#G魂境阶级#W的提升而增强	1	0	0	0	1	0
3574	3574	-1	调查奇怪的花草	Food_1	-1	0	0	1	0	1	-1	-1	-1	0	0	-1				143	143	-1	0	0	0	0	-1	-1	-1	-1	-1	-1	-1	0	-1	 	-1	5	1200	0	3	0	-1	-1	0	0	0	100	-1	0	-1	0	0	0	0	0	0	30239	30239	30239	30239	30239	30239	30239	30239	30239	30239	30239	30239	30239	30239	30239	30239	调查奇怪的花草	0	0	0	0	1	0
3575	3575	-1	太古之息	Test_1	-1	0	0	1	1	1	-1	-1	1	0	0	102				165		-1	0	1	0	0	-1	-1	-1	-1	-1	-1	-1	-1	-1		-1	4	1200	0	15	-1	1	0	0	0	0	100	-1	0	-1	0	0	0	2	0	0	30242	30242	30242	30242	30242	30242	30242	30242	30242	30242	30242	30242	30242	30242	30242	30242	神兽之火	1	0	0	0	1	0
3576	3576	-1	万朝溯魂	Test_1	-1	0	0	1	1	1	-1	-1	1	0	0	102				166		-1	0	1	0	0	-1	-1	-1	-1	-1	-1	-1	-1	-1		-1	4	1200	0	15	-1	1	0	0	0	0	100	-1	0	-1	0	0	0	2	0	0	30243	30243	30243	30243	30243	30243	30243	30243	30243	30243	30243	30243	30243	30243	30243	30243	神兽之魂	1	0	0	0	1	0
3577	3577	-1	放飞信鸽	Food_1	-1	0	0	1	0	1	-1	-1	-1	0	0	-1				1132		-1	0	0	0	0	-1	-1	-1	-1	-1	-1	-1	0	-1	 	-1	5	2000	0	1	0	-1	-1	0	0	0	100	-1	0	-1	0	0	0	0	0	0	30240	30240	30240	30240	30240	30240	30240	30240	30240	30240	30240	30240	30240	30240	30240	30240	放飞信鸽	0	0	0	0	1	0
3578	3578	-1	抚慰珍兽，收集皮毛	Food_1	-1	0	0	1	0	1	-1	-1	-1	0	0	-1				88	88	-1	0	0	0	0	-1	-1	-1	-1	-1	-1	-1	0	-1	 	-1	5	1200	0	1	0	-1	-1	0	0	0	100	-1	0	-1	0	0	0	0	0	0	30241	30241	30241	30241	30241	30241	30241	30241	30241	30241	30241	30241	30241	30241	30241	30241	抚慰珍兽，收集皮毛	0	0	0	0	1	0
3579	3579	-1	八荒之息	Test_1	-1	0	0	1	1	1	-1	-1	1	0	0	102				165		-1	0	1	0	0	-1	-1	-1	-1	-1	-1	-1	-1	-1		-1	4	1200	0	15	-1	1	0	0	0	0	100	-1	0	-1	0	0	0	2	0	0	30244	30244	30244	30244	30244	30244	30244	30244	30244	30244	30244	30244	30244	30244	30244	30244	荒兽鹿蜀之火	1	0	0	0	1	0
3580	3580	-1	百荒纵魂	Test_1	-1	0	0	1	1	1	-1	-1	1	0	0	102				166		-1	0	1	0	0	-1	-1	-1	-1	-1	-1	-1	-1	-1		-1	4	1200	0	15	-1	1	0	0	0	0	100	-1	0	-1	0	0	0	2	0	0	30245	30245	30245	30245	30245	30245	30245	30245	30245	30245	30245	30245	30245	30245	30245	30245	荒兽鹿蜀之魂	1	0	0	0	1	0
3581	3581	-1	怒断苍生	Test_1	-1	0	0	1	1	1	-1	-1	1	0	0	102				167	168	-1	0	1	0	0	-1	-1	-1	-1	-1	-1	-1	-1	-1		-1	4	1200	0	15	-1	1	0	0	0	0	100	-1	0	-1	0	0	0	2	0	0	30246	30246	30246	30246	30246	30246	30246	30246	30246	30246	30246	30246	30246	30246	30246	30246	神兽九尾之魂交叉	1	0	0	0	1	0
3582	3582	-1	太古之息	Test_1	-1	0	0	1	1	1	-1	-1	1	0	0	102				165		-1	0	1	0	0	-1	-1	-1	-1	-1	-1	-1	-1	-1		-1	4	1200	0	15	-1	1	0	0	0	0	100	-1	0	-1	0	0	0	2	0	0	30247	30247	30247	30247	30247	30247	30247	30247	30247	30247	30247	30247	30247	30247	30247	30247	神兽九尾之火	1	0	0	0	1	0
3583	3583	-1	万朝溯魂	Test_1	-1	0	0	1	1	1	-1	-1	1	0	0	102				166		-1	0	1	0	0	-1	-1	-1	-1	-1	-1	-1	-1	-1		-1	4	1200	0	15	-1	1	0	0	0	0	100	-1	0	-1	0	0	0	2	0	0	30248	30248	30248	30248	30248	30248	30248	30248	30248	30248	30248	30248	30248	30248	30248	30248	神兽九尾之魂	1	0	0	0	1	0
3584	3584	-1	净化	Food_1	-1	0	0	1	0	1	-1	-1	-1	0	0	-1				143	143	-1	0	3	0	0	-1	-1	-1	-1	-1	-1	-1	0	-1	 	-1	5	1200	0	3	0	-1	-1	0	0	0	100	-1	0	-1	0	0	0	0	0	0	30249	30249	30249	30249	30249	30249	30249	30249	30249	30249	30249	30249	30249	30249	30249	30249	净化	0	0	0	0	1	0
3585	3585	-1	荼蘼花动作2	CircularTaskTool94_3	-1	0	0	1	1	1	-1	-1	1	0	0	102				167	169	-1	0	1	0	0	-1	-1	-1	-1	-1	-1	-1	-1	-1		-1	5	1000	0	30	-1	1	0	0	0	0	100	-1	0	-1	0	0	0	0	0	0	30250	30250	30250	30250	30250	30250	30250	30250	30250	30250	30250	30250	30250	30250	30250	30250	荼蘼花动作	0	0	0	0	1	0
3586	3586	-1	舍命一击	FightSkillDaLi_1	-1	0	0	0	0	1	-1	-1	1	0	2	102					165	-1	0	1	0	0	-1	-1	-1	-1	-1	-1	-1	-1	-1	身体受击点	-1	5	1200	0	15	-1	1	0	0	0	0	100	-1	0	-1	0	0	0	0	0	0	30251	30251	30251	30251	30251	30251	30251	30251	30251	30251	30251	30251	30251	30251	30251	30251	舍命一击	1	0	0	0	1	0
3587	3587	-1	所向披靡	Test_1	-1	0	0	0	0	1	-1	-1	1	0	0	102				166	167	-1	0	1	0	0	-1	-1	-1	-1	-1	-1	-1	-1	-1		-1	4	1200	0	15	-1	1	0	0	0	0	100	-1	0	-1	0	0	0	0	0	0	30252	30252	30252	30252	30252	30252	30252	30252	30252	30252	30252	30252	30252	30252	30252	30252	所向披靡	1	0	0	0	1	0
3588	3588	-1	引魂	Buff26_12	-1	0	0	0	0	0	-1	-1	-1	0	0	-1				0		-1	0	0	0	0	-1	-1	-1	-1	-1	-1	-1	0	-1	 	-1	0	1200	0	3	1	0	-1	0	0	0	100	-1	0	-1	0	0	0	0	0	0	30253	30253	30253	30253	30253	30253	30253	30253	30253	30253	30253	30253	30253	30253	30253	30253	使用后可在附近引魂，获得魂息。	1	0	0	0	1	0
3589	3589	-1	迅疾	Buff26_11	-1	0	0	0	0	0	-1	-1	-1	0	2	129						-1	0	0	0	0	-1	-1	-1	-1	-1	-1	-1	0	-1		-1	0	300	-1	-1	1	0	-1	0	0	0	100	-1	0	-1	0	0	0	0	0	0	30254	30254	30254	30254	30254	30254	30254	30254	30254	30254	30254	30254	30254	30254	30254	30254	使用后获得50%的移动速度加成。	1	0	0	0	1	0
3590	3590	-1	灵狐暴走黑	Test_1	-1	0	0	1	1	1	-1	-1	1	0	0	102				167	170	-1	0	1	0	0	-1	-1	-1	-1	-1	-1	-1	-1	-1		-1	4	1200	0	50	-1	1	-1	0	0	0	100	-1	0	-1	0	0	0	0	0	0	30255	30255	30255	30255	30255	30255	30255	30255	30255	30255	30255	30255	30255	30255	30255	30255	灵狐暴走黑	1	0	0	0	1	0
3591	3591	-1	灵狐暴走白	Test_1	-1	0	0	1	1	1	-1	-1	1	0	0	102				169	171	-1	0	1	0	0	-1	-1	-1	-1	-1	-1	-1	-1	-1		-1	4	1200	0	50	-1	1	-1	0	0	0	100	-1	0	-1	0	0	0	0	0	0	30256	30256	30256	30256	30256	30256	30256	30256	30256	30256	30256	30256	30256	30256	30256	30256	灵狐暴走白	1	0	0	0	1	0
3592	3592	-1	奔跑	Huodong_7_2	-1	0	0	0	0	0	-1	-1	-1	0	2	129					165	-1	0	0	0	0	-1	-1	-1	-1	-1	-1	-1	0	-1		-1	0	300	-1	-1	1	0	-1	0	0	0	100	-1	0	-1	0	0	0	0	0	0	30257	30257	30257	30257	30257	30257	30257	30257	30257	30257	30257	30257	30257	30257	30257	30257	使用后获得50%的移动速度加成。	1	0	0	0	1	0
3593	3593	0	风卷行云	TalentSkill_5	-1	0	1	1	1	1	-1	-1	-1	0	2	96					1133	-1	0	0	0	1	-1	-1	-1	-1	-1	-1	0	1	168	身体受击点	-1	5	300	0	15	-1	1	-1	0	0	0	100	-1	0	-1	0	0	0	0	0	0	30258	30258	30258	30258	30258	30258	30258	30258	30258	30258	30258	30258	30258	30258	30258	30258	使用之后可大幅降低目标移动速度，并提高自身的移动速度。	1	0	0	0	1	0
3594	3594	0	流风化羽	TalentSkill_1	-1	0	1	1	1	1	-1	-1	-1	0	2	96					1134	-1	0	0	0	0	-1	-1	-1	-1	-1	-1	0	1	-1		-1	0	300	-1	-1	1	0	-1	0	0	0	100	-1	0	-1	0	0	0	0	0	0	30259	30259	30259	30259	30259	30259	30259	30259	30259	30259	30259	30259	30259	30259	30259	30259	使用之后可大幅提高自身的移动速度和自身伤害。	1	0	0	0	1	0
3595	3595	0	俱寂无声	TalentSkill_2	-1	0	1	1	1	1	-1	-1	-1	0	2	96					1133	-1	0	0	0	1	-1	-1	-1	-1	-1	-1	0	1	-1		-1	5	300	0	10	-1	1	-1	0	0	0	100	-1	0	-1	0	0	0	0	0	0	30260	30260	30260	30260	30260	30260	30260	30260	30260	30260	30260	30260	30260	30260	30260	30260	使用之后可使目标定身。	1	0	0	0	1	0
3596	3596	0	唯我自在	TalentSkill_6	-1	0	1	1	1	1	-1	-1	-1	0	2	97					1134	-1	0	0	0	0	-1	-1	-1	-1	-1	-1	0	1	-1		-1	0	300	-1	-1	1	0	-1	0	0	0	100	-1	0	-1	0	0	0	0	0	0	30261	30261	30261	30261	30261	30261	30261	30261	30261	30261	30261	30261	30261	30261	30261	30261	使用之后可大幅提高自身会心一击的伤害。	1	0	0	0	1	0
3597	3597	0	凝光照雪	TalentSkill_3	-1	0	1	1	1	1	-1	-1	-1	0	2	97					1134	-1	0	0	0	0	-1	-1	-1	-1	-1	-1	0	1	-1		-1	0	300	-1	-1	1	0	-1	0	0	0	100	-1	0	-1	0	0	0	0	0	0	30262	30262	30262	30262	30262	30262	30262	30262	30262	30262	30262	30262	30262	30262	30262	30262	使用之后可大幅提高自身会心。	1	0	0	0	1	0
3598	3598	0	气定神闲	TalentSkill_4	-1	0	1	1	1	1	-1	-1	-1	0	2	97					1134	-1	0	0	0	0	-1	-1	-1	-1	-1	-1	0	1	-1		-1	0	300	-1	-1	1	0	-1	0	0	0	100	-1	0	-1	0	0	0	0	0	0	30263	30263	30263	30263	30263	30263	30263	30263	30263	30263	30263	30263	30263	30263	30263	30263	使用之后可概率免疫伤害。	1	0	0	0	1	0
3600	3600	-1	正在点燃烟花	Test_1	-1	0	0	0	0	0	-1	-1	-1	0	0	-1				166		-1	0	0	0	1	-1	-1	-1	-1	-1	-1	-1	0	-1		-1	5	5000	0	2	0	-1	-1	0	0	0	100	-1	0	-1	0	0	0	0	0	0	30265	30265	30265	30265	30265	30265	30265	30265	30265	30265	30265	30265	30265	30265	30265	30265	正在点燃烟花	0	0	0	0	1	0
3601	3601	-1	正在点燃烟花	Test_1	-1	0	0	0	0	0	-1	-1	-1	0	0	-1				167		-1	0	0	0	1	-1	-1	-1	-1	-1	-1	-1	0	-1		-1	5	5000	0	2	0	-1	-1	0	0	0	100	-1	0	-1	0	0	0	0	0	0	30266	30266	30266	30266	30266	30266	30266	30266	30266	30266	30266	30266	30266	30266	30266	30266	正在点燃烟花	0	0	0	0	1	0
3602	3602	-1	正在点燃烟花	Test_1	-1	0	0	0	0	0	-1	-1	-1	0	0	-1				168		-1	0	0	0	1	-1	-1	-1	-1	-1	-1	-1	0	-1		-1	5	5000	0	2	0	-1	-1	0	0	0	100	-1	0	-1	0	0	0	0	0	0	30267	30267	30267	30267	30267	30267	30267	30267	30267	30267	30267	30267	30267	30267	30267	30267	正在点燃烟花	0	0	0	0	1	0
3603	3603	-1	正在点燃烟花	Test_1	-1	0	0	0	0	0	-1	-1	-1	0	0	-1				169		-1	0	0	0	1	-1	-1	-1	-1	-1	-1	-1	0	-1		-1	5	5000	0	2	0	-1	-1	0	0	0	100	-1	0	-1	0	0	0	0	0	0	30268	30268	30268	30268	30268	30268	30268	30268	30268	30268	30268	30268	30268	30268	30268	30268	正在点燃烟花	0	0	0	0	1	0
3604	3604	-1	正在点燃烟花	Test_1	-1	0	0	0	0	0	-1	-1	-1	0	0	-1				170		-1	0	0	0	1	-1	-1	-1	-1	-1	-1	-1	0	-1		-1	5	5000	0	2	0	-1	-1	0	0	0	100	-1	0	-1	0	0	0	0	0	0	30269	30269	30269	30269	30269	30269	30269	30269	30269	30269	30269	30269	30269	30269	30269	30269	正在点燃烟花	0	0	0	0	1	0
3605	3605	-1	正在点燃烟花	Test_1	-1	0	0	0	0	0	-1	-1	-1	0	0	-1				171		-1	0	0	0	1	-1	-1	-1	-1	-1	-1	-1	0	-1		-1	5	5000	0	2	0	-1	-1	0	0	0	100	-1	0	-1	0	0	0	0	0	0	30270	30270	30270	30270	30270	30270	30270	30270	30270	30270	30270	30270	30270	30270	30270	30270	正在点燃烟花	0	0	0	0	1	0
3606	3606	-1	镇纸	HuoDongSkill_1	-1	0	0	1	0	1	-1	-1	-1	0	2	129					1135	-1	0	0	0	1	-1	-1	-1	-1	-1	-1	-1	0	-1		-1	5	1200	0	1	0	-1	-1	0	0	0	100	-1	0	-1	0	0	0	0	0	0	30271	30271	30271	30271	30271	30271	30271	30271	30271	30271	30271	30271	30271	30271	30271	30271	镇纸	1	0	0	0	1	0
3607	3607	-1	研墨	HuoDongSkill_2	-1	0	0	1	0	1	-1	-1	-1	0	2	129					1136	-1	0	0	0	1	-1	-1	-1	-1	-1	-1	-1	0	-1		-1	5	1200	0	1	0	-1	-1	0	0	0	100	-1	0	-1	0	0	0	0	0	0	30272	30272	30272	30272	30272	30272	30272	30272	30272	30272	30272	30272	30272	30272	30272	30272	研墨	1	0	0	0	1	0
3608	3608	-1	落笔	HuoDongSkill_3	-1	0	0	1	0	1	-1	-1	-1	0	2	129					1137	-1	0	0	0	1	-1	-1	-1	-1	-1	-1	-1	0	-1		-1	5	1200	0	1	0	-1	-1	0	0	0	100	-1	0	-1	0	0	0	0	0	0	30273	30273	30273	30273	30273	30273	30273	30273	30273	30273	30273	30273	30273	30273	30273	30273	落笔	1	0	0	0	1	0
3609	3609	-1	障眼法	Test_1	-1	0	0	1	1	1	-1	-1	-1	0	0	102				170	171	-1	0	1	0	0	-1	-1	-1	-1	-1	-1	-1	-1	-1		-1	4	3000	0	30	-1	1	0	0	0	0	100	-1	0	-1	0	0	0	2	0	0	30274	30274	30274	30274	30274	30274	30274	30274	30274	30274	30274	30274	30274	30274	30274	30274	障眼法	1	0.1	0	0	1	0
3610	3610	-1	佛光渡莲	Test_1	-1	0	0	1	1	1	-1	-1	-1	0	0	102				165	166	-1	0	1	0	0	-1	-1	-1	-1	-1	-1	-1	-1	-1		-1	4	3000	0	30	-1	1	0	0	0	0	100	-1	0	-1	0	0	0	2	0	0	30275	30275	30275	30275	30275	30275	30275	30275	30275	30275	30275	30275	30275	30275	30275	30275	佛光渡莲	1	0.1	0	0	1	0
3611	3611	-1	月落西山	Test_1	-1	0	0	1	1	1	-1	-1	-1	0	0	102				169		-1	0	1	0	0	-1	-1	-1	-1	-1	-1	-1	-1	-1		-1	4	300	0	30	-1	1	0	0	0	0	100	-1	0	-1	0	0	0	2	0	0	30276	30276	30276	30276	30276	30276	30276	30276	30276	30276	30276	30276	30276	30276	30276	30276	月落西山	1	0.1	0	0	1	0
3612	3612	-1	清心普善咒（莲花放）	Test_1	-1	0	0	1	1	1	-1	-1	-1	0	0	102				165	166	-1	0	1	0	0	-1	-1	-1	-1	-1	-1	-1	-1	-1		-1	5	2000	0	30	-1	-1	-1	0	0	0	100	-1	0	-1	0	0	0	2	0	0	30277	30277	30277	30277	30277	30277	30277	30277	30277	30277	30277	30277	30277	30277	30277	30277	清心普善咒（莲花放）	0	0.1	0	0	1	0
3613	3613	-1	怒火连斩	Test_1	-1	0	0	1	1	1	-1	-1	-1	0	0	102				167	168	-1	0	1	0	0	-1	-1	-1	-1	-1	-1	-1	-1	-1		-1	4	1000	0	30	-1	1	0	0	0	0	100	-1	0	-1	0	0	0	2	0	0	30278	30278	30278	30278	30278	30278	30278	30278	30278	30278	30278	30278	30278	30278	30278	30278	怒火连斩	1	0.1	0	0	1	0
3614	3614	-1	烽火连城	Test_1	-1	0	0	1	1	1	-1	-1	-1	0	0	102				170	169	-1	0	1	0	0	-1	-1	-1	-1	-1	-1	-1	-1	-1		-1	4	4000	0	30	-1	1	0	0	0	0	100	-1	0	-1	0	0	0	2	0	0	30279	30279	30279	30279	30279	30279	30279	30279	30279	30279	30279	30279	30279	30279	30279	30279	烽火连城	1	0.1	0	0	1	0
3615	3615	-1	血战八方	Test_1	-1	0	0	1	1	1	-1	-1	-1	0	0	102				165		-1	0	1	0	0	-1	-1	-1	-1	-1	-1	-1	-1	-1		-1	4	300	0	30	-1	1	0	0	0	0	100	-1	0	-1	0	0	0	2	0	0	30280	30280	30280	30280	30280	30280	30280	30280	30280	30280	30280	30280	30280	30280	30280	30280	血战八方	1	0.1	0	0	1	0
3616	3616	-1	鹰击长空	Test_1	-1	0	0	1	1	1	-1	-1	-1	0	0	102					170	-1	0	1	0	0	-1	-1	-1	-1	-1	-1	-1	-1	-1		-1	4	1000	0	30	-1	1	0	0	0	0	100	-1	0	-1	0	0	0	2	0	0	30281	30281	30281	30281	30281	30281	30281	30281	30281	30281	30281	30281	30281	30281	30281	30281	鹰击长空	1	0.1	0	0	1	0
3617	3617	-1	移花接木	Test_1	-1	0	0	1	1	1	-1	-1	-1	0	0	102				167	168	-1	0	1	0	0	-1	-1	-1	-1	-1	-1	-1	-1	-1		-1	4	1000	0	30	-1	1	0	0	0	0	100	-1	0	-1	0	0	0	2	0	0	30282	30282	30282	30282	30282	30282	30282	30282	30282	30282	30282	30282	30282	30282	30282	30282	移花接木	1	0.1	0	0	1	0
3618	3618	-1	十面埋伏	Test_1	-1	0	0	1	1	1	-1	-1	-1	0	0	102				165	166	-1	0	1	0	0	-1	-1	-1	-1	-1	-1	-1	-1	-1		-1	4	1000	0	30	-1	1	0	0	0	0	100	-1	0	-1	0	0	0	2	0	0	30283	30283	30283	30283	30283	30283	30283	30283	30283	30283	30283	30283	30283	30283	30283	30283	十面埋伏	1	0.1	0	0	1	0
3619	3619	-1	画地为牢	Test_1	-1	0	0	1	1	1	-1	-1	-1	0	0	102				165	166	-1	0	1	0	0	-1	-1	-1	-1	-1	-1	-1	-1	-1		-1	4	1000	0	30	-1	1	0	0	0	0	100	-1	0	-1	0	0	0	2	0	0	30284	30284	30284	30284	30284	30284	30284	30284	30284	30284	30284	30284	30284	30284	30284	30284	画地为牢	1	0.1	0	0	1	0
3620	3620	-1	定海神针	Test_1	-1	0	0	1	1	1	-1	-1	-1	0	0	102				169	170	-1	0	1	0	0	-1	-1	-1	-1	-1	-1	-1	-1	-1		-1	4	1000	0	30	-1	1	0	0	0	0	100	-1	0	-1	0	0	0	2	0	0	30285	30285	30285	30285	30285	30285	30285	30285	30285	30285	30285	30285	30285	30285	30285	30285	定海神针	1	0.1	0	0	1	0
3621	3621	-1	步步生花	Test_1	-1	0	0	1	1	1	-1	-1	-1	0	0	102				167	168	-1	0	1	0	0	-1	-1	-1	-1	-1	-1	-1	-1	-1		-1	4	8000	0	30	-1	1	0	0	0	0	100	-1	0	-1	0	0	0	2	0	0	30286	30286	30286	30286	30286	30286	30286	30286	30286	30286	30286	30286	30286	30286	30286	30286	步步生花	1	0.1	0	0	1	0
3622	3622	-1	三环套月	Test_1	-1	0	0	1	1	1	-1	-1	-1	0	0	102				167	168	-1	0	1	0	0	-1	-1	-1	-1	-1	-1	-1	-1	-1		-1	4	1500	0	30	-1	1	0	0	0	0	100	-1	0	-1	0	0	0	2	0	0	30287	30287	30287	30287	30287	30287	30287	30287	30287	30287	30287	30287	30287	30287	30287	30287	三环套月	1	0.1	0	0	1	0
3623	3623	-1	阴阳两仪	Test_1	-1	0	0	1	1	1	-1	-1	-1	0	0	102				165	166	-1	0	1	0	0	-1	-1	-1	-1	-1	-1	-1	-1	-1		-1	4	1500	0	30	-1	1	0	0	0	0	100	-1	0	-1	0	0	0	2	0	0	30288	30288	30288	30288	30288	30288	30288	30288	30288	30288	30288	30288	30288	30288	30288	30288	阴阳两仪	1	0.1	0	0	1	0
3624	3624	-1	七星聚首	Test_1	-1	0	0	1	1	1	-1	-1	-1	0	0	102				169		-1	0	1	0	0	-1	-1	-1	-1	-1	-1	-1	-1	-1		-1	4	300	0	30	-1	1	0	0	0	0	100	-1	0	-1	0	0	0	2	0	0	30289	30289	30289	30289	30289	30289	30289	30289	30289	30289	30289	30289	30289	30289	30289	30289	七星聚首	1	0.1	0	0	1	0
3625	3625	-1	棒打狗头	Test_1	-1	0	0	1	1	1	-1	-1	-1	0	0	102					167	-1	0	1	0	0	-1	-1	-1	-1	-1	-1	-1	-1	-1		-1	4	3000	0	30	-1	1	0	0	0	0	100	-1	0	-1	0	0	0	2	0	0	30290	30290	30290	30290	30290	30290	30290	30290	30290	30290	30290	30290	30290	30290	30290	30290	棒打狗头	1	0.1	0	0	1	0
3626	3626	-1	如影随形	Test_1	-1	0	0	1	1	1	-1	-1	-1	0	0	102				165		-1	0	1	0	0	-1	-1	-1	-1	-1	-1	-1	-1	-1		-1	4	300	-1	-1	-1	1	0	0	0	0	100	-1	0	-1	0	0	0	2	0	0	30291	30291	30291	30291	30291	30291	30291	30291	30291	30291	30291	30291	30291	30291	30291	30291	如影随形	1	0.1	0	0	1	0
3627	3627	-1	横扫乾坤	Test_1	-1	0	0	1	1	1	-1	-1	-1	0	0	102				168	170	-1	0	1	0	0	-1	-1	-1	-1	-1	-1	-1	-1	-1		-1	4	3000	-1	-1	-1	1	0	0	0	0	100	-1	0	-1	0	0	0	2	0	0	30292	30292	30292	30292	30292	30292	30292	30292	30292	30292	30292	30292	30292	30292	30292	30292	横扫乾坤	1	0.1	0	0	1	0
3628	3628	-1	狮子吼	Test_1	-1	0	0	1	1	1	-1	-1	-1	0	0	102				165	166	-1	0	1	0	0	-1	-1	-1	-1	-1	-1	-1	-1	-1		-1	4	2500	0	30	-1	1	0	0	0	0	100	-1	0	-1	0	0	0	2	0	0	30293	30293	30293	30293	30293	30293	30293	30293	30293	30293	30293	30293	30293	30293	30293	30293	狮子吼	1	0.1	0	0	1	0
3629	3629	-1	金钟罩	Test_1	-1	0	0	1	1	1	-1	-1	-1	0	0	102				169	170	-1	0	1	0	0	-1	-1	-1	-1	-1	-1	-1	-1	-1		-1	4	1000	0	30	-1	1	0	0	0	0	100	-1	0	-1	0	0	0	2	0	0	30294	30294	30294	30294	30294	30294	30294	30294	30294	30294	30294	30294	30294	30294	30294	30294	金钟罩	1	0.1	0	0	1	0
3630	3630	-1	如来神掌	Test_1	-1	0	0	1	1	1	-1	-1	-1	0	0	102				171	172	-1	0	1	0	0	-1	-1	-1	-1	-1	-1	-1	-1	-1		-1	4	2000	0	30	-1	1	0	0	0	0	100	-1	0	-1	0	0	0	2	0	0	30295	30295	30295	30295	30295	30295	30295	30295	30295	30295	30295	30295	30295	30295	30295	30295	如来神掌	1	0.1	0	0	1	0
3631	3631	-1	化骨绵掌	Test_1	-1	0	0	1	1	1	-1	-1	-1	0	0	102				165		-1	0	1	0	0	-1	-1	-1	-1	-1	-1	-1	-1	-1		-1	4	300	0	30	-1	1	0	0	0	0	100	-1	0	-1	0	0	0	2	0	0	30296	30296	30296	30296	30296	30296	30296	30296	30296	30296	30296	30296	30296	30296	30296	30296	化骨绵掌	1	0.1	0	0	1	0
3632	3632	-1	笑里藏刀	Test_1	-1	0	0	1	1	1	-1	-1	-1	0	0	102				171	172	-1	0	1	0	0	-1	-1	-1	-1	-1	-1	-1	-1	-1		-1	4	1000	0	30	-1	1	0	0	0	0	100	-1	0	-1	0	0	0	2	0	0	30297	30297	30297	30297	30297	30297	30297	30297	30297	30297	30297	30297	30297	30297	30297	30297	笑里藏刀	1	0.1	0	0	1	0
3633	3633	-1	一日丧命散	Test_1	-1	0	0	1	1	1	-1	-1	-1	0	0	102				166	169	-1	0	1	0	0	-1	-1	-1	-1	-1	-1	-1	-1	-1		-1	4	1000	0	30	-1	1	0	0	0	0	100	-1	0	-1	0	0	0	2	0	0	30298	30298	30298	30298	30298	30298	30298	30298	30298	30298	30298	30298	30298	30298	30298	30298	一日丧命散	1	0.1	0	0	1	0
3634	3634	-1	指点江山	Test_1	-1	0	0	1	1	1	-1	-1	-1	0	0	102				165	-1	-1	0	1	0	0	-1	-1	-1	-1	-1	-1	-1	-1	-1		-1	4	0	0	30	-1	1	0	0	0	0	100	-1	0	-1	0	0	0	2	0	0	30299	30299	30299	30299	30299	30299	30299	30299	30299	30299	30299	30299	30299	30299	30299	30299	指点江山	1	0.1	0	0	1	0
3635	3635	-1	一阳指	Test_1	-1	0	0	1	1	1	-1	-1	-1	0	0	102				169	170	-1	0	1	0	0	-1	-1	-1	-1	-1	-1	-1	-1	-1		-1	4	1000	0	30	-1	1	0	0	0	0	100	-1	0	-1	0	0	0	2	0	0	30300	30300	30300	30300	30300	30300	30300	30300	30300	30300	30300	30300	30300	30300	30300	30300	一阳指	1	0.1	0	0	1	0
3636	3636	-1	六脉神剑	Test_1	-1	0	0	1	1	1	-1	-1	-1	0	0	102				171	172	-1	0	1	0	0	-1	-1	-1	-1	-1	-1	-1	-1	-1		-1	4	1000	0	30	-1	1	0	0	0	0	100	-1	0	-1	0	0	0	2	0	0	30301	30301	30301	30301	30301	30301	30301	30301	30301	30301	30301	30301	30301	30301	30301	30301	六脉神剑	1	0.1	0	0	1	0
3637	3637	-1	坐骑上可使用非战斗无CD物品（变身可使用）	Food_1	-1	0	0	0	0	0	-1	-1	-1	0	2	79					-1	-1	0	3	0	0	-1	-1	-1	-1	-1	-1	-1	0	-1		-1	0	0	-1	-1	1	0	-1	0	0	0	100	-1	0	-1	0	0	0	0	0	0	30302	30302	30302	30302	30302	30302	30302	30302	30302	30302	30302	30302	30302	30302	30302	30302		0	0.1	50	10	1	0
3638	3638	-1	采集中	PetSkill3_7	-1	0	0	1	0	1	-1	-1	-1	0	0	-1				143	143	-1	0	3	0	1	-1	-1	-1	-1	-1	-1	-1	-1	-1		-1	5	1200	0	5	0	-1	-1	0	0	0	100	-1	0	-1	0	0	0	0	0	0	30303	30303	30303	30303	30303	30303	30303	30303	30303	30303	30303	30303	30303	30303	30303	30303	采集中	0	0.1	33	10	1	0
3639	3639	-1	采集中	PetSkill3_7	-1	0	0	1	0	1	-1	-1	-1	0	0	-1				143	143	-1	0	3	0	1	-1	-1	-1	-1	-1	-1	-1	-1	-1		-1	5	1200	0	5	0	-1	-1	0	0	0	100	-1	0	-1	0	0	0	0	0	0	30304	30304	30304	30304	30304	30304	30304	30304	30304	30304	30304	30304	30304	30304	30304	30304	采集中	0	0.1	33	10	1	0
3640	3640	-1	采集中	PetSkill3_7	-1	0	0	1	0	1	-1	-1	-1	0	0	-1				143	143	-1	0	3	0	1	-1	-1	-1	-1	-1	-1	-1	-1	-1		-1	5	1200	0	5	0	-1	-1	0	0	0	100	-1	0	-1	0	0	0	0	0	0	30305	30305	30305	30305	30305	30305	30305	30305	30305	30305	30305	30305	30305	30305	30305	30305	采集中	0	0.1	33	10	1	0
3641	3641	-1	采集灵药	PetSkill3_7	-1	0	0	1	0	1	-1	-1	-1	0	0	-1				143	143	-1	0	3	0	1	-1	-1	-1	-1	-1	-1	-1	-1	-1		-1	5	1200	0	2	0	-1	-1	0	0	0	100	-1	0	-1	0	0	0	0	0	0	30306	30306	30306	30306	30306	30306	30306	30306	30306	30306	30306	30306	30306	30306	30306	30306	采集灵药	0	0.1	33	10	1	0
3642	3642	-1	开启识破机关	Test_1	-1	0	0	1	1	1	-1	-1	1	1	0	-1				143	143	-1	0	0	0	1	-1	-1	-1	-1	-1	-1	-1	0	-1		-1	5	1200	0	2	0	-1	-1	0	0	0	100	-1	0	-1	0	0	0	0	0	0	30307	30307	30307	30307	30307	30307	30307	30307	30307	30307	30307	30307	30307	30307	30307	30307	开启识破机关	0	0	50	10	1	0
3643	3643	-1	阵	Food_1	-1	0	0	1	0	1	-1	-1	-1	0	2	-1				143	143	-1	0	0	0	1	-1	-1	-1	-1	-1	-1	-1	-1	-1	 	-1	5	1200	0	2	0	-1	-1	0	0	0	100	-1	0	-1	0	0	0	0	0	0	30308	30308	30308	30308	30308	30308	30308	30308	30308	30308	30308	30308	30308	30308	30308	30308		0	0.1	33	10	1	0
3646	3646	-1	签名	Test_1	-1	0	0	1	0	1	-1	-1	-1	0	0	-1				143		-1	0	3	0	1	-1	-1	-1	-1	-1	-1	-1	0	-1		-1	5	300	0	10	0	-1	-1	0	0	0	100	-1	0	-1	0	0	0	0	0	0	30311	30311	30311	30311	30311	30311	30311	30311	30311	30311	30311	30311	30311	30311	30311	30311	正在签名	0	0	0	0	1	0
3647	3647	-1	正在自我参悟	Food_1	-1	0	0	1	1	1	-1	-1	1	0	1	-1	吟唱em	身体中心点		6	6	-1	0	3	0	0	-1	-1	-1	-1	-1	-1	-1	0	-1		-1	5	1200	0	15	0	-1	-1	0	1000	0	100	-1	0	-1	0	0	0	0	0	0	30312	30312	30312	30312	30312	30312	30312	30312	30312	30312	30312	30312	30312	30312	30312	30312	正在自我参悟	0	0	0	0	1	0
3648	3648	-1	祈福	HuoDongSkill_3	-1	0	0	1	0	1	-1	-1	-1	0	0	-1				88	88	-1	0	0	0	1	-1	-1	-1	-1	-1	-1	-1	0	-1		-1	5	1200	0	2	0	-1	-1	0	0	0	100	-1	0	-1	0	0	0	0	0	0	30313	30313	30313	30313	30313	30313	30313	30313	30313	30313	30313	30313	30313	30313	30313	30313	祈福	0	0	0	0	1	0
3649	3649	-1	浇花	HuoDongSkill_3	-1	0	0	1	0	1	-1	-1	-1	0	0	-1				88	88	-1	0	0	0	1	-1	-1	-1	-1	-1	-1	-1	0	-1		-1	5	1200	0	2	0	-1	-1	0	0	0	100	-1	0	-1	0	0	0	0	0	0	30314	30314	30314	30314	30314	30314	30314	30314	30314	30314	30314	30314	30314	30314	30314	30314	浇花	0	0	0	0	1	0
3650	3650	-1	使用得缘花种	Food_1	-1	0	0	1	1	1	-1	-1	0	0	2	197					143	-1	0	3	0	1	-1	-1	-1	-1	-1	-1	-1	0	-1		-1	5	300	0	5	1	-1	-1	0	0	0	100	-1	0	-1	0	0	0	0	0	0	30315	30315	30315	30315	30315	30315	30315	30315	30315	30315	30315	30315	30315	30315	30315	30315	使用得缘花种	0	0	0	0	1	0
3651	3651	-1	使用花种	Food_1	-1	0	0	1	1	1	-1	-1	0	0	2	197					143	-1	0	3	0	1	-1	-1	-1	-1	-1	-1	-1	0	-1		-1	5	300	0	5	1	-1	-1	0	0	0	100	-1	0	-1	0	0	0	0	0	0	30316	30316	30316	30316	30316	30316	30316	30316	30316	30316	30316	30316	30316	30316	30316	30316	使用花种	0	0	0	0	1	0
3652	3652	-1	正在筑建	Food_1	-1	0	0	1	1	1	-1	-1	-1	0	0	-1				143	143	-1	0	3	0	1	-1	-1	-1	-1	-1	-1	-1	0	-1	 	-1	5	1200	0	5	1	-1	-1	0	0	0	100	-1	0	-1	0	0	0	0	0	0	30317	30317	30317	30317	30317	30317	30317	30317	30317	30317	30317	30317	30317	30317	30317	30317	向许愿池投掷硬币	0	0	0	0	1	0
3653	3653	-1	许愿中	Food_1	-1	0	0	1	0	1	-1	-1	-1	0	0	78				1138	-1	-1	0	3	0	0	-1	-1	-1	-1	-1	-1	-1	0	-1		-1	0	1200	-1	-1	0	-1	-1	0	0	0	100	-1	0	-1	0	0	0	0	0	0	30318	30318	30318	30318	30318	30318	30318	30318	30318	30318	30318	30318	30318	30318	30318	30318		0	0.1	50	10	1	0
3654	3654	-1	顺发物品技能6sCD	Food_1	-1	0	0	1	0	1	-1	-1	-1	1	2	78					1140	-1	0	3	0	0	-1	-1	-1	-1	-1	-1	-1	0	-1		-1	0	0	-1	-1	1	0	-1	0	0	0	100	-1	0	-1	0	0	0	0	0	0	30319	30319	30319	30319	30319	30319	30319	30319	30319	30319	30319	30319	30319	30319	30319	30319		0	0.1	50	10	1	0
3655	3655	-1	抚琴	Food_1	-1	0	0	1	1	1	-1	-1	-1	0	0	-1				1141		-1	0	3	0	0	-1	-1	-1	-1	-1	-1	-1	0	-1	 	-1	0	1200	-1	-1	1	0	-1	0	0	0	100	-1	0	-1	0	0	0	0	0	0	30320	30320	30320	30320	30320	30320	30320	30320	30320	30320	30320	30320	30320	30320	30320	30320	抚琴	0	0.1	50	10	1	0
3656	3656	-1	祈福	Food_1	-1	0	0	0	0	0	-1	-1	-1	0	0	-1				165		-1	0	0	0	0	-1	-1	-1	-1	-1	-1	-1	0	-1	 	-1	0	1200	-1	-1	1	0	-1	0	0	0	100	-1	0	-1	0	0	0	0	0	0	30321	30321	30321	30321	30321	30321	30321	30321	30321	30321	30321	30321	30321	30321	30321	30321	祈福	0	0.1	50	10	1	0
3657	3657	-1	使用中	Food_1	-1	0	0	1	0	1	-1	-1	-1	0	0	75				143	143	-1	0	0	0	0	-1	-1	-1	-1	-1	-1	-1	0	-1	 	-1	0	1200	-1	-1	1	0	-1	0	0	0	100	-1	0	-1	0	0	0	0	0	0	30322	30322	30322	30322	30322	30322	30322	30322	30322	30322	30322	30322	30322	30322	30322	30322		0	0.1	50	10	1	0
3658	3658	-1	祈福	PetSkill3_7	-1	0	0	1	0	1	-1	-1	-1	0	0	-1				1027		-1	0	3	0	1	-1	-1	-1	-1	-1	-1	-1	-1	-1		-1	5	1200	0	5	0	-1	-1	0	0	0	100	-1	0	-1	0	0	0	0	0	0	30340	30340	30340	30340	30340	30340	30340	30340	30340	30340	30340	30340	30340	30340	30340	30340	祈福	0	0	0	0	1	0
3659	3659	-1	如梦令	FightSkillMurong1_7	-1	0	0	1	1	1	-1	-1	1	0	2	64					759	-1	0	1	0	1	-1	-1	-1	-1	-1	-1	1	1	-1		-1	5	300	0	2	-1	1	-1	0	0	0	100	-1	1	-1	0	0	0	2	2	1000	30341	30341	30341	30341	30341	30341	30341	30341	30341	30341	30341	30341	30341	30341	30341	30341		1	0.1	50	10	1	0
3660	3660	-1	凉风有信	FightSkillMurong1_9	-1	0	0	1	1	1	-1	-1	1	0	2	60					780	-1	0	1	0	1	-1	-1	-1	-1	-1	-1	1	1	-1		-1	5	600	0	15	-1	1	-1	0	0	0	100	-1	0	-1	0	0	0	0	0	100	30342	30342	30342	30342	30342	30342	30342	30342	30342	30342	30342	30342	30342	30342	30342	30342		1	0.1	50	10	1	0
3661	3661	-1	雷泽九天	Test_1	-1	0	0	1	1	1	-1	-1	1	0	0	102				165	166	-1	0	1	0	0	-1	-1	-1	-1	-1	-1	-1	-1	-1		-1	0	1200	0	10	-1	1	-1	0	0	0	100	-1	0	-1	0	0	0	0	0	0	30343	30343	30343	30343	30343	30343	30343	30343	30343	30343	30343	30343	30343	30343	30343	30343	雷泽九天	1	0	0	0	1	0
3662	3662	-1	万物枯荣	Food_1	-1	0	0	0	0	1	-1	-1	-1	0	0	0				165	166	-1	0	1	1	0	-1	-1	-1	-1	-1	-1	-1	-1	-1		-1	0	1200	-1	-1	1	0	-1	0	0	0	100	-1	0	-1	0	0	0	0	0	0	30344	30344	30344	30344	30344	30344	30344	30344	30344	30344	30344	30344	30344	30344	30344	30344	万物枯荣	1	0	0	0	1	0
3663	3663	-1	破阵三刀	Food_1	-1	0	0	0	0	1	-1	-1	-1	0	2	0				165	166	-1	0	1	1	0	-1	-1	-1	-1	-1	-1	-1	-1	-1		-1	0	1200	-1	-1	1	0	-1	0	0	0	100	-1	0	-1	0	0	0	0	0	0	30345	30345	30345	30345	30345	30345	30345	30345	30345	30345	30345	30345	30345	30345	30345	30345	破阵三刀	1	0	0	0	1	0
3664	3664	-1	埋伏	Food_1	-1	0	0	0	0	1	-1	-1	-1	0	0	0					540	-1	0	1	1	0	-1	-1	-1	-1	-1	-1	-1	-1	-1		-1	0	1200	-1	-1	1	0	-1	0	0	0	100	-1	0	-1	0	0	0	0	0	0	30346	30346	30346	30346	30346	30346	30346	30346	30346	30346	30346	30346	30346	30346	30346	30346	埋伏	1	0	0	0	1	0
3665	3665	-1	八卦阵	Food_1	-1	0	0	0	0	1	-1	-1	-1	0	0	0				165	166	-1	0	1	1	0	-1	-1	-1	-1	-1	-1	-1	-1	-1		-1	0	1200	-1	-1	1	0	-1	0	0	0	100	-1	0	-1	0	0	0	0	0	0	30347	30347	30347	30347	30347	30347	30347	30347	30347	30347	30347	30347	30347	30347	30347	30347	八卦阵	1	0	0	0	1	0
3666	3666	-1	开启宝箱	PetSkill3_7	-1	0	0	1	0	1	-1	-1	-1	0	0	-1				143	143	-1	0	3	0	1	-1	-1	-1	-1	-1	-1	-1	-1	-1		-1	5	1200	0	2	0	-1	-1	0	0	0	100	-1	0	-1	0	0	0	0	0	0	30348	30348	30348	30348	30348	30348	30348	30348	30348	30348	30348	30348	30348	30348	30348	30348	开启宝箱	0	0.1	33	10	1	0
3667	3667	-1	破阵三刀	Food_1	-1	0	0	0	0	1	-1	-1	-1	0	2	0				165	167	-1	0	1	1	0	-1	-1	-1	-1	-1	-1	-1	-1	-1		-1	0	1200	-1	-1	1	0	-1	0	0	0	100	-1	0	-1	0	0	0	0	0	0	30349	30349	30349	30349	30349	30349	30349	30349	30349	30349	30349	30349	30349	30349	30349	30349	破阵三刀	1	0	0	0	1	0
3668	3668	-1	破阵三刀	Food_1	-1	0	0	0	0	1	-1	-1	-1	0	2	0				165	168	-1	0	1	1	0	-1	-1	-1	-1	-1	-1	-1	-1	-1		-1	0	1200	-1	-1	1	0	-1	0	0	0	100	-1	0	-1	0	0	0	0	0	0	30350	30350	30350	30350	30350	30350	30350	30350	30350	30350	30350	30350	30350	30350	30350	30350	破阵三刀	1	0	0	0	1	0
3669	3669	-1	琴瑟之魂（1级）	WuhunSkill3_3	-1	0	0	0	0	0	-1	0	-1	0	2	-1						-1	0	0	1	0	-1	-1	-1	-1	-1	-1	-1	1	-1		-1	0	0	-1	-1	1	0	0	0	0	0	100	0	0	-1	0	0	0	0	0	0	30351	30352	30353	30354	30355	30356	30357	30358	30359	30360	30361	30362	30362	30362	30362	30362	琴	0	0.1	50	10	1	0
3670	3670	-1	琴瑟之魂（2级）	WuhunSkill3_3	-1	0	0	0	0	0	-1	0	-1	0	2	-1						-1	0	0	1	0	-1	-1	-1	-1	-1	-1	-1	1	-1		-1	0	0	-1	-1	1	0	0	0	0	0	100	0	0	-1	0	0	0	0	0	0	30363	30364	30365	30366	30367	30368	30369	30370	30371	30372	30373	30374	30374	30374	30374	30374	琴	0	0.1	50	10	1	0
3671	3671	-1	琴瑟之魂（3级）	WuhunSkill3_3	-1	0	0	0	0	0	-1	0	-1	0	2	-1						-1	0	0	1	0	-1	-1	-1	-1	-1	-1	-1	1	-1		-1	0	0	-1	-1	1	0	0	0	0	0	100	0	0	-1	0	0	0	0	0	0	30375	30376	30377	30378	30379	30380	30381	30382	30383	30384	30385	30386	30386	30386	30386	30386	琴	0	0.1	50	10	1	0
3672	3672	-1	琴瑟之魂（4级）	WuhunSkill3_3	-1	0	0	0	0	0	-1	0	-1	0	2	-1						-1	0	0	1	0	-1	-1	-1	-1	-1	-1	-1	1	-1		-1	0	0	-1	-1	1	0	0	0	0	0	100	0	0	-1	0	0	0	0	0	0	30387	30388	30389	30390	30391	30392	30393	30394	30395	30396	30397	30398	30398	30398	30398	30398	琴	0	0.1	50	10	1	0
3673	3673	-1	琴瑟之魂（5级）	WuhunSkill3_3	-1	0	0	0	0	0	-1	0	-1	0	2	-1						-1	0	0	1	0	-1	-1	-1	-1	-1	-1	-1	1	-1		-1	0	0	-1	-1	1	0	0	0	0	0	100	0	0	-1	0	0	0	0	0	0	30399	30400	30401	30402	30403	30404	30405	30406	30407	30408	30409	30410	30410	30410	30410	30410	琴	0	0.1	50	10	1	0
3674	3674	-1	琴瑟之魂（6级）	WuhunSkill3_3	-1	0	0	0	0	0	-1	0	-1	0	2	-1						-1	0	0	1	0	-1	-1	-1	-1	-1	-1	-1	1	-1		-1	0	0	-1	-1	1	0	0	0	0	0	100	0	0	-1	0	0	0	0	0	0	30411	30412	30413	30414	30415	30416	30417	30418	30419	30420	30421	30422	30422	30422	30422	30422	琴	0	0.1	50	10	1	0
3675	3675	-1	虚弱	Test_1	-1	0	0	0	0	0	-1	-1	-1	0	0	0					167	-1	0	1	0	0	-1	-1	-1	-1	-1	-1	-1	-1	-1		-1	0	2000	-1	-1	-1	1	-1	0	0	0	100	-1	0	-1	0	0	0	0	0	0	30423	30423	30423	30423	30423	30423	30423	30423	30423	30423	30423	30423	30423	30423	30423	30423	虚弱	0	0	0	0	1	0
3676	3676	-1	一日丧命散2	Test_1	-1	0	0	1	1	1	-1	-1	-1	0	0	102				166	170	-1	0	1	0	0	-1	-1	-1	-1	-1	-1	-1	-1	-1		-1	4	1000	0	30	-1	1	0	0	0	0	100	-1	0	-1	0	0	0	2	0	0	30424	30424	30424	30424	30424	30424	30424	30424	30424	30424	30424	30424	30424	30424	30424	30424	一日丧命散	0	0.1	0	0	1	0
3677	3677	-1	指点江山2	Test_1	-1	0	0	1	1	1	-1	-1	-1	0	0	102					166	-1	0	1	0	0	-1	-1	-1	-1	-1	-1	-1	-1	-1		-1	4	2000	0	30	-1	1	0	0	0	0	100	-1	0	-1	0	0	0	2	0	0	30425	30425	30425	30425	30425	30425	30425	30425	30425	30425	30425	30425	30425	30425	30425	30425	指点江山	0	0.1	0	0	1	0
3678	3678	-1	镖车减速	Test_1	-1	0	0	1	1	0	-1	-1	-1	0	0	0						-1	0	1	0	0	-1	-1	-1	-1	-1	-1	-1	-1	-1		-1	0	1000	-1	-1	-1	1	-1	0	0	0	100	-1	0	-1	0	0	0	0	0	0	30426	30426	30426	30426	30426	30426	30426	30426	30426	30426	30426	30426	30426	30426	30426	30426	劫镖减速	0	0	0	0	1	0
3679	3679	-1	余音袅袅	FightSkillMantuo_1	-1	0	0	1	1	0	-1	-1	-1	0	2	-1					162	-1	0	0	0	1	-1	-1	-1	-1	-1	-1	-1	0	-1		-1	5	1200	0	15	-1	1	-1	0	0	0	100	-1	0	-1	0	0	0	0	0	0	30427	30427	30427	30427	30427	30427	30427	30427	30427	30427	30427	30427	30427	30427	30427	30427	余音袅袅	1	0	0	0	1	0
3680	3680	-1	正在劫取镖车	HuoDongSkill_3	-1	0	0	1	0	1	-1	-1	-1	0	1	-1				88	88	-1	0	3	0	1	-1	-1	-1	-1	-1	-1	-1	0	-1		-1	5	1200	0	5	-1	-1	-1	0	1000	0	100	-1	0	-1	0	0	0	0	0	0	30428	30428	30428	30428	30428	30428	30428	30428	30428	30428	30428	30428	30428	30428	30428	30428	正在劫取镖车	0	0	0	0	1	0
3681	3681	-1	浇花	Food_1	-1	0	0	1	0	1	-1	-1	-1	0	0	50				143	143	-1	0	3	0	0	-1	-1	-1	-1	-1	-1	-1	0	-1	 	-1	0	1200	-1	-1	1	0	-1	0	0	0	100	-1	0	-1	0	0	0	0	0	0	30429	30429	30429	30429	30429	30429	30429	30429	30429	30429	30429	30429	30429	30429	30429	30429	浇花	0	0.1	50	10	1	0
3682	3682	-1	制琴	Food_1	-1	0	0	1	0	1	-1	-1	-1	0	0	50				143	143	-1	0	3	0	0	-1	-1	-1	-1	-1	-1	-1	0	-1	 	-1	0	1200	-1	-1	1	0	-1	0	0	0	100	-1	0	-1	0	0	0	0	0	0	30430	30430	30430	30430	30430	30430	30430	30430	30430	30430	30430	30430	30430	30430	30430	30430	制琴	0	0.1	50	10	1	0
3683	3683	-1	观景	Food_1	-1	0	0	1	0	1	-1	-1	-1	0	0	50				143	143	-1	0	3	0	0	-1	-1	-1	-1	-1	-1	-1	0	-1	 	-1	0	1200	-1	-1	1	0	-1	0	0	0	100	-1	0	-1	0	0	0	0	0	0	30431	30431	30431	30431	30431	30431	30431	30431	30431	30431	30431	30431	30431	30431	30431	30431	观景	0	0.1	50	10	1	0
3684	3684	-1	饮酒	Food_1	-1	0	0	1	0	1	-1	-1	-1	0	0	50				143	143	-1	0	3	0	0	-1	-1	-1	-1	-1	-1	-1	0	-1	 	-1	0	1200	-1	-1	1	0	-1	0	0	0	100	-1	0	-1	0	0	0	0	0	0	30432	30432	30432	30432	30432	30432	30432	30432	30432	30432	30432	30432	30432	30432	30432	30432	饮酒	0	0.1	50	10	1	0
3685	3685	-1	交易军功令	Food_1	-1	0	0	0	0	1	-1	-1	0	0	2	139					-1	-1	0	3	0	1	-1	-1	-1	-1	-1	-1	-1	0	-1		-1	5	0	0	2	1	0	0	0	0	0	100	-1	0	-1	0	0	0	0	0	0	30433	30433	30433	30433	30433	30433	30433	30433	30433	30433	30433	30433	30433	30433	30433	30433	交易军功令	0	0	0	0	1	0
3686	3686	-1	妖星聚义	Food_1	-1	0	0	0	0	1	-1	-1	-1	0	2	0					540	-1	0	1	1	0	-1	-1	-1	-1	-1	-1	-1	-1	-1	 	-1	4	1200	-1	-1	-1	1	-1	0	0	0	100	-1	0	-1	6	360	12	0	0	0	30434	30434	30434	30434	30434	30434	30434	30434	30434	30434	30434	30434	30434	30434	30434	30434		1	0	0	0	1	0
3687	3687	-1	神行逆转	Food_1	-1	0	0	0	0	1	-1	-1	-1	0	2	0					541	-1	0	1	1	0	-1	-1	-1	-1	-1	-1	-1	-1	-1		-1	5	1200	0	15	-1	1	1	0	0	0	100	-1	0	-1	0	0	0	0	0	0	30435	30435	30435	30435	30435	30435	30435	30435	30435	30435	30435	30435	30435	30435	30435	30435		1	0.1	50	10	1	0
3688	3688	-1	天罡皇气	Food_1	-1	0	0	0	0	1	-1	-1	-1	0	2	0					540	-1	0	1	1	0	-1	-1	-1	-1	-1	-1	-1	-1	-1	 	-1	0	1200	-1	-1	1	0	-1	0	0	0	100	-1	0	-1	0	0	0	0	0	0	30436	30436	30436	30436	30436	30436	30436	30436	30436	30436	30436	30436	30436	30436	30436	30436		1	0.1	50	10	1	0
3689	3689	-1	天罡霸气	Food_1	-1	0	0	0	0	1	-1	-1	-1	0	2	0					540	-1	0	1	1	0	-1	-1	-1	-1	-1	-1	-1	-1	-1		-1	0	1200	-1	-1	1	0	-1	0	0	0	100	-1	0	-1	0	0	0	0	0	0	30437	30437	30437	30437	30437	30437	30437	30437	30437	30437	30437	30437	30437	30437	30437	30437		1	0.1	50	10	1	0
3690	3690	-1	天人五衰	Food_1	-1	0	0	0	0	1	-1	-1	-1	0	2	0					540	-1	0	1	1	0	-1	-1	-1	-1	-1	-1	-1	-1	-1	 	-1	0	1200	-1	-1	-1	0	-1	0	0	0	100	-1	0	-1	0	0	0	0	0	0	30438	30438	30438	30438	30438	30438	30438	30438	30438	30438	30438	30438	30438	30438	30438	30438		1	0.1	50	10	1	0
3691	3691	-1	杀气瘟疫	Food_1	-1	0	0	0	0	1	-1	-1	-1	0	2	0					541	-1	0	1	1	0	-1	-1	-1	-1	-1	-1	-1	-1	-1	 	-1	5	1200	-1	-1	-1	0	-1	0	0	0	100	-1	0	-1	0	0	0	0	0	0	30439	30439	30439	30439	30439	30439	30439	30439	30439	30439	30439	30439	30439	30439	30439	30439		1	0.1	50	10	1	0
3692	3692	-1	杀气爆发	Food_1	-1	0	0	0	0	1	-1	-1	-1	0	2	0					540	-1	0	1	1	0	-1	-1	-1	-1	-1	-1	-1	-1	-1	 	-1	0	1200	-1	-1	1	0	-1	0	0	0	100	-1	0	-1	0	0	0	0	0	0	30440	30440	30440	30440	30440	30440	30440	30440	30440	30440	30440	30440	30440	30440	30440	30440		1	0.1	50	10	1	0
3693	3693	-1	狂风铲	Food_1	-1	0	0	0	0	1	-1	-1	-1	1	2	0					541	-1	0	1	1	0	-1	-1	-1	-1	-1	-1	-1	-1	-1		-1	5	1200	0	2	-1	0	1	0	0	0	100	-1	0	-1	0	0	0	0	0	0	30441	30441	30441	30441	30441	30441	30441	30441	30441	30441	30441	30441	30441	30441	30441	30441		1	0.1	50	10	1	0
3694	3694	-1	生门	Food_1	-1	0	0	0	0	1	-1	-1	-1	0	2	0					543	-1	0	1	1	0	-1	-1	-1	-1	-1	-1	-1	-1	-1	 	-1	4	1200	-1	-1	-1	1	-1	0	0	0	100	-1	0	-1	5	360	12	0	0	0	30442	30442	30442	30442	30442	30442	30442	30442	30442	30442	30442	30442	30442	30442	30442	30442		1	0.1	50	10	1	0
3695	3695	-1	灭世刀阵	Food_1	-1	0	0	0	0	1	-1	-1	-1	0	2	0					542	-1	0	1	1	0	-1	-1	-1	-1	-1	-1	-1	-1	-1		-1	4	1200	-1	-1	-1	1	-1	0	0	0	100	-1	0	-1	30	360	12	0	0	0	30443	30443	30443	30443	30443	30443	30443	30443	30443	30443	30443	30443	30443	30443	30443	30443		1	0.1	50	10	1	0
3696	3696	-1	分身符	Food_1	-1	0	0	0	0	1	-1	-1	-1	0	2	0					542	-1	0	1	1	0	-1	-1	-1	-1	-1	-1	-1	-1	-1	 	-1	0	1200	-1	-1	0	-1	-1	0	0	0	100	-1	0	-1	0	0	0	0	0	0	30444	30444	30444	30444	30444	30444	30444	30444	30444	30444	30444	30444	30444	30444	30444	30444		1	0.1	50	10	1	0
3697	3697	-1	定身符	Food_1	-1	0	0	0	0	1	-1	-1	-1	0	2	0					542	-1	0	1	1	0	-1	-1	-1	-1	-1	-1	-1	-1	-1	 	-1	5	1200	-1	-1	-1	1	-1	0	0	0	100	-1	0	-1	0	0	0	0	0	0	30445	30445	30445	30445	30445	30445	30445	30445	30445	30445	30445	30445	30445	30445	30445	30445		1	0.1	50	10	1	0
3698	3698	-1	封穴符	Food_1	-1	0	0	0	0	1	-1	-1	-1	0	2	0					542	-1	0	1	1	0	-1	-1	-1	-1	-1	-1	-1	-1	-1	 	-1	5	1200	-1	-1	-1	1	-1	0	0	0	100	-1	0	-1	0	0	0	0	0	0	30446	30446	30446	30446	30446	30446	30446	30446	30446	30446	30446	30446	30446	30446	30446	30446		1	0.1	50	10	1	0
3699	3699	-1	昏睡符	Food_1	-1	0	0	0	0	1	-1	-1	-1	0	2	0					542	-1	0	1	1	0	-1	-1	-1	-1	-1	-1	-1	-1	-1	 	-1	5	1200	-1	-1	-1	1	-1	0	0	0	100	-1	0	-1	0	0	0	0	0	0	30447	30447	30447	30447	30447	30447	30447	30447	30447	30447	30447	30447	30447	30447	30447	30447		1	0.1	50	10	1	0
3700	3700	-1	天煞孤星	Food_1	-1	0	0	0	0	1	-1	-1	-1	0	2	0					540	-1	0	1	1	0	-1	-1	-1	-1	-1	-1	-1	-1	-1	 	-1	0	1200	-1	-1	-1	0	-1	0	0	0	100	-1	0	-1	0	0	0	0	0	0	30448	30448	30448	30448	30448	30449	30450	30451	30452	30453	30454	30455	30456	30457	30458	30459		1	0	0	0	1	0
3701	3701	-1	开启识破机关	Test_1	-1	0	0	1	1	1	-1	-1	1	1	0	-1				143	143	-1	0	0	0	1	-1	-1	-1	-1	-1	-1	-1	0	-1		-1	5	1200	0	2	0	-1	-1	0	0	0	100	-1	0	-1	0	0	0	0	0	0	30460	30460	30460	30460	30460	30460	30460	30460	30460	30460	30460	30460	30460	30460	30460	30460	开启识破机关	0	0	50	10	1	0
3702	3702	-1	享用美味	CircularTaskTool101_10	-1	0	0	0	0	0	-1	-1	-1	0	0	-1				26		-1	0	0	0	1	-1	-1	-1	-1	-1	-1	-1	0	-1		-1	5	1200	0	2	0	-1	-1	0	0	0	100	-1	0	-1	0	0	0	0	0	0	30461	30461	30461	30461	30461	30461	30461	30461	30461	30461	30461	30461	30461	30461	30461	30461	享用美食	0	0	0	0	1	0
3703	3703	-1	炼世	PetSoulSkill2_16	-1	0	0	1	1	1	-1	0	1	0	2	165					622	-1	0	2	0	2	0	-1	-1	-1	26	1	-1	-1	186		-1	7	1200	0	15	-1	1	-1	0	0	0	100	-1	0	-1	6	360	10	-1	0	600	30462	30462	30462	30462	30462	30462	30462	30462	30462	30462	30462	30462	30462	30462	30462	30462	#cFFCC99十方熔炉，炼世魑魅#r#cFFCC00手动技 群体伤害 群体散功#r冷却时间 150秒#r对指定区域6米半径范围内，最多10个目标额外造成1000伤害，同时散功1秒#r#c54FF00（放出珍兽后，可以在快捷栏中使用）#r#W技能跟随#G魂境阶级#W的提升而增强	1	0.1	50	10	1	0
3704	3704	-1	炼世	PetSoulSkill2_16	-1	0	0	1	1	1	-1	0	1	0	2	165					622	-1	0	2	0	2	0	-1	-1	-1	26	1	-1	-1	186		-1	7	1200	0	15	-1	1	-1	0	0	0	100	-1	0	-1	6	360	10	-1	0	600	30463	30463	30463	30463	30463	30463	30463	30463	30463	30463	30463	30463	30463	30463	30463	30463	#cFFCC99十方熔炉，炼世魑魅#r#cFFCC00手动技 群体伤害 群体散功#r冷却时间 150秒#r对指定区域6米半径范围内，最多10个目标额外造成2500伤害，同时散功1.5秒#r#c54FF00（放出珍兽后，可以在快捷栏中使用）#r#W技能跟随#G魂境阶级#W的提升而增强	1	0.1	50	10	1	0
3705	3705	-1	炼世	PetSoulSkill2_16	-1	0	0	1	1	1	-1	0	1	0	2	165					622	-1	0	2	0	2	0	-1	-1	-1	26	1	-1	-1	186		-1	7	1200	0	15	-1	1	-1	0	0	0	100	-1	0	-1	6	360	10	-1	0	600	30464	30464	30464	30464	30464	30464	30464	30464	30464	30464	30464	30464	30464	30464	30464	30464	#cFFCC99十方熔炉，炼世魑魅#r#cFFCC00手动技 群体伤害 群体散功#r冷却时间 150秒#r对指定区域6米半径范围内，最多10个目标额外造成4000伤害，同时散功2秒#r#c54FF00（放出珍兽后，可以在快捷栏中使用）#r#W技能跟随#G魂境阶级#W的提升而增强	1	0.1	50	10	1	0
3706	3706	-1	炼世	PetSoulSkill2_16	-1	0	0	1	1	1	-1	0	1	0	2	165					622	-1	0	2	0	2	0	-1	-1	-1	26	1	-1	-1	186		-1	7	1200	0	15	-1	1	-1	0	0	0	100	-1	0	-1	6	360	10	-1	0	600	30465	30465	30465	30465	30465	30465	30465	30465	30465	30465	30465	30465	30465	30465	30465	30465	#cFFCC99十方熔炉，炼世魑魅#r#cFFCC00手动技 群体伤害 群体散功#r冷却时间 150秒#r对指定区域6米半径范围内，最多10个目标额外造成5500伤害，同时散功2.5秒#r#c54FF00（放出珍兽后，可以在快捷栏中使用）#r#W技能跟随#G魂境阶级#W的提升而增强	1	0.1	50	10	1	0
3707	3707	-1	炼世	PetSoulSkill2_16	-1	0	0	1	1	1	-1	0	1	0	2	165					622	-1	0	2	0	2	0	-1	-1	-1	26	1	-1	-1	186		-1	7	1200	0	15	-1	1	-1	0	0	0	100	-1	0	-1	6	360	10	-1	0	600	30466	30466	30466	30466	30466	30466	30466	30466	30466	30466	30466	30466	30466	30466	30466	30466	#cFFCC99十方熔炉，炼世魑魅#r#cFFCC00手动技 群体伤害 群体散功#r冷却时间 150秒#r对指定区域6米半径范围内，最多10个目标额外造成7500伤害，同时散功3.5秒#r#c54FF00（放出珍兽后，可以在快捷栏中使用）#r#W技能跟随#G魂境阶级#W的提升而增强	1	0.1	50	10	1	0
3708	3708	-1	炼世	PetSoulSkill2_16	-1	0	0	1	1	1	-1	0	1	0	2	165					622	-1	0	2	0	2	0	-1	-1	-1	26	1	-1	-1	186		-1	7	1200	0	15	-1	1	-1	0	0	0	100	-1	0	-1	6	360	10	-1	0	600	30467	30467	30467	30467	30467	30467	30467	30467	30467	30467	30467	30467	30467	30467	30467	30467	#cFFCC99十方熔炉，炼世魑魅#r#cFFCC00手动技 群体伤害 群体散功#r冷却时间 150秒#r对指定区域6米半径范围内，最多10个目标额外造成10000伤害，同时散功5秒#r#c54FF00（放出珍兽后，可以在快捷栏中使用）#r#W技能跟随#G魂境阶级#W的提升而增强	1	0.1	50	10	1	0
3709	3709	-1	躺平	HuoDongSkill3_8	-1	0	0	0	0	0	-1	-1	-1	0	0	-1				165		-1	0	0	0	0	-1	-1	-1	-1	-1	-1	-1	0	-1	 	-1	0	1200	-1	-1	1	0	-1	0	0	0	100	-1	0	-1	0	0	0	0	0	0	30468	30468	30468	30468	30468	30468	30468	30468	30468	30468	30468	30468	30468	30468	30468	30468	躺平	1	0	0	0	1	0
3710	3710	-1	压腿	HuoDongSkill3_9	-1	0	0	0	0	0	-1	-1	-1	0	0	-1				166		-1	0	0	0	0	-1	-1	-1	-1	-1	-1	-1	0	-1	 	-1	0	1200	-1	-1	1	0	-1	0	0	0	100	-1	0	-1	0	0	0	0	0	0	30469	30469	30469	30469	30469	30469	30469	30469	30469	30469	30469	30469	30469	30469	30469	30469	压腿	1	0	0	0	1	0
3711	3711	-1	舒肩	HuoDongSkill3_10	-1	0	0	0	0	0	-1	-1	-1	0	0	-1				167		-1	0	0	0	0	-1	-1	-1	-1	-1	-1	-1	0	-1	 	-1	0	1200	-1	-1	1	0	-1	0	0	0	100	-1	0	-1	0	0	0	0	0	0	30470	30470	30470	30470	30470	30470	30470	30470	30470	30470	30470	30470	30470	30470	30470	30470	舒肩	1	0	0	0	1	0
3712	3712	-1	曲腰	HuoDongSkill3_11	-1	0	0	0	0	0	-1	-1	-1	0	0	-1				168		-1	0	0	0	0	-1	-1	-1	-1	-1	-1	-1	0	-1	 	-1	0	1200	-1	-1	1	0	-1	0	0	0	100	-1	0	-1	0	0	0	0	0	0	30471	30471	30471	30471	30471	30471	30471	30471	30471	30471	30471	30471	30471	30471	30471	30471	曲腰	1	0	0	0	1	0
3713	3713	-1	躺平	HuoDongSkill3_4	-1	0	0	0	0	0	-1	-1	-1	0	0	-1				165		-1	0	0	0	0	-1	-1	-1	-1	-1	-1	-1	0	-1	 	-1	0	1200	-1	-1	1	0	-1	0	0	0	100	-1	0	-1	0	0	0	0	0	0	30472	30472	30472	30472	30472	30472	30472	30472	30472	30472	30472	30472	30472	30472	30472	30472	躺平	1	0	0	0	1	0
3714	3714	-1	蹲桩	HuoDongSkill3_5	-1	0	0	0	0	0	-1	-1	-1	0	0	-1				166		-1	0	0	0	0	-1	-1	-1	-1	-1	-1	-1	0	-1	 	-1	0	1200	-1	-1	1	0	-1	0	0	0	100	-1	0	-1	0	0	0	0	0	0	30473	30473	30473	30473	30473	30473	30473	30473	30473	30473	30473	30473	30473	30473	30473	30473	压腿	1	0	0	0	1	0
3715	3715	-1	栽拳	HuoDongSkill3_6	-1	0	0	0	0	0	-1	-1	-1	0	0	-1				167		-1	0	0	0	0	-1	-1	-1	-1	-1	-1	-1	0	-1	 	-1	0	1200	-1	-1	1	0	-1	0	0	0	100	-1	0	-1	0	0	0	0	0	0	30474	30474	30474	30474	30474	30474	30474	30474	30474	30474	30474	30474	30474	30474	30474	30474	舒肩	1	0	0	0	1	0
3716	3716	-1	横踢	HuoDongSkill3_7	-1	0	0	0	0	0	-1	-1	-1	0	0	-1				168		-1	0	0	0	0	-1	-1	-1	-1	-1	-1	-1	0	-1	 	-1	0	1200	-1	-1	1	0	-1	0	0	0	100	-1	0	-1	0	0	0	0	0	0	30475	30475	30475	30475	30475	30475	30475	30475	30475	30475	30475	30475	30475	30475	30475	30475	曲腰	1	0	0	0	1	0
3717	3717	-1	打开恋语宝匣	PetSkill3_7	-1	0	0	1	0	1	-1	-1	-1	0	0	-1				143	143	-1	0	3	0	1	-1	-1	-1	-1	-1	-1	-1	-1	-1		-1	5	1200	0	2	0	-1	-1	0	0	0	100	-1	0	-1	0	0	0	0	0	0	30476	30476	30476	30476	30476	30476	30476	30476	30476	30476	30476	30476	30476	30476	30476	30476	打开恋语宝匣	0	0.1	33	10	1	0
3718	3718	-1	引出花露	PetSkill3_7	-1	0	0	1	0	1	-1	-1	-1	0	0	-1				1143	1143	-1	0	3	0	1	-1	-1	-1	-1	-1	-1	-1	-1	-1		-1	5	1200	0	2	0	-1	-1	0	0	0	100	-1	0	-1	0	0	0	0	0	0	30477	30477	30477	30477	30477	30477	30477	30477	30477	30477	30477	30477	30477	30477	30477	30477	引出花露	0	0.1	33	10	1	0
3719	3719	-1	组装十方轮	HuoDongSkill2_3	-1	0	0	0	0	0	-1	-1	-1	0	0	-1				26		-1	0	0	0	0	-1	-1	-1	-1	-1	-1	-1	0	-1	 	-1	0	1200	-1	-1	1	0	-1	0	0	0	100	-1	0	-1	0	0	0	0	0	0	30478	30478	30478	30478	30478	30478	30478	30478	30478	30478	30478	30478	30478	30478	30478	30478	组装十方轮	0	0	0	0	1	0
3720	3720	-1	修理十方轮	HuoDongSkill2_6	-1	0	0	1	1	1	-1	-1	-1	0	1	-1				27		-1	0	3	0	1	-1	-1	-1	-1	-1	-1	-1	0	-1	 	-1	5	1200	0	2	0	-1	-1	0	1000	0	100	-1	0	-1	0	0	0	0	0	0	30479	30479	30479	30479	30479	30479	30479	30479	30479	30479	30479	30479	30479	30479	30479	30479	修理十方轮	0	0	0	0	1	0
3721	3721	-1	打听消息	HuoDongSkill2_7	-1	0	0	1	1	1	-1	-1	-1	0	1	-1				26		-1	0	3	0	1	-1	-1	-1	-1	-1	-1	-1	0	-1	 	-1	5	1200	0	2	0	-1	-1	0	1000	0	100	-1	0	-1	0	0	0	0	0	0	30480	30480	30480	30480	30480	30480	30480	30480	30480	30480	30480	30480	30480	30480	30480	30480	打听消息	0	0	0	0	1	0
3722	3722	-1	放置知音匣	HuoDongSkill2_5	-1	0	0	0	0	0	-1	-1	-1	0	0	-1				27		-1	0	0	0	0	-1	-1	-1	-1	-1	-1	-1	0	-1	 	-1	0	1200	-1	-1	1	0	-1	0	0	0	100	-1	0	-1	0	0	0	0	0	0	30481	30481	30481	30481	30481	30481	30481	30481	30481	30481	30481	30481	30481	30481	30481	30481	放置知音匣	0	0	0	0	1	0
3723	3723	-1	组装水幕摇柄	HuoDongSkill2_4	-1	0	0	0	0	0	-1	-1	-1	0	0	-1				26		-1	0	0	0	0	-1	-1	-1	-1	-1	-1	-1	0	-1	 	-1	0	1200	-1	-1	1	0	-1	0	0	0	100	-1	0	-1	0	0	0	0	0	0	30482	30482	30482	30482	30482	30482	30482	30482	30482	30482	30482	30482	30482	30482	30482	30482	组装水幕摇柄	0	0	0	0	1	0
3724	3724	-1	修理水幕摇柄	HuoDongSkill2_6	-1	0	0	1	1	1	-1	-1	-1	0	1	-1				27		-1	0	3	0	1	-1	-1	-1	-1	-1	-1	-1	0	-1	 	-1	5	1200	0	2	0	-1	-1	0	1000	0	100	-1	0	-1	0	0	0	0	0	0	30483	30483	30483	30483	30483	30483	30483	30483	30483	30483	30483	30483	30483	30483	30483	30483	修理水幕摇柄	0	0	0	0	1	0
3725	3725	-1	打听消息	HuoDongSkill2_7	-1	0	0	1	1	1	-1	-1	-1	0	1	-1				26		-1	0	3	0	1	-1	-1	-1	-1	-1	-1	-1	0	-1	 	-1	5	1200	0	2	0	-1	-1	0	1000	0	100	-1	0	-1	0	0	0	0	0	0	30484	30484	30484	30484	30484	30484	30484	30484	30484	30484	30484	30484	30484	30484	30484	30484	打听消息	0	0	0	0	1	0
3726	3726	-1	放置竹灯	HuoDongSkill2_1	-1	0	0	0	0	0	-1	-1	-1	0	0	-1				27		-1	0	0	0	0	-1	-1	-1	-1	-1	-1	-1	0	-1	 	-1	0	1200	-1	-1	1	0	-1	0	0	0	100	-1	0	-1	0	0	0	0	0	0	30485	30485	30485	30485	30485	30485	30485	30485	30485	30485	30485	30485	30485	30485	30485	30485	放置竹灯	0	0	0	0	1	0
3727	3727	-1	组装臂甲	HuoDongSkill_16	-1	0	0	0	0	0	-1	-1	-1	0	0	-1				26		-1	0	0	0	0	-1	-1	-1	-1	-1	-1	-1	0	-1	 	-1	0	1200	-1	-1	1	0	-1	0	0	0	100	-1	0	-1	0	0	0	0	0	0	30486	30486	30486	30486	30486	30486	30486	30486	30486	30486	30486	30486	30486	30486	30486	30486	组装臂甲	0	0	0	0	1	0
3728	3728	-1	修理臂甲	HuoDongSkill2_6	-1	0	0	1	1	1	-1	-1	-1	0	1	-1				27		-1	0	3	0	1	-1	-1	-1	-1	-1	-1	-1	0	-1	 	-1	5	1200	0	2	0	-1	-1	0	1000	0	100	-1	0	-1	0	0	0	0	0	0	30487	30487	30487	30487	30487	30487	30487	30487	30487	30487	30487	30487	30487	30487	30487	30487	修理臂甲	0	0	0	0	1	0
3729	3729	-1	打听消息	HuoDongSkill2_7	-1	0	0	1	1	1	-1	-1	-1	0	1	-1				26		-1	0	3	0	1	-1	-1	-1	-1	-1	-1	-1	0	-1	 	-1	5	1200	0	2	0	-1	-1	0	1000	0	100	-1	0	-1	0	0	0	0	0	0	30488	30488	30488	30488	30488	30488	30488	30488	30488	30488	30488	30488	30488	30488	30488	30488	打听消息	0	0	0	0	1	0
3730	3730	-1	放置安神香炉	HuoDongSkill2_2	-1	0	0	0	0	0	-1	-1	-1	0	0	-1				27		-1	0	0	0	0	-1	-1	-1	-1	-1	-1	-1	0	-1	 	-1	0	1200	-1	-1	1	0	-1	0	0	0	100	-1	0	-1	0	0	0	0	0	0	30489	30489	30489	30489	30489	30489	30489	30489	30489	30489	30489	30489	30489	30489	30489	30489	放置安神香炉	0	0	0	0	1	0
3731	3731	-1	举杯吟诗	HuoDongSkill_15	-1	0	0	0	0	0	-1	-1	-1	0	0	-1				166		-1	0	0	0	1	-1	-1	-1	-1	-1	-1	-1	0	-1		-1	5	300	0	5	0	-1	-1	0	0	0	100	-1	0	-1	0	0	0	0	0	0	30490	30490	30490	30490	30490	30490	30490	30490	30490	30490	30490	30490	30490	30490	30490	30490	举杯吟诗	1	0	0	0	1	0
3732	3732	-1	正在采集	PetSkill3_7	-1	0	0	1	1	1	-1	-1	-1	0	0	-1				143	143	-1	-1	3	0	1	-1	-1	-1	-1	-1	-1	-1	-1	-1		-1	5	1200	0	2	0	-1	-1	0	0	0	100	-1	0	-1	0	0	0	0	0	0	30491	30491	30491	30491	30491	30491	30491	30491	30491	30491	30491	30491	30491	30491	30491	30491	正在采集	0	1	100	0	1	0
3733	3733	-1	天鉴铸法·无忌	FabaoSkill_13	-1	0	0	1	1	1	-1	-1	-1	0	0	117					-1	-1	0	3	0	0	-1	-1	-1	-1	-1	-1	-1	0	-1	 	-1	0	0	-1	-1	1	0	-1	0	0	0	100	-1	0	-1	0	0	0	0	0	0	30492	30492	30492	30492	30492	30492	30492	30492	30492	30492	30492	30492	30492	30492	30492	30492	可铸造天鉴明镜、天鉴双刺。	0	0.1	50	10	1	0
3734	3734	-1	天鉴铸法·守心	FabaoSkill_12	-1	0	0	1	1	1	-1	-1	-1	0	0	117					-1	-1	0	3	0	0	-1	-1	-1	-1	-1	-1	-1	0	-1	 	-1	0	0	-1	-1	1	0	-1	0	0	0	100	-1	0	-1	0	0	0	0	0	0	30493	30493	30493	30493	30493	30493	30493	30493	30493	30493	30493	30493	30493	30493	30493	30493	可铸造天鉴锁甲、天鉴玉钩。	0	0.1	50	10	1	0
3735	3735	-1	天鉴铸法·破阵	FabaoSkill_11	-1	0	0	1	1	1	-1	-1	-1	0	0	117					-1	-1	0	3	0	0	-1	-1	-1	-1	-1	-1	-1	0	-1	 	-1	0	0	-1	-1	1	0	-1	0	0	0	100	-1	0	-1	0	0	0	0	0	0	30494	30494	30494	30494	30494	30494	30494	30494	30494	30494	30494	30494	30494	30494	30494	30494	可铸造天鉴锦带、天鉴短匕。	0	0.1	50	10	1	0
3736	3736	-1	应用方案中	PetSkill3_7	-1	0	0	1	1	1	-1	-1	-1	0	0	-1				143	143	-1	0	3	0	0	-1	-1	-1	-1	-1	-1	-1	-1	-1		-1	0	1200	0	2	0	-1	-1	0	0	0	100	-1	0	-1	0	0	0	0	0	0	30495	30495	30495	30495	30495	30495	30495	30495	30495	30495	30495	30495	30495	30495	30495	30495	应用方案中	0	0	0	0	1	0
3737	3737	-1	应用方案中	PetSkill3_7	-1	0	0	1	1	1	-1	-1	-1	0	0	-1				143	143	-1	0	3	0	0	-1	-1	-1	-1	-1	-1	-1	-1	-1		-1	0	1200	0	2	0	-1	-1	0	0	0	100	-1	0	-1	0	0	0	0	0	0	30496	30496	30496	30496	30496	30496	30496	30496	30496	30496	30496	30496	30496	30496	30496	30496	应用方案中	0	0	0	0	1	0
3738	3738	-1	应用方案中	PetSkill3_7	-1	0	0	1	1	1	-1	-1	-1	0	0	-1				143	143	-1	0	3	0	0	-1	-1	-1	-1	-1	-1	-1	-1	-1		-1	0	1200	0	2	0	-1	-1	0	0	0	100	-1	0	-1	0	0	0	0	0	0	30497	30497	30497	30497	30497	30497	30497	30497	30497	30497	30497	30497	30497	30497	30497	30497	应用方案中	0	0	0	0	1	0
3739	3739	-1	装备灵武	PetSkill3_7	-1	0	0	1	1	1	-1	-1	-1	0	0	-1				143	143	-1	0	3	0	0	-1	-1	-1	-1	-1	-1	-1	-1	-1		-1	0	1200	0	2	0	-1	-1	0	0	0	100	-1	0	-1	0	0	0	0	0	0	30498	30498	30498	30498	30498	30498	30498	30498	30498	30498	30498	30498	30498	30498	30498	30498	装备灵玉	0	0	0	0	1	0
3740	3740	-1	撼地一击	FightSkillDaLi_1	-1	0	0	0	0	1	-1	-1	1	0	2	102					165	-1	0	1	0	0	-1	-1	-1	-1	-1	-1	-1	-1	-1	身体受击点	-1	5	1200	0	15	-1	1	0	0	0	0	100	-1	0	-1	0	0	0	0	0	0	30499	30499	30499	30499	30499	30499	30499	30499	30499	30499	30499	30499	30499	30499	30499	30499	撼地一击	1	0	0	0	1	0
3741	3741	-1	峰岳断空	Test_1	-1	0	0	0	0	1	-1	-1	1	0	0	102				166	167	-1	0	1	0	0	-1	-1	-1	-1	-1	-1	-1	-1	-1		-1	4	1200	0	15	-1	1	0	0	0	0	100	-1	0	-1	0	0	0	0	0	0	30500	30500	30500	30500	30500	30500	30500	30500	30500	30500	30500	30500	30500	30500	30500	30500	峰岳断空	1	0	0	0	1	0
3742	3742	-1	力震八方	FightSkillTianShan_2	-1	0	0	0	0	1	-1	0	-1	0	2	102					165	-1	0	1	0	0	-1	-1	-1	-1	-1	-1	1	1	-1		-1	4	1600	-1	-1	-1	1	0	0	0	0	100	-1	0	-1	5	360	60	0	0	0	30501	30501	30501	30501	30501	30501	30501	30501	30501	30501	30501	30501	30501	30501	30501	30501	力震八方	1	0	0	0	1	0
3743	3743	-1	炎煌绝息	Test_1	-1	0	0	1	1	1	-1	-1	1	0	0	102				166	167	-1	0	1	0	0	-1	-1	-1	-1	-1	-1	-1	-1	-1		-1	4	1200	0	15	-1	1	0	0	0	0	100	-1	0	-1	0	0	0	0	0	0	30502	30502	30502	30502	30502	30502	30502	30502	30502	30502	30502	30502	30502	30502	30502	30502	炎煌绝息	1	0	0	0	1	0
3744	3744	-1	正在天鉴探索	Food_1	-1	0	0	1	0	1	-1	-1	-1	0	0	-1				143	143	-1	0	0	0	0	-1	-1	-1	-1	-1	-1	-1	0	-1	 	-1	5	1200	0	3	0	-1	-1	0	0	0	100	-1	0	-1	0	0	0	0	0	0	30503	30503	30503	30503	30503	30503	30503	30503	30503	30503	30503	30503	30503	30503	30503	30503	采集	0	0	0	0	1	0
3745	3745	-1	打听消息	HuoDongSkill2_7	-1	0	0	1	1	1	-1	-1	-1	0	1	-1				26		-1	0	3	0	1	-1	-1	-1	-1	-1	-1	-1	0	-1	 	-1	5	1200	0	2	0	-1	-1	0	1000	0	100	-1	0	-1	0	0	0	0	0	0	30504	30504	30504	30504	30504	30504	30504	30504	30504	30504	30504	30504	30504	30504	30504	30504	打听消息	0	0	0	0	1	0
3746	3746	-1	放置知音匣	HuoDongSkill2_5	-1	0	0	0	0	0	-1	-1	-1	0	0	-1				27		-1	0	0	0	0	-1	-1	-1	-1	-1	-1	-1	0	-1	 	-1	0	1200	-1	-1	1	0	-1	0	0	0	100	-1	0	-1	0	0	0	0	0	0	30505	30505	30505	30505	30505	30505	30505	30505	30505	30505	30505	30505	30505	30505	30505	30505	放置知音匣	0	0	0	0	1	0
3747	3747	-1	打听消息	HuoDongSkill2_7	-1	0	0	1	1	1	-1	-1	-1	0	1	-1				26		-1	0	3	0	1	-1	-1	-1	-1	-1	-1	-1	0	-1	 	-1	5	1200	0	2	0	-1	-1	0	1000	0	100	-1	0	-1	0	0	0	0	0	0	30506	30506	30506	30506	30506	30506	30506	30506	30506	30506	30506	30506	30506	30506	30506	30506	打听消息	0	0	0	0	1	0
3748	3748	-1	放置竹灯	HuoDongSkill2_1	-1	0	0	0	0	0	-1	-1	-1	0	0	-1				27		-1	0	0	0	0	-1	-1	-1	-1	-1	-1	-1	0	-1	 	-1	0	1200	-1	-1	1	0	-1	0	0	0	100	-1	0	-1	0	0	0	0	0	0	30507	30507	30507	30507	30507	30507	30507	30507	30507	30507	30507	30507	30507	30507	30507	30507	放置竹灯	0	0	0	0	1	0
3749	3749	-1	打听消息	HuoDongSkill2_7	-1	0	0	1	1	1	-1	-1	-1	0	1	-1				26		-1	0	3	0	1	-1	-1	-1	-1	-1	-1	-1	0	-1	 	-1	5	1200	0	2	0	-1	-1	0	1000	0	100	-1	0	-1	0	0	0	0	0	0	30508	30508	30508	30508	30508	30508	30508	30508	30508	30508	30508	30508	30508	30508	30508	30508	打听消息	0	0	0	0	1	0
3750	3750	-1	放置安神香炉	HuoDongSkill2_2	-1	0	0	0	0	0	-1	-1	-1	0	0	-1				27		-1	0	0	0	0	-1	-1	-1	-1	-1	-1	-1	0	-1	 	-1	0	1200	-1	-1	1	0	-1	0	0	0	100	-1	0	-1	0	0	0	0	0	0	30509	30509	30509	30509	30509	30509	30509	30509	30509	30509	30509	30509	30509	30509	30509	30509	放置安神香炉	0	0	0	0	1	0
3751	3751	-1	采集中	Food_1	-1	0	0	1	0	1	-1	-1	-1	0	0	-1				143	143	-1	0	3	0	1	-1	-1	-1	-1	-1	-1	-1	-1	-1	 	-1	5	1200	0	3	0	-1	-1	0	0	0	100	-1	0	-1	0	0	0	0	0	0	30510	30510	30510	30510	30510	30510	30510	30510	30510	30510	30510	30510	30510	30510	30510	30510	采集中	0	0.1	33	10	1	0
3752	3752	-1	采集中	Food_1	-1	0	0	1	0	1	-1	-1	-1	0	0	-1				143	143	-1	0	3	0	1	-1	-1	-1	-1	-1	-1	-1	-1	-1	 	-1	5	1200	0	3	0	-1	-1	0	0	0	100	-1	0	-1	0	0	0	0	0	0	30511	30511	30511	30511	30511	30511	30511	30511	30511	30511	30511	30511	30511	30511	30511	30511	采集中	0	0.1	33	10	1	0
3753	3753	-1	采集中	Food_1	-1	0	0	1	0	1	-1	-1	-1	0	0	-1				143	143	-1	0	3	0	1	-1	-1	-1	-1	-1	-1	-1	-1	-1	 	-1	5	1200	0	3	0	-1	-1	0	0	0	100	-1	0	-1	0	0	0	0	0	0	30512	30512	30512	30512	30512	30512	30512	30512	30512	30512	30512	30512	30512	30512	30512	30512	采集中	0	0.1	33	10	1	0
3754	3754	-1	开启上生玲珑匣	PetSkill3_7	-1	0	0	1	0	1	-1	-1	-1	0	0	-1				143	143	-1	0	3	0	1	-1	-1	-1	-1	-1	-1	-1	-1	-1		-1	5	1200	0	2	0	-1	-1	0	0	0	100	-1	0	-1	0	0	0	0	0	0	30513	30513	30513	30513	30513	30513	30513	30513	30513	30513	30513	30513	30513	30513	30513	30513	开启上生玲珑匣	0	0.1	33	10	1	0
3755	3755	-1	玉剑攻击	FightSkillMantuo_1	-1	1	1	1	1	1	-1	-1	1	0	2	-1					776	-1	0	3	0	1	-1	-1	-1	-1	-1	-1	1	1	185	身体受击点	-1	5	800	0	15	-1	1	-1	0	0	0	100	-1	0	-1	0	0	0	0	0	700	30514	30514	30514	30514	30514	30514	30514	30514	30514	30514	30514	30514	30514	30514	30514	30514	玉剑攻击	0	0	0	0	1	0
3756	3756	-1	调查中	Food_1	-1	0	0	1	1	1	-1	-1	-1	0	0	-1				495	495	-1	0	3	0	0	-1	-1	-1	-1	-1	-1	-1	0	-1	 	-1	0	1200	-1	-1	1	0	-1	0	0	0	100	-1	0	-1	0	0	0	0	0	0	30515	30515	30515	30515	30515	30515	30515	30515	30515	30515	30515	30515	30515	30515	30515	30515		0	0	0	0	1	0
3757	3757	-1	放飞信鸽	Food_1	-1	0	0	1	1	1	-1	-1	-1	0	0	-1				1132		-1	0	3	0	0	-1	-1	-1	-1	-1	-1	-1	0	-1	 	-1	0	300	-1	-1	1	0	-1	0	0	0	100	-1	0	-1	0	0	0	0	0	0	30516	30516	30516	30516	30516	30516	30516	30516	30516	30516	30516	30516	30516	30516	30516	30516		0	0	0	0	1	0
3758	3758	-1	交易玲珑木	Food_1	-1	0	0	0	0	1	-1	-1	0	0	2	139					-1	-1	0	3	0	1	-1	-1	-1	-1	-1	-1	-1	0	-1		-1	5	0	0	2	1	0	0	0	0	0	100	-1	0	-1	0	0	0	0	0	0	30517	30517	30517	30517	30517	30517	30517	30517	30517	30517	30517	30517	30517	30517	30517	30517	交易玲珑木	0	0	0	0	1	0
3759	3759	-1	流光飞影	FabaoSkill_15	-1	0	1	0	0	0	-1	0	-1	0	2	141						-1	0	0	1	0	-1	-1	-1	-1	-1	-1	-1	1	-1		-1	0	0	-1	-1	1	0	0	0	0	0	100	0	0	-1	0	0	0	0	0	0	30518	30518	30518	30518	30518	30518	30518	30518	30518	30518	30518	30518	30518	30518	30518	30518		0	0.1	50	10	1	0
3760	3760	-1	流光飞影	FabaoSkill_15	-1	0	1	0	0	0	-1	0	-1	0	2	141						-1	0	0	1	0	-1	-1	-1	-1	-1	-1	-1	1	-1		-1	0	0	-1	-1	1	0	0	0	0	0	100	0	0	-1	0	0	0	0	0	0	30519	30519	30519	30519	30519	30519	30519	30519	30519	30519	30519	30519	30519	30519	30519	30519		0	0.1	50	10	1	0
3761	3761	-1	流光飞影	FabaoSkill_15	-1	0	1	0	0	0	-1	0	-1	0	2	141						-1	0	0	1	0	-1	-1	-1	-1	-1	-1	-1	1	-1		-1	0	0	-1	-1	1	0	0	0	0	0	100	0	0	-1	0	0	0	0	0	0	30520	30520	30520	30520	30520	30520	30520	30520	30520	30520	30520	30520	30520	30520	30520	30520		0	0.1	50	10	1	0
3762	3762	-1	流光飞影	FabaoSkill_15	-1	0	1	0	0	0	-1	0	-1	0	2	141						-1	0	0	1	0	-1	-1	-1	-1	-1	-1	-1	1	-1		-1	0	0	-1	-1	1	0	0	0	0	0	100	0	0	-1	0	0	0	0	0	0	30521	30521	30521	30521	30521	30521	30521	30521	30521	30521	30521	30521	30521	30521	30521	30521		0	0.1	50	10	1	0
3763	3763	-1	暮雨留春	FabaoSkill_10	-1	0	0	1	1	1	-1	0	1	0	2	142	吟唱ts	身体中心点			660	-1	0	0	0	0	-1	-1	-1	-1	-1	-1	-1	1	-1		-1	0	300	-1	-1	1	0	-1	0	0	0	100	-1	0	-1	0	0	0	0	0	0	30522	30522	30522	30522	30522	30522	30522	30522	30522	30522	30522	30522	30522	30522	30522	30522		1	0.1	50	10	1	0
3764	3764	-1	暮雨留春	FabaoSkill_10	-1	0	0	1	1	1	-1	0	1	0	2	142	吟唱ts	身体中心点			660	-1	0	0	0	0	-1	-1	-1	-1	-1	-1	-1	1	-1		-1	0	300	-1	-1	1	0	-1	0	0	0	100	-1	0	-1	0	0	0	0	0	0	30523	30523	30523	30523	30523	30523	30523	30523	30523	30523	30523	30523	30523	30523	30523	30523		1	0.1	50	10	1	0
3765	3765	-1	暮雨留春	FabaoSkill_10	-1	0	0	1	1	1	-1	0	1	0	2	142	吟唱ts	身体中心点			660	-1	0	0	0	0	-1	-1	-1	-1	-1	-1	-1	1	-1		-1	0	300	-1	-1	1	0	-1	0	0	0	100	-1	0	-1	0	0	0	0	0	0	30524	30524	30524	30524	30524	30524	30524	30524	30524	30524	30524	30524	30524	30524	30524	30524		1	0.1	50	10	1	0
3766	3766	-1	暮雨留春	FabaoSkill_10	-1	0	0	1	1	1	-1	0	1	0	2	142	吟唱ts	身体中心点			660	-1	0	0	0	0	-1	-1	-1	-1	-1	-1	-1	1	-1		-1	0	300	-1	-1	1	0	-1	0	0	0	100	-1	0	-1	0	0	0	0	0	0	30525	30525	30525	30525	30525	30525	30525	30525	30525	30525	30525	30525	30525	30525	30525	30525		1	0.1	50	10	1	0
3767	3767	-1	星辉缠夜	FabaoSkill_9	-1	0	0	1	1	1	-1	0	1	0	2	142	吟唱ts	身体中心点			660	-1	0	0	0	0	-1	-1	-1	-1	-1	-1	-1	1	-1		-1	0	300	-1	-1	1	0	-1	0	0	0	100	-1	0	-1	0	0	0	0	0	0	30526	30526	30526	30526	30526	30526	30526	30526	30526	30526	30526	30526	30526	30526	30526	30526		1	0.1	50	10	1	0
3768	3768	-1	星辉缠夜	FabaoSkill_9	-1	0	0	1	1	1	-1	0	1	0	2	142	吟唱ts	身体中心点			660	-1	0	0	0	0	-1	-1	-1	-1	-1	-1	-1	1	-1		-1	0	300	-1	-1	1	0	-1	0	0	0	100	-1	0	-1	0	0	0	0	0	0	30527	30527	30527	30527	30527	30527	30527	30527	30527	30527	30527	30527	30527	30527	30527	30527		1	0.1	50	10	1	0
3769	3769	-1	星辉缠夜	FabaoSkill_9	-1	0	0	1	1	1	-1	0	1	0	2	142	吟唱ts	身体中心点			660	-1	0	0	0	0	-1	-1	-1	-1	-1	-1	-1	1	-1		-1	0	300	-1	-1	1	0	-1	0	0	0	100	-1	0	-1	0	0	0	0	0	0	30528	30528	30528	30528	30528	30528	30528	30528	30528	30528	30528	30528	30528	30528	30528	30528		1	0.1	50	10	1	0
3770	3770	-1	星辉缠夜	FabaoSkill_9	-1	0	0	1	1	1	-1	0	1	0	2	142	吟唱ts	身体中心点			660	-1	0	0	0	0	-1	-1	-1	-1	-1	-1	-1	1	-1		-1	0	300	-1	-1	1	0	-1	0	0	0	100	-1	0	-1	0	0	0	0	0	0	30529	30529	30529	30529	30529	30529	30529	30529	30529	30529	30529	30529	30529	30529	30529	30529		1	0.1	50	10	1	0
3771	3771	-1	轻风净云	FabaoSkill_8	-1	0	0	1	1	1	-1	0	1	0	2	142	吟唱ts	身体中心点			660	-1	0	0	0	0	-1	-1	-1	-1	-1	-1	-1	1	-1		-1	0	300	-1	-1	1	0	-1	0	0	0	100	-1	0	-1	0	0	0	0	0	0	30530	30530	30530	30530	30530	30530	30530	30530	30530	30530	30530	30530	30530	30530	30530	30530		1	0.1	50	10	1	0
3772	3772	-1	轻风净云	FabaoSkill_8	-1	0	0	1	1	1	-1	0	1	0	2	142	吟唱ts	身体中心点			660	-1	0	0	0	0	-1	-1	-1	-1	-1	-1	-1	1	-1		-1	0	300	-1	-1	1	0	-1	0	0	0	100	-1	0	-1	0	0	0	0	0	0	30531	30531	30531	30531	30531	30531	30531	30531	30531	30531	30531	30531	30531	30531	30531	30531		1	0.1	50	10	1	0
3773	3773	-1	轻风净云	FabaoSkill_8	-1	0	0	1	1	1	-1	0	1	0	2	142	吟唱ts	身体中心点			660	-1	0	0	0	0	-1	-1	-1	-1	-1	-1	-1	1	-1		-1	0	300	-1	-1	1	0	-1	0	0	0	100	-1	0	-1	0	0	0	0	0	0	30532	30532	30532	30532	30532	30532	30532	30532	30532	30532	30532	30532	30532	30532	30532	30532		1	0.1	50	10	1	0
3774	3774	-1	轻风净云	FabaoSkill_8	-1	0	0	1	1	1	-1	0	1	0	2	142	吟唱ts	身体中心点			660	-1	0	0	0	0	-1	-1	-1	-1	-1	-1	-1	1	-1		-1	0	300	-1	-1	1	0	-1	0	0	0	100	-1	0	-1	0	0	0	0	0	0	30533	30533	30533	30533	30533	30533	30533	30533	30533	30533	30533	30533	30533	30533	30533	30533		1	0.1	50	10	1	0
3775	3775	-1	夜雪折竹	FabaoSkill_14	-1	0	0	1	1	1	-1	0	1	0	2	145	吟唱ts	身体中心点			660	-1	0	0	1	0	-1	-1	-1	-1	-1	-1	-1	1	-1		-1	0	300	-1	-1	1	0	-1	0	0	0	100	-1	0	-1	0	0	0	0	0	0	30534	30534	30534	30534	30534	30534	30534	30534	30534	30534	30534	30534	30534	30534	30534	30534		1	0.1	50	10	1	0
3776	3776	-1	夜雪折竹	FabaoSkill_14	-1	0	0	1	1	1	-1	0	1	0	2	145	吟唱ts	身体中心点			660	-1	0	0	1	0	-1	-1	-1	-1	-1	-1	-1	1	-1		-1	0	300	-1	-1	1	0	-1	0	0	0	100	-1	0	-1	0	0	0	0	0	0	30535	30535	30535	30535	30535	30535	30535	30535	30535	30535	30535	30535	30535	30535	30535	30535		1	0.1	50	10	1	0
3777	3777	-1	夜雪折竹	FabaoSkill_14	-1	0	0	1	1	1	-1	0	1	0	2	145	吟唱ts	身体中心点			660	-1	0	0	1	0	-1	-1	-1	-1	-1	-1	-1	1	-1		-1	0	300	-1	-1	1	0	-1	0	0	0	100	-1	0	-1	0	0	0	0	0	0	30536	30536	30536	30536	30536	30536	30536	30536	30536	30536	30536	30536	30536	30536	30536	30536		1	0.1	50	10	1	0
3778	3778	-1	夜雪折竹	FabaoSkill_14	-1	0	0	1	1	1	-1	0	1	0	2	145	吟唱ts	身体中心点			660	-1	0	0	1	0	-1	-1	-1	-1	-1	-1	-1	1	-1		-1	0	300	-1	-1	1	0	-1	0	0	0	100	-1	0	-1	0	0	0	0	0	0	30537	30537	30537	30537	30537	30537	30537	30537	30537	30537	30537	30537	30537	30537	30537	30537		1	0.1	50	10	1	0
3779	3779	-1	御雷拥雨	FabaoSkill_7	-1	1	1	1	1	1	-1	0	1	0	2	142	吟唱gb	身体中心点			720	-1	0	0	0	1	-1	-1	-1	-1	-1	-1	-1	1	-1		-1	5	1200	0	5	1	0	0	1	0	0	100	-1	0	-1	0	0	0	2	2	800	30538	30538	30538	30538	30538	30538	30538	30538	30538	30538	30538	30538	30538	30538	30538	30538		1	0.1	50	10	1	0
3780	3780	-1	御雷拥雨	FabaoSkill_7	-1	1	1	1	1	1	-1	0	1	0	2	142	吟唱gb	身体中心点			720	-1	0	0	0	1	-1	-1	-1	-1	-1	-1	-1	1	-1		-1	5	1200	0	8	1	0	0	1	0	0	100	-1	0	-1	0	0	0	2	2	800	30539	30539	30539	30539	30539	30539	30539	30539	30539	30539	30539	30539	30539	30539	30539	30539		1	0.1	50	10	1	0
3781	3781	-1	御雷拥雨	FabaoSkill_7	-1	1	1	1	1	1	-1	0	1	0	2	142	吟唱gb	身体中心点			720	-1	0	0	0	1	-1	-1	-1	-1	-1	-1	-1	1	-1		-1	5	1200	0	11	1	0	0	1	0	0	100	-1	0	-1	0	0	0	2	2	800	30540	30540	30540	30540	30540	30540	30540	30540	30540	30540	30540	30540	30540	30540	30540	30540		1	0.1	50	10	1	0
3782	3782	-1	御雷拥雨	FabaoSkill_7	-1	1	1	1	1	1	-1	0	1	0	2	142	吟唱gb	身体中心点			720	-1	0	0	0	1	-1	-1	-1	-1	-1	-1	-1	1	-1		-1	5	1200	0	15	1	0	0	1	0	0	100	-1	0	-1	0	0	0	2	2	800	30541	30541	30541	30541	30541	30541	30541	30541	30541	30541	30541	30541	30541	30541	30541	30541		1	0.1	50	10	1	0
3783	3783	-1	地摇	FightSkillTianShan_2	-1	0	0	0	0	1	-1	0	-1	0	2	102					166	-1	0	1	0	0	-1	-1	-1	-1	-1	-1	1	1	-1		-1	4	1200	-1	-1	-1	1	0	0	0	0	100	-1	0	-1	5	360	12	0	0	0	30542	30542	30542	30542	30542	30542	30542	30542	30542	30542	30542	30542	30542	30542	30542	30542	地摇	1	0	0	0	1	0
3784	3784	-1	采集西凉枫木	Food_1	-1	0	0	1	1	1	-1	-1	-1	0	0	-1				1316		-1	0	3	0	0	-1	-1	-1	-1	-1	-1	-1	0	-1	 	-1	0	1200	-1	-1	1	0	-1	0	0	0	100	-1	0	-1	0	0	0	0	0	0	30543	30543	30543	30543	30543	30543	30543	30543	30543	30543	30543	30543	30543	30543	30543	30543		0	0	0	0	1	0
3785	3785	-1	采集中	Food_1	-1	0	0	1	1	1	-1	-1	-1	0	0	152				1316		-1	0	3	0	0	-1	-1	-1	-1	-1	-1	-1	0	-1	 	-1	0	1200	0	3	1	0	-1	0	0	0	100	-1	0	-1	0	0	0	0	0	0	30544	30544	30544	30544	30544	30544	30544	30544	30544	30544	30544	30544	30544	30544	30544	30544		0	0	0	0	1	0
3786	3786	-1	坐下	HuoDongSkill_11	-1	0	0	0	0	0	-1	-1	-1	0	0	-1				165		-1	0	0	0	0	-1	-1	-1	-1	-1	-1	-1	0	-1	 	-1	0	1200	-1	-1	1	0	-1	0	0	0	100	-1	0	-1	0	0	0	0	0	0	30545	30545	30545	30545	30545	30545	30545	30545	30545	30545	30545	30545	30545	30545	30545	30545	坐下	1	0	0	0	1	0
3787	3787	-1	使用中	Food_1	-1	0	0	1	1	1	-1	-1	-1	0	0	-1				143	143	-1	0	3	0	0	-1	-1	-1	-1	-1	-1	-1	0	-1	 	-1	0	1200	-1	-1	1	0	-1	0	0	0	100	-1	0	-1	0	0	0	0	0	0	30546	30546	30546	30546	30546	30546	30546	30546	30546	30546	30546	30546	30546	30546	30546	30546		0	0	0	0	1	0
3788	3788	-1	转圈	HuoDongSkill2_8	-1	0	0	0	0	0	-1	-1	-1	0	0	-1				165		-1	0	0	0	0	-1	-1	-1	-1	-1	-1	-1	0	-1		-1	0	1200	0	5	0	-1	-1	0	0	0	100	-1	0	-1	0	0	0	0	0	0	30547	30547	30547	30547	30547	30547	30547	30547	30547	30547	30547	30547	30547	30547	30547	30547	转圈	0	0	0	0	1	0
3789	3789	-1	拍手	HuoDongSkill2_9	-1	0	0	0	0	0	-1	-1	-1	0	0	-1				166		-1	0	0	0	0	-1	-1	-1	-1	-1	-1	-1	0	-1		-1	0	1200	0	5	0	-1	-1	0	0	0	100	-1	0	-1	0	0	0	0	0	0	30548	30548	30548	30548	30548	30548	30548	30548	30548	30548	30548	30548	30548	30548	30548	30548	拍手	0	0	0	0	1	0
3790	3790	-1	抚发	HuoDongSkill2_10	-1	0	0	0	0	0	-1	-1	-1	0	0	-1				167		-1	0	0	0	0	-1	-1	-1	-1	-1	-1	-1	0	-1		-1	0	1200	0	5	0	-1	-1	0	0	0	100	-1	0	-1	0	0	0	0	0	0	30549	30549	30549	30549	30549	30549	30549	30549	30549	30549	30549	30549	30549	30549	30549	30549	抚摸头发	0	0	0	0	1	0
3791	3791	-1	神行	Buff14_6	-1	0	0	0	0	0	-1	-1	-1	0	2	129						-1	0	0	0	0	-1	-1	-1	-1	-1	-1	-1	0	-1		-1	0	300	-1	-1	1	0	-1	0	0	0	100	-1	0	-1	0	0	0	0	0	0	30550	30550	30550	30550	30550	30550	30550	30550	30550	30550	30550	30550	30550	30550	30550	30550	获得50%的加速效果，持续6秒，冷却时间10秒	1	0	0	0	1	0
3792	3792	-1	神行	Buff14_6	-1	0	0	0	0	0	-1	-1	-1	0	2	129						-1	0	0	0	0	-1	-1	-1	-1	-1	-1	-1	0	-1		-1	0	300	-1	-1	1	0	-1	0	0	0	100	-1	0	-1	0	0	0	0	0	0	30551	30551	30551	30551	30551	30551	30551	30551	30551	30551	30551	30551	30551	30551	30551	30551	获得45%的加速效果，持续6秒，冷却时间10秒	1	0	0	0	1	0
3793	3793	-1	神行	Buff14_6	-1	0	0	0	0	0	-1	-1	-1	0	2	129						-1	0	0	0	0	-1	-1	-1	-1	-1	-1	-1	0	-1		-1	0	300	-1	-1	1	0	-1	0	0	0	100	-1	0	-1	0	0	0	0	0	0	30552	30552	30552	30552	30552	30552	30552	30552	30552	30552	30552	30552	30552	30552	30552	30552	获得40%的加速效果，持续6秒，冷却时间10秒	1	0	0	0	1	0
3794	3794	-1	神行（废弃）	Buff14_6	-1	0	0	0	0	0	-1	-1	-1	0	2	129						-1	0	0	0	0	-1	-1	-1	-1	-1	-1	-1	0	-1		-1	0	300	-1	-1	1	0	-1	0	0	0	100	-1	0	-1	0	0	0	0	0	0	30553	30553	30553	30553	30553	30553	30553	30553	30553	30553	30553	30553	30553	30553	30553	30553	获得50%的加速效果，持续6秒，冷却时间10秒	1	0	0	0	1	0
3795	3795	-1	神行（废弃）	Buff14_6	-1	0	0	0	0	0	-1	-1	-1	0	2	129						-1	0	0	0	0	-1	-1	-1	-1	-1	-1	-1	0	-1		-1	0	300	-1	-1	1	0	-1	0	0	0	100	-1	0	-1	0	0	0	0	0	0	30554	30554	30554	30554	30554	30554	30554	30554	30554	30554	30554	30554	30554	30554	30554	30554	获得45%的加速效果，持续6秒，冷却时间10秒	1	0	0	0	1	0
3796	3796	-1	神行（废弃）	Buff14_6	-1	0	0	0	0	0	-1	-1	-1	0	2	129						-1	0	0	0	0	-1	-1	-1	-1	-1	-1	-1	0	-1		-1	0	300	-1	-1	1	0	-1	0	0	0	100	-1	0	-1	0	0	0	0	0	0	30555	30555	30555	30555	30555	30555	30555	30555	30555	30555	30555	30555	30555	30555	30555	30555	获得40%的加速效果，持续6秒，冷却时间10秒	1	0	0	0	1	0
3797	3797	-1	眼花缭乱	Buff15_4	-1	0	0	1	1	0	-1	0	1	0	2	56					725	-1	0	0	0	1	-1	-1	-1	-1	-1	-1	-1	0	187		-1	5	300	0	10	0	-1	0	0	0	0	100	-1	0	-1	0	0	0	0	0	0	30556	30556	30556	30556	30556	30556	30556	30556	30556	30556	30556	30556	30556	30556	30556	30556	对其他队伍玩家使用可使其定身2.5秒，并打落其获得的物件。	1	0	0	0	1	0
3798	3798	-1	眼花缭乱	Buff15_4	-1	0	0	1	1	0	-1	0	1	0	2	56					725	-1	0	0	0	1	-1	-1	-1	-1	-1	-1	-1	0	187		-1	5	300	0	10	0	-1	0	0	0	0	100	-1	0	-1	0	0	0	0	0	0	30557	30557	30557	30557	30557	30557	30557	30557	30557	30557	30557	30557	30557	30557	30557	30557	对其他队伍玩家使用可使其定身2.5秒，并打落其获得的物件。	1	0	0	0	1	0
3799	3799	-1	眼花缭乱	Buff15_4	-1	0	0	1	1	0	-1	0	1	0	2	56					725	-1	0	0	0	1	-1	-1	-1	-1	-1	-1	-1	0	187		-1	5	300	0	10	0	-1	0	0	0	0	100	-1	0	-1	0	0	0	0	0	0	30558	30558	30558	30558	30558	30558	30558	30558	30558	30558	30558	30558	30558	30558	30558	30558	对其他队伍玩家使用可使其定身2秒，并打落其获得的物件。	1	0	0	0	1	0
3800	3800	-1	拾取物件	HuoDongSkill2_16	-1	0	0	0	0	0	-1	-1	-1	0	0	-1				143	143	-1	0	0	0	0	-1	-1	-1	-1	-1	-1	-1	0	-1		-1	0	1200	0	1	1	0	-1	0	0	0	100	-1	0	-1	0	0	0	0	0	0	30559	30559	30559	30559	30559	30559	30559	30559	30559	30559	30559	30559	30559	30559	30559	30559	对场地内物件进行使用可将其拾取起来，成功后可带回场地中央判定区进行判定。	0	0	0	0	1	0
3801	3801	-1	神行	Buff14_6	-1	0	0	0	0	0	-1	-1	-1	0	2	129						-1	0	0	0	0	-1	-1	-1	-1	-1	-1	-1	0	-1		-1	0	300	-1	-1	1	0	-1	0	0	0	100	-1	0	-1	0	0	0	0	0	0	30560	30560	30560	30560	30560	30560	30560	30560	30560	30560	30560	30560	30560	30560	30560	30560	获得50%的加速效果，持续6秒，冷却时间10秒	1	0	0	0	1	0
3802	3802	-1	神行	Buff14_6	-1	0	0	0	0	0	-1	-1	-1	0	2	129						-1	0	0	0	0	-1	-1	-1	-1	-1	-1	-1	0	-1		-1	0	300	-1	-1	1	0	-1	0	0	0	100	-1	0	-1	0	0	0	0	0	0	30561	30561	30561	30561	30561	30561	30561	30561	30561	30561	30561	30561	30561	30561	30561	30561	获得45%的加速效果，持续6秒，冷却时间10秒	1	0	0	0	1	0
3803	3803	-1	神行	Buff14_6	-1	0	0	0	0	0	-1	-1	-1	0	2	129						-1	0	0	0	0	-1	-1	-1	-1	-1	-1	-1	0	-1		-1	0	300	-1	-1	1	0	-1	0	0	0	100	-1	0	-1	0	0	0	0	0	0	30562	30562	30562	30562	30562	30562	30562	30562	30562	30562	30562	30562	30562	30562	30562	30562	获得40%的加速效果，持续6秒，冷却时间10秒	1	0	0	0	1	0
3804	3804	-1	躲避情侣定身（废弃）	FightSkillTianShan_5	-1	0	0	1	1	0	-1	0	-1	0	2	56					725	-1	0	0	0	1	-1	-1	-1	-1	-1	-1	-1	0	187	身体受击点	-1	0	300	0	5	1	0	-1	0	0	0	100	-1	0	-1	0	0	0	0	0	0	30563	30563	30563	30563	30563	30563	30563	30563	30563	30563	30563	30563	30563	30563	30563	30563	躲避情侣定身	1	0	0	0	1	0
3805	3805	-1	躲避结拜定身（废弃）	FightSkillTianShan_5	-1	0	0	1	1	0	-1	0	-1	0	2	56					725	-1	0	0	0	1	-1	-1	-1	-1	-1	-1	-1	0	187	身体受击点	-1	0	300	0	5	1	0	-1	0	0	0	100	-1	0	-1	0	0	0	0	0	0	30564	30564	30564	30564	30564	30564	30564	30564	30564	30564	30564	30564	30564	30564	30564	30564	躲避结拜定身	1	0	0	0	1	0
3806	3806	-1	躲避无定身（废弃）	FightSkillTianShan_5	-1	0	0	1	1	0	-1	0	-1	0	2	56					725	-1	0	0	0	1	-1	-1	-1	-1	-1	-1	-1	0	187	身体受击点	-1	0	300	0	5	1	0	-1	0	0	0	100	-1	0	-1	0	0	0	0	0	0	30565	30565	30565	30565	30565	30565	30565	30565	30565	30565	30565	30565	30565	30565	30565	30565	躲避无定身	1	0	0	0	1	0
3807	3807	-1	情比金坚	Buff14_5	-1	0	0	1	1	0	-1	0	-1	0	2	146						-1	0	0	0	0	-1	-1	-1	-1	-1	-1	-1	0	-1		-1	0	300	0	5	1	0	-1	0	0	0	100	-1	0	-1	0	0	0	0	0	0	30566	30566	30566	30566	30566	30566	30566	30566	30566	30566	30566	30566	30566	30566	30566	30566	可对场地内的队友使用，为其持续恢复一定的血量。	1	0	0	0	1	0
3808	3808	-1	情比金坚	Buff14_5	-1	0	0	1	1	0	-1	0	-1	0	2	146						-1	0	0	0	0	-1	-1	-1	-1	-1	-1	-1	0	-1		-1	0	300	0	5	1	0	-1	0	0	0	100	-1	0	-1	0	0	0	0	0	0	30567	30567	30567	30567	30567	30567	30567	30567	30567	30567	30567	30567	30567	30567	30567	30567	可对场地内的队友使用，为其持续恢复一定的血量。	1	0	0	0	1	0
3809	3809	-1	情比金坚	Buff14_5	-1	0	0	1	1	0	-1	0	-1	0	2	146						-1	0	0	0	0	-1	-1	-1	-1	-1	-1	-1	0	-1		-1	0	300	0	5	1	0	-1	0	0	0	100	-1	0	-1	0	0	0	0	0	0	30568	30568	30568	30568	30568	30568	30568	30568	30568	30568	30568	30568	30568	30568	30568	30568	可对场地内的队友使用，为其持续恢复一定的血量。	1	0	0	0	1	0
3810	3810	-1	势如闪电	Buff15_10	-1	0	0	0	0	0	-1	-1	-1	0	2	129						-1	0	0	0	0	-1	-1	-1	-1	-1	-1	-1	0	-1		-1	0	300	-1	-1	1	0	-1	0	0	0	100	-1	0	-1	0	0	0	0	0	0	30569	30569	30569	30569	30569	30569	30569	30569	30569	30569	30569	30569	30569	30569	30569	30569	可给一名小狐仙队玩家施加加速效果50%，持续5秒。	1	0	0	0	1	0
3811	3811	-1	狡兔三窟	Buff26_11	-1	0	0	1	1	1	-1	-1	-1	0	2	63						-1	0	0	0	6	-1	-1	-1	-1	-1	-1	-1	0	-1		-1	0	300	0	10	1	0	-1	0	0	0	100	-1	0	-1	0	0	0	0	0	0	30570	30570	30570	30570	30570	30570	30570	30570	30570	30570	30570	30570	30570	30570	30570	30570	可在半径10m范围内选中任意位置，瞬移过去	1	0	0	0	1	0
3812	3812	-1	多汁鲜草	Buff15_12	-1	0	0	1	1	0	-1	0	-1	0	0	56						-1	0	0	0	0	-1	-1	-1	-1	-1	-1	-1	0	-1		-1	0	300	0	5	1	0	-1	0	0	0	100	-1	0	-1	0	0	0	0	0	0	30571	30571	30571	30571	30571	30571	30571	30571	30571	30571	30571	30571	30571	30571	30571	30571	可给其他兔子队友加血，每秒恢复1%持续5秒	1	0	0	0	1	0
3813	3813	-1	花车喷绘	Food_1	-1	0	0	1	0	1	-1	-1	-1	0	2	143					-1	-1	0	3	0	0	-1	-1	-1	-1	-1	-1	-1	0	-1		-1	0	0	-1	-1	1	-1	-1	0	0	0	100	-1	0	-1	0	0	0	0	0	0	30572	30572	30572	30572	30572	30572	30572	30572	30572	30572	30572	30572	30572	30572	30572	30572		0	0.1	50	10	1	0
3814	3814	-1	比心	HuoDongSkill2_11	-1	0	0	0	0	0	-1	-1	-1	0	2	-1					-1	-1	0	0	0	0	-1	-1	-1	-1	-1	-1	-1	0	-1	 	-1	0	0	-1	-1	1	0	-1	0	0	0	100	-1	0	-1	0	0	0	0	0	0	30573	30573	30573	30573	30573	30573	30573	30573	30573	30573	30573	30573	30573	30573	30573	30573	比心	1	0	0	0	1	0
3815	3815	-1	跳舞	HuoDongSkill2_14	-1	0	0	0	0	0	-1	-1	-1	0	2	-1					-1	-1	0	0	0	0	-1	-1	-1	-1	-1	-1	-1	0	-1	 	-1	0	0	-1	-1	1	0	-1	0	0	0	100	-1	0	-1	0	0	0	0	0	0	30574	30574	30574	30574	30574	30574	30574	30574	30574	30574	30574	30574	30574	30574	30574	30574	鸭子舞	1	0	0	0	1	0
3816	3816	-1	撒娇	HuoDongSkill2_13	-1	0	0	0	0	0	-1	-1	-1	0	2	-1					-1	-1	0	0	0	0	-1	-1	-1	-1	-1	-1	-1	0	-1	 	-1	0	0	-1	-1	1	0	-1	0	0	0	100	-1	0	-1	0	0	0	0	0	0	30575	30575	30575	30575	30575	30575	30575	30575	30575	30575	30575	30575	30575	30575	30575	30575	撒娇	1	0	0	0	1	0
3817	3817	-1	雀跃	HuoDongSkill2_12	-1	0	0	0	0	0	-1	-1	-1	0	2	-1					-1	-1	0	0	0	0	-1	-1	-1	-1	-1	-1	-1	0	-1	 	-1	0	0	-1	-1	1	0	-1	0	0	0	100	-1	0	-1	0	0	0	0	0	0	30576	30576	30576	30576	30576	30576	30576	30576	30576	30576	30576	30576	30576	30576	30576	30576	雀跃	1	0	0	0	1	0
3818	3818	-1	邀请	HuoDongSkill2_15	-1	0	0	0	0	0	-1	-1	-1	0	2	-1					-1	-1	0	0	0	0	-1	-1	-1	-1	-1	-1	-1	0	-1	 	-1	0	0	-1	-1	1	0	-1	0	0	0	100	-1	0	-1	0	0	0	0	0	0	30577	30577	30577	30577	30577	30577	30577	30577	30577	30577	30577	30577	30577	30577	30577	30577	邀请	1	0	0	0	1	0
3819	3819	-1	开启识破机关	Test_1	-1	0	0	1	1	1	-1	-1	1	1	0	-1				143	143	-1	0	0	0	1	-1	-1	-1	-1	-1	-1	-1	0	-1		-1	5	1200	0	2	0	-1	-1	0	0	0	100	-1	0	-1	0	0	0	0	0	0	30578	30578	30578	30578	30578	30578	30578	30578	30578	30578	30578	30578	30578	30578	30578	30578	开启识破机关	0	0	50	10	1	0
3820	3820	-1	抢夺绣球	FabaoSkill_8	-1	0	0	1	1	1	-1	-1	1	1	2	-1						-1	0	0	0	6	-1	-1	-1	-1	-1	-1	-1	0	-1		-1	0	1200	0	10	0	-1	-1	0	0	0	100	-1	0	-1	0	0	0	0	0	0	30579	30579	30579	30579	30579	30579	30579	30579	30579	30579	30579	30579	30579	30579	30579	30579	抢夺绣球	1	0	0	0	1	0
3821	3821	-1	采集绣球	PetSkill3_7	-1	0	0	0	0	0	-1	-1	-1	0	0	-1				143	143	-1	0	0	0	0	-1	-1	-1	-1	-1	-1	-1	0	-1		-1	0	1200	0	1	1	0	-1	0	0	0	100	-1	0	-1	0	0	0	0	0	0	30580	30580	30580	30580	30580	30580	30580	30580	30580	30580	30580	30580	30580	30580	30580	30580	采集绣球	0	0.1	33	10	1	0
3822	3822	-1	开启识破机关	Test_1	-1	0	0	1	1	1	-1	-1	1	1	0	-1				143	143	-1	0	0	0	1	-1	-1	-1	-1	-1	-1	-1	0	-1		-1	5	1200	0	2	0	-1	-1	0	0	0	100	-1	0	-1	0	0	0	0	0	0	30581	30581	30581	30581	30581	30581	30581	30581	30581	30581	30581	30581	30581	30581	30581	30581	开启识破机关	0	0	50	10	1	0
3823	3823	-1	抢夺战旗	PetSkill3_7	-1	0	0	1	0	1	-1	-1	-1	0	0	-1				143	143	-1	0	3	0	1	-1	-1	-1	-1	-1	-1	-1	-1	-1		-1	5	1200	0	2	0	-1	-1	0	0	0	100	-1	0	-1	0	0	0	0	0	0	30582	30582	30582	30582	30582	30582	30582	30582	30582	30582	30582	30582	30582	30582	30582	30582	抢夺战旗	0	0.1	33	10	1	0
3824	3824	-1	藏匿	Buff15_11	-1	0	0	1	1	1	-1	-1	0	0	2	58					367	-1	0	0	0	0	-1	-1	-1	-1	-1	-1	-1	1	-1		-1	0	1200	-1	-1	1	0	-1	0	0	0	100	-1	0	-1	0	0	0	1	0	0	30583	30583	30583	30583	30583	30583	30583	30583	30583	30583	30583	30583	30583	30583	30583	30583	使用后进入隐身状体5秒	1	0.1	50	10	1	0
3825	3825	-1	重击	FightSkillTianShan_2	-1	0	0	0	0	1	-1	0	-1	0	2	102					166	-1	0	1	0	0	-1	-1	-1	-1	-1	-1	1	1	-1		-1	4	1200	-1	-1	-1	1	0	0	0	0	100	-1	0	-1	5	360	12	0	0	0	30584	30584	30584	30584	30584	30584	30584	30584	30584	30584	30584	30584	30584	30584	30584	30584	中地摇	1	0	0	0	1	0
3826	3826	-1	重击	FightSkillTianShan_2	-1	0	0	0	0	1	-1	0	-1	0	2	102					166	-1	0	1	0	0	-1	-1	-1	-1	-1	-1	1	1	-1		-1	4	1200	-1	-1	-1	1	0	0	0	0	100	-1	0	-1	5	360	12	0	0	0	30585	30585	30585	30585	30585	30585	30585	30585	30585	30585	30585	30585	30585	30585	30585	30585	低地摇	1	0	0	0	1	0
3827	3827	-1	眼花缭乱	Buff15_4	-1	0	0	1	1	0	-1	0	1	0	2	-1						-1	0	0	0	1	-1	-1	-1	-1	-1	-1	-1	0	187		-1	5	0	0	5	1	-1	-1	0	0	0	100	-1	0	-1	0	0	0	0	0	0	30586	30586	30586	30586	30586	30586	30586	30586	30586	30586	30586	30586	30586	30586	30586	30586		0	0	0	0	1	0
3828	3828	0	袈裟伏魔功	FightSkillShaoLin1_8	30	0	0	0	0	1	3	0	-1	0	2	59	吟唱sl	身体中心点			507	-1	0	0	0	0	-1	-1	-1	-1	-1	-1	1	1	-1		-1	0	1200	-1	-1	1	0	-1	0	0	0	100	-1	0	-1	0	0	0	0	0	0	30586	30586	30586	30586	30586	30586	30586	30586	30586	30586	30586	30586	30586	30586	30586	30586	少林绝技之一，是玄慈方丈的得意功夫。使用之后可以自身上最多3个控制、虚弱、破绽、持续减血等不良效果。	1	0.1	50	10	1	0
3829	3829	4	佛光普照	FightSkillEMei1_6	40	0	1	1	1	1	26	0	-1	0	0	57	吟唱em	身体中心点		589	590	-1	0	0	0	0	-1	-1	-1	-1	-1	-1	1	1	-1		-1	4	300	-1	-1	1	0	-1	1	0	0	100	-1	0	-1	7	360	12	0	0	0	30587	30587	30587	30587	30587	30587	30587	30587	30587	30587	30587	30587	30587	30587	30587	30587	源于佛门心法，佛光西来，普照天下众生。使用之后可以大量回复附近队友的血。	1	0	0	0	1	0
3830	3830	-1	纸醉金迷	Food_1	-1	0	0	0	0	0	-1	-1	1	0	0	78				165	166	-1	0	1	0	0	-1	-1	-1	-1	-1	-1	-1	0	-1		-1	5	1200	0	15	-1	1	0	0	0	0	100	-1	0	-1	0	0	0	0	0	0	30588	30588	30588	30588	30588	30588	30588	30588	30588	30588	30588	30588	30588	30588	30588	30588	纸醉金迷	1	0	0	0	1	0
3831	3831	-1	银钱为重	Food_1	-1	0	0	0	0	0	-1	-1	1	0	0	78				167	168	-1	0	1	0	0	-1	-1	-1	-1	-1	-1	-1	0	-1		-1	5	1200	0	15	-1	1	0	0	0	0	100	-1	0	-1	0	0	0	0	0	0	30589	30589	30589	30589	30589	30589	30589	30589	30589	30589	30589	30589	30589	30589	30589	30589	银钱为重	1	0	0	0	1	0
3832	3832	-1	画卷轻展	PetSkill3_7	-1	0	0	1	0	1	-1	-1	-1	0	0	-1				143	143	-1	0	3	0	1	-1	-1	-1	-1	-1	-1	-1	-1	-1		-1	5	1200	0	2	0	-1	-1	0	0	0	100	-1	0	-1	0	0	0	0	0	0	30590	30590	30590	30590	30590	30590	30590	30590	30590	30590	30590	30590	30590	30590	30590	30590	画卷轻展	0	0.1	33	10	1	0
3838	3838	-1	霸业千秋	FightSkillTianShan_2	-1	0	0	0	0	1	-1	0	-1	0	2	102					165	-1	0	1	0	0	-1	-1	-1	-1	-1	-1	1	1	-1		-1	4	1600	-1	-1	-1	1	0	0	0	0	100	-1	0	-1	5	360	60	0	0	0	31366	31366	31366	31366	31366	31366	31366	31366	31366	31366	31366	31366	31366	31366	31366	31366	霸业千秋	1	0	0	0	1	0
3839	3839	-1	霸业千秋	FightSkillTianShan_2	-1	0	0	0	0	1	-1	0	-1	0	2	102					165	-1	0	1	0	0	-1	-1	-1	-1	-1	-1	1	1	-1		-1	4	1600	-1	-1	-1	1	0	0	0	0	100	-1	0	-1	5	360	60	0	0	0	31367	31367	31367	31367	31367	31367	31367	31367	31367	31367	31367	31367	31367	31367	31367	31367	霸业千秋	1	0	0	0	1	0
3840	3840	-1	使用中	Food_1	-1	0	0	1	0	1	-1	-1	-1	0	0	-1				143	143	-1	0	3	0	1	-1	-1	-1	-1	-1	-1	-1	-1	-1	 	-1	5	1200	0	3	0	-1	-1	0	0	0	100	-1	0	-1	0	0	0	0	0	0	30600	30600	30600	30600	30600	30600	30600	30600	30600	30600	30600	30600	30600	30600	30600	30600	使用中	0	0	0	0	1	0
3841	3841	-1	擦拭长恨刀	Food_1	-1	0	0	1	0	1	-1	-1	-1	0	0	-1				1334		-1	0	3	0	1	-1	-1	-1	-1	-1	-1	-1	-1	-1	 	-1	5	800	0	3	0	-1	-1	0	0	0	100	-1	0	-1	0	0	0	0	0	0	30601	30601	30601	30601	30601	30601	30601	30601	30601	30601	30601	30601	30601	30601	30601	30601	使用中	0	0	0	0	1	0
3842	3842	-1	正在修补	Food_1	-1	0	0	1	0	1	-1	-1	-1	0	0	-1				143	143	-1	0	3	0	1	-1	-1	-1	-1	-1	-1	-1	-1	-1	 	-1	5	1200	0	3	0	-1	-1	0	0	0	100	-1	0	-1	0	0	0	0	0	0	30602	30602	30602	30602	30602	30602	30602	30602	30602	30602	30602	30602	30602	30602	30602	30602	使用中	0	0	0	0	1	0
3843	3843	-1	清扫败叶	Food_1	-1	0	0	1	0	1	-1	-1	-1	0	0	-1				1338		-1	0	3	0	1	-1	-1	-1	-1	-1	-1	-1	-1	-1	 	-1	5	1200	0	3	0	-1	-1	0	0	0	100	-1	0	-1	0	0	0	0	0	0	30603	30603	30603	30603	30603	30603	30603	30603	30603	30603	30603	30603	30603	30603	30603	30603	使用中	0	0	0	0	1	0
3844	3844	-1	誊写经文	Food_1	-1	0	0	1	0	1	-1	-1	-1	0	0	-1				1335		-1	0	3	0	1	-1	-1	-1	-1	-1	-1	-1	-1	-1	 	-1	5	1200	0	3	0	-1	-1	0	0	0	100	-1	0	-1	0	0	0	0	0	0	30604	30604	30604	30604	30604	30604	30604	30604	30604	30604	30604	30604	30604	30604	30604	30604	使用中	0	0	0	0	1	0
3845	3845	-1	敬酒拜别	Food_1	-1	0	0	1	0	1	-1	-1	-1	0	0	-1				1336		-1	0	3	0	1	-1	-1	-1	-1	-1	-1	-1	-1	-1	 	-1	5	300	0	3	0	-1	-1	0	0	0	100	-1	0	-1	0	0	0	0	0	0	30605	30605	30605	30605	30605	30605	30605	30605	30605	30605	30605	30605	30605	30605	30605	30605	使用中	0	0	0	0	1	0
3846	3846	-1	萧峰动作	FightSkillTianShan_2	-1	0	0	1	1	1	-1	-1	-1	0	2	102					162	-1	0	1	0	0	-1	-1	-1	-1	-1	-1	-1	-1	-1		-1	4	1200	0	3	-1	1	0	0	0	0	100	-1	0	-1	0	0	0	0	0	0	30606	30606	30606	30606	30606	30606	30606	30606	30606	30606	30606	30606	30606	30606	30606	30606	萧峰动作	0	0	0	0	1	0
3847	3847	-1	细读碑文	Test_1	-1	0	0	1	1	1	-1	-1	1	1	0	-1				143	143	-1	0	0	0	1	-1	-1	-1	-1	-1	-1	-1	0	-1		-1	5	1200	0	2	0	-1	-1	0	0	0	100	-1	0	-1	0	0	0	0	0	0	30607	30607	30607	30607	30607	30607	30607	30607	30607	30607	30607	30607	30607	30607	30607	30607	正在擦拭	0	0	0	0	1	0
3848	3848	-1	正在拂尘	Test_1	-1	0	0	1	1	1	-1	-1	1	1	0	-1				143	143	-1	0	0	0	1	-1	-1	-1	-1	-1	-1	-1	0	-1		-1	5	1200	0	2	0	-1	-1	0	0	0	100	-1	0	-1	0	0	0	0	0	0	30608	30608	30608	30608	30608	30608	30608	30608	30608	30608	30608	30608	30608	30608	30608	30608	正在擦拭	0	0	0	0	1	0
3849	3849	-1	正在拾取	Test_1	-1	0	0	1	1	1	-1	-1	1	1	0	-1				143	143	-1	0	0	0	1	-1	-1	-1	-1	-1	-1	-1	0	-1		-1	5	1200	0	2	0	-1	-1	0	0	0	100	-1	0	-1	0	0	0	0	0	0	30609	30609	30609	30609	30609	30609	30609	30609	30609	30609	30609	30609	30609	30609	30609	30609	正在修补	0	0	0	0	1	0
3855	3855	-1	打开周年庆宝箱	PetSkill3_7	-1	0	0	1	0	1	-1	-1	-1	0	0	-1				143	143	-1	0	3	0	1	-1	-1	-1	-1	-1	-1	-1	-1	-1		-1	5	1200	0	5	0	-1	-1	0	0	0	100	-1	0	-1	0	0	0	0	0	0	30615	30615	30615	30615	30615	30615	30615	30615	30615	30615	30615	30615	30615	30615	30615	30615	采集中	0	0	0	0	1	0
3856	3856	-1	破甲穿心刺	Test_1	-1	0	0	1	1	1	-1	-1	-1	0	0	147				165	166	-1	0	1	0	0	-1	-1	-1	-1	-1	-1	-1	-1	-1		-1	4	1000	0	30	-1	1	0	0	0	0	100	-1	0	-1	0	0	0	0	0	0	30616	30616	30616	30616	30616	30616	30616	30616	30616	30616	30616	30616	30616	30616	30616	30616	蜿蜒剑气	1	0	0	0	1	0
3857	3857	-1	缠丝擒拿手	Test_1	-1	0	0	1	1	1	-1	-1	-1	0	0	147				167	168	-1	0	1	0	0	-1	-1	-1	-1	-1	-1	-1	-1	-1		-1	4	1200	0	30	-1	1	0	0	0	0	100	-1	0	-1	0	0	0	0	0	0	30617	30617	30617	30617	30617	30617	30617	30617	30617	30617	30617	30617	30617	30617	30617	30617	缠丝擒拿手	1	0	0	0	1	0
3858	3858	-1	拨云锁喉阵	Test_1	-1	0	0	1	1	1	-1	-1	-1	0	0	147				169		-1	0	1	0	0	-1	-1	-1	-1	-1	-1	-1	-1	-1		-1	4	300	0	30	-1	1	0	0	0	0	100	-1	0	-1	0	0	0	0	0	0	30618	30618	30618	30618	30618	30618	30618	30618	30618	30618	30618	30618	30618	30618	30618	30618	一剑封喉	1	0	0	0	1	0
3859	3859	-1	力劈华山式	Test_1	-1	0	0	1	1	1	-1	-1	-1	0	2	147					165	-1	0	1	0	0	-1	-1	-1	-1	-1	-1	-1	-1	-1		-1	4	1200	0	30	-1	1	0	0	0	0	100	-1	0	-1	0	0	0	0	0	0	30619	30619	30619	30619	30619	30619	30619	30619	30619	30619	30619	30619	30619	30619	30619	30619	劈刀	1	0	0	0	1	0
3860	3860	-1	夜战八方式	Test_1	-1	0	0	1	1	1	-1	-1	-1	0	0	147				166		-1	0	1	0	0	-1	-1	-1	-1	-1	-1	-1	-1	-1		-1	4	300	0	30	-1	1	0	0	0	0	100	-1	0	-1	0	0	0	0	0	0	30620	30620	30620	30620	30620	30620	30620	30620	30620	30620	30620	30620	30620	30620	30620	30620	石裂封神	1	0	0	0	1	0
3861	3861	-1	长风破浪式	Test_1	-1	0	0	1	1	1	-1	-1	-1	0	0	147				169		-1	0	1	0	0	-1	-1	-1	-1	-1	-1	-1	-1	-1		-1	4	300	0	30	-1	1	0	0	0	0	100	-1	0	-1	0	0	0	0	0	0	30621	30621	30621	30621	30621	30621	30621	30621	30621	30621	30621	30621	30621	30621	30621	30621	石裂封神	1	0	0	0	1	0
3862	3862	-1	长风破浪式	Test_1	-1	0	0	1	1	1	-1	-1	-1	0	0	147				170		-1	0	1	0	0	-1	-1	-1	-1	-1	-1	-1	-1	-1		-1	4	300	0	30	-1	1	0	0	0	0	100	-1	0	-1	0	0	0	0	0	0	30622	30622	30622	30622	30622	30622	30622	30622	30622	30622	30622	30622	30622	30622	30622	30622	石裂封神	1	0	0	0	1	0
3863	3863	-1	远程普通攻击	TaskTools2_13	-1	0	0	1	1	1	-1	-1	1	0	2	50					162;163;164	-1	0	0	0	1	-1	-1	-1	-1	-1	-1	-1	1	199	身体受击点	-1	5	1200	0	10	-1	1	-1	0	0	1	-1	-1	1	-1	0	0	0	2	1	600	0	0	0	0	0	0	0	0	0	0	0	0	0	0	0	0	江湖上流传甚广，人人会使的武功招式。	0	0.1	50	10	1	0
3864	3864	-1	地裂石碎（废弃）	Test_1	-1	0	0	1	1	1	-1	-1	-1	0	0	147				169	170	-1	0	1	0	0	-1	-1	-1	-1	-1	-1	-1	-1	-1		-1	4	1200	0	30	-1	1	0	0	0	0	100	-1	0	-1	0	0	0	0	0	0	30624	30624	30624	30624	30624	30624	30624	30624	30624	30624	30624	30624	30624	30624	30624	30624	石裂封神	1	0	0	0	1	0
3865	3865	-1	蚀骨散花	Test_1	-1	0	0	1	1	1	-1	-1	-1	0	2	147					165	-1	0	1	0	0	-1	-1	-1	-1	-1	-1	-1	-1	-1		-1	4	1200	0	30	-1	1	0	0	0	0	100	-1	0	-1	0	0	0	0	0	0	30625	30625	30625	30625	30625	30625	30625	30625	30625	30625	30625	30625	30625	30625	30625	30625	花毒	1	0	0	0	1	0
3866	3866	-1	兰影三叠	Test_1	-1	0	0	1	1	1	-1	-1	-1	0	2	147					166	-1	0	1	0	0	-1	-1	-1	-1	-1	-1	-1	-1	-1		-1	4	1200	0	30	-1	1	0	0	0	0	100	-1	0	-1	0	0	0	0	0	0	30626	30626	30626	30626	30626	30626	30626	30626	30626	30626	30626	30626	30626	30626	30626	30626	命萦蓝恋	1	0	0	0	1	0
3867	3867	-1	铃兰花开	Test_1	-1	0	0	1	1	1	-1	-1	-1	0	0	147				167		-1	0	1	0	0	-1	-1	-1	-1	-1	-1	-1	-1	-1		-1	4	300	0	30	-1	1	0	0	0	0	100	-1	0	-1	0	0	0	0	0	0	30627	30627	30627	30627	30627	30627	30627	30627	30627	30627	30627	30627	30627	30627	30627	30627	毒爆发	1	0	0	0	1	0
3868	3868	-1	狮子吼	Test_1	-1	0	0	1	1	1	-1	-1	-1	0	2	147					165	-1	0	1	0	0	-1	-1	-1	-1	-1	-1	-1	-1	-1		-1	4	2000	0	30	-1	1	0	0	0	0	100	-1	0	-1	0	0	0	0	0	0	30628	30628	30628	30628	30628	30628	30628	30628	30628	30628	30628	30628	30628	30628	30628	30628	狮子吼	1	0	0	0	1	0
3869	3869	-1	破障降魔掌	Test_1	-1	0	0	1	1	1	-1	-1	-1	0	0	147				168		-1	0	1	0	0	-1	-1	-1	-1	-1	-1	-1	-1	-1		-1	4	300	0	30	-1	1	0	0	0	0	100	-1	0	-1	0	0	0	0	0	0	30629	30629	30629	30629	30629	30629	30629	30629	30629	30629	30629	30629	30629	30629	30629	30629	四念佛花	1	0	0	0	1	0
3870	3870	-1	燃木刀法	Test_1	-1	0	0	1	1	1	-1	-1	-1	0	0	147				170		-1	0	1	0	0	-1	-1	-1	-1	-1	-1	-1	-1	-1		-1	4	300	0	30	-1	1	0	0	0	0	100	-1	0	-1	0	0	0	0	0	0	30630	30630	30630	30630	30630	30630	30630	30630	30630	30630	30630	30630	30630	30630	30630	30630	燃木刀法	1	0	0	0	1	0
3871	3871	-1	断波掌	Test_1	-1	0	0	0	0	0	-1	-1	1	0	0	102				165	166	-1	0	1	0	0	-1	-1	-1	-1	-1	-1	-1	-1	-1		-1	4	1200	0	20	-1	1	0	0	0	0	100	-1	0	-1	0	0	0	2	0	0	30631	30631	30631	30631	30631	30631	30631	30631	30631	30631	30631	30631	30631	30631	30631	30631	赵钱孙释放内力	1	0	0	0	1	0
3872	3872	-1	偷龙转凤	Test_1	-1	0	0	0	0	0	-1	-1	1	0	0	102				167	169	-1	0	1	0	0	-1	-1	-1	-1	-1	-1	-1	-1	-1		-1	4	1200	0	30	-1	1	0	0	0	0	100	-1	0	-1	0	0	0	2	0	0	30632	30632	30632	30632	30632	30632	30632	30632	30632	30632	30632	30632	30632	30632	30632	30632	赵钱孙钻洞	1	0	0	0	1	0
3873	3873	-1	遁地匿形	Test_1	-1	0	0	0	0	1	-1	-1	-1	0	0	102				172	173	-1	0	1	0	0	-1	-1	-1	-1	-1	-1	-1	-1	-1		-1	0	1200	-1	-1	1	0	-1	0	0	0	100	-1	0	-1	0	0	0	0	0	0	30633	30633	30633	30633	30633	30633	30633	30633	30633	30633	30633	30633	30633	30633	30633	30633	遁地匿形	1	0.1	50	10	1	0
3874	3874	-1	劈天碎月	Test_1	-1	0	0	0	0	0	-1	-1	1	0	0	102				165	166	-1	0	1	0	0	-1	-1	-1	-1	-1	-1	-1	-1	-1		-1	4	1200	0	20	-1	1	0	0	0	0	100	-1	0	-1	0	0	0	2	0	0	30634	30634	30634	30634	30634	30634	30634	30634	30634	30634	30634	30634	30634	30634	30634	30634	汪剑通技能1	1	0	0	0	1	0
3875	3875	-1	风卷残云	Test_1	-1	0	0	0	0	0	-1	-1	1	0	0	102				167	168	-1	0	1	0	0	-1	-1	-1	-1	-1	-1	-1	-1	-1		-1	4	1200	0	20	-1	1	0	0	0	0	100	-1	0	-1	0	0	0	2	0	0	30635	30635	30635	30635	30635	30635	30635	30635	30635	30635	30635	30635	30635	30635	30635	30635	汪剑通技能2	1	0	0	0	1	0
3876	3876	-1	横扫千军	Test_1	-1	0	0	0	0	0	-1	-1	1	0	0	102				169	170	-1	0	1	0	0	-1	-1	-1	-1	-1	-1	-1	-1	-1		-1	4	1200	0	20	-1	1	0	0	0	0	100	-1	0	-1	0	0	0	2	0	0	30636	30636	30636	30636	30636	30636	30636	30636	30636	30636	30636	30636	30636	30636	30636	30636	横扫分身	1	0	0	0	1	0
3877	3877	-1	因果同生	Test_1	-1	0	0	0	0	0	-1	-1	1	0	0	102				173		-1	0	1	0	0	-1	-1	-1	-1	-1	-1	-1	-1	-1		-1	4	1200	0	20	-1	1	0	0	0	0	100	-1	0	-1	0	0	0	2	0	0	30637	30637	30637	30637	30637	30637	30637	30637	30637	30637	30637	30637	30637	30637	30637	30637	玄慈因果循环	1	0	0	0	1	0
3878	3878	-1	因果同生	Test_1	-1	0	0	0	0	0	-1	-1	1	0	0	102				173		-1	0	1	0	0	-1	-1	-1	-1	-1	-1	-1	-1	-1		-1	4	1200	0	20	-1	1	0	0	0	0	100	-1	0	-1	0	0	0	2	0	0	30638	30638	30638	30638	30638	30638	30638	30638	30638	30638	30638	30638	30638	30638	30638	30638	带头大哥因果循环	1	0	0	0	1	0
3879	3879	-1	采集因果莲花	Test_1	-1	0	0	1	1	1	-1	-1	1	1	0	-1				143	143	-1	0	0	0	1	-1	-1	-1	-1	-1	-1	-1	0	-1		-1	5	1200	0	2	0	-1	-1	0	0	0	100	-1	0	-1	0	0	0	0	0	0	30639	30639	30639	30639	30639	30639	30639	30639	30639	30639	30639	30639	30639	30639	30639	30639	采集因果莲花	0	0	50	10	1	0
3880	3880	-1	般若掌	Test_1	-1	0	0	0	0	0	-1	-1	1	0	0	102				165	166	-1	0	1	0	0	-1	-1	-1	-1	-1	-1	-1	-1	-1		-1	4	1200	0	20	-1	1	0	0	0	0	100	-1	0	-1	0	0	0	2	0	0	30640	30640	30640	30640	30640	30640	30640	30640	30640	30640	30640	30640	30640	30640	30640	30640	玄慈技能1	1	0	0	0	1	0
3881	3881	-1	般若掌	Test_1	-1	0	0	0	0	0	-1	-1	1	0	0	102				165	166	-1	0	1	0	0	-1	-1	-1	-1	-1	-1	-1	-1	-1		-1	4	1200	0	20	-1	1	0	0	0	0	100	-1	0	-1	0	0	0	2	0	0	30641	30641	30641	30641	30641	30641	30641	30641	30641	30641	30641	30641	30641	30641	30641	30641	带头大哥技能1	1	0	0	0	1	0
3882	3882	-1	佛光普照	Test_1	-1	0	0	0	0	0	-1	-1	1	0	0	102				167	168	-1	0	1	0	0	-1	-1	-1	-1	-1	-1	-1	-1	-1		-1	4	1200	0	20	-1	1	0	0	0	0	100	-1	0	-1	0	0	0	2	0	0	30642	30642	30642	30642	30642	30642	30642	30642	30642	30642	30642	30642	30642	30642	30642	30642	玄慈技能2	1	0	0	0	1	0
3883	3883	-1	佛光普照	Test_1	-1	0	0	0	0	0	-1	-1	1	0	0	102				167	168	-1	0	1	0	0	-1	-1	-1	-1	-1	-1	-1	-1	-1		-1	4	1200	0	20	-1	1	0	0	0	0	100	-1	0	-1	0	0	0	2	0	0	30643	30643	30643	30643	30643	30643	30643	30643	30643	30643	30643	30643	30643	30643	30643	30643	带头大哥技能2	1	0	0	0	1	0
3884	3884	-1	玄慈聚力锁链	Test_1	-1	0	0	1	1	1	-1	-1	1	0	2	102						-1	0	1	0	1	-1	-1	-1	-1	-1	-1	-1	-1	-1		-1	5	1200	0	30	-1	1	-1	0	0	0	100	-1	0	-1	0	0	0	0	0	0	30644	30644	30644	30644	30644	30644	30644	30644	30644	30644	30644	30644	30644	30644	30644	30644	玄慈聚力锁链	0	0.1	0	0	1	0
3885	3885	-1	带头大哥聚力锁链	Test_1	-1	0	0	1	1	1	-1	-1	1	0	2	102						-1	0	1	0	1	-1	-1	-1	-1	-1	-1	-1	-1	-1		-1	5	1200	0	30	-1	1	-1	0	0	0	100	-1	0	-1	0	0	0	0	0	0	30645	30645	30645	30645	30645	30645	30645	30645	30645	30645	30645	30645	30645	30645	30645	30645	带头大哥聚力锁链	0	0.1	0	0	1	0
3886	3886	-1	玄慈恐惧	Test_1	-1	0	0	0	0	0	-1	-1	1	0	0	102				169	170	-1	0	1	0	0	-1	-1	-1	-1	-1	-1	-1	-1	-1		-1	4	1200	0	20	-1	1	0	0	0	0	100	-1	0	-1	0	0	0	2	0	0	30646	30646	30646	30646	30646	30646	30646	30646	30646	30646	30646	30646	30646	30646	30646	30646	玄慈恐惧	0	0	0	0	1	0
3887	3887	-1	带头大哥恐惧	Test_1	-1	0	0	0	0	0	-1	-1	1	0	0	102				169	170	-1	0	1	0	0	-1	-1	-1	-1	-1	-1	-1	-1	-1		-1	4	1200	0	20	-1	1	0	0	0	0	100	-1	0	-1	0	0	0	2	0	0	30647	30647	30647	30647	30647	30647	30647	30647	30647	30647	30647	30647	30647	30647	30647	30647	带头大哥恐惧	0	0	0	0	1	0
3888	3888	-1	金刚罗汉掌	Test_1	-1	0	0	0	0	0	-1	-1	1	0	0	102				171	172	-1	0	1	0	0	-1	-1	-1	-1	-1	-1	-1	-1	-1		-1	4	1200	0	20	-1	1	0	0	0	0	100	-1	0	-1	0	0	0	2	0	0	30648	30648	30648	30648	30648	30648	30648	30648	30648	30648	30648	30648	30648	30648	30648	30648	玄慈金刚掌	1	0	0	0	1	0
3889	3889	-1	金刚罗汉掌	Test_1	-1	0	0	0	0	0	-1	-1	1	0	0	102				171	172	-1	0	1	0	0	-1	-1	-1	-1	-1	-1	-1	-1	-1		-1	4	1200	0	20	-1	1	0	0	0	0	100	-1	0	-1	0	0	0	2	0	0	30649	30649	30649	30649	30649	30649	30649	30649	30649	30649	30649	30649	30649	30649	30649	30649	带头大哥金刚掌	1	0	0	0	1	0
3890	3890	-1	邪龙巡天	Test_1	-1	0	0	0	0	0	-1	-1	1	0	0	102				165	166	-1	0	1	0	0	-1	-1	-1	-1	-1	-1	-1	-1	-1		-1	4	3000	0	20	-1	1	0	0	0	0	100	-1	0	-1	0	0	0	2	0	0	30650	30650	30650	30650	30650	30650	30650	30650	30650	30650	30650	30650	30650	30650	30650	30650	萧峰心魔技能1	1	0	0	0	1	0
3891	3891	-1	正邪何往	Test_1	-1	0	0	0	0	0	-1	-1	1	0	0	102				167	168	-1	0	1	0	0	-1	-1	-1	-1	-1	-1	-1	-1	-1		-1	4	1200	0	20	-1	1	0	0	0	0	100	-1	0	-1	0	0	0	2	0	0	30651	30651	30651	30651	30651	30651	30651	30651	30651	30651	30651	30651	30651	30651	30651	30651	萧峰心魔技能3-1	1	0	0	0	1	0
3892	3892	-1	萧峰心魔技能3-1	Test_1	-1	0	0	0	0	0	-1	-1	1	0	0	102				169		-1	0	1	0	0	-1	-1	-1	-1	-1	-1	-1	-1	-1		-1	4	1200	0	20	-1	1	0	0	0	0	100	-1	0	-1	0	0	0	2	0	0	30652	30652	30652	30652	30652	30652	30652	30652	30652	30652	30652	30652	30652	30652	30652	30652	萧峰心魔技能3-2	0	0	0	0	1	0
3893	3893	-1	龙噬八荒	Test_1	-1	0	0	0	0	0	-1	-1	1	0	0	102				170	171	-1	0	1	0	0	-1	-1	-1	-1	-1	-1	-1	-1	-1		-1	4	1200	0	20	-1	1	0	0	0	0	100	-1	0	-1	0	0	0	2	0	0	30653	30653	30653	30653	30653	30653	30653	30653	30653	30653	30653	30653	30653	30653	30653	30653	萧峰心魔技能3-2	1	0	0	0	1	0
3894	3894	-1	解救	Test_1	-1	0	0	1	0	1	-1	-1	-1	0	0	-1				143	143	-1	0	3	0	1	-1	-1	-1	-1	-1	-1	-1	-1	-1		-1	5	1200	0	2	0	-1	-1	0	0	0	100	-1	0	-1	0	0	0	0	0	0	30654	30654	30654	30654	30654	30654	30654	30654	30654	30654	30654	30654	30654	30654	30654	30654	萧峰心魔金色分身	1	0	0	0	1	0
3895	3895	-1	萧峰心魔黑色分身	Test_1	-1	0	0	0	0	0	-1	-1	1	0	0	102				165		-1	0	1	0	0	-1	-1	-1	-1	-1	-1	-1	-1	-1		-1	4	1200	0	20	-1	1	0	0	0	0	100	-1	0	-1	0	0	0	2	0	0	30655	30655	30655	30655	30655	30655	30655	30655	30655	30655	30655	30655	30655	30655	30655	30655	萧峰心魔黑色分身	0	0	0	0	1	0
3896	3896	-1	瘴魔乱舞	Test_1	-1	0	0	0	0	0	-1	-1	1	0	0	102				172	173	-1	0	1	0	0	-1	-1	-1	-1	-1	-1	-1	-1	-1		-1	4	1200	0	20	-1	1	0	0	0	0	100	-1	0	-1	0	0	0	2	0	0	30656	30656	30656	30656	30656	30656	30656	30656	30656	30656	30656	30656	30656	30656	30656	30656	萧峰心魔魔气外放	1	0	0	0	1	0
3897	3897	-1	萧峰心魔虚弱	Test_1	-1	0	0	0	0	0	-1	-1	1	0	0	102				174		-1	0	1	0	0	-1	-1	-1	-1	-1	-1	-1	-1	-1		-1	4	1200	0	20	-1	1	0	0	0	0	100	-1	0	-1	0	0	0	2	0	0	30657	30657	30657	30657	30657	30657	30657	30657	30657	30657	30657	30657	30657	30657	30657	30657	萧峰心魔虚弱	0	0	0	0	1	0
3898	3898	-1	断波掌	Test_1	-1	0	0	0	0	0	-1	-1	1	0	0	102				165	166	-1	0	1	0	0	-1	-1	-1	-1	-1	-1	-1	-1	-1		-1	4	1200	0	20	-1	1	0	0	0	0	100	-1	0	-1	0	0	0	2	0	0	30658	30658	30658	30658	30658	30658	30658	30658	30658	30658	30658	30658	30658	30658	30658	30658	赵钱孙释放内力（困难）	1	0	0	0	1	0
3899	3899	-1	偷龙转凤	Test_1	-1	0	0	0	0	0	-1	-1	1	0	0	102				167	169	-1	0	1	0	0	-1	-1	-1	-1	-1	-1	-1	-1	-1		-1	4	1200	0	30	-1	1	0	0	0	0	100	-1	0	-1	0	0	0	2	0	0	30659	30659	30659	30659	30659	30659	30659	30659	30659	30659	30659	30659	30659	30659	30659	30659	赵钱孙钻洞（困难）	1	0	0	0	1	0
3900	3900	-1	遁地匿形	Test_1	-1	0	0	0	0	1	-1	-1	-1	0	0	102				172	173	-1	0	1	0	0	-1	-1	-1	-1	-1	-1	-1	-1	-1		-1	0	1200	-1	-1	1	0	-1	0	0	0	100	-1	0	-1	0	0	0	0	0	0	30660	30660	30660	30660	30660	30660	30660	30660	30660	30660	30660	30660	30660	30660	30660	30660	遁地匿形（困难）	1	0.1	50	10	1	0
3901	3901	-1	劈天碎月	Test_1	-1	0	0	0	0	0	-1	-1	1	0	0	102				165	166	-1	0	1	0	0	-1	-1	-1	-1	-1	-1	-1	-1	-1		-1	4	1200	0	20	-1	1	0	0	0	0	100	-1	0	-1	0	0	0	2	0	0	30661	30661	30661	30661	30661	30661	30661	30661	30661	30661	30661	30661	30661	30661	30661	30661	汪剑通技能1（困难）	1	0	0	0	1	0
3902	3902	-1	风卷残云	Test_1	-1	0	0	0	0	0	-1	-1	1	0	0	102				167	168	-1	0	1	0	0	-1	-1	-1	-1	-1	-1	-1	-1	-1		-1	4	1200	0	20	-1	1	0	0	0	0	100	-1	0	-1	0	0	0	2	0	0	30662	30662	30662	30662	30662	30662	30662	30662	30662	30662	30662	30662	30662	30662	30662	30662	汪剑通技能2（困难）	1	0	0	0	1	0
3903	3903	-1	横扫千军	Test_1	-1	0	0	0	0	0	-1	-1	1	0	0	102				169	170	-1	0	1	0	0	-1	-1	-1	-1	-1	-1	-1	-1	-1		-1	4	1200	0	20	-1	1	0	0	0	0	100	-1	0	-1	0	0	0	2	0	0	30663	30663	30663	30663	30663	30663	30663	30663	30663	30663	30663	30663	30663	30663	30663	30663	横扫分身（困难）	1	0	0	0	1	0
3904	3904	-1	因果同生	Test_1	-1	0	0	0	0	0	-1	-1	1	0	0	102				173		-1	0	1	0	0	-1	-1	-1	-1	-1	-1	-1	-1	-1		-1	4	1200	0	20	-1	1	0	0	0	0	100	-1	0	-1	0	0	0	2	0	0	30664	30664	30664	30664	30664	30664	30664	30664	30664	30664	30664	30664	30664	30664	30664	30664	玄慈因果循环（困难）	1	0	0	0	1	0
3905	3905	-1	因果同生	Test_1	-1	0	0	0	0	0	-1	-1	1	0	0	102				173		-1	0	1	0	0	-1	-1	-1	-1	-1	-1	-1	-1	-1		-1	4	1200	0	20	-1	1	0	0	0	0	100	-1	0	-1	0	0	0	2	0	0	30665	30665	30665	30665	30665	30665	30665	30665	30665	30665	30665	30665	30665	30665	30665	30665	带头大哥因果循环（困难）	1	0	0	0	1	0
3906	3906	-1	采集因果莲花	Test_1	-1	0	0	1	1	1	-1	-1	1	1	0	-1				143	143	-1	0	0	0	1	-1	-1	-1	-1	-1	-1	-1	0	-1		-1	5	1200	0	2	0	-1	-1	0	0	0	100	-1	0	-1	0	0	0	0	0	0	30666	30666	30666	30666	30666	30666	30666	30666	30666	30666	30666	30666	30666	30666	30666	30666	采集因果莲花（困难）	0	0	50	10	1	0
3907	3907	-1	般若掌	Test_1	-1	0	0	0	0	0	-1	-1	1	0	0	102				165	166	-1	0	1	0	0	-1	-1	-1	-1	-1	-1	-1	-1	-1		-1	4	1200	0	20	-1	1	0	0	0	0	100	-1	0	-1	0	0	0	2	0	0	30667	30667	30667	30667	30667	30667	30667	30667	30667	30667	30667	30667	30667	30667	30667	30667	玄慈技能1（困难）	1	0	0	0	1	0
3908	3908	-1	般若掌	Test_1	-1	0	0	0	0	0	-1	-1	1	0	0	102				165	166	-1	0	1	0	0	-1	-1	-1	-1	-1	-1	-1	-1	-1		-1	4	1200	0	20	-1	1	0	0	0	0	100	-1	0	-1	0	0	0	2	0	0	30668	30668	30668	30668	30668	30668	30668	30668	30668	30668	30668	30668	30668	30668	30668	30668	带头大哥技能1（困难）	1	0	0	0	1	0
3909	3909	-1	佛光普照	Test_1	-1	0	0	0	0	0	-1	-1	1	0	0	102				167	168	-1	0	1	0	0	-1	-1	-1	-1	-1	-1	-1	-1	-1		-1	4	1200	0	20	-1	1	0	0	0	0	100	-1	0	-1	0	0	0	2	0	0	30669	30669	30669	30669	30669	30669	30669	30669	30669	30669	30669	30669	30669	30669	30669	30669	玄慈技能2（困难）	1	0	0	0	1	0
3910	3910	-1	佛光普照	Test_1	-1	0	0	0	0	0	-1	-1	1	0	0	102				167	168	-1	0	1	0	0	-1	-1	-1	-1	-1	-1	-1	-1	-1		-1	4	1200	0	20	-1	1	0	0	0	0	100	-1	0	-1	0	0	0	2	0	0	30670	30670	30670	30670	30670	30670	30670	30670	30670	30670	30670	30670	30670	30670	30670	30670	带头大哥技能2（困难）	1	0	0	0	1	0
3911	3911	-1	玄慈聚力锁链	Test_1	-1	0	0	1	1	1	-1	-1	1	0	2	102						-1	0	1	0	1	-1	-1	-1	-1	-1	-1	-1	-1	-1		-1	5	1200	0	30	-1	1	-1	0	0	0	100	-1	0	-1	0	0	0	0	0	0	30671	30671	30671	30671	30671	30671	30671	30671	30671	30671	30671	30671	30671	30671	30671	30671	玄慈聚力锁链（困难）	0	0.1	0	0	1	0
3912	3912	-1	带头大哥聚力锁链	Test_1	-1	0	0	1	1	1	-1	-1	1	0	2	102						-1	0	1	0	1	-1	-1	-1	-1	-1	-1	-1	-1	-1		-1	5	1200	0	30	-1	1	-1	0	0	0	100	-1	0	-1	0	0	0	0	0	0	30672	30672	30672	30672	30672	30672	30672	30672	30672	30672	30672	30672	30672	30672	30672	30672	带头大哥聚力锁链（困难）	0	0.1	0	0	1	0
3913	3913	-1	玄慈恐惧	Test_1	-1	0	0	0	0	0	-1	-1	1	0	0	102				169	170	-1	0	1	0	0	-1	-1	-1	-1	-1	-1	-1	-1	-1		-1	4	1200	0	20	-1	1	0	0	0	0	100	-1	0	-1	0	0	0	2	0	0	30673	30673	30673	30673	30673	30673	30673	30673	30673	30673	30673	30673	30673	30673	30673	30673	玄慈恐惧（困难）	0	0	0	0	1	0
3914	3914	-1	带头大哥恐惧	Test_1	-1	0	0	0	0	0	-1	-1	1	0	0	102				169	170	-1	0	1	0	0	-1	-1	-1	-1	-1	-1	-1	-1	-1		-1	4	1200	0	20	-1	1	0	0	0	0	100	-1	0	-1	0	0	0	2	0	0	30674	30674	30674	30674	30674	30674	30674	30674	30674	30674	30674	30674	30674	30674	30674	30674	带头大哥恐惧（困难）	0	0	0	0	1	0
3915	3915	-1	金刚罗汉掌	Test_1	-1	0	0	0	0	0	-1	-1	1	0	0	102				171	172	-1	0	1	0	0	-1	-1	-1	-1	-1	-1	-1	-1	-1		-1	4	1200	0	20	-1	1	0	0	0	0	100	-1	0	-1	0	0	0	2	0	0	30675	30675	30675	30675	30675	30675	30675	30675	30675	30675	30675	30675	30675	30675	30675	30675	玄慈金刚掌（困难）	1	0	0	0	1	0
3916	3916	-1	金刚罗汉掌	Test_1	-1	0	0	0	0	0	-1	-1	1	0	0	102				171	172	-1	0	1	0	0	-1	-1	-1	-1	-1	-1	-1	-1	-1		-1	4	1200	0	20	-1	1	0	0	0	0	100	-1	0	-1	0	0	0	2	0	0	30676	30676	30676	30676	30676	30676	30676	30676	30676	30676	30676	30676	30676	30676	30676	30676	带头大哥金刚掌（困难）	1	0	0	0	1	0
3917	3917	-1	邪龙巡天	Test_1	-1	0	0	0	0	0	-1	-1	1	0	0	102				165	166	-1	0	1	0	0	-1	-1	-1	-1	-1	-1	-1	-1	-1		-1	4	3000	0	20	-1	1	0	0	0	0	100	-1	0	-1	0	0	0	2	0	0	30677	30677	30677	30677	30677	30677	30677	30677	30677	30677	30677	30677	30677	30677	30677	30677	萧峰心魔技能1（困难）	1	0	0	0	1	0
3918	3918	-1	正邪何往	Test_1	-1	0	0	0	0	0	-1	-1	1	0	0	102				167	168	-1	0	1	0	0	-1	-1	-1	-1	-1	-1	-1	-1	-1		-1	4	1200	0	20	-1	1	0	0	0	0	100	-1	0	-1	0	0	0	2	0	0	30678	30678	30678	30678	30678	30678	30678	30678	30678	30678	30678	30678	30678	30678	30678	30678	萧峰心魔技能2（困难）	1	0	0	0	1	0
3919	3919	-1	萧峰心魔技能3-1	Test_1	-1	0	0	0	0	0	-1	-1	1	0	0	102				169		-1	0	1	0	0	-1	-1	-1	-1	-1	-1	-1	-1	-1		-1	4	1200	0	20	-1	1	0	0	0	0	100	-1	0	-1	0	0	0	2	0	0	30679	30679	30679	30679	30679	30679	30679	30679	30679	30679	30679	30679	30679	30679	30679	30679	萧峰心魔技能3-1（困难）	0	0	0	0	1	0
3920	3920	-1	龙噬八荒	Test_1	-1	0	0	0	0	0	-1	-1	1	0	0	102				170	171	-1	0	1	0	0	-1	-1	-1	-1	-1	-1	-1	-1	-1		-1	4	1200	0	20	-1	1	0	0	0	0	100	-1	0	-1	0	0	0	2	0	0	30680	30680	30680	30680	30680	30680	30680	30680	30680	30680	30680	30680	30680	30680	30680	30680	萧峰心魔技能3-2（困难）	1	0	0	0	1	0
3921	3921	-1	解救	-1	0	0	1	0	1	-1	-1	-1	0	0	-1	0				143	143	0	3	0	1	-1	-1	-1	-1	-1	-1	-1	-1	-1	0	-1	5	1200	0	2	0	-1	-1	0	0	0	100	-1	0	-1	0	0	0	0	0	0	0	30681	30681	30681	30681	30681	30681	30681	30681	30681	30681	30681	30681	30681	30681	30681	30681	萧峰心魔金色分身（困难）	1	0	0	0	1	0
3922	3922	-1	萧峰心魔黑色分身	Test_1	-1	0	0	0	0	0	-1	-1	1	0	0	102				165		-1	0	1	0	0	-1	-1	-1	-1	-1	-1	-1	-1	-1		-1	4	1200	0	20	-1	1	0	0	0	0	100	-1	0	-1	0	0	0	2	0	0	30682	30682	30682	30682	30682	30682	30682	30682	30682	30682	30682	30682	30682	30682	30682	30682	萧峰心魔黑色分身（困难）	0	0	0	0	1	0
3923	3923	-1	瘴魔乱舞	Test_1	-1	0	0	0	0	0	-1	-1	1	0	0	102				172	173	-1	0	1	0	0	-1	-1	-1	-1	-1	-1	-1	-1	-1		-1	4	1200	0	20	-1	1	0	0	0	0	100	-1	0	-1	0	0	0	2	0	0	30683	30683	30683	30683	30683	30683	30683	30683	30683	30683	30683	30683	30683	30683	30683	30683	萧峰心魔魔气外放（困难）	1	0	0	0	1	0
3924	3898	-1	萧峰心魔虚弱	Test_1	-1	0	0	0	0	0	-1	-1	1	0	0	102				174		-1	0	1	0	0	-1	-1	-1	-1	-1	-1	-1	-1	-1		-1	4	1200	0	20	-1	1	0	0	0	0	100	-1	0	-1	0	0	0	2	0	0	30684	30684	30684	30684	30684	30684	30684	30684	30684	30684	30684	30684	30684	30684	30684	30684	萧峰心魔虚弱（困难）	0	0	0	0	1	0
3925	3925	-1	赵钱孙技能2	Test_1	-1	0	0	0	0	0	-1	-1	1	0	0	102				168		-1	0	1	0	0	-1	-1	-1	-1	-1	-1	-1	-1	-1		-1	4	1200	0	20	-1	1	0	0	0	0	100	-1	0	-1	0	0	0	2	0	0	30685	30685	30685	30685	30685	30685	30685	30685	30685	30685	30685	30685	30685	30685	30685	30685	赵钱孙技能2	0	0	0	0	1	0
3926	3926	-1	赵钱孙技能2（困难）	Test_1	-1	0	0	0	0	0	-1	-1	1	0	0	102				168		-1	0	1	0	0	-1	-1	-1	-1	-1	-1	-1	-1	-1		-1	4	1200	0	20	-1	1	0	0	0	0	100	-1	0	-1	0	0	0	2	0	0	30686	30686	30686	30686	30686	30686	30686	30686	30686	30686	30686	30686	30686	30686	30686	30686	赵钱孙技能2	0	0	0	0	1	0
3927	3927	-1	玄慈普通远攻	TaskTools2_13	-1	0	0	1	1	1	-1	-1	1	0	2	50					162;163;164	-1	0	0	0	1	-1	-1	-1	-1	-1	-1	-1	1	202	身体受击点	-1	5	1200	0	8	-1	1	-1	0	0	1	-1	-1	1	-1	0	0	0	2	1	600	0	0	0	0	0	0	0	0	0	0	0	0	0	0	0	0	江湖上流传甚广，人人会使的武功招式。	0	0.1	50	10	1	0
3928	3928	-1	带头大哥普通远攻	TaskTools2_13	-1	0	0	1	1	1	-1	-1	1	0	2	50					162;163;164	-1	0	0	0	1	-1	-1	-1	-1	-1	-1	-1	1	203	身体受击点	-1	5	1200	0	8	-1	1	-1	0	0	1	-1	-1	1	-1	0	0	0	2	1	600	0	0	0	0	0	0	0	0	0	0	0	0	0	0	0	0	江湖上流传甚广，人人会使的武功招式。	0	0.1	50	10	1	0
3930	3930	-1	通用怪物远程普通攻击	TaskTools2_13	-1	0	0	1	1	1	-1	-1	1	0	2	50					162;163;164	-1	0	0	0	1	-1	-1	-1	-1	-1	-1	-1	1	95	身体受击点	-1	5	1200	0	12	-1	1	-1	0	0	1	-1	-1	1	-1	0	0	0	2	1	600	0	0	0	0	0	0	0	0	0	0	0	0	0	0	0	0	通用怪物远程普通攻击	0	0.1	50	10	1	0
3931	3931	-1	正在放置天灯	Food_1	-1	0	0	1	0	1	-1	-1	-1	0	0	99				118	118	-1	0	3	0	1	-1	-1	-1	-1	-1	-1	-1	0	-1		-1	0	1200	0	3	0	-1	-1	0	0	0	100	-1	0	-1	0	0	0	0	0	0	30690	30690	30690	30690	30690	30690	30690	30690	30690	30690	30690	30690	30690	30690	30690	30690	正在放置火鸡	0	0.1	50	10	1	0
3932	3932	-1	解毒	Test_1	-1	0	0	1	1	1	-1	-1	1	1	0	-1				143	143	-1	0	0	0	1	-1	-1	-1	-1	-1	-1	-1	0	-1		-1	5	1200	0	2	0	-1	-1	0	0	0	100	-1	0	-1	0	0	0	0	0	0	30691	30691	30691	30691	30691	30691	30691	30691	30691	30691	30691	30691	30691	30691	30691	30691	解毒	0	0	0	0	1	0
3933	3933	2	蟠龙击	FightSkillGaiBang1_1	-1	0	0	0	0	0	-1	0	1	0	2	148					163	-1	0	0	0	1	-1	-1	-1	-1	-1	-1	-1	1	-1		-1	5	800	0	10	-1	1	-1	0	0	1	100	-1	0	-1	0	0	0	0	0	0	30692	30692	30692	30692	30692	30692	30692	30692	30692	30692	30692	30692	30692	30692	30692	30692	蟠龙蛰地，风雨则兴。	0	0	0	0	1	0
3934	3934	2	降魔掌	HuoDongSkill3_1	-1	0	0	0	0	0	-1	0	1	0	0	149				164		-1	0	0	0	0	-1	-1	-1	-1	-1	-1	-1	1	-1		-1	4	300	0	10	-1	1	-1	0	0	0	100	-1	0	-1	0	0	0	0	0	0	30693	30693	30693	30693	30693	30693	30693	30693	30693	30693	30693	30693	30693	30693	30693	30693	破瘴断痴，降魔渡化。	1	0	0	0	1	0
3935	3935	2	飞龙在天(废弃)	FightSkillGaiBang1_7	-1	0	0	0	0	0	-1	0	0	0	2	-1						-1	0	0	0	1	-1	-1	-1	-1	-1	-1	-1	1	-1		-1	5	1200	0	5	-1	1	-1	0	0	0	100	-1	0	-1	0	0	0	0	0	0	30694	30694	30694	30694	30694	30694	30694	30694	30694	30694	30694	30694	30694	30694	30694	30694	飞龙游天，神威天降。	1	0	0	0	1	0
3936	3936	2	龙战于野	FightSkillGaiBang_2	-1	0	0	0	0	0	-1	0	0	1	2	153					167	-1	0	0	0	2	-1	-1	-1	-1	-1	-1	-1	1	201	脚下光圈点	-1	7	2800	0	10	-1	1	-1	0	0	0	100	-1	0	-1	10	360	10	0	0	0	30695	30695	30695	30695	30695	30695	30695	30695	30695	30695	30695	30695	30695	30695	30695	30695	亢龙之怒，撼山摇海	1	0	0	0	1	0
3937	3937	2	神驰百里(废弃)	HuoDongSkill3_3	-1	0	0	0	0	0	-1	0	0	0	2	154						-1	0	0	0	6	-1	-1	-1	-1	-1	-1	-1	1	-1		-1	0	300	0	5	1	-1	-1	0	0	0	100	-1	0	-1	0	0	0	0	0	0	30696	30696	30696	30696	30696	30696	30696	30696	30696	30696	30696	30696	30696	30696	30696	30696	瞬移	1	0	0	0	1	0
3938	3938	-1	切换清欢箭	Weapon2Skill3_6	-1	0	0	1	1	1	-1	-1	-1	0	2	166					1361	-1	0	0	0	0	-1	-1	-1	-1	-1	-1	1	1	-1		-1	0	1200	-1	-1	0	-1	-1	0	0	0	100	-1	0	-1	0	0	0	0	0	0	30697	30697	30697	30697	30697	30697	30697	30697	30697	30697	30697	30697	30697	30697	30697	30697		1	0	0	0	1	0
3939	3939	-1	切换慑魂弓	Weapon2Skill1_12	-1	0	0	1	1	1	-1	-1	-1	0	2	166					1362	-1	0	0	0	0	-1	-1	-1	-1	-1	-1	1	1	-1		-1	0	1200	-1	-1	0	-1	-1	0	0	0	100	-1	0	-1	0	0	0	0	0	0	30698	30698	30698	30698	30698	30698	30698	30698	30698	30698	30698	30698	30698	30698	30698	30698		1	0	0	0	1	0
3940	3940	-1	切换离忧枪	Weapon2Skill2_4	-1	0	0	1	1	1	-1	-1	-1	0	2	166					1359	-1	0	0	0	1	-1	-1	-1	-1	-1	-1	1	1	-1		-1	5	1200	0	10	-1	1	0	0	0	0	100	-1	0	-1	0	0	0	0	0	0	30699	30699	30699	30699	30699	30699	30699	30699	30699	30699	30699	30699	30699	30699	30699	30699		1	0	0	0	1	0
3941	3941	-1	切换诛妄剑	Weapon2Skill3_9	-1	0	0	1	1	1	-1	-1	-1	0	2	166					1365	-1	0	0	0	0	-1	-1	-1	-1	-1	-1	1	1	-1		-1	0	1200	-1	-1	0	-1	-1	0	0	0	100	-1	0	-1	0	0	0	0	0	0	30700	30700	30700	30700	30700	30700	30700	30700	30700	30700	30700	30700	30700	30700	30700	30700		1	0	0	0	1	0
3942	3942	-1	切换长恨刀	Weapon2Skill1_8	-1	0	0	1	1	1	-1	-1	-1	0	2	166					1364	-1	0	0	0	0	-1	-1	-1	-1	-1	-1	1	1	-1		-1	0	1200	-1	-1	0	-1	-1	0	0	0	100	-1	0	-1	0	0	0	0	0	0	30701	30701	30701	30701	30701	30701	30701	30701	30701	30701	30701	30701	30701	30701	30701	30701		1	0	0	0	1	0
3943	3943	-1	切换怒涛锤	Weapon2Skill1_1	-1	0	0	1	1	1	-1	-1	-1	0	2	166					1360	-1	0	0	0	0	-1	-1	-1	-1	-1	-1	1	1	-1		-1	0	1200	-1	-1	0	-1	-1	0	0	0	100	-1	0	-1	0	0	0	0	0	0	30702	30702	30702	30702	30702	30702	30702	30702	30702	30702	30702	30702	30702	30702	30702	30702		1	0	0	0	1	0
3944	3944	-1	暗影双匕（废弃）	FightSkillGaiBang1_1	-1	0	0	1	1	1	-1	-1	-1	0	2	166					143	-1	0	0	0	1	-1	-1	-1	-1	-1	-1	1	1	-1		-1	5	1200	0	2	0	-1	-1	0	0	0	100	-1	0	-1	0	0	0	0	0	0	30703	30703	30703	30703	30703	30703	30703	30703	30703	30703	30703	30703	30703	30703	30703	30703		1	0	0	0	1	0
3945	3945	-1	轻烟穿玉（1级）	Weapon2Skill3_7	-1	0	0	1	1	1	-1	-1	-1	0	2	167					1367	-1	0	0	0	1	-1	-1	-1	-1	-1	-1	-1	-1	-1		-1	5	1200	0	10	-1	1	-1	0	0	0	-1	-1	0	-1	0	0	0	2	2	0	30703	30703	30703	30703	30703	30703	30703	30703	30703	30703	30703	30703	30703	30703	30703	30703		1	0	0	0	1	1
3946	3946	-1	轻烟穿玉（2级）	Weapon2Skill3_7	-1	0	0	1	1	1	-1	-1	-1	0	2	167					1367	-1	0	0	0	1	-1	-1	-1	-1	-1	-1	-1	-1	-1		-1	5	1200	0	10	-1	1	-1	0	0	0	-1	-1	0	-1	0	0	0	2	2	0	30704	30704	30704	30704	30704	30704	30704	30704	30704	30704	30704	30704	30704	30704	30704	30704		1	0	0	0	1	1
3947	3947	-1	轻烟穿玉（3级）	Weapon2Skill3_7	-1	0	0	1	1	1	-1	-1	-1	0	2	167					1367	-1	0	0	0	1	-1	-1	-1	-1	-1	-1	-1	-1	-1		-1	5	1200	0	10	-1	1	-1	0	0	0	-1	-1	0	-1	0	0	0	2	2	0	30705	30705	30705	30705	30705	30705	30705	30705	30705	30705	30705	30705	30705	30705	30705	30705		1	0	0	0	1	1
3948	3948	-1	轻烟穿玉（4级）	Weapon2Skill3_7	-1	0	0	1	1	1	-1	-1	-1	0	2	167					1367	-1	0	0	0	1	-1	-1	-1	-1	-1	-1	-1	-1	-1		-1	5	1200	0	10	-1	1	-1	0	0	0	-1	-1	0	-1	0	0	0	2	2	0	30706	30706	30706	30706	30706	30706	30706	30706	30706	30706	30706	30706	30706	30706	30706	30706		1	0	0	0	1	1
3949	3949	-1	轻烟穿玉（5级）	Weapon2Skill3_7	-1	0	0	1	1	1	-1	-1	-1	0	2	167					1367	-1	0	0	0	1	-1	-1	-1	-1	-1	-1	-1	-1	-1		-1	5	1200	0	10	-1	1	-1	0	0	0	-1	-1	0	-1	0	0	0	2	2	0	30707	30707	30707	30707	30707	30707	30707	30707	30707	30707	30707	30707	30707	30707	30707	30707		1	0	0	0	1	1
3950	3950	-1	轻烟穿玉（6级）	Weapon2Skill3_7	-1	0	0	1	1	1	-1	-1	-1	0	2	167					1367	-1	0	0	0	1	-1	-1	-1	-1	-1	-1	-1	-1	-1		-1	5	1200	0	10	-1	1	-1	0	0	0	-1	-1	0	-1	0	0	0	2	2	0	30708	30708	30708	30708	30708	30708	30708	30708	30708	30708	30708	30708	30708	30708	30708	30708		1	0	0	0	1	1
3951	3951	-1	轻烟穿玉（7级）	Weapon2Skill3_7	-1	0	0	1	1	1	-1	-1	-1	0	2	167					1367	-1	0	0	0	1	-1	-1	-1	-1	-1	-1	-1	-1	-1		-1	5	1200	0	10	-1	1	-1	0	0	0	-1	-1	0	-1	0	0	0	2	2	0	30709	30709	30709	30709	30709	30709	30709	30709	30709	30709	30709	30709	30709	30709	30709	30709		1	0	0	0	1	1
3952	3952	-1	轻烟穿玉（8级）	Weapon2Skill3_7	-1	0	0	1	1	1	-1	-1	-1	0	2	167					1367	-1	0	0	0	1	-1	-1	-1	-1	-1	-1	-1	-1	-1		-1	5	1200	0	10	-1	1	-1	0	0	0	-1	-1	0	-1	0	0	0	2	2	0	30710	30710	30710	30710	30710	30710	30710	30710	30710	30710	30710	30710	30710	30710	30710	30710		1	0	0	0	1	1
3953	3953	-1	轻烟穿玉（9级）	Weapon2Skill3_7	-1	0	0	1	1	1	-1	-1	-1	0	2	167					1367	-1	0	0	0	1	-1	-1	-1	-1	-1	-1	-1	-1	-1		-1	5	1200	0	10	-1	1	-1	0	0	0	-1	-1	0	-1	0	0	0	2	2	0	30711	30711	30711	30711	30711	30711	30711	30711	30711	30711	30711	30711	30711	30711	30711	30711		1	0	0	0	1	1
3954	3954	-1	轻烟穿玉（10级）	Weapon2Skill3_7	-1	0	0	1	1	1	-1	-1	-1	0	2	167					1367	-1	0	0	0	1	-1	-1	-1	-1	-1	-1	-1	-1	-1		-1	5	1200	0	10	-1	1	-1	0	0	0	-1	-1	0	-1	0	0	0	2	2	0	30712	30712	30712	30712	30712	30712	30712	30712	30712	30712	30712	30712	30712	30712	30712	30712		1	0	0	0	1	1
3955	3955	-1	烟雨满园（1级）	Weapon2Skill3_3	-1	0	0	1	1	1	-1	-1	-1	0	2	168					1368	-1	0	0	0	2	-1	-1	-1	-1	-1	-1	-1	-1	188	身体受击点	-1	7	1200	0	10	-1	1	-1	0	0	0	-1	-1	0	-1	2	0	2	0	0	0	30713	30713	30713	30713	30713	30713	30713	30713	30713	30713	30713	30713	30713	30713	30713	30713		1	0	0	0	1	1
3956	3956	-1	烟雨满园（2级）	Weapon2Skill3_3	-1	0	0	1	1	1	-1	-1	-1	0	2	168					1368	-1	0	0	0	2	-1	-1	-1	-1	-1	-1	-1	-1	188	身体受击点	-1	7	1200	0	10	-1	1	-1	0	0	0	-1	-1	0	-1	3	0	2	0	0	0	30714	30714	30714	30714	30714	30714	30714	30714	30714	30714	30714	30714	30714	30714	30714	30714		1	0	0	0	1	1
3957	3957	-1	烟雨满园（3级）	Weapon2Skill3_3	-1	0	0	1	1	1	-1	-1	-1	0	2	168					1368	-1	0	0	0	2	-1	-1	-1	-1	-1	-1	-1	-1	188	身体受击点	-1	7	1200	0	10	-1	1	-1	0	0	0	-1	-1	0	-1	3	0	3	0	0	0	30715	30715	30715	30715	30715	30715	30715	30715	30715	30715	30715	30715	30715	30715	30715	30715		1	0	0	0	1	1
3958	3958	-1	烟雨满园（4级）	Weapon2Skill3_3	-1	0	0	1	1	1	-1	-1	-1	0	2	168					1368	-1	0	0	0	2	-1	-1	-1	-1	-1	-1	-1	-1	188	身体受击点	-1	7	1200	0	10	-1	1	-1	0	0	0	-1	-1	0	-1	3	0	3	0	0	0	30716	30716	30716	30716	30716	30716	30716	30716	30716	30716	30716	30716	30716	30716	30716	30716		1	0	0	0	1	1
3959	3959	-1	烟雨满园（5级）	Weapon2Skill3_3	-1	0	0	1	1	1	-1	-1	-1	0	2	168					1368	-1	0	0	0	2	-1	-1	-1	-1	-1	-1	-1	-1	188	身体受击点	-1	7	1200	0	10	-1	1	-1	0	0	0	-1	-1	0	-1	4	0	3	0	0	0	30717	30717	30717	30717	30717	30717	30717	30717	30717	30717	30717	30717	30717	30717	30717	30717		1	0	0	0	1	1
3960	3960	-1	烟雨满园（6级）	Weapon2Skill3_3	-1	0	0	1	1	1	-1	-1	-1	0	2	168					1368	-1	0	0	0	2	-1	-1	-1	-1	-1	-1	-1	-1	188	身体受击点	-1	7	1200	0	10	-1	1	-1	0	0	0	-1	-1	0	-1	4	0	4	0	0	0	30718	30718	30718	30718	30718	30718	30718	30718	30718	30718	30718	30718	30718	30718	30718	30718		1	0	0	0	1	1
3961	3961	-1	烟雨满园（7级）	Weapon2Skill3_3	-1	0	0	1	1	1	-1	-1	-1	0	2	168					1368	-1	0	0	0	2	-1	-1	-1	-1	-1	-1	-1	-1	188	身体受击点	-1	7	1200	0	10	-1	1	-1	0	0	0	-1	-1	0	-1	4	0	4	0	0	0	30719	30719	30719	30719	30719	30719	30719	30719	30719	30719	30719	30719	30719	30719	30719	30719		1	0	0	0	1	1
3962	3962	-1	烟雨满园（8级）	Weapon2Skill3_3	-1	0	0	1	1	1	-1	-1	-1	0	2	168					1368	-1	0	0	0	2	-1	-1	-1	-1	-1	-1	-1	-1	188	身体受击点	-1	7	1200	0	10	-1	1	-1	0	0	0	-1	-1	0	-1	4	0	5	0	0	0	30720	30720	30720	30720	30720	30720	30720	30720	30720	30720	30720	30720	30720	30720	30720	30720		1	0	0	0	1	1
3963	3963	-1	烟雨满园（9级）	Weapon2Skill3_3	-1	0	0	1	1	1	-1	-1	-1	0	2	168					1368	-1	0	0	0	2	-1	-1	-1	-1	-1	-1	-1	-1	188	身体受击点	-1	7	1200	0	10	-1	1	-1	0	0	0	-1	-1	0	-1	4	0	5	0	0	0	30721	30721	30721	30721	30721	30721	30721	30721	30721	30721	30721	30721	30721	30721	30721	30721		1	0	0	0	1	1
3964	3964	-1	烟雨满园（10级）	Weapon2Skill3_3	-1	0	0	1	1	1	-1	-1	-1	0	2	168					1368	-1	0	0	0	2	-1	-1	-1	-1	-1	-1	-1	-1	188	身体受击点	-1	7	1200	0	10	-1	1	-1	0	0	0	-1	-1	0	-1	4	0	6	0	0	0	30722	30722	30722	30722	30722	30722	30722	30722	30722	30722	30722	30722	30722	30722	30722	30722		1	0	0	0	1	1
3965	3965	-1	心花吐蕊（1级）	Weapon2Skill3_4	-1	0	0	1	1	1	-1	-1	-1	0	2	170					1369	-1	0	0	0	0	-1	-1	-1	-1	-1	-1	-1	-1	-1		-1	4	1200	-1	-1	-1	1	-1	0	0	0	-1	-1	0	-1	15	360	10	0	0	0	30723	30723	30723	30723	30723	30723	30723	30723	30723	30723	30723	30723	30723	30723	30723	30723		1	0	0	0	1	1
3966	3966	-1	心花吐蕊（2级）	Weapon2Skill3_4	-1	0	0	1	1	1	-1	-1	-1	0	2	170					1369	-1	0	0	0	0	-1	-1	-1	-1	-1	-1	-1	-1	-1		-1	4	1200	-1	-1	-1	1	-1	0	0	0	-1	-1	0	-1	15	360	10	0	0	0	30724	30724	30724	30724	30724	30724	30724	30724	30724	30724	30724	30724	30724	30724	30724	30724		1	0	0	0	1	1
3967	3967	-1	心花吐蕊（3级）	Weapon2Skill3_4	-1	0	0	1	1	1	-1	-1	-1	0	2	170					1369	-1	0	0	0	0	-1	-1	-1	-1	-1	-1	-1	-1	-1		-1	4	1200	-1	-1	-1	1	-1	0	0	0	-1	-1	0	-1	15	360	10	0	0	0	30725	30725	30725	30725	30725	30725	30725	30725	30725	30725	30725	30725	30725	30725	30725	30725		1	0	0	0	1	1
3968	3968	-1	心花吐蕊（4级）	Weapon2Skill3_4	-1	0	0	1	1	1	-1	-1	-1	0	2	170					1369	-1	0	0	0	0	-1	-1	-1	-1	-1	-1	-1	-1	-1		-1	4	1200	-1	-1	-1	1	-1	0	0	0	-1	-1	0	-1	15	360	10	0	0	0	30726	30726	30726	30726	30726	30726	30726	30726	30726	30726	30726	30726	30726	30726	30726	30726		1	0	0	0	1	1
3969	3969	-1	心花吐蕊（5级）	Weapon2Skill3_4	-1	0	0	1	1	1	-1	-1	-1	0	2	170					1369	-1	0	0	0	0	-1	-1	-1	-1	-1	-1	-1	-1	-1		-1	4	1200	-1	-1	-1	1	-1	0	0	0	-1	-1	0	-1	15	360	10	0	0	0	30727	30727	30727	30727	30727	30727	30727	30727	30727	30727	30727	30727	30727	30727	30727	30727		1	0	0	0	1	1
3970	3970	-1	心花吐蕊（6级）	Weapon2Skill3_4	-1	0	0	1	1	1	-1	-1	-1	0	2	170					1369	-1	0	0	0	0	-1	-1	-1	-1	-1	-1	-1	-1	-1		-1	4	1200	-1	-1	-1	1	-1	0	0	0	-1	-1	0	-1	15	360	10	0	0	0	30728	30728	30728	30728	30728	30728	30728	30728	30728	30728	30728	30728	30728	30728	30728	30728		1	0	0	0	1	1
3971	3971	-1	心花吐蕊（7级）	Weapon2Skill3_4	-1	0	0	1	1	1	-1	-1	-1	0	2	170					1369	-1	0	0	0	0	-1	-1	-1	-1	-1	-1	-1	-1	-1		-1	4	1200	-1	-1	-1	1	-1	0	0	0	-1	-1	0	-1	15	360	10	0	0	0	30729	30729	30729	30729	30729	30729	30729	30729	30729	30729	30729	30729	30729	30729	30729	30729		1	0	0	0	1	1
3972	3972	-1	心花吐蕊（8级）	Weapon2Skill3_4	-1	0	0	1	1	1	-1	-1	-1	0	2	170					1369	-1	0	0	0	0	-1	-1	-1	-1	-1	-1	-1	-1	-1		-1	4	1200	-1	-1	-1	1	-1	0	0	0	-1	-1	0	-1	15	360	10	0	0	0	30730	30730	30730	30730	30730	30730	30730	30730	30730	30730	30730	30730	30730	30730	30730	30730		1	0	0	0	1	1
3973	3973	-1	心花吐蕊（9级）	Weapon2Skill3_4	-1	0	0	1	1	1	-1	-1	-1	0	2	170					1369	-1	0	0	0	0	-1	-1	-1	-1	-1	-1	-1	-1	-1		-1	4	1200	-1	-1	-1	1	-1	0	0	0	-1	-1	0	-1	15	360	10	0	0	0	30731	30731	30731	30731	30731	30731	30731	30731	30731	30731	30731	30731	30731	30731	30731	30731		1	0	0	0	1	1
3974	3974	-1	心花吐蕊（10级）	Weapon2Skill3_4	-1	0	0	1	1	1	-1	-1	-1	0	2	170					1369	-1	0	0	0	0	-1	-1	-1	-1	-1	-1	-1	-1	-1		-1	4	1200	-1	-1	-1	1	-1	0	0	0	-1	-1	0	-1	15	360	10	0	0	0	30732	30732	30732	30732	30732	30732	30732	30732	30732	30732	30732	30732	30732	30732	30732	30732		1	0	0	0	1	1
3975	3975	-1	通法上卷·冰（1级）	Weapon2Skill2_5	-1	0	0	1	1	1	-1	-1	-1	0	2	169					1366	-1	0	0	0	1	-1	-1	-1	-1	-1	-1	-1	-1	-1		-1	5	1200	0	10	-1	1	-1	0	0	0	-1	-1	0	-1	0	0	-1	2	2	0	30733	30733	30733	30733	30733	30733	30733	30733	30733	30733	30733	30733	30733	30733	30733	30733		1	0	0	0	1	1
3976	3976	-1	通法上卷·冰（2级）	Weapon2Skill2_5	-1	0	0	1	1	1	-1	-1	-1	0	2	169					1366	-1	0	0	0	1	-1	-1	-1	-1	-1	-1	-1	-1	-1		-1	5	1200	0	10	-1	1	-1	0	0	0	-1	-1	0	-1	0	0	-1	2	2	0	30734	30734	30734	30734	30734	30734	30734	30734	30734	30734	30734	30734	30734	30734	30734	30734		1	0	0	0	1	1
3977	3977	-1	通法上卷·冰（3级）	Weapon2Skill2_5	-1	0	0	1	1	1	-1	-1	-1	0	2	169					1366	-1	0	0	0	1	-1	-1	-1	-1	-1	-1	-1	-1	-1		-1	5	1200	0	10	-1	1	-1	0	0	0	-1	-1	0	-1	0	0	-1	2	2	0	30735	30735	30735	30735	30735	30735	30735	30735	30735	30735	30735	30735	30735	30735	30735	30735		1	0	0	0	1	1
3978	3978	-1	通法上卷·冰（4级）	Weapon2Skill2_5	-1	0	0	1	1	1	-1	-1	-1	0	2	169					1366	-1	0	0	0	1	-1	-1	-1	-1	-1	-1	-1	-1	-1		-1	5	1200	0	10	-1	1	-1	0	0	0	-1	-1	0	-1	0	0	-1	2	2	0	30736	30736	30736	30736	30736	30736	30736	30736	30736	30736	30736	30736	30736	30736	30736	30736		1	0	0	0	1	1
3979	3979	-1	通法上卷·冰（5级）	Weapon2Skill2_5	-1	0	0	1	1	1	-1	-1	-1	0	2	169					1366	-1	0	0	0	1	-1	-1	-1	-1	-1	-1	-1	-1	-1		-1	5	1200	0	10	-1	1	-1	0	0	0	-1	-1	0	-1	0	0	-1	2	2	0	30737	30737	30737	30737	30737	30737	30737	30737	30737	30737	30737	30737	30737	30737	30737	30737		1	0	0	0	1	1
3980	3980	-1	通法上卷·冰（6级）	Weapon2Skill2_5	-1	0	0	1	1	1	-1	-1	-1	0	2	169					1366	-1	0	0	0	1	-1	-1	-1	-1	-1	-1	-1	-1	-1		-1	5	1200	0	10	-1	1	-1	0	0	0	-1	-1	0	-1	0	0	-1	2	2	0	30738	30738	30738	30738	30738	30738	30738	30738	30738	30738	30738	30738	30738	30738	30738	30738		1	0	0	0	1	1
3981	3981	-1	通法上卷·冰（7级）	Weapon2Skill2_5	-1	0	0	1	1	1	-1	-1	-1	0	2	169					1366	-1	0	0	0	1	-1	-1	-1	-1	-1	-1	-1	-1	-1		-1	5	1200	0	10	-1	1	-1	0	0	0	-1	-1	0	-1	0	0	-1	2	2	0	30739	30739	30739	30739	30739	30739	30739	30739	30739	30739	30739	30739	30739	30739	30739	30739		1	0	0	0	1	1
3982	3982	-1	通法上卷·冰（8级）	Weapon2Skill2_5	-1	0	0	1	1	1	-1	-1	-1	0	2	169					1366	-1	0	0	0	1	-1	-1	-1	-1	-1	-1	-1	-1	-1		-1	5	1200	0	10	-1	1	-1	0	0	0	-1	-1	0	-1	0	0	-1	2	2	0	30740	30740	30740	30740	30740	30740	30740	30740	30740	30740	30740	30740	30740	30740	30740	30740		1	0	0	0	1	1
3983	3983	-1	通法上卷·冰（9级）	Weapon2Skill2_5	-1	0	0	1	1	1	-1	-1	-1	0	2	169					1366	-1	0	0	0	1	-1	-1	-1	-1	-1	-1	-1	-1	-1		-1	5	1200	0	10	-1	1	-1	0	0	0	-1	-1	0	-1	0	0	-1	2	2	0	30741	30741	30741	30741	30741	30741	30741	30741	30741	30741	30741	30741	30741	30741	30741	30741		1	0	0	0	1	1
3984	3984	-1	通法上卷·冰（10级）	Weapon2Skill2_5	-1	0	0	1	1	1	-1	-1	-1	0	2	169					1366	-1	0	0	0	1	-1	-1	-1	-1	-1	-1	-1	-1	-1		-1	5	1200	0	10	-1	1	-1	0	0	0	-1	-1	0	-1	0	0	-1	2	2	0	30742	30742	30742	30742	30742	30742	30742	30742	30742	30742	30742	30742	30742	30742	30742	30742		1	0	0	0	1	1
3985	3985	-1	通法上卷·火（1级）	Weapon2Skill2_7	-1	0	0	1	1	1	-1	-1	-1	0	2	169					1366	-1	0	0	0	1	-1	-1	-1	-1	-1	-1	-1	-1	-1		-1	5	1200	0	10	-1	1	-1	0	0	0	-1	-1	0	-1	0	0	-1	2	2	0	30743	30743	30743	30743	30743	30743	30743	30743	30743	30743	30743	30743	30743	30743	30743	30743		1	0	0	0	1	1
3986	3986	-1	通法上卷·火（2级）	Weapon2Skill2_7	-1	0	0	1	1	1	-1	-1	-1	0	2	169					1366	-1	0	0	0	1	-1	-1	-1	-1	-1	-1	-1	-1	-1		-1	5	1200	0	10	-1	1	-1	0	0	0	-1	-1	0	-1	0	0	-1	2	2	0	30744	30744	30744	30744	30744	30744	30744	30744	30744	30744	30744	30744	30744	30744	30744	30744		1	0	0	0	1	1
3987	3987	-1	通法上卷·火（3级）	Weapon2Skill2_7	-1	0	0	1	1	1	-1	-1	-1	0	2	169					1366	-1	0	0	0	1	-1	-1	-1	-1	-1	-1	-1	-1	-1		-1	5	1200	0	10	-1	1	-1	0	0	0	-1	-1	0	-1	0	0	-1	2	2	0	30745	30745	30745	30745	30745	30745	30745	30745	30745	30745	30745	30745	30745	30745	30745	30745		1	0	0	0	1	1
3988	3988	-1	通法上卷·火（4级）	Weapon2Skill2_7	-1	0	0	1	1	1	-1	-1	-1	0	2	169					1366	-1	0	0	0	1	-1	-1	-1	-1	-1	-1	-1	-1	-1		-1	5	1200	0	10	-1	1	-1	0	0	0	-1	-1	0	-1	0	0	-1	2	2	0	30746	30746	30746	30746	30746	30746	30746	30746	30746	30746	30746	30746	30746	30746	30746	30746		1	0	0	0	1	1
3989	3989	-1	通法上卷·火（5级）	Weapon2Skill2_7	-1	0	0	1	1	1	-1	-1	-1	0	2	169					1366	-1	0	0	0	1	-1	-1	-1	-1	-1	-1	-1	-1	-1		-1	5	1200	0	10	-1	1	-1	0	0	0	-1	-1	0	-1	0	0	-1	2	2	0	30747	30747	30747	30747	30747	30747	30747	30747	30747	30747	30747	30747	30747	30747	30747	30747		1	0	0	0	1	1
3990	3990	-1	通法上卷·火（6级）	Weapon2Skill2_7	-1	0	0	1	1	1	-1	-1	-1	0	2	169					1366	-1	0	0	0	1	-1	-1	-1	-1	-1	-1	-1	-1	-1		-1	5	1200	0	10	-1	1	-1	0	0	0	-1	-1	0	-1	0	0	-1	2	2	0	30748	30748	30748	30748	30748	30748	30748	30748	30748	30748	30748	30748	30748	30748	30748	30748		1	0	0	0	1	1
3991	3991	-1	通法上卷·火（7级）	Weapon2Skill2_7	-1	0	0	1	1	1	-1	-1	-1	0	2	169					1366	-1	0	0	0	1	-1	-1	-1	-1	-1	-1	-1	-1	-1		-1	5	1200	0	10	-1	1	-1	0	0	0	-1	-1	0	-1	0	0	-1	2	2	0	30749	30749	30749	30749	30749	30749	30749	30749	30749	30749	30749	30749	30749	30749	30749	30749		1	0	0	0	1	1
3992	3992	-1	通法上卷·火（8级）	Weapon2Skill2_7	-1	0	0	1	1	1	-1	-1	-1	0	2	169					1366	-1	0	0	0	1	-1	-1	-1	-1	-1	-1	-1	-1	-1		-1	5	1200	0	10	-1	1	-1	0	0	0	-1	-1	0	-1	0	0	-1	2	2	0	30750	30750	30750	30750	30750	30750	30750	30750	30750	30750	30750	30750	30750	30750	30750	30750		1	0	0	0	1	1
3993	3993	-1	通法上卷·火（9级）	Weapon2Skill2_7	-1	0	0	1	1	1	-1	-1	-1	0	2	169					1366	-1	0	0	0	1	-1	-1	-1	-1	-1	-1	-1	-1	-1		-1	5	1200	0	10	-1	1	-1	0	0	0	-1	-1	0	-1	0	0	-1	2	2	0	30751	30751	30751	30751	30751	30751	30751	30751	30751	30751	30751	30751	30751	30751	30751	30751		1	0	0	0	1	1
3994	3994	-1	通法上卷·火（10级）	Weapon2Skill2_7	-1	0	0	1	1	1	-1	-1	-1	0	2	169					1366	-1	0	0	0	1	-1	-1	-1	-1	-1	-1	-1	-1	-1		-1	5	1200	0	10	-1	1	-1	0	0	0	-1	-1	0	-1	0	0	-1	2	2	0	30752	30752	30752	30752	30752	30752	30752	30752	30752	30752	30752	30752	30752	30752	30752	30752		1	0	0	0	1	1
3995	3995	-1	通法上卷·玄（1级）	Weapon2Skill2_8	-1	0	0	1	1	1	-1	-1	-1	0	2	169					1366	-1	0	0	0	1	-1	-1	-1	-1	-1	-1	-1	-1	-1		-1	5	1200	0	10	-1	1	-1	0	0	0	-1	-1	0	-1	0	0	-1	2	2	0	30753	30753	30753	30753	30753	30753	30753	30753	30753	30753	30753	30753	30753	30753	30753	30753		1	0	0	0	1	1
3996	3996	-1	通法上卷·玄（2级）	Weapon2Skill2_8	-1	0	0	1	1	1	-1	-1	-1	0	2	169					1366	-1	0	0	0	1	-1	-1	-1	-1	-1	-1	-1	-1	-1		-1	5	1200	0	10	-1	1	-1	0	0	0	-1	-1	0	-1	0	0	-1	2	2	0	30754	30754	30754	30754	30754	30754	30754	30754	30754	30754	30754	30754	30754	30754	30754	30754		1	0	0	0	1	1
3997	3997	-1	通法上卷·玄（3级）	Weapon2Skill2_8	-1	0	0	1	1	1	-1	-1	-1	0	2	169					1366	-1	0	0	0	1	-1	-1	-1	-1	-1	-1	-1	-1	-1		-1	5	1200	0	10	-1	1	-1	0	0	0	-1	-1	0	-1	0	0	-1	2	2	0	30755	30755	30755	30755	30755	30755	30755	30755	30755	30755	30755	30755	30755	30755	30755	30755		1	0	0	0	1	1
3998	3998	-1	通法上卷·玄（4级）	Weapon2Skill2_8	-1	0	0	1	1	1	-1	-1	-1	0	2	169					1366	-1	0	0	0	1	-1	-1	-1	-1	-1	-1	-1	-1	-1		-1	5	1200	0	10	-1	1	-1	0	0	0	-1	-1	0	-1	0	0	-1	2	2	0	30756	30756	30756	30756	30756	30756	30756	30756	30756	30756	30756	30756	30756	30756	30756	30756		1	0	0	0	1	1
3999	3999	-1	通法上卷·玄（5级）	Weapon2Skill2_8	-1	0	0	1	1	1	-1	-1	-1	0	2	169					1366	-1	0	0	0	1	-1	-1	-1	-1	-1	-1	-1	-1	-1		-1	5	1200	0	10	-1	1	-1	0	0	0	-1	-1	0	-1	0	0	-1	2	2	0	30757	30757	30757	30757	30757	30757	30757	30757	30757	30757	30757	30757	30757	30757	30757	30757		1	0	0	0	1	1
4000	4000	-1	使用中	Food_1	-1	0	0	1	0	1	-1	-1	-1	0	0	75				143	143	-1	0	3	0	1	-1	-1	-1	-1	-1	-1	-1	0	-1	 	-1	5	1200	0	5	0	-1	-1	0	0	0	100	-1	0	-1	0	0	0	0	0	0	30759	30759	30759	30759	30759	30759	30759	30759	30759	30759	30759	30759	30759	30759	30759	30759		0	0	0	0	1	0
4001	4001	-1	心魔攻击	FightSkillTianShan_2	-1	0	0	0	0	1	-1	0	-1	0	2	102					166	-1	0	1	0	0	-1	-1	-1	-1	-1	-1	1	1	-1		-1	4	1200	-1	-1	-1	1	0	0	0	0	100	-1	0	-1	0	0	0	0	0	0	30760	30760	30760	30760	30760	30760	30760	30760	30760	30760	30760	30760	30760	30760	30760	30760		0	0	0	0	1	0
4002	4002	-1	觅宝寻珍	Food_1	-1	0	0	1	0	1	-1	-1	-1	0	0	-1				143		-1	0	3	0	0	-1	-1	-1	-1	-1	-1	-1	0	-1	 	-1	5	1200	-1	-1	0	-1	-1	0	0	0	100	-1	0	-1	0	0	0	0	0	0	30761	30761	30761	30761	30761	30761	30761	30761	30761	30761	30761	30761	30761	30761	30761	30761		0	0	0	0	1	0
4003	4003	-1	通法上卷·玄（6级）	Weapon2Skill2_8	-1	0	0	1	1	1	-1	-1	-1	0	2	169					1366	-1	0	0	0	1	-1	-1	-1	-1	-1	-1	-1	-1	-1		-1	5	1200	0	10	-1	1	-1	0	0	0	-1	-1	0	-1	0	0	-1	2	2	0	30758	30758	30758	30758	30758	30758	30758	30758	30758	30758	30758	30758	30758	30758	30758	30758		1	0	0	0	1	1
4004	4004	-1	通法上卷·玄（7级）	Weapon2Skill2_8	-1	0	0	1	1	1	-1	-1	-1	0	2	169					1366	-1	0	0	0	1	-1	-1	-1	-1	-1	-1	-1	-1	-1		-1	5	1200	0	10	-1	1	-1	0	0	0	-1	-1	0	-1	0	0	-1	2	2	0	30762	30762	30762	30762	30762	30762	30762	30762	30762	30762	30762	30762	30762	30762	30762	30762		1	0	0	0	1	1
4005	4005	-1	通法上卷·玄（8级）	Weapon2Skill2_8	-1	0	0	1	1	1	-1	-1	-1	0	2	169					1366	-1	0	0	0	1	-1	-1	-1	-1	-1	-1	-1	-1	-1		-1	5	1200	0	10	-1	1	-1	0	0	0	-1	-1	0	-1	0	0	-1	2	2	0	30763	30763	30763	30763	30763	30763	30763	30763	30763	30763	30763	30763	30763	30763	30763	30763		1	0	0	0	1	1
4006	4006	-1	通法上卷·玄（9级）	Weapon2Skill2_8	-1	0	0	1	1	1	-1	-1	-1	0	2	169					1366	-1	0	0	0	1	-1	-1	-1	-1	-1	-1	-1	-1	-1		-1	5	1200	0	10	-1	1	-1	0	0	0	-1	-1	0	-1	0	0	-1	2	2	0	30764	30764	30764	30764	30764	30764	30764	30764	30764	30764	30764	30764	30764	30764	30764	30764		1	0	0	0	1	1
4007	4007	-1	通法上卷·玄（10级）	Weapon2Skill2_8	-1	0	0	1	1	1	-1	-1	-1	0	2	169					1366	-1	0	0	0	1	-1	-1	-1	-1	-1	-1	-1	-1	-1		-1	5	1200	0	10	-1	1	-1	0	0	0	-1	-1	0	-1	0	0	-1	2	2	0	30765	30765	30765	30765	30765	30765	30765	30765	30765	30765	30765	30765	30765	30765	30765	30765		1	0	0	0	1	1
4008	4008	-1	通法上卷·毒（1级）	Weapon2Skill2_6	-1	0	0	1	1	1	-1	-1	-1	0	2	169					1366	-1	0	0	0	1	-1	-1	-1	-1	-1	-1	-1	-1	-1		-1	5	1200	0	10	-1	1	-1	0	0	0	-1	-1	0	-1	0	0	-1	2	2	0	30766	30766	30766	30766	30766	30766	30766	30766	30766	30766	30766	30766	30766	30766	30766	30766		1	0	0	0	1	1
4009	4009	-1	通法上卷·毒（2级）	Weapon2Skill2_6	-1	0	0	1	1	1	-1	-1	-1	0	2	169					1366	-1	0	0	0	1	-1	-1	-1	-1	-1	-1	-1	-1	-1		-1	5	1200	0	10	-1	1	-1	0	0	0	-1	-1	0	-1	0	0	-1	2	2	0	30767	30767	30767	30767	30767	30767	30767	30767	30767	30767	30767	30767	30767	30767	30767	30767		1	0	0	0	1	1
4010	4010	-1	通法上卷·毒（3级）	Weapon2Skill2_6	-1	0	0	1	1	1	-1	-1	-1	0	2	169					1366	-1	0	0	0	1	-1	-1	-1	-1	-1	-1	-1	-1	-1		-1	5	1200	0	10	-1	1	-1	0	0	0	-1	-1	0	-1	0	0	-1	2	2	0	30768	30768	30768	30768	30768	30768	30768	30768	30768	30768	30768	30768	30768	30768	30768	30768		1	0	0	0	1	1
4011	4011	-1	通法上卷·毒（4级）	Weapon2Skill2_6	-1	0	0	1	1	1	-1	-1	-1	0	2	169					1366	-1	0	0	0	1	-1	-1	-1	-1	-1	-1	-1	-1	-1		-1	5	1200	0	10	-1	1	-1	0	0	0	-1	-1	0	-1	0	0	-1	2	2	0	30769	30769	30769	30769	30769	30769	30769	30769	30769	30769	30769	30769	30769	30769	30769	30769		1	0	0	0	1	1
4012	4012	-1	通法上卷·毒（5级）	Weapon2Skill2_6	-1	0	0	1	1	1	-1	-1	-1	0	2	169					1366	-1	0	0	0	1	-1	-1	-1	-1	-1	-1	-1	-1	-1		-1	5	1200	0	10	-1	1	-1	0	0	0	-1	-1	0	-1	0	0	-1	2	2	0	30770	30770	30770	30770	30770	30770	30770	30770	30770	30770	30770	30770	30770	30770	30770	30770		1	0	0	0	1	1
4013	4013	-1	通法上卷·毒（6级）	Weapon2Skill2_6	-1	0	0	1	1	1	-1	-1	-1	0	2	169					1366	-1	0	0	0	1	-1	-1	-1	-1	-1	-1	-1	-1	-1		-1	5	1200	0	10	-1	1	-1	0	0	0	-1	-1	0	-1	0	0	-1	2	2	0	30771	30771	30771	30771	30771	30771	30771	30771	30771	30771	30771	30771	30771	30771	30771	30771		1	0	0	0	1	1
4014	4014	-1	通法上卷·毒（7级）	Weapon2Skill2_6	-1	0	0	1	1	1	-1	-1	-1	0	2	169					1366	-1	0	0	0	1	-1	-1	-1	-1	-1	-1	-1	-1	-1		-1	5	1200	0	10	-1	1	-1	0	0	0	-1	-1	0	-1	0	0	-1	2	2	0	30772	30772	30772	30772	30772	30772	30772	30772	30772	30772	30772	30772	30772	30772	30772	30772		1	0	0	0	1	1
4015	4015	-1	通法上卷·毒（8级）	Weapon2Skill2_6	-1	0	0	1	1	1	-1	-1	-1	0	2	169					1366	-1	0	0	0	1	-1	-1	-1	-1	-1	-1	-1	-1	-1		-1	5	1200	0	10	-1	1	-1	0	0	0	-1	-1	0	-1	0	0	-1	2	2	0	30773	30773	30773	30773	30773	30773	30773	30773	30773	30773	30773	30773	30773	30773	30773	30773		1	0	0	0	1	1
4016	4016	-1	通法上卷·毒（9级）	Weapon2Skill2_6	-1	0	0	1	1	1	-1	-1	-1	0	2	169					1366	-1	0	0	0	1	-1	-1	-1	-1	-1	-1	-1	-1	-1		-1	5	1200	0	10	-1	1	-1	0	0	0	-1	-1	0	-1	0	0	-1	2	2	0	30774	30774	30774	30774	30774	30774	30774	30774	30774	30774	30774	30774	30774	30774	30774	30774		1	0	0	0	1	1
4017	4017	-1	通法上卷·毒（10级）	Weapon2Skill2_6	-1	0	0	1	1	1	-1	-1	-1	0	2	169					1366	-1	0	0	0	1	-1	-1	-1	-1	-1	-1	-1	-1	-1		-1	5	1200	0	10	-1	1	-1	0	0	0	-1	-1	0	-1	0	0	-1	2	2	0	30775	30775	30775	30775	30775	30775	30775	30775	30775	30775	30775	30775	30775	30775	30775	30775		1	0	0	0	1	1
4018	4018	-1	通法下卷·拂尘（1级）	Weapon2Skill2_9	-1	0	0	1	1	1	-1	-1	-1	0	2	171	吟唱sl	身体中心点			512	-1	0	0	0	0	-1	-1	-1	-1	-1	-1	-1	-1	-1		-1	0	1200	-1	-1	1	-1	-1	0	0	0	100	-1	0	-1	0	0	0	0	0	0	30776	30776	30776	30776	30776	30776	30776	30776	30776	30776	30776	30776	30776	30776	30776	30776		1	0	0	0	1	1
4019	4019	-1	通法下卷·拂尘（2级）	Weapon2Skill2_9	-1	0	0	1	1	1	-1	-1	-1	0	2	171	吟唱sl	身体中心点			512	-1	0	0	0	0	-1	-1	-1	-1	-1	-1	-1	-1	-1		-1	0	1200	-1	-1	1	-1	-1	0	0	0	100	-1	0	-1	0	0	0	0	0	0	30777	30777	30777	30777	30777	30777	30777	30777	30777	30777	30777	30777	30777	30777	30777	30777		1	0	0	0	1	1
4020	4020	-1	通法下卷·拂尘（3级）	Weapon2Skill2_9	-1	0	0	1	1	1	-1	-1	-1	0	2	171	吟唱sl	身体中心点			512	-1	0	0	0	0	-1	-1	-1	-1	-1	-1	-1	-1	-1		-1	0	1200	-1	-1	1	-1	-1	0	0	0	100	-1	0	-1	0	0	0	0	0	0	30778	30778	30778	30778	30778	30778	30778	30778	30778	30778	30778	30778	30778	30778	30778	30778		1	0	0	0	1	1
4021	4021	-1	通法下卷·拂尘（4级）	Weapon2Skill2_9	-1	0	0	1	1	1	-1	-1	-1	0	2	171	吟唱sl	身体中心点			512	-1	0	0	0	0	-1	-1	-1	-1	-1	-1	-1	-1	-1		-1	0	1200	-1	-1	1	-1	-1	0	0	0	100	-1	0	-1	0	0	0	0	0	0	30779	30779	30779	30779	30779	30779	30779	30779	30779	30779	30779	30779	30779	30779	30779	30779		1	0	0	0	1	1
4022	4022	-1	通法下卷·拂尘（5级）	Weapon2Skill2_9	-1	0	0	1	1	1	-1	-1	-1	0	2	171	吟唱sl	身体中心点			512	-1	0	0	0	0	-1	-1	-1	-1	-1	-1	-1	-1	-1		-1	0	1200	-1	-1	1	-1	-1	0	0	0	100	-1	0	-1	0	0	0	0	0	0	30780	30780	30780	30780	30780	30780	30780	30780	30780	30780	30780	30780	30780	30780	30780	30780		1	0	0	0	1	1
4023	4023	-1	通法下卷·拂尘（6级）	Weapon2Skill2_9	-1	0	0	1	1	1	-1	-1	-1	0	2	171	吟唱sl	身体中心点			512	-1	0	0	0	0	-1	-1	-1	-1	-1	-1	-1	-1	-1		-1	0	1200	-1	-1	1	-1	-1	0	0	0	100	-1	0	-1	0	0	0	0	0	0	30781	30781	30781	30781	30781	30781	30781	30781	30781	30781	30781	30781	30781	30781	30781	30781		1	0	0	0	1	1
4024	4024	-1	通法下卷·拂尘（7级）	Weapon2Skill2_9	-1	0	0	1	1	1	-1	-1	-1	0	2	171	吟唱sl	身体中心点			512	-1	0	0	0	0	-1	-1	-1	-1	-1	-1	-1	-1	-1		-1	0	1200	-1	-1	1	-1	-1	0	0	0	100	-1	0	-1	0	0	0	0	0	0	30782	30782	30782	30782	30782	30782	30782	30782	30782	30782	30782	30782	30782	30782	30782	30782		1	0	0	0	1	1
4025	4025	-1	通法下卷·拂尘（8级）	Weapon2Skill2_9	-1	0	0	1	1	1	-1	-1	-1	0	2	171	吟唱sl	身体中心点			512	-1	0	0	0	0	-1	-1	-1	-1	-1	-1	-1	-1	-1		-1	0	1200	-1	-1	1	-1	-1	0	0	0	100	-1	0	-1	0	0	0	0	0	0	30783	30783	30783	30783	30783	30783	30783	30783	30783	30783	30783	30783	30783	30783	30783	30783		1	0	0	0	1	1
4026	4026	-1	通法下卷·拂尘（9级）	Weapon2Skill2_9	-1	0	0	1	1	1	-1	-1	-1	0	2	171	吟唱sl	身体中心点			512	-1	0	0	0	0	-1	-1	-1	-1	-1	-1	-1	-1	-1		-1	0	1200	-1	-1	1	-1	-1	0	0	0	100	-1	0	-1	0	0	0	0	0	0	30784	30784	30784	30784	30784	30784	30784	30784	30784	30784	30784	30784	30784	30784	30784	30784		1	0	0	0	1	1
4027	4027	-1	通法下卷·拂尘（10级）	Weapon2Skill2_9	-1	0	0	1	1	1	-1	-1	-1	0	2	171	吟唱sl	身体中心点			512	-1	0	0	0	0	-1	-1	-1	-1	-1	-1	-1	-1	-1		-1	0	1200	-1	-1	1	-1	-1	0	0	0	100	-1	0	-1	0	0	0	0	0	0	30785	30785	30785	30785	30785	30785	30785	30785	30785	30785	30785	30785	30785	30785	30785	30785		1	0	0	0	1	1
4028	4028	-1	通法下卷·伤神（1级）	Weapon2Skill2_12	-1	0	0	1	1	1	-1	-1	-1	0	2	171					1366	-1	0	0	0	1	-1	-1	-1	-1	-1	-1	-1	-1	-1		-1	5	1200	0	10	-1	1	-1	0	0	0	-1	-1	0	-1	0	0	0	2	2	0	30786	30786	30786	30786	30786	30786	30786	30786	30786	30786	30786	30786	30786	30786	30786	30786		1	0	0	0	1	1
4029	4029	-1	通法下卷·伤神（2级）	Weapon2Skill2_12	-1	0	0	1	1	1	-1	-1	-1	0	2	171					1366	-1	0	0	0	1	-1	-1	-1	-1	-1	-1	-1	-1	-1		-1	5	1200	0	10	-1	1	-1	0	0	0	-1	-1	0	-1	0	0	0	2	2	0	30787	30787	30787	30787	30787	30787	30787	30787	30787	30787	30787	30787	30787	30787	30787	30787		1	0	0	0	1	1
4030	4030	-1	通法下卷·伤神（3级）	Weapon2Skill2_12	-1	0	0	1	1	1	-1	-1	-1	0	2	171					1366	-1	0	0	0	1	-1	-1	-1	-1	-1	-1	-1	-1	-1		-1	5	1200	0	10	-1	1	-1	0	0	0	-1	-1	0	-1	0	0	0	2	2	0	30788	30788	30788	30788	30788	30788	30788	30788	30788	30788	30788	30788	30788	30788	30788	30788		1	0	0	0	1	1
4031	4031	-1	通法下卷·伤神（4级）	Weapon2Skill2_12	-1	0	0	1	1	1	-1	-1	-1	0	2	171					1366	-1	0	0	0	1	-1	-1	-1	-1	-1	-1	-1	-1	-1		-1	5	1200	0	10	-1	1	-1	0	0	0	-1	-1	0	-1	0	0	0	2	2	0	30789	30789	30789	30789	30789	30789	30789	30789	30789	30789	30789	30789	30789	30789	30789	30789		1	0	0	0	1	1
4032	4032	-1	通法下卷·伤神（5级）	Weapon2Skill2_12	-1	0	0	1	1	1	-1	-1	-1	0	2	171					1366	-1	0	0	0	1	-1	-1	-1	-1	-1	-1	-1	-1	-1		-1	5	1200	0	10	-1	1	-1	0	0	0	-1	-1	0	-1	0	0	0	2	2	0	30790	30790	30790	30790	30790	30790	30790	30790	30790	30790	30790	30790	30790	30790	30790	30790		1	0	0	0	1	1
4033	4033	-1	通法下卷·伤神（6级）	Weapon2Skill2_12	-1	0	0	1	1	1	-1	-1	-1	0	2	171					1366	-1	0	0	0	1	-1	-1	-1	-1	-1	-1	-1	-1	-1		-1	5	1200	0	10	-1	1	-1	0	0	0	-1	-1	0	-1	0	0	0	2	2	0	30791	30791	30791	30791	30791	30791	30791	30791	30791	30791	30791	30791	30791	30791	30791	30791		1	0	0	0	1	1
4034	4034	-1	通法下卷·伤神（7级）	Weapon2Skill2_12	-1	0	0	1	1	1	-1	-1	-1	0	2	171					1366	-1	0	0	0	1	-1	-1	-1	-1	-1	-1	-1	-1	-1		-1	5	1200	0	10	-1	1	-1	0	0	0	-1	-1	0	-1	0	0	0	2	2	0	30792	30792	30792	30792	30792	30792	30792	30792	30792	30792	30792	30792	30792	30792	30792	30792		1	0	0	0	1	1
4035	4035	-1	通法下卷·伤神（8级）	Weapon2Skill2_12	-1	0	0	1	1	1	-1	-1	-1	0	2	171					1366	-1	0	0	0	1	-1	-1	-1	-1	-1	-1	-1	-1	-1		-1	5	1200	0	10	-1	1	-1	0	0	0	-1	-1	0	-1	0	0	0	2	2	0	30793	30793	30793	30793	30793	30793	30793	30793	30793	30793	30793	30793	30793	30793	30793	30793		1	0	0	0	1	1
4036	4036	-1	通法下卷·伤神（9级）	Weapon2Skill2_12	-1	0	0	1	1	1	-1	-1	-1	0	2	171					1366	-1	0	0	0	1	-1	-1	-1	-1	-1	-1	-1	-1	-1		-1	5	1200	0	10	-1	1	-1	0	0	0	-1	-1	0	-1	0	0	0	2	2	0	30794	30794	30794	30794	30794	30794	30794	30794	30794	30794	30794	30794	30794	30794	30794	30794		1	0	0	0	1	1
4037	4037	-1	通法下卷·伤神（10级）	Weapon2Skill2_12	-1	0	0	1	1	1	-1	-1	-1	0	2	171					1366	-1	0	0	0	1	-1	-1	-1	-1	-1	-1	-1	-1	-1		-1	5	1200	0	10	-1	1	-1	0	0	0	-1	-1	0	-1	0	0	0	2	2	0	30795	30795	30795	30795	30795	30795	30795	30795	30795	30795	30795	30795	30795	30795	30795	30795		1	0	0	0	1	1
4038	4038	-1	通法下卷·伤神（1级）	Weapon2Skill2_12	-1	0	0	1	1	1	-1	-1	-1	0	2	171					1345	-1	0	0	0	1	-1	-1	-1	-1	-1	-1	-1	-1	-1		-1	5	1200	0	15	-1	1	-1	0	0	0	-1	-1	0	-1	0	0	0	2	2	0	30796	30796	30796	30796	30796	30796	30796	30796	30796	30796	30796	30796	30796	30796	30796	30796		1	0	0	0	1	1
4039	4039	-1	通法下卷·伤神（2级）	Weapon2Skill2_12	-1	0	0	1	1	1	-1	-1	-1	0	2	171					1345	-1	0	0	0	1	-1	-1	-1	-1	-1	-1	-1	-1	-1		-1	5	1200	0	15	-1	1	-1	0	0	0	-1	-1	0	-1	0	0	0	2	2	0	30797	30797	30797	30797	30797	30797	30797	30797	30797	30797	30797	30797	30797	30797	30797	30797		1	0	0	0	1	1
4040	4040	-1	通法下卷·伤神（3级）	Weapon2Skill2_12	-1	0	0	1	1	1	-1	-1	-1	0	2	171					1345	-1	0	0	0	1	-1	-1	-1	-1	-1	-1	-1	-1	-1		-1	5	1200	0	15	-1	1	-1	0	0	0	-1	-1	0	-1	0	0	0	2	2	0	30798	30798	30798	30798	30798	30798	30798	30798	30798	30798	30798	30798	30798	30798	30798	30798		1	0	0	0	1	1
4041	4041	-1	通法下卷·伤神（4级）	Weapon2Skill2_12	-1	0	0	1	1	1	-1	-1	-1	0	2	171					1345	-1	0	0	0	1	-1	-1	-1	-1	-1	-1	-1	-1	-1		-1	5	1200	0	15	-1	1	-1	0	0	0	-1	-1	0	-1	0	0	0	2	2	0	30799	30799	30799	30799	30799	30799	30799	30799	30799	30799	30799	30799	30799	30799	30799	30799		1	0	0	0	1	1
4042	4042	-1	通法下卷·伤神（5级）	Weapon2Skill2_12	-1	0	0	1	1	1	-1	-1	-1	0	2	171					1345	-1	0	0	0	1	-1	-1	-1	-1	-1	-1	-1	-1	-1		-1	5	1200	0	15	-1	1	-1	0	0	0	-1	-1	0	-1	0	0	0	2	2	0	30800	30800	30800	30800	30800	30800	30800	30800	30800	30800	30800	30800	30800	30800	30800	30800		1	0	0	0	1	1
4043	4043	-1	通法下卷·伤神（6级）	Weapon2Skill2_12	-1	0	0	1	1	1	-1	-1	-1	0	2	171					1345	-1	0	0	0	1	-1	-1	-1	-1	-1	-1	-1	-1	-1		-1	5	1200	0	15	-1	1	-1	0	0	0	-1	-1	0	-1	0	0	0	2	2	0	30801	30801	30801	30801	30801	30801	30801	30801	30801	30801	30801	30801	30801	30801	30801	30801		1	0	0	0	1	1
4044	4044	-1	通法下卷·伤神（7级）	Weapon2Skill2_12	-1	0	0	1	1	1	-1	-1	-1	0	2	171					1345	-1	0	0	0	1	-1	-1	-1	-1	-1	-1	-1	-1	-1		-1	5	1200	0	15	-1	1	-1	0	0	0	-1	-1	0	-1	0	0	0	2	2	0	30802	30802	30802	30802	30802	30802	30802	30802	30802	30802	30802	30802	30802	30802	30802	30802		1	0	0	0	1	1
4045	4045	-1	通法下卷·伤神（8级）	Weapon2Skill2_12	-1	0	0	1	1	1	-1	-1	-1	0	2	171					1345	-1	0	0	0	1	-1	-1	-1	-1	-1	-1	-1	-1	-1		-1	5	1200	0	15	-1	1	-1	0	0	0	-1	-1	0	-1	0	0	0	2	2	0	30803	30803	30803	30803	30803	30803	30803	30803	30803	30803	30803	30803	30803	30803	30803	30803		1	0	0	0	1	1
4046	4046	-1	通法下卷·伤神（9级）	Weapon2Skill2_12	-1	0	0	1	1	1	-1	-1	-1	0	2	171					1345	-1	0	0	0	1	-1	-1	-1	-1	-1	-1	-1	-1	-1		-1	5	1200	0	15	-1	1	-1	0	0	0	-1	-1	0	-1	0	0	0	2	2	0	30804	30804	30804	30804	30804	30804	30804	30804	30804	30804	30804	30804	30804	30804	30804	30804		1	0	0	0	1	1
4047	4047	-1	通法下卷·伤神（10级）	Weapon2Skill2_12	-1	0	0	1	1	1	-1	-1	-1	0	2	171					1345	-1	0	0	0	1	-1	-1	-1	-1	-1	-1	-1	-1	-1		-1	5	1200	0	15	-1	1	-1	0	0	0	-1	-1	0	-1	0	0	0	2	2	0	30805	30805	30805	30805	30805	30805	30805	30805	30805	30805	30805	30805	30805	30805	30805	30805		1	0	0	0	1	1
4048	4048	-1	通法下卷·伤神（1级）	Weapon2Skill2_12	-1	0	0	1	1	1	-1	-1	-1	0	2	171					1351	-1	0	0	0	1	-1	-1	-1	-1	-1	-1	-1	-1	-1		-1	5	1200	0	10	-1	1	-1	0	0	0	-1	-1	0	-1	0	0	0	2	2	0	30806	30806	30806	30806	30806	30806	30806	30806	30806	30806	30806	30806	30806	30806	30806	30806		1	0	0	0	1	1
4049	4049	-1	通法下卷·伤神（2级）	Weapon2Skill2_12	-1	0	0	1	1	1	-1	-1	-1	0	2	171					1351	-1	0	0	0	1	-1	-1	-1	-1	-1	-1	-1	-1	-1		-1	5	1200	0	10	-1	1	-1	0	0	0	-1	-1	0	-1	0	0	0	2	2	0	30807	30807	30807	30807	30807	30807	30807	30807	30807	30807	30807	30807	30807	30807	30807	30807		1	0	0	0	1	1
4050	4050	-1	通法下卷·伤神（3级）	Weapon2Skill2_12	-1	0	0	1	1	1	-1	-1	-1	0	2	171					1351	-1	0	0	0	1	-1	-1	-1	-1	-1	-1	-1	-1	-1		-1	5	1200	0	10	-1	1	-1	0	0	0	-1	-1	0	-1	0	0	0	2	2	0	30808	30808	30808	30808	30808	30808	30808	30808	30808	30808	30808	30808	30808	30808	30808	30808		1	0	0	0	1	1
4051	4051	-1	通法下卷·伤神（4级）	Weapon2Skill2_12	-1	0	0	1	1	1	-1	-1	-1	0	2	171					1351	-1	0	0	0	1	-1	-1	-1	-1	-1	-1	-1	-1	-1		-1	5	1200	0	10	-1	1	-1	0	0	0	-1	-1	0	-1	0	0	0	2	2	0	30809	30809	30809	30809	30809	30809	30809	30809	30809	30809	30809	30809	30809	30809	30809	30809		1	0	0	0	1	1
4052	4052	-1	通法下卷·伤神（5级）	Weapon2Skill2_12	-1	0	0	1	1	1	-1	-1	-1	0	2	171					1351	-1	0	0	0	1	-1	-1	-1	-1	-1	-1	-1	-1	-1		-1	5	1200	0	10	-1	1	-1	0	0	0	-1	-1	0	-1	0	0	0	2	2	0	30810	30810	30810	30810	30810	30810	30810	30810	30810	30810	30810	30810	30810	30810	30810	30810		1	0	0	0	1	1
4053	4053	-1	通法下卷·伤神（6级）	Weapon2Skill2_12	-1	0	0	1	1	1	-1	-1	-1	0	2	171					1351	-1	0	0	0	1	-1	-1	-1	-1	-1	-1	-1	-1	-1		-1	5	1200	0	10	-1	1	-1	0	0	0	-1	-1	0	-1	0	0	0	2	2	0	30811	30811	30811	30811	30811	30811	30811	30811	30811	30811	30811	30811	30811	30811	30811	30811		1	0	0	0	1	1
4054	4054	-1	通法下卷·伤神（7级）	Weapon2Skill2_12	-1	0	0	1	1	1	-1	-1	-1	0	2	171					1351	-1	0	0	0	1	-1	-1	-1	-1	-1	-1	-1	-1	-1		-1	5	1200	0	10	-1	1	-1	0	0	0	-1	-1	0	-1	0	0	0	2	2	0	30812	30812	30812	30812	30812	30812	30812	30812	30812	30812	30812	30812	30812	30812	30812	30812		1	0	0	0	1	1
4055	4055	-1	通法下卷·伤神（8级）	Weapon2Skill2_12	-1	0	0	1	1	1	-1	-1	-1	0	2	171					1351	-1	0	0	0	1	-1	-1	-1	-1	-1	-1	-1	-1	-1		-1	5	1200	0	10	-1	1	-1	0	0	0	-1	-1	0	-1	0	0	0	2	2	0	30813	30813	30813	30813	30813	30813	30813	30813	30813	30813	30813	30813	30813	30813	30813	30813		1	0	0	0	1	1
4056	4056	-1	通法下卷·伤神（9级）	Weapon2Skill2_12	-1	0	0	1	1	1	-1	-1	-1	0	2	171					1351	-1	0	0	0	1	-1	-1	-1	-1	-1	-1	-1	-1	-1		-1	5	1200	0	10	-1	1	-1	0	0	0	-1	-1	0	-1	0	0	0	2	2	0	30814	30814	30814	30814	30814	30814	30814	30814	30814	30814	30814	30814	30814	30814	30814	30814		1	0	0	0	1	1
4057	4057	-1	通法下卷·伤神（10级）	Weapon2Skill2_12	-1	0	0	1	1	1	-1	-1	-1	0	2	171					1351	-1	0	0	0	1	-1	-1	-1	-1	-1	-1	-1	-1	-1		-1	5	1200	0	10	-1	1	-1	0	0	0	-1	-1	0	-1	0	0	0	2	2	0	30815	30815	30815	30815	30815	30815	30815	30815	30815	30815	30815	30815	30815	30815	30815	30815		1	0	0	0	1	1
4058	4058	-1	通法下卷·伤神（1级）	Weapon2Skill2_12	-1	0	0	1	1	1	-1	-1	-1	0	0	171				1374	1339	-1	0	0	0	1	-1	-1	-1	-1	-1	-1	-1	-1	-1		-1	5	1200	0	7	-1	1	-1	0	0	0	-1	-1	0	-1	0	0	0	2	2	0	30816	30816	30816	30816	30816	30816	30816	30816	30816	30816	30816	30816	30816	30816	30816	30816		1	0	0	0	1	1
4059	4059	-1	通法下卷·伤神（2级）	Weapon2Skill2_12	-1	0	0	1	1	1	-1	-1	-1	0	0	171				1374	1339	-1	0	0	0	1	-1	-1	-1	-1	-1	-1	-1	-1	-1		-1	5	1200	0	7	-1	1	-1	0	0	0	-1	-1	0	-1	0	0	0	2	2	0	30817	30817	30817	30817	30817	30817	30817	30817	30817	30817	30817	30817	30817	30817	30817	30817		1	0	0	0	1	1
4060	4060	-1	通法下卷·伤神（3级）	Weapon2Skill2_12	-1	0	0	1	1	1	-1	-1	-1	0	0	171				1374	1339	-1	0	0	0	1	-1	-1	-1	-1	-1	-1	-1	-1	-1		-1	5	1200	0	7	-1	1	-1	0	0	0	-1	-1	0	-1	0	0	0	2	2	0	30818	30818	30818	30818	30818	30818	30818	30818	30818	30818	30818	30818	30818	30818	30818	30818		1	0	0	0	1	1
4061	4061	-1	通法下卷·伤神（4级）	Weapon2Skill2_12	-1	0	0	1	1	1	-1	-1	-1	0	0	171				1374	1339	-1	0	0	0	1	-1	-1	-1	-1	-1	-1	-1	-1	-1		-1	5	1200	0	7	-1	1	-1	0	0	0	-1	-1	0	-1	0	0	0	2	2	0	30819	30819	30819	30819	30819	30819	30819	30819	30819	30819	30819	30819	30819	30819	30819	30819		1	0	0	0	1	1
4062	4062	-1	通法下卷·伤神（5级）	Weapon2Skill2_12	-1	0	0	1	1	1	-1	-1	-1	0	0	171				1374	1339	-1	0	0	0	1	-1	-1	-1	-1	-1	-1	-1	-1	-1		-1	5	1200	0	7	-1	1	-1	0	0	0	-1	-1	0	-1	0	0	0	2	2	0	30820	30820	30820	30820	30820	30820	30820	30820	30820	30820	30820	30820	30820	30820	30820	30820		1	0	0	0	1	1
4063	4063	-1	通法下卷·伤神（6级）	Weapon2Skill2_12	-1	0	0	1	1	1	-1	-1	-1	0	0	171				1374	1339	-1	0	0	0	1	-1	-1	-1	-1	-1	-1	-1	-1	-1		-1	5	1200	0	7	-1	1	-1	0	0	0	-1	-1	0	-1	0	0	0	2	2	0	30821	30821	30821	30821	30821	30821	30821	30821	30821	30821	30821	30821	30821	30821	30821	30821		1	0	0	0	1	1
4064	4064	-1	通法下卷·伤神（7级）	Weapon2Skill2_12	-1	0	0	1	1	1	-1	-1	-1	0	0	171				1374	1339	-1	0	0	0	1	-1	-1	-1	-1	-1	-1	-1	-1	-1		-1	5	1200	0	7	-1	1	-1	0	0	0	-1	-1	0	-1	0	0	0	2	2	0	30822	30822	30822	30822	30822	30822	30822	30822	30822	30822	30822	30822	30822	30822	30822	30822		1	0	0	0	1	1
4065	4065	-1	通法下卷·伤神（8级）	Weapon2Skill2_12	-1	0	0	1	1	1	-1	-1	-1	0	0	171				1374	1339	-1	0	0	0	1	-1	-1	-1	-1	-1	-1	-1	-1	-1		-1	5	1200	0	7	-1	1	-1	0	0	0	-1	-1	0	-1	0	0	0	2	2	0	30823	30823	30823	30823	30823	30823	30823	30823	30823	30823	30823	30823	30823	30823	30823	30823		1	0	0	0	1	1
4066	4066	-1	通法下卷·伤神（9级）	Weapon2Skill2_12	-1	0	0	1	1	1	-1	-1	-1	0	0	171				1374	1339	-1	0	0	0	1	-1	-1	-1	-1	-1	-1	-1	-1	-1		-1	5	1200	0	7	-1	1	-1	0	0	0	-1	-1	0	-1	0	0	0	2	2	0	30824	30824	30824	30824	30824	30824	30824	30824	30824	30824	30824	30824	30824	30824	30824	30824		1	0	0	0	1	1
4067	4067	-1	通法下卷·伤神（10级）	Weapon2Skill2_12	-1	0	0	1	1	1	-1	-1	-1	0	0	171				1374	1339	-1	0	0	0	1	-1	-1	-1	-1	-1	-1	-1	-1	-1		-1	5	1200	0	7	-1	1	-1	0	0	0	-1	-1	0	-1	0	0	0	2	2	0	30825	30825	30825	30825	30825	30825	30825	30825	30825	30825	30825	30825	30825	30825	30825	30825		1	0	0	0	1	1
4068	4068	-1	通法下卷·伤神（1级）	Weapon2Skill2_12	-1	0	0	1	1	1	-1	-1	-1	0	2	171					1371	-1	0	0	0	1	-1	-1	-1	-1	-1	-1	-1	-1	-1		-1	5	1200	0	2	-1	1	-1	0	0	0	-1	-1	0	-1	0	0	0	2	2	0	30826	30826	30826	30826	30826	30826	30826	30826	30826	30826	30826	30826	30826	30826	30826	30826		1	0	0	0	1	1
4069	4069	-1	通法下卷·伤神（2级）	Weapon2Skill2_12	-1	0	0	1	1	1	-1	-1	-1	0	2	171					1371	-1	0	0	0	1	-1	-1	-1	-1	-1	-1	-1	-1	-1		-1	5	1200	0	2	-1	1	-1	0	0	0	-1	-1	0	-1	0	0	0	2	2	0	30827	30827	30827	30827	30827	30827	30827	30827	30827	30827	30827	30827	30827	30827	30827	30827		1	0	0	0	1	1
4070	4070	-1	通法下卷·伤神（3级）	Weapon2Skill2_12	-1	0	0	1	1	1	-1	-1	-1	0	2	171					1371	-1	0	0	0	1	-1	-1	-1	-1	-1	-1	-1	-1	-1		-1	5	1200	0	2	-1	1	-1	0	0	0	-1	-1	0	-1	0	0	0	2	2	0	30828	30828	30828	30828	30828	30828	30828	30828	30828	30828	30828	30828	30828	30828	30828	30828		1	0	0	0	1	1
4071	4071	-1	通法下卷·伤神（4级）	Weapon2Skill2_12	-1	0	0	1	1	1	-1	-1	-1	0	2	171					1371	-1	0	0	0	1	-1	-1	-1	-1	-1	-1	-1	-1	-1		-1	5	1200	0	2	-1	1	-1	0	0	0	-1	-1	0	-1	0	0	0	2	2	0	30829	30829	30829	30829	30829	30829	30829	30829	30829	30829	30829	30829	30829	30829	30829	30829		1	0	0	0	1	1
4072	4072	-1	通法下卷·伤神（5级）	Weapon2Skill2_12	-1	0	0	1	1	1	-1	-1	-1	0	2	171					1371	-1	0	0	0	1	-1	-1	-1	-1	-1	-1	-1	-1	-1		-1	5	1200	0	2	-1	1	-1	0	0	0	-1	-1	0	-1	0	0	0	2	2	0	30830	30830	30830	30830	30830	30830	30830	30830	30830	30830	30830	30830	30830	30830	30830	30830		1	0	0	0	1	1
4073	4073	-1	通法下卷·伤神（6级）	Weapon2Skill2_12	-1	0	0	1	1	1	-1	-1	-1	0	2	171					1371	-1	0	0	0	1	-1	-1	-1	-1	-1	-1	-1	-1	-1		-1	5	1200	0	2	-1	1	-1	0	0	0	-1	-1	0	-1	0	0	0	2	2	0	30831	30831	30831	30831	30831	30831	30831	30831	30831	30831	30831	30831	30831	30831	30831	30831		1	0	0	0	1	1
4074	4074	-1	通法下卷·伤神（7级）	Weapon2Skill2_12	-1	0	0	1	1	1	-1	-1	-1	0	2	171					1371	-1	0	0	0	1	-1	-1	-1	-1	-1	-1	-1	-1	-1		-1	5	1200	0	2	-1	1	-1	0	0	0	-1	-1	0	-1	0	0	0	2	2	0	30832	30832	30832	30832	30832	30832	30832	30832	30832	30832	30832	30832	30832	30832	30832	30832		1	0	0	0	1	1
4075	4075	-1	通法下卷·伤神（8级）	Weapon2Skill2_12	-1	0	0	1	1	1	-1	-1	-1	0	2	171					1371	-1	0	0	0	1	-1	-1	-1	-1	-1	-1	-1	-1	-1		-1	5	1200	0	2	-1	1	-1	0	0	0	-1	-1	0	-1	0	0	0	2	2	0	30833	30833	30833	30833	30833	30833	30833	30833	30833	30833	30833	30833	30833	30833	30833	30833		1	0	0	0	1	1
4076	4076	-1	通法下卷·伤神（9级）	Weapon2Skill2_12	-1	0	0	1	1	1	-1	-1	-1	0	2	171					1371	-1	0	0	0	1	-1	-1	-1	-1	-1	-1	-1	-1	-1		-1	5	1200	0	2	-1	1	-1	0	0	0	-1	-1	0	-1	0	0	0	2	2	0	30834	30834	30834	30834	30834	30834	30834	30834	30834	30834	30834	30834	30834	30834	30834	30834		1	0	0	0	1	1
4077	4077	-1	通法下卷·伤神（10级）	Weapon2Skill2_12	-1	0	0	1	1	1	-1	-1	-1	0	2	171					1371	-1	0	0	0	1	-1	-1	-1	-1	-1	-1	-1	-1	-1		-1	5	1200	0	2	-1	1	-1	0	0	0	-1	-1	0	-1	0	0	0	2	2	0	30835	30835	30835	30835	30835	30835	30835	30835	30835	30835	30835	30835	30835	30835	30835	30835		1	0	0	0	1	1
4078	4078	-1	通法下卷·伤神（1级）	Weapon2Skill2_12	-1	0	0	1	1	1	-1	-1	-1	0	2	171					1347	-1	0	0	0	1	-1	-1	-1	-1	-1	-1	-1	-1	-1		-1	5	1200	0	5	-1	1	-1	0	0	0	-1	-1	0	-1	0	0	0	2	2	0	30836	30836	30836	30836	30836	30836	30836	30836	30836	30836	30836	30836	30836	30836	30836	30836		1	0	0	0	1	1
4079	4079	-1	通法下卷·伤神（2级）	Weapon2Skill2_12	-1	0	0	1	1	1	-1	-1	-1	0	2	171					1347	-1	0	0	0	1	-1	-1	-1	-1	-1	-1	-1	-1	-1		-1	5	1200	0	5	-1	1	-1	0	0	0	-1	-1	0	-1	0	0	0	2	2	0	30837	30837	30837	30837	30837	30837	30837	30837	30837	30837	30837	30837	30837	30837	30837	30837		1	0	0	0	1	1
4080	4080	-1	通法下卷·伤神（3级）	Weapon2Skill2_12	-1	0	0	1	1	1	-1	-1	-1	0	2	171					1347	-1	0	0	0	1	-1	-1	-1	-1	-1	-1	-1	-1	-1		-1	5	1200	0	5	-1	1	-1	0	0	0	-1	-1	0	-1	0	0	0	2	2	0	30838	30838	30838	30838	30838	30838	30838	30838	30838	30838	30838	30838	30838	30838	30838	30838		1	0	0	0	1	1
4081	4081	-1	通法下卷·伤神（4级）	Weapon2Skill2_12	-1	0	0	1	1	1	-1	-1	-1	0	2	171					1347	-1	0	0	0	1	-1	-1	-1	-1	-1	-1	-1	-1	-1		-1	5	1200	0	5	-1	1	-1	0	0	0	-1	-1	0	-1	0	0	0	2	2	0	30839	30839	30839	30839	30839	30839	30839	30839	30839	30839	30839	30839	30839	30839	30839	30839		1	0	0	0	1	1
4082	4082	-1	通法下卷·伤神（5级）	Weapon2Skill2_12	-1	0	0	1	1	1	-1	-1	-1	0	2	171					1347	-1	0	0	0	1	-1	-1	-1	-1	-1	-1	-1	-1	-1		-1	5	1200	0	5	-1	1	-1	0	0	0	-1	-1	0	-1	0	0	0	2	2	0	30840	30840	30840	30840	30840	30840	30840	30840	30840	30840	30840	30840	30840	30840	30840	30840		1	0	0	0	1	1
4083	4083	-1	通法下卷·伤神（6级）	Weapon2Skill2_12	-1	0	0	1	1	1	-1	-1	-1	0	2	171					1347	-1	0	0	0	1	-1	-1	-1	-1	-1	-1	-1	-1	-1		-1	5	1200	0	5	-1	1	-1	0	0	0	-1	-1	0	-1	0	0	0	2	2	0	30841	30841	30841	30841	30841	30841	30841	30841	30841	30841	30841	30841	30841	30841	30841	30841		1	0	0	0	1	1
4084	4084	-1	通法下卷·伤神（7级）	Weapon2Skill2_12	-1	0	0	1	1	1	-1	-1	-1	0	2	171					1347	-1	0	0	0	1	-1	-1	-1	-1	-1	-1	-1	-1	-1		-1	5	1200	0	5	-1	1	-1	0	0	0	-1	-1	0	-1	0	0	0	2	2	0	30842	30842	30842	30842	30842	30842	30842	30842	30842	30842	30842	30842	30842	30842	30842	30842		1	0	0	0	1	1
4085	4085	-1	通法下卷·伤神（8级）	Weapon2Skill2_12	-1	0	0	1	1	1	-1	-1	-1	0	2	171					1347	-1	0	0	0	1	-1	-1	-1	-1	-1	-1	-1	-1	-1		-1	5	1200	0	5	-1	1	-1	0	0	0	-1	-1	0	-1	0	0	0	2	2	0	30843	30843	30843	30843	30843	30843	30843	30843	30843	30843	30843	30843	30843	30843	30843	30843		1	0	0	0	1	1
4086	4086	-1	通法下卷·伤神（9级）	Weapon2Skill2_12	-1	0	0	1	1	1	-1	-1	-1	0	2	171					1347	-1	0	0	0	1	-1	-1	-1	-1	-1	-1	-1	-1	-1		-1	5	1200	0	5	-1	1	-1	0	0	0	-1	-1	0	-1	0	0	0	2	2	0	30844	30844	30844	30844	30844	30844	30844	30844	30844	30844	30844	30844	30844	30844	30844	30844		1	0	0	0	1	1
4087	4087	-1	通法下卷·伤神（10级）	Weapon2Skill2_12	-1	0	0	1	1	1	-1	-1	-1	0	2	171					1347	-1	0	0	0	1	-1	-1	-1	-1	-1	-1	-1	-1	-1		-1	5	1200	0	5	-1	1	-1	0	0	0	-1	-1	0	-1	0	0	0	2	2	0	30845	30845	30845	30845	30845	30845	30845	30845	30845	30845	30845	30845	30845	30845	30845	30845		1	0	0	0	1	1
4088	4088	-1	通法下卷·伤神（1级）	Weapon2Skill2_12	-1	0	0	1	1	1	-1	-1	-1	0	2	171					1355	-1	0	0	0	1	-1	-1	-1	-1	-1	-1	-1	-1	-1		-1	5	1200	0	2	-1	1	-1	0	0	0	-1	-1	0	-1	0	0	0	2	2	0	30846	30846	30846	30846	30846	30846	30846	30846	30846	30846	30846	30846	30846	30846	30846	30846		1	0	0	0	1	1
4089	4089	-1	通法下卷·伤神（2级）	Weapon2Skill2_12	-1	0	0	1	1	1	-1	-1	-1	0	2	171					1355	-1	0	0	0	1	-1	-1	-1	-1	-1	-1	-1	-1	-1		-1	5	1200	0	2	-1	1	-1	0	0	0	-1	-1	0	-1	0	0	0	2	2	0	30847	30847	30847	30847	30847	30847	30847	30847	30847	30847	30847	30847	30847	30847	30847	30847		1	0	0	0	1	1
4090	4090	-1	通法下卷·伤神（3级）	Weapon2Skill2_12	-1	0	0	1	1	1	-1	-1	-1	0	2	171					1355	-1	0	0	0	1	-1	-1	-1	-1	-1	-1	-1	-1	-1		-1	5	1200	0	2	-1	1	-1	0	0	0	-1	-1	0	-1	0	0	0	2	2	0	30848	30848	30848	30848	30848	30848	30848	30848	30848	30848	30848	30848	30848	30848	30848	30848		1	0	0	0	1	1
4091	4091	-1	通法下卷·伤神（4级）	Weapon2Skill2_12	-1	0	0	1	1	1	-1	-1	-1	0	2	171					1355	-1	0	0	0	1	-1	-1	-1	-1	-1	-1	-1	-1	-1		-1	5	1200	0	2	-1	1	-1	0	0	0	-1	-1	0	-1	0	0	0	2	2	0	30849	30849	30849	30849	30849	30849	30849	30849	30849	30849	30849	30849	30849	30849	30849	30849		1	0	0	0	1	1
4092	4092	-1	通法下卷·伤神（5级）	Weapon2Skill2_12	-1	0	0	1	1	1	-1	-1	-1	0	2	171					1355	-1	0	0	0	1	-1	-1	-1	-1	-1	-1	-1	-1	-1		-1	5	1200	0	2	-1	1	-1	0	0	0	-1	-1	0	-1	0	0	0	2	2	0	30850	30850	30850	30850	30850	30850	30850	30850	30850	30850	30850	30850	30850	30850	30850	30850		1	0	0	0	1	1
4093	4093	-1	通法下卷·伤神（6级）	Weapon2Skill2_12	-1	0	0	1	1	1	-1	-1	-1	0	2	171					1355	-1	0	0	0	1	-1	-1	-1	-1	-1	-1	-1	-1	-1		-1	5	1200	0	2	-1	1	-1	0	0	0	-1	-1	0	-1	0	0	0	2	2	0	30851	30851	30851	30851	30851	30851	30851	30851	30851	30851	30851	30851	30851	30851	30851	30851		1	0	0	0	1	1
4094	4094	-1	通法下卷·伤神（7级）	Weapon2Skill2_12	-1	0	0	1	1	1	-1	-1	-1	0	2	171					1355	-1	0	0	0	1	-1	-1	-1	-1	-1	-1	-1	-1	-1		-1	5	1200	0	2	-1	1	-1	0	0	0	-1	-1	0	-1	0	0	0	2	2	0	30852	30852	30852	30852	30852	30852	30852	30852	30852	30852	30852	30852	30852	30852	30852	30852		1	0	0	0	1	1
4095	4095	-1	通法下卷·伤神（8级）	Weapon2Skill2_12	-1	0	0	1	1	1	-1	-1	-1	0	2	171					1355	-1	0	0	0	1	-1	-1	-1	-1	-1	-1	-1	-1	-1		-1	5	1200	0	2	-1	1	-1	0	0	0	-1	-1	0	-1	0	0	0	2	2	0	30853	30853	30853	30853	30853	30853	30853	30853	30853	30853	30853	30853	30853	30853	30853	30853		1	0	0	0	1	1
4096	4096	-1	通法下卷·伤神（9级）	Weapon2Skill2_12	-1	0	0	1	1	1	-1	-1	-1	0	2	171					1355	-1	0	0	0	1	-1	-1	-1	-1	-1	-1	-1	-1	-1		-1	5	1200	0	2	-1	1	-1	0	0	0	-1	-1	0	-1	0	0	0	2	2	0	30854	30854	30854	30854	30854	30854	30854	30854	30854	30854	30854	30854	30854	30854	30854	30854		1	0	0	0	1	1
4097	4097	-1	通法下卷·伤神（10级）	Weapon2Skill2_12	-1	0	0	1	1	1	-1	-1	-1	0	2	171					1355	-1	0	0	0	1	-1	-1	-1	-1	-1	-1	-1	-1	-1		-1	5	1200	0	2	-1	1	-1	0	0	0	-1	-1	0	-1	0	0	0	2	2	0	30855	30855	30855	30855	30855	30855	30855	30855	30855	30855	30855	30855	30855	30855	30855	30855		1	0	0	0	1	1
4098	4098	-1	通法下卷·入骨（1级）	Weapon2Skill2_11	-1	0	0	1	1	1	-1	-1	1	0	2	171					1366	-1	0	0	0	2	-1	-1	-1	-1	-1	-1	-1	-1	189	身体受击点	-1	7	1200	0	10	-1	1	-1	0	0	0	-1	-1	0	-1	5	360	2	2	0	0	30856	30856	30856	30856	30856	30856	30856	30856	30856	30856	30856	30856	30856	30856	30856	30856		1	0	0	0	1	1
4099	4099	-1	通法下卷·入骨（2级）	Weapon2Skill2_11	-1	0	0	1	1	1	-1	-1	1	0	2	171					1366	-1	0	0	0	2	-1	-1	-1	-1	-1	-1	-1	-1	189	身体受击点	-1	7	1200	0	10	-1	1	-1	0	0	0	-1	-1	0	-1	5	360	2	2	0	0	30857	30857	30857	30857	30857	30857	30857	30857	30857	30857	30857	30857	30857	30857	30857	30857		1	0	0	0	1	1
4100	4100	-1	通法下卷·入骨（3级）	Weapon2Skill2_11	-1	0	0	1	1	1	-1	-1	1	0	2	171					1366	-1	0	0	0	2	-1	-1	-1	-1	-1	-1	-1	-1	189	身体受击点	-1	7	1200	0	10	-1	1	-1	0	0	0	-1	-1	0	-1	5	360	2	2	0	0	30858	30858	30858	30858	30858	30858	30858	30858	30858	30858	30858	30858	30858	30858	30858	30858		1	0	0	0	1	1
4101	4101	-1	通法下卷·入骨（4级）	Weapon2Skill2_11	-1	0	0	1	1	1	-1	-1	1	0	2	171					1366	-1	0	0	0	2	-1	-1	-1	-1	-1	-1	-1	-1	189	身体受击点	-1	7	1200	0	10	-1	1	-1	0	0	0	-1	-1	0	-1	5	360	2	2	0	0	30859	30859	30859	30859	30859	30859	30859	30859	30859	30859	30859	30859	30859	30859	30859	30859		1	0	0	0	1	1
4102	4102	-1	通法下卷·入骨（5级）	Weapon2Skill2_11	-1	0	0	1	1	1	-1	-1	1	0	2	171					1366	-1	0	0	0	2	-1	-1	-1	-1	-1	-1	-1	-1	189	身体受击点	-1	7	1200	0	10	-1	1	-1	0	0	0	-1	-1	0	-1	5	360	3	2	0	0	30860	30860	30860	30860	30860	30860	30860	30860	30860	30860	30860	30860	30860	30860	30860	30860		1	0	0	0	1	1
4103	4103	-1	通法下卷·入骨（6级）	Weapon2Skill2_11	-1	0	0	1	1	1	-1	-1	1	0	2	171					1366	-1	0	0	0	2	-1	-1	-1	-1	-1	-1	-1	-1	189	身体受击点	-1	7	1200	0	10	-1	1	-1	0	0	0	-1	-1	0	-1	5	360	3	2	0	0	30861	30861	30861	30861	30861	30861	30861	30861	30861	30861	30861	30861	30861	30861	30861	30861		1	0	0	0	1	1
4104	4104	-1	通法下卷·入骨（7级）	Weapon2Skill2_11	-1	0	0	1	1	1	-1	-1	1	0	2	171					1366	-1	0	0	0	2	-1	-1	-1	-1	-1	-1	-1	-1	189	身体受击点	-1	7	1200	0	10	-1	1	-1	0	0	0	-1	-1	0	-1	5	360	3	2	0	0	30862	30862	30862	30862	30862	30862	30862	30862	30862	30862	30862	30862	30862	30862	30862	30862		1	0	0	0	1	1
4105	4105	-1	通法下卷·入骨（8级）	Weapon2Skill2_11	-1	0	0	1	1	1	-1	-1	1	0	2	171					1366	-1	0	0	0	2	-1	-1	-1	-1	-1	-1	-1	-1	189	身体受击点	-1	7	1200	0	10	-1	1	-1	0	0	0	-1	-1	0	-1	5	360	3	2	0	0	30863	30863	30863	30863	30863	30863	30863	30863	30863	30863	30863	30863	30863	30863	30863	30863		1	0	0	0	1	1
4106	4106	-1	通法下卷·入骨（9级）	Weapon2Skill2_11	-1	0	0	1	1	1	-1	-1	1	0	2	171					1366	-1	0	0	0	2	-1	-1	-1	-1	-1	-1	-1	-1	189	身体受击点	-1	7	1200	0	10	-1	1	-1	0	0	0	-1	-1	0	-1	5	360	3	2	0	0	30864	30864	30864	30864	30864	30864	30864	30864	30864	30864	30864	30864	30864	30864	30864	30864		1	0	0	0	1	1
4107	4107	-1	通法下卷·入骨（10级）	Weapon2Skill2_11	-1	0	0	1	1	1	-1	-1	1	0	2	171					1366	-1	0	0	0	2	-1	-1	-1	-1	-1	-1	-1	-1	189	身体受击点	-1	7	1200	0	10	-1	1	-1	0	0	0	-1	-1	0	-1	5	360	4	2	0	0	30865	30865	30865	30865	30865	30865	30865	30865	30865	30865	30865	30865	30865	30865	30865	30865		1	0	0	0	1	1
4108	4108	-1	通法下卷·入骨（1级）	Weapon2Skill2_11	-1	0	0	1	1	1	-1	-1	1	0	2	171					1345	-1	0	0	0	2	-1	-1	-1	-1	-1	-1	-1	-1	189	身体受击点	-1	7	1200	0	15	-1	1	-1	0	0	0	-1	-1	0	-1	5	360	2	2	0	0	30866	30866	30866	30866	30866	30866	30866	30866	30866	30866	30866	30866	30866	30866	30866	30866		1	0	0	0	1	1
4109	4109	-1	通法下卷·入骨（2级）	Weapon2Skill2_11	-1	0	0	1	1	1	-1	-1	1	0	2	171					1345	-1	0	0	0	2	-1	-1	-1	-1	-1	-1	-1	-1	189	身体受击点	-1	7	1200	0	15	-1	1	-1	0	0	0	-1	-1	0	-1	5	360	2	2	0	0	30867	30867	30867	30867	30867	30867	30867	30867	30867	30867	30867	30867	30867	30867	30867	30867		1	0	0	0	1	1
4110	4110	-1	通法下卷·入骨（3级）	Weapon2Skill2_11	-1	0	0	1	1	1	-1	-1	1	0	2	171					1345	-1	0	0	0	2	-1	-1	-1	-1	-1	-1	-1	-1	189	身体受击点	-1	7	1200	0	15	-1	1	-1	0	0	0	-1	-1	0	-1	5	360	2	2	0	0	30868	30868	30868	30868	30868	30868	30868	30868	30868	30868	30868	30868	30868	30868	30868	30868		1	0	0	0	1	1
4111	4111	-1	通法下卷·入骨（4级）	Weapon2Skill2_11	-1	0	0	1	1	1	-1	-1	1	0	2	171					1345	-1	0	0	0	2	-1	-1	-1	-1	-1	-1	-1	-1	189	身体受击点	-1	7	1200	0	15	-1	1	-1	0	0	0	-1	-1	0	-1	5	360	2	2	0	0	30869	30869	30869	30869	30869	30869	30869	30869	30869	30869	30869	30869	30869	30869	30869	30869		1	0	0	0	1	1
4112	4112	-1	通法下卷·入骨（5级）	Weapon2Skill2_11	-1	0	0	1	1	1	-1	-1	1	0	2	171					1345	-1	0	0	0	2	-1	-1	-1	-1	-1	-1	-1	-1	189	身体受击点	-1	7	1200	0	15	-1	1	-1	0	0	0	-1	-1	0	-1	5	360	3	2	0	0	30870	30870	30870	30870	30870	30870	30870	30870	30870	30870	30870	30870	30870	30870	30870	30870		1	0	0	0	1	1
4113	4113	-1	通法下卷·入骨（6级）	Weapon2Skill2_11	-1	0	0	1	1	1	-1	-1	1	0	2	171					1345	-1	0	0	0	2	-1	-1	-1	-1	-1	-1	-1	-1	189	身体受击点	-1	7	1200	0	15	-1	1	-1	0	0	0	-1	-1	0	-1	5	360	3	2	0	0	30871	30871	30871	30871	30871	30871	30871	30871	30871	30871	30871	30871	30871	30871	30871	30871		1	0	0	0	1	1
4114	4114	-1	通法下卷·入骨（7级）	Weapon2Skill2_11	-1	0	0	1	1	1	-1	-1	1	0	2	171					1345	-1	0	0	0	2	-1	-1	-1	-1	-1	-1	-1	-1	189	身体受击点	-1	7	1200	0	15	-1	1	-1	0	0	0	-1	-1	0	-1	5	360	3	2	0	0	30872	30872	30872	30872	30872	30872	30872	30872	30872	30872	30872	30872	30872	30872	30872	30872		1	0	0	0	1	1
4115	4115	-1	通法下卷·入骨（8级）	Weapon2Skill2_11	-1	0	0	1	1	1	-1	-1	1	0	2	171					1345	-1	0	0	0	2	-1	-1	-1	-1	-1	-1	-1	-1	189	身体受击点	-1	7	1200	0	15	-1	1	-1	0	0	0	-1	-1	0	-1	5	360	3	2	0	0	30873	30873	30873	30873	30873	30873	30873	30873	30873	30873	30873	30873	30873	30873	30873	30873		1	0	0	0	1	1
4116	4116	-1	通法下卷·入骨（9级）	Weapon2Skill2_11	-1	0	0	1	1	1	-1	-1	1	0	2	171					1345	-1	0	0	0	2	-1	-1	-1	-1	-1	-1	-1	-1	189	身体受击点	-1	7	1200	0	15	-1	1	-1	0	0	0	-1	-1	0	-1	5	360	3	2	0	0	30874	30874	30874	30874	30874	30874	30874	30874	30874	30874	30874	30874	30874	30874	30874	30874		1	0	0	0	1	1
4117	4117	-1	通法下卷·入骨（10级）	Weapon2Skill2_11	-1	0	0	1	1	1	-1	-1	1	0	2	171					1345	-1	0	0	0	2	-1	-1	-1	-1	-1	-1	-1	-1	189	身体受击点	-1	7	1200	0	15	-1	1	-1	0	0	0	-1	-1	0	-1	5	360	4	2	0	0	30875	30875	30875	30875	30875	30875	30875	30875	30875	30875	30875	30875	30875	30875	30875	30875		1	0	0	0	1	1
4118	4118	-1	通法下卷·入骨（1级）	Weapon2Skill2_11	-1	0	0	1	1	1	-1	-1	1	0	2	171					1351	-1	0	0	0	2	-1	-1	-1	-1	-1	-1	-1	-1	189	身体受击点	-1	7	1200	0	10	-1	1	-1	0	0	0	-1	-1	0	-1	5	360	2	2	0	0	30876	30876	30876	30876	30876	30876	30876	30876	30876	30876	30876	30876	30876	30876	30876	30876		1	0	0	0	1	1
4119	4119	-1	通法下卷·入骨（2级）	Weapon2Skill2_11	-1	0	0	1	1	1	-1	-1	1	0	2	171					1351	-1	0	0	0	2	-1	-1	-1	-1	-1	-1	-1	-1	189	身体受击点	-1	7	1200	0	10	-1	1	-1	0	0	0	-1	-1	0	-1	5	360	2	2	0	0	30877	30877	30877	30877	30877	30877	30877	30877	30877	30877	30877	30877	30877	30877	30877	30877		1	0	0	0	1	1
4120	4120	-1	通法下卷·入骨（3级）	Weapon2Skill2_11	-1	0	0	1	1	1	-1	-1	1	0	2	171					1351	-1	0	0	0	2	-1	-1	-1	-1	-1	-1	-1	-1	189	身体受击点	-1	7	1200	0	10	-1	1	-1	0	0	0	-1	-1	0	-1	5	360	2	2	0	0	30878	30878	30878	30878	30878	30878	30878	30878	30878	30878	30878	30878	30878	30878	30878	30878		1	0	0	0	1	1
4121	4121	-1	通法下卷·入骨（4级）	Weapon2Skill2_11	-1	0	0	1	1	1	-1	-1	1	0	2	171					1351	-1	0	0	0	2	-1	-1	-1	-1	-1	-1	-1	-1	189	身体受击点	-1	7	1200	0	10	-1	1	-1	0	0	0	-1	-1	0	-1	5	360	2	2	0	0	30879	30879	30879	30879	30879	30879	30879	30879	30879	30879	30879	30879	30879	30879	30879	30879		1	0	0	0	1	1
4122	4122	-1	通法下卷·入骨（5级）	Weapon2Skill2_11	-1	0	0	1	1	1	-1	-1	1	0	2	171					1351	-1	0	0	0	2	-1	-1	-1	-1	-1	-1	-1	-1	189	身体受击点	-1	7	1200	0	10	-1	1	-1	0	0	0	-1	-1	0	-1	5	360	3	2	0	0	30880	30880	30880	30880	30880	30880	30880	30880	30880	30880	30880	30880	30880	30880	30880	30880		1	0	0	0	1	1
4123	4123	-1	通法下卷·入骨（6级）	Weapon2Skill2_11	-1	0	0	1	1	1	-1	-1	1	0	2	171					1351	-1	0	0	0	2	-1	-1	-1	-1	-1	-1	-1	-1	189	身体受击点	-1	7	1200	0	10	-1	1	-1	0	0	0	-1	-1	0	-1	5	360	3	2	0	0	30881	30881	30881	30881	30881	30881	30881	30881	30881	30881	30881	30881	30881	30881	30881	30881		1	0	0	0	1	1
4124	4124	-1	通法下卷·入骨（7级）	Weapon2Skill2_11	-1	0	0	1	1	1	-1	-1	1	0	2	171					1351	-1	0	0	0	2	-1	-1	-1	-1	-1	-1	-1	-1	189	身体受击点	-1	7	1200	0	10	-1	1	-1	0	0	0	-1	-1	0	-1	5	360	3	2	0	0	30882	30882	30882	30882	30882	30882	30882	30882	30882	30882	30882	30882	30882	30882	30882	30882		1	0	0	0	1	1
4125	4125	-1	通法下卷·入骨（8级）	Weapon2Skill2_11	-1	0	0	1	1	1	-1	-1	1	0	2	171					1351	-1	0	0	0	2	-1	-1	-1	-1	-1	-1	-1	-1	189	身体受击点	-1	7	1200	0	10	-1	1	-1	0	0	0	-1	-1	0	-1	5	360	3	2	0	0	30883	30883	30883	30883	30883	30883	30883	30883	30883	30883	30883	30883	30883	30883	30883	30883		1	0	0	0	1	1
4126	4126	-1	通法下卷·入骨（9级）	Weapon2Skill2_11	-1	0	0	1	1	1	-1	-1	1	0	2	171					1351	-1	0	0	0	2	-1	-1	-1	-1	-1	-1	-1	-1	189	身体受击点	-1	7	1200	0	10	-1	1	-1	0	0	0	-1	-1	0	-1	5	360	3	2	0	0	30884	30884	30884	30884	30884	30884	30884	30884	30884	30884	30884	30884	30884	30884	30884	30884		1	0	0	0	1	1
4127	4127	-1	通法下卷·入骨（10级）	Weapon2Skill2_11	-1	0	0	1	1	1	-1	-1	1	0	2	171					1351	-1	0	0	0	2	-1	-1	-1	-1	-1	-1	-1	-1	189	身体受击点	-1	7	1200	0	10	-1	1	-1	0	0	0	-1	-1	0	-1	5	360	4	2	0	0	30885	30885	30885	30885	30885	30885	30885	30885	30885	30885	30885	30885	30885	30885	30885	30885		1	0	0	0	1	1
4128	4128	-1	通法下卷·入骨（1级）	Weapon2Skill2_11	-1	0	0	1	1	1	-1	-1	1	0	0	171				1374	1339	-1	0	0	0	2	-1	-1	-1	-1	-1	-1	-1	-1	189	身体受击点	-1	7	1200	0	7	-1	1	-1	0	0	0	-1	-1	0	-1	5	360	2	2	0	0	30886	30886	30886	30886	30886	30886	30886	30886	30886	30886	30886	30886	30886	30886	30886	30886		1	0	0	0	1	1
4129	4129	-1	通法下卷·入骨（2级）	Weapon2Skill2_11	-1	0	0	1	1	1	-1	-1	1	0	0	171				1374	1339	-1	0	0	0	2	-1	-1	-1	-1	-1	-1	-1	-1	189	身体受击点	-1	7	1200	0	7	-1	1	-1	0	0	0	-1	-1	0	-1	5	360	2	2	0	0	30887	30887	30887	30887	30887	30887	30887	30887	30887	30887	30887	30887	30887	30887	30887	30887		1	0	0	0	1	1
4130	4130	-1	通法下卷·入骨（3级）	Weapon2Skill2_11	-1	0	0	1	1	1	-1	-1	1	0	0	171				1374	1339	-1	0	0	0	2	-1	-1	-1	-1	-1	-1	-1	-1	189	身体受击点	-1	7	1200	0	7	-1	1	-1	0	0	0	-1	-1	0	-1	5	360	2	2	0	0	30888	30888	30888	30888	30888	30888	30888	30888	30888	30888	30888	30888	30888	30888	30888	30888		1	0	0	0	1	1
4131	4131	-1	通法下卷·入骨（4级）	Weapon2Skill2_11	-1	0	0	1	1	1	-1	-1	1	0	0	171				1374	1339	-1	0	0	0	2	-1	-1	-1	-1	-1	-1	-1	-1	189	身体受击点	-1	7	1200	0	7	-1	1	-1	0	0	0	-1	-1	0	-1	5	360	2	2	0	0	30889	30889	30889	30889	30889	30889	30889	30889	30889	30889	30889	30889	30889	30889	30889	30889		1	0	0	0	1	1
4132	4132	-1	通法下卷·入骨（5级）	Weapon2Skill2_11	-1	0	0	1	1	1	-1	-1	1	0	0	171				1374	1339	-1	0	0	0	2	-1	-1	-1	-1	-1	-1	-1	-1	189	身体受击点	-1	7	1200	0	7	-1	1	-1	0	0	0	-1	-1	0	-1	5	360	3	2	0	0	30890	30890	30890	30890	30890	30890	30890	30890	30890	30890	30890	30890	30890	30890	30890	30890		1	0	0	0	1	1
4133	4133	-1	通法下卷·入骨（6级）	Weapon2Skill2_11	-1	0	0	1	1	1	-1	-1	1	0	0	171				1374	1339	-1	0	0	0	2	-1	-1	-1	-1	-1	-1	-1	-1	189	身体受击点	-1	7	1200	0	7	-1	1	-1	0	0	0	-1	-1	0	-1	5	360	3	2	0	0	30891	30891	30891	30891	30891	30891	30891	30891	30891	30891	30891	30891	30891	30891	30891	30891		1	0	0	0	1	1
4134	4134	-1	通法下卷·入骨（7级）	Weapon2Skill2_11	-1	0	0	1	1	1	-1	-1	1	0	0	171				1374	1339	-1	0	0	0	2	-1	-1	-1	-1	-1	-1	-1	-1	189	身体受击点	-1	7	1200	0	7	-1	1	-1	0	0	0	-1	-1	0	-1	5	360	3	2	0	0	30892	30892	30892	30892	30892	30892	30892	30892	30892	30892	30892	30892	30892	30892	30892	30892		1	0	0	0	1	1
4135	4135	-1	通法下卷·入骨（8级）	Weapon2Skill2_11	-1	0	0	1	1	1	-1	-1	1	0	0	171				1374	1339	-1	0	0	0	2	-1	-1	-1	-1	-1	-1	-1	-1	189	身体受击点	-1	7	1200	0	7	-1	1	-1	0	0	0	-1	-1	0	-1	5	360	3	2	0	0	30893	30893	30893	30893	30893	30893	30893	30893	30893	30893	30893	30893	30893	30893	30893	30893		1	0	0	0	1	1
4136	4136	-1	通法下卷·入骨（9级）	Weapon2Skill2_11	-1	0	0	1	1	1	-1	-1	1	0	0	171				1374	1339	-1	0	0	0	2	-1	-1	-1	-1	-1	-1	-1	-1	189	身体受击点	-1	7	1200	0	7	-1	1	-1	0	0	0	-1	-1	0	-1	5	360	3	2	0	0	30894	30894	30894	30894	30894	30894	30894	30894	30894	30894	30894	30894	30894	30894	30894	30894		1	0	0	0	1	1
4137	4137	-1	通法下卷·入骨（10级）	Weapon2Skill2_11	-1	0	0	1	1	1	-1	-1	1	0	0	171				1374	1339	-1	0	0	0	2	-1	-1	-1	-1	-1	-1	-1	-1	189	身体受击点	-1	7	1200	0	7	-1	1	-1	0	0	0	-1	-1	0	-1	5	360	4	2	0	0	30895	30895	30895	30895	30895	30895	30895	30895	30895	30895	30895	30895	30895	30895	30895	30895		1	0	0	0	1	1
4138	4138	-1	通法下卷·入骨（1级）	Weapon2Skill2_11	-1	0	0	1	1	1	-1	-1	1	0	2	171					1371	-1	0	0	0	2	-1	-1	-1	-1	-1	-1	-1	-1	189	身体受击点	-1	7	1200	0	2	-1	1	-1	0	0	0	-1	-1	0	-1	5	360	2	2	0	0	30896	30896	30896	30896	30896	30896	30896	30896	30896	30896	30896	30896	30896	30896	30896	30896		1	0	0	0	1	1
4139	4139	-1	通法下卷·入骨（2级）	Weapon2Skill2_11	-1	0	0	1	1	1	-1	-1	1	0	2	171					1371	-1	0	0	0	2	-1	-1	-1	-1	-1	-1	-1	-1	189	身体受击点	-1	7	1200	0	2	-1	1	-1	0	0	0	-1	-1	0	-1	5	360	2	2	0	0	30897	30897	30897	30897	30897	30897	30897	30897	30897	30897	30897	30897	30897	30897	30897	30897		1	0	0	0	1	1
4140	4140	-1	通法下卷·入骨（3级）	Weapon2Skill2_11	-1	0	0	1	1	1	-1	-1	1	0	2	171					1371	-1	0	0	0	2	-1	-1	-1	-1	-1	-1	-1	-1	189	身体受击点	-1	7	1200	0	2	-1	1	-1	0	0	0	-1	-1	0	-1	5	360	2	2	0	0	30898	30898	30898	30898	30898	30898	30898	30898	30898	30898	30898	30898	30898	30898	30898	30898		1	0	0	0	1	1
4141	4141	-1	通法下卷·入骨（4级）	Weapon2Skill2_11	-1	0	0	1	1	1	-1	-1	1	0	2	171					1371	-1	0	0	0	2	-1	-1	-1	-1	-1	-1	-1	-1	189	身体受击点	-1	7	1200	0	2	-1	1	-1	0	0	0	-1	-1	0	-1	5	360	2	2	0	0	30899	30899	30899	30899	30899	30899	30899	30899	30899	30899	30899	30899	30899	30899	30899	30899		1	0	0	0	1	1
4142	4142	-1	通法下卷·入骨（5级）	Weapon2Skill2_11	-1	0	0	1	1	1	-1	-1	1	0	2	171					1371	-1	0	0	0	2	-1	-1	-1	-1	-1	-1	-1	-1	189	身体受击点	-1	7	1200	0	2	-1	1	-1	0	0	0	-1	-1	0	-1	5	360	3	2	0	0	30900	30900	30900	30900	30900	30900	30900	30900	30900	30900	30900	30900	30900	30900	30900	30900		1	0	0	0	1	1
4143	4143	-1	通法下卷·入骨（6级）	Weapon2Skill2_11	-1	0	0	1	1	1	-1	-1	1	0	2	171					1371	-1	0	0	0	2	-1	-1	-1	-1	-1	-1	-1	-1	189	身体受击点	-1	7	1200	0	2	-1	1	-1	0	0	0	-1	-1	0	-1	5	360	3	2	0	0	30901	30901	30901	30901	30901	30901	30901	30901	30901	30901	30901	30901	30901	30901	30901	30901		1	0	0	0	1	1
4144	4144	-1	通法下卷·入骨（7级）	Weapon2Skill2_11	-1	0	0	1	1	1	-1	-1	1	0	2	171					1371	-1	0	0	0	2	-1	-1	-1	-1	-1	-1	-1	-1	189	身体受击点	-1	7	1200	0	2	-1	1	-1	0	0	0	-1	-1	0	-1	5	360	3	2	0	0	30902	30902	30902	30902	30902	30902	30902	30902	30902	30902	30902	30902	30902	30902	30902	30902		1	0	0	0	1	1
4145	4145	-1	通法下卷·入骨（8级）	Weapon2Skill2_11	-1	0	0	1	1	1	-1	-1	1	0	2	171					1371	-1	0	0	0	2	-1	-1	-1	-1	-1	-1	-1	-1	189	身体受击点	-1	7	1200	0	2	-1	1	-1	0	0	0	-1	-1	0	-1	5	360	3	2	0	0	30903	30903	30903	30903	30903	30903	30903	30903	30903	30903	30903	30903	30903	30903	30903	30903		1	0	0	0	1	1
4146	4146	-1	通法下卷·入骨（9级）	Weapon2Skill2_11	-1	0	0	1	1	1	-1	-1	1	0	2	171					1371	-1	0	0	0	2	-1	-1	-1	-1	-1	-1	-1	-1	189	身体受击点	-1	7	1200	0	2	-1	1	-1	0	0	0	-1	-1	0	-1	5	360	3	2	0	0	30904	30904	30904	30904	30904	30904	30904	30904	30904	30904	30904	30904	30904	30904	30904	30904		1	0	0	0	1	1
4147	4147	-1	通法下卷·入骨（10级）	Weapon2Skill2_11	-1	0	0	1	1	1	-1	-1	1	0	2	171					1371	-1	0	0	0	2	-1	-1	-1	-1	-1	-1	-1	-1	189	身体受击点	-1	7	1200	0	2	-1	1	-1	0	0	0	-1	-1	0	-1	5	360	4	2	0	0	30905	30905	30905	30905	30905	30905	30905	30905	30905	30905	30905	30905	30905	30905	30905	30905		1	0	0	0	1	1
4148	4148	-1	通法下卷·入骨（1级）	Weapon2Skill2_11	-1	0	0	1	1	1	-1	-1	1	0	2	171					1347	-1	0	0	0	2	-1	-1	-1	-1	-1	-1	-1	-1	189	身体受击点	-1	7	1200	0	5	-1	1	-1	0	0	0	-1	-1	0	-1	5	360	2	2	0	0	30906	30906	30906	30906	30906	30906	30906	30906	30906	30906	30906	30906	30906	30906	30906	30906		1	0	0	0	1	1
4149	4149	-1	通法下卷·入骨（2级）	Weapon2Skill2_11	-1	0	0	1	1	1	-1	-1	1	0	2	171					1347	-1	0	0	0	2	-1	-1	-1	-1	-1	-1	-1	-1	189	身体受击点	-1	7	1200	0	5	-1	1	-1	0	0	0	-1	-1	0	-1	5	360	2	2	0	0	30907	30907	30907	30907	30907	30907	30907	30907	30907	30907	30907	30907	30907	30907	30907	30907		1	0	0	0	1	1
4150	4150	-1	通法下卷·入骨（3级）	Weapon2Skill2_11	-1	0	0	1	1	1	-1	-1	1	0	2	171					1347	-1	0	0	0	2	-1	-1	-1	-1	-1	-1	-1	-1	189	身体受击点	-1	7	1200	0	5	-1	1	-1	0	0	0	-1	-1	0	-1	5	360	2	2	0	0	30908	30908	30908	30908	30908	30908	30908	30908	30908	30908	30908	30908	30908	30908	30908	30908		1	0	0	0	1	1
4151	4151	-1	通法下卷·入骨（4级）	Weapon2Skill2_11	-1	0	0	1	1	1	-1	-1	1	0	2	171					1347	-1	0	0	0	2	-1	-1	-1	-1	-1	-1	-1	-1	189	身体受击点	-1	7	1200	0	5	-1	1	-1	0	0	0	-1	-1	0	-1	5	360	2	2	0	0	30909	30909	30909	30909	30909	30909	30909	30909	30909	30909	30909	30909	30909	30909	30909	30909		1	0	0	0	1	1
4152	4152	-1	通法下卷·入骨（5级）	Weapon2Skill2_11	-1	0	0	1	1	1	-1	-1	1	0	2	171					1347	-1	0	0	0	2	-1	-1	-1	-1	-1	-1	-1	-1	189	身体受击点	-1	7	1200	0	5	-1	1	-1	0	0	0	-1	-1	0	-1	5	360	3	2	0	0	30910	30910	30910	30910	30910	30910	30910	30910	30910	30910	30910	30910	30910	30910	30910	30910		1	0	0	0	1	1
4153	4153	-1	通法下卷·入骨（6级）	Weapon2Skill2_11	-1	0	0	1	1	1	-1	-1	1	0	2	171					1347	-1	0	0	0	2	-1	-1	-1	-1	-1	-1	-1	-1	189	身体受击点	-1	7	1200	0	5	-1	1	-1	0	0	0	-1	-1	0	-1	5	360	3	2	0	0	30911	30911	30911	30911	30911	30911	30911	30911	30911	30911	30911	30911	30911	30911	30911	30911		1	0	0	0	1	1
4154	4154	-1	通法下卷·入骨（7级）	Weapon2Skill2_11	-1	0	0	1	1	1	-1	-1	1	0	2	171					1347	-1	0	0	0	2	-1	-1	-1	-1	-1	-1	-1	-1	189	身体受击点	-1	7	1200	0	5	-1	1	-1	0	0	0	-1	-1	0	-1	5	360	3	2	0	0	30912	30912	30912	30912	30912	30912	30912	30912	30912	30912	30912	30912	30912	30912	30912	30912		1	0	0	0	1	1
4155	4155	-1	通法下卷·入骨（8级）	Weapon2Skill2_11	-1	0	0	1	1	1	-1	-1	1	0	2	171					1347	-1	0	0	0	2	-1	-1	-1	-1	-1	-1	-1	-1	189	身体受击点	-1	7	1200	0	5	-1	1	-1	0	0	0	-1	-1	0	-1	5	360	3	2	0	0	30913	30913	30913	30913	30913	30913	30913	30913	30913	30913	30913	30913	30913	30913	30913	30913		1	0	0	0	1	1
4156	4156	-1	通法下卷·入骨（9级）	Weapon2Skill2_11	-1	0	0	1	1	1	-1	-1	1	0	2	171					1347	-1	0	0	0	2	-1	-1	-1	-1	-1	-1	-1	-1	189	身体受击点	-1	7	1200	0	5	-1	1	-1	0	0	0	-1	-1	0	-1	5	360	3	2	0	0	30914	30914	30914	30914	30914	30914	30914	30914	30914	30914	30914	30914	30914	30914	30914	30914		1	0	0	0	1	1
4157	4157	-1	通法下卷·入骨（10级）	Weapon2Skill2_11	-1	0	0	1	1	1	-1	-1	1	0	2	171					1347	-1	0	0	0	2	-1	-1	-1	-1	-1	-1	-1	-1	189	身体受击点	-1	7	1200	0	5	-1	1	-1	0	0	0	-1	-1	0	-1	5	360	4	2	0	0	30915	30915	30915	30915	30915	30915	30915	30915	30915	30915	30915	30915	30915	30915	30915	30915		1	0	0	0	1	1
4158	4158	-1	通法下卷·入骨（1级）	Weapon2Skill2_11	-1	0	0	1	1	1	-1	-1	1	0	2	171					1355	-1	0	0	0	2	-1	-1	-1	-1	-1	-1	-1	-1	189	身体受击点	-1	7	1200	0	2	-1	1	-1	0	0	0	-1	-1	0	-1	5	360	2	2	0	0	30916	30916	30916	30916	30916	30916	30916	30916	30916	30916	30916	30916	30916	30916	30916	30916		1	0	0	0	1	1
4159	4159	-1	通法下卷·入骨（2级）	Weapon2Skill2_11	-1	0	0	1	1	1	-1	-1	1	0	2	171					1355	-1	0	0	0	2	-1	-1	-1	-1	-1	-1	-1	-1	189	身体受击点	-1	7	1200	0	2	-1	1	-1	0	0	0	-1	-1	0	-1	5	360	2	2	0	0	30917	30917	30917	30917	30917	30917	30917	30917	30917	30917	30917	30917	30917	30917	30917	30917		1	0	0	0	1	1
4160	4160	-1	通法下卷·入骨（3级）	Weapon2Skill2_11	-1	0	0	1	1	1	-1	-1	1	0	2	171					1355	-1	0	0	0	2	-1	-1	-1	-1	-1	-1	-1	-1	189	身体受击点	-1	7	1200	0	2	-1	1	-1	0	0	0	-1	-1	0	-1	5	360	2	2	0	0	30918	30918	30918	30918	30918	30918	30918	30918	30918	30918	30918	30918	30918	30918	30918	30918		1	0	0	0	1	1
4161	4161	-1	通法下卷·入骨（4级）	Weapon2Skill2_11	-1	0	0	1	1	1	-1	-1	1	0	2	171					1355	-1	0	0	0	2	-1	-1	-1	-1	-1	-1	-1	-1	189	身体受击点	-1	7	1200	0	2	-1	1	-1	0	0	0	-1	-1	0	-1	5	360	2	2	0	0	30919	30919	30919	30919	30919	30919	30919	30919	30919	30919	30919	30919	30919	30919	30919	30919		1	0	0	0	1	1
4162	4162	-1	通法下卷·入骨（5级）	Weapon2Skill2_11	-1	0	0	1	1	1	-1	-1	1	0	2	171					1355	-1	0	0	0	2	-1	-1	-1	-1	-1	-1	-1	-1	189	身体受击点	-1	7	1200	0	2	-1	1	-1	0	0	0	-1	-1	0	-1	5	360	3	2	0	0	30920	30920	30920	30920	30920	30920	30920	30920	30920	30920	30920	30920	30920	30920	30920	30920		1	0	0	0	1	1
4163	4163	-1	通法下卷·入骨（6级）	Weapon2Skill2_11	-1	0	0	1	1	1	-1	-1	1	0	2	171					1355	-1	0	0	0	2	-1	-1	-1	-1	-1	-1	-1	-1	189	身体受击点	-1	7	1200	0	2	-1	1	-1	0	0	0	-1	-1	0	-1	5	360	3	2	0	0	30921	30921	30921	30921	30921	30921	30921	30921	30921	30921	30921	30921	30921	30921	30921	30921		1	0	0	0	1	1
4164	4164	-1	通法下卷·入骨（7级）	Weapon2Skill2_11	-1	0	0	1	1	1	-1	-1	1	0	2	171					1355	-1	0	0	0	2	-1	-1	-1	-1	-1	-1	-1	-1	189	身体受击点	-1	7	1200	0	2	-1	1	-1	0	0	0	-1	-1	0	-1	5	360	3	2	0	0	30922	30922	30922	30922	30922	30922	30922	30922	30922	30922	30922	30922	30922	30922	30922	30922		1	0	0	0	1	1
4165	4165	-1	通法下卷·入骨（8级）	Weapon2Skill2_11	-1	0	0	1	1	1	-1	-1	1	0	2	171					1355	-1	0	0	0	2	-1	-1	-1	-1	-1	-1	-1	-1	189	身体受击点	-1	7	1200	0	2	-1	1	-1	0	0	0	-1	-1	0	-1	5	360	3	2	0	0	30923	30923	30923	30923	30923	30923	30923	30923	30923	30923	30923	30923	30923	30923	30923	30923		1	0	0	0	1	1
4166	4166	-1	通法下卷·入骨（9级）	Weapon2Skill2_11	-1	0	0	1	1	1	-1	-1	1	0	2	171					1355	-1	0	0	0	2	-1	-1	-1	-1	-1	-1	-1	-1	189	身体受击点	-1	7	1200	0	2	-1	1	-1	0	0	0	-1	-1	0	-1	5	360	3	2	0	0	30924	30924	30924	30924	30924	30924	30924	30924	30924	30924	30924	30924	30924	30924	30924	30924		1	0	0	0	1	1
4167	4167	-1	通法下卷·入骨（10级）	Weapon2Skill2_11	-1	0	0	1	1	1	-1	-1	1	0	2	171					1355	-1	0	0	0	2	-1	-1	-1	-1	-1	-1	-1	-1	189	身体受击点	-1	7	1200	0	2	-1	1	-1	0	0	0	-1	-1	0	-1	5	360	4	2	0	0	30925	30925	30925	30925	30925	30925	30925	30925	30925	30925	30925	30925	30925	30925	30925	30925		1	0	0	0	1	1
4168	4168	-1	通法上卷·冰（1级）	Weapon2Skill2_5	-1	0	0	1	1	1	-1	-1	-1	0	2	169					1345	-1	0	0	0	1	-1	-1	-1	-1	-1	-1	-1	-1	-1		-1	5	1200	0	15	-1	1	-1	0	0	0	-1	-1	0	-1	0	0	-1	2	2	0	30926	30926	30926	30926	30926	30926	30926	30926	30926	30926	30926	30926	30926	30926	30926	30926		1	0	0	0	1	1
4169	4169	-1	通法上卷·冰（2级）	Weapon2Skill2_5	-1	0	0	1	1	1	-1	-1	-1	0	2	169					1345	-1	0	0	0	1	-1	-1	-1	-1	-1	-1	-1	-1	-1		-1	5	1200	0	15	-1	1	-1	0	0	0	-1	-1	0	-1	0	0	-1	2	2	0	30927	30927	30927	30927	30927	30927	30927	30927	30927	30927	30927	30927	30927	30927	30927	30927		1	0	0	0	1	1
4170	4170	-1	通法上卷·冰（3级）	Weapon2Skill2_5	-1	0	0	1	1	1	-1	-1	-1	0	2	169					1345	-1	0	0	0	1	-1	-1	-1	-1	-1	-1	-1	-1	-1		-1	5	1200	0	15	-1	1	-1	0	0	0	-1	-1	0	-1	0	0	-1	2	2	0	30928	30928	30928	30928	30928	30928	30928	30928	30928	30928	30928	30928	30928	30928	30928	30928		1	0	0	0	1	1
4171	4171	-1	通法上卷·冰（4级）	Weapon2Skill2_5	-1	0	0	1	1	1	-1	-1	-1	0	2	169					1345	-1	0	0	0	1	-1	-1	-1	-1	-1	-1	-1	-1	-1		-1	5	1200	0	15	-1	1	-1	0	0	0	-1	-1	0	-1	0	0	-1	2	2	0	30929	30929	30929	30929	30929	30929	30929	30929	30929	30929	30929	30929	30929	30929	30929	30929		1	0	0	0	1	1
4172	4172	-1	通法上卷·冰（5级）	Weapon2Skill2_5	-1	0	0	1	1	1	-1	-1	-1	0	2	169					1345	-1	0	0	0	1	-1	-1	-1	-1	-1	-1	-1	-1	-1		-1	5	1200	0	15	-1	1	-1	0	0	0	-1	-1	0	-1	0	0	-1	2	2	0	30930	30930	30930	30930	30930	30930	30930	30930	30930	30930	30930	30930	30930	30930	30930	30930		1	0	0	0	1	1
4173	4173	-1	通法上卷·冰（6级）	Weapon2Skill2_5	-1	0	0	1	1	1	-1	-1	-1	0	2	169					1345	-1	0	0	0	1	-1	-1	-1	-1	-1	-1	-1	-1	-1		-1	5	1200	0	15	-1	1	-1	0	0	0	-1	-1	0	-1	0	0	-1	2	2	0	30931	30931	30931	30931	30931	30931	30931	30931	30931	30931	30931	30931	30931	30931	30931	30931		1	0	0	0	1	1
4174	4174	-1	通法上卷·冰（7级）	Weapon2Skill2_5	-1	0	0	1	1	1	-1	-1	-1	0	2	169					1345	-1	0	0	0	1	-1	-1	-1	-1	-1	-1	-1	-1	-1		-1	5	1200	0	15	-1	1	-1	0	0	0	-1	-1	0	-1	0	0	-1	2	2	0	30932	30932	30932	30932	30932	30932	30932	30932	30932	30932	30932	30932	30932	30932	30932	30932		1	0	0	0	1	1
4175	4175	-1	通法上卷·冰（8级）	Weapon2Skill2_5	-1	0	0	1	1	1	-1	-1	-1	0	2	169					1345	-1	0	0	0	1	-1	-1	-1	-1	-1	-1	-1	-1	-1		-1	5	1200	0	15	-1	1	-1	0	0	0	-1	-1	0	-1	0	0	-1	2	2	0	30933	30933	30933	30933	30933	30933	30933	30933	30933	30933	30933	30933	30933	30933	30933	30933		1	0	0	0	1	1
4176	4176	-1	通法上卷·冰（9级）	Weapon2Skill2_5	-1	0	0	1	1	1	-1	-1	-1	0	2	169					1345	-1	0	0	0	1	-1	-1	-1	-1	-1	-1	-1	-1	-1		-1	5	1200	0	15	-1	1	-1	0	0	0	-1	-1	0	-1	0	0	-1	2	2	0	30934	30934	30934	30934	30934	30934	30934	30934	30934	30934	30934	30934	30934	30934	30934	30934		1	0	0	0	1	1
4177	4177	-1	通法上卷·冰（10级）	Weapon2Skill2_5	-1	0	0	1	1	1	-1	-1	-1	0	2	169					1345	-1	0	0	0	1	-1	-1	-1	-1	-1	-1	-1	-1	-1		-1	5	1200	0	15	-1	1	-1	0	0	0	-1	-1	0	-1	0	0	-1	2	2	0	30935	30935	30935	30935	30935	30935	30935	30935	30935	30935	30935	30935	30935	30935	30935	30935		1	0	0	0	1	1
4178	4178	-1	通法上卷·冰（1级）	Weapon2Skill2_5	-1	0	0	1	1	1	-1	-1	-1	0	2	169					1351	-1	0	0	0	1	-1	-1	-1	-1	-1	-1	-1	-1	-1		-1	5	1200	0	10	-1	1	-1	0	0	0	-1	-1	0	-1	0	0	-1	2	2	0	30936	30936	30936	30936	30936	30936	30936	30936	30936	30936	30936	30936	30936	30936	30936	30936		1	0	0	0	1	1
4179	4179	-1	通法上卷·冰（2级）	Weapon2Skill2_5	-1	0	0	1	1	1	-1	-1	-1	0	2	169					1351	-1	0	0	0	1	-1	-1	-1	-1	-1	-1	-1	-1	-1		-1	5	1200	0	10	-1	1	-1	0	0	0	-1	-1	0	-1	0	0	-1	2	2	0	30937	30937	30937	30937	30937	30937	30937	30937	30937	30937	30937	30937	30937	30937	30937	30937		1	0	0	0	1	1
4180	4180	-1	通法上卷·冰（3级）	Weapon2Skill2_5	-1	0	0	1	1	1	-1	-1	-1	0	2	169					1351	-1	0	0	0	1	-1	-1	-1	-1	-1	-1	-1	-1	-1		-1	5	1200	0	10	-1	1	-1	0	0	0	-1	-1	0	-1	0	0	-1	2	2	0	30938	30938	30938	30938	30938	30938	30938	30938	30938	30938	30938	30938	30938	30938	30938	30938		1	0	0	0	1	1
4181	4181	-1	通法上卷·冰（4级）	Weapon2Skill2_5	-1	0	0	1	1	1	-1	-1	-1	0	2	169					1351	-1	0	0	0	1	-1	-1	-1	-1	-1	-1	-1	-1	-1		-1	5	1200	0	10	-1	1	-1	0	0	0	-1	-1	0	-1	0	0	-1	2	2	0	30939	30939	30939	30939	30939	30939	30939	30939	30939	30939	30939	30939	30939	30939	30939	30939		1	0	0	0	1	1
4182	4182	-1	通法上卷·冰（5级）	Weapon2Skill2_5	-1	0	0	1	1	1	-1	-1	-1	0	2	169					1351	-1	0	0	0	1	-1	-1	-1	-1	-1	-1	-1	-1	-1		-1	5	1200	0	10	-1	1	-1	0	0	0	-1	-1	0	-1	0	0	-1	2	2	0	30940	30940	30940	30940	30940	30940	30940	30940	30940	30940	30940	30940	30940	30940	30940	30940		1	0	0	0	1	1
4183	4183	-1	通法上卷·冰（6级）	Weapon2Skill2_5	-1	0	0	1	1	1	-1	-1	-1	0	2	169					1351	-1	0	0	0	1	-1	-1	-1	-1	-1	-1	-1	-1	-1		-1	5	1200	0	10	-1	1	-1	0	0	0	-1	-1	0	-1	0	0	-1	2	2	0	30941	30941	30941	30941	30941	30941	30941	30941	30941	30941	30941	30941	30941	30941	30941	30941		1	0	0	0	1	1
4184	4184	-1	通法上卷·冰（7级）	Weapon2Skill2_5	-1	0	0	1	1	1	-1	-1	-1	0	2	169					1351	-1	0	0	0	1	-1	-1	-1	-1	-1	-1	-1	-1	-1		-1	5	1200	0	10	-1	1	-1	0	0	0	-1	-1	0	-1	0	0	-1	2	2	0	30942	30942	30942	30942	30942	30942	30942	30942	30942	30942	30942	30942	30942	30942	30942	30942		1	0	0	0	1	1
4185	4185	-1	通法上卷·冰（8级）	Weapon2Skill2_5	-1	0	0	1	1	1	-1	-1	-1	0	2	169					1351	-1	0	0	0	1	-1	-1	-1	-1	-1	-1	-1	-1	-1		-1	5	1200	0	10	-1	1	-1	0	0	0	-1	-1	0	-1	0	0	-1	2	2	0	30943	30943	30943	30943	30943	30943	30943	30943	30943	30943	30943	30943	30943	30943	30943	30943		1	0	0	0	1	1
4186	4186	-1	通法上卷·冰（9级）	Weapon2Skill2_5	-1	0	0	1	1	1	-1	-1	-1	0	2	169					1351	-1	0	0	0	1	-1	-1	-1	-1	-1	-1	-1	-1	-1		-1	5	1200	0	10	-1	1	-1	0	0	0	-1	-1	0	-1	0	0	-1	2	2	0	30944	30944	30944	30944	30944	30944	30944	30944	30944	30944	30944	30944	30944	30944	30944	30944		1	0	0	0	1	1
4187	4187	-1	通法上卷·冰（10级）	Weapon2Skill2_5	-1	0	0	1	1	1	-1	-1	-1	0	2	169					1351	-1	0	0	0	1	-1	-1	-1	-1	-1	-1	-1	-1	-1		-1	5	1200	0	10	-1	1	-1	0	0	0	-1	-1	0	-1	0	0	-1	2	2	0	30945	30945	30945	30945	30945	30945	30945	30945	30945	30945	30945	30945	30945	30945	30945	30945		1	0	0	0	1	1
4188	4188	-1	通法上卷·冰（1级）	Weapon2Skill2_5	-1	0	0	1	1	1	-1	-1	-1	0	0	169				1374	1339	-1	0	0	0	1	-1	-1	-1	-1	-1	-1	-1	-1	-1		-1	5	1200	0	7	-1	1	-1	0	0	0	-1	-1	0	-1	0	0	-1	2	2	0	30946	30946	30946	30946	30946	30946	30946	30946	30946	30946	30946	30946	30946	30946	30946	30946		1	0	0	0	1	1
4189	4189	-1	通法上卷·冰（2级）	Weapon2Skill2_5	-1	0	0	1	1	1	-1	-1	-1	0	0	169				1374	1339	-1	0	0	0	1	-1	-1	-1	-1	-1	-1	-1	-1	-1		-1	5	1200	0	7	-1	1	-1	0	0	0	-1	-1	0	-1	0	0	-1	2	2	0	30947	30947	30947	30947	30947	30947	30947	30947	30947	30947	30947	30947	30947	30947	30947	30947		1	0	0	0	1	1
4190	4190	-1	通法上卷·冰（3级）	Weapon2Skill2_5	-1	0	0	1	1	1	-1	-1	-1	0	0	169				1374	1339	-1	0	0	0	1	-1	-1	-1	-1	-1	-1	-1	-1	-1		-1	5	1200	0	7	-1	1	-1	0	0	0	-1	-1	0	-1	0	0	-1	2	2	0	30948	30948	30948	30948	30948	30948	30948	30948	30948	30948	30948	30948	30948	30948	30948	30948		1	0	0	0	1	1
4191	4191	-1	通法上卷·冰（4级）	Weapon2Skill2_5	-1	0	0	1	1	1	-1	-1	-1	0	0	169				1374	1339	-1	0	0	0	1	-1	-1	-1	-1	-1	-1	-1	-1	-1		-1	5	1200	0	7	-1	1	-1	0	0	0	-1	-1	0	-1	0	0	-1	2	2	0	30949	30949	30949	30949	30949	30949	30949	30949	30949	30949	30949	30949	30949	30949	30949	30949		1	0	0	0	1	1
4192	4192	-1	通法上卷·冰（5级）	Weapon2Skill2_5	-1	0	0	1	1	1	-1	-1	-1	0	0	169				1374	1339	-1	0	0	0	1	-1	-1	-1	-1	-1	-1	-1	-1	-1		-1	5	1200	0	7	-1	1	-1	0	0	0	-1	-1	0	-1	0	0	-1	2	2	0	30950	30950	30950	30950	30950	30950	30950	30950	30950	30950	30950	30950	30950	30950	30950	30950		1	0	0	0	1	1
4193	4193	-1	通法上卷·冰（6级）	Weapon2Skill2_5	-1	0	0	1	1	1	-1	-1	-1	0	0	169				1374	1339	-1	0	0	0	1	-1	-1	-1	-1	-1	-1	-1	-1	-1		-1	5	1200	0	7	-1	1	-1	0	0	0	-1	-1	0	-1	0	0	-1	2	2	0	30951	30951	30951	30951	30951	30951	30951	30951	30951	30951	30951	30951	30951	30951	30951	30951		1	0	0	0	1	1
4194	4194	-1	通法上卷·冰（7级）	Weapon2Skill2_5	-1	0	0	1	1	1	-1	-1	-1	0	0	169				1374	1339	-1	0	0	0	1	-1	-1	-1	-1	-1	-1	-1	-1	-1		-1	5	1200	0	7	-1	1	-1	0	0	0	-1	-1	0	-1	0	0	-1	2	2	0	30952	30952	30952	30952	30952	30952	30952	30952	30952	30952	30952	30952	30952	30952	30952	30952		1	0	0	0	1	1
4195	4195	-1	通法上卷·冰（8级）	Weapon2Skill2_5	-1	0	0	1	1	1	-1	-1	-1	0	0	169				1374	1339	-1	0	0	0	1	-1	-1	-1	-1	-1	-1	-1	-1	-1		-1	5	1200	0	7	-1	1	-1	0	0	0	-1	-1	0	-1	0	0	-1	2	2	0	30953	30953	30953	30953	30953	30953	30953	30953	30953	30953	30953	30953	30953	30953	30953	30953		1	0	0	0	1	1
4196	4196	-1	通法上卷·冰（9级）	Weapon2Skill2_5	-1	0	0	1	1	1	-1	-1	-1	0	0	169				1374	1339	-1	0	0	0	1	-1	-1	-1	-1	-1	-1	-1	-1	-1		-1	5	1200	0	7	-1	1	-1	0	0	0	-1	-1	0	-1	0	0	-1	2	2	0	30954	30954	30954	30954	30954	30954	30954	30954	30954	30954	30954	30954	30954	30954	30954	30954		1	0	0	0	1	1
4197	4197	-1	通法上卷·冰（10级）	Weapon2Skill2_5	-1	0	0	1	1	1	-1	-1	-1	0	0	169				1374	1339	-1	0	0	0	1	-1	-1	-1	-1	-1	-1	-1	-1	-1		-1	5	1200	0	7	-1	1	-1	0	0	0	-1	-1	0	-1	0	0	-1	2	2	0	30955	30955	30955	30955	30955	30955	30955	30955	30955	30955	30955	30955	30955	30955	30955	30955		1	0	0	0	1	1
4198	4198	-1	通法上卷·冰（1级）	Weapon2Skill2_5	-1	0	0	1	1	1	-1	-1	-1	0	2	169					1371	-1	0	0	0	1	-1	-1	-1	-1	-1	-1	-1	-1	-1		-1	5	1200	0	2	-1	1	-1	0	0	0	-1	-1	0	-1	0	0	-1	2	2	0	30956	30956	30956	30956	30956	30956	30956	30956	30956	30956	30956	30956	30956	30956	30956	30956		1	0	0	0	1	1
4199	4199	-1	通法上卷·冰（2级）	Weapon2Skill2_5	-1	0	0	1	1	1	-1	-1	-1	0	2	169					1371	-1	0	0	0	1	-1	-1	-1	-1	-1	-1	-1	-1	-1		-1	5	1200	0	2	-1	1	-1	0	0	0	-1	-1	0	-1	0	0	-1	2	2	0	30957	30957	30957	30957	30957	30957	30957	30957	30957	30957	30957	30957	30957	30957	30957	30957		1	0	0	0	1	1
4200	4200	-1	通法上卷·冰（3级）	Weapon2Skill2_5	-1	0	0	1	1	1	-1	-1	-1	0	2	169					1371	-1	0	0	0	1	-1	-1	-1	-1	-1	-1	-1	-1	-1		-1	5	1200	0	2	-1	1	-1	0	0	0	-1	-1	0	-1	0	0	-1	2	2	0	30958	30958	30958	30958	30958	30958	30958	30958	30958	30958	30958	30958	30958	30958	30958	30958		1	0	0	0	1	1
4201	4201	-1	通法上卷·冰（4级）	Weapon2Skill2_5	-1	0	0	1	1	1	-1	-1	-1	0	2	169					1371	-1	0	0	0	1	-1	-1	-1	-1	-1	-1	-1	-1	-1		-1	5	1200	0	2	-1	1	-1	0	0	0	-1	-1	0	-1	0	0	-1	2	2	0	30959	30959	30959	30959	30959	30959	30959	30959	30959	30959	30959	30959	30959	30959	30959	30959		1	0	0	0	1	1
4202	4202	-1	通法上卷·冰（5级）	Weapon2Skill2_5	-1	0	0	1	1	1	-1	-1	-1	0	2	169					1371	-1	0	0	0	1	-1	-1	-1	-1	-1	-1	-1	-1	-1		-1	5	1200	0	2	-1	1	-1	0	0	0	-1	-1	0	-1	0	0	-1	2	2	0	30960	30960	30960	30960	30960	30960	30960	30960	30960	30960	30960	30960	30960	30960	30960	30960		1	0	0	0	1	1
4203	4203	-1	通法上卷·冰（6级）	Weapon2Skill2_5	-1	0	0	1	1	1	-1	-1	-1	0	2	169					1371	-1	0	0	0	1	-1	-1	-1	-1	-1	-1	-1	-1	-1		-1	5	1200	0	2	-1	1	-1	0	0	0	-1	-1	0	-1	0	0	-1	2	2	0	30961	30961	30961	30961	30961	30961	30961	30961	30961	30961	30961	30961	30961	30961	30961	30961		1	0	0	0	1	1
4204	4204	-1	通法上卷·冰（7级）	Weapon2Skill2_5	-1	0	0	1	1	1	-1	-1	-1	0	2	169					1371	-1	0	0	0	1	-1	-1	-1	-1	-1	-1	-1	-1	-1		-1	5	1200	0	2	-1	1	-1	0	0	0	-1	-1	0	-1	0	0	-1	2	2	0	30962	30962	30962	30962	30962	30962	30962	30962	30962	30962	30962	30962	30962	30962	30962	30962		1	0	0	0	1	1
4205	4205	-1	通法上卷·冰（8级）	Weapon2Skill2_5	-1	0	0	1	1	1	-1	-1	-1	0	2	169					1371	-1	0	0	0	1	-1	-1	-1	-1	-1	-1	-1	-1	-1		-1	5	1200	0	2	-1	1	-1	0	0	0	-1	-1	0	-1	0	0	-1	2	2	0	30963	30963	30963	30963	30963	30963	30963	30963	30963	30963	30963	30963	30963	30963	30963	30963		1	0	0	0	1	1
4206	4206	-1	通法上卷·冰（9级）	Weapon2Skill2_5	-1	0	0	1	1	1	-1	-1	-1	0	2	169					1371	-1	0	0	0	1	-1	-1	-1	-1	-1	-1	-1	-1	-1		-1	5	1200	0	2	-1	1	-1	0	0	0	-1	-1	0	-1	0	0	-1	2	2	0	30964	30964	30964	30964	30964	30964	30964	30964	30964	30964	30964	30964	30964	30964	30964	30964		1	0	0	0	1	1
4207	4207	-1	通法上卷·冰（10级）	Weapon2Skill2_5	-1	0	0	1	1	1	-1	-1	-1	0	2	169					1371	-1	0	0	0	1	-1	-1	-1	-1	-1	-1	-1	-1	-1		-1	5	1200	0	2	-1	1	-1	0	0	0	-1	-1	0	-1	0	0	-1	2	2	0	30965	30965	30965	30965	30965	30965	30965	30965	30965	30965	30965	30965	30965	30965	30965	30965		1	0	0	0	1	1
4208	4208	-1	通法上卷·冰（1级）	Weapon2Skill2_5	-1	0	0	1	1	1	-1	-1	-1	0	2	169					1347	-1	0	0	0	1	-1	-1	-1	-1	-1	-1	-1	-1	-1		-1	5	1200	0	5	-1	1	-1	0	0	0	-1	-1	0	-1	0	0	-1	2	2	0	30966	30966	30966	30966	30966	30966	30966	30966	30966	30966	30966	30966	30966	30966	30966	30966		1	0	0	0	1	1
4209	4209	-1	通法上卷·冰（2级）	Weapon2Skill2_5	-1	0	0	1	1	1	-1	-1	-1	0	2	169					1347	-1	0	0	0	1	-1	-1	-1	-1	-1	-1	-1	-1	-1		-1	5	1200	0	5	-1	1	-1	0	0	0	-1	-1	0	-1	0	0	-1	2	2	0	30967	30967	30967	30967	30967	30967	30967	30967	30967	30967	30967	30967	30967	30967	30967	30967		1	0	0	0	1	1
4210	4210	-1	通法上卷·冰（3级）	Weapon2Skill2_5	-1	0	0	1	1	1	-1	-1	-1	0	2	169					1347	-1	0	0	0	1	-1	-1	-1	-1	-1	-1	-1	-1	-1		-1	5	1200	0	5	-1	1	-1	0	0	0	-1	-1	0	-1	0	0	-1	2	2	0	30968	30968	30968	30968	30968	30968	30968	30968	30968	30968	30968	30968	30968	30968	30968	30968		1	0	0	0	1	1
4211	4211	-1	通法上卷·冰（4级）	Weapon2Skill2_5	-1	0	0	1	1	1	-1	-1	-1	0	2	169					1347	-1	0	0	0	1	-1	-1	-1	-1	-1	-1	-1	-1	-1		-1	5	1200	0	5	-1	1	-1	0	0	0	-1	-1	0	-1	0	0	-1	2	2	0	30969	30969	30969	30969	30969	30969	30969	30969	30969	30969	30969	30969	30969	30969	30969	30969		1	0	0	0	1	1
4212	4212	-1	通法上卷·冰（5级）	Weapon2Skill2_5	-1	0	0	1	1	1	-1	-1	-1	0	2	169					1347	-1	0	0	0	1	-1	-1	-1	-1	-1	-1	-1	-1	-1		-1	5	1200	0	5	-1	1	-1	0	0	0	-1	-1	0	-1	0	0	-1	2	2	0	30970	30970	30970	30970	30970	30970	30970	30970	30970	30970	30970	30970	30970	30970	30970	30970		1	0	0	0	1	1
4213	4213	-1	通法上卷·冰（6级）	Weapon2Skill2_5	-1	0	0	1	1	1	-1	-1	-1	0	2	169					1347	-1	0	0	0	1	-1	-1	-1	-1	-1	-1	-1	-1	-1		-1	5	1200	0	5	-1	1	-1	0	0	0	-1	-1	0	-1	0	0	-1	2	2	0	30971	30971	30971	30971	30971	30971	30971	30971	30971	30971	30971	30971	30971	30971	30971	30971		1	0	0	0	1	1
4214	4214	-1	通法上卷·冰（7级）	Weapon2Skill2_5	-1	0	0	1	1	1	-1	-1	-1	0	2	169					1347	-1	0	0	0	1	-1	-1	-1	-1	-1	-1	-1	-1	-1		-1	5	1200	0	5	-1	1	-1	0	0	0	-1	-1	0	-1	0	0	-1	2	2	0	30972	30972	30972	30972	30972	30972	30972	30972	30972	30972	30972	30972	30972	30972	30972	30972		1	0	0	0	1	1
4215	4215	-1	通法上卷·冰（8级）	Weapon2Skill2_5	-1	0	0	1	1	1	-1	-1	-1	0	2	169					1347	-1	0	0	0	1	-1	-1	-1	-1	-1	-1	-1	-1	-1		-1	5	1200	0	5	-1	1	-1	0	0	0	-1	-1	0	-1	0	0	-1	2	2	0	30973	30973	30973	30973	30973	30973	30973	30973	30973	30973	30973	30973	30973	30973	30973	30973		1	0	0	0	1	1
4216	4216	-1	通法上卷·冰（9级）	Weapon2Skill2_5	-1	0	0	1	1	1	-1	-1	-1	0	2	169					1347	-1	0	0	0	1	-1	-1	-1	-1	-1	-1	-1	-1	-1		-1	5	1200	0	5	-1	1	-1	0	0	0	-1	-1	0	-1	0	0	-1	2	2	0	30974	30974	30974	30974	30974	30974	30974	30974	30974	30974	30974	30974	30974	30974	30974	30974		1	0	0	0	1	1
4217	4217	-1	通法上卷·冰（10级）	Weapon2Skill2_5	-1	0	0	1	1	1	-1	-1	-1	0	2	169					1347	-1	0	0	0	1	-1	-1	-1	-1	-1	-1	-1	-1	-1		-1	5	1200	0	5	-1	1	-1	0	0	0	-1	-1	0	-1	0	0	-1	2	2	0	30975	30975	30975	30975	30975	30975	30975	30975	30975	30975	30975	30975	30975	30975	30975	30975		1	0	0	0	1	1
4218	4218	-1	通法上卷·冰（1级）	Weapon2Skill2_5	-1	0	0	1	1	1	-1	-1	-1	0	2	169					1355	-1	0	0	0	1	-1	-1	-1	-1	-1	-1	-1	-1	-1		-1	5	1200	0	2	-1	1	-1	0	0	0	-1	-1	0	-1	0	0	-1	2	2	0	30976	30976	30976	30976	30976	30976	30976	30976	30976	30976	30976	30976	30976	30976	30976	30976		1	0	0	0	1	1
4219	4219	-1	通法上卷·冰（2级）	Weapon2Skill2_5	-1	0	0	1	1	1	-1	-1	-1	0	2	169					1355	-1	0	0	0	1	-1	-1	-1	-1	-1	-1	-1	-1	-1		-1	5	1200	0	2	-1	1	-1	0	0	0	-1	-1	0	-1	0	0	-1	2	2	0	30977	30977	30977	30977	30977	30977	30977	30977	30977	30977	30977	30977	30977	30977	30977	30977		1	0	0	0	1	1
4220	4220	-1	通法上卷·冰（3级）	Weapon2Skill2_5	-1	0	0	1	1	1	-1	-1	-1	0	2	169					1355	-1	0	0	0	1	-1	-1	-1	-1	-1	-1	-1	-1	-1		-1	5	1200	0	2	-1	1	-1	0	0	0	-1	-1	0	-1	0	0	-1	2	2	0	30978	30978	30978	30978	30978	30978	30978	30978	30978	30978	30978	30978	30978	30978	30978	30978		1	0	0	0	1	1
4221	4221	-1	通法上卷·冰（4级）	Weapon2Skill2_5	-1	0	0	1	1	1	-1	-1	-1	0	2	169					1355	-1	0	0	0	1	-1	-1	-1	-1	-1	-1	-1	-1	-1		-1	5	1200	0	2	-1	1	-1	0	0	0	-1	-1	0	-1	0	0	-1	2	2	0	30979	30979	30979	30979	30979	30979	30979	30979	30979	30979	30979	30979	30979	30979	30979	30979		1	0	0	0	1	1
4222	4222	-1	通法上卷·冰（5级）	Weapon2Skill2_5	-1	0	0	1	1	1	-1	-1	-1	0	2	169					1355	-1	0	0	0	1	-1	-1	-1	-1	-1	-1	-1	-1	-1		-1	5	1200	0	2	-1	1	-1	0	0	0	-1	-1	0	-1	0	0	-1	2	2	0	30980	30980	30980	30980	30980	30980	30980	30980	30980	30980	30980	30980	30980	30980	30980	30980		1	0	0	0	1	1
4223	4223	-1	通法上卷·冰（6级）	Weapon2Skill2_5	-1	0	0	1	1	1	-1	-1	-1	0	2	169					1355	-1	0	0	0	1	-1	-1	-1	-1	-1	-1	-1	-1	-1		-1	5	1200	0	2	-1	1	-1	0	0	0	-1	-1	0	-1	0	0	-1	2	2	0	30981	30981	30981	30981	30981	30981	30981	30981	30981	30981	30981	30981	30981	30981	30981	30981		1	0	0	0	1	1
4224	4224	-1	通法上卷·冰（7级）	Weapon2Skill2_5	-1	0	0	1	1	1	-1	-1	-1	0	2	169					1355	-1	0	0	0	1	-1	-1	-1	-1	-1	-1	-1	-1	-1		-1	5	1200	0	2	-1	1	-1	0	0	0	-1	-1	0	-1	0	0	-1	2	2	0	30982	30982	30982	30982	30982	30982	30982	30982	30982	30982	30982	30982	30982	30982	30982	30982		1	0	0	0	1	1
4225	4225	-1	通法上卷·冰（8级）	Weapon2Skill2_5	-1	0	0	1	1	1	-1	-1	-1	0	2	169					1355	-1	0	0	0	1	-1	-1	-1	-1	-1	-1	-1	-1	-1		-1	5	1200	0	2	-1	1	-1	0	0	0	-1	-1	0	-1	0	0	-1	2	2	0	30983	30983	30983	30983	30983	30983	30983	30983	30983	30983	30983	30983	30983	30983	30983	30983		1	0	0	0	1	1
4226	4226	-1	通法上卷·冰（9级）	Weapon2Skill2_5	-1	0	0	1	1	1	-1	-1	-1	0	2	169					1355	-1	0	0	0	1	-1	-1	-1	-1	-1	-1	-1	-1	-1		-1	5	1200	0	2	-1	1	-1	0	0	0	-1	-1	0	-1	0	0	-1	2	2	0	30984	30984	30984	30984	30984	30984	30984	30984	30984	30984	30984	30984	30984	30984	30984	30984		1	0	0	0	1	1
4227	4227	-1	通法上卷·冰（10级）	Weapon2Skill2_5	-1	0	0	1	1	1	-1	-1	-1	0	2	169					1355	-1	0	0	0	1	-1	-1	-1	-1	-1	-1	-1	-1	-1		-1	5	1200	0	2	-1	1	-1	0	0	0	-1	-1	0	-1	0	0	-1	2	2	0	30985	30985	30985	30985	30985	30985	30985	30985	30985	30985	30985	30985	30985	30985	30985	30985		1	0	0	0	1	1
4228	4228	-1	通法上卷·火（1级）	Weapon2Skill2_7	-1	0	0	1	1	1	-1	-1	-1	0	2	169					1345	-1	0	0	0	1	-1	-1	-1	-1	-1	-1	-1	-1	-1		-1	5	1200	0	15	-1	1	-1	0	0	0	-1	-1	0	-1	0	0	-1	2	2	0	30986	30986	30986	30986	30986	30986	30986	30986	30986	30986	30986	30986	30986	30986	30986	30986		1	0	0	0	1	1
4229	4229	-1	通法上卷·火（2级）	Weapon2Skill2_7	-1	0	0	1	1	1	-1	-1	-1	0	2	169					1345	-1	0	0	0	1	-1	-1	-1	-1	-1	-1	-1	-1	-1		-1	5	1200	0	15	-1	1	-1	0	0	0	-1	-1	0	-1	0	0	-1	2	2	0	30987	30987	30987	30987	30987	30987	30987	30987	30987	30987	30987	30987	30987	30987	30987	30987		1	0	0	0	1	1
4230	4230	-1	通法上卷·火（3级）	Weapon2Skill2_7	-1	0	0	1	1	1	-1	-1	-1	0	2	169					1345	-1	0	0	0	1	-1	-1	-1	-1	-1	-1	-1	-1	-1		-1	5	1200	0	15	-1	1	-1	0	0	0	-1	-1	0	-1	0	0	-1	2	2	0	30988	30988	30988	30988	30988	30988	30988	30988	30988	30988	30988	30988	30988	30988	30988	30988		1	0	0	0	1	1
4231	4231	-1	通法上卷·火（4级）	Weapon2Skill2_7	-1	0	0	1	1	1	-1	-1	-1	0	2	169					1345	-1	0	0	0	1	-1	-1	-1	-1	-1	-1	-1	-1	-1		-1	5	1200	0	15	-1	1	-1	0	0	0	-1	-1	0	-1	0	0	-1	2	2	0	30989	30989	30989	30989	30989	30989	30989	30989	30989	30989	30989	30989	30989	30989	30989	30989		1	0	0	0	1	1
4232	4232	-1	通法上卷·火（5级）	Weapon2Skill2_7	-1	0	0	1	1	1	-1	-1	-1	0	2	169					1345	-1	0	0	0	1	-1	-1	-1	-1	-1	-1	-1	-1	-1		-1	5	1200	0	15	-1	1	-1	0	0	0	-1	-1	0	-1	0	0	-1	2	2	0	30990	30990	30990	30990	30990	30990	30990	30990	30990	30990	30990	30990	30990	30990	30990	30990		1	0	0	0	1	1
4233	4233	-1	通法上卷·火（6级）	Weapon2Skill2_7	-1	0	0	1	1	1	-1	-1	-1	0	2	169					1345	-1	0	0	0	1	-1	-1	-1	-1	-1	-1	-1	-1	-1		-1	5	1200	0	15	-1	1	-1	0	0	0	-1	-1	0	-1	0	0	-1	2	2	0	30991	30991	30991	30991	30991	30991	30991	30991	30991	30991	30991	30991	30991	30991	30991	30991		1	0	0	0	1	1
4234	4234	-1	通法上卷·火（7级）	Weapon2Skill2_7	-1	0	0	1	1	1	-1	-1	-1	0	2	169					1345	-1	0	0	0	1	-1	-1	-1	-1	-1	-1	-1	-1	-1		-1	5	1200	0	15	-1	1	-1	0	0	0	-1	-1	0	-1	0	0	-1	2	2	0	30992	30992	30992	30992	30992	30992	30992	30992	30992	30992	30992	30992	30992	30992	30992	30992		1	0	0	0	1	1
4235	4235	-1	通法上卷·火（8级）	Weapon2Skill2_7	-1	0	0	1	1	1	-1	-1	-1	0	2	169					1345	-1	0	0	0	1	-1	-1	-1	-1	-1	-1	-1	-1	-1		-1	5	1200	0	15	-1	1	-1	0	0	0	-1	-1	0	-1	0	0	-1	2	2	0	30993	30993	30993	30993	30993	30993	30993	30993	30993	30993	30993	30993	30993	30993	30993	30993		1	0	0	0	1	1
4236	4236	-1	通法上卷·火（9级）	Weapon2Skill2_7	-1	0	0	1	1	1	-1	-1	-1	0	2	169					1345	-1	0	0	0	1	-1	-1	-1	-1	-1	-1	-1	-1	-1		-1	5	1200	0	15	-1	1	-1	0	0	0	-1	-1	0	-1	0	0	-1	2	2	0	30994	30994	30994	30994	30994	30994	30994	30994	30994	30994	30994	30994	30994	30994	30994	30994		1	0	0	0	1	1
4237	4237	-1	通法上卷·火（10级）	Weapon2Skill2_7	-1	0	0	1	1	1	-1	-1	-1	0	2	169					1345	-1	0	0	0	1	-1	-1	-1	-1	-1	-1	-1	-1	-1		-1	5	1200	0	15	-1	1	-1	0	0	0	-1	-1	0	-1	0	0	-1	2	2	0	30995	30995	30995	30995	30995	30995	30995	30995	30995	30995	30995	30995	30995	30995	30995	30995		1	0	0	0	1	1
4238	4238	-1	通法上卷·火（1级）	Weapon2Skill2_7	-1	0	0	1	1	1	-1	-1	-1	0	2	169					1351	-1	0	0	0	1	-1	-1	-1	-1	-1	-1	-1	-1	-1		-1	5	1200	0	10	-1	1	-1	0	0	0	-1	-1	0	-1	0	0	-1	2	2	0	30996	30996	30996	30996	30996	30996	30996	30996	30996	30996	30996	30996	30996	30996	30996	30996		1	0	0	0	1	1
4239	4239	-1	通法上卷·火（2级）	Weapon2Skill2_7	-1	0	0	1	1	1	-1	-1	-1	0	2	169					1351	-1	0	0	0	1	-1	-1	-1	-1	-1	-1	-1	-1	-1		-1	5	1200	0	10	-1	1	-1	0	0	0	-1	-1	0	-1	0	0	-1	2	2	0	30997	30997	30997	30997	30997	30997	30997	30997	30997	30997	30997	30997	30997	30997	30997	30997		1	0	0	0	1	1
4240	4240	-1	通法上卷·火（3级）	Weapon2Skill2_7	-1	0	0	1	1	1	-1	-1	-1	0	2	169					1351	-1	0	0	0	1	-1	-1	-1	-1	-1	-1	-1	-1	-1		-1	5	1200	0	10	-1	1	-1	0	0	0	-1	-1	0	-1	0	0	-1	2	2	0	30998	30998	30998	30998	30998	30998	30998	30998	30998	30998	30998	30998	30998	30998	30998	30998		1	0	0	0	1	1
4241	4241	-1	通法上卷·火（4级）	Weapon2Skill2_7	-1	0	0	1	1	1	-1	-1	-1	0	2	169					1351	-1	0	0	0	1	-1	-1	-1	-1	-1	-1	-1	-1	-1		-1	5	1200	0	10	-1	1	-1	0	0	0	-1	-1	0	-1	0	0	-1	2	2	0	30999	30999	30999	30999	30999	30999	30999	30999	30999	30999	30999	30999	30999	30999	30999	30999		1	0	0	0	1	1
4242	4242	-1	通法上卷·火（5级）	Weapon2Skill2_7	-1	0	0	1	1	1	-1	-1	-1	0	2	169					1351	-1	0	0	0	1	-1	-1	-1	-1	-1	-1	-1	-1	-1		-1	5	1200	0	10	-1	1	-1	0	0	0	-1	-1	0	-1	0	0	-1	2	2	0	31000	31000	31000	31000	31000	31000	31000	31000	31000	31000	31000	31000	31000	31000	31000	31000		1	0	0	0	1	1
4243	4243	-1	通法上卷·火（6级）	Weapon2Skill2_7	-1	0	0	1	1	1	-1	-1	-1	0	2	169					1351	-1	0	0	0	1	-1	-1	-1	-1	-1	-1	-1	-1	-1		-1	5	1200	0	10	-1	1	-1	0	0	0	-1	-1	0	-1	0	0	-1	2	2	0	31001	31001	31001	31001	31001	31001	31001	31001	31001	31001	31001	31001	31001	31001	31001	31001		1	0	0	0	1	1
4244	4244	-1	通法上卷·火（7级）	Weapon2Skill2_7	-1	0	0	1	1	1	-1	-1	-1	0	2	169					1351	-1	0	0	0	1	-1	-1	-1	-1	-1	-1	-1	-1	-1		-1	5	1200	0	10	-1	1	-1	0	0	0	-1	-1	0	-1	0	0	-1	2	2	0	31002	31002	31002	31002	31002	31002	31002	31002	31002	31002	31002	31002	31002	31002	31002	31002		1	0	0	0	1	1
4245	4245	-1	通法上卷·火（8级）	Weapon2Skill2_7	-1	0	0	1	1	1	-1	-1	-1	0	2	169					1351	-1	0	0	0	1	-1	-1	-1	-1	-1	-1	-1	-1	-1		-1	5	1200	0	10	-1	1	-1	0	0	0	-1	-1	0	-1	0	0	-1	2	2	0	31003	31003	31003	31003	31003	31003	31003	31003	31003	31003	31003	31003	31003	31003	31003	31003		1	0	0	0	1	1
4246	4246	-1	通法上卷·火（9级）	Weapon2Skill2_7	-1	0	0	1	1	1	-1	-1	-1	0	2	169					1351	-1	0	0	0	1	-1	-1	-1	-1	-1	-1	-1	-1	-1		-1	5	1200	0	10	-1	1	-1	0	0	0	-1	-1	0	-1	0	0	-1	2	2	0	31004	31004	31004	31004	31004	31004	31004	31004	31004	31004	31004	31004	31004	31004	31004	31004		1	0	0	0	1	1
4247	4247	-1	通法上卷·火（10级）	Weapon2Skill2_7	-1	0	0	1	1	1	-1	-1	-1	0	2	169					1351	-1	0	0	0	1	-1	-1	-1	-1	-1	-1	-1	-1	-1		-1	5	1200	0	10	-1	1	-1	0	0	0	-1	-1	0	-1	0	0	-1	2	2	0	31005	31005	31005	31005	31005	31005	31005	31005	31005	31005	31005	31005	31005	31005	31005	31005		1	0	0	0	1	1
4248	4248	-1	通法上卷·火（1级）	Weapon2Skill2_7	-1	0	0	1	1	1	-1	-1	-1	0	0	169				1374	1339	-1	0	0	0	1	-1	-1	-1	-1	-1	-1	-1	-1	-1		-1	5	1200	0	7	-1	1	-1	0	0	0	-1	-1	0	-1	0	0	-1	2	2	0	31006	31006	31006	31006	31006	31006	31006	31006	31006	31006	31006	31006	31006	31006	31006	31006		1	0	0	0	1	1
4249	4249	-1	通法上卷·火（2级）	Weapon2Skill2_7	-1	0	0	1	1	1	-1	-1	-1	0	0	169				1374	1339	-1	0	0	0	1	-1	-1	-1	-1	-1	-1	-1	-1	-1		-1	5	1200	0	7	-1	1	-1	0	0	0	-1	-1	0	-1	0	0	-1	2	2	0	31007	31007	31007	31007	31007	31007	31007	31007	31007	31007	31007	31007	31007	31007	31007	31007		1	0	0	0	1	1
4250	4250	-1	通法上卷·火（3级）	Weapon2Skill2_7	-1	0	0	1	1	1	-1	-1	-1	0	0	169				1374	1339	-1	0	0	0	1	-1	-1	-1	-1	-1	-1	-1	-1	-1		-1	5	1200	0	7	-1	1	-1	0	0	0	-1	-1	0	-1	0	0	-1	2	2	0	31008	31008	31008	31008	31008	31008	31008	31008	31008	31008	31008	31008	31008	31008	31008	31008		1	0	0	0	1	1
4251	4251	-1	通法上卷·火（4级）	Weapon2Skill2_7	-1	0	0	1	1	1	-1	-1	-1	0	0	169				1374	1339	-1	0	0	0	1	-1	-1	-1	-1	-1	-1	-1	-1	-1		-1	5	1200	0	7	-1	1	-1	0	0	0	-1	-1	0	-1	0	0	-1	2	2	0	31009	31009	31009	31009	31009	31009	31009	31009	31009	31009	31009	31009	31009	31009	31009	31009		1	0	0	0	1	1
4252	4252	-1	通法上卷·火（5级）	Weapon2Skill2_7	-1	0	0	1	1	1	-1	-1	-1	0	0	169				1374	1339	-1	0	0	0	1	-1	-1	-1	-1	-1	-1	-1	-1	-1		-1	5	1200	0	7	-1	1	-1	0	0	0	-1	-1	0	-1	0	0	-1	2	2	0	31010	31010	31010	31010	31010	31010	31010	31010	31010	31010	31010	31010	31010	31010	31010	31010		1	0	0	0	1	1
4253	4253	-1	通法上卷·火（6级）	Weapon2Skill2_7	-1	0	0	1	1	1	-1	-1	-1	0	0	169				1374	1339	-1	0	0	0	1	-1	-1	-1	-1	-1	-1	-1	-1	-1		-1	5	1200	0	7	-1	1	-1	0	0	0	-1	-1	0	-1	0	0	-1	2	2	0	31011	31011	31011	31011	31011	31011	31011	31011	31011	31011	31011	31011	31011	31011	31011	31011		1	0	0	0	1	1
4254	4254	-1	通法上卷·火（7级）	Weapon2Skill2_7	-1	0	0	1	1	1	-1	-1	-1	0	0	169				1374	1339	-1	0	0	0	1	-1	-1	-1	-1	-1	-1	-1	-1	-1		-1	5	1200	0	7	-1	1	-1	0	0	0	-1	-1	0	-1	0	0	-1	2	2	0	31012	31012	31012	31012	31012	31012	31012	31012	31012	31012	31012	31012	31012	31012	31012	31012		1	0	0	0	1	1
4255	4255	-1	通法上卷·火（8级）	Weapon2Skill2_7	-1	0	0	1	1	1	-1	-1	-1	0	0	169				1374	1339	-1	0	0	0	1	-1	-1	-1	-1	-1	-1	-1	-1	-1		-1	5	1200	0	7	-1	1	-1	0	0	0	-1	-1	0	-1	0	0	-1	2	2	0	31013	31013	31013	31013	31013	31013	31013	31013	31013	31013	31013	31013	31013	31013	31013	31013		1	0	0	0	1	1
4256	4256	-1	通法上卷·火（9级）	Weapon2Skill2_7	-1	0	0	1	1	1	-1	-1	-1	0	0	169				1374	1339	-1	0	0	0	1	-1	-1	-1	-1	-1	-1	-1	-1	-1		-1	5	1200	0	7	-1	1	-1	0	0	0	-1	-1	0	-1	0	0	-1	2	2	0	31014	31014	31014	31014	31014	31014	31014	31014	31014	31014	31014	31014	31014	31014	31014	31014		1	0	0	0	1	1
4257	4257	-1	通法上卷·火（10级）	Weapon2Skill2_7	-1	0	0	1	1	1	-1	-1	-1	0	0	169				1374	1339	-1	0	0	0	1	-1	-1	-1	-1	-1	-1	-1	-1	-1		-1	5	1200	0	7	-1	1	-1	0	0	0	-1	-1	0	-1	0	0	-1	2	2	0	31015	31015	31015	31015	31015	31015	31015	31015	31015	31015	31015	31015	31015	31015	31015	31015		1	0	0	0	1	1
4258	4258	-1	通法上卷·火（1级）	Weapon2Skill2_7	-1	0	0	1	1	1	-1	-1	-1	0	2	169					1371	-1	0	0	0	1	-1	-1	-1	-1	-1	-1	-1	-1	-1		-1	5	1200	0	2	-1	1	-1	0	0	0	-1	-1	0	-1	0	0	-1	2	2	0	31016	31016	31016	31016	31016	31016	31016	31016	31016	31016	31016	31016	31016	31016	31016	31016		1	0	0	0	1	1
4259	4259	-1	通法上卷·火（2级）	Weapon2Skill2_7	-1	0	0	1	1	1	-1	-1	-1	0	2	169					1371	-1	0	0	0	1	-1	-1	-1	-1	-1	-1	-1	-1	-1		-1	5	1200	0	2	-1	1	-1	0	0	0	-1	-1	0	-1	0	0	-1	2	2	0	31017	31017	31017	31017	31017	31017	31017	31017	31017	31017	31017	31017	31017	31017	31017	31017		1	0	0	0	1	1
4260	4260	-1	通法上卷·火（3级）	Weapon2Skill2_7	-1	0	0	1	1	1	-1	-1	-1	0	2	169					1371	-1	0	0	0	1	-1	-1	-1	-1	-1	-1	-1	-1	-1		-1	5	1200	0	2	-1	1	-1	0	0	0	-1	-1	0	-1	0	0	-1	2	2	0	31018	31018	31018	31018	31018	31018	31018	31018	31018	31018	31018	31018	31018	31018	31018	31018		1	0	0	0	1	1
4261	4261	-1	通法上卷·火（4级）	Weapon2Skill2_7	-1	0	0	1	1	1	-1	-1	-1	0	2	169					1371	-1	0	0	0	1	-1	-1	-1	-1	-1	-1	-1	-1	-1		-1	5	1200	0	2	-1	1	-1	0	0	0	-1	-1	0	-1	0	0	-1	2	2	0	31019	31019	31019	31019	31019	31019	31019	31019	31019	31019	31019	31019	31019	31019	31019	31019		1	0	0	0	1	1
4262	4262	-1	通法上卷·火（5级）	Weapon2Skill2_7	-1	0	0	1	1	1	-1	-1	-1	0	2	169					1371	-1	0	0	0	1	-1	-1	-1	-1	-1	-1	-1	-1	-1		-1	5	1200	0	2	-1	1	-1	0	0	0	-1	-1	0	-1	0	0	-1	2	2	0	31020	31020	31020	31020	31020	31020	31020	31020	31020	31020	31020	31020	31020	31020	31020	31020		1	0	0	0	1	1
4263	4263	-1	通法上卷·火（6级）	Weapon2Skill2_7	-1	0	0	1	1	1	-1	-1	-1	0	2	169					1371	-1	0	0	0	1	-1	-1	-1	-1	-1	-1	-1	-1	-1		-1	5	1200	0	2	-1	1	-1	0	0	0	-1	-1	0	-1	0	0	-1	2	2	0	31021	31021	31021	31021	31021	31021	31021	31021	31021	31021	31021	31021	31021	31021	31021	31021		1	0	0	0	1	1
4264	4264	-1	通法上卷·火（7级）	Weapon2Skill2_7	-1	0	0	1	1	1	-1	-1	-1	0	2	169					1371	-1	0	0	0	1	-1	-1	-1	-1	-1	-1	-1	-1	-1		-1	5	1200	0	2	-1	1	-1	0	0	0	-1	-1	0	-1	0	0	-1	2	2	0	31022	31022	31022	31022	31022	31022	31022	31022	31022	31022	31022	31022	31022	31022	31022	31022		1	0	0	0	1	1
4265	4265	-1	通法上卷·火（8级）	Weapon2Skill2_7	-1	0	0	1	1	1	-1	-1	-1	0	2	169					1371	-1	0	0	0	1	-1	-1	-1	-1	-1	-1	-1	-1	-1		-1	5	1200	0	2	-1	1	-1	0	0	0	-1	-1	0	-1	0	0	-1	2	2	0	31023	31023	31023	31023	31023	31023	31023	31023	31023	31023	31023	31023	31023	31023	31023	31023		1	0	0	0	1	1
4266	4266	-1	通法上卷·火（9级）	Weapon2Skill2_7	-1	0	0	1	1	1	-1	-1	-1	0	2	169					1371	-1	0	0	0	1	-1	-1	-1	-1	-1	-1	-1	-1	-1		-1	5	1200	0	2	-1	1	-1	0	0	0	-1	-1	0	-1	0	0	-1	2	2	0	31024	31024	31024	31024	31024	31024	31024	31024	31024	31024	31024	31024	31024	31024	31024	31024		1	0	0	0	1	1
4267	4267	-1	通法上卷·火（10级）	Weapon2Skill2_7	-1	0	0	1	1	1	-1	-1	-1	0	2	169					1371	-1	0	0	0	1	-1	-1	-1	-1	-1	-1	-1	-1	-1		-1	5	1200	0	2	-1	1	-1	0	0	0	-1	-1	0	-1	0	0	-1	2	2	0	31025	31025	31025	31025	31025	31025	31025	31025	31025	31025	31025	31025	31025	31025	31025	31025		1	0	0	0	1	1
4268	4268	-1	通法上卷·火（1级）	Weapon2Skill2_7	-1	0	0	1	1	1	-1	-1	-1	0	2	169					1347	-1	0	0	0	1	-1	-1	-1	-1	-1	-1	-1	-1	-1		-1	5	1200	0	5	-1	1	-1	0	0	0	-1	-1	0	-1	0	0	-1	2	2	0	31026	31026	31026	31026	31026	31026	31026	31026	31026	31026	31026	31026	31026	31026	31026	31026		1	0	0	0	1	1
4269	4269	-1	通法上卷·火（2级）	Weapon2Skill2_7	-1	0	0	1	1	1	-1	-1	-1	0	2	169					1347	-1	0	0	0	1	-1	-1	-1	-1	-1	-1	-1	-1	-1		-1	5	1200	0	5	-1	1	-1	0	0	0	-1	-1	0	-1	0	0	-1	2	2	0	31027	31027	31027	31027	31027	31027	31027	31027	31027	31027	31027	31027	31027	31027	31027	31027		1	0	0	0	1	1
4270	4270	-1	通法上卷·火（3级）	Weapon2Skill2_7	-1	0	0	1	1	1	-1	-1	-1	0	2	169					1347	-1	0	0	0	1	-1	-1	-1	-1	-1	-1	-1	-1	-1		-1	5	1200	0	5	-1	1	-1	0	0	0	-1	-1	0	-1	0	0	-1	2	2	0	31028	31028	31028	31028	31028	31028	31028	31028	31028	31028	31028	31028	31028	31028	31028	31028		1	0	0	0	1	1
4271	4271	-1	通法上卷·火（4级）	Weapon2Skill2_7	-1	0	0	1	1	1	-1	-1	-1	0	2	169					1347	-1	0	0	0	1	-1	-1	-1	-1	-1	-1	-1	-1	-1		-1	5	1200	0	5	-1	1	-1	0	0	0	-1	-1	0	-1	0	0	-1	2	2	0	31029	31029	31029	31029	31029	31029	31029	31029	31029	31029	31029	31029	31029	31029	31029	31029		1	0	0	0	1	1
4272	4272	-1	通法上卷·火（5级）	Weapon2Skill2_7	-1	0	0	1	1	1	-1	-1	-1	0	2	169					1347	-1	0	0	0	1	-1	-1	-1	-1	-1	-1	-1	-1	-1		-1	5	1200	0	5	-1	1	-1	0	0	0	-1	-1	0	-1	0	0	-1	2	2	0	31030	31030	31030	31030	31030	31030	31030	31030	31030	31030	31030	31030	31030	31030	31030	31030		1	0	0	0	1	1
4273	4273	-1	通法上卷·火（6级）	Weapon2Skill2_7	-1	0	0	1	1	1	-1	-1	-1	0	2	169					1347	-1	0	0	0	1	-1	-1	-1	-1	-1	-1	-1	-1	-1		-1	5	1200	0	5	-1	1	-1	0	0	0	-1	-1	0	-1	0	0	-1	2	2	0	31031	31031	31031	31031	31031	31031	31031	31031	31031	31031	31031	31031	31031	31031	31031	31031		1	0	0	0	1	1
4274	4274	-1	通法上卷·火（7级）	Weapon2Skill2_7	-1	0	0	1	1	1	-1	-1	-1	0	2	169					1347	-1	0	0	0	1	-1	-1	-1	-1	-1	-1	-1	-1	-1		-1	5	1200	0	5	-1	1	-1	0	0	0	-1	-1	0	-1	0	0	-1	2	2	0	31032	31032	31032	31032	31032	31032	31032	31032	31032	31032	31032	31032	31032	31032	31032	31032		1	0	0	0	1	1
4275	4275	-1	通法上卷·火（8级）	Weapon2Skill2_7	-1	0	0	1	1	1	-1	-1	-1	0	2	169					1347	-1	0	0	0	1	-1	-1	-1	-1	-1	-1	-1	-1	-1		-1	5	1200	0	5	-1	1	-1	0	0	0	-1	-1	0	-1	0	0	-1	2	2	0	31033	31033	31033	31033	31033	31033	31033	31033	31033	31033	31033	31033	31033	31033	31033	31033		1	0	0	0	1	1
4276	4276	-1	通法上卷·火（9级）	Weapon2Skill2_7	-1	0	0	1	1	1	-1	-1	-1	0	2	169					1347	-1	0	0	0	1	-1	-1	-1	-1	-1	-1	-1	-1	-1		-1	5	1200	0	5	-1	1	-1	0	0	0	-1	-1	0	-1	0	0	-1	2	2	0	31034	31034	31034	31034	31034	31034	31034	31034	31034	31034	31034	31034	31034	31034	31034	31034		1	0	0	0	1	1
4277	4277	-1	通法上卷·火（10级）	Weapon2Skill2_7	-1	0	0	1	1	1	-1	-1	-1	0	2	169					1347	-1	0	0	0	1	-1	-1	-1	-1	-1	-1	-1	-1	-1		-1	5	1200	0	5	-1	1	-1	0	0	0	-1	-1	0	-1	0	0	-1	2	2	0	31035	31035	31035	31035	31035	31035	31035	31035	31035	31035	31035	31035	31035	31035	31035	31035		1	0	0	0	1	1
4278	4278	-1	通法上卷·火（1级）	Weapon2Skill2_7	-1	0	0	1	1	1	-1	-1	-1	0	2	169					1355	-1	0	0	0	1	-1	-1	-1	-1	-1	-1	-1	-1	-1		-1	5	1200	0	2	-1	1	-1	0	0	0	-1	-1	0	-1	0	0	-1	2	2	0	31036	31036	31036	31036	31036	31036	31036	31036	31036	31036	31036	31036	31036	31036	31036	31036		1	0	0	0	1	1
4279	4279	-1	通法上卷·火（2级）	Weapon2Skill2_7	-1	0	0	1	1	1	-1	-1	-1	0	2	169					1355	-1	0	0	0	1	-1	-1	-1	-1	-1	-1	-1	-1	-1		-1	5	1200	0	2	-1	1	-1	0	0	0	-1	-1	0	-1	0	0	-1	2	2	0	31037	31037	31037	31037	31037	31037	31037	31037	31037	31037	31037	31037	31037	31037	31037	31037		1	0	0	0	1	1
4280	4280	-1	通法上卷·火（3级）	Weapon2Skill2_7	-1	0	0	1	1	1	-1	-1	-1	0	2	169					1355	-1	0	0	0	1	-1	-1	-1	-1	-1	-1	-1	-1	-1		-1	5	1200	0	2	-1	1	-1	0	0	0	-1	-1	0	-1	0	0	-1	2	2	0	31038	31038	31038	31038	31038	31038	31038	31038	31038	31038	31038	31038	31038	31038	31038	31038		1	0	0	0	1	1
4281	4281	-1	通法上卷·火（4级）	Weapon2Skill2_7	-1	0	0	1	1	1	-1	-1	-1	0	2	169					1355	-1	0	0	0	1	-1	-1	-1	-1	-1	-1	-1	-1	-1		-1	5	1200	0	2	-1	1	-1	0	0	0	-1	-1	0	-1	0	0	-1	2	2	0	31039	31039	31039	31039	31039	31039	31039	31039	31039	31039	31039	31039	31039	31039	31039	31039		1	0	0	0	1	1
4282	4282	-1	通法上卷·火（5级）	Weapon2Skill2_7	-1	0	0	1	1	1	-1	-1	-1	0	2	169					1355	-1	0	0	0	1	-1	-1	-1	-1	-1	-1	-1	-1	-1		-1	5	1200	0	2	-1	1	-1	0	0	0	-1	-1	0	-1	0	0	-1	2	2	0	31040	31040	31040	31040	31040	31040	31040	31040	31040	31040	31040	31040	31040	31040	31040	31040		1	0	0	0	1	1
4283	4283	-1	通法上卷·火（6级）	Weapon2Skill2_7	-1	0	0	1	1	1	-1	-1	-1	0	2	169					1355	-1	0	0	0	1	-1	-1	-1	-1	-1	-1	-1	-1	-1		-1	5	1200	0	2	-1	1	-1	0	0	0	-1	-1	0	-1	0	0	-1	2	2	0	31041	31041	31041	31041	31041	31041	31041	31041	31041	31041	31041	31041	31041	31041	31041	31041		1	0	0	0	1	1
4284	4284	-1	通法上卷·火（7级）	Weapon2Skill2_7	-1	0	0	1	1	1	-1	-1	-1	0	2	169					1355	-1	0	0	0	1	-1	-1	-1	-1	-1	-1	-1	-1	-1		-1	5	1200	0	2	-1	1	-1	0	0	0	-1	-1	0	-1	0	0	-1	2	2	0	31042	31042	31042	31042	31042	31042	31042	31042	31042	31042	31042	31042	31042	31042	31042	31042		1	0	0	0	1	1
4285	4285	-1	通法上卷·火（8级）	Weapon2Skill2_7	-1	0	0	1	1	1	-1	-1	-1	0	2	169					1355	-1	0	0	0	1	-1	-1	-1	-1	-1	-1	-1	-1	-1		-1	5	1200	0	2	-1	1	-1	0	0	0	-1	-1	0	-1	0	0	-1	2	2	0	31043	31043	31043	31043	31043	31043	31043	31043	31043	31043	31043	31043	31043	31043	31043	31043		1	0	0	0	1	1
4286	4286	-1	通法上卷·火（9级）	Weapon2Skill2_7	-1	0	0	1	1	1	-1	-1	-1	0	2	169					1355	-1	0	0	0	1	-1	-1	-1	-1	-1	-1	-1	-1	-1		-1	5	1200	0	2	-1	1	-1	0	0	0	-1	-1	0	-1	0	0	-1	2	2	0	31044	31044	31044	31044	31044	31044	31044	31044	31044	31044	31044	31044	31044	31044	31044	31044		1	0	0	0	1	1
4287	4287	-1	通法上卷·火（10级）	Weapon2Skill2_7	-1	0	0	1	1	1	-1	-1	-1	0	2	169					1355	-1	0	0	0	1	-1	-1	-1	-1	-1	-1	-1	-1	-1		-1	5	1200	0	2	-1	1	-1	0	0	0	-1	-1	0	-1	0	0	-1	2	2	0	31045	31045	31045	31045	31045	31045	31045	31045	31045	31045	31045	31045	31045	31045	31045	31045		1	0	0	0	1	1
4288	4288	-1	通法上卷·玄（1级）	Weapon2Skill2_8	-1	0	0	1	1	1	-1	-1	-1	0	2	169					1345	-1	0	0	0	1	-1	-1	-1	-1	-1	-1	-1	-1	-1		-1	5	1200	0	15	-1	1	-1	0	0	0	-1	-1	0	-1	0	0	-1	2	2	0	31046	31046	31046	31046	31046	31046	31046	31046	31046	31046	31046	31046	31046	31046	31046	31046		1	0	0	0	1	1
4289	4289	-1	通法上卷·玄（2级）	Weapon2Skill2_8	-1	0	0	1	1	1	-1	-1	-1	0	2	169					1345	-1	0	0	0	1	-1	-1	-1	-1	-1	-1	-1	-1	-1		-1	5	1200	0	15	-1	1	-1	0	0	0	-1	-1	0	-1	0	0	-1	2	2	0	31047	31047	31047	31047	31047	31047	31047	31047	31047	31047	31047	31047	31047	31047	31047	31047		1	0	0	0	1	1
4290	4290	-1	通法上卷·玄（3级）	Weapon2Skill2_8	-1	0	0	1	1	1	-1	-1	-1	0	2	169					1345	-1	0	0	0	1	-1	-1	-1	-1	-1	-1	-1	-1	-1		-1	5	1200	0	15	-1	1	-1	0	0	0	-1	-1	0	-1	0	0	-1	2	2	0	31048	31048	31048	31048	31048	31048	31048	31048	31048	31048	31048	31048	31048	31048	31048	31048		1	0	0	0	1	1
4291	4291	-1	通法上卷·玄（4级）	Weapon2Skill2_8	-1	0	0	1	1	1	-1	-1	-1	0	2	169					1345	-1	0	0	0	1	-1	-1	-1	-1	-1	-1	-1	-1	-1		-1	5	1200	0	15	-1	1	-1	0	0	0	-1	-1	0	-1	0	0	-1	2	2	0	31049	31049	31049	31049	31049	31049	31049	31049	31049	31049	31049	31049	31049	31049	31049	31049		1	0	0	0	1	1
4292	4292	-1	通法上卷·玄（5级）	Weapon2Skill2_8	-1	0	0	1	1	1	-1	-1	-1	0	2	169					1345	-1	0	0	0	1	-1	-1	-1	-1	-1	-1	-1	-1	-1		-1	5	1200	0	15	-1	1	-1	0	0	0	-1	-1	0	-1	0	0	-1	2	2	0	31050	31050	31050	31050	31050	31050	31050	31050	31050	31050	31050	31050	31050	31050	31050	31050		1	0	0	0	1	1
4293	4293	-1	通法上卷·玄（6级）	Weapon2Skill2_8	-1	0	0	1	1	1	-1	-1	-1	0	2	169					1345	-1	0	0	0	1	-1	-1	-1	-1	-1	-1	-1	-1	-1		-1	5	1200	0	15	-1	1	-1	0	0	0	-1	-1	0	-1	0	0	-1	2	2	0	31051	31051	31051	31051	31051	31051	31051	31051	31051	31051	31051	31051	31051	31051	31051	31051		1	0	0	0	1	1
4294	4294	-1	通法上卷·玄（7级）	Weapon2Skill2_8	-1	0	0	1	1	1	-1	-1	-1	0	2	169					1345	-1	0	0	0	1	-1	-1	-1	-1	-1	-1	-1	-1	-1		-1	5	1200	0	15	-1	1	-1	0	0	0	-1	-1	0	-1	0	0	-1	2	2	0	31052	31052	31052	31052	31052	31052	31052	31052	31052	31052	31052	31052	31052	31052	31052	31052		1	0	0	0	1	1
4295	4295	-1	通法上卷·玄（8级）	Weapon2Skill2_8	-1	0	0	1	1	1	-1	-1	-1	0	2	169					1345	-1	0	0	0	1	-1	-1	-1	-1	-1	-1	-1	-1	-1		-1	5	1200	0	15	-1	1	-1	0	0	0	-1	-1	0	-1	0	0	-1	2	2	0	31053	31053	31053	31053	31053	31053	31053	31053	31053	31053	31053	31053	31053	31053	31053	31053		1	0	0	0	1	1
4296	4296	-1	通法上卷·玄（9级）	Weapon2Skill2_8	-1	0	0	1	1	1	-1	-1	-1	0	2	169					1345	-1	0	0	0	1	-1	-1	-1	-1	-1	-1	-1	-1	-1		-1	5	1200	0	15	-1	1	-1	0	0	0	-1	-1	0	-1	0	0	-1	2	2	0	31054	31054	31054	31054	31054	31054	31054	31054	31054	31054	31054	31054	31054	31054	31054	31054		1	0	0	0	1	1
4297	4297	-1	通法上卷·玄（10级）	Weapon2Skill2_8	-1	0	0	1	1	1	-1	-1	-1	0	2	169					1345	-1	0	0	0	1	-1	-1	-1	-1	-1	-1	-1	-1	-1		-1	5	1200	0	15	-1	1	-1	0	0	0	-1	-1	0	-1	0	0	-1	2	2	0	31055	31055	31055	31055	31055	31055	31055	31055	31055	31055	31055	31055	31055	31055	31055	31055		1	0	0	0	1	1
4298	4298	-1	通法上卷·玄（1级）	Weapon2Skill2_8	-1	0	0	1	1	1	-1	-1	-1	0	2	169					1351	-1	0	0	0	1	-1	-1	-1	-1	-1	-1	-1	-1	-1		-1	5	1200	0	10	-1	1	-1	0	0	0	-1	-1	0	-1	0	0	-1	2	2	0	31056	31056	31056	31056	31056	31056	31056	31056	31056	31056	31056	31056	31056	31056	31056	31056		1	0	0	0	1	1
4299	4299	-1	通法上卷·玄（2级）	Weapon2Skill2_8	-1	0	0	1	1	1	-1	-1	-1	0	2	169					1351	-1	0	0	0	1	-1	-1	-1	-1	-1	-1	-1	-1	-1		-1	5	1200	0	10	-1	1	-1	0	0	0	-1	-1	0	-1	0	0	-1	2	2	0	31057	31057	31057	31057	31057	31057	31057	31057	31057	31057	31057	31057	31057	31057	31057	31057		1	0	0	0	1	1
4300	4300	-1	通法上卷·玄（3级）	Weapon2Skill2_8	-1	0	0	1	1	1	-1	-1	-1	0	2	169					1351	-1	0	0	0	1	-1	-1	-1	-1	-1	-1	-1	-1	-1		-1	5	1200	0	10	-1	1	-1	0	0	0	-1	-1	0	-1	0	0	-1	2	2	0	31058	31058	31058	31058	31058	31058	31058	31058	31058	31058	31058	31058	31058	31058	31058	31058		1	0	0	0	1	1
4301	4301	-1	通法上卷·玄（4级）	Weapon2Skill2_8	-1	0	0	1	1	1	-1	-1	-1	0	2	169					1351	-1	0	0	0	1	-1	-1	-1	-1	-1	-1	-1	-1	-1		-1	5	1200	0	10	-1	1	-1	0	0	0	-1	-1	0	-1	0	0	-1	2	2	0	31059	31059	31059	31059	31059	31059	31059	31059	31059	31059	31059	31059	31059	31059	31059	31059		1	0	0	0	1	1
4302	4302	-1	通法上卷·玄（5级）	Weapon2Skill2_8	-1	0	0	1	1	1	-1	-1	-1	0	2	169					1351	-1	0	0	0	1	-1	-1	-1	-1	-1	-1	-1	-1	-1		-1	5	1200	0	10	-1	1	-1	0	0	0	-1	-1	0	-1	0	0	-1	2	2	0	31060	31060	31060	31060	31060	31060	31060	31060	31060	31060	31060	31060	31060	31060	31060	31060		1	0	0	0	1	1
4303	4303	-1	通法上卷·玄（6级）	Weapon2Skill2_8	-1	0	0	1	1	1	-1	-1	-1	0	2	169					1351	-1	0	0	0	1	-1	-1	-1	-1	-1	-1	-1	-1	-1		-1	5	1200	0	10	-1	1	-1	0	0	0	-1	-1	0	-1	0	0	-1	2	2	0	31061	31061	31061	31061	31061	31061	31061	31061	31061	31061	31061	31061	31061	31061	31061	31061		1	0	0	0	1	1
4304	4304	-1	通法上卷·玄（7级）	Weapon2Skill2_8	-1	0	0	1	1	1	-1	-1	-1	0	2	169					1351	-1	0	0	0	1	-1	-1	-1	-1	-1	-1	-1	-1	-1		-1	5	1200	0	10	-1	1	-1	0	0	0	-1	-1	0	-1	0	0	-1	2	2	0	31062	31062	31062	31062	31062	31062	31062	31062	31062	31062	31062	31062	31062	31062	31062	31062		1	0	0	0	1	1
4305	4305	-1	通法上卷·玄（8级）	Weapon2Skill2_8	-1	0	0	1	1	1	-1	-1	-1	0	2	169					1351	-1	0	0	0	1	-1	-1	-1	-1	-1	-1	-1	-1	-1		-1	5	1200	0	10	-1	1	-1	0	0	0	-1	-1	0	-1	0	0	-1	2	2	0	31063	31063	31063	31063	31063	31063	31063	31063	31063	31063	31063	31063	31063	31063	31063	31063		1	0	0	0	1	1
4306	4306	-1	通法上卷·玄（9级）	Weapon2Skill2_8	-1	0	0	1	1	1	-1	-1	-1	0	2	169					1351	-1	0	0	0	1	-1	-1	-1	-1	-1	-1	-1	-1	-1		-1	5	1200	0	10	-1	1	-1	0	0	0	-1	-1	0	-1	0	0	-1	2	2	0	31064	31064	31064	31064	31064	31064	31064	31064	31064	31064	31064	31064	31064	31064	31064	31064		1	0	0	0	1	1
4307	4307	-1	通法上卷·玄（10级）	Weapon2Skill2_8	-1	0	0	1	1	1	-1	-1	-1	0	2	169					1351	-1	0	0	0	1	-1	-1	-1	-1	-1	-1	-1	-1	-1		-1	5	1200	0	10	-1	1	-1	0	0	0	-1	-1	0	-1	0	0	-1	2	2	0	31065	31065	31065	31065	31065	31065	31065	31065	31065	31065	31065	31065	31065	31065	31065	31065		1	0	0	0	1	1
4308	4308	-1	通法上卷·玄（1级）	Weapon2Skill2_8	-1	0	0	1	1	1	-1	-1	-1	0	0	169				1374	1339	-1	0	0	0	1	-1	-1	-1	-1	-1	-1	-1	-1	-1		-1	5	1200	0	7	-1	1	-1	0	0	0	-1	-1	0	-1	0	0	-1	2	2	0	31066	31066	31066	31066	31066	31066	31066	31066	31066	31066	31066	31066	31066	31066	31066	31066		1	0	0	0	1	1
4309	4309	-1	通法上卷·玄（2级）	Weapon2Skill2_8	-1	0	0	1	1	1	-1	-1	-1	0	0	169				1374	1339	-1	0	0	0	1	-1	-1	-1	-1	-1	-1	-1	-1	-1		-1	5	1200	0	7	-1	1	-1	0	0	0	-1	-1	0	-1	0	0	-1	2	2	0	31067	31067	31067	31067	31067	31067	31067	31067	31067	31067	31067	31067	31067	31067	31067	31067		1	0	0	0	1	1
4310	4310	-1	通法上卷·玄（3级）	Weapon2Skill2_8	-1	0	0	1	1	1	-1	-1	-1	0	0	169				1374	1339	-1	0	0	0	1	-1	-1	-1	-1	-1	-1	-1	-1	-1		-1	5	1200	0	7	-1	1	-1	0	0	0	-1	-1	0	-1	0	0	-1	2	2	0	31068	31068	31068	31068	31068	31068	31068	31068	31068	31068	31068	31068	31068	31068	31068	31068		1	0	0	0	1	1
4311	4311	-1	通法上卷·玄（4级）	Weapon2Skill2_8	-1	0	0	1	1	1	-1	-1	-1	0	0	169				1374	1339	-1	0	0	0	1	-1	-1	-1	-1	-1	-1	-1	-1	-1		-1	5	1200	0	7	-1	1	-1	0	0	0	-1	-1	0	-1	0	0	-1	2	2	0	31069	31069	31069	31069	31069	31069	31069	31069	31069	31069	31069	31069	31069	31069	31069	31069		1	0	0	0	1	1
4312	4312	-1	通法上卷·玄（5级）	Weapon2Skill2_8	-1	0	0	1	1	1	-1	-1	-1	0	0	169				1374	1339	-1	0	0	0	1	-1	-1	-1	-1	-1	-1	-1	-1	-1		-1	5	1200	0	7	-1	1	-1	0	0	0	-1	-1	0	-1	0	0	-1	2	2	0	31070	31070	31070	31070	31070	31070	31070	31070	31070	31070	31070	31070	31070	31070	31070	31070		1	0	0	0	1	1
4313	4313	-1	通法上卷·玄（6级）	Weapon2Skill2_8	-1	0	0	1	1	1	-1	-1	-1	0	0	169				1374	1339	-1	0	0	0	1	-1	-1	-1	-1	-1	-1	-1	-1	-1		-1	5	1200	0	7	-1	1	-1	0	0	0	-1	-1	0	-1	0	0	-1	2	2	0	31071	31071	31071	31071	31071	31071	31071	31071	31071	31071	31071	31071	31071	31071	31071	31071		1	0	0	0	1	1
4314	4314	-1	通法上卷·玄（7级）	Weapon2Skill2_8	-1	0	0	1	1	1	-1	-1	-1	0	0	169				1374	1339	-1	0	0	0	1	-1	-1	-1	-1	-1	-1	-1	-1	-1		-1	5	1200	0	7	-1	1	-1	0	0	0	-1	-1	0	-1	0	0	-1	2	2	0	31072	31072	31072	31072	31072	31072	31072	31072	31072	31072	31072	31072	31072	31072	31072	31072		1	0	0	0	1	1
4315	4315	-1	通法上卷·玄（8级）	Weapon2Skill2_8	-1	0	0	1	1	1	-1	-1	-1	0	0	169				1374	1339	-1	0	0	0	1	-1	-1	-1	-1	-1	-1	-1	-1	-1		-1	5	1200	0	7	-1	1	-1	0	0	0	-1	-1	0	-1	0	0	-1	2	2	0	31073	31073	31073	31073	31073	31073	31073	31073	31073	31073	31073	31073	31073	31073	31073	31073		1	0	0	0	1	1
4316	4316	-1	通法上卷·玄（9级）	Weapon2Skill2_8	-1	0	0	1	1	1	-1	-1	-1	0	0	169				1374	1339	-1	0	0	0	1	-1	-1	-1	-1	-1	-1	-1	-1	-1		-1	5	1200	0	7	-1	1	-1	0	0	0	-1	-1	0	-1	0	0	-1	2	2	0	31074	31074	31074	31074	31074	31074	31074	31074	31074	31074	31074	31074	31074	31074	31074	31074		1	0	0	0	1	1
4317	4317	-1	通法上卷·玄（10级）	Weapon2Skill2_8	-1	0	0	1	1	1	-1	-1	-1	0	0	169				1374	1339	-1	0	0	0	1	-1	-1	-1	-1	-1	-1	-1	-1	-1		-1	5	1200	0	7	-1	1	-1	0	0	0	-1	-1	0	-1	0	0	-1	2	2	0	31075	31075	31075	31075	31075	31075	31075	31075	31075	31075	31075	31075	31075	31075	31075	31075		1	0	0	0	1	1
4318	4318	-1	通法上卷·玄（1级）	Weapon2Skill2_8	-1	0	0	1	1	1	-1	-1	-1	0	2	169					1371	-1	0	0	0	1	-1	-1	-1	-1	-1	-1	-1	-1	-1		-1	5	1200	0	2	-1	1	-1	0	0	0	-1	-1	0	-1	0	0	-1	2	2	0	31076	31076	31076	31076	31076	31076	31076	31076	31076	31076	31076	31076	31076	31076	31076	31076		1	0	0	0	1	1
4319	4319	-1	通法上卷·玄（2级）	Weapon2Skill2_8	-1	0	0	1	1	1	-1	-1	-1	0	2	169					1371	-1	0	0	0	1	-1	-1	-1	-1	-1	-1	-1	-1	-1		-1	5	1200	0	2	-1	1	-1	0	0	0	-1	-1	0	-1	0	0	-1	2	2	0	31077	31077	31077	31077	31077	31077	31077	31077	31077	31077	31077	31077	31077	31077	31077	31077		1	0	0	0	1	1
4320	4320	-1	通法上卷·玄（3级）	Weapon2Skill2_8	-1	0	0	1	1	1	-1	-1	-1	0	2	169					1371	-1	0	0	0	1	-1	-1	-1	-1	-1	-1	-1	-1	-1		-1	5	1200	0	2	-1	1	-1	0	0	0	-1	-1	0	-1	0	0	-1	2	2	0	31078	31078	31078	31078	31078	31078	31078	31078	31078	31078	31078	31078	31078	31078	31078	31078		1	0	0	0	1	1
4321	4321	-1	通法上卷·玄（4级）	Weapon2Skill2_8	-1	0	0	1	1	1	-1	-1	-1	0	2	169					1371	-1	0	0	0	1	-1	-1	-1	-1	-1	-1	-1	-1	-1		-1	5	1200	0	2	-1	1	-1	0	0	0	-1	-1	0	-1	0	0	-1	2	2	0	31079	31079	31079	31079	31079	31079	31079	31079	31079	31079	31079	31079	31079	31079	31079	31079		1	0	0	0	1	1
4322	4322	-1	通法上卷·玄（5级）	Weapon2Skill2_8	-1	0	0	1	1	1	-1	-1	-1	0	2	169					1371	-1	0	0	0	1	-1	-1	-1	-1	-1	-1	-1	-1	-1		-1	5	1200	0	2	-1	1	-1	0	0	0	-1	-1	0	-1	0	0	-1	2	2	0	31080	31080	31080	31080	31080	31080	31080	31080	31080	31080	31080	31080	31080	31080	31080	31080		1	0	0	0	1	1
4323	4323	-1	通法上卷·玄（6级）	Weapon2Skill2_8	-1	0	0	1	1	1	-1	-1	-1	0	2	169					1371	-1	0	0	0	1	-1	-1	-1	-1	-1	-1	-1	-1	-1		-1	5	1200	0	2	-1	1	-1	0	0	0	-1	-1	0	-1	0	0	-1	2	2	0	31081	31081	31081	31081	31081	31081	31081	31081	31081	31081	31081	31081	31081	31081	31081	31081		1	0	0	0	1	1
4324	4324	-1	通法上卷·玄（7级）	Weapon2Skill2_8	-1	0	0	1	1	1	-1	-1	-1	0	2	169					1371	-1	0	0	0	1	-1	-1	-1	-1	-1	-1	-1	-1	-1		-1	5	1200	0	2	-1	1	-1	0	0	0	-1	-1	0	-1	0	0	-1	2	2	0	31082	31082	31082	31082	31082	31082	31082	31082	31082	31082	31082	31082	31082	31082	31082	31082		1	0	0	0	1	1
4325	4325	-1	通法上卷·玄（8级）	Weapon2Skill2_8	-1	0	0	1	1	1	-1	-1	-1	0	2	169					1371	-1	0	0	0	1	-1	-1	-1	-1	-1	-1	-1	-1	-1		-1	5	1200	0	2	-1	1	-1	0	0	0	-1	-1	0	-1	0	0	-1	2	2	0	31083	31083	31083	31083	31083	31083	31083	31083	31083	31083	31083	31083	31083	31083	31083	31083		1	0	0	0	1	1
4326	4326	-1	通法上卷·玄（9级）	Weapon2Skill2_8	-1	0	0	1	1	1	-1	-1	-1	0	2	169					1371	-1	0	0	0	1	-1	-1	-1	-1	-1	-1	-1	-1	-1		-1	5	1200	0	2	-1	1	-1	0	0	0	-1	-1	0	-1	0	0	-1	2	2	0	31084	31084	31084	31084	31084	31084	31084	31084	31084	31084	31084	31084	31084	31084	31084	31084		1	0	0	0	1	1
4327	4327	-1	通法上卷·玄（10级）	Weapon2Skill2_8	-1	0	0	1	1	1	-1	-1	-1	0	2	169					1371	-1	0	0	0	1	-1	-1	-1	-1	-1	-1	-1	-1	-1		-1	5	1200	0	2	-1	1	-1	0	0	0	-1	-1	0	-1	0	0	-1	2	2	0	31085	31085	31085	31085	31085	31085	31085	31085	31085	31085	31085	31085	31085	31085	31085	31085		1	0	0	0	1	1
4328	4328	-1	通法上卷·玄（1级）	Weapon2Skill2_8	-1	0	0	1	1	1	-1	-1	-1	0	2	169					1347	-1	0	0	0	1	-1	-1	-1	-1	-1	-1	-1	-1	-1		-1	5	1200	0	5	-1	1	-1	0	0	0	-1	-1	0	-1	0	0	-1	2	2	0	31086	31086	31086	31086	31086	31086	31086	31086	31086	31086	31086	31086	31086	31086	31086	31086		1	0	0	0	1	1
4329	4329	-1	通法上卷·玄（2级）	Weapon2Skill2_8	-1	0	0	1	1	1	-1	-1	-1	0	2	169					1347	-1	0	0	0	1	-1	-1	-1	-1	-1	-1	-1	-1	-1		-1	5	1200	0	5	-1	1	-1	0	0	0	-1	-1	0	-1	0	0	-1	2	2	0	31087	31087	31087	31087	31087	31087	31087	31087	31087	31087	31087	31087	31087	31087	31087	31087		1	0	0	0	1	1
4330	4330	-1	通法上卷·玄（3级）	Weapon2Skill2_8	-1	0	0	1	1	1	-1	-1	-1	0	2	169					1347	-1	0	0	0	1	-1	-1	-1	-1	-1	-1	-1	-1	-1		-1	5	1200	0	5	-1	1	-1	0	0	0	-1	-1	0	-1	0	0	-1	2	2	0	31088	31088	31088	31088	31088	31088	31088	31088	31088	31088	31088	31088	31088	31088	31088	31088		1	0	0	0	1	1
4331	4331	-1	通法上卷·玄（4级）	Weapon2Skill2_8	-1	0	0	1	1	1	-1	-1	-1	0	2	169					1347	-1	0	0	0	1	-1	-1	-1	-1	-1	-1	-1	-1	-1		-1	5	1200	0	5	-1	1	-1	0	0	0	-1	-1	0	-1	0	0	-1	2	2	0	31089	31089	31089	31089	31089	31089	31089	31089	31089	31089	31089	31089	31089	31089	31089	31089		1	0	0	0	1	1
4332	4332	-1	通法上卷·玄（5级）	Weapon2Skill2_8	-1	0	0	1	1	1	-1	-1	-1	0	2	169					1347	-1	0	0	0	1	-1	-1	-1	-1	-1	-1	-1	-1	-1		-1	5	1200	0	5	-1	1	-1	0	0	0	-1	-1	0	-1	0	0	-1	2	2	0	31090	31090	31090	31090	31090	31090	31090	31090	31090	31090	31090	31090	31090	31090	31090	31090		1	0	0	0	1	1
4333	4333	-1	通法上卷·玄（6级）	Weapon2Skill2_8	-1	0	0	1	1	1	-1	-1	-1	0	2	169					1347	-1	0	0	0	1	-1	-1	-1	-1	-1	-1	-1	-1	-1		-1	5	1200	0	5	-1	1	-1	0	0	0	-1	-1	0	-1	0	0	-1	2	2	0	31091	31091	31091	31091	31091	31091	31091	31091	31091	31091	31091	31091	31091	31091	31091	31091		1	0	0	0	1	1
4334	4334	-1	通法上卷·玄（7级）	Weapon2Skill2_8	-1	0	0	1	1	1	-1	-1	-1	0	2	169					1347	-1	0	0	0	1	-1	-1	-1	-1	-1	-1	-1	-1	-1		-1	5	1200	0	5	-1	1	-1	0	0	0	-1	-1	0	-1	0	0	-1	2	2	0	31092	31092	31092	31092	31092	31092	31092	31092	31092	31092	31092	31092	31092	31092	31092	31092		1	0	0	0	1	1
4335	4335	-1	通法上卷·玄（8级）	Weapon2Skill2_8	-1	0	0	1	1	1	-1	-1	-1	0	2	169					1347	-1	0	0	0	1	-1	-1	-1	-1	-1	-1	-1	-1	-1		-1	5	1200	0	5	-1	1	-1	0	0	0	-1	-1	0	-1	0	0	-1	2	2	0	31093	31093	31093	31093	31093	31093	31093	31093	31093	31093	31093	31093	31093	31093	31093	31093		1	0	0	0	1	1
4336	4336	-1	通法上卷·玄（9级）	Weapon2Skill2_8	-1	0	0	1	1	1	-1	-1	-1	0	2	169					1347	-1	0	0	0	1	-1	-1	-1	-1	-1	-1	-1	-1	-1		-1	5	1200	0	5	-1	1	-1	0	0	0	-1	-1	0	-1	0	0	-1	2	2	0	31094	31094	31094	31094	31094	31094	31094	31094	31094	31094	31094	31094	31094	31094	31094	31094		1	0	0	0	1	1
4337	4337	-1	通法上卷·玄（10级）	Weapon2Skill2_8	-1	0	0	1	1	1	-1	-1	-1	0	2	169					1347	-1	0	0	0	1	-1	-1	-1	-1	-1	-1	-1	-1	-1		-1	5	1200	0	5	-1	1	-1	0	0	0	-1	-1	0	-1	0	0	-1	2	2	0	31095	31095	31095	31095	31095	31095	31095	31095	31095	31095	31095	31095	31095	31095	31095	31095		1	0	0	0	1	1
4338	4338	-1	通法上卷·玄（1级）	Weapon2Skill2_8	-1	0	0	1	1	1	-1	-1	-1	0	2	169					1355	-1	0	0	0	1	-1	-1	-1	-1	-1	-1	-1	-1	-1		-1	5	1200	0	2	-1	1	-1	0	0	0	-1	-1	0	-1	0	0	-1	2	2	0	31096	31096	31096	31096	31096	31096	31096	31096	31096	31096	31096	31096	31096	31096	31096	31096		1	0	0	0	1	1
4339	4339	-1	通法上卷·玄（2级）	Weapon2Skill2_8	-1	0	0	1	1	1	-1	-1	-1	0	2	169					1355	-1	0	0	0	1	-1	-1	-1	-1	-1	-1	-1	-1	-1		-1	5	1200	0	2	-1	1	-1	0	0	0	-1	-1	0	-1	0	0	-1	2	2	0	31097	31097	31097	31097	31097	31097	31097	31097	31097	31097	31097	31097	31097	31097	31097	31097		1	0	0	0	1	1
4340	4340	-1	通法上卷·玄（3级）	Weapon2Skill2_8	-1	0	0	1	1	1	-1	-1	-1	0	2	169					1355	-1	0	0	0	1	-1	-1	-1	-1	-1	-1	-1	-1	-1		-1	5	1200	0	2	-1	1	-1	0	0	0	-1	-1	0	-1	0	0	-1	2	2	0	31098	31098	31098	31098	31098	31098	31098	31098	31098	31098	31098	31098	31098	31098	31098	31098		1	0	0	0	1	1
4341	4341	-1	通法上卷·玄（4级）	Weapon2Skill2_8	-1	0	0	1	1	1	-1	-1	-1	0	2	169					1355	-1	0	0	0	1	-1	-1	-1	-1	-1	-1	-1	-1	-1		-1	5	1200	0	2	-1	1	-1	0	0	0	-1	-1	0	-1	0	0	-1	2	2	0	31099	31099	31099	31099	31099	31099	31099	31099	31099	31099	31099	31099	31099	31099	31099	31099		1	0	0	0	1	1
4342	4342	-1	通法上卷·玄（5级）	Weapon2Skill2_8	-1	0	0	1	1	1	-1	-1	-1	0	2	169					1355	-1	0	0	0	1	-1	-1	-1	-1	-1	-1	-1	-1	-1		-1	5	1200	0	2	-1	1	-1	0	0	0	-1	-1	0	-1	0	0	-1	2	2	0	31100	31100	31100	31100	31100	31100	31100	31100	31100	31100	31100	31100	31100	31100	31100	31100		1	0	0	0	1	1
4343	4343	-1	通法上卷·玄（6级）	Weapon2Skill2_8	-1	0	0	1	1	1	-1	-1	-1	0	2	169					1355	-1	0	0	0	1	-1	-1	-1	-1	-1	-1	-1	-1	-1		-1	5	1200	0	2	-1	1	-1	0	0	0	-1	-1	0	-1	0	0	-1	2	2	0	31101	31101	31101	31101	31101	31101	31101	31101	31101	31101	31101	31101	31101	31101	31101	31101		1	0	0	0	1	1
4344	4344	-1	通法上卷·玄（7级）	Weapon2Skill2_8	-1	0	0	1	1	1	-1	-1	-1	0	2	169					1355	-1	0	0	0	1	-1	-1	-1	-1	-1	-1	-1	-1	-1		-1	5	1200	0	2	-1	1	-1	0	0	0	-1	-1	0	-1	0	0	-1	2	2	0	31102	31102	31102	31102	31102	31102	31102	31102	31102	31102	31102	31102	31102	31102	31102	31102		1	0	0	0	1	1
4345	4345	-1	通法上卷·玄（8级）	Weapon2Skill2_8	-1	0	0	1	1	1	-1	-1	-1	0	2	169					1355	-1	0	0	0	1	-1	-1	-1	-1	-1	-1	-1	-1	-1		-1	5	1200	0	2	-1	1	-1	0	0	0	-1	-1	0	-1	0	0	-1	2	2	0	31103	31103	31103	31103	31103	31103	31103	31103	31103	31103	31103	31103	31103	31103	31103	31103		1	0	0	0	1	1
4346	4346	-1	通法上卷·玄（9级）	Weapon2Skill2_8	-1	0	0	1	1	1	-1	-1	-1	0	2	169					1355	-1	0	0	0	1	-1	-1	-1	-1	-1	-1	-1	-1	-1		-1	5	1200	0	2	-1	1	-1	0	0	0	-1	-1	0	-1	0	0	-1	2	2	0	31104	31104	31104	31104	31104	31104	31104	31104	31104	31104	31104	31104	31104	31104	31104	31104		1	0	0	0	1	1
4347	4347	-1	通法上卷·玄（10级）	Weapon2Skill2_8	-1	0	0	1	1	1	-1	-1	-1	0	2	169					1355	-1	0	0	0	1	-1	-1	-1	-1	-1	-1	-1	-1	-1		-1	5	1200	0	2	-1	1	-1	0	0	0	-1	-1	0	-1	0	0	-1	2	2	0	31105	31105	31105	31105	31105	31105	31105	31105	31105	31105	31105	31105	31105	31105	31105	31105		1	0	0	0	1	1
4348	4348	-1	通法上卷·毒（1级）	Weapon2Skill2_6	-1	0	0	1	1	1	-1	-1	-1	0	2	169					1345	-1	0	0	0	1	-1	-1	-1	-1	-1	-1	-1	-1	-1		-1	5	1200	0	15	-1	1	-1	0	0	0	-1	-1	0	-1	0	0	-1	2	2	0	31106	31106	31106	31106	31106	31106	31106	31106	31106	31106	31106	31106	31106	31106	31106	31106		1	0	0	0	1	1
4349	4349	-1	通法上卷·毒（2级）	Weapon2Skill2_6	-1	0	0	1	1	1	-1	-1	-1	0	2	169					1345	-1	0	0	0	1	-1	-1	-1	-1	-1	-1	-1	-1	-1		-1	5	1200	0	15	-1	1	-1	0	0	0	-1	-1	0	-1	0	0	-1	2	2	0	31107	31107	31107	31107	31107	31107	31107	31107	31107	31107	31107	31107	31107	31107	31107	31107		1	0	0	0	1	1
4350	4350	-1	通法上卷·毒（3级）	Weapon2Skill2_6	-1	0	0	1	1	1	-1	-1	-1	0	2	169					1345	-1	0	0	0	1	-1	-1	-1	-1	-1	-1	-1	-1	-1		-1	5	1200	0	15	-1	1	-1	0	0	0	-1	-1	0	-1	0	0	-1	2	2	0	31108	31108	31108	31108	31108	31108	31108	31108	31108	31108	31108	31108	31108	31108	31108	31108		1	0	0	0	1	1
4351	4351	-1	通法上卷·毒（4级）	Weapon2Skill2_6	-1	0	0	1	1	1	-1	-1	-1	0	2	169					1345	-1	0	0	0	1	-1	-1	-1	-1	-1	-1	-1	-1	-1		-1	5	1200	0	15	-1	1	-1	0	0	0	-1	-1	0	-1	0	0	-1	2	2	0	31109	31109	31109	31109	31109	31109	31109	31109	31109	31109	31109	31109	31109	31109	31109	31109		1	0	0	0	1	1
4352	4352	-1	通法上卷·毒（5级）	Weapon2Skill2_6	-1	0	0	1	1	1	-1	-1	-1	0	2	169					1345	-1	0	0	0	1	-1	-1	-1	-1	-1	-1	-1	-1	-1		-1	5	1200	0	15	-1	1	-1	0	0	0	-1	-1	0	-1	0	0	-1	2	2	0	31110	31110	31110	31110	31110	31110	31110	31110	31110	31110	31110	31110	31110	31110	31110	31110		1	0	0	0	1	1
4353	4353	-1	通法上卷·毒（6级）	Weapon2Skill2_6	-1	0	0	1	1	1	-1	-1	-1	0	2	169					1345	-1	0	0	0	1	-1	-1	-1	-1	-1	-1	-1	-1	-1		-1	5	1200	0	15	-1	1	-1	0	0	0	-1	-1	0	-1	0	0	-1	2	2	0	31111	31111	31111	31111	31111	31111	31111	31111	31111	31111	31111	31111	31111	31111	31111	31111		1	0	0	0	1	1
4354	4354	-1	通法上卷·毒（7级）	Weapon2Skill2_6	-1	0	0	1	1	1	-1	-1	-1	0	2	169					1345	-1	0	0	0	1	-1	-1	-1	-1	-1	-1	-1	-1	-1		-1	5	1200	0	15	-1	1	-1	0	0	0	-1	-1	0	-1	0	0	-1	2	2	0	31112	31112	31112	31112	31112	31112	31112	31112	31112	31112	31112	31112	31112	31112	31112	31112		1	0	0	0	1	1
4355	4355	-1	通法上卷·毒（8级）	Weapon2Skill2_6	-1	0	0	1	1	1	-1	-1	-1	0	2	169					1345	-1	0	0	0	1	-1	-1	-1	-1	-1	-1	-1	-1	-1		-1	5	1200	0	15	-1	1	-1	0	0	0	-1	-1	0	-1	0	0	-1	2	2	0	31113	31113	31113	31113	31113	31113	31113	31113	31113	31113	31113	31113	31113	31113	31113	31113		1	0	0	0	1	1
4356	4356	-1	通法上卷·毒（9级）	Weapon2Skill2_6	-1	0	0	1	1	1	-1	-1	-1	0	2	169					1345	-1	0	0	0	1	-1	-1	-1	-1	-1	-1	-1	-1	-1		-1	5	1200	0	15	-1	1	-1	0	0	0	-1	-1	0	-1	0	0	-1	2	2	0	31114	31114	31114	31114	31114	31114	31114	31114	31114	31114	31114	31114	31114	31114	31114	31114		1	0	0	0	1	1
4357	4357	-1	通法上卷·毒（10级）	Weapon2Skill2_6	-1	0	0	1	1	1	-1	-1	-1	0	2	169					1345	-1	0	0	0	1	-1	-1	-1	-1	-1	-1	-1	-1	-1		-1	5	1200	0	15	-1	1	-1	0	0	0	-1	-1	0	-1	0	0	-1	2	2	0	31115	31115	31115	31115	31115	31115	31115	31115	31115	31115	31115	31115	31115	31115	31115	31115		1	0	0	0	1	1
4358	4358	-1	通法上卷·毒（1级）	Weapon2Skill2_6	-1	0	0	1	1	1	-1	-1	-1	0	2	169					1351	-1	0	0	0	1	-1	-1	-1	-1	-1	-1	-1	-1	-1		-1	5	1200	0	10	-1	1	-1	0	0	0	-1	-1	0	-1	0	0	-1	2	2	0	31116	31116	31116	31116	31116	31116	31116	31116	31116	31116	31116	31116	31116	31116	31116	31116		1	0	0	0	1	1
4359	4359	-1	通法上卷·毒（2级）	Weapon2Skill2_6	-1	0	0	1	1	1	-1	-1	-1	0	2	169					1351	-1	0	0	0	1	-1	-1	-1	-1	-1	-1	-1	-1	-1		-1	5	1200	0	10	-1	1	-1	0	0	0	-1	-1	0	-1	0	0	-1	2	2	0	31117	31117	31117	31117	31117	31117	31117	31117	31117	31117	31117	31117	31117	31117	31117	31117		1	0	0	0	1	1
4360	4360	-1	通法上卷·毒（3级）	Weapon2Skill2_6	-1	0	0	1	1	1	-1	-1	-1	0	2	169					1351	-1	0	0	0	1	-1	-1	-1	-1	-1	-1	-1	-1	-1		-1	5	1200	0	10	-1	1	-1	0	0	0	-1	-1	0	-1	0	0	-1	2	2	0	31118	31118	31118	31118	31118	31118	31118	31118	31118	31118	31118	31118	31118	31118	31118	31118		1	0	0	0	1	1
4361	4361	-1	通法上卷·毒（4级）	Weapon2Skill2_6	-1	0	0	1	1	1	-1	-1	-1	0	2	169					1351	-1	0	0	0	1	-1	-1	-1	-1	-1	-1	-1	-1	-1		-1	5	1200	0	10	-1	1	-1	0	0	0	-1	-1	0	-1	0	0	-1	2	2	0	31119	31119	31119	31119	31119	31119	31119	31119	31119	31119	31119	31119	31119	31119	31119	31119		1	0	0	0	1	1
4362	4362	-1	通法上卷·毒（5级）	Weapon2Skill2_6	-1	0	0	1	1	1	-1	-1	-1	0	2	169					1351	-1	0	0	0	1	-1	-1	-1	-1	-1	-1	-1	-1	-1		-1	5	1200	0	10	-1	1	-1	0	0	0	-1	-1	0	-1	0	0	-1	2	2	0	31120	31120	31120	31120	31120	31120	31120	31120	31120	31120	31120	31120	31120	31120	31120	31120		1	0	0	0	1	1
4363	4363	-1	通法上卷·毒（6级）	Weapon2Skill2_6	-1	0	0	1	1	1	-1	-1	-1	0	2	169					1351	-1	0	0	0	1	-1	-1	-1	-1	-1	-1	-1	-1	-1		-1	5	1200	0	10	-1	1	-1	0	0	0	-1	-1	0	-1	0	0	-1	2	2	0	31121	31121	31121	31121	31121	31121	31121	31121	31121	31121	31121	31121	31121	31121	31121	31121		1	0	0	0	1	1
4364	4364	-1	通法上卷·毒（7级）	Weapon2Skill2_6	-1	0	0	1	1	1	-1	-1	-1	0	2	169					1351	-1	0	0	0	1	-1	-1	-1	-1	-1	-1	-1	-1	-1		-1	5	1200	0	10	-1	1	-1	0	0	0	-1	-1	0	-1	0	0	-1	2	2	0	31122	31122	31122	31122	31122	31122	31122	31122	31122	31122	31122	31122	31122	31122	31122	31122		1	0	0	0	1	1
4365	4365	-1	通法上卷·毒（8级）	Weapon2Skill2_6	-1	0	0	1	1	1	-1	-1	-1	0	2	169					1351	-1	0	0	0	1	-1	-1	-1	-1	-1	-1	-1	-1	-1		-1	5	1200	0	10	-1	1	-1	0	0	0	-1	-1	0	-1	0	0	-1	2	2	0	31123	31123	31123	31123	31123	31123	31123	31123	31123	31123	31123	31123	31123	31123	31123	31123		1	0	0	0	1	1
4366	4366	-1	通法上卷·毒（9级）	Weapon2Skill2_6	-1	0	0	1	1	1	-1	-1	-1	0	2	169					1351	-1	0	0	0	1	-1	-1	-1	-1	-1	-1	-1	-1	-1		-1	5	1200	0	10	-1	1	-1	0	0	0	-1	-1	0	-1	0	0	-1	2	2	0	31124	31124	31124	31124	31124	31124	31124	31124	31124	31124	31124	31124	31124	31124	31124	31124		1	0	0	0	1	1
4367	4367	-1	通法上卷·毒（10级）	Weapon2Skill2_6	-1	0	0	1	1	1	-1	-1	-1	0	2	169					1351	-1	0	0	0	1	-1	-1	-1	-1	-1	-1	-1	-1	-1		-1	5	1200	0	10	-1	1	-1	0	0	0	-1	-1	0	-1	0	0	-1	2	2	0	31125	31125	31125	31125	31125	31125	31125	31125	31125	31125	31125	31125	31125	31125	31125	31125		1	0	0	0	1	1
4368	4368	-1	通法上卷·毒（1级）	Weapon2Skill2_6	-1	0	0	1	1	1	-1	-1	-1	0	0	169				1374	1339	-1	0	0	0	1	-1	-1	-1	-1	-1	-1	-1	-1	-1		-1	5	1200	0	7	-1	1	-1	0	0	0	-1	-1	0	-1	0	0	-1	2	2	0	31126	31126	31126	31126	31126	31126	31126	31126	31126	31126	31126	31126	31126	31126	31126	31126		1	0	0	0	1	1
4369	4369	-1	通法上卷·毒（2级）	Weapon2Skill2_6	-1	0	0	1	1	1	-1	-1	-1	0	0	169				1374	1339	-1	0	0	0	1	-1	-1	-1	-1	-1	-1	-1	-1	-1		-1	5	1200	0	7	-1	1	-1	0	0	0	-1	-1	0	-1	0	0	-1	2	2	0	31127	31127	31127	31127	31127	31127	31127	31127	31127	31127	31127	31127	31127	31127	31127	31127		1	0	0	0	1	1
4370	4370	-1	通法上卷·毒（3级）	Weapon2Skill2_6	-1	0	0	1	1	1	-1	-1	-1	0	0	169				1374	1339	-1	0	0	0	1	-1	-1	-1	-1	-1	-1	-1	-1	-1		-1	5	1200	0	7	-1	1	-1	0	0	0	-1	-1	0	-1	0	0	-1	2	2	0	31128	31128	31128	31128	31128	31128	31128	31128	31128	31128	31128	31128	31128	31128	31128	31128		1	0	0	0	1	1
4371	4371	-1	通法上卷·毒（4级）	Weapon2Skill2_6	-1	0	0	1	1	1	-1	-1	-1	0	0	169				1374	1339	-1	0	0	0	1	-1	-1	-1	-1	-1	-1	-1	-1	-1		-1	5	1200	0	7	-1	1	-1	0	0	0	-1	-1	0	-1	0	0	-1	2	2	0	31129	31129	31129	31129	31129	31129	31129	31129	31129	31129	31129	31129	31129	31129	31129	31129		1	0	0	0	1	1
4372	4372	-1	通法上卷·毒（5级）	Weapon2Skill2_6	-1	0	0	1	1	1	-1	-1	-1	0	0	169				1374	1339	-1	0	0	0	1	-1	-1	-1	-1	-1	-1	-1	-1	-1		-1	5	1200	0	7	-1	1	-1	0	0	0	-1	-1	0	-1	0	0	-1	2	2	0	31130	31130	31130	31130	31130	31130	31130	31130	31130	31130	31130	31130	31130	31130	31130	31130		1	0	0	0	1	1
4373	4373	-1	通法上卷·毒（6级）	Weapon2Skill2_6	-1	0	0	1	1	1	-1	-1	-1	0	0	169				1374	1339	-1	0	0	0	1	-1	-1	-1	-1	-1	-1	-1	-1	-1		-1	5	1200	0	7	-1	1	-1	0	0	0	-1	-1	0	-1	0	0	-1	2	2	0	31131	31131	31131	31131	31131	31131	31131	31131	31131	31131	31131	31131	31131	31131	31131	31131		1	0	0	0	1	1
4374	4374	-1	通法上卷·毒（7级）	Weapon2Skill2_6	-1	0	0	1	1	1	-1	-1	-1	0	0	169				1374	1339	-1	0	0	0	1	-1	-1	-1	-1	-1	-1	-1	-1	-1		-1	5	1200	0	7	-1	1	-1	0	0	0	-1	-1	0	-1	0	0	-1	2	2	0	31132	31132	31132	31132	31132	31132	31132	31132	31132	31132	31132	31132	31132	31132	31132	31132		1	0	0	0	1	1
4375	4375	-1	通法上卷·毒（8级）	Weapon2Skill2_6	-1	0	0	1	1	1	-1	-1	-1	0	0	169				1374	1339	-1	0	0	0	1	-1	-1	-1	-1	-1	-1	-1	-1	-1		-1	5	1200	0	7	-1	1	-1	0	0	0	-1	-1	0	-1	0	0	-1	2	2	0	31133	31133	31133	31133	31133	31133	31133	31133	31133	31133	31133	31133	31133	31133	31133	31133		1	0	0	0	1	1
4376	4376	-1	通法上卷·毒（9级）	Weapon2Skill2_6	-1	0	0	1	1	1	-1	-1	-1	0	0	169				1374	1339	-1	0	0	0	1	-1	-1	-1	-1	-1	-1	-1	-1	-1		-1	5	1200	0	7	-1	1	-1	0	0	0	-1	-1	0	-1	0	0	-1	2	2	0	31134	31134	31134	31134	31134	31134	31134	31134	31134	31134	31134	31134	31134	31134	31134	31134		1	0	0	0	1	1
4377	4377	-1	通法上卷·毒（10级）	Weapon2Skill2_6	-1	0	0	1	1	1	-1	-1	-1	0	0	169				1374	1339	-1	0	0	0	1	-1	-1	-1	-1	-1	-1	-1	-1	-1		-1	5	1200	0	7	-1	1	-1	0	0	0	-1	-1	0	-1	0	0	-1	2	2	0	31135	31135	31135	31135	31135	31135	31135	31135	31135	31135	31135	31135	31135	31135	31135	31135		1	0	0	0	1	1
4378	4378	-1	通法上卷·毒（1级）	Weapon2Skill2_6	-1	0	0	1	1	1	-1	-1	-1	0	2	169					1371	-1	0	0	0	1	-1	-1	-1	-1	-1	-1	-1	-1	-1		-1	5	1200	0	2	-1	1	-1	0	0	0	-1	-1	0	-1	0	0	-1	2	2	0	31136	31136	31136	31136	31136	31136	31136	31136	31136	31136	31136	31136	31136	31136	31136	31136		1	0	0	0	1	1
4379	4379	-1	通法上卷·毒（2级）	Weapon2Skill2_6	-1	0	0	1	1	1	-1	-1	-1	0	2	169					1371	-1	0	0	0	1	-1	-1	-1	-1	-1	-1	-1	-1	-1		-1	5	1200	0	2	-1	1	-1	0	0	0	-1	-1	0	-1	0	0	-1	2	2	0	31137	31137	31137	31137	31137	31137	31137	31137	31137	31137	31137	31137	31137	31137	31137	31137		1	0	0	0	1	1
4380	4380	-1	通法上卷·毒（3级）	Weapon2Skill2_6	-1	0	0	1	1	1	-1	-1	-1	0	2	169					1371	-1	0	0	0	1	-1	-1	-1	-1	-1	-1	-1	-1	-1		-1	5	1200	0	2	-1	1	-1	0	0	0	-1	-1	0	-1	0	0	-1	2	2	0	31138	31138	31138	31138	31138	31138	31138	31138	31138	31138	31138	31138	31138	31138	31138	31138		1	0	0	0	1	1
4381	4381	-1	通法上卷·毒（4级）	Weapon2Skill2_6	-1	0	0	1	1	1	-1	-1	-1	0	2	169					1371	-1	0	0	0	1	-1	-1	-1	-1	-1	-1	-1	-1	-1		-1	5	1200	0	2	-1	1	-1	0	0	0	-1	-1	0	-1	0	0	-1	2	2	0	31139	31139	31139	31139	31139	31139	31139	31139	31139	31139	31139	31139	31139	31139	31139	31139		1	0	0	0	1	1
4382	4382	-1	通法上卷·毒（5级）	Weapon2Skill2_6	-1	0	0	1	1	1	-1	-1	-1	0	2	169					1371	-1	0	0	0	1	-1	-1	-1	-1	-1	-1	-1	-1	-1		-1	5	1200	0	2	-1	1	-1	0	0	0	-1	-1	0	-1	0	0	-1	2	2	0	31140	31140	31140	31140	31140	31140	31140	31140	31140	31140	31140	31140	31140	31140	31140	31140		1	0	0	0	1	1
4383	4383	-1	通法上卷·毒（6级）	Weapon2Skill2_6	-1	0	0	1	1	1	-1	-1	-1	0	2	169					1371	-1	0	0	0	1	-1	-1	-1	-1	-1	-1	-1	-1	-1		-1	5	1200	0	2	-1	1	-1	0	0	0	-1	-1	0	-1	0	0	-1	2	2	0	31141	31141	31141	31141	31141	31141	31141	31141	31141	31141	31141	31141	31141	31141	31141	31141		1	0	0	0	1	1
4384	4384	-1	通法上卷·毒（7级）	Weapon2Skill2_6	-1	0	0	1	1	1	-1	-1	-1	0	2	169					1371	-1	0	0	0	1	-1	-1	-1	-1	-1	-1	-1	-1	-1		-1	5	1200	0	2	-1	1	-1	0	0	0	-1	-1	0	-1	0	0	-1	2	2	0	31142	31142	31142	31142	31142	31142	31142	31142	31142	31142	31142	31142	31142	31142	31142	31142		1	0	0	0	1	1
4385	4385	-1	通法上卷·毒（8级）	Weapon2Skill2_6	-1	0	0	1	1	1	-1	-1	-1	0	2	169					1371	-1	0	0	0	1	-1	-1	-1	-1	-1	-1	-1	-1	-1		-1	5	1200	0	2	-1	1	-1	0	0	0	-1	-1	0	-1	0	0	-1	2	2	0	31143	31143	31143	31143	31143	31143	31143	31143	31143	31143	31143	31143	31143	31143	31143	31143		1	0	0	0	1	1
4386	4386	-1	通法上卷·毒（9级）	Weapon2Skill2_6	-1	0	0	1	1	1	-1	-1	-1	0	2	169					1371	-1	0	0	0	1	-1	-1	-1	-1	-1	-1	-1	-1	-1		-1	5	1200	0	2	-1	1	-1	0	0	0	-1	-1	0	-1	0	0	-1	2	2	0	31144	31144	31144	31144	31144	31144	31144	31144	31144	31144	31144	31144	31144	31144	31144	31144		1	0	0	0	1	1
4387	4387	-1	通法上卷·毒（10级）	Weapon2Skill2_6	-1	0	0	1	1	1	-1	-1	-1	0	2	169					1371	-1	0	0	0	1	-1	-1	-1	-1	-1	-1	-1	-1	-1		-1	5	1200	0	2	-1	1	-1	0	0	0	-1	-1	0	-1	0	0	-1	2	2	0	31145	31145	31145	31145	31145	31145	31145	31145	31145	31145	31145	31145	31145	31145	31145	31145		1	0	0	0	1	1
4388	4388	-1	通法上卷·毒（1级）	Weapon2Skill2_6	-1	0	0	1	1	1	-1	-1	-1	0	2	169					1347	-1	0	0	0	1	-1	-1	-1	-1	-1	-1	-1	-1	-1		-1	5	1200	0	5	-1	1	-1	0	0	0	-1	-1	0	-1	0	0	-1	2	2	0	31146	31146	31146	31146	31146	31146	31146	31146	31146	31146	31146	31146	31146	31146	31146	31146		1	0	0	0	1	1
4389	4389	-1	通法上卷·毒（2级）	Weapon2Skill2_6	-1	0	0	1	1	1	-1	-1	-1	0	2	169					1347	-1	0	0	0	1	-1	-1	-1	-1	-1	-1	-1	-1	-1		-1	5	1200	0	5	-1	1	-1	0	0	0	-1	-1	0	-1	0	0	-1	2	2	0	31147	31147	31147	31147	31147	31147	31147	31147	31147	31147	31147	31147	31147	31147	31147	31147		1	0	0	0	1	1
4390	4390	-1	通法上卷·毒（3级）	Weapon2Skill2_6	-1	0	0	1	1	1	-1	-1	-1	0	2	169					1347	-1	0	0	0	1	-1	-1	-1	-1	-1	-1	-1	-1	-1		-1	5	1200	0	5	-1	1	-1	0	0	0	-1	-1	0	-1	0	0	-1	2	2	0	31148	31148	31148	31148	31148	31148	31148	31148	31148	31148	31148	31148	31148	31148	31148	31148		1	0	0	0	1	1
4391	4391	-1	通法上卷·毒（4级）	Weapon2Skill2_6	-1	0	0	1	1	1	-1	-1	-1	0	2	169					1347	-1	0	0	0	1	-1	-1	-1	-1	-1	-1	-1	-1	-1		-1	5	1200	0	5	-1	1	-1	0	0	0	-1	-1	0	-1	0	0	-1	2	2	0	31149	31149	31149	31149	31149	31149	31149	31149	31149	31149	31149	31149	31149	31149	31149	31149		1	0	0	0	1	1
4392	4392	-1	通法上卷·毒（5级）	Weapon2Skill2_6	-1	0	0	1	1	1	-1	-1	-1	0	2	169					1347	-1	0	0	0	1	-1	-1	-1	-1	-1	-1	-1	-1	-1		-1	5	1200	0	5	-1	1	-1	0	0	0	-1	-1	0	-1	0	0	-1	2	2	0	31150	31150	31150	31150	31150	31150	31150	31150	31150	31150	31150	31150	31150	31150	31150	31150		1	0	0	0	1	1
4393	4393	-1	通法上卷·毒（6级）	Weapon2Skill2_6	-1	0	0	1	1	1	-1	-1	-1	0	2	169					1347	-1	0	0	0	1	-1	-1	-1	-1	-1	-1	-1	-1	-1		-1	5	1200	0	5	-1	1	-1	0	0	0	-1	-1	0	-1	0	0	-1	2	2	0	31151	31151	31151	31151	31151	31151	31151	31151	31151	31151	31151	31151	31151	31151	31151	31151		1	0	0	0	1	1
4394	4394	-1	通法上卷·毒（7级）	Weapon2Skill2_6	-1	0	0	1	1	1	-1	-1	-1	0	2	169					1347	-1	0	0	0	1	-1	-1	-1	-1	-1	-1	-1	-1	-1		-1	5	1200	0	5	-1	1	-1	0	0	0	-1	-1	0	-1	0	0	-1	2	2	0	31152	31152	31152	31152	31152	31152	31152	31152	31152	31152	31152	31152	31152	31152	31152	31152		1	0	0	0	1	1
4395	4395	-1	通法上卷·毒（8级）	Weapon2Skill2_6	-1	0	0	1	1	1	-1	-1	-1	0	2	169					1347	-1	0	0	0	1	-1	-1	-1	-1	-1	-1	-1	-1	-1		-1	5	1200	0	5	-1	1	-1	0	0	0	-1	-1	0	-1	0	0	-1	2	2	0	31153	31153	31153	31153	31153	31153	31153	31153	31153	31153	31153	31153	31153	31153	31153	31153		1	0	0	0	1	1
4396	4396	-1	通法上卷·毒（9级）	Weapon2Skill2_6	-1	0	0	1	1	1	-1	-1	-1	0	2	169					1347	-1	0	0	0	1	-1	-1	-1	-1	-1	-1	-1	-1	-1		-1	5	1200	0	5	-1	1	-1	0	0	0	-1	-1	0	-1	0	0	-1	2	2	0	31154	31154	31154	31154	31154	31154	31154	31154	31154	31154	31154	31154	31154	31154	31154	31154		1	0	0	0	1	1
4397	4397	-1	通法上卷·毒（10级）	Weapon2Skill2_6	-1	0	0	1	1	1	-1	-1	-1	0	2	169					1347	-1	0	0	0	1	-1	-1	-1	-1	-1	-1	-1	-1	-1		-1	5	1200	0	5	-1	1	-1	0	0	0	-1	-1	0	-1	0	0	-1	2	2	0	31155	31155	31155	31155	31155	31155	31155	31155	31155	31155	31155	31155	31155	31155	31155	31155		1	0	0	0	1	1
4398	4398	-1	通法上卷·毒（1级）	Weapon2Skill2_6	-1	0	0	1	1	1	-1	-1	-1	0	2	169					1355	-1	0	0	0	1	-1	-1	-1	-1	-1	-1	-1	-1	-1		-1	5	1200	0	2	-1	1	-1	0	0	0	-1	-1	0	-1	0	0	-1	2	2	0	31156	31156	31156	31156	31156	31156	31156	31156	31156	31156	31156	31156	31156	31156	31156	31156		1	0	0	0	1	1
4399	4399	-1	通法上卷·毒（2级）	Weapon2Skill2_6	-1	0	0	1	1	1	-1	-1	-1	0	2	169					1355	-1	0	0	0	1	-1	-1	-1	-1	-1	-1	-1	-1	-1		-1	5	1200	0	2	-1	1	-1	0	0	0	-1	-1	0	-1	0	0	-1	2	2	0	31157	31157	31157	31157	31157	31157	31157	31157	31157	31157	31157	31157	31157	31157	31157	31157		1	0	0	0	1	1
4400	4400	-1	通法上卷·毒（3级）	Weapon2Skill2_6	-1	0	0	1	1	1	-1	-1	-1	0	2	169					1355	-1	0	0	0	1	-1	-1	-1	-1	-1	-1	-1	-1	-1		-1	5	1200	0	2	-1	1	-1	0	0	0	-1	-1	0	-1	0	0	-1	2	2	0	31158	31158	31158	31158	31158	31158	31158	31158	31158	31158	31158	31158	31158	31158	31158	31158		1	0	0	0	1	1
4401	4401	-1	通法上卷·毒（4级）	Weapon2Skill2_6	-1	0	0	1	1	1	-1	-1	-1	0	2	169					1355	-1	0	0	0	1	-1	-1	-1	-1	-1	-1	-1	-1	-1		-1	5	1200	0	2	-1	1	-1	0	0	0	-1	-1	0	-1	0	0	-1	2	2	0	31159	31159	31159	31159	31159	31159	31159	31159	31159	31159	31159	31159	31159	31159	31159	31159		1	0	0	0	1	1
4402	4402	-1	通法上卷·毒（5级）	Weapon2Skill2_6	-1	0	0	1	1	1	-1	-1	-1	0	2	169					1355	-1	0	0	0	1	-1	-1	-1	-1	-1	-1	-1	-1	-1		-1	5	1200	0	2	-1	1	-1	0	0	0	-1	-1	0	-1	0	0	-1	2	2	0	31160	31160	31160	31160	31160	31160	31160	31160	31160	31160	31160	31160	31160	31160	31160	31160		1	0	0	0	1	1
4403	4403	-1	通法上卷·毒（6级）	Weapon2Skill2_6	-1	0	0	1	1	1	-1	-1	-1	0	2	169					1355	-1	0	0	0	1	-1	-1	-1	-1	-1	-1	-1	-1	-1		-1	5	1200	0	2	-1	1	-1	0	0	0	-1	-1	0	-1	0	0	-1	2	2	0	31161	31161	31161	31161	31161	31161	31161	31161	31161	31161	31161	31161	31161	31161	31161	31161		1	0	0	0	1	1
4404	4404	-1	通法上卷·毒（7级）	Weapon2Skill2_6	-1	0	0	1	1	1	-1	-1	-1	0	2	169					1355	-1	0	0	0	1	-1	-1	-1	-1	-1	-1	-1	-1	-1		-1	5	1200	0	2	-1	1	-1	0	0	0	-1	-1	0	-1	0	0	-1	2	2	0	31162	31162	31162	31162	31162	31162	31162	31162	31162	31162	31162	31162	31162	31162	31162	31162		1	0	0	0	1	1
4405	4405	-1	通法上卷·毒（8级）	Weapon2Skill2_6	-1	0	0	1	1	1	-1	-1	-1	0	2	169					1355	-1	0	0	0	1	-1	-1	-1	-1	-1	-1	-1	-1	-1		-1	5	1200	0	2	-1	1	-1	0	0	0	-1	-1	0	-1	0	0	-1	2	2	0	31163	31163	31163	31163	31163	31163	31163	31163	31163	31163	31163	31163	31163	31163	31163	31163		1	0	0	0	1	1
4406	4406	-1	通法上卷·毒（9级）	Weapon2Skill2_6	-1	0	0	1	1	1	-1	-1	-1	0	2	169					1355	-1	0	0	0	1	-1	-1	-1	-1	-1	-1	-1	-1	-1		-1	5	1200	0	2	-1	1	-1	0	0	0	-1	-1	0	-1	0	0	-1	2	2	0	31164	31164	31164	31164	31164	31164	31164	31164	31164	31164	31164	31164	31164	31164	31164	31164		1	0	0	0	1	1
4407	4407	-1	通法上卷·毒（10级）	Weapon2Skill2_6	-1	0	0	1	1	1	-1	-1	-1	0	2	169					1355	-1	0	0	0	1	-1	-1	-1	-1	-1	-1	-1	-1	-1		-1	5	1200	0	2	-1	1	-1	0	0	0	-1	-1	0	-1	0	0	-1	2	2	0	31165	31165	31165	31165	31165	31165	31165	31165	31165	31165	31165	31165	31165	31165	31165	31165		1	0	0	0	1	1
4408	4408	-1	流风月芒	Weapon2Skill3_5	-1	1	0	1	1	1	-1	-1	-1	0	2	-1					1366	-1	0	0	0	1	-1	-1	-1	-1	-1	-1	-1	-1	190	身体受击点	-1	5	800	0	10	-1	1	-1	0	0	1	-1	-1	0	-1	0	0	0	2	1	0	31166	31166	31166	31166	31166	31166	31166	31166	31166	31166	31166	31166	31166	31166	31166	31166		0	0	0	0	1	1
4409	4409	-1	长空贯日	Weapon2Skill1_15	-1	1	0	1	1	1	-1	-1	-1	0	2	-1					1345	-1	0	0	0	1	-1	-1	-1	-1	-1	-1	-1	-1	191	身体受击点	-1	5	800	0	15	-1	1	-1	0	0	1	-1	-1	0	-1	0	0	0	2	1	700	31167	31167	31167	31167	31167	31167	31167	31167	31167	31167	31167	31167	31167	31167	31167	31167		0	0	0	0	1	1
4410	4410	-1	截天断命	Weapon2Skill2_3	-1	1	0	1	1	1	-1	-1	-1	0	2	-1					1351	-1	0	0	0	1	-1	-1	-1	-1	-1	-1	-1	-1	192	身体受击点	-1	5	800	0	10	-1	1	-1	0	0	1	-1	-1	0	-1	0	0	0	2	1	0	31168	31168	31168	31168	31168	31168	31168	31168	31168	31168	31168	31168	31168	31168	31168	31168		0	0	0	0	1	1
4411	4411	-1	重刃破敌	Weapon2Skill3_12	-1	1	0	1	1	1	-1	-1	-1	0	0	-1				1374	1339	-1	0	0	0	1	-1	-1	-1	-1	-1	-1	-1	-1	-1		-1	5	1200	0	7	-1	1	-1	0	0	1	-1	-1	0	-1	0	0	0	2	1	0	31169	31169	31169	31169	31169	31169	31169	31169	31169	31169	31169	31169	31169	31169	31169	31169		0	0	0	0	1	1
4412	4412	-1	横刀落雁	Weapon2Skill1_6	-1	1	0	1	1	1	-1	-1	-1	0	2	-1					1371	-1	0	0	0	1	-1	-1	-1	-1	-1	-1	-1	-1	-1		-1	5	800	0	2	-1	1	-1	0	0	1	-1	-1	0	-1	0	0	0	2	1	0	31170	31170	31170	31170	31170	31170	31170	31170	31170	31170	31170	31170	31170	31170	31170	31170		0	0	0	0	1	1
4413	4413	-1	怒浪陨星	Weapon2Skill1_2	-1	1	0	1	1	1	-1	-1	-1	0	2	-1					1347	-1	0	0	0	1	-1	-1	-1	-1	-1	-1	-1	-1	-1		-1	5	800	0	5	-1	1	-1	0	0	1	-1	-1	0	-1	0	0	0	2	1	0	31171	31171	31171	31171	31171	31171	31171	31171	31171	31171	31171	31171	31171	31171	31171	31171		0	0	0	0	1	1
4414	4414	-1	双月交辉	Weapon2Skill3_1	-1	1	0	1	1	1	-1	-1	-1	0	2	-1					1355	-1	0	0	0	1	-1	-1	-1	-1	-1	-1	-1	-1	-1		-1	5	800	0	2	-1	1	-1	0	0	1	-1	-1	0	-1	0	0	0	2	1	0	31172	31172	31172	31172	31172	31172	31172	31172	31172	31172	31172	31172	31172	31172	31172	31172		0	0	0	0	1	1
4415	4415	-1	碎玉连珠（1级）	Weapon2Skill1_13	-1	0	0	1	1	1	-1	-1	1	0	1	167				1344		-1	0	0	0	1	-1	-1	-1	-1	-1	-1	-1	-1	191	身体受击点	-1	5	1200	0	15	-1	1	-1	0	500	0	-1	0	0	-1	0	0	0	2	2	0	31173	31173	31173	31173	31173	31173	31173	31173	31173	31173	31173	31173	31173	31173	31173	31173		1	0	0	0	1	1
4416	4416	-1	碎玉连珠（2级）	Weapon2Skill1_13	-1	0	0	1	1	1	-1	-1	1	0	1	167				1344		-1	0	0	0	1	-1	-1	-1	-1	-1	-1	-1	-1	191	身体受击点	-1	5	1200	0	15	-1	1	-1	0	500	0	-1	0	0	-1	0	0	0	2	2	0	31174	31174	31174	31174	31174	31174	31174	31174	31174	31174	31174	31174	31174	31174	31174	31174		1	0	0	0	1	1
4417	4417	-1	碎玉连珠（3级）	Weapon2Skill1_13	-1	0	0	1	1	1	-1	-1	1	0	1	167				1344		-1	0	0	0	1	-1	-1	-1	-1	-1	-1	-1	-1	191	身体受击点	-1	5	1200	0	15	-1	1	-1	0	500	0	-1	0	0	-1	0	0	0	2	2	0	31175	31175	31175	31175	31175	31175	31175	31175	31175	31175	31175	31175	31175	31175	31175	31175		1	0	0	0	1	1
4418	4418	-1	碎玉连珠（4级）	Weapon2Skill1_13	-1	0	0	1	1	1	-1	-1	1	0	1	167				1344		-1	0	0	0	1	-1	-1	-1	-1	-1	-1	-1	-1	191	身体受击点	-1	5	1200	0	15	-1	1	-1	0	500	0	-1	0	0	-1	0	0	0	2	2	0	31176	31176	31176	31176	31176	31176	31176	31176	31176	31176	31176	31176	31176	31176	31176	31176		1	0	0	0	1	1
4419	4419	-1	碎玉连珠（5级）	Weapon2Skill1_13	-1	0	0	1	1	1	-1	-1	1	0	1	167				1344		-1	0	0	0	1	-1	-1	-1	-1	-1	-1	-1	-1	191	身体受击点	-1	5	1200	0	15	-1	1	-1	0	500	0	-1	0	0	-1	0	0	0	2	2	0	31177	31177	31177	31177	31177	31177	31177	31177	31177	31177	31177	31177	31177	31177	31177	31177		1	0	0	0	1	1
4420	4420	-1	碎玉连珠（6级）	Weapon2Skill1_13	-1	0	0	1	1	1	-1	-1	1	0	1	167				1344		-1	0	0	0	1	-1	-1	-1	-1	-1	-1	-1	-1	191	身体受击点	-1	5	1200	0	15	-1	1	-1	0	500	0	-1	0	0	-1	0	0	0	2	2	0	31178	31178	31178	31178	31178	31178	31178	31178	31178	31178	31178	31178	31178	31178	31178	31178		1	0	0	0	1	1
4421	4421	-1	碎玉连珠（7级）	Weapon2Skill1_13	-1	0	0	1	1	1	-1	-1	1	0	1	167				1344		-1	0	0	0	1	-1	-1	-1	-1	-1	-1	-1	-1	191	身体受击点	-1	5	1200	0	15	-1	1	-1	0	500	0	-1	0	0	-1	0	0	0	2	2	0	31179	31179	31179	31179	31179	31179	31179	31179	31179	31179	31179	31179	31179	31179	31179	31179		1	0	0	0	1	1
4422	4422	-1	碎玉连珠（8级）	Weapon2Skill1_13	-1	0	0	1	1	1	-1	-1	1	0	1	167				1344		-1	0	0	0	1	-1	-1	-1	-1	-1	-1	-1	-1	191	身体受击点	-1	5	1200	0	15	-1	1	-1	0	500	0	-1	0	0	-1	0	0	0	2	2	0	31180	31180	31180	31180	31180	31180	31180	31180	31180	31180	31180	31180	31180	31180	31180	31180		1	0	0	0	1	1
4423	4423	-1	碎玉连珠（9级）	Weapon2Skill1_13	-1	0	0	1	1	1	-1	-1	1	0	1	167				1344		-1	0	0	0	1	-1	-1	-1	-1	-1	-1	-1	-1	191	身体受击点	-1	5	1200	0	15	-1	1	-1	0	500	0	-1	0	0	-1	0	0	0	2	2	0	31181	31181	31181	31181	31181	31181	31181	31181	31181	31181	31181	31181	31181	31181	31181	31181		1	0	0	0	1	1
4424	4424	-1	碎玉连珠（10级）	Weapon2Skill1_13	-1	0	0	1	1	1	-1	-1	1	0	1	167				1344		-1	0	0	0	1	-1	-1	-1	-1	-1	-1	-1	-1	191	身体受击点	-1	5	1200	0	15	-1	1	-1	0	500	0	-1	0	0	-1	0	0	0	2	2	0	31182	31182	31182	31182	31182	31182	31182	31182	31182	31182	31182	31182	31182	31182	31182	31182		1	0	0	0	1	1
4425	4425	-1	千里夺魂（1级）	Weapon2Skill1_14	-1	0	0	1	1	1	-1	-1	1	0	0	168				1378	1343	-1	0	0	0	1	-1	-1	-1	-1	-1	-1	-1	-1	195	身体受击点	-1	5	1200	0	20	-1	1	-1	0	0	0	-1	-1	0	-1	0	0	0	2	2	1000	31183	31183	31183	31183	31183	31183	31183	31183	31183	31183	31183	31183	31183	31183	31183	31183		1	0	0	0	1	1
4426	4426	-1	千里夺魂（2级）	Weapon2Skill1_14	-1	0	0	1	1	1	-1	-1	1	0	0	168				1378	1343	-1	0	0	0	1	-1	-1	-1	-1	-1	-1	-1	-1	195	身体受击点	-1	5	1200	0	20	-1	1	-1	0	0	0	-1	-1	0	-1	0	0	0	2	2	1000	31184	31184	31184	31184	31184	31184	31184	31184	31184	31184	31184	31184	31184	31184	31184	31184		1	0	0	0	1	1
4427	4427	-1	千里夺魂（3级）	Weapon2Skill1_14	-1	0	0	1	1	1	-1	-1	1	0	0	168				1378	1343	-1	0	0	0	1	-1	-1	-1	-1	-1	-1	-1	-1	195	身体受击点	-1	5	1200	0	20	-1	1	-1	0	0	0	-1	-1	0	-1	0	0	0	2	2	1000	31185	31185	31185	31185	31185	31185	31185	31185	31185	31185	31185	31185	31185	31185	31185	31185		1	0	0	0	1	1
4428	4428	-1	千里夺魂（4级）	Weapon2Skill1_14	-1	0	0	1	1	1	-1	-1	1	0	0	168				1378	1343	-1	0	0	0	1	-1	-1	-1	-1	-1	-1	-1	-1	195	身体受击点	-1	5	1200	0	20	-1	1	-1	0	0	0	-1	-1	0	-1	0	0	0	2	2	1000	31186	31186	31186	31186	31186	31186	31186	31186	31186	31186	31186	31186	31186	31186	31186	31186		1	0	0	0	1	1
4429	4429	-1	千里夺魂（5级）	Weapon2Skill1_14	-1	0	0	1	1	1	-1	-1	1	0	0	168				1378	1343	-1	0	0	0	1	-1	-1	-1	-1	-1	-1	-1	-1	195	身体受击点	-1	5	1200	0	20	-1	1	-1	0	0	0	-1	-1	0	-1	0	0	0	2	2	1000	31187	31187	31187	31187	31187	31187	31187	31187	31187	31187	31187	31187	31187	31187	31187	31187		1	0	0	0	1	1
4430	4430	-1	千里夺魂（6级）	Weapon2Skill1_14	-1	0	0	1	1	1	-1	-1	1	0	0	168				1378	1343	-1	0	0	0	1	-1	-1	-1	-1	-1	-1	-1	-1	195	身体受击点	-1	5	1200	0	20	-1	1	-1	0	0	0	-1	-1	0	-1	0	0	0	2	2	1000	31188	31188	31188	31188	31188	31188	31188	31188	31188	31188	31188	31188	31188	31188	31188	31188		1	0	0	0	1	1
4431	4431	-1	千里夺魂（7级）	Weapon2Skill1_14	-1	0	0	1	1	1	-1	-1	1	0	0	168				1378	1343	-1	0	0	0	1	-1	-1	-1	-1	-1	-1	-1	-1	195	身体受击点	-1	5	1200	0	20	-1	1	-1	0	0	0	-1	-1	0	-1	0	0	0	2	2	1000	31189	31189	31189	31189	31189	31189	31189	31189	31189	31189	31189	31189	31189	31189	31189	31189		1	0	0	0	1	1
4432	4432	-1	千里夺魂（8级）	Weapon2Skill1_14	-1	0	0	1	1	1	-1	-1	1	0	0	168				1378	1343	-1	0	0	0	1	-1	-1	-1	-1	-1	-1	-1	-1	195	身体受击点	-1	5	1200	0	20	-1	1	-1	0	0	0	-1	-1	0	-1	0	0	0	2	2	1000	31190	31190	31190	31190	31190	31190	31190	31190	31190	31190	31190	31190	31190	31190	31190	31190		1	0	0	0	1	1
4433	4433	-1	千里夺魂（9级）	Weapon2Skill1_14	-1	0	0	1	1	1	-1	-1	1	0	0	168				1378	1343	-1	0	0	0	1	-1	-1	-1	-1	-1	-1	-1	-1	195	身体受击点	-1	5	1200	0	20	-1	1	-1	0	0	0	-1	-1	0	-1	0	0	0	2	2	1000	31191	31191	31191	31191	31191	31191	31191	31191	31191	31191	31191	31191	31191	31191	31191	31191		1	0	0	0	1	1
4434	4434	-1	千里夺魂（10级）	Weapon2Skill1_14	-1	0	0	1	1	1	-1	-1	1	0	0	168				1378	1343	-1	0	0	0	1	-1	-1	-1	-1	-1	-1	-1	-1	195	身体受击点	-1	5	1200	0	20	-1	1	-1	0	0	0	-1	-1	0	-1	0	0	0	2	2	1000	31192	31192	31192	31192	31192	31192	31192	31192	31192	31192	31192	31192	31192	31192	31192	31192		1	0	0	0	1	1
4435	4435	-1	收回七情刃	Weapon2Skill2_13	-1	0	0	0	0	0	-1	-1	-1	0	0	192				143	-1	-1	0	0	0	0	-1	-1	-1	-1	-1	-1	-1	0	-1		-1	0	1200	-1	-1	1	-1	-1	0	1	0	100	-1	0	-1	0	0	0	0	1	0	31193	31193	31193	31193	31193	31193	31193	31193	31193	31193	31193	31193	31193	31193	31193	31193		0	0	0	0	1	1
4436	4436	-1	骇羽惊风（1级）	Weapon2Skill1_11	-1	0	0	1	1	1	-1	-1	1	0	1	172				1346		-1	0	0	0	2	-1	-1	-1	-1	-1	-1	-1	-1	196	身体受击点	-1	7	1200	0	10	-1	1	-1	0	1000	0	-1	-1	0	-1	4	360	4	2	2	0	31194	31194	31194	31194	31194	31194	31194	31194	31194	31194	31194	31194	31194	31194	31194	31194		1	0	0	0	1	1
4437	4437	-1	骇羽惊风（2级）	Weapon2Skill1_11	-1	0	0	1	1	1	-1	-1	1	0	1	172				1346		-1	0	0	0	2	-1	-1	-1	-1	-1	-1	-1	-1	196	身体受击点	-1	7	1200	0	10	-1	1	-1	0	1000	0	-1	-1	0	-1	4	360	4	2	2	0	31195	31195	31195	31195	31195	31195	31195	31195	31195	31195	31195	31195	31195	31195	31195	31195		1	0	0	0	1	1
4438	4438	-1	骇羽惊风（3级）	Weapon2Skill1_11	-1	0	0	1	1	1	-1	-1	1	0	1	172				1346		-1	0	0	0	2	-1	-1	-1	-1	-1	-1	-1	-1	196	身体受击点	-1	7	1200	0	10	-1	1	-1	0	1000	0	-1	-1	0	-1	4	360	4	2	2	0	31196	31196	31196	31196	31196	31196	31196	31196	31196	31196	31196	31196	31196	31196	31196	31196		1	0	0	0	1	1
4439	4439	-1	骇羽惊风（4级）	Weapon2Skill1_11	-1	0	0	1	1	1	-1	-1	1	0	1	172				1346		-1	0	0	0	2	-1	-1	-1	-1	-1	-1	-1	-1	196	身体受击点	-1	7	1200	0	10	-1	1	-1	0	1000	0	-1	-1	0	-1	4	360	4	2	2	0	31197	31197	31197	31197	31197	31197	31197	31197	31197	31197	31197	31197	31197	31197	31197	31197		1	0	0	0	1	1
4440	4440	-1	骇羽惊风（5级）	Weapon2Skill1_11	-1	0	0	1	1	1	-1	-1	1	0	1	172				1346		-1	0	0	0	2	-1	-1	-1	-1	-1	-1	-1	-1	196	身体受击点	-1	7	1200	0	10	-1	1	-1	0	1000	0	-1	-1	0	-1	4	360	4	2	2	0	31198	31198	31198	31198	31198	31198	31198	31198	31198	31198	31198	31198	31198	31198	31198	31198		1	0	0	0	1	1
4441	4441	-1	骇羽惊风（6级）	Weapon2Skill1_11	-1	0	0	1	1	1	-1	-1	1	0	1	172				1346		-1	0	0	0	2	-1	-1	-1	-1	-1	-1	-1	-1	196	身体受击点	-1	7	1200	0	10	-1	1	-1	0	1000	0	-1	-1	0	-1	4	360	4	2	2	0	31199	31199	31199	31199	31199	31199	31199	31199	31199	31199	31199	31199	31199	31199	31199	31199		1	0	0	0	1	1
4442	4442	-1	骇羽惊风（7级）	Weapon2Skill1_11	-1	0	0	1	1	1	-1	-1	1	0	1	172				1346		-1	0	0	0	2	-1	-1	-1	-1	-1	-1	-1	-1	196	身体受击点	-1	7	1200	0	10	-1	1	-1	0	1000	0	-1	-1	0	-1	4	360	4	2	2	0	31200	31200	31200	31200	31200	31200	31200	31200	31200	31200	31200	31200	31200	31200	31200	31200		1	0	0	0	1	1
4443	4443	-1	骇羽惊风（8级）	Weapon2Skill1_11	-1	0	0	1	1	1	-1	-1	1	0	1	172				1346		-1	0	0	0	2	-1	-1	-1	-1	-1	-1	-1	-1	196	身体受击点	-1	7	1200	0	10	-1	1	-1	0	1000	0	-1	-1	0	-1	4	360	4	2	2	0	31201	31201	31201	31201	31201	31201	31201	31201	31201	31201	31201	31201	31201	31201	31201	31201		1	0	0	0	1	1
4444	4444	-1	骇羽惊风（9级）	Weapon2Skill1_11	-1	0	0	1	1	1	-1	-1	1	0	1	172				1346		-1	0	0	0	2	-1	-1	-1	-1	-1	-1	-1	-1	196	身体受击点	-1	7	1200	0	10	-1	1	-1	0	1000	0	-1	-1	0	-1	4	360	4	2	2	0	31202	31202	31202	31202	31202	31202	31202	31202	31202	31202	31202	31202	31202	31202	31202	31202		1	0	0	0	1	1
4445	4445	-1	骇羽惊风（10级）	Weapon2Skill1_11	-1	0	0	1	1	1	-1	-1	1	0	1	172				1346		-1	0	0	0	2	-1	-1	-1	-1	-1	-1	-1	-1	196	身体受击点	-1	7	1200	0	10	-1	1	-1	0	1000	0	-1	-1	0	-1	4	360	4	2	2	0	31203	31203	31203	31203	31203	31203	31203	31203	31203	31203	31203	31203	31203	31203	31203	31203		1	0	0	0	1	1
4446	4446	-1	江枫挑岳（1级）	Weapon2Skill2_1	-1	0	0	1	1	1	-1	-1	1	0	2	167					1352	-1	0	0	0	1	-1	-1	-1	-1	-1	-1	-1	-1	-1		-1	5	1200	0	10	-1	1	-1	0	0	0	-1	-1	0	-1	0	0	-1	2	2	0	31204	31204	31204	31204	31204	31204	31204	31204	31204	31204	31204	31204	31204	31204	31204	31204		1	0	0	0	1	1
4447	4447	-1	江枫挑岳（2级）	Weapon2Skill2_1	-1	0	0	1	1	1	-1	-1	1	0	2	167					1352	-1	0	0	0	1	-1	-1	-1	-1	-1	-1	-1	-1	-1		-1	5	1200	0	10	-1	1	-1	0	0	0	-1	-1	0	-1	0	0	-1	2	2	0	31205	31205	31205	31205	31205	31205	31205	31205	31205	31205	31205	31205	31205	31205	31205	31205		1	0	0	0	1	1
4448	4448	-1	江枫挑岳（3级）	Weapon2Skill2_1	-1	0	0	1	1	1	-1	-1	1	0	2	167					1352	-1	0	0	0	1	-1	-1	-1	-1	-1	-1	-1	-1	-1		-1	5	1200	0	10	-1	1	-1	0	0	0	-1	-1	0	-1	0	0	-1	2	2	0	31206	31206	31206	31206	31206	31206	31206	31206	31206	31206	31206	31206	31206	31206	31206	31206		1	0	0	0	1	1
4449	4449	-1	江枫挑岳（4级）	Weapon2Skill2_1	-1	0	0	1	1	1	-1	-1	1	0	2	167					1352	-1	0	0	0	1	-1	-1	-1	-1	-1	-1	-1	-1	-1		-1	5	1200	0	10	-1	1	-1	0	0	0	-1	-1	0	-1	0	0	-1	2	2	0	31207	31207	31207	31207	31207	31207	31207	31207	31207	31207	31207	31207	31207	31207	31207	31207		1	0	0	0	1	1
4450	4450	-1	江枫挑岳（5级）	Weapon2Skill2_1	-1	0	0	1	1	1	-1	-1	1	0	2	167					1352	-1	0	0	0	1	-1	-1	-1	-1	-1	-1	-1	-1	-1		-1	5	1200	0	10	-1	1	-1	0	0	0	-1	-1	0	-1	0	0	-1	2	2	0	31208	31208	31208	31208	31208	31208	31208	31208	31208	31208	31208	31208	31208	31208	31208	31208		1	0	0	0	1	1
4451	4451	-1	江枫挑岳（6级）	Weapon2Skill2_1	-1	0	0	1	1	1	-1	-1	1	0	2	167					1352	-1	0	0	0	1	-1	-1	-1	-1	-1	-1	-1	-1	-1		-1	5	1200	0	10	-1	1	-1	0	0	0	-1	-1	0	-1	0	0	-1	2	2	0	31209	31209	31209	31209	31209	31209	31209	31209	31209	31209	31209	31209	31209	31209	31209	31209		1	0	0	0	1	1
4452	4452	-1	江枫挑岳（7级）	Weapon2Skill2_1	-1	0	0	1	1	1	-1	-1	1	0	2	167					1352	-1	0	0	0	1	-1	-1	-1	-1	-1	-1	-1	-1	-1		-1	5	1200	0	10	-1	1	-1	0	0	0	-1	-1	0	-1	0	0	-1	2	2	0	31210	31210	31210	31210	31210	31210	31210	31210	31210	31210	31210	31210	31210	31210	31210	31210		1	0	0	0	1	1
4453	4453	-1	江枫挑岳（8级）	Weapon2Skill2_1	-1	0	0	1	1	1	-1	-1	1	0	2	167					1352	-1	0	0	0	1	-1	-1	-1	-1	-1	-1	-1	-1	-1		-1	5	1200	0	10	-1	1	-1	0	0	0	-1	-1	0	-1	0	0	-1	2	2	0	31211	31211	31211	31211	31211	31211	31211	31211	31211	31211	31211	31211	31211	31211	31211	31211		1	0	0	0	1	1
4454	4454	-1	江枫挑岳（9级）	Weapon2Skill2_1	-1	0	0	1	1	1	-1	-1	1	0	2	167					1352	-1	0	0	0	1	-1	-1	-1	-1	-1	-1	-1	-1	-1		-1	5	1200	0	10	-1	1	-1	0	0	0	-1	-1	0	-1	0	0	-1	2	2	0	31212	31212	31212	31212	31212	31212	31212	31212	31212	31212	31212	31212	31212	31212	31212	31212		1	0	0	0	1	1
4455	4455	-1	江枫挑岳（10级）	Weapon2Skill2_1	-1	0	0	1	1	1	-1	-1	1	0	2	167					1352	-1	0	0	0	1	-1	-1	-1	-1	-1	-1	-1	-1	-1		-1	5	1200	0	10	-1	1	-1	0	0	0	-1	-1	0	-1	0	0	-1	2	2	0	31213	31213	31213	31213	31213	31213	31213	31213	31213	31213	31213	31213	31213	31213	31213	31213		1	0	0	0	1	1
4456	4456	-1	枯藤卷叶（1级）	Weapon2Skill2_2	-1	0	0	1	1	1	-1	-1	1	0	2	168					1353	-1	0	0	0	1	-1	-1	-1	-1	-1	-1	-1	-1	200	身体受击点	-1	5	1200	0	10	-1	1	0	0	0	0	-1	-1	0	-1	0	0	-1	2	2	0	31214	31214	31214	31214	31214	31214	31214	31214	31214	31214	31214	31214	31214	31214	31214	31214		1	0	0	0	1	1
4457	4457	-1	枯藤卷叶（2级）	Weapon2Skill2_2	-1	0	0	1	1	1	-1	-1	1	0	2	168					1353	-1	0	0	0	1	-1	-1	-1	-1	-1	-1	-1	-1	200	身体受击点	-1	5	1200	0	10	-1	1	0	0	0	0	-1	-1	0	-1	0	0	-1	2	2	0	31215	31215	31215	31215	31215	31215	31215	31215	31215	31215	31215	31215	31215	31215	31215	31215		1	0	0	0	1	1
4458	4458	-1	枯藤卷叶（3级）	Weapon2Skill2_2	-1	0	0	1	1	1	-1	-1	1	0	2	168					1353	-1	0	0	0	1	-1	-1	-1	-1	-1	-1	-1	-1	200	身体受击点	-1	5	1200	0	10	-1	1	0	0	0	0	-1	-1	0	-1	0	0	-1	2	2	0	31216	31216	31216	31216	31216	31216	31216	31216	31216	31216	31216	31216	31216	31216	31216	31216		1	0	0	0	1	1
4459	4459	-1	枯藤卷叶（4级）	Weapon2Skill2_2	-1	0	0	1	1	1	-1	-1	1	0	2	168					1353	-1	0	0	0	1	-1	-1	-1	-1	-1	-1	-1	-1	200	身体受击点	-1	5	1200	0	10	-1	1	0	0	0	0	-1	-1	0	-1	0	0	-1	2	2	0	31217	31217	31217	31217	31217	31217	31217	31217	31217	31217	31217	31217	31217	31217	31217	31217		1	0	0	0	1	1
4460	4460	-1	枯藤卷叶（5级）	Weapon2Skill2_2	-1	0	0	1	1	1	-1	-1	1	0	2	168					1353	-1	0	0	0	1	-1	-1	-1	-1	-1	-1	-1	-1	200	身体受击点	-1	5	1200	0	10	-1	1	0	0	0	0	-1	-1	0	-1	0	0	-1	2	2	0	31218	31218	31218	31218	31218	31218	31218	31218	31218	31218	31218	31218	31218	31218	31218	31218		1	0	0	0	1	1
4461	4461	-1	枯藤卷叶（6级）	Weapon2Skill2_2	-1	0	0	1	1	1	-1	-1	1	0	2	168					1353	-1	0	0	0	1	-1	-1	-1	-1	-1	-1	-1	-1	200	身体受击点	-1	5	1200	0	10	-1	1	0	0	0	0	-1	-1	0	-1	0	0	-1	2	2	0	31219	31219	31219	31219	31219	31219	31219	31219	31219	31219	31219	31219	31219	31219	31219	31219		1	0	0	0	1	1
4462	4462	-1	枯藤卷叶（7级）	Weapon2Skill2_2	-1	0	0	1	1	1	-1	-1	1	0	2	168					1353	-1	0	0	0	1	-1	-1	-1	-1	-1	-1	-1	-1	200	身体受击点	-1	5	1200	0	10	-1	1	0	0	0	0	-1	-1	0	-1	0	0	-1	2	2	0	31220	31220	31220	31220	31220	31220	31220	31220	31220	31220	31220	31220	31220	31220	31220	31220		1	0	0	0	1	1
4463	4463	-1	枯藤卷叶（8级）	Weapon2Skill2_2	-1	0	0	1	1	1	-1	-1	1	0	2	168					1353	-1	0	0	0	1	-1	-1	-1	-1	-1	-1	-1	-1	200	身体受击点	-1	5	1200	0	10	-1	1	0	0	0	0	-1	-1	0	-1	0	0	-1	2	2	0	31221	31221	31221	31221	31221	31221	31221	31221	31221	31221	31221	31221	31221	31221	31221	31221		1	0	0	0	1	1
4464	4464	-1	枯藤卷叶（9级）	Weapon2Skill2_2	-1	0	0	1	1	1	-1	-1	1	0	2	168					1353	-1	0	0	0	1	-1	-1	-1	-1	-1	-1	-1	-1	200	身体受击点	-1	5	1200	0	10	-1	1	0	0	0	0	-1	-1	0	-1	0	0	-1	2	2	0	31222	31222	31222	31222	31222	31222	31222	31222	31222	31222	31222	31222	31222	31222	31222	31222		1	0	0	0	1	1
4465	4465	-1	枯藤卷叶（10级）	Weapon2Skill2_2	-1	0	0	1	1	1	-1	-1	1	0	2	168					1353	-1	0	0	0	1	-1	-1	-1	-1	-1	-1	-1	-1	200	身体受击点	-1	5	1200	0	10	-1	1	0	0	0	0	-1	-1	0	-1	0	0	-1	2	2	0	31223	31223	31223	31223	31223	31223	31223	31223	31223	31223	31223	31223	31223	31223	31223	31223		1	0	0	0	1	1
4466	4466	-1	荡海倾愁（1级）	Weapon2Skill1_16	-1	0	0	1	1	1	-1	-1	1	0	0	170				1377	1354	-1	0	0	0	1	-1	-1	-1	-1	-1	-1	-1	-1	197	身体受击点	-1	5	1200	0	10	-1	1	-1	0	0	0	-1	-1	0	-1	0	0	0	2	2	0	31224	31224	31224	31224	31224	31224	31224	31224	31224	31224	31224	31224	31224	31224	31224	31224		1	0	0	0	1	1
4467	4467	-1	荡海倾愁（2级）	Weapon2Skill1_16	-1	0	0	1	1	1	-1	-1	1	0	0	170				1377	1354	-1	0	0	0	1	-1	-1	-1	-1	-1	-1	-1	-1	197	身体受击点	-1	5	1200	0	10	-1	1	-1	0	0	0	-1	-1	0	-1	0	0	0	2	2	0	31225	31225	31225	31225	31225	31225	31225	31225	31225	31225	31225	31225	31225	31225	31225	31225		1	0	0	0	1	1
4468	4468	-1	荡海倾愁（3级）	Weapon2Skill1_16	-1	0	0	1	1	1	-1	-1	1	0	0	170				1377	1354	-1	0	0	0	1	-1	-1	-1	-1	-1	-1	-1	-1	197	身体受击点	-1	5	1200	0	10	-1	1	-1	0	0	0	-1	-1	0	-1	0	0	0	2	2	0	31226	31226	31226	31226	31226	31226	31226	31226	31226	31226	31226	31226	31226	31226	31226	31226		1	0	0	0	1	1
4469	4469	-1	荡海倾愁（4级）	Weapon2Skill1_16	-1	0	0	1	1	1	-1	-1	1	0	0	170				1377	1354	-1	0	0	0	1	-1	-1	-1	-1	-1	-1	-1	-1	197	身体受击点	-1	5	1200	0	10	-1	1	-1	0	0	0	-1	-1	0	-1	0	0	0	2	2	0	31227	31227	31227	31227	31227	31227	31227	31227	31227	31227	31227	31227	31227	31227	31227	31227		1	0	0	0	1	1
4470	4470	-1	荡海倾愁（5级）	Weapon2Skill1_16	-1	0	0	1	1	1	-1	-1	1	0	0	170				1377	1354	-1	0	0	0	1	-1	-1	-1	-1	-1	-1	-1	-1	197	身体受击点	-1	5	1200	0	10	-1	1	-1	0	0	0	-1	-1	0	-1	0	0	0	2	2	0	31228	31228	31228	31228	31228	31228	31228	31228	31228	31228	31228	31228	31228	31228	31228	31228		1	0	0	0	1	1
4471	4471	-1	荡海倾愁（6级）	Weapon2Skill1_16	-1	0	0	1	1	1	-1	-1	1	0	0	170				1377	1354	-1	0	0	0	1	-1	-1	-1	-1	-1	-1	-1	-1	197	身体受击点	-1	5	1200	0	10	-1	1	-1	0	0	0	-1	-1	0	-1	0	0	0	2	2	0	31229	31229	31229	31229	31229	31229	31229	31229	31229	31229	31229	31229	31229	31229	31229	31229		1	0	0	0	1	1
4472	4472	-1	荡海倾愁（7级）	Weapon2Skill1_16	-1	0	0	1	1	1	-1	-1	1	0	0	170				1377	1354	-1	0	0	0	1	-1	-1	-1	-1	-1	-1	-1	-1	197	身体受击点	-1	5	1200	0	10	-1	1	-1	0	0	0	-1	-1	0	-1	0	0	0	2	2	0	31230	31230	31230	31230	31230	31230	31230	31230	31230	31230	31230	31230	31230	31230	31230	31230		1	0	0	0	1	1
4473	4473	-1	荡海倾愁（8级）	Weapon2Skill1_16	-1	0	0	1	1	1	-1	-1	1	0	0	170				1377	1354	-1	0	0	0	1	-1	-1	-1	-1	-1	-1	-1	-1	197	身体受击点	-1	5	1200	0	10	-1	1	-1	0	0	0	-1	-1	0	-1	0	0	0	2	2	0	31231	31231	31231	31231	31231	31231	31231	31231	31231	31231	31231	31231	31231	31231	31231	31231		1	0	0	0	1	1
4474	4474	-1	荡海倾愁（9级）	Weapon2Skill1_16	-1	0	0	1	1	1	-1	-1	1	0	0	170				1377	1354	-1	0	0	0	1	-1	-1	-1	-1	-1	-1	-1	-1	197	身体受击点	-1	5	1200	0	10	-1	1	-1	0	0	0	-1	-1	0	-1	0	0	0	2	2	0	31232	31232	31232	31232	31232	31232	31232	31232	31232	31232	31232	31232	31232	31232	31232	31232		1	0	0	0	1	1
4475	4475	-1	荡海倾愁（10级）	Weapon2Skill1_16	-1	0	0	1	1	1	-1	-1	1	0	0	170				1377	1354	-1	0	0	0	1	-1	-1	-1	-1	-1	-1	-1	-1	197	身体受击点	-1	5	1200	0	10	-1	1	-1	0	0	0	-1	-1	0	-1	0	0	0	2	2	0	31233	31233	31233	31233	31233	31233	31233	31233	31233	31233	31233	31233	31233	31233	31233	31233		1	0	0	0	1	1
4476	4476	-1	无锋剑意（1级）	Weapon2Skill3_10	-1	0	0	1	1	1	-1	-1	-1	0	2	167					1342	-1	0	0	0	0	-1	-1	-1	-1	-1	-1	-1	-1	-1		-1	0	1200	-1	-1	1	-1	-1	0	0	0	100	-1	0	-1	0	0	0	0	0	0	31234	31234	31234	31234	31234	31234	31234	31234	31234	31234	31234	31234	31234	31234	31234	31234		1	0	0	0	1	1
4477	4477	-1	无锋剑意（2级）	Weapon2Skill3_10	-1	0	0	1	1	1	-1	-1	-1	0	2	167					1342	-1	0	0	0	0	-1	-1	-1	-1	-1	-1	-1	-1	-1		-1	0	1200	-1	-1	1	-1	-1	0	0	0	100	-1	0	-1	0	0	0	0	0	0	31235	31235	31235	31235	31235	31235	31235	31235	31235	31235	31235	31235	31235	31235	31235	31235		1	0	0	0	1	1
4478	4478	-1	无锋剑意（3级）	Weapon2Skill3_10	-1	0	0	1	1	1	-1	-1	-1	0	2	167					1342	-1	0	0	0	0	-1	-1	-1	-1	-1	-1	-1	-1	-1		-1	0	1200	-1	-1	1	-1	-1	0	0	0	100	-1	0	-1	0	0	0	0	0	0	31236	31236	31236	31236	31236	31236	31236	31236	31236	31236	31236	31236	31236	31236	31236	31236		1	0	0	0	1	1
4479	4479	-1	无锋剑意（4级）	Weapon2Skill3_10	-1	0	0	1	1	1	-1	-1	-1	0	2	167					1342	-1	0	0	0	0	-1	-1	-1	-1	-1	-1	-1	-1	-1		-1	0	1200	-1	-1	1	-1	-1	0	0	0	100	-1	0	-1	0	0	0	0	0	0	31237	31237	31237	31237	31237	31237	31237	31237	31237	31237	31237	31237	31237	31237	31237	31237		1	0	0	0	1	1
4480	4480	-1	无锋剑意（5级）	Weapon2Skill3_10	-1	0	0	1	1	1	-1	-1	-1	0	2	167					1342	-1	0	0	0	0	-1	-1	-1	-1	-1	-1	-1	-1	-1		-1	0	1200	-1	-1	1	-1	-1	0	0	0	100	-1	0	-1	0	0	0	0	0	0	31238	31238	31238	31238	31238	31238	31238	31238	31238	31238	31238	31238	31238	31238	31238	31238		1	0	0	0	1	1
4481	4481	-1	无锋剑意（6级）	Weapon2Skill3_10	-1	0	0	1	1	1	-1	-1	-1	0	2	167					1342	-1	0	0	0	0	-1	-1	-1	-1	-1	-1	-1	-1	-1		-1	0	1200	-1	-1	1	-1	-1	0	0	0	100	-1	0	-1	0	0	0	0	0	0	31239	31239	31239	31239	31239	31239	31239	31239	31239	31239	31239	31239	31239	31239	31239	31239		1	0	0	0	1	1
4482	4482	-1	无锋剑意（7级）	Weapon2Skill3_10	-1	0	0	1	1	1	-1	-1	-1	0	2	167					1342	-1	0	0	0	0	-1	-1	-1	-1	-1	-1	-1	-1	-1		-1	0	1200	-1	-1	1	-1	-1	0	0	0	100	-1	0	-1	0	0	0	0	0	0	31240	31240	31240	31240	31240	31240	31240	31240	31240	31240	31240	31240	31240	31240	31240	31240		1	0	0	0	1	1
4483	4483	-1	无锋剑意（8级）	Weapon2Skill3_10	-1	0	0	1	1	1	-1	-1	-1	0	2	167					1342	-1	0	0	0	0	-1	-1	-1	-1	-1	-1	-1	-1	-1		-1	0	1200	-1	-1	1	-1	-1	0	0	0	100	-1	0	-1	0	0	0	0	0	0	31241	31241	31241	31241	31241	31241	31241	31241	31241	31241	31241	31241	31241	31241	31241	31241		1	0	0	0	1	1
4484	4484	-1	无锋剑意（9级）	Weapon2Skill3_10	-1	0	0	1	1	1	-1	-1	-1	0	2	167					1342	-1	0	0	0	0	-1	-1	-1	-1	-1	-1	-1	-1	-1		-1	0	1200	-1	-1	1	-1	-1	0	0	0	100	-1	0	-1	0	0	0	0	0	0	31242	31242	31242	31242	31242	31242	31242	31242	31242	31242	31242	31242	31242	31242	31242	31242		1	0	0	0	1	1
4485	4485	-1	无锋剑意（10级）	Weapon2Skill3_10	-1	0	0	1	1	1	-1	-1	-1	0	2	167					1342	-1	0	0	0	0	-1	-1	-1	-1	-1	-1	-1	-1	-1		-1	0	1200	-1	-1	1	-1	-1	0	0	0	100	-1	0	-1	0	0	0	0	0	0	31243	31243	31243	31243	31243	31243	31243	31243	31243	31243	31243	31243	31243	31243	31243	31243		1	0	0	0	1	1
4486	4486	-1	一念囚身（1级）	Weapon2Skill3_8	-1	0	0	1	1	1	-1	-1	-1	0	0	168				1376	1341	-1	0	0	0	1	-1	-1	-1	-1	-1	-1	-1	-1	-1		-1	5	1200	0	7	-1	1	-1	0	0	0	-1	-1	0	-1	0	0	-1	2	2	0	31244	31244	31244	31244	31244	31244	31244	31244	31244	31244	31244	31244	31244	31244	31244	31244		1	0	0	0	1	1
4487	4487	-1	一念囚身（2级）	Weapon2Skill3_8	-1	0	0	1	1	1	-1	-1	-1	0	0	168				1376	1341	-1	0	0	0	1	-1	-1	-1	-1	-1	-1	-1	-1	-1		-1	5	1200	0	7	-1	1	-1	0	0	0	-1	-1	0	-1	0	0	-1	2	2	0	31245	31245	31245	31245	31245	31245	31245	31245	31245	31245	31245	31245	31245	31245	31245	31245		1	0	0	0	1	1
4488	4488	-1	一念囚身（3级）	Weapon2Skill3_8	-1	0	0	1	1	1	-1	-1	-1	0	0	168				1376	1341	-1	0	0	0	1	-1	-1	-1	-1	-1	-1	-1	-1	-1		-1	5	1200	0	7	-1	1	-1	0	0	0	-1	-1	0	-1	0	0	-1	2	2	0	31246	31246	31246	31246	31246	31246	31246	31246	31246	31246	31246	31246	31246	31246	31246	31246		1	0	0	0	1	1
4489	4489	-1	一念囚身（4级）	Weapon2Skill3_8	-1	0	0	1	1	1	-1	-1	-1	0	0	168				1376	1341	-1	0	0	0	1	-1	-1	-1	-1	-1	-1	-1	-1	-1		-1	5	1200	0	7	-1	1	-1	0	0	0	-1	-1	0	-1	0	0	-1	2	2	0	31247	31247	31247	31247	31247	31247	31247	31247	31247	31247	31247	31247	31247	31247	31247	31247		1	0	0	0	1	1
4490	4490	-1	一念囚身（5级）	Weapon2Skill3_8	-1	0	0	1	1	1	-1	-1	-1	0	0	168				1376	1341	-1	0	0	0	1	-1	-1	-1	-1	-1	-1	-1	-1	-1		-1	5	1200	0	7	-1	1	-1	0	0	0	-1	-1	0	-1	0	0	-1	2	2	0	31248	31248	31248	31248	31248	31248	31248	31248	31248	31248	31248	31248	31248	31248	31248	31248		1	0	0	0	1	1
4491	4491	-1	一念囚身（6级）	Weapon2Skill3_8	-1	0	0	1	1	1	-1	-1	-1	0	0	168				1376	1341	-1	0	0	0	1	-1	-1	-1	-1	-1	-1	-1	-1	-1		-1	5	1200	0	7	-1	1	-1	0	0	0	-1	-1	0	-1	0	0	-1	2	2	0	31249	31249	31249	31249	31249	31249	31249	31249	31249	31249	31249	31249	31249	31249	31249	31249		1	0	0	0	1	1
4492	4492	-1	一念囚身（7级）	Weapon2Skill3_8	-1	0	0	1	1	1	-1	-1	-1	0	0	168				1376	1341	-1	0	0	0	1	-1	-1	-1	-1	-1	-1	-1	-1	-1		-1	5	1200	0	7	-1	1	-1	0	0	0	-1	-1	0	-1	0	0	-1	2	2	0	31250	31250	31250	31250	31250	31250	31250	31250	31250	31250	31250	31250	31250	31250	31250	31250		1	0	0	0	1	1
4493	4493	-1	一念囚身（8级）	Weapon2Skill3_8	-1	0	0	1	1	1	-1	-1	-1	0	0	168				1376	1341	-1	0	0	0	1	-1	-1	-1	-1	-1	-1	-1	-1	-1		-1	5	1200	0	7	-1	1	-1	0	0	0	-1	-1	0	-1	0	0	-1	2	2	0	31251	31251	31251	31251	31251	31251	31251	31251	31251	31251	31251	31251	31251	31251	31251	31251		1	0	0	0	1	1
4494	4494	-1	一念囚身（9级）	Weapon2Skill3_8	-1	0	0	1	1	1	-1	-1	-1	0	0	168				1376	1341	-1	0	0	0	1	-1	-1	-1	-1	-1	-1	-1	-1	-1		-1	5	1200	0	7	-1	1	-1	0	0	0	-1	-1	0	-1	0	0	-1	2	2	0	31252	31252	31252	31252	31252	31252	31252	31252	31252	31252	31252	31252	31252	31252	31252	31252		1	0	0	0	1	1
4495	4495	-1	一念囚身（10级）	Weapon2Skill3_8	-1	0	0	1	1	1	-1	-1	-1	0	0	168				1376	1341	-1	0	0	0	1	-1	-1	-1	-1	-1	-1	-1	-1	-1		-1	5	1200	0	7	-1	1	-1	0	0	0	-1	-1	0	-1	0	0	-1	2	2	0	31253	31253	31253	31253	31253	31253	31253	31253	31253	31253	31253	31253	31253	31253	31253	31253		1	0	0	0	1	1
4496	4496	-1	破妄斩魂（1级）	Weapon2Skill3_11	-1	0	0	1	1	1	-1	-1	-1	0	0	170				1375	1340	-1	0	0	0	1	-1	-1	-1	-1	-1	-1	-1	-1	-1		-1	5	1200	0	7	-1	1	-1	0	0	0	-1	-1	0	-1	0	0	0	2	2	0	31254	31254	31254	31254	31254	31254	31254	31254	31254	31254	31254	31254	31254	31254	31254	31254		1	0	0	0	1	1
4497	4497	-1	破妄斩魂（2级）	Weapon2Skill3_11	-1	0	0	1	1	1	-1	-1	-1	0	0	170				1375	1340	-1	0	0	0	1	-1	-1	-1	-1	-1	-1	-1	-1	-1		-1	5	1200	0	7	-1	1	-1	0	0	0	-1	-1	0	-1	0	0	0	2	2	0	31255	31255	31255	31255	31255	31255	31255	31255	31255	31255	31255	31255	31255	31255	31255	31255		1	0	0	0	1	1
4498	4498	-1	破妄斩魂（3级）	Weapon2Skill3_11	-1	0	0	1	1	1	-1	-1	-1	0	0	170				1375	1340	-1	0	0	0	1	-1	-1	-1	-1	-1	-1	-1	-1	-1		-1	5	1200	0	7	-1	1	-1	0	0	0	-1	-1	0	-1	0	0	0	2	2	0	31256	31256	31256	31256	31256	31256	31256	31256	31256	31256	31256	31256	31256	31256	31256	31256		1	0	0	0	1	1
4499	4499	-1	破妄斩魂（4级）	Weapon2Skill3_11	-1	0	0	1	1	1	-1	-1	-1	0	0	170				1375	1340	-1	0	0	0	1	-1	-1	-1	-1	-1	-1	-1	-1	-1		-1	5	1200	0	7	-1	1	-1	0	0	0	-1	-1	0	-1	0	0	0	2	2	0	31257	31257	31257	31257	31257	31257	31257	31257	31257	31257	31257	31257	31257	31257	31257	31257		1	0	0	0	1	1
4500	4500	-1	破妄斩魂（5级）	Weapon2Skill3_11	-1	0	0	1	1	1	-1	-1	-1	0	0	170				1375	1340	-1	0	0	0	1	-1	-1	-1	-1	-1	-1	-1	-1	-1		-1	5	1200	0	7	-1	1	-1	0	0	0	-1	-1	0	-1	0	0	0	2	2	0	31258	31258	31258	31258	31258	31258	31258	31258	31258	31258	31258	31258	31258	31258	31258	31258		1	0	0	0	1	1
4501	4501	-1	破妄斩魂（6级）	Weapon2Skill3_11	-1	0	0	1	1	1	-1	-1	-1	0	0	170				1375	1340	-1	0	0	0	1	-1	-1	-1	-1	-1	-1	-1	-1	-1		-1	5	1200	0	7	-1	1	-1	0	0	0	-1	-1	0	-1	0	0	0	2	2	0	31259	31259	31259	31259	31259	31259	31259	31259	31259	31259	31259	31259	31259	31259	31259	31259		1	0	0	0	1	1
4502	4502	-1	破妄斩魂（7级）	Weapon2Skill3_11	-1	0	0	1	1	1	-1	-1	-1	0	0	170				1375	1340	-1	0	0	0	1	-1	-1	-1	-1	-1	-1	-1	-1	-1		-1	5	1200	0	7	-1	1	-1	0	0	0	-1	-1	0	-1	0	0	0	2	2	0	31260	31260	31260	31260	31260	31260	31260	31260	31260	31260	31260	31260	31260	31260	31260	31260		1	0	0	0	1	1
4503	4503	-1	破妄斩魂（8级）	Weapon2Skill3_11	-1	0	0	1	1	1	-1	-1	-1	0	0	170				1375	1340	-1	0	0	0	1	-1	-1	-1	-1	-1	-1	-1	-1	-1		-1	5	1200	0	7	-1	1	-1	0	0	0	-1	-1	0	-1	0	0	0	2	2	0	31261	31261	31261	31261	31261	31261	31261	31261	31261	31261	31261	31261	31261	31261	31261	31261		1	0	0	0	1	1
4504	4504	-1	破妄斩魂（9级）	Weapon2Skill3_11	-1	0	0	1	1	1	-1	-1	-1	0	0	170				1375	1340	-1	0	0	0	1	-1	-1	-1	-1	-1	-1	-1	-1	-1		-1	5	1200	0	7	-1	1	-1	0	0	0	-1	-1	0	-1	0	0	0	2	2	0	31262	31262	31262	31262	31262	31262	31262	31262	31262	31262	31262	31262	31262	31262	31262	31262		1	0	0	0	1	1
4505	4505	-1	破妄斩魂（10级）	Weapon2Skill3_11	-1	0	0	1	1	1	-1	-1	-1	0	0	170				1375	1340	-1	0	0	0	1	-1	-1	-1	-1	-1	-1	-1	-1	-1		-1	5	1200	0	7	-1	1	-1	0	0	0	-1	-1	0	-1	0	0	0	2	2	0	31263	31263	31263	31263	31263	31263	31263	31263	31263	31263	31263	31263	31263	31263	31263	31263		1	0	0	0	1	1
4506	4506	-1	坠星唤月（1级）	Weapon2Skill1_10	-1	0	0	1	1	1	-1	-1	0	0	2	167					1370	-1	0	0	0	1	-1	-1	-1	-1	-1	-1	-1	-1	-1		-1	5	1200	0	2	-1	1	-1	0	0	0	-1	-1	0	-1	0	0	-1	2	2	0	31264	31264	31264	31264	31264	31264	31264	31264	31264	31264	31264	31264	31264	31264	31264	31264		1	0	0	0	1	1
4507	4507	-1	坠星唤月（2级）	Weapon2Skill1_10	-1	0	0	1	1	1	-1	-1	0	0	2	167					1370	-1	0	0	0	1	-1	-1	-1	-1	-1	-1	-1	-1	-1		-1	5	1200	0	2	-1	1	-1	0	0	0	-1	-1	0	-1	0	0	-1	2	2	0	31265	31265	31265	31265	31265	31265	31265	31265	31265	31265	31265	31265	31265	31265	31265	31265		1	0	0	0	1	1
4508	4508	-1	坠星唤月（3级）	Weapon2Skill1_10	-1	0	0	1	1	1	-1	-1	0	0	2	167					1370	-1	0	0	0	1	-1	-1	-1	-1	-1	-1	-1	-1	-1		-1	5	1200	0	2	-1	1	-1	0	0	0	-1	-1	0	-1	0	0	-1	2	2	0	31266	31266	31266	31266	31266	31266	31266	31266	31266	31266	31266	31266	31266	31266	31266	31266		1	0	0	0	1	1
4509	4509	-1	坠星唤月（4级）	Weapon2Skill1_10	-1	0	0	1	1	1	-1	-1	0	0	2	167					1370	-1	0	0	0	1	-1	-1	-1	-1	-1	-1	-1	-1	-1		-1	5	1200	0	2	-1	1	-1	0	0	0	-1	-1	0	-1	0	0	-1	2	2	0	31267	31267	31267	31267	31267	31267	31267	31267	31267	31267	31267	31267	31267	31267	31267	31267		1	0	0	0	1	1
4510	4510	-1	坠星唤月（5级）	Weapon2Skill1_10	-1	0	0	1	1	1	-1	-1	0	0	2	167					1370	-1	0	0	0	1	-1	-1	-1	-1	-1	-1	-1	-1	-1		-1	5	1200	0	2	-1	1	-1	0	0	0	-1	-1	0	-1	0	0	-1	2	2	0	31268	31268	31268	31268	31268	31268	31268	31268	31268	31268	31268	31268	31268	31268	31268	31268		1	0	0	0	1	1
4511	4511	-1	坠星唤月（6级）	Weapon2Skill1_10	-1	0	0	1	1	1	-1	-1	0	0	2	167					1370	-1	0	0	0	1	-1	-1	-1	-1	-1	-1	-1	-1	-1		-1	5	1200	0	2	-1	1	-1	0	0	0	-1	-1	0	-1	0	0	-1	2	2	0	31269	31269	31269	31269	31269	31269	31269	31269	31269	31269	31269	31269	31269	31269	31269	31269		1	0	0	0	1	1
4512	4512	-1	坠星唤月（7级）	Weapon2Skill1_10	-1	0	0	1	1	1	-1	-1	0	0	2	167					1370	-1	0	0	0	1	-1	-1	-1	-1	-1	-1	-1	-1	-1		-1	5	1200	0	2	-1	1	-1	0	0	0	-1	-1	0	-1	0	0	-1	2	2	0	31270	31270	31270	31270	31270	31270	31270	31270	31270	31270	31270	31270	31270	31270	31270	31270		1	0	0	0	1	1
4513	4513	-1	坠星唤月（8级）	Weapon2Skill1_10	-1	0	0	1	1	1	-1	-1	0	0	2	167					1370	-1	0	0	0	1	-1	-1	-1	-1	-1	-1	-1	-1	-1		-1	5	1200	0	2	-1	1	-1	0	0	0	-1	-1	0	-1	0	0	-1	2	2	0	31271	31271	31271	31271	31271	31271	31271	31271	31271	31271	31271	31271	31271	31271	31271	31271		1	0	0	0	1	1
4514	4514	-1	坠星唤月（9级）	Weapon2Skill1_10	-1	0	0	1	1	1	-1	-1	0	0	2	167					1370	-1	0	0	0	1	-1	-1	-1	-1	-1	-1	-1	-1	-1		-1	5	1200	0	2	-1	1	-1	0	0	0	-1	-1	0	-1	0	0	-1	2	2	0	31272	31272	31272	31272	31272	31272	31272	31272	31272	31272	31272	31272	31272	31272	31272	31272		1	0	0	0	1	1
4515	4515	-1	坠星唤月（10级）	Weapon2Skill1_10	-1	0	0	1	1	1	-1	-1	0	0	2	167					1370	-1	0	0	0	1	-1	-1	-1	-1	-1	-1	-1	-1	-1		-1	5	1200	0	2	-1	1	-1	0	0	0	-1	-1	0	-1	0	0	-1	2	2	0	31273	31273	31273	31273	31273	31273	31273	31273	31273	31273	31273	31273	31273	31273	31273	31273		1	0	0	0	1	1
4516	4516	-1	杀意闪现（1级）	Weapon2Skill1_9	-1	1	0	1	1	1	-1	-1	1	0	2	168					1373	-1	0	0	0	1	-1	-1	-1	-1	-1	-1	-1	-1	-1		-1	5	1200	0	4	-1	1	-1	0	0	0	100	-1	0	-1	0	0	0	2	2	800	31274	31274	31274	31274	31274	31274	31274	31274	31274	31274	31274	31274	31274	31274	31274	31274		1	0	0	0	1	1
4517	4517	-1	杀意闪现（2级）	Weapon2Skill1_9	-1	1	0	1	1	1	-1	-1	1	0	2	168					1373	-1	0	0	0	1	-1	-1	-1	-1	-1	-1	-1	-1	-1		-1	5	1200	0	4	-1	1	-1	0	0	0	100	-1	0	-1	0	0	0	2	2	800	31275	31275	31275	31275	31275	31275	31275	31275	31275	31275	31275	31275	31275	31275	31275	31275		1	0	0	0	1	1
4518	4518	-1	杀意闪现（3级）	Weapon2Skill1_9	-1	1	0	1	1	1	-1	-1	1	0	2	168					1373	-1	0	0	0	1	-1	-1	-1	-1	-1	-1	-1	-1	-1		-1	5	1200	0	5	-1	1	-1	0	0	0	100	-1	0	-1	0	0	0	2	2	800	31276	31276	31276	31276	31276	31276	31276	31276	31276	31276	31276	31276	31276	31276	31276	31276		1	0	0	0	1	1
4519	4519	-1	杀意闪现（4级）	Weapon2Skill1_9	-1	1	0	1	1	1	-1	-1	1	0	2	168					1373	-1	0	0	0	1	-1	-1	-1	-1	-1	-1	-1	-1	-1		-1	5	1200	0	5	-1	1	-1	0	0	0	100	-1	0	-1	0	0	0	2	2	800	31277	31277	31277	31277	31277	31277	31277	31277	31277	31277	31277	31277	31277	31277	31277	31277		1	0	0	0	1	1
4520	4520	-1	杀意闪现（5级）	Weapon2Skill1_9	-1	1	0	1	1	1	-1	-1	1	0	2	168					1373	-1	0	0	0	1	-1	-1	-1	-1	-1	-1	-1	-1	-1		-1	5	1200	0	6	-1	1	-1	0	0	0	100	-1	0	-1	0	0	0	2	2	800	31278	31278	31278	31278	31278	31278	31278	31278	31278	31278	31278	31278	31278	31278	31278	31278		1	0	0	0	1	1
4521	4521	-1	杀意闪现（6级）	Weapon2Skill1_9	-1	1	0	1	1	1	-1	-1	1	0	2	168					1373	-1	0	0	0	1	-1	-1	-1	-1	-1	-1	-1	-1	-1		-1	5	1200	0	6	-1	1	-1	0	0	0	100	-1	0	-1	0	0	0	2	2	800	31279	31279	31279	31279	31279	31279	31279	31279	31279	31279	31279	31279	31279	31279	31279	31279		1	0	0	0	1	1
4522	4522	-1	杀意闪现（7级）	Weapon2Skill1_9	-1	1	0	1	1	1	-1	-1	1	0	2	168					1373	-1	0	0	0	1	-1	-1	-1	-1	-1	-1	-1	-1	-1		-1	5	1200	0	7	-1	1	-1	0	0	0	100	-1	0	-1	0	0	0	2	2	800	31280	31280	31280	31280	31280	31280	31280	31280	31280	31280	31280	31280	31280	31280	31280	31280		1	0	0	0	1	1
4523	4523	-1	杀意闪现（8级）	Weapon2Skill1_9	-1	1	0	1	1	1	-1	-1	1	0	2	168					1373	-1	0	0	0	1	-1	-1	-1	-1	-1	-1	-1	-1	-1		-1	5	1200	0	7	-1	1	-1	0	0	0	100	-1	0	-1	0	0	0	2	2	800	31281	31281	31281	31281	31281	31281	31281	31281	31281	31281	31281	31281	31281	31281	31281	31281		1	0	0	0	1	1
4524	4524	-1	杀意闪现（9级）	Weapon2Skill1_9	-1	1	0	1	1	1	-1	-1	1	0	2	168					1373	-1	0	0	0	1	-1	-1	-1	-1	-1	-1	-1	-1	-1		-1	5	1200	0	8	-1	1	-1	0	0	0	100	-1	0	-1	0	0	0	2	2	800	31282	31282	31282	31282	31282	31282	31282	31282	31282	31282	31282	31282	31282	31282	31282	31282		1	0	0	0	1	1
4525	4525	-1	杀意闪现（10级）	Weapon2Skill1_9	-1	1	0	1	1	1	-1	-1	1	0	2	168					1373	-1	0	0	0	1	-1	-1	-1	-1	-1	-1	-1	-1	-1		-1	5	1200	0	8	-1	1	-1	0	0	0	100	-1	0	-1	0	0	0	2	2	800	31283	31283	31283	31283	31283	31283	31283	31283	31283	31283	31283	31283	31283	31283	31283	31283		1	0	0	0	1	1
4526	4526	-1	泯生刀光（1级）	Weapon2Skill1_7	-1	0	0	1	1	1	-1	-1	1	0	1	173				1372		-1	0	0	0	1	-1	-1	-1	-1	-1	-1	-1	-1	193	脚下光圈点	-1	5	600	0	5	-1	1	-1	0	500	0	-1	-1	0	-1	0	0	0	2	2	0	31284	31284	31284	31284	31284	31284	31284	31284	31284	31284	31284	31284	31284	31284	31284	31284		1	0	0	0	1	1
4527	4527	-1	泯生刀光（2级）	Weapon2Skill1_7	-1	0	0	1	1	1	-1	-1	1	0	1	173				1372		-1	0	0	0	1	-1	-1	-1	-1	-1	-1	-1	-1	193	脚下光圈点	-1	5	600	0	5	-1	1	-1	0	500	0	-1	-1	0	-1	0	0	0	2	2	0	31285	31285	31285	31285	31285	31285	31285	31285	31285	31285	31285	31285	31285	31285	31285	31285		1	0	0	0	1	1
4528	4528	-1	泯生刀光（3级）	Weapon2Skill1_7	-1	0	0	1	1	1	-1	-1	1	0	1	173				1372		-1	0	0	0	1	-1	-1	-1	-1	-1	-1	-1	-1	193	脚下光圈点	-1	5	600	0	5	-1	1	-1	0	500	0	-1	-1	0	-1	0	0	0	2	2	0	31286	31286	31286	31286	31286	31286	31286	31286	31286	31286	31286	31286	31286	31286	31286	31286		1	0	0	0	1	1
4529	4529	-1	泯生刀光（4级）	Weapon2Skill1_7	-1	0	0	1	1	1	-1	-1	1	0	1	173				1372		-1	0	0	0	1	-1	-1	-1	-1	-1	-1	-1	-1	193	脚下光圈点	-1	5	600	0	5	-1	1	-1	0	500	0	-1	-1	0	-1	0	0	0	2	2	0	31287	31287	31287	31287	31287	31287	31287	31287	31287	31287	31287	31287	31287	31287	31287	31287		1	0	0	0	1	1
4530	4530	-1	泯生刀光（5级）	Weapon2Skill1_7	-1	0	0	1	1	1	-1	-1	1	0	1	173				1372		-1	0	0	0	1	-1	-1	-1	-1	-1	-1	-1	-1	193	脚下光圈点	-1	5	600	0	5	-1	1	-1	0	500	0	-1	-1	0	-1	0	0	0	2	2	0	31288	31288	31288	31288	31288	31288	31288	31288	31288	31288	31288	31288	31288	31288	31288	31288		1	0	0	0	1	1
4531	4531	-1	泯生刀光（6级）	Weapon2Skill1_7	-1	0	0	1	1	1	-1	-1	1	0	1	173				1372		-1	0	0	0	1	-1	-1	-1	-1	-1	-1	-1	-1	193	脚下光圈点	-1	5	600	0	5	-1	1	-1	0	500	0	-1	-1	0	-1	0	0	0	2	2	0	31289	31289	31289	31289	31289	31289	31289	31289	31289	31289	31289	31289	31289	31289	31289	31289		1	0	0	0	1	1
4532	4532	-1	泯生刀光（7级）	Weapon2Skill1_7	-1	0	0	1	1	1	-1	-1	1	0	1	173				1372		-1	0	0	0	1	-1	-1	-1	-1	-1	-1	-1	-1	193	脚下光圈点	-1	5	600	0	5	-1	1	-1	0	500	0	-1	-1	0	-1	0	0	0	2	2	0	31290	31290	31290	31290	31290	31290	31290	31290	31290	31290	31290	31290	31290	31290	31290	31290		1	0	0	0	1	1
4533	4533	-1	泯生刀光（8级）	Weapon2Skill1_7	-1	0	0	1	1	1	-1	-1	1	0	1	173				1372		-1	0	0	0	1	-1	-1	-1	-1	-1	-1	-1	-1	193	脚下光圈点	-1	5	600	0	5	-1	1	-1	0	500	0	-1	-1	0	-1	0	0	0	2	2	0	31291	31291	31291	31291	31291	31291	31291	31291	31291	31291	31291	31291	31291	31291	31291	31291		1	0	0	0	1	1
4534	4534	-1	泯生刀光（9级）	Weapon2Skill1_7	-1	0	0	1	1	1	-1	-1	1	0	1	173				1372		-1	0	0	0	1	-1	-1	-1	-1	-1	-1	-1	-1	193	脚下光圈点	-1	5	600	0	5	-1	1	-1	0	500	0	-1	-1	0	-1	0	0	0	2	2	0	31292	31292	31292	31292	31292	31292	31292	31292	31292	31292	31292	31292	31292	31292	31292	31292		1	0	0	0	1	1
4535	4535	-1	泯生刀光（10级）	Weapon2Skill1_7	-1	0	0	1	1	1	-1	-1	1	0	1	173				1372		-1	0	0	0	1	-1	-1	-1	-1	-1	-1	-1	-1	193	脚下光圈点	-1	5	600	0	5	-1	1	-1	0	500	0	-1	-1	0	-1	0	0	0	2	2	0	31293	31293	31293	31293	31293	31293	31293	31293	31293	31293	31293	31293	31293	31293	31293	31293		1	0	0	0	1	1
4536	4536	-1	十方尽灭（1级）	Weapon2Skill1_5	-1	0	0	1	1	1	-1	-1	1	0	2	167					1348	-1	0	0	0	0	-1	-1	-1	-1	-1	-1	-1	-1	-1		-1	4	1200	-1	-1	-1	1	-1	0	0	0	-1	-1	0	-1	5	360	2	2	0	0	31294	31294	31294	31294	31294	31294	31294	31294	31294	31294	31294	31294	31294	31294	31294	31294		1	0	0	0	1	1
4537	4537	-1	十方尽灭（2级）	Weapon2Skill1_5	-1	0	0	1	1	1	-1	-1	1	0	2	167					1348	-1	0	0	0	0	-1	-1	-1	-1	-1	-1	-1	-1	-1		-1	4	1200	-1	-1	-1	1	-1	0	0	0	-1	-1	0	-1	5	360	2	2	0	0	31295	31295	31295	31295	31295	31295	31295	31295	31295	31295	31295	31295	31295	31295	31295	31295		1	0	0	0	1	1
4538	4538	-1	十方尽灭（3级）	Weapon2Skill1_5	-1	0	0	1	1	1	-1	-1	1	0	2	167					1348	-1	0	0	0	0	-1	-1	-1	-1	-1	-1	-1	-1	-1		-1	4	1200	-1	-1	-1	1	-1	0	0	0	-1	-1	0	-1	5	360	2	2	0	0	31296	31296	31296	31296	31296	31296	31296	31296	31296	31296	31296	31296	31296	31296	31296	31296		1	0	0	0	1	1
4539	4539	-1	十方尽灭（4级）	Weapon2Skill1_5	-1	0	0	1	1	1	-1	-1	1	0	2	167					1348	-1	0	0	0	0	-1	-1	-1	-1	-1	-1	-1	-1	-1		-1	4	1200	-1	-1	-1	1	-1	0	0	0	-1	-1	0	-1	5	360	2	2	0	0	31297	31297	31297	31297	31297	31297	31297	31297	31297	31297	31297	31297	31297	31297	31297	31297		1	0	0	0	1	1
4540	4540	-1	十方尽灭（5级）	Weapon2Skill1_5	-1	0	0	1	1	1	-1	-1	1	0	2	167					1348	-1	0	0	0	0	-1	-1	-1	-1	-1	-1	-1	-1	-1		-1	4	1200	-1	-1	-1	1	-1	0	0	0	-1	-1	0	-1	5	360	3	2	0	0	31298	31298	31298	31298	31298	31298	31298	31298	31298	31298	31298	31298	31298	31298	31298	31298		1	0	0	0	1	1
4541	4541	-1	十方尽灭（6级）	Weapon2Skill1_5	-1	0	0	1	1	1	-1	-1	1	0	2	167					1348	-1	0	0	0	0	-1	-1	-1	-1	-1	-1	-1	-1	-1		-1	4	1200	-1	-1	-1	1	-1	0	0	0	-1	-1	0	-1	5	360	3	2	0	0	31299	31299	31299	31299	31299	31299	31299	31299	31299	31299	31299	31299	31299	31299	31299	31299		1	0	0	0	1	1
4542	4542	-1	十方尽灭（7级）	Weapon2Skill1_5	-1	0	0	1	1	1	-1	-1	1	0	2	167					1348	-1	0	0	0	0	-1	-1	-1	-1	-1	-1	-1	-1	-1		-1	4	1200	-1	-1	-1	1	-1	0	0	0	-1	-1	0	-1	5	360	3	2	0	0	31300	31300	31300	31300	31300	31300	31300	31300	31300	31300	31300	31300	31300	31300	31300	31300		1	0	0	0	1	1
4543	4543	-1	十方尽灭（8级）	Weapon2Skill1_5	-1	0	0	1	1	1	-1	-1	1	0	2	167					1348	-1	0	0	0	0	-1	-1	-1	-1	-1	-1	-1	-1	-1		-1	4	1200	-1	-1	-1	1	-1	0	0	0	-1	-1	0	-1	5	360	3	2	0	0	31301	31301	31301	31301	31301	31301	31301	31301	31301	31301	31301	31301	31301	31301	31301	31301		1	0	0	0	1	1
4544	4544	-1	十方尽灭（9级）	Weapon2Skill1_5	-1	0	0	1	1	1	-1	-1	1	0	2	167					1348	-1	0	0	0	0	-1	-1	-1	-1	-1	-1	-1	-1	-1		-1	4	1200	-1	-1	-1	1	-1	0	0	0	-1	-1	0	-1	5	360	3	2	0	0	31302	31302	31302	31302	31302	31302	31302	31302	31302	31302	31302	31302	31302	31302	31302	31302		1	0	0	0	1	1
4545	4545	-1	十方尽灭（10级）	Weapon2Skill1_5	-1	0	0	1	1	1	-1	-1	1	0	2	167					1348	-1	0	0	0	0	-1	-1	-1	-1	-1	-1	-1	-1	-1		-1	4	1200	-1	-1	-1	1	-1	0	0	0	-1	-1	0	-1	5	360	4	2	0	0	31303	31303	31303	31303	31303	31303	31303	31303	31303	31303	31303	31303	31303	31303	31303	31303		1	0	0	0	1	1
4546	4546	-1	歃血诛心（1级）	Weapon2Skill1_3	-1	0	0	1	1	1	-1	-1	1	0	2	168					1349	-1	0	0	0	1	-1	-1	-1	-1	-1	-1	-1	-1	-1		-1	5	1200	0	5	-1	1	-1	0	0	0	-1	-1	0	-1	0	0	0	2	2	0	31304	31304	31304	31304	31304	31304	31304	31304	31304	31304	31304	31304	31304	31304	31304	31304		1	0	0	0	1	1
4547	4547	-1	歃血诛心（2级）	Weapon2Skill1_3	-1	0	0	1	1	1	-1	-1	1	0	2	168					1349	-1	0	0	0	1	-1	-1	-1	-1	-1	-1	-1	-1	-1		-1	5	1200	0	5	-1	1	-1	0	0	0	-1	-1	0	-1	0	0	0	2	2	0	31305	31305	31305	31305	31305	31305	31305	31305	31305	31305	31305	31305	31305	31305	31305	31305		1	0	0	0	1	1
4548	4548	-1	歃血诛心（3级）	Weapon2Skill1_3	-1	0	0	1	1	1	-1	-1	1	0	2	168					1349	-1	0	0	0	1	-1	-1	-1	-1	-1	-1	-1	-1	-1		-1	5	1200	0	5	-1	1	-1	0	0	0	-1	-1	0	-1	0	0	0	2	2	0	31306	31306	31306	31306	31306	31306	31306	31306	31306	31306	31306	31306	31306	31306	31306	31306		1	0	0	0	1	1
4549	4549	-1	歃血诛心（4级）	Weapon2Skill1_3	-1	0	0	1	1	1	-1	-1	1	0	2	168					1349	-1	0	0	0	1	-1	-1	-1	-1	-1	-1	-1	-1	-1		-1	5	1200	0	5	-1	1	-1	0	0	0	-1	-1	0	-1	0	0	0	2	2	0	31307	31307	31307	31307	31307	31307	31307	31307	31307	31307	31307	31307	31307	31307	31307	31307		1	0	0	0	1	1
4550	4550	-1	歃血诛心（5级）	Weapon2Skill1_3	-1	0	0	1	1	1	-1	-1	1	0	2	168					1349	-1	0	0	0	1	-1	-1	-1	-1	-1	-1	-1	-1	-1		-1	5	1200	0	5	-1	1	-1	0	0	0	-1	-1	0	-1	0	0	0	2	2	0	31308	31308	31308	31308	31308	31308	31308	31308	31308	31308	31308	31308	31308	31308	31308	31308		1	0	0	0	1	1
4551	4551	-1	歃血诛心（6级）	Weapon2Skill1_3	-1	0	0	1	1	1	-1	-1	1	0	2	168					1349	-1	0	0	0	1	-1	-1	-1	-1	-1	-1	-1	-1	-1		-1	5	1200	0	5	-1	1	-1	0	0	0	-1	-1	0	-1	0	0	0	2	2	0	31309	31309	31309	31309	31309	31309	31309	31309	31309	31309	31309	31309	31309	31309	31309	31309		1	0	0	0	1	1
4552	4552	-1	歃血诛心（7级）	Weapon2Skill1_3	-1	0	0	1	1	1	-1	-1	1	0	2	168					1349	-1	0	0	0	1	-1	-1	-1	-1	-1	-1	-1	-1	-1		-1	5	1200	0	5	-1	1	-1	0	0	0	-1	-1	0	-1	0	0	0	2	2	0	31310	31310	31310	31310	31310	31310	31310	31310	31310	31310	31310	31310	31310	31310	31310	31310		1	0	0	0	1	1
4553	4553	-1	歃血诛心（8级）	Weapon2Skill1_3	-1	0	0	1	1	1	-1	-1	1	0	2	168					1349	-1	0	0	0	1	-1	-1	-1	-1	-1	-1	-1	-1	-1		-1	5	1200	0	5	-1	1	-1	0	0	0	-1	-1	0	-1	0	0	0	2	2	0	31311	31311	31311	31311	31311	31311	31311	31311	31311	31311	31311	31311	31311	31311	31311	31311		1	0	0	0	1	1
4554	4554	-1	歃血诛心（9级）	Weapon2Skill1_3	-1	0	0	1	1	1	-1	-1	1	0	2	168					1349	-1	0	0	0	1	-1	-1	-1	-1	-1	-1	-1	-1	-1		-1	5	1200	0	5	-1	1	-1	0	0	0	-1	-1	0	-1	0	0	0	2	2	0	31312	31312	31312	31312	31312	31312	31312	31312	31312	31312	31312	31312	31312	31312	31312	31312		1	0	0	0	1	1
4555	4555	-1	歃血诛心（10级）	Weapon2Skill1_3	-1	0	0	1	1	1	-1	-1	1	0	2	168					1349	-1	0	0	0	1	-1	-1	-1	-1	-1	-1	-1	-1	-1		-1	5	1200	0	5	-1	1	-1	0	0	0	-1	-1	0	-1	0	0	0	2	2	0	31313	31313	31313	31313	31313	31313	31313	31313	31313	31313	31313	31313	31313	31313	31313	31313		1	0	0	0	1	1
4556	4556	-1	舍身破阵（1级）	Weapon2Skill1_4	-1	1	0	1	1	1	-1	-1	1	0	2	170					1350	-1	0	0	0	2	-1	-1	-1	-1	-1	-1	-1	-1	-1		-1	7	1200	0	10	-1	1	-1	0	0	0	-1	-1	0	-1	5	360	6	2	2	0	31314	31314	31314	31314	31314	31314	31314	31314	31314	31314	31314	31314	31314	31314	31314	31314		1	0	0	0	1	1
4557	4557	-1	舍身破阵（2级）	Weapon2Skill1_4	-1	1	0	1	1	1	-1	-1	1	0	2	170					1350	-1	0	0	0	2	-1	-1	-1	-1	-1	-1	-1	-1	-1		-1	7	1200	0	10	-1	1	-1	0	0	0	-1	-1	0	-1	5	360	6	2	2	0	31315	31315	31315	31315	31315	31315	31315	31315	31315	31315	31315	31315	31315	31315	31315	31315		1	0	0	0	1	1
4558	4558	-1	舍身破阵（3级）	Weapon2Skill1_4	-1	1	0	1	1	1	-1	-1	1	0	2	170					1350	-1	0	0	0	2	-1	-1	-1	-1	-1	-1	-1	-1	-1		-1	7	1200	0	10	-1	1	-1	0	0	0	-1	-1	0	-1	5	360	6	2	2	0	31316	31316	31316	31316	31316	31316	31316	31316	31316	31316	31316	31316	31316	31316	31316	31316		1	0	0	0	1	1
4559	4559	-1	舍身破阵（4级）	Weapon2Skill1_4	-1	1	0	1	1	1	-1	-1	1	0	2	170					1350	-1	0	0	0	2	-1	-1	-1	-1	-1	-1	-1	-1	-1		-1	7	1200	0	10	-1	1	-1	0	0	0	-1	-1	0	-1	5	360	6	2	2	0	31317	31317	31317	31317	31317	31317	31317	31317	31317	31317	31317	31317	31317	31317	31317	31317		1	0	0	0	1	1
4560	4560	-1	舍身破阵（5级）	Weapon2Skill1_4	-1	1	0	1	1	1	-1	-1	1	0	2	170					1350	-1	0	0	0	2	-1	-1	-1	-1	-1	-1	-1	-1	-1		-1	7	1200	0	10	-1	1	-1	0	0	0	-1	-1	0	-1	5	360	6	2	2	0	31318	31318	31318	31318	31318	31318	31318	31318	31318	31318	31318	31318	31318	31318	31318	31318		1	0	0	0	1	1
4561	4561	-1	舍身破阵（6级）	Weapon2Skill1_4	-1	1	0	1	1	1	-1	-1	1	0	2	170					1350	-1	0	0	0	2	-1	-1	-1	-1	-1	-1	-1	-1	-1		-1	7	1200	0	10	-1	1	-1	0	0	0	-1	-1	0	-1	5	360	6	2	2	0	31319	31319	31319	31319	31319	31319	31319	31319	31319	31319	31319	31319	31319	31319	31319	31319		1	0	0	0	1	1
4562	4562	-1	舍身破阵（7级）	Weapon2Skill1_4	-1	1	0	1	1	1	-1	-1	1	0	2	170					1350	-1	0	0	0	2	-1	-1	-1	-1	-1	-1	-1	-1	-1		-1	7	1200	0	10	-1	1	-1	0	0	0	-1	-1	0	-1	5	360	6	2	2	0	31320	31320	31320	31320	31320	31320	31320	31320	31320	31320	31320	31320	31320	31320	31320	31320		1	0	0	0	1	1
4563	4563	-1	舍身破阵（8级）	Weapon2Skill1_4	-1	1	0	1	1	1	-1	-1	1	0	2	170					1350	-1	0	0	0	2	-1	-1	-1	-1	-1	-1	-1	-1	-1		-1	7	1200	0	10	-1	1	-1	0	0	0	-1	-1	0	-1	5	360	6	2	2	0	31321	31321	31321	31321	31321	31321	31321	31321	31321	31321	31321	31321	31321	31321	31321	31321		1	0	0	0	1	1
4564	4564	-1	舍身破阵（9级）	Weapon2Skill1_4	-1	1	0	1	1	1	-1	-1	1	0	2	170					1350	-1	0	0	0	2	-1	-1	-1	-1	-1	-1	-1	-1	-1		-1	7	1200	0	10	-1	1	-1	0	0	0	-1	-1	0	-1	5	360	6	2	2	0	31322	31322	31322	31322	31322	31322	31322	31322	31322	31322	31322	31322	31322	31322	31322	31322		1	0	0	0	1	1
4565	4565	-1	舍身破阵（10级）	Weapon2Skill1_4	-1	1	0	1	1	1	-1	-1	1	0	2	170					1350	-1	0	0	0	2	-1	-1	-1	-1	-1	-1	-1	-1	-1		-1	7	1200	0	10	-1	1	-1	0	0	0	-1	-1	0	-1	5	360	6	2	2	0	31323	31323	31323	31323	31323	31323	31323	31323	31323	31323	31323	31323	31323	31323	31323	31323		1	0	0	0	1	1
4566	4566	-1	切换相思匕	Weapon2Skill2_16	-1	0	0	1	1	1	-1	-1	1	0	2	166					1363	-1	0	0	0	1	-1	-1	-1	-1	-1	-1	1	1	-1		-1	5	1200	0	10	0	-1	0	0	0	0	100	-1	0	-1	0	0	0	0	0	0	31324	31324	31324	31324	31324	31324	31324	31324	31324	31324	31324	31324	31324	31324	31324	31324		1	0	0	0	1	0
4567	4567	-1	秋光伤情（1级）	Weapon2Skill3_2	-1	0	0	1	1	1	-1	-1	0	0	2	167					1356	-1	0	0	0	1	-1	-1	-1	-1	-1	-1	-1	-1	-1		-1	5	1200	0	2	-1	1	-1	0	0	0	-1	-1	0	-1	0	0	0	2	2	0	31325	31325	31325	31325	31325	31325	31325	31325	31325	31325	31325	31325	31325	31325	31325	31325		1	0	0	0	1	1
4568	4568	-1	秋光伤情（2级）	Weapon2Skill3_2	-1	0	0	1	1	1	-1	-1	0	0	2	167					1356	-1	0	0	0	1	-1	-1	-1	-1	-1	-1	-1	-1	-1		-1	5	1200	0	2	-1	1	-1	0	0	0	-1	-1	0	-1	0	0	0	2	2	0	31326	31326	31326	31326	31326	31326	31326	31326	31326	31326	31326	31326	31326	31326	31326	31326		1	0	0	0	1	1
4569	4569	-1	秋光伤情（3级）	Weapon2Skill3_2	-1	0	0	1	1	1	-1	-1	0	0	2	167					1356	-1	0	0	0	1	-1	-1	-1	-1	-1	-1	-1	-1	-1		-1	5	1200	0	2	-1	1	-1	0	0	0	-1	-1	0	-1	0	0	0	2	2	0	31327	31327	31327	31327	31327	31327	31327	31327	31327	31327	31327	31327	31327	31327	31327	31327		1	0	0	0	1	1
4570	4570	-1	秋光伤情（4级）	Weapon2Skill3_2	-1	0	0	1	1	1	-1	-1	0	0	2	167					1356	-1	0	0	0	1	-1	-1	-1	-1	-1	-1	-1	-1	-1		-1	5	1200	0	2	-1	1	-1	0	0	0	-1	-1	0	-1	0	0	0	2	2	0	31328	31328	31328	31328	31328	31328	31328	31328	31328	31328	31328	31328	31328	31328	31328	31328		1	0	0	0	1	1
4571	4571	-1	秋光伤情（5级）	Weapon2Skill3_2	-1	0	0	1	1	1	-1	-1	0	0	2	167					1356	-1	0	0	0	1	-1	-1	-1	-1	-1	-1	-1	-1	-1		-1	5	1200	0	2	-1	1	-1	0	0	0	-1	-1	0	-1	0	0	0	2	2	0	31329	31329	31329	31329	31329	31329	31329	31329	31329	31329	31329	31329	31329	31329	31329	31329		1	0	0	0	1	1
4572	4572	-1	秋光伤情（6级）	Weapon2Skill3_2	-1	0	0	1	1	1	-1	-1	0	0	2	167					1356	-1	0	0	0	1	-1	-1	-1	-1	-1	-1	-1	-1	-1		-1	5	1200	0	2	-1	1	-1	0	0	0	-1	-1	0	-1	0	0	0	2	2	0	31330	31330	31330	31330	31330	31330	31330	31330	31330	31330	31330	31330	31330	31330	31330	31330		1	0	0	0	1	1
4573	4573	-1	秋光伤情（7级）	Weapon2Skill3_2	-1	0	0	1	1	1	-1	-1	0	0	2	167					1356	-1	0	0	0	1	-1	-1	-1	-1	-1	-1	-1	-1	-1		-1	5	1200	0	2	-1	1	-1	0	0	0	-1	-1	0	-1	0	0	0	2	2	0	31331	31331	31331	31331	31331	31331	31331	31331	31331	31331	31331	31331	31331	31331	31331	31331		1	0	0	0	1	1
4574	4574	-1	秋光伤情（8级）	Weapon2Skill3_2	-1	0	0	1	1	1	-1	-1	0	0	2	167					1356	-1	0	0	0	1	-1	-1	-1	-1	-1	-1	-1	-1	-1		-1	5	1200	0	2	-1	1	-1	0	0	0	-1	-1	0	-1	0	0	0	2	2	0	31332	31332	31332	31332	31332	31332	31332	31332	31332	31332	31332	31332	31332	31332	31332	31332		1	0	0	0	1	1
4575	4575	-1	秋光伤情（9级）	Weapon2Skill3_2	-1	0	0	1	1	1	-1	-1	0	0	2	167					1356	-1	0	0	0	1	-1	-1	-1	-1	-1	-1	-1	-1	-1		-1	5	1200	0	2	-1	1	-1	0	0	0	-1	-1	0	-1	0	0	0	2	2	0	31333	31333	31333	31333	31333	31333	31333	31333	31333	31333	31333	31333	31333	31333	31333	31333		1	0	0	0	1	1
4576	4576	-1	秋光伤情（10级）	Weapon2Skill3_2	-1	0	0	1	1	1	-1	-1	0	0	2	167					1356	-1	0	0	0	1	-1	-1	-1	-1	-1	-1	-1	-1	-1		-1	5	1200	0	2	-1	1	-1	0	0	0	-1	-1	0	-1	0	0	0	2	2	0	31334	31334	31334	31334	31334	31334	31334	31334	31334	31334	31334	31334	31334	31334	31334	31334		1	0	0	0	1	1
4577	4577	-1	海棠眠雨（1级）	Weapon2Skill2_15	-1	0	0	1	1	1	-1	-1	0	0	2	168					1357	-1	0	0	0	1	-1	-1	-1	-1	-1	-1	-1	-1	-1		-1	5	1200	0	2	-1	1	-1	0	0	0	-1	-1	0	-1	0	0	0	2	2	0	31335	31335	31335	31335	31335	31335	31335	31335	31335	31335	31335	31335	31335	31335	31335	31335		1	0	0	0	1	1
4578	4578	-1	海棠眠雨（2级）	Weapon2Skill2_15	-1	0	0	1	1	1	-1	-1	0	0	2	168					1357	-1	0	0	0	1	-1	-1	-1	-1	-1	-1	-1	-1	-1		-1	5	1200	0	2	-1	1	-1	0	0	0	-1	-1	0	-1	0	0	0	2	2	0	31336	31336	31336	31336	31336	31336	31336	31336	31336	31336	31336	31336	31336	31336	31336	31336		1	0	0	0	1	1
4579	4579	-1	海棠眠雨（3级）	Weapon2Skill2_15	-1	0	0	1	1	1	-1	-1	0	0	2	168					1357	-1	0	0	0	1	-1	-1	-1	-1	-1	-1	-1	-1	-1		-1	5	1200	0	2	-1	1	-1	0	0	0	-1	-1	0	-1	0	0	0	2	2	0	31337	31337	31337	31337	31337	31337	31337	31337	31337	31337	31337	31337	31337	31337	31337	31337		1	0	0	0	1	1
4580	4580	-1	海棠眠雨（4级）	Weapon2Skill2_15	-1	0	0	1	1	1	-1	-1	0	0	2	168					1357	-1	0	0	0	1	-1	-1	-1	-1	-1	-1	-1	-1	-1		-1	5	1200	0	2	-1	1	-1	0	0	0	-1	-1	0	-1	0	0	0	2	2	0	31338	31338	31338	31338	31338	31338	31338	31338	31338	31338	31338	31338	31338	31338	31338	31338		1	0	0	0	1	1
4581	4581	-1	海棠眠雨（5级）	Weapon2Skill2_15	-1	0	0	1	1	1	-1	-1	0	0	2	168					1357	-1	0	0	0	1	-1	-1	-1	-1	-1	-1	-1	-1	-1		-1	5	1200	0	2	-1	1	-1	0	0	0	-1	-1	0	-1	0	0	0	2	2	0	31339	31339	31339	31339	31339	31339	31339	31339	31339	31339	31339	31339	31339	31339	31339	31339		1	0	0	0	1	1
4582	4582	-1	海棠眠雨（6级）	Weapon2Skill2_15	-1	0	0	1	1	1	-1	-1	0	0	2	168					1357	-1	0	0	0	1	-1	-1	-1	-1	-1	-1	-1	-1	-1		-1	5	1200	0	2	-1	1	-1	0	0	0	-1	-1	0	-1	0	0	0	2	2	0	31340	31340	31340	31340	31340	31340	31340	31340	31340	31340	31340	31340	31340	31340	31340	31340		1	0	0	0	1	1
4583	4583	-1	海棠眠雨（7级）	Weapon2Skill2_15	-1	0	0	1	1	1	-1	-1	0	0	2	168					1357	-1	0	0	0	1	-1	-1	-1	-1	-1	-1	-1	-1	-1		-1	5	1200	0	2	-1	1	-1	0	0	0	-1	-1	0	-1	0	0	0	2	2	0	31341	31341	31341	31341	31341	31341	31341	31341	31341	31341	31341	31341	31341	31341	31341	31341		1	0	0	0	1	1
4584	4584	-1	海棠眠雨（8级）	Weapon2Skill2_15	-1	0	0	1	1	1	-1	-1	0	0	2	168					1357	-1	0	0	0	1	-1	-1	-1	-1	-1	-1	-1	-1	-1		-1	5	1200	0	2	-1	1	-1	0	0	0	-1	-1	0	-1	0	0	0	2	2	0	31342	31342	31342	31342	31342	31342	31342	31342	31342	31342	31342	31342	31342	31342	31342	31342		1	0	0	0	1	1
4585	4585	-1	海棠眠雨（9级）	Weapon2Skill2_15	-1	0	0	1	1	1	-1	-1	0	0	2	168					1357	-1	0	0	0	1	-1	-1	-1	-1	-1	-1	-1	-1	-1		-1	5	1200	0	2	-1	1	-1	0	0	0	-1	-1	0	-1	0	0	0	2	2	0	31343	31343	31343	31343	31343	31343	31343	31343	31343	31343	31343	31343	31343	31343	31343	31343		1	0	0	0	1	1
4586	4586	-1	海棠眠雨（10级）	Weapon2Skill2_15	-1	0	0	1	1	1	-1	-1	0	0	2	168					1357	-1	0	0	0	1	-1	-1	-1	-1	-1	-1	-1	-1	-1		-1	5	1200	0	2	-1	1	-1	0	0	0	-1	-1	0	-1	0	0	0	2	2	0	31344	31344	31344	31344	31344	31344	31344	31344	31344	31344	31344	31344	31344	31344	31344	31344		1	0	0	0	1	1
4587	4587	-1	晦明相思（1级）	Weapon2Skill2_14	-1	0	0	1	1	1	-1	-1	-1	0	2	170					1358	-1	0	0	0	0	-1	-1	-1	-1	-1	-1	-1	-1	-1		-1	0	1200	-1	-1	1	-1	-1	0	0	0	100	-1	0	-1	0	0	0	1	0	0	31345	31345	31345	31345	31345	31345	31345	31345	31345	31345	31345	31345	31345	31345	31345	31345		1	0	0	0	1	1
4588	4588	-1	晦明相思（2级）	Weapon2Skill2_14	-1	0	0	1	1	1	-1	-1	-1	0	2	170					1358	-1	0	0	0	0	-1	-1	-1	-1	-1	-1	-1	-1	-1		-1	0	1200	-1	-1	1	-1	-1	0	0	0	100	-1	0	-1	0	0	0	1	0	0	31346	31346	31346	31346	31346	31346	31346	31346	31346	31346	31346	31346	31346	31346	31346	31346		1	0	0	0	1	1
4589	4589	-1	晦明相思（3级）	Weapon2Skill2_14	-1	0	0	1	1	1	-1	-1	-1	0	2	170					1358	-1	0	0	0	0	-1	-1	-1	-1	-1	-1	-1	-1	-1		-1	0	1200	-1	-1	1	-1	-1	0	0	0	100	-1	0	-1	0	0	0	1	0	0	31347	31347	31347	31347	31347	31347	31347	31347	31347	31347	31347	31347	31347	31347	31347	31347		1	0	0	0	1	1
4590	4590	-1	晦明相思（4级）	Weapon2Skill2_14	-1	0	0	1	1	1	-1	-1	-1	0	2	170					1358	-1	0	0	0	0	-1	-1	-1	-1	-1	-1	-1	-1	-1		-1	0	1200	-1	-1	1	-1	-1	0	0	0	100	-1	0	-1	0	0	0	1	0	0	31348	31348	31348	31348	31348	31348	31348	31348	31348	31348	31348	31348	31348	31348	31348	31348		1	0	0	0	1	1
4591	4591	-1	晦明相思（5级）	Weapon2Skill2_14	-1	0	0	1	1	1	-1	-1	-1	0	2	170					1358	-1	0	0	0	0	-1	-1	-1	-1	-1	-1	-1	-1	-1		-1	0	1200	-1	-1	1	-1	-1	0	0	0	100	-1	0	-1	0	0	0	1	0	0	31349	31349	31349	31349	31349	31349	31349	31349	31349	31349	31349	31349	31349	31349	31349	31349		1	0	0	0	1	1
4592	4592	-1	晦明相思（6级）	Weapon2Skill2_14	-1	0	0	1	1	1	-1	-1	-1	0	2	170					1358	-1	0	0	0	0	-1	-1	-1	-1	-1	-1	-1	-1	-1		-1	0	1200	-1	-1	1	-1	-1	0	0	0	100	-1	0	-1	0	0	0	1	0	0	31350	31350	31350	31350	31350	31350	31350	31350	31350	31350	31350	31350	31350	31350	31350	31350		1	0	0	0	1	1
4593	4593	-1	晦明相思（7级）	Weapon2Skill2_14	-1	0	0	1	1	1	-1	-1	-1	0	2	170					1358	-1	0	0	0	0	-1	-1	-1	-1	-1	-1	-1	-1	-1		-1	0	1200	-1	-1	1	-1	-1	0	0	0	100	-1	0	-1	0	0	0	1	0	0	31351	31351	31351	31351	31351	31351	31351	31351	31351	31351	31351	31351	31351	31351	31351	31351		1	0	0	0	1	1
4594	4594	-1	晦明相思（8级）	Weapon2Skill2_14	-1	0	0	1	1	1	-1	-1	-1	0	2	170					1358	-1	0	0	0	0	-1	-1	-1	-1	-1	-1	-1	-1	-1		-1	0	1200	-1	-1	1	-1	-1	0	0	0	100	-1	0	-1	0	0	0	1	0	0	31352	31352	31352	31352	31352	31352	31352	31352	31352	31352	31352	31352	31352	31352	31352	31352		1	0	0	0	1	1
4595	4595	-1	晦明相思（9级）	Weapon2Skill2_14	-1	0	0	1	1	1	-1	-1	-1	0	2	170					1358	-1	0	0	0	0	-1	-1	-1	-1	-1	-1	-1	-1	-1		-1	0	1200	-1	-1	1	-1	-1	0	0	0	100	-1	0	-1	0	0	0	1	0	0	31353	31353	31353	31353	31353	31353	31353	31353	31353	31353	31353	31353	31353	31353	31353	31353		1	0	0	0	1	1
4596	4596	-1	晦明相思（10级）	Weapon2Skill2_14	-1	0	0	1	1	1	-1	-1	-1	0	2	170					1358	-1	0	0	0	0	-1	-1	-1	-1	-1	-1	-1	-1	-1		-1	0	1200	-1	-1	1	-1	-1	0	0	0	100	-1	0	-1	0	0	0	1	0	0	31354	31354	31354	31354	31354	31354	31354	31354	31354	31354	31354	31354	31354	31354	31354	31354		1	0	0	0	1	1
4597	4597	-1	通法下卷·护佑（1级）	Weapon2Skill2_10	-1	0	0	1	1	1	-1	-1	-1	0	2	171	吟唱sl	身体中心点			512	-1	0	0	0	0	-1	-1	-1	-1	-1	-1	-1	-1	-1		-1	0	1200	-1	-1	1	-1	-1	0	0	0	100	-1	0	-1	0	0	0	0	0	0	31355	31355	31355	31355	31355	31355	31355	31355	31355	31355	31355	31355	31355	31355	31355	31355		1	0	0	0	1	1
4598	4598	-1	通法下卷·护佑（2级）	Weapon2Skill2_10	-1	0	0	1	1	1	-1	-1	-1	0	2	171	吟唱sl	身体中心点			512	-1	0	0	0	0	-1	-1	-1	-1	-1	-1	-1	-1	-1		-1	0	1200	-1	-1	1	-1	-1	0	0	0	100	-1	0	-1	0	0	0	0	0	0	31356	31356	31356	31356	31356	31356	31356	31356	31356	31356	31356	31356	31356	31356	31356	31356		1	0	0	0	1	1
4599	4599	-1	通法下卷·护佑（3级）	Weapon2Skill2_10	-1	0	0	1	1	1	-1	-1	-1	0	2	171	吟唱sl	身体中心点			512	-1	0	0	0	0	-1	-1	-1	-1	-1	-1	-1	-1	-1		-1	0	1200	-1	-1	1	-1	-1	0	0	0	100	-1	0	-1	0	0	0	0	0	0	31357	31357	31357	31357	31357	31357	31357	31357	31357	31357	31357	31357	31357	31357	31357	31357		1	0	0	0	1	1
4600	4600	-1	通法下卷·护佑（4级）	Weapon2Skill2_10	-1	0	0	1	1	1	-1	-1	-1	0	2	171	吟唱sl	身体中心点			512	-1	0	0	0	0	-1	-1	-1	-1	-1	-1	-1	-1	-1		-1	0	1200	-1	-1	1	-1	-1	0	0	0	100	-1	0	-1	0	0	0	0	0	0	31358	31358	31358	31358	31358	31358	31358	31358	31358	31358	31358	31358	31358	31358	31358	31358		1	0	0	0	1	1
4601	4601	-1	通法下卷·护佑（5级）	Weapon2Skill2_10	-1	0	0	1	1	1	-1	-1	-1	0	2	171	吟唱sl	身体中心点			512	-1	0	0	0	0	-1	-1	-1	-1	-1	-1	-1	-1	-1		-1	0	1200	-1	-1	1	-1	-1	0	0	0	100	-1	0	-1	0	0	0	0	0	0	31359	31359	31359	31359	31359	31359	31359	31359	31359	31359	31359	31359	31359	31359	31359	31359		1	0	0	0	1	1
4602	4602	-1	通法下卷·护佑（6级）	Weapon2Skill2_10	-1	0	0	1	1	1	-1	-1	-1	0	2	171	吟唱sl	身体中心点			512	-1	0	0	0	0	-1	-1	-1	-1	-1	-1	-1	-1	-1		-1	0	1200	-1	-1	1	-1	-1	0	0	0	100	-1	0	-1	0	0	0	0	0	0	31360	31360	31360	31360	31360	31360	31360	31360	31360	31360	31360	31360	31360	31360	31360	31360		1	0	0	0	1	1
4603	4603	-1	通法下卷·护佑（7级）	Weapon2Skill2_10	-1	0	0	1	1	1	-1	-1	-1	0	2	171	吟唱sl	身体中心点			512	-1	0	0	0	0	-1	-1	-1	-1	-1	-1	-1	-1	-1		-1	0	1200	-1	-1	1	-1	-1	0	0	0	100	-1	0	-1	0	0	0	0	0	0	31361	31361	31361	31361	31361	31361	31361	31361	31361	31361	31361	31361	31361	31361	31361	31361		1	0	0	0	1	1
4604	4604	-1	通法下卷·护佑（8级）	Weapon2Skill2_10	-1	0	0	1	1	1	-1	-1	-1	0	2	171	吟唱sl	身体中心点			512	-1	0	0	0	0	-1	-1	-1	-1	-1	-1	-1	-1	-1		-1	0	1200	-1	-1	1	-1	-1	0	0	0	100	-1	0	-1	0	0	0	0	0	0	31362	31362	31362	31362	31362	31362	31362	31362	31362	31362	31362	31362	31362	31362	31362	31362		1	0	0	0	1	1
4605	4605	-1	通法下卷·护佑（9级）	Weapon2Skill2_10	-1	0	0	1	1	1	-1	-1	-1	0	2	171	吟唱sl	身体中心点			512	-1	0	0	0	0	-1	-1	-1	-1	-1	-1	-1	-1	-1		-1	0	1200	-1	-1	1	-1	-1	0	0	0	100	-1	0	-1	0	0	0	0	0	0	31363	31363	31363	31363	31363	31363	31363	31363	31363	31363	31363	31363	31363	31363	31363	31363		1	0	0	0	1	1
4606	4606	-1	通法下卷·护佑（10级）	Weapon2Skill2_10	-1	0	0	1	1	1	-1	-1	-1	0	2	171	吟唱sl	身体中心点			512	-1	0	0	0	0	-1	-1	-1	-1	-1	-1	-1	-1	-1		-1	0	1200	-1	-1	1	-1	-1	0	0	0	100	-1	0	-1	0	0	0	0	0	0	31364	31364	31364	31364	31364	31364	31364	31364	31364	31364	31364	31364	31364	31364	31364	31364		1	0	0	0	1	1
4607	4607	-1	刀气	FightSkillXiaoYao_11	-1	0	0	1	1	1	-1	-1	-1	0	2	182	吟唱xy	身体中心点			687	-1	0	0	1	1	-1	-1	-1	-1	-1	-1	-1	-1	198	身体受击点	-1	5	300	0	2	-1	1	-1	0	0	0	100	-1	0	-1	0	0	-1	0	0	0	31365	31365	31365	31365	31365	31365	31365	31365	31365	31365	31365	31365	31365	31365	31365	31365		0	0	0	0	1	1
4608	4608	-1	成功	Test_1	-1	0	0	1	1	1	-1	-1	-1	0	0	147					168	-1	0	1	0	0	-1	-1	-1	-1	-1	-1	-1	-1	-1		-1	4	1200	0	30	-1	1	0	0	0	0	100	-1	0	-1	0	0	0	0	0	0	31368	31368	31368	31368	31368	31368	31368	31368	31368	31368	31368	31368	31368	31368	31368	31368	成功	0	0	0	0	1	0
4609	4609	-1	失败	Test_1	-1	0	0	1	1	1	-1	-1	-1	0	0	147					167	-1	0	1	0	0	-1	-1	-1	-1	-1	-1	-1	-1	-1		-1	4	1200	0	30	-1	1	0	0	0	0	100	-1	0	-1	0	0	0	0	0	0	31369	31369	31369	31369	31369	31369	31369	31369	31369	31369	31369	31369	31369	31369	31369	31369	失败	0	0	0	0	1	0
4610	4610	-1	玄苦成功	Test_1	-1	0	0	1	1	1	-1	-1	-1	0	0	147					167	-1	0	1	0	0	-1	-1	-1	-1	-1	-1	-1	-1	-1		-1	4	1200	0	30	-1	1	0	0	0	0	100	-1	0	-1	0	0	0	0	0	0	31370	31370	31370	31370	31370	31370	31370	31370	31370	31370	31370	31370	31370	31370	31370	31370	玄苦成功	0	0	0	0	1	0
4611	4611	-1	玄苦失败	Test_1	-1	0	0	1	1	1	-1	-1	-1	0	0	147					166	-1	0	1	0	0	-1	-1	-1	-1	-1	-1	-1	-1	-1		-1	4	1200	0	30	-1	1	0	0	0	0	100	-1	0	-1	0	0	0	0	0	0	31371	31371	31371	31371	31371	31371	31371	31371	31371	31371	31371	31371	31371	31371	31371	31371	玄苦失败	0	0	0	0	1	0
4614	4614	-1	拘魂	HuoDongSkill5_16	-1	0	0	0	0	1	-1	-1	1	0	2	67					165	-1	0	0	0	1	-1	-1	-1	-1	-1	-1	-1	0	-1	身体受击点	-1	5	800	0	15	0	-1	-1	0	0	0	100	-1	0	-1	0	0	0	1	0	0	31769	31769	31769	31769	31769	31769	31769	31769	31769	31769	31769	31769	31769	31769	31769	31769	恶人谷的一门奇异功夫，千里之外拘人魂魄，使对方丧魂后，造成大量伤害，诡异凌厉！	1	0	0	0	1	0
4615	4615	-1	魂离魄散	HuoDongSkill6_2	-1	0	0	0	0	1	-1	-1	1	0	2	69					167	-1	0	0	0	1	-1	-1	-1	-1	-1	-1	-1	0	214	脚下光圈点	-1	5	800	0	15	0	-1	-1	0	0	0	100	-1	0	-1	0	0	0	1	0	0	31770	31770	31770	31770	31770	31770	31770	31770	31770	31770	31770	31770	31770	31770	31770	31770	恶人谷的一记狠招，若已有敌方丧魂，则可对其造成恐怖伤害，周围敌军亦被波及，不能自保。辅以拘魂之技，才可彰显威力！	1	0	0	0	1	0
4616	4616	-1	剜心镰	HuoDongSkill6_1	-1	0	0	0	0	1	-1	-1	1	0	2	68					166	-1	0	0	0	1	-1	-1	-1	-1	-1	-1	-1	0	216	身体中心点	-1	5	2400	0	15	0	-1	-1	0	0	1	100	-1	0	-1	0	0	0	2	1	0	31771	31771	31771	31771	31771	31771	31771	31771	31771	31771	31771	31771	31771	31771	31771	31771	恶人谷的一记猛招！可对目标敌方造成可怕伤害！	0	0	0	0	1	0
4617	4617	-1	安抚相问	HuoDongSkill5_13	-1	0	0	0	0	0	-1	-1	-1	0	0	129				168	167	-1	0	0	0	1	-1	-1	-1	-1	-1	-1	-1	0	-1		-1	0	4800	-1	3	0	-1	-1	0	0	0	100	-1	0	-1	0	0	0	0	0	0	31377	31377	31377	31377	31377	31377	31377	31377	31377	31377	31377	31377	31377	31377	31377	31377	知情者受了好大的惊吓！若得安抚，必有收获。	0	0	0	0	1	0
4618	4618	-1	严厉相问	HuoDongSkill5_14	-1	0	0	0	0	0	-1	-1	-1	0	0	129				168	165	-1	0	0	0	1	-1	-1	-1	-1	-1	-1	-1	0	-1		-1	0	4640	-1	3	0	-1	-1	0	0	0	100	-1	0	-1	0	0	0	0	0	0	31378	31378	31378	31378	31378	31378	31378	31378	31378	31378	31378	31378	31378	31378	31378	31378	知情者瞧着油盐不进，不如吓唬一番，必有收获。	0	0	0	0	1	0
4619	4619	-1	八卦相问	HuoDongSkill5_15	-1	0	0	0	0	0	-1	-1	-1	0	0	129				168	166	-1	0	0	0	1	-1	-1	-1	-1	-1	-1	-1	0	-1		-1	0	2400	-1	3	0	-1	-1	0	0	0	100	-1	0	-1	0	0	0	0	0	0	31379	31379	31379	31379	31379	31379	31379	31379	31379	31379	31379	31379	31379	31379	31379	31379	知情者似乎对凶案兴趣颇浓！加入他们，必有收获。	0	0	0	0	1	0
4620	4620	-1	显形	HuoDongSkill3_12	-1	0	0	0	0	0	-1	-1	-1	0	2	129					28	-1	0	0	0	1	-1	-1	-1	-1	-1	-1	-1	0	-1		-1	0	4800	-1	10	0	-1	-1	0	0	0	100	-1	0	-1	0	0	0	0	0	0	31380	31380	31380	31380	31380	31380	31380	31380	31380	31380	31380	31380	31380	31380	31380	31380	使用后可查看舞龙队队员真身。	1	0	0	0	1	0
4621	4621	-1	拜会	CircularTaskTool94_2	-1	0	0	0	0	0	-1	-1	-1	0	2	129					28	-1	0	0	0	1	-1	-1	-1	-1	-1	-1	-1	0	-1		-1	0	4640	-1	3	0	-1	-1	0	0	0	100	-1	0	-1	0	0	0	0	0	0	31381	31381	31381	31381	31381	31381	31381	31381	31381	31381	31381	31381	31381	31381	31381	31381	使用后可拜会舞龙人，与其交好。	1	0	0	0	1	0
4622	4622	-1	劝诫	HuoDongSkill3_13	-1	0	0	0	0	0	-1	-1	-1	0	2	129					27	-1	0	0	0	1	-1	-1	-1	-1	-1	-1	-1	0	-1		-1	0	2400	-1	3	0	-1	-1	0	0	0	100	-1	0	-1	0	0	0	0	0	0	31382	31382	31382	31382	31382	31382	31382	31382	31382	31382	31382	31382	31382	31382	31382	31382	使用后可劝诫龙族幼崽，使其改正。	1	0	0	0	1	0
4623	4623	-1	拾取火焰	Test_1	-1	0	0	1	0	1	-1	-1	-1	0	0	-1				143	143	-1	0	3	0	1	-1	-1	-1	-1	-1	-1	-1	-1	-1		-1	5	2000	0	2	0	-1	-1	0	0	0	100	-1	0	-1	0	0	0	0	0	0	31383	31383	31383	31383	31383	31383	31383	31383	31383	31383	31383	31383	31383	31383	31383	31383	拾取	0	0	0	0	1	0
4624	4624	-1	一鼓作气	HuoDongSkill3_14	-1	0	0	0	0	0	-1	-1	-1	0	2	129						-1	0	0	0	0	-1	-1	-1	-1	-1	-1	-1	0	-1		-1	4	300	-1	-1	1	0	0	1	0	0	100	-1	0	-1	15	360	6	0	0	0	31384	31384	31384	31384	31384	31384	31384	31384	31384	31384	31384	31384	31384	31384	31384	31384	一鼓作气	1	0	0	0	1	0
4625	4625	-1	安抚情绪	HuoDongSkill3_15	-1	0	0	0	0	0	-1	-1	-1	0	2	68	吟唱ts	身体中心点				-1	0	0	0	0	-1	-1	-1	-1	-1	-1	-1	0	-1		-1	0	300	-1	-1	1	0	0	0	0	0	100	-1	0	-1	0	0	0	0	0	0	31385	31385	31385	31385	31385	31385	31385	31385	31385	31385	31385	31385	31385	31385	31385	31385	安抚暴动的小灵狐	1	0	0	0	1	0
4626	4626	-1	投喂鲜肉	HuoDongSkill3_16	-1	0	0	0	0	0	-1	-1	-1	0	2	102						-1	0	0	0	1	-1	-1	-1	-1	-1	-1	-1	-1	-1		-1	5	1200	0	20	1	0	0	0	0	0	100	-1	0	-1	0	0	0	0	0	0	31386	31386	31386	31386	31386	31386	31386	31386	31386	31386	31386	31386	31386	31386	31386	31386	喂给灵狐一块鲜肉。	1	0	0	0	1	0
4627	4627	-1	投喂生菜	HuoDongSkill4_1	-1	0	0	0	0	0	-1	-1	-1	0	2	102						-1	0	0	0	1	-1	-1	-1	-1	-1	-1	-1	-1	-1		-1	5	1200	0	20	1	0	0	0	0	0	100	-1	0	-1	0	0	0	0	0	0	31387	31387	31387	31387	31387	31387	31387	31387	31387	31387	31387	31387	31387	31387	31387	31387	喂给灵狐一颗生菜。	1	0	0	0	1	0
4628	4628	-1	投喂瓜果	HuoDongSkill4_2	-1	0	0	0	0	0	-1	-1	-1	0	2	102						-1	0	0	0	1	-1	-1	-1	-1	-1	-1	-1	-1	-1		-1	5	1200	0	20	1	0	0	0	0	0	100	-1	0	-1	0	0	0	0	0	0	31388	31388	31388	31388	31388	31388	31388	31388	31388	31388	31388	31388	31388	31388	31388	31388	喂给灵狐一份瓜果。	1	0	0	0	1	0
4629	4629	-1	投喂糕点	HuoDongSkill4_3	-1	0	0	0	0	0	-1	-1	-1	0	2	102						-1	0	0	0	1	-1	-1	-1	-1	-1	-1	-1	-1	-1		-1	5	1200	0	20	1	0	0	0	0	0	100	-1	0	-1	0	0	0	0	0	0	31389	31389	31389	31389	31389	31389	31389	31389	31389	31389	31389	31389	31389	31389	31389	31389	喂给灵狐一块糕点。	1	0	0	0	1	0
4630	4630	-1	打开妖塔宝箱	PetSkill3_7	-1	0	0	1	0	1	-1	-1	-1	0	0	-1				143	1127	-1	0	3	0	1	-1	-1	-1	-1	-1	-1	-1	-1	-1		-1	5	1200	0	2	0	-1	-1	0	0	0	100	-1	0	-1	0	0	0	0	0	0	31390	31390	31390	31390	31390	31390	31390	31390	31390	31390	31390	31390	31390	31390	31390	31390	打开妖塔宝箱	0	0.1	100	10	1	0
4631	4631	-1	打开龙塔宝箱	PetSkill3_7	-1	0	0	1	0	1	-1	-1	-1	0	0	-1				143	1127	-1	0	3	0	1	-1	-1	-1	-1	-1	-1	-1	-1	-1		-1	5	1200	0	2	0	-1	-1	0	0	0	100	-1	0	-1	0	0	0	0	0	0	31391	31391	31391	31391	31391	31391	31391	31391	31391	31391	31391	31391	31391	31391	31391	31391	打开龙塔宝箱	0	0.1	100	10	1	0
4632	4632	-1	打开火焰机关	PetSkill3_7	-1	0	0	1	0	1	-1	-1	-1	0	0	-1				143	1127	-1	0	3	0	1	-1	-1	-1	-1	-1	-1	-1	-1	-1		-1	5	1200	0	2	0	-1	-1	0	0	0	100	-1	0	-1	0	0	0	0	0	0	31392	31392	31392	31392	31392	31392	31392	31392	31392	31392	31392	31392	31392	31392	31392	31392	打开火焰机关	0	0.1	33	10	1	0
4633	4633	-1	打开传送机关	PetSkill3_7	-1	0	0	1	0	1	-1	-1	-1	0	0	-1				143	1127	-1	0	3	0	1	-1	-1	-1	-1	-1	-1	-1	-1	-1		-1	5	1200	0	2	0	-1	-1	0	0	0	100	-1	0	-1	0	0	0	0	0	0	31393	31393	31393	31393	31393	31393	31393	31393	31393	31393	31393	31393	31393	31393	31393	31393	打开传送机关	0	0.1	33	10	1	0
4634	4634	-1	打开阻挡机关	PetSkill3_7	-1	0	0	1	0	1	-1	-1	-1	0	0	-1				143	1127	-1	0	3	0	1	-1	-1	-1	-1	-1	-1	-1	-1	-1		-1	5	1200	0	2	0	-1	-1	0	0	0	100	-1	0	-1	0	0	0	0	0	0	31394	31394	31394	31394	31394	31394	31394	31394	31394	31394	31394	31394	31394	31394	31394	31394	打开阻挡机关	0	0.1	33	10	1	0
4635	4635	-1	池鱼笼鸟	Test_1	-1	0	0	1	1	1	-1	-1	1	0	0	0				165	166	-1	0	1	0	0	-1	-1	-1	-1	-1	-1	-1	-1	-1		-1	4	1200	0	15	-1	1	0	0	0	0	100	-1	0	-1	0	0	0	0	0	0	31395	31395	31395	31395	31395	31395	31395	31395	31395	31395	31395	31395	31395	31395	31395	31395	池鱼笼鸟	1	0	0	0	1	0
4636	4636	-1	惊涛骇行	Test_1	-1	0	0	1	1	1	-1	-1	1	0	0	0				165	167	-1	0	1	0	0	-1	-1	-1	-1	-1	-1	-1	-1	-1		-1	4	1200	0	15	-1	1	0	0	0	0	100	-1	0	-1	0	0	0	0	0	0	31396	31396	31396	31396	31396	31396	31396	31396	31396	31396	31396	31396	31396	31396	31396	31396	惊涛骇行	1	0	0	0	1	0
4637	4637	-1	雾里看花	Test_1	-1	0	0	1	1	1	-1	-1	1	0	0	0				165	166	-1	0	1	0	0	-1	-1	-1	-1	-1	-1	-1	-1	-1		-1	4	1200	0	15	-1	1	0	0	0	0	100	-1	0	-1	0	0	0	0	0	0	31397	31397	31397	31397	31397	31397	31397	31397	31397	31397	31397	31397	31397	31397	31397	31397	雾里看花	1	0	0	0	1	0
4638	4638	-1	盗影奉行	Test_1	-1	0	0	1	1	1	-1	-1	1	0	0	0				167	168	-1	0	1	0	0	-1	-1	-1	-1	-1	-1	-1	-1	-1		-1	4	1200	0	15	-1	1	0	0	0	0	100	-1	0	-1	0	0	0	0	0	0	31398	31398	31398	31398	31398	31398	31398	31398	31398	31398	31398	31398	31398	31398	31398	31398	盗影奉行	1	0	0	0	1	0
4639	4639	-1	海市蜃楼蓄力	Test_1	-1	0	0	1	1	1	-1	-1	1	0	0	0				165		-1	0	1	0	0	-1	-1	-1	-1	-1	-1	-1	-1	-1		-1	4	1200	0	15	-1	1	0	0	0	0	100	-1	0	-1	0	0	0	0	0	0	31399	31399	31399	31399	31399	31399	31399	31399	31399	31399	31399	31399	31399	31399	31399	31399	海市蜃楼蓄力	0	0	0	0	1	0
4640	4640	-1	海市蜃楼	Test_1	-1	0	0	1	1	1	-1	-1	1	0	0	0				169		-1	0	1	0	0	-1	-1	-1	-1	-1	-1	-1	-1	-1		-1	4	1200	0	15	-1	1	0	0	0	0	100	-1	0	-1	0	0	0	0	0	0	31501	31501	31501	31501	31501	31501	31501	31501	31501	31501	31501	31501	31501	31501	31501	31501	海市蜃楼	1	0	0	0	1	0
4800	4800	-1	理发中	Test_1	-1	0	0	1	1	1	-1	-1	-1	0	0	-1				1420		-1	0	0	0	0	-1	-1	-1	-1	-1	-1	-1	-1	-1		-1	0	1200	-1	-1	1	0	-1	0	0	0	100	-1	0	-1	0	0	0	0	0	0	31500	31500	31500	31500	31500	31500	31500	31500	31500	31500	31500	31500	31500	31500	31500	31500	理发中	0	0	0	0	1	0
4802	4802	-1	百毒万侵	Test_1	-1	0	0	1	1	1	-1	-1	1	0	0	0				165	166	-1	0	1	0	0	-1	-1	-1	-1	-1	-1	-1	-1	-1		-1	4	1200	0	15	-1	1	0	0	0	0	100	-1	0	-1	0	0	0	0	0	0	31395	31395	31395	31395	31395	31395	31395	31395	31395	31395	31395	31395	31395	31395	31395	31395	百毒万侵	1	0	0	0	1	0
4803	4803	-1	蔓刺鞭骨	Test_1	-1	0	0	1	1	1	-1	-1	1	0	0	0				167	168	-1	0	1	0	0	-1	-1	-1	-1	-1	-1	-1	-1	-1		-1	4	1200	0	15	-1	1	0	0	0	0	100	-1	0	-1	0	0	0	0	0	0	31396	31396	31396	31396	31396	31396	31396	31396	31396	31396	31396	31396	31396	31396	31396	31396	蔓刺鞭骨	1	0	0	0	1	0
4804	4804	-1	飞沙走石	Test_1	-1	0	0	1	1	1	-1	-1	1	0	0	0				165	166	-1	0	1	0	0	-1	-1	-1	-1	-1	-1	-1	-1	-1		-1	4	1200	0	15	-1	1	0	0	0	0	100	-1	0	-1	0	0	0	0	0	0	31395	31395	31395	31395	31395	31395	31395	31395	31395	31395	31395	31395	31395	31395	31395	31395	飞沙走石	1	0	0	0	1	0
4805	4805	-1	烈火燎原	Test_1	-1	0	0	1	1	1	-1	-1	1	0	0	0				165	167	-1	0	1	0	0	-1	-1	-1	-1	-1	-1	-1	-1	-1		-1	4	1200	0	15	-1	1	0	0	0	0	100	-1	0	-1	0	0	0	0	0	0	31396	31396	31396	31396	31396	31396	31396	31396	31396	31396	31396	31396	31396	31396	31396	31396	烈火燎原	1	0	0	0	1	0
4806	4806	-1	烟雾弹	Food_1	-1	0	0	1	0	0	-1	-1	-1	0	2	186					-1	-1	0	3	0	0	-1	-1	-1	-1	-1	-1	-1	-1	-1	 	-1	0	300	-1	-1	1	-1	-1	0	0	0	100	-1	0	-1	0	0	0	0	0	0	31508	31508	31508	31508	31508	31508	31508	31508	31508	31508	31508	31508	31508	31508	31508	31508	烟雾弹	0	0	0	0	1	0
4808	4808	-1	组装中	Food_1	-1	0	0	1	0	1	-1	-1	-1	0	0	75				143	143	-1	0	3	0	1	-1	-1	-1	-1	-1	-1	-1	0	-1	 	-1	5	1200	0	5	0	-1	-1	0	0	0	100	-1	0	-1	0	0	0	0	0	0	31510	31510	31510	31510	31510	31510	31510	31510	31510	31510	31510	31510	31510	31510	31510	31510		0	0	0	0	1	0
4809	4809	-1	醒魂灯	HuoDongSkill2_16	-1	0	0	1	1	1	-1	-1	-1	0	0	193				593	594	-1	1	3	0	1	-1	-1	-1	-1	-1	-1	-1	0	-1		-1	5	300	0	2	1	0	0	0	0	0	100	-1	0	-1	0	0	0	0	0	0	31511	31511	31511	31511	31511	31511	31511	31511	31511	31511	31511	31511	31511	31511	31511	31511	醒魂灯使用中	1	0.1	50	10	1	0
4810	4810	-1	霹雳子	FightSkillWuDang2_9	-1	1	0	1	1	1	-1	-1	1	0	2	194					743	-1	0	3	0	2	-1	-1	-1	-1	-1	-1	-1	-1	-1		-1	7	300	0	15	0	-1	-1	0	0	0	100	-1	0	-1	2	360	3	0	0	0	31512	31512	31512	31512	31512	31512	31512	31512	31512	31512	31512	31512	31512	31512	31512	31512	霹雳子	1	0	0	0	1	0
4811	4811	-1	使用神行护腿(15秒CD)（瞬发）	Food_1	-1	0	0	1	0	1	-1	-1	-1	0	2	183					143	-1	0	3	0	0	-1	-1	-1	-1	-1	-1	-1	0	-1	 	-1	0	300	-1	-1	1	0	-1	0	0	0	100	-1	0	-1	0	0	0	0	0	0	31513	31513	31513	31513	31513	31513	31513	31513	31513	31513	31513	31513	31513	31513	31513	31513		0	0	0	0	1	0
4812	4812	-1	军需官召集中	Food_1	-1	0	0	1	0	1	-1	-1	-1	0	2	188					143	-1	0	3	0	0	-1	-1	-1	-1	-1	-1	-1	0	-1	 	-1	0	1200	-1	-1	-1	-1	-1	0	0	0	100	-1	0	-1	0	0	0	0	0	0	31514	31514	31514	31514	31514	31514	31514	31514	31514	31514	31514	31514	31514	31514	31514	31514		0	0	0	0	1	0
4813	4813	-1	修理官召唤中	Food_1	-1	0	0	1	0	1	-1	-1	-1	0	2	184					143	-1	0	3	0	0	-1	-1	-1	-1	-1	-1	-1	0	-1	 	-1	0	1200	-1	-1	-1	-1	-1	0	0	0	100	-1	0	-1	0	0	0	0	0	0	31516	31516	31516	31516	31516	31516	31516	31516	31516	31516	31516	31516	31516	31516	31516	31516		0	0	0	0	1	0
4814	4814	-1	正在使用中	Food_1	-1	0	0	1	0	1	-1	-1	-1	0	0	190				143	143	-1	0	3	0	0	-1	-1	-1	-1	-1	-1	-1	0	-1	 	-1	0	1200	-1	-1	1	0	-1	0	0	0	100	-1	0	-1	0	0	0	0	0	0	31517	31517	31517	31517	31517	31517	31517	31517	31517	31517	31517	31517	31517	31517	31517	31517	正在放出斗鸡玩偶	0	1	100	0	1	0
4815	4815	-1	打开宝箱	PetSkill3_7	-1	0	0	1	0	1	-1	-1	-1	0	0	-1				143	1127	-1	0	3	0	1	-1	-1	-1	-1	-1	-1	-1	-1	-1		-1	5	1200	0	2	0	-1	-1	0	0	0	100	-1	0	-1	0	0	0	0	0	0	31518	31518	31518	31518	31518	31518	31518	31518	31518	31518	31518	31518	31518	31518	31518	31518	打开宝箱	0	0.1	100	10	1	0
4816	4816	-1	使用中	Food_1	-1	0	0	1	0	1	-1	-1	-1	0	2	185					1419	-1	0	3	0	0	-1	-1	-1	-1	-1	-1	-1	0	-1	 	-1	5	5000	0	3	0	-1	-1	0	0	0	100	-1	0	-1	0	0	0	0	0	0	31520	31520	31520	31520	31520	31520	31520	31520	31520	31520	31520	31520	31520	31520	31520	31520		0	0	0	0	1	0
4818	4818	-1	使用战旗	Food_2	-1	0	0	1	0	1	-1	-1	-1	0	0	198					0	-1	0	3	0	0	-1	-1	-1	-1	-1	-1	-1	0	-1	 	-1	0	1200	-1	-1	1	0	-1	0	0	0	100	-1	0	-1	0	0	0	0	0	0	31526	31526	31526	31526	31526	31526	31526	31526	31526	31526	31526	31526	31526	31526	31526	31526		1	0.1	50	10	1	0
4819	4819	-1	机巧木傀	Food_1	-1	0	0	0	0	0	-1	-1	-1	0	2	208					-1	-1	0	3	0	0	-1	-1	-1	-1	-1	-1	-1	0	-1		-1	0	0	-1	-1	1	0	-1	0	0	0	100	-1	0	-1	0	0	0	0	0	0	31527	31527	31527	31527	31527	31527	31527	31527	31527	31527	31527	31527	31527	31527	31527	31527	机巧木傀	0	0	0	0	1	0
4820	4820	-1	追风战旗	Food_1	-1	0	0	0	0	0	-1	-1	-1	0	2	195					-1	-1	0	3	0	0	-1	-1	-1	-1	-1	-1	-1	0	-1		-1	0	0	-1	-1	1	0	-1	0	0	0	100	-1	0	-1	0	0	0	0	0	0	31528	31528	31528	31528	31528	31528	31528	31528	31528	31528	31528	31528	31528	31528	31528	31528	追风战旗	0	0	0	0	1	0
4821	4821	-1	使用蒙面玄纱	Food_1	-1	0	0	1	0	1	-1	-1	-1	0	2	189					-1	-1	0	3	0	0	-1	-1	-1	-1	-1	-1	-1	0	-1		-1	0	0	-1	-1	1	0	-1	0	0	0	100	-1	0	-1	0	0	0	0	0	0	31529	31529	31529	31529	31529	31529	31529	31529	31529	31529	31529	31529	31529	31529	31529	31529		0	0	0	0	1	0
4822	4822	-1	军需官召集中	Food_1	-1	0	0	1	0	1	-1	-1	-1	0	2	191					143	-1	0	3	0	0	-1	-1	-1	-1	-1	-1	-1	0	-1	 	-1	0	1200	-1	-1	-1	-1	-1	0	0	0	100	-1	0	-1	0	0	0	0	0	0	31530	31530	31530	31530	31530	31530	31530	31530	31530	31530	31530	31530	31530	31530	31530	31530		0	0	0	0	1	0
4823	4823	-1	使用群侠诏令	Food_1	-1	0	0	1	0	1	-1	-1	-1	0	0	199					-1	-1	0	3	0	0	-1	-1	-1	-1	-1	-1	-1	0	-1		-1	0	0	-1	-1	1	0	-1	0	0	0	100	-1	0	-1	0	0	0	0	0	0	31531	31531	31531	31531	31531	31531	31531	31531	31531	31531	31531	31531	31531	31531	31531	31531	使用群侠诏令	0	1	100	0	1	0
4824	4824	-1	采集中	PetSkill3_7	-1	0	0	1	0	1	-1	-1	-1	0	0	-1				143	143	-1	0	3	0	1	-1	-1	-1	-1	-1	-1	-1	-1	-1		-1	5	1200	0	2	0	-1	-1	0	0	0	100	-1	0	-1	0	0	0	0	0	0	31532	31532	31532	31532	31532	31532	31532	31532	31532	31532	31532	31532	31532	31532	31532	31532	采集中	0	0.1	100	10	1	0
4825	4825	-1	韶景流年	PetSkill3_7	-1	0	0	1	1	0	-1	-1	-1	0	0	-1				143		-1	0	3	0	1	-1	-1	-1	-1	-1	-1	-1	-1	-1		-1	5	0	0	5	1	0	0	0	2000	0	100	-1	0	-1	0	0	0	0	0	0	31533	31533	31533	31533	31533	31533	31533	31533	31533	31533	31533	31533	31533	31533	31533	31533	韶景流年	0	0	0	0	1	0
4826	4826	-1	打开凤凰宝箱	PetSkill3_7	-1	0	0	1	0	1	-1	-1	-1	0	0	-1				143	1127	-1	0	3	0	1	-1	-1	-1	-1	-1	-1	-1	-1	-1		-1	5	1200	0	2	0	-1	-1	0	0	0	100	-1	0	-1	0	0	0	0	0	0	31534	31534	31534	31534	31534	31534	31534	31534	31534	31534	31534	31534	31534	31534	31534	31534	打开凤凰宝箱	0	0.1	100	10	1	0
4827	4827	-1	拾取中	Food_1	-1	0	0	1	0	1	-1	-1	-1	0	0	-1				143	143	-1	0	3	0	1	-1	-1	-1	-1	-1	-1	-1	-1	-1		-1	5	1200	0	2	0	-1	-1	0	0	0	100	-1	0	-1	0	0	0	0	0	0	31535	31535	31535	31535	31535	31535	31535	31535	31535	31535	31535	31535	31535	31535	31535	31535	拾取中	0	0	0	0	1	0
4828	4828	-1	虚弱打击	TaskTools2_13	-1	0	0	1	1	1	-1	-1	1	0	2	-1					162;163;164	-1	0	1	0	1	-1	-1	-1	-1	-1	-1	-1	1	95	身体受击点	-1	6	1200	0	2	-1	1	-1	0	0	1	-1	-1	1	-1	2	360	12	0	0	0	31536	31536	31536	31536	31536	31536	31536	31536	31536	31536	31536	31536	31536	31536	31536	31536	虚弱打击	0	0	0	0	1	0
4829	4829	-1	虚弱打击	TaskTools2_13	-1	0	0	1	1	1	-1	-1	1	0	2	-1					162;163;164	-1	0	1	0	1	-1	-1	-1	-1	-1	-1	-1	1	95	身体受击点	-1	6	1200	0	2	-1	1	-1	0	0	1	-1	-1	1	-1	2	360	12	0	0	0	31537	31537	31537	31537	31537	31537	31537	31537	31537	31537	31537	31537	31537	31537	31537	31537	虚弱打击	0	0	0	0	1	0
4830	4830	-1	虚弱打击	TaskTools2_13	-1	0	0	1	1	1	-1	-1	1	0	2	-1					162;163;164	-1	0	1	0	1	-1	-1	-1	-1	-1	-1	-1	1	95	身体受击点	-1	6	1200	0	2	-1	1	-1	0	0	1	-1	-1	1	-1	2	360	12	0	0	0	31538	31538	31538	31538	31538	31538	31538	31538	31538	31538	31538	31538	31538	31538	31538	31538	虚弱打击	0	0	0	0	1	0
4831	4831	-1	盗影横行	Test_1	-1	0	0	1	1	1	-1	-1	1	0	0	0				167	168	-1	0	1	0	0	-1	-1	-1	-1	-1	-1	-1	-1	-1		-1	4	1200	0	15	-1	1	0	0	0	0	100	-1	0	-1	0	0	0	0	0	0	31540	31540	31540	31540	31540	31540	31540	31540	31540	31540	31540	31540	31540	31540	31540	31540	盗影奉行	1	0	0	0	1	0
4832	4832	-1	千花驰雾	Test_1	-1	0	0	1	1	1	-1	-1	1	0	0	0				165	166	-1	0	1	0	0	-1	-1	-1	-1	-1	-1	-1	-1	-1		-1	4	1200	0	15	-1	1	0	0	0	0	100	-1	0	-1	0	0	0	0	0	0	31539	31539	31539	31539	31539	31539	31539	31539	31539	31539	31539	31539	31539	31539	31539	31539	雾里看花	1	0	0	0	1	0
4833	4833	-1	七星蜃海蓄力	Test_1	-1	0	0	1	1	1	-1	-1	1	0	0	0				165		-1	0	1	0	0	-1	-1	-1	-1	-1	-1	-1	-1	-1		-1	4	1200	0	15	-1	1	0	0	0	0	100	-1	0	-1	0	0	0	0	0	0	31541	31541	31541	31541	31541	31541	31541	31541	31541	31541	31541	31541	31541	31541	31541	31541	海市蜃楼蓄力	0	0	0	0	1	0
4834	4834	-1	七星蜃海	Test_1	-1	0	0	1	1	1	-1	-1	1	0	0	0				169		-1	0	1	0	0	-1	-1	-1	-1	-1	-1	-1	-1	-1		-1	4	1200	0	15	-1	1	0	0	0	0	100	-1	0	-1	0	0	0	0	0	0	31542	31542	31542	31542	31542	31542	31542	31542	31542	31542	31542	31542	31542	31542	31542	31542	海市蜃楼	1	0	0	0	1	0
4835	4835	-1	蛟龙得水	Test_1	-1	0	0	1	1	1	-1	-1	1	0	0	0				165	166	-1	0	1	0	0	-1	-1	-1	-1	-1	-1	-1	-1	-1		-1	4	1200	0	20	-1	1	0	0	0	0	100	-1	0	-1	0	0	0	0	0	0	31543	31543	31543	31543	31543	31543	31543	31543	31543	31543	31543	31543	31543	31543	31543	31543	蛟龙得水	1	0	0	0	1	0
4836	4836	-1	采集解药	Test_1	-1	0	0	1	1	1	-1	-1	1	1	0	-1				143	143	-1	0	0	0	1	-1	-1	-1	-1	-1	-1	-1	0	-1		-1	5	1200	0	2	0	-1	-1	0	0	0	100	-1	0	-1	0	0	0	0	0	0	31544	31544	31544	31544	31544	31544	31544	31544	31544	31544	31544	31544	31544	31544	31544	31544	采集解药	0	0	0	0	1	0
4837	4837	-1	天从龙愿	Test_1	-1	0	0	1	1	1	-1	-1	1	0	0	0				167		-1	0	1	0	0	-1	-1	-1	-1	-1	-1	-1	-1	-1		-1	4	1200	0	20	-1	1	0	0	0	0	100	-1	0	-1	0	0	0	0	0	0	31545	31545	31545	31545	31545	31545	31545	31545	31545	31545	31545	31545	31545	31545	31545	31545	天从龙愿	1	0	0	0	1	0
4838	4838	-1	雷崩昊山	Test_1	-1	0	0	1	1	1	-1	-1	1	0	0	0				168		-1	0	1	0	0	-1	-1	-1	-1	-1	-1	-1	-1	-1		-1	4	1200	0	20	-1	1	0	0	0	0	100	-1	0	-1	0	0	0	0	0	0	31546	31546	31546	31546	31546	31546	31546	31546	31546	31546	31546	31546	31546	31546	31546	31546	雷崩昊山	1	0	0	0	1	0
4839	4839	-1	召唤中	Food_1	-1	0	0	1	0	1	-1	-1	-1	0	0	-1				143		-1	0	3	0	1	-1	-1	-1	-1	-1	-1	-1	0	-1	 	-1	5	1200	0	5	0	-1	-1	0	0	0	100	-1	0	-1	0	0	0	0	0	0	31547	31547	31547	31547	31547	31547	31547	31547	31547	31547	31547	31547	31547	31547	31547	31547		0	0	0	0	1	0
4840	4840	-1	采集中	PetSkill3_7	-1	0	0	1	0	1	-1	-1	-1	0	0	-1				143	143	-1	0	3	0	1	-1	-1	-1	-1	-1	-1	-1	-1	-1		-1	5	1200	0	2	0	-1	-1	0	0	0	100	-1	0	-1	0	0	0	0	0	0	31548	31548	31548	31548	31548	31548	31548	31548	31548	31548	31548	31548	31548	31548	31548	31548	采集中	0	0.1	100	10	1	0
4841	4841	-1	求签	PetSkill3_7	-1	0	0	0	0	0	-1	-1	-1	0	0	-1				143	143	-1	0	0	0	0	-1	-1	-1	-1	-1	-1	-1	-1	-1		-1	0	1200	0	2	0	-1	-1	0	0	0	100	-1	0	-1	0	0	0	0	0	0	31549	31549	31549	31549	31549	31549	31549	31549	31549	31549	31549	31549	31549	31549	31549	31549		0	0	0	0	1	0
4842	4842	-1	冲刺	HuoDongSkill4_5	-1	0	0	0	0	0	-1	-1	-1	0	2	129						-1	0	0	0	0	-1	-1	-1	-1	-1	-1	-1	0	-1		-1	0	200	-1	-1	1	0	-1	0	0	0	100	-1	0	-1	0	0	0	0	0	0	31550	31550	31550	31550	31550	31550	31550	31550	31550	31550	31550	31550	31550	31550	31550	31550	使用后获得80%的移动速度加成。	1	0	0	0	1	0
4843	4843	-1	采集中	PetSkill3_7	-1	0	0	1	0	1	-1	-1	-1	0	0	-1				27		-1	0	3	0	1	-1	-1	-1	-1	-1	-1	-1	-1	-1		-1	5	300	0	2	0	-1	-1	0	0	0	100	-1	0	-1	0	0	0	0	0	0	31551	31551	31551	31551	31551	31551	31551	31551	31551	31551	31551	31551	31551	31551	31551	31551	采集中	0	0.1	100	10	1	0
4844	4844	-1	采集中	PetSkill3_7	-1	0	0	1	0	1	-1	-1	-1	0	0	-1				143	143	-1	0	3	0	1	-1	-1	-1	-1	-1	-1	-1	-1	-1		-1	5	1200	0	2	0	-1	-1	0	0	0	100	-1	0	-1	0	0	0	0	0	0	31552	31552	31552	31552	31552	31552	31552	31552	31552	31552	31552	31552	31552	31552	31552	31552	采集中	0	0.1	100	10	1	0
4845	4845	-1	采集中	PetSkill3_7	-1	0	0	1	0	1	-1	-1	-1	0	0	-1				143	143	-1	0	3	0	1	-1	-1	-1	-1	-1	-1	-1	-1	-1		-1	5	1200	0	2	0	-1	-1	0	0	0	100	-1	0	-1	0	0	0	0	0	0	31553	31553	31553	31553	31553	31553	31553	31553	31553	31553	31553	31553	31553	31553	31553	31553	采集中	0	0.1	100	10	1	0
4846	4846	-1	狂风铲	Food_1	-1	0	0	0	0	1	-1	-1	-1	1	2	0					541	-1	0	1	1	0	-1	-1	-1	-1	-1	-1	-1	-1	-1		-1	5	1200	0	2	-1	0	1	0	0	0	100	-1	0	-1	0	0	0	0	0	0	31554	31554	31554	31554	31554	31554	31554	31554	31554	31554	31554	31554	31554	31554	31554	31554		1	0	0	0	1	0
4847	4847	-1	录入篇页	Food_1	-1	0	0	1	0	1	-1	-1	-1	0	0	-1				143		-1	0	3	0	1	-1	-1	-1	-1	-1	-1	-1	0	-1	 	-1	5	1200	0	5	0	-1	-1	0	0	0	100	-1	0	-1	0	0	0	0	0	0	31555	31555	31555	31555	31555	31555	31555	31555	31555	31555	31555	31555	31555	31555	31555	31555		0	0	0	0	1	0
4848	4848	-1	蛟龙得水空	Test_1	-1	0	0	1	1	1	-1	-1	1	0	0	0				165	166	-1	0	1	0	0	-1	-1	-1	-1	-1	-1	-1	-1	-1		-1	4	3000	0	20	-1	1	0	0	0	0	100	-1	0	-1	0	0	0	0	0	0	31556	31556	31556	31556	31556	31556	31556	31556	31556	31556	31556	31556	31556	31556	31556	31556	蛟龙得水	0	0	0	0	1	0
4849	4630	-1	占领战旗	PetSkill3_7	-1	0	0	1	0	1	-1	-1	-1	0	0	-1				143	1127	-1	0	3	0	1	-1	-1	-1	-1	-1	-1	-1	-1	-1		-1	5	1200	0	2	0	-1	-1	0	0	0	100	-1	0	-1	0	0	0	0	0	0	31557	31557	31557	31557	31557	31557	31557	31557	31557	31557	31557	31557	31557	31557	31557	31557	占领幻海战旗	0	0.1	100	0	1	0
4850	4631	-1	占领战旗	PetSkill3_7	-1	0	0	1	0	1	-1	-1	-1	0	0	-1				143	1127	-1	0	3	0	1	-1	-1	-1	-1	-1	-1	-1	-1	-1		-1	5	1200	0	2	0	-1	-1	0	0	0	100	-1	0	-1	0	0	0	0	0	0	31558	31558	31558	31558	31558	31558	31558	31558	31558	31558	31558	31558	31558	31558	31558	31558	占领幻海战旗	0	0.1	100	0	1	0
4851	4632	-1	占领战旗	PetSkill3_7	-1	0	0	1	0	1	-1	-1	-1	0	0	-1				143	1127	-1	0	3	0	1	-1	-1	-1	-1	-1	-1	-1	-1	-1		-1	5	1200	0	2	0	-1	-1	0	0	0	100	-1	0	-1	0	0	0	0	0	0	31559	31559	31559	31559	31559	31559	31559	31559	31559	31559	31559	31559	31559	31559	31559	31559	占领幻海战旗	0	0.1	100	0	1	0
4852	4633	-1	占领战旗	PetSkill3_7	-1	0	0	1	0	1	-1	-1	-1	0	0	-1				143	1127	-1	0	3	0	1	-1	-1	-1	-1	-1	-1	-1	-1	-1		-1	5	1200	0	2	0	-1	-1	0	0	0	100	-1	0	-1	0	0	0	0	0	0	31560	31560	31560	31560	31560	31560	31560	31560	31560	31560	31560	31560	31560	31560	31560	31560	占领幻海战旗	0	0.1	100	0	1	0
4853	4634	-1	占领战旗	PetSkill3_7	-1	0	0	1	0	1	-1	-1	-1	0	0	-1				143	1127	-1	0	3	0	1	-1	-1	-1	-1	-1	-1	-1	-1	-1		-1	5	1200	0	2	0	-1	-1	0	0	0	100	-1	0	-1	0	0	0	0	0	0	31561	31561	31561	31561	31561	31561	31561	31561	31561	31561	31561	31561	31561	31561	31561	31561	占领幻海战旗	0	0.1	100	0	1	0
4854	4635	-1	占领战旗	PetSkill3_7	-1	0	0	1	0	1	-1	-1	-1	0	0	-1				143	1127	-1	0	3	0	1	-1	-1	-1	-1	-1	-1	-1	-1	-1		-1	5	1200	0	2	0	-1	-1	0	0	0	100	-1	0	-1	0	0	0	0	0	0	31562	31562	31562	31562	31562	31562	31562	31562	31562	31562	31562	31562	31562	31562	31562	31562	占领幻海战旗	0	0.1	100	0	1	0
4855	4636	-1	奉天司命远程普通攻击	TaskTools2_13	-1	0	0	1	1	1	-1	-1	1	0	2	50					162;163;164	-1	0	0	0	1	-1	-1	-1	-1	-1	-1	-1	1	-1		-1	5	1200	0	12	-1	1	-1	0	0	1	-1	-1	1	-1	0	0	0	2	1	600	0	0	0	0	0	0	0	0	0	0	0	0	0	0	0	0	通用怪物远程普通攻击	0	0.1	50	10	1	0
4856	4856	-1	使用中	Food_1	-1	0	0	1	1	1	-1	-1	-1	0	0	-1				1443		-1	0	3	0	0	-1	-1	-1	-1	-1	-1	-1	0	-1		-1	0	1200	0	3	0	-1	-1	0	0	0	100	-1	0	-1	0	0	0	0	0	0	31563	31563	31563	31563	31563	31563	31563	31563	31563	31563	31563	31563	31563	31563	31563	31563	正在使用	0	0	0	0	1	0
4857	4857	-1	使用回转金丹中	Food_1	-1	0	0	1	1	1	-1	-1	-1	0	0	-1				1443		-1	0	3	0	1	-1	-1	-1	-1	-1	-1	-1	0	-1		-1	5	1200	0	3	0	-1	-1	0	0	0	100	-1	0	-1	0	0	0	0	0	0	31564	31564	31564	31564	31564	31564	31564	31564	31564	31564	31564	31564	31564	31564	31564	31564	正在使用回转金丹	0	0	0	0	1	0
4858	4858	-1	收集中	Food_1	-1	0	0	1	1	1	-1	-1	-1	0	0	-1				1443		-1	0	0	0	1	-1	-1	-1	-1	-1	-1	-1	0	-1		-1	0	1200	0	3	0	-1	-1	0	0	0	100	-1	0	-1	0	0	0	0	0	0	31565	31565	31565	31565	31565	31565	31565	31565	31565	31565	31565	31565	31565	31565	31565	31565	收集中	0	0	0	0	1	0
4859	4859	-1	加工中	Food_1	-1	0	0	1	1	1	-1	-1	-1	0	0	-1				1443		-1	0	0	0	1	-1	-1	-1	-1	-1	-1	-1	0	-1		-1	0	1200	0	3	0	-1	-1	0	0	0	100	-1	0	-1	0	0	0	0	0	0	31566	31566	31566	31566	31566	31566	31566	31566	31566	31566	31566	31566	31566	31566	31566	31566	加工中	0	0	0	0	1	0
4860	4860	-1	拾取中	Food_1	-1	0	0	1	1	1	-1	-1	-1	0	0	-1				1443		-1	0	0	0	1	-1	-1	-1	-1	-1	-1	-1	0	-1		-1	0	1200	0	3	0	-1	-1	0	0	0	100	-1	0	-1	0	0	0	0	0	0	31567	31567	31567	31567	31567	31567	31567	31567	31567	31567	31567	31567	31567	31567	31567	31567	拾取中	0	0	0	0	1	0
4861	4861	-1	挖掘中	Food_1	-1	0	0	1	1	1	-1	-1	-1	0	0	-1				1443		-1	0	0	0	1	-1	-1	-1	-1	-1	-1	-1	0	-1		-1	0	1200	0	3	0	-1	-1	0	0	0	100	-1	0	-1	0	0	0	0	0	0	31568	31568	31568	31568	31568	31568	31568	31568	31568	31568	31568	31568	31568	31568	31568	31568	挖掘中	0	0	0	0	1	0
4862	4862	-1	唠叨	HuoDongSkill4_9	-1	0	0	0	0	0	-1	-1	-1	0	0	219				165		-1	0	0	0	1	-1	-1	-1	-1	-1	-1	-1	0	-1	 	-1	5	1200	0	3	0	-1	-1	0	0	0	100	-1	0	-1	0	0	0	0	0	0	31569	31569	31569	31569	31569	31569	31569	31569	31569	31569	31569	31569	31569	31569	31569	31569	唠叨	0	0	0	0	1	0
4863	4863	-1	唱歌	HuoDongSkill4_10	-1	0	0	0	0	0	-1	-1	-1	0	0	219				166		-1	0	0	0	1	-1	-1	-1	-1	-1	-1	-1	0	-1	 	-1	5	1200	0	3	0	-1	-1	0	0	0	100	-1	0	-1	0	0	0	0	0	0	31570	31570	31570	31570	31570	31570	31570	31570	31570	31570	31570	31570	31570	31570	31570	31570	唱歌	0	0	0	0	1	0
4864	4864	-1	说理	HuoDongSkill4_11	-1	0	0	0	0	0	-1	-1	-1	0	0	219				167		-1	0	0	0	1	-1	-1	-1	-1	-1	-1	-1	0	-1	 	-1	5	1200	0	3	0	-1	-1	0	0	0	100	-1	0	-1	0	0	0	0	0	0	31571	31571	31571	31571	31571	31571	31571	31571	31571	31571	31571	31571	31571	31571	31571	31571	念经	0	0	0	0	1	0
4865	4865	-1	加速	HuoDongSkill4_12	-1	0	0	0	0	0	-1	-1	-1	0	2	129						-1	0	0	0	0	-1	-1	-1	-1	-1	-1	-1	0	-1		-1	0	300	-1	-1	1	-1	-1	0	0	0	100	-1	0	-1	0	0	0	0	0	0	31572	31572	31572	31572	31572	31572	31572	31572	31572	31572	31572	31572	31572	31572	31572	31572	加速	1	0	0	0	1	0
4866	4866	-1	般若波罗蜜	Food_1	-1	0	0	1	1	1	-1	-1	-1	0	0	-1				1441		-1	0	3	0	0	-1	-1	-1	-1	-1	-1	-1	0	-1		-1	0	1200	0	3	0	-1	-1	0	0	0	100	-1	0	-1	0	0	0	0	0	0	31573	31573	31573	31573	31573	31573	31573	31573	31573	31573	31573	31573	31573	31573	31573	31573	般若波罗蜜	0	0	0	0	1	0
4867	4867	-1	屏息静气照镜中	Food_1	-1	0	0	1	1	1	-1	-1	-1	0	0	-1				1443		-1	0	3	0	0	-1	-1	-1	-1	-1	-1	-1	0	-1		-1	5	1200	0	3	0	-1	-1	0	0	0	100	-1	0	-1	0	0	0	0	0	0	31574	31574	31574	31574	31574	31574	31574	31574	31574	31574	31574	31574	31574	31574	31574	31574	屏息静气照镜中	0	0	0	0	1	0
4868	4868	-1	我收收收！	Food_1	-1	0	0	1	1	1	-1	-1	-1	0	0	-1				1443		-1	0	3	0	0	-1	-1	-1	-1	-1	-1	-1	0	-1		-1	5	1200	0	3	0	-1	-1	0	0	0	100	-1	0	-1	0	0	0	0	0	0	31575	31575	31575	31575	31575	31575	31575	31575	31575	31575	31575	31575	31575	31575	31575	31575	我收收收！	0	0	0	0	1	0
4869	4869	-1	至尊宝细细抚摸	Food_1	-1	0	0	1	1	1	-1	-1	-1	0	0	-1				1443		-1	0	3	0	0	-1	-1	-1	-1	-1	-1	-1	0	-1		-1	5	1200	0	3	0	-1	-1	0	0	0	100	-1	0	-1	0	0	0	0	0	0	31576	31576	31576	31576	31576	31576	31576	31576	31576	31576	31576	31576	31576	31576	31576	31576	至尊宝细细抚摸	0	0	0	0	1	0
4870	4870	-1	至尊宝轻轻抚摸	Food_1	-1	0	0	1	1	1	-1	-1	-1	0	0	-1				1443		-1	0	3	0	0	-1	-1	-1	-1	-1	-1	-1	0	-1		-1	5	1200	0	3	0	-1	-1	0	0	0	100	-1	0	-1	0	0	0	0	0	0	31577	31577	31577	31577	31577	31577	31577	31577	31577	31577	31577	31577	31577	31577	31577	31577	至尊宝轻轻抚摸	0	0	0	0	1	0
4871	4871	-1	至尊宝狠狠抚摸	Food_1	-1	0	0	1	1	1	-1	-1	-1	0	0	-1				1443		-1	0	3	0	0	-1	-1	-1	-1	-1	-1	-1	0	-1		-1	5	1200	0	3	0	-1	-1	0	0	0	100	-1	0	-1	0	0	0	0	0	0	31578	31578	31578	31578	31578	31578	31578	31578	31578	31578	31578	31578	31578	31578	31578	31578	至尊宝狠狠抚摸	0	0	0	0	1	0
4872	4872	-1	紫霞远程普攻	Food_1	-1	0	0	0	0	1	-1	-1	1	0	2	-1					162	-1	0	1	0	0	-1	-1	-1	-1	-1	-1	-1	-1	-1		-1	5	1200	0	15	-1	1	-1	0	0	0	100	-1	0	-1	0	0	0	0	0	1200	31579	31579	31579	31579	31579	31579	31579	31579	31579	31579	31579	31579	31579	31579	31579	31579	紫霞远程普攻	0	0	0	0	1	0
4873	4873	-1	紫青宝剑	Food_1	-1	0	0	0	0	1	-1	-1	-1	0	0	102					163	-1	0	1	1	0	-1	-1	-1	-1	-1	-1	-1	-1	-1		-1	0	1200	0	-1	0	-1	-1	0	0	0	100	-1	0	-1	15	0	24	0	0	0	31580	31580	31580	31580	31580	31580	31580	31580	31580	31580	31580	31580	31580	31580	31580	31580	紫青宝剑	1	0	0	0	1	0
4874	4874	-1	银索金玲	Food_1	-1	0	0	0	0	1	-1	-1	-1	0	0	102					164	-1	0	1	1	0	-1	-1	-1	-1	-1	-1	-1	-1	-1		-1	0	1200	0	-1	0	-1	-1	0	0	0	100	-1	0	-1	15	0	24	0	0	0	31581	31581	31581	31581	31581	31581	31581	31581	31581	31581	31581	31581	31581	31581	31581	31581	银索金玲	1	0	0	0	1	0
4875	4875	-1	二郎神远程普攻	Food_1	-1	0	0	0	0	1	-1	-1	1	0	2	-1					162;163;164	-1	0	1	0	0	-1	-1	-1	-1	-1	-1	-1	-1	-1		-1	5	1200	0	15	-1	1	-1	0	0	0	100	-1	0	-1	0	0	0	0	0	1200	31582	31582	31582	31582	31582	31582	31582	31582	31582	31582	31582	31582	31582	31582	31582	31582	二郎神远程普攻	0	0	0	0	1	0
4876	4876	-1	三尖两刃刀	Food_1	-1	0	0	0	0	1	-1	-1	-1	0	0	102				165		-1	0	1	1	0	-1	-1	-1	-1	-1	-1	-1	-1	-1		-1	0	1200	0	-1	0	-1	-1	0	0	0	100	-1	0	-1	15	0	24	0	0	0	31583	31583	31583	31583	31583	31583	31583	31583	31583	31583	31583	31583	31583	31583	31583	31583	三尖两刃刀	1	0	0	0	1	0
4877	4877	-1	哮天犬	Food_1	-1	0	0	0	0	1	-1	-1	-1	0	0	102					166	-1	0	1	1	0	-1	-1	-1	-1	-1	-1	-1	-1	-1		-1	0	1200	0	-1	0	-1	-1	0	0	0	100	-1	0	-1	15	0	24	0	0	0	31584	31584	31584	31584	31584	31584	31584	31584	31584	31584	31584	31584	31584	31584	31584	31584	哮天犬	1	0	0	0	1	0
4878	4878	-1	天眼第一道	Food_1	-1	0	0	0	0	1	-1	-1	-1	0	0	102				167		-1	0	1	1	0	-1	-1	-1	-1	-1	-1	-1	-1	-1		-1	0	1200	0	-1	0	-1	-1	0	0	0	100	-1	0	-1	15	0	24	0	0	0	31585	31585	31585	31585	31585	31585	31585	31585	31585	31585	31585	31585	31585	31585	31585	31585	天眼第一道	1	0	0	0	1	0
4879	4879	-1	天眼后续	Food_1	-1	0	0	0	0	1	-1	-1	-1	0	0	102				167		-1	0	1	1	0	-1	-1	-1	-1	-1	-1	-1	-1	-1		-1	0	1200	0	-1	0	-1	-1	0	0	0	100	-1	0	-1	15	0	24	0	0	0	31586	31586	31586	31586	31586	31586	31586	31586	31586	31586	31586	31586	31586	31586	31586	31586	天眼后续	1	0	0	0	1	0
4880	4880	-1	斗战胜佛远程普攻	Food_1	-1	0	0	0	0	1	-1	-1	1	0	2	-1					162;163;164	-1	0	1	0	0	-1	-1	-1	-1	-1	-1	-1	-1	-1		-1	5	1200	0	15	-1	1	-1	0	0	0	100	-1	0	-1	0	0	0	0	0	1200	31587	31587	31587	31587	31587	31587	31587	31587	31587	31587	31587	31587	31587	31587	31587	31587	斗战胜佛远程普攻	0	0	0	0	1	0
4881	4881	-1	金箍	Food_1	-1	0	0	0	0	1	-1	-1	-1	0	0	102				88		-1	0	1	1	0	-1	-1	-1	-1	-1	-1	-1	-1	-1		-1	0	1200	0	-1	0	-1	-1	0	0	0	100	-1	0	-1	15	0	24	0	0	0	31588	31588	31588	31588	31588	31588	31588	31588	31588	31588	31588	31588	31588	31588	31588	31588	金箍	1	0	0	0	1	0
4882	4882	-1	十万八千里	Food_1	-1	0	0	0	0	1	-1	-1	-1	0	0	102				165	166	-1	0	1	1	0	-1	-1	-1	-1	-1	-1	-1	-1	-1		-1	0	1200	0	-1	0	-1	-1	0	0	0	100	-1	0	-1	15	0	24	0	0	0	31589	31589	31589	31589	31589	31589	31589	31589	31589	31589	31589	31589	31589	31589	31589	31589	十万八千里	1	0	0	0	1	0
4883	4883	-1	水漫帘洞	Food_1	-1	0	0	0	0	1	-1	-1	-1	0	0	102				167		-1	0	1	1	0	-1	-1	-1	-1	-1	-1	-1	-1	-1		-1	0	1200	0	-1	0	-1	-1	0	0	0	100	-1	0	-1	15	0	24	0	0	0	31590	31590	31590	31590	31590	31590	31590	31590	31590	31590	31590	31590	31590	31590	31590	31590	水漫帘洞	1	0	0	0	1	0
4884	4884	-1	巨灵天将远程普攻	Food_1	-1	0	0	0	0	1	-1	-1	1	0	2	-1				88		-1	0	1	0	0	-1	-1	-1	-1	-1	-1	-1	-1	-1		-1	5	1200	0	5	-1	1	-1	0	0	0	100	-1	0	-1	0	0	0	0	0	1200	31591	31591	31591	31591	31591	31591	31591	31591	31591	31591	31591	31591	31591	31591	31591	31591	巨灵天将远程普攻	0	0	0	0	1	0
4885	4885	-1	王灵官远程普攻	Food_1	-1	0	0	0	0	1	-1	-1	1	0	2	-1				88		-1	0	1	0	0	-1	-1	-1	-1	-1	-1	-1	-1	-1		-1	5	1200	0	5	-1	1	-1	0	0	0	100	-1	0	-1	0	0	0	0	0	1200	31592	31592	31592	31592	31592	31592	31592	31592	31592	31592	31592	31592	31592	31592	31592	31592	王灵官远程普攻	0	0	0	0	1	0
4886	4886	-1	落雷	Food_1	-1	0	0	0	0	1	-1	-1	-1	0	0	-1				88		-1	0	1	1	0	-1	-1	-1	-1	-1	-1	-1	-1	-1		-1	0	1200	0	-1	0	-1	-1	0	0	0	100	-1	0	-1	15	0	24	0	0	0	31593	31593	31593	31593	31593	31593	31593	31593	31593	31593	31593	31593	31593	31593	31593	31593	落雷	1	0	0	0	1	0
4888	4888	-1	加工中	Food_1	-1	0	0	1	1	1	-1	-1	-1	0	0	-1				1443		-1	0	0	0	1	-1	-1	-1	-1	-1	-1	-1	0	-1		-1	0	1200	0	3	0	-1	-1	0	0	0	100	-1	0	-1	0	0	0	0	0	0	31595	31595	31595	31595	31595	31595	31595	31595	31595	31595	31595	31595	31595	31595	31595	31595	加工中	0	0	0	0	1	0
4890	4890	-1	正在采集	Food_1	-1	0	0	1	1	1	-1	-1	-1	0	0	-1				88		-1	0	0	0	1	-1	-1	-1	-1	-1	-1	-1	0	-1		-1	5	1200	0	3	0	-1	-1	0	0	0	100	-1	0	-1	0	0	0	0	0	0	31600	31600	31600	31600	31600	31600	31600	31600	31600	31600	31600	31600	31600	31600	31600	31600	正在采集	0	1	100	0	1	0
4891	4891	-1	正在争夺	Food_1	-1	0	0	1	1	1	-1	-1	-1	0	0	-1				1432		-1	0	0	0	1	-1	-1	-1	-1	-1	-1	-1	0	-1		-1	5	1200	0	3	0	-1	-1	0	0	0	100	-1	0	-1	0	0	0	0	0	0	31601	31601	31601	31601	31601	31601	31601	31601	31601	31601	31601	31601	31601	31601	31601	31601	正在占领	0	0	0	0	1	0
4892	4892	-1	月光小盒	Food_1	-1	0	0	1	1	1	-1	-1	-1	0	0	210				88		-1	0	3	0	0	-1	-1	-1	-1	-1	-1	-1	0	-1		-1	0	1200	0	-1	0	-1	-1	0	0	0	100	-1	0	-1	0	0	0	0	0	0	31602	31602	31602	31602	31602	31602	31602	31602	31602	31602	31602	31602	31602	31602	31602	31602	放置传送门	0	0	0	0	1	0
4893	4893	-1	桃花蛛丝	CircularTaskTool30_6	-1	0	0	1	1	1	-1	-1	-1	0	0	210				88		-1	0	3	0	0	-1	-1	-1	-1	-1	-1	-1	0	-1		-1	0	1200	0	-1	0	-1	-1	0	0	0	100	-1	0	-1	0	0	0	0	0	0	31603	31603	31603	31603	31603	31603	31603	31603	31603	31603	31603	31603	31603	31603	31603	31603	激活陷阱	0	0	0	0	1	0
4894	4894	-1	紧箍箴言	CircularTaskTool30_4	-1	0	0	1	1	1	-1	-1	-1	0	2	210					88	-1	0	3	0	6	-1	-1	-1	-1	-1	-1	-1	0	-1		-1	7	1200	0	15	0	-1	-1	0	0	0	100	-1	0	-1	6	0	0	0	0	0	31604	31604	31604	31604	31604	31604	31604	31604	31604	31604	31604	31604	31604	31604	31604	31604	落穴陷阱	0	0	0	0	1	0
4895	4895	-1	悟空毫毛	CircularTaskTool30_7	-1	0	0	1	1	1	-1	-1	-1	0	2	210					88	-1	0	3	0	6	-1	-1	-1	-1	-1	-1	-1	0	-1		-1	7	1200	0	15	0	-1	-1	0	0	0	100	-1	0	-1	0	0	0	0	0	0	31605	31605	31605	31605	31605	31605	31605	31605	31605	31605	31605	31605	31605	31605	31605	31605	召唤英雄	0	0	0	0	1	0
4896	4896	-1	三藏之雷	CircularTaskTool30_5	-1	0	0	1	1	1	-1	-1	-1	0	2	210					88	-1	0	3	0	6	-1	-1	-1	-1	-1	-1	-1	0	-1		-1	7	1200	0	15	0	-1	-1	0	0	0	100	-1	0	-1	3	0	0	0	0	0	31606	31606	31606	31606	31606	31606	31606	31606	31606	31606	31606	31606	31606	31606	31606	31606	发射火箭炮	0	0	0	0	1	0
4897	4897	-1	正在变身	CircularTaskTool30_3	-1	0	0	1	1	1	-1	-1	-1	0	0	210				88		-1	0	3	0	0	-1	-1	-1	-1	-1	-1	-1	0	-1		-1	0	1200	0	-1	0	-1	-1	0	0	0	100	-1	0	-1	0	0	0	0	0	0	31607	31607	31607	31607	31607	31607	31607	31607	31607	31607	31607	31607	31607	31607	31607	31607	正在变身	0	0	0	0	1	0
4898	4898	-1	骨掌乾坤	HuoDongSkill5_2	-1	0	0	1	1	0	-1	-1	-1	0	0	211				165		-1	0	0	0	0	-1	-1	-1	-1	-1	-1	-1	0	-1		-1	0	1200	0	-1	0	-1	-1	0	0	0	100	-1	0	-1	0	0	0	0	0	0	31608	31608	31608	31608	31608	31608	31608	31608	31608	31608	31608	31608	31608	31608	31608	31608	正在变身	0	0	0	0	1	0
4899	4899	-1	白骨护心	HuoDongSkill4_13	-1	0	0	1	1	0	-1	-1	-1	0	2	212					166	-1	0	0	0	0	-1	-1	-1	-1	-1	-1	-1	0	-1		-1	0	1200	0	-1	0	-1	-1	0	0	0	100	-1	0	-1	0	0	0	0	0	0	31609	31609	31609	31609	31609	31609	31609	31609	31609	31609	31609	31609	31609	31609	31609	31609	正在变身	0	0	0	0	1	0
4900	4900	-1	落霞剑劲	HuoDongSkill5_6	-1	0	0	1	1	0	-1	-1	-1	0	0	212				165	166	-1	0	0	0	0	-1	-1	-1	-1	-1	-1	-1	0	-1		-1	0	1200	0	-1	0	-1	-1	0	0	0	100	-1	0	-1	0	0	0	0	0	0	31610	31610	31610	31610	31610	31610	31610	31610	31610	31610	31610	31610	31610	31610	31610	31610	正在变身	0	0	0	0	1	0
4901	4901	-1	天剑束形	HuoDongSkill5_9	-1	0	0	1	1	0	-1	-1	-1	0	0	213				167	168	-1	0	0	0	6	-1	-1	-1	-1	-1	-1	-1	0	-1		-1	0	1200	0	15	0	-1	-1	0	0	0	100	-1	0	-1	2	0	0	0	0	0	31611	31611	31611	31611	31611	31611	31611	31611	31611	31611	31611	31611	31611	31611	31611	31611	正在变身	0	0	0	0	1	0
4902	4902	-1	聚敛狂风	HuoDongSkill5_3	-1	0	0	1	1	0	-1	-1	-1	0	0	212				165		-1	0	0	0	6	-1	-1	-1	-1	-1	-1	-1	0	-1		-1	0	1200	0	15	0	-1	-1	0	0	0	100	-1	0	-1	3	0	0	0	0	0	31612	31612	31612	31612	31612	31612	31612	31612	31612	31612	31612	31612	31612	31612	31612	31612	正在变身	0	0	0	0	1	0
4903	4903	-1	遁风而行	HuoDongSkill4_14	-1	0	0	1	1	0	-1	-1	-1	0	2	213					166	-1	0	0	0	6	-1	-1	-1	-1	-1	-1	-1	0	-1		-1	0	1200	0	15	0	-1	-1	0	0	0	100	-1	0	-1	0	0	0	0	0	0	31613	31613	31613	31613	31613	31613	31613	31613	31613	31613	31613	31613	31613	31613	31613	31613	正在变身	0	0	0	0	1	0
4904	4904	-1	使用月光小盒	CircularTaskTool139_16	-1	0	0	1	1	1	-1	-1	-1	0	0	214				88		-1	0	0	0	0	-1	-1	-1	-1	-1	-1	-1	0	-1		-1	0	1200	0	-1	0	-1	-1	0	0	0	100	-1	0	-1	0	0	0	0	0	0	31614	31614	31614	31614	31614	31614	31614	31614	31614	31614	31614	31614	31614	31614	31614	31614	使用传送门	0	0	0	0	1	0
4905	4905	-1	正在采集	Food_1	-1	0	0	1	1	1	-1	-1	-1	0	0	-1				88		-1	0	0	0	1	-1	-1	-1	-1	-1	-1	-1	0	-1		-1	5	1200	0	3	0	-1	-1	0	0	0	100	-1	0	-1	0	0	0	0	0	0	31615	31615	31615	31615	31615	31615	31615	31615	31615	31615	31615	31615	31615	31615	31615	31615	正在采集	0	1	100	0	1	0
4911	4911	-1	爱你一万年	HuoDongSkill4_8	-1	0	0	0	0	0	-1	-1	-1	0	0	218				1429		-1	0	0	0	1	-1	-1	-1	-1	-1	-1	-1	0	-1	 	-1	5	1200	0	3	0	-1	-1	0	0	0	100	-1	0	-1	0	0	0	0	0	0	31621	31621	31621	31621	31621	31621	31621	31621	31621	31621	31621	31621	31621	31621	31621	31621	爱你一万年	0	0	0	0	1	0
4912	4912	-1	采集碎片	Food_1	-1	0	0	1	1	1	-1	-1	-1	0	0	-1				1428		-1	0	3	0	0	-1	-1	-1	-1	-1	-1	-1	0	-1		-1	0	1200	0	-1	0	-1	-1	0	0	0	100	-1	0	-1	0	0	0	0	0	0	31622	31622	31622	31622	31622	31622	31622	31622	31622	31622	31622	31622	31622	31622	31622	31622	采集碎片	0	0	0	0	1	0
4914	4914	-1	幻灭令	Food_1	-1	0	0	1	1	1	-1	-1	-1	0	2	111					88	-1	0	3	1	6	-1	-1	-1	-1	-1	-1	-1	-1	-1	 	-1	7	1200	-1	15	0	-1	-1	0	0	0	100	-1	0	-1	6	360	12	0	0	0	31759	31759	31759	31759	31759	31759	31759	31759	31759	31759	31759	31759	31759	31759	31759	31759	幻灭令	1	0	0	0	1	0
4915	4915	-1	牛魔王普通攻击	Food_1	-1	0	0	0	1	1	-1	0	1	0	2	50					162;163;164	-1	0	1	0	1	-1	-1	-1	-1	-1	-1	-1	-1	-1	 	-1	5	1200	0	8	-1	1	-1	0	0	0	-1	-1	0	-1	0	0	0	0	0	600	31625	31625	31625	31625	31625	31625	31625	31625	31625	31625	31625	31625	31625	31625	31625	31625	牛魔王普通攻击	0	0	0	0	1	0
4916	4916	-1	黑悟空普通攻击	Food_1	-1	0	0	0	1	1	-1	0	1	0	2	50					162;163;164	-1	0	1	0	1	-1	-1	-1	-1	-1	-1	-1	-1	-1	 	-1	5	1200	0	8	-1	1	-1	0	0	0	-1	-1	0	-1	0	0	0	0	0	600	31626	31626	31626	31626	31626	31626	31626	31626	31626	31626	31626	31626	31626	31626	31626	31626	黑悟空普通攻击	0	0	0	0	1	0
4917	4917	-1	杨戬普通攻击	Food_1	-1	0	0	0	1	1	-1	0	1	0	2	50					162;163;164	-1	0	1	0	1	-1	-1	-1	-1	-1	-1	-1	-1	-1	 	-1	5	1200	0	8	-1	1	-1	0	0	0	-1	-1	0	-1	0	0	0	0	0	600	31627	31627	31627	31627	31627	31627	31627	31627	31627	31627	31627	31627	31627	31627	31627	31627	杨戬普通攻击	0	0	0	0	1	0
4918	4918	-1	召唤物普通攻击	Food_1	-1	0	0	0	1	1	-1	0	1	0	2	50					162;163;164	-1	0	1	0	1	-1	-1	-1	-1	-1	-1	-1	-1	-1	 	-1	5	1200	0	5	-1	1	-1	0	0	0	-1	-1	0	-1	0	0	0	0	0	600	31628	31628	31628	31628	31628	31628	31628	31628	31628	31628	31628	31628	31628	31628	31628	31628	召唤物普通攻击	0	0	0	0	1	0
4919	4919	-1	同力齐驱	Food_1	-1	0	0	0	0	1	-1	-1	-1	0	2	101					165	-1	0	1	1	0	-1	-1	-1	-1	-1	-1	-1	-1	-1	 	-1	0	1200	-1	-1	0	-1	-1	0	0	0	100	-1	0	-1	0	360	0	0	0	0	31629	31629	31629	31629	31629	31629	31629	31629	31629	31629	31629	31629	31629	31629	31629	31629	同力齐驱	1	0	0	0	1	0
4920	4920	-1	震山怒吼	Food_1	-1	0	0	0	0	1	-1	-1	-1	0	0	102				166	169	-1	0	1	1	0	-1	-1	-1	-1	-1	-1	-1	-1	-1	 	-1	0	1200	-1	-1	0	-1	-1	0	0	0	100	-1	0	-1	0	360	0	0	0	0	31630	31630	31630	31630	31630	31630	31630	31630	31630	31630	31630	31630	31630	31630	31630	31630	震山怒吼	1	0	0	0	1	0
4921	4921	-1	无敌牛虱	Food_1	-1	0	0	0	0	1	-1	-1	-1	0	0	103				167	168	-1	0	1	1	0	-1	-1	-1	-1	-1	-1	-1	-1	-1	 	-1	0	2000	-1	-1	0	-1	-1	0	0	0	100	-1	0	-1	0	360	0	0	0	0	31631	31631	31631	31631	31631	31631	31631	31631	31631	31631	31631	31631	31631	31631	31631	31631	无敌牛虱	1	0	0	0	1	0
4922	4922	-1	芭蕉一扇	Food_1	-1	0	0	0	0	1	-1	-1	-1	0	2	104					170	-1	0	1	1	0	-1	-1	-1	-1	-1	-1	-1	-1	-1	 	-1	0	13480	-1	-1	0	-1	-1	0	0	0	100	-1	0	-1	0	360	0	0	0	0	31632	31632	31632	31632	31632	31632	31632	31632	31632	31632	31632	31632	31632	31632	31632	31632	芭蕉一扇	1	0	0	0	1	0
4923	4923	-1	当头棒喝	Food_1	-1	0	0	0	0	1	-1	-1	-1	0	0	101				165	166	-1	0	1	1	0	-1	-1	-1	-1	-1	-1	-1	-1	-1	 	-1	0	1200	-1	-1	0	-1	-1	0	0	0	100	-1	0	-1	0	360	0	0	0	0	31633	31633	31633	31633	31633	31633	31633	31633	31633	31633	31633	31633	31633	31633	31633	31633	如意金箍	1	0	0	0	1	0
4924	4924	-1	当头棒喝2	Food_1	-1	0	0	0	0	1	-1	-1	-1	0	2	101					167	-1	0	1	1	0	-1	-1	-1	-1	-1	-1	-1	-1	-1	 	-1	0	1200	-1	-1	0	-1	-1	0	0	0	100	-1	0	-1	0	360	0	0	0	0	31634	31634	31634	31634	31634	31634	31634	31634	31634	31634	31634	31634	31634	31634	31634	31634	如意金箍2	0	0	0	0	1	0
4925	4925	-1	当头棒喝3	Food_1	-1	0	0	0	0	1	-1	-1	-1	0	2	101					168	-1	0	1	1	0	-1	-1	-1	-1	-1	-1	-1	-1	-1	 	-1	0	1200	-1	-1	0	-1	-1	0	0	0	100	-1	0	-1	0	360	0	0	0	0	31635	31635	31635	31635	31635	31635	31635	31635	31635	31635	31635	31635	31635	31635	31635	31635	如意金箍3	0	0	0	0	1	0
4926	4926	-1	火眼金睛	Food_1	-1	0	0	0	0	1	-1	-1	-1	0	0	102				179	171	-1	0	1	1	0	-1	-1	-1	-1	-1	-1	-1	-1	-1	 	-1	0	1200	-1	-1	0	-1	-1	0	0	0	100	-1	0	-1	0	360	0	0	0	0	31636	31636	31636	31636	31636	31636	31636	31636	31636	31636	31636	31636	31636	31636	31636	31636	火眼金睛	1	0	0	0	1	0
4927	4927	-1	火眼金睛发招	Food_1	-1	0	0	0	0	1	-1	-1	-1	0	2	102					171	-1	0	1	1	0	-1	-1	-1	-1	-1	-1	-1	-1	-1		-1	0	1200	-1	-1	0	-1	-1	0	0	0	100	-1	0	-1	0	360	0	0	0	0	31637	31637	31637	31637	31637	31637	31637	31637	31637	31637	31637	31637	31637	31637	31637	31637	火眼金睛发招	0	0	0	0	1	0
4928	4928	-1	身外身	Food_1	-1	0	0	0	0	1	-1	-1	-1	0	2	103					170	-1	0	1	1	0	-1	-1	-1	-1	-1	-1	-1	-1	-1	 	-1	0	3000	-1	-1	0	-1	-1	0	0	0	100	-1	0	-1	0	360	0	0	0	0	31638	31638	31638	31638	31638	31638	31638	31638	31638	31638	31638	31638	31638	31638	31638	31638	身外身	1	0	0	0	1	0
4929	4929	-1	法天象地	Food_1	-1	0	0	0	0	1	-1	-1	-1	0	2	104					169	-1	0	1	1	0	-1	-1	-1	-1	-1	-1	-1	-1	-1	 	-1	0	10000	-1	-1	0	-1	-1	0	0	0	100	-1	0	-1	0	360	0	0	0	0	31639	31639	31639	31639	31639	31639	31639	31639	31639	31639	31639	31639	31639	31639	31639	31639	法天象地	1	0	0	0	1	0
4930	4930	-1	宝箱领取中	Food_1	-1	0	0	1	1	1	-1	-1	-1	0	0	-1				88		-1	0	0	0	1	-1	-1	-1	-1	-1	-1	-1	0	-1		-1	5	1200	-1	2	0	-1	-1	0	0	0	100	-1	0	-1	0	0	0	0	0	0	31640	31640	31640	31640	31640	31640	31640	31640	31640	31640	31640	31640	31640	31640	31640	31640	宝箱领取中	0	0	0	0	1	0
4931	4931	-1	长枪横扫	Food_1	-1	0	0	0	0	1	-1	-1	-1	0	2	101					165	-1	0	1	1	0	-1	-1	-1	-1	-1	-1	-1	-1	-1	 	-1	0	4400	-1	-1	0	-1	-1	0	0	0	100	-1	0	-1	0	360	0	0	0	0	31641	31641	31641	31641	31641	31641	31641	31641	31641	31641	31641	31641	31641	31641	31641	31641	长枪横扫	1	0	0	0	1	0
4932	4932	-1	莲华叩心	Food_1	-1	0	0	0	0	1	-1	-1	-1	0	0	102				167	166	-1	0	1	1	0	-1	-1	-1	-1	-1	-1	-1	-1	-1	 	-1	0	3000	-1	-1	0	-1	-1	0	0	0	100	-1	0	-1	0	360	0	0	0	0	31642	31642	31642	31642	31642	31642	31642	31642	31642	31642	31642	31642	31642	31642	31642	31642	莲华叩心	1	0	0	0	1	0
4933	4933	-1	莲华叩心收尾	Food_1	-1	0	0	0	0	1	-1	-1	-1	0	2	102					166	-1	0	1	1	0	-1	-1	-1	-1	-1	-1	-1	-1	-1		-1	0	3000	-1	-1	0	-1	-1	0	0	0	100	-1	0	-1	0	360	0	0	0	0	31643	31643	31643	31643	31643	31643	31643	31643	31643	31643	31643	31643	31643	31643	31643	31643	莲华叩心收尾	0	0	0	0	1	0
4934	4934	-1	天狗啸月	Food_1	-1	0	0	0	0	1	-1	-1	-1	0	2	103					169	-1	0	1	1	0	-1	-1	-1	-1	-1	-1	-1	-1	-1	 	-1	0	3000	-1	-1	0	-1	-1	0	0	0	100	-1	0	-1	0	360	0	0	0	0	31644	31644	31644	31644	31644	31644	31644	31644	31644	31644	31644	31644	31644	31644	31644	31644	天狗啸月	1	0	0	0	1	0
4935	4935	-1	天授神目	Food_1	-1	0	0	0	0	1	-1	-1	-1	0	2	104					168	-1	0	1	1	0	-1	-1	-1	-1	-1	-1	-1	-1	-1	 	-1	0	2000	-1	-1	0	-1	-1	0	0	0	100	-1	0	-1	0	360	0	0	0	0	31645	31645	31645	31645	31645	31645	31645	31645	31645	31645	31645	31645	31645	31645	31645	31645	天授神目	1	0	0	0	1	0
4936	4936	-1	神灯长明	Food_1	-1	0	0	0	0	1	-1	-1	-1	0	0	105				170	171	-1	0	1	1	0	-1	-1	-1	-1	-1	-1	-1	-1	-1	 	-1	0	2000	-1	-1	0	-1	-1	0	0	0	100	-1	0	-1	0	360	0	0	0	0	31646	31646	31646	31646	31646	31646	31646	31646	31646	31646	31646	31646	31646	31646	31646	31646	神灯长明	1	0	0	0	1	0
4937	4937	-1	金箍·冰	Food_1	-1	0	0	1	1	1	-1	-1	-1	0	2	106					88	-1	0	3	1	1	-1	-1	-1	-1	-1	-1	-1	-1	-1	 	-1	5	1200	-1	15	0	-1	-1	0	0	0	100	-1	0	-1	0	360	0	0	0	0	31647	31647	31647	31647	31647	31647	31647	31647	31647	31647	31647	31647	31647	31647	31647	31647	金箍·冰	1	0	0	0	1	0
4938	4938	-1	金箍·火	Food_1	-1	0	0	1	1	1	-1	-1	-1	0	2	106					88	-1	0	3	1	1	-1	-1	-1	-1	-1	-1	-1	-1	-1	 	-1	5	1200	-1	15	0	-1	-1	0	0	0	100	-1	0	-1	0	360	0	0	0	0	31648	31648	31648	31648	31648	31648	31648	31648	31648	31648	31648	31648	31648	31648	31648	31648	金箍·火	1	0	0	0	1	0
4939	4939	-1	金箍·玄	Food_1	-1	0	0	1	1	1	-1	-1	-1	0	2	106					88	-1	0	3	1	1	-1	-1	-1	-1	-1	-1	-1	-1	-1	 	-1	5	1200	-1	15	0	-1	-1	0	0	0	100	-1	0	-1	0	360	0	0	0	0	31649	31649	31649	31649	31649	31649	31649	31649	31649	31649	31649	31649	31649	31649	31649	31649	金箍·玄	1	0	0	0	1	0
4940	4940	-1	金箍·毒	Food_1	-1	0	0	1	1	1	-1	-1	-1	0	2	106					88	-1	0	3	1	1	-1	-1	-1	-1	-1	-1	-1	-1	-1	 	-1	5	1200	-1	15	0	-1	-1	0	0	0	100	-1	0	-1	0	360	0	0	0	0	31650	31650	31650	31650	31650	31650	31650	31650	31650	31650	31650	31650	31650	31650	31650	31650	金箍·毒	1	0	0	0	1	0
4941	4941	-1	筋斗云·移	Food_1	-1	0	0	1	1	1	-1	-1	-1	0	2	107					88	-1	0	3	1	6	-1	-1	-1	-1	-1	-1	-1	-1	-1	 	-1	7	1200	-1	20	0	-1	-1	0	0	0	100	-1	0	-1	0	360	0	0	0	0	31651	31651	31651	31651	31651	31651	31651	31651	31651	31651	31651	31651	31651	31651	31651	31651	筋斗云·移	1	0	0	0	1	0
4942	4942	-1	菩提子·回	Food_1	-1	0	0	1	1	1	-1	-1	-1	0	2	108					88	-1	0	3	1	0	-1	-1	-1	-1	-1	-1	-1	-1	-1	 	-1	0	1200	-1	-1	0	-1	-1	0	0	0	100	-1	0	-1	0	360	0	0	0	0	31652	31652	31652	31652	31652	31652	31652	31652	31652	31652	31652	31652	31652	31652	31652	31652	菩提子·回	1	0	0	0	1	0
4943	4943	-1	护心镜	Food_1	-1	0	0	1	1	1	-1	-1	-1	0	2	109					88	-1	0	3	1	0	-1	-1	-1	-1	-1	-1	-1	-1	-1	 	-1	0	1200	-1	-1	0	-1	-1	0	0	0	100	-1	0	-1	0	360	0	0	0	0	31653	31653	31653	31653	31653	31653	31653	31653	31653	31653	31653	31653	31653	31653	31653	31653	护心镜	1	0	0	0	1	0
4944	4944	-1	白骨剑阵·伤	Food_1	-1	0	0	1	1	1	-1	-1	-1	0	2	110					88	-1	0	3	1	0	-1	-1	-1	-1	-1	-1	-1	-1	-1	 	-1	0	1200	-1	-1	0	-1	-1	0	0	0	100	-1	0	-1	0	360	0	0	0	0	31654	31654	31654	31654	31654	31654	31654	31654	31654	31654	31654	31654	31654	31654	31654	31654	白骨剑阵·伤	1	0	0	0	1	0
4945	4945	-1	隐形符·御	Food_1	-1	0	0	1	1	1	-1	-1	-1	0	2	111					88	-1	0	3	1	1	-1	-1	-1	-1	-1	-1	-1	-1	-1	 	-1	5	1200	-1	15	0	-1	-1	0	0	0	100	-1	0	-1	0	360	0	0	0	0	31655	31655	31655	31655	31655	31655	31655	31655	31655	31655	31655	31655	31655	31655	31655	31655	隐形符·御	1	0	0	0	1	0
4946	4946	-1	照妖镜·冰	Food_1	-1	0	0	1	1	1	-1	-1	-1	0	2	112					88	-1	0	3	1	1	-1	-1	-1	-1	-1	-1	-1	-1	-1	 	-1	5	1200	-1	15	0	-1	-1	0	0	0	100	-1	0	-1	0	360	0	0	0	0	31656	31656	31656	31656	31656	31656	31656	31656	31656	31656	31656	31656	31656	31656	31656	31656	照妖镜·冰	1	0	0	0	1	0
4947	4947	-1	照妖镜·火	Food_1	-1	0	0	1	1	1	-1	-1	-1	0	2	112					88	-1	0	3	1	1	-1	-1	-1	-1	-1	-1	-1	-1	-1	 	-1	5	1200	-1	15	0	-1	-1	0	0	0	100	-1	0	-1	0	360	0	0	0	0	31657	31657	31657	31657	31657	31657	31657	31657	31657	31657	31657	31657	31657	31657	31657	31657	照妖镜·火	1	0	0	0	1	0
4948	4948	-1	照妖镜·玄	Food_1	-1	0	0	1	1	1	-1	-1	-1	0	2	112					88	-1	0	3	1	1	-1	-1	-1	-1	-1	-1	-1	-1	-1	 	-1	5	1200	-1	15	0	-1	-1	0	0	0	100	-1	0	-1	0	360	0	0	0	0	31658	31658	31658	31658	31658	31658	31658	31658	31658	31658	31658	31658	31658	31658	31658	31658	照妖镜·玄	1	0	0	0	1	0
4949	4949	-1	照妖镜·毒	Food_1	-1	0	0	1	1	1	-1	-1	-1	0	2	112					88	-1	0	3	1	1	-1	-1	-1	-1	-1	-1	-1	-1	-1	 	-1	5	1200	-1	15	0	-1	-1	0	0	0	100	-1	0	-1	0	360	0	0	0	0	31659	31659	31659	31659	31659	31659	31659	31659	31659	31659	31659	31659	31659	31659	31659	31659	照妖镜·毒	1	0	0	0	1	0
4950	4950	-1	月光宝盒·清	Food_1	-1	0	0	1	1	1	-1	-1	-1	0	2	113					1430	-1	0	3	1	0	-1	-1	-1	-1	-1	-1	-1	-1	-1	 	-1	0	1200	-1	-1	0	-1	-1	0	0	0	100	-1	0	-1	0	360	0	0	0	0	31660	31660	31660	31660	31660	31660	31660	31660	31660	31660	31660	31660	31660	31660	31660	31660	月光宝盒·清	1	0	0	0	1	0
4951	4951	-1	紫金铃·伤	Food_1	-1	0	0	1	1	1	-1	-1	-1	0	2	114					88	-1	0	3	1	0	-1	-1	-1	-1	-1	-1	-1	-1	-1	 	-1	0	1200	-1	-1	0	-1	-1	0	0	0	100	-1	0	-1	0	360	0	0	0	0	31661	31661	31661	31661	31661	31661	31661	31661	31661	31661	31661	31661	31661	31661	31661	31661	紫金铃·伤	1	0	0	0	1	0
4952	4952	-1	紫青宝剑·缘	Food_1	-1	0	0	1	1	1	-1	-1	-1	0	2	115					88	-1	0	3	1	1	-1	-1	-1	-1	-1	-1	-1	-1	-1	 	-1	5	1200	-1	15	0	-1	-1	0	0	0	100	-1	0	-1	0	360	0	0	0	0	31662	31662	31662	31662	31662	31662	31662	31662	31662	31662	31662	31662	31662	31662	31662	31662	紫青宝剑·缘	1	0	0	0	1	0
4953	4953	-1	灯芯·缠	Food_1	-1	0	0	1	1	1	-1	-1	-1	0	2	116					1431	-1	0	3	1	0	-1	-1	-1	-1	-1	-1	-1	-1	-1	 	-1	0	1200	-1	-1	0	-1	-1	0	0	0	100	-1	0	-1	0	360	0	0	0	0	31663	31663	31663	31663	31663	31663	31663	31663	31663	31663	31663	31663	31663	31663	31663	31663	灯芯·缠	1	0	0	0	1	0
4954	4954	-1	金箍棒·单	Food_1	-1	0	0	1	1	1	-1	-1	-1	0	2	117					88	-1	0	3	1	1	-1	-1	-1	-1	-1	-1	-1	-1	-1	 	-1	5	1200	-1	15	0	-1	-1	0	0	0	100	-1	0	-1	0	360	0	0	0	0	31664	31664	31664	31664	31664	31664	31664	31664	31664	31664	31664	31664	31664	31664	31664	31664	金箍棒·单	1	0	0	0	1	0
4955	4955	-1	芭蕉扇·群	Food_1	-1	0	0	1	1	1	-1	-1	-1	0	2	118					88	-1	0	3	1	0	-1	-1	-1	-1	-1	-1	-1	-1	-1	 	-1	0	1200	-1	-1	0	-1	-1	0	0	0	100	-1	0	-1	0	360	0	0	0	0	31665	31665	31665	31665	31665	31665	31665	31665	31665	31665	31665	31665	31665	31665	31665	31665	芭蕉扇·群	1	0	0	0	1	0
4956	4956	-1	护心镜	Food_1	-1	0	0	1	1	1	-1	-1	-1	0	2	109					88	-1	0	3	1	0	-1	-1	-1	-1	-1	-1	-1	-1	-1	 	-1	0	1200	-1	-1	0	-1	-1	0	0	0	100	-1	0	-1	0	360	0	0	0	0	31666	31666	31666	31666	31666	31666	31666	31666	31666	31666	31666	31666	31666	31666	31666	31666	护心镜	1	0	0	0	1	0
4957	4957	-1	牛头怪同力齐驱	Food_1	-1	0	0	0	0	1	-1	-1	-1	0	0	101				165		-1	0	1	1	0	-1	-1	-1	-1	-1	-1	-1	-1	-1	 	-1	0	1200	-1	-1	0	-1	-1	0	0	0	100	-1	0	-1	0	360	0	0	0	0	31667	31667	31667	31667	31667	31667	31667	31667	31667	31667	31667	31667	31667	31667	31667	31667	牛头怪同力齐驱	0	0	0	0	1	0
4958	4958	-1	宝箱领取中	Food_1	-1	0	0	1	1	1	-1	-1	-1	0	0	-1				88		-1	0	0	0	1	-1	-1	-1	-1	-1	-1	-1	0	-1		-1	5	1200	-1	2	0	-1	-1	0	0	0	100	-1	0	-1	0	0	0	0	0	0	31670	31670	31670	31670	31670	31670	31670	31670	31670	31670	31670	31670	31670	31670	31670	31670	宝箱领取中	0	0	0	0	1	0
4959	4959	-1	芭蕉扇	Food_1	-1	0	0	1	1	1	-1	-1	-1	0	2	118					88	-1	0	3	1	0	-1	-1	-1	-1	-1	-1	-1	-1	-1	 	-1	0	1200	-1	-1	0	-1	-1	0	0	0	100	-1	0	-1	10	360	20	0	0	0	31757	31757	31757	31757	31757	31757	31757	31757	31757	31757	31757	31757	31757	31757	31757	31757	芭蕉扇	1	0	0	0	1	0
4960	4960	-1	紧箍咒	Food_1	-1	0	0	1	1	1	-1	-1	-1	0	2	110					88	-1	0	3	1	0	-1	-1	-1	-1	-1	-1	-1	-1	-1	 	-1	0	1200	-1	15	0	-1	-1	0	0	0	100	-1	0	-1	0	0	0	0	0	0	31758	31758	31758	31758	31758	31758	31758	31758	31758	31758	31758	31758	31758	31758	31758	31758	紧箍咒	1	0	0	0	1	0
4961	4961	-1	抛花迎神	HuoDongSkill6_4	-1	0	0	0	0	1	-1	-1	1	0	0	-1				26		-1	0	0	0	1	-1	-1	-1	-1	-1	-1	-1	-1	-1		-1	5	300	-1	6	0	-1	-1	0	0	0	100	-1	0	-1	0	360	0	0	0	0	31668	31668	31668	31668	31668	31668	31668	31668	31668	31668	31668	31668	31668	31668	31668	31668	将手中的鲜花朝着游神的人投去，把气氛烘托得更加热烈一些！	1	0	0	0	1	0
4962	4962	-1	使用善财钥匙	HuoDongSkill6_5	-1	0	0	0	0	1	-1	-1	1	0	0	216				27		-1	0	0	0	1	-1	-1	-1	-1	-1	-1	-1	-1	-1		-1	5	300	-1	4	0	-1	-1	0	0	0	100	-1	0	-1	0	360	0	0	0	0	31669	31669	31669	31669	31669	31669	31669	31669	31669	31669	31669	31669	31669	31669	31669	31669	这串钥匙试起来可真麻烦，这把不对就再换一把！	1	0	0	0	1	0
4991	4991	-1	迎神感应	HuoDongSkill_7	-1	0	0	0	0	1	-1	-1	-1	0	2	222						-1	0	0	0	0	-1	-1	-1	-1	-1	-1	-1	-1	-1	 	-1	0	300	-1	-1	0	-1	-1	0	0	0	100	-1	0	-1	0	0	0	0	0	0	31766	31766	31766	31766	31766	31766	31766	31766	31766	31766	31766	31766	31766	31766	31766	31766	迎神感应	1	0	0	0	1	0
