INT	INT	INT	INT	INT	INT	INT	INT	INT	INT	INT	INT	INT	INT	INT	INT	INT	INT	INT	INT	INT	INT	INT
ID(怪物编号)	Mvalue(怪物价值)	怪物掉落类型	DID1(掉落包编号)	DID2	DID3	DID4	DID5	DID6	DID7	DID8	DID9	DID10	DID11	DID12	DID13	DID14	DID15	DID16	DID17	DID18	DID19	DID20
523	400	1	313	-1	-1	-1	-1	-1	-1	-1	-1	-1	-1	-1	-1	-1	-1	-1	-1	-1	-1	-1
527	400	1	314	-1	-1	-1	-1	-1	-1	-1	-1	-1	-1	-1	-1	-1	-1	-1	-1	-1	-1	-1
700	4	0	620	-1	-1	-1	-1	-1	-1	-1	-1	-1	-1	-1	-1	-1	-1	-1	-1	-1	-1	-1
701	4	0	620	-1	-1	-1	-1	-1	-1	-1	-1	-1	-1	-1	-1	-1	-1	-1	-1	-1	-1	-1
702	4	0	620	-1	-1	-1	-1	-1	-1	-1	-1	-1	-1	-1	-1	-1	-1	-1	-1	-1	-1	-1
703	4	0	620	-1	-1	-1	-1	-1	-1	-1	-1	-1	-1	-1	-1	-1	-1	-1	-1	-1	-1	-1
704	26	1	622	16959	16960	-1	-1	-1	-1	-1	-1	-1	-1	-1	-1	-1	-1	-1	-1	-1	-1	-1
705	41	1	624	83	16962	16963	-1	-1	-1	-1	-1	-1	-1	-1	-1	-1	-1	-1	-1	-1	-1	-1
706	107	1	626	85	16964	16965	-1	-1	-1	-1	-1	-1	-1	-1	-1	-1	-1	-1	-1	-1	-1	-1
707	247	1	628	16966	16968	-1	-1	-1	-1	-1	-1	-1	-1	-1	-1	-1	-1	-1	-1	-1	-1	-1
708	18	1	620	-1	-1	-1	-1	-1	-1	-1	-1	-1	-1	-1	-1	-1	-1	-1	-1	-1	-1	-1
709	18	1	620	-1	-1	-1	-1	-1	-1	-1	-1	-1	-1	-1	-1	-1	-1	-1	-1	-1	-1	-1
710	18	1	620	-1	-1	-1	-1	-1	-1	-1	-1	-1	-1	-1	-1	-1	-1	-1	-1	-1	-1	-1
711	18	1	620	-1	-1	-1	-1	-1	-1	-1	-1	-1	-1	-1	-1	-1	-1	-1	-1	-1	-1	-1
712	18	1	620	-1	-1	-1	-1	-1	-1	-1	-1	-1	-1	-1	-1	-1	-1	-1	-1	-1	-1	-1
713	18	1	620	-1	-1	-1	-1	-1	-1	-1	-1	-1	-1	-1	-1	-1	-1	-1	-1	-1	-1	-1
714	18	1	621	-1	-1	-1	-1	-1	-1	-1	-1	-1	-1	-1	-1	-1	-1	-1	-1	-1	-1	-1
715	22	1	621	303	-1	-1	-1	-1	-1	-1	-1	-1	-1	-1	-1	-1	-1	-1	-1	-1	-1	-1
716	22	1	621	-1	-1	-1	-1	-1	-1	-1	-1	-1	-1	-1	-1	-1	-1	-1	-1	-1	-1	-1
717	22	1	621	-1	-1	-1	-1	-1	-1	-1	-1	-1	-1	-1	-1	-1	-1	-1	-1	-1	-1	-1
718	18	1	620	-1	-1	-1	-1	-1	-1	-1	-1	-1	-1	-1	-1	-1	-1	-1	-1	-1	-1	-1
719	18	1	620	304	-1	-1	-1	-1	-1	-1	-1	-1	-1	-1	-1	-1	-1	-1	-1	-1	-1	-1
720	18	1	620	-1	-1	-1	-1	-1	-1	-1	-1	-1	-1	-1	-1	-1	-1	-1	-1	-1	-1	-1
721	18	1	620	305	-1	-1	-1	-1	-1	-1	-1	-1	-1	-1	-1	-1	-1	-1	-1	-1	-1	-1
722	18	1	620	-1	-1	-1	-1	-1	-1	-1	-1	-1	-1	-1	-1	-1	-1	-1	-1	-1	-1	-1
723	18	1	620	306	-1	-1	-1	-1	-1	-1	-1	-1	-1	-1	-1	-1	-1	-1	-1	-1	-1	-1
724	18	1	621	-1	-1	-1	-1	-1	-1	-1	-1	-1	-1	-1	-1	-1	-1	-1	-1	-1	-1	-1
725	22	1	621	307	-1	-1	-1	-1	-1	-1	-1	-1	-1	-1	-1	-1	-1	-1	-1	-1	-1	-1
726	22	1	621	-1	-1	-1	-1	-1	-1	-1	-1	-1	-1	-1	-1	-1	-1	-1	-1	-1	-1	-1
727	22	1	621	-1	-1	-1	-1	-1	-1	-1	-1	-1	-1	-1	-1	-1	-1	-1	-1	-1	-1	-1
728	18	1	621	-1	-1	-1	-1	-1	-1	-1	-1	-1	-1	-1	-1	-1	-1	-1	-1	-1	-1	-1
729	18	1	621	-1	-1	-1	-1	-1	-1	-1	-1	-1	-1	-1	-1	-1	-1	-1	-1	-1	-1	-1
730	18	1	621	-1	-1	-1	-1	-1	-1	-1	-1	-1	-1	-1	-1	-1	-1	-1	-1	-1	-1	-1
731	18	1	621	-1	-1	-1	-1	-1	-1	-1	-1	-1	-1	-1	-1	-1	-1	-1	-1	-1	-1	-1
732	22	1	621	-1	-1	-1	-1	-1	-1	-1	-1	-1	-1	-1	-1	-1	-1	-1	-1	-1	-1	-1
733	18	1	621	-1	-1	-1	-1	-1	-1	-1	-1	-1	-1	-1	-1	-1	-1	-1	-1	-1	-1	-1
734	18	1	621	-1	-1	-1	-1	-1	-1	-1	-1	-1	-1	-1	-1	-1	-1	-1	-1	-1	-1	-1
735	18	1	621	-1	-1	-1	-1	-1	-1	-1	-1	-1	-1	-1	-1	-1	-1	-1	-1	-1	-1	-1
736	18	1	621	-1	-1	-1	-1	-1	-1	-1	-1	-1	-1	-1	-1	-1	-1	-1	-1	-1	-1	-1
737	22	1	621	-1	-1	-1	-1	-1	-1	-1	-1	-1	-1	-1	-1	-1	-1	-1	-1	-1	-1	-1
738	22	1	621	-1	-1	-1	-1	-1	-1	-1	-1	-1	-1	-1	-1	-1	-1	-1	-1	-1	-1	-1
739	22	1	621	-1	-1	-1	-1	-1	-1	-1	-1	-1	-1	-1	-1	-1	-1	-1	-1	-1	-1	-1
740	22	1	621	-1	-1	-1	-1	-1	-1	-1	-1	-1	-1	-1	-1	-1	-1	-1	-1	-1	-1	-1
741	22	1	621	-1	-1	-1	-1	-1	-1	-1	-1	-1	-1	-1	-1	-1	-1	-1	-1	-1	-1	-1
742	22	1	622	-1	-1	-1	-1	-1	-1	-1	-1	-1	-1	-1	-1	-1	-1	-1	-1	-1	-1	-1
743	22	1	621	-1	-1	-1	-1	-1	-1	-1	-1	-1	-1	-1	-1	-1	-1	-1	-1	-1	-1	-1
744	22	1	621	-1	-1	-1	-1	-1	-1	-1	-1	-1	-1	-1	-1	-1	-1	-1	-1	-1	-1	-1
745	22	1	621	-1	-1	-1	-1	-1	-1	-1	-1	-1	-1	-1	-1	-1	-1	-1	-1	-1	-1	-1
746	22	1	621	-1	-1	-1	-1	-1	-1	-1	-1	-1	-1	-1	-1	-1	-1	-1	-1	-1	-1	-1
747	22	1	622	-1	-1	-1	-1	-1	-1	-1	-1	-1	-1	-1	-1	-1	-1	-1	-1	-1	-1	-1
748	22	1	622	-1	-1	-1	-1	-1	-1	-1	-1	-1	-1	-1	-1	-1	-1	-1	-1	-1	-1	-1
749	22	1	622	-1	-1	-1	-1	-1	-1	-1	-1	-1	-1	-1	-1	-1	-1	-1	-1	-1	-1	-1
750	22	1	622	-1	-1	-1	-1	-1	-1	-1	-1	-1	-1	-1	-1	-1	-1	-1	-1	-1	-1	-1
751	22	1	622	-1	-1	-1	-1	-1	-1	-1	-1	-1	-1	-1	-1	-1	-1	-1	-1	-1	-1	-1
752	22	1	622	-1	-1	-1	-1	-1	-1	-1	-1	-1	-1	-1	-1	-1	-1	-1	-1	-1	-1	-1
753	26	1	622	-1	-1	-1	-1	-1	-1	-1	-1	-1	-1	-1	-1	-1	-1	-1	-1	-1	-1	-1
754	26	1	622	-1	-1	-1	-1	-1	-1	-1	-1	-1	-1	-1	-1	-1	-1	-1	-1	-1	-1	-1
755	26	1	622	-1	-1	-1	-1	-1	-1	-1	-1	-1	-1	-1	-1	-1	-1	-1	-1	-1	-1	-1
756	26	1	622	-1	-1	-1	-1	-1	-1	-1	-1	-1	-1	-1	-1	-1	-1	-1	-1	-1	-1	-1
757	26	1	622	-1	-1	-1	-1	-1	-1	-1	-1	-1	-1	-1	-1	-1	-1	-1	-1	-1	-1	-1
758	26	1	622	-1	-1	-1	-1	-1	-1	-1	-1	-1	-1	-1	-1	-1	-1	-1	-1	-1	-1	-1
759	26	1	623	-1	-1	-1	-1	-1	-1	-1	-1	-1	-1	-1	-1	-1	-1	-1	-1	-1	-1	-1
760	26	1	623	82	-1	-1	-1	-1	-1	-1	-1	-1	-1	-1	-1	-1	-1	-1	-1	-1	-1	-1
761	26	1	82	623	-1	-1	-1	-1	-1	-1	-1	-1	-1	-1	-1	-1	-1	-1	-1	-1	-1	-1
762	26	1	82	623	-1	-1	-1	-1	-1	-1	-1	-1	-1	-1	-1	-1	-1	-1	-1	-1	-1	-1
763	26	1	623	-1	-1	-1	-1	-1	-1	-1	-1	-1	-1	-1	-1	-1	-1	-1	-1	-1	-1	-1
764	26	1	623	-1	-1	-1	-1	-1	-1	-1	-1	-1	-1	-1	-1	-1	-1	-1	-1	-1	-1	-1
765	32	1	623	-1	-1	-1	-1	-1	-1	-1	-1	-1	-1	-1	-1	-1	-1	-1	-1	-1	-1	-1
766	32	1	82	623	-1	-1	-1	-1	-1	-1	-1	-1	-1	-1	-1	-1	-1	-1	-1	-1	-1	-1
767	32	1	623	-1	-1	-1	-1	-1	-1	-1	-1	-1	-1	-1	-1	-1	-1	-1	-1	-1	-1	-1
768	32	1	623	-1	-1	-1	-1	-1	-1	-1	-1	-1	-1	-1	-1	-1	-1	-1	-1	-1	-1	-1
769	32	1	623	-1	-1	-1	-1	-1	-1	-1	-1	-1	-1	-1	-1	-1	-1	-1	-1	-1	-1	-1
770	32	1	623	-1	-1	-1	-1	-1	-1	-1	-1	-1	-1	-1	-1	-1	-1	-1	-1	-1	-1	-1
771	32	1	59	71	624	-1	-1	-1	-1	-1	-1	-1	-1	-1	-1	-1	-1	-1	-1	-1	-1	-1
772	32	1	59	71	624	-1	-1	-1	-1	-1	-1	-1	-1	-1	-1	-1	-1	-1	-1	-1	-1	-1
773	32	1	83	624	-1	-1	-1	-1	-1	-1	-1	-1	-1	-1	-1	-1	-1	-1	-1	-1	-1	-1
774	32	1	59	71	624	-1	-1	-1	-1	-1	-1	-1	-1	-1	-1	-1	-1	-1	-1	-1	-1	-1
775	32	1	59	71	624	-1	-1	-1	-1	-1	-1	-1	-1	-1	-1	-1	-1	-1	-1	-1	-1	-1
776	32	1	59	71	624	-1	-1	-1	-1	-1	-1	-1	-1	-1	-1	-1	-1	-1	-1	-1	-1	-1
777	41	1	71	624	59	-1	-1	-1	-1	-1	-1	-1	-1	-1	-1	-1	-1	-1	-1	-1	-1	-1
778	41	1	83	624	-1	-1	-1	-1	-1	-1	-1	-1	-1	-1	-1	-1	-1	-1	-1	-1	-1	-1
779	41	1	83	624	-1	-1	-1	-1	-1	-1	-1	-1	-1	-1	-1	-1	-1	-1	-1	-1	-1	-1
780	41	1	59	71	624	-1	-1	-1	-1	-1	-1	-1	-1	-1	-1	-1	-1	-1	-1	-1	-1	-1
781	41	1	59	71	624	-1	-1	-1	-1	-1	-1	-1	-1	-1	-1	-1	-1	-1	-1	-1	-1	-1
782	41	1	59	71	624	-1	-1	-1	-1	-1	-1	-1	-1	-1	-1	-1	-1	-1	-1	-1	-1	-1
783	41	1	60	72	625	-1	-1	-1	-1	-1	-1	-1	-1	-1	-1	-1	-1	-1	-1	-1	-1	-1
784	41	1	84	625	-1	-1	-1	-1	-1	-1	-1	-1	-1	-1	-1	-1	-1	-1	-1	-1	-1	-1
785	41	1	84	625	-1	-1	-1	-1	-1	-1	-1	-1	-1	-1	-1	-1	-1	-1	-1	-1	-1	-1
786	41	1	60	72	625	-1	-1	-1	-1	-1	-1	-1	-1	-1	-1	-1	-1	-1	-1	-1	-1	-1
787	41	1	60	72	625	-1	-1	-1	-1	-1	-1	-1	-1	-1	-1	-1	-1	-1	-1	-1	-1	-1
788	41	1	60	72	625	-1	-1	-1	-1	-1	-1	-1	-1	-1	-1	-1	-1	-1	-1	-1	-1	-1
789	52	1	60	72	625	-1	-1	-1	-1	-1	-1	-1	-1	-1	-1	-1	-1	-1	-1	-1	-1	-1
790	52	1	84	625	-1	-1	-1	-1	-1	-1	-1	-1	-1	-1	-1	-1	-1	-1	-1	-1	-1	-1
791	52	1	84	625	-1	-1	-1	-1	-1	-1	-1	-1	-1	-1	-1	-1	-1	-1	-1	-1	-1	-1
792	52	1	17	60	625	-1	-1	-1	-1	-1	-1	-1	-1	-1	-1	-1	-1	-1	-1	-1	-1	-1
793	52	1	17	60	625	-1	-1	-1	-1	-1	-1	-1	-1	-1	-1	-1	-1	-1	-1	-1	-1	-1
794	52	1	17	60	625	-1	-1	-1	-1	-1	-1	-1	-1	-1	-1	-1	-1	-1	-1	-1	-1	-1
795	66	1	18	61	626	-1	-1	-1	-1	-1	-1	-1	-1	-1	-1	-1	-1	-1	-1	-1	-1	-1
796	66	1	626	85	-1	-1	-1	-1	-1	-1	-1	-1	-1	-1	-1	-1	-1	-1	-1	-1	-1	-1
797	66	1	85	626	-1	-1	-1	-1	-1	-1	-1	-1	-1	-1	-1	-1	-1	-1	-1	-1	-1	-1
798	66	1	61	73	626	-1	-1	-1	-1	-1	-1	-1	-1	-1	-1	-1	-1	-1	-1	-1	-1	-1
799	66	1	61	73	626	-1	-1	-1	-1	-1	-1	-1	-1	-1	-1	-1	-1	-1	-1	-1	-1	-1
800	66	1	61	73	626	-1	-1	-1	-1	-1	-1	-1	-1	-1	-1	-1	-1	-1	-1	-1	-1	-1
801	84	1	61	73	626	-1	-1	-1	-1	-1	-1	-1	-1	-1	-1	-1	-1	-1	-1	-1	-1	-1
802	84	1	85	626	-1	-1	-1	-1	-1	-1	-1	-1	-1	-1	-1	-1	-1	-1	-1	-1	-1	-1
803	84	1	61	73	626	-1	-1	-1	-1	-1	-1	-1	-1	-1	-1	-1	-1	-1	-1	-1	-1	-1
804	84	1	61	73	626	-1	-1	-1	-1	-1	-1	-1	-1	-1	-1	-1	-1	-1	-1	-1	-1	-1
805	84	1	61	73	626	-1	-1	-1	-1	-1	-1	-1	-1	-1	-1	-1	-1	-1	-1	-1	-1	-1
806	84	1	61	73	626	-1	-1	-1	-1	-1	-1	-1	-1	-1	-1	-1	-1	-1	-1	-1	-1	-1
807	107	1	62	74	627	-1	-1	-1	-1	-1	-1	-1	-1	-1	-1	-1	-1	-1	-1	-1	-1	-1
808	107	1	86	627	-1	-1	-1	-1	-1	-1	-1	-1	-1	-1	-1	-1	-1	-1	-1	-1	-1	-1
809	107	1	19	62	627	-1	-1	-1	-1	-1	-1	-1	-1	-1	-1	-1	-1	-1	-1	-1	-1	-1
810	107	1	19	62	627	-1	-1	-1	-1	-1	-1	-1	-1	-1	-1	-1	-1	-1	-1	-1	-1	-1
811	107	1	19	62	627	-1	-1	-1	-1	-1	-1	-1	-1	-1	-1	-1	-1	-1	-1	-1	-1	-1
812	107	1	19	62	627	-1	-1	-1	-1	-1	-1	-1	-1	-1	-1	-1	-1	-1	-1	-1	-1	-1
813	134	1	19	62	627	-1	-1	-1	-1	-1	-1	-1	-1	-1	-1	-1	-1	-1	-1	-1	-1	-1
814	134	1	86	627	-1	-1	-1	-1	-1	-1	-1	-1	-1	-1	-1	-1	-1	-1	-1	-1	-1	-1
815	134	1	86	627	-1	-1	-1	-1	-1	-1	-1	-1	-1	-1	-1	-1	-1	-1	-1	-1	-1	-1
816	134	1	62	74	627	-1	-1	-1	-1	-1	-1	-1	-1	-1	-1	-1	-1	-1	-1	-1	-1	-1
817	134	1	62	74	627	-1	-1	-1	-1	-1	-1	-1	-1	-1	-1	-1	-1	-1	-1	-1	-1	-1
818	134	1	62	74	627	-1	-1	-1	-1	-1	-1	-1	-1	-1	-1	-1	-1	-1	-1	-1	-1	-1
819	166	1	63	628	-1	-1	-1	-1	-1	-1	-1	-1	-1	-1	-1	-1	-1	-1	-1	-1	-1	-1
820	166	1	628	-1	-1	-1	-1	-1	-1	-1	-1	-1	-1	-1	-1	-1	-1	-1	-1	-1	-1	-1
821	166	1	63	75	628	-1	-1	-1	-1	-1	-1	-1	-1	-1	-1	-1	-1	-1	-1	-1	-1	-1
822	166	1	20	63	628	-1	-1	-1	-1	-1	-1	-1	-1	-1	-1	-1	-1	-1	-1	-1	-1	-1
823	166	1	63	75	628	-1	-1	-1	-1	-1	-1	-1	-1	-1	-1	-1	-1	-1	-1	-1	-1	-1
824	166	1	63	75	628	-1	-1	-1	-1	-1	-1	-1	-1	-1	-1	-1	-1	-1	-1	-1	-1	-1
825	166	1	628	-1	-1	-1	-1	-1	-1	-1	-1	-1	-1	-1	-1	-1	-1	-1	-1	-1	-1	-1
826	204	1	628	-1	-1	-1	-1	-1	-1	-1	-1	-1	-1	-1	-1	-1	-1	-1	-1	-1	-1	-1
827	204	1	63	75	628	-1	-1	-1	-1	-1	-1	-1	-1	-1	-1	-1	-1	-1	-1	-1	-1	-1
828	204	1	63	75	628	-1	-1	-1	-1	-1	-1	-1	-1	-1	-1	-1	-1	-1	-1	-1	-1	-1
829	204	1	63	75	628	-1	-1	-1	-1	-1	-1	-1	-1	-1	-1	-1	-1	-1	-1	-1	-1	-1
830	247	1	88	629	-1	-1	-1	-1	-1	-1	-1	-1	-1	-1	-1	-1	-1	-1	-1	-1	-1	-1
831	204	1	628	-1	-1	-1	-1	-1	-1	-1	-1	-1	-1	-1	-1	-1	-1	-1	-1	-1	-1	-1
832	204	1	75	628	-1	-1	-1	-1	-1	-1	-1	-1	-1	-1	-1	-1	-1	-1	-1	-1	-1	-1
833	247	1	76	88	629	-1	-1	-1	-1	-1	-1	-1	-1	-1	-1	-1	-1	-1	-1	-1	-1	-1
834	247	1	76	88	629	-1	-1	-1	-1	-1	-1	-1	-1	-1	-1	-1	-1	-1	-1	-1	-1	-1
835	247	1	88	629	-1	-1	-1	-1	-1	-1	-1	-1	-1	-1	-1	-1	-1	-1	-1	-1	-1	-1
836	247	1	64	76	629	-1	-1	-1	-1	-1	-1	-1	-1	-1	-1	-1	-1	-1	-1	-1	-1	-1
837	247	1	64	76	629	-1	-1	-1	-1	-1	-1	-1	-1	-1	-1	-1	-1	-1	-1	-1	-1	-1
838	297	1	64	76	629	-1	-1	-1	-1	-1	-1	-1	-1	-1	-1	-1	-1	-1	-1	-1	-1	-1
839	297	1	64	76	629	-1	-1	-1	-1	-1	-1	-1	-1	-1	-1	-1	-1	-1	-1	-1	-1	-1
840	297	1	88	629	-1	-1	-1	-1	-1	-1	-1	-1	-1	-1	-1	-1	-1	-1	-1	-1	-1	-1
841	297	1	21	88	629	-1	-1	-1	-1	-1	-1	-1	-1	-1	-1	-1	-1	-1	-1	-1	-1	-1
842	297	1	21	88	629	-1	-1	-1	-1	-1	-1	-1	-1	-1	-1	-1	-1	-1	-1	-1	-1	-1
843	297	1	21	88	629	-1	-1	-1	-1	-1	-1	-1	-1	-1	-1	-1	-1	-1	-1	-1	-1	-1
844	354	1	22	89	629	-1	-1	-1	-1	-1	-1	-1	-1	-1	-1	-1	-1	-1	-1	-1	-1	-1
845	354	1	89	629	-1	-1	-1	-1	-1	-1	-1	-1	-1	-1	-1	-1	-1	-1	-1	-1	-1	-1
846	354	1	65	89	629	-1	-1	-1	-1	-1	-1	-1	-1	-1	-1	-1	-1	-1	-1	-1	-1	-1
847	354	1	89	629	-1	-1	-1	-1	-1	-1	-1	-1	-1	-1	-1	-1	-1	-1	-1	-1	-1	-1
848	354	1	65	89	629	-1	-1	-1	-1	-1	-1	-1	-1	-1	-1	-1	-1	-1	-1	-1	-1	-1
849	354	1	65	89	629	-1	-1	-1	-1	-1	-1	-1	-1	-1	-1	-1	-1	-1	-1	-1	-1	-1
850	26	1	622	670	-1	-1	-1	-1	-1	-1	-1	-1	-1	-1	-1	-1	-1	-1	-1	-1	-1	-1
851	32	1	623	671	-1	-1	-1	-1	-1	-1	-1	-1	-1	-1	-1	-1	-1	-1	-1	-1	-1	-1
852	52	1	60	72	625	672	-1	-1	-1	-1	-1	-1	-1	-1	-1	-1	-1	-1	-1	-1	-1	-1
853	41	1	59	71	624	673	-1	-1	-1	-1	-1	-1	-1	-1	-1	-1	-1	-1	-1	-1	-1	-1
854	22	1	621	1311	1312	-1	-1	-1	-1	-1	-1	-1	-1	-1	-1	-1	-1	-1	-1	-1	-1	-1
855	22	1	621	1311	1312	-1	-1	-1	-1	-1	-1	-1	-1	-1	-1	-1	-1	-1	-1	-1	-1	-1
856	22	1	622	1311	1312	-1	-1	-1	-1	-1	-1	-1	-1	-1	-1	-1	-1	-1	-1	-1	-1	-1
857	22	1	622	1311	1312	-1	-1	-1	-1	-1	-1	-1	-1	-1	-1	-1	-1	-1	-1	-1	-1	-1
858	22	1	622	1311	1312	1313	-1	-1	-1	-1	-1	-1	-1	-1	-1	-1	-1	-1	-1	-1	-1	-1
859	22	1	622	1311	1312	1313	-1	-1	-1	-1	-1	-1	-1	-1	-1	-1	-1	-1	-1	-1	-1	-1
860	26	1	622	1311	1312	1313	-1	-1	-1	-1	-1	-1	-1	-1	-1	-1	-1	-1	-1	-1	-1	-1
861	26	1	622	1311	1312	1313	-1	-1	-1	-1	-1	-1	-1	-1	-1	-1	-1	-1	-1	-1	-1	-1
862	26	1	622	1311	1312	1313	-1	-1	-1	-1	-1	-1	-1	-1	-1	-1	-1	-1	-1	-1	-1	-1
863	26	1	623	1311	1312	1313	-1	-1	-1	-1	-1	-1	-1	-1	-1	-1	-1	-1	-1	-1	-1	-1
864	22	1	621	16972	16973	16974	-1	-1	-1	-1	-1	-1	-1	-1	-1	-1	-1	-1	-1	-1	-1	-1
865	22	1	622	16975	16976	16977	-1	-1	-1	-1	-1	-1	-1	-1	-1	-1	-1	-1	-1	-1	-1	-1
866	26	1	622	1317	1318	1319	16978	16979	16980	-1	-1	-1	-1	-1	-1	-1	-1	-1	-1	-1	-1	-1
867	26	1	622	1317	1318	1319	16981	16982	16983	-1	-1	-1	-1	-1	-1	-1	-1	-1	-1	-1	-1	-1
868	26	1	82	623	1317	1318	1319	16984	16985	16986	16987	-1	-1	-1	-1	-1	-1	-1	-1	-1	-1	-1
869	6	1	778	790	791	622	16988	16989	16990	16991	-1	-1	-1	-1	-1	-1	-1	-1	-1	-1	-1	-1
870	6	1	778	790	791	82	623	16988	16989	16991	16995	-1	-1	-1	-1	-1	-1	-1	-1	-1	-1	-1
871	6	1	778	59	71	624	790	791	16988	16989	16996	16997	-1	-1	-1	-1	-1	-1	-1	-1	-1	-1
872	6	1	778	17	60	625	16988	790	791	16989	16999	16997	-1	-1	-1	-1	-1	-1	-1	-1	-1	-1
873	6	1	778	790	791	85	626	16988	16989	17000	16997	-1	-1	-1	-1	-1	-1	-1	-1	-1	-1	-1
874	6	1	778	790	791	74	86	627	16988	16989	17000	16997	-1	-1	-1	-1	-1	-1	-1	-1	-1	-1
875	6	1	778	790	791	75	628	16988	16989	17001	16997	-1	-1	-1	-1	-1	-1	-1	-1	-1	-1	-1
876	6	1	778	790	791	21	64	629	16988	16989	17002	16997	-1	-1	-1	-1	-1	-1	-1	-1	-1	-1
877	6	1	778	789	790	791	22	65	629	16988	16989	17003	16997	-1	-1	-1	-1	-1	-1	-1	-1	-1
878	27	1	17006	17007	17008	17009	17010	17011	17012	17013	17014	17015	17016	17017	18659	-1	-1	-1	-1	-1	-1	-1
879	27	1	17005	17006	17007	17008	17010	17011	17012	17013	17016	17022	17023	18660	-1	-1	-1	-1	-1	-1	-1	-1
880	27	1	17005	17016	-1	-1	-1	-1	-1	-1	-1	-1	-1	-1	-1	-1	-1	-1	-1	-1	-1	-1
882	27	1	17024	17010	17011	17012	17013	17007	17016	17017	18663	-1	-1	-1	-1	-1	-1	-1	-1	-1	-1	-1
883	27	1	17028	17013	17012	17011	17010	17016	17029	17007	18660	-1	-1	-1	-1	-1	-1	-1	-1	-1	-1	-1
884	15	1	17039	17040	17041	17042	17043	17044	17045	17046	17047	17048	17049	17050	17051	17052	17053	18514	18662	18685	-1	-1
885	8	1	17054	17055	17056	17057	17058	17059	17060	17061	17062	17063	17064	17065	17066	18515	18661	18686	-1	-1	-1	-1
886	13	0	625	60	72	851	17068	17069	17070	17071	17072	-1	-1	-1	-1	-1	-1	-1	-1	-1	-1	-1
887	13	0	625	60	72	851	17068	17069	17070	17071	-1	-1	-1	-1	-1	-1	-1	-1	-1	-1	-1	-1
888	13	0	625	60	72	851	17068	17069	17070	17071	17072	-1	-1	-1	-1	-1	-1	-1	-1	-1	-1	-1
889	13	0	625	60	72	851	17068	17069	17070	17071	17072	-1	-1	-1	-1	-1	-1	-1	-1	-1	-1	-1
890	26	1	1280	-1	-1	-1	-1	-1	-1	-1	-1	-1	-1	-1	-1	-1	-1	-1	-1	-1	-1	-1
900	4	0	620	-1	-1	-1	-1	-1	-1	-1	-1	-1	-1	-1	-1	-1	-1	-1	-1	-1	-1	-1
901	4	0	620	-1	-1	-1	-1	-1	-1	-1	-1	-1	-1	-1	-1	-1	-1	-1	-1	-1	-1	-1
902	4	0	620	-1	-1	-1	-1	-1	-1	-1	-1	-1	-1	-1	-1	-1	-1	-1	-1	-1	-1	-1
903	4	0	620	-1	-1	-1	-1	-1	-1	-1	-1	-1	-1	-1	-1	-1	-1	-1	-1	-1	-1	-1
904	4	0	620	-1	-1	-1	-1	-1	-1	-1	-1	-1	-1	-1	-1	-1	-1	-1	-1	-1	-1	-1
905	4	0	620	-1	-1	-1	-1	-1	-1	-1	-1	-1	-1	-1	-1	-1	-1	-1	-1	-1	-1	-1
906	4	0	620	-1	-1	-1	-1	-1	-1	-1	-1	-1	-1	-1	-1	-1	-1	-1	-1	-1	-1	-1
907	4	0	620	-1	-1	-1	-1	-1	-1	-1	-1	-1	-1	-1	-1	-1	-1	-1	-1	-1	-1	-1
908	4	0	620	-1	-1	-1	-1	-1	-1	-1	-1	-1	-1	-1	-1	-1	-1	-1	-1	-1	-1	-1
909	5	0	621	-1	-1	-1	-1	-1	-1	-1	-1	-1	-1	-1	-1	-1	-1	-1	-1	-1	-1	-1
910	4	0	620	-1	-1	-1	-1	-1	-1	-1	-1	-1	-1	-1	-1	-1	-1	-1	-1	-1	-1	-1
911	4	0	620	-1	-1	-1	-1	-1	-1	-1	-1	-1	-1	-1	-1	-1	-1	-1	-1	-1	-1	-1
912	4	0	620	-1	-1	-1	-1	-1	-1	-1	-1	-1	-1	-1	-1	-1	-1	-1	-1	-1	-1	-1
913	4	0	620	-1	-1	-1	-1	-1	-1	-1	-1	-1	-1	-1	-1	-1	-1	-1	-1	-1	-1	-1
914	4	0	620	-1	-1	-1	-1	-1	-1	-1	-1	-1	-1	-1	-1	-1	-1	-1	-1	-1	-1	-1
915	4	0	620	-1	-1	-1	-1	-1	-1	-1	-1	-1	-1	-1	-1	-1	-1	-1	-1	-1	-1	-1
916	4	0	620	-1	-1	-1	-1	-1	-1	-1	-1	-1	-1	-1	-1	-1	-1	-1	-1	-1	-1	-1
917	4	0	620	-1	-1	-1	-1	-1	-1	-1	-1	-1	-1	-1	-1	-1	-1	-1	-1	-1	-1	-1
918	4	0	620	-1	-1	-1	-1	-1	-1	-1	-1	-1	-1	-1	-1	-1	-1	-1	-1	-1	-1	-1
919	5	0	621	-1	-1	-1	-1	-1	-1	-1	-1	-1	-1	-1	-1	-1	-1	-1	-1	-1	-1	-1
920	5	0	621	-1	-1	-1	-1	-1	-1	-1	-1	-1	-1	-1	-1	-1	-1	-1	-1	-1	-1	-1
921	5	0	621	-1	-1	-1	-1	-1	-1	-1	-1	-1	-1	-1	-1	-1	-1	-1	-1	-1	-1	-1
922	5	0	621	-1	-1	-1	-1	-1	-1	-1	-1	-1	-1	-1	-1	-1	-1	-1	-1	-1	-1	-1
923	5	0	621	-1	-1	-1	-1	-1	-1	-1	-1	-1	-1	-1	-1	-1	-1	-1	-1	-1	-1	-1
924	5	0	621	-1	-1	-1	-1	-1	-1	-1	-1	-1	-1	-1	-1	-1	-1	-1	-1	-1	-1	-1
925	5	0	621	-1	-1	-1	-1	-1	-1	-1	-1	-1	-1	-1	-1	-1	-1	-1	-1	-1	-1	-1
926	5	0	621	-1	-1	-1	-1	-1	-1	-1	-1	-1	-1	-1	-1	-1	-1	-1	-1	-1	-1	-1
927	5	0	621	-1	-1	-1	-1	-1	-1	-1	-1	-1	-1	-1	-1	-1	-1	-1	-1	-1	-1	-1
928	5	0	621	-1	-1	-1	-1	-1	-1	-1	-1	-1	-1	-1	-1	-1	-1	-1	-1	-1	-1	-1
929	5	0	621	-1	-1	-1	-1	-1	-1	-1	-1	-1	-1	-1	-1	-1	-1	-1	-1	-1	-1	-1
930	5	0	621	-1	-1	-1	-1	-1	-1	-1	-1	-1	-1	-1	-1	-1	-1	-1	-1	-1	-1	-1
931	5	0	621	-1	-1	-1	-1	-1	-1	-1	-1	-1	-1	-1	-1	-1	-1	-1	-1	-1	-1	-1
932	5	0	621	-1	-1	-1	-1	-1	-1	-1	-1	-1	-1	-1	-1	-1	-1	-1	-1	-1	-1	-1
933	5	0	621	-1	-1	-1	-1	-1	-1	-1	-1	-1	-1	-1	-1	-1	-1	-1	-1	-1	-1	-1
934	5	0	621	-1	-1	-1	-1	-1	-1	-1	-1	-1	-1	-1	-1	-1	-1	-1	-1	-1	-1	-1
935	5	0	621	-1	-1	-1	-1	-1	-1	-1	-1	-1	-1	-1	-1	-1	-1	-1	-1	-1	-1	-1
936	5	0	621	-1	-1	-1	-1	-1	-1	-1	-1	-1	-1	-1	-1	-1	-1	-1	-1	-1	-1	-1
937	5	0	621	-1	-1	-1	-1	-1	-1	-1	-1	-1	-1	-1	-1	-1	-1	-1	-1	-1	-1	-1
938	5	0	621	-1	-1	-1	-1	-1	-1	-1	-1	-1	-1	-1	-1	-1	-1	-1	-1	-1	-1	-1
939	5	0	621	-1	-1	-1	-1	-1	-1	-1	-1	-1	-1	-1	-1	-1	-1	-1	-1	-1	-1	-1
940	5	0	621	-1	-1	-1	-1	-1	-1	-1	-1	-1	-1	-1	-1	-1	-1	-1	-1	-1	-1	-1
941	5	0	621	-1	-1	-1	-1	-1	-1	-1	-1	-1	-1	-1	-1	-1	-1	-1	-1	-1	-1	-1
942	5	0	621	-1	-1	-1	-1	-1	-1	-1	-1	-1	-1	-1	-1	-1	-1	-1	-1	-1	-1	-1
943	5	0	621	-1	-1	-1	-1	-1	-1	-1	-1	-1	-1	-1	-1	-1	-1	-1	-1	-1	-1	-1
944	5	0	621	-1	-1	-1	-1	-1	-1	-1	-1	-1	-1	-1	-1	-1	-1	-1	-1	-1	-1	-1
945	5	0	621	-1	-1	-1	-1	-1	-1	-1	-1	-1	-1	-1	-1	-1	-1	-1	-1	-1	-1	-1
946	5	0	621	-1	-1	-1	-1	-1	-1	-1	-1	-1	-1	-1	-1	-1	-1	-1	-1	-1	-1	-1
947	6	0	622	1485	-1	-1	-1	-1	-1	-1	-1	-1	-1	-1	-1	-1	-1	-1	-1	-1	-1	-1
948	6	0	1485	622	-1	-1	-1	-1	-1	-1	-1	-1	-1	-1	-1	-1	-1	-1	-1	-1	-1	-1
949	6	0	622	1485	-1	-1	-1	-1	-1	-1	-1	-1	-1	-1	-1	-1	-1	-1	-1	-1	-1	-1
950	5	0	621	-1	-1	-1	-1	-1	-1	-1	-1	-1	-1	-1	-1	-1	-1	-1	-1	-1	-1	-1
951	5	0	621	-1	-1	-1	-1	-1	-1	-1	-1	-1	-1	-1	-1	-1	-1	-1	-1	-1	-1	-1
952	5	0	621	-1	-1	-1	-1	-1	-1	-1	-1	-1	-1	-1	-1	-1	-1	-1	-1	-1	-1	-1
953	5	0	621	-1	-1	-1	-1	-1	-1	-1	-1	-1	-1	-1	-1	-1	-1	-1	-1	-1	-1	-1
954	5	0	621	-1	-1	-1	-1	-1	-1	-1	-1	-1	-1	-1	-1	-1	-1	-1	-1	-1	-1	-1
955	5	0	621	-1	-1	-1	-1	-1	-1	-1	-1	-1	-1	-1	-1	-1	-1	-1	-1	-1	-1	-1
956	5	0	621	-1	-1	-1	-1	-1	-1	-1	-1	-1	-1	-1	-1	-1	-1	-1	-1	-1	-1	-1
957	6	0	622	1485	-1	-1	-1	-1	-1	-1	-1	-1	-1	-1	-1	-1	-1	-1	-1	-1	-1	-1
958	6	0	1485	622	-1	-1	-1	-1	-1	-1	-1	-1	-1	-1	-1	-1	-1	-1	-1	-1	-1	-1
959	6	0	622	1485	-1	-1	-1	-1	-1	-1	-1	-1	-1	-1	-1	-1	-1	-1	-1	-1	-1	-1
960	6	0	622	1485	-1	-1	-1	-1	-1	-1	-1	-1	-1	-1	-1	-1	-1	-1	-1	-1	-1	-1
961	6	0	622	1485	-1	-1	-1	-1	-1	-1	-1	-1	-1	-1	-1	-1	-1	-1	-1	-1	-1	-1
962	6	0	622	1485	-1	-1	-1	-1	-1	-1	-1	-1	-1	-1	-1	-1	-1	-1	-1	-1	-1	-1
963	6	0	622	1485	-1	-1	-1	-1	-1	-1	-1	-1	-1	-1	-1	-1	-1	-1	-1	-1	-1	-1
964	6	0	622	1485	-1	-1	-1	-1	-1	-1	-1	-1	-1	-1	-1	-1	-1	-1	-1	-1	-1	-1
965	6	0	622	1485	-1	-1	-1	-1	-1	-1	-1	-1	-1	-1	-1	-1	-1	-1	-1	-1	-1	-1
966	6	0	622	1485	-1	-1	-1	-1	-1	-1	-1	-1	-1	-1	-1	-1	-1	-1	-1	-1	-1	-1
967	6	0	622	1485	-1	-1	-1	-1	-1	-1	-1	-1	-1	-1	-1	-1	-1	-1	-1	-1	-1	-1
968	6	0	622	1485	-1	-1	-1	-1	-1	-1	-1	-1	-1	-1	-1	-1	-1	-1	-1	-1	-1	-1
969	6	0	622	1485	-1	-1	-1	-1	-1	-1	-1	-1	-1	-1	-1	-1	-1	-1	-1	-1	-1	-1
970	6	0	622	1485	-1	-1	-1	-1	-1	-1	-1	-1	-1	-1	-1	-1	-1	-1	-1	-1	-1	-1
971	6	0	622	1485	-1	-1	-1	-1	-1	-1	-1	-1	-1	-1	-1	-1	-1	-1	-1	-1	-1	-1
972	6	0	622	1485	-1	-1	-1	-1	-1	-1	-1	-1	-1	-1	-1	-1	-1	-1	-1	-1	-1	-1
973	6	0	622	1485	-1	-1	-1	-1	-1	-1	-1	-1	-1	-1	-1	-1	-1	-1	-1	-1	-1	-1
974	6	0	622	1485	-1	-1	-1	-1	-1	-1	-1	-1	-1	-1	-1	-1	-1	-1	-1	-1	-1	-1
975	6	0	622	1485	-1	-1	-1	-1	-1	-1	-1	-1	-1	-1	-1	-1	-1	-1	-1	-1	-1	-1
976	6	0	622	1485	-1	-1	-1	-1	-1	-1	-1	-1	-1	-1	-1	-1	-1	-1	-1	-1	-1	-1
977	6	0	622	1485	-1	-1	-1	-1	-1	-1	-1	-1	-1	-1	-1	-1	-1	-1	-1	-1	-1	-1
978	6	0	622	1485	-1	-1	-1	-1	-1	-1	-1	-1	-1	-1	-1	-1	-1	-1	-1	-1	-1	-1
979	6	0	622	1485	-1	-1	-1	-1	-1	-1	-1	-1	-1	-1	-1	-1	-1	-1	-1	-1	-1	-1
980	6	0	622	1485	-1	-1	-1	-1	-1	-1	-1	-1	-1	-1	-1	-1	-1	-1	-1	-1	-1	-1
981	8	0	623	1486	-1	-1	-1	-1	-1	-1	-1	-1	-1	-1	-1	-1	-1	-1	-1	-1	-1	-1
982	8	0	623	1486	-1	-1	-1	-1	-1	-1	-1	-1	-1	-1	-1	-1	-1	-1	-1	-1	-1	-1
983	8	0	623	1486	-1	-1	-1	-1	-1	-1	-1	-1	-1	-1	-1	-1	-1	-1	-1	-1	-1	-1
984	8	0	623	82	1486	-1	-1	-1	-1	-1	-1	-1	-1	-1	-1	-1	-1	-1	-1	-1	-1	-1
985	8	0	623	82	1486	-1	-1	-1	-1	-1	-1	-1	-1	-1	-1	-1	-1	-1	-1	-1	-1	-1
986	8	0	623	82	1486	-1	-1	-1	-1	-1	-1	-1	-1	-1	-1	-1	-1	-1	-1	-1	-1	-1
987	8	0	623	82	1486	-1	-1	-1	-1	-1	-1	-1	-1	-1	-1	-1	-1	-1	-1	-1	-1	-1
988	8	0	623	82	1486	-1	-1	-1	-1	-1	-1	-1	-1	-1	-1	-1	-1	-1	-1	-1	-1	-1
989	8	0	623	82	1486	-1	-1	-1	-1	-1	-1	-1	-1	-1	-1	-1	-1	-1	-1	-1	-1	-1
990	8	0	623	1486	-1	-1	-1	-1	-1	-1	-1	-1	-1	-1	-1	-1	-1	-1	-1	-1	-1	-1
991	8	0	623	1486	-1	-1	-1	-1	-1	-1	-1	-1	-1	-1	-1	-1	-1	-1	-1	-1	-1	-1
992	8	0	623	1486	-1	-1	-1	-1	-1	-1	-1	-1	-1	-1	-1	-1	-1	-1	-1	-1	-1	-1
993	8	0	623	1486	-1	-1	-1	-1	-1	-1	-1	-1	-1	-1	-1	-1	-1	-1	-1	-1	-1	-1
994	8	0	623	1486	-1	-1	-1	-1	-1	-1	-1	-1	-1	-1	-1	-1	-1	-1	-1	-1	-1	-1
995	8	0	623	1486	-1	-1	-1	-1	-1	-1	-1	-1	-1	-1	-1	-1	-1	-1	-1	-1	-1	-1
996	8	0	623	82	1486	-1	-1	-1	-1	-1	-1	-1	-1	-1	-1	-1	-1	-1	-1	-1	-1	-1
997	8	0	623	82	1486	-1	-1	-1	-1	-1	-1	-1	-1	-1	-1	-1	-1	-1	-1	-1	-1	-1
998	8	0	623	1486	-1	-1	-1	-1	-1	-1	-1	-1	-1	-1	-1	-1	-1	-1	-1	-1	-1	-1
999	8	0	623	1486	-1	-1	-1	-1	-1	-1	-1	-1	-1	-1	-1	-1	-1	-1	-1	-1	-1	-1
1000	8	0	623	1486	-1	-1	-1	-1	-1	-1	-1	-1	-1	-1	-1	-1	-1	-1	-1	-1	-1	-1
1001	8	0	623	1486	-1	-1	-1	-1	-1	-1	-1	-1	-1	-1	-1	-1	-1	-1	-1	-1	-1	-1
1002	8	0	623	1486	-1	-1	-1	-1	-1	-1	-1	-1	-1	-1	-1	-1	-1	-1	-1	-1	-1	-1
1003	8	0	623	1486	-1	-1	-1	-1	-1	-1	-1	-1	-1	-1	-1	-1	-1	-1	-1	-1	-1	-1
1004	8	0	623	1486	-1	-1	-1	-1	-1	-1	-1	-1	-1	-1	-1	-1	-1	-1	-1	-1	-1	-1
1005	10	0	624	59	71	1487	-1	-1	-1	-1	-1	-1	-1	-1	-1	-1	-1	-1	-1	-1	-1	-1
1006	10	0	624	59	71	1487	-1	-1	-1	-1	-1	-1	-1	-1	-1	-1	-1	-1	-1	-1	-1	-1
1007	10	0	624	59	71	1487	-1	-1	-1	-1	-1	-1	-1	-1	-1	-1	-1	-1	-1	-1	-1	-1
1008	10	0	624	59	71	1487	-1	-1	-1	-1	-1	-1	-1	-1	-1	-1	-1	-1	-1	-1	-1	-1
1009	10	0	624	59	71	1487	-1	-1	-1	-1	-1	-1	-1	-1	-1	-1	-1	-1	-1	-1	-1	-1
1010	10	0	624	83	1487	-1	-1	-1	-1	-1	-1	-1	-1	-1	-1	-1	-1	-1	-1	-1	-1	-1
1011	10	0	624	83	1487	-1	-1	-1	-1	-1	-1	-1	-1	-1	-1	-1	-1	-1	-1	-1	-1	-1
1012	10	0	624	59	71	1487	-1	-1	-1	-1	-1	-1	-1	-1	-1	-1	-1	-1	-1	-1	-1	-1
1013	10	0	624	59	71	1487	-1	-1	-1	-1	-1	-1	-1	-1	-1	-1	-1	-1	-1	-1	-1	-1
1014	10	0	624	59	71	1487	-1	-1	-1	-1	-1	-1	-1	-1	-1	-1	-1	-1	-1	-1	-1	-1
1015	10	0	624	59	71	1487	-1	-1	-1	-1	-1	-1	-1	-1	-1	-1	-1	-1	-1	-1	-1	-1
1016	10	0	624	59	71	1487	-1	-1	-1	-1	-1	-1	-1	-1	-1	-1	-1	-1	-1	-1	-1	-1
1017	10	0	624	59	71	1487	-1	-1	-1	-1	-1	-1	-1	-1	-1	-1	-1	-1	-1	-1	-1	-1
1018	10	0	624	59	71	1487	-1	-1	-1	-1	-1	-1	-1	-1	-1	-1	-1	-1	-1	-1	-1	-1
1019	10	0	624	59	71	1487	-1	-1	-1	-1	-1	-1	-1	-1	-1	-1	-1	-1	-1	-1	-1	-1
1020	10	0	624	83	1487	-1	-1	-1	-1	-1	-1	-1	-1	-1	-1	-1	-1	-1	-1	-1	-1	-1
1021	10	0	624	83	1487	-1	-1	-1	-1	-1	-1	-1	-1	-1	-1	-1	-1	-1	-1	-1	-1	-1
1022	10	0	624	83	1487	-1	-1	-1	-1	-1	-1	-1	-1	-1	-1	-1	-1	-1	-1	-1	-1	-1
1023	10	0	624	83	1487	-1	-1	-1	-1	-1	-1	-1	-1	-1	-1	-1	-1	-1	-1	-1	-1	-1
1024	10	0	624	59	71	1487	-1	-1	-1	-1	-1	-1	-1	-1	-1	-1	-1	-1	-1	-1	-1	-1
1025	10	0	624	59	71	1487	-1	-1	-1	-1	-1	-1	-1	-1	-1	-1	-1	-1	-1	-1	-1	-1
1026	10	0	624	59	71	1487	-1	-1	-1	-1	-1	-1	-1	-1	-1	-1	-1	-1	-1	-1	-1	-1
1027	10	0	624	59	71	1487	-1	-1	-1	-1	-1	-1	-1	-1	-1	-1	-1	-1	-1	-1	-1	-1
1028	10	0	624	59	71	1487	-1	-1	-1	-1	-1	-1	-1	-1	-1	-1	-1	-1	-1	-1	-1	-1
1029	13	0	625	60	72	1488	-1	-1	-1	-1	-1	-1	-1	-1	-1	-1	-1	-1	-1	-1	-1	-1
1030	13	0	625	60	72	1488	-1	-1	-1	-1	-1	-1	-1	-1	-1	-1	-1	-1	-1	-1	-1	-1
1031	13	0	625	60	72	1488	-1	-1	-1	-1	-1	-1	-1	-1	-1	-1	-1	-1	-1	-1	-1	-1
1032	13	0	625	84	1488	-1	-1	-1	-1	-1	-1	-1	-1	-1	-1	-1	-1	-1	-1	-1	-1	-1
1033	13	0	625	84	1488	-1	-1	-1	-1	-1	-1	-1	-1	-1	-1	-1	-1	-1	-1	-1	-1	-1
1034	13	0	625	84	1488	-1	-1	-1	-1	-1	-1	-1	-1	-1	-1	-1	-1	-1	-1	-1	-1	-1
1035	13	0	625	84	1488	-1	-1	-1	-1	-1	-1	-1	-1	-1	-1	-1	-1	-1	-1	-1	-1	-1
1036	13	0	625	60	72	1488	-1	-1	-1	-1	-1	-1	-1	-1	-1	-1	-1	-1	-1	-1	-1	-1
1037	13	0	625	60	72	1488	-1	-1	-1	-1	-1	-1	-1	-1	-1	-1	-1	-1	-1	-1	-1	-1
1038	13	0	625	60	72	1488	-1	-1	-1	-1	-1	-1	-1	-1	-1	-1	-1	-1	-1	-1	-1	-1
1039	13	0	625	60	72	1488	-1	-1	-1	-1	-1	-1	-1	-1	-1	-1	-1	-1	-1	-1	-1	-1
1040	13	0	625	60	72	1488	-1	-1	-1	-1	-1	-1	-1	-1	-1	-1	-1	-1	-1	-1	-1	-1
1041	13	0	625	60	72	1488	-1	-1	-1	-1	-1	-1	-1	-1	-1	-1	-1	-1	-1	-1	-1	-1
1042	13	0	625	60	72	1488	-1	-1	-1	-1	-1	-1	-1	-1	-1	-1	-1	-1	-1	-1	-1	-1
1043	13	0	625	60	72	1488	-1	-1	-1	-1	-1	-1	-1	-1	-1	-1	-1	-1	-1	-1	-1	-1
1044	13	0	625	84	1488	-1	-1	-1	-1	-1	-1	-1	-1	-1	-1	-1	-1	-1	-1	-1	-1	-1
1045	13	0	625	84	1488	-1	-1	-1	-1	-1	-1	-1	-1	-1	-1	-1	-1	-1	-1	-1	-1	-1
1046	13	0	625	84	1488	-1	-1	-1	-1	-1	-1	-1	-1	-1	-1	-1	-1	-1	-1	-1	-1	-1
1047	13	0	625	84	1488	-1	-1	-1	-1	-1	-1	-1	-1	-1	-1	-1	-1	-1	-1	-1	-1	-1
1048	13	0	625	17	60	1488	-1	-1	-1	-1	-1	-1	-1	-1	-1	-1	-1	-1	-1	-1	-1	-1
1049	13	0	625	17	60	1488	-1	-1	-1	-1	-1	-1	-1	-1	-1	-1	-1	-1	-1	-1	-1	-1
1050	13	0	625	17	60	1488	-1	-1	-1	-1	-1	-1	-1	-1	-1	-1	-1	-1	-1	-1	-1	-1
1051	13	0	625	17	60	1488	-1	-1	-1	-1	-1	-1	-1	-1	-1	-1	-1	-1	-1	-1	-1	-1
1052	13	0	625	17	60	1488	-1	-1	-1	-1	-1	-1	-1	-1	-1	-1	-1	-1	-1	-1	-1	-1
1053	21	0	626	18	61	1489	-1	-1	-1	-1	-1	-1	-1	-1	-1	-1	-1	-1	-1	-1	-1	-1
1054	21	0	626	18	61	1489	-1	-1	-1	-1	-1	-1	-1	-1	-1	-1	-1	-1	-1	-1	-1	-1
1055	21	0	626	18	61	1489	-1	-1	-1	-1	-1	-1	-1	-1	-1	-1	-1	-1	-1	-1	-1	-1
1056	21	0	626	85	1489	-1	-1	-1	-1	-1	-1	-1	-1	-1	-1	-1	-1	-1	-1	-1	-1	-1
1057	21	0	626	85	1489	-1	-1	-1	-1	-1	-1	-1	-1	-1	-1	-1	-1	-1	-1	-1	-1	-1
1058	21	0	626	85	1489	-1	-1	-1	-1	-1	-1	-1	-1	-1	-1	-1	-1	-1	-1	-1	-1	-1
1059	21	0	626	85	1489	-1	-1	-1	-1	-1	-1	-1	-1	-1	-1	-1	-1	-1	-1	-1	-1	-1
1060	21	0	626	61	73	1489	-1	-1	-1	-1	-1	-1	-1	-1	-1	-1	-1	-1	-1	-1	-1	-1
1061	21	0	626	61	73	1489	-1	-1	-1	-1	-1	-1	-1	-1	-1	-1	-1	-1	-1	-1	-1	-1
1062	21	0	626	61	73	1489	-1	-1	-1	-1	-1	-1	-1	-1	-1	-1	-1	-1	-1	-1	-1	-1
1063	21	0	626	61	73	1489	-1	-1	-1	-1	-1	-1	-1	-1	-1	-1	-1	-1	-1	-1	-1	-1
1064	21	0	626	61	73	1489	-1	-1	-1	-1	-1	-1	-1	-1	-1	-1	-1	-1	-1	-1	-1	-1
1065	21	0	626	61	73	1489	-1	-1	-1	-1	-1	-1	-1	-1	-1	-1	-1	-1	-1	-1	-1	-1
1066	21	0	626	61	73	1489	-1	-1	-1	-1	-1	-1	-1	-1	-1	-1	-1	-1	-1	-1	-1	-1
1067	21	0	626	61	73	1489	-1	-1	-1	-1	-1	-1	-1	-1	-1	-1	-1	-1	-1	-1	-1	-1
1068	21	0	626	85	1489	-1	-1	-1	-1	-1	-1	-1	-1	-1	-1	-1	-1	-1	-1	-1	-1	-1
1069	21	0	626	85	1489	-1	-1	-1	-1	-1	-1	-1	-1	-1	-1	-1	-1	-1	-1	-1	-1	-1
1070	21	0	626	61	73	1489	-1	-1	-1	-1	-1	-1	-1	-1	-1	-1	-1	-1	-1	-1	-1	-1
1071	21	0	626	61	73	1489	-1	-1	-1	-1	-1	-1	-1	-1	-1	-1	-1	-1	-1	-1	-1	-1
1072	21	0	626	61	73	1489	-1	-1	-1	-1	-1	-1	-1	-1	-1	-1	-1	-1	-1	-1	-1	-1
1073	21	0	626	61	73	1489	-1	-1	-1	-1	-1	-1	-1	-1	-1	-1	-1	-1	-1	-1	-1	-1
1074	21	0	626	61	73	1489	-1	-1	-1	-1	-1	-1	-1	-1	-1	-1	-1	-1	-1	-1	-1	-1
1075	21	0	626	61	73	1489	-1	-1	-1	-1	-1	-1	-1	-1	-1	-1	-1	-1	-1	-1	-1	-1
1076	21	0	626	61	73	1489	-1	-1	-1	-1	-1	-1	-1	-1	-1	-1	-1	-1	-1	-1	-1	-1
1077	33	0	627	62	74	1490	-1	-1	-1	-1	-1	-1	-1	-1	-1	-1	-1	-1	-1	-1	-1	-1
1078	33	0	627	62	74	1490	-1	-1	-1	-1	-1	-1	-1	-1	-1	-1	-1	-1	-1	-1	-1	-1
1079	33	0	627	62	74	1490	-1	-1	-1	-1	-1	-1	-1	-1	-1	-1	-1	-1	-1	-1	-1	-1
1080	33	0	627	86	1490	-1	-1	-1	-1	-1	-1	-1	-1	-1	-1	-1	-1	-1	-1	-1	-1	-1
1081	33	0	627	86	1490	-1	-1	-1	-1	-1	-1	-1	-1	-1	-1	-1	-1	-1	-1	-1	-1	-1
1082	33	0	627	19	62	1490	-1	-1	-1	-1	-1	-1	-1	-1	-1	-1	-1	-1	-1	-1	-1	-1
1083	33	0	627	19	62	1490	-1	-1	-1	-1	-1	-1	-1	-1	-1	-1	-1	-1	-1	-1	-1	-1
1084	33	0	627	19	62	1490	-1	-1	-1	-1	-1	-1	-1	-1	-1	-1	-1	-1	-1	-1	-1	-1
1085	33	0	627	19	62	1490	-1	-1	-1	-1	-1	-1	-1	-1	-1	-1	-1	-1	-1	-1	-1	-1
1086	33	0	627	19	62	1490	-1	-1	-1	-1	-1	-1	-1	-1	-1	-1	-1	-1	-1	-1	-1	-1
1087	33	0	627	19	62	1490	-1	-1	-1	-1	-1	-1	-1	-1	-1	-1	-1	-1	-1	-1	-1	-1
1088	33	0	627	19	62	1490	-1	-1	-1	-1	-1	-1	-1	-1	-1	-1	-1	-1	-1	-1	-1	-1
1089	33	0	627	19	62	1490	-1	-1	-1	-1	-1	-1	-1	-1	-1	-1	-1	-1	-1	-1	-1	-1
1090	33	0	627	19	62	1490	-1	-1	-1	-1	-1	-1	-1	-1	-1	-1	-1	-1	-1	-1	-1	-1
1091	33	0	627	19	62	1490	-1	-1	-1	-1	-1	-1	-1	-1	-1	-1	-1	-1	-1	-1	-1	-1
1092	33	0	627	86	1490	-1	-1	-1	-1	-1	-1	-1	-1	-1	-1	-1	-1	-1	-1	-1	-1	-1
1093	33	0	627	86	1490	-1	-1	-1	-1	-1	-1	-1	-1	-1	-1	-1	-1	-1	-1	-1	-1	-1
1094	33	0	627	86	1490	-1	-1	-1	-1	-1	-1	-1	-1	-1	-1	-1	-1	-1	-1	-1	-1	-1
1095	33	0	627	86	1490	-1	-1	-1	-1	-1	-1	-1	-1	-1	-1	-1	-1	-1	-1	-1	-1	-1
1096	33	0	627	62	74	1490	-1	-1	-1	-1	-1	-1	-1	-1	-1	-1	-1	-1	-1	-1	-1	-1
1097	33	0	627	62	74	1490	-1	-1	-1	-1	-1	-1	-1	-1	-1	-1	-1	-1	-1	-1	-1	-1
1098	33	0	627	62	74	1490	-1	-1	-1	-1	-1	-1	-1	-1	-1	-1	-1	-1	-1	-1	-1	-1
1099	33	0	627	62	74	1490	-1	-1	-1	-1	-1	-1	-1	-1	-1	-1	-1	-1	-1	-1	-1	-1
1100	33	0	627	62	74	1490	-1	-1	-1	-1	-1	-1	-1	-1	-1	-1	-1	-1	-1	-1	-1	-1
1101	51	0	628	63	75	1491	-1	-1	-1	-1	-1	-1	-1	-1	-1	-1	-1	-1	-1	-1	-1	-1
1102	51	0	628	63	1491	-1	-1	-1	-1	-1	-1	-1	-1	-1	-1	-1	-1	-1	-1	-1	-1	-1
1103	51	0	628	63	1491	-1	-1	-1	-1	-1	-1	-1	-1	-1	-1	-1	-1	-1	-1	-1	-1	-1
1104	51	0	628	1491	-1	-1	-1	-1	-1	-1	-1	-1	-1	-1	-1	-1	-1	-1	-1	-1	-1	-1
1105	51	0	628	1491	-1	-1	-1	-1	-1	-1	-1	-1	-1	-1	-1	-1	-1	-1	-1	-1	-1	-1
1106	51	0	628	63	75	1491	-1	-1	-1	-1	-1	-1	-1	-1	-1	-1	-1	-1	-1	-1	-1	-1
1107	51	0	628	75	1491	63	-1	-1	-1	-1	-1	-1	-1	-1	-1	-1	-1	-1	-1	-1	-1	-1
1108	51	0	628	20	63	1491	-1	-1	-1	-1	-1	-1	-1	-1	-1	-1	-1	-1	-1	-1	-1	-1
1109	51	0	628	20	63	1491	-1	-1	-1	-1	-1	-1	-1	-1	-1	-1	-1	-1	-1	-1	-1	-1
1110	51	0	628	63	75	1491	-1	-1	-1	-1	-1	-1	-1	-1	-1	-1	-1	-1	-1	-1	-1	-1
1111	51	0	628	63	75	1491	-1	-1	-1	-1	-1	-1	-1	-1	-1	-1	-1	-1	-1	-1	-1	-1
1112	51	0	628	63	75	1491	-1	-1	-1	-1	-1	-1	-1	-1	-1	-1	-1	-1	-1	-1	-1	-1
1113	51	0	628	63	75	1491	-1	-1	-1	-1	-1	-1	-1	-1	-1	-1	-1	-1	-1	-1	-1	-1
1114	51	0	628	1491	-1	-1	-1	-1	-1	-1	-1	-1	-1	-1	-1	-1	-1	-1	-1	-1	-1	-1
1115	51	0	628	1491	-1	-1	-1	-1	-1	-1	-1	-1	-1	-1	-1	-1	-1	-1	-1	-1	-1	-1
1116	51	0	628	1491	-1	-1	-1	-1	-1	-1	-1	-1	-1	-1	-1	-1	-1	-1	-1	-1	-1	-1
1117	51	0	628	1491	-1	-1	-1	-1	-1	-1	-1	-1	-1	-1	-1	-1	-1	-1	-1	-1	-1	-1
1118	51	0	628	63	75	1491	-1	-1	-1	-1	-1	-1	-1	-1	-1	-1	-1	-1	-1	-1	-1	-1
1119	51	0	628	63	75	1491	-1	-1	-1	-1	-1	-1	-1	-1	-1	-1	-1	-1	-1	-1	-1	-1
1120	51	0	628	63	75	1491	-1	-1	-1	-1	-1	-1	-1	-1	-1	-1	-1	-1	-1	-1	-1	-1
1121	51	0	628	63	75	1491	-1	-1	-1	-1	-1	-1	-1	-1	-1	-1	-1	-1	-1	-1	-1	-1
1122	51	0	628	63	75	1491	-1	-1	-1	-1	-1	-1	-1	-1	-1	-1	-1	-1	-1	-1	-1	-1
1123	51	0	628	63	75	1491	-1	-1	-1	-1	-1	-1	-1	-1	-1	-1	-1	-1	-1	-1	-1	-1
1124	61	0	88	629	1492	-1	-1	-1	-1	-1	-1	-1	-1	-1	-1	-1	-1	-1	-1	-1	-1	-1
1125	61	0	88	629	1492	-1	-1	-1	-1	-1	-1	-1	-1	-1	-1	-1	-1	-1	-1	-1	-1	-1
1126	51	0	628	1491	-1	-1	-1	-1	-1	-1	-1	-1	-1	-1	-1	-1	-1	-1	-1	-1	-1	-1
1127	51	0	628	1491	-1	-1	-1	-1	-1	-1	-1	-1	-1	-1	-1	-1	-1	-1	-1	-1	-1	-1
1128	51	0	75	628	1491	-1	-1	-1	-1	-1	-1	-1	-1	-1	-1	-1	-1	-1	-1	-1	-1	-1
1129	61	0	76	88	629	1492	-1	-1	-1	-1	-1	-1	-1	-1	-1	-1	-1	-1	-1	-1	-1	-1
1130	61	0	629	76	88	1492	-1	-1	-1	-1	-1	-1	-1	-1	-1	-1	-1	-1	-1	-1	-1	-1
1131	61	0	629	76	88	1492	-1	-1	-1	-1	-1	-1	-1	-1	-1	-1	-1	-1	-1	-1	-1	-1
1132	61	0	629	76	88	1492	-1	-1	-1	-1	-1	-1	-1	-1	-1	-1	-1	-1	-1	-1	-1	-1
1133	61	0	629	76	88	1492	-1	-1	-1	-1	-1	-1	-1	-1	-1	-1	-1	-1	-1	-1	-1	-1
1134	61	0	629	88	1492	-1	-1	-1	-1	-1	-1	-1	-1	-1	-1	-1	-1	-1	-1	-1	-1	-1
1135	61	0	629	88	1492	-1	-1	-1	-1	-1	-1	-1	-1	-1	-1	-1	-1	-1	-1	-1	-1	-1
1136	61	0	629	64	76	1492	-1	-1	-1	-1	-1	-1	-1	-1	-1	-1	-1	-1	-1	-1	-1	-1
1137	61	0	629	64	76	1492	-1	-1	-1	-1	-1	-1	-1	-1	-1	-1	-1	-1	-1	-1	-1	-1
1138	61	0	629	64	76	1492	-1	-1	-1	-1	-1	-1	-1	-1	-1	-1	-1	-1	-1	-1	-1	-1
1139	61	0	629	64	76	1492	-1	-1	-1	-1	-1	-1	-1	-1	-1	-1	-1	-1	-1	-1	-1	-1
1140	61	0	629	64	76	1492	-1	-1	-1	-1	-1	-1	-1	-1	-1	-1	-1	-1	-1	-1	-1	-1
1141	61	0	629	64	76	1492	-1	-1	-1	-1	-1	-1	-1	-1	-1	-1	-1	-1	-1	-1	-1	-1
1142	61	0	629	64	76	1492	-1	-1	-1	-1	-1	-1	-1	-1	-1	-1	-1	-1	-1	-1	-1	-1
1143	61	0	629	64	76	1492	-1	-1	-1	-1	-1	-1	-1	-1	-1	-1	-1	-1	-1	-1	-1	-1
1144	61	0	629	88	1492	-1	-1	-1	-1	-1	-1	-1	-1	-1	-1	-1	-1	-1	-1	-1	-1	-1
1145	61	0	629	88	1492	-1	-1	-1	-1	-1	-1	-1	-1	-1	-1	-1	-1	-1	-1	-1	-1	-1
1146	61	0	629	21	88	1492	-1	-1	-1	-1	-1	-1	-1	-1	-1	-1	-1	-1	-1	-1	-1	-1
1147	61	0	629	21	88	1492	-1	-1	-1	-1	-1	-1	-1	-1	-1	-1	-1	-1	-1	-1	-1	-1
1148	61	0	629	21	88	1492	-1	-1	-1	-1	-1	-1	-1	-1	-1	-1	-1	-1	-1	-1	-1	-1
1149	61	0	629	21	88	1492	-1	-1	-1	-1	-1	-1	-1	-1	-1	-1	-1	-1	-1	-1	-1	-1
1150	61	0	629	21	88	1492	-1	-1	-1	-1	-1	-1	-1	-1	-1	-1	-1	-1	-1	-1	-1	-1
1151	88	0	629	89	1493	22	-1	-1	-1	-1	-1	-1	-1	-1	-1	-1	-1	-1	-1	-1	-1	-1
1152	88	0	629	22	89	1493	-1	-1	-1	-1	-1	-1	-1	-1	-1	-1	-1	-1	-1	-1	-1	-1
1153	88	0	629	22	89	1493	-1	-1	-1	-1	-1	-1	-1	-1	-1	-1	-1	-1	-1	-1	-1	-1
1154	88	0	629	89	1493	-1	-1	-1	-1	-1	-1	-1	-1	-1	-1	-1	-1	-1	-1	-1	-1	-1
1155	88	0	629	89	1493	-1	-1	-1	-1	-1	-1	-1	-1	-1	-1	-1	-1	-1	-1	-1	-1	-1
1156	88	0	629	65	89	1493	-1	-1	-1	-1	-1	-1	-1	-1	-1	-1	-1	-1	-1	-1	-1	-1
1157	88	0	629	65	89	1493	-1	-1	-1	-1	-1	-1	-1	-1	-1	-1	-1	-1	-1	-1	-1	-1
1158	88	0	629	89	1493	-1	-1	-1	-1	-1	-1	-1	-1	-1	-1	-1	-1	-1	-1	-1	-1	-1
1159	88	0	629	89	1493	-1	-1	-1	-1	-1	-1	-1	-1	-1	-1	-1	-1	-1	-1	-1	-1	-1
1160	88	0	629	65	89	1493	-1	-1	-1	-1	-1	-1	-1	-1	-1	-1	-1	-1	-1	-1	-1	-1
1161	88	0	629	65	89	1493	-1	-1	-1	-1	-1	-1	-1	-1	-1	-1	-1	-1	-1	-1	-1	-1
1162	88	0	629	65	89	1493	-1	-1	-1	-1	-1	-1	-1	-1	-1	-1	-1	-1	-1	-1	-1	-1
1163	88	0	629	65	89	1493	-1	-1	-1	-1	-1	-1	-1	-1	-1	-1	-1	-1	-1	-1	-1	-1
1166	5	0	621	1314	1315	-1	-1	-1	-1	-1	-1	-1	-1	-1	-1	-1	-1	-1	-1	-1	-1	-1
1167	5	0	621	1314	1315	-1	-1	-1	-1	-1	-1	-1	-1	-1	-1	-1	-1	-1	-1	-1	-1	-1
1168	5	0	621	1314	1315	-1	-1	-1	-1	-1	-1	-1	-1	-1	-1	-1	-1	-1	-1	-1	-1	-1
1169	5	0	621	1314	1315	-1	-1	-1	-1	-1	-1	-1	-1	-1	-1	-1	-1	-1	-1	-1	-1	-1
1170	5	0	621	1314	1315	-1	-1	-1	-1	-1	-1	-1	-1	-1	-1	-1	-1	-1	-1	-1	-1	-1
1171	5	0	622	1314	1315	-1	-1	-1	-1	-1	-1	-1	-1	-1	-1	-1	-1	-1	-1	-1	-1	-1
1172	5	0	622	1314	1315	1316	-1	-1	-1	-1	-1	-1	-1	-1	-1	-1	-1	-1	-1	-1	-1	-1
1173	5	0	622	1314	1315	1316	-1	-1	-1	-1	-1	-1	-1	-1	-1	-1	-1	-1	-1	-1	-1	-1
1174	5	0	622	1314	1315	1316	-1	-1	-1	-1	-1	-1	-1	-1	-1	-1	-1	-1	-1	-1	-1	-1
1175	5	0	622	1314	1315	1316	-1	-1	-1	-1	-1	-1	-1	-1	-1	-1	-1	-1	-1	-1	-1	-1
1176	6	0	622	1314	1315	1316	1485	-1	-1	-1	-1	-1	-1	-1	-1	-1	-1	-1	-1	-1	-1	-1
1177	6	0	622	1314	1315	1316	1485	-1	-1	-1	-1	-1	-1	-1	-1	-1	-1	-1	-1	-1	-1	-1
1178	6	0	622	1314	1315	1316	1485	-1	-1	-1	-1	-1	-1	-1	-1	-1	-1	-1	-1	-1	-1	-1
1179	6	0	622	1314	1315	1316	1485	-1	-1	-1	-1	-1	-1	-1	-1	-1	-1	-1	-1	-1	-1	-1
1180	6	0	622	1314	1315	1316	1485	-1	-1	-1	-1	-1	-1	-1	-1	-1	-1	-1	-1	-1	-1	-1
1181	4	0	621	1290	-1	-1	-1	-1	-1	-1	-1	-1	-1	-1	-1	-1	-1	-1	-1	-1	-1	-1
1182	4	0	621	1290	-1	-1	-1	-1	-1	-1	-1	-1	-1	-1	-1	-1	-1	-1	-1	-1	-1	-1
1183	4	0	621	1290	-1	-1	-1	-1	-1	-1	-1	-1	-1	-1	-1	-1	-1	-1	-1	-1	-1	-1
1184	4	0	621	1290	-1	-1	-1	-1	-1	-1	-1	-1	-1	-1	-1	-1	-1	-1	-1	-1	-1	-1
1185	5	0	621	1290	-1	-1	-1	-1	-1	-1	-1	-1	-1	-1	-1	-1	-1	-1	-1	-1	-1	-1
1186	5	0	621	1290	-1	-1	-1	-1	-1	-1	-1	-1	-1	-1	-1	-1	-1	-1	-1	-1	-1	-1
1187	5	0	621	1290	-1	-1	-1	-1	-1	-1	-1	-1	-1	-1	-1	-1	-1	-1	-1	-1	-1	-1
1188	5	0	621	1290	-1	-1	-1	-1	-1	-1	-1	-1	-1	-1	-1	-1	-1	-1	-1	-1	-1	-1
1189	5	0	621	1290	-1	-1	-1	-1	-1	-1	-1	-1	-1	-1	-1	-1	-1	-1	-1	-1	-1	-1
1190	5	0	622	1290	-1	-1	-1	-1	-1	-1	-1	-1	-1	-1	-1	-1	-1	-1	-1	-1	-1	-1
1191	5	0	622	1290	-1	-1	-1	-1	-1	-1	-1	-1	-1	-1	-1	-1	-1	-1	-1	-1	-1	-1
1192	5	0	622	1290	-1	-1	-1	-1	-1	-1	-1	-1	-1	-1	-1	-1	-1	-1	-1	-1	-1	-1
1193	5	0	622	1290	-1	-1	-1	-1	-1	-1	-1	-1	-1	-1	-1	-1	-1	-1	-1	-1	-1	-1
1194	5	0	622	1290	-1	-1	-1	-1	-1	-1	-1	-1	-1	-1	-1	-1	-1	-1	-1	-1	-1	-1
1195	6	0	622	1290	1485	-1	-1	-1	-1	-1	-1	-1	-1	-1	-1	-1	-1	-1	-1	-1	-1	-1
1196	6	0	622	1290	1485	-1	-1	-1	-1	-1	-1	-1	-1	-1	-1	-1	-1	-1	-1	-1	-1	-1
1197	6	0	622	1290	1485	-1	-1	-1	-1	-1	-1	-1	-1	-1	-1	-1	-1	-1	-1	-1	-1	-1
1198	6	0	622	1290	1485	-1	-1	-1	-1	-1	-1	-1	-1	-1	-1	-1	-1	-1	-1	-1	-1	-1
1199	6	0	622	1290	1485	-1	-1	-1	-1	-1	-1	-1	-1	-1	-1	-1	-1	-1	-1	-1	-1	-1
1200	6	0	82	623	1290	1485	-1	-1	-1	-1	-1	-1	-1	-1	-1	-1	-1	-1	-1	-1	-1	-1
1201	6	0	623	1290	1485	-1	-1	-1	-1	-1	-1	-1	-1	-1	-1	-1	-1	-1	-1	-1	-1	-1
1202	6	0	623	1290	1485	-1	-1	-1	-1	-1	-1	-1	-1	-1	-1	-1	-1	-1	-1	-1	-1	-1
1203	6	0	623	1290	1485	-1	-1	-1	-1	-1	-1	-1	-1	-1	-1	-1	-1	-1	-1	-1	-1	-1
1204	6	0	623	1290	1485	-1	-1	-1	-1	-1	-1	-1	-1	-1	-1	-1	-1	-1	-1	-1	-1	-1
1205	8	0	623	1290	1486	-1	-1	-1	-1	-1	-1	-1	-1	-1	-1	-1	-1	-1	-1	-1	-1	-1
1206	8	0	623	1290	1486	-1	-1	-1	-1	-1	-1	-1	-1	-1	-1	-1	-1	-1	-1	-1	-1	-1
1207	8	0	623	1290	1486	-1	-1	-1	-1	-1	-1	-1	-1	-1	-1	-1	-1	-1	-1	-1	-1	-1
1208	8	0	623	1290	1486	-1	-1	-1	-1	-1	-1	-1	-1	-1	-1	-1	-1	-1	-1	-1	-1	-1
1209	8	0	623	1290	1486	-1	-1	-1	-1	-1	-1	-1	-1	-1	-1	-1	-1	-1	-1	-1	-1	-1
1210	8	0	59	71	624	1290	1486	-1	-1	-1	-1	-1	-1	-1	-1	-1	-1	-1	-1	-1	-1	-1
1211	8	0	16	59	624	1290	1486	-1	-1	-1	-1	-1	-1	-1	-1	-1	-1	-1	-1	-1	-1	-1
1212	8	0	16	59	624	1290	1486	-1	-1	-1	-1	-1	-1	-1	-1	-1	-1	-1	-1	-1	-1	-1
1213	8	0	16	59	624	1290	1486	-1	-1	-1	-1	-1	-1	-1	-1	-1	-1	-1	-1	-1	-1	-1
1214	8	0	16	59	624	1290	1486	-1	-1	-1	-1	-1	-1	-1	-1	-1	-1	-1	-1	-1	-1	-1
1215	10	0	16	59	624	1290	1487	-1	-1	-1	-1	-1	-1	-1	-1	-1	-1	-1	-1	-1	-1	-1
1216	10	0	16	59	624	1290	1487	-1	-1	-1	-1	-1	-1	-1	-1	-1	-1	-1	-1	-1	-1	-1
1217	10	0	16	59	624	1290	1487	-1	-1	-1	-1	-1	-1	-1	-1	-1	-1	-1	-1	-1	-1	-1
1218	10	0	16	59	624	1290	1487	-1	-1	-1	-1	-1	-1	-1	-1	-1	-1	-1	-1	-1	-1	-1
1219	10	0	16	59	624	1290	1487	-1	-1	-1	-1	-1	-1	-1	-1	-1	-1	-1	-1	-1	-1	-1
1220	10	0	17	60	625	1290	1487	-1	-1	-1	-1	-1	-1	-1	-1	-1	-1	-1	-1	-1	-1	-1
1221	10	0	84	625	1290	1487	-1	-1	-1	-1	-1	-1	-1	-1	-1	-1	-1	-1	-1	-1	-1	-1
1222	10	0	84	625	1290	1487	-1	-1	-1	-1	-1	-1	-1	-1	-1	-1	-1	-1	-1	-1	-1	-1
1223	10	0	84	625	1290	1487	-1	-1	-1	-1	-1	-1	-1	-1	-1	-1	-1	-1	-1	-1	-1	-1
1224	10	0	84	625	1290	1487	-1	-1	-1	-1	-1	-1	-1	-1	-1	-1	-1	-1	-1	-1	-1	-1
1225	13	0	84	625	1290	1488	-1	-1	-1	-1	-1	-1	-1	-1	-1	-1	-1	-1	-1	-1	-1	-1
1226	13	0	84	625	1290	1488	-1	-1	-1	-1	-1	-1	-1	-1	-1	-1	-1	-1	-1	-1	-1	-1
1227	13	0	84	625	1290	1488	-1	-1	-1	-1	-1	-1	-1	-1	-1	-1	-1	-1	-1	-1	-1	-1
1228	13	0	84	625	1290	1488	-1	-1	-1	-1	-1	-1	-1	-1	-1	-1	-1	-1	-1	-1	-1	-1
1229	13	0	84	625	1290	1488	-1	-1	-1	-1	-1	-1	-1	-1	-1	-1	-1	-1	-1	-1	-1	-1
1230	16	0	85	626	1290	-1	-1	-1	-1	-1	-1	-1	-1	-1	-1	-1	-1	-1	-1	-1	-1	-1
1231	16	0	73	85	626	1290	-1	-1	-1	-1	-1	-1	-1	-1	-1	-1	-1	-1	-1	-1	-1	-1
1232	16	0	73	85	626	1290	-1	-1	-1	-1	-1	-1	-1	-1	-1	-1	-1	-1	-1	-1	-1	-1
1233	16	0	73	85	626	1290	-1	-1	-1	-1	-1	-1	-1	-1	-1	-1	-1	-1	-1	-1	-1	-1
1234	16	0	73	85	626	1290	-1	-1	-1	-1	-1	-1	-1	-1	-1	-1	-1	-1	-1	-1	-1	-1
1235	21	0	73	85	626	1290	1489	-1	-1	-1	-1	-1	-1	-1	-1	-1	-1	-1	-1	-1	-1	-1
1236	21	0	73	85	626	1290	1489	-1	-1	-1	-1	-1	-1	-1	-1	-1	-1	-1	-1	-1	-1	-1
1237	21	0	73	85	626	1290	1489	-1	-1	-1	-1	-1	-1	-1	-1	-1	-1	-1	-1	-1	-1	-1
1238	21	0	73	85	1290	1489	626	-1	-1	-1	-1	-1	-1	-1	-1	-1	-1	-1	-1	-1	-1	-1
1239	21	0	73	85	626	1290	1489	-1	-1	-1	-1	-1	-1	-1	-1	-1	-1	-1	-1	-1	-1	-1
1240	26	0	74	86	627	1290	-1	-1	-1	-1	-1	-1	-1	-1	-1	-1	-1	-1	-1	-1	-1	-1
1241	26	0	74	86	627	1290	-1	-1	-1	-1	-1	-1	-1	-1	-1	-1	-1	-1	-1	-1	-1	-1
1242	26	0	74	86	627	1290	-1	-1	-1	-1	-1	-1	-1	-1	-1	-1	-1	-1	-1	-1	-1	-1
1243	26	0	74	86	627	1290	-1	-1	-1	-1	-1	-1	-1	-1	-1	-1	-1	-1	-1	-1	-1	-1
1244	26	0	74	86	627	1290	-1	-1	-1	-1	-1	-1	-1	-1	-1	-1	-1	-1	-1	-1	-1	-1
1245	33	0	74	86	627	1290	1490	-1	-1	-1	-1	-1	-1	-1	-1	-1	-1	-1	-1	-1	-1	-1
1246	33	0	74	86	627	1290	1490	-1	-1	-1	-1	-1	-1	-1	-1	-1	-1	-1	-1	-1	-1	-1
1247	33	0	74	86	627	1290	1490	-1	-1	-1	-1	-1	-1	-1	-1	-1	-1	-1	-1	-1	-1	-1
1248	33	0	74	86	627	1290	1490	-1	-1	-1	-1	-1	-1	-1	-1	-1	-1	-1	-1	-1	-1	-1
1249	33	0	74	86	627	1290	1490	-1	-1	-1	-1	-1	-1	-1	-1	-1	-1	-1	-1	-1	-1	-1
1250	41	0	75	628	1290	-1	-1	-1	-1	-1	-1	-1	-1	-1	-1	-1	-1	-1	-1	-1	-1	-1
1251	41	0	20	63	628	1290	-1	-1	-1	-1	-1	-1	-1	-1	-1	-1	-1	-1	-1	-1	-1	-1
1252	41	0	20	63	628	1290	-1	-1	-1	-1	-1	-1	-1	-1	-1	-1	-1	-1	-1	-1	-1	-1
1253	41	0	20	63	628	1290	-1	-1	-1	-1	-1	-1	-1	-1	-1	-1	-1	-1	-1	-1	-1	-1
1254	41	0	20	63	628	1290	-1	-1	-1	-1	-1	-1	-1	-1	-1	-1	-1	-1	-1	-1	-1	-1
1255	51	0	20	63	628	1290	1491	-1	-1	-1	-1	-1	-1	-1	-1	-1	-1	-1	-1	-1	-1	-1
1256	51	0	20	63	628	1290	1491	-1	-1	-1	-1	-1	-1	-1	-1	-1	-1	-1	-1	-1	-1	-1
1257	51	0	20	63	628	1290	1491	-1	-1	-1	-1	-1	-1	-1	-1	-1	-1	-1	-1	-1	-1	-1
1258	51	0	20	63	628	1290	1491	-1	-1	-1	-1	-1	-1	-1	-1	-1	-1	-1	-1	-1	-1	-1
1259	51	0	20	63	628	1290	1491	-1	-1	-1	-1	-1	-1	-1	-1	-1	-1	-1	-1	-1	-1	-1
1260	61	0	21	64	629	1290	1492	-1	-1	-1	-1	-1	-1	-1	-1	-1	-1	-1	-1	-1	-1	-1
1261	61	0	21	64	629	1290	1492	-1	-1	-1	-1	-1	-1	-1	-1	-1	-1	-1	-1	-1	-1	-1
1262	61	0	21	64	629	1290	1492	-1	-1	-1	-1	-1	-1	-1	-1	-1	-1	-1	-1	-1	-1	-1
1263	61	0	21	64	629	1290	1492	-1	-1	-1	-1	-1	-1	-1	-1	-1	-1	-1	-1	-1	-1	-1
1264	61	0	21	64	629	1290	1492	-1	-1	-1	-1	-1	-1	-1	-1	-1	-1	-1	-1	-1	-1	-1
1265	74	0	21	64	629	1290	-1	-1	-1	-1	-1	-1	-1	-1	-1	-1	-1	-1	-1	-1	-1	-1
1266	74	0	21	64	629	1290	-1	-1	-1	-1	-1	-1	-1	-1	-1	-1	-1	-1	-1	-1	-1	-1
1267	74	0	21	64	629	1290	-1	-1	-1	-1	-1	-1	-1	-1	-1	-1	-1	-1	-1	-1	-1	-1
1268	74	0	21	64	629	1290	-1	-1	-1	-1	-1	-1	-1	-1	-1	-1	-1	-1	-1	-1	-1	-1
1269	74	0	21	64	629	1290	-1	-1	-1	-1	-1	-1	-1	-1	-1	-1	-1	-1	-1	-1	-1	-1
1270	88	0	22	65	629	1290	1493	-1	-1	-1	-1	-1	-1	-1	-1	-1	-1	-1	-1	-1	-1	-1
1271	22	1	621	-1	-1	-1	-1	-1	-1	-1	-1	-1	-1	-1	-1	-1	-1	-1	-1	-1	-1	-1
1272	22	1	621	-1	-1	-1	-1	-1	-1	-1	-1	-1	-1	-1	-1	-1	-1	-1	-1	-1	-1	-1
1273	22	1	622	-1	-1	-1	-1	-1	-1	-1	-1	-1	-1	-1	-1	-1	-1	-1	-1	-1	-1	-1
1274	26	1	622	-1	-1	-1	-1	-1	-1	-1	-1	-1	-1	-1	-1	-1	-1	-1	-1	-1	-1	-1
1275	26	1	622	-1	-1	-1	-1	-1	-1	-1	-1	-1	-1	-1	-1	-1	-1	-1	-1	-1	-1	-1
1276	26	1	82	623	-1	-1	-1	-1	-1	-1	-1	-1	-1	-1	-1	-1	-1	-1	-1	-1	-1	-1
1277	26	1	623	-1	-1	-1	-1	-1	-1	-1	-1	-1	-1	-1	-1	-1	-1	-1	-1	-1	-1	-1
1278	32	1	623	-1	-1	-1	-1	-1	-1	-1	-1	-1	-1	-1	-1	-1	-1	-1	-1	-1	-1	-1
1279	32	1	59	71	624	-1	-1	-1	-1	-1	-1	-1	-1	-1	-1	-1	-1	-1	-1	-1	-1	-1
1280	32	1	16	59	624	-1	-1	-1	-1	-1	-1	-1	-1	-1	-1	-1	-1	-1	-1	-1	-1	-1
1281	41	1	16	59	624	-1	-1	-1	-1	-1	-1	-1	-1	-1	-1	-1	-1	-1	-1	-1	-1	-1
1282	41	1	17	60	625	-1	-1	-1	-1	-1	-1	-1	-1	-1	-1	-1	-1	-1	-1	-1	-1	-1
1283	41	1	84	625	-1	-1	-1	-1	-1	-1	-1	-1	-1	-1	-1	-1	-1	-1	-1	-1	-1	-1
1284	52	1	84	625	-1	-1	-1	-1	-1	-1	-1	-1	-1	-1	-1	-1	-1	-1	-1	-1	-1	-1
1285	66	1	85	626	-1	-1	-1	-1	-1	-1	-1	-1	-1	-1	-1	-1	-1	-1	-1	-1	-1	-1
1286	66	1	73	85	626	-1	-1	-1	-1	-1	-1	-1	-1	-1	-1	-1	-1	-1	-1	-1	-1	-1
1287	84	1	73	85	626	-1	-1	-1	-1	-1	-1	-1	-1	-1	-1	-1	-1	-1	-1	-1	-1	-1
1288	107	1	74	86	627	-1	-1	-1	-1	-1	-1	-1	-1	-1	-1	-1	-1	-1	-1	-1	-1	-1
1289	107	1	74	86	627	-1	-1	-1	-1	-1	-1	-1	-1	-1	-1	-1	-1	-1	-1	-1	-1	-1
1290	134	1	74	86	627	-1	-1	-1	-1	-1	-1	-1	-1	-1	-1	-1	-1	-1	-1	-1	-1	-1
1291	166	1	75	628	-1	-1	-1	-1	-1	-1	-1	-1	-1	-1	-1	-1	-1	-1	-1	-1	-1	-1
1292	166	1	20	63	628	-1	-1	-1	-1	-1	-1	-1	-1	-1	-1	-1	-1	-1	-1	-1	-1	-1
1293	204	1	20	63	628	-1	-1	-1	-1	-1	-1	-1	-1	-1	-1	-1	-1	-1	-1	-1	-1	-1
1294	247	1	21	64	629	-1	-1	-1	-1	-1	-1	-1	-1	-1	-1	-1	-1	-1	-1	-1	-1	-1
1295	247	1	21	64	629	-1	-1	-1	-1	-1	-1	-1	-1	-1	-1	-1	-1	-1	-1	-1	-1	-1
1296	297	1	21	64	629	-1	-1	-1	-1	-1	-1	-1	-1	-1	-1	-1	-1	-1	-1	-1	-1	-1
1297	354	1	22	65	629	-1	-1	-1	-1	-1	-1	-1	-1	-1	-1	-1	-1	-1	-1	-1	-1	-1
1346	13	0	625	1520	-1	-1	-1	-1	-1	-1	-1	-1	-1	-1	-1	-1	-1	-1	-1	-1	-1	-1
1347	13	0	625	1520	-1	-1	-1	-1	-1	-1	-1	-1	-1	-1	-1	-1	-1	-1	-1	-1	-1	-1
1348	78	1	625	884	1494	17073	17074	17075	17076	17077	17078	17079	-1	-1	-1	-1	-1	-1	-1	-1	-1	-1
1349	13	0	625	1520	-1	-1	-1	-1	-1	-1	-1	-1	-1	-1	-1	-1	-1	-1	-1	-1	-1	-1
1350	13	0	625	1520	-1	-1	-1	-1	-1	-1	-1	-1	-1	-1	-1	-1	-1	-1	-1	-1	-1	-1
1351	91	1	625	884	1495	17080	17081	17082	17083	17084	17085	17086	-1	-1	-1	-1	-1	-1	-1	-1	-1	-1
1352	13	0	625	1520	-1	-1	-1	-1	-1	-1	-1	-1	-1	-1	-1	-1	-1	-1	-1	-1	-1	-1
1353	13	0	625	1520	-1	-1	-1	-1	-1	-1	-1	-1	-1	-1	-1	-1	-1	-1	-1	-1	-1	-1
1354	104	1	625	884	1496	17073	17087	17088	17089	17090	17091	17092	17093	-1	-1	-1	-1	-1	-1	-1	-1	-1
1355	13	0	625	1521	-1	-1	-1	-1	-1	-1	-1	-1	-1	-1	-1	-1	-1	-1	-1	-1	-1	-1
1356	21	0	626	1521	-1	-1	-1	-1	-1	-1	-1	-1	-1	-1	-1	-1	-1	-1	-1	-1	-1	-1
1357	126	1	626	895	1497	17094	17095	17096	17097	17098	17099	17100	-1	-1	-1	-1	-1	-1	-1	-1	-1	-1
1358	21	0	626	1521	-1	-1	-1	-1	-1	-1	-1	-1	-1	-1	-1	-1	-1	-1	-1	-1	-1	-1
1359	21	0	626	1521	-1	-1	-1	-1	-1	-1	-1	-1	-1	-1	-1	-1	-1	-1	-1	-1	-1	-1
1360	147	1	626	895	1498	17101	17102	17103	17104	17105	17106	17107	-1	-1	-1	-1	-1	-1	-1	-1	-1	-1
1361	21	0	626	1521	-1	-1	-1	-1	-1	-1	-1	-1	-1	-1	-1	-1	-1	-1	-1	-1	-1	-1
1362	21	0	626	1521	-1	-1	-1	-1	-1	-1	-1	-1	-1	-1	-1	-1	-1	-1	-1	-1	-1	-1
1363	168	1	626	895	1499	17108	17109	17110	17111	17112	17113	17114	-1	-1	-1	-1	-1	-1	-1	-1	-1	-1
1364	21	0	626	1522	-1	-1	-1	-1	-1	-1	-1	-1	-1	-1	-1	-1	-1	-1	-1	-1	-1	-1
1365	21	0	626	1522	-1	-1	-1	-1	-1	-1	-1	-1	-1	-1	-1	-1	-1	-1	-1	-1	-1	-1
1366	147	1	626	895	1500	17115	17116	17117	17118	17119	17120	17121	-1	-1	-1	-1	-1	-1	-1	-1	-1	-1
1367	33	0	627	1522	-1	-1	-1	-1	-1	-1	-1	-1	-1	-1	-1	-1	-1	-1	-1	-1	-1	-1
1368	33	0	627	1522	-1	-1	-1	-1	-1	-1	-1	-1	-1	-1	-1	-1	-1	-1	-1	-1	-1	-1
1369	264	1	627	896	1501	17122	17123	17124	17125	17126	17127	17129	-1	-1	-1	-1	-1	-1	-1	-1	-1	-1
1370	33	0	627	1327	1328	1329	1522	-1	-1	-1	-1	-1	-1	-1	-1	-1	-1	-1	-1	-1	-1	-1
1371	33	0	627	1327	1328	1329	1522	-1	-1	-1	-1	-1	-1	-1	-1	-1	-1	-1	-1	-1	-1	-1
1372	297	1	627	1327	1328	1329	896	1502	17130	17131	17132	17133	17134	17135	17136	-1	-1	-1	-1	-1	-1	-1
1373	130	1	1538	625	1520	17137	17138	17139	17140	17141	17819	-1	-1	-1	-1	-1	-1	-1	-1	-1	-1	-1
1374	210	1	1539	626	1521	17142	17143	17144	17145	17821	-1	-1	-1	-1	-1	-1	-1	-1	-1	-1	-1	-1
1375	330	1	1540	627	1522	17147	17148	17149	17150	17151	17152	17822	-1	-1	-1	-1	-1	-1	-1	-1	-1	-1
1383	21	0	11211	73	61	-1	-1	-1	-1	-1	-1	-1	-1	-1	-1	-1	-1	-1	-1	-1	-1	-1
1384	21	0	11211	73	61	-1	-1	-1	-1	-1	-1	-1	-1	-1	-1	-1	-1	-1	-1	-1	-1	-1
1385	21	0	11211	73	61	-1	-1	-1	-1	-1	-1	-1	-1	-1	-1	-1	-1	-1	-1	-1	-1	-1
1386	21	0	11211	73	61	-1	-1	-1	-1	-1	-1	-1	-1	-1	-1	-1	-1	-1	-1	-1	-1	-1
1387	21	0	11211	73	61	-1	-1	-1	-1	-1	-1	-1	-1	-1	-1	-1	-1	-1	-1	-1	-1	-1
1388	21	0	11211	73	61	-1	-1	-1	-1	-1	-1	-1	-1	-1	-1	-1	-1	-1	-1	-1	-1	-1
1389	330	0	17153	17154	17155	17156	17157	17818	-1	-1	-1	-1	-1	-1	-1	-1	-1	-1	-1	-1	-1	-1
1390	33	0	11211	74	62	-1	-1	-1	-1	-1	-1	-1	-1	-1	-1	-1	-1	-1	-1	-1	-1	-1
1391	33	0	11211	74	62	-1	-1	-1	-1	-1	-1	-1	-1	-1	-1	-1	-1	-1	-1	-1	-1	-1
1392	33	0	11211	74	62	-1	-1	-1	-1	-1	-1	-1	-1	-1	-1	-1	-1	-1	-1	-1	-1	-1
1393	33	0	11211	74	62	-1	-1	-1	-1	-1	-1	-1	-1	-1	-1	-1	-1	-1	-1	-1	-1	-1
1394	33	0	11211	74	62	-1	-1	-1	-1	-1	-1	-1	-1	-1	-1	-1	-1	-1	-1	-1	-1	-1
1395	33	0	11211	74	62	-1	-1	-1	-1	-1	-1	-1	-1	-1	-1	-1	-1	-1	-1	-1	-1	-1
1396	330	0	17158	17159	17160	17161	17162	17163	17823	-1	-1	-1	-1	-1	-1	-1	-1	-1	-1	-1	-1	-1
1397	33	0	11211	74	62	-1	-1	-1	-1	-1	-1	-1	-1	-1	-1	-1	-1	-1	-1	-1	-1	-1
1398	33	0	11211	74	62	-1	-1	-1	-1	-1	-1	-1	-1	-1	-1	-1	-1	-1	-1	-1	-1	-1
1399	33	0	11211	74	62	-1	-1	-1	-1	-1	-1	-1	-1	-1	-1	-1	-1	-1	-1	-1	-1	-1
1400	33	0	11211	74	62	-1	-1	-1	-1	-1	-1	-1	-1	-1	-1	-1	-1	-1	-1	-1	-1	-1
1401	33	0	11211	74	62	-1	-1	-1	-1	-1	-1	-1	-1	-1	-1	-1	-1	-1	-1	-1	-1	-1
1402	33	0	11211	74	62	-1	-1	-1	-1	-1	-1	-1	-1	-1	-1	-1	-1	-1	-1	-1	-1	-1
1403	510	0	628	17164	17165	17166	17167	17168	17824	-1	-1	-1	-1	-1	-1	-1	-1	-1	-1	-1	-1	-1
1435	100	1	18575	18576	18577	18578	18595	18599	-1	-1	-1	-1	-1	-1	-1	-1	-1	-1	-1	-1	-1	-1
1436	100	1	18571	18572	18573	18574	18595	18600	-1	-1	-1	-1	-1	-1	-1	-1	-1	-1	-1	-1	-1	-1
1437	100	1	18579	18580	18581	18582	18595	18601	-1	-1	-1	-1	-1	-1	-1	-1	-1	-1	-1	-1	-1	-1
1438	100	1	18583	18584	18585	18586	18595	18602	-1	-1	-1	-1	-1	-1	-1	-1	-1	-1	-1	-1	-1	-1
1439	100	1	18587	18588	18589	18590	18595	18603	-1	-1	-1	-1	-1	-1	-1	-1	-1	-1	-1	-1	-1	-1
1440	100	1	18591	18592	18593	18594	18595	18604	-1	-1	-1	-1	-1	-1	-1	-1	-1	-1	-1	-1	-1	-1
1442	100	1	-1	-1	-1	-1	-1	-1	-1	-1	-1	-1	-1	-1	-1	-1	-1	-1	-1	-1	-1	-1
1443	100	1	-1	-1	-1	-1	-1	-1	-1	-1	-1	-1	-1	-1	-1	-1	-1	-1	-1	-1	-1	-1
1444	100	1	-1	-1	-1	-1	-1	-1	-1	-1	-1	-1	-1	-1	-1	-1	-1	-1	-1	-1	-1	-1
1445	100	1	-1	-1	-1	-1	-1	-1	-1	-1	-1	-1	-1	-1	-1	-1	-1	-1	-1	-1	-1	-1
1446	100	1	-1	-1	-1	-1	-1	-1	-1	-1	-1	-1	-1	-1	-1	-1	-1	-1	-1	-1	-1	-1
1447	100	1	-1	-1	-1	-1	-1	-1	-1	-1	-1	-1	-1	-1	-1	-1	-1	-1	-1	-1	-1	-1
1448	100	1	-1	-1	-1	-1	-1	-1	-1	-1	-1	-1	-1	-1	-1	-1	-1	-1	-1	-1	-1	-1
1449	100	1	-1	-1	-1	-1	-1	-1	-1	-1	-1	-1	-1	-1	-1	-1	-1	-1	-1	-1	-1	-1
1450	100	1	-1	-1	-1	-1	-1	-1	-1	-1	-1	-1	-1	-1	-1	-1	-1	-1	-1	-1	-1	-1
1451	100	1	-1	-1	-1	-1	-1	-1	-1	-1	-1	-1	-1	-1	-1	-1	-1	-1	-1	-1	-1	-1
1500	4	0	621	-1	-1	-1	-1	-1	-1	-1	-1	-1	-1	-1	-1	-1	-1	-1	-1	-1	-1	-1
1501	5	0	622	-1	-1	-1	-1	-1	-1	-1	-1	-1	-1	-1	-1	-1	-1	-1	-1	-1	-1	-1
1502	6	0	623	-1	-1	-1	-1	-1	-1	-1	-1	-1	-1	-1	-1	-1	-1	-1	-1	-1	-1	-1
1503	8	0	624	16	59	-1	-1	-1	-1	-1	-1	-1	-1	-1	-1	-1	-1	-1	-1	-1	-1	-1
1504	10	0	625	17	60	-1	-1	-1	-1	-1	-1	-1	-1	-1	-1	-1	-1	-1	-1	-1	-1	-1
1505	16	0	626	18	61	-1	-1	-1	-1	-1	-1	-1	-1	-1	-1	-1	-1	-1	-1	-1	-1	-1
1506	26	0	627	19	62	-1	-1	-1	-1	-1	-1	-1	-1	-1	-1	-1	-1	-1	-1	-1	-1	-1
1507	41	0	628	20	63	-1	-1	-1	-1	-1	-1	-1	-1	-1	-1	-1	-1	-1	-1	-1	-1	-1
1508	61	0	629	21	64	-1	-1	-1	-1	-1	-1	-1	-1	-1	-1	-1	-1	-1	-1	-1	-1	-1
1509	88	0	629	22	65	-1	-1	-1	-1	-1	-1	-1	-1	-1	-1	-1	-1	-1	-1	-1	-1	-1
1510	4	0	621	-1	-1	-1	-1	-1	-1	-1	-1	-1	-1	-1	-1	-1	-1	-1	-1	-1	-1	-1
1511	5	0	622	-1	-1	-1	-1	-1	-1	-1	-1	-1	-1	-1	-1	-1	-1	-1	-1	-1	-1	-1
1512	6	0	623	-1	-1	-1	-1	-1	-1	-1	-1	-1	-1	-1	-1	-1	-1	-1	-1	-1	-1	-1
1513	8	0	624	59	71	-1	-1	-1	-1	-1	-1	-1	-1	-1	-1	-1	-1	-1	-1	-1	-1	-1
1514	10	0	625	60	72	-1	-1	-1	-1	-1	-1	-1	-1	-1	-1	-1	-1	-1	-1	-1	-1	-1
1515	16	0	626	61	73	-1	-1	-1	-1	-1	-1	-1	-1	-1	-1	-1	-1	-1	-1	-1	-1	-1
1516	26	0	627	62	74	-1	-1	-1	-1	-1	-1	-1	-1	-1	-1	-1	-1	-1	-1	-1	-1	-1
1517	41	0	628	63	75	-1	-1	-1	-1	-1	-1	-1	-1	-1	-1	-1	-1	-1	-1	-1	-1	-1
1518	61	0	629	64	76	-1	-1	-1	-1	-1	-1	-1	-1	-1	-1	-1	-1	-1	-1	-1	-1	-1
1519	88	0	629	65	77	-1	-1	-1	-1	-1	-1	-1	-1	-1	-1	-1	-1	-1	-1	-1	-1	-1
1520	4	0	621	-1	-1	-1	-1	-1	-1	-1	-1	-1	-1	-1	-1	-1	-1	-1	-1	-1	-1	-1
1521	5	0	622	-1	-1	-1	-1	-1	-1	-1	-1	-1	-1	-1	-1	-1	-1	-1	-1	-1	-1	-1
1522	6	0	623	82	-1	-1	-1	-1	-1	-1	-1	-1	-1	-1	-1	-1	-1	-1	-1	-1	-1	-1
1523	8	0	624	83	-1	-1	-1	-1	-1	-1	-1	-1	-1	-1	-1	-1	-1	-1	-1	-1	-1	-1
1524	10	0	625	84	-1	-1	-1	-1	-1	-1	-1	-1	-1	-1	-1	-1	-1	-1	-1	-1	-1	-1
1525	16	0	626	85	-1	-1	-1	-1	-1	-1	-1	-1	-1	-1	-1	-1	-1	-1	-1	-1	-1	-1
1526	26	0	627	86	-1	-1	-1	-1	-1	-1	-1	-1	-1	-1	-1	-1	-1	-1	-1	-1	-1	-1
1527	41	0	628	-1	-1	-1	-1	-1	-1	-1	-1	-1	-1	-1	-1	-1	-1	-1	-1	-1	-1	-1
1528	61	0	629	88	-1	-1	-1	-1	-1	-1	-1	-1	-1	-1	-1	-1	-1	-1	-1	-1	-1	-1
1529	88	0	629	89	-1	-1	-1	-1	-1	-1	-1	-1	-1	-1	-1	-1	-1	-1	-1	-1	-1	-1
1530	4	0	621	-1	-1	-1	-1	-1	-1	-1	-1	-1	-1	-1	-1	-1	-1	-1	-1	-1	-1	-1
1531	5	0	622	-1	-1	-1	-1	-1	-1	-1	-1	-1	-1	-1	-1	-1	-1	-1	-1	-1	-1	-1
1532	6	0	623	82	-1	-1	-1	-1	-1	-1	-1	-1	-1	-1	-1	-1	-1	-1	-1	-1	-1	-1
1533	8	0	624	71	83	-1	-1	-1	-1	-1	-1	-1	-1	-1	-1	-1	-1	-1	-1	-1	-1	-1
1534	10	0	625	72	84	-1	-1	-1	-1	-1	-1	-1	-1	-1	-1	-1	-1	-1	-1	-1	-1	-1
1535	16	0	626	73	85	-1	-1	-1	-1	-1	-1	-1	-1	-1	-1	-1	-1	-1	-1	-1	-1	-1
1536	26	0	627	74	86	-1	-1	-1	-1	-1	-1	-1	-1	-1	-1	-1	-1	-1	-1	-1	-1	-1
1537	41	0	628	75	-1	-1	-1	-1	-1	-1	-1	-1	-1	-1	-1	-1	-1	-1	-1	-1	-1	-1
1538	61	0	629	76	88	-1	-1	-1	-1	-1	-1	-1	-1	-1	-1	-1	-1	-1	-1	-1	-1	-1
1539	88	0	629	77	89	-1	-1	-1	-1	-1	-1	-1	-1	-1	-1	-1	-1	-1	-1	-1	-1	-1
1540	4	0	621	-1	-1	-1	-1	-1	-1	-1	-1	-1	-1	-1	-1	-1	-1	-1	-1	-1	-1	-1
1541	5	0	622	-1	-1	-1	-1	-1	-1	-1	-1	-1	-1	-1	-1	-1	-1	-1	-1	-1	-1	-1
1542	6	0	623	82	-1	-1	-1	-1	-1	-1	-1	-1	-1	-1	-1	-1	-1	-1	-1	-1	-1	-1
1543	8	0	624	83	-1	-1	-1	-1	-1	-1	-1	-1	-1	-1	-1	-1	-1	-1	-1	-1	-1	-1
1544	10	0	625	84	-1	-1	-1	-1	-1	-1	-1	-1	-1	-1	-1	-1	-1	-1	-1	-1	-1	-1
1545	16	0	626	85	-1	-1	-1	-1	-1	-1	-1	-1	-1	-1	-1	-1	-1	-1	-1	-1	-1	-1
1546	26	0	627	86	-1	-1	-1	-1	-1	-1	-1	-1	-1	-1	-1	-1	-1	-1	-1	-1	-1	-1
1547	41	0	628	-1	-1	-1	-1	-1	-1	-1	-1	-1	-1	-1	-1	-1	-1	-1	-1	-1	-1	-1
1548	61	0	629	88	-1	-1	-1	-1	-1	-1	-1	-1	-1	-1	-1	-1	-1	-1	-1	-1	-1	-1
1549	88	0	629	89	-1	-1	-1	-1	-1	-1	-1	-1	-1	-1	-1	-1	-1	-1	-1	-1	-1	-1
1550	4	0	621	-1	-1	-1	-1	-1	-1	-1	-1	-1	-1	-1	-1	-1	-1	-1	-1	-1	-1	-1
1551	5	0	622	-1	-1	-1	-1	-1	-1	-1	-1	-1	-1	-1	-1	-1	-1	-1	-1	-1	-1	-1
1552	6	0	623	82	-1	-1	-1	-1	-1	-1	-1	-1	-1	-1	-1	-1	-1	-1	-1	-1	-1	-1
1553	8	0	624	83	-1	-1	-1	-1	-1	-1	-1	-1	-1	-1	-1	-1	-1	-1	-1	-1	-1	-1
1554	10	0	625	84	-1	-1	-1	-1	-1	-1	-1	-1	-1	-1	-1	-1	-1	-1	-1	-1	-1	-1
1555	16	0	626	85	-1	-1	-1	-1	-1	-1	-1	-1	-1	-1	-1	-1	-1	-1	-1	-1	-1	-1
1556	26	0	627	86	-1	-1	-1	-1	-1	-1	-1	-1	-1	-1	-1	-1	-1	-1	-1	-1	-1	-1
1557	41	0	628	-1	-1	-1	-1	-1	-1	-1	-1	-1	-1	-1	-1	-1	-1	-1	-1	-1	-1	-1
1558	61	0	629	88	-1	-1	-1	-1	-1	-1	-1	-1	-1	-1	-1	-1	-1	-1	-1	-1	-1	-1
1559	88	0	629	89	-1	-1	-1	-1	-1	-1	-1	-1	-1	-1	-1	-1	-1	-1	-1	-1	-1	-1
1560	4	0	621	-1	-1	-1	-1	-1	-1	-1	-1	-1	-1	-1	-1	-1	-1	-1	-1	-1	-1	-1
1561	5	0	622	-1	-1	-1	-1	-1	-1	-1	-1	-1	-1	-1	-1	-1	-1	-1	-1	-1	-1	-1
1562	6	0	623	-1	-1	-1	-1	-1	-1	-1	-1	-1	-1	-1	-1	-1	-1	-1	-1	-1	-1	-1
1563	8	0	624	16	59	-1	-1	-1	-1	-1	-1	-1	-1	-1	-1	-1	-1	-1	-1	-1	-1	-1
1564	10	0	625	17	60	-1	-1	-1	-1	-1	-1	-1	-1	-1	-1	-1	-1	-1	-1	-1	-1	-1
1565	16	0	626	18	61	-1	-1	-1	-1	-1	-1	-1	-1	-1	-1	-1	-1	-1	-1	-1	-1	-1
1566	26	0	627	19	62	-1	-1	-1	-1	-1	-1	-1	-1	-1	-1	-1	-1	-1	-1	-1	-1	-1
1567	41	0	628	20	63	-1	-1	-1	-1	-1	-1	-1	-1	-1	-1	-1	-1	-1	-1	-1	-1	-1
1568	61	0	629	21	64	-1	-1	-1	-1	-1	-1	-1	-1	-1	-1	-1	-1	-1	-1	-1	-1	-1
1569	88	0	629	22	65	-1	-1	-1	-1	-1	-1	-1	-1	-1	-1	-1	-1	-1	-1	-1	-1	-1
1570	4	0	621	-1	-1	-1	-1	-1	-1	-1	-1	-1	-1	-1	-1	-1	-1	-1	-1	-1	-1	-1
1571	5	0	622	-1	-1	-1	-1	-1	-1	-1	-1	-1	-1	-1	-1	-1	-1	-1	-1	-1	-1	-1
1572	6	0	623	82	-1	-1	-1	-1	-1	-1	-1	-1	-1	-1	-1	-1	-1	-1	-1	-1	-1	-1
1573	8	0	624	71	83	-1	-1	-1	-1	-1	-1	-1	-1	-1	-1	-1	-1	-1	-1	-1	-1	-1
1574	10	0	625	72	84	-1	-1	-1	-1	-1	-1	-1	-1	-1	-1	-1	-1	-1	-1	-1	-1	-1
1575	16	0	626	73	85	-1	-1	-1	-1	-1	-1	-1	-1	-1	-1	-1	-1	-1	-1	-1	-1	-1
1576	26	0	627	74	86	-1	-1	-1	-1	-1	-1	-1	-1	-1	-1	-1	-1	-1	-1	-1	-1	-1
1577	41	0	628	75	-1	-1	-1	-1	-1	-1	-1	-1	-1	-1	-1	-1	-1	-1	-1	-1	-1	-1
1578	61	0	629	76	88	-1	-1	-1	-1	-1	-1	-1	-1	-1	-1	-1	-1	-1	-1	-1	-1	-1
1579	88	0	629	77	89	-1	-1	-1	-1	-1	-1	-1	-1	-1	-1	-1	-1	-1	-1	-1	-1	-1
1580	4	0	621	-1	-1	-1	-1	-1	-1	-1	-1	-1	-1	-1	-1	-1	-1	-1	-1	-1	-1	-1
1581	5	0	622	-1	-1	-1	-1	-1	-1	-1	-1	-1	-1	-1	-1	-1	-1	-1	-1	-1	-1	-1
1582	6	0	623	-1	-1	-1	-1	-1	-1	-1	-1	-1	-1	-1	-1	-1	-1	-1	-1	-1	-1	-1
1583	8	0	624	16	59	-1	-1	-1	-1	-1	-1	-1	-1	-1	-1	-1	-1	-1	-1	-1	-1	-1
1584	10	0	625	17	60	-1	-1	-1	-1	-1	-1	-1	-1	-1	-1	-1	-1	-1	-1	-1	-1	-1
1585	16	0	626	18	61	-1	-1	-1	-1	-1	-1	-1	-1	-1	-1	-1	-1	-1	-1	-1	-1	-1
1586	26	0	627	19	62	-1	-1	-1	-1	-1	-1	-1	-1	-1	-1	-1	-1	-1	-1	-1	-1	-1
1587	41	0	628	20	63	-1	-1	-1	-1	-1	-1	-1	-1	-1	-1	-1	-1	-1	-1	-1	-1	-1
1588	61	0	629	21	64	-1	-1	-1	-1	-1	-1	-1	-1	-1	-1	-1	-1	-1	-1	-1	-1	-1
1589	88	0	629	22	65	-1	-1	-1	-1	-1	-1	-1	-1	-1	-1	-1	-1	-1	-1	-1	-1	-1
1590	5	0	621	-1	-1	-1	-1	-1	-1	-1	-1	-1	-1	-1	-1	-1	-1	-1	-1	-1	-1	-1
1591	6	0	622	-1	-1	-1	-1	-1	-1	-1	-1	-1	-1	-1	-1	-1	-1	-1	-1	-1	-1	-1
1592	8	0	623	-1	-1	-1	-1	-1	-1	-1	-1	-1	-1	-1	-1	-1	-1	-1	-1	-1	-1	-1
1593	10	0	624	16	59	-1	-1	-1	-1	-1	-1	-1	-1	-1	-1	-1	-1	-1	-1	-1	-1	-1
1594	13	0	625	17	60	-1	-1	-1	-1	-1	-1	-1	-1	-1	-1	-1	-1	-1	-1	-1	-1	-1
1595	21	0	626	18	61	-1	-1	-1	-1	-1	-1	-1	-1	-1	-1	-1	-1	-1	-1	-1	-1	-1
1596	33	0	627	19	62	-1	-1	-1	-1	-1	-1	-1	-1	-1	-1	-1	-1	-1	-1	-1	-1	-1
1597	51	0	628	20	63	-1	-1	-1	-1	-1	-1	-1	-1	-1	-1	-1	-1	-1	-1	-1	-1	-1
1598	74	0	629	21	64	-1	-1	-1	-1	-1	-1	-1	-1	-1	-1	-1	-1	-1	-1	-1	-1	-1
1599	88	0	629	22	65	-1	-1	-1	-1	-1	-1	-1	-1	-1	-1	-1	-1	-1	-1	-1	-1	-1
1600	5	0	621	-1	-1	-1	-1	-1	-1	-1	-1	-1	-1	-1	-1	-1	-1	-1	-1	-1	-1	-1
1601	6	0	622	-1	-1	-1	-1	-1	-1	-1	-1	-1	-1	-1	-1	-1	-1	-1	-1	-1	-1	-1
1602	8	0	623	-1	-1	-1	-1	-1	-1	-1	-1	-1	-1	-1	-1	-1	-1	-1	-1	-1	-1	-1
1603	10	0	624	16	59	-1	-1	-1	-1	-1	-1	-1	-1	-1	-1	-1	-1	-1	-1	-1	-1	-1
1604	13	0	625	17	60	-1	-1	-1	-1	-1	-1	-1	-1	-1	-1	-1	-1	-1	-1	-1	-1	-1
1605	21	0	626	18	61	-1	-1	-1	-1	-1	-1	-1	-1	-1	-1	-1	-1	-1	-1	-1	-1	-1
1606	33	0	627	19	62	-1	-1	-1	-1	-1	-1	-1	-1	-1	-1	-1	-1	-1	-1	-1	-1	-1
1607	51	0	628	20	63	-1	-1	-1	-1	-1	-1	-1	-1	-1	-1	-1	-1	-1	-1	-1	-1	-1
1608	74	0	629	21	64	-1	-1	-1	-1	-1	-1	-1	-1	-1	-1	-1	-1	-1	-1	-1	-1	-1
1609	88	0	629	22	65	-1	-1	-1	-1	-1	-1	-1	-1	-1	-1	-1	-1	-1	-1	-1	-1	-1
1610	22	1	621	-1	-1	-1	-1	-1	-1	-1	-1	-1	-1	-1	-1	-1	-1	-1	-1	-1	-1	-1
1611	26	1	622	-1	-1	-1	-1	-1	-1	-1	-1	-1	-1	-1	-1	-1	-1	-1	-1	-1	-1	-1
1612	32	1	623	-1	-1	-1	-1	-1	-1	-1	-1	-1	-1	-1	-1	-1	-1	-1	-1	-1	-1	-1
1613	41	1	624	16	59	-1	-1	-1	-1	-1	-1	-1	-1	-1	-1	-1	-1	-1	-1	-1	-1	-1
1614	52	1	625	17	60	-1	-1	-1	-1	-1	-1	-1	-1	-1	-1	-1	-1	-1	-1	-1	-1	-1
1615	84	1	626	18	61	-1	-1	-1	-1	-1	-1	-1	-1	-1	-1	-1	-1	-1	-1	-1	-1	-1
1616	134	1	627	19	62	-1	-1	-1	-1	-1	-1	-1	-1	-1	-1	-1	-1	-1	-1	-1	-1	-1
1617	204	1	628	20	63	-1	-1	-1	-1	-1	-1	-1	-1	-1	-1	-1	-1	-1	-1	-1	-1	-1
1618	297	1	629	21	64	-1	-1	-1	-1	-1	-1	-1	-1	-1	-1	-1	-1	-1	-1	-1	-1	-1
1619	354	1	629	22	65	-1	-1	-1	-1	-1	-1	-1	-1	-1	-1	-1	-1	-1	-1	-1	-1	-1
1620	22	1	621	-1	-1	-1	-1	-1	-1	-1	-1	-1	-1	-1	-1	-1	-1	-1	-1	-1	-1	-1
1621	26	1	622	-1	-1	-1	-1	-1	-1	-1	-1	-1	-1	-1	-1	-1	-1	-1	-1	-1	-1	-1
1622	32	1	623	-1	-1	-1	-1	-1	-1	-1	-1	-1	-1	-1	-1	-1	-1	-1	-1	-1	-1	-1
1623	41	1	624	16	59	-1	-1	-1	-1	-1	-1	-1	-1	-1	-1	-1	-1	-1	-1	-1	-1	-1
1624	52	1	625	17	60	-1	-1	-1	-1	-1	-1	-1	-1	-1	-1	-1	-1	-1	-1	-1	-1	-1
1625	84	1	626	18	61	-1	-1	-1	-1	-1	-1	-1	-1	-1	-1	-1	-1	-1	-1	-1	-1	-1
1626	134	1	627	19	62	-1	-1	-1	-1	-1	-1	-1	-1	-1	-1	-1	-1	-1	-1	-1	-1	-1
1627	204	1	628	20	63	-1	-1	-1	-1	-1	-1	-1	-1	-1	-1	-1	-1	-1	-1	-1	-1	-1
1628	297	1	629	21	64	-1	-1	-1	-1	-1	-1	-1	-1	-1	-1	-1	-1	-1	-1	-1	-1	-1
1629	354	1	629	22	65	-1	-1	-1	-1	-1	-1	-1	-1	-1	-1	-1	-1	-1	-1	-1	-1	-1
1630	22	1	621	-1	-1	-1	-1	-1	-1	-1	-1	-1	-1	-1	-1	-1	-1	-1	-1	-1	-1	-1
1631	26	1	622	-1	-1	-1	-1	-1	-1	-1	-1	-1	-1	-1	-1	-1	-1	-1	-1	-1	-1	-1
1632	32	1	623	-1	-1	-1	-1	-1	-1	-1	-1	-1	-1	-1	-1	-1	-1	-1	-1	-1	-1	-1
1633	41	1	624	16	59	-1	-1	-1	-1	-1	-1	-1	-1	-1	-1	-1	-1	-1	-1	-1	-1	-1
1634	52	1	625	17	60	-1	-1	-1	-1	-1	-1	-1	-1	-1	-1	-1	-1	-1	-1	-1	-1	-1
1635	84	1	626	18	61	-1	-1	-1	-1	-1	-1	-1	-1	-1	-1	-1	-1	-1	-1	-1	-1	-1
1636	134	1	627	19	62	-1	-1	-1	-1	-1	-1	-1	-1	-1	-1	-1	-1	-1	-1	-1	-1	-1
1637	204	1	628	20	63	-1	-1	-1	-1	-1	-1	-1	-1	-1	-1	-1	-1	-1	-1	-1	-1	-1
1638	297	1	629	21	64	-1	-1	-1	-1	-1	-1	-1	-1	-1	-1	-1	-1	-1	-1	-1	-1	-1
1639	354	1	629	22	65	-1	-1	-1	-1	-1	-1	-1	-1	-1	-1	-1	-1	-1	-1	-1	-1	-1
1640	18	1	622	-1	-1	-1	-1	-1	-1	-1	-1	-1	-1	-1	-1	-1	-1	-1	-1	-1	-1	-1
1641	22	1	623	-1	-1	-1	-1	-1	-1	-1	-1	-1	-1	-1	-1	-1	-1	-1	-1	-1	-1	-1
1642	26	1	624	16	59	-1	-1	-1	-1	-1	-1	-1	-1	-1	-1	-1	-1	-1	-1	-1	-1	-1
1643	32	1	625	17	60	-1	-1	-1	-1	-1	-1	-1	-1	-1	-1	-1	-1	-1	-1	-1	-1	-1
1644	41	1	626	18	61	-1	-1	-1	-1	-1	-1	-1	-1	-1	-1	-1	-1	-1	-1	-1	-1	-1
1645	66	1	627	19	62	-1	-1	-1	-1	-1	-1	-1	-1	-1	-1	-1	-1	-1	-1	-1	-1	-1
1646	107	1	628	20	63	-1	-1	-1	-1	-1	-1	-1	-1	-1	-1	-1	-1	-1	-1	-1	-1	-1
1647	166	1	629	21	64	-1	-1	-1	-1	-1	-1	-1	-1	-1	-1	-1	-1	-1	-1	-1	-1	-1
1648	247	1	629	22	65	-1	-1	-1	-1	-1	-1	-1	-1	-1	-1	-1	-1	-1	-1	-1	-1	-1
1649	354	1	629	22	65	-1	-1	-1	-1	-1	-1	-1	-1	-1	-1	-1	-1	-1	-1	-1	-1	-1
1650	22	1	708	708	708	824	-1	-1	-1	-1	-1	-1	-1	-1	-1	-1	-1	-1	-1	-1	-1	-1
1651	26	1	709	709	709	825	-1	-1	-1	-1	-1	-1	-1	-1	-1	-1	-1	-1	-1	-1	-1	-1
1652	32	1	710	710	710	826	-1	-1	-1	-1	-1	-1	-1	-1	-1	-1	-1	-1	-1	-1	-1	-1
1653	41	1	711	711	711	827	-1	-1	-1	-1	-1	-1	-1	-1	-1	-1	-1	-1	-1	-1	-1	-1
1654	52	1	712	712	712	828	-1	-1	-1	-1	-1	-1	-1	-1	-1	-1	-1	-1	-1	-1	-1	-1
1655	84	1	713	713	713	829	-1	-1	-1	-1	-1	-1	-1	-1	-1	-1	-1	-1	-1	-1	-1	-1
1656	134	1	714	714	714	830	-1	-1	-1	-1	-1	-1	-1	-1	-1	-1	-1	-1	-1	-1	-1	-1
1657	204	1	715	715	715	831	-1	-1	-1	-1	-1	-1	-1	-1	-1	-1	-1	-1	-1	-1	-1	-1
1658	297	1	716	716	716	832	-1	-1	-1	-1	-1	-1	-1	-1	-1	-1	-1	-1	-1	-1	-1	-1
1659	354	1	717	717	717	833	-1	-1	-1	-1	-1	-1	-1	-1	-1	-1	-1	-1	-1	-1	-1	-1
1660	22	1	708	708	708	824	-1	-1	-1	-1	-1	-1	-1	-1	-1	-1	-1	-1	-1	-1	-1	-1
1661	26	1	709	709	709	825	-1	-1	-1	-1	-1	-1	-1	-1	-1	-1	-1	-1	-1	-1	-1	-1
1662	32	1	710	710	710	826	-1	-1	-1	-1	-1	-1	-1	-1	-1	-1	-1	-1	-1	-1	-1	-1
1663	41	1	711	711	711	827	-1	-1	-1	-1	-1	-1	-1	-1	-1	-1	-1	-1	-1	-1	-1	-1
1664	52	1	712	712	712	828	-1	-1	-1	-1	-1	-1	-1	-1	-1	-1	-1	-1	-1	-1	-1	-1
1665	84	1	713	713	713	829	-1	-1	-1	-1	-1	-1	-1	-1	-1	-1	-1	-1	-1	-1	-1	-1
1666	134	1	714	714	714	830	-1	-1	-1	-1	-1	-1	-1	-1	-1	-1	-1	-1	-1	-1	-1	-1
1667	204	1	715	715	715	831	-1	-1	-1	-1	-1	-1	-1	-1	-1	-1	-1	-1	-1	-1	-1	-1
1668	297	1	716	716	716	832	-1	-1	-1	-1	-1	-1	-1	-1	-1	-1	-1	-1	-1	-1	-1	-1
1669	354	1	717	717	717	833	-1	-1	-1	-1	-1	-1	-1	-1	-1	-1	-1	-1	-1	-1	-1	-1
1670	22	1	708	708	708	824	-1	-1	-1	-1	-1	-1	-1	-1	-1	-1	-1	-1	-1	-1	-1	-1
1671	26	1	709	709	709	825	-1	-1	-1	-1	-1	-1	-1	-1	-1	-1	-1	-1	-1	-1	-1	-1
1672	32	1	710	710	710	826	-1	-1	-1	-1	-1	-1	-1	-1	-1	-1	-1	-1	-1	-1	-1	-1
1673	41	1	711	711	711	827	-1	-1	-1	-1	-1	-1	-1	-1	-1	-1	-1	-1	-1	-1	-1	-1
1674	52	1	712	712	712	828	-1	-1	-1	-1	-1	-1	-1	-1	-1	-1	-1	-1	-1	-1	-1	-1
1675	84	1	713	713	713	829	-1	-1	-1	-1	-1	-1	-1	-1	-1	-1	-1	-1	-1	-1	-1	-1
1676	134	1	714	714	714	830	-1	-1	-1	-1	-1	-1	-1	-1	-1	-1	-1	-1	-1	-1	-1	-1
1677	204	1	715	715	715	831	-1	-1	-1	-1	-1	-1	-1	-1	-1	-1	-1	-1	-1	-1	-1	-1
1678	297	1	716	716	716	832	-1	-1	-1	-1	-1	-1	-1	-1	-1	-1	-1	-1	-1	-1	-1	-1
1679	354	1	717	717	717	833	-1	-1	-1	-1	-1	-1	-1	-1	-1	-1	-1	-1	-1	-1	-1	-1
1680	22	1	708	708	708	824	-1	-1	-1	-1	-1	-1	-1	-1	-1	-1	-1	-1	-1	-1	-1	-1
1681	26	1	709	709	709	825	-1	-1	-1	-1	-1	-1	-1	-1	-1	-1	-1	-1	-1	-1	-1	-1
1682	32	1	710	710	710	826	-1	-1	-1	-1	-1	-1	-1	-1	-1	-1	-1	-1	-1	-1	-1	-1
1683	41	1	711	711	711	827	-1	-1	-1	-1	-1	-1	-1	-1	-1	-1	-1	-1	-1	-1	-1	-1
1684	52	1	712	712	712	828	-1	-1	-1	-1	-1	-1	-1	-1	-1	-1	-1	-1	-1	-1	-1	-1
1685	84	1	713	713	713	829	-1	-1	-1	-1	-1	-1	-1	-1	-1	-1	-1	-1	-1	-1	-1	-1
1686	134	1	714	714	714	830	-1	-1	-1	-1	-1	-1	-1	-1	-1	-1	-1	-1	-1	-1	-1	-1
1687	204	1	715	715	715	831	-1	-1	-1	-1	-1	-1	-1	-1	-1	-1	-1	-1	-1	-1	-1	-1
1688	297	1	716	716	716	832	-1	-1	-1	-1	-1	-1	-1	-1	-1	-1	-1	-1	-1	-1	-1	-1
1689	354	1	717	717	717	833	-1	-1	-1	-1	-1	-1	-1	-1	-1	-1	-1	-1	-1	-1	-1	-1
1690	22	1	708	708	708	824	-1	-1	-1	-1	-1	-1	-1	-1	-1	-1	-1	-1	-1	-1	-1	-1
1691	26	1	709	709	709	825	-1	-1	-1	-1	-1	-1	-1	-1	-1	-1	-1	-1	-1	-1	-1	-1
1692	32	1	710	710	710	826	-1	-1	-1	-1	-1	-1	-1	-1	-1	-1	-1	-1	-1	-1	-1	-1
1693	41	1	711	711	711	827	-1	-1	-1	-1	-1	-1	-1	-1	-1	-1	-1	-1	-1	-1	-1	-1
1694	52	1	712	712	712	828	-1	-1	-1	-1	-1	-1	-1	-1	-1	-1	-1	-1	-1	-1	-1	-1
1695	84	1	713	713	713	829	-1	-1	-1	-1	-1	-1	-1	-1	-1	-1	-1	-1	-1	-1	-1	-1
1696	134	1	714	714	714	830	-1	-1	-1	-1	-1	-1	-1	-1	-1	-1	-1	-1	-1	-1	-1	-1
1697	204	1	715	715	715	831	-1	-1	-1	-1	-1	-1	-1	-1	-1	-1	-1	-1	-1	-1	-1	-1
1698	297	1	716	716	716	832	-1	-1	-1	-1	-1	-1	-1	-1	-1	-1	-1	-1	-1	-1	-1	-1
1699	354	1	717	717	717	833	-1	-1	-1	-1	-1	-1	-1	-1	-1	-1	-1	-1	-1	-1	-1	-1
1700	22	1	708	708	708	824	-1	-1	-1	-1	-1	-1	-1	-1	-1	-1	-1	-1	-1	-1	-1	-1
1701	26	1	709	709	709	825	-1	-1	-1	-1	-1	-1	-1	-1	-1	-1	-1	-1	-1	-1	-1	-1
1702	32	1	710	710	710	826	-1	-1	-1	-1	-1	-1	-1	-1	-1	-1	-1	-1	-1	-1	-1	-1
1703	41	1	711	711	711	827	-1	-1	-1	-1	-1	-1	-1	-1	-1	-1	-1	-1	-1	-1	-1	-1
1704	52	1	712	712	712	828	-1	-1	-1	-1	-1	-1	-1	-1	-1	-1	-1	-1	-1	-1	-1	-1
1705	84	1	713	713	713	829	-1	-1	-1	-1	-1	-1	-1	-1	-1	-1	-1	-1	-1	-1	-1	-1
1706	134	1	714	714	714	830	-1	-1	-1	-1	-1	-1	-1	-1	-1	-1	-1	-1	-1	-1	-1	-1
1707	204	1	715	715	715	831	-1	-1	-1	-1	-1	-1	-1	-1	-1	-1	-1	-1	-1	-1	-1	-1
1708	297	1	716	716	716	832	-1	-1	-1	-1	-1	-1	-1	-1	-1	-1	-1	-1	-1	-1	-1	-1
1709	354	1	717	717	717	833	-1	-1	-1	-1	-1	-1	-1	-1	-1	-1	-1	-1	-1	-1	-1	-1
1710	22	1	708	708	708	824	-1	-1	-1	-1	-1	-1	-1	-1	-1	-1	-1	-1	-1	-1	-1	-1
1711	26	1	709	709	709	825	-1	-1	-1	-1	-1	-1	-1	-1	-1	-1	-1	-1	-1	-1	-1	-1
1712	32	1	710	710	710	826	-1	-1	-1	-1	-1	-1	-1	-1	-1	-1	-1	-1	-1	-1	-1	-1
1713	41	1	711	711	711	827	-1	-1	-1	-1	-1	-1	-1	-1	-1	-1	-1	-1	-1	-1	-1	-1
1714	52	1	712	712	712	828	-1	-1	-1	-1	-1	-1	-1	-1	-1	-1	-1	-1	-1	-1	-1	-1
1715	84	1	713	713	713	829	-1	-1	-1	-1	-1	-1	-1	-1	-1	-1	-1	-1	-1	-1	-1	-1
1716	134	1	714	714	714	830	-1	-1	-1	-1	-1	-1	-1	-1	-1	-1	-1	-1	-1	-1	-1	-1
1717	204	1	715	715	715	831	-1	-1	-1	-1	-1	-1	-1	-1	-1	-1	-1	-1	-1	-1	-1	-1
1718	297	1	716	716	716	832	-1	-1	-1	-1	-1	-1	-1	-1	-1	-1	-1	-1	-1	-1	-1	-1
1719	354	1	717	717	717	833	-1	-1	-1	-1	-1	-1	-1	-1	-1	-1	-1	-1	-1	-1	-1	-1
1720	22	1	708	708	708	824	-1	-1	-1	-1	-1	-1	-1	-1	-1	-1	-1	-1	-1	-1	-1	-1
1721	26	1	709	709	709	825	-1	-1	-1	-1	-1	-1	-1	-1	-1	-1	-1	-1	-1	-1	-1	-1
1722	32	1	710	710	710	826	-1	-1	-1	-1	-1	-1	-1	-1	-1	-1	-1	-1	-1	-1	-1	-1
1723	41	1	711	711	711	827	-1	-1	-1	-1	-1	-1	-1	-1	-1	-1	-1	-1	-1	-1	-1	-1
1724	52	1	712	712	712	828	-1	-1	-1	-1	-1	-1	-1	-1	-1	-1	-1	-1	-1	-1	-1	-1
1725	84	1	713	713	713	829	-1	-1	-1	-1	-1	-1	-1	-1	-1	-1	-1	-1	-1	-1	-1	-1
1726	134	1	714	714	714	830	-1	-1	-1	-1	-1	-1	-1	-1	-1	-1	-1	-1	-1	-1	-1	-1
1727	204	1	715	715	715	831	-1	-1	-1	-1	-1	-1	-1	-1	-1	-1	-1	-1	-1	-1	-1	-1
1728	297	1	716	716	716	832	-1	-1	-1	-1	-1	-1	-1	-1	-1	-1	-1	-1	-1	-1	-1	-1
1729	354	1	717	717	717	833	-1	-1	-1	-1	-1	-1	-1	-1	-1	-1	-1	-1	-1	-1	-1	-1
1730	22	1	708	708	708	824	-1	-1	-1	-1	-1	-1	-1	-1	-1	-1	-1	-1	-1	-1	-1	-1
1731	26	1	709	709	709	825	-1	-1	-1	-1	-1	-1	-1	-1	-1	-1	-1	-1	-1	-1	-1	-1
1732	32	1	710	710	710	826	-1	-1	-1	-1	-1	-1	-1	-1	-1	-1	-1	-1	-1	-1	-1	-1
1733	41	1	711	711	711	827	-1	-1	-1	-1	-1	-1	-1	-1	-1	-1	-1	-1	-1	-1	-1	-1
1734	52	1	712	712	712	828	-1	-1	-1	-1	-1	-1	-1	-1	-1	-1	-1	-1	-1	-1	-1	-1
1735	84	1	713	713	713	829	-1	-1	-1	-1	-1	-1	-1	-1	-1	-1	-1	-1	-1	-1	-1	-1
1736	134	1	714	714	714	830	-1	-1	-1	-1	-1	-1	-1	-1	-1	-1	-1	-1	-1	-1	-1	-1
1737	204	1	715	715	715	831	-1	-1	-1	-1	-1	-1	-1	-1	-1	-1	-1	-1	-1	-1	-1	-1
1738	297	1	716	716	716	832	-1	-1	-1	-1	-1	-1	-1	-1	-1	-1	-1	-1	-1	-1	-1	-1
1739	354	1	717	717	717	833	-1	-1	-1	-1	-1	-1	-1	-1	-1	-1	-1	-1	-1	-1	-1	-1
1740	22	1	708	708	708	824	-1	-1	-1	-1	-1	-1	-1	-1	-1	-1	-1	-1	-1	-1	-1	-1
1741	26	1	709	709	709	825	-1	-1	-1	-1	-1	-1	-1	-1	-1	-1	-1	-1	-1	-1	-1	-1
1742	32	1	710	710	710	826	-1	-1	-1	-1	-1	-1	-1	-1	-1	-1	-1	-1	-1	-1	-1	-1
1743	41	1	711	711	711	827	-1	-1	-1	-1	-1	-1	-1	-1	-1	-1	-1	-1	-1	-1	-1	-1
1744	52	1	712	712	712	828	-1	-1	-1	-1	-1	-1	-1	-1	-1	-1	-1	-1	-1	-1	-1	-1
1745	84	1	713	713	713	829	-1	-1	-1	-1	-1	-1	-1	-1	-1	-1	-1	-1	-1	-1	-1	-1
1746	134	1	714	714	714	830	-1	-1	-1	-1	-1	-1	-1	-1	-1	-1	-1	-1	-1	-1	-1	-1
1747	204	1	715	715	715	831	-1	-1	-1	-1	-1	-1	-1	-1	-1	-1	-1	-1	-1	-1	-1	-1
1748	297	1	716	716	716	832	-1	-1	-1	-1	-1	-1	-1	-1	-1	-1	-1	-1	-1	-1	-1	-1
1749	354	1	717	717	717	833	-1	-1	-1	-1	-1	-1	-1	-1	-1	-1	-1	-1	-1	-1	-1	-1
1750	22	1	708	708	708	824	-1	-1	-1	-1	-1	-1	-1	-1	-1	-1	-1	-1	-1	-1	-1	-1
1751	26	1	709	709	709	825	-1	-1	-1	-1	-1	-1	-1	-1	-1	-1	-1	-1	-1	-1	-1	-1
1752	32	1	710	710	710	826	-1	-1	-1	-1	-1	-1	-1	-1	-1	-1	-1	-1	-1	-1	-1	-1
1753	41	1	711	711	711	827	-1	-1	-1	-1	-1	-1	-1	-1	-1	-1	-1	-1	-1	-1	-1	-1
1754	52	1	712	712	712	828	-1	-1	-1	-1	-1	-1	-1	-1	-1	-1	-1	-1	-1	-1	-1	-1
1755	84	1	713	713	713	829	-1	-1	-1	-1	-1	-1	-1	-1	-1	-1	-1	-1	-1	-1	-1	-1
1756	134	1	714	714	714	830	-1	-1	-1	-1	-1	-1	-1	-1	-1	-1	-1	-1	-1	-1	-1	-1
1757	204	1	715	715	715	831	-1	-1	-1	-1	-1	-1	-1	-1	-1	-1	-1	-1	-1	-1	-1	-1
1758	297	1	716	716	716	832	-1	-1	-1	-1	-1	-1	-1	-1	-1	-1	-1	-1	-1	-1	-1	-1
1759	354	1	717	717	717	833	-1	-1	-1	-1	-1	-1	-1	-1	-1	-1	-1	-1	-1	-1	-1	-1
1760	22	1	708	708	708	824	-1	-1	-1	-1	-1	-1	-1	-1	-1	-1	-1	-1	-1	-1	-1	-1
1761	26	1	709	709	709	825	-1	-1	-1	-1	-1	-1	-1	-1	-1	-1	-1	-1	-1	-1	-1	-1
1762	32	1	710	710	710	826	-1	-1	-1	-1	-1	-1	-1	-1	-1	-1	-1	-1	-1	-1	-1	-1
1763	41	1	711	711	711	827	-1	-1	-1	-1	-1	-1	-1	-1	-1	-1	-1	-1	-1	-1	-1	-1
1764	52	1	712	712	712	828	-1	-1	-1	-1	-1	-1	-1	-1	-1	-1	-1	-1	-1	-1	-1	-1
1765	84	1	713	713	713	829	-1	-1	-1	-1	-1	-1	-1	-1	-1	-1	-1	-1	-1	-1	-1	-1
1766	134	1	714	714	714	830	-1	-1	-1	-1	-1	-1	-1	-1	-1	-1	-1	-1	-1	-1	-1	-1
1767	204	1	715	715	715	831	-1	-1	-1	-1	-1	-1	-1	-1	-1	-1	-1	-1	-1	-1	-1	-1
1768	297	1	716	716	716	832	-1	-1	-1	-1	-1	-1	-1	-1	-1	-1	-1	-1	-1	-1	-1	-1
1769	354	1	717	717	717	833	-1	-1	-1	-1	-1	-1	-1	-1	-1	-1	-1	-1	-1	-1	-1	-1
1770	4	1	-1	-1	-1	-1	-1	-1	-1	-1	-1	-1	-1	-1	-1	-1	-1	-1	-1	-1	-1	-1
1771	5	1	-1	-1	-1	-1	-1	-1	-1	-1	-1	-1	-1	-1	-1	-1	-1	-1	-1	-1	-1	-1
1772	6	1	17169	-1	-1	-1	-1	-1	-1	-1	-1	-1	-1	-1	-1	-1	-1	-1	-1	-1	-1	-1
1773	8	1	17170	-1	-1	-1	-1	-1	-1	-1	-1	-1	-1	-1	-1	-1	-1	-1	-1	-1	-1	-1
1774	10	1	17171	-1	-1	-1	-1	-1	-1	-1	-1	-1	-1	-1	-1	-1	-1	-1	-1	-1	-1	-1
1775	16	1	17173	-1	-1	-1	-1	-1	-1	-1	-1	-1	-1	-1	-1	-1	-1	-1	-1	-1	-1	-1
1776	26	1	17174	-1	-1	-1	-1	-1	-1	-1	-1	-1	-1	-1	-1	-1	-1	-1	-1	-1	-1	-1
1777	41	1	17175	-1	-1	-1	-1	-1	-1	-1	-1	-1	-1	-1	-1	-1	-1	-1	-1	-1	-1	-1
1778	61	1	17176	-1	-1	-1	-1	-1	-1	-1	-1	-1	-1	-1	-1	-1	-1	-1	-1	-1	-1	-1
1779	88	1	17177	-1	-1	-1	-1	-1	-1	-1	-1	-1	-1	-1	-1	-1	-1	-1	-1	-1	-1	-1
1780	4	1	-1	-1	-1	-1	-1	-1	-1	-1	-1	-1	-1	-1	-1	-1	-1	-1	-1	-1	-1	-1
1781	5	1	-1	-1	-1	-1	-1	-1	-1	-1	-1	-1	-1	-1	-1	-1	-1	-1	-1	-1	-1	-1
1782	6	1	17178	-1	-1	-1	-1	-1	-1	-1	-1	-1	-1	-1	-1	-1	-1	-1	-1	-1	-1	-1
1783	8	1	17179	-1	-1	-1	-1	-1	-1	-1	-1	-1	-1	-1	-1	-1	-1	-1	-1	-1	-1	-1
1784	10	1	17180	-1	-1	-1	-1	-1	-1	-1	-1	-1	-1	-1	-1	-1	-1	-1	-1	-1	-1	-1
1785	16	1	17181	-1	-1	-1	-1	-1	-1	-1	-1	-1	-1	-1	-1	-1	-1	-1	-1	-1	-1	-1
1786	26	1	17182	-1	-1	-1	-1	-1	-1	-1	-1	-1	-1	-1	-1	-1	-1	-1	-1	-1	-1	-1
1787	41	1	17183	-1	-1	-1	-1	-1	-1	-1	-1	-1	-1	-1	-1	-1	-1	-1	-1	-1	-1	-1
1788	61	1	17184	-1	-1	-1	-1	-1	-1	-1	-1	-1	-1	-1	-1	-1	-1	-1	-1	-1	-1	-1
1789	88	1	17185	-1	-1	-1	-1	-1	-1	-1	-1	-1	-1	-1	-1	-1	-1	-1	-1	-1	-1	-1
1790	4	1	-1	-1	-1	-1	-1	-1	-1	-1	-1	-1	-1	-1	-1	-1	-1	-1	-1	-1	-1	-1
1791	5	1	-1	-1	-1	-1	-1	-1	-1	-1	-1	-1	-1	-1	-1	-1	-1	-1	-1	-1	-1	-1
1792	6	1	17186	17187	-1	-1	-1	-1	-1	-1	-1	-1	-1	-1	-1	-1	-1	-1	-1	-1	-1	-1
1793	8	1	624	16	59	17188	-1	-1	-1	-1	-1	-1	-1	-1	-1	-1	-1	-1	-1	-1	-1	-1
1794	10	1	625	17	60	17189	-1	-1	-1	-1	-1	-1	-1	-1	-1	-1	-1	-1	-1	-1	-1	-1
1795	16	1	626	18	61	17190	-1	-1	-1	-1	-1	-1	-1	-1	-1	-1	-1	-1	-1	-1	-1	-1
1796	26	1	627	19	62	17191	-1	-1	-1	-1	-1	-1	-1	-1	-1	-1	-1	-1	-1	-1	-1	-1
1797	41	1	628	20	63	17192	17193	-1	-1	-1	-1	-1	-1	-1	-1	-1	-1	-1	-1	-1	-1	-1
1798	61	1	629	21	64	17194	-1	-1	-1	-1	-1	-1	-1	-1	-1	-1	-1	-1	-1	-1	-1	-1
1799	88	1	629	22	65	17195	-1	-1	-1	-1	-1	-1	-1	-1	-1	-1	-1	-1	-1	-1	-1	-1
1800	4	1	-1	-1	-1	-1	-1	-1	-1	-1	-1	-1	-1	-1	-1	-1	-1	-1	-1	-1	-1	-1
1801	5	1	-1	-1	-1	-1	-1	-1	-1	-1	-1	-1	-1	-1	-1	-1	-1	-1	-1	-1	-1	-1
1802	6	1	17196	17197	-1	-1	-1	-1	-1	-1	-1	-1	-1	-1	-1	-1	-1	-1	-1	-1	-1	-1
1803	8	1	624	16	59	17198	-1	-1	-1	-1	-1	-1	-1	-1	-1	-1	-1	-1	-1	-1	-1	-1
1804	10	1	625	17	60	17199	-1	-1	-1	-1	-1	-1	-1	-1	-1	-1	-1	-1	-1	-1	-1	-1
1805	16	1	626	18	61	17200	-1	-1	-1	-1	-1	-1	-1	-1	-1	-1	-1	-1	-1	-1	-1	-1
1806	26	1	627	19	62	17201	-1	-1	-1	-1	-1	-1	-1	-1	-1	-1	-1	-1	-1	-1	-1	-1
1807	41	1	628	20	63	17202	-1	-1	-1	-1	-1	-1	-1	-1	-1	-1	-1	-1	-1	-1	-1	-1
1808	61	1	629	21	64	17203	-1	-1	-1	-1	-1	-1	-1	-1	-1	-1	-1	-1	-1	-1	-1	-1
1809	88	1	629	22	65	17204	-1	-1	-1	-1	-1	-1	-1	-1	-1	-1	-1	-1	-1	-1	-1	-1
1810	18	1	621	-1	-1	-1	-1	-1	-1	-1	-1	-1	-1	-1	-1	-1	-1	-1	-1	-1	-1	-1
1811	22	1	622	-1	-1	-1	-1	-1	-1	-1	-1	-1	-1	-1	-1	-1	-1	-1	-1	-1	-1	-1
1812	26	1	623	-1	-1	-1	-1	-1	-1	-1	-1	-1	-1	-1	-1	-1	-1	-1	-1	-1	-1	-1
1813	32	1	624	16	59	-1	-1	-1	-1	-1	-1	-1	-1	-1	-1	-1	-1	-1	-1	-1	-1	-1
1814	41	1	625	17	60	-1	-1	-1	-1	-1	-1	-1	-1	-1	-1	-1	-1	-1	-1	-1	-1	-1
1815	66	1	626	18	61	-1	-1	-1	-1	-1	-1	-1	-1	-1	-1	-1	-1	-1	-1	-1	-1	-1
1816	107	1	627	19	62	-1	-1	-1	-1	-1	-1	-1	-1	-1	-1	-1	-1	-1	-1	-1	-1	-1
1817	166	1	628	20	63	-1	-1	-1	-1	-1	-1	-1	-1	-1	-1	-1	-1	-1	-1	-1	-1	-1
1818	247	1	629	21	64	-1	-1	-1	-1	-1	-1	-1	-1	-1	-1	-1	-1	-1	-1	-1	-1	-1
1819	354	1	629	22	65	-1	-1	-1	-1	-1	-1	-1	-1	-1	-1	-1	-1	-1	-1	-1	-1	-1
1820	18	1	621	-1	-1	-1	-1	-1	-1	-1	-1	-1	-1	-1	-1	-1	-1	-1	-1	-1	-1	-1
1821	22	1	622	-1	-1	-1	-1	-1	-1	-1	-1	-1	-1	-1	-1	-1	-1	-1	-1	-1	-1	-1
1822	26	1	623	-1	-1	-1	-1	-1	-1	-1	-1	-1	-1	-1	-1	-1	-1	-1	-1	-1	-1	-1
1823	32	1	624	16	59	-1	-1	-1	-1	-1	-1	-1	-1	-1	-1	-1	-1	-1	-1	-1	-1	-1
1824	41	1	625	17	60	-1	-1	-1	-1	-1	-1	-1	-1	-1	-1	-1	-1	-1	-1	-1	-1	-1
1825	66	1	626	18	61	-1	-1	-1	-1	-1	-1	-1	-1	-1	-1	-1	-1	-1	-1	-1	-1	-1
1826	107	1	627	19	62	-1	-1	-1	-1	-1	-1	-1	-1	-1	-1	-1	-1	-1	-1	-1	-1	-1
1827	166	1	628	20	63	-1	-1	-1	-1	-1	-1	-1	-1	-1	-1	-1	-1	-1	-1	-1	-1	-1
1828	247	1	629	21	64	-1	-1	-1	-1	-1	-1	-1	-1	-1	-1	-1	-1	-1	-1	-1	-1	-1
1829	354	1	629	22	65	-1	-1	-1	-1	-1	-1	-1	-1	-1	-1	-1	-1	-1	-1	-1	-1	-1
1830	18	1	621	-1	-1	-1	-1	-1	-1	-1	-1	-1	-1	-1	-1	-1	-1	-1	-1	-1	-1	-1
1831	22	1	622	-1	-1	-1	-1	-1	-1	-1	-1	-1	-1	-1	-1	-1	-1	-1	-1	-1	-1	-1
1832	26	1	623	-1	-1	-1	-1	-1	-1	-1	-1	-1	-1	-1	-1	-1	-1	-1	-1	-1	-1	-1
1833	32	1	624	16	59	-1	-1	-1	-1	-1	-1	-1	-1	-1	-1	-1	-1	-1	-1	-1	-1	-1
1834	41	1	625	17	60	-1	-1	-1	-1	-1	-1	-1	-1	-1	-1	-1	-1	-1	-1	-1	-1	-1
1835	66	1	626	18	61	-1	-1	-1	-1	-1	-1	-1	-1	-1	-1	-1	-1	-1	-1	-1	-1	-1
1836	107	1	627	19	62	-1	-1	-1	-1	-1	-1	-1	-1	-1	-1	-1	-1	-1	-1	-1	-1	-1
1837	166	1	628	20	63	-1	-1	-1	-1	-1	-1	-1	-1	-1	-1	-1	-1	-1	-1	-1	-1	-1
1838	247	1	629	21	64	-1	-1	-1	-1	-1	-1	-1	-1	-1	-1	-1	-1	-1	-1	-1	-1	-1
1839	354	1	629	22	65	-1	-1	-1	-1	-1	-1	-1	-1	-1	-1	-1	-1	-1	-1	-1	-1	-1
1840	18	1	621	-1	-1	-1	-1	-1	-1	-1	-1	-1	-1	-1	-1	-1	-1	-1	-1	-1	-1	-1
1841	22	1	622	-1	-1	-1	-1	-1	-1	-1	-1	-1	-1	-1	-1	-1	-1	-1	-1	-1	-1	-1
1842	26	1	623	-1	-1	-1	-1	-1	-1	-1	-1	-1	-1	-1	-1	-1	-1	-1	-1	-1	-1	-1
1843	32	1	624	16	59	-1	-1	-1	-1	-1	-1	-1	-1	-1	-1	-1	-1	-1	-1	-1	-1	-1
1844	41	1	625	17	60	-1	-1	-1	-1	-1	-1	-1	-1	-1	-1	-1	-1	-1	-1	-1	-1	-1
1845	66	1	626	18	61	-1	-1	-1	-1	-1	-1	-1	-1	-1	-1	-1	-1	-1	-1	-1	-1	-1
1846	107	1	627	19	62	-1	-1	-1	-1	-1	-1	-1	-1	-1	-1	-1	-1	-1	-1	-1	-1	-1
1847	166	1	628	20	63	-1	-1	-1	-1	-1	-1	-1	-1	-1	-1	-1	-1	-1	-1	-1	-1	-1
1848	247	1	629	21	64	-1	-1	-1	-1	-1	-1	-1	-1	-1	-1	-1	-1	-1	-1	-1	-1	-1
1849	354	1	629	22	65	-1	-1	-1	-1	-1	-1	-1	-1	-1	-1	-1	-1	-1	-1	-1	-1	-1
1850	10	1	17205	17206	17207	-1	-1	-1	-1	-1	-1	-1	-1	-1	-1	-1	-1	-1	-1	-1	-1	-1
1851	10	1	17208	17209	17210	17211	-1	-1	-1	-1	-1	-1	-1	-1	-1	-1	-1	-1	-1	-1	-1	-1
1852	10	1	17212	17213	17214	17215	17216	-1	-1	-1	-1	-1	-1	-1	-1	-1	-1	-1	-1	-1	-1	-1
1853	10	1	17217	17218	17219	17220	17221	17222	17223	-1	-1	-1	-1	-1	-1	-1	-1	-1	-1	-1	-1	-1
1854	10	1	17217	17218	17219	17220	17221	17222	17223	-1	-1	-1	-1	-1	-1	-1	-1	-1	-1	-1	-1	-1
1855	10	1	17217	17218	17219	17220	17221	17222	17223	-1	-1	-1	-1	-1	-1	-1	-1	-1	-1	-1	-1	-1
1856	10	1	17217	17218	17219	17220	17221	17222	17223	820	-1	-1	-1	-1	-1	-1	-1	-1	-1	-1	-1	-1
1857	10	1	17217	821	17218	17219	17220	17221	17222	17223	-1	-1	-1	-1	-1	-1	-1	-1	-1	-1	-1	-1
1858	10	1	17217	822	17218	17219	17220	17221	17222	17223	-1	-1	-1	-1	-1	-1	-1	-1	-1	-1	-1	-1
1859	10	1	17217	822	17218	17219	17220	17221	17222	17223	-1	-1	-1	-1	-1	-1	-1	-1	-1	-1	-1	-1
1860	4	0	621	-1	-1	-1	-1	-1	-1	-1	-1	-1	-1	-1	-1	-1	-1	-1	-1	-1	-1	-1
1861	5	0	622	-1	-1	-1	-1	-1	-1	-1	-1	-1	-1	-1	-1	-1	-1	-1	-1	-1	-1	-1
1862	6	0	623	-1	-1	-1	-1	-1	-1	-1	-1	-1	-1	-1	-1	-1	-1	-1	-1	-1	-1	-1
1863	8	0	624	59	71	-1	-1	-1	-1	-1	-1	-1	-1	-1	-1	-1	-1	-1	-1	-1	-1	-1
1864	10	0	625	60	72	-1	-1	-1	-1	-1	-1	-1	-1	-1	-1	-1	-1	-1	-1	-1	-1	-1
1865	16	0	626	61	73	-1	-1	-1	-1	-1	-1	-1	-1	-1	-1	-1	-1	-1	-1	-1	-1	-1
1866	26	0	627	62	74	-1	-1	-1	-1	-1	-1	-1	-1	-1	-1	-1	-1	-1	-1	-1	-1	-1
1867	41	0	628	63	75	-1	-1	-1	-1	-1	-1	-1	-1	-1	-1	-1	-1	-1	-1	-1	-1	-1
1868	61	0	629	64	76	-1	-1	-1	-1	-1	-1	-1	-1	-1	-1	-1	-1	-1	-1	-1	-1	-1
1869	88	0	629	65	77	-1	-1	-1	-1	-1	-1	-1	-1	-1	-1	-1	-1	-1	-1	-1	-1	-1
1870	18	1	621	312	-1	-1	-1	-1	-1	-1	-1	-1	-1	-1	-1	-1	-1	-1	-1	-1	-1	-1
1871	22	1	622	312	-1	-1	-1	-1	-1	-1	-1	-1	-1	-1	-1	-1	-1	-1	-1	-1	-1	-1
1872	26	1	623	312	-1	-1	-1	-1	-1	-1	-1	-1	-1	-1	-1	-1	-1	-1	-1	-1	-1	-1
1873	32	1	624	59	71	312	-1	-1	-1	-1	-1	-1	-1	-1	-1	-1	-1	-1	-1	-1	-1	-1
1874	41	1	625	60	72	312	-1	-1	-1	-1	-1	-1	-1	-1	-1	-1	-1	-1	-1	-1	-1	-1
1875	66	1	626	61	73	312	-1	-1	-1	-1	-1	-1	-1	-1	-1	-1	-1	-1	-1	-1	-1	-1
1876	107	1	627	62	74	312	-1	-1	-1	-1	-1	-1	-1	-1	-1	-1	-1	-1	-1	-1	-1	-1
1877	166	1	628	63	75	312	-1	-1	-1	-1	-1	-1	-1	-1	-1	-1	-1	-1	-1	-1	-1	-1
1878	247	1	629	64	76	312	-1	-1	-1	-1	-1	-1	-1	-1	-1	-1	-1	-1	-1	-1	-1	-1
1879	354	1	629	65	77	312	-1	-1	-1	-1	-1	-1	-1	-1	-1	-1	-1	-1	-1	-1	-1	-1
1880	0	0	620	-1	-1	-1	-1	-1	-1	-1	-1	-1	-1	-1	-1	-1	-1	-1	-1	-1	-1	-1
1881	0	0	620	-1	-1	-1	-1	-1	-1	-1	-1	-1	-1	-1	-1	-1	-1	-1	-1	-1	-1	-1
1882	0	0	620	-1	-1	-1	-1	-1	-1	-1	-1	-1	-1	-1	-1	-1	-1	-1	-1	-1	-1	-1
1883	0	0	620	-1	-1	-1	-1	-1	-1	-1	-1	-1	-1	-1	-1	-1	-1	-1	-1	-1	-1	-1
1884	0	0	620	-1	-1	-1	-1	-1	-1	-1	-1	-1	-1	-1	-1	-1	-1	-1	-1	-1	-1	-1
1885	0	0	620	-1	-1	-1	-1	-1	-1	-1	-1	-1	-1	-1	-1	-1	-1	-1	-1	-1	-1	-1
1886	0	0	620	-1	-1	-1	-1	-1	-1	-1	-1	-1	-1	-1	-1	-1	-1	-1	-1	-1	-1	-1
1887	0	0	620	-1	-1	-1	-1	-1	-1	-1	-1	-1	-1	-1	-1	-1	-1	-1	-1	-1	-1	-1
1888	0	0	620	-1	-1	-1	-1	-1	-1	-1	-1	-1	-1	-1	-1	-1	-1	-1	-1	-1	-1	-1
1889	0	0	620	-1	-1	-1	-1	-1	-1	-1	-1	-1	-1	-1	-1	-1	-1	-1	-1	-1	-1	-1
1890	0	0	620	-1	-1	-1	-1	-1	-1	-1	-1	-1	-1	-1	-1	-1	-1	-1	-1	-1	-1	-1
1891	0	0	620	-1	-1	-1	-1	-1	-1	-1	-1	-1	-1	-1	-1	-1	-1	-1	-1	-1	-1	-1
1892	0	0	620	-1	-1	-1	-1	-1	-1	-1	-1	-1	-1	-1	-1	-1	-1	-1	-1	-1	-1	-1
1893	0	0	620	-1	-1	-1	-1	-1	-1	-1	-1	-1	-1	-1	-1	-1	-1	-1	-1	-1	-1	-1
1894	0	0	620	-1	-1	-1	-1	-1	-1	-1	-1	-1	-1	-1	-1	-1	-1	-1	-1	-1	-1	-1
1895	0	0	620	-1	-1	-1	-1	-1	-1	-1	-1	-1	-1	-1	-1	-1	-1	-1	-1	-1	-1	-1
1896	0	0	620	-1	-1	-1	-1	-1	-1	-1	-1	-1	-1	-1	-1	-1	-1	-1	-1	-1	-1	-1
1897	0	0	620	-1	-1	-1	-1	-1	-1	-1	-1	-1	-1	-1	-1	-1	-1	-1	-1	-1	-1	-1
1898	0	0	620	-1	-1	-1	-1	-1	-1	-1	-1	-1	-1	-1	-1	-1	-1	-1	-1	-1	-1	-1
1899	0	0	620	-1	-1	-1	-1	-1	-1	-1	-1	-1	-1	-1	-1	-1	-1	-1	-1	-1	-1	-1
2390	1	1	-1	-1	-1	-1	-1	-1	-1	-1	-1	-1	-1	-1	-1	-1	-1	-1	-1	-1	-1	-1
2391	2	1	-1	-1	-1	-1	-1	-1	-1	-1	-1	-1	-1	-1	-1	-1	-1	-1	-1	-1	-1	-1
2392	3	1	-1	-1	-1	-1	-1	-1	-1	-1	-1	-1	-1	-1	-1	-1	-1	-1	-1	-1	-1	-1
2393	4	1	-1	-1	-1	-1	-1	-1	-1	-1	-1	-1	-1	-1	-1	-1	-1	-1	-1	-1	-1	-1
2394	5	1	16	-1	-1	-1	-1	-1	-1	-1	-1	-1	-1	-1	-1	-1	-1	-1	-1	-1	-1	-1
2395	6	1	17	-1	-1	-1	-1	-1	-1	-1	-1	-1	-1	-1	-1	-1	-1	-1	-1	-1	-1	-1
2396	7	1	18	-1	-1	-1	-1	-1	-1	-1	-1	-1	-1	-1	-1	-1	-1	-1	-1	-1	-1	-1
2397	8	1	19	-1	-1	-1	-1	-1	-1	-1	-1	-1	-1	-1	-1	-1	-1	-1	-1	-1	-1	-1
2398	9	1	20	-1	-1	-1	-1	-1	-1	-1	-1	-1	-1	-1	-1	-1	-1	-1	-1	-1	-1	-1
2399	10	1	21	-1	-1	-1	-1	-1	-1	-1	-1	-1	-1	-1	-1	-1	-1	-1	-1	-1	-1	-1
2490	22	1	708	-1	-1	-1	-1	-1	-1	-1	-1	-1	-1	-1	-1	-1	-1	-1	-1	-1	-1	-1
2491	26	1	709	-1	-1	-1	-1	-1	-1	-1	-1	-1	-1	-1	-1	-1	-1	-1	-1	-1	-1	-1
2492	32	1	710	-1	-1	-1	-1	-1	-1	-1	-1	-1	-1	-1	-1	-1	-1	-1	-1	-1	-1	-1
2493	41	1	711	-1	-1	-1	-1	-1	-1	-1	-1	-1	-1	-1	-1	-1	-1	-1	-1	-1	-1	-1
2494	52	1	712	-1	-1	-1	-1	-1	-1	-1	-1	-1	-1	-1	-1	-1	-1	-1	-1	-1	-1	-1
2495	84	1	713	-1	-1	-1	-1	-1	-1	-1	-1	-1	-1	-1	-1	-1	-1	-1	-1	-1	-1	-1
2496	134	1	714	-1	-1	-1	-1	-1	-1	-1	-1	-1	-1	-1	-1	-1	-1	-1	-1	-1	-1	-1
2497	204	1	715	-1	-1	-1	-1	-1	-1	-1	-1	-1	-1	-1	-1	-1	-1	-1	-1	-1	-1	-1
2498	297	1	716	-1	-1	-1	-1	-1	-1	-1	-1	-1	-1	-1	-1	-1	-1	-1	-1	-1	-1	-1
2499	354	1	717	-1	-1	-1	-1	-1	-1	-1	-1	-1	-1	-1	-1	-1	-1	-1	-1	-1	-1	-1
2510	22	0	-1	-1	-1	-1	-1	-1	-1	-1	-1	-1	-1	-1	-1	-1	-1	-1	-1	-1	-1	-1
2511	26	0	-1	-1	-1	-1	-1	-1	-1	-1	-1	-1	-1	-1	-1	-1	-1	-1	-1	-1	-1	-1
2512	32	0	-1	-1	-1	-1	-1	-1	-1	-1	-1	-1	-1	-1	-1	-1	-1	-1	-1	-1	-1	-1
2513	41	0	-1	-1	-1	-1	-1	-1	-1	-1	-1	-1	-1	-1	-1	-1	-1	-1	-1	-1	-1	-1
2514	52	0	-1	-1	-1	-1	-1	-1	-1	-1	-1	-1	-1	-1	-1	-1	-1	-1	-1	-1	-1	-1
2515	84	0	-1	-1	-1	-1	-1	-1	-1	-1	-1	-1	-1	-1	-1	-1	-1	-1	-1	-1	-1	-1
2516	134	0	-1	-1	-1	-1	-1	-1	-1	-1	-1	-1	-1	-1	-1	-1	-1	-1	-1	-1	-1	-1
2517	204	0	-1	-1	-1	-1	-1	-1	-1	-1	-1	-1	-1	-1	-1	-1	-1	-1	-1	-1	-1	-1
2518	297	0	-1	-1	-1	-1	-1	-1	-1	-1	-1	-1	-1	-1	-1	-1	-1	-1	-1	-1	-1	-1
2519	354	0	-1	-1	-1	-1	-1	-1	-1	-1	-1	-1	-1	-1	-1	-1	-1	-1	-1	-1	-1	-1
2520	22	1	-1	-1	-1	-1	-1	-1	-1	-1	-1	-1	-1	-1	-1	-1	-1	-1	-1	-1	-1	-1
2521	26	1	-1	-1	-1	-1	-1	-1	-1	-1	-1	-1	-1	-1	-1	-1	-1	-1	-1	-1	-1	-1
2522	32	1	-1	-1	-1	-1	-1	-1	-1	-1	-1	-1	-1	-1	-1	-1	-1	-1	-1	-1	-1	-1
2523	41	1	-1	-1	-1	-1	-1	-1	-1	-1	-1	-1	-1	-1	-1	-1	-1	-1	-1	-1	-1	-1
2524	52	1	-1	-1	-1	-1	-1	-1	-1	-1	-1	-1	-1	-1	-1	-1	-1	-1	-1	-1	-1	-1
2525	84	1	-1	-1	-1	-1	-1	-1	-1	-1	-1	-1	-1	-1	-1	-1	-1	-1	-1	-1	-1	-1
2526	134	1	-1	-1	-1	-1	-1	-1	-1	-1	-1	-1	-1	-1	-1	-1	-1	-1	-1	-1	-1	-1
2527	204	1	-1	-1	-1	-1	-1	-1	-1	-1	-1	-1	-1	-1	-1	-1	-1	-1	-1	-1	-1	-1
2528	297	1	-1	-1	-1	-1	-1	-1	-1	-1	-1	-1	-1	-1	-1	-1	-1	-1	-1	-1	-1	-1
2529	354	1	-1	-1	-1	-1	-1	-1	-1	-1	-1	-1	-1	-1	-1	-1	-1	-1	-1	-1	-1	-1
2530	10	1	17225	17226	17227	-1	-1	-1	-1	-1	-1	-1	-1	-1	-1	-1	-1	-1	-1	-1	-1	-1
2531	10	1	17225	17226	17227	-1	-1	-1	-1	-1	-1	-1	-1	-1	-1	-1	-1	-1	-1	-1	-1	-1
2532	10	1	17225	17227	-1	-1	-1	-1	-1	-1	-1	-1	-1	-1	-1	-1	-1	-1	-1	-1	-1	-1
2533	10	1	17225	17228	17229	-1	-1	-1	-1	-1	-1	-1	-1	-1	-1	-1	-1	-1	-1	-1	-1	-1
2534	10	1	17225	17226	17230	17227	-1	-1	-1	-1	-1	-1	-1	-1	-1	-1	-1	-1	-1	-1	-1	-1
2535	10	1	17225	17226	17231	17227	-1	-1	-1	-1	-1	-1	-1	-1	-1	-1	-1	-1	-1	-1	-1	-1
2536	10	1	17225	17226	17232	17227	-1	-1	-1	-1	-1	-1	-1	-1	-1	-1	-1	-1	-1	-1	-1	-1
2537	10	1	17225	820	17226	17233	17227	-1	-1	-1	-1	-1	-1	-1	-1	-1	-1	-1	-1	-1	-1	-1
2538	10	1	17225	821	17226	17227	17234	-1	-1	-1	-1	-1	-1	-1	-1	-1	-1	-1	-1	-1	-1	-1
2539	10	1	17225	822	17226	17227	17235	-1	-1	-1	-1	-1	-1	-1	-1	-1	-1	-1	-1	-1	-1	-1
3000	5	0	1280	-1	-1	-1	-1	-1	-1	-1	-1	-1	-1	-1	-1	-1	-1	-1	-1	-1	-1	-1
3001	5	0	1280	-1	-1	-1	-1	-1	-1	-1	-1	-1	-1	-1	-1	-1	-1	-1	-1	-1	-1	-1
3009	5	0	1280	-1	-1	-1	-1	-1	-1	-1	-1	-1	-1	-1	-1	-1	-1	-1	-1	-1	-1	-1
3010	5	0	1280	-1	-1	-1	-1	-1	-1	-1	-1	-1	-1	-1	-1	-1	-1	-1	-1	-1	-1	-1
3011	5	0	1280	-1	-1	-1	-1	-1	-1	-1	-1	-1	-1	-1	-1	-1	-1	-1	-1	-1	-1	-1
3019	5	0	1280	-1	-1	-1	-1	-1	-1	-1	-1	-1	-1	-1	-1	-1	-1	-1	-1	-1	-1	-1
3020	5	0	1280	-1	-1	-1	-1	-1	-1	-1	-1	-1	-1	-1	-1	-1	-1	-1	-1	-1	-1	-1
3021	5	0	1280	-1	-1	-1	-1	-1	-1	-1	-1	-1	-1	-1	-1	-1	-1	-1	-1	-1	-1	-1
3029	5	0	1280	-1	-1	-1	-1	-1	-1	-1	-1	-1	-1	-1	-1	-1	-1	-1	-1	-1	-1	-1
3030	15	0	1231	1251	1271	-1	-1	-1	-1	-1	-1	-1	-1	-1	-1	-1	-1	-1	-1	-1	-1	-1
3031	15	0	1231	1251	1271	1281	-1	-1	-1	-1	-1	-1	-1	-1	-1	-1	-1	-1	-1	-1	-1	-1
3039	15	0	1231	1251	1271	1281	-1	-1	-1	-1	-1	-1	-1	-1	-1	-1	-1	-1	-1	-1	-1	-1
3040	15	0	1231	1251	1271	1281	-1	-1	-1	-1	-1	-1	-1	-1	-1	-1	-1	-1	-1	-1	-1	-1
3041	15	0	1231	1251	1271	1281	-1	-1	-1	-1	-1	-1	-1	-1	-1	-1	-1	-1	-1	-1	-1	-1
3049	15	0	1231	1251	1271	1281	-1	-1	-1	-1	-1	-1	-1	-1	-1	-1	-1	-1	-1	-1	-1	-1
3050	15	0	1231	1251	1271	1281	-1	-1	-1	-1	-1	-1	-1	-1	-1	-1	-1	-1	-1	-1	-1	-1
3051	15	0	1231	1251	1271	1281	-1	-1	-1	-1	-1	-1	-1	-1	-1	-1	-1	-1	-1	-1	-1	-1
3059	15	0	1231	1251	1271	1281	-1	-1	-1	-1	-1	-1	-1	-1	-1	-1	-1	-1	-1	-1	-1	-1
3060	25	0	1252	1272	1282	-1	-1	-1	-1	-1	-1	-1	-1	-1	-1	-1	-1	-1	-1	-1	-1	-1
3061	25	0	1252	1272	1282	-1	-1	-1	-1	-1	-1	-1	-1	-1	-1	-1	-1	-1	-1	-1	-1	-1
3062	25	0	1252	1272	1282	-1	-1	-1	-1	-1	-1	-1	-1	-1	-1	-1	-1	-1	-1	-1	-1	-1
3069	25	0	1252	1272	1282	-1	-1	-1	-1	-1	-1	-1	-1	-1	-1	-1	-1	-1	-1	-1	-1	-1
3070	25	0	1252	1272	1282	-1	-1	-1	-1	-1	-1	-1	-1	-1	-1	-1	-1	-1	-1	-1	-1	-1
3071	25	0	1252	1272	1282	-1	-1	-1	-1	-1	-1	-1	-1	-1	-1	-1	-1	-1	-1	-1	-1	-1
3072	25	0	1252	1272	1282	-1	-1	-1	-1	-1	-1	-1	-1	-1	-1	-1	-1	-1	-1	-1	-1	-1
3079	25	0	1252	1272	1282	-1	-1	-1	-1	-1	-1	-1	-1	-1	-1	-1	-1	-1	-1	-1	-1	-1
3080	25	0	1252	1272	1282	-1	-1	-1	-1	-1	-1	-1	-1	-1	-1	-1	-1	-1	-1	-1	-1	-1
3081	25	0	1252	1272	1282	-1	-1	-1	-1	-1	-1	-1	-1	-1	-1	-1	-1	-1	-1	-1	-1	-1
3082	25	0	1252	1272	1282	-1	-1	-1	-1	-1	-1	-1	-1	-1	-1	-1	-1	-1	-1	-1	-1	-1
3089	25	0	1252	1272	1282	-1	-1	-1	-1	-1	-1	-1	-1	-1	-1	-1	-1	-1	-1	-1	-1	-1
3090	35	0	1233	1253	1273	1283	-1	-1	-1	-1	-1	-1	-1	-1	-1	-1	-1	-1	-1	-1	-1	-1
3091	35	0	1233	1253	1273	1283	-1	-1	-1	-1	-1	-1	-1	-1	-1	-1	-1	-1	-1	-1	-1	-1
3092	35	0	1233	1253	1273	1283	-1	-1	-1	-1	-1	-1	-1	-1	-1	-1	-1	-1	-1	-1	-1	-1
3099	35	0	1233	1253	1273	1283	-1	-1	-1	-1	-1	-1	-1	-1	-1	-1	-1	-1	-1	-1	-1	-1
3100	35	0	1233	1253	1273	1283	-1	-1	-1	-1	-1	-1	-1	-1	-1	-1	-1	-1	-1	-1	-1	-1
3101	35	0	1233	1253	1273	1283	-1	-1	-1	-1	-1	-1	-1	-1	-1	-1	-1	-1	-1	-1	-1	-1
3102	35	0	1233	1253	1273	1283	-1	-1	-1	-1	-1	-1	-1	-1	-1	-1	-1	-1	-1	-1	-1	-1
3109	35	0	1233	1253	1273	1283	-1	-1	-1	-1	-1	-1	-1	-1	-1	-1	-1	-1	-1	-1	-1	-1
3110	35	0	1233	1253	1273	1283	-1	-1	-1	-1	-1	-1	-1	-1	-1	-1	-1	-1	-1	-1	-1	-1
3111	35	0	1233	1253	1273	1283	-1	-1	-1	-1	-1	-1	-1	-1	-1	-1	-1	-1	-1	-1	-1	-1
3112	35	0	1233	1253	1273	1283	-1	-1	-1	-1	-1	-1	-1	-1	-1	-1	-1	-1	-1	-1	-1	-1
3119	35	0	1233	1253	1273	1283	-1	-1	-1	-1	-1	-1	-1	-1	-1	-1	-1	-1	-1	-1	-1	-1
3120	35	0	1233	1253	1273	1283	-1	-1	-1	-1	-1	-1	-1	-1	-1	-1	-1	-1	-1	-1	-1	-1
3121	35	0	1233	1253	1273	1283	-1	-1	-1	-1	-1	-1	-1	-1	-1	-1	-1	-1	-1	-1	-1	-1
3122	35	0	1233	1253	1273	1283	-1	-1	-1	-1	-1	-1	-1	-1	-1	-1	-1	-1	-1	-1	-1	-1
3129	35	0	1233	1253	1273	1283	-1	-1	-1	-1	-1	-1	-1	-1	-1	-1	-1	-1	-1	-1	-1	-1
3130	45	0	1234	1254	1274	1284	-1	-1	-1	-1	-1	-1	-1	-1	-1	-1	-1	-1	-1	-1	-1	-1
3131	45	0	1234	1254	1274	1284	-1	-1	-1	-1	-1	-1	-1	-1	-1	-1	-1	-1	-1	-1	-1	-1
3132	45	0	1234	1254	1274	1284	-1	-1	-1	-1	-1	-1	-1	-1	-1	-1	-1	-1	-1	-1	-1	-1
3133	45	0	1234	1254	1274	1284	-1	-1	-1	-1	-1	-1	-1	-1	-1	-1	-1	-1	-1	-1	-1	-1
3139	45	0	1234	1254	1274	1284	-1	-1	-1	-1	-1	-1	-1	-1	-1	-1	-1	-1	-1	-1	-1	-1
3140	45	0	1234	1254	1274	1284	-1	-1	-1	-1	-1	-1	-1	-1	-1	-1	-1	-1	-1	-1	-1	-1
3141	45	0	1234	1254	1274	1284	-1	-1	-1	-1	-1	-1	-1	-1	-1	-1	-1	-1	-1	-1	-1	-1
3142	45	0	1234	1254	1274	1284	-1	-1	-1	-1	-1	-1	-1	-1	-1	-1	-1	-1	-1	-1	-1	-1
3143	45	0	1234	1254	1274	1284	-1	-1	-1	-1	-1	-1	-1	-1	-1	-1	-1	-1	-1	-1	-1	-1
3149	45	0	1234	1254	1274	1284	-1	-1	-1	-1	-1	-1	-1	-1	-1	-1	-1	-1	-1	-1	-1	-1
3150	45	0	1234	1254	1274	1284	-1	-1	-1	-1	-1	-1	-1	-1	-1	-1	-1	-1	-1	-1	-1	-1
3151	45	0	1234	1254	1274	1284	-1	-1	-1	-1	-1	-1	-1	-1	-1	-1	-1	-1	-1	-1	-1	-1
3152	45	0	1234	1254	1274	1284	-1	-1	-1	-1	-1	-1	-1	-1	-1	-1	-1	-1	-1	-1	-1	-1
3153	45	0	1234	1254	1274	1284	-1	-1	-1	-1	-1	-1	-1	-1	-1	-1	-1	-1	-1	-1	-1	-1
3159	45	0	1234	1254	1274	1284	-1	-1	-1	-1	-1	-1	-1	-1	-1	-1	-1	-1	-1	-1	-1	-1
3160	45	0	1234	1254	1274	1284	-1	-1	-1	-1	-1	-1	-1	-1	-1	-1	-1	-1	-1	-1	-1	-1
3161	45	0	1234	1254	1274	1284	-1	-1	-1	-1	-1	-1	-1	-1	-1	-1	-1	-1	-1	-1	-1	-1
3162	45	0	1234	1254	1274	1284	-1	-1	-1	-1	-1	-1	-1	-1	-1	-1	-1	-1	-1	-1	-1	-1
3163	45	0	1234	1254	1274	1284	-1	-1	-1	-1	-1	-1	-1	-1	-1	-1	-1	-1	-1	-1	-1	-1
3169	45	0	1234	1254	1274	1284	-1	-1	-1	-1	-1	-1	-1	-1	-1	-1	-1	-1	-1	-1	-1	-1
3170	55	0	1235	1255	1265	1275	1285	1878	-1	-1	-1	-1	-1	-1	-1	-1	-1	-1	-1	-1	-1	-1
3171	55	0	1235	1255	1265	1275	1285	1878	-1	-1	-1	-1	-1	-1	-1	-1	-1	-1	-1	-1	-1	-1
3172	55	0	1235	1255	1265	1275	1285	1878	-1	-1	-1	-1	-1	-1	-1	-1	-1	-1	-1	-1	-1	-1
3173	55	0	1235	1255	1265	1275	1285	1878	-1	-1	-1	-1	-1	-1	-1	-1	-1	-1	-1	-1	-1	-1
3174	55	0	1235	1255	1265	1275	1285	1878	-1	-1	-1	-1	-1	-1	-1	-1	-1	-1	-1	-1	-1	-1
3179	55	0	1235	1255	1265	1275	1285	1878	-1	-1	-1	-1	-1	-1	-1	-1	-1	-1	-1	-1	-1	-1
3180	55	0	1235	1255	1265	1275	1285	1878	-1	-1	-1	-1	-1	-1	-1	-1	-1	-1	-1	-1	-1	-1
3181	55	0	1235	1255	1265	1275	1285	1878	-1	-1	-1	-1	-1	-1	-1	-1	-1	-1	-1	-1	-1	-1
3182	55	0	1235	1255	1265	1275	1285	1878	-1	-1	-1	-1	-1	-1	-1	-1	-1	-1	-1	-1	-1	-1
3183	55	0	1235	1255	1265	1275	1285	1878	-1	-1	-1	-1	-1	-1	-1	-1	-1	-1	-1	-1	-1	-1
3184	55	0	1235	1255	1265	1275	1285	1878	-1	-1	-1	-1	-1	-1	-1	-1	-1	-1	-1	-1	-1	-1
3189	55	0	1235	1255	1265	1275	1285	1878	-1	-1	-1	-1	-1	-1	-1	-1	-1	-1	-1	-1	-1	-1
3190	55	0	1235	1255	1265	1275	1285	1878	-1	-1	-1	-1	-1	-1	-1	-1	-1	-1	-1	-1	-1	-1
3191	55	0	1235	1255	1265	1275	1285	1878	-1	-1	-1	-1	-1	-1	-1	-1	-1	-1	-1	-1	-1	-1
3192	55	0	1235	1255	1265	1275	1285	1878	-1	-1	-1	-1	-1	-1	-1	-1	-1	-1	-1	-1	-1	-1
3193	55	0	1235	1255	1265	1275	1285	1878	-1	-1	-1	-1	-1	-1	-1	-1	-1	-1	-1	-1	-1	-1
3194	55	0	1235	1255	1265	1275	1285	1878	-1	-1	-1	-1	-1	-1	-1	-1	-1	-1	-1	-1	-1	-1
3199	55	0	1235	1255	1265	1275	1285	1878	-1	-1	-1	-1	-1	-1	-1	-1	-1	-1	-1	-1	-1	-1
3200	55	0	1235	1255	1265	1275	1285	1878	-1	-1	-1	-1	-1	-1	-1	-1	-1	-1	-1	-1	-1	-1
3201	55	0	1235	1255	1265	1275	1285	1878	-1	-1	-1	-1	-1	-1	-1	-1	-1	-1	-1	-1	-1	-1
3202	55	0	1235	1255	1265	1275	1285	1878	-1	-1	-1	-1	-1	-1	-1	-1	-1	-1	-1	-1	-1	-1
3203	55	0	1235	1255	1265	1275	1285	1878	-1	-1	-1	-1	-1	-1	-1	-1	-1	-1	-1	-1	-1	-1
3204	55	0	1235	1255	1265	1275	1285	1878	-1	-1	-1	-1	-1	-1	-1	-1	-1	-1	-1	-1	-1	-1
3209	55	0	1235	1255	1265	1275	1285	1878	-1	-1	-1	-1	-1	-1	-1	-1	-1	-1	-1	-1	-1	-1
3210	65	0	1256	1266	1286	1879	1236	-1	-1	-1	-1	-1	-1	-1	-1	-1	-1	-1	-1	-1	-1	-1
3211	65	0	1236	1256	1266	1276	1286	1879	-1	-1	-1	-1	-1	-1	-1	-1	-1	-1	-1	-1	-1	-1
3212	65	0	1236	1256	1266	1276	1286	1879	-1	-1	-1	-1	-1	-1	-1	-1	-1	-1	-1	-1	-1	-1
3213	65	0	1236	1256	1266	1276	1286	1879	-1	-1	-1	-1	-1	-1	-1	-1	-1	-1	-1	-1	-1	-1
3214	65	0	1236	1256	1266	1276	1286	1879	-1	-1	-1	-1	-1	-1	-1	-1	-1	-1	-1	-1	-1	-1
3215	65	0	1236	1256	1266	1276	1286	1879	-1	-1	-1	-1	-1	-1	-1	-1	-1	-1	-1	-1	-1	-1
3219	65	0	1236	1256	1266	1276	1286	1879	-1	-1	-1	-1	-1	-1	-1	-1	-1	-1	-1	-1	-1	-1
3220	65	0	1236	1256	1266	1276	1286	1879	-1	-1	-1	-1	-1	-1	-1	-1	-1	-1	-1	-1	-1	-1
3221	65	0	1236	1256	1266	1276	1286	1879	-1	-1	-1	-1	-1	-1	-1	-1	-1	-1	-1	-1	-1	-1
3222	65	0	1236	1256	1266	1276	1286	1879	-1	-1	-1	-1	-1	-1	-1	-1	-1	-1	-1	-1	-1	-1
3223	65	0	1236	1256	1266	1276	1286	1879	-1	-1	-1	-1	-1	-1	-1	-1	-1	-1	-1	-1	-1	-1
3224	65	0	1236	1256	1266	1276	1286	1879	-1	-1	-1	-1	-1	-1	-1	-1	-1	-1	-1	-1	-1	-1
3225	65	0	1236	1256	1266	1276	1286	1879	-1	-1	-1	-1	-1	-1	-1	-1	-1	-1	-1	-1	-1	-1
3229	65	0	1236	1256	1266	1276	1286	1879	-1	-1	-1	-1	-1	-1	-1	-1	-1	-1	-1	-1	-1	-1
3230	65	0	1236	1256	1266	1276	1286	1879	-1	-1	-1	-1	-1	-1	-1	-1	-1	-1	-1	-1	-1	-1
3231	65	0	1236	1256	1266	1276	1286	1879	-1	-1	-1	-1	-1	-1	-1	-1	-1	-1	-1	-1	-1	-1
3232	65	0	1236	1256	1266	1276	1286	1879	-1	-1	-1	-1	-1	-1	-1	-1	-1	-1	-1	-1	-1	-1
3233	65	0	1236	1256	1266	1276	1286	1879	-1	-1	-1	-1	-1	-1	-1	-1	-1	-1	-1	-1	-1	-1
3234	65	0	1236	1256	1266	1276	1286	1879	-1	-1	-1	-1	-1	-1	-1	-1	-1	-1	-1	-1	-1	-1
3235	65	0	1236	1256	1266	1276	1286	1879	-1	-1	-1	-1	-1	-1	-1	-1	-1	-1	-1	-1	-1	-1
3239	65	0	1236	1256	1266	1276	1286	1879	-1	-1	-1	-1	-1	-1	-1	-1	-1	-1	-1	-1	-1	-1
3240	65	0	1236	1256	1266	1276	1286	1879	-1	-1	-1	-1	-1	-1	-1	-1	-1	-1	-1	-1	-1	-1
3241	65	0	1236	1256	1266	1276	1286	1879	-1	-1	-1	-1	-1	-1	-1	-1	-1	-1	-1	-1	-1	-1
3242	65	0	1236	1256	1266	1276	1286	1879	-1	-1	-1	-1	-1	-1	-1	-1	-1	-1	-1	-1	-1	-1
3243	65	0	1236	1256	1266	1276	1286	1879	-1	-1	-1	-1	-1	-1	-1	-1	-1	-1	-1	-1	-1	-1
3244	65	0	1236	1256	1266	1276	1286	1879	-1	-1	-1	-1	-1	-1	-1	-1	-1	-1	-1	-1	-1	-1
3245	65	0	1236	1256	1266	1276	1286	1879	-1	-1	-1	-1	-1	-1	-1	-1	-1	-1	-1	-1	-1	-1
3249	65	0	1236	1256	1266	1276	1286	1879	-1	-1	-1	-1	-1	-1	-1	-1	-1	-1	-1	-1	-1	-1
3250	75	0	1237	1257	1267	1277	1287	1880	-1	-1	-1	-1	-1	-1	-1	-1	-1	-1	-1	-1	-1	-1
3251	75	0	1237	1257	1267	1277	1287	1880	-1	-1	-1	-1	-1	-1	-1	-1	-1	-1	-1	-1	-1	-1
3252	75	0	1237	1257	1267	1277	1287	1880	-1	-1	-1	-1	-1	-1	-1	-1	-1	-1	-1	-1	-1	-1
3253	75	0	1237	1257	1267	1277	1287	1880	-1	-1	-1	-1	-1	-1	-1	-1	-1	-1	-1	-1	-1	-1
3254	75	0	1237	1257	1267	1277	1287	1880	-1	-1	-1	-1	-1	-1	-1	-1	-1	-1	-1	-1	-1	-1
3255	75	0	1237	1257	1267	1277	1287	1880	-1	-1	-1	-1	-1	-1	-1	-1	-1	-1	-1	-1	-1	-1
3256	75	0	1237	1257	1267	1277	1287	1880	-1	-1	-1	-1	-1	-1	-1	-1	-1	-1	-1	-1	-1	-1
3259	75	0	1237	1257	1267	1277	1287	1880	-1	-1	-1	-1	-1	-1	-1	-1	-1	-1	-1	-1	-1	-1
3260	75	0	1237	1257	1267	1277	1287	1880	-1	-1	-1	-1	-1	-1	-1	-1	-1	-1	-1	-1	-1	-1
3261	75	0	1237	1257	1267	1277	1287	1880	-1	-1	-1	-1	-1	-1	-1	-1	-1	-1	-1	-1	-1	-1
3262	75	0	1237	1257	1267	1277	1287	1880	-1	-1	-1	-1	-1	-1	-1	-1	-1	-1	-1	-1	-1	-1
3263	75	0	1237	1257	1267	1277	1287	1880	-1	-1	-1	-1	-1	-1	-1	-1	-1	-1	-1	-1	-1	-1
3264	75	0	1237	1257	1267	1277	1287	1880	-1	-1	-1	-1	-1	-1	-1	-1	-1	-1	-1	-1	-1	-1
3265	75	0	1237	1257	1267	1277	1287	1880	-1	-1	-1	-1	-1	-1	-1	-1	-1	-1	-1	-1	-1	-1
3266	75	0	1237	1257	1267	1277	1287	1880	-1	-1	-1	-1	-1	-1	-1	-1	-1	-1	-1	-1	-1	-1
3269	75	0	1237	1257	1267	1277	1287	1880	-1	-1	-1	-1	-1	-1	-1	-1	-1	-1	-1	-1	-1	-1
3270	75	0	1237	1257	1267	1277	1287	1880	-1	-1	-1	-1	-1	-1	-1	-1	-1	-1	-1	-1	-1	-1
3271	75	0	1237	1257	1267	1277	1287	1880	-1	-1	-1	-1	-1	-1	-1	-1	-1	-1	-1	-1	-1	-1
3272	75	0	1237	1257	1267	1277	1287	1880	-1	-1	-1	-1	-1	-1	-1	-1	-1	-1	-1	-1	-1	-1
3273	75	0	1237	1257	1267	1277	1287	1880	-1	-1	-1	-1	-1	-1	-1	-1	-1	-1	-1	-1	-1	-1
3274	75	0	1237	1257	1267	1277	1287	1880	-1	-1	-1	-1	-1	-1	-1	-1	-1	-1	-1	-1	-1	-1
3275	75	0	1237	1257	1267	1277	1287	1880	-1	-1	-1	-1	-1	-1	-1	-1	-1	-1	-1	-1	-1	-1
3276	75	0	1237	1257	1267	1277	1287	1880	-1	-1	-1	-1	-1	-1	-1	-1	-1	-1	-1	-1	-1	-1
3279	75	0	1237	1257	1267	1277	1287	1880	-1	-1	-1	-1	-1	-1	-1	-1	-1	-1	-1	-1	-1	-1
3280	75	0	1237	1257	1267	1277	1287	1880	-1	-1	-1	-1	-1	-1	-1	-1	-1	-1	-1	-1	-1	-1
3281	75	0	1237	1257	1267	1277	1287	1880	-1	-1	-1	-1	-1	-1	-1	-1	-1	-1	-1	-1	-1	-1
3282	75	0	1237	1257	1267	1277	1287	1880	-1	-1	-1	-1	-1	-1	-1	-1	-1	-1	-1	-1	-1	-1
3283	75	0	1237	1257	1267	1277	1287	1880	-1	-1	-1	-1	-1	-1	-1	-1	-1	-1	-1	-1	-1	-1
3284	75	0	1237	1257	1267	1277	1287	1880	-1	-1	-1	-1	-1	-1	-1	-1	-1	-1	-1	-1	-1	-1
3285	75	0	1237	1257	1267	1277	1287	1880	-1	-1	-1	-1	-1	-1	-1	-1	-1	-1	-1	-1	-1	-1
3286	75	0	1237	1257	1267	1277	1287	1880	-1	-1	-1	-1	-1	-1	-1	-1	-1	-1	-1	-1	-1	-1
3289	75	0	1237	1257	1267	1277	1287	1880	-1	-1	-1	-1	-1	-1	-1	-1	-1	-1	-1	-1	-1	-1
3290	85	0	1258	1268	1278	1288	1881	-1	-1	-1	-1	-1	-1	-1	-1	-1	-1	-1	-1	-1	-1	-1
3291	85	0	1258	1268	1278	1288	1881	-1	-1	-1	-1	-1	-1	-1	-1	-1	-1	-1	-1	-1	-1	-1
3292	85	0	1258	1268	1278	1288	1881	-1	-1	-1	-1	-1	-1	-1	-1	-1	-1	-1	-1	-1	-1	-1
3293	85	0	1258	1268	1278	1288	1881	-1	-1	-1	-1	-1	-1	-1	-1	-1	-1	-1	-1	-1	-1	-1
3294	85	0	1258	1268	1278	1288	1881	-1	-1	-1	-1	-1	-1	-1	-1	-1	-1	-1	-1	-1	-1	-1
3295	85	0	1258	1268	1278	1288	1881	-1	-1	-1	-1	-1	-1	-1	-1	-1	-1	-1	-1	-1	-1	-1
3296	85	0	1258	1268	1278	1288	1881	-1	-1	-1	-1	-1	-1	-1	-1	-1	-1	-1	-1	-1	-1	-1
3297	85	0	1258	1268	1278	1288	1881	-1	-1	-1	-1	-1	-1	-1	-1	-1	-1	-1	-1	-1	-1	-1
3299	85	0	1258	1268	1278	1288	1881	-1	-1	-1	-1	-1	-1	-1	-1	-1	-1	-1	-1	-1	-1	-1
3300	85	0	1258	1268	1278	1288	1881	-1	-1	-1	-1	-1	-1	-1	-1	-1	-1	-1	-1	-1	-1	-1
3301	85	0	1258	1268	1278	1288	1881	-1	-1	-1	-1	-1	-1	-1	-1	-1	-1	-1	-1	-1	-1	-1
3302	85	0	1258	1268	1278	1288	1881	-1	-1	-1	-1	-1	-1	-1	-1	-1	-1	-1	-1	-1	-1	-1
3303	85	0	1258	1268	1278	1288	1881	-1	-1	-1	-1	-1	-1	-1	-1	-1	-1	-1	-1	-1	-1	-1
3304	85	0	1258	1268	1278	1288	1881	-1	-1	-1	-1	-1	-1	-1	-1	-1	-1	-1	-1	-1	-1	-1
3305	85	0	1258	1268	1278	1288	1881	-1	-1	-1	-1	-1	-1	-1	-1	-1	-1	-1	-1	-1	-1	-1
3306	85	0	1258	1268	1278	1288	1881	-1	-1	-1	-1	-1	-1	-1	-1	-1	-1	-1	-1	-1	-1	-1
3307	85	0	1258	1268	1278	1288	1881	-1	-1	-1	-1	-1	-1	-1	-1	-1	-1	-1	-1	-1	-1	-1
3309	85	0	1258	1268	1278	1288	1881	-1	-1	-1	-1	-1	-1	-1	-1	-1	-1	-1	-1	-1	-1	-1
3310	85	0	1258	1268	1278	1288	1881	-1	-1	-1	-1	-1	-1	-1	-1	-1	-1	-1	-1	-1	-1	-1
3311	85	0	1258	1268	1278	1288	1881	-1	-1	-1	-1	-1	-1	-1	-1	-1	-1	-1	-1	-1	-1	-1
3312	85	0	1258	1268	1278	1288	1881	-1	-1	-1	-1	-1	-1	-1	-1	-1	-1	-1	-1	-1	-1	-1
3313	85	0	1258	1268	1278	1288	1881	-1	-1	-1	-1	-1	-1	-1	-1	-1	-1	-1	-1	-1	-1	-1
3314	85	0	1258	1268	1278	1288	1881	-1	-1	-1	-1	-1	-1	-1	-1	-1	-1	-1	-1	-1	-1	-1
3315	85	0	1258	1268	1278	1288	1881	-1	-1	-1	-1	-1	-1	-1	-1	-1	-1	-1	-1	-1	-1	-1
3316	85	0	1258	1268	1278	1288	1881	-1	-1	-1	-1	-1	-1	-1	-1	-1	-1	-1	-1	-1	-1	-1
3317	85	0	1258	1268	1278	1288	1881	-1	-1	-1	-1	-1	-1	-1	-1	-1	-1	-1	-1	-1	-1	-1
3319	85	0	1258	1268	1278	1288	1881	-1	-1	-1	-1	-1	-1	-1	-1	-1	-1	-1	-1	-1	-1	-1
3320	85	0	1258	1268	1278	1288	1881	-1	-1	-1	-1	-1	-1	-1	-1	-1	-1	-1	-1	-1	-1	-1
3321	85	0	1258	1268	1278	1288	1881	-1	-1	-1	-1	-1	-1	-1	-1	-1	-1	-1	-1	-1	-1	-1
3322	85	0	1258	1268	1278	1288	1881	-1	-1	-1	-1	-1	-1	-1	-1	-1	-1	-1	-1	-1	-1	-1
3323	85	0	1258	1268	1278	1288	1881	-1	-1	-1	-1	-1	-1	-1	-1	-1	-1	-1	-1	-1	-1	-1
3324	85	0	1258	1268	1278	1288	1881	-1	-1	-1	-1	-1	-1	-1	-1	-1	-1	-1	-1	-1	-1	-1
3325	85	0	1258	1268	1278	1288	1881	-1	-1	-1	-1	-1	-1	-1	-1	-1	-1	-1	-1	-1	-1	-1
3326	85	0	1258	1268	1278	1288	1881	-1	-1	-1	-1	-1	-1	-1	-1	-1	-1	-1	-1	-1	-1	-1
3327	85	0	1258	1268	1278	1288	1881	-1	-1	-1	-1	-1	-1	-1	-1	-1	-1	-1	-1	-1	-1	-1
3329	85	0	1258	1268	1278	1288	1881	-1	-1	-1	-1	-1	-1	-1	-1	-1	-1	-1	-1	-1	-1	-1
3330	95	0	1239	1259	1269	1279	1289	1882	-1	-1	-1	-1	-1	-1	-1	-1	-1	-1	-1	-1	-1	-1
3331	95	0	1239	1259	1269	1279	1289	1882	-1	-1	-1	-1	-1	-1	-1	-1	-1	-1	-1	-1	-1	-1
3332	95	0	1239	1259	1269	1279	1289	1882	-1	-1	-1	-1	-1	-1	-1	-1	-1	-1	-1	-1	-1	-1
3333	95	0	1239	1259	1269	1279	1289	1882	-1	-1	-1	-1	-1	-1	-1	-1	-1	-1	-1	-1	-1	-1
3334	95	0	1239	1259	1269	1279	1289	1882	-1	-1	-1	-1	-1	-1	-1	-1	-1	-1	-1	-1	-1	-1
3335	95	0	1239	1259	1269	1279	1289	1882	-1	-1	-1	-1	-1	-1	-1	-1	-1	-1	-1	-1	-1	-1
3336	95	0	1239	1259	1269	1279	1289	1882	-1	-1	-1	-1	-1	-1	-1	-1	-1	-1	-1	-1	-1	-1
3337	95	0	1239	1259	1269	1279	1289	1882	-1	-1	-1	-1	-1	-1	-1	-1	-1	-1	-1	-1	-1	-1
3338	95	0	1239	1259	1269	1279	1289	1882	-1	-1	-1	-1	-1	-1	-1	-1	-1	-1	-1	-1	-1	-1
3339	95	0	1239	1259	1269	1279	1289	1882	-1	-1	-1	-1	-1	-1	-1	-1	-1	-1	-1	-1	-1	-1
3340	95	0	1239	1259	1269	1279	1289	1882	-1	-1	-1	-1	-1	-1	-1	-1	-1	-1	-1	-1	-1	-1
3341	95	0	1239	1259	1269	1279	1289	1882	-1	-1	-1	-1	-1	-1	-1	-1	-1	-1	-1	-1	-1	-1
3342	95	0	1239	1259	1269	1279	1289	1882	-1	-1	-1	-1	-1	-1	-1	-1	-1	-1	-1	-1	-1	-1
3343	95	0	1239	1259	1269	1279	1289	1882	-1	-1	-1	-1	-1	-1	-1	-1	-1	-1	-1	-1	-1	-1
3344	95	0	1239	1259	1269	1279	1289	1882	-1	-1	-1	-1	-1	-1	-1	-1	-1	-1	-1	-1	-1	-1
3345	95	0	1239	1259	1269	1279	1289	1882	-1	-1	-1	-1	-1	-1	-1	-1	-1	-1	-1	-1	-1	-1
3346	95	0	1239	1269	1279	1289	1882	1259	-1	-1	-1	-1	-1	-1	-1	-1	-1	-1	-1	-1	-1	-1
3347	95	0	1239	1259	1269	1279	1289	1882	-1	-1	-1	-1	-1	-1	-1	-1	-1	-1	-1	-1	-1	-1
3348	95	0	1239	1259	1269	1279	1289	1882	-1	-1	-1	-1	-1	-1	-1	-1	-1	-1	-1	-1	-1	-1
3349	95	0	1239	1259	1269	1279	1289	1882	-1	-1	-1	-1	-1	-1	-1	-1	-1	-1	-1	-1	-1	-1
3350	5	0	1280	-1	-1	-1	-1	-1	-1	-1	-1	-1	-1	-1	-1	-1	-1	-1	-1	-1	-1	-1
3351	5	0	1280	-1	-1	-1	-1	-1	-1	-1	-1	-1	-1	-1	-1	-1	-1	-1	-1	-1	-1	-1
3352	5	0	1280	-1	-1	-1	-1	-1	-1	-1	-1	-1	-1	-1	-1	-1	-1	-1	-1	-1	-1	-1
3359	5	0	1280	-1	-1	-1	-1	-1	-1	-1	-1	-1	-1	-1	-1	-1	-1	-1	-1	-1	-1	-1
3360	5	0	1280	-1	-1	-1	-1	-1	-1	-1	-1	-1	-1	-1	-1	-1	-1	-1	-1	-1	-1	-1
3361	5	0	1280	-1	-1	-1	-1	-1	-1	-1	-1	-1	-1	-1	-1	-1	-1	-1	-1	-1	-1	-1
3362	5	0	1280	-1	-1	-1	-1	-1	-1	-1	-1	-1	-1	-1	-1	-1	-1	-1	-1	-1	-1	-1
3369	5	0	1280	-1	-1	-1	-1	-1	-1	-1	-1	-1	-1	-1	-1	-1	-1	-1	-1	-1	-1	-1
3370	5	0	1280	-1	-1	-1	-1	-1	-1	-1	-1	-1	-1	-1	-1	-1	-1	-1	-1	-1	-1	-1
3371	5	0	1280	-1	-1	-1	-1	-1	-1	-1	-1	-1	-1	-1	-1	-1	-1	-1	-1	-1	-1	-1
3372	5	0	1280	-1	-1	-1	-1	-1	-1	-1	-1	-1	-1	-1	-1	-1	-1	-1	-1	-1	-1	-1
3379	5	0	1280	-1	-1	-1	-1	-1	-1	-1	-1	-1	-1	-1	-1	-1	-1	-1	-1	-1	-1	-1
3380	5	0	1280	-1	-1	-1	-1	-1	-1	-1	-1	-1	-1	-1	-1	-1	-1	-1	-1	-1	-1	-1
3381	5	0	1280	-1	-1	-1	-1	-1	-1	-1	-1	-1	-1	-1	-1	-1	-1	-1	-1	-1	-1	-1
3382	5	0	1280	-1	-1	-1	-1	-1	-1	-1	-1	-1	-1	-1	-1	-1	-1	-1	-1	-1	-1	-1
3389	5	0	1280	-1	-1	-1	-1	-1	-1	-1	-1	-1	-1	-1	-1	-1	-1	-1	-1	-1	-1	-1
3390	5	0	1280	-1	-1	-1	-1	-1	-1	-1	-1	-1	-1	-1	-1	-1	-1	-1	-1	-1	-1	-1
3391	5	0	1280	-1	-1	-1	-1	-1	-1	-1	-1	-1	-1	-1	-1	-1	-1	-1	-1	-1	-1	-1
3392	5	0	1280	-1	-1	-1	-1	-1	-1	-1	-1	-1	-1	-1	-1	-1	-1	-1	-1	-1	-1	-1
3399	5	0	1280	-1	-1	-1	-1	-1	-1	-1	-1	-1	-1	-1	-1	-1	-1	-1	-1	-1	-1	-1
3400	5	0	1280	-1	-1	-1	-1	-1	-1	-1	-1	-1	-1	-1	-1	-1	-1	-1	-1	-1	-1	-1
3401	5	0	1280	-1	-1	-1	-1	-1	-1	-1	-1	-1	-1	-1	-1	-1	-1	-1	-1	-1	-1	-1
3402	5	0	1280	-1	-1	-1	-1	-1	-1	-1	-1	-1	-1	-1	-1	-1	-1	-1	-1	-1	-1	-1
3409	5	0	1280	-1	-1	-1	-1	-1	-1	-1	-1	-1	-1	-1	-1	-1	-1	-1	-1	-1	-1	-1
3410	5	0	1280	-1	-1	-1	-1	-1	-1	-1	-1	-1	-1	-1	-1	-1	-1	-1	-1	-1	-1	-1
3411	5	0	1280	-1	-1	-1	-1	-1	-1	-1	-1	-1	-1	-1	-1	-1	-1	-1	-1	-1	-1	-1
3412	5	0	1280	-1	-1	-1	-1	-1	-1	-1	-1	-1	-1	-1	-1	-1	-1	-1	-1	-1	-1	-1
3419	5	0	1280	-1	-1	-1	-1	-1	-1	-1	-1	-1	-1	-1	-1	-1	-1	-1	-1	-1	-1	-1
3420	35	0	1233	1253	1273	1283	-1	-1	-1	-1	-1	-1	-1	-1	-1	-1	-1	-1	-1	-1	-1	-1
3421	35	0	1233	1253	1273	1283	-1	-1	-1	-1	-1	-1	-1	-1	-1	-1	-1	-1	-1	-1	-1	-1
3422	35	0	1233	1253	1273	1283	-1	-1	-1	-1	-1	-1	-1	-1	-1	-1	-1	-1	-1	-1	-1	-1
3429	35	0	1233	1253	1273	1283	-1	-1	-1	-1	-1	-1	-1	-1	-1	-1	-1	-1	-1	-1	-1	-1
3430	75	0	1237	1257	1267	1277	1287	1880	-1	-1	-1	-1	-1	-1	-1	-1	-1	-1	-1	-1	-1	-1
3431	75	0	1237	1257	1267	1277	1287	1880	-1	-1	-1	-1	-1	-1	-1	-1	-1	-1	-1	-1	-1	-1
3432	75	0	1237	1257	1267	1277	1287	1880	-1	-1	-1	-1	-1	-1	-1	-1	-1	-1	-1	-1	-1	-1
3439	5	0	1280	-1	-1	-1	-1	-1	-1	-1	-1	-1	-1	-1	-1	-1	-1	-1	-1	-1	-1	-1
3440	5	0	1280	-1	-1	-1	-1	-1	-1	-1	-1	-1	-1	-1	-1	-1	-1	-1	-1	-1	-1	-1
3441	5	0	1280	-1	-1	-1	-1	-1	-1	-1	-1	-1	-1	-1	-1	-1	-1	-1	-1	-1	-1	-1
3442	5	0	1280	-1	-1	-1	-1	-1	-1	-1	-1	-1	-1	-1	-1	-1	-1	-1	-1	-1	-1	-1
3449	5	0	1280	-1	-1	-1	-1	-1	-1	-1	-1	-1	-1	-1	-1	-1	-1	-1	-1	-1	-1	-1
3450	5	0	1280	-1	-1	-1	-1	-1	-1	-1	-1	-1	-1	-1	-1	-1	-1	-1	-1	-1	-1	-1
3451	5	0	1280	-1	-1	-1	-1	-1	-1	-1	-1	-1	-1	-1	-1	-1	-1	-1	-1	-1	-1	-1
3459	5	0	1280	-1	-1	-1	-1	-1	-1	-1	-1	-1	-1	-1	-1	-1	-1	-1	-1	-1	-1	-1
3460	5	0	1280	-1	-1	-1	-1	-1	-1	-1	-1	-1	-1	-1	-1	-1	-1	-1	-1	-1	-1	-1
3461	5	0	1280	-1	-1	-1	-1	-1	-1	-1	-1	-1	-1	-1	-1	-1	-1	-1	-1	-1	-1	-1
3469	5	0	1280	-1	-1	-1	-1	-1	-1	-1	-1	-1	-1	-1	-1	-1	-1	-1	-1	-1	-1	-1
3470	75	0	1237	1257	1267	1277	1287	-1	-1	-1	-1	-1	-1	-1	-1	-1	-1	-1	-1	-1	-1	-1
3471	75	0	1237	1257	1267	1277	1287	-1	-1	-1	-1	-1	-1	-1	-1	-1	-1	-1	-1	-1	-1	-1
3479	75	0	1237	1257	1267	1277	1287	-1	-1	-1	-1	-1	-1	-1	-1	-1	-1	-1	-1	-1	-1	-1
3480	5	0	1280	-1	-1	-1	-1	-1	-1	-1	-1	-1	-1	-1	-1	-1	-1	-1	-1	-1	-1	-1
3481	5	0	1280	-1	-1	-1	-1	-1	-1	-1	-1	-1	-1	-1	-1	-1	-1	-1	-1	-1	-1	-1
3489	5	0	1280	-1	-1	-1	-1	-1	-1	-1	-1	-1	-1	-1	-1	-1	-1	-1	-1	-1	-1	-1
3490	25	0	1252	1272	1282	-1	-1	-1	-1	-1	-1	-1	-1	-1	-1	-1	-1	-1	-1	-1	-1	-1
3491	25	0	1252	1272	1282	-1	-1	-1	-1	-1	-1	-1	-1	-1	-1	-1	-1	-1	-1	-1	-1	-1
3492	25	0	1252	1272	1282	-1	-1	-1	-1	-1	-1	-1	-1	-1	-1	-1	-1	-1	-1	-1	-1	-1
3499	25	0	1252	1272	1282	-1	-1	-1	-1	-1	-1	-1	-1	-1	-1	-1	-1	-1	-1	-1	-1	-1
3500	18	1	621	-1	-1	-1	-1	-1	-1	-1	-1	-1	-1	-1	-1	-1	-1	-1	-1	-1	-1	-1
3501	22	1	622	-1	-1	-1	-1	-1	-1	-1	-1	-1	-1	-1	-1	-1	-1	-1	-1	-1	-1	-1
3502	26	1	623	-1	-1	-1	-1	-1	-1	-1	-1	-1	-1	-1	-1	-1	-1	-1	-1	-1	-1	-1
3503	32	1	624	59	71	-1	-1	-1	-1	-1	-1	-1	-1	-1	-1	-1	-1	-1	-1	-1	-1	-1
3504	41	1	625	60	72	-1	-1	-1	-1	-1	-1	-1	-1	-1	-1	-1	-1	-1	-1	-1	-1	-1
3505	66	1	626	61	73	-1	-1	-1	-1	-1	-1	-1	-1	-1	-1	-1	-1	-1	-1	-1	-1	-1
3506	107	1	627	62	74	-1	-1	-1	-1	-1	-1	-1	-1	-1	-1	-1	-1	-1	-1	-1	-1	-1
3507	166	1	628	63	75	-1	-1	-1	-1	-1	-1	-1	-1	-1	-1	-1	-1	-1	-1	-1	-1	-1
3508	247	1	629	64	76	-1	-1	-1	-1	-1	-1	-1	-1	-1	-1	-1	-1	-1	-1	-1	-1	-1
3509	354	1	629	65	77	-1	-1	-1	-1	-1	-1	-1	-1	-1	-1	-1	-1	-1	-1	-1	-1	-1
3510	18	1	1367	1377	17236	17237	-1	-1	-1	-1	-1	-1	-1	-1	-1	-1	-1	-1	-1	-1	-1	-1
3511	22	1	1368	1378	17238	17239	-1	-1	-1	-1	-1	-1	-1	-1	-1	-1	-1	-1	-1	-1	-1	-1
3512	26	1	1369	1379	17240	17241	-1	-1	-1	-1	-1	-1	-1	-1	-1	-1	-1	-1	-1	-1	-1	-1
3513	32	1	1370	1380	17242	17243	17244	17245	17246	-1	-1	-1	-1	-1	-1	-1	-1	-1	-1	-1	-1	-1
3514	41	1	1371	1381	17247	17248	17249	17250	17251	17252	-1	-1	-1	-1	-1	-1	-1	-1	-1	-1	-1	-1
3515	66	1	1372	1382	17256	17257	17258	17259	17260	17261	17262	17263	-1	-1	-1	-1	-1	-1	-1	-1	-1	-1
3516	107	1	1373	1383	17264	17265	17266	17267	17268	17269	17270	17271	-1	-1	-1	-1	-1	-1	-1	-1	-1	-1
3517	166	1	1374	1384	17274	17275	17276	17277	17278	17279	17280	17281	17282	18516	-1	-1	-1	-1	-1	-1	-1	-1
3518	247	1	1375	1385	17283	17284	17285	17286	17287	17288	17289	17290	17291	18517	-1	-1	-1	-1	-1	-1	-1	-1
3519	354	1	1376	1386	17292	17293	17294	17295	17296	17297	17298	17299	17300	18518	-1	-1	-1	-1	-1	-1	-1	-1
3520	18	1	621	-1	-1	-1	-1	-1	-1	-1	-1	-1	-1	-1	-1	-1	-1	-1	-1	-1	-1	-1
3521	22	1	622	-1	-1	-1	-1	-1	-1	-1	-1	-1	-1	-1	-1	-1	-1	-1	-1	-1	-1	-1
3522	26	1	623	-1	-1	-1	-1	-1	-1	-1	-1	-1	-1	-1	-1	-1	-1	-1	-1	-1	-1	-1
3523	32	1	624	59	71	-1	-1	-1	-1	-1	-1	-1	-1	-1	-1	-1	-1	-1	-1	-1	-1	-1
3524	41	1	625	60	72	-1	-1	-1	-1	-1	-1	-1	-1	-1	-1	-1	-1	-1	-1	-1	-1	-1
3525	66	1	626	61	73	17301	-1	-1	-1	-1	-1	-1	-1	-1	-1	-1	-1	-1	-1	-1	-1	-1
3526	107	1	627	62	74	17302	-1	-1	-1	-1	-1	-1	-1	-1	-1	-1	-1	-1	-1	-1	-1	-1
3527	166	1	628	63	75	17303	-1	-1	-1	-1	-1	-1	-1	-1	-1	-1	-1	-1	-1	-1	-1	-1
3528	247	1	629	64	76	17304	-1	-1	-1	-1	-1	-1	-1	-1	-1	-1	-1	-1	-1	-1	-1	-1
3529	354	1	629	65	77	17305	-1	-1	-1	-1	-1	-1	-1	-1	-1	-1	-1	-1	-1	-1	-1	-1
3530	0	0	-1	-1	-1	-1	-1	-1	-1	-1	-1	-1	-1	-1	-1	-1	-1	-1	-1	-1	-1	-1
3531	0	0	-1	-1	-1	-1	-1	-1	-1	-1	-1	-1	-1	-1	-1	-1	-1	-1	-1	-1	-1	-1
3532	0	0	-1	-1	-1	-1	-1	-1	-1	-1	-1	-1	-1	-1	-1	-1	-1	-1	-1	-1	-1	-1
3533	0	0	-1	-1	-1	-1	-1	-1	-1	-1	-1	-1	-1	-1	-1	-1	-1	-1	-1	-1	-1	-1
3534	0	0	-1	-1	-1	-1	-1	-1	-1	-1	-1	-1	-1	-1	-1	-1	-1	-1	-1	-1	-1	-1
3535	0	0	-1	-1	-1	-1	-1	-1	-1	-1	-1	-1	-1	-1	-1	-1	-1	-1	-1	-1	-1	-1
3536	0	0	-1	-1	-1	-1	-1	-1	-1	-1	-1	-1	-1	-1	-1	-1	-1	-1	-1	-1	-1	-1
3537	0	0	-1	-1	-1	-1	-1	-1	-1	-1	-1	-1	-1	-1	-1	-1	-1	-1	-1	-1	-1	-1
3538	0	0	-1	-1	-1	-1	-1	-1	-1	-1	-1	-1	-1	-1	-1	-1	-1	-1	-1	-1	-1	-1
3539	0	0	-1	-1	-1	-1	-1	-1	-1	-1	-1	-1	-1	-1	-1	-1	-1	-1	-1	-1	-1	-1
3540	0	0	-1	-1	-1	-1	-1	-1	-1	-1	-1	-1	-1	-1	-1	-1	-1	-1	-1	-1	-1	-1
3541	0	0	-1	-1	-1	-1	-1	-1	-1	-1	-1	-1	-1	-1	-1	-1	-1	-1	-1	-1	-1	-1
3542	0	0	-1	-1	-1	-1	-1	-1	-1	-1	-1	-1	-1	-1	-1	-1	-1	-1	-1	-1	-1	-1
3543	0	0	-1	-1	-1	-1	-1	-1	-1	-1	-1	-1	-1	-1	-1	-1	-1	-1	-1	-1	-1	-1
3544	0	0	-1	-1	-1	-1	-1	-1	-1	-1	-1	-1	-1	-1	-1	-1	-1	-1	-1	-1	-1	-1
3545	0	0	-1	-1	-1	-1	-1	-1	-1	-1	-1	-1	-1	-1	-1	-1	-1	-1	-1	-1	-1	-1
3546	0	0	-1	-1	-1	-1	-1	-1	-1	-1	-1	-1	-1	-1	-1	-1	-1	-1	-1	-1	-1	-1
3547	0	0	-1	-1	-1	-1	-1	-1	-1	-1	-1	-1	-1	-1	-1	-1	-1	-1	-1	-1	-1	-1
3548	0	0	-1	-1	-1	-1	-1	-1	-1	-1	-1	-1	-1	-1	-1	-1	-1	-1	-1	-1	-1	-1
3549	0	0	-1	-1	-1	-1	-1	-1	-1	-1	-1	-1	-1	-1	-1	-1	-1	-1	-1	-1	-1	-1
3640	4	0	621	-1	-1	-1	-1	-1	-1	-1	-1	-1	-1	-1	-1	-1	-1	-1	-1	-1	-1	-1
3641	5	0	622	-1	-1	-1	-1	-1	-1	-1	-1	-1	-1	-1	-1	-1	-1	-1	-1	-1	-1	-1
3642	6	0	623	-1	-1	-1	-1	-1	-1	-1	-1	-1	-1	-1	-1	-1	-1	-1	-1	-1	-1	-1
3643	8	0	59	71	624	-1	-1	-1	-1	-1	-1	-1	-1	-1	-1	-1	-1	-1	-1	-1	-1	-1
3644	10	0	60	72	625	-1	-1	-1	-1	-1	-1	-1	-1	-1	-1	-1	-1	-1	-1	-1	-1	-1
3645	16	0	61	73	626	-1	-1	-1	-1	-1	-1	-1	-1	-1	-1	-1	-1	-1	-1	-1	-1	-1
3646	26	0	62	74	627	-1	-1	-1	-1	-1	-1	-1	-1	-1	-1	-1	-1	-1	-1	-1	-1	-1
3647	41	0	63	75	628	-1	-1	-1	-1	-1	-1	-1	-1	-1	-1	-1	-1	-1	-1	-1	-1	-1
3648	61	0	64	76	629	-1	-1	-1	-1	-1	-1	-1	-1	-1	-1	-1	-1	-1	-1	-1	-1	-1
3649	88	0	65	77	629	-1	-1	-1	-1	-1	-1	-1	-1	-1	-1	-1	-1	-1	-1	-1	-1	-1
3650	18	1	17306	17307	17308	17309	17310	17311	17312	17313	18689	-1	-1	-1	-1	-1	-1	-1	-1	-1	-1	-1
3651	22	1	17314	17315	17316	17317	17318	17319	17320	17321	18690	-1	-1	-1	-1	-1	-1	-1	-1	-1	-1	-1
3652	26	1	17323	17324	17325	17326	17327	17328	17329	17330	17331	18504	18691	-1	-1	-1	-1	-1	-1	-1	-1	-1
3653	32	1	17338	17339	17340	17341	17342	17343	17344	17345	17346	18505	18692	-1	-1	-1	-1	-1	-1	-1	-1	-1
3654	41	1	17349	17350	17351	17352	17353	17354	17355	18506	18693	-1	-1	-1	-1	-1	-1	-1	-1	-1	-1	-1
3655	66	1	17361	17362	17363	17364	17365	17366	17367	17368	17369	18507	18694	-1	-1	-1	-1	-1	-1	-1	-1	-1
3656	107	1	17370	17371	17372	17373	17374	17375	17376	17377	17378	18508	18695	-1	-1	-1	-1	-1	-1	-1	-1	-1
3657	166	1	17380	17381	17382	17383	17384	17385	17386	17387	17388	18509	18696	-1	-1	-1	-1	-1	-1	-1	-1	-1
3658	247	1	17389	17390	17391	17392	17393	17394	17395	17396	17397	18510	18697	-1	-1	-1	-1	-1	-1	-1	-1	-1
3659	354	1	17398	17399	17400	17401	17402	17403	17404	17405	17406	18511	18698	-1	-1	-1	-1	-1	-1	-1	-1	-1
3660	4	0	17407	17408	17409	-1	-1	-1	-1	-1	-1	-1	-1	-1	-1	-1	-1	-1	-1	-1	-1	-1
3661	5	0	17410	17411	17412	-1	-1	-1	-1	-1	-1	-1	-1	-1	-1	-1	-1	-1	-1	-1	-1	-1
3662	6	0	17413	17414	17415	-1	-1	-1	-1	-1	-1	-1	-1	-1	-1	-1	-1	-1	-1	-1	-1	-1
3663	8	0	59	71	624	1332	1333	-1	-1	-1	-1	-1	-1	-1	-1	-1	-1	-1	-1	-1	-1	-1
3664	10	0	17416	17417	17418	17419	17420	-1	-1	-1	-1	-1	-1	-1	-1	-1	-1	-1	-1	-1	-1	-1
3665	16	0	17421	17422	17423	17424	17425	-1	-1	-1	-1	-1	-1	-1	-1	-1	-1	-1	-1	-1	-1	-1
3666	26	0	17426	17427	17428	17429	17430	-1	-1	-1	-1	-1	-1	-1	-1	-1	-1	-1	-1	-1	-1	-1
3667	41	0	17432	17433	17434	1332	1333	-1	-1	-1	-1	-1	-1	-1	-1	-1	-1	-1	-1	-1	-1	-1
3668	61	0	17438	17439	17440	17441	17442	-1	-1	-1	-1	-1	-1	-1	-1	-1	-1	-1	-1	-1	-1	-1
3669	88	0	17443	17444	17445	17446	17447	-1	-1	-1	-1	-1	-1	-1	-1	-1	-1	-1	-1	-1	-1	-1
3670	18	1	17448	17449	17450	17451	17452	17453	17454	17455	17456	-1	-1	-1	-1	-1	-1	-1	-1	-1	-1	-1
3671	22	1	17457	17458	17459	17460	17461	17462	17463	17464	17465	17466	-1	-1	-1	-1	-1	-1	-1	-1	-1	-1
3672	26	1	17467	17468	17469	17470	17471	17472	17473	17474	17475	17476	17477	-1	-1	-1	-1	-1	-1	-1	-1	-1
3673	32	1	17485	17486	17487	17488	17489	17490	17491	17492	17493	17494	17495	-1	-1	-1	-1	-1	-1	-1	-1	-1
3674	41	1	17496	17497	17498	17499	17500	17501	17502	17503	17504	17505	17506	-1	-1	-1	-1	-1	-1	-1	-1	-1
3675	66	1	17507	17508	17509	17510	17511	17512	17513	17514	17515	17516	17517	-1	-1	-1	-1	-1	-1	-1	-1	-1
3676	107	1	17519	17520	17521	17522	17523	17524	17525	17526	17527	17528	17529	17530	-1	-1	-1	-1	-1	-1	-1	-1
3677	166	1	17531	17532	17533	17534	17535	17536	17537	17538	17539	17540	17541	17542	-1	-1	-1	-1	-1	-1	-1	-1
3678	247	1	17543	17544	17545	17546	17547	17548	17549	17550	17551	17552	17553	17554	-1	-1	-1	-1	-1	-1	-1	-1
3679	354	1	17556	17557	17558	17559	17560	17561	17562	17563	17564	17565	17566	17567	17568	-1	-1	-1	-1	-1	-1	-1
3680	1	1	17570	-1	-1	-1	-1	-1	-1	-1	-1	-1	-1	-1	-1	-1	-1	-1	-1	-1	-1	-1
3681	2	1	17571	-1	-1	-1	-1	-1	-1	-1	-1	-1	-1	-1	-1	-1	-1	-1	-1	-1	-1	-1
3682	17	1	17572	-1	-1	-1	-1	-1	-1	-1	-1	-1	-1	-1	-1	-1	-1	-1	-1	-1	-1	-1
3683	23	1	17573	-1	-1	-1	-1	-1	-1	-1	-1	-1	-1	-1	-1	-1	-1	-1	-1	-1	-1	-1
3684	28	1	17574	-1	-1	-1	-1	-1	-1	-1	-1	-1	-1	-1	-1	-1	-1	-1	-1	-1	-1	-1
3685	34	1	17575	-1	-1	-1	-1	-1	-1	-1	-1	-1	-1	-1	-1	-1	-1	-1	-1	-1	-1	-1
3686	39	1	17576	-1	-1	-1	-1	-1	-1	-1	-1	-1	-1	-1	-1	-1	-1	-1	-1	-1	-1	-1
3687	45	1	17577	-1	-1	-1	-1	-1	-1	-1	-1	-1	-1	-1	-1	-1	-1	-1	-1	-1	-1	-1
3688	50	1	17578	-1	-1	-1	-1	-1	-1	-1	-1	-1	-1	-1	-1	-1	-1	-1	-1	-1	-1	-1
3689	56	1	17579	-1	-1	-1	-1	-1	-1	-1	-1	-1	-1	-1	-1	-1	-1	-1	-1	-1	-1	-1
3690	1	1	17580	-1	-1	-1	-1	-1	-1	-1	-1	-1	-1	-1	-1	-1	-1	-1	-1	-1	-1	-1
3691	2	1	17581	-1	-1	-1	-1	-1	-1	-1	-1	-1	-1	-1	-1	-1	-1	-1	-1	-1	-1	-1
3692	17	1	17582	-1	-1	-1	-1	-1	-1	-1	-1	-1	-1	-1	-1	-1	-1	-1	-1	-1	-1	-1
3693	23	1	17583	-1	-1	-1	-1	-1	-1	-1	-1	-1	-1	-1	-1	-1	-1	-1	-1	-1	-1	-1
3694	28	1	17584	-1	-1	-1	-1	-1	-1	-1	-1	-1	-1	-1	-1	-1	-1	-1	-1	-1	-1	-1
3695	34	1	17585	-1	-1	-1	-1	-1	-1	-1	-1	-1	-1	-1	-1	-1	-1	-1	-1	-1	-1	-1
3696	39	1	17586	-1	-1	-1	-1	-1	-1	-1	-1	-1	-1	-1	-1	-1	-1	-1	-1	-1	-1	-1
3697	45	1	17587	-1	-1	-1	-1	-1	-1	-1	-1	-1	-1	-1	-1	-1	-1	-1	-1	-1	-1	-1
3698	50	1	17588	-1	-1	-1	-1	-1	-1	-1	-1	-1	-1	-1	-1	-1	-1	-1	-1	-1	-1	-1
3699	56	1	17589	-1	-1	-1	-1	-1	-1	-1	-1	-1	-1	-1	-1	-1	-1	-1	-1	-1	-1	-1
3700	1	1	1817	-1	-1	-1	-1	-1	-1	-1	-1	-1	-1	-1	-1	-1	-1	-1	-1	-1	-1	-1
3701	2	1	17590	-1	-1	-1	-1	-1	-1	-1	-1	-1	-1	-1	-1	-1	-1	-1	-1	-1	-1	-1
3702	17	1	17591	-1	-1	-1	-1	-1	-1	-1	-1	-1	-1	-1	-1	-1	-1	-1	-1	-1	-1	-1
3703	23	1	17592	-1	-1	-1	-1	-1	-1	-1	-1	-1	-1	-1	-1	-1	-1	-1	-1	-1	-1	-1
3704	28	1	17593	-1	-1	-1	-1	-1	-1	-1	-1	-1	-1	-1	-1	-1	-1	-1	-1	-1	-1	-1
3705	34	1	17594	-1	-1	-1	-1	-1	-1	-1	-1	-1	-1	-1	-1	-1	-1	-1	-1	-1	-1	-1
3706	39	1	17595	-1	-1	-1	-1	-1	-1	-1	-1	-1	-1	-1	-1	-1	-1	-1	-1	-1	-1	-1
3707	45	1	17596	-1	-1	-1	-1	-1	-1	-1	-1	-1	-1	-1	-1	-1	-1	-1	-1	-1	-1	-1
3708	50	1	17597	-1	-1	-1	-1	-1	-1	-1	-1	-1	-1	-1	-1	-1	-1	-1	-1	-1	-1	-1
3709	56	1	17598	-1	-1	-1	-1	-1	-1	-1	-1	-1	-1	-1	-1	-1	-1	-1	-1	-1	-1	-1
3710	1	1	17599	-1	-1	-1	-1	-1	-1	-1	-1	-1	-1	-1	-1	-1	-1	-1	-1	-1	-1	-1
3711	2	1	17600	-1	-1	-1	-1	-1	-1	-1	-1	-1	-1	-1	-1	-1	-1	-1	-1	-1	-1	-1
3712	17	1	17601	-1	-1	-1	-1	-1	-1	-1	-1	-1	-1	-1	-1	-1	-1	-1	-1	-1	-1	-1
3713	23	1	17602	-1	-1	-1	-1	-1	-1	-1	-1	-1	-1	-1	-1	-1	-1	-1	-1	-1	-1	-1
3714	28	1	17603	-1	-1	-1	-1	-1	-1	-1	-1	-1	-1	-1	-1	-1	-1	-1	-1	-1	-1	-1
3715	34	1	17604	-1	-1	-1	-1	-1	-1	-1	-1	-1	-1	-1	-1	-1	-1	-1	-1	-1	-1	-1
3716	39	1	17605	-1	-1	-1	-1	-1	-1	-1	-1	-1	-1	-1	-1	-1	-1	-1	-1	-1	-1	-1
3717	45	1	17606	-1	-1	-1	-1	-1	-1	-1	-1	-1	-1	-1	-1	-1	-1	-1	-1	-1	-1	-1
3718	50	1	17607	-1	-1	-1	-1	-1	-1	-1	-1	-1	-1	-1	-1	-1	-1	-1	-1	-1	-1	-1
3719	56	1	17608	-1	-1	-1	-1	-1	-1	-1	-1	-1	-1	-1	-1	-1	-1	-1	-1	-1	-1	-1
3720	1	1	17609	-1	-1	-1	-1	-1	-1	-1	-1	-1	-1	-1	-1	-1	-1	-1	-1	-1	-1	-1
3721	2	1	17610	-1	-1	-1	-1	-1	-1	-1	-1	-1	-1	-1	-1	-1	-1	-1	-1	-1	-1	-1
3722	5	1	17611	-1	-1	-1	-1	-1	-1	-1	-1	-1	-1	-1	-1	-1	-1	-1	-1	-1	-1	-1
3723	7	1	17612	-1	-1	-1	-1	-1	-1	-1	-1	-1	-1	-1	-1	-1	-1	-1	-1	-1	-1	-1
3724	9	1	1819	-1	-1	-1	-1	-1	-1	-1	-1	-1	-1	-1	-1	-1	-1	-1	-1	-1	-1	-1
3725	12	1	17614	-1	-1	-1	-1	-1	-1	-1	-1	-1	-1	-1	-1	-1	-1	-1	-1	-1	-1	-1
3726	14	1	17619	-1	-1	-1	-1	-1	-1	-1	-1	-1	-1	-1	-1	-1	-1	-1	-1	-1	-1	-1
3727	16	1	17616	-1	-1	-1	-1	-1	-1	-1	-1	-1	-1	-1	-1	-1	-1	-1	-1	-1	-1	-1
3728	18	1	17617	-1	-1	-1	-1	-1	-1	-1	-1	-1	-1	-1	-1	-1	-1	-1	-1	-1	-1	-1
3729	21	1	17618	-1	-1	-1	-1	-1	-1	-1	-1	-1	-1	-1	-1	-1	-1	-1	-1	-1	-1	-1
3780	4	0	621	-1	-1	-1	-1	-1	-1	-1	-1	-1	-1	-1	-1	-1	-1	-1	-1	-1	-1	-1
3781	5	0	622	-1	-1	-1	-1	-1	-1	-1	-1	-1	-1	-1	-1	-1	-1	-1	-1	-1	-1	-1
3782	6	0	623	-1	-1	-1	-1	-1	-1	-1	-1	-1	-1	-1	-1	-1	-1	-1	-1	-1	-1	-1
3783	8	0	59	71	624	1593	-1	-1	-1	-1	-1	-1	-1	-1	-1	-1	-1	-1	-1	-1	-1	-1
3784	10	0	60	72	625	1594	-1	-1	-1	-1	-1	-1	-1	-1	-1	-1	-1	-1	-1	-1	-1	-1
3785	16	0	61	73	626	1595	-1	-1	-1	-1	-1	-1	-1	-1	-1	-1	-1	-1	-1	-1	-1	-1
3786	26	0	62	74	627	1596	-1	-1	-1	-1	-1	-1	-1	-1	-1	-1	-1	-1	-1	-1	-1	-1
3787	41	0	63	75	628	1597	-1	-1	-1	-1	-1	-1	-1	-1	-1	-1	-1	-1	-1	-1	-1	-1
3788	61	0	64	76	629	1598	-1	-1	-1	-1	-1	-1	-1	-1	-1	-1	-1	-1	-1	-1	-1	-1
3789	88	0	65	77	629	1599	-1	-1	-1	-1	-1	-1	-1	-1	-1	-1	-1	-1	-1	-1	-1	-1
3790	2	0	-1	-1	-1	-1	-1	-1	-1	-1	-1	-1	-1	-1	-1	-1	-1	-1	-1	-1	-1	-1
3791	2	0	-1	-1	-1	-1	-1	-1	-1	-1	-1	-1	-1	-1	-1	-1	-1	-1	-1	-1	-1	-1
3792	2	0	-1	-1	-1	-1	-1	-1	-1	-1	-1	-1	-1	-1	-1	-1	-1	-1	-1	-1	-1	-1
3793	2	0	1607	17620	17621	-1	-1	-1	-1	-1	-1	-1	-1	-1	-1	-1	-1	-1	-1	-1	-1	-1
3794	2	0	1608	17620	17621	-1	-1	-1	-1	-1	-1	-1	-1	-1	-1	-1	-1	-1	-1	-1	-1	-1
3795	2	0	1609	17620	17621	-1	-1	-1	-1	-1	-1	-1	-1	-1	-1	-1	-1	-1	-1	-1	-1	-1
3796	2	0	1610	17620	17621	-1	-1	-1	-1	-1	-1	-1	-1	-1	-1	-1	-1	-1	-1	-1	-1	-1
3797	2	0	1611	17620	17621	-1	-1	-1	-1	-1	-1	-1	-1	-1	-1	-1	-1	-1	-1	-1	-1	-1
3798	2	0	1612	17620	17621	-1	-1	-1	-1	-1	-1	-1	-1	-1	-1	-1	-1	-1	-1	-1	-1	-1
3799	2	0	1613	17620	17621	-1	-1	-1	-1	-1	-1	-1	-1	-1	-1	-1	-1	-1	-1	-1	-1	-1
3800	4	0	621	-1	-1	-1	-1	-1	-1	-1	-1	-1	-1	-1	-1	-1	-1	-1	-1	-1	-1	-1
3801	5	0	622	-1	-1	-1	-1	-1	-1	-1	-1	-1	-1	-1	-1	-1	-1	-1	-1	-1	-1	-1
3802	6	0	623	-1	-1	-1	-1	-1	-1	-1	-1	-1	-1	-1	-1	-1	-1	-1	-1	-1	-1	-1
3803	8	0	59	71	624	-1	-1	-1	-1	-1	-1	-1	-1	-1	-1	-1	-1	-1	-1	-1	-1	-1
3804	10	0	72	625	60	-1	-1	-1	-1	-1	-1	-1	-1	-1	-1	-1	-1	-1	-1	-1	-1	-1
3805	16	0	61	73	626	-1	-1	-1	-1	-1	-1	-1	-1	-1	-1	-1	-1	-1	-1	-1	-1	-1
3806	26	0	62	74	627	-1	-1	-1	-1	-1	-1	-1	-1	-1	-1	-1	-1	-1	-1	-1	-1	-1
3807	41	0	63	75	628	-1	-1	-1	-1	-1	-1	-1	-1	-1	-1	-1	-1	-1	-1	-1	-1	-1
3808	61	0	64	76	629	-1	-1	-1	-1	-1	-1	-1	-1	-1	-1	-1	-1	-1	-1	-1	-1	-1
3809	88	0	65	77	629	-1	-1	-1	-1	-1	-1	-1	-1	-1	-1	-1	-1	-1	-1	-1	-1	-1
3810	18	1	1862	17622	-1	-1	-1	-1	-1	-1	-1	-1	-1	-1	-1	-1	-1	-1	-1	-1	-1	-1
3811	22	1	1863	17623	-1	-1	-1	-1	-1	-1	-1	-1	-1	-1	-1	-1	-1	-1	-1	-1	-1	-1
3812	26	1	1864	17624	-1	-1	-1	-1	-1	-1	-1	-1	-1	-1	-1	-1	-1	-1	-1	-1	-1	-1
3813	32	1	1865	1642	1740	17625	-1	-1	-1	-1	-1	-1	-1	-1	-1	-1	-1	-1	-1	-1	-1	-1
3814	41	1	1866	1643	1741	17626	-1	-1	-1	-1	-1	-1	-1	-1	-1	-1	-1	-1	-1	-1	-1	-1
3815	66	1	1867	1644	1742	17627	-1	-1	-1	-1	-1	-1	-1	-1	-1	-1	-1	-1	-1	-1	-1	-1
3816	107	1	1868	1645	1743	17628	-1	-1	-1	-1	-1	-1	-1	-1	-1	-1	-1	-1	-1	-1	-1	-1
3817	166	1	697	1869	1646	1744	17629	-1	-1	-1	-1	-1	-1	-1	-1	-1	-1	-1	-1	-1	-1	-1
3818	247	1	698	1870	1647	1745	17630	-1	-1	-1	-1	-1	-1	-1	-1	-1	-1	-1	-1	-1	-1	-1
3819	354	1	699	1871	1648	1746	17631	-1	-1	-1	-1	-1	-1	-1	-1	-1	-1	-1	-1	-1	-1	-1
3830	26	1	622	1737	622	622	1929	15118	-1	-1	-1	-1	-1	-1	-1	-1	-1	-1	-1	-1	-1	-1
3831	41	1	83	624	1738	624	624	1930	17632	-1	-1	-1	-1	-1	-1	-1	-1	-1	-1	-1	-1	-1
3832	84	1	85	626	1739	626	626	1931	17633	-1	-1	-1	-1	-1	-1	-1	-1	-1	-1	-1	-1	-1
3833	5	0	622	622	622	-1	-1	-1	-1	-1	-1	-1	-1	-1	-1	-1	-1	-1	-1	-1	-1	-1
3834	8	0	624	624	624	83	-1	-1	-1	-1	-1	-1	-1	-1	-1	-1	-1	-1	-1	-1	-1	-1
3835	16	0	626	85	626	626	-1	-1	-1	-1	-1	-1	-1	-1	-1	-1	-1	-1	-1	-1	-1	-1
3836	5	0	622	622	622	-1	-1	-1	-1	-1	-1	-1	-1	-1	-1	-1	-1	-1	-1	-1	-1	-1
3837	8	0	624	83	624	624	-1	-1	-1	-1	-1	-1	-1	-1	-1	-1	-1	-1	-1	-1	-1	-1
3838	16	0	626	85	626	626	-1	-1	-1	-1	-1	-1	-1	-1	-1	-1	-1	-1	-1	-1	-1	-1
3839	5	0	622	622	622	-1	-1	-1	-1	-1	-1	-1	-1	-1	-1	-1	-1	-1	-1	-1	-1	-1
3840	8	0	624	83	624	624	-1	-1	-1	-1	-1	-1	-1	-1	-1	-1	-1	-1	-1	-1	-1	-1
3841	16	0	626	85	626	626	-1	-1	-1	-1	-1	-1	-1	-1	-1	-1	-1	-1	-1	-1	-1	-1
3842	5	0	622	622	622	-1	-1	-1	-1	-1	-1	-1	-1	-1	-1	-1	-1	-1	-1	-1	-1	-1
3843	8	0	624	83	624	624	-1	-1	-1	-1	-1	-1	-1	-1	-1	-1	-1	-1	-1	-1	-1	-1
3844	16	0	626	85	626	626	-1	-1	-1	-1	-1	-1	-1	-1	-1	-1	-1	-1	-1	-1	-1	-1
3845	100	0	1844	1845	-1	-1	-1	-1	-1	-1	-1	-1	-1	-1	-1	-1	-1	-1	-1	-1	-1	-1
3846	100	0	1844	1845	-1	-1	-1	-1	-1	-1	-1	-1	-1	-1	-1	-1	-1	-1	-1	-1	-1	-1
3847	100	0	1844	1845	-1	-1	-1	-1	-1	-1	-1	-1	-1	-1	-1	-1	-1	-1	-1	-1	-1	-1
3848	100	0	1844	1845	-1	-1	-1	-1	-1	-1	-1	-1	-1	-1	-1	-1	-1	-1	-1	-1	-1	-1
3850	4	0	621	-1	-1	-1	-1	-1	-1	-1	-1	-1	-1	-1	-1	-1	-1	-1	-1	-1	-1	-1
3851	5	0	622	-1	-1	-1	-1	-1	-1	-1	-1	-1	-1	-1	-1	-1	-1	-1	-1	-1	-1	-1
3852	6	0	623	-1	-1	-1	-1	-1	-1	-1	-1	-1	-1	-1	-1	-1	-1	-1	-1	-1	-1	-1
3853	8	0	59	71	624	1593	-1	-1	-1	-1	-1	-1	-1	-1	-1	-1	-1	-1	-1	-1	-1	-1
3854	10	0	60	72	625	1594	-1	-1	-1	-1	-1	-1	-1	-1	-1	-1	-1	-1	-1	-1	-1	-1
3855	16	0	61	73	626	1595	-1	-1	-1	-1	-1	-1	-1	-1	-1	-1	-1	-1	-1	-1	-1	-1
3856	26	0	62	74	627	1596	-1	-1	-1	-1	-1	-1	-1	-1	-1	-1	-1	-1	-1	-1	-1	-1
3857	41	0	63	75	628	1597	-1	-1	-1	-1	-1	-1	-1	-1	-1	-1	-1	-1	-1	-1	-1	-1
3858	61	0	64	76	629	1598	-1	-1	-1	-1	-1	-1	-1	-1	-1	-1	-1	-1	-1	-1	-1	-1
3859	88	0	65	77	629	1599	-1	-1	-1	-1	-1	-1	-1	-1	-1	-1	-1	-1	-1	-1	-1	-1
3860	4	0	621	-1	-1	-1	-1	-1	-1	-1	-1	-1	-1	-1	-1	-1	-1	-1	-1	-1	-1	-1
3861	5	0	622	-1	-1	-1	-1	-1	-1	-1	-1	-1	-1	-1	-1	-1	-1	-1	-1	-1	-1	-1
3862	6	0	623	-1	-1	-1	-1	-1	-1	-1	-1	-1	-1	-1	-1	-1	-1	-1	-1	-1	-1	-1
3863	8	0	59	71	624	1593	-1	-1	-1	-1	-1	-1	-1	-1	-1	-1	-1	-1	-1	-1	-1	-1
3864	10	0	60	72	625	1594	-1	-1	-1	-1	-1	-1	-1	-1	-1	-1	-1	-1	-1	-1	-1	-1
3865	16	0	61	73	626	1595	-1	-1	-1	-1	-1	-1	-1	-1	-1	-1	-1	-1	-1	-1	-1	-1
3866	26	0	62	74	627	1596	-1	-1	-1	-1	-1	-1	-1	-1	-1	-1	-1	-1	-1	-1	-1	-1
3867	41	0	63	75	628	1597	-1	-1	-1	-1	-1	-1	-1	-1	-1	-1	-1	-1	-1	-1	-1	-1
3868	61	0	64	76	629	1598	-1	-1	-1	-1	-1	-1	-1	-1	-1	-1	-1	-1	-1	-1	-1	-1
3869	88	0	65	77	629	1599	-1	-1	-1	-1	-1	-1	-1	-1	-1	-1	-1	-1	-1	-1	-1	-1
3883	10	0	1932	-1	-1	-1	-1	-1	-1	-1	-1	-1	-1	-1	-1	-1	-1	-1	-1	-1	-1	-1
3884	10	0	1933	-1	-1	-1	-1	-1	-1	-1	-1	-1	-1	-1	-1	-1	-1	-1	-1	-1	-1	-1
3885	10	0	1934	-1	-1	-1	-1	-1	-1	-1	-1	-1	-1	-1	-1	-1	-1	-1	-1	-1	-1	-1
4000	4	0	620	-1	-1	-1	-1	-1	-1	-1	-1	-1	-1	-1	-1	-1	-1	-1	-1	-1	-1	-1
4001	5	0	621	-1	-1	-1	-1	-1	-1	-1	-1	-1	-1	-1	-1	-1	-1	-1	-1	-1	-1	-1
4002	6	0	622	-1	-1	-1	-1	-1	-1	-1	-1	-1	-1	-1	-1	-1	-1	-1	-1	-1	-1	-1
4003	8	0	59	71	623	-1	-1	-1	-1	-1	-1	-1	-1	-1	-1	-1	-1	-1	-1	-1	-1	-1
4004	10	0	60	72	624	-1	-1	-1	-1	-1	-1	-1	-1	-1	-1	-1	-1	-1	-1	-1	-1	-1
4005	16	0	61	73	625	-1	-1	-1	-1	-1	-1	-1	-1	-1	-1	-1	-1	-1	-1	-1	-1	-1
4006	26	0	62	74	626	-1	-1	-1	-1	-1	-1	-1	-1	-1	-1	-1	-1	-1	-1	-1	-1	-1
4007	41	0	63	75	627	-1	-1	-1	-1	-1	-1	-1	-1	-1	-1	-1	-1	-1	-1	-1	-1	-1
4008	61	0	64	76	628	-1	-1	-1	-1	-1	-1	-1	-1	-1	-1	-1	-1	-1	-1	-1	-1	-1
4009	88	0	65	77	629	-1	-1	-1	-1	-1	-1	-1	-1	-1	-1	-1	-1	-1	-1	-1	-1	-1
4010	18	1	620	-1	-1	-1	-1	-1	-1	-1	-1	-1	-1	-1	-1	-1	-1	-1	-1	-1	-1	-1
4011	22	1	621	-1	-1	-1	-1	-1	-1	-1	-1	-1	-1	-1	-1	-1	-1	-1	-1	-1	-1	-1
4012	26	1	622	-1	-1	-1	-1	-1	-1	-1	-1	-1	-1	-1	-1	-1	-1	-1	-1	-1	-1	-1
4013	32	1	59	71	623	-1	-1	-1	-1	-1	-1	-1	-1	-1	-1	-1	-1	-1	-1	-1	-1	-1
4014	41	1	60	72	624	-1	-1	-1	-1	-1	-1	-1	-1	-1	-1	-1	-1	-1	-1	-1	-1	-1
4015	66	1	61	73	625	-1	-1	-1	-1	-1	-1	-1	-1	-1	-1	-1	-1	-1	-1	-1	-1	-1
4016	107	1	62	74	626	-1	-1	-1	-1	-1	-1	-1	-1	-1	-1	-1	-1	-1	-1	-1	-1	-1
4017	166	1	63	75	627	-1	-1	-1	-1	-1	-1	-1	-1	-1	-1	-1	-1	-1	-1	-1	-1	-1
4018	247	1	64	76	628	-1	-1	-1	-1	-1	-1	-1	-1	-1	-1	-1	-1	-1	-1	-1	-1	-1
4019	354	1	65	77	629	-1	-1	-1	-1	-1	-1	-1	-1	-1	-1	-1	-1	-1	-1	-1	-1	-1
4020	18	1	620	-1	-1	-1	-1	-1	-1	-1	-1	-1	-1	-1	-1	-1	-1	-1	-1	-1	-1	-1
4021	22	1	621	-1	-1	-1	-1	-1	-1	-1	-1	-1	-1	-1	-1	-1	-1	-1	-1	-1	-1	-1
4022	26	1	622	-1	-1	-1	-1	-1	-1	-1	-1	-1	-1	-1	-1	-1	-1	-1	-1	-1	-1	-1
4023	32	1	59	71	623	-1	-1	-1	-1	-1	-1	-1	-1	-1	-1	-1	-1	-1	-1	-1	-1	-1
4024	41	1	60	72	624	-1	-1	-1	-1	-1	-1	-1	-1	-1	-1	-1	-1	-1	-1	-1	-1	-1
4025	66	1	61	73	625	-1	-1	-1	-1	-1	-1	-1	-1	-1	-1	-1	-1	-1	-1	-1	-1	-1
4026	107	1	62	74	626	-1	-1	-1	-1	-1	-1	-1	-1	-1	-1	-1	-1	-1	-1	-1	-1	-1
4027	166	1	63	75	627	-1	-1	-1	-1	-1	-1	-1	-1	-1	-1	-1	-1	-1	-1	-1	-1	-1
4028	247	1	64	76	628	-1	-1	-1	-1	-1	-1	-1	-1	-1	-1	-1	-1	-1	-1	-1	-1	-1
4029	354	1	65	77	629	-1	-1	-1	-1	-1	-1	-1	-1	-1	-1	-1	-1	-1	-1	-1	-1	-1
4030	18	1	620	-1	-1	-1	-1	-1	-1	-1	-1	-1	-1	-1	-1	-1	-1	-1	-1	-1	-1	-1
4031	22	1	621	-1	-1	-1	-1	-1	-1	-1	-1	-1	-1	-1	-1	-1	-1	-1	-1	-1	-1	-1
4032	26	1	622	-1	-1	-1	-1	-1	-1	-1	-1	-1	-1	-1	-1	-1	-1	-1	-1	-1	-1	-1
4033	32	1	59	71	623	-1	-1	-1	-1	-1	-1	-1	-1	-1	-1	-1	-1	-1	-1	-1	-1	-1
4034	41	1	60	72	624	-1	-1	-1	-1	-1	-1	-1	-1	-1	-1	-1	-1	-1	-1	-1	-1	-1
4035	66	1	61	73	625	-1	-1	-1	-1	-1	-1	-1	-1	-1	-1	-1	-1	-1	-1	-1	-1	-1
4036	107	1	62	74	626	-1	-1	-1	-1	-1	-1	-1	-1	-1	-1	-1	-1	-1	-1	-1	-1	-1
4037	166	1	63	75	627	-1	-1	-1	-1	-1	-1	-1	-1	-1	-1	-1	-1	-1	-1	-1	-1	-1
4038	247	1	64	76	628	-1	-1	-1	-1	-1	-1	-1	-1	-1	-1	-1	-1	-1	-1	-1	-1	-1
4039	354	1	65	77	629	-1	-1	-1	-1	-1	-1	-1	-1	-1	-1	-1	-1	-1	-1	-1	-1	-1
4040	18	1	620	-1	-1	-1	-1	-1	-1	-1	-1	-1	-1	-1	-1	-1	-1	-1	-1	-1	-1	-1
4041	22	1	621	-1	-1	-1	-1	-1	-1	-1	-1	-1	-1	-1	-1	-1	-1	-1	-1	-1	-1	-1
4042	26	1	622	-1	-1	-1	-1	-1	-1	-1	-1	-1	-1	-1	-1	-1	-1	-1	-1	-1	-1	-1
4043	32	1	59	71	623	-1	-1	-1	-1	-1	-1	-1	-1	-1	-1	-1	-1	-1	-1	-1	-1	-1
4044	41	1	60	72	624	-1	-1	-1	-1	-1	-1	-1	-1	-1	-1	-1	-1	-1	-1	-1	-1	-1
4045	66	1	61	73	625	-1	-1	-1	-1	-1	-1	-1	-1	-1	-1	-1	-1	-1	-1	-1	-1	-1
4046	107	1	62	74	626	-1	-1	-1	-1	-1	-1	-1	-1	-1	-1	-1	-1	-1	-1	-1	-1	-1
4047	166	1	63	75	627	-1	-1	-1	-1	-1	-1	-1	-1	-1	-1	-1	-1	-1	-1	-1	-1	-1
4048	247	1	64	76	628	-1	-1	-1	-1	-1	-1	-1	-1	-1	-1	-1	-1	-1	-1	-1	-1	-1
4049	354	1	65	77	629	-1	-1	-1	-1	-1	-1	-1	-1	-1	-1	-1	-1	-1	-1	-1	-1	-1
4060	4	0	621	-1	-1	-1	-1	-1	-1	-1	-1	-1	-1	-1	-1	-1	-1	-1	-1	-1	-1	-1
4061	5	0	622	-1	-1	-1	-1	-1	-1	-1	-1	-1	-1	-1	-1	-1	-1	-1	-1	-1	-1	-1
4062	6	0	623	-1	-1	-1	-1	-1	-1	-1	-1	-1	-1	-1	-1	-1	-1	-1	-1	-1	-1	-1
4063	8	0	624	16	59	-1	-1	-1	-1	-1	-1	-1	-1	-1	-1	-1	-1	-1	-1	-1	-1	-1
4064	10	0	625	17	60	-1	-1	-1	-1	-1	-1	-1	-1	-1	-1	-1	-1	-1	-1	-1	-1	-1
4065	16	0	626	18	61	-1	-1	-1	-1	-1	-1	-1	-1	-1	-1	-1	-1	-1	-1	-1	-1	-1
4066	26	0	627	19	62	-1	-1	-1	-1	-1	-1	-1	-1	-1	-1	-1	-1	-1	-1	-1	-1	-1
4067	41	0	628	20	63	-1	-1	-1	-1	-1	-1	-1	-1	-1	-1	-1	-1	-1	-1	-1	-1	-1
4068	61	0	629	21	64	-1	-1	-1	-1	-1	-1	-1	-1	-1	-1	-1	-1	-1	-1	-1	-1	-1
4069	88	0	629	22	65	-1	-1	-1	-1	-1	-1	-1	-1	-1	-1	-1	-1	-1	-1	-1	-1	-1
4070	4	0	621	-1	-1	-1	-1	-1	-1	-1	-1	-1	-1	-1	-1	-1	-1	-1	-1	-1	-1	-1
4071	5	0	622	-1	-1	-1	-1	-1	-1	-1	-1	-1	-1	-1	-1	-1	-1	-1	-1	-1	-1	-1
4072	6	0	623	-1	-1	-1	-1	-1	-1	-1	-1	-1	-1	-1	-1	-1	-1	-1	-1	-1	-1	-1
4073	8	0	624	16	59	-1	-1	-1	-1	-1	-1	-1	-1	-1	-1	-1	-1	-1	-1	-1	-1	-1
4074	10	0	625	17	60	-1	-1	-1	-1	-1	-1	-1	-1	-1	-1	-1	-1	-1	-1	-1	-1	-1
4075	16	0	626	18	61	-1	-1	-1	-1	-1	-1	-1	-1	-1	-1	-1	-1	-1	-1	-1	-1	-1
4076	26	0	627	19	62	-1	-1	-1	-1	-1	-1	-1	-1	-1	-1	-1	-1	-1	-1	-1	-1	-1
4077	41	0	628	20	63	-1	-1	-1	-1	-1	-1	-1	-1	-1	-1	-1	-1	-1	-1	-1	-1	-1
4078	61	0	629	21	64	-1	-1	-1	-1	-1	-1	-1	-1	-1	-1	-1	-1	-1	-1	-1	-1	-1
4079	88	0	629	22	65	-1	-1	-1	-1	-1	-1	-1	-1	-1	-1	-1	-1	-1	-1	-1	-1	-1
4080	4	1	621	17634	17635	-1	-1	-1	-1	-1	-1	-1	-1	-1	-1	-1	-1	-1	-1	-1	-1	-1
4081	5	1	622	17636	17637	-1	-1	-1	-1	-1	-1	-1	-1	-1	-1	-1	-1	-1	-1	-1	-1	-1
4082	6	1	623	17638	17639	-1	-1	-1	-1	-1	-1	-1	-1	-1	-1	-1	-1	-1	-1	-1	-1	-1
4083	8	1	624	16	59	17640	17641	-1	-1	-1	-1	-1	-1	-1	-1	-1	-1	-1	-1	-1	-1	-1
4084	10	1	625	17	60	17642	17643	-1	-1	-1	-1	-1	-1	-1	-1	-1	-1	-1	-1	-1	-1	-1
4085	16	1	626	18	61	17644	17645	-1	-1	-1	-1	-1	-1	-1	-1	-1	-1	-1	-1	-1	-1	-1
4086	26	1	627	19	62	17646	17647	-1	-1	-1	-1	-1	-1	-1	-1	-1	-1	-1	-1	-1	-1	-1
4087	41	1	628	20	63	17648	17649	-1	-1	-1	-1	-1	-1	-1	-1	-1	-1	-1	-1	-1	-1	-1
4088	61	1	629	21	64	17650	17651	-1	-1	-1	-1	-1	-1	-1	-1	-1	-1	-1	-1	-1	-1	-1
4089	88	1	629	22	65	17652	17653	-1	-1	-1	-1	-1	-1	-1	-1	-1	-1	-1	-1	-1	-1	-1
4090	4	1	621	17654	17655	-1	-1	-1	-1	-1	-1	-1	-1	-1	-1	-1	-1	-1	-1	-1	-1	-1
4091	5	1	622	17656	17657	-1	-1	-1	-1	-1	-1	-1	-1	-1	-1	-1	-1	-1	-1	-1	-1	-1
4092	6	1	623	17658	17659	-1	-1	-1	-1	-1	-1	-1	-1	-1	-1	-1	-1	-1	-1	-1	-1	-1
4093	8	1	624	16	59	17660	17661	-1	-1	-1	-1	-1	-1	-1	-1	-1	-1	-1	-1	-1	-1	-1
4094	10	1	625	17	60	17662	17663	-1	-1	-1	-1	-1	-1	-1	-1	-1	-1	-1	-1	-1	-1	-1
4095	16	1	626	18	61	17664	17665	-1	-1	-1	-1	-1	-1	-1	-1	-1	-1	-1	-1	-1	-1	-1
4096	26	1	627	19	62	17666	17667	-1	-1	-1	-1	-1	-1	-1	-1	-1	-1	-1	-1	-1	-1	-1
4097	41	1	628	20	63	17668	17669	-1	-1	-1	-1	-1	-1	-1	-1	-1	-1	-1	-1	-1	-1	-1
4098	61	1	629	21	64	17670	17671	-1	-1	-1	-1	-1	-1	-1	-1	-1	-1	-1	-1	-1	-1	-1
4099	88	1	629	22	65	17672	17673	-1	-1	-1	-1	-1	-1	-1	-1	-1	-1	-1	-1	-1	-1	-1
4100	4	1	621	-1	-1	-1	-1	-1	-1	-1	-1	-1	-1	-1	-1	-1	-1	-1	-1	-1	-1	-1
4101	5	1	622	-1	-1	-1	-1	-1	-1	-1	-1	-1	-1	-1	-1	-1	-1	-1	-1	-1	-1	-1
4102	6	1	623	17678	17679	-1	-1	-1	-1	-1	-1	-1	-1	-1	-1	-1	-1	-1	-1	-1	-1	-1
4103	8	1	624	16	59	17680	17681	-1	-1	-1	-1	-1	-1	-1	-1	-1	-1	-1	-1	-1	-1	-1
4104	10	1	625	17	60	17682	17683	-1	-1	-1	-1	-1	-1	-1	-1	-1	-1	-1	-1	-1	-1	-1
4105	16	1	626	18	61	17684	17685	17825	17826	-1	-1	-1	-1	-1	-1	-1	-1	-1	-1	-1	-1	-1
4106	26	1	627	19	62	17686	17687	17827	17828	17829	-1	-1	-1	-1	-1	-1	-1	-1	-1	-1	-1	-1
4107	41	1	628	20	63	17688	17689	17830	17831	17829	-1	-1	-1	-1	-1	-1	-1	-1	-1	-1	-1	-1
4108	61	1	629	21	64	17690	17691	17832	17833	17829	-1	-1	-1	-1	-1	-1	-1	-1	-1	-1	-1	-1
4109	88	1	629	22	65	17692	17693	17829	17834	17835	18438	-1	-1	-1	-1	-1	-1	-1	-1	-1	-1	-1
4110	4	0	621	-1	-1	-1	-1	-1	-1	-1	-1	-1	-1	-1	-1	-1	-1	-1	-1	-1	-1	-1
4111	5	0	622	-1	-1	-1	-1	-1	-1	-1	-1	-1	-1	-1	-1	-1	-1	-1	-1	-1	-1	-1
4112	6	0	623	82	-1	-1	-1	-1	-1	-1	-1	-1	-1	-1	-1	-1	-1	-1	-1	-1	-1	-1
4113	8	0	624	83	-1	-1	-1	-1	-1	-1	-1	-1	-1	-1	-1	-1	-1	-1	-1	-1	-1	-1
4114	10	0	625	84	-1	-1	-1	-1	-1	-1	-1	-1	-1	-1	-1	-1	-1	-1	-1	-1	-1	-1
4115	16	0	85	626	-1	-1	-1	-1	-1	-1	-1	-1	-1	-1	-1	-1	-1	-1	-1	-1	-1	-1
4116	26	0	627	86	-1	-1	-1	-1	-1	-1	-1	-1	-1	-1	-1	-1	-1	-1	-1	-1	-1	-1
4117	41	0	628	-1	-1	-1	-1	-1	-1	-1	-1	-1	-1	-1	-1	-1	-1	-1	-1	-1	-1	-1
4118	61	0	629	88	-1	-1	-1	-1	-1	-1	-1	-1	-1	-1	-1	-1	-1	-1	-1	-1	-1	-1
4119	88	0	629	89	-1	-1	-1	-1	-1	-1	-1	-1	-1	-1	-1	-1	-1	-1	-1	-1	-1	-1
4120	4	1	621	17836	-1	-1	-1	-1	-1	-1	-1	-1	-1	-1	-1	-1	-1	-1	-1	-1	-1	-1
4121	5	1	622	17837	-1	-1	-1	-1	-1	-1	-1	-1	-1	-1	-1	-1	-1	-1	-1	-1	-1	-1
4122	6	1	623	82	17694	17695	17838	-1	-1	-1	-1	-1	-1	-1	-1	-1	-1	-1	-1	-1	-1	-1
4123	8	1	624	83	17696	17697	17839	17840	-1	-1	-1	-1	-1	-1	-1	-1	-1	-1	-1	-1	-1	-1
4124	10	1	625	84	17698	17699	17841	17842	-1	-1	-1	-1	-1	-1	-1	-1	-1	-1	-1	-1	-1	-1
4125	16	1	626	85	17700	17701	17843	17844	-1	-1	-1	-1	-1	-1	-1	-1	-1	-1	-1	-1	-1	-1
4126	26	1	627	86	17702	17703	17845	17846	-1	-1	-1	-1	-1	-1	-1	-1	-1	-1	-1	-1	-1	-1
4127	41	1	628	17704	17705	17847	17848	-1	-1	-1	-1	-1	-1	-1	-1	-1	-1	-1	-1	-1	-1	-1
4128	61	1	629	88	17706	17707	17849	17850	-1	-1	-1	-1	-1	-1	-1	-1	-1	-1	-1	-1	-1	-1
4129	88	1	629	89	11309	17708	17709	17851	17852	17853	-1	-1	-1	-1	-1	-1	-1	-1	-1	-1	-1	-1
4130	8	1	621	-1	-1	-1	-1	-1	-1	-1	-1	-1	-1	-1	-1	-1	-1	-1	-1	-1	-1	-1
4131	10	1	622	-1	-1	-1	-1	-1	-1	-1	-1	-1	-1	-1	-1	-1	-1	-1	-1	-1	-1	-1
4132	12	1	623	17710	17711	-1	-1	-1	-1	-1	-1	-1	-1	-1	-1	-1	-1	-1	-1	-1	-1	-1
4133	16	1	624	16	59	17712	17713	17714	-1	-1	-1	-1	-1	-1	-1	-1	-1	-1	-1	-1	-1	-1
4134	20	1	625	17	60	17715	17716	17717	-1	-1	-1	-1	-1	-1	-1	-1	-1	-1	-1	-1	-1	-1
4135	32	1	626	18	61	17718	17719	17720	17854	17855	-1	-1	-1	-1	-1	-1	-1	-1	-1	-1	-1	-1
4136	52	1	627	19	62	17721	17722	17723	17856	17857	-1	-1	-1	-1	-1	-1	-1	-1	-1	-1	-1	-1
4137	82	1	628	20	63	17724	17725	17726	17858	17859	-1	-1	-1	-1	-1	-1	-1	-1	-1	-1	-1	-1
4138	122	1	629	21	64	17727	17728	17729	17860	17861	-1	-1	-1	-1	-1	-1	-1	-1	-1	-1	-1	-1
4139	176	1	629	22	65	17730	17731	17732	17862	17863	-1	-1	-1	-1	-1	-1	-1	-1	-1	-1	-1	-1
4140	4	0	621	-1	-1	-1	-1	-1	-1	-1	-1	-1	-1	-1	-1	-1	-1	-1	-1	-1	-1	-1
4141	5	0	622	-1	-1	-1	-1	-1	-1	-1	-1	-1	-1	-1	-1	-1	-1	-1	-1	-1	-1	-1
4142	6	0	623	-1	-1	-1	-1	-1	-1	-1	-1	-1	-1	-1	-1	-1	-1	-1	-1	-1	-1	-1
4143	8	0	624	16	59	-1	-1	-1	-1	-1	-1	-1	-1	-1	-1	-1	-1	-1	-1	-1	-1	-1
4144	10	0	625	17	60	-1	-1	-1	-1	-1	-1	-1	-1	-1	-1	-1	-1	-1	-1	-1	-1	-1
4145	16	0	626	18	61	-1	-1	-1	-1	-1	-1	-1	-1	-1	-1	-1	-1	-1	-1	-1	-1	-1
4146	26	0	627	19	62	-1	-1	-1	-1	-1	-1	-1	-1	-1	-1	-1	-1	-1	-1	-1	-1	-1
4147	41	0	628	20	63	-1	-1	-1	-1	-1	-1	-1	-1	-1	-1	-1	-1	-1	-1	-1	-1	-1
4148	61	0	629	21	64	-1	-1	-1	-1	-1	-1	-1	-1	-1	-1	-1	-1	-1	-1	-1	-1	-1
4149	88	0	629	22	65	-1	-1	-1	-1	-1	-1	-1	-1	-1	-1	-1	-1	-1	-1	-1	-1	-1
4150	4	0	621	-1	-1	-1	-1	-1	-1	-1	-1	-1	-1	-1	-1	-1	-1	-1	-1	-1	-1	-1
4151	5	0	622	-1	-1	-1	-1	-1	-1	-1	-1	-1	-1	-1	-1	-1	-1	-1	-1	-1	-1	-1
4152	6	0	623	-1	-1	-1	-1	-1	-1	-1	-1	-1	-1	-1	-1	-1	-1	-1	-1	-1	-1	-1
4153	8	0	624	16	59	-1	-1	-1	-1	-1	-1	-1	-1	-1	-1	-1	-1	-1	-1	-1	-1	-1
4154	10	0	625	17	60	-1	-1	-1	-1	-1	-1	-1	-1	-1	-1	-1	-1	-1	-1	-1	-1	-1
4155	16	0	626	18	61	-1	-1	-1	-1	-1	-1	-1	-1	-1	-1	-1	-1	-1	-1	-1	-1	-1
4156	26	0	627	19	62	-1	-1	-1	-1	-1	-1	-1	-1	-1	-1	-1	-1	-1	-1	-1	-1	-1
4157	41	0	628	20	63	-1	-1	-1	-1	-1	-1	-1	-1	-1	-1	-1	-1	-1	-1	-1	-1	-1
4158	61	0	629	21	64	-1	-1	-1	-1	-1	-1	-1	-1	-1	-1	-1	-1	-1	-1	-1	-1	-1
4159	88	0	629	22	65	-1	-1	-1	-1	-1	-1	-1	-1	-1	-1	-1	-1	-1	-1	-1	-1	-1
4160	4	0	621	-1	-1	-1	-1	-1	-1	-1	-1	-1	-1	-1	-1	-1	-1	-1	-1	-1	-1	-1
4161	5	0	622	-1	-1	-1	-1	-1	-1	-1	-1	-1	-1	-1	-1	-1	-1	-1	-1	-1	-1	-1
4162	6	0	623	-1	-1	-1	-1	-1	-1	-1	-1	-1	-1	-1	-1	-1	-1	-1	-1	-1	-1	-1
4163	8	0	624	16	59	-1	-1	-1	-1	-1	-1	-1	-1	-1	-1	-1	-1	-1	-1	-1	-1	-1
4164	10	0	625	17	60	-1	-1	-1	-1	-1	-1	-1	-1	-1	-1	-1	-1	-1	-1	-1	-1	-1
4165	16	0	626	18	61	-1	-1	-1	-1	-1	-1	-1	-1	-1	-1	-1	-1	-1	-1	-1	-1	-1
4166	26	0	627	19	62	-1	-1	-1	-1	-1	-1	-1	-1	-1	-1	-1	-1	-1	-1	-1	-1	-1
4167	41	0	628	20	63	-1	-1	-1	-1	-1	-1	-1	-1	-1	-1	-1	-1	-1	-1	-1	-1	-1
4168	61	0	629	21	64	-1	-1	-1	-1	-1	-1	-1	-1	-1	-1	-1	-1	-1	-1	-1	-1	-1
4169	88	0	629	22	65	-1	-1	-1	-1	-1	-1	-1	-1	-1	-1	-1	-1	-1	-1	-1	-1	-1
4170	4	0	621	-1	-1	-1	-1	-1	-1	-1	-1	-1	-1	-1	-1	-1	-1	-1	-1	-1	-1	-1
4171	5	0	622	-1	-1	-1	-1	-1	-1	-1	-1	-1	-1	-1	-1	-1	-1	-1	-1	-1	-1	-1
4172	6	0	623	-1	-1	-1	-1	-1	-1	-1	-1	-1	-1	-1	-1	-1	-1	-1	-1	-1	-1	-1
4173	8	0	624	16	59	-1	-1	-1	-1	-1	-1	-1	-1	-1	-1	-1	-1	-1	-1	-1	-1	-1
4174	10	0	625	17	60	-1	-1	-1	-1	-1	-1	-1	-1	-1	-1	-1	-1	-1	-1	-1	-1	-1
4175	16	0	626	18	61	-1	-1	-1	-1	-1	-1	-1	-1	-1	-1	-1	-1	-1	-1	-1	-1	-1
4176	26	0	627	19	62	-1	-1	-1	-1	-1	-1	-1	-1	-1	-1	-1	-1	-1	-1	-1	-1	-1
4177	41	0	628	20	63	-1	-1	-1	-1	-1	-1	-1	-1	-1	-1	-1	-1	-1	-1	-1	-1	-1
4178	61	0	629	21	64	-1	-1	-1	-1	-1	-1	-1	-1	-1	-1	-1	-1	-1	-1	-1	-1	-1
4179	88	0	629	22	65	-1	-1	-1	-1	-1	-1	-1	-1	-1	-1	-1	-1	-1	-1	-1	-1	-1
6570	45	0	1234	1254	1274	1284	-1	-1	-1	-1	-1	-1	-1	-1	-1	-1	-1	-1	-1	-1	-1	-1
6571	45	0	1234	1254	1274	1284	-1	-1	-1	-1	-1	-1	-1	-1	-1	-1	-1	-1	-1	-1	-1	-1
6572	45	0	1234	1254	1274	1284	-1	-1	-1	-1	-1	-1	-1	-1	-1	-1	-1	-1	-1	-1	-1	-1
6573	45	0	1234	1254	1274	1284	-1	-1	-1	-1	-1	-1	-1	-1	-1	-1	-1	-1	-1	-1	-1	-1
6579	45	0	1234	1254	1274	1284	-1	-1	-1	-1	-1	-1	-1	-1	-1	-1	-1	-1	-1	-1	-1	-1
6580	55	0	1235	1255	1265	1275	1285	1878	-1	-1	-1	-1	-1	-1	-1	-1	-1	-1	-1	-1	-1	-1
6581	55	0	1235	1255	1265	1275	1285	1878	-1	-1	-1	-1	-1	-1	-1	-1	-1	-1	-1	-1	-1	-1
6582	55	0	1235	1255	1265	1275	1285	1878	-1	-1	-1	-1	-1	-1	-1	-1	-1	-1	-1	-1	-1	-1
6583	55	0	1235	1255	1265	1275	1285	1878	-1	-1	-1	-1	-1	-1	-1	-1	-1	-1	-1	-1	-1	-1
6584	55	0	1235	1255	1265	1275	1285	1878	-1	-1	-1	-1	-1	-1	-1	-1	-1	-1	-1	-1	-1	-1
6589	55	0	1235	1255	1265	1275	1285	1878	-1	-1	-1	-1	-1	-1	-1	-1	-1	-1	-1	-1	-1	-1
6590	65	0	1236	1256	1266	1276	1286	1879	-1	-1	-1	-1	-1	-1	-1	-1	-1	-1	-1	-1	-1	-1
6591	65	0	1236	1256	1266	1276	1286	1879	-1	-1	-1	-1	-1	-1	-1	-1	-1	-1	-1	-1	-1	-1
6592	65	0	1236	1256	1266	1276	1286	1879	-1	-1	-1	-1	-1	-1	-1	-1	-1	-1	-1	-1	-1	-1
6593	65	0	1236	1256	1266	1276	1286	1879	-1	-1	-1	-1	-1	-1	-1	-1	-1	-1	-1	-1	-1	-1
6594	65	0	1236	1256	1266	1276	1286	1879	-1	-1	-1	-1	-1	-1	-1	-1	-1	-1	-1	-1	-1	-1
6595	65	0	1236	1256	1266	1276	1286	1879	-1	-1	-1	-1	-1	-1	-1	-1	-1	-1	-1	-1	-1	-1
6599	65	0	1236	1256	1266	1276	1286	1879	-1	-1	-1	-1	-1	-1	-1	-1	-1	-1	-1	-1	-1	-1
6600	55	0	1235	1275	1786	-1	-1	-1	-1	-1	-1	-1	-1	-1	-1	-1	-1	-1	-1	-1	-1	-1
6610	75	0	1237	1277	1788	-1	-1	-1	-1	-1	-1	-1	-1	-1	-1	-1	-1	-1	-1	-1	-1	-1
6620	65	0	1236	1276	1787	-1	-1	-1	-1	-1	-1	-1	-1	-1	-1	-1	-1	-1	-1	-1	-1	-1
6630	75	0	1237	1277	1788	-1	-1	-1	-1	-1	-1	-1	-1	-1	-1	-1	-1	-1	-1	-1	-1	-1
9000	51	0	628	1491	-1	-1	-1	-1	-1	-1	-1	-1	-1	-1	-1	-1	-1	-1	-1	-1	-1	-1
9001	51	0	628	1491	-1	-1	-1	-1	-1	-1	-1	-1	-1	-1	-1	-1	-1	-1	-1	-1	-1	-1
9002	51	0	628	1491	-1	-1	-1	-1	-1	-1	-1	-1	-1	-1	-1	-1	-1	-1	-1	-1	-1	-1
9003	51	0	628	1491	-1	-1	-1	-1	-1	-1	-1	-1	-1	-1	-1	-1	-1	-1	-1	-1	-1	-1
9004	51	0	628	63	75	1491	-1	-1	-1	-1	-1	-1	-1	-1	-1	-1	-1	-1	-1	-1	-1	-1
9005	51	0	628	63	75	1491	-1	-1	-1	-1	-1	-1	-1	-1	-1	-1	-1	-1	-1	-1	-1	-1
9006	51	0	628	63	75	1491	-1	-1	-1	-1	-1	-1	-1	-1	-1	-1	-1	-1	-1	-1	-1	-1
9007	51	0	628	63	75	1491	-1	-1	-1	-1	-1	-1	-1	-1	-1	-1	-1	-1	-1	-1	-1	-1
9008	51	0	628	63	75	1491	-1	-1	-1	-1	-1	-1	-1	-1	-1	-1	-1	-1	-1	-1	-1	-1
9009	51	0	628	63	75	1491	-1	-1	-1	-1	-1	-1	-1	-1	-1	-1	-1	-1	-1	-1	-1	-1
9010	51	0	628	63	75	1491	-1	-1	-1	-1	-1	-1	-1	-1	-1	-1	-1	-1	-1	-1	-1	-1
9011	204	1	628	-1	-1	-1	-1	-1	-1	-1	-1	-1	-1	-1	-1	-1	-1	-1	-1	-1	-1	-1
9012	204	1	628	-1	-1	-1	-1	-1	-1	-1	-1	-1	-1	-1	-1	-1	-1	-1	-1	-1	-1	-1
9013	204	1	20	63	628	-1	-1	-1	-1	-1	-1	-1	-1	-1	-1	-1	-1	-1	-1	-1	-1	-1
9014	204	1	63	75	628	-1	-1	-1	-1	-1	-1	-1	-1	-1	-1	-1	-1	-1	-1	-1	-1	-1
9015	204	1	75	628	63	-1	-1	-1	-1	-1	-1	-1	-1	-1	-1	-1	-1	-1	-1	-1	-1	-1
9016	204	1	75	628	63	-1	-1	-1	-1	-1	-1	-1	-1	-1	-1	-1	-1	-1	-1	-1	-1	-1
9100	166	1	17733	17734	17735	17736	17737	17738	17739	17740	17741	17742	17743	17744	17745	17746	18629	-1	-1	-1	-1	-1
9101	131	1	17747	17748	17749	17750	17751	17752	17753	17754	17755	17756	17757	17758	17759	17760	18667	-1	-1	-1	-1	-1
9102	113	1	17762	17763	17764	17765	17766	17767	17768	17769	17770	17771	17772	17773	17774	17775	18666	-1	-1	-1	-1	-1
9103	98	1	17776	17777	17778	17779	17780	17781	17782	17783	17784	17785	17786	17787	17788	17789	18658	-1	-1	-1	-1	-1
9104	86	1	17790	17791	17792	17793	17794	17795	17796	17797	17798	17799	17800	17801	17802	17803	18657	-1	-1	-1	-1	-1
9105	74	1	17806	17807	17808	17809	17810	17811	17812	17813	17814	17815	17816	17817	17864	17865	17866	18656	-1	-1	-1	-1
9106	62	1	17867	17868	17869	17870	17871	17872	17873	17874	17875	17876	17877	17878	17879	17880	18655	-1	-1	-1	-1	-1
9107	55	1	17881	17882	17883	17884	17885	17886	17887	17888	17889	17890	17891	17892	17893	17894	18654	-1	-1	-1	-1	-1
9108	48	1	17896	17897	17898	17899	17900	17901	17902	17903	17904	17905	17906	17907	17908	17909	18631	-1	-1	-1	-1	-1
9109	41	1	17911	17912	17913	17914	17915	17916	17917	17918	17919	17920	17921	17922	17923	17924	18630	-1	-1	-1	-1	-1
9110	166	1	17733	17734	17735	17736	17737	17738	17740	17741	17742	17744	17745	17746	17925	17926	18628	-1	-1	-1	-1	-1
9111	131	1	17927	17747	17748	17749	17750	17751	17753	17754	17755	17757	17758	17759	17760	17928	18668	-1	-1	-1	-1	-1
9112	113	1	17929	17762	17763	17764	17765	17766	17768	17769	17770	17772	17773	17774	17775	17930	18653	-1	-1	-1	-1	-1
9113	98	1	17931	17776	17777	17778	17779	17780	17782	17783	17784	17786	17787	17788	17789	17932	18652	-1	-1	-1	-1	-1
9114	86	1	17933	17790	17791	17792	17793	17794	17796	17797	17798	17800	17801	17802	17803	17934	18651	-1	-1	-1	-1	-1
9115	74	1	17935	17806	17807	17808	17809	17810	17812	17813	17814	17816	17866	17936	18650	-1	-1	-1	-1	-1	-1	-1
9116	62	1	17937	17867	17868	17869	17870	17871	17873	17874	17875	17877	17878	17879	17880	17938	18649	-1	-1	-1	-1	-1
9117	55	1	17939	17881	17882	17883	17884	17885	17887	17888	17889	17891	17892	17893	17894	17940	18648	-1	-1	-1	-1	-1
9118	48	1	17941	17896	17897	17898	17899	17900	17902	17903	17904	17906	17907	17908	17909	17942	18669	-1	-1	-1	-1	-1
9119	41	1	17943	17911	17912	17913	17914	17915	17917	17918	17919	17921	17922	17923	17924	17944	18646	-1	-1	-1	-1	-1
9120	166	1	17945	17733	17734	17735	17736	17737	17738	17740	17741	17742	17744	17745	17746	17946	18628	-1	-1	-1	-1	-1
9121	131	1	17947	17747	17748	17749	17750	17751	17753	17754	17755	17757	17758	17759	17760	17948	18670	-1	-1	-1	-1	-1
9122	113	1	17949	17762	17763	17764	17765	17766	17768	17769	17770	17772	17773	17774	17775	17950	18671	-1	-1	-1	-1	-1
9123	98	1	17951	17776	17777	17778	17779	17780	17782	17783	17784	17786	17787	17788	17789	17952	18645	-1	-1	-1	-1	-1
9124	86	1	17953	17790	17791	17792	17793	17794	17796	17797	17798	17800	17801	17802	17803	17954	18644	-1	-1	-1	-1	-1
9125	74	1	17955	17806	17807	17808	17809	17810	17812	17813	17814	17816	17817	17866	17956	18643	-1	-1	-1	-1	-1	-1
9126	62	1	17957	17867	17868	17869	17870	17871	17873	17874	17875	17877	17878	17879	17880	17958	18642	-1	-1	-1	-1	-1
9127	55	1	17959	17881	17882	17883	17884	17885	17887	17888	17889	17891	17892	17893	17894	17960	18641	-1	-1	-1	-1	-1
9128	48	1	17961	17896	17897	17898	17899	17900	17902	17903	17904	17906	17907	17908	17909	17963	18640	-1	-1	-1	-1	-1
9129	41	1	17964	17911	17912	17913	17914	17915	17917	17918	17919	17921	17922	17923	17924	17965	18639	-1	-1	-1	-1	-1
9130	166	1	17966	17733	17734	17735	17736	17737	17738	17740	17741	17742	17744	17745	17746	17967	18628	-1	-1	-1	-1	-1
9131	131	1	17968	17747	17748	17749	17750	17751	17753	17754	17755	17757	17758	17759	17760	17969	18672	-1	-1	-1	-1	-1
9132	113	1	17970	17762	17763	17764	17765	17766	17768	17769	17770	17772	17773	17774	17775	17971	18673	-1	-1	-1	-1	-1
9133	98	1	17972	17776	17777	17778	17779	17780	17782	17783	17784	17786	17787	17788	17789	17973	18638	-1	-1	-1	-1	-1
9134	86	1	17974	17790	17791	17792	17793	17794	17796	17797	17798	17800	17801	17802	17803	17975	18674	-1	-1	-1	-1	-1
9135	74	1	17976	17806	17807	17808	17809	17810	17812	17813	17814	17816	17817	17866	17864	17977	18636	-1	-1	-1	-1	-1
9136	62	1	17978	17867	17868	17869	17870	17871	17873	17874	17875	17877	17878	17879	17880	17979	18635	-1	-1	-1	-1	-1
9137	55	1	17980	17881	17882	17883	17884	17885	17887	17888	17889	17891	17892	17893	17894	17981	18634	-1	-1	-1	-1	-1
9138	48	1	17982	17896	17897	17898	17899	17900	17902	17903	17904	17906	17907	17908	17909	17983	18633	-1	-1	-1	-1	-1
9139	41	1	17984	17911	17912	17913	17914	17915	17917	17918	17919	17921	17922	17923	17924	17985	18632	-1	-1	-1	-1	-1
9240	10	1	1854	-1	-1	-1	-1	-1	-1	-1	-1	-1	-1	-1	-1	-1	-1	-1	-1	-1	-1	-1
9241	10	1	1854	-1	-1	-1	-1	-1	-1	-1	-1	-1	-1	-1	-1	-1	-1	-1	-1	-1	-1	-1
9242	10	1	1854	-1	-1	-1	-1	-1	-1	-1	-1	-1	-1	-1	-1	-1	-1	-1	-1	-1	-1	-1
9243	10	1	1854	-1	-1	-1	-1	-1	-1	-1	-1	-1	-1	-1	-1	-1	-1	-1	-1	-1	-1	-1
9244	10	1	1854	-1	-1	-1	-1	-1	-1	-1	-1	-1	-1	-1	-1	-1	-1	-1	-1	-1	-1	-1
9245	10	1	1854	-1	-1	-1	-1	-1	-1	-1	-1	-1	-1	-1	-1	-1	-1	-1	-1	-1	-1	-1
9246	10	1	1854	-1	-1	-1	-1	-1	-1	-1	-1	-1	-1	-1	-1	-1	-1	-1	-1	-1	-1	-1
9247	10	1	1854	-1	-1	-1	-1	-1	-1	-1	-1	-1	-1	-1	-1	-1	-1	-1	-1	-1	-1	-1
9248	10	1	1854	-1	-1	-1	-1	-1	-1	-1	-1	-1	-1	-1	-1	-1	-1	-1	-1	-1	-1	-1
9249	10	1	1854	-1	-1	-1	-1	-1	-1	-1	-1	-1	-1	-1	-1	-1	-1	-1	-1	-1	-1	-1
9250	10	1	1855	-1	-1	-1	-1	-1	-1	-1	-1	-1	-1	-1	-1	-1	-1	-1	-1	-1	-1	-1
9251	10	1	1855	-1	-1	-1	-1	-1	-1	-1	-1	-1	-1	-1	-1	-1	-1	-1	-1	-1	-1	-1
9252	10	1	1855	-1	-1	-1	-1	-1	-1	-1	-1	-1	-1	-1	-1	-1	-1	-1	-1	-1	-1	-1
9253	10	1	1855	-1	-1	-1	-1	-1	-1	-1	-1	-1	-1	-1	-1	-1	-1	-1	-1	-1	-1	-1
9254	10	1	1855	-1	-1	-1	-1	-1	-1	-1	-1	-1	-1	-1	-1	-1	-1	-1	-1	-1	-1	-1
9255	10	1	1855	-1	-1	-1	-1	-1	-1	-1	-1	-1	-1	-1	-1	-1	-1	-1	-1	-1	-1	-1
9256	10	1	1855	-1	-1	-1	-1	-1	-1	-1	-1	-1	-1	-1	-1	-1	-1	-1	-1	-1	-1	-1
9257	10	1	1855	-1	-1	-1	-1	-1	-1	-1	-1	-1	-1	-1	-1	-1	-1	-1	-1	-1	-1	-1
9258	10	1	1855	-1	-1	-1	-1	-1	-1	-1	-1	-1	-1	-1	-1	-1	-1	-1	-1	-1	-1	-1
9259	10	1	1855	-1	-1	-1	-1	-1	-1	-1	-1	-1	-1	-1	-1	-1	-1	-1	-1	-1	-1	-1
9260	10	1	1855	-1	-1	-1	-1	-1	-1	-1	-1	-1	-1	-1	-1	-1	-1	-1	-1	-1	-1	-1
9261	10	1	1855	-1	-1	-1	-1	-1	-1	-1	-1	-1	-1	-1	-1	-1	-1	-1	-1	-1	-1	-1
9262	10	1	1855	-1	-1	-1	-1	-1	-1	-1	-1	-1	-1	-1	-1	-1	-1	-1	-1	-1	-1	-1
9263	10	1	1855	-1	-1	-1	-1	-1	-1	-1	-1	-1	-1	-1	-1	-1	-1	-1	-1	-1	-1	-1
9264	10	1	1855	-1	-1	-1	-1	-1	-1	-1	-1	-1	-1	-1	-1	-1	-1	-1	-1	-1	-1	-1
9265	10	1	1855	-1	-1	-1	-1	-1	-1	-1	-1	-1	-1	-1	-1	-1	-1	-1	-1	-1	-1	-1
9266	10	1	1855	-1	-1	-1	-1	-1	-1	-1	-1	-1	-1	-1	-1	-1	-1	-1	-1	-1	-1	-1
9267	10	1	1855	-1	-1	-1	-1	-1	-1	-1	-1	-1	-1	-1	-1	-1	-1	-1	-1	-1	-1	-1
9268	10	1	1855	-1	-1	-1	-1	-1	-1	-1	-1	-1	-1	-1	-1	-1	-1	-1	-1	-1	-1	-1
9269	10	1	1855	-1	-1	-1	-1	-1	-1	-1	-1	-1	-1	-1	-1	-1	-1	-1	-1	-1	-1	-1
9320	10	1	1778	1825	1849	11289	17986	-1	-1	-1	-1	-1	-1	-1	-1	-1	-1	-1	-1	-1	-1	-1
9321	10	1	1778	1825	1849	11289	17987	-1	-1	-1	-1	-1	-1	-1	-1	-1	-1	-1	-1	-1	-1	-1
9322	10	1	1778	1826	1849	11289	17987	-1	-1	-1	-1	-1	-1	-1	-1	-1	-1	-1	-1	-1	-1	-1
9323	10	1	1778	1825	1849	11289	17987	-1	-1	-1	-1	-1	-1	-1	-1	-1	-1	-1	-1	-1	-1	-1
9324	10	1	1778	1825	1849	11289	17987	-1	-1	-1	-1	-1	-1	-1	-1	-1	-1	-1	-1	-1	-1	-1
9325	10	1	1778	1825	1849	1861	11289	17988	17987	17989	-1	-1	-1	-1	-1	-1	-1	-1	-1	-1	-1	-1
9326	10	1	1778	1825	1849	1861	11289	17988	17987	17989	-1	-1	-1	-1	-1	-1	-1	-1	-1	-1	-1	-1
9327	10	1	1778	1825	1849	1861	11289	17988	17987	17989	-1	-1	-1	-1	-1	-1	-1	-1	-1	-1	-1	-1
9328	10	1	1778	1825	1849	1861	11289	17988	17987	17989	-1	-1	-1	-1	-1	-1	-1	-1	-1	-1	-1	-1
9329	10	1	1778	1825	1780	1849	1861	11289	17988	17987	17989	-1	-1	-1	-1	-1	-1	-1	-1	-1	-1	-1
9335	10	1	1810	1813	1813	1813	1814	1814	1814	1847	1861	-1	-1	-1	-1	-1	-1	-1	-1	-1	-1	-1
9336	10	1	1811	1813	1813	1813	1814	1814	1814	1847	1861	-1	-1	-1	-1	-1	-1	-1	-1	-1	-1	-1
9337	10	1	1812	1813	1813	1813	1814	1814	1814	1847	1861	-1	-1	-1	-1	-1	-1	-1	-1	-1	-1	-1
9338	10	1	1812	1813	1813	1813	1814	1814	1814	1847	1861	-1	-1	-1	-1	-1	-1	-1	-1	-1	-1	-1
9339	10	1	1812	1813	1813	1813	1814	1814	1814	1847	1861	-1	-1	-1	-1	-1	-1	-1	-1	-1	-1	-1
9345	10	1	1810	1813	1813	1813	1814	1814	1814	1846	1861	-1	-1	-1	-1	-1	-1	-1	-1	-1	-1	-1
9346	10	1	1811	1813	1813	1813	1814	1814	1814	1846	1861	-1	-1	-1	-1	-1	-1	-1	-1	-1	-1	-1
9347	10	1	1812	1813	1813	1813	1814	1814	1814	1846	1861	-1	-1	-1	-1	-1	-1	-1	-1	-1	-1	-1
9348	10	1	1812	1813	1813	1813	1814	1814	1814	1846	1861	-1	-1	-1	-1	-1	-1	-1	-1	-1	-1	-1
9349	10	1	1812	1813	1813	1813	1814	1814	1814	1846	1861	-1	-1	-1	-1	-1	-1	-1	-1	-1	-1	-1
9355	10	1	1810	1813	1813	1813	1814	1814	1814	1848	1861	-1	-1	-1	-1	-1	-1	-1	-1	-1	-1	-1
9356	10	1	1811	1813	1813	1813	1814	1814	1814	1848	1861	-1	-1	-1	-1	-1	-1	-1	-1	-1	-1	-1
9357	10	1	1812	1813	1813	1813	1814	1814	1814	1848	1861	-1	-1	-1	-1	-1	-1	-1	-1	-1	-1	-1
9358	10	1	1812	1813	1813	1813	1814	1814	1814	1848	1861	-1	-1	-1	-1	-1	-1	-1	-1	-1	-1	-1
9359	10	1	1812	1813	1813	1813	1814	1814	1814	1848	1861	-1	-1	-1	-1	-1	-1	-1	-1	-1	-1	-1
9365	10	1	1810	1813	1813	1813	1814	1814	1814	-1	-1	-1	-1	-1	-1	-1	-1	-1	-1	-1	-1	-1
9366	10	1	1811	1813	1813	1813	1814	1814	1814	-1	-1	-1	-1	-1	-1	-1	-1	-1	-1	-1	-1	-1
9367	10	1	1812	1813	1813	1813	1814	1814	1814	-1	-1	-1	-1	-1	-1	-1	-1	-1	-1	-1	-1	-1
9368	10	1	1812	1813	1813	1813	1814	1814	1814	-1	-1	-1	-1	-1	-1	-1	-1	-1	-1	-1	-1	-1
9369	10	1	1812	1813	1813	1813	1814	1814	1814	-1	-1	-1	-1	-1	-1	-1	-1	-1	-1	-1	-1	-1
9375	10	1	1810	1813	1813	1813	1814	1814	1814	-1	-1	-1	-1	-1	-1	-1	-1	-1	-1	-1	-1	-1
9376	10	1	1811	1813	1813	1813	1814	1814	1814	-1	-1	-1	-1	-1	-1	-1	-1	-1	-1	-1	-1	-1
9377	10	1	1812	1813	1813	1813	1814	1814	1814	-1	-1	-1	-1	-1	-1	-1	-1	-1	-1	-1	-1	-1
9378	10	1	1812	1813	1813	1813	1814	1814	1814	-1	-1	-1	-1	-1	-1	-1	-1	-1	-1	-1	-1	-1
9379	10	1	1812	1813	1813	1813	1814	1814	1814	-1	-1	-1	-1	-1	-1	-1	-1	-1	-1	-1	-1	-1
9380	10	1	1850	11289	17988	17987	-1	-1	-1	-1	-1	-1	-1	-1	-1	-1	-1	-1	-1	-1	-1	-1
9381	10	1	1850	11289	17988	17987	-1	-1	-1	-1	-1	-1	-1	-1	-1	-1	-1	-1	-1	-1	-1	-1
9382	10	1	1850	11289	17988	17987	-1	-1	-1	-1	-1	-1	-1	-1	-1	-1	-1	-1	-1	-1	-1	-1
9383	10	1	1850	11289	17988	17987	-1	-1	-1	-1	-1	-1	-1	-1	-1	-1	-1	-1	-1	-1	-1	-1
9384	10	1	1850	11289	17988	17987	-1	-1	-1	-1	-1	-1	-1	-1	-1	-1	-1	-1	-1	-1	-1	-1
9385	10	1	1798	1801	1850	1861	11289	17987	17988	17989	-1	-1	-1	-1	-1	-1	-1	-1	-1	-1	-1	-1
9386	10	1	1799	1802	1850	1861	11289	17987	17988	17989	-1	-1	-1	-1	-1	-1	-1	-1	-1	-1	-1	-1
9387	10	1	1800	1803	1850	1861	11289	17987	17988	17989	-1	-1	-1	-1	-1	-1	-1	-1	-1	-1	-1	-1
9388	10	1	1800	1803	1850	1861	11289	17987	17988	17989	-1	-1	-1	-1	-1	-1	-1	-1	-1	-1	-1	-1
9389	10	1	1800	1803	1850	1861	11289	17987	17988	17989	-1	-1	-1	-1	-1	-1	-1	-1	-1	-1	-1	-1
9395	10	1	1810	1813	1813	1813	1814	1814	1814	-1	-1	-1	-1	-1	-1	-1	-1	-1	-1	-1	-1	-1
9396	10	1	1811	1813	1813	1813	1814	1814	1814	-1	-1	-1	-1	-1	-1	-1	-1	-1	-1	-1	-1	-1
9397	10	1	1812	1813	1813	1813	1814	1814	1814	-1	-1	-1	-1	-1	-1	-1	-1	-1	-1	-1	-1	-1
9398	10	1	1812	1813	1813	1813	1814	1814	1814	-1	-1	-1	-1	-1	-1	-1	-1	-1	-1	-1	-1	-1
9399	10	1	1812	1813	1813	1813	1814	1814	1814	-1	-1	-1	-1	-1	-1	-1	-1	-1	-1	-1	-1	-1
9405	10	1	1810	1813	1813	1813	1814	1814	1814	-1	-1	-1	-1	-1	-1	-1	-1	-1	-1	-1	-1	-1
9406	10	1	1811	1813	1813	1813	1814	1814	1814	-1	-1	-1	-1	-1	-1	-1	-1	-1	-1	-1	-1	-1
9407	10	1	1812	1813	1813	1813	1814	1814	1814	-1	-1	-1	-1	-1	-1	-1	-1	-1	-1	-1	-1	-1
9408	10	1	1812	1813	1813	1813	1814	1814	1814	-1	-1	-1	-1	-1	-1	-1	-1	-1	-1	-1	-1	-1
9409	10	1	1812	1813	1813	1813	1814	1814	1814	-1	-1	-1	-1	-1	-1	-1	-1	-1	-1	-1	-1	-1
9415	10	1	1810	1813	1813	1813	1814	1814	1814	-1	-1	-1	-1	-1	-1	-1	-1	-1	-1	-1	-1	-1
9416	10	1	1811	1813	1813	1813	1814	1814	1814	-1	-1	-1	-1	-1	-1	-1	-1	-1	-1	-1	-1	-1
9417	10	1	1812	1813	1813	1813	1814	1814	1814	-1	-1	-1	-1	-1	-1	-1	-1	-1	-1	-1	-1	-1
9418	10	1	1812	1813	1813	1813	1814	1814	1814	-1	-1	-1	-1	-1	-1	-1	-1	-1	-1	-1	-1	-1
9419	10	1	1812	1813	1813	1813	1814	1814	1814	-1	-1	-1	-1	-1	-1	-1	-1	-1	-1	-1	-1	-1
9425	10	1	1810	1813	1813	1813	1814	1814	1814	-1	-1	-1	-1	-1	-1	-1	-1	-1	-1	-1	-1	-1
9426	10	1	1811	1813	1813	1813	1814	1814	1814	-1	-1	-1	-1	-1	-1	-1	-1	-1	-1	-1	-1	-1
9427	10	1	1812	1813	1813	1813	1814	1814	1814	-1	-1	-1	-1	-1	-1	-1	-1	-1	-1	-1	-1	-1
9428	10	1	1812	1813	1813	1813	1814	1814	1814	-1	-1	-1	-1	-1	-1	-1	-1	-1	-1	-1	-1	-1
9429	10	1	1812	1813	1813	1813	1814	1814	1814	-1	-1	-1	-1	-1	-1	-1	-1	-1	-1	-1	-1	-1
9430	10	1	11289	17991	17992	17987	-1	-1	-1	-1	-1	-1	-1	-1	-1	-1	-1	-1	-1	-1	-1	-1
9431	10	1	11289	17991	17992	17987	-1	-1	-1	-1	-1	-1	-1	-1	-1	-1	-1	-1	-1	-1	-1	-1
9432	10	1	11289	17991	17992	17987	-1	-1	-1	-1	-1	-1	-1	-1	-1	-1	-1	-1	-1	-1	-1	-1
9433	10	1	11289	17991	17992	17987	-1	-1	-1	-1	-1	-1	-1	-1	-1	-1	-1	-1	-1	-1	-1	-1
9434	10	1	11289	17991	17992	17987	-1	-1	-1	-1	-1	-1	-1	-1	-1	-1	-1	-1	-1	-1	-1	-1
9435	10	1	1782	1804	1807	1835	1861	1921	1923	11289	17991	17993	17994	17995	17987	17996	17997	-1	-1	-1	-1	-1
9436	10	1	1783	1805	1808	1835	1861	1921	1923	11289	17991	17993	17994	17995	17996	17997	17987	-1	-1	-1	-1	-1
9437	10	1	1784	1806	1809	1835	1861	1921	1923	11289	17991	17993	17994	17995	17997	17996	17987	-1	-1	-1	-1	-1
9438	10	1	1785	1806	1809	1835	1861	1921	1923	11289	17991	17993	17994	17995	17994	17987	18000	18001	-1	-1	-1	-1
9439	10	1	9120	1806	1809	1835	1861	1921	1923	11289	17991	17993	17994	17987	17999	18000	18001	-1	-1	-1	-1	-1
9440	10	1	1853	1861	-1	-1	-1	-1	-1	-1	-1	-1	-1	-1	-1	-1	-1	-1	-1	-1	-1	-1
9441	10	1	1853	1861	-1	-1	-1	-1	-1	-1	-1	-1	-1	-1	-1	-1	-1	-1	-1	-1	-1	-1
9442	10	1	1853	1861	-1	-1	-1	-1	-1	-1	-1	-1	-1	-1	-1	-1	-1	-1	-1	-1	-1	-1
9443	10	1	1853	1861	-1	-1	-1	-1	-1	-1	-1	-1	-1	-1	-1	-1	-1	-1	-1	-1	-1	-1
9444	10	1	1853	1861	-1	-1	-1	-1	-1	-1	-1	-1	-1	-1	-1	-1	-1	-1	-1	-1	-1	-1
9445	10	1	1853	1861	-1	-1	-1	-1	-1	-1	-1	-1	-1	-1	-1	-1	-1	-1	-1	-1	-1	-1
9446	10	1	1853	1861	-1	-1	-1	-1	-1	-1	-1	-1	-1	-1	-1	-1	-1	-1	-1	-1	-1	-1
9447	10	1	1853	1861	-1	-1	-1	-1	-1	-1	-1	-1	-1	-1	-1	-1	-1	-1	-1	-1	-1	-1
9448	10	1	1853	1861	-1	-1	-1	-1	-1	-1	-1	-1	-1	-1	-1	-1	-1	-1	-1	-1	-1	-1
9449	10	1	1853	1861	-1	-1	-1	-1	-1	-1	-1	-1	-1	-1	-1	-1	-1	-1	-1	-1	-1	-1
9450	10	1	1852	1861	-1	-1	-1	-1	-1	-1	-1	-1	-1	-1	-1	-1	-1	-1	-1	-1	-1	-1
9451	10	1	1852	1861	-1	-1	-1	-1	-1	-1	-1	-1	-1	-1	-1	-1	-1	-1	-1	-1	-1	-1
9452	10	1	1852	1861	-1	-1	-1	-1	-1	-1	-1	-1	-1	-1	-1	-1	-1	-1	-1	-1	-1	-1
9453	10	1	1852	1861	-1	-1	-1	-1	-1	-1	-1	-1	-1	-1	-1	-1	-1	-1	-1	-1	-1	-1
9454	10	1	1852	1861	-1	-1	-1	-1	-1	-1	-1	-1	-1	-1	-1	-1	-1	-1	-1	-1	-1	-1
9455	10	1	1852	1861	-1	-1	-1	-1	-1	-1	-1	-1	-1	-1	-1	-1	-1	-1	-1	-1	-1	-1
9456	10	1	1852	1861	-1	-1	-1	-1	-1	-1	-1	-1	-1	-1	-1	-1	-1	-1	-1	-1	-1	-1
9457	10	1	1852	1861	-1	-1	-1	-1	-1	-1	-1	-1	-1	-1	-1	-1	-1	-1	-1	-1	-1	-1
9458	10	1	1852	1861	-1	-1	-1	-1	-1	-1	-1	-1	-1	-1	-1	-1	-1	-1	-1	-1	-1	-1
9459	10	1	1852	1861	-1	-1	-1	-1	-1	-1	-1	-1	-1	-1	-1	-1	-1	-1	-1	-1	-1	-1
9530	10	0	1777	1855	-1	-1	-1	-1	-1	-1	-1	-1	-1	-1	-1	-1	-1	-1	-1	-1	-1	-1
9531	10	0	1777	1855	-1	-1	-1	-1	-1	-1	-1	-1	-1	-1	-1	-1	-1	-1	-1	-1	-1	-1
9532	10	0	1777	1855	-1	-1	-1	-1	-1	-1	-1	-1	-1	-1	-1	-1	-1	-1	-1	-1	-1	-1
9533	10	0	1777	1855	-1	-1	-1	-1	-1	-1	-1	-1	-1	-1	-1	-1	-1	-1	-1	-1	-1	-1
9534	10	0	1777	1855	-1	-1	-1	-1	-1	-1	-1	-1	-1	-1	-1	-1	-1	-1	-1	-1	-1	-1
9535	10	0	1777	1855	-1	-1	-1	-1	-1	-1	-1	-1	-1	-1	-1	-1	-1	-1	-1	-1	-1	-1
9536	10	0	1777	1855	-1	-1	-1	-1	-1	-1	-1	-1	-1	-1	-1	-1	-1	-1	-1	-1	-1	-1
9537	10	0	1777	1855	-1	-1	-1	-1	-1	-1	-1	-1	-1	-1	-1	-1	-1	-1	-1	-1	-1	-1
9538	10	0	1777	1855	-1	-1	-1	-1	-1	-1	-1	-1	-1	-1	-1	-1	-1	-1	-1	-1	-1	-1
9539	10	0	1777	1855	-1	-1	-1	-1	-1	-1	-1	-1	-1	-1	-1	-1	-1	-1	-1	-1	-1	-1
9540	370	1	9114	9111	18002	18003	18004	18005	18006	18007	18008	18010	18011	-1	-1	-1	-1	-1	-1	-1	-1	-1
9541	555	1	9114	9111	18012	18013	18014	18015	18016	18017	18018	18019	18021	-1	-1	-1	-1	-1	-1	-1	-1	-1
9543	740	1	9114	18023	18024	18025	18026	18027	18028	18029	18030	18032	-1	-1	-1	-1	-1	-1	-1	-1	-1	-1
9546	1666	1	9114	18033	18034	18035	18036	18037	18038	18039	18040	18041	18043	18044	-1	-1	-1	-1	-1	-1	-1	-1
9547	1111	1	9114	18045	18046	18047	18048	18049	18050	18051	18053	18054	-1	-1	-1	-1	-1	-1	-1	-1	-1	-1
9621	41	0	628	20	63	-1	-1	-1	-1	-1	-1	-1	-1	-1	-1	-1	-1	-1	-1	-1	-1	-1
9622	61	0	629	21	64	-1	-1	-1	-1	-1	-1	-1	-1	-1	-1	-1	-1	-1	-1	-1	-1	-1
9623	88	0	629	22	65	-1	-1	-1	-1	-1	-1	-1	-1	-1	-1	-1	-1	-1	-1	-1	-1	-1
9624	108	0	629	23	66	-1	-1	-1	-1	-1	-1	-1	-1	-1	-1	-1	-1	-1	-1	-1	-1	-1
9625	108	0	629	23	66	-1	-1	-1	-1	-1	-1	-1	-1	-1	-1	-1	-1	-1	-1	-1	-1	-1
9626	41	1	628	20	63	9102	-1	-1	-1	-1	-1	-1	-1	-1	-1	-1	-1	-1	-1	-1	-1	-1
9627	61	1	629	21	64	9103	-1	-1	-1	-1	-1	-1	-1	-1	-1	-1	-1	-1	-1	-1	-1	-1
9628	88	1	629	22	65	9104	-1	-1	-1	-1	-1	-1	-1	-1	-1	-1	-1	-1	-1	-1	-1	-1
9629	108	1	629	23	66	9105	-1	-1	-1	-1	-1	-1	-1	-1	-1	-1	-1	-1	-1	-1	-1	-1
9630	108	1	629	23	66	9105	-1	-1	-1	-1	-1	-1	-1	-1	-1	-1	-1	-1	-1	-1	-1	-1
9631	82	1	628	20	63	9094	11205	11218	9129	-1	-1	-1	-1	-1	-1	-1	-1	-1	-1	-1	-1	-1
9632	122	1	629	21	64	9095	11206	11219	9130	-1	-1	-1	-1	-1	-1	-1	-1	-1	-1	-1	-1	-1
9633	176	1	629	22	65	9096	11207	11220	9131	-1	-1	-1	-1	-1	-1	-1	-1	-1	-1	-1	-1	-1
9634	216	1	629	23	66	9097	11208	11221	9132	-1	-1	-1	-1	-1	-1	-1	-1	-1	-1	-1	-1	-1
9635	216	1	629	23	66	9097	11209	11222	9132	-1	-1	-1	-1	-1	-1	-1	-1	-1	-1	-1	-1	-1
9660	370	1	9114	11223	18055	18056	18057	18058	18059	18060	18061	18062	18063	-1	-1	-1	-1	-1	-1	-1	-1	-1
9661	555	1	9114	11223	18065	18066	18067	18068	18069	18070	18071	18072	18073	-1	-1	-1	-1	-1	-1	-1	-1	-1
9663	740	1	9114	18075	18076	18077	18078	18079	18080	18081	18082	18083	-1	-1	-1	-1	-1	-1	-1	-1	-1	-1
9666	1666	1	9114	18085	18086	18087	18088	18089	18090	18091	18092	18094	18096	18097	-1	-1	-1	-1	-1	-1	-1	-1
9667	1111	1	9114	18098	18099	18100	18101	18102	18103	18104	18105	-1	-1	-1	-1	-1	-1	-1	-1	-1	-1	-1
10900	4	0	1940	-1	-1	-1	-1	-1	-1	-1	-1	-1	-1	-1	-1	-1	-1	-1	-1	-1	-1	-1
10901	4	0	1940	-1	-1	-1	-1	-1	-1	-1	-1	-1	-1	-1	-1	-1	-1	-1	-1	-1	-1	-1
10902	4	0	1940	-1	-1	-1	-1	-1	-1	-1	-1	-1	-1	-1	-1	-1	-1	-1	-1	-1	-1	-1
10903	4	0	1940	-1	-1	-1	-1	-1	-1	-1	-1	-1	-1	-1	-1	-1	-1	-1	-1	-1	-1	-1
10904	4	0	1940	-1	-1	-1	-1	-1	-1	-1	-1	-1	-1	-1	-1	-1	-1	-1	-1	-1	-1	-1
10905	4	0	1940	-1	-1	-1	-1	-1	-1	-1	-1	-1	-1	-1	-1	-1	-1	-1	-1	-1	-1	-1
10906	4	0	1940	-1	-1	-1	-1	-1	-1	-1	-1	-1	-1	-1	-1	-1	-1	-1	-1	-1	-1	-1
10907	4	0	1940	-1	-1	-1	-1	-1	-1	-1	-1	-1	-1	-1	-1	-1	-1	-1	-1	-1	-1	-1
10908	4	0	1940	-1	-1	-1	-1	-1	-1	-1	-1	-1	-1	-1	-1	-1	-1	-1	-1	-1	-1	-1
10909	5	0	1941	-1	-1	-1	-1	-1	-1	-1	-1	-1	-1	-1	-1	-1	-1	-1	-1	-1	-1	-1
10910	4	0	1940	-1	-1	-1	-1	-1	-1	-1	-1	-1	-1	-1	-1	-1	-1	-1	-1	-1	-1	-1
10911	4	0	1940	-1	-1	-1	-1	-1	-1	-1	-1	-1	-1	-1	-1	-1	-1	-1	-1	-1	-1	-1
10912	4	0	1940	-1	-1	-1	-1	-1	-1	-1	-1	-1	-1	-1	-1	-1	-1	-1	-1	-1	-1	-1
10913	4	0	1940	-1	-1	-1	-1	-1	-1	-1	-1	-1	-1	-1	-1	-1	-1	-1	-1	-1	-1	-1
10914	4	0	1940	-1	-1	-1	-1	-1	-1	-1	-1	-1	-1	-1	-1	-1	-1	-1	-1	-1	-1	-1
10915	4	0	1940	-1	-1	-1	-1	-1	-1	-1	-1	-1	-1	-1	-1	-1	-1	-1	-1	-1	-1	-1
10916	4	0	1940	-1	-1	-1	-1	-1	-1	-1	-1	-1	-1	-1	-1	-1	-1	-1	-1	-1	-1	-1
10917	4	0	1940	-1	-1	-1	-1	-1	-1	-1	-1	-1	-1	-1	-1	-1	-1	-1	-1	-1	-1	-1
10918	4	0	1940	-1	-1	-1	-1	-1	-1	-1	-1	-1	-1	-1	-1	-1	-1	-1	-1	-1	-1	-1
10919	5	0	1941	-1	-1	-1	-1	-1	-1	-1	-1	-1	-1	-1	-1	-1	-1	-1	-1	-1	-1	-1
10920	5	0	1941	-1	-1	-1	-1	-1	-1	-1	-1	-1	-1	-1	-1	-1	-1	-1	-1	-1	-1	-1
10921	5	0	1941	-1	-1	-1	-1	-1	-1	-1	-1	-1	-1	-1	-1	-1	-1	-1	-1	-1	-1	-1
10922	5	0	1941	-1	-1	-1	-1	-1	-1	-1	-1	-1	-1	-1	-1	-1	-1	-1	-1	-1	-1	-1
10923	5	0	1941	-1	-1	-1	-1	-1	-1	-1	-1	-1	-1	-1	-1	-1	-1	-1	-1	-1	-1	-1
10924	5	0	1941	-1	-1	-1	-1	-1	-1	-1	-1	-1	-1	-1	-1	-1	-1	-1	-1	-1	-1	-1
10925	5	0	1941	-1	-1	-1	-1	-1	-1	-1	-1	-1	-1	-1	-1	-1	-1	-1	-1	-1	-1	-1
10926	5	0	18107	-1	-1	-1	-1	-1	-1	-1	-1	-1	-1	-1	-1	-1	-1	-1	-1	-1	-1	-1
10927	5	0	18108	-1	-1	-1	-1	-1	-1	-1	-1	-1	-1	-1	-1	-1	-1	-1	-1	-1	-1	-1
10928	5	0	1941	-1	-1	-1	-1	-1	-1	-1	-1	-1	-1	-1	-1	-1	-1	-1	-1	-1	-1	-1
10929	5	0	1941	-1	-1	-1	-1	-1	-1	-1	-1	-1	-1	-1	-1	-1	-1	-1	-1	-1	-1	-1
10930	5	0	1941	-1	-1	-1	-1	-1	-1	-1	-1	-1	-1	-1	-1	-1	-1	-1	-1	-1	-1	-1
10931	5	0	1941	-1	-1	-1	-1	-1	-1	-1	-1	-1	-1	-1	-1	-1	-1	-1	-1	-1	-1	-1
10932	5	0	1941	-1	-1	-1	-1	-1	-1	-1	-1	-1	-1	-1	-1	-1	-1	-1	-1	-1	-1	-1
10933	5	0	1941	-1	-1	-1	-1	-1	-1	-1	-1	-1	-1	-1	-1	-1	-1	-1	-1	-1	-1	-1
10934	5	0	1941	-1	-1	-1	-1	-1	-1	-1	-1	-1	-1	-1	-1	-1	-1	-1	-1	-1	-1	-1
10935	5	0	1941	-1	-1	-1	-1	-1	-1	-1	-1	-1	-1	-1	-1	-1	-1	-1	-1	-1	-1	-1
10936	5	0	1941	-1	-1	-1	-1	-1	-1	-1	-1	-1	-1	-1	-1	-1	-1	-1	-1	-1	-1	-1
10937	5	0	1941	-1	-1	-1	-1	-1	-1	-1	-1	-1	-1	-1	-1	-1	-1	-1	-1	-1	-1	-1
10938	5	0	1941	-1	-1	-1	-1	-1	-1	-1	-1	-1	-1	-1	-1	-1	-1	-1	-1	-1	-1	-1
10939	5	0	1941	-1	-1	-1	-1	-1	-1	-1	-1	-1	-1	-1	-1	-1	-1	-1	-1	-1	-1	-1
10940	5	0	1941	-1	-1	-1	-1	-1	-1	-1	-1	-1	-1	-1	-1	-1	-1	-1	-1	-1	-1	-1
10941	5	0	1941	-1	-1	-1	-1	-1	-1	-1	-1	-1	-1	-1	-1	-1	-1	-1	-1	-1	-1	-1
10942	5	0	1941	-1	-1	-1	-1	-1	-1	-1	-1	-1	-1	-1	-1	-1	-1	-1	-1	-1	-1	-1
10943	5	0	1941	-1	-1	-1	-1	-1	-1	-1	-1	-1	-1	-1	-1	-1	-1	-1	-1	-1	-1	-1
10944	5	0	1941	-1	-1	-1	-1	-1	-1	-1	-1	-1	-1	-1	-1	-1	-1	-1	-1	-1	-1	-1
10945	5	0	1941	-1	-1	-1	-1	-1	-1	-1	-1	-1	-1	-1	-1	-1	-1	-1	-1	-1	-1	-1
10946	5	0	1941	-1	-1	-1	-1	-1	-1	-1	-1	-1	-1	-1	-1	-1	-1	-1	-1	-1	-1	-1
10947	6	0	1942	848	1485	-1	-1	-1	-1	-1	-1	-1	-1	-1	-1	-1	-1	-1	-1	-1	-1	-1
10948	6	0	1942	848	1485	-1	-1	-1	-1	-1	-1	-1	-1	-1	-1	-1	-1	-1	-1	-1	-1	-1
10949	6	0	1942	848	1485	-1	-1	-1	-1	-1	-1	-1	-1	-1	-1	-1	-1	-1	-1	-1	-1	-1
10950	5	0	1941	-1	-1	-1	-1	-1	-1	-1	-1	-1	-1	-1	-1	-1	-1	-1	-1	-1	-1	-1
10951	5	0	1941	-1	-1	-1	-1	-1	-1	-1	-1	-1	-1	-1	-1	-1	-1	-1	-1	-1	-1	-1
10952	5	0	1941	-1	-1	-1	-1	-1	-1	-1	-1	-1	-1	-1	-1	-1	-1	-1	-1	-1	-1	-1
10953	5	0	1941	-1	-1	-1	-1	-1	-1	-1	-1	-1	-1	-1	-1	-1	-1	-1	-1	-1	-1	-1
10954	5	0	1941	-1	-1	-1	-1	-1	-1	-1	-1	-1	-1	-1	-1	-1	-1	-1	-1	-1	-1	-1
10955	5	0	1941	-1	-1	-1	-1	-1	-1	-1	-1	-1	-1	-1	-1	-1	-1	-1	-1	-1	-1	-1
10956	5	0	1941	-1	-1	-1	-1	-1	-1	-1	-1	-1	-1	-1	-1	-1	-1	-1	-1	-1	-1	-1
10957	6	0	1942	848	1485	-1	-1	-1	-1	-1	-1	-1	-1	-1	-1	-1	-1	-1	-1	-1	-1	-1
10958	6	0	1942	848	1485	-1	-1	-1	-1	-1	-1	-1	-1	-1	-1	-1	-1	-1	-1	-1	-1	-1
10959	6	0	1942	848	1485	-1	-1	-1	-1	-1	-1	-1	-1	-1	-1	-1	-1	-1	-1	-1	-1	-1
10960	6	0	1942	848	1485	-1	-1	-1	-1	-1	-1	-1	-1	-1	-1	-1	-1	-1	-1	-1	-1	-1
10961	6	0	1942	848	1485	-1	-1	-1	-1	-1	-1	-1	-1	-1	-1	-1	-1	-1	-1	-1	-1	-1
10962	6	0	1942	848	1485	-1	-1	-1	-1	-1	-1	-1	-1	-1	-1	-1	-1	-1	-1	-1	-1	-1
10963	6	0	1942	848	1485	-1	-1	-1	-1	-1	-1	-1	-1	-1	-1	-1	-1	-1	-1	-1	-1	-1
10964	6	0	1942	848	1485	-1	-1	-1	-1	-1	-1	-1	-1	-1	-1	-1	-1	-1	-1	-1	-1	-1
10965	6	0	1942	848	1485	-1	-1	-1	-1	-1	-1	-1	-1	-1	-1	-1	-1	-1	-1	-1	-1	-1
10966	6	0	1942	848	1485	-1	-1	-1	-1	-1	-1	-1	-1	-1	-1	-1	-1	-1	-1	-1	-1	-1
10967	6	0	1942	848	1485	-1	-1	-1	-1	-1	-1	-1	-1	-1	-1	-1	-1	-1	-1	-1	-1	-1
10968	6	0	1942	848	1485	-1	-1	-1	-1	-1	-1	-1	-1	-1	-1	-1	-1	-1	-1	-1	-1	-1
10969	6	0	1942	848	1485	-1	-1	-1	-1	-1	-1	-1	-1	-1	-1	-1	-1	-1	-1	-1	-1	-1
10970	6	0	1942	848	1485	-1	-1	-1	-1	-1	-1	-1	-1	-1	-1	-1	-1	-1	-1	-1	-1	-1
10971	6	0	1942	848	1485	-1	-1	-1	-1	-1	-1	-1	-1	-1	-1	-1	-1	-1	-1	-1	-1	-1
10972	6	0	1942	848	1485	-1	-1	-1	-1	-1	-1	-1	-1	-1	-1	-1	-1	-1	-1	-1	-1	-1
10973	6	0	1942	848	1485	-1	-1	-1	-1	-1	-1	-1	-1	-1	-1	-1	-1	-1	-1	-1	-1	-1
10974	6	0	1942	848	1485	-1	-1	-1	-1	-1	-1	-1	-1	-1	-1	-1	-1	-1	-1	-1	-1	-1
10975	6	0	1942	848	1485	-1	-1	-1	-1	-1	-1	-1	-1	-1	-1	-1	-1	-1	-1	-1	-1	-1
10976	6	0	1942	848	1485	-1	-1	-1	-1	-1	-1	-1	-1	-1	-1	-1	-1	-1	-1	-1	-1	-1
10977	6	0	1942	848	1485	-1	-1	-1	-1	-1	-1	-1	-1	-1	-1	-1	-1	-1	-1	-1	-1	-1
10978	6	0	1942	848	1485	-1	-1	-1	-1	-1	-1	-1	-1	-1	-1	-1	-1	-1	-1	-1	-1	-1
10979	6	0	1942	848	1485	-1	-1	-1	-1	-1	-1	-1	-1	-1	-1	-1	-1	-1	-1	-1	-1	-1
10980	6	0	1942	848	1485	-1	-1	-1	-1	-1	-1	-1	-1	-1	-1	-1	-1	-1	-1	-1	-1	-1
10981	8	0	1943	849	1486	-1	-1	-1	-1	-1	-1	-1	-1	-1	-1	-1	-1	-1	-1	-1	-1	-1
10982	8	0	1943	849	1486	-1	-1	-1	-1	-1	-1	-1	-1	-1	-1	-1	-1	-1	-1	-1	-1	-1
10983	8	0	1943	849	1486	-1	-1	-1	-1	-1	-1	-1	-1	-1	-1	-1	-1	-1	-1	-1	-1	-1
10984	8	0	1943	849	1486	-1	-1	-1	-1	-1	-1	-1	-1	-1	-1	-1	-1	-1	-1	-1	-1	-1
10985	8	0	1943	849	1486	-1	-1	-1	-1	-1	-1	-1	-1	-1	-1	-1	-1	-1	-1	-1	-1	-1
10986	8	0	1943	849	1486	18111	-1	-1	-1	-1	-1	-1	-1	-1	-1	-1	-1	-1	-1	-1	-1	-1
10987	8	0	1943	849	1486	18111	-1	-1	-1	-1	-1	-1	-1	-1	-1	-1	-1	-1	-1	-1	-1	-1
10988	8	0	1943	849	1486	18112	-1	-1	-1	-1	-1	-1	-1	-1	-1	-1	-1	-1	-1	-1	-1	-1
10989	8	0	1943	849	1486	18111	-1	-1	-1	-1	-1	-1	-1	-1	-1	-1	-1	-1	-1	-1	-1	-1
10990	8	0	1943	849	1486	18114	-1	-1	-1	-1	-1	-1	-1	-1	-1	-1	-1	-1	-1	-1	-1	-1
10991	8	0	1943	849	1486	18115	-1	-1	-1	-1	-1	-1	-1	-1	-1	-1	-1	-1	-1	-1	-1	-1
10992	8	0	1943	849	1486	18116	-1	-1	-1	-1	-1	-1	-1	-1	-1	-1	-1	-1	-1	-1	-1	-1
10993	8	0	1943	849	1486	18117	-1	-1	-1	-1	-1	-1	-1	-1	-1	-1	-1	-1	-1	-1	-1	-1
10994	8	0	1943	849	1486	18118	-1	-1	-1	-1	-1	-1	-1	-1	-1	-1	-1	-1	-1	-1	-1	-1
10995	8	0	1943	849	1486	18119	-1	-1	-1	-1	-1	-1	-1	-1	-1	-1	-1	-1	-1	-1	-1	-1
10996	8	0	1943	82	849	1486	-1	-1	-1	-1	-1	-1	-1	-1	-1	-1	-1	-1	-1	-1	-1	-1
10997	8	0	1943	82	849	1486	-1	-1	-1	-1	-1	-1	-1	-1	-1	-1	-1	-1	-1	-1	-1	-1
10998	8	0	1943	849	1486	-1	-1	-1	-1	-1	-1	-1	-1	-1	-1	-1	-1	-1	-1	-1	-1	-1
10999	8	0	1943	849	1486	-1	-1	-1	-1	-1	-1	-1	-1	-1	-1	-1	-1	-1	-1	-1	-1	-1
11000	8	0	849	1486	1943	-1	-1	-1	-1	-1	-1	-1	-1	-1	-1	-1	-1	-1	-1	-1	-1	-1
11001	8	0	1943	849	1486	-1	-1	-1	-1	-1	-1	-1	-1	-1	-1	-1	-1	-1	-1	-1	-1	-1
11002	8	0	1943	849	1486	-1	-1	-1	-1	-1	-1	-1	-1	-1	-1	-1	-1	-1	-1	-1	-1	-1
11003	8	0	1943	849	1486	-1	-1	-1	-1	-1	-1	-1	-1	-1	-1	-1	-1	-1	-1	-1	-1	-1
11004	8	0	1943	849	1486	-1	-1	-1	-1	-1	-1	-1	-1	-1	-1	-1	-1	-1	-1	-1	-1	-1
11005	10	0	1944	59	71	850	1487	-1	-1	-1	-1	-1	-1	-1	-1	-1	-1	-1	-1	-1	-1	-1
11006	10	0	1944	59	71	850	1487	-1	-1	-1	-1	-1	-1	-1	-1	-1	-1	-1	-1	-1	-1	-1
11007	10	0	1944	59	71	850	1487	-1	-1	-1	-1	-1	-1	-1	-1	-1	-1	-1	-1	-1	-1	-1
11008	10	0	1944	59	71	850	1487	-1	-1	-1	-1	-1	-1	-1	-1	-1	-1	-1	-1	-1	-1	-1
11009	10	0	1944	59	71	850	1487	-1	-1	-1	-1	-1	-1	-1	-1	-1	-1	-1	-1	-1	-1	-1
11010	10	0	1944	83	850	1487	-1	-1	-1	-1	-1	-1	-1	-1	-1	-1	-1	-1	-1	-1	-1	-1
11011	10	0	1944	83	850	1487	-1	-1	-1	-1	-1	-1	-1	-1	-1	-1	-1	-1	-1	-1	-1	-1
11012	10	0	1944	59	71	850	1487	-1	-1	-1	-1	-1	-1	-1	-1	-1	-1	-1	-1	-1	-1	-1
11013	10	0	1944	59	71	850	1487	-1	-1	-1	-1	-1	-1	-1	-1	-1	-1	-1	-1	-1	-1	-1
11014	10	0	1944	59	71	850	1487	-1	-1	-1	-1	-1	-1	-1	-1	-1	-1	-1	-1	-1	-1	-1
11015	10	0	1944	71	850	1487	59	-1	-1	-1	-1	-1	-1	-1	-1	-1	-1	-1	-1	-1	-1	-1
11016	10	0	1944	59	71	850	1487	-1	-1	-1	-1	-1	-1	-1	-1	-1	-1	-1	-1	-1	-1	-1
11017	10	0	1944	59	71	850	1487	-1	-1	-1	-1	-1	-1	-1	-1	-1	-1	-1	-1	-1	-1	-1
11018	10	0	1944	59	71	850	1487	-1	-1	-1	-1	-1	-1	-1	-1	-1	-1	-1	-1	-1	-1	-1
11019	10	0	1944	59	71	850	1487	-1	-1	-1	-1	-1	-1	-1	-1	-1	-1	-1	-1	-1	-1	-1
11020	10	0	1944	83	850	1487	-1	-1	-1	-1	-1	-1	-1	-1	-1	-1	-1	-1	-1	-1	-1	-1
11021	10	0	1944	83	850	1487	-1	-1	-1	-1	-1	-1	-1	-1	-1	-1	-1	-1	-1	-1	-1	-1
11022	10	0	1944	83	850	1487	-1	-1	-1	-1	-1	-1	-1	-1	-1	-1	-1	-1	-1	-1	-1	-1
11023	10	0	1944	83	850	1487	-1	-1	-1	-1	-1	-1	-1	-1	-1	-1	-1	-1	-1	-1	-1	-1
11024	10	0	1944	59	71	850	1487	-1	-1	-1	-1	-1	-1	-1	-1	-1	-1	-1	-1	-1	-1	-1
11025	10	0	1944	59	71	850	1487	-1	-1	-1	-1	-1	-1	-1	-1	-1	-1	-1	-1	-1	-1	-1
11026	10	0	1944	59	71	850	1487	-1	-1	-1	-1	-1	-1	-1	-1	-1	-1	-1	-1	-1	-1	-1
11027	10	0	1944	59	71	850	1487	-1	-1	-1	-1	-1	-1	-1	-1	-1	-1	-1	-1	-1	-1	-1
11028	10	0	1944	59	71	850	1487	-1	-1	-1	-1	-1	-1	-1	-1	-1	-1	-1	-1	-1	-1	-1
11029	13	0	1945	60	72	851	1488	-1	-1	-1	-1	-1	-1	-1	-1	-1	-1	-1	-1	-1	-1	-1
11030	13	0	1945	60	72	851	1488	-1	-1	-1	-1	-1	-1	-1	-1	-1	-1	-1	-1	-1	-1	-1
11031	13	0	1945	60	72	851	1488	-1	-1	-1	-1	-1	-1	-1	-1	-1	-1	-1	-1	-1	-1	-1
11032	13	0	1945	84	851	1488	-1	-1	-1	-1	-1	-1	-1	-1	-1	-1	-1	-1	-1	-1	-1	-1
11033	13	0	1945	84	851	1488	-1	-1	-1	-1	-1	-1	-1	-1	-1	-1	-1	-1	-1	-1	-1	-1
11034	13	0	1945	84	851	1488	-1	-1	-1	-1	-1	-1	-1	-1	-1	-1	-1	-1	-1	-1	-1	-1
11035	13	0	1945	84	851	1488	-1	-1	-1	-1	-1	-1	-1	-1	-1	-1	-1	-1	-1	-1	-1	-1
11036	13	0	1945	60	72	851	1488	-1	-1	-1	-1	-1	-1	-1	-1	-1	-1	-1	-1	-1	-1	-1
11037	13	0	1945	60	72	851	1488	-1	-1	-1	-1	-1	-1	-1	-1	-1	-1	-1	-1	-1	-1	-1
11038	13	0	1945	60	72	851	1488	-1	-1	-1	-1	-1	-1	-1	-1	-1	-1	-1	-1	-1	-1	-1
11039	13	0	1945	60	72	851	1488	-1	-1	-1	-1	-1	-1	-1	-1	-1	-1	-1	-1	-1	-1	-1
11040	13	0	1945	60	72	851	1488	-1	-1	-1	-1	-1	-1	-1	-1	-1	-1	-1	-1	-1	-1	-1
11041	13	0	1945	60	72	851	1488	-1	-1	-1	-1	-1	-1	-1	-1	-1	-1	-1	-1	-1	-1	-1
11042	13	0	1945	60	72	851	1488	-1	-1	-1	-1	-1	-1	-1	-1	-1	-1	-1	-1	-1	-1	-1
11043	13	0	1945	60	72	851	1488	-1	-1	-1	-1	-1	-1	-1	-1	-1	-1	-1	-1	-1	-1	-1
11044	13	0	1945	84	851	1488	-1	-1	-1	-1	-1	-1	-1	-1	-1	-1	-1	-1	-1	-1	-1	-1
11045	13	0	1945	84	851	1488	-1	-1	-1	-1	-1	-1	-1	-1	-1	-1	-1	-1	-1	-1	-1	-1
11046	13	0	1945	84	851	1488	-1	-1	-1	-1	-1	-1	-1	-1	-1	-1	-1	-1	-1	-1	-1	-1
11047	13	0	1945	84	851	1488	-1	-1	-1	-1	-1	-1	-1	-1	-1	-1	-1	-1	-1	-1	-1	-1
11048	13	0	1945	17	60	851	1488	-1	-1	-1	-1	-1	-1	-1	-1	-1	-1	-1	-1	-1	-1	-1
11049	13	0	1945	17	60	851	1488	-1	-1	-1	-1	-1	-1	-1	-1	-1	-1	-1	-1	-1	-1	-1
11050	13	0	1945	17	60	851	1488	-1	-1	-1	-1	-1	-1	-1	-1	-1	-1	-1	-1	-1	-1	-1
11051	13	0	1945	17	60	851	1488	-1	-1	-1	-1	-1	-1	-1	-1	-1	-1	-1	-1	-1	-1	-1
11052	13	0	1945	17	60	851	1488	-1	-1	-1	-1	-1	-1	-1	-1	-1	-1	-1	-1	-1	-1	-1
11053	21	0	1946	1489	18	61	852	-1	-1	-1	-1	-1	-1	-1	-1	-1	-1	-1	-1	-1	-1	-1
11054	21	0	1946	18	61	852	1489	-1	-1	-1	-1	-1	-1	-1	-1	-1	-1	-1	-1	-1	-1	-1
11055	21	0	1946	18	61	852	1489	-1	-1	-1	-1	-1	-1	-1	-1	-1	-1	-1	-1	-1	-1	-1
11056	21	0	1946	85	852	1489	-1	-1	-1	-1	-1	-1	-1	-1	-1	-1	-1	-1	-1	-1	-1	-1
11057	21	0	1946	85	852	1489	-1	-1	-1	-1	-1	-1	-1	-1	-1	-1	-1	-1	-1	-1	-1	-1
11058	21	0	1946	85	852	1489	-1	-1	-1	-1	-1	-1	-1	-1	-1	-1	-1	-1	-1	-1	-1	-1
11059	21	0	1946	85	852	1489	-1	-1	-1	-1	-1	-1	-1	-1	-1	-1	-1	-1	-1	-1	-1	-1
11060	21	0	1946	61	73	852	1489	-1	-1	-1	-1	-1	-1	-1	-1	-1	-1	-1	-1	-1	-1	-1
11061	21	0	1946	61	73	852	1489	-1	-1	-1	-1	-1	-1	-1	-1	-1	-1	-1	-1	-1	-1	-1
11062	21	0	1946	61	73	852	1489	-1	-1	-1	-1	-1	-1	-1	-1	-1	-1	-1	-1	-1	-1	-1
11063	21	0	1946	61	73	852	1489	-1	-1	-1	-1	-1	-1	-1	-1	-1	-1	-1	-1	-1	-1	-1
11064	21	0	1946	61	73	852	1489	-1	-1	-1	-1	-1	-1	-1	-1	-1	-1	-1	-1	-1	-1	-1
11065	21	0	1946	61	73	852	1489	-1	-1	-1	-1	-1	-1	-1	-1	-1	-1	-1	-1	-1	-1	-1
11066	21	0	1946	61	73	852	1489	-1	-1	-1	-1	-1	-1	-1	-1	-1	-1	-1	-1	-1	-1	-1
11067	21	0	1946	61	73	852	1489	-1	-1	-1	-1	-1	-1	-1	-1	-1	-1	-1	-1	-1	-1	-1
11068	21	0	1946	85	852	1489	-1	-1	-1	-1	-1	-1	-1	-1	-1	-1	-1	-1	-1	-1	-1	-1
11069	21	0	1946	85	852	1489	-1	-1	-1	-1	-1	-1	-1	-1	-1	-1	-1	-1	-1	-1	-1	-1
11070	21	0	1946	61	73	852	1489	-1	-1	-1	-1	-1	-1	-1	-1	-1	-1	-1	-1	-1	-1	-1
11071	21	0	1946	61	73	852	1489	-1	-1	-1	-1	-1	-1	-1	-1	-1	-1	-1	-1	-1	-1	-1
11072	21	0	1946	61	73	852	1489	-1	-1	-1	-1	-1	-1	-1	-1	-1	-1	-1	-1	-1	-1	-1
11073	21	0	1946	61	73	852	1489	-1	-1	-1	-1	-1	-1	-1	-1	-1	-1	-1	-1	-1	-1	-1
11074	21	0	1946	61	73	852	1489	-1	-1	-1	-1	-1	-1	-1	-1	-1	-1	-1	-1	-1	-1	-1
11075	21	0	1946	61	73	852	1489	-1	-1	-1	-1	-1	-1	-1	-1	-1	-1	-1	-1	-1	-1	-1
11076	21	0	1946	61	73	852	1489	-1	-1	-1	-1	-1	-1	-1	-1	-1	-1	-1	-1	-1	-1	-1
11077	33	0	1947	62	74	853	1490	-1	-1	-1	-1	-1	-1	-1	-1	-1	-1	-1	-1	-1	-1	-1
11078	33	0	1947	62	74	853	1490	-1	-1	-1	-1	-1	-1	-1	-1	-1	-1	-1	-1	-1	-1	-1
11079	33	0	1947	62	74	853	1490	-1	-1	-1	-1	-1	-1	-1	-1	-1	-1	-1	-1	-1	-1	-1
11080	33	0	1947	86	853	1490	-1	-1	-1	-1	-1	-1	-1	-1	-1	-1	-1	-1	-1	-1	-1	-1
11081	33	0	1947	86	853	1490	-1	-1	-1	-1	-1	-1	-1	-1	-1	-1	-1	-1	-1	-1	-1	-1
11082	33	0	1947	19	62	853	1490	-1	-1	-1	-1	-1	-1	-1	-1	-1	-1	-1	-1	-1	-1	-1
11083	33	0	1947	19	62	853	1490	-1	-1	-1	-1	-1	-1	-1	-1	-1	-1	-1	-1	-1	-1	-1
11084	33	0	1947	19	62	853	1490	-1	-1	-1	-1	-1	-1	-1	-1	-1	-1	-1	-1	-1	-1	-1
11085	33	0	1947	19	62	853	1490	-1	-1	-1	-1	-1	-1	-1	-1	-1	-1	-1	-1	-1	-1	-1
11086	33	0	1947	19	62	853	1490	-1	-1	-1	-1	-1	-1	-1	-1	-1	-1	-1	-1	-1	-1	-1
11087	33	0	1947	19	62	853	1490	-1	-1	-1	-1	-1	-1	-1	-1	-1	-1	-1	-1	-1	-1	-1
11088	33	0	1947	19	62	853	1490	-1	-1	-1	-1	-1	-1	-1	-1	-1	-1	-1	-1	-1	-1	-1
11089	33	0	1947	19	62	853	1490	-1	-1	-1	-1	-1	-1	-1	-1	-1	-1	-1	-1	-1	-1	-1
11090	33	0	1947	19	62	853	1490	-1	-1	-1	-1	-1	-1	-1	-1	-1	-1	-1	-1	-1	-1	-1
11091	33	0	1947	19	62	853	1490	-1	-1	-1	-1	-1	-1	-1	-1	-1	-1	-1	-1	-1	-1	-1
11092	33	0	1947	86	853	1490	-1	-1	-1	-1	-1	-1	-1	-1	-1	-1	-1	-1	-1	-1	-1	-1
11093	33	0	1947	86	853	1490	-1	-1	-1	-1	-1	-1	-1	-1	-1	-1	-1	-1	-1	-1	-1	-1
11094	33	0	1947	86	853	1490	-1	-1	-1	-1	-1	-1	-1	-1	-1	-1	-1	-1	-1	-1	-1	-1
11095	33	0	1947	86	853	1490	-1	-1	-1	-1	-1	-1	-1	-1	-1	-1	-1	-1	-1	-1	-1	-1
11096	33	0	1947	62	74	853	1490	-1	-1	-1	-1	-1	-1	-1	-1	-1	-1	-1	-1	-1	-1	-1
11097	33	0	1947	62	74	853	1490	-1	-1	-1	-1	-1	-1	-1	-1	-1	-1	-1	-1	-1	-1	-1
11098	33	0	1947	62	74	853	1490	-1	-1	-1	-1	-1	-1	-1	-1	-1	-1	-1	-1	-1	-1	-1
11099	33	0	1947	62	74	853	1490	-1	-1	-1	-1	-1	-1	-1	-1	-1	-1	-1	-1	-1	-1	-1
11100	33	0	1947	62	74	853	1490	-1	-1	-1	-1	-1	-1	-1	-1	-1	-1	-1	-1	-1	-1	-1
11101	51	0	1948	63	75	854	1491	-1	-1	-1	-1	-1	-1	-1	-1	-1	-1	-1	-1	-1	-1	-1
11102	51	0	1948	63	854	1491	-1	-1	-1	-1	-1	-1	-1	-1	-1	-1	-1	-1	-1	-1	-1	-1
11103	51	0	1948	63	854	1491	-1	-1	-1	-1	-1	-1	-1	-1	-1	-1	-1	-1	-1	-1	-1	-1
11104	51	0	1948	854	1491	-1	-1	-1	-1	-1	-1	-1	-1	-1	-1	-1	-1	-1	-1	-1	-1	-1
11105	51	0	1948	854	1491	-1	-1	-1	-1	-1	-1	-1	-1	-1	-1	-1	-1	-1	-1	-1	-1	-1
11106	51	0	1948	63	75	854	1491	-1	-1	-1	-1	-1	-1	-1	-1	-1	-1	-1	-1	-1	-1	-1
11107	51	0	1948	63	75	854	1491	-1	-1	-1	-1	-1	-1	-1	-1	-1	-1	-1	-1	-1	-1	-1
11108	51	0	1948	20	63	854	1491	-1	-1	-1	-1	-1	-1	-1	-1	-1	-1	-1	-1	-1	-1	-1
11109	51	0	1948	20	63	854	1491	-1	-1	-1	-1	-1	-1	-1	-1	-1	-1	-1	-1	-1	-1	-1
11110	51	0	1948	63	75	854	1491	-1	-1	-1	-1	-1	-1	-1	-1	-1	-1	-1	-1	-1	-1	-1
11111	51	0	1948	63	75	854	1491	-1	-1	-1	-1	-1	-1	-1	-1	-1	-1	-1	-1	-1	-1	-1
11112	51	0	1948	63	75	854	1491	-1	-1	-1	-1	-1	-1	-1	-1	-1	-1	-1	-1	-1	-1	-1
11113	51	0	1948	63	75	854	1491	-1	-1	-1	-1	-1	-1	-1	-1	-1	-1	-1	-1	-1	-1	-1
11114	51	0	1948	854	1491	-1	-1	-1	-1	-1	-1	-1	-1	-1	-1	-1	-1	-1	-1	-1	-1	-1
11115	51	0	1948	854	1491	-1	-1	-1	-1	-1	-1	-1	-1	-1	-1	-1	-1	-1	-1	-1	-1	-1
11116	51	0	1948	854	1491	-1	-1	-1	-1	-1	-1	-1	-1	-1	-1	-1	-1	-1	-1	-1	-1	-1
11117	51	0	1948	854	1491	-1	-1	-1	-1	-1	-1	-1	-1	-1	-1	-1	-1	-1	-1	-1	-1	-1
11118	51	0	1948	63	75	854	1491	-1	-1	-1	-1	-1	-1	-1	-1	-1	-1	-1	-1	-1	-1	-1
11119	51	0	1948	63	75	854	1491	-1	-1	-1	-1	-1	-1	-1	-1	-1	-1	-1	-1	-1	-1	-1
11120	51	0	1948	63	75	854	1491	-1	-1	-1	-1	-1	-1	-1	-1	-1	-1	-1	-1	-1	-1	-1
11121	51	0	1948	63	75	854	1491	-1	-1	-1	-1	-1	-1	-1	-1	-1	-1	-1	-1	-1	-1	-1
11122	51	0	1948	63	75	854	1491	-1	-1	-1	-1	-1	-1	-1	-1	-1	-1	-1	-1	-1	-1	-1
11123	51	0	1948	63	75	854	1491	-1	-1	-1	-1	-1	-1	-1	-1	-1	-1	-1	-1	-1	-1	-1
11124	61	0	88	1949	855	1492	-1	-1	-1	-1	-1	-1	-1	-1	-1	-1	-1	-1	-1	-1	-1	-1
11125	61	0	88	1949	855	1492	-1	-1	-1	-1	-1	-1	-1	-1	-1	-1	-1	-1	-1	-1	-1	-1
11126	51	0	1948	854	1491	-1	-1	-1	-1	-1	-1	-1	-1	-1	-1	-1	-1	-1	-1	-1	-1	-1
11127	51	0	1948	854	1491	-1	-1	-1	-1	-1	-1	-1	-1	-1	-1	-1	-1	-1	-1	-1	-1	-1
11128	51	0	75	1948	854	1491	-1	-1	-1	-1	-1	-1	-1	-1	-1	-1	-1	-1	-1	-1	-1	-1
11129	61	0	76	88	1949	855	1492	-1	-1	-1	-1	-1	-1	-1	-1	-1	-1	-1	-1	-1	-1	-1
11130	61	0	1949	76	88	855	1492	-1	-1	-1	-1	-1	-1	-1	-1	-1	-1	-1	-1	-1	-1	-1
11131	61	0	1949	76	88	855	1492	-1	-1	-1	-1	-1	-1	-1	-1	-1	-1	-1	-1	-1	-1	-1
11132	61	0	1949	76	88	855	1492	-1	-1	-1	-1	-1	-1	-1	-1	-1	-1	-1	-1	-1	-1	-1
11133	61	0	1949	76	88	855	1492	-1	-1	-1	-1	-1	-1	-1	-1	-1	-1	-1	-1	-1	-1	-1
11134	61	0	1949	88	855	1492	-1	-1	-1	-1	-1	-1	-1	-1	-1	-1	-1	-1	-1	-1	-1	-1
11135	61	0	1949	88	855	1492	-1	-1	-1	-1	-1	-1	-1	-1	-1	-1	-1	-1	-1	-1	-1	-1
11136	61	0	1949	64	76	855	1492	-1	-1	-1	-1	-1	-1	-1	-1	-1	-1	-1	-1	-1	-1	-1
11137	61	0	1949	64	76	855	1492	-1	-1	-1	-1	-1	-1	-1	-1	-1	-1	-1	-1	-1	-1	-1
11138	61	0	1949	64	76	855	1492	-1	-1	-1	-1	-1	-1	-1	-1	-1	-1	-1	-1	-1	-1	-1
11139	61	0	1949	64	76	855	1492	-1	-1	-1	-1	-1	-1	-1	-1	-1	-1	-1	-1	-1	-1	-1
11140	61	0	1949	64	76	855	1492	-1	-1	-1	-1	-1	-1	-1	-1	-1	-1	-1	-1	-1	-1	-1
11141	61	0	1949	64	76	855	1492	-1	-1	-1	-1	-1	-1	-1	-1	-1	-1	-1	-1	-1	-1	-1
11142	61	0	1949	64	76	855	1492	-1	-1	-1	-1	-1	-1	-1	-1	-1	-1	-1	-1	-1	-1	-1
11143	61	0	1949	64	76	855	1492	-1	-1	-1	-1	-1	-1	-1	-1	-1	-1	-1	-1	-1	-1	-1
11144	61	0	1949	88	855	1492	-1	-1	-1	-1	-1	-1	-1	-1	-1	-1	-1	-1	-1	-1	-1	-1
11145	61	0	1949	88	855	1492	-1	-1	-1	-1	-1	-1	-1	-1	-1	-1	-1	-1	-1	-1	-1	-1
11146	61	0	1949	21	88	855	1492	-1	-1	-1	-1	-1	-1	-1	-1	-1	-1	-1	-1	-1	-1	-1
11147	61	0	1949	21	88	855	1492	-1	-1	-1	-1	-1	-1	-1	-1	-1	-1	-1	-1	-1	-1	-1
11148	61	0	1949	21	88	855	1492	-1	-1	-1	-1	-1	-1	-1	-1	-1	-1	-1	-1	-1	-1	-1
11149	61	0	1949	21	88	855	1492	-1	-1	-1	-1	-1	-1	-1	-1	-1	-1	-1	-1	-1	-1	-1
11150	61	0	1949	21	88	855	1492	-1	-1	-1	-1	-1	-1	-1	-1	-1	-1	-1	-1	-1	-1	-1
11151	88	0	1949	22	89	855	1493	-1	-1	-1	-1	-1	-1	-1	-1	-1	-1	-1	-1	-1	-1	-1
11152	88	0	1949	22	89	855	1493	-1	-1	-1	-1	-1	-1	-1	-1	-1	-1	-1	-1	-1	-1	-1
11153	88	0	1949	22	89	855	1493	-1	-1	-1	-1	-1	-1	-1	-1	-1	-1	-1	-1	-1	-1	-1
11154	88	0	1949	89	855	1493	-1	-1	-1	-1	-1	-1	-1	-1	-1	-1	-1	-1	-1	-1	-1	-1
11155	88	0	1949	89	855	1493	-1	-1	-1	-1	-1	-1	-1	-1	-1	-1	-1	-1	-1	-1	-1	-1
11156	88	0	1949	65	89	855	1493	-1	-1	-1	-1	-1	-1	-1	-1	-1	-1	-1	-1	-1	-1	-1
11157	88	0	1949	65	89	855	1493	-1	-1	-1	-1	-1	-1	-1	-1	-1	-1	-1	-1	-1	-1	-1
11158	88	0	1949	89	855	1493	-1	-1	-1	-1	-1	-1	-1	-1	-1	-1	-1	-1	-1	-1	-1	-1
11159	88	0	1949	89	855	1493	-1	-1	-1	-1	-1	-1	-1	-1	-1	-1	-1	-1	-1	-1	-1	-1
11160	88	0	1949	65	89	855	1493	-1	-1	-1	-1	-1	-1	-1	-1	-1	-1	-1	-1	-1	-1	-1
11161	88	0	1949	65	89	855	1493	-1	-1	-1	-1	-1	-1	-1	-1	-1	-1	-1	-1	-1	-1	-1
11162	88	0	1949	65	89	855	1493	-1	-1	-1	-1	-1	-1	-1	-1	-1	-1	-1	-1	-1	-1	-1
11163	88	0	1949	65	89	855	1493	-1	-1	-1	-1	-1	-1	-1	-1	-1	-1	-1	-1	-1	-1	-1
11172	18	1	1940	-1	-1	-1	-1	-1	-1	-1	-1	-1	-1	-1	-1	-1	-1	-1	-1	-1	-1	-1
11173	18	1	1940	-1	-1	-1	-1	-1	-1	-1	-1	-1	-1	-1	-1	-1	-1	-1	-1	-1	-1	-1
11174	18	1	1940	-1	-1	-1	-1	-1	-1	-1	-1	-1	-1	-1	-1	-1	-1	-1	-1	-1	-1	-1
11175	18	1	1940	-1	-1	-1	-1	-1	-1	-1	-1	-1	-1	-1	-1	-1	-1	-1	-1	-1	-1	-1
11176	18	1	1940	-1	-1	-1	-1	-1	-1	-1	-1	-1	-1	-1	-1	-1	-1	-1	-1	-1	-1	-1
11177	22	1	1940	-1	-1	-1	-1	-1	-1	-1	-1	-1	-1	-1	-1	-1	-1	-1	-1	-1	-1	-1
11178	18	1	1940	-1	-1	-1	-1	-1	-1	-1	-1	-1	-1	-1	-1	-1	-1	-1	-1	-1	-1	-1
11179	18	1	1940	-1	-1	-1	-1	-1	-1	-1	-1	-1	-1	-1	-1	-1	-1	-1	-1	-1	-1	-1
11180	18	1	1940	-1	-1	-1	-1	-1	-1	-1	-1	-1	-1	-1	-1	-1	-1	-1	-1	-1	-1	-1
11181	18	1	1941	-1	-1	-1	-1	-1	-1	-1	-1	-1	-1	-1	-1	-1	-1	-1	-1	-1	-1	-1
11182	22	1	1941	-1	-1	-1	-1	-1	-1	-1	-1	-1	-1	-1	-1	-1	-1	-1	-1	-1	-1	-1
11183	18	1	1941	-1	-1	-1	-1	-1	-1	-1	-1	-1	-1	-1	-1	-1	-1	-1	-1	-1	-1	-1
11184	18	1	1941	-1	-1	-1	-1	-1	-1	-1	-1	-1	-1	-1	-1	-1	-1	-1	-1	-1	-1	-1
11185	18	1	1941	-1	-1	-1	-1	-1	-1	-1	-1	-1	-1	-1	-1	-1	-1	-1	-1	-1	-1	-1
11186	18	1	1941	-1	-1	-1	-1	-1	-1	-1	-1	-1	-1	-1	-1	-1	-1	-1	-1	-1	-1	-1
11187	22	1	1941	-1	-1	-1	-1	-1	-1	-1	-1	-1	-1	-1	-1	-1	-1	-1	-1	-1	-1	-1
11188	18	1	1941	-1	-1	-1	-1	-1	-1	-1	-1	-1	-1	-1	-1	-1	-1	-1	-1	-1	-1	-1
11189	18	1	1941	-1	-1	-1	-1	-1	-1	-1	-1	-1	-1	-1	-1	-1	-1	-1	-1	-1	-1	-1
11190	18	1	25	1	80	1941	661	1351	11201	-1	-1	-1	-1	-1	-1	-1	-1	-1	-1	-1	-1	-1
11191	18	1	1941	-1	-1	-1	-1	-1	-1	-1	-1	-1	-1	-1	-1	-1	-1	-1	-1	-1	-1	-1
11192	22	1	1941	-1	-1	-1	-1	-1	-1	-1	-1	-1	-1	-1	-1	-1	-1	-1	-1	-1	-1	-1
11193	22	1	1941	-1	-1	-1	-1	-1	-1	-1	-1	-1	-1	-1	-1	-1	-1	-1	-1	-1	-1	-1
11194	22	1	1941	-1	-1	-1	-1	-1	-1	-1	-1	-1	-1	-1	-1	-1	-1	-1	-1	-1	-1	-1
11195	22	1	1941	-1	-1	-1	-1	-1	-1	-1	-1	-1	-1	-1	-1	-1	-1	-1	-1	-1	-1	-1
11196	22	1	1941	-1	-1	-1	-1	-1	-1	-1	-1	-1	-1	-1	-1	-1	-1	-1	-1	-1	-1	-1
11197	22	1	1941	-1	-1	-1	-1	-1	-1	-1	-1	-1	-1	-1	-1	-1	-1	-1	-1	-1	-1	-1
11198	22	1	1941	-1	-1	-1	-1	-1	-1	-1	-1	-1	-1	-1	-1	-1	-1	-1	-1	-1	-1	-1
11199	22	1	1941	-1	-1	-1	-1	-1	-1	-1	-1	-1	-1	-1	-1	-1	-1	-1	-1	-1	-1	-1
11200	22	1	1941	-1	-1	-1	-1	-1	-1	-1	-1	-1	-1	-1	-1	-1	-1	-1	-1	-1	-1	-1
11201	22	1	1941	-1	-1	-1	-1	-1	-1	-1	-1	-1	-1	-1	-1	-1	-1	-1	-1	-1	-1	-1
11202	22	1	1942	-1	-1	-1	-1	-1	-1	-1	-1	-1	-1	-1	-1	-1	-1	-1	-1	-1	-1	-1
11203	22	1	1942	-1	-1	-1	-1	-1	-1	-1	-1	-1	-1	-1	-1	-1	-1	-1	-1	-1	-1	-1
11204	22	1	1942	-1	-1	-1	-1	-1	-1	-1	-1	-1	-1	-1	-1	-1	-1	-1	-1	-1	-1	-1
11205	22	1	1942	-1	-1	-1	-1	-1	-1	-1	-1	-1	-1	-1	-1	-1	-1	-1	-1	-1	-1	-1
11206	22	1	1942	-1	-1	-1	-1	-1	-1	-1	-1	-1	-1	-1	-1	-1	-1	-1	-1	-1	-1	-1
11207	26	1	1942	-1	-1	-1	-1	-1	-1	-1	-1	-1	-1	-1	-1	-1	-1	-1	-1	-1	-1	-1
11208	26	1	1942	-1	-1	-1	-1	-1	-1	-1	-1	-1	-1	-1	-1	-1	-1	-1	-1	-1	-1	-1
11209	26	1	1942	-1	-1	-1	-1	-1	-1	-1	-1	-1	-1	-1	-1	-1	-1	-1	-1	-1	-1	-1
11210	26	1	1942	-1	-1	-1	-1	-1	-1	-1	-1	-1	-1	-1	-1	-1	-1	-1	-1	-1	-1	-1
11211	26	1	1942	-1	-1	-1	-1	-1	-1	-1	-1	-1	-1	-1	-1	-1	-1	-1	-1	-1	-1	-1
11212	26	1	1942	-1	-1	-1	-1	-1	-1	-1	-1	-1	-1	-1	-1	-1	-1	-1	-1	-1	-1	-1
11213	26	1	1943	-1	-1	-1	-1	-1	-1	-1	-1	-1	-1	-1	-1	-1	-1	-1	-1	-1	-1	-1
11214	26	1	1943	-1	-1	-1	-1	-1	-1	-1	-1	-1	-1	-1	-1	-1	-1	-1	-1	-1	-1	-1
11215	26	1	1943	-1	-1	-1	-1	-1	-1	-1	-1	-1	-1	-1	-1	-1	-1	-1	-1	-1	-1	-1
11216	26	1	1943	-1	-1	-1	-1	-1	-1	-1	-1	-1	-1	-1	-1	-1	-1	-1	-1	-1	-1	-1
11217	26	1	1943	-1	-1	-1	-1	-1	-1	-1	-1	-1	-1	-1	-1	-1	-1	-1	-1	-1	-1	-1
11218	26	1	1943	-1	-1	-1	-1	-1	-1	-1	-1	-1	-1	-1	-1	-1	-1	-1	-1	-1	-1	-1
11219	32	1	1943	-1	-1	-1	-1	-1	-1	-1	-1	-1	-1	-1	-1	-1	-1	-1	-1	-1	-1	-1
11220	32	1	1943	-1	-1	-1	-1	-1	-1	-1	-1	-1	-1	-1	-1	-1	-1	-1	-1	-1	-1	-1
11221	32	1	1943	-1	-1	-1	-1	-1	-1	-1	-1	-1	-1	-1	-1	-1	-1	-1	-1	-1	-1	-1
11222	32	1	1943	-1	-1	-1	-1	-1	-1	-1	-1	-1	-1	-1	-1	-1	-1	-1	-1	-1	-1	-1
11223	32	1	1943	-1	-1	-1	-1	-1	-1	-1	-1	-1	-1	-1	-1	-1	-1	-1	-1	-1	-1	-1
11224	32	1	1943	-1	-1	-1	-1	-1	-1	-1	-1	-1	-1	-1	-1	-1	-1	-1	-1	-1	-1	-1
11225	32	1	59	71	1944	-1	-1	-1	-1	-1	-1	-1	-1	-1	-1	-1	-1	-1	-1	-1	-1	-1
11226	32	1	59	71	1944	-1	-1	-1	-1	-1	-1	-1	-1	-1	-1	-1	-1	-1	-1	-1	-1	-1
11227	32	1	83	1944	-1	-1	-1	-1	-1	-1	-1	-1	-1	-1	-1	-1	-1	-1	-1	-1	-1	-1
11228	32	1	59	71	1944	-1	-1	-1	-1	-1	-1	-1	-1	-1	-1	-1	-1	-1	-1	-1	-1	-1
11229	32	1	59	71	1944	-1	-1	-1	-1	-1	-1	-1	-1	-1	-1	-1	-1	-1	-1	-1	-1	-1
11230	32	1	59	71	1944	-1	-1	-1	-1	-1	-1	-1	-1	-1	-1	-1	-1	-1	-1	-1	-1	-1
11231	41	1	59	71	1944	-1	-1	-1	-1	-1	-1	-1	-1	-1	-1	-1	-1	-1	-1	-1	-1	-1
11232	41	1	83	1944	-1	-1	-1	-1	-1	-1	-1	-1	-1	-1	-1	-1	-1	-1	-1	-1	-1	-1
11233	41	1	83	1944	-1	-1	-1	-1	-1	-1	-1	-1	-1	-1	-1	-1	-1	-1	-1	-1	-1	-1
11234	41	1	59	71	1944	-1	-1	-1	-1	-1	-1	-1	-1	-1	-1	-1	-1	-1	-1	-1	-1	-1
11235	41	1	59	71	1944	-1	-1	-1	-1	-1	-1	-1	-1	-1	-1	-1	-1	-1	-1	-1	-1	-1
11236	41	1	59	71	1944	-1	-1	-1	-1	-1	-1	-1	-1	-1	-1	-1	-1	-1	-1	-1	-1	-1
11237	41	1	60	72	1945	-1	-1	-1	-1	-1	-1	-1	-1	-1	-1	-1	-1	-1	-1	-1	-1	-1
11238	41	1	84	1945	-1	-1	-1	-1	-1	-1	-1	-1	-1	-1	-1	-1	-1	-1	-1	-1	-1	-1
11239	41	1	84	1945	-1	-1	-1	-1	-1	-1	-1	-1	-1	-1	-1	-1	-1	-1	-1	-1	-1	-1
11240	41	1	60	72	1945	-1	-1	-1	-1	-1	-1	-1	-1	-1	-1	-1	-1	-1	-1	-1	-1	-1
11241	41	1	60	72	1945	-1	-1	-1	-1	-1	-1	-1	-1	-1	-1	-1	-1	-1	-1	-1	-1	-1
11242	41	1	60	72	1945	-1	-1	-1	-1	-1	-1	-1	-1	-1	-1	-1	-1	-1	-1	-1	-1	-1
11243	52	1	60	72	1945	-1	-1	-1	-1	-1	-1	-1	-1	-1	-1	-1	-1	-1	-1	-1	-1	-1
11244	52	1	84	1945	-1	-1	-1	-1	-1	-1	-1	-1	-1	-1	-1	-1	-1	-1	-1	-1	-1	-1
11245	52	1	84	1945	-1	-1	-1	-1	-1	-1	-1	-1	-1	-1	-1	-1	-1	-1	-1	-1	-1	-1
11246	52	1	17	60	1945	-1	-1	-1	-1	-1	-1	-1	-1	-1	-1	-1	-1	-1	-1	-1	-1	-1
11247	52	1	17	60	1945	-1	-1	-1	-1	-1	-1	-1	-1	-1	-1	-1	-1	-1	-1	-1	-1	-1
11248	52	1	17	60	1945	-1	-1	-1	-1	-1	-1	-1	-1	-1	-1	-1	-1	-1	-1	-1	-1	-1
11249	66	1	18	61	1946	-1	-1	-1	-1	-1	-1	-1	-1	-1	-1	-1	-1	-1	-1	-1	-1	-1
11250	66	1	85	1946	-1	-1	-1	-1	-1	-1	-1	-1	-1	-1	-1	-1	-1	-1	-1	-1	-1	-1
11251	66	1	85	1946	-1	-1	-1	-1	-1	-1	-1	-1	-1	-1	-1	-1	-1	-1	-1	-1	-1	-1
11252	66	1	61	73	1946	-1	-1	-1	-1	-1	-1	-1	-1	-1	-1	-1	-1	-1	-1	-1	-1	-1
11253	66	1	61	73	1946	-1	-1	-1	-1	-1	-1	-1	-1	-1	-1	-1	-1	-1	-1	-1	-1	-1
11254	66	1	61	73	1946	-1	-1	-1	-1	-1	-1	-1	-1	-1	-1	-1	-1	-1	-1	-1	-1	-1
11255	84	1	61	73	1946	-1	-1	-1	-1	-1	-1	-1	-1	-1	-1	-1	-1	-1	-1	-1	-1	-1
11256	84	1	85	1946	-1	-1	-1	-1	-1	-1	-1	-1	-1	-1	-1	-1	-1	-1	-1	-1	-1	-1
11257	84	1	61	73	1946	-1	-1	-1	-1	-1	-1	-1	-1	-1	-1	-1	-1	-1	-1	-1	-1	-1
11258	84	1	61	73	1946	-1	-1	-1	-1	-1	-1	-1	-1	-1	-1	-1	-1	-1	-1	-1	-1	-1
11259	84	1	61	73	1946	-1	-1	-1	-1	-1	-1	-1	-1	-1	-1	-1	-1	-1	-1	-1	-1	-1
11260	84	1	61	73	1946	-1	-1	-1	-1	-1	-1	-1	-1	-1	-1	-1	-1	-1	-1	-1	-1	-1
11261	107	1	62	74	1947	-1	-1	-1	-1	-1	-1	-1	-1	-1	-1	-1	-1	-1	-1	-1	-1	-1
11262	107	1	86	1947	-1	-1	-1	-1	-1	-1	-1	-1	-1	-1	-1	-1	-1	-1	-1	-1	-1	-1
11263	107	1	19	62	1947	-1	-1	-1	-1	-1	-1	-1	-1	-1	-1	-1	-1	-1	-1	-1	-1	-1
11264	107	1	19	62	1947	-1	-1	-1	-1	-1	-1	-1	-1	-1	-1	-1	-1	-1	-1	-1	-1	-1
11265	107	1	19	62	1947	-1	-1	-1	-1	-1	-1	-1	-1	-1	-1	-1	-1	-1	-1	-1	-1	-1
11266	107	1	19	62	1947	-1	-1	-1	-1	-1	-1	-1	-1	-1	-1	-1	-1	-1	-1	-1	-1	-1
11267	134	1	19	62	1947	-1	-1	-1	-1	-1	-1	-1	-1	-1	-1	-1	-1	-1	-1	-1	-1	-1
11268	134	1	86	1947	-1	-1	-1	-1	-1	-1	-1	-1	-1	-1	-1	-1	-1	-1	-1	-1	-1	-1
11269	134	1	86	1947	-1	-1	-1	-1	-1	-1	-1	-1	-1	-1	-1	-1	-1	-1	-1	-1	-1	-1
11270	134	1	62	74	1947	-1	-1	-1	-1	-1	-1	-1	-1	-1	-1	-1	-1	-1	-1	-1	-1	-1
11271	134	1	62	74	1947	-1	-1	-1	-1	-1	-1	-1	-1	-1	-1	-1	-1	-1	-1	-1	-1	-1
11272	134	1	62	74	1947	-1	-1	-1	-1	-1	-1	-1	-1	-1	-1	-1	-1	-1	-1	-1	-1	-1
11273	166	1	63	1948	-1	-1	-1	-1	-1	-1	-1	-1	-1	-1	-1	-1	-1	-1	-1	-1	-1	-1
11274	166	1	87	1948	-1	-1	-1	-1	-1	-1	-1	-1	-1	-1	-1	-1	-1	-1	-1	-1	-1	-1
11275	166	1	63	75	1948	-1	-1	-1	-1	-1	-1	-1	-1	-1	-1	-1	-1	-1	-1	-1	-1	-1
11276	166	1	20	63	1948	-1	-1	-1	-1	-1	-1	-1	-1	-1	-1	-1	-1	-1	-1	-1	-1	-1
11277	166	1	63	75	1948	-1	-1	-1	-1	-1	-1	-1	-1	-1	-1	-1	-1	-1	-1	-1	-1	-1
11278	166	1	63	75	1948	-1	-1	-1	-1	-1	-1	-1	-1	-1	-1	-1	-1	-1	-1	-1	-1	-1
11279	166	1	87	1948	-1	-1	-1	-1	-1	-1	-1	-1	-1	-1	-1	-1	-1	-1	-1	-1	-1	-1
11280	204	1	87	1948	-1	-1	-1	-1	-1	-1	-1	-1	-1	-1	-1	-1	-1	-1	-1	-1	-1	-1
11281	204	1	63	75	1948	-1	-1	-1	-1	-1	-1	-1	-1	-1	-1	-1	-1	-1	-1	-1	-1	-1
11282	204	1	63	75	1948	-1	-1	-1	-1	-1	-1	-1	-1	-1	-1	-1	-1	-1	-1	-1	-1	-1
11283	204	1	63	75	1948	-1	-1	-1	-1	-1	-1	-1	-1	-1	-1	-1	-1	-1	-1	-1	-1	-1
11284	247	1	88	1949	-1	-1	-1	-1	-1	-1	-1	-1	-1	-1	-1	-1	-1	-1	-1	-1	-1	-1
11285	204	1	87	1948	-1	-1	-1	-1	-1	-1	-1	-1	-1	-1	-1	-1	-1	-1	-1	-1	-1	-1
11286	204	1	87	1948	-1	-1	-1	-1	-1	-1	-1	-1	-1	-1	-1	-1	-1	-1	-1	-1	-1	-1
11287	247	1	88	1949	-1	-1	-1	-1	-1	-1	-1	-1	-1	-1	-1	-1	-1	-1	-1	-1	-1	-1
11288	247	1	88	1949	-1	-1	-1	-1	-1	-1	-1	-1	-1	-1	-1	-1	-1	-1	-1	-1	-1	-1
11289	247	1	88	1949	-1	-1	-1	-1	-1	-1	-1	-1	-1	-1	-1	-1	-1	-1	-1	-1	-1	-1
11290	247	1	64	76	1949	-1	-1	-1	-1	-1	-1	-1	-1	-1	-1	-1	-1	-1	-1	-1	-1	-1
11291	247	1	64	76	1949	-1	-1	-1	-1	-1	-1	-1	-1	-1	-1	-1	-1	-1	-1	-1	-1	-1
11292	297	1	64	76	1949	-1	-1	-1	-1	-1	-1	-1	-1	-1	-1	-1	-1	-1	-1	-1	-1	-1
11293	297	1	64	76	1949	669	-1	-1	-1	-1	-1	-1	-1	-1	-1	-1	-1	-1	-1	-1	-1	-1
11294	297	1	88	1949	-1	-1	-1	-1	-1	-1	-1	-1	-1	-1	-1	-1	-1	-1	-1	-1	-1	-1
11295	297	1	21	88	1949	-1	-1	-1	-1	-1	-1	-1	-1	-1	-1	-1	-1	-1	-1	-1	-1	-1
11296	297	1	21	88	1949	-1	-1	-1	-1	-1	-1	-1	-1	-1	-1	-1	-1	-1	-1	-1	-1	-1
11297	297	1	21	88	1949	-1	-1	-1	-1	-1	-1	-1	-1	-1	-1	-1	-1	-1	-1	-1	-1	-1
11298	354	1	22	89	1949	-1	-1	-1	-1	-1	-1	-1	-1	-1	-1	-1	-1	-1	-1	-1	-1	-1
11299	354	1	89	1949	-1	-1	-1	-1	-1	-1	-1	-1	-1	-1	-1	-1	-1	-1	-1	-1	-1	-1
11300	354	1	65	89	1949	-1	-1	-1	-1	-1	-1	-1	-1	-1	-1	-1	-1	-1	-1	-1	-1	-1
11301	354	1	89	1949	-1	-1	-1	-1	-1	-1	-1	-1	-1	-1	-1	-1	-1	-1	-1	-1	-1	-1
11302	354	1	65	89	1949	-1	-1	-1	-1	-1	-1	-1	-1	-1	-1	-1	-1	-1	-1	-1	-1	-1
11303	354	1	65	89	1949	-1	-1	-1	-1	-1	-1	-1	-1	-1	-1	-1	-1	-1	-1	-1	-1	-1
11307	33	0	627	19	62	853	1490	1542	18120	-1	-1	-1	-1	-1	-1	-1	-1	-1	-1	-1	-1	-1
11308	33	0	627	19	62	853	1490	1542	18120	-1	-1	-1	-1	-1	-1	-1	-1	-1	-1	-1	-1	-1
11309	33	0	627	62	74	853	1490	1542	18120	-1	-1	-1	-1	-1	-1	-1	-1	-1	-1	-1	-1	-1
11310	33	0	627	62	74	853	1490	18120	-1	-1	-1	-1	-1	-1	-1	-1	-1	-1	-1	-1	-1	-1
11311	51	0	628	63	854	1491	1542	18120	-1	-1	-1	-1	-1	-1	-1	-1	-1	-1	-1	-1	-1	-1
11312	51	0	628	63	854	1491	1542	18120	-1	-1	-1	-1	-1	-1	-1	-1	-1	-1	-1	-1	-1	-1
11313	103	1	628	1529	1530	1531	1533	18121	18122	18123	18124	18125	18126	18127	-1	-1	-1	-1	-1	-1	-1	-1
11314	134	1	86	627	18120	-1	-1	-1	-1	-1	-1	-1	-1	-1	-1	-1	-1	-1	-1	-1	-1	-1
11315	134	1	62	74	627	18120	-1	-1	-1	-1	-1	-1	-1	-1	-1	-1	-1	-1	-1	-1	-1	-1
11316	166	1	63	628	18120	-1	-1	-1	-1	-1	-1	-1	-1	-1	-1	-1	-1	-1	-1	-1	-1	-1
11317	61	0	1924	1926	9064	9076	1492	-1	-1	-1	-1	-1	-1	-1	-1	-1	-1	-1	-1	-1	-1	-1
11318	61	0	1924	1926	9064	9076	1492	-1	-1	-1	-1	-1	-1	-1	-1	-1	-1	-1	-1	-1	-1	-1
11319	61	0	1924	1926	9009	9088	1492	-1	-1	-1	-1	-1	-1	-1	-1	-1	-1	-1	-1	-1	-1	-1
11320	61	0	1924	1926	9009	9088	1492	-1	-1	-1	-1	-1	-1	-1	-1	-1	-1	-1	-1	-1	-1	-1
11321	61	0	1924	1926	9064	9076	1492	-1	-1	-1	-1	-1	-1	-1	-1	-1	-1	-1	-1	-1	-1	-1
11322	61	0	1924	1926	9064	9076	1492	-1	-1	-1	-1	-1	-1	-1	-1	-1	-1	-1	-1	-1	-1	-1
11323	61	0	1924	1926	9076	9088	1492	-1	-1	-1	-1	-1	-1	-1	-1	-1	-1	-1	-1	-1	-1	-1
11324	61	0	1924	1926	9076	9088	1492	-1	-1	-1	-1	-1	-1	-1	-1	-1	-1	-1	-1	-1	-1	-1
11325	61	0	1924	1926	9064	9076	1492	-1	-1	-1	-1	-1	-1	-1	-1	-1	-1	-1	-1	-1	-1	-1
11326	61	0	1924	1926	9064	9076	1492	-1	-1	-1	-1	-1	-1	-1	-1	-1	-1	-1	-1	-1	-1	-1
11327	61	0	1924	1926	9076	9088	1492	-1	-1	-1	-1	-1	-1	-1	-1	-1	-1	-1	-1	-1	-1	-1
11328	61	0	1924	1926	9076	9088	1492	-1	-1	-1	-1	-1	-1	-1	-1	-1	-1	-1	-1	-1	-1	-1
11329	247	1	1926	9064	9076	1924	-1	-1	-1	-1	-1	-1	-1	-1	-1	-1	-1	-1	-1	-1	-1	-1
11330	247	1	1926	9009	9088	1924	-1	-1	-1	-1	-1	-1	-1	-1	-1	-1	-1	-1	-1	-1	-1	-1
11331	247	1	1926	9064	9076	1924	-1	-1	-1	-1	-1	-1	-1	-1	-1	-1	-1	-1	-1	-1	-1	-1
11332	297	1	1926	9076	9088	1924	-1	-1	-1	-1	-1	-1	-1	-1	-1	-1	-1	-1	-1	-1	-1	-1
11333	247	1	1926	9064	9076	1924	-1	-1	-1	-1	-1	-1	-1	-1	-1	-1	-1	-1	-1	-1	-1	-1
11334	297	1	1926	9076	9088	1924	-1	-1	-1	-1	-1	-1	-1	-1	-1	-1	-1	-1	-1	-1	-1	-1
11335	61	0	1924	1926	9009	9088	1492	-1	-1	-1	-1	-1	-1	-1	-1	-1	-1	-1	-1	-1	-1	-1
11336	61	0	1924	1926	9009	9088	1492	-1	-1	-1	-1	-1	-1	-1	-1	-1	-1	-1	-1	-1	-1	-1
11337	61	0	1924	1926	9076	9088	1492	-1	-1	-1	-1	-1	-1	-1	-1	-1	-1	-1	-1	-1	-1	-1
11338	61	0	1924	1926	9076	9088	1492	-1	-1	-1	-1	-1	-1	-1	-1	-1	-1	-1	-1	-1	-1	-1
11339	61	0	1924	1926	9064	9076	1942	-1	-1	-1	-1	-1	-1	-1	-1	-1	-1	-1	-1	-1	-1	-1
11340	61	0	1924	1926	9064	9076	1492	-1	-1	-1	-1	-1	-1	-1	-1	-1	-1	-1	-1	-1	-1	-1
11341	61	0	1924	1926	9064	9076	1492	-1	-1	-1	-1	-1	-1	-1	-1	-1	-1	-1	-1	-1	-1	-1
11342	61	0	1924	1926	9064	9076	1492	-1	-1	-1	-1	-1	-1	-1	-1	-1	-1	-1	-1	-1	-1	-1
11343	61	0	1924	1926	9064	9076	1492	-1	-1	-1	-1	-1	-1	-1	-1	-1	-1	-1	-1	-1	-1	-1
11344	61	0	1924	1926	9064	9076	-1	-1	-1	-1	-1	-1	-1	-1	-1	-1	-1	-1	-1	-1	-1	-1
11345	61	0	1924	1926	9064	9076	-1	-1	-1	-1	-1	-1	-1	-1	-1	-1	-1	-1	-1	-1	-1	-1
11346	88	0	1925	1927	9065	9077	-1	-1	-1	-1	-1	-1	-1	-1	-1	-1	-1	-1	-1	-1	-1	-1
11347	297	1	1926	9009	9088	1924	-1	-1	-1	-1	-1	-1	-1	-1	-1	-1	-1	-1	-1	-1	-1	-1
11348	297	1	1926	9076	9088	1924	-1	-1	-1	-1	-1	-1	-1	-1	-1	-1	-1	-1	-1	-1	-1	-1
11349	354	1	1926	9064	9076	1924	-1	-1	-1	-1	-1	-1	-1	-1	-1	-1	-1	-1	-1	-1	-1	-1
11350	354	1	1926	9064	9076	1924	-1	-1	-1	-1	-1	-1	-1	-1	-1	-1	-1	-1	-1	-1	-1	-1
11351	354	1	1926	9064	9076	1924	-1	-1	-1	-1	-1	-1	-1	-1	-1	-1	-1	-1	-1	-1	-1	-1
11352	354	1	1927	9065	9077	1925	-1	-1	-1	-1	-1	-1	-1	-1	-1	-1	-1	-1	-1	-1	-1	-1
11353	10	1	1922	16949	18128	18688	-1	-1	-1	-1	-1	-1	-1	-1	-1	-1	-1	-1	-1	-1	-1	-1
11356	61	0	669	1924	1926	9064	9076	1092	1192	1492	1511	855	2000	-1	-1	-1	-1	-1	-1	-1	-1	-1
11357	61	0	1924	1926	9064	9076	855	1492	-1	-1	-1	-1	-1	-1	-1	-1	-1	-1	-1	-1	-1	-1
11358	61	0	1924	1926	9009	9088	1492	855	-1	-1	-1	-1	-1	-1	-1	-1	-1	-1	-1	-1	-1	-1
11359	61	0	1924	1926	9009	9088	1492	855	-1	-1	-1	-1	-1	-1	-1	-1	-1	-1	-1	-1	-1	-1
11360	61	0	1924	1926	9064	9076	1492	855	-1	-1	-1	-1	-1	-1	-1	-1	-1	-1	-1	-1	-1	-1
11361	61	0	1924	1926	9064	9076	1492	855	-1	-1	-1	-1	-1	-1	-1	-1	-1	-1	-1	-1	-1	-1
11362	61	0	1924	1926	9076	9088	1492	855	-1	-1	-1	-1	-1	-1	-1	-1	-1	-1	-1	-1	-1	-1
11363	61	0	1924	1926	9076	9088	1492	855	-1	-1	-1	-1	-1	-1	-1	-1	-1	-1	-1	-1	-1	-1
11364	61	0	1924	1926	9064	9076	1492	855	-1	-1	-1	-1	-1	-1	-1	-1	-1	-1	-1	-1	-1	-1
11365	61	0	1924	1926	9064	9076	1492	855	-1	-1	-1	-1	-1	-1	-1	-1	-1	-1	-1	-1	-1	-1
11366	61	0	1924	1926	9076	9088	1492	855	-1	-1	-1	-1	-1	-1	-1	-1	-1	-1	-1	-1	-1	-1
11367	61	0	1924	1926	9076	9088	1492	855	-1	-1	-1	-1	-1	-1	-1	-1	-1	-1	-1	-1	-1	-1
11368	247	1	1926	9064	9076	1924	-1	-1	-1	-1	-1	-1	-1	-1	-1	-1	-1	-1	-1	-1	-1	-1
11369	247	1	1926	9009	9088	1924	-1	-1	-1	-1	-1	-1	-1	-1	-1	-1	-1	-1	-1	-1	-1	-1
11370	247	1	1926	9064	9076	1924	-1	-1	-1	-1	-1	-1	-1	-1	-1	-1	-1	-1	-1	-1	-1	-1
11371	297	1	1926	9076	9088	1924	-1	-1	-1	-1	-1	-1	-1	-1	-1	-1	-1	-1	-1	-1	-1	-1
11372	247	1	1926	9064	9076	1924	-1	-1	-1	-1	-1	-1	-1	-1	-1	-1	-1	-1	-1	-1	-1	-1
11373	297	1	1926	9076	9088	1924	-1	-1	-1	-1	-1	-1	-1	-1	-1	-1	-1	-1	-1	-1	-1	-1
11374	61	0	1924	1926	9009	9088	1492	855	-1	-1	-1	-1	-1	-1	-1	-1	-1	-1	-1	-1	-1	-1
11375	61	0	1924	1926	9009	9088	1492	855	-1	-1	-1	-1	-1	-1	-1	-1	-1	-1	-1	-1	-1	-1
11376	61	0	1924	1926	9076	9088	1492	855	-1	-1	-1	-1	-1	-1	-1	-1	-1	-1	-1	-1	-1	-1
11377	61	0	1924	1926	9076	9088	1492	855	-1	-1	-1	-1	-1	-1	-1	-1	-1	-1	-1	-1	-1	-1
11378	61	0	1924	1926	9064	9076	1492	855	-1	-1	-1	-1	-1	-1	-1	-1	-1	-1	-1	-1	-1	-1
11379	61	0	1924	1926	9064	9076	1492	855	-1	-1	-1	-1	-1	-1	-1	-1	-1	-1	-1	-1	-1	-1
11380	61	0	1924	1926	9064	9076	1492	855	-1	-1	-1	-1	-1	-1	-1	-1	-1	-1	-1	-1	-1	-1
11381	61	0	1924	1926	9064	9076	1492	855	-1	-1	-1	-1	-1	-1	-1	-1	-1	-1	-1	-1	-1	-1
11382	61	0	1924	1926	9064	9076	1492	855	-1	-1	-1	-1	-1	-1	-1	-1	-1	-1	-1	-1	-1	-1
11383	61	0	1924	1926	9064	9076	1492	855	-1	-1	-1	-1	-1	-1	-1	-1	-1	-1	-1	-1	-1	-1
11384	61	0	1924	1926	9064	9076	1492	855	-1	-1	-1	-1	-1	-1	-1	-1	-1	-1	-1	-1	-1	-1
11385	88	0	1925	1927	9065	9077	1492	855	-1	-1	-1	-1	-1	-1	-1	-1	-1	-1	-1	-1	-1	-1
11386	297	1	1926	9009	9088	1924	-1	-1	-1	-1	-1	-1	-1	-1	-1	-1	-1	-1	-1	-1	-1	-1
11387	297	1	1926	9076	9088	1924	-1	-1	-1	-1	-1	-1	-1	-1	-1	-1	-1	-1	-1	-1	-1	-1
11388	354	1	1926	9064	9076	1924	-1	-1	-1	-1	-1	-1	-1	-1	-1	-1	-1	-1	-1	-1	-1	-1
11389	354	1	1926	9064	9076	1924	-1	-1	-1	-1	-1	-1	-1	-1	-1	-1	-1	-1	-1	-1	-1	-1
11390	354	1	1926	9064	9076	1924	-1	-1	-1	-1	-1	-1	-1	-1	-1	-1	-1	-1	-1	-1	-1	-1
11391	354	1	1927	9065	9077	1925	-1	-1	-1	-1	-1	-1	-1	-1	-1	-1	-1	-1	-1	-1	-1	-1
11392	27	0	18130	18131	18132	18134	18687	-1	-1	-1	-1	-1	-1	-1	-1	-1	-1	-1	-1	-1	-1	-1
11400	51	0	1948	1491	1935	-1	-1	-1	-1	-1	-1	-1	-1	-1	-1	-1	-1	-1	-1	-1	-1	-1
11401	51	0	1948	1491	1935	-1	-1	-1	-1	-1	-1	-1	-1	-1	-1	-1	-1	-1	-1	-1	-1	-1
11402	51	0	1948	1491	1935	-1	-1	-1	-1	-1	-1	-1	-1	-1	-1	-1	-1	-1	-1	-1	-1	-1
11403	51	0	1948	1491	1935	-1	-1	-1	-1	-1	-1	-1	-1	-1	-1	-1	-1	-1	-1	-1	-1	-1
11404	51	0	1948	1491	1935	63	75	-1	-1	-1	-1	-1	-1	-1	-1	-1	-1	-1	-1	-1	-1	-1
11405	51	0	1948	63	75	1491	1935	-1	-1	-1	-1	-1	-1	-1	-1	-1	-1	-1	-1	-1	-1	-1
11406	51	0	1948	63	75	1491	1935	-1	-1	-1	-1	-1	-1	-1	-1	-1	-1	-1	-1	-1	-1	-1
11407	51	0	1948	63	75	1491	1935	-1	-1	-1	-1	-1	-1	-1	-1	-1	-1	-1	-1	-1	-1	-1
11408	51	0	1948	63	75	1491	1935	-1	-1	-1	-1	-1	-1	-1	-1	-1	-1	-1	-1	-1	-1	-1
11409	51	0	1948	63	75	1491	1935	-1	-1	-1	-1	-1	-1	-1	-1	-1	-1	-1	-1	-1	-1	-1
11410	51	0	1948	63	75	1491	1935	-1	-1	-1	-1	-1	-1	-1	-1	-1	-1	-1	-1	-1	-1	-1
11411	204	1	1948	-1	-1	-1	-1	-1	-1	-1	-1	-1	-1	-1	-1	-1	-1	-1	-1	-1	-1	-1
11412	204	1	1948	20	63	-1	-1	-1	-1	-1	-1	-1	-1	-1	-1	-1	-1	-1	-1	-1	-1	-1
11413	204	1	63	1948	75	-1	-1	-1	-1	-1	-1	-1	-1	-1	-1	-1	-1	-1	-1	-1	-1	-1
11414	204	1	63	75	1948	-1	-1	-1	-1	-1	-1	-1	-1	-1	-1	-1	-1	-1	-1	-1	-1	-1
11415	204	1	75	1948	63	-1	-1	-1	-1	-1	-1	-1	-1	-1	-1	-1	-1	-1	-1	-1	-1	-1
11416	204	1	75	1948	63	-1	-1	-1	-1	-1	-1	-1	-1	-1	-1	-1	-1	-1	-1	-1	-1	-1
11417	88	0	1925	1927	9089	1493	-1	-1	-1	-1	-1	-1	-1	-1	-1	-1	-1	-1	-1	-1	-1	-1
11418	88	0	1925	1927	9089	1493	-1	-1	-1	-1	-1	-1	-1	-1	-1	-1	-1	-1	-1	-1	-1	-1
11419	88	0	1925	1927	9077	9089	1493	-1	-1	-1	-1	-1	-1	-1	-1	-1	-1	-1	-1	-1	-1	-1
11420	88	0	1925	1927	9077	1493	-1	-1	-1	-1	-1	-1	-1	-1	-1	-1	-1	-1	-1	-1	-1	-1
11421	88	0	1925	1927	9065	9077	1493	-1	-1	-1	-1	-1	-1	-1	-1	-1	-1	-1	-1	-1	-1	-1
11422	88	0	1925	1927	9065	9077	1493	-1	-1	-1	-1	-1	-1	-1	-1	-1	-1	-1	-1	-1	-1	-1
11423	88	0	1925	1927	1493	-1	-1	-1	-1	-1	-1	-1	-1	-1	-1	-1	-1	-1	-1	-1	-1	-1
11424	88	0	1925	1927	9089	1493	-1	-1	-1	-1	-1	-1	-1	-1	-1	-1	-1	-1	-1	-1	-1	-1
11425	88	0	1925	1927	9065	9077	1493	-1	-1	-1	-1	-1	-1	-1	-1	-1	-1	-1	-1	-1	-1	-1
11426	88	0	1925	1927	9065	9077	1493	-1	-1	-1	-1	-1	-1	-1	-1	-1	-1	-1	-1	-1	-1	-1
11427	88	0	1925	1927	9065	9077	1493	-1	-1	-1	-1	-1	-1	-1	-1	-1	-1	-1	-1	-1	-1	-1
11428	88	0	1925	1927	9065	9077	1493	-1	-1	-1	-1	-1	-1	-1	-1	-1	-1	-1	-1	-1	-1	-1
11429	354	1	1927	1925	-1	-1	-1	-1	-1	-1	-1	-1	-1	-1	-1	-1	-1	-1	-1	-1	-1	-1
11430	354	1	1927	9077	9089	1925	-1	-1	-1	-1	-1	-1	-1	-1	-1	-1	-1	-1	-1	-1	-1	-1
11431	354	1	1927	9065	9077	1925	-1	-1	-1	-1	-1	-1	-1	-1	-1	-1	-1	-1	-1	-1	-1	-1
11432	354	1	1927	9010	9089	1925	-1	-1	-1	-1	-1	-1	-1	-1	-1	-1	-1	-1	-1	-1	-1	-1
11433	354	1	1927	9065	9077	1925	-1	-1	-1	-1	-1	-1	-1	-1	-1	-1	-1	-1	-1	-1	-1	-1
11434	354	1	1927	9065	9077	1925	-1	-1	-1	-1	-1	-1	-1	-1	-1	-1	-1	-1	-1	-1	-1	-1
11435	88	0	1925	1927	9089	1493	10846	-1	-1	-1	-1	-1	-1	-1	-1	-1	-1	-1	-1	-1	-1	-1
11436	88	0	1925	1927	1493	-1	-1	-1	-1	-1	-1	-1	-1	-1	-1	-1	-1	-1	-1	-1	-1	-1
11437	88	0	1925	1927	9077	9089	1493	10846	-1	-1	-1	-1	-1	-1	-1	-1	-1	-1	-1	-1	-1	-1
11438	88	0	1925	1927	9077	9089	1493	10846	-1	-1	-1	-1	-1	-1	-1	-1	-1	-1	-1	-1	-1	-1
11439	88	0	1925	1927	9065	9077	1493	10846	-1	-1	-1	-1	-1	-1	-1	-1	-1	-1	-1	-1	-1	-1
11440	88	0	10660	1925	1927	9065	9077	1092	11192	1493	1512	10846	2000	-1	-1	-1	-1	-1	-1	-1	-1	-1
11441	88	0	1925	1927	1493	10846	-1	-1	-1	-1	-1	-1	-1	-1	-1	-1	-1	-1	-1	-1	-1	-1
11442	88	0	1925	1927	1493	10846	-1	-1	-1	-1	-1	-1	-1	-1	-1	-1	-1	-1	-1	-1	-1	-1
11443	88	0	1925	1927	9065	9077	1493	10846	-1	-1	-1	-1	-1	-1	-1	-1	-1	-1	-1	-1	-1	-1
11444	88	0	1925	1927	9065	9077	1493	10846	-1	-1	-1	-1	-1	-1	-1	-1	-1	-1	-1	-1	-1	-1
11445	88	0	1925	1927	1493	10846	-1	-1	-1	-1	-1	-1	-1	-1	-1	-1	-1	-1	-1	-1	-1	-1
11446	88	0	1925	1927	9065	9077	1493	10846	-1	-1	-1	-1	-1	-1	-1	-1	-1	-1	-1	-1	-1	-1
11447	354	1	1925	-1	-1	-1	-1	-1	-1	-1	-1	-1	-1	-1	-1	-1	-1	-1	-1	-1	-1	-1
11448	354	1	1927	9077	1925	-1	-1	-1	-1	-1	-1	-1	-1	-1	-1	-1	-1	-1	-1	-1	-1	-1
11449	354	1	1927	9065	9077	1925	-1	-1	-1	-1	-1	-1	-1	-1	-1	-1	-1	-1	-1	-1	-1	-1
11450	354	1	1927	1925	-1	-1	-1	-1	-1	-1	-1	-1	-1	-1	-1	-1	-1	-1	-1	-1	-1	-1
11451	354	1	1927	9065	9077	1925	-1	-1	-1	-1	-1	-1	-1	-1	-1	-1	-1	-1	-1	-1	-1	-1
11452	354	1	1927	9065	9077	1925	-1	-1	-1	-1	-1	-1	-1	-1	-1	-1	-1	-1	-1	-1	-1	-1
11454	88	0	1925	1927	1493	-1	-1	-1	-1	-1	-1	-1	-1	-1	-1	-1	-1	-1	-1	-1	-1	-1
11455	88	0	1925	1927	9089	1493	-1	-1	-1	-1	-1	-1	-1	-1	-1	-1	-1	-1	-1	-1	-1	-1
11456	88	0	1925	1927	9065	9077	1493	-1	-1	-1	-1	-1	-1	-1	-1	-1	-1	-1	-1	-1	-1	-1
11457	88	0	1925	1927	9066	9078	1493	-1	-1	-1	-1	-1	-1	-1	-1	-1	-1	-1	-1	-1	-1	-1
11458	88	0	1925	1927	9065	9077	1493	-1	-1	-1	-1	-1	-1	-1	-1	-1	-1	-1	-1	-1	-1	-1
11459	88	0	1925	1927	9065	9077	1493	-1	-1	-1	-1	-1	-1	-1	-1	-1	-1	-1	-1	-1	-1	-1
11460	88	0	1925	1927	9065	9077	1493	-1	-1	-1	-1	-1	-1	-1	-1	-1	-1	-1	-1	-1	-1	-1
11461	88	0	1925	1927	9065	9077	1493	-1	-1	-1	-1	-1	-1	-1	-1	-1	-1	-1	-1	-1	-1	-1
11462	354	1	1927	9089	1925	-1	-1	-1	-1	-1	-1	-1	-1	-1	-1	-1	-1	-1	-1	-1	-1	-1
11463	354	1	1927	9066	9078	1925	-1	-1	-1	-1	-1	-1	-1	-1	-1	-1	-1	-1	-1	-1	-1	-1
11464	354	1	1927	9065	9077	1925	-1	-1	-1	-1	-1	-1	-1	-1	-1	-1	-1	-1	-1	-1	-1	-1
11465	354	1	1927	9065	9077	1925	-1	-1	-1	-1	-1	-1	-1	-1	-1	-1	-1	-1	-1	-1	-1	-1
11466	88	0	1925	1927	9089	1493	-1	-1	-1	-1	-1	-1	-1	-1	-1	-1	-1	-1	-1	-1	-1	-1
11467	88	0	1925	1927	9089	1493	-1	-1	-1	-1	-1	-1	-1	-1	-1	-1	-1	-1	-1	-1	-1	-1
11468	88	0	1925	9065	9077	1493	-1	-1	-1	-1	-1	-1	-1	-1	-1	-1	-1	-1	-1	-1	-1	-1
11469	88	0	1925	1927	9066	9078	1493	-1	-1	-1	-1	-1	-1	-1	-1	-1	-1	-1	-1	-1	-1	-1
11470	88	0	1925	1927	9065	9077	10846	-1	-1	-1	-1	-1	-1	-1	-1	-1	-1	-1	-1	-1	-1	-1
11471	88	0	1927	9065	9077	1493	10846	-1	-1	-1	-1	-1	-1	-1	-1	-1	-1	-1	-1	-1	-1	-1
11472	88	0	1925	1927	9065	9077	1493	10846	-1	-1	-1	-1	-1	-1	-1	-1	-1	-1	-1	-1	-1	-1
11473	88	0	1925	1927	9065	9077	1493	10846	-1	-1	-1	-1	-1	-1	-1	-1	-1	-1	-1	-1	-1	-1
11474	88	0	1925	1927	9065	9077	1493	-1	-1	-1	-1	-1	-1	-1	-1	-1	-1	-1	-1	-1	-1	-1
11475	88	0	1925	1927	9066	9078	1493	-1	-1	-1	-1	-1	-1	-1	-1	-1	-1	-1	-1	-1	-1	-1
11476	354	1	1927	9066	9078	1925	-1	-1	-1	-1	-1	-1	-1	-1	-1	-1	-1	-1	-1	-1	-1	-1
11477	88	0	1925	1927	9065	9077	1493	10846	-1	-1	-1	-1	-1	-1	-1	-1	-1	-1	-1	-1	-1	-1
11478	88	0	1925	1927	9066	9078	1493	10846	-1	-1	-1	-1	-1	-1	-1	-1	-1	-1	-1	-1	-1	-1
11480	100	1	18611	18612	18613	18614	18615	18616	18664	-1	-1	-1	-1	-1	-1	-1	-1	-1	-1	-1	-1	-1
11481	100	1	18611	18612	18613	18614	18615	18616	18664	-1	-1	-1	-1	-1	-1	-1	-1	-1	-1	-1	-1	-1
11482	100	1	18611	18612	18613	18614	18615	18616	18664	-1	-1	-1	-1	-1	-1	-1	-1	-1	-1	-1	-1	-1
11483	100	1	18611	18612	18613	18614	18615	18616	18664	-1	-1	-1	-1	-1	-1	-1	-1	-1	-1	-1	-1	-1
11484	100	1	18611	18612	18613	18614	18615	18616	18664	-1	-1	-1	-1	-1	-1	-1	-1	-1	-1	-1	-1	-1
11485	100	1	18611	18612	18613	18614	18615	18616	18664	-1	-1	-1	-1	-1	-1	-1	-1	-1	-1	-1	-1	-1
11486	100	1	18611	18612	18613	18614	18615	18616	18664	-1	-1	-1	-1	-1	-1	-1	-1	-1	-1	-1	-1	-1
11487	100	1	18611	18612	18613	18614	18615	18616	18664	-1	-1	-1	-1	-1	-1	-1	-1	-1	-1	-1	-1	-1
11488	100	1	18611	18612	18613	18614	18615	18616	18664	-1	-1	-1	-1	-1	-1	-1	-1	-1	-1	-1	-1	-1
11489	100	1	18611	18612	18613	18614	18615	18616	18664	-1	-1	-1	-1	-1	-1	-1	-1	-1	-1	-1	-1	-1
11490	100	1	18611	18612	18613	18614	18615	18616	18664	-1	-1	-1	-1	-1	-1	-1	-1	-1	-1	-1	-1	-1
11491	100	1	18611	18612	18613	18614	18615	18616	18664	-1	-1	-1	-1	-1	-1	-1	-1	-1	-1	-1	-1	-1
11492	100	1	18611	18612	18613	18614	18615	18616	18664	-1	-1	-1	-1	-1	-1	-1	-1	-1	-1	-1	-1	-1
11493	100	1	18611	18612	18613	18614	18615	18616	18664	-1	-1	-1	-1	-1	-1	-1	-1	-1	-1	-1	-1	-1
11494	100	1	18611	18612	18613	18614	18615	18616	18664	-1	-1	-1	-1	-1	-1	-1	-1	-1	-1	-1	-1	-1
11495	100	1	18611	18612	18613	18614	18615	18616	18664	-1	-1	-1	-1	-1	-1	-1	-1	-1	-1	-1	-1	-1
11496	100	1	18611	18612	18613	18614	18615	18616	18664	-1	-1	-1	-1	-1	-1	-1	-1	-1	-1	-1	-1	-1
11497	100	1	18611	18612	18613	18614	18615	18616	18664	-1	-1	-1	-1	-1	-1	-1	-1	-1	-1	-1	-1	-1
11498	100	1	18611	18612	18613	18614	18615	18616	18664	-1	-1	-1	-1	-1	-1	-1	-1	-1	-1	-1	-1	-1
11499	100	1	18611	18612	18613	18614	18615	18616	18664	-1	-1	-1	-1	-1	-1	-1	-1	-1	-1	-1	-1	-1
11500	100	1	18611	18612	18613	18614	18615	18616	18664	-1	-1	-1	-1	-1	-1	-1	-1	-1	-1	-1	-1	-1
11501	100	1	18611	18612	18613	18614	18615	18616	18664	-1	-1	-1	-1	-1	-1	-1	-1	-1	-1	-1	-1	-1
11502	100	1	18611	18612	18613	18614	18615	18616	18664	-1	-1	-1	-1	-1	-1	-1	-1	-1	-1	-1	-1	-1
11503	100	1	18611	18612	18613	18614	18615	18616	18664	-1	-1	-1	-1	-1	-1	-1	-1	-1	-1	-1	-1	-1
11512	100	1	18611	18612	18613	18614	18615	18616	18664	-1	-1	-1	-1	-1	-1	-1	-1	-1	-1	-1	-1	-1
11513	100	1	18611	18612	18613	18614	18615	18616	18664	-1	-1	-1	-1	-1	-1	-1	-1	-1	-1	-1	-1	-1
11514	100	1	18611	18612	18613	18614	18615	18616	18664	-1	-1	-1	-1	-1	-1	-1	-1	-1	-1	-1	-1	-1
11515	100	1	18611	18612	18613	18614	18615	18616	18664	-1	-1	-1	-1	-1	-1	-1	-1	-1	-1	-1	-1	-1
11516	100	1	18611	18612	18613	18614	18615	18616	18664	-1	-1	-1	-1	-1	-1	-1	-1	-1	-1	-1	-1	-1
11517	100	1	18611	18612	18613	18614	18615	18616	18664	-1	-1	-1	-1	-1	-1	-1	-1	-1	-1	-1	-1	-1
12000	4	1	18135	-1	-1	-1	-1	-1	-1	-1	-1	-1	-1	-1	-1	-1	-1	-1	-1	-1	-1	-1
12001	5	1	18136	-1	-1	-1	-1	-1	-1	-1	-1	-1	-1	-1	-1	-1	-1	-1	-1	-1	-1	-1
12002	6	1	18137	-1	-1	-1	-1	-1	-1	-1	-1	-1	-1	-1	-1	-1	-1	-1	-1	-1	-1	-1
12003	8	1	18138	-1	-1	-1	-1	-1	-1	-1	-1	-1	-1	-1	-1	-1	-1	-1	-1	-1	-1	-1
12004	10	1	18139	-1	-1	-1	-1	-1	-1	-1	-1	-1	-1	-1	-1	-1	-1	-1	-1	-1	-1	-1
12005	16	1	18140	-1	-1	-1	-1	-1	-1	-1	-1	-1	-1	-1	-1	-1	-1	-1	-1	-1	-1	-1
12006	26	1	18141	-1	-1	-1	-1	-1	-1	-1	-1	-1	-1	-1	-1	-1	-1	-1	-1	-1	-1	-1
12007	41	1	18142	-1	-1	-1	-1	-1	-1	-1	-1	-1	-1	-1	-1	-1	-1	-1	-1	-1	-1	-1
12008	61	1	18143	-1	-1	-1	-1	-1	-1	-1	-1	-1	-1	-1	-1	-1	-1	-1	-1	-1	-1	-1
12009	88	1	18144	-1	-1	-1	-1	-1	-1	-1	-1	-1	-1	-1	-1	-1	-1	-1	-1	-1	-1	-1
12010	4	1	18145	-1	-1	-1	-1	-1	-1	-1	-1	-1	-1	-1	-1	-1	-1	-1	-1	-1	-1	-1
12011	5	1	18146	-1	-1	-1	-1	-1	-1	-1	-1	-1	-1	-1	-1	-1	-1	-1	-1	-1	-1	-1
12012	6	1	18147	-1	-1	-1	-1	-1	-1	-1	-1	-1	-1	-1	-1	-1	-1	-1	-1	-1	-1	-1
12013	8	1	18148	-1	-1	-1	-1	-1	-1	-1	-1	-1	-1	-1	-1	-1	-1	-1	-1	-1	-1	-1
12014	10	1	18149	-1	-1	-1	-1	-1	-1	-1	-1	-1	-1	-1	-1	-1	-1	-1	-1	-1	-1	-1
12015	16	1	18150	-1	-1	-1	-1	-1	-1	-1	-1	-1	-1	-1	-1	-1	-1	-1	-1	-1	-1	-1
12016	26	1	18151	-1	-1	-1	-1	-1	-1	-1	-1	-1	-1	-1	-1	-1	-1	-1	-1	-1	-1	-1
12017	41	1	18152	-1	-1	-1	-1	-1	-1	-1	-1	-1	-1	-1	-1	-1	-1	-1	-1	-1	-1	-1
12018	61	1	18153	-1	-1	-1	-1	-1	-1	-1	-1	-1	-1	-1	-1	-1	-1	-1	-1	-1	-1	-1
12019	88	1	18154	-1	-1	-1	-1	-1	-1	-1	-1	-1	-1	-1	-1	-1	-1	-1	-1	-1	-1	-1
12020	4	0	18155	-1	-1	-1	-1	-1	-1	-1	-1	-1	-1	-1	-1	-1	-1	-1	-1	-1	-1	-1
12021	5	0	18156	-1	-1	-1	-1	-1	-1	-1	-1	-1	-1	-1	-1	-1	-1	-1	-1	-1	-1	-1
12022	6	0	18157	-1	-1	-1	-1	-1	-1	-1	-1	-1	-1	-1	-1	-1	-1	-1	-1	-1	-1	-1
12023	8	0	18158	-1	-1	-1	-1	-1	-1	-1	-1	-1	-1	-1	-1	-1	-1	-1	-1	-1	-1	-1
12024	10	0	18159	-1	-1	-1	-1	-1	-1	-1	-1	-1	-1	-1	-1	-1	-1	-1	-1	-1	-1	-1
12025	16	0	18160	-1	-1	-1	-1	-1	-1	-1	-1	-1	-1	-1	-1	-1	-1	-1	-1	-1	-1	-1
12026	26	0	18161	-1	-1	-1	-1	-1	-1	-1	-1	-1	-1	-1	-1	-1	-1	-1	-1	-1	-1	-1
12027	41	0	18162	-1	-1	-1	-1	-1	-1	-1	-1	-1	-1	-1	-1	-1	-1	-1	-1	-1	-1	-1
12028	61	0	18163	-1	-1	-1	-1	-1	-1	-1	-1	-1	-1	-1	-1	-1	-1	-1	-1	-1	-1	-1
12029	88	0	18164	-1	-1	-1	-1	-1	-1	-1	-1	-1	-1	-1	-1	-1	-1	-1	-1	-1	-1	-1
12030	4	1	18165	-1	-1	-1	-1	-1	-1	-1	-1	-1	-1	-1	-1	-1	-1	-1	-1	-1	-1	-1
12031	5	1	18166	-1	-1	-1	-1	-1	-1	-1	-1	-1	-1	-1	-1	-1	-1	-1	-1	-1	-1	-1
12032	6	1	18167	-1	-1	-1	-1	-1	-1	-1	-1	-1	-1	-1	-1	-1	-1	-1	-1	-1	-1	-1
12033	8	1	18168	-1	-1	-1	-1	-1	-1	-1	-1	-1	-1	-1	-1	-1	-1	-1	-1	-1	-1	-1
12034	10	1	18169	-1	-1	-1	-1	-1	-1	-1	-1	-1	-1	-1	-1	-1	-1	-1	-1	-1	-1	-1
12035	16	1	18170	-1	-1	-1	-1	-1	-1	-1	-1	-1	-1	-1	-1	-1	-1	-1	-1	-1	-1	-1
12036	26	1	18171	-1	-1	-1	-1	-1	-1	-1	-1	-1	-1	-1	-1	-1	-1	-1	-1	-1	-1	-1
12037	41	1	18172	-1	-1	-1	-1	-1	-1	-1	-1	-1	-1	-1	-1	-1	-1	-1	-1	-1	-1	-1
12038	61	1	18173	-1	-1	-1	-1	-1	-1	-1	-1	-1	-1	-1	-1	-1	-1	-1	-1	-1	-1	-1
12039	88	1	18174	-1	-1	-1	-1	-1	-1	-1	-1	-1	-1	-1	-1	-1	-1	-1	-1	-1	-1	-1
12040	10	1	18175	18176	18177	-1	-1	-1	-1	-1	-1	-1	-1	-1	-1	-1	-1	-1	-1	-1	-1	-1
12041	10	1	18178	18179	18180	-1	-1	-1	-1	-1	-1	-1	-1	-1	-1	-1	-1	-1	-1	-1	-1	-1
12042	10	1	18181	18182	18183	-1	-1	-1	-1	-1	-1	-1	-1	-1	-1	-1	-1	-1	-1	-1	-1	-1
12043	10	1	18184	18185	18186	-1	-1	-1	-1	-1	-1	-1	-1	-1	-1	-1	-1	-1	-1	-1	-1	-1
12044	10	1	18187	18188	18189	-1	-1	-1	-1	-1	-1	-1	-1	-1	-1	-1	-1	-1	-1	-1	-1	-1
12045	10	1	18196	18197	18198	-1	-1	-1	-1	-1	-1	-1	-1	-1	-1	-1	-1	-1	-1	-1	-1	-1
12046	10	1	18190	18191	18192	-1	-1	-1	-1	-1	-1	-1	-1	-1	-1	-1	-1	-1	-1	-1	-1	-1
12047	10	1	18193	18194	18195	-1	-1	-1	-1	-1	-1	-1	-1	-1	-1	-1	-1	-1	-1	-1	-1	-1
12048	10	1	18199	18200	18201	-1	-1	-1	-1	-1	-1	-1	-1	-1	-1	-1	-1	-1	-1	-1	-1	-1
12049	10	1	18202	18203	18204	-1	-1	-1	-1	-1	-1	-1	-1	-1	-1	-1	-1	-1	-1	-1	-1	-1
12050	4	1	18205	-1	-1	-1	-1	-1	-1	-1	-1	-1	-1	-1	-1	-1	-1	-1	-1	-1	-1	-1
12051	5	1	18206	-1	-1	-1	-1	-1	-1	-1	-1	-1	-1	-1	-1	-1	-1	-1	-1	-1	-1	-1
12052	6	1	18207	-1	-1	-1	-1	-1	-1	-1	-1	-1	-1	-1	-1	-1	-1	-1	-1	-1	-1	-1
12053	8	1	18208	-1	-1	-1	-1	-1	-1	-1	-1	-1	-1	-1	-1	-1	-1	-1	-1	-1	-1	-1
12054	10	1	18209	-1	-1	-1	-1	-1	-1	-1	-1	-1	-1	-1	-1	-1	-1	-1	-1	-1	-1	-1
12055	16	1	18210	-1	-1	-1	-1	-1	-1	-1	-1	-1	-1	-1	-1	-1	-1	-1	-1	-1	-1	-1
12056	26	1	18211	-1	-1	-1	-1	-1	-1	-1	-1	-1	-1	-1	-1	-1	-1	-1	-1	-1	-1	-1
12057	41	1	18212	-1	-1	-1	-1	-1	-1	-1	-1	-1	-1	-1	-1	-1	-1	-1	-1	-1	-1	-1
12058	61	1	18213	-1	-1	-1	-1	-1	-1	-1	-1	-1	-1	-1	-1	-1	-1	-1	-1	-1	-1	-1
12059	88	1	18214	-1	-1	-1	-1	-1	-1	-1	-1	-1	-1	-1	-1	-1	-1	-1	-1	-1	-1	-1
12060	4	1	18215	-1	-1	-1	-1	-1	-1	-1	-1	-1	-1	-1	-1	-1	-1	-1	-1	-1	-1	-1
12061	5	1	18216	-1	-1	-1	-1	-1	-1	-1	-1	-1	-1	-1	-1	-1	-1	-1	-1	-1	-1	-1
12062	6	1	18217	-1	-1	-1	-1	-1	-1	-1	-1	-1	-1	-1	-1	-1	-1	-1	-1	-1	-1	-1
12063	8	1	18218	-1	-1	-1	-1	-1	-1	-1	-1	-1	-1	-1	-1	-1	-1	-1	-1	-1	-1	-1
12064	10	1	18219	-1	-1	-1	-1	-1	-1	-1	-1	-1	-1	-1	-1	-1	-1	-1	-1	-1	-1	-1
12065	16	1	18220	-1	-1	-1	-1	-1	-1	-1	-1	-1	-1	-1	-1	-1	-1	-1	-1	-1	-1	-1
12066	26	1	18221	-1	-1	-1	-1	-1	-1	-1	-1	-1	-1	-1	-1	-1	-1	-1	-1	-1	-1	-1
12067	41	1	18222	-1	-1	-1	-1	-1	-1	-1	-1	-1	-1	-1	-1	-1	-1	-1	-1	-1	-1	-1
12068	61	1	18223	-1	-1	-1	-1	-1	-1	-1	-1	-1	-1	-1	-1	-1	-1	-1	-1	-1	-1	-1
12069	88	1	18224	-1	-1	-1	-1	-1	-1	-1	-1	-1	-1	-1	-1	-1	-1	-1	-1	-1	-1	-1
12070	4	1	629	22	65	629	-1	-1	-1	-1	-1	-1	-1	-1	-1	-1	-1	-1	-1	-1	-1	-1
12071	5	1	22	65	629	-1	-1	-1	-1	-1	-1	-1	-1	-1	-1	-1	-1	-1	-1	-1	-1	-1
12072	6	1	22	65	629	-1	-1	-1	-1	-1	-1	-1	-1	-1	-1	-1	-1	-1	-1	-1	-1	-1
12073	8	1	22	65	629	-1	-1	-1	-1	-1	-1	-1	-1	-1	-1	-1	-1	-1	-1	-1	-1	-1
12074	10	1	22	65	629	-1	-1	-1	-1	-1	-1	-1	-1	-1	-1	-1	-1	-1	-1	-1	-1	-1
12075	16	1	22	65	629	-1	-1	-1	-1	-1	-1	-1	-1	-1	-1	-1	-1	-1	-1	-1	-1	-1
12076	26	1	22	65	629	-1	-1	-1	-1	-1	-1	-1	-1	-1	-1	-1	-1	-1	-1	-1	-1	-1
12077	41	1	22	65	629	-1	-1	-1	-1	-1	-1	-1	-1	-1	-1	-1	-1	-1	-1	-1	-1	-1
12078	61	1	22	65	629	-1	-1	-1	-1	-1	-1	-1	-1	-1	-1	-1	-1	-1	-1	-1	-1	-1
12079	88	1	22	65	629	-1	-1	-1	-1	-1	-1	-1	-1	-1	-1	-1	-1	-1	-1	-1	-1	-1
12080	4	1	22	65	629	-1	-1	-1	-1	-1	-1	-1	-1	-1	-1	-1	-1	-1	-1	-1	-1	-1
12081	5	1	22	65	629	-1	-1	-1	-1	-1	-1	-1	-1	-1	-1	-1	-1	-1	-1	-1	-1	-1
12082	6	1	22	65	629	-1	-1	-1	-1	-1	-1	-1	-1	-1	-1	-1	-1	-1	-1	-1	-1	-1
12083	8	1	22	65	629	-1	-1	-1	-1	-1	-1	-1	-1	-1	-1	-1	-1	-1	-1	-1	-1	-1
12084	10	1	22	65	629	-1	-1	-1	-1	-1	-1	-1	-1	-1	-1	-1	-1	-1	-1	-1	-1	-1
12085	16	1	22	65	629	-1	-1	-1	-1	-1	-1	-1	-1	-1	-1	-1	-1	-1	-1	-1	-1	-1
12086	26	1	22	65	629	-1	-1	-1	-1	-1	-1	-1	-1	-1	-1	-1	-1	-1	-1	-1	-1	-1
12087	41	1	22	65	629	-1	-1	-1	-1	-1	-1	-1	-1	-1	-1	-1	-1	-1	-1	-1	-1	-1
12088	61	1	22	65	629	-1	-1	-1	-1	-1	-1	-1	-1	-1	-1	-1	-1	-1	-1	-1	-1	-1
12089	88	1	22	65	629	-1	-1	-1	-1	-1	-1	-1	-1	-1	-1	-1	-1	-1	-1	-1	-1	-1
12090	10	1	18225	18226	18227	-1	-1	-1	-1	-1	-1	-1	-1	-1	-1	-1	-1	-1	-1	-1	-1	-1
12091	10	1	18228	18229	18230	-1	-1	-1	-1	-1	-1	-1	-1	-1	-1	-1	-1	-1	-1	-1	-1	-1
12092	10	1	18231	18232	18233	-1	-1	-1	-1	-1	-1	-1	-1	-1	-1	-1	-1	-1	-1	-1	-1	-1
12093	10	1	18234	18235	18236	-1	-1	-1	-1	-1	-1	-1	-1	-1	-1	-1	-1	-1	-1	-1	-1	-1
12094	10	1	18237	18238	18239	-1	-1	-1	-1	-1	-1	-1	-1	-1	-1	-1	-1	-1	-1	-1	-1	-1
12095	10	1	18240	18241	18242	-1	-1	-1	-1	-1	-1	-1	-1	-1	-1	-1	-1	-1	-1	-1	-1	-1
12096	10	1	18243	18244	18245	-1	-1	-1	-1	-1	-1	-1	-1	-1	-1	-1	-1	-1	-1	-1	-1	-1
12097	10	1	18246	18247	18248	-1	-1	-1	-1	-1	-1	-1	-1	-1	-1	-1	-1	-1	-1	-1	-1	-1
12098	10	1	18249	18250	18251	-1	-1	-1	-1	-1	-1	-1	-1	-1	-1	-1	-1	-1	-1	-1	-1	-1
12099	10	1	18252	18253	18254	-1	-1	-1	-1	-1	-1	-1	-1	-1	-1	-1	-1	-1	-1	-1	-1	-1
12100	51	0	628	63	75	1491	-1	-1	-1	-1	-1	-1	-1	-1	-1	-1	-1	-1	-1	-1	-1	-1
12101	51	0	628	63	75	1491	-1	-1	-1	-1	-1	-1	-1	-1	-1	-1	-1	-1	-1	-1	-1	-1
12102	26	1	18255	-1	-1	-1	-1	-1	-1	-1	-1	-1	-1	-1	-1	-1	-1	-1	-1	-1	-1	-1
12103	41	1	18256	-1	-1	-1	-1	-1	-1	-1	-1	-1	-1	-1	-1	-1	-1	-1	-1	-1	-1	-1
12104	61	1	18257	-1	-1	-1	-1	-1	-1	-1	-1	-1	-1	-1	-1	-1	-1	-1	-1	-1	-1	-1
12105	88	1	18258	-1	-1	-1	-1	-1	-1	-1	-1	-1	-1	-1	-1	-1	-1	-1	-1	-1	-1	-1
12106	108	1	18259	-1	-1	-1	-1	-1	-1	-1	-1	-1	-1	-1	-1	-1	-1	-1	-1	-1	-1	-1
12107	108	1	18260	-1	-1	-1	-1	-1	-1	-1	-1	-1	-1	-1	-1	-1	-1	-1	-1	-1	-1	-1
12108	108	0	-1	-1	-1	-1	-1	-1	-1	-1	-1	-1	-1	-1	-1	-1	-1	-1	-1	-1	-1	-1
12109	108	0	669	629	10025	23	66	15056	-1	-1	-1	-1	-1	-1	-1	-1	-1	-1	-1	-1	-1	-1
12110	108	0	669	629	10025	23	66	15057	-1	-1	-1	-1	-1	-1	-1	-1	-1	-1	-1	-1	-1	-1
12111	26	1	18262	-1	-1	-1	-1	-1	-1	-1	-1	-1	-1	-1	-1	-1	-1	-1	-1	-1	-1	-1
12112	41	1	18263	-1	-1	-1	-1	-1	-1	-1	-1	-1	-1	-1	-1	-1	-1	-1	-1	-1	-1	-1
12113	61	1	18264	-1	-1	-1	-1	-1	-1	-1	-1	-1	-1	-1	-1	-1	-1	-1	-1	-1	-1	-1
12114	88	1	18265	-1	-1	-1	-1	-1	-1	-1	-1	-1	-1	-1	-1	-1	-1	-1	-1	-1	-1	-1
12115	108	1	18266	-1	-1	-1	-1	-1	-1	-1	-1	-1	-1	-1	-1	-1	-1	-1	-1	-1	-1	-1
12116	108	1	18267	-1	-1	-1	-1	-1	-1	-1	-1	-1	-1	-1	-1	-1	-1	-1	-1	-1	-1	-1
12117	108	0	-1	-1	-1	-1	-1	-1	-1	-1	-1	-1	-1	-1	-1	-1	-1	-1	-1	-1	-1	-1
12118	108	0	-1	-1	-1	-1	-1	-1	-1	-1	-1	-1	-1	-1	-1	-1	-1	-1	-1	-1	-1	-1
12119	108	0	-1	-1	-1	-1	-1	-1	-1	-1	-1	-1	-1	-1	-1	-1	-1	-1	-1	-1	-1	-1
12120	26	1	627	19	62	18268	-1	-1	-1	-1	-1	-1	-1	-1	-1	-1	-1	-1	-1	-1	-1	-1
12121	41	1	628	20	63	18269	-1	-1	-1	-1	-1	-1	-1	-1	-1	-1	-1	-1	-1	-1	-1	-1
12122	61	1	629	21	64	18270	-1	-1	-1	-1	-1	-1	-1	-1	-1	-1	-1	-1	-1	-1	-1	-1
12123	88	1	629	21	64	18271	-1	-1	-1	-1	-1	-1	-1	-1	-1	-1	-1	-1	-1	-1	-1	-1
12124	108	1	629	23	66	18272	-1	-1	-1	-1	-1	-1	-1	-1	-1	-1	-1	-1	-1	-1	-1	-1
12125	108	1	629	23	66	18273	-1	-1	-1	-1	-1	-1	-1	-1	-1	-1	-1	-1	-1	-1	-1	-1
12126	108	0	-1	-1	-1	-1	-1	-1	-1	-1	-1	-1	-1	-1	-1	-1	-1	-1	-1	-1	-1	-1
12127	108	0	-1	-1	-1	-1	-1	-1	-1	-1	-1	-1	-1	-1	-1	-1	-1	-1	-1	-1	-1	-1
12128	108	0	-1	-1	-1	-1	-1	-1	-1	-1	-1	-1	-1	-1	-1	-1	-1	-1	-1	-1	-1	-1
12129	26	1	627	19	62	18274	-1	-1	-1	-1	-1	-1	-1	-1	-1	-1	-1	-1	-1	-1	-1	-1
12130	41	1	628	20	63	18275	-1	-1	-1	-1	-1	-1	-1	-1	-1	-1	-1	-1	-1	-1	-1	-1
12131	61	1	629	21	64	18276	-1	-1	-1	-1	-1	-1	-1	-1	-1	-1	-1	-1	-1	-1	-1	-1
12132	88	1	629	22	65	18277	-1	-1	-1	-1	-1	-1	-1	-1	-1	-1	-1	-1	-1	-1	-1	-1
12133	108	1	629	23	66	18278	-1	-1	-1	-1	-1	-1	-1	-1	-1	-1	-1	-1	-1	-1	-1	-1
12134	108	1	629	23	66	18279	-1	-1	-1	-1	-1	-1	-1	-1	-1	-1	-1	-1	-1	-1	-1	-1
12135	108	0	-1	-1	-1	-1	-1	-1	-1	-1	-1	-1	-1	-1	-1	-1	-1	-1	-1	-1	-1	-1
12136	108	0	-1	-1	-1	-1	-1	-1	-1	-1	-1	-1	-1	-1	-1	-1	-1	-1	-1	-1	-1	-1
12137	108	0	-1	-1	-1	-1	-1	-1	-1	-1	-1	-1	-1	-1	-1	-1	-1	-1	-1	-1	-1	-1
12138	10	1	18280	18281	18282	18283	18250	18284	18285	18286	-1	-1	-1	-1	-1	-1	-1	-1	-1	-1	-1	-1
12139	10	1	18250	18280	18281	18282	18283	18284	18285	18286	-1	-1	-1	-1	-1	-1	-1	-1	-1	-1	-1	-1
12140	10	1	18280	18281	18282	18283	18284	18250	18285	18286	-1	-1	-1	-1	-1	-1	-1	-1	-1	-1	-1	-1
12141	10	1	18280	18281	18282	18283	18284	18250	18285	18286	-1	-1	-1	-1	-1	-1	-1	-1	-1	-1	-1	-1
12142	10	1	18280	18281	18282	18283	18284	18250	18285	18286	-1	-1	-1	-1	-1	-1	-1	-1	-1	-1	-1	-1
12143	10	1	18280	18281	18282	18283	18284	18250	18285	18286	-1	-1	-1	-1	-1	-1	-1	-1	-1	-1	-1	-1
12144	10	1	18280	18281	18282	18283	18284	18250	18285	18286	-1	-1	-1	-1	-1	-1	-1	-1	-1	-1	-1	-1
12145	10	1	18280	18281	18282	18283	18284	18250	18285	18286	-1	-1	-1	-1	-1	-1	-1	-1	-1	-1	-1	-1
12146	10	1	18280	18281	18282	18283	18284	18250	18285	18286	-1	-1	-1	-1	-1	-1	-1	-1	-1	-1	-1	-1
12200	100	0	-1	-1	-1	-1	-1	-1	-1	-1	-1	-1	-1	-1	-1	-1	-1	-1	-1	-1	-1	-1
12201	100	0	-1	-1	-1	-1	-1	-1	-1	-1	-1	-1	-1	-1	-1	-1	-1	-1	-1	-1	-1	-1
12202	100	0	-1	-1	-1	-1	-1	-1	-1	-1	-1	-1	-1	-1	-1	-1	-1	-1	-1	-1	-1	-1
12203	100	0	-1	-1	-1	-1	-1	-1	-1	-1	-1	-1	-1	-1	-1	-1	-1	-1	-1	-1	-1	-1
12204	100	0	-1	-1	-1	-1	-1	-1	-1	-1	-1	-1	-1	-1	-1	-1	-1	-1	-1	-1	-1	-1
12205	100	0	-1	-1	-1	-1	-1	-1	-1	-1	-1	-1	-1	-1	-1	-1	-1	-1	-1	-1	-1	-1
12206	100	0	-1	-1	-1	-1	-1	-1	-1	-1	-1	-1	-1	-1	-1	-1	-1	-1	-1	-1	-1	-1
12207	100	0	-1	-1	-1	-1	-1	-1	-1	-1	-1	-1	-1	-1	-1	-1	-1	-1	-1	-1	-1	-1
12208	100	0	-1	-1	-1	-1	-1	-1	-1	-1	-1	-1	-1	-1	-1	-1	-1	-1	-1	-1	-1	-1
12209	100	0	-1	-1	-1	-1	-1	-1	-1	-1	-1	-1	-1	-1	-1	-1	-1	-1	-1	-1	-1	-1
12210	100	0	-1	-1	-1	-1	-1	-1	-1	-1	-1	-1	-1	-1	-1	-1	-1	-1	-1	-1	-1	-1
12211	100	0	-1	-1	-1	-1	-1	-1	-1	-1	-1	-1	-1	-1	-1	-1	-1	-1	-1	-1	-1	-1
12212	100	0	-1	-1	-1	-1	-1	-1	-1	-1	-1	-1	-1	-1	-1	-1	-1	-1	-1	-1	-1	-1
12213	100	0	-1	-1	-1	-1	-1	-1	-1	-1	-1	-1	-1	-1	-1	-1	-1	-1	-1	-1	-1	-1
12214	100	0	-1	-1	-1	-1	-1	-1	-1	-1	-1	-1	-1	-1	-1	-1	-1	-1	-1	-1	-1	-1
12300	100	0	-1	-1	-1	-1	-1	-1	-1	-1	-1	-1	-1	-1	-1	-1	-1	-1	-1	-1	-1	-1
12301	100	0	-1	-1	-1	-1	-1	-1	-1	-1	-1	-1	-1	-1	-1	-1	-1	-1	-1	-1	-1	-1
12302	100	0	-1	-1	-1	-1	-1	-1	-1	-1	-1	-1	-1	-1	-1	-1	-1	-1	-1	-1	-1	-1
12303	100	0	-1	-1	-1	-1	-1	-1	-1	-1	-1	-1	-1	-1	-1	-1	-1	-1	-1	-1	-1	-1
12304	100	0	-1	-1	-1	-1	-1	-1	-1	-1	-1	-1	-1	-1	-1	-1	-1	-1	-1	-1	-1	-1
12305	100	0	-1	-1	-1	-1	-1	-1	-1	-1	-1	-1	-1	-1	-1	-1	-1	-1	-1	-1	-1	-1
12306	100	0	-1	-1	-1	-1	-1	-1	-1	-1	-1	-1	-1	-1	-1	-1	-1	-1	-1	-1	-1	-1
12307	100	0	-1	-1	-1	-1	-1	-1	-1	-1	-1	-1	-1	-1	-1	-1	-1	-1	-1	-1	-1	-1
12308	100	0	-1	-1	-1	-1	-1	-1	-1	-1	-1	-1	-1	-1	-1	-1	-1	-1	-1	-1	-1	-1
12309	100	0	-1	-1	-1	-1	-1	-1	-1	-1	-1	-1	-1	-1	-1	-1	-1	-1	-1	-1	-1	-1
12310	100	0	-1	-1	-1	-1	-1	-1	-1	-1	-1	-1	-1	-1	-1	-1	-1	-1	-1	-1	-1	-1
12311	100	0	-1	-1	-1	-1	-1	-1	-1	-1	-1	-1	-1	-1	-1	-1	-1	-1	-1	-1	-1	-1
12312	100	0	-1	-1	-1	-1	-1	-1	-1	-1	-1	-1	-1	-1	-1	-1	-1	-1	-1	-1	-1	-1
12313	100	0	-1	-1	-1	-1	-1	-1	-1	-1	-1	-1	-1	-1	-1	-1	-1	-1	-1	-1	-1	-1
12314	100	0	-1	-1	-1	-1	-1	-1	-1	-1	-1	-1	-1	-1	-1	-1	-1	-1	-1	-1	-1	-1
13000	26	0	627	19	62	11260	18462	-1	-1	-1	-1	-1	-1	-1	-1	-1	-1	-1	-1	-1	-1	-1
13001	26	0	628	20	63	11260	18462	-1	-1	-1	-1	-1	-1	-1	-1	-1	-1	-1	-1	-1	-1	-1
13002	41	0	628	20	63	11261	18463	-1	-1	-1	-1	-1	-1	-1	-1	-1	-1	-1	-1	-1	-1	-1
13003	41	0	629	21	64	11261	18464	-1	-1	-1	-1	-1	-1	-1	-1	-1	-1	-1	-1	-1	-1	-1
13004	41	0	629	21	64	11261	18465	-1	-1	-1	-1	-1	-1	-1	-1	-1	-1	-1	-1	-1	-1	-1
13005	88	0	629	22	65	11262	18466	-1	-1	-1	-1	-1	-1	-1	-1	-1	-1	-1	-1	-1	-1	-1
13006	88	0	629	22	65	11262	18467	-1	-1	-1	-1	-1	-1	-1	-1	-1	-1	-1	-1	-1	-1	-1
13007	88	0	629	23	66	11262	18468	-1	-1	-1	-1	-1	-1	-1	-1	-1	-1	-1	-1	-1	-1	-1
13008	88	0	629	23	11262	66	18469	-1	-1	-1	-1	-1	-1	-1	-1	-1	-1	-1	-1	-1	-1	-1
13009	88	0	629	23	66	11262	18470	-1	-1	-1	-1	-1	-1	-1	-1	-1	-1	-1	-1	-1	-1	-1
13020	26	1	627	19	62	11260	11266	18287	18471	-1	-1	-1	-1	-1	-1	-1	-1	-1	-1	-1	-1	-1
13021	26	1	628	20	63	11260	11266	18287	18472	-1	-1	-1	-1	-1	-1	-1	-1	-1	-1	-1	-1	-1
13022	41	1	628	20	63	11261	11267	18288	18473	-1	-1	-1	-1	-1	-1	-1	-1	-1	-1	-1	-1	-1
13023	41	1	629	21	64	11261	11267	18474	-1	-1	-1	-1	-1	-1	-1	-1	-1	-1	-1	-1	-1	-1
13024	41	1	629	21	64	11261	11267	18289	18475	-1	-1	-1	-1	-1	-1	-1	-1	-1	-1	-1	-1	-1
13025	88	1	629	22	65	11262	11268	18290	18476	-1	-1	-1	-1	-1	-1	-1	-1	-1	-1	-1	-1	-1
13026	88	1	629	22	65	11262	11268	18291	18477	-1	-1	-1	-1	-1	-1	-1	-1	-1	-1	-1	-1	-1
13027	88	1	629	23	66	11262	11268	18292	18478	-1	-1	-1	-1	-1	-1	-1	-1	-1	-1	-1	-1	-1
13028	88	1	629	23	66	11262	11268	18293	18479	-1	-1	-1	-1	-1	-1	-1	-1	-1	-1	-1	-1	-1
13029	88	1	629	23	66	11262	11268	18294	18480	-1	-1	-1	-1	-1	-1	-1	-1	-1	-1	-1	-1	-1
13040	26	1	627	31	19	62	11260	11266	18295	18481	-1	-1	-1	-1	-1	-1	-1	-1	-1	-1	-1	-1
13041	26	1	628	20	63	11260	11266	18296	18482	-1	-1	-1	-1	-1	-1	-1	-1	-1	-1	-1	-1	-1
13042	41	1	628	20	63	11261	11267	18297	18483	-1	-1	-1	-1	-1	-1	-1	-1	-1	-1	-1	-1	-1
13043	41	1	629	21	64	11261	11267	18298	18484	-1	-1	-1	-1	-1	-1	-1	-1	-1	-1	-1	-1	-1
13044	41	1	629	21	64	11261	11267	18299	18485	-1	-1	-1	-1	-1	-1	-1	-1	-1	-1	-1	-1	-1
13045	88	1	629	22	65	11262	11268	18300	18486	-1	-1	-1	-1	-1	-1	-1	-1	-1	-1	-1	-1	-1
13046	88	1	629	22	65	11262	11268	18301	18487	-1	-1	-1	-1	-1	-1	-1	-1	-1	-1	-1	-1	-1
13047	88	1	629	23	66	11262	11268	18302	18488	-1	-1	-1	-1	-1	-1	-1	-1	-1	-1	-1	-1	-1
13048	88	1	629	23	66	11262	11268	18303	18489	-1	-1	-1	-1	-1	-1	-1	-1	-1	-1	-1	-1	-1
13049	88	1	629	23	66	11262	11268	18304	18490	-1	-1	-1	-1	-1	-1	-1	-1	-1	-1	-1	-1	-1
13060	26	1	627	11263	11266	19	62	18305	18307	-1	-1	-1	-1	-1	-1	-1	-1	-1	-1	-1	-1	-1
13061	26	1	628	20	63	11263	11266	18306	18308	-1	-1	-1	-1	-1	-1	-1	-1	-1	-1	-1	-1	-1
13062	41	1	628	20	63	11264	11267	11298	18309	-1	-1	-1	-1	-1	-1	-1	-1	-1	-1	-1	-1	-1
13063	41	1	629	21	64	11264	11267	11298	18310	-1	-1	-1	-1	-1	-1	-1	-1	-1	-1	-1	-1	-1
13064	41	1	629	21	64	11264	11267	11298	18311	-1	-1	-1	-1	-1	-1	-1	-1	-1	-1	-1	-1	-1
13065	88	1	629	22	65	11265	11268	18312	18313	-1	-1	-1	-1	-1	-1	-1	-1	-1	-1	-1	-1	-1
13066	88	1	629	22	65	11265	11268	18314	18315	-1	-1	-1	-1	-1	-1	-1	-1	-1	-1	-1	-1	-1
13067	88	1	629	23	66	11265	11268	18316	18317	-1	-1	-1	-1	-1	-1	-1	-1	-1	-1	-1	-1	-1
13068	88	1	629	23	66	11265	11268	18318	18319	-1	-1	-1	-1	-1	-1	-1	-1	-1	-1	-1	-1	-1
13069	88	1	629	23	66	11265	11268	18320	18321	-1	-1	-1	-1	-1	-1	-1	-1	-1	-1	-1	-1	-1
13080	26	0	627	19	62	11260	-1	-1	-1	-1	-1	-1	-1	-1	-1	-1	-1	-1	-1	-1	-1	-1
13081	26	0	628	20	63	11260	-1	-1	-1	-1	-1	-1	-1	-1	-1	-1	-1	-1	-1	-1	-1	-1
13082	41	0	628	20	63	11261	-1	-1	-1	-1	-1	-1	-1	-1	-1	-1	-1	-1	-1	-1	-1	-1
13083	41	0	629	21	64	11261	-1	-1	-1	-1	-1	-1	-1	-1	-1	-1	-1	-1	-1	-1	-1	-1
13084	41	0	629	21	64	11261	-1	-1	-1	-1	-1	-1	-1	-1	-1	-1	-1	-1	-1	-1	-1	-1
13085	88	0	629	22	65	11262	-1	-1	-1	-1	-1	-1	-1	-1	-1	-1	-1	-1	-1	-1	-1	-1
13086	88	0	629	22	65	11262	-1	-1	-1	-1	-1	-1	-1	-1	-1	-1	-1	-1	-1	-1	-1	-1
13087	88	0	629	23	66	11262	-1	-1	-1	-1	-1	-1	-1	-1	-1	-1	-1	-1	-1	-1	-1	-1
13088	88	0	629	23	66	11262	-1	-1	-1	-1	-1	-1	-1	-1	-1	-1	-1	-1	-1	-1	-1	-1
13089	88	0	629	23	66	11262	-1	-1	-1	-1	-1	-1	-1	-1	-1	-1	-1	-1	-1	-1	-1	-1
13100	26	0	627	-1	-1	-1	-1	-1	-1	-1	-1	-1	-1	-1	-1	-1	-1	-1	-1	-1	-1	-1
13101	26	0	628	87	-1	-1	-1	-1	-1	-1	-1	-1	-1	-1	-1	-1	-1	-1	-1	-1	-1	-1
13102	41	0	628	87	-1	-1	-1	-1	-1	-1	-1	-1	-1	-1	-1	-1	-1	-1	-1	-1	-1	-1
13103	41	0	629	88	-1	-1	-1	-1	-1	-1	-1	-1	-1	-1	-1	-1	-1	-1	-1	-1	-1	-1
13104	41	0	629	88	-1	-1	-1	-1	-1	-1	-1	-1	-1	-1	-1	-1	-1	-1	-1	-1	-1	-1
13105	88	0	629	89	-1	-1	-1	-1	-1	-1	-1	-1	-1	-1	-1	-1	-1	-1	-1	-1	-1	-1
13106	88	0	629	89	-1	-1	-1	-1	-1	-1	-1	-1	-1	-1	-1	-1	-1	-1	-1	-1	-1	-1
13107	88	0	629	90	-1	-1	-1	-1	-1	-1	-1	-1	-1	-1	-1	-1	-1	-1	-1	-1	-1	-1
13108	88	0	629	90	-1	-1	-1	-1	-1	-1	-1	-1	-1	-1	-1	-1	-1	-1	-1	-1	-1	-1
13109	88	0	629	90	-1	-1	-1	-1	-1	-1	-1	-1	-1	-1	-1	-1	-1	-1	-1	-1	-1	-1
13120	26	1	627	19	62	11260	18322	-1	-1	-1	-1	-1	-1	-1	-1	-1	-1	-1	-1	-1	-1	-1
13121	26	1	628	20	63	11260	18323	-1	-1	-1	-1	-1	-1	-1	-1	-1	-1	-1	-1	-1	-1	-1
13122	41	1	628	20	63	11261	18324	-1	-1	-1	-1	-1	-1	-1	-1	-1	-1	-1	-1	-1	-1	-1
13123	41	1	629	21	64	11261	18325	-1	-1	-1	-1	-1	-1	-1	-1	-1	-1	-1	-1	-1	-1	-1
13124	41	1	629	21	64	11261	18326	-1	-1	-1	-1	-1	-1	-1	-1	-1	-1	-1	-1	-1	-1	-1
13125	88	1	629	22	65	11262	18327	-1	-1	-1	-1	-1	-1	-1	-1	-1	-1	-1	-1	-1	-1	-1
13126	88	1	629	22	65	11262	18328	-1	-1	-1	-1	-1	-1	-1	-1	-1	-1	-1	-1	-1	-1	-1
13127	88	1	629	23	66	11262	18329	-1	-1	-1	-1	-1	-1	-1	-1	-1	-1	-1	-1	-1	-1	-1
13128	88	1	629	23	66	11262	18330	-1	-1	-1	-1	-1	-1	-1	-1	-1	-1	-1	-1	-1	-1	-1
13129	88	1	629	23	66	11262	18331	-1	-1	-1	-1	-1	-1	-1	-1	-1	-1	-1	-1	-1	-1	-1
13140	26	1	627	19	62	11260	18332	-1	-1	-1	-1	-1	-1	-1	-1	-1	-1	-1	-1	-1	-1	-1
13141	26	1	628	20	63	11260	18333	-1	-1	-1	-1	-1	-1	-1	-1	-1	-1	-1	-1	-1	-1	-1
13142	41	1	628	20	63	11261	18334	-1	-1	-1	-1	-1	-1	-1	-1	-1	-1	-1	-1	-1	-1	-1
13143	41	1	629	21	64	11261	18335	-1	-1	-1	-1	-1	-1	-1	-1	-1	-1	-1	-1	-1	-1	-1
13144	41	1	629	21	64	11261	18336	-1	-1	-1	-1	-1	-1	-1	-1	-1	-1	-1	-1	-1	-1	-1
13145	88	1	629	22	65	11262	18337	-1	-1	-1	-1	-1	-1	-1	-1	-1	-1	-1	-1	-1	-1	-1
13146	88	1	629	22	65	11262	18338	-1	-1	-1	-1	-1	-1	-1	-1	-1	-1	-1	-1	-1	-1	-1
13147	88	1	629	23	66	11262	18339	-1	-1	-1	-1	-1	-1	-1	-1	-1	-1	-1	-1	-1	-1	-1
13148	88	1	629	23	66	11262	18340	-1	-1	-1	-1	-1	-1	-1	-1	-1	-1	-1	-1	-1	-1	-1
13149	88	1	629	23	66	11262	18341	-1	-1	-1	-1	-1	-1	-1	-1	-1	-1	-1	-1	-1	-1	-1
13160	26	1	627	19	62	11260	18342	-1	-1	-1	-1	-1	-1	-1	-1	-1	-1	-1	-1	-1	-1	-1
13161	26	1	628	20	63	11260	18343	-1	-1	-1	-1	-1	-1	-1	-1	-1	-1	-1	-1	-1	-1	-1
13162	41	1	628	20	63	11261	18344	-1	-1	-1	-1	-1	-1	-1	-1	-1	-1	-1	-1	-1	-1	-1
13163	41	1	629	21	64	11261	18345	-1	-1	-1	-1	-1	-1	-1	-1	-1	-1	-1	-1	-1	-1	-1
13164	41	1	629	21	64	11261	18346	-1	-1	-1	-1	-1	-1	-1	-1	-1	-1	-1	-1	-1	-1	-1
13165	88	1	629	22	65	11262	18347	-1	-1	-1	-1	-1	-1	-1	-1	-1	-1	-1	-1	-1	-1	-1
13166	88	1	629	22	65	11262	18348	-1	-1	-1	-1	-1	-1	-1	-1	-1	-1	-1	-1	-1	-1	-1
13167	88	1	629	23	66	11262	18349	-1	-1	-1	-1	-1	-1	-1	-1	-1	-1	-1	-1	-1	-1	-1
13168	88	1	629	23	66	11262	18350	-1	-1	-1	-1	-1	-1	-1	-1	-1	-1	-1	-1	-1	-1	-1
13169	88	1	629	23	66	11262	18351	-1	-1	-1	-1	-1	-1	-1	-1	-1	-1	-1	-1	-1	-1	-1
13180	26	1	627	19	62	11260	18352	-1	-1	-1	-1	-1	-1	-1	-1	-1	-1	-1	-1	-1	-1	-1
13181	26	1	628	20	63	11260	18353	-1	-1	-1	-1	-1	-1	-1	-1	-1	-1	-1	-1	-1	-1	-1
13182	41	1	628	20	63	11261	18354	-1	-1	-1	-1	-1	-1	-1	-1	-1	-1	-1	-1	-1	-1	-1
13183	41	1	629	21	64	11261	18355	-1	-1	-1	-1	-1	-1	-1	-1	-1	-1	-1	-1	-1	-1	-1
13184	41	1	629	21	64	11261	18356	-1	-1	-1	-1	-1	-1	-1	-1	-1	-1	-1	-1	-1	-1	-1
13185	88	1	629	22	65	11262	18357	-1	-1	-1	-1	-1	-1	-1	-1	-1	-1	-1	-1	-1	-1	-1
13186	88	1	629	22	65	11262	18358	-1	-1	-1	-1	-1	-1	-1	-1	-1	-1	-1	-1	-1	-1	-1
13187	88	1	629	23	66	11262	18359	-1	-1	-1	-1	-1	-1	-1	-1	-1	-1	-1	-1	-1	-1	-1
13188	88	1	629	23	66	11262	18360	-1	-1	-1	-1	-1	-1	-1	-1	-1	-1	-1	-1	-1	-1	-1
13189	88	1	629	23	66	11262	18361	-1	-1	-1	-1	-1	-1	-1	-1	-1	-1	-1	-1	-1	-1	-1
13200	26	1	627	19	62	11260	11266	18362	-1	-1	-1	-1	-1	-1	-1	-1	-1	-1	-1	-1	-1	-1
13201	26	1	628	20	63	11260	11266	18363	-1	-1	-1	-1	-1	-1	-1	-1	-1	-1	-1	-1	-1	-1
13202	41	1	628	20	63	11261	11267	18364	-1	-1	-1	-1	-1	-1	-1	-1	-1	-1	-1	-1	-1	-1
13203	41	1	629	21	64	11261	11267	18365	-1	-1	-1	-1	-1	-1	-1	-1	-1	-1	-1	-1	-1	-1
13204	41	1	629	21	64	11261	11267	18366	-1	-1	-1	-1	-1	-1	-1	-1	-1	-1	-1	-1	-1	-1
13205	88	1	629	22	65	11262	11268	18367	-1	-1	-1	-1	-1	-1	-1	-1	-1	-1	-1	-1	-1	-1
13206	88	1	629	22	65	11262	11268	18368	-1	-1	-1	-1	-1	-1	-1	-1	-1	-1	-1	-1	-1	-1
13207	88	1	629	23	66	11262	11268	18369	-1	-1	-1	-1	-1	-1	-1	-1	-1	-1	-1	-1	-1	-1
13208	88	1	629	23	66	11262	11268	18370	-1	-1	-1	-1	-1	-1	-1	-1	-1	-1	-1	-1	-1	-1
13209	88	1	629	23	66	11262	11268	18371	-1	-1	-1	-1	-1	-1	-1	-1	-1	-1	-1	-1	-1	-1
13220	26	1	627	19	62	11263	11266	18372	-1	-1	-1	-1	-1	-1	-1	-1	-1	-1	-1	-1	-1	-1
13221	26	1	628	20	63	11263	11266	18373	-1	-1	-1	-1	-1	-1	-1	-1	-1	-1	-1	-1	-1	-1
13222	41	1	628	20	63	11264	11298	-1	-1	-1	-1	-1	-1	-1	-1	-1	-1	-1	-1	-1	-1	-1
13223	41	1	629	21	64	11264	11267	11298	-1	-1	-1	-1	-1	-1	-1	-1	-1	-1	-1	-1	-1	-1
13224	41	1	629	21	64	11264	11267	11298	-1	-1	-1	-1	-1	-1	-1	-1	-1	-1	-1	-1	-1	-1
13225	88	1	629	22	65	11265	11268	18374	-1	-1	-1	-1	-1	-1	-1	-1	-1	-1	-1	-1	-1	-1
13226	88	1	629	22	65	11265	18375	-1	-1	-1	-1	-1	-1	-1	-1	-1	-1	-1	-1	-1	-1	-1
13227	88	1	629	23	66	11265	18376	-1	-1	-1	-1	-1	-1	-1	-1	-1	-1	-1	-1	-1	-1	-1
13228	88	1	629	23	66	11265	11268	18377	-1	-1	-1	-1	-1	-1	-1	-1	-1	-1	-1	-1	-1	-1
13229	88	1	629	23	66	11265	18378	-1	-1	-1	-1	-1	-1	-1	-1	-1	-1	-1	-1	-1	-1	-1
13240	26	0	627	19	62	11260	-1	-1	-1	-1	-1	-1	-1	-1	-1	-1	-1	-1	-1	-1	-1	-1
13241	26	0	628	32	20	63	11260	-1	-1	-1	-1	-1	-1	-1	-1	-1	-1	-1	-1	-1	-1	-1
13242	41	0	628	32	20	63	11261	-1	-1	-1	-1	-1	-1	-1	-1	-1	-1	-1	-1	-1	-1	-1
13243	41	0	629	33	21	64	11261	-1	-1	-1	-1	-1	-1	-1	-1	-1	-1	-1	-1	-1	-1	-1
13244	41	0	629	33	21	64	11261	-1	-1	-1	-1	-1	-1	-1	-1	-1	-1	-1	-1	-1	-1	-1
13245	88	0	629	34	22	65	11262	-1	-1	-1	-1	-1	-1	-1	-1	-1	-1	-1	-1	-1	-1	-1
13246	88	0	629	34	22	65	11262	-1	-1	-1	-1	-1	-1	-1	-1	-1	-1	-1	-1	-1	-1	-1
13247	88	0	629	10025	23	66	11262	-1	-1	-1	-1	-1	-1	-1	-1	-1	-1	-1	-1	-1	-1	-1
13248	88	0	629	10025	23	66	11262	-1	-1	-1	-1	-1	-1	-1	-1	-1	-1	-1	-1	-1	-1	-1
13249	88	0	629	10025	23	66	11262	-1	-1	-1	-1	-1	-1	-1	-1	-1	-1	-1	-1	-1	-1	-1
13260	52	1	627	19	62	11252	11263	18380	18381	18382	-1	-1	-1	-1	-1	-1	-1	-1	-1	-1	-1	-1
13261	52	1	628	20	63	11253	11263	11300	18381	18382	18380	-1	-1	-1	-1	-1	-1	-1	-1	-1	-1	-1
13262	82	1	628	20	63	11254	11264	18383	18384	18385	-1	-1	-1	-1	-1	-1	-1	-1	-1	-1	-1	-1
13263	82	1	629	21	64	11255	11264	18383	18384	18385	-1	-1	-1	-1	-1	-1	-1	-1	-1	-1	-1	-1
13264	82	1	629	21	64	11255	11264	18386	18387	18388	-1	-1	-1	-1	-1	-1	-1	-1	-1	-1	-1	-1
13265	176	1	629	22	65	11256	11265	18389	18390	18391	-1	-1	-1	-1	-1	-1	-1	-1	-1	-1	-1	-1
13266	176	1	629	22	65	11256	11265	18392	18393	18394	18395	-1	-1	-1	-1	-1	-1	-1	-1	-1	-1	-1
13267	176	1	629	23	66	11256	11265	18396	18397	18398	18399	-1	-1	-1	-1	-1	-1	-1	-1	-1	-1	-1
13268	176	1	629	23	66	11256	11265	18400	18401	18402	18403	-1	-1	-1	-1	-1	-1	-1	-1	-1	-1	-1
13269	176	1	629	23	66	11256	11265	18404	18405	18406	18407	-1	-1	-1	-1	-1	-1	-1	-1	-1	-1	-1
13280	85	0	-1	-1	-1	-1	-1	-1	-1	-1	-1	-1	-1	-1	-1	-1	-1	-1	-1	-1	-1	-1
13281	85	0	-1	-1	-1	-1	-1	-1	-1	-1	-1	-1	-1	-1	-1	-1	-1	-1	-1	-1	-1	-1
13282	85	0	11231	-1	-1	-1	-1	-1	-1	-1	-1	-1	-1	-1	-1	-1	-1	-1	-1	-1	-1	-1
13283	85	0	11232	-1	-1	-1	-1	-1	-1	-1	-1	-1	-1	-1	-1	-1	-1	-1	-1	-1	-1	-1
13284	85	0	11233	-1	-1	-1	-1	-1	-1	-1	-1	-1	-1	-1	-1	-1	-1	-1	-1	-1	-1	-1
13285	85	0	11234	-1	-1	-1	-1	-1	-1	-1	-1	-1	-1	-1	-1	-1	-1	-1	-1	-1	-1	-1
13286	85	1	87	11235	11237	11239	-1	-1	-1	-1	-1	-1	-1	-1	-1	-1	-1	-1	-1	-1	-1	-1
13287	85	1	87	11236	11238	11239	-1	-1	-1	-1	-1	-1	-1	-1	-1	-1	-1	-1	-1	-1	-1	-1
13400	26	1	11336	-1	-1	-1	-1	-1	-1	-1	-1	-1	-1	-1	-1	-1	-1	-1	-1	-1	-1	-1
13401	26	1	11336	-1	-1	-1	-1	-1	-1	-1	-1	-1	-1	-1	-1	-1	-1	-1	-1	-1	-1	-1
13402	107	1	11337	11338	11339	-1	-1	-1	-1	-1	-1	-1	-1	-1	-1	-1	-1	-1	-1	-1	-1	-1
13403	107	1	11337	11338	11339	-1	-1	-1	-1	-1	-1	-1	-1	-1	-1	-1	-1	-1	-1	-1	-1	-1
13404	26	1	622	622	622	11341	11333	-1	-1	-1	-1	-1	-1	-1	-1	-1	-1	-1	-1	-1	-1	-1
13405	41	1	83	624	624	624	11342	11334	-1	-1	-1	-1	-1	-1	-1	-1	-1	-1	-1	-1	-1	-1
13406	84	1	85	626	626	626	11343	11335	-1	-1	-1	-1	-1	-1	-1	-1	-1	-1	-1	-1	-1	-1
13407	5	0	622	622	622	-1	-1	-1	-1	-1	-1	-1	-1	-1	-1	-1	-1	-1	-1	-1	-1	-1
13408	8	0	624	83	624	624	-1	-1	-1	-1	-1	-1	-1	-1	-1	-1	-1	-1	-1	-1	-1	-1
13409	16	0	626	85	626	626	-1	-1	-1	-1	-1	-1	-1	-1	-1	-1	-1	-1	-1	-1	-1	-1
13410	5	0	622	622	622	-1	-1	-1	-1	-1	-1	-1	-1	-1	-1	-1	-1	-1	-1	-1	-1	-1
13411	8	0	624	83	624	624	-1	-1	-1	-1	-1	-1	-1	-1	-1	-1	-1	-1	-1	-1	-1	-1
13412	16	0	626	85	626	626	-1	-1	-1	-1	-1	-1	-1	-1	-1	-1	-1	-1	-1	-1	-1	-1
13413	5	0	622	622	622	-1	-1	-1	-1	-1	-1	-1	-1	-1	-1	-1	-1	-1	-1	-1	-1	-1
13414	8	0	624	83	624	624	-1	-1	-1	-1	-1	-1	-1	-1	-1	-1	-1	-1	-1	-1	-1	-1
13415	16	0	626	85	626	626	-1	-1	-1	-1	-1	-1	-1	-1	-1	-1	-1	-1	-1	-1	-1	-1
13416	5	0	622	622	622	-1	-1	-1	-1	-1	-1	-1	-1	-1	-1	-1	-1	-1	-1	-1	-1	-1
13417	8	0	624	83	624	624	-1	-1	-1	-1	-1	-1	-1	-1	-1	-1	-1	-1	-1	-1	-1	-1
13418	16	0	626	85	626	626	-1	-1	-1	-1	-1	-1	-1	-1	-1	-1	-1	-1	-1	-1	-1	-1
13430	100	1	18408	18409	18410	18411	18412	18413	18414	-1	-1	-1	-1	-1	-1	-1	-1	-1	-1	-1	-1	-1
13431	100	1	18408	18409	18410	18411	18412	18413	18414	-1	-1	-1	-1	-1	-1	-1	-1	-1	-1	-1	-1	-1
13432	100	1	18408	18409	18410	18411	18412	18413	18414	-1	-1	-1	-1	-1	-1	-1	-1	-1	-1	-1	-1	-1
13433	100	1	18408	18409	18410	18411	18412	18413	18414	-1	-1	-1	-1	-1	-1	-1	-1	-1	-1	-1	-1	-1
13434	100	1	18408	18409	18410	18411	18412	18413	18414	-1	-1	-1	-1	-1	-1	-1	-1	-1	-1	-1	-1	-1
13435	100	1	18408	18409	18410	18411	18412	18413	18414	-1	-1	-1	-1	-1	-1	-1	-1	-1	-1	-1	-1	-1
13436	100	1	18408	18409	18410	18411	18412	18413	18414	-1	-1	-1	-1	-1	-1	-1	-1	-1	-1	-1	-1	-1
13437	100	1	18408	18409	18410	18411	18412	18413	18414	-1	-1	-1	-1	-1	-1	-1	-1	-1	-1	-1	-1	-1
13438	100	1	18408	18409	18410	18411	18412	18413	18414	-1	-1	-1	-1	-1	-1	-1	-1	-1	-1	-1	-1	-1
13439	100	1	18408	18409	18410	18411	18412	18413	18414	-1	-1	-1	-1	-1	-1	-1	-1	-1	-1	-1	-1	-1
13440	100	1	18408	18409	18410	18411	18412	18413	18414	-1	-1	-1	-1	-1	-1	-1	-1	-1	-1	-1	-1	-1
13441	100	1	18408	18409	18410	18411	18412	18413	18414	-1	-1	-1	-1	-1	-1	-1	-1	-1	-1	-1	-1	-1
13442	100	1	18408	18409	18410	18411	18412	18413	18414	-1	-1	-1	-1	-1	-1	-1	-1	-1	-1	-1	-1	-1
13443	100	1	18408	18409	18410	18411	18412	18413	18414	-1	-1	-1	-1	-1	-1	-1	-1	-1	-1	-1	-1	-1
13444	100	1	18408	18409	18410	18411	18412	18413	18414	-1	-1	-1	-1	-1	-1	-1	-1	-1	-1	-1	-1	-1
13445	100	1	18408	18409	18410	18411	18412	18413	18414	-1	-1	-1	-1	-1	-1	-1	-1	-1	-1	-1	-1	-1
13446	100	1	18408	18409	18410	18411	18412	18413	18414	-1	-1	-1	-1	-1	-1	-1	-1	-1	-1	-1	-1	-1
13447	100	1	18408	18409	18410	18411	18412	18413	18414	-1	-1	-1	-1	-1	-1	-1	-1	-1	-1	-1	-1	-1
13448	100	1	18408	18409	18410	18411	18412	18413	18414	-1	-1	-1	-1	-1	-1	-1	-1	-1	-1	-1	-1	-1
13449	100	1	18408	18409	18410	18411	18412	18413	18414	-1	-1	-1	-1	-1	-1	-1	-1	-1	-1	-1	-1	-1
13450	100	1	18408	18409	18410	18411	18412	18413	18414	-1	-1	-1	-1	-1	-1	-1	-1	-1	-1	-1	-1	-1
13451	100	1	18408	18409	18410	18411	18412	18413	18414	-1	-1	-1	-1	-1	-1	-1	-1	-1	-1	-1	-1	-1
13452	100	1	18408	18409	18410	18411	18412	18413	18414	-1	-1	-1	-1	-1	-1	-1	-1	-1	-1	-1	-1	-1
13453	100	1	18408	18409	18410	18411	18412	18413	18414	-1	-1	-1	-1	-1	-1	-1	-1	-1	-1	-1	-1	-1
13454	100	1	18408	18409	18410	18411	18412	18413	18414	-1	-1	-1	-1	-1	-1	-1	-1	-1	-1	-1	-1	-1
13455	100	1	18408	18409	18410	18411	18412	18413	18414	-1	-1	-1	-1	-1	-1	-1	-1	-1	-1	-1	-1	-1
13456	100	1	18408	18409	18410	18411	18412	18413	18414	-1	-1	-1	-1	-1	-1	-1	-1	-1	-1	-1	-1	-1
13457	100	1	18408	18409	18410	18411	18412	18413	18414	-1	-1	-1	-1	-1	-1	-1	-1	-1	-1	-1	-1	-1
13458	100	1	18408	18409	18410	18411	18412	18413	18414	-1	-1	-1	-1	-1	-1	-1	-1	-1	-1	-1	-1	-1
13459	100	1	18408	18409	18410	18411	18412	18413	18414	-1	-1	-1	-1	-1	-1	-1	-1	-1	-1	-1	-1	-1
13460	100	1	18408	18409	18410	18411	18412	18413	18414	-1	-1	-1	-1	-1	-1	-1	-1	-1	-1	-1	-1	-1
13461	100	1	18408	18409	18410	18411	18412	18413	18414	-1	-1	-1	-1	-1	-1	-1	-1	-1	-1	-1	-1	-1
13462	100	1	18408	18409	18410	18411	18412	18413	18414	-1	-1	-1	-1	-1	-1	-1	-1	-1	-1	-1	-1	-1
13463	100	1	18408	18409	18410	18411	18412	18413	18414	-1	-1	-1	-1	-1	-1	-1	-1	-1	-1	-1	-1	-1
13464	100	1	18408	18409	18410	18411	18412	18413	18414	-1	-1	-1	-1	-1	-1	-1	-1	-1	-1	-1	-1	-1
13465	100	1	18408	18409	18410	18411	18412	18413	18414	-1	-1	-1	-1	-1	-1	-1	-1	-1	-1	-1	-1	-1
13466	100	1	18408	18409	18410	18411	18412	18413	18414	-1	-1	-1	-1	-1	-1	-1	-1	-1	-1	-1	-1	-1
13467	100	1	18408	18409	18410	18411	18412	18413	18414	-1	-1	-1	-1	-1	-1	-1	-1	-1	-1	-1	-1	-1
13468	100	1	18408	18409	18410	18411	18412	18413	18414	-1	-1	-1	-1	-1	-1	-1	-1	-1	-1	-1	-1	-1
13469	100	1	18408	18409	18410	18411	18412	18413	18414	-1	-1	-1	-1	-1	-1	-1	-1	-1	-1	-1	-1	-1
13470	100	1	18408	18409	18410	18411	18412	18413	18414	-1	-1	-1	-1	-1	-1	-1	-1	-1	-1	-1	-1	-1
13471	100	1	18408	18409	18410	18411	18412	18413	18414	-1	-1	-1	-1	-1	-1	-1	-1	-1	-1	-1	-1	-1
13472	100	1	18408	18409	18410	18411	18412	18413	18414	-1	-1	-1	-1	-1	-1	-1	-1	-1	-1	-1	-1	-1
13473	100	1	18408	18409	18410	18411	18412	18413	18414	-1	-1	-1	-1	-1	-1	-1	-1	-1	-1	-1	-1	-1
13474	100	1	18408	18409	18410	18411	18412	18413	18414	-1	-1	-1	-1	-1	-1	-1	-1	-1	-1	-1	-1	-1
13475	100	1	18408	18409	18410	18411	18412	18413	18414	-1	-1	-1	-1	-1	-1	-1	-1	-1	-1	-1	-1	-1
13476	100	1	18408	18409	18410	18411	18412	18413	18414	-1	-1	-1	-1	-1	-1	-1	-1	-1	-1	-1	-1	-1
13477	100	1	18408	18409	18410	18411	18412	18413	18414	-1	-1	-1	-1	-1	-1	-1	-1	-1	-1	-1	-1	-1
13478	100	1	18408	18409	18410	18411	18412	18413	18414	-1	-1	-1	-1	-1	-1	-1	-1	-1	-1	-1	-1	-1
13479	100	1	18408	18409	18410	18411	18412	18413	18414	-1	-1	-1	-1	-1	-1	-1	-1	-1	-1	-1	-1	-1
13480	100	1	18408	18409	18410	18411	18412	18413	18414	-1	-1	-1	-1	-1	-1	-1	-1	-1	-1	-1	-1	-1
13481	100	1	18408	18409	18410	18411	18412	18413	18414	-1	-1	-1	-1	-1	-1	-1	-1	-1	-1	-1	-1	-1
13482	100	1	18408	18409	18410	18411	18412	18413	18414	-1	-1	-1	-1	-1	-1	-1	-1	-1	-1	-1	-1	-1
13483	100	1	18408	18409	18410	18411	18412	18413	18414	-1	-1	-1	-1	-1	-1	-1	-1	-1	-1	-1	-1	-1
13484	100	1	18408	18409	18410	18411	18412	18413	18414	-1	-1	-1	-1	-1	-1	-1	-1	-1	-1	-1	-1	-1
13485	100	1	18408	18409	18410	18411	18412	18413	18414	-1	-1	-1	-1	-1	-1	-1	-1	-1	-1	-1	-1	-1
13486	100	1	18408	18409	18410	18411	18412	18413	18414	-1	-1	-1	-1	-1	-1	-1	-1	-1	-1	-1	-1	-1
13487	100	1	18408	18409	18410	18411	18412	18413	18414	-1	-1	-1	-1	-1	-1	-1	-1	-1	-1	-1	-1	-1
13488	100	1	18408	18409	18410	18411	18412	18413	18414	-1	-1	-1	-1	-1	-1	-1	-1	-1	-1	-1	-1	-1
13489	100	1	18408	18409	18410	18411	18412	18413	18414	-1	-1	-1	-1	-1	-1	-1	-1	-1	-1	-1	-1	-1
13490	100	1	18408	18409	18410	18411	18412	18413	18414	-1	-1	-1	-1	-1	-1	-1	-1	-1	-1	-1	-1	-1
13491	100	1	18408	18409	18410	18411	18412	18413	18414	-1	-1	-1	-1	-1	-1	-1	-1	-1	-1	-1	-1	-1
13492	100	1	18408	18409	18410	18411	18412	18413	18414	-1	-1	-1	-1	-1	-1	-1	-1	-1	-1	-1	-1	-1
13493	100	1	18408	18409	18410	18411	18412	18413	18414	-1	-1	-1	-1	-1	-1	-1	-1	-1	-1	-1	-1	-1
13494	100	1	18408	18409	18410	18411	18412	18413	18414	-1	-1	-1	-1	-1	-1	-1	-1	-1	-1	-1	-1	-1
13495	100	1	18408	18409	18410	18411	18412	18413	18414	-1	-1	-1	-1	-1	-1	-1	-1	-1	-1	-1	-1	-1
13496	100	1	18408	18409	18410	18411	18412	18413	18414	-1	-1	-1	-1	-1	-1	-1	-1	-1	-1	-1	-1	-1
13497	100	1	18408	18409	18410	18411	18412	18413	18414	-1	-1	-1	-1	-1	-1	-1	-1	-1	-1	-1	-1	-1
13498	100	1	18408	18409	18410	18411	18412	18413	18414	-1	-1	-1	-1	-1	-1	-1	-1	-1	-1	-1	-1	-1
13499	100	1	18408	18409	18410	18411	18412	18413	18414	-1	-1	-1	-1	-1	-1	-1	-1	-1	-1	-1	-1	-1
13500	100	1	18408	18409	18410	18411	18412	18413	18414	-1	-1	-1	-1	-1	-1	-1	-1	-1	-1	-1	-1	-1
13501	100	1	18408	18409	18410	18411	18412	18413	18414	-1	-1	-1	-1	-1	-1	-1	-1	-1	-1	-1	-1	-1
13502	100	1	18408	18409	18410	18411	18412	18413	18414	-1	-1	-1	-1	-1	-1	-1	-1	-1	-1	-1	-1	-1
13503	100	1	18408	18409	18410	18411	18412	18413	18414	-1	-1	-1	-1	-1	-1	-1	-1	-1	-1	-1	-1	-1
13504	100	1	18408	18409	18410	18411	18412	18413	18414	-1	-1	-1	-1	-1	-1	-1	-1	-1	-1	-1	-1	-1
13505	100	1	18408	18409	18410	18411	18412	18413	18414	-1	-1	-1	-1	-1	-1	-1	-1	-1	-1	-1	-1	-1
13506	100	1	18408	18409	18410	18411	18412	18413	18414	-1	-1	-1	-1	-1	-1	-1	-1	-1	-1	-1	-1	-1
13507	100	1	18408	18409	18410	18411	18412	18413	18414	-1	-1	-1	-1	-1	-1	-1	-1	-1	-1	-1	-1	-1
13508	100	1	18408	18409	18410	18411	18412	18413	18414	-1	-1	-1	-1	-1	-1	-1	-1	-1	-1	-1	-1	-1
13509	100	1	18408	18409	18410	18411	18412	18413	18414	-1	-1	-1	-1	-1	-1	-1	-1	-1	-1	-1	-1	-1
13510	100	1	18408	18409	18410	18411	18412	18413	18414	-1	-1	-1	-1	-1	-1	-1	-1	-1	-1	-1	-1	-1
13511	100	1	18408	18409	18410	18411	18412	18413	18414	-1	-1	-1	-1	-1	-1	-1	-1	-1	-1	-1	-1	-1
13512	100	1	18408	18409	18410	18411	18412	18413	18414	-1	-1	-1	-1	-1	-1	-1	-1	-1	-1	-1	-1	-1
13513	100	1	18408	18409	18410	18411	18412	18413	18414	-1	-1	-1	-1	-1	-1	-1	-1	-1	-1	-1	-1	-1
13514	100	1	18408	18409	18410	18411	18412	18413	18414	-1	-1	-1	-1	-1	-1	-1	-1	-1	-1	-1	-1	-1
13515	100	1	18408	18409	18410	18411	18412	18413	18414	-1	-1	-1	-1	-1	-1	-1	-1	-1	-1	-1	-1	-1
13516	100	1	18408	18409	18410	18411	18412	18413	18414	-1	-1	-1	-1	-1	-1	-1	-1	-1	-1	-1	-1	-1
13517	100	1	18408	18409	18410	18411	18412	18413	18414	-1	-1	-1	-1	-1	-1	-1	-1	-1	-1	-1	-1	-1
13518	100	1	18408	18409	18410	18411	18412	18413	18414	-1	-1	-1	-1	-1	-1	-1	-1	-1	-1	-1	-1	-1
13519	100	1	18408	18409	18410	18411	18412	18413	18414	-1	-1	-1	-1	-1	-1	-1	-1	-1	-1	-1	-1	-1
13520	100	1	18408	18409	18410	18411	18412	18413	18414	-1	-1	-1	-1	-1	-1	-1	-1	-1	-1	-1	-1	-1
13521	100	1	18408	18409	18410	18411	18412	18413	18414	-1	-1	-1	-1	-1	-1	-1	-1	-1	-1	-1	-1	-1
13522	100	1	18408	18409	18410	18411	18412	18413	18414	-1	-1	-1	-1	-1	-1	-1	-1	-1	-1	-1	-1	-1
13523	100	1	18408	18409	18410	18411	18412	18413	18414	-1	-1	-1	-1	-1	-1	-1	-1	-1	-1	-1	-1	-1
13524	100	1	18408	18409	18410	18411	18412	18413	18414	-1	-1	-1	-1	-1	-1	-1	-1	-1	-1	-1	-1	-1
13525	100	1	18408	18409	18410	18411	18412	18413	18414	-1	-1	-1	-1	-1	-1	-1	-1	-1	-1	-1	-1	-1
13526	100	1	18408	18409	18410	18411	18412	18413	18414	-1	-1	-1	-1	-1	-1	-1	-1	-1	-1	-1	-1	-1
13527	100	1	18408	18409	18410	18411	18412	18413	18414	-1	-1	-1	-1	-1	-1	-1	-1	-1	-1	-1	-1	-1
13528	100	1	18408	18409	18410	18411	18412	18413	18414	-1	-1	-1	-1	-1	-1	-1	-1	-1	-1	-1	-1	-1
13529	100	1	18408	18409	18410	18411	18412	18413	18414	-1	-1	-1	-1	-1	-1	-1	-1	-1	-1	-1	-1	-1
13530	100	1	18408	18409	18410	18411	18412	18413	18414	-1	-1	-1	-1	-1	-1	-1	-1	-1	-1	-1	-1	-1
13531	100	1	18408	18409	18410	18411	18412	18413	18414	-1	-1	-1	-1	-1	-1	-1	-1	-1	-1	-1	-1	-1
13532	100	1	18408	18409	18410	18411	18412	18413	18414	-1	-1	-1	-1	-1	-1	-1	-1	-1	-1	-1	-1	-1
13533	100	1	18408	18409	18410	18411	18412	18413	18414	-1	-1	-1	-1	-1	-1	-1	-1	-1	-1	-1	-1	-1
13534	100	1	18408	18409	18410	18411	18412	18413	18414	-1	-1	-1	-1	-1	-1	-1	-1	-1	-1	-1	-1	-1
13535	100	1	18408	18409	18410	18411	18412	18413	18414	-1	-1	-1	-1	-1	-1	-1	-1	-1	-1	-1	-1	-1
13536	100	1	18408	18409	18410	18411	18412	18413	18414	-1	-1	-1	-1	-1	-1	-1	-1	-1	-1	-1	-1	-1
13537	100	1	18408	18409	18410	18411	18412	18413	18414	-1	-1	-1	-1	-1	-1	-1	-1	-1	-1	-1	-1	-1
13592	100	1	18415	18416	18417	18418	18419	18420	18421	18675	-1	-1	-1	-1	-1	-1	-1	-1	-1	-1	-1	-1
13593	100	1	18415	18416	18417	18418	18419	18420	18421	18676	-1	-1	-1	-1	-1	-1	-1	-1	-1	-1	-1	-1
13594	100	1	18415	18416	18417	18418	18419	18420	18421	18677	-1	-1	-1	-1	-1	-1	-1	-1	-1	-1	-1	-1
13595	100	1	18415	18416	18417	18418	18419	18420	18421	18678	-1	-1	-1	-1	-1	-1	-1	-1	-1	-1	-1	-1
13596	100	1	18415	18416	18417	18418	18419	18420	18461	18679	-1	-1	-1	-1	-1	-1	-1	-1	-1	-1	-1	-1
13597	100	1	18415	18416	18417	18418	18419	18420	18461	18680	-1	-1	-1	-1	-1	-1	-1	-1	-1	-1	-1	-1
13598	100	1	18415	18416	18417	18418	18419	18420	18461	18681	-1	-1	-1	-1	-1	-1	-1	-1	-1	-1	-1	-1
13599	100	1	18415	18416	18417	18418	18419	18420	18461	18682	-1	-1	-1	-1	-1	-1	-1	-1	-1	-1	-1	-1
13600	100	1	18415	18416	18417	18418	18419	18420	18461	18683	-1	-1	-1	-1	-1	-1	-1	-1	-1	-1	-1	-1
31501	108	0	629	23	66	-1	-1	-1	-1	-1	-1	-1	-1	-1	-1	-1	-1	-1	-1	-1	-1	-1
31502	108	0	669	23	66	-1	-1	-1	-1	-1	-1	-1	-1	-1	-1	-1	-1	-1	-1	-1	-1	-1
31503	108	0	669	23	66	-1	-1	-1	-1	-1	-1	-1	-1	-1	-1	-1	-1	-1	-1	-1	-1	-1
31504	108	0	629	23	66	-1	-1	-1	-1	-1	-1	-1	-1	-1	-1	-1	-1	-1	-1	-1	-1	-1
31515	108	0	629	66	78	-1	-1	-1	-1	-1	-1	-1	-1	-1	-1	-1	-1	-1	-1	-1	-1	-1
31522	108	0	629	90	-1	-1	-1	-1	-1	-1	-1	-1	-1	-1	-1	-1	-1	-1	-1	-1	-1	-1
31526	108	0	629	90	-1	-1	-1	-1	-1	-1	-1	-1	-1	-1	-1	-1	-1	-1	-1	-1	-1	-1
31538	108	0	629	90	-1	-1	-1	-1	-1	-1	-1	-1	-1	-1	-1	-1	-1	-1	-1	-1	-1	-1
31540	108	0	629	90	-1	-1	-1	-1	-1	-1	-1	-1	-1	-1	-1	-1	-1	-1	-1	-1	-1	-1
31552	108	0	629	90	-1	-1	-1	-1	-1	-1	-1	-1	-1	-1	-1	-1	-1	-1	-1	-1	-1	-1
31558	108	0	629	90	-1	-1	-1	-1	-1	-1	-1	-1	-1	-1	-1	-1	-1	-1	-1	-1	-1	-1
31569	108	0	629	23	66	-1	-1	-1	-1	-1	-1	-1	-1	-1	-1	-1	-1	-1	-1	-1	-1	-1
31578	108	0	629	78	90	-1	-1	-1	-1	-1	-1	-1	-1	-1	-1	-1	-1	-1	-1	-1	-1	-1
31590	108	0	629	23	66	-1	-1	-1	-1	-1	-1	-1	-1	-1	-1	-1	-1	-1	-1	-1	-1	-1
31591	108	0	629	23	66	-1	-1	-1	-1	-1	-1	-1	-1	-1	-1	-1	-1	-1	-1	-1	-1	-1
31592	108	0	629	23	66	-1	-1	-1	-1	-1	-1	-1	-1	-1	-1	-1	-1	-1	-1	-1	-1	-1
31593	108	0	629	23	66	-1	-1	-1	-1	-1	-1	-1	-1	-1	-1	-1	-1	-1	-1	-1	-1	-1
31594	108	0	629	23	66	-1	-1	-1	-1	-1	-1	-1	-1	-1	-1	-1	-1	-1	-1	-1	-1	-1
31595	108	0	629	23	66	-1	-1	-1	-1	-1	-1	-1	-1	-1	-1	-1	-1	-1	-1	-1	-1	-1
31596	108	0	629	23	66	-1	-1	-1	-1	-1	-1	-1	-1	-1	-1	-1	-1	-1	-1	-1	-1	-1
31597	108	0	629	23	66	-1	-1	-1	-1	-1	-1	-1	-1	-1	-1	-1	-1	-1	-1	-1	-1	-1
31598	108	0	629	23	66	-1	-1	-1	-1	-1	-1	-1	-1	-1	-1	-1	-1	-1	-1	-1	-1	-1
31599	108	0	629	23	66	-1	-1	-1	-1	-1	-1	-1	-1	-1	-1	-1	-1	-1	-1	-1	-1	-1
31600	108	0	629	23	66	-1	-1	-1	-1	-1	-1	-1	-1	-1	-1	-1	-1	-1	-1	-1	-1	-1
31601	108	0	629	23	66	-1	-1	-1	-1	-1	-1	-1	-1	-1	-1	-1	-1	-1	-1	-1	-1	-1
31602	108	0	629	23	66	-1	-1	-1	-1	-1	-1	-1	-1	-1	-1	-1	-1	-1	-1	-1	-1	-1
31603	108	0	629	23	66	-1	-1	-1	-1	-1	-1	-1	-1	-1	-1	-1	-1	-1	-1	-1	-1	-1
31604	108	0	629	23	66	-1	-1	-1	-1	-1	-1	-1	-1	-1	-1	-1	-1	-1	-1	-1	-1	-1
31605	108	0	629	23	66	-1	-1	-1	-1	-1	-1	-1	-1	-1	-1	-1	-1	-1	-1	-1	-1	-1
31606	108	0	629	23	66	-1	-1	-1	-1	-1	-1	-1	-1	-1	-1	-1	-1	-1	-1	-1	-1	-1
31607	108	0	629	23	66	-1	-1	-1	-1	-1	-1	-1	-1	-1	-1	-1	-1	-1	-1	-1	-1	-1
31608	108	0	629	23	66	-1	-1	-1	-1	-1	-1	-1	-1	-1	-1	-1	-1	-1	-1	-1	-1	-1
31609	108	0	629	23	66	-1	-1	-1	-1	-1	-1	-1	-1	-1	-1	-1	-1	-1	-1	-1	-1	-1
31610	436	1	629	23	66	-1	-1	-1	-1	-1	-1	-1	-1	-1	-1	-1	-1	-1	-1	-1	-1	-1
31611	436	1	629	23	66	-1	-1	-1	-1	-1	-1	-1	-1	-1	-1	-1	-1	-1	-1	-1	-1	-1
31612	436	1	629	23	66	-1	-1	-1	-1	-1	-1	-1	-1	-1	-1	-1	-1	-1	-1	-1	-1	-1
31613	436	1	629	23	66	-1	-1	-1	-1	-1	-1	-1	-1	-1	-1	-1	-1	-1	-1	-1	-1	-1
31614	436	1	629	23	66	-1	-1	-1	-1	-1	-1	-1	-1	-1	-1	-1	-1	-1	-1	-1	-1	-1
31615	436	1	629	23	66	-1	-1	-1	-1	-1	-1	-1	-1	-1	-1	-1	-1	-1	-1	-1	-1	-1
31616	436	1	629	23	66	-1	-1	-1	-1	-1	-1	-1	-1	-1	-1	-1	-1	-1	-1	-1	-1	-1
31617	436	1	629	23	66	-1	-1	-1	-1	-1	-1	-1	-1	-1	-1	-1	-1	-1	-1	-1	-1	-1
31618	436	1	629	23	66	-1	-1	-1	-1	-1	-1	-1	-1	-1	-1	-1	-1	-1	-1	-1	-1	-1
31619	436	1	629	23	66	-1	-1	-1	-1	-1	-1	-1	-1	-1	-1	-1	-1	-1	-1	-1	-1	-1
31620	436	1	629	23	66	-1	-1	-1	-1	-1	-1	-1	-1	-1	-1	-1	-1	-1	-1	-1	-1	-1
31621	436	1	629	23	66	-1	-1	-1	-1	-1	-1	-1	-1	-1	-1	-1	-1	-1	-1	-1	-1	-1
31622	436	1	629	23	66	-1	-1	-1	-1	-1	-1	-1	-1	-1	-1	-1	-1	-1	-1	-1	-1	-1
31623	436	1	629	23	66	-1	-1	-1	-1	-1	-1	-1	-1	-1	-1	-1	-1	-1	-1	-1	-1	-1
31624	436	1	629	23	66	-1	-1	-1	-1	-1	-1	-1	-1	-1	-1	-1	-1	-1	-1	-1	-1	-1
31625	436	1	629	23	66	-1	-1	-1	-1	-1	-1	-1	-1	-1	-1	-1	-1	-1	-1	-1	-1	-1
31626	436	1	629	23	66	-1	-1	-1	-1	-1	-1	-1	-1	-1	-1	-1	-1	-1	-1	-1	-1	-1
31627	436	1	629	23	66	-1	-1	-1	-1	-1	-1	-1	-1	-1	-1	-1	-1	-1	-1	-1	-1	-1
31628	436	1	629	23	66	-1	-1	-1	-1	-1	-1	-1	-1	-1	-1	-1	-1	-1	-1	-1	-1	-1
31629	436	1	629	23	66	-1	-1	-1	-1	-1	-1	-1	-1	-1	-1	-1	-1	-1	-1	-1	-1	-1
31630	436	1	629	23	66	-1	-1	-1	-1	-1	-1	-1	-1	-1	-1	-1	-1	-1	-1	-1	-1	-1
31631	436	1	629	23	66	-1	-1	-1	-1	-1	-1	-1	-1	-1	-1	-1	-1	-1	-1	-1	-1	-1
31632	436	1	629	23	66	-1	-1	-1	-1	-1	-1	-1	-1	-1	-1	-1	-1	-1	-1	-1	-1	-1
31633	436	1	629	23	66	-1	-1	-1	-1	-1	-1	-1	-1	-1	-1	-1	-1	-1	-1	-1	-1	-1
31634	436	1	629	23	66	-1	-1	-1	-1	-1	-1	-1	-1	-1	-1	-1	-1	-1	-1	-1	-1	-1
31635	436	1	629	23	66	-1	-1	-1	-1	-1	-1	-1	-1	-1	-1	-1	-1	-1	-1	-1	-1	-1
31636	436	1	629	23	66	-1	-1	-1	-1	-1	-1	-1	-1	-1	-1	-1	-1	-1	-1	-1	-1	-1
31637	436	1	629	23	66	-1	-1	-1	-1	-1	-1	-1	-1	-1	-1	-1	-1	-1	-1	-1	-1	-1
31638	436	1	629	23	66	-1	-1	-1	-1	-1	-1	-1	-1	-1	-1	-1	-1	-1	-1	-1	-1	-1
31639	436	1	629	23	66	-1	-1	-1	-1	-1	-1	-1	-1	-1	-1	-1	-1	-1	-1	-1	-1	-1
31640	436	1	629	23	66	-1	-1	-1	-1	-1	-1	-1	-1	-1	-1	-1	-1	-1	-1	-1	-1	-1
31641	436	1	629	23	66	-1	-1	-1	-1	-1	-1	-1	-1	-1	-1	-1	-1	-1	-1	-1	-1	-1
31642	436	1	629	23	66	-1	-1	-1	-1	-1	-1	-1	-1	-1	-1	-1	-1	-1	-1	-1	-1	-1
31643	436	1	629	23	66	-1	-1	-1	-1	-1	-1	-1	-1	-1	-1	-1	-1	-1	-1	-1	-1	-1
31644	436	1	629	23	66	-1	-1	-1	-1	-1	-1	-1	-1	-1	-1	-1	-1	-1	-1	-1	-1	-1
31645	436	1	629	23	66	-1	-1	-1	-1	-1	-1	-1	-1	-1	-1	-1	-1	-1	-1	-1	-1	-1
31646	436	1	629	23	66	-1	-1	-1	-1	-1	-1	-1	-1	-1	-1	-1	-1	-1	-1	-1	-1	-1
31647	436	1	629	23	66	-1	-1	-1	-1	-1	-1	-1	-1	-1	-1	-1	-1	-1	-1	-1	-1	-1
31648	436	1	629	23	66	-1	-1	-1	-1	-1	-1	-1	-1	-1	-1	-1	-1	-1	-1	-1	-1	-1
31649	436	1	629	23	66	-1	-1	-1	-1	-1	-1	-1	-1	-1	-1	-1	-1	-1	-1	-1	-1	-1
31650	436	1	717	717	717	833	-1	-1	-1	-1	-1	-1	-1	-1	-1	-1	-1	-1	-1	-1	-1	-1
31651	436	1	717	717	717	833	-1	-1	-1	-1	-1	-1	-1	-1	-1	-1	-1	-1	-1	-1	-1	-1
31652	436	1	717	717	717	833	-1	-1	-1	-1	-1	-1	-1	-1	-1	-1	-1	-1	-1	-1	-1	-1
31653	436	1	717	717	717	833	-1	-1	-1	-1	-1	-1	-1	-1	-1	-1	-1	-1	-1	-1	-1	-1
31654	436	1	717	717	717	833	-1	-1	-1	-1	-1	-1	-1	-1	-1	-1	-1	-1	-1	-1	-1	-1
31655	436	1	717	717	717	833	-1	-1	-1	-1	-1	-1	-1	-1	-1	-1	-1	-1	-1	-1	-1	-1
31656	436	1	717	717	717	833	-1	-1	-1	-1	-1	-1	-1	-1	-1	-1	-1	-1	-1	-1	-1	-1
31657	436	1	717	717	717	833	-1	-1	-1	-1	-1	-1	-1	-1	-1	-1	-1	-1	-1	-1	-1	-1
31658	436	1	717	717	717	833	-1	-1	-1	-1	-1	-1	-1	-1	-1	-1	-1	-1	-1	-1	-1	-1
31659	436	1	717	717	717	833	-1	-1	-1	-1	-1	-1	-1	-1	-1	-1	-1	-1	-1	-1	-1	-1
31660	436	1	717	717	717	833	-1	-1	-1	-1	-1	-1	-1	-1	-1	-1	-1	-1	-1	-1	-1	-1
31661	436	1	717	717	717	833	-1	-1	-1	-1	-1	-1	-1	-1	-1	-1	-1	-1	-1	-1	-1	-1
31662	436	1	717	717	717	833	-1	-1	-1	-1	-1	-1	-1	-1	-1	-1	-1	-1	-1	-1	-1	-1
31663	436	1	717	717	717	833	-1	-1	-1	-1	-1	-1	-1	-1	-1	-1	-1	-1	-1	-1	-1	-1
31664	436	1	717	717	717	833	-1	-1	-1	-1	-1	-1	-1	-1	-1	-1	-1	-1	-1	-1	-1	-1
31665	436	1	717	717	717	833	-1	-1	-1	-1	-1	-1	-1	-1	-1	-1	-1	-1	-1	-1	-1	-1
31666	436	1	717	717	717	833	-1	-1	-1	-1	-1	-1	-1	-1	-1	-1	-1	-1	-1	-1	-1	-1
31667	436	1	717	717	717	833	-1	-1	-1	-1	-1	-1	-1	-1	-1	-1	-1	-1	-1	-1	-1	-1
31668	436	1	717	717	717	833	-1	-1	-1	-1	-1	-1	-1	-1	-1	-1	-1	-1	-1	-1	-1	-1
31669	436	1	717	717	717	833	-1	-1	-1	-1	-1	-1	-1	-1	-1	-1	-1	-1	-1	-1	-1	-1
31670	436	1	717	717	717	833	-1	-1	-1	-1	-1	-1	-1	-1	-1	-1	-1	-1	-1	-1	-1	-1
31671	436	1	717	717	717	833	-1	-1	-1	-1	-1	-1	-1	-1	-1	-1	-1	-1	-1	-1	-1	-1
31672	436	1	717	717	717	833	-1	-1	-1	-1	-1	-1	-1	-1	-1	-1	-1	-1	-1	-1	-1	-1
31673	436	1	717	717	717	833	-1	-1	-1	-1	-1	-1	-1	-1	-1	-1	-1	-1	-1	-1	-1	-1
31674	436	1	717	717	717	833	-1	-1	-1	-1	-1	-1	-1	-1	-1	-1	-1	-1	-1	-1	-1	-1
31675	436	1	717	717	717	833	-1	-1	-1	-1	-1	-1	-1	-1	-1	-1	-1	-1	-1	-1	-1	-1
31676	436	1	717	717	717	833	-1	-1	-1	-1	-1	-1	-1	-1	-1	-1	-1	-1	-1	-1	-1	-1
31677	436	1	717	717	717	833	-1	-1	-1	-1	-1	-1	-1	-1	-1	-1	-1	-1	-1	-1	-1	-1
31678	436	1	717	717	717	833	-1	-1	-1	-1	-1	-1	-1	-1	-1	-1	-1	-1	-1	-1	-1	-1
31679	436	1	717	717	717	833	-1	-1	-1	-1	-1	-1	-1	-1	-1	-1	-1	-1	-1	-1	-1	-1
31680	436	1	717	717	717	833	-1	-1	-1	-1	-1	-1	-1	-1	-1	-1	-1	-1	-1	-1	-1	-1
31681	436	1	717	717	717	833	-1	-1	-1	-1	-1	-1	-1	-1	-1	-1	-1	-1	-1	-1	-1	-1
31682	436	1	717	717	717	833	-1	-1	-1	-1	-1	-1	-1	-1	-1	-1	-1	-1	-1	-1	-1	-1
31683	436	1	717	717	717	833	-1	-1	-1	-1	-1	-1	-1	-1	-1	-1	-1	-1	-1	-1	-1	-1
31684	436	1	717	717	717	833	-1	-1	-1	-1	-1	-1	-1	-1	-1	-1	-1	-1	-1	-1	-1	-1
31685	436	1	717	717	717	833	-1	-1	-1	-1	-1	-1	-1	-1	-1	-1	-1	-1	-1	-1	-1	-1
31686	436	1	717	717	717	833	-1	-1	-1	-1	-1	-1	-1	-1	-1	-1	-1	-1	-1	-1	-1	-1
31687	436	1	717	717	717	833	-1	-1	-1	-1	-1	-1	-1	-1	-1	-1	-1	-1	-1	-1	-1	-1
31688	436	1	717	717	717	833	-1	-1	-1	-1	-1	-1	-1	-1	-1	-1	-1	-1	-1	-1	-1	-1
31689	436	1	717	717	717	833	-1	-1	-1	-1	-1	-1	-1	-1	-1	-1	-1	-1	-1	-1	-1	-1
31690	436	1	717	717	717	833	-1	-1	-1	-1	-1	-1	-1	-1	-1	-1	-1	-1	-1	-1	-1	-1
31691	436	1	717	717	717	833	-1	-1	-1	-1	-1	-1	-1	-1	-1	-1	-1	-1	-1	-1	-1	-1
31692	436	1	717	717	717	833	-1	-1	-1	-1	-1	-1	-1	-1	-1	-1	-1	-1	-1	-1	-1	-1
31693	436	1	717	717	717	833	-1	-1	-1	-1	-1	-1	-1	-1	-1	-1	-1	-1	-1	-1	-1	-1
31694	436	1	717	717	717	833	-1	-1	-1	-1	-1	-1	-1	-1	-1	-1	-1	-1	-1	-1	-1	-1
31695	436	1	717	717	717	833	-1	-1	-1	-1	-1	-1	-1	-1	-1	-1	-1	-1	-1	-1	-1	-1
31696	436	1	717	717	717	833	-1	-1	-1	-1	-1	-1	-1	-1	-1	-1	-1	-1	-1	-1	-1	-1
31697	436	1	717	717	717	833	-1	-1	-1	-1	-1	-1	-1	-1	-1	-1	-1	-1	-1	-1	-1	-1
31698	436	1	717	717	717	833	-1	-1	-1	-1	-1	-1	-1	-1	-1	-1	-1	-1	-1	-1	-1	-1
31699	436	1	717	717	717	833	-1	-1	-1	-1	-1	-1	-1	-1	-1	-1	-1	-1	-1	-1	-1	-1
31700	436	1	717	717	717	833	-1	-1	-1	-1	-1	-1	-1	-1	-1	-1	-1	-1	-1	-1	-1	-1
31701	436	1	717	717	717	833	-1	-1	-1	-1	-1	-1	-1	-1	-1	-1	-1	-1	-1	-1	-1	-1
31702	436	1	717	717	717	833	-1	-1	-1	-1	-1	-1	-1	-1	-1	-1	-1	-1	-1	-1	-1	-1
31703	436	1	717	717	717	833	-1	-1	-1	-1	-1	-1	-1	-1	-1	-1	-1	-1	-1	-1	-1	-1
31704	436	1	717	717	717	833	-1	-1	-1	-1	-1	-1	-1	-1	-1	-1	-1	-1	-1	-1	-1	-1
31705	436	1	717	717	717	833	-1	-1	-1	-1	-1	-1	-1	-1	-1	-1	-1	-1	-1	-1	-1	-1
31706	436	1	717	717	717	833	-1	-1	-1	-1	-1	-1	-1	-1	-1	-1	-1	-1	-1	-1	-1	-1
31707	436	1	717	717	717	833	-1	-1	-1	-1	-1	-1	-1	-1	-1	-1	-1	-1	-1	-1	-1	-1
31708	436	1	717	717	717	833	-1	-1	-1	-1	-1	-1	-1	-1	-1	-1	-1	-1	-1	-1	-1	-1
31709	436	1	717	717	717	833	-1	-1	-1	-1	-1	-1	-1	-1	-1	-1	-1	-1	-1	-1	-1	-1
31710	436	1	717	717	717	833	-1	-1	-1	-1	-1	-1	-1	-1	-1	-1	-1	-1	-1	-1	-1	-1
31711	436	1	717	717	717	833	-1	-1	-1	-1	-1	-1	-1	-1	-1	-1	-1	-1	-1	-1	-1	-1
31712	436	1	717	717	717	833	-1	-1	-1	-1	-1	-1	-1	-1	-1	-1	-1	-1	-1	-1	-1	-1
31713	436	1	717	717	717	833	-1	-1	-1	-1	-1	-1	-1	-1	-1	-1	-1	-1	-1	-1	-1	-1
31714	436	1	717	717	717	833	-1	-1	-1	-1	-1	-1	-1	-1	-1	-1	-1	-1	-1	-1	-1	-1
31715	436	1	717	717	717	833	-1	-1	-1	-1	-1	-1	-1	-1	-1	-1	-1	-1	-1	-1	-1	-1
31716	436	1	717	717	717	833	-1	-1	-1	-1	-1	-1	-1	-1	-1	-1	-1	-1	-1	-1	-1	-1
31717	436	1	717	717	717	833	-1	-1	-1	-1	-1	-1	-1	-1	-1	-1	-1	-1	-1	-1	-1	-1
31718	436	1	717	717	717	833	-1	-1	-1	-1	-1	-1	-1	-1	-1	-1	-1	-1	-1	-1	-1	-1
31719	436	1	717	717	717	833	-1	-1	-1	-1	-1	-1	-1	-1	-1	-1	-1	-1	-1	-1	-1	-1
31720	436	1	717	717	717	833	-1	-1	-1	-1	-1	-1	-1	-1	-1	-1	-1	-1	-1	-1	-1	-1
31721	436	1	717	717	717	833	-1	-1	-1	-1	-1	-1	-1	-1	-1	-1	-1	-1	-1	-1	-1	-1
31722	436	1	717	717	717	833	-1	-1	-1	-1	-1	-1	-1	-1	-1	-1	-1	-1	-1	-1	-1	-1
31723	436	1	717	717	717	833	-1	-1	-1	-1	-1	-1	-1	-1	-1	-1	-1	-1	-1	-1	-1	-1
31724	436	1	717	717	717	833	-1	-1	-1	-1	-1	-1	-1	-1	-1	-1	-1	-1	-1	-1	-1	-1
31725	436	1	717	717	717	833	-1	-1	-1	-1	-1	-1	-1	-1	-1	-1	-1	-1	-1	-1	-1	-1
31726	436	1	717	717	717	833	-1	-1	-1	-1	-1	-1	-1	-1	-1	-1	-1	-1	-1	-1	-1	-1
31727	436	1	717	717	717	833	-1	-1	-1	-1	-1	-1	-1	-1	-1	-1	-1	-1	-1	-1	-1	-1
31728	436	1	717	717	717	833	-1	-1	-1	-1	-1	-1	-1	-1	-1	-1	-1	-1	-1	-1	-1	-1
31729	436	1	717	717	717	833	-1	-1	-1	-1	-1	-1	-1	-1	-1	-1	-1	-1	-1	-1	-1	-1
31730	436	1	717	717	717	833	-1	-1	-1	-1	-1	-1	-1	-1	-1	-1	-1	-1	-1	-1	-1	-1
31731	436	1	717	717	717	833	-1	-1	-1	-1	-1	-1	-1	-1	-1	-1	-1	-1	-1	-1	-1	-1
31732	436	1	717	717	717	833	-1	-1	-1	-1	-1	-1	-1	-1	-1	-1	-1	-1	-1	-1	-1	-1
31733	436	1	717	717	717	833	-1	-1	-1	-1	-1	-1	-1	-1	-1	-1	-1	-1	-1	-1	-1	-1
31734	436	1	717	717	717	833	-1	-1	-1	-1	-1	-1	-1	-1	-1	-1	-1	-1	-1	-1	-1	-1
31735	436	1	717	717	717	833	-1	-1	-1	-1	-1	-1	-1	-1	-1	-1	-1	-1	-1	-1	-1	-1
31736	436	1	717	717	717	833	-1	-1	-1	-1	-1	-1	-1	-1	-1	-1	-1	-1	-1	-1	-1	-1
31737	436	1	717	717	717	833	-1	-1	-1	-1	-1	-1	-1	-1	-1	-1	-1	-1	-1	-1	-1	-1
31738	436	1	717	717	717	833	-1	-1	-1	-1	-1	-1	-1	-1	-1	-1	-1	-1	-1	-1	-1	-1
31739	436	1	717	717	717	833	-1	-1	-1	-1	-1	-1	-1	-1	-1	-1	-1	-1	-1	-1	-1	-1
31740	436	1	717	717	717	833	-1	-1	-1	-1	-1	-1	-1	-1	-1	-1	-1	-1	-1	-1	-1	-1
31741	436	1	717	717	717	833	-1	-1	-1	-1	-1	-1	-1	-1	-1	-1	-1	-1	-1	-1	-1	-1
31742	436	1	717	717	717	833	-1	-1	-1	-1	-1	-1	-1	-1	-1	-1	-1	-1	-1	-1	-1	-1
31743	436	1	717	717	717	833	-1	-1	-1	-1	-1	-1	-1	-1	-1	-1	-1	-1	-1	-1	-1	-1
31744	436	1	717	717	717	833	-1	-1	-1	-1	-1	-1	-1	-1	-1	-1	-1	-1	-1	-1	-1	-1
31745	436	1	717	717	717	833	-1	-1	-1	-1	-1	-1	-1	-1	-1	-1	-1	-1	-1	-1	-1	-1
31746	436	1	717	717	717	833	-1	-1	-1	-1	-1	-1	-1	-1	-1	-1	-1	-1	-1	-1	-1	-1
31747	436	1	717	717	717	833	-1	-1	-1	-1	-1	-1	-1	-1	-1	-1	-1	-1	-1	-1	-1	-1
31748	436	1	717	717	717	833	-1	-1	-1	-1	-1	-1	-1	-1	-1	-1	-1	-1	-1	-1	-1	-1
31749	436	1	717	717	717	833	-1	-1	-1	-1	-1	-1	-1	-1	-1	-1	-1	-1	-1	-1	-1	-1
31750	436	1	717	717	717	833	-1	-1	-1	-1	-1	-1	-1	-1	-1	-1	-1	-1	-1	-1	-1	-1
31751	436	1	717	717	717	833	-1	-1	-1	-1	-1	-1	-1	-1	-1	-1	-1	-1	-1	-1	-1	-1
31752	436	1	717	717	717	833	-1	-1	-1	-1	-1	-1	-1	-1	-1	-1	-1	-1	-1	-1	-1	-1
31753	436	1	717	717	717	833	-1	-1	-1	-1	-1	-1	-1	-1	-1	-1	-1	-1	-1	-1	-1	-1
31754	436	1	717	717	717	833	-1	-1	-1	-1	-1	-1	-1	-1	-1	-1	-1	-1	-1	-1	-1	-1
31755	436	1	717	717	717	833	-1	-1	-1	-1	-1	-1	-1	-1	-1	-1	-1	-1	-1	-1	-1	-1
31756	436	1	717	717	717	833	-1	-1	-1	-1	-1	-1	-1	-1	-1	-1	-1	-1	-1	-1	-1	-1
31757	436	1	717	717	717	833	-1	-1	-1	-1	-1	-1	-1	-1	-1	-1	-1	-1	-1	-1	-1	-1
31758	436	1	717	717	717	833	-1	-1	-1	-1	-1	-1	-1	-1	-1	-1	-1	-1	-1	-1	-1	-1
31759	436	1	717	717	717	833	-1	-1	-1	-1	-1	-1	-1	-1	-1	-1	-1	-1	-1	-1	-1	-1
31760	436	1	717	717	717	833	-1	-1	-1	-1	-1	-1	-1	-1	-1	-1	-1	-1	-1	-1	-1	-1
31761	436	1	717	717	717	833	-1	-1	-1	-1	-1	-1	-1	-1	-1	-1	-1	-1	-1	-1	-1	-1
31762	436	1	717	717	717	833	-1	-1	-1	-1	-1	-1	-1	-1	-1	-1	-1	-1	-1	-1	-1	-1
31763	436	1	717	717	717	833	-1	-1	-1	-1	-1	-1	-1	-1	-1	-1	-1	-1	-1	-1	-1	-1
31764	436	1	717	717	717	833	-1	-1	-1	-1	-1	-1	-1	-1	-1	-1	-1	-1	-1	-1	-1	-1
31765	436	1	717	717	717	833	-1	-1	-1	-1	-1	-1	-1	-1	-1	-1	-1	-1	-1	-1	-1	-1
31766	436	1	717	717	717	833	-1	-1	-1	-1	-1	-1	-1	-1	-1	-1	-1	-1	-1	-1	-1	-1
31767	436	1	717	717	717	833	-1	-1	-1	-1	-1	-1	-1	-1	-1	-1	-1	-1	-1	-1	-1	-1
31768	436	1	717	717	717	833	-1	-1	-1	-1	-1	-1	-1	-1	-1	-1	-1	-1	-1	-1	-1	-1
31769	436	1	717	717	717	833	-1	-1	-1	-1	-1	-1	-1	-1	-1	-1	-1	-1	-1	-1	-1	-1
31770	108	1	18422	-1	-1	-1	-1	-1	-1	-1	-1	-1	-1	-1	-1	-1	-1	-1	-1	-1	-1	-1
31771	108	1	18423	-1	-1	-1	-1	-1	-1	-1	-1	-1	-1	-1	-1	-1	-1	-1	-1	-1	-1	-1
31772	108	0	-1	-1	-1	-1	-1	-1	-1	-1	-1	-1	-1	-1	-1	-1	-1	-1	-1	-1	-1	-1
31773	108	0	-1	-1	-1	-1	-1	-1	-1	-1	-1	-1	-1	-1	-1	-1	-1	-1	-1	-1	-1	-1
31774	108	0	-1	-1	-1	-1	-1	-1	-1	-1	-1	-1	-1	-1	-1	-1	-1	-1	-1	-1	-1	-1
31775	108	0	-1	-1	-1	-1	-1	-1	-1	-1	-1	-1	-1	-1	-1	-1	-1	-1	-1	-1	-1	-1
31776	108	0	-1	-1	-1	-1	-1	-1	-1	-1	-1	-1	-1	-1	-1	-1	-1	-1	-1	-1	-1	-1
31777	108	0	-1	-1	-1	-1	-1	-1	-1	-1	-1	-1	-1	-1	-1	-1	-1	-1	-1	-1	-1	-1
31778	108	0	669	629	10025	23	66	15060	-1	-1	-1	-1	-1	-1	-1	-1	-1	-1	-1	-1	-1	-1
31779	108	0	669	629	10025	23	66	15061	-1	-1	-1	-1	-1	-1	-1	-1	-1	-1	-1	-1	-1	-1
31780	108	1	18424	-1	-1	-1	-1	-1	-1	-1	-1	-1	-1	-1	-1	-1	-1	-1	-1	-1	-1	-1
31781	108	1	18425	-1	-1	-1	-1	-1	-1	-1	-1	-1	-1	-1	-1	-1	-1	-1	-1	-1	-1	-1
31782	108	0	669	629	10025	23	66	15054	-1	-1	-1	-1	-1	-1	-1	-1	-1	-1	-1	-1	-1	-1
31783	108	0	669	629	10025	23	66	15055	-1	-1	-1	-1	-1	-1	-1	-1	-1	-1	-1	-1	-1	-1
31784	108	0	669	629	10025	23	66	15056	-1	-1	-1	-1	-1	-1	-1	-1	-1	-1	-1	-1	-1	-1
31785	108	0	669	629	10025	23	66	15057	-1	-1	-1	-1	-1	-1	-1	-1	-1	-1	-1	-1	-1	-1
31786	108	0	669	629	10025	23	66	15058	-1	-1	-1	-1	-1	-1	-1	-1	-1	-1	-1	-1	-1	-1
31787	108	0	669	629	10025	23	66	15059	-1	-1	-1	-1	-1	-1	-1	-1	-1	-1	-1	-1	-1	-1
31788	108	0	669	629	10025	23	66	15060	-1	-1	-1	-1	-1	-1	-1	-1	-1	-1	-1	-1	-1	-1
31789	108	0	669	629	10025	23	66	15061	-1	-1	-1	-1	-1	-1	-1	-1	-1	-1	-1	-1	-1	-1
31790	108	1	629	23	66	18426	-1	-1	-1	-1	-1	-1	-1	-1	-1	-1	-1	-1	-1	-1	-1	-1
31791	108	1	629	23	66	18427	-1	-1	-1	-1	-1	-1	-1	-1	-1	-1	-1	-1	-1	-1	-1	-1
31792	108	1	-1	-1	-1	-1	-1	-1	-1	-1	-1	-1	-1	-1	-1	-1	-1	-1	-1	-1	-1	-1
31793	108	0	-1	-1	-1	-1	-1	-1	-1	-1	-1	-1	-1	-1	-1	-1	-1	-1	-1	-1	-1	-1
31794	108	0	-1	-1	-1	-1	-1	-1	-1	-1	-1	-1	-1	-1	-1	-1	-1	-1	-1	-1	-1	-1
31795	108	0	-1	-1	-1	-1	-1	-1	-1	-1	-1	-1	-1	-1	-1	-1	-1	-1	-1	-1	-1	-1
31796	108	0	-1	-1	-1	-1	-1	-1	-1	-1	-1	-1	-1	-1	-1	-1	-1	-1	-1	-1	-1	-1
31797	108	0	-1	-1	-1	-1	-1	-1	-1	-1	-1	-1	-1	-1	-1	-1	-1	-1	-1	-1	-1	-1
31798	108	0	-1	-1	-1	-1	-1	-1	-1	-1	-1	-1	-1	-1	-1	-1	-1	-1	-1	-1	-1	-1
31799	108	0	-1	-1	-1	-1	-1	-1	-1	-1	-1	-1	-1	-1	-1	-1	-1	-1	-1	-1	-1	-1
31800	108	1	629	23	66	18428	-1	-1	-1	-1	-1	-1	-1	-1	-1	-1	-1	-1	-1	-1	-1	-1
31801	108	1	629	23	66	18429	-1	-1	-1	-1	-1	-1	-1	-1	-1	-1	-1	-1	-1	-1	-1	-1
31802	108	0	-1	-1	-1	-1	-1	-1	-1	-1	-1	-1	-1	-1	-1	-1	-1	-1	-1	-1	-1	-1
31803	108	0	-1	-1	-1	-1	-1	-1	-1	-1	-1	-1	-1	-1	-1	-1	-1	-1	-1	-1	-1	-1
31804	108	0	-1	-1	-1	-1	-1	-1	-1	-1	-1	-1	-1	-1	-1	-1	-1	-1	-1	-1	-1	-1
31805	108	0	-1	-1	-1	-1	-1	-1	-1	-1	-1	-1	-1	-1	-1	-1	-1	-1	-1	-1	-1	-1
31806	108	0	-1	-1	-1	-1	-1	-1	-1	-1	-1	-1	-1	-1	-1	-1	-1	-1	-1	-1	-1	-1
31807	108	0	-1	-1	-1	-1	-1	-1	-1	-1	-1	-1	-1	-1	-1	-1	-1	-1	-1	-1	-1	-1
31808	108	0	-1	-1	-1	-1	-1	-1	-1	-1	-1	-1	-1	-1	-1	-1	-1	-1	-1	-1	-1	-1
31809	108	0	-1	-1	-1	-1	-1	-1	-1	-1	-1	-1	-1	-1	-1	-1	-1	-1	-1	-1	-1	-1
31810	436	1	629	23	66	-1	-1	-1	-1	-1	-1	-1	-1	-1	-1	-1	-1	-1	-1	-1	-1	-1
31811	436	1	629	23	66	-1	-1	-1	-1	-1	-1	-1	-1	-1	-1	-1	-1	-1	-1	-1	-1	-1
31812	436	1	629	23	66	-1	-1	-1	-1	-1	-1	-1	-1	-1	-1	-1	-1	-1	-1	-1	-1	-1
31813	436	1	629	23	66	-1	-1	-1	-1	-1	-1	-1	-1	-1	-1	-1	-1	-1	-1	-1	-1	-1
31814	436	1	629	23	66	-1	-1	-1	-1	-1	-1	-1	-1	-1	-1	-1	-1	-1	-1	-1	-1	-1
31815	436	1	629	23	66	-1	-1	-1	-1	-1	-1	-1	-1	-1	-1	-1	-1	-1	-1	-1	-1	-1
31816	436	1	629	23	66	-1	-1	-1	-1	-1	-1	-1	-1	-1	-1	-1	-1	-1	-1	-1	-1	-1
31817	436	1	629	23	66	-1	-1	-1	-1	-1	-1	-1	-1	-1	-1	-1	-1	-1	-1	-1	-1	-1
31818	436	1	629	23	66	-1	-1	-1	-1	-1	-1	-1	-1	-1	-1	-1	-1	-1	-1	-1	-1	-1
31819	436	1	629	23	66	-1	-1	-1	-1	-1	-1	-1	-1	-1	-1	-1	-1	-1	-1	-1	-1	-1
31820	436	1	629	23	66	-1	-1	-1	-1	-1	-1	-1	-1	-1	-1	-1	-1	-1	-1	-1	-1	-1
31821	436	1	629	23	66	-1	-1	-1	-1	-1	-1	-1	-1	-1	-1	-1	-1	-1	-1	-1	-1	-1
31822	436	1	629	23	66	-1	-1	-1	-1	-1	-1	-1	-1	-1	-1	-1	-1	-1	-1	-1	-1	-1
31823	436	1	629	23	66	-1	-1	-1	-1	-1	-1	-1	-1	-1	-1	-1	-1	-1	-1	-1	-1	-1
31824	436	1	629	23	66	-1	-1	-1	-1	-1	-1	-1	-1	-1	-1	-1	-1	-1	-1	-1	-1	-1
31825	436	1	629	23	66	-1	-1	-1	-1	-1	-1	-1	-1	-1	-1	-1	-1	-1	-1	-1	-1	-1
31826	436	1	629	23	66	-1	-1	-1	-1	-1	-1	-1	-1	-1	-1	-1	-1	-1	-1	-1	-1	-1
31827	436	1	629	23	66	-1	-1	-1	-1	-1	-1	-1	-1	-1	-1	-1	-1	-1	-1	-1	-1	-1
31828	436	1	629	23	66	-1	-1	-1	-1	-1	-1	-1	-1	-1	-1	-1	-1	-1	-1	-1	-1	-1
31829	436	1	629	23	66	-1	-1	-1	-1	-1	-1	-1	-1	-1	-1	-1	-1	-1	-1	-1	-1	-1
31830	436	1	629	23	66	-1	-1	-1	-1	-1	-1	-1	-1	-1	-1	-1	-1	-1	-1	-1	-1	-1
31831	436	1	629	23	66	-1	-1	-1	-1	-1	-1	-1	-1	-1	-1	-1	-1	-1	-1	-1	-1	-1
31832	436	1	629	23	66	-1	-1	-1	-1	-1	-1	-1	-1	-1	-1	-1	-1	-1	-1	-1	-1	-1
31833	436	1	629	23	66	-1	-1	-1	-1	-1	-1	-1	-1	-1	-1	-1	-1	-1	-1	-1	-1	-1
31834	436	1	629	23	66	-1	-1	-1	-1	-1	-1	-1	-1	-1	-1	-1	-1	-1	-1	-1	-1	-1
31835	436	1	629	23	66	-1	-1	-1	-1	-1	-1	-1	-1	-1	-1	-1	-1	-1	-1	-1	-1	-1
31836	436	1	629	23	66	-1	-1	-1	-1	-1	-1	-1	-1	-1	-1	-1	-1	-1	-1	-1	-1	-1
31837	436	1	629	23	66	-1	-1	-1	-1	-1	-1	-1	-1	-1	-1	-1	-1	-1	-1	-1	-1	-1
31838	436	1	629	23	66	-1	-1	-1	-1	-1	-1	-1	-1	-1	-1	-1	-1	-1	-1	-1	-1	-1
31839	436	1	629	23	66	-1	-1	-1	-1	-1	-1	-1	-1	-1	-1	-1	-1	-1	-1	-1	-1	-1
31840	436	1	629	23	66	-1	-1	-1	-1	-1	-1	-1	-1	-1	-1	-1	-1	-1	-1	-1	-1	-1
31841	436	1	629	23	66	-1	-1	-1	-1	-1	-1	-1	-1	-1	-1	-1	-1	-1	-1	-1	-1	-1
31842	436	1	669	629	10025	23	66	-1	-1	-1	-1	-1	-1	-1	-1	-1	-1	-1	-1	-1	-1	-1
31843	436	1	669	629	10025	23	66	-1	-1	-1	-1	-1	-1	-1	-1	-1	-1	-1	-1	-1	-1	-1
31844	436	1	669	629	10025	23	66	-1	-1	-1	-1	-1	-1	-1	-1	-1	-1	-1	-1	-1	-1	-1
31845	436	1	669	629	10025	23	66	-1	-1	-1	-1	-1	-1	-1	-1	-1	-1	-1	-1	-1	-1	-1
31846	436	1	669	629	10025	23	66	-1	-1	-1	-1	-1	-1	-1	-1	-1	-1	-1	-1	-1	-1	-1
31847	436	1	669	629	10025	23	66	-1	-1	-1	-1	-1	-1	-1	-1	-1	-1	-1	-1	-1	-1	-1
31848	436	1	669	629	10025	23	66	-1	-1	-1	-1	-1	-1	-1	-1	-1	-1	-1	-1	-1	-1	-1
31849	436	1	669	629	10025	23	66	-1	-1	-1	-1	-1	-1	-1	-1	-1	-1	-1	-1	-1	-1	-1
31850	10	1	17205	17206	17207	-1	-1	-1	-1	-1	-1	-1	-1	-1	-1	-1	-1	-1	-1	-1	-1	-1
31851	10	1	17207	17206	17205	-1	-1	-1	-1	-1	-1	-1	-1	-1	-1	-1	-1	-1	-1	-1	-1	-1
31852	10	1	-1	-1	-1	-1	-1	-1	-1	-1	-1	-1	-1	-1	-1	-1	-1	-1	-1	-1	-1	-1
31853	10	1	-1	-1	-1	-1	-1	-1	-1	-1	-1	-1	-1	-1	-1	-1	-1	-1	-1	-1	-1	-1
31854	10	1	-1	-1	-1	-1	-1	-1	-1	-1	-1	-1	-1	-1	-1	-1	-1	-1	-1	-1	-1	-1
31855	10	1	-1	-1	-1	-1	-1	-1	-1	-1	-1	-1	-1	-1	-1	-1	-1	-1	-1	-1	-1	-1
31856	10	1	-1	-1	-1	-1	-1	-1	-1	-1	-1	-1	-1	-1	-1	-1	-1	-1	-1	-1	-1	-1
31857	10	1	-1	-1	-1	-1	-1	-1	-1	-1	-1	-1	-1	-1	-1	-1	-1	-1	-1	-1	-1	-1
31858	10	1	-1	-1	-1	-1	-1	-1	-1	-1	-1	-1	-1	-1	-1	-1	-1	-1	-1	-1	-1	-1
31859	10	1	-1	-1	-1	-1	-1	-1	-1	-1	-1	-1	-1	-1	-1	-1	-1	-1	-1	-1	-1	-1
31860	108	0	629	66	78	-1	-1	-1	-1	-1	-1	-1	-1	-1	-1	-1	-1	-1	-1	-1	-1	-1
31861	108	0	629	66	78	-1	-1	-1	-1	-1	-1	-1	-1	-1	-1	-1	-1	-1	-1	-1	-1	-1
31862	108	0	629	66	78	-1	-1	-1	-1	-1	-1	-1	-1	-1	-1	-1	-1	-1	-1	-1	-1	-1
31863	108	0	669	629	10025	66	78	-1	-1	-1	-1	-1	-1	-1	-1	-1	-1	-1	-1	-1	-1	-1
31864	108	0	669	629	10025	66	78	-1	-1	-1	-1	-1	-1	-1	-1	-1	-1	-1	-1	-1	-1	-1
31865	108	0	669	629	10025	66	78	-1	-1	-1	-1	-1	-1	-1	-1	-1	-1	-1	-1	-1	-1	-1
31866	108	0	669	629	10025	66	78	-1	-1	-1	-1	-1	-1	-1	-1	-1	-1	-1	-1	-1	-1	-1
31867	108	0	669	629	10025	66	78	-1	-1	-1	-1	-1	-1	-1	-1	-1	-1	-1	-1	-1	-1	-1
31868	108	0	669	629	10025	66	78	-1	-1	-1	-1	-1	-1	-1	-1	-1	-1	-1	-1	-1	-1	-1
31869	108	0	669	629	10025	66	78	-1	-1	-1	-1	-1	-1	-1	-1	-1	-1	-1	-1	-1	-1	-1
31870	436	1	629	66	78	312	-1	-1	-1	-1	-1	-1	-1	-1	-1	-1	-1	-1	-1	-1	-1	-1
31871	436	1	629	66	78	-1	-1	-1	-1	-1	-1	-1	-1	-1	-1	-1	-1	-1	-1	-1	-1	-1
31872	436	1	669	629	10025	66	78	312	-1	-1	-1	-1	-1	-1	-1	-1	-1	-1	-1	-1	-1	-1
31873	436	1	669	629	10025	66	78	312	-1	-1	-1	-1	-1	-1	-1	-1	-1	-1	-1	-1	-1	-1
31874	436	1	669	629	10025	66	78	312	-1	-1	-1	-1	-1	-1	-1	-1	-1	-1	-1	-1	-1	-1
31875	436	1	669	629	10025	66	78	312	-1	-1	-1	-1	-1	-1	-1	-1	-1	-1	-1	-1	-1	-1
31876	436	1	669	629	10025	66	78	312	-1	-1	-1	-1	-1	-1	-1	-1	-1	-1	-1	-1	-1	-1
31877	436	1	669	629	10025	66	78	312	-1	-1	-1	-1	-1	-1	-1	-1	-1	-1	-1	-1	-1	-1
31878	436	1	669	629	10025	66	78	312	-1	-1	-1	-1	-1	-1	-1	-1	-1	-1	-1	-1	-1	-1
31879	436	1	669	629	10025	66	78	312	-1	-1	-1	-1	-1	-1	-1	-1	-1	-1	-1	-1	-1	-1
31880	0	0	620	-1	-1	-1	-1	-1	-1	-1	-1	-1	-1	-1	-1	-1	-1	-1	-1	-1	-1	-1
31881	0	0	620	-1	-1	-1	-1	-1	-1	-1	-1	-1	-1	-1	-1	-1	-1	-1	-1	-1	-1	-1
31882	0	0	620	-1	-1	-1	-1	-1	-1	-1	-1	-1	-1	-1	-1	-1	-1	-1	-1	-1	-1	-1
31883	0	0	680	660	620	-1	-1	-1	-1	-1	-1	-1	-1	-1	-1	-1	-1	-1	-1	-1	-1	-1
31884	0	0	680	660	620	-1	-1	-1	-1	-1	-1	-1	-1	-1	-1	-1	-1	-1	-1	-1	-1	-1
31885	0	0	680	660	620	-1	-1	-1	-1	-1	-1	-1	-1	-1	-1	-1	-1	-1	-1	-1	-1	-1
31886	0	0	680	660	620	-1	-1	-1	-1	-1	-1	-1	-1	-1	-1	-1	-1	-1	-1	-1	-1	-1
31887	0	0	680	660	620	-1	-1	-1	-1	-1	-1	-1	-1	-1	-1	-1	-1	-1	-1	-1	-1	-1
31888	0	0	680	660	620	-1	-1	-1	-1	-1	-1	-1	-1	-1	-1	-1	-1	-1	-1	-1	-1	-1
31889	0	0	680	660	620	-1	-1	-1	-1	-1	-1	-1	-1	-1	-1	-1	-1	-1	-1	-1	-1	-1
31890	0	0	680	660	620	-1	-1	-1	-1	-1	-1	-1	-1	-1	-1	-1	-1	-1	-1	-1	-1	-1
31891	0	0	680	660	620	-1	-1	-1	-1	-1	-1	-1	-1	-1	-1	-1	-1	-1	-1	-1	-1	-1
31892	0	0	680	660	620	-1	-1	-1	-1	-1	-1	-1	-1	-1	-1	-1	-1	-1	-1	-1	-1	-1
31893	0	0	680	660	620	-1	-1	-1	-1	-1	-1	-1	-1	-1	-1	-1	-1	-1	-1	-1	-1	-1
31894	0	0	680	660	620	-1	-1	-1	-1	-1	-1	-1	-1	-1	-1	-1	-1	-1	-1	-1	-1	-1
31895	0	0	680	660	620	-1	-1	-1	-1	-1	-1	-1	-1	-1	-1	-1	-1	-1	-1	-1	-1	-1
31896	0	0	680	660	620	-1	-1	-1	-1	-1	-1	-1	-1	-1	-1	-1	-1	-1	-1	-1	-1	-1
31897	0	0	680	660	620	-1	-1	-1	-1	-1	-1	-1	-1	-1	-1	-1	-1	-1	-1	-1	-1	-1
31898	0	0	680	660	620	-1	-1	-1	-1	-1	-1	-1	-1	-1	-1	-1	-1	-1	-1	-1	-1	-1
31899	0	0	680	660	620	-1	-1	-1	-1	-1	-1	-1	-1	-1	-1	-1	-1	-1	-1	-1	-1	-1
32390	10	1	21	-1	-1	-1	-1	-1	-1	-1	-1	-1	-1	-1	-1	-1	-1	-1	-1	-1	-1	-1
32391	10	1	21	-1	-1	-1	-1	-1	-1	-1	-1	-1	-1	-1	-1	-1	-1	-1	-1	-1	-1	-1
32392	10	1	21	-1	-1	-1	-1	-1	-1	-1	-1	-1	-1	-1	-1	-1	-1	-1	-1	-1	-1	-1
32393	10	1	21	-1	-1	-1	-1	-1	-1	-1	-1	-1	-1	-1	-1	-1	-1	-1	-1	-1	-1	-1
32394	10	1	21	-1	-1	-1	-1	-1	-1	-1	-1	-1	-1	-1	-1	-1	-1	-1	-1	-1	-1	-1
32395	10	1	21	-1	-1	-1	-1	-1	-1	-1	-1	-1	-1	-1	-1	-1	-1	-1	-1	-1	-1	-1
32396	10	1	21	-1	-1	-1	-1	-1	-1	-1	-1	-1	-1	-1	-1	-1	-1	-1	-1	-1	-1	-1
32397	10	1	21	-1	-1	-1	-1	-1	-1	-1	-1	-1	-1	-1	-1	-1	-1	-1	-1	-1	-1	-1
32398	10	1	21	-1	-1	-1	-1	-1	-1	-1	-1	-1	-1	-1	-1	-1	-1	-1	-1	-1	-1	-1
32399	10	1	21	-1	-1	-1	-1	-1	-1	-1	-1	-1	-1	-1	-1	-1	-1	-1	-1	-1	-1	-1
32490	436	1	717	-1	-1	-1	-1	-1	-1	-1	-1	-1	-1	-1	-1	-1	-1	-1	-1	-1	-1	-1
32491	436	1	717	-1	-1	-1	-1	-1	-1	-1	-1	-1	-1	-1	-1	-1	-1	-1	-1	-1	-1	-1
32492	436	1	717	-1	-1	-1	-1	-1	-1	-1	-1	-1	-1	-1	-1	-1	-1	-1	-1	-1	-1	-1
32493	436	1	717	-1	-1	-1	-1	-1	-1	-1	-1	-1	-1	-1	-1	-1	-1	-1	-1	-1	-1	-1
32494	436	1	717	-1	-1	-1	-1	-1	-1	-1	-1	-1	-1	-1	-1	-1	-1	-1	-1	-1	-1	-1
32495	436	1	717	-1	-1	-1	-1	-1	-1	-1	-1	-1	-1	-1	-1	-1	-1	-1	-1	-1	-1	-1
32496	436	1	717	-1	-1	-1	-1	-1	-1	-1	-1	-1	-1	-1	-1	-1	-1	-1	-1	-1	-1	-1
32497	436	1	717	-1	-1	-1	-1	-1	-1	-1	-1	-1	-1	-1	-1	-1	-1	-1	-1	-1	-1	-1
32498	436	1	717	-1	-1	-1	-1	-1	-1	-1	-1	-1	-1	-1	-1	-1	-1	-1	-1	-1	-1	-1
32499	436	1	717	-1	-1	-1	-1	-1	-1	-1	-1	-1	-1	-1	-1	-1	-1	-1	-1	-1	-1	-1
32510	436	0	-1	-1	-1	-1	-1	-1	-1	-1	-1	-1	-1	-1	-1	-1	-1	-1	-1	-1	-1	-1
32511	436	0	-1	-1	-1	-1	-1	-1	-1	-1	-1	-1	-1	-1	-1	-1	-1	-1	-1	-1	-1	-1
32512	436	0	-1	-1	-1	-1	-1	-1	-1	-1	-1	-1	-1	-1	-1	-1	-1	-1	-1	-1	-1	-1
32513	436	0	-1	-1	-1	-1	-1	-1	-1	-1	-1	-1	-1	-1	-1	-1	-1	-1	-1	-1	-1	-1
32514	436	0	-1	-1	-1	-1	-1	-1	-1	-1	-1	-1	-1	-1	-1	-1	-1	-1	-1	-1	-1	-1
32515	436	0	669	629	10025	23	66	-1	-1	-1	-1	-1	-1	-1	-1	-1	-1	-1	-1	-1	-1	-1
32516	436	0	669	629	10025	23	66	-1	-1	-1	-1	-1	-1	-1	-1	-1	-1	-1	-1	-1	-1	-1
32517	436	0	669	629	10025	23	66	-1	-1	-1	-1	-1	-1	-1	-1	-1	-1	-1	-1	-1	-1	-1
32518	436	0	669	629	10025	23	66	-1	-1	-1	-1	-1	-1	-1	-1	-1	-1	-1	-1	-1	-1	-1
32519	436	0	669	629	10025	23	66	-1	-1	-1	-1	-1	-1	-1	-1	-1	-1	-1	-1	-1	-1	-1
32520	436	1	629	23	66	-1	-1	-1	-1	-1	-1	-1	-1	-1	-1	-1	-1	-1	-1	-1	-1	-1
32521	436	1	629	23	66	-1	-1	-1	-1	-1	-1	-1	-1	-1	-1	-1	-1	-1	-1	-1	-1	-1
32522	436	1	669	629	10025	23	66	-1	-1	-1	-1	-1	-1	-1	-1	-1	-1	-1	-1	-1	-1	-1
32523	436	1	669	629	10025	23	66	-1	-1	-1	-1	-1	-1	-1	-1	-1	-1	-1	-1	-1	-1	-1
32524	436	1	669	629	10025	23	66	-1	-1	-1	-1	-1	-1	-1	-1	-1	-1	-1	-1	-1	-1	-1
32525	436	1	669	629	10025	23	66	-1	-1	-1	-1	-1	-1	-1	-1	-1	-1	-1	-1	-1	-1	-1
32526	436	1	669	629	10025	23	66	-1	-1	-1	-1	-1	-1	-1	-1	-1	-1	-1	-1	-1	-1	-1
32527	436	1	669	629	10025	23	66	-1	-1	-1	-1	-1	-1	-1	-1	-1	-1	-1	-1	-1	-1	-1
32528	436	1	669	629	10025	23	66	-1	-1	-1	-1	-1	-1	-1	-1	-1	-1	-1	-1	-1	-1	-1
32529	436	1	669	629	10025	23	66	-1	-1	-1	-1	-1	-1	-1	-1	-1	-1	-1	-1	-1	-1	-1
32530	10	1	792	822	9117	17226	18430	-1	-1	-1	-1	-1	-1	-1	-1	-1	-1	-1	-1	-1	-1	-1
32531	10	1	792	822	9117	17226	18431	-1	-1	-1	-1	-1	-1	-1	-1	-1	-1	-1	-1	-1	-1	-1
32532	10	1	792	822	9117	17226	-1	-1	-1	-1	-1	-1	-1	-1	-1	-1	-1	-1	-1	-1	-1	-1
32533	10	1	792	812	822	823	9117	-1	-1	-1	-1	-1	-1	-1	-1	-1	-1	-1	-1	-1	-1	-1
32534	10	1	792	812	822	823	9117	-1	-1	-1	-1	-1	-1	-1	-1	-1	-1	-1	-1	-1	-1	-1
32535	10	1	792	812	822	823	9117	-1	-1	-1	-1	-1	-1	-1	-1	-1	-1	-1	-1	-1	-1	-1
32536	10	1	792	812	822	823	9117	-1	-1	-1	-1	-1	-1	-1	-1	-1	-1	-1	-1	-1	-1	-1
32537	10	1	792	812	822	823	9117	-1	-1	-1	-1	-1	-1	-1	-1	-1	-1	-1	-1	-1	-1	-1
32538	10	1	792	812	822	823	9117	-1	-1	-1	-1	-1	-1	-1	-1	-1	-1	-1	-1	-1	-1	-1
32539	10	1	792	812	822	823	9117	-1	-1	-1	-1	-1	-1	-1	-1	-1	-1	-1	-1	-1	-1	-1
33500	436	1	629	66	78	-1	-1	-1	-1	-1	-1	-1	-1	-1	-1	-1	-1	-1	-1	-1	-1	-1
33501	436	1	629	66	78	-1	-1	-1	-1	-1	-1	-1	-1	-1	-1	-1	-1	-1	-1	-1	-1	-1
33502	436	1	629	66	78	-1	-1	-1	-1	-1	-1	-1	-1	-1	-1	-1	-1	-1	-1	-1	-1	-1
33503	436	1	669	629	10025	66	78	-1	-1	-1	-1	-1	-1	-1	-1	-1	-1	-1	-1	-1	-1	-1
33504	436	1	669	629	10025	66	78	-1	-1	-1	-1	-1	-1	-1	-1	-1	-1	-1	-1	-1	-1	-1
33505	436	1	669	629	10025	66	78	-1	-1	-1	-1	-1	-1	-1	-1	-1	-1	-1	-1	-1	-1	-1
33506	436	1	669	629	10025	66	78	-1	-1	-1	-1	-1	-1	-1	-1	-1	-1	-1	-1	-1	-1	-1
33507	436	1	669	629	10025	66	78	-1	-1	-1	-1	-1	-1	-1	-1	-1	-1	-1	-1	-1	-1	-1
33508	436	1	669	629	10025	66	78	-1	-1	-1	-1	-1	-1	-1	-1	-1	-1	-1	-1	-1	-1	-1
33509	436	1	669	629	10025	66	78	-1	-1	-1	-1	-1	-1	-1	-1	-1	-1	-1	-1	-1	-1	-1
33510	436	1	1376	1386	17292	17293	17294	17295	17296	17297	17298	17299	17300	18519	-1	-1	-1	-1	-1	-1	-1	-1
33511	436	1	1376	1386	17300	17299	17298	17297	17296	17295	17294	17293	17292	18520	-1	-1	-1	-1	-1	-1	-1	-1
33512	436	1	1376	1386	17292	17293	17294	17295	17296	17297	17298	17299	17300	-1	-1	-1	-1	-1	-1	-1	-1	-1
33513	436	1	1376	1386	1396	1697	-1	-1	-1	-1	-1	-1	-1	-1	-1	-1	-1	-1	-1	-1	-1	-1
33514	436	1	1376	1386	1396	1697	-1	-1	-1	-1	-1	-1	-1	-1	-1	-1	-1	-1	-1	-1	-1	-1
33515	436	1	1376	1386	1396	1697	-1	-1	-1	-1	-1	-1	-1	-1	-1	-1	-1	-1	-1	-1	-1	-1
33516	436	1	1376	1386	1396	1697	-1	-1	-1	-1	-1	-1	-1	-1	-1	-1	-1	-1	-1	-1	-1	-1
33517	436	1	1376	1386	1396	1697	-1	-1	-1	-1	-1	-1	-1	-1	-1	-1	-1	-1	-1	-1	-1	-1
33518	436	1	1376	1386	1396	1697	-1	-1	-1	-1	-1	-1	-1	-1	-1	-1	-1	-1	-1	-1	-1	-1
33519	436	1	1376	1386	1396	1697	-1	-1	-1	-1	-1	-1	-1	-1	-1	-1	-1	-1	-1	-1	-1	-1
33520	436	1	629	66	78	-1	-1	-1	-1	-1	-1	-1	-1	-1	-1	-1	-1	-1	-1	-1	-1	-1
33521	436	1	629	66	78	-1	-1	-1	-1	-1	-1	-1	-1	-1	-1	-1	-1	-1	-1	-1	-1	-1
33522	436	1	629	66	78	-1	-1	-1	-1	-1	-1	-1	-1	-1	-1	-1	-1	-1	-1	-1	-1	-1
33523	436	1	669	629	10025	66	78	-1	-1	-1	-1	-1	-1	-1	-1	-1	-1	-1	-1	-1	-1	-1
33524	436	1	669	629	10025	66	78	-1	-1	-1	-1	-1	-1	-1	-1	-1	-1	-1	-1	-1	-1	-1
33525	436	1	669	629	10025	66	78	-1	-1	-1	-1	-1	-1	-1	-1	-1	-1	-1	-1	-1	-1	-1
33526	436	1	669	629	10025	66	78	-1	-1	-1	-1	-1	-1	-1	-1	-1	-1	-1	-1	-1	-1	-1
33527	436	1	669	629	10025	66	78	-1	-1	-1	-1	-1	-1	-1	-1	-1	-1	-1	-1	-1	-1	-1
33528	436	1	669	629	10025	66	78	-1	-1	-1	-1	-1	-1	-1	-1	-1	-1	-1	-1	-1	-1	-1
33529	436	1	669	629	10025	66	78	-1	-1	-1	-1	-1	-1	-1	-1	-1	-1	-1	-1	-1	-1	-1
33530	0	0	680	10025	-1	-1	-1	-1	-1	-1	-1	-1	-1	-1	-1	-1	-1	-1	-1	-1	-1	-1
33531	0	0	680	10025	-1	-1	-1	-1	-1	-1	-1	-1	-1	-1	-1	-1	-1	-1	-1	-1	-1	-1
33532	0	0	680	10025	-1	-1	-1	-1	-1	-1	-1	-1	-1	-1	-1	-1	-1	-1	-1	-1	-1	-1
33533	0	0	680	10025	-1	-1	-1	-1	-1	-1	-1	-1	-1	-1	-1	-1	-1	-1	-1	-1	-1	-1
33534	0	0	680	10025	-1	-1	-1	-1	-1	-1	-1	-1	-1	-1	-1	-1	-1	-1	-1	-1	-1	-1
33535	0	0	680	10025	-1	-1	-1	-1	-1	-1	-1	-1	-1	-1	-1	-1	-1	-1	-1	-1	-1	-1
33536	0	0	680	10025	-1	-1	-1	-1	-1	-1	-1	-1	-1	-1	-1	-1	-1	-1	-1	-1	-1	-1
33537	0	0	680	10025	-1	-1	-1	-1	-1	-1	-1	-1	-1	-1	-1	-1	-1	-1	-1	-1	-1	-1
33538	0	0	680	10025	-1	-1	-1	-1	-1	-1	-1	-1	-1	-1	-1	-1	-1	-1	-1	-1	-1	-1
33539	0	0	680	10025	-1	-1	-1	-1	-1	-1	-1	-1	-1	-1	-1	-1	-1	-1	-1	-1	-1	-1
33540	0	0	680	10025	-1	-1	-1	-1	-1	-1	-1	-1	-1	-1	-1	-1	-1	-1	-1	-1	-1	-1
33541	0	0	680	10025	-1	-1	-1	-1	-1	-1	-1	-1	-1	-1	-1	-1	-1	-1	-1	-1	-1	-1
33542	0	0	680	10025	-1	-1	-1	-1	-1	-1	-1	-1	-1	-1	-1	-1	-1	-1	-1	-1	-1	-1
33543	0	0	680	10025	-1	-1	-1	-1	-1	-1	-1	-1	-1	-1	-1	-1	-1	-1	-1	-1	-1	-1
33544	0	0	680	10025	-1	-1	-1	-1	-1	-1	-1	-1	-1	-1	-1	-1	-1	-1	-1	-1	-1	-1
33545	0	0	680	10025	-1	-1	-1	-1	-1	-1	-1	-1	-1	-1	-1	-1	-1	-1	-1	-1	-1	-1
33546	0	0	680	10025	-1	-1	-1	-1	-1	-1	-1	-1	-1	-1	-1	-1	-1	-1	-1	-1	-1	-1
33547	0	0	680	10025	-1	-1	-1	-1	-1	-1	-1	-1	-1	-1	-1	-1	-1	-1	-1	-1	-1	-1
33548	0	0	680	10025	-1	-1	-1	-1	-1	-1	-1	-1	-1	-1	-1	-1	-1	-1	-1	-1	-1	-1
33549	0	0	680	10025	-1	-1	-1	-1	-1	-1	-1	-1	-1	-1	-1	-1	-1	-1	-1	-1	-1	-1
33640	108	0	66	78	629	-1	-1	-1	-1	-1	-1	-1	-1	-1	-1	-1	-1	-1	-1	-1	-1	-1
33641	108	0	66	78	-1	-1	-1	-1	-1	-1	-1	-1	-1	-1	-1	-1	-1	-1	-1	-1	-1	-1
33642	108	0	66	78	-1	-1	-1	-1	-1	-1	-1	-1	-1	-1	-1	-1	-1	-1	-1	-1	-1	-1
33643	108	0	10025	66	78	629	669	1673	2023	2045	2067	15018	-1	-1	-1	-1	-1	-1	-1	-1	-1	-1
33644	108	0	10025	66	78	629	669	1673	2023	2045	2067	15019	-1	-1	-1	-1	-1	-1	-1	-1	-1	-1
33645	108	0	10025	66	78	629	669	1673	2023	2045	2067	15020	-1	-1	-1	-1	-1	-1	-1	-1	-1	-1
33646	108	0	10025	66	78	629	669	1673	2023	2045	2067	15021	-1	-1	-1	-1	-1	-1	-1	-1	-1	-1
33647	108	0	10025	66	78	629	669	1673	2023	2045	2067	15022	-1	-1	-1	-1	-1	-1	-1	-1	-1	-1
33648	108	0	10025	66	78	629	669	1673	2023	2045	2067	15023	-1	-1	-1	-1	-1	-1	-1	-1	-1	-1
33649	108	0	10025	66	78	629	669	1673	2023	2045	2067	15024	-1	-1	-1	-1	-1	-1	-1	-1	-1	-1
33650	436	1	17398	17399	17400	17401	17402	17403	17405	17406	17404	18512	18699	-1	-1	-1	-1	-1	-1	-1	-1	-1
33651	436	1	17406	17405	17404	17403	17402	17401	17400	17399	17398	18513	18700	-1	-1	-1	-1	-1	-1	-1	-1	-1
33652	436	1	699	1582	1310	1592	11279	2034	2056	2078	15035	11322	-1	-1	-1	-1	-1	-1	-1	-1	-1	-1
33653	436	1	699	1582	1310	1592	11279	2034	2056	2078	15036	11322	-1	-1	-1	-1	-1	-1	-1	-1	-1	-1
33654	436	1	699	1582	1310	1592	11279	2034	2056	2078	15037	11322	-1	-1	-1	-1	-1	-1	-1	-1	-1	-1
33655	436	1	699	1582	1310	1592	11279	2034	2056	2078	15038	11322	-1	-1	-1	-1	-1	-1	-1	-1	-1	-1
33656	436	1	699	1582	1310	1592	11279	2034	2056	2078	15039	11322	-1	-1	-1	-1	-1	-1	-1	-1	-1	-1
33657	436	1	699	1582	1310	1592	11279	2034	2056	2078	15040	11322	-1	-1	-1	-1	-1	-1	-1	-1	-1	-1
33658	436	1	699	1582	1310	1592	11279	2034	2056	2078	15041	11322	-1	-1	-1	-1	-1	-1	-1	-1	-1	-1
33659	436	1	699	1582	1310	1592	11279	2034	2056	2078	15042	11322	-1	-1	-1	-1	-1	-1	-1	-1	-1	-1
33660	108	0	66	78	629	1332	1333	-1	-1	-1	-1	-1	-1	-1	-1	-1	-1	-1	-1	-1	-1	-1
33661	108	0	66	78	629	1332	1333	-1	-1	-1	-1	-1	-1	-1	-1	-1	-1	-1	-1	-1	-1	-1
33662	108	0	66	78	629	1332	1333	-1	-1	-1	-1	-1	-1	-1	-1	-1	-1	-1	-1	-1	-1	-1
33663	108	0	10025	66	78	629	669	873	1332	1333	2023	2045	2067	15018	-1	-1	-1	-1	-1	-1	-1	-1
33664	108	0	10025	66	78	629	669	873	1332	1333	2023	2045	2067	15019	-1	-1	-1	-1	-1	-1	-1	-1
33665	108	0	10025	66	78	629	669	873	1332	1333	2023	2045	2067	15020	-1	-1	-1	-1	-1	-1	-1	-1
33666	108	0	10025	66	78	629	669	873	1332	1333	2023	2045	2067	15021	-1	-1	-1	-1	-1	-1	-1	-1
33667	108	0	10025	66	78	629	669	873	1332	1333	2023	2045	2067	15022	-1	-1	-1	-1	-1	-1	-1	-1
33668	108	0	10025	66	78	629	669	873	1332	1333	2023	2045	2067	15023	-1	-1	-1	-1	-1	-1	-1	-1
33669	108	0	10025	66	78	629	669	873	1332	1333	2023	2045	2067	15024	-1	-1	-1	-1	-1	-1	-1	-1
33670	436	1	17556	17557	17558	17559	17560	17561	17562	17563	17564	17565	17566	-1	-1	-1	-1	-1	-1	-1	-1	-1
33671	436	1	17566	17565	17564	17563	17562	17561	17560	17559	17558	17557	17556	-1	-1	-1	-1	-1	-1	-1	-1	-1
33672	436	1	883	699	707	1547	1548	2034	2056	2078	15035	11322	-1	-1	-1	-1	-1	-1	-1	-1	-1	-1
33673	436	1	883	699	707	1547	1548	2034	2056	2078	15036	11322	-1	-1	-1	-1	-1	-1	-1	-1	-1	-1
33674	436	1	883	699	707	1547	1548	2034	2056	2078	15037	11322	-1	-1	-1	-1	-1	-1	-1	-1	-1	-1
33675	436	1	883	699	707	1547	1548	2034	2056	2078	15038	11322	-1	-1	-1	-1	-1	-1	-1	-1	-1	-1
33676	436	1	883	699	707	1547	1548	2034	2056	2078	15039	11322	-1	-1	-1	-1	-1	-1	-1	-1	-1	-1
33677	436	1	883	699	707	1547	1548	2034	2056	2078	15040	11322	-1	-1	-1	-1	-1	-1	-1	-1	-1	-1
33678	436	1	883	699	707	1547	1548	2034	2056	2078	15041	11322	-1	-1	-1	-1	-1	-1	-1	-1	-1	-1
33679	436	1	883	699	707	1547	1548	2034	2056	2078	15042	11322	-1	-1	-1	-1	-1	-1	-1	-1	-1	-1
33680	63	1	1817	-1	-1	-1	-1	-1	-1	-1	-1	-1	-1	-1	-1	-1	-1	-1	-1	-1	-1	-1
33681	63	1	1817	-1	-1	-1	-1	-1	-1	-1	-1	-1	-1	-1	-1	-1	-1	-1	-1	-1	-1	-1
33682	63	0	1817	-1	-1	-1	-1	-1	-1	-1	-1	-1	-1	-1	-1	-1	-1	-1	-1	-1	-1	-1
33683	63	0	1817	-1	-1	-1	-1	-1	-1	-1	-1	-1	-1	-1	-1	-1	-1	-1	-1	-1	-1	-1
33684	63	0	1817	-1	-1	-1	-1	-1	-1	-1	-1	-1	-1	-1	-1	-1	-1	-1	-1	-1	-1	-1
33685	63	0	1817	-1	-1	-1	-1	-1	-1	-1	-1	-1	-1	-1	-1	-1	-1	-1	-1	-1	-1	-1
33686	63	0	1817	-1	-1	-1	-1	-1	-1	-1	-1	-1	-1	-1	-1	-1	-1	-1	-1	-1	-1	-1
33687	63	0	1817	-1	-1	-1	-1	-1	-1	-1	-1	-1	-1	-1	-1	-1	-1	-1	-1	-1	-1	-1
33688	63	0	1817	-1	-1	-1	-1	-1	-1	-1	-1	-1	-1	-1	-1	-1	-1	-1	-1	-1	-1	-1
33689	63	0	1817	-1	-1	-1	-1	-1	-1	-1	-1	-1	-1	-1	-1	-1	-1	-1	-1	-1	-1	-1
33690	63	1	1817	-1	-1	-1	-1	-1	-1	-1	-1	-1	-1	-1	-1	-1	-1	-1	-1	-1	-1	-1
33691	63	1	1817	-1	-1	-1	-1	-1	-1	-1	-1	-1	-1	-1	-1	-1	-1	-1	-1	-1	-1	-1
33692	63	0	1817	-1	-1	-1	-1	-1	-1	-1	-1	-1	-1	-1	-1	-1	-1	-1	-1	-1	-1	-1
33693	63	0	1817	-1	-1	-1	-1	-1	-1	-1	-1	-1	-1	-1	-1	-1	-1	-1	-1	-1	-1	-1
33694	63	0	1817	-1	-1	-1	-1	-1	-1	-1	-1	-1	-1	-1	-1	-1	-1	-1	-1	-1	-1	-1
33695	63	0	1817	-1	-1	-1	-1	-1	-1	-1	-1	-1	-1	-1	-1	-1	-1	-1	-1	-1	-1	-1
33696	63	0	1817	-1	-1	-1	-1	-1	-1	-1	-1	-1	-1	-1	-1	-1	-1	-1	-1	-1	-1	-1
33697	63	0	1817	-1	-1	-1	-1	-1	-1	-1	-1	-1	-1	-1	-1	-1	-1	-1	-1	-1	-1	-1
33698	63	0	1817	-1	-1	-1	-1	-1	-1	-1	-1	-1	-1	-1	-1	-1	-1	-1	-1	-1	-1	-1
33699	63	0	1817	-1	-1	-1	-1	-1	-1	-1	-1	-1	-1	-1	-1	-1	-1	-1	-1	-1	-1	-1
33700	63	1	1817	-1	-1	-1	-1	-1	-1	-1	-1	-1	-1	-1	-1	-1	-1	-1	-1	-1	-1	-1
33701	63	1	1817	-1	-1	-1	-1	-1	-1	-1	-1	-1	-1	-1	-1	-1	-1	-1	-1	-1	-1	-1
33702	63	0	1817	-1	-1	-1	-1	-1	-1	-1	-1	-1	-1	-1	-1	-1	-1	-1	-1	-1	-1	-1
33703	63	0	1817	-1	-1	-1	-1	-1	-1	-1	-1	-1	-1	-1	-1	-1	-1	-1	-1	-1	-1	-1
33704	63	0	1817	-1	-1	-1	-1	-1	-1	-1	-1	-1	-1	-1	-1	-1	-1	-1	-1	-1	-1	-1
33705	63	0	1817	-1	-1	-1	-1	-1	-1	-1	-1	-1	-1	-1	-1	-1	-1	-1	-1	-1	-1	-1
33706	63	0	1817	-1	-1	-1	-1	-1	-1	-1	-1	-1	-1	-1	-1	-1	-1	-1	-1	-1	-1	-1
33707	63	0	1817	-1	-1	-1	-1	-1	-1	-1	-1	-1	-1	-1	-1	-1	-1	-1	-1	-1	-1	-1
33708	63	0	1817	-1	-1	-1	-1	-1	-1	-1	-1	-1	-1	-1	-1	-1	-1	-1	-1	-1	-1	-1
33709	63	0	1817	-1	-1	-1	-1	-1	-1	-1	-1	-1	-1	-1	-1	-1	-1	-1	-1	-1	-1	-1
33710	63	1	1817	-1	-1	-1	-1	-1	-1	-1	-1	-1	-1	-1	-1	-1	-1	-1	-1	-1	-1	-1
33711	63	1	1817	-1	-1	-1	-1	-1	-1	-1	-1	-1	-1	-1	-1	-1	-1	-1	-1	-1	-1	-1
33712	63	0	1817	-1	-1	-1	-1	-1	-1	-1	-1	-1	-1	-1	-1	-1	-1	-1	-1	-1	-1	-1
33713	63	0	1817	-1	-1	-1	-1	-1	-1	-1	-1	-1	-1	-1	-1	-1	-1	-1	-1	-1	-1	-1
33714	63	0	1817	-1	-1	-1	-1	-1	-1	-1	-1	-1	-1	-1	-1	-1	-1	-1	-1	-1	-1	-1
33715	63	0	1817	-1	-1	-1	-1	-1	-1	-1	-1	-1	-1	-1	-1	-1	-1	-1	-1	-1	-1	-1
33716	63	0	1817	-1	-1	-1	-1	-1	-1	-1	-1	-1	-1	-1	-1	-1	-1	-1	-1	-1	-1	-1
33717	63	0	1817	-1	-1	-1	-1	-1	-1	-1	-1	-1	-1	-1	-1	-1	-1	-1	-1	-1	-1	-1
33718	63	0	1817	-1	-1	-1	-1	-1	-1	-1	-1	-1	-1	-1	-1	-1	-1	-1	-1	-1	-1	-1
33719	63	0	1817	-1	-1	-1	-1	-1	-1	-1	-1	-1	-1	-1	-1	-1	-1	-1	-1	-1	-1	-1
33720	21	1	9121	1816	11308	-1	-1	-1	-1	-1	-1	-1	-1	-1	-1	-1	-1	-1	-1	-1	-1	-1
33721	21	1	9121	1816	11308	-1	-1	-1	-1	-1	-1	-1	-1	-1	-1	-1	-1	-1	-1	-1	-1	-1
33722	21	1	9121	1816	11308	-1	-1	-1	-1	-1	-1	-1	-1	-1	-1	-1	-1	-1	-1	-1	-1	-1
33723	21	1	9121	1816	11308	-1	-1	-1	-1	-1	-1	-1	-1	-1	-1	-1	-1	-1	-1	-1	-1	-1
33724	21	1	9121	1816	11308	-1	-1	-1	-1	-1	-1	-1	-1	-1	-1	-1	-1	-1	-1	-1	-1	-1
33725	21	1	9121	1816	11308	-1	-1	-1	-1	-1	-1	-1	-1	-1	-1	-1	-1	-1	-1	-1	-1	-1
33726	21	1	9121	1816	11308	-1	-1	-1	-1	-1	-1	-1	-1	-1	-1	-1	-1	-1	-1	-1	-1	-1
33727	21	1	9121	1816	11308	-1	-1	-1	-1	-1	-1	-1	-1	-1	-1	-1	-1	-1	-1	-1	-1	-1
33728	21	1	9121	1816	11308	-1	-1	-1	-1	-1	-1	-1	-1	-1	-1	-1	-1	-1	-1	-1	-1	-1
33729	21	1	9121	1816	11308	-1	-1	-1	-1	-1	-1	-1	-1	-1	-1	-1	-1	-1	-1	-1	-1	-1
33780	108	1	66	78	629	1599	-1	-1	-1	-1	-1	-1	-1	-1	-1	-1	-1	-1	-1	-1	-1	-1
33781	108	1	10025	66	78	629	669	1599	-1	-1	-1	-1	-1	-1	-1	-1	-1	-1	-1	-1	-1	-1
33782	108	0	10025	66	78	629	669	1599	-1	-1	-1	-1	-1	-1	-1	-1	-1	-1	-1	-1	-1	-1
33783	108	0	10025	66	78	629	669	1599	-1	-1	-1	-1	-1	-1	-1	-1	-1	-1	-1	-1	-1	-1
33784	108	0	10025	66	78	629	669	1599	-1	-1	-1	-1	-1	-1	-1	-1	-1	-1	-1	-1	-1	-1
33785	108	0	10025	66	78	629	669	1599	-1	-1	-1	-1	-1	-1	-1	-1	-1	-1	-1	-1	-1	-1
33786	108	0	10025	66	78	629	669	1599	-1	-1	-1	-1	-1	-1	-1	-1	-1	-1	-1	-1	-1	-1
33787	108	0	10025	66	78	629	669	1599	-1	-1	-1	-1	-1	-1	-1	-1	-1	-1	-1	-1	-1	-1
33788	108	0	10025	66	78	629	669	1599	-1	-1	-1	-1	-1	-1	-1	-1	-1	-1	-1	-1	-1	-1
33789	108	0	10025	66	78	629	669	1599	-1	-1	-1	-1	-1	-1	-1	-1	-1	-1	-1	-1	-1	-1
33790	2	1	1613	-1	-1	-1	-1	-1	-1	-1	-1	-1	-1	-1	-1	-1	-1	-1	-1	-1	-1	-1
33791	2	1	1613	-1	-1	-1	-1	-1	-1	-1	-1	-1	-1	-1	-1	-1	-1	-1	-1	-1	-1	-1
33792	2	0	1613	-1	-1	-1	-1	-1	-1	-1	-1	-1	-1	-1	-1	-1	-1	-1	-1	-1	-1	-1
33793	2	0	1613	-1	-1	-1	-1	-1	-1	-1	-1	-1	-1	-1	-1	-1	-1	-1	-1	-1	-1	-1
33794	2	0	1613	-1	-1	-1	-1	-1	-1	-1	-1	-1	-1	-1	-1	-1	-1	-1	-1	-1	-1	-1
33795	2	0	1613	-1	-1	-1	-1	-1	-1	-1	-1	-1	-1	-1	-1	-1	-1	-1	-1	-1	-1	-1
33796	2	0	1613	-1	-1	-1	-1	-1	-1	-1	-1	-1	-1	-1	-1	-1	-1	-1	-1	-1	-1	-1
33797	2	0	1613	-1	-1	-1	-1	-1	-1	-1	-1	-1	-1	-1	-1	-1	-1	-1	-1	-1	-1	-1
33798	2	0	1613	-1	-1	-1	-1	-1	-1	-1	-1	-1	-1	-1	-1	-1	-1	-1	-1	-1	-1	-1
33799	2	0	1613	-1	-1	-1	-1	-1	-1	-1	-1	-1	-1	-1	-1	-1	-1	-1	-1	-1	-1	-1
33800	108	1	66	78	629	1662	1620	18432	-1	-1	-1	-1	-1	-1	-1	-1	-1	-1	-1	-1	-1	-1
33801	108	1	66	78	629	1662	1620	18433	-1	-1	-1	-1	-1	-1	-1	-1	-1	-1	-1	-1	-1	-1
33802	108	0	10025	66	78	629	669	1662	1620	-1	-1	-1	-1	-1	-1	-1	-1	-1	-1	-1	-1	-1
33803	108	0	10025	66	78	629	669	1662	1620	-1	-1	-1	-1	-1	-1	-1	-1	-1	-1	-1	-1	-1
33804	108	0	10025	66	78	629	669	1662	1620	-1	-1	-1	-1	-1	-1	-1	-1	-1	-1	-1	-1	-1
33805	108	0	10025	66	78	629	669	1662	1620	-1	-1	-1	-1	-1	-1	-1	-1	-1	-1	-1	-1	-1
33806	108	0	10025	66	78	629	669	1662	1620	-1	-1	-1	-1	-1	-1	-1	-1	-1	-1	-1	-1	-1
33807	108	0	10025	66	78	629	669	1662	1620	-1	-1	-1	-1	-1	-1	-1	-1	-1	-1	-1	-1	-1
33808	108	0	10025	66	78	629	669	1662	1620	-1	-1	-1	-1	-1	-1	-1	-1	-1	-1	-1	-1	-1
33809	108	0	10025	66	78	629	669	1662	1620	-1	-1	-1	-1	-1	-1	-1	-1	-1	-1	-1	-1	-1
33810	436	1	699	1871	1648	1746	17398	-1	-1	-1	-1	-1	-1	-1	-1	-1	-1	-1	-1	-1	-1	-1
33811	436	1	699	1871	1648	1746	17398	-1	-1	-1	-1	-1	-1	-1	-1	-1	-1	-1	-1	-1	-1	-1
33812	436	1	699	1871	1648	1746	11322	-1	-1	-1	-1	-1	-1	-1	-1	-1	-1	-1	-1	-1	-1	-1
33813	436	1	699	1871	1648	1746	11322	-1	-1	-1	-1	-1	-1	-1	-1	-1	-1	-1	-1	-1	-1	-1
33814	436	1	699	1871	1648	1746	11322	-1	-1	-1	-1	-1	-1	-1	-1	-1	-1	-1	-1	-1	-1	-1
33815	436	1	699	1871	1648	1746	11322	-1	-1	-1	-1	-1	-1	-1	-1	-1	-1	-1	-1	-1	-1	-1
33816	436	1	699	1871	1648	1746	11322	-1	-1	-1	-1	-1	-1	-1	-1	-1	-1	-1	-1	-1	-1	-1
33817	436	1	699	1871	1648	1746	11322	-1	-1	-1	-1	-1	-1	-1	-1	-1	-1	-1	-1	-1	-1	-1
33818	436	1	699	1871	1648	1746	11322	-1	-1	-1	-1	-1	-1	-1	-1	-1	-1	-1	-1	-1	-1	-1
33819	436	1	699	1871	1648	1746	11322	-1	-1	-1	-1	-1	-1	-1	-1	-1	-1	-1	-1	-1	-1	-1
33850	108	1	66	78	629	1599	-1	-1	-1	-1	-1	-1	-1	-1	-1	-1	-1	-1	-1	-1	-1	-1
33851	108	1	66	78	629	1599	-1	-1	-1	-1	-1	-1	-1	-1	-1	-1	-1	-1	-1	-1	-1	-1
33852	108	0	66	78	629	1599	-1	-1	-1	-1	-1	-1	-1	-1	-1	-1	-1	-1	-1	-1	-1	-1
33853	108	0	10025	66	78	629	669	1599	-1	-1	-1	-1	-1	-1	-1	-1	-1	-1	-1	-1	-1	-1
33854	108	0	10025	66	78	629	669	1599	-1	-1	-1	-1	-1	-1	-1	-1	-1	-1	-1	-1	-1	-1
33855	108	0	10025	66	78	629	669	1599	-1	-1	-1	-1	-1	-1	-1	-1	-1	-1	-1	-1	-1	-1
33856	108	0	10025	66	78	629	669	1599	-1	-1	-1	-1	-1	-1	-1	-1	-1	-1	-1	-1	-1	-1
33857	108	0	10025	66	78	629	669	1599	-1	-1	-1	-1	-1	-1	-1	-1	-1	-1	-1	-1	-1	-1
33858	108	0	10025	66	78	629	669	1599	-1	-1	-1	-1	-1	-1	-1	-1	-1	-1	-1	-1	-1	-1
33859	108	0	10025	66	78	629	669	1599	-1	-1	-1	-1	-1	-1	-1	-1	-1	-1	-1	-1	-1	-1
33860	108	1	66	78	629	1599	-1	-1	-1	-1	-1	-1	-1	-1	-1	-1	-1	-1	-1	-1	-1	-1
33861	108	1	66	78	629	1599	-1	-1	-1	-1	-1	-1	-1	-1	-1	-1	-1	-1	-1	-1	-1	-1
33862	108	0	66	78	629	1599	-1	-1	-1	-1	-1	-1	-1	-1	-1	-1	-1	-1	-1	-1	-1	-1
33863	108	0	10025	66	78	629	669	1599	-1	-1	-1	-1	-1	-1	-1	-1	-1	-1	-1	-1	-1	-1
33864	108	0	10025	66	78	629	669	1599	-1	-1	-1	-1	-1	-1	-1	-1	-1	-1	-1	-1	-1	-1
33865	108	0	10025	66	78	629	669	1599	-1	-1	-1	-1	-1	-1	-1	-1	-1	-1	-1	-1	-1	-1
33866	108	0	10025	66	78	629	669	1599	-1	-1	-1	-1	-1	-1	-1	-1	-1	-1	-1	-1	-1	-1
33867	108	0	10025	66	78	629	669	1599	-1	-1	-1	-1	-1	-1	-1	-1	-1	-1	-1	-1	-1	-1
33868	108	0	10025	66	78	629	669	1599	-1	-1	-1	-1	-1	-1	-1	-1	-1	-1	-1	-1	-1	-1
33869	108	0	10025	66	78	629	669	1599	-1	-1	-1	-1	-1	-1	-1	-1	-1	-1	-1	-1	-1	-1
34000	108	0	66	78	629	-1	-1	-1	-1	-1	-1	-1	-1	-1	-1	-1	-1	-1	-1	-1	-1	-1
34001	108	0	66	78	629	-1	-1	-1	-1	-1	-1	-1	-1	-1	-1	-1	-1	-1	-1	-1	-1	-1
34002	108	0	66	78	629	-1	-1	-1	-1	-1	-1	-1	-1	-1	-1	-1	-1	-1	-1	-1	-1	-1
34003	108	0	33	66	78	629	669	-1	-1	-1	-1	-1	-1	-1	-1	-1	-1	-1	-1	-1	-1	-1
34004	108	0	33	66	78	629	669	-1	-1	-1	-1	-1	-1	-1	-1	-1	-1	-1	-1	-1	-1	-1
34005	108	0	33	66	78	629	669	-1	-1	-1	-1	-1	-1	-1	-1	-1	-1	-1	-1	-1	-1	-1
34006	108	0	33	66	78	629	669	-1	-1	-1	-1	-1	-1	-1	-1	-1	-1	-1	-1	-1	-1	-1
34007	108	0	33	66	78	629	669	-1	-1	-1	-1	-1	-1	-1	-1	-1	-1	-1	-1	-1	-1	-1
34008	108	0	33	66	78	629	669	-1	-1	-1	-1	-1	-1	-1	-1	-1	-1	-1	-1	-1	-1	-1
34009	108	0	33	66	78	629	669	-1	-1	-1	-1	-1	-1	-1	-1	-1	-1	-1	-1	-1	-1	-1
34010	436	1	66	78	629	-1	-1	-1	-1	-1	-1	-1	-1	-1	-1	-1	-1	-1	-1	-1	-1	-1
34011	436	1	66	78	629	-1	-1	-1	-1	-1	-1	-1	-1	-1	-1	-1	-1	-1	-1	-1	-1	-1
34012	436	1	33	66	78	629	669	-1	-1	-1	-1	-1	-1	-1	-1	-1	-1	-1	-1	-1	-1	-1
34013	436	1	66	78	629	-1	-1	-1	-1	-1	-1	-1	-1	-1	-1	-1	-1	-1	-1	-1	-1	-1
34014	436	1	33	66	78	629	669	-1	-1	-1	-1	-1	-1	-1	-1	-1	-1	-1	-1	-1	-1	-1
34015	436	1	33	66	78	629	669	-1	-1	-1	-1	-1	-1	-1	-1	-1	-1	-1	-1	-1	-1	-1
34016	436	1	33	66	78	629	669	-1	-1	-1	-1	-1	-1	-1	-1	-1	-1	-1	-1	-1	-1	-1
34017	436	1	33	66	78	629	669	-1	-1	-1	-1	-1	-1	-1	-1	-1	-1	-1	-1	-1	-1	-1
34018	436	1	33	66	78	629	669	-1	-1	-1	-1	-1	-1	-1	-1	-1	-1	-1	-1	-1	-1	-1
34019	436	1	33	66	78	629	669	-1	-1	-1	-1	-1	-1	-1	-1	-1	-1	-1	-1	-1	-1	-1
34020	436	1	66	78	629	-1	-1	-1	-1	-1	-1	-1	-1	-1	-1	-1	-1	-1	-1	-1	-1	-1
34021	436	1	66	78	629	-1	-1	-1	-1	-1	-1	-1	-1	-1	-1	-1	-1	-1	-1	-1	-1	-1
34022	436	1	66	78	629	-1	-1	-1	-1	-1	-1	-1	-1	-1	-1	-1	-1	-1	-1	-1	-1	-1
34023	436	1	33	66	78	629	669	-1	-1	-1	-1	-1	-1	-1	-1	-1	-1	-1	-1	-1	-1	-1
34024	436	1	33	66	78	629	669	-1	-1	-1	-1	-1	-1	-1	-1	-1	-1	-1	-1	-1	-1	-1
34025	436	1	33	66	78	629	669	-1	-1	-1	-1	-1	-1	-1	-1	-1	-1	-1	-1	-1	-1	-1
34026	436	1	33	66	78	629	669	-1	-1	-1	-1	-1	-1	-1	-1	-1	-1	-1	-1	-1	-1	-1
34027	436	1	33	66	78	629	669	-1	-1	-1	-1	-1	-1	-1	-1	-1	-1	-1	-1	-1	-1	-1
34028	436	1	33	66	78	629	669	-1	-1	-1	-1	-1	-1	-1	-1	-1	-1	-1	-1	-1	-1	-1
34029	436	1	33	66	78	629	669	-1	-1	-1	-1	-1	-1	-1	-1	-1	-1	-1	-1	-1	-1	-1
34030	436	1	66	78	629	-1	-1	-1	-1	-1	-1	-1	-1	-1	-1	-1	-1	-1	-1	-1	-1	-1
34031	436	1	66	78	629	-1	-1	-1	-1	-1	-1	-1	-1	-1	-1	-1	-1	-1	-1	-1	-1	-1
34032	436	1	66	78	629	-1	-1	-1	-1	-1	-1	-1	-1	-1	-1	-1	-1	-1	-1	-1	-1	-1
34033	436	1	33	66	78	629	669	-1	-1	-1	-1	-1	-1	-1	-1	-1	-1	-1	-1	-1	-1	-1
34034	436	1	33	66	78	629	669	-1	-1	-1	-1	-1	-1	-1	-1	-1	-1	-1	-1	-1	-1	-1
34035	436	1	33	66	78	629	669	-1	-1	-1	-1	-1	-1	-1	-1	-1	-1	-1	-1	-1	-1	-1
34036	436	1	33	66	78	629	669	-1	-1	-1	-1	-1	-1	-1	-1	-1	-1	-1	-1	-1	-1	-1
34037	436	1	33	66	78	629	669	-1	-1	-1	-1	-1	-1	-1	-1	-1	-1	-1	-1	-1	-1	-1
34038	436	1	33	66	78	629	669	-1	-1	-1	-1	-1	-1	-1	-1	-1	-1	-1	-1	-1	-1	-1
34039	436	1	33	66	78	629	669	-1	-1	-1	-1	-1	-1	-1	-1	-1	-1	-1	-1	-1	-1	-1
34040	436	1	66	78	629	-1	-1	-1	-1	-1	-1	-1	-1	-1	-1	-1	-1	-1	-1	-1	-1	-1
34041	436	1	66	78	629	-1	-1	-1	-1	-1	-1	-1	-1	-1	-1	-1	-1	-1	-1	-1	-1	-1
34042	436	1	66	78	629	-1	-1	-1	-1	-1	-1	-1	-1	-1	-1	-1	-1	-1	-1	-1	-1	-1
34043	436	1	33	66	78	629	669	-1	-1	-1	-1	-1	-1	-1	-1	-1	-1	-1	-1	-1	-1	-1
34044	436	1	33	66	78	629	669	-1	-1	-1	-1	-1	-1	-1	-1	-1	-1	-1	-1	-1	-1	-1
34045	436	1	33	66	78	629	669	-1	-1	-1	-1	-1	-1	-1	-1	-1	-1	-1	-1	-1	-1	-1
34046	436	1	33	66	78	629	669	-1	-1	-1	-1	-1	-1	-1	-1	-1	-1	-1	-1	-1	-1	-1
34047	436	1	33	66	78	629	669	-1	-1	-1	-1	-1	-1	-1	-1	-1	-1	-1	-1	-1	-1	-1
34048	436	1	33	66	78	629	669	-1	-1	-1	-1	-1	-1	-1	-1	-1	-1	-1	-1	-1	-1	-1
34049	436	1	33	66	78	629	669	-1	-1	-1	-1	-1	-1	-1	-1	-1	-1	-1	-1	-1	-1	-1
34060	108	1	629	23	66	-1	-1	-1	-1	-1	-1	-1	-1	-1	-1	-1	-1	-1	-1	-1	-1	-1
34061	108	1	629	23	66	-1	-1	-1	-1	-1	-1	-1	-1	-1	-1	-1	-1	-1	-1	-1	-1	-1
34062	108	1	629	23	66	-1	-1	-1	-1	-1	-1	-1	-1	-1	-1	-1	-1	-1	-1	-1	-1	-1
34063	108	0	629	23	66	-1	-1	-1	-1	-1	-1	-1	-1	-1	-1	-1	-1	-1	-1	-1	-1	-1
34064	108	0	669	629	10025	23	66	-1	-1	-1	-1	-1	-1	-1	-1	-1	-1	-1	-1	-1	-1	-1
34065	108	0	669	629	10025	23	66	-1	-1	-1	-1	-1	-1	-1	-1	-1	-1	-1	-1	-1	-1	-1
34066	108	0	669	629	10025	23	66	-1	-1	-1	-1	-1	-1	-1	-1	-1	-1	-1	-1	-1	-1	-1
34067	108	0	669	629	10025	23	66	-1	-1	-1	-1	-1	-1	-1	-1	-1	-1	-1	-1	-1	-1	-1
34068	108	0	669	629	10025	23	66	-1	-1	-1	-1	-1	-1	-1	-1	-1	-1	-1	-1	-1	-1	-1
34069	108	0	669	629	10025	23	66	-1	-1	-1	-1	-1	-1	-1	-1	-1	-1	-1	-1	-1	-1	-1
34070	108	1	629	23	66	-1	-1	-1	-1	-1	-1	-1	-1	-1	-1	-1	-1	-1	-1	-1	-1	-1
34071	108	1	629	23	66	-1	-1	-1	-1	-1	-1	-1	-1	-1	-1	-1	-1	-1	-1	-1	-1	-1
34072	108	0	629	23	66	-1	-1	-1	-1	-1	-1	-1	-1	-1	-1	-1	-1	-1	-1	-1	-1	-1
34073	108	0	669	629	10025	23	66	-1	-1	-1	-1	-1	-1	-1	-1	-1	-1	-1	-1	-1	-1	-1
34074	108	0	669	629	10025	23	66	-1	-1	-1	-1	-1	-1	-1	-1	-1	-1	-1	-1	-1	-1	-1
34075	108	0	669	629	10025	23	66	-1	-1	-1	-1	-1	-1	-1	-1	-1	-1	-1	-1	-1	-1	-1
34076	108	0	669	629	10025	23	66	-1	-1	-1	-1	-1	-1	-1	-1	-1	-1	-1	-1	-1	-1	-1
34077	108	0	669	629	10025	23	66	-1	-1	-1	-1	-1	-1	-1	-1	-1	-1	-1	-1	-1	-1	-1
34078	108	0	669	629	10025	23	66	-1	-1	-1	-1	-1	-1	-1	-1	-1	-1	-1	-1	-1	-1	-1
34079	108	0	669	629	10025	23	66	-1	-1	-1	-1	-1	-1	-1	-1	-1	-1	-1	-1	-1	-1	-1
34080	108	1	629	23	66	-1	-1	-1	-1	-1	-1	-1	-1	-1	-1	-1	-1	-1	-1	-1	-1	-1
34081	108	1	669	629	10025	23	66	-1	-1	-1	-1	-1	-1	-1	-1	-1	-1	-1	-1	-1	-1	-1
34082	108	1	669	629	10025	23	66	-1	-1	-1	-1	-1	-1	-1	-1	-1	-1	-1	-1	-1	-1	-1
34083	108	1	669	629	10025	23	66	-1	-1	-1	-1	-1	-1	-1	-1	-1	-1	-1	-1	-1	-1	-1
34084	108	1	669	629	10025	23	66	-1	-1	-1	-1	-1	-1	-1	-1	-1	-1	-1	-1	-1	-1	-1
34085	108	1	669	629	10025	23	66	-1	-1	-1	-1	-1	-1	-1	-1	-1	-1	-1	-1	-1	-1	-1
34086	108	1	669	629	10025	23	66	-1	-1	-1	-1	-1	-1	-1	-1	-1	-1	-1	-1	-1	-1	-1
34087	108	1	669	629	10025	23	66	-1	-1	-1	-1	-1	-1	-1	-1	-1	-1	-1	-1	-1	-1	-1
34088	108	1	669	629	10025	23	66	-1	-1	-1	-1	-1	-1	-1	-1	-1	-1	-1	-1	-1	-1	-1
34089	108	1	669	629	10025	23	66	-1	-1	-1	-1	-1	-1	-1	-1	-1	-1	-1	-1	-1	-1	-1
34090	108	1	629	23	66	-1	-1	-1	-1	-1	-1	-1	-1	-1	-1	-1	-1	-1	-1	-1	-1	-1
34091	108	1	629	23	66	-1	-1	-1	-1	-1	-1	-1	-1	-1	-1	-1	-1	-1	-1	-1	-1	-1
34092	108	1	669	629	10025	23	66	-1	-1	-1	-1	-1	-1	-1	-1	-1	-1	-1	-1	-1	-1	-1
34093	108	1	669	629	10025	23	66	-1	-1	-1	-1	-1	-1	-1	-1	-1	-1	-1	-1	-1	-1	-1
34094	108	1	669	629	10025	23	66	-1	-1	-1	-1	-1	-1	-1	-1	-1	-1	-1	-1	-1	-1	-1
34095	108	1	669	629	10025	23	66	-1	-1	-1	-1	-1	-1	-1	-1	-1	-1	-1	-1	-1	-1	-1
34096	108	1	669	629	10025	23	66	-1	-1	-1	-1	-1	-1	-1	-1	-1	-1	-1	-1	-1	-1	-1
34097	108	1	669	629	10025	23	66	-1	-1	-1	-1	-1	-1	-1	-1	-1	-1	-1	-1	-1	-1	-1
34098	108	1	669	629	10025	23	66	-1	-1	-1	-1	-1	-1	-1	-1	-1	-1	-1	-1	-1	-1	-1
34099	108	1	669	629	10025	23	66	-1	-1	-1	-1	-1	-1	-1	-1	-1	-1	-1	-1	-1	-1	-1
34100	108	1	629	23	66	17692	17693	17829	17834	17835	-1	-1	-1	-1	-1	-1	-1	-1	-1	-1	-1	-1
34101	108	1	629	23	66	17835	17834	17829	17693	17692	-1	-1	-1	-1	-1	-1	-1	-1	-1	-1	-1	-1
34102	108	1	669	629	10025	23	66	-1	-1	-1	-1	-1	-1	-1	-1	-1	-1	-1	-1	-1	-1	-1
34103	108	1	669	629	10025	23	66	-1	-1	-1	-1	-1	-1	-1	-1	-1	-1	-1	-1	-1	-1	-1
34104	108	1	669	629	10025	23	66	-1	-1	-1	-1	-1	-1	-1	-1	-1	-1	-1	-1	-1	-1	-1
34105	108	1	669	629	10025	23	66	-1	-1	-1	-1	-1	-1	-1	-1	-1	-1	-1	-1	-1	-1	-1
34106	108	1	669	629	10025	23	66	-1	-1	-1	-1	-1	-1	-1	-1	-1	-1	-1	-1	-1	-1	-1
34107	108	1	669	629	10025	23	66	-1	-1	-1	-1	-1	-1	-1	-1	-1	-1	-1	-1	-1	-1	-1
34108	108	1	669	629	10025	23	66	-1	-1	-1	-1	-1	-1	-1	-1	-1	-1	-1	-1	-1	-1	-1
34109	108	1	669	629	10025	23	66	-1	-1	-1	-1	-1	-1	-1	-1	-1	-1	-1	-1	-1	-1	-1
34110	108	0	629	11	90	-1	-1	-1	-1	-1	-1	-1	-1	-1	-1	-1	-1	-1	-1	-1	-1	-1
34111	108	0	629	11	90	-1	-1	-1	-1	-1	-1	-1	-1	-1	-1	-1	-1	-1	-1	-1	-1	-1
34112	108	0	669	629	10025	11	90	-1	-1	-1	-1	-1	-1	-1	-1	-1	-1	-1	-1	-1	-1	-1
34113	108	0	669	629	10025	11	90	-1	-1	-1	-1	-1	-1	-1	-1	-1	-1	-1	-1	-1	-1	-1
34114	108	0	669	629	10025	11	90	-1	-1	-1	-1	-1	-1	-1	-1	-1	-1	-1	-1	-1	-1	-1
34115	108	0	669	629	10025	11	90	-1	-1	-1	-1	-1	-1	-1	-1	-1	-1	-1	-1	-1	-1	-1
34116	108	0	669	629	10025	11	90	-1	-1	-1	-1	-1	-1	-1	-1	-1	-1	-1	-1	-1	-1	-1
34117	108	0	669	629	10025	11	90	-1	-1	-1	-1	-1	-1	-1	-1	-1	-1	-1	-1	-1	-1	-1
34118	108	0	669	629	10025	11	90	-1	-1	-1	-1	-1	-1	-1	-1	-1	-1	-1	-1	-1	-1	-1
34119	108	0	669	629	10025	11	90	-1	-1	-1	-1	-1	-1	-1	-1	-1	-1	-1	-1	-1	-1	-1
34120	108	1	629	11	90	17708	17709	17851	17852	17853	-1	-1	-1	-1	-1	-1	-1	-1	-1	-1	-1	-1
34121	108	1	629	11	90	17853	17852	17851	17709	17708	-1	-1	-1	-1	-1	-1	-1	-1	-1	-1	-1	-1
34122	108	1	669	629	10025	11	90	-1	-1	-1	-1	-1	-1	-1	-1	-1	-1	-1	-1	-1	-1	-1
34123	108	1	669	629	10025	11	90	-1	-1	-1	-1	-1	-1	-1	-1	-1	-1	-1	-1	-1	-1	-1
34124	108	1	669	629	10025	11	90	-1	-1	-1	-1	-1	-1	-1	-1	-1	-1	-1	-1	-1	-1	-1
34125	108	1	669	629	10025	11	90	-1	-1	-1	-1	-1	-1	-1	-1	-1	-1	-1	-1	-1	-1	-1
34126	108	1	669	629	10025	11	90	-1	-1	-1	-1	-1	-1	-1	-1	-1	-1	-1	-1	-1	-1	-1
34127	108	1	669	629	10025	11	90	-1	-1	-1	-1	-1	-1	-1	-1	-1	-1	-1	-1	-1	-1	-1
34128	108	1	669	629	10025	11	90	-1	-1	-1	-1	-1	-1	-1	-1	-1	-1	-1	-1	-1	-1	-1
34129	108	1	629	-1	-1	-1	-1	-1	-1	-1	-1	-1	-1	-1	-1	-1	-1	-1	-1	-1	-1	-1
34130	217	1	629	23	66	17730	17731	17732	17862	17863	-1	-1	-1	-1	-1	-1	-1	-1	-1	-1	-1	-1
34131	217	1	629	23	66	17863	17862	17732	17731	17730	-1	-1	-1	-1	-1	-1	-1	-1	-1	-1	-1	-1
34132	217	1	669	629	10025	23	66	9119	11319	-1	-1	-1	-1	-1	-1	-1	-1	-1	-1	-1	-1	-1
34133	217	1	669	629	10025	23	66	9119	11319	-1	-1	-1	-1	-1	-1	-1	-1	-1	-1	-1	-1	-1
34134	217	1	669	629	10025	23	66	9119	11319	-1	-1	-1	-1	-1	-1	-1	-1	-1	-1	-1	-1	-1
34135	217	1	669	629	10025	23	66	9119	11319	-1	-1	-1	-1	-1	-1	-1	-1	-1	-1	-1	-1	-1
34136	217	1	669	629	10025	23	66	9119	11319	-1	-1	-1	-1	-1	-1	-1	-1	-1	-1	-1	-1	-1
34137	217	1	669	629	10025	23	66	9119	11319	-1	-1	-1	-1	-1	-1	-1	-1	-1	-1	-1	-1	-1
34138	217	1	669	629	10025	23	66	9119	11319	-1	-1	-1	-1	-1	-1	-1	-1	-1	-1	-1	-1	-1
34139	217	1	669	629	10025	23	66	9119	11319	-1	-1	-1	-1	-1	-1	-1	-1	-1	-1	-1	-1	-1
34140	108	0	629	23	66	-1	-1	-1	-1	-1	-1	-1	-1	-1	-1	-1	-1	-1	-1	-1	-1	-1
34141	108	0	629	23	66	-1	-1	-1	-1	-1	-1	-1	-1	-1	-1	-1	-1	-1	-1	-1	-1	-1
34142	108	0	669	629	10025	23	66	-1	-1	-1	-1	-1	-1	-1	-1	-1	-1	-1	-1	-1	-1	-1
34143	108	0	669	629	10025	23	66	-1	-1	-1	-1	-1	-1	-1	-1	-1	-1	-1	-1	-1	-1	-1
34144	108	0	669	629	10025	23	66	-1	-1	-1	-1	-1	-1	-1	-1	-1	-1	-1	-1	-1	-1	-1
34145	108	0	669	629	10025	23	66	-1	-1	-1	-1	-1	-1	-1	-1	-1	-1	-1	-1	-1	-1	-1
34146	108	0	669	629	10025	23	66	-1	-1	-1	-1	-1	-1	-1	-1	-1	-1	-1	-1	-1	-1	-1
34147	108	0	669	629	10025	23	66	-1	-1	-1	-1	-1	-1	-1	-1	-1	-1	-1	-1	-1	-1	-1
34148	108	0	669	629	10025	23	66	-1	-1	-1	-1	-1	-1	-1	-1	-1	-1	-1	-1	-1	-1	-1
34149	108	0	669	629	10025	23	66	-1	-1	-1	-1	-1	-1	-1	-1	-1	-1	-1	-1	-1	-1	-1
34150	108	0	629	23	66	-1	-1	-1	-1	-1	-1	-1	-1	-1	-1	-1	-1	-1	-1	-1	-1	-1
34151	108	0	629	23	66	-1	-1	-1	-1	-1	-1	-1	-1	-1	-1	-1	-1	-1	-1	-1	-1	-1
34152	108	0	669	629	10025	23	66	-1	-1	-1	-1	-1	-1	-1	-1	-1	-1	-1	-1	-1	-1	-1
34153	108	0	669	629	10025	23	66	-1	-1	-1	-1	-1	-1	-1	-1	-1	-1	-1	-1	-1	-1	-1
34154	108	0	669	629	10025	23	66	-1	-1	-1	-1	-1	-1	-1	-1	-1	-1	-1	-1	-1	-1	-1
34155	108	0	669	629	10025	23	66	-1	-1	-1	-1	-1	-1	-1	-1	-1	-1	-1	-1	-1	-1	-1
34156	108	0	669	629	10025	23	66	-1	-1	-1	-1	-1	-1	-1	-1	-1	-1	-1	-1	-1	-1	-1
34157	108	0	669	629	10025	23	66	-1	-1	-1	-1	-1	-1	-1	-1	-1	-1	-1	-1	-1	-1	-1
34158	108	0	669	629	10025	23	66	-1	-1	-1	-1	-1	-1	-1	-1	-1	-1	-1	-1	-1	-1	-1
34159	108	0	669	629	10025	23	66	-1	-1	-1	-1	-1	-1	-1	-1	-1	-1	-1	-1	-1	-1	-1
34160	108	0	629	23	66	-1	-1	-1	-1	-1	-1	-1	-1	-1	-1	-1	-1	-1	-1	-1	-1	-1
34161	108	0	629	23	66	-1	-1	-1	-1	-1	-1	-1	-1	-1	-1	-1	-1	-1	-1	-1	-1	-1
34162	108	0	669	629	10025	23	66	-1	-1	-1	-1	-1	-1	-1	-1	-1	-1	-1	-1	-1	-1	-1
34163	108	0	669	629	10025	23	66	-1	-1	-1	-1	-1	-1	-1	-1	-1	-1	-1	-1	-1	-1	-1
34164	108	0	669	629	10025	23	66	-1	-1	-1	-1	-1	-1	-1	-1	-1	-1	-1	-1	-1	-1	-1
34165	108	0	669	629	10025	23	66	-1	-1	-1	-1	-1	-1	-1	-1	-1	-1	-1	-1	-1	-1	-1
34166	108	0	669	629	10025	23	66	-1	-1	-1	-1	-1	-1	-1	-1	-1	-1	-1	-1	-1	-1	-1
34167	108	0	669	629	10025	23	66	-1	-1	-1	-1	-1	-1	-1	-1	-1	-1	-1	-1	-1	-1	-1
34168	108	0	669	629	10025	23	66	-1	-1	-1	-1	-1	-1	-1	-1	-1	-1	-1	-1	-1	-1	-1
34169	108	0	669	629	10025	23	66	-1	-1	-1	-1	-1	-1	-1	-1	-1	-1	-1	-1	-1	-1	-1
34170	108	0	629	23	66	-1	-1	-1	-1	-1	-1	-1	-1	-1	-1	-1	-1	-1	-1	-1	-1	-1
34171	108	0	629	23	66	-1	-1	-1	-1	-1	-1	-1	-1	-1	-1	-1	-1	-1	-1	-1	-1	-1
34172	108	0	669	629	10025	23	66	-1	-1	-1	-1	-1	-1	-1	-1	-1	-1	-1	-1	-1	-1	-1
34173	108	0	669	629	10025	23	66	-1	-1	-1	-1	-1	-1	-1	-1	-1	-1	-1	-1	-1	-1	-1
34174	108	0	669	629	10025	23	66	-1	-1	-1	-1	-1	-1	-1	-1	-1	-1	-1	-1	-1	-1	-1
34175	108	0	669	629	10025	23	66	-1	-1	-1	-1	-1	-1	-1	-1	-1	-1	-1	-1	-1	-1	-1
34176	108	0	669	629	10025	23	66	-1	-1	-1	-1	-1	-1	-1	-1	-1	-1	-1	-1	-1	-1	-1
34177	108	0	669	629	10025	23	66	-1	-1	-1	-1	-1	-1	-1	-1	-1	-1	-1	-1	-1	-1	-1
34178	108	0	669	629	10025	23	66	-1	-1	-1	-1	-1	-1	-1	-1	-1	-1	-1	-1	-1	-1	-1
34179	108	0	669	629	10025	23	66	-1	-1	-1	-1	-1	-1	-1	-1	-1	-1	-1	-1	-1	-1	-1
39240	10	1	1854	-1	-1	-1	-1	-1	-1	-1	-1	-1	-1	-1	-1	-1	-1	-1	-1	-1	-1	-1
39241	10	1	1854	-1	-1	-1	-1	-1	-1	-1	-1	-1	-1	-1	-1	-1	-1	-1	-1	-1	-1	-1
39242	10	1	1854	-1	-1	-1	-1	-1	-1	-1	-1	-1	-1	-1	-1	-1	-1	-1	-1	-1	-1	-1
39243	10	1	1854	-1	-1	-1	-1	-1	-1	-1	-1	-1	-1	-1	-1	-1	-1	-1	-1	-1	-1	-1
39244	10	1	1854	-1	-1	-1	-1	-1	-1	-1	-1	-1	-1	-1	-1	-1	-1	-1	-1	-1	-1	-1
39245	10	1	1854	-1	-1	-1	-1	-1	-1	-1	-1	-1	-1	-1	-1	-1	-1	-1	-1	-1	-1	-1
39246	10	1	1854	-1	-1	-1	-1	-1	-1	-1	-1	-1	-1	-1	-1	-1	-1	-1	-1	-1	-1	-1
39247	10	1	1854	-1	-1	-1	-1	-1	-1	-1	-1	-1	-1	-1	-1	-1	-1	-1	-1	-1	-1	-1
39248	10	1	1854	-1	-1	-1	-1	-1	-1	-1	-1	-1	-1	-1	-1	-1	-1	-1	-1	-1	-1	-1
39249	10	1	1854	-1	-1	-1	-1	-1	-1	-1	-1	-1	-1	-1	-1	-1	-1	-1	-1	-1	-1	-1
39250	10	1	1855	-1	-1	-1	-1	-1	-1	-1	-1	-1	-1	-1	-1	-1	-1	-1	-1	-1	-1	-1
39251	10	1	1855	-1	-1	-1	-1	-1	-1	-1	-1	-1	-1	-1	-1	-1	-1	-1	-1	-1	-1	-1
39252	10	1	1855	-1	-1	-1	-1	-1	-1	-1	-1	-1	-1	-1	-1	-1	-1	-1	-1	-1	-1	-1
39253	10	1	1855	-1	-1	-1	-1	-1	-1	-1	-1	-1	-1	-1	-1	-1	-1	-1	-1	-1	-1	-1
39254	10	1	1855	-1	-1	-1	-1	-1	-1	-1	-1	-1	-1	-1	-1	-1	-1	-1	-1	-1	-1	-1
39255	10	1	1855	-1	-1	-1	-1	-1	-1	-1	-1	-1	-1	-1	-1	-1	-1	-1	-1	-1	-1	-1
39256	10	1	1855	-1	-1	-1	-1	-1	-1	-1	-1	-1	-1	-1	-1	-1	-1	-1	-1	-1	-1	-1
39257	10	1	1855	-1	-1	-1	-1	-1	-1	-1	-1	-1	-1	-1	-1	-1	-1	-1	-1	-1	-1	-1
39258	10	1	1855	-1	-1	-1	-1	-1	-1	-1	-1	-1	-1	-1	-1	-1	-1	-1	-1	-1	-1	-1
39259	10	1	1855	-1	-1	-1	-1	-1	-1	-1	-1	-1	-1	-1	-1	-1	-1	-1	-1	-1	-1	-1
39260	10	1	1855	-1	-1	-1	-1	-1	-1	-1	-1	-1	-1	-1	-1	-1	-1	-1	-1	-1	-1	-1
39261	10	1	1855	-1	-1	-1	-1	-1	-1	-1	-1	-1	-1	-1	-1	-1	-1	-1	-1	-1	-1	-1
39262	10	1	1855	-1	-1	-1	-1	-1	-1	-1	-1	-1	-1	-1	-1	-1	-1	-1	-1	-1	-1	-1
39263	10	1	1855	-1	-1	-1	-1	-1	-1	-1	-1	-1	-1	-1	-1	-1	-1	-1	-1	-1	-1	-1
39264	10	1	1855	-1	-1	-1	-1	-1	-1	-1	-1	-1	-1	-1	-1	-1	-1	-1	-1	-1	-1	-1
39265	10	1	1855	-1	-1	-1	-1	-1	-1	-1	-1	-1	-1	-1	-1	-1	-1	-1	-1	-1	-1	-1
39266	10	1	1855	-1	-1	-1	-1	-1	-1	-1	-1	-1	-1	-1	-1	-1	-1	-1	-1	-1	-1	-1
39267	10	1	1855	-1	-1	-1	-1	-1	-1	-1	-1	-1	-1	-1	-1	-1	-1	-1	-1	-1	-1	-1
39268	10	1	1855	-1	-1	-1	-1	-1	-1	-1	-1	-1	-1	-1	-1	-1	-1	-1	-1	-1	-1	-1
39269	10	1	1855	-1	-1	-1	-1	-1	-1	-1	-1	-1	-1	-1	-1	-1	-1	-1	-1	-1	-1	-1
39320	10	1	1778	1825	1849	1861	11289	17988	17987	17989	-1	-1	-1	-1	-1	-1	-1	-1	-1	-1	-1	-1
39321	10	1	1778	1825	1849	1861	17988	18434	17989	17987	-1	-1	-1	-1	-1	-1	-1	-1	-1	-1	-1	-1
39322	10	1	1778	1825	1826	1780	1849	1861	11289	-1	-1	-1	-1	-1	-1	-1	-1	-1	-1	-1	-1	-1
39323	10	1	1778	1825	1826	1780	1849	1861	11289	-1	-1	-1	-1	-1	-1	-1	-1	-1	-1	-1	-1	-1
39324	10	1	1778	1825	1826	1780	1849	1861	11289	-1	-1	-1	-1	-1	-1	-1	-1	-1	-1	-1	-1	-1
39325	10	1	1778	1825	1826	1780	1849	1861	11289	-1	-1	-1	-1	-1	-1	-1	-1	-1	-1	-1	-1	-1
39326	10	1	1778	1825	1826	1780	1849	1861	11289	-1	-1	-1	-1	-1	-1	-1	-1	-1	-1	-1	-1	-1
39327	10	1	1778	1825	1826	1780	1849	1861	11289	-1	-1	-1	-1	-1	-1	-1	-1	-1	-1	-1	-1	-1
39328	10	1	1778	1825	1826	1780	1849	1861	11289	-1	-1	-1	-1	-1	-1	-1	-1	-1	-1	-1	-1	-1
39329	10	1	1778	1825	1826	1780	1849	1861	11289	-1	-1	-1	-1	-1	-1	-1	-1	-1	-1	-1	-1	-1
39330	10	1	1812	1813	1813	1813	1814	1814	1814	1847	1861	-1	-1	-1	-1	-1	-1	-1	-1	-1	-1	-1
39331	10	1	1812	1813	1813	1813	1814	1814	1814	1847	1861	-1	-1	-1	-1	-1	-1	-1	-1	-1	-1	-1
39332	10	1	1812	1813	1813	1813	1814	1814	1814	1847	1861	-1	-1	-1	-1	-1	-1	-1	-1	-1	-1	-1
39333	10	1	1812	1813	1813	1813	1814	1814	1814	1847	1861	-1	-1	-1	-1	-1	-1	-1	-1	-1	-1	-1
39334	10	1	1812	1813	1813	1813	1814	1814	1814	1847	1861	-1	-1	-1	-1	-1	-1	-1	-1	-1	-1	-1
39335	10	1	1812	1813	1813	1813	1814	1814	1814	1847	1861	-1	-1	-1	-1	-1	-1	-1	-1	-1	-1	-1
39336	10	1	1812	1813	1813	1813	1814	1814	1814	1847	1861	-1	-1	-1	-1	-1	-1	-1	-1	-1	-1	-1
39337	10	1	1812	1813	1813	1813	1814	1814	1814	1847	1861	-1	-1	-1	-1	-1	-1	-1	-1	-1	-1	-1
39338	10	1	1812	1813	1813	1813	1814	1814	1814	1847	1861	-1	-1	-1	-1	-1	-1	-1	-1	-1	-1	-1
39339	10	1	1812	1813	1813	1813	1814	1814	1814	1847	1861	-1	-1	-1	-1	-1	-1	-1	-1	-1	-1	-1
39340	10	1	1812	1813	1813	1813	1814	1814	1814	1846	1861	-1	-1	-1	-1	-1	-1	-1	-1	-1	-1	-1
39341	10	1	1812	1813	1813	1813	1814	1814	1814	1846	1861	-1	-1	-1	-1	-1	-1	-1	-1	-1	-1	-1
39342	10	1	1812	1813	1813	1813	1814	1814	1814	1846	1861	-1	-1	-1	-1	-1	-1	-1	-1	-1	-1	-1
39343	10	1	1812	1813	1813	1813	1814	1814	1814	1846	1861	-1	-1	-1	-1	-1	-1	-1	-1	-1	-1	-1
39344	10	1	1812	1813	1813	1813	1814	1814	1814	1846	1861	-1	-1	-1	-1	-1	-1	-1	-1	-1	-1	-1
39345	10	1	1812	1813	1813	1813	1814	1814	1814	1846	1861	-1	-1	-1	-1	-1	-1	-1	-1	-1	-1	-1
39346	10	1	1812	1813	1813	1813	1814	1814	1814	1846	1861	-1	-1	-1	-1	-1	-1	-1	-1	-1	-1	-1
39347	10	1	1812	1813	1813	1813	1814	1814	1814	1846	1861	-1	-1	-1	-1	-1	-1	-1	-1	-1	-1	-1
39348	10	1	1812	1813	1813	1813	1814	1814	1814	1846	1861	-1	-1	-1	-1	-1	-1	-1	-1	-1	-1	-1
39349	10	1	1812	1813	1813	1813	1814	1814	1814	1846	1861	-1	-1	-1	-1	-1	-1	-1	-1	-1	-1	-1
39350	10	1	1812	1813	1813	1813	1814	1814	1814	1848	1861	-1	-1	-1	-1	-1	-1	-1	-1	-1	-1	-1
39351	10	1	1812	1813	1813	1813	1814	1814	1814	1848	1861	-1	-1	-1	-1	-1	-1	-1	-1	-1	-1	-1
39352	10	1	1812	1813	1813	1813	1814	1814	1814	1848	1861	-1	-1	-1	-1	-1	-1	-1	-1	-1	-1	-1
39353	10	1	1812	1813	1813	1813	1814	1814	1814	1848	1861	-1	-1	-1	-1	-1	-1	-1	-1	-1	-1	-1
39354	10	1	1812	1813	1813	1813	1814	1814	1814	1848	1861	-1	-1	-1	-1	-1	-1	-1	-1	-1	-1	-1
39355	10	1	1812	1813	1813	1813	1814	1814	1814	1848	1861	-1	-1	-1	-1	-1	-1	-1	-1	-1	-1	-1
39356	10	1	1812	1813	1813	1813	1814	1814	1814	1848	1861	-1	-1	-1	-1	-1	-1	-1	-1	-1	-1	-1
39357	10	1	1812	1813	1813	1813	1814	1814	1814	1848	1861	-1	-1	-1	-1	-1	-1	-1	-1	-1	-1	-1
39358	10	1	1812	1813	1813	1813	1814	1814	1814	1848	1861	-1	-1	-1	-1	-1	-1	-1	-1	-1	-1	-1
39359	10	1	1812	1813	1813	1813	1814	1814	1814	1848	1861	-1	-1	-1	-1	-1	-1	-1	-1	-1	-1	-1
39360	10	1	1812	1813	1813	1813	1814	1814	1814	-1	-1	-1	-1	-1	-1	-1	-1	-1	-1	-1	-1	-1
39361	10	1	1812	1813	1813	1813	1814	1814	1814	-1	-1	-1	-1	-1	-1	-1	-1	-1	-1	-1	-1	-1
39362	10	1	1812	1813	1813	1813	1814	1814	1814	-1	-1	-1	-1	-1	-1	-1	-1	-1	-1	-1	-1	-1
39363	10	1	1812	1813	1813	1813	1814	1814	1814	-1	-1	-1	-1	-1	-1	-1	-1	-1	-1	-1	-1	-1
39364	10	1	1812	1813	1813	1813	1814	1814	1814	-1	-1	-1	-1	-1	-1	-1	-1	-1	-1	-1	-1	-1
39365	10	1	1812	1813	1813	1813	1814	1814	1814	-1	-1	-1	-1	-1	-1	-1	-1	-1	-1	-1	-1	-1
39366	10	1	1812	1813	1813	1813	1814	1814	1814	-1	-1	-1	-1	-1	-1	-1	-1	-1	-1	-1	-1	-1
39367	10	1	1812	1813	1813	1813	1814	1814	1814	-1	-1	-1	-1	-1	-1	-1	-1	-1	-1	-1	-1	-1
39368	10	1	1812	1813	1813	1813	1814	1814	1814	-1	-1	-1	-1	-1	-1	-1	-1	-1	-1	-1	-1	-1
39369	10	1	1812	1813	1813	1813	1814	1814	1814	-1	-1	-1	-1	-1	-1	-1	-1	-1	-1	-1	-1	-1
39370	10	1	1812	1813	1813	1813	1814	1814	1814	-1	-1	-1	-1	-1	-1	-1	-1	-1	-1	-1	-1	-1
39371	10	1	1812	1813	1813	1813	1814	1814	1814	-1	-1	-1	-1	-1	-1	-1	-1	-1	-1	-1	-1	-1
39372	10	1	1812	1813	1813	1813	1814	1814	1814	-1	-1	-1	-1	-1	-1	-1	-1	-1	-1	-1	-1	-1
39373	10	1	1812	1813	1813	1813	1814	1814	1814	-1	-1	-1	-1	-1	-1	-1	-1	-1	-1	-1	-1	-1
39374	10	1	1812	1813	1813	1813	1814	1814	1814	-1	-1	-1	-1	-1	-1	-1	-1	-1	-1	-1	-1	-1
39375	10	1	1812	1813	1813	1813	1814	1814	1814	-1	-1	-1	-1	-1	-1	-1	-1	-1	-1	-1	-1	-1
39376	10	1	1812	1813	1813	1813	1814	1814	1814	-1	-1	-1	-1	-1	-1	-1	-1	-1	-1	-1	-1	-1
39377	10	1	1812	1813	1813	1813	1814	1814	1814	-1	-1	-1	-1	-1	-1	-1	-1	-1	-1	-1	-1	-1
39378	10	1	1812	1813	1813	1813	1814	1814	1814	-1	-1	-1	-1	-1	-1	-1	-1	-1	-1	-1	-1	-1
39379	10	1	1812	1813	1813	1813	1814	1814	1814	-1	-1	-1	-1	-1	-1	-1	-1	-1	-1	-1	-1	-1
39380	10	1	1800	1803	1850	1861	17987	17988	17989	11289	-1	-1	-1	-1	-1	-1	-1	-1	-1	-1	-1	-1
39381	10	1	1800	1803	1850	1861	11289	17989	17988	17987	-1	-1	-1	-1	-1	-1	-1	-1	-1	-1	-1	-1
39382	10	1	1779	1800	1803	1830	1831	1850	1861	11289	-1	-1	-1	-1	-1	-1	-1	-1	-1	-1	-1	-1
39383	10	1	1779	1800	1803	1830	1831	1850	1861	11289	-1	-1	-1	-1	-1	-1	-1	-1	-1	-1	-1	-1
39384	10	1	1779	1800	1803	1830	1831	1850	1861	11289	-1	-1	-1	-1	-1	-1	-1	-1	-1	-1	-1	-1
39385	10	1	1779	1800	1803	1830	1831	1850	1861	11289	-1	-1	-1	-1	-1	-1	-1	-1	-1	-1	-1	-1
39386	10	1	1779	1800	1803	1830	1831	1850	1861	11289	-1	-1	-1	-1	-1	-1	-1	-1	-1	-1	-1	-1
39387	10	1	1779	1800	1803	1830	1831	1850	1861	11289	-1	-1	-1	-1	-1	-1	-1	-1	-1	-1	-1	-1
39388	10	1	1779	1800	1803	1830	1831	1850	1861	11289	-1	-1	-1	-1	-1	-1	-1	-1	-1	-1	-1	-1
39389	10	1	1779	1800	1803	1830	1831	1850	1861	11289	-1	-1	-1	-1	-1	-1	-1	-1	-1	-1	-1	-1
39390	10	1	1812	1813	1813	1813	1814	1814	1814	-1	-1	-1	-1	-1	-1	-1	-1	-1	-1	-1	-1	-1
39391	10	1	1812	1813	1813	1813	1814	1814	1814	-1	-1	-1	-1	-1	-1	-1	-1	-1	-1	-1	-1	-1
39392	10	1	1812	1813	1813	1813	1814	1814	1814	-1	-1	-1	-1	-1	-1	-1	-1	-1	-1	-1	-1	-1
39393	10	1	1812	1813	1813	1813	1814	1814	1814	-1	-1	-1	-1	-1	-1	-1	-1	-1	-1	-1	-1	-1
39394	10	1	1812	1813	1813	1813	1814	1814	1814	-1	-1	-1	-1	-1	-1	-1	-1	-1	-1	-1	-1	-1
39395	10	1	1812	1813	1813	1813	1814	1814	1814	-1	-1	-1	-1	-1	-1	-1	-1	-1	-1	-1	-1	-1
39396	10	1	1812	1813	1813	1813	1814	1814	1814	-1	-1	-1	-1	-1	-1	-1	-1	-1	-1	-1	-1	-1
39397	10	1	1812	1813	1813	1813	1814	1814	1814	-1	-1	-1	-1	-1	-1	-1	-1	-1	-1	-1	-1	-1
39398	10	1	1812	1813	1813	1813	1814	1814	1814	-1	-1	-1	-1	-1	-1	-1	-1	-1	-1	-1	-1	-1
39399	10	1	1812	1813	1813	1813	1814	1814	1814	-1	-1	-1	-1	-1	-1	-1	-1	-1	-1	-1	-1	-1
39400	10	1	1812	1813	1813	1813	1814	1814	1814	-1	-1	-1	-1	-1	-1	-1	-1	-1	-1	-1	-1	-1
39401	10	1	1812	1813	1813	1813	1814	1814	1814	-1	-1	-1	-1	-1	-1	-1	-1	-1	-1	-1	-1	-1
39402	10	1	1812	1813	1813	1813	1814	1814	1814	-1	-1	-1	-1	-1	-1	-1	-1	-1	-1	-1	-1	-1
39403	10	1	1812	1813	1813	1813	1814	1814	1814	-1	-1	-1	-1	-1	-1	-1	-1	-1	-1	-1	-1	-1
39404	10	1	1812	1813	1813	1813	1814	1814	1814	-1	-1	-1	-1	-1	-1	-1	-1	-1	-1	-1	-1	-1
39405	10	1	1812	1813	1813	1813	1814	1814	1814	-1	-1	-1	-1	-1	-1	-1	-1	-1	-1	-1	-1	-1
39430	100	1	18491	18492	18493	18494	18495	18496	18497	18498	18499	18500	18501	18502	18503	-1	-1	-1	-1	-1	-1	-1
39431	100	1	18491	18492	18493	18494	18495	18496	18497	18498	18499	18500	18501	18502	18503	-1	-1	-1	-1	-1	-1	-1
48504	100	1	18525	18526	18527	18705	-1	-1	-1	-1	-1	-1	-1	-1	-1	-1	-1	-1	-1	-1	-1	-1
48510	100	1	18525	18526	18527	18706	-1	-1	-1	-1	-1	-1	-1	-1	-1	-1	-1	-1	-1	-1	-1	-1
48517	100	1	18527	18526	18525	18707	-1	-1	-1	-1	-1	-1	-1	-1	-1	-1	-1	-1	-1	-1	-1	-1
48521	100	1	18525	18526	18527	18708	-1	-1	-1	-1	-1	-1	-1	-1	-1	-1	-1	-1	-1	-1	-1	-1
49255	100	1	18521	18569	-1	-1	-1	-1	-1	-1	-1	-1	-1	-1	-1	-1	-1	-1	-1	-1	-1	-1
49257	100	1	18558	18559	18560	18561	18562	18563	18564	18565	18566	18567	-1	-1	-1	-1	-1	-1	-1	-1	-1	-1
49260	100	1	18558	18559	18560	18561	18562	18563	18564	18565	18566	18567	-1	-1	-1	-1	-1	-1	-1	-1	-1	-1
49262	100	1	18543	18544	18524	18551	18552	18553	18554	18555	18568	18570	-1	-1	-1	-1	-1	-1	-1	-1	-1	-1
49556	100	1	18598	18605	18606	18607	18608	18609	18610	18701	-1	-1	-1	-1	-1	-1	-1	-1	-1	-1	-1	-1
49557	100	1	18598	18605	18606	18607	18608	18609	18610	18702	-1	-1	-1	-1	-1	-1	-1	-1	-1	-1	-1	-1
49558	100	1	18598	18605	18606	18607	18608	18609	18610	18703	-1	-1	-1	-1	-1	-1	-1	-1	-1	-1	-1	-1
49559	100	1	18598	18605	18606	18607	18608	18609	18610	18704	-1	-1	-1	-1	-1	-1	-1	-1	-1	-1	-1	-1
49623	100	1	18528	18529	18530	18531	18532	18533	18534	18535	18536	18537	18538	18539	18540	-1	-1	-1	-1	-1	-1	-1
49624	100	1	18528	18529	18530	18531	18532	18533	18534	18535	18536	18537	18538	18539	18540	-1	-1	-1	-1	-1	-1	-1
49625	100	1	18528	18529	18530	18531	18532	18533	18534	18535	18536	18537	18538	18539	18540	-1	-1	-1	-1	-1	-1	-1
49626	100	1	18528	18529	18530	18531	18532	18533	18534	18535	18536	18537	18538	18539	18540	-1	-1	-1	-1	-1	-1	-1
49627	100	1	18528	18529	18530	18531	18532	18533	18534	18535	18536	18537	18538	18539	18540	-1	-1	-1	-1	-1	-1	-1
49628	100	1	18528	18529	18530	18531	18532	18533	18534	18535	18536	18537	18538	18539	18540	-1	-1	-1	-1	-1	-1	-1
49629	100	1	18528	18529	18530	18531	18532	18533	18534	18535	18536	18537	18538	18539	18540	-1	-1	-1	-1	-1	-1	-1
49630	100	1	18528	18529	18530	18531	18532	18533	18534	18535	18536	18537	18538	18539	18540	-1	-1	-1	-1	-1	-1	-1
49635	100	1	18528	18529	18530	18531	18532	18533	18534	18535	18536	18537	18538	18539	18540	-1	-1	-1	-1	-1	-1	-1
49636	100	1	18528	18529	18530	18531	18532	18533	18534	18535	18536	18537	18538	18539	18540	-1	-1	-1	-1	-1	-1	-1
49637	100	1	18528	18529	18530	18531	18532	18533	18534	18535	18536	18537	18538	18539	18540	-1	-1	-1	-1	-1	-1	-1
49638	100	1	18528	18529	18530	18531	18532	18533	18534	18535	18536	18537	18538	18539	18540	-1	-1	-1	-1	-1	-1	-1
49639	100	1	18528	18529	18530	18531	18532	18533	18534	18535	18536	18537	18538	18539	18540	-1	-1	-1	-1	-1	-1	-1
49640	100	1	18528	18529	18530	18531	18532	18533	18534	18535	18536	18537	18538	18539	18540	-1	-1	-1	-1	-1	-1	-1
49641	100	1	18528	18529	18530	18531	18532	18533	18534	18535	18536	18537	18538	18539	18540	-1	-1	-1	-1	-1	-1	-1
49642	100	1	18528	18529	18530	18531	18532	18533	18534	18535	18536	18537	18538	18539	18540	-1	-1	-1	-1	-1	-1	-1
49646	100	1	18528	18529	18530	18531	18532	18533	18534	18535	18536	18537	18538	18539	18540	-1	-1	-1	-1	-1	-1	-1
49647	100	1	18528	18529	18530	18531	18532	18533	18534	18535	18536	18537	18538	18539	18540	-1	-1	-1	-1	-1	-1	-1
49648	100	1	18528	18529	18530	18531	18532	18533	18534	18535	18536	18537	18538	18539	18540	-1	-1	-1	-1	-1	-1	-1
49649	100	1	18528	18529	18530	18531	18532	18533	18534	18535	18536	18537	18538	18539	18540	-1	-1	-1	-1	-1	-1	-1
49650	100	1	18528	18529	18530	18531	18532	18533	18534	18535	18536	18537	18538	18539	18540	-1	-1	-1	-1	-1	-1	-1
49651	100	1	18528	18529	18530	18531	18532	18533	18534	18535	18536	18537	18538	18539	18540	-1	-1	-1	-1	-1	-1	-1
49652	100	1	18528	18529	18530	18531	18532	18533	18534	18535	18536	18537	18538	18539	18540	-1	-1	-1	-1	-1	-1	-1
49653	100	1	18528	18529	18530	18531	18532	18533	18534	18535	18536	18537	18538	18539	18540	-1	-1	-1	-1	-1	-1	-1
49657	100	1	18528	18529	18530	18531	18532	18533	18534	18535	18536	18537	18538	18539	18540	-1	-1	-1	-1	-1	-1	-1
49658	100	1	18528	18529	18530	18531	18532	18533	18534	18535	18536	18537	18538	18539	18540	-1	-1	-1	-1	-1	-1	-1
49659	100	1	18528	18529	18530	18531	18532	18533	18534	18535	18536	18537	18538	18539	18540	-1	-1	-1	-1	-1	-1	-1
49660	100	1	18528	18529	18530	18531	18532	18533	18534	18535	18536	18537	18538	18539	18540	-1	-1	-1	-1	-1	-1	-1
49661	100	1	18528	18529	18530	18531	18532	18533	18534	18535	18536	18537	18538	18539	18540	-1	-1	-1	-1	-1	-1	-1
49662	100	1	18528	18529	18530	18531	18532	18533	18534	18535	18536	18537	18538	18539	18540	-1	-1	-1	-1	-1	-1	-1
49663	100	1	18528	18529	18530	18531	18532	18533	18534	18535	18536	18537	18538	18539	18540	-1	-1	-1	-1	-1	-1	-1
49664	100	1	18528	18529	18530	18531	18532	18533	18534	18535	18536	18537	18538	18539	18540	-1	-1	-1	-1	-1	-1	-1
49668	100	1	18528	18529	18530	18531	18532	18533	18534	18535	18536	18537	18538	18539	18540	-1	-1	-1	-1	-1	-1	-1
49669	100	1	18528	18529	18530	18531	18532	18533	18534	18535	18536	18537	18538	18539	18540	-1	-1	-1	-1	-1	-1	-1
49670	100	1	18528	18529	18530	18531	18532	18533	18534	18535	18536	18537	18538	18539	18540	-1	-1	-1	-1	-1	-1	-1
49671	100	1	18528	18529	18530	18531	18532	18533	18534	18535	18536	18537	18538	18539	18540	-1	-1	-1	-1	-1	-1	-1
49672	100	1	18528	18529	18530	18531	18532	18533	18534	18535	18536	18537	18538	18539	18540	-1	-1	-1	-1	-1	-1	-1
49673	100	1	18528	18529	18530	18531	18532	18533	18534	18535	18536	18537	18538	18539	18540	-1	-1	-1	-1	-1	-1	-1
49674	100	1	18528	18529	18530	18531	18532	18533	18534	18535	18536	18537	18538	18539	18540	-1	-1	-1	-1	-1	-1	-1
49675	100	1	18528	18529	18530	18531	18532	18533	18534	18535	18536	18537	18538	18539	18540	-1	-1	-1	-1	-1	-1	-1
49679	100	1	18528	18529	18530	18531	18532	18533	18534	18535	18536	18537	18538	18539	18540	-1	-1	-1	-1	-1	-1	-1
49680	100	1	18528	18529	18530	18531	18532	18533	18534	18535	18536	18537	18538	18539	18540	-1	-1	-1	-1	-1	-1	-1
49681	100	1	18528	18529	18530	18531	18532	18533	18534	18535	18536	18537	18538	18539	18540	-1	-1	-1	-1	-1	-1	-1
49682	100	1	18528	18529	18530	18531	18532	18533	18534	18535	18536	18537	18538	18539	18540	-1	-1	-1	-1	-1	-1	-1
49683	100	1	18528	18529	18530	18531	18532	18533	18534	18535	18536	18537	18538	18539	18540	-1	-1	-1	-1	-1	-1	-1
49684	100	1	18528	18529	18530	18531	18532	18533	18534	18535	18536	18537	18538	18539	18540	-1	-1	-1	-1	-1	-1	-1
49685	100	1	18528	18529	18530	18531	18532	18533	18534	18535	18536	18537	18538	18539	18540	-1	-1	-1	-1	-1	-1	-1
49686	100	1	18528	18529	18530	18531	18532	18533	18534	18535	18536	18537	18538	18539	18540	18545	-1	-1	-1	-1	-1	-1
49690	100	1	18528	18529	18530	18531	18532	18533	18534	18535	18536	18537	18538	18539	18540	-1	-1	-1	-1	-1	-1	-1
49691	100	1	18528	18529	18530	18531	18532	18533	18534	18535	18536	18537	18538	18539	18540	-1	-1	-1	-1	-1	-1	-1
49692	100	1	18528	18529	18530	18531	18532	18533	18534	18535	18536	18537	18538	18539	18540	-1	-1	-1	-1	-1	-1	-1
49693	100	1	18528	18529	18530	18531	18532	18533	18534	18535	18536	18537	18538	18539	18540	-1	-1	-1	-1	-1	-1	-1
49694	100	1	18528	18529	18530	18531	18532	18533	18534	18535	18536	18537	18538	18539	18540	-1	-1	-1	-1	-1	-1	-1
49695	100	1	18528	18529	18530	18531	18532	18533	18534	18535	18536	18537	18538	18539	18540	-1	-1	-1	-1	-1	-1	-1
49696	100	1	18528	18529	18530	18531	18532	18533	18534	18535	18536	18537	18538	18539	18540	-1	-1	-1	-1	-1	-1	-1
49697	100	1	18528	18529	18530	18531	18532	18533	18534	18535	18536	18537	18538	18539	18540	18546	-1	-1	-1	-1	-1	-1
49701	100	1	18528	18529	18530	18531	18532	18533	18534	18535	18536	18537	18538	18539	18540	-1	-1	-1	-1	-1	-1	-1
49702	100	1	18528	18529	18530	18531	18532	18533	18534	18535	18536	18537	18538	18539	18540	-1	-1	-1	-1	-1	-1	-1
49703	100	1	18528	18529	18530	18531	18532	18533	18534	18535	18536	18537	18538	18539	18540	-1	-1	-1	-1	-1	-1	-1
49704	100	1	18528	18529	18530	18531	18532	18533	18534	18535	18536	18537	18538	18539	18540	-1	-1	-1	-1	-1	-1	-1
49705	100	1	18528	18529	18530	18531	18532	18533	18534	18535	18536	18537	18538	18539	18540	-1	-1	-1	-1	-1	-1	-1
49706	100	1	18528	18529	18530	18531	18532	18533	18534	18535	18536	18537	18538	18539	18540	-1	-1	-1	-1	-1	-1	-1
49707	100	1	18528	18529	18530	18531	18532	18533	18534	18535	18536	18537	18538	18539	18540	-1	-1	-1	-1	-1	-1	-1
49708	100	1	18528	18529	18530	18531	18532	18533	18534	18535	18536	18537	18538	18539	18540	18547	-1	-1	-1	-1	-1	-1
49712	100	1	18528	18529	18530	18531	18532	18533	18534	18535	18536	18537	18538	18539	18540	-1	-1	-1	-1	-1	-1	-1
49713	100	1	18528	18529	18530	18531	18532	18533	18534	18535	18536	18537	18538	18539	18540	-1	-1	-1	-1	-1	-1	-1
49714	100	1	18528	18529	18530	18531	18532	18533	18534	18535	18536	18537	18538	18539	18540	-1	-1	-1	-1	-1	-1	-1
49715	100	1	18528	18529	18530	18531	18532	18533	18534	18535	18536	18537	18538	18539	18540	-1	-1	-1	-1	-1	-1	-1
49716	100	1	18528	18529	18530	18531	18532	18533	18534	18535	18536	18537	18538	18539	18540	-1	-1	-1	-1	-1	-1	-1
49717	100	1	18528	18529	18530	18531	18532	18533	18534	18535	18536	18537	18538	18539	18540	-1	-1	-1	-1	-1	-1	-1
49718	100	1	18528	18529	18530	18531	18532	18533	18534	18535	18536	18537	18538	18539	18540	-1	-1	-1	-1	-1	-1	-1
49719	100	1	18528	18529	18530	18531	18532	18533	18534	18535	18536	18537	18538	18539	18540	18548	-1	-1	-1	-1	-1	-1
49723	100	1	18528	18529	18530	18531	18532	18533	18534	18535	18536	18537	18538	18539	18540	-1	-1	-1	-1	-1	-1	-1
49724	100	1	18528	18529	18530	18531	18532	18533	18534	18535	18536	18537	18538	18539	18540	-1	-1	-1	-1	-1	-1	-1
49726	100	1	18528	18529	18530	18531	18532	18533	18534	18535	18536	18537	18538	18539	18540	-1	-1	-1	-1	-1	-1	-1
49727	100	1	18528	18529	18530	18531	18532	18533	18534	18535	18536	18537	18538	18539	18540	-1	-1	-1	-1	-1	-1	-1
49728	100	1	18528	18529	18530	18531	18532	18533	18534	18535	18536	18537	18538	18539	18540	-1	-1	-1	-1	-1	-1	-1
49729	100	1	18528	18529	18530	18531	18532	18533	18534	18535	18536	18537	18538	18539	18540	-1	-1	-1	-1	-1	-1	-1
49730	100	1	18528	18529	18530	18531	18532	18533	18534	18535	18536	18537	18538	18539	18540	18549	-1	-1	-1	-1	-1	-1
49734	100	1	18528	18529	18530	18531	18532	18533	18534	18535	18536	18537	18538	18539	18540	-1	-1	-1	-1	-1	-1	-1
49735	100	1	18528	18529	18530	18531	18532	18533	18534	18535	18536	18537	18538	18539	18540	-1	-1	-1	-1	-1	-1	-1
49736	100	1	18528	18529	18530	18531	18532	18533	18534	18535	18536	18537	18538	18539	18540	-1	-1	-1	-1	-1	-1	-1
49737	100	1	18528	18529	18530	18531	18532	18533	18534	18535	18536	18537	18538	18539	18540	-1	-1	-1	-1	-1	-1	-1
49738	100	1	18528	18529	18530	18531	18532	18533	18534	18535	18536	18537	18538	18539	18540	-1	-1	-1	-1	-1	-1	-1
49739	100	1	18528	18529	18530	18531	18532	18533	18534	18535	18536	18537	18538	18539	18540	-1	-1	-1	-1	-1	-1	-1
49740	100	1	18528	18529	18530	18531	18532	18533	18534	18535	18536	18537	18538	18539	18540	-1	-1	-1	-1	-1	-1	-1
49741	100	1	18528	18529	18530	18531	18532	18533	18534	18535	18536	18537	18538	18539	18540	18550	-1	-1	-1	-1	-1	-1
55107	100	1	18435	18436	18437	-1	-1	-1	-1	-1	-1	-1	-1	-1	-1	-1	-1	-1	-1	-1	-1	-1
55108	100	1	18435	18436	18437	-1	-1	-1	-1	-1	-1	-1	-1	-1	-1	-1	-1	-1	-1	-1	-1	-1
55113	100	1	18435	18436	18437	-1	-1	-1	-1	-1	-1	-1	-1	-1	-1	-1	-1	-1	-1	-1	-1	-1
55114	100	1	18435	18436	18437	-1	-1	-1	-1	-1	-1	-1	-1	-1	-1	-1	-1	-1	-1	-1	-1	-1
55120	100	1	18435	18436	18437	-1	-1	-1	-1	-1	-1	-1	-1	-1	-1	-1	-1	-1	-1	-1	-1	-1
55121	100	1	18435	18436	18437	-1	-1	-1	-1	-1	-1	-1	-1	-1	-1	-1	-1	-1	-1	-1	-1	-1
55124	100	1	18435	18436	18437	-1	-1	-1	-1	-1	-1	-1	-1	-1	-1	-1	-1	-1	-1	-1	-1	-1
55125	100	1	18435	18436	18437	-1	-1	-1	-1	-1	-1	-1	-1	-1	-1	-1	-1	-1	-1	-1	-1	-1
55280	100	1	18438	18439	18440	18441	18442	18443	18444	18445	18446	18447	18448	18449	18450	-1	-1	-1	-1	-1	-1	-1
55281	100	1	18438	18439	18440	18441	18442	18443	18444	18445	18446	18447	18448	18449	18450	-1	-1	-1	-1	-1	-1	-1
55282	100	1	18438	18439	18440	18441	18442	18443	18444	18445	18446	18447	18448	18449	18450	-1	-1	-1	-1	-1	-1	-1
55283	100	1	18438	18439	18440	18441	18442	18443	18444	18445	18446	18447	18448	18449	18450	-1	-1	-1	-1	-1	-1	-1
55284	100	1	18438	18439	18440	18441	18442	18443	18444	18445	18446	18447	18448	18449	18450	-1	-1	-1	-1	-1	-1	-1
55285	100	1	18438	18439	18440	18441	18442	18443	18444	18445	18446	18447	18448	18449	18450	-1	-1	-1	-1	-1	-1	-1
55286	100	1	18438	18439	18440	18441	18442	18443	18444	18445	18446	18447	18448	18449	18450	-1	-1	-1	-1	-1	-1	-1
55287	100	1	18438	18439	18440	18441	18442	18443	18444	18445	18446	18447	18448	18449	18450	-1	-1	-1	-1	-1	-1	-1
55292	100	1	18438	18439	18440	18441	18442	18443	18444	18445	18446	18447	18448	18449	18450	-1	-1	-1	-1	-1	-1	-1
55293	100	1	18438	18439	18440	18441	18442	18443	18444	18445	18446	18447	18448	18449	18450	-1	-1	-1	-1	-1	-1	-1
55294	100	1	18438	18439	18440	18441	18442	18443	18444	18445	18446	18447	18448	18449	18450	-1	-1	-1	-1	-1	-1	-1
55295	100	1	18438	18439	18440	18441	18442	18443	18444	18445	18446	18447	18448	18449	18450	-1	-1	-1	-1	-1	-1	-1
55296	100	1	18438	18439	18440	18441	18442	18443	18444	18445	18446	18447	18448	18449	18450	-1	-1	-1	-1	-1	-1	-1
55297	100	1	18438	18439	18440	18441	18442	18443	18444	18445	18446	18447	18448	18449	18450	-1	-1	-1	-1	-1	-1	-1
55298	100	1	18438	18439	18440	18441	18442	18443	18444	18445	18446	18447	18448	18449	18450	-1	-1	-1	-1	-1	-1	-1
55299	100	1	18438	18439	18440	18441	18442	18443	18444	18445	18446	18447	18448	18449	18450	-1	-1	-1	-1	-1	-1	-1
55303	100	1	18438	18439	18440	18441	18442	18443	18444	18445	18446	18447	18448	18449	18450	-1	-1	-1	-1	-1	-1	-1
55304	100	1	18438	18439	18440	18441	18442	18443	18444	18445	18446	18447	18448	18449	18450	-1	-1	-1	-1	-1	-1	-1
55305	100	1	18438	18439	18440	18441	18442	18443	18444	18445	18446	18447	18448	18449	18450	-1	-1	-1	-1	-1	-1	-1
55306	100	1	18438	18439	18440	18441	18442	18443	18444	18445	18446	18447	18448	18449	18450	-1	-1	-1	-1	-1	-1	-1
55307	100	1	18438	18439	18440	18441	18442	18443	18444	18445	18446	18447	18448	18449	18450	-1	-1	-1	-1	-1	-1	-1
55308	100	1	18438	18439	18440	18441	18442	18443	18444	18445	18446	18447	18448	18449	18450	-1	-1	-1	-1	-1	-1	-1
55309	100	1	18438	18439	18440	18441	18442	18443	18444	18445	18446	18447	18448	18449	18450	-1	-1	-1	-1	-1	-1	-1
55310	100	1	18438	18439	18440	18441	18442	18443	18444	18445	18446	18447	18448	18449	18450	-1	-1	-1	-1	-1	-1	-1
55314	100	1	18438	18439	18440	18441	18442	18443	18444	18445	18446	18447	18448	18449	18450	-1	-1	-1	-1	-1	-1	-1
55315	100	1	18438	18439	18440	18441	18442	18443	18444	18445	18446	18447	18448	18449	18450	-1	-1	-1	-1	-1	-1	-1
55316	100	1	18438	18439	18440	18441	18442	18443	18444	18445	18446	18447	18448	18449	18450	-1	-1	-1	-1	-1	-1	-1
55317	100	1	18438	18439	18440	18441	18442	18443	18444	18445	18446	18447	18448	18449	18450	-1	-1	-1	-1	-1	-1	-1
55318	100	1	18438	18439	18440	18441	18442	18443	18444	18445	18446	18447	18448	18449	18450	-1	-1	-1	-1	-1	-1	-1
55319	100	1	18438	18439	18440	18441	18442	18443	18444	18445	18446	18447	18448	18449	18450	-1	-1	-1	-1	-1	-1	-1
55320	100	1	18438	18439	18440	18441	18442	18443	18444	18445	18446	18447	18448	18449	18450	-1	-1	-1	-1	-1	-1	-1
55321	100	1	18438	18439	18440	18441	18442	18443	18444	18445	18446	18447	18448	18449	18450	-1	-1	-1	-1	-1	-1	-1
55325	100	1	18438	18439	18440	18441	18442	18443	18444	18445	18446	18447	18448	18449	18450	-1	-1	-1	-1	-1	-1	-1
55326	100	1	18438	18439	18440	18441	18442	18443	18444	18445	18446	18447	18448	18449	18450	-1	-1	-1	-1	-1	-1	-1
55327	100	1	18438	18439	18440	18441	18442	18443	18444	18445	18446	18447	18448	18449	18450	-1	-1	-1	-1	-1	-1	-1
55328	100	1	18438	18439	18440	18441	18442	18443	18444	18445	18446	18447	18448	18449	18450	-1	-1	-1	-1	-1	-1	-1
55329	100	1	18438	18439	18440	18441	18442	18443	18444	18445	18446	18447	18448	18449	18450	-1	-1	-1	-1	-1	-1	-1
55330	100	1	18438	18439	18440	18441	18442	18443	18444	18445	18446	18447	18448	18449	18450	-1	-1	-1	-1	-1	-1	-1
55331	100	1	18438	18439	18440	18441	18442	18443	18444	18445	18446	18447	18448	18449	18450	-1	-1	-1	-1	-1	-1	-1
55332	100	1	18438	18439	18440	18441	18442	18443	18444	18445	18446	18447	18448	18449	18450	-1	-1	-1	-1	-1	-1	-1
55336	100	1	18438	18439	18440	18441	18442	18443	18444	18445	18446	18447	18448	18449	18450	-1	-1	-1	-1	-1	-1	-1
55337	100	1	18438	18439	18440	18441	18442	18443	18444	18445	18446	18447	18448	18449	18450	-1	-1	-1	-1	-1	-1	-1
55338	100	1	18438	18439	18440	18441	18442	18443	18444	18445	18446	18447	18448	18449	18450	-1	-1	-1	-1	-1	-1	-1
55339	100	1	18438	18439	18440	18441	18442	18443	18444	18445	18446	18447	18448	18449	18450	-1	-1	-1	-1	-1	-1	-1
55340	100	1	18438	18439	18440	18441	18442	18443	18444	18445	18446	18447	18448	18449	18450	-1	-1	-1	-1	-1	-1	-1
55341	100	1	18438	18439	18440	18441	18442	18443	18444	18445	18446	18447	18448	18449	18450	-1	-1	-1	-1	-1	-1	-1
55342	100	1	18438	18439	18440	18441	18442	18443	18444	18445	18446	18447	18448	18449	18450	-1	-1	-1	-1	-1	-1	-1
55343	100	1	18438	18439	18440	18441	18442	18443	18444	18445	18446	18447	18448	18449	18450	-1	-1	-1	-1	-1	-1	-1
55347	100	1	18438	18439	18440	18441	18442	18443	18444	18445	18446	18447	18448	18449	18450	-1	-1	-1	-1	-1	-1	-1
55348	100	1	18438	18439	18440	18441	18442	18443	18444	18445	18446	18447	18448	18449	18450	-1	-1	-1	-1	-1	-1	-1
55349	100	1	18438	18439	18440	18441	18442	18443	18444	18445	18446	18447	18448	18449	18450	-1	-1	-1	-1	-1	-1	-1
55350	100	1	18438	18439	18440	18441	18442	18443	18444	18445	18446	18447	18448	18449	18450	-1	-1	-1	-1	-1	-1	-1
55351	100	1	18438	18439	18440	18441	18442	18443	18444	18445	18446	18447	18448	18449	18450	-1	-1	-1	-1	-1	-1	-1
55352	100	1	18438	18439	18440	18441	18442	18443	18444	18445	18446	18447	18448	18449	18450	-1	-1	-1	-1	-1	-1	-1
55353	100	1	18438	18439	18440	18441	18442	18443	18444	18445	18446	18447	18448	18449	18450	-1	-1	-1	-1	-1	-1	-1
55354	100	1	18438	18439	18440	18441	18442	18443	18444	18445	18446	18447	18448	18449	18450	-1	-1	-1	-1	-1	-1	-1
55452	100	1	18451	18452	-1	-1	-1	-1	-1	-1	-1	-1	-1	-1	-1	-1	-1	-1	-1	-1	-1	-1
55453	100	1	18453	18454	-1	-1	-1	-1	-1	-1	-1	-1	-1	-1	-1	-1	-1	-1	-1	-1	-1	-1
55454	100	1	18455	18456	-1	-1	-1	-1	-1	-1	-1	-1	-1	-1	-1	-1	-1	-1	-1	-1	-1	-1
55455	100	1	18457	18458	-1	-1	-1	-1	-1	-1	-1	-1	-1	-1	-1	-1	-1	-1	-1	-1	-1	-1
55456	100	1	18459	18460	-1	-1	-1	-1	-1	-1	-1	-1	-1	-1	-1	-1	-1	-1	-1	-1	-1	-1
